"","IGFNS1_aligned.bam"
"ENSRNOG00000066169",0
"ENSRNOG00000070168",0
"ENSRNOG00000070901",1089
"ENSRNOG00000018029",5
"ENSRNOG00000031391",0
"ENSRNOG00000055342",0
"ENSRNOG00000068698",103
"ENSRNOG00000067904",0
"ENSRNOG00000063979",0
"ENSRNOG00000064851",4
"ENSRNOG00000063562",0
"ENSRNOG00000050129",0
"ENSRNOG00000056886",0
"ENSRNOG00000032625",161
"ENSRNOG00000029315",93
"ENSRNOG00000016356",2187
"ENSRNOG00000028288",0
"ENSRNOG00000015810",60
"ENSRNOG00000017538",95
"ENSRNOG00000027204",1493
"ENSRNOG00000058651",0
"ENSRNOG00000070886",885
"ENSRNOG00000056005",0
"ENSRNOG00000035453",1
"ENSRNOG00000063396",0
"ENSRNOG00000068709",0
"ENSRNOG00000069410",0
"ENSRNOG00000014903",216
"ENSRNOG00000055477",0
"ENSRNOG00000066157",0
"ENSRNOG00000059537",0
"ENSRNOG00000064304",0
"ENSRNOG00000035530",0
"ENSRNOG00000021051",1407
"ENSRNOG00000069804",0
"ENSRNOG00000055569",1
"ENSRNOG00000011160",1
"ENSRNOG00000063599",0
"ENSRNOG00000017748",1
"ENSRNOG00000067237",0
"ENSRNOG00000065307",0
"ENSRNOG00000016227",2690
"ENSRNOG00000070826",1
"ENSRNOG00000013395",120
"ENSRNOG00000016906",181
"ENSRNOG00000066860",0
"ENSRNOG00000069365",12
"ENSRNOG00000062499",0
"ENSRNOG00000067821",0
"ENSRNOG00000070448",0
"ENSRNOG00000063062",52
"ENSRNOG00000036303",0
"ENSRNOG00000067171",19
"ENSRNOG00000065290",0
"ENSRNOG00000055366",0
"ENSRNOG00000052293",0
"ENSRNOG00000027582",0
"ENSRNOG00000070096",0
"ENSRNOG00000064522",0
"ENSRNOG00000035532",0
"ENSRNOG00000009830",68
"ENSRNOG00000066257",0
"ENSRNOG00000012742",45
"ENSRNOG00000063184",0
"ENSRNOG00000069837",0
"ENSRNOG00000069135",8
"ENSRNOG00000064137",21
"ENSRNOG00000071210",0
"ENSRNOG00000067491",0
"ENSRNOG00000064435",0
"ENSRNOG00000065990",0
"ENSRNOG00000065939",0
"ENSRNOG00000013767",82
"ENSRNOG00000063387",0
"ENSRNOG00000052521",0
"ENSRNOG00000067619",19
"ENSRNOG00000062791",0
"ENSRNOG00000032699",28
"ENSRNOG00000035616",0
"ENSRNOG00000069698",0
"ENSRNOG00000063324",0
"ENSRNOG00000058041",1
"ENSRNOG00000063227",0
"ENSRNOG00000018408",518
"ENSRNOG00000064960",0
"ENSRNOG00000030782",0
"ENSRNOG00000016421",0
"ENSRNOG00000058299",0
"ENSRNOG00000018334",438
"ENSRNOG00000070685",1
"ENSRNOG00000060004",0
"ENSRNOG00000069399",0
"ENSRNOG00000067907",182
"ENSRNOG00000014726",3
"ENSRNOG00000063196",0
"ENSRNOG00000060273",0
"ENSRNOG00000070216",0
"ENSRNOG00000051969",0
"ENSRNOG00000023407",1479
"ENSRNOG00000035654",0
"ENSRNOG00000061890",0
"ENSRNOG00000010529",899
"ENSRNOG00000012684",370
"ENSRNOG00000069040",0
"ENSRNOG00000014258",1377
"ENSRNOG00000010918",130
"ENSRNOG00000066483",0
"ENSRNOG00000051780",44
"ENSRNOG00000067027",3655
"ENSRNOG00000035560",0
"ENSRNOG00000019416",450
"ENSRNOG00000017366",0
"ENSRNOG00000053012",0
"ENSRNOG00000059864",0
"ENSRNOG00000053838",0
"ENSRNOG00000068567",0
"ENSRNOG00000063945",0
"ENSRNOG00000066101",9
"ENSRNOG00000057261",0
"ENSRNOG00000070161",0
"ENSRNOG00000065242",1
"ENSRNOG00000063217",0
"ENSRNOG00000036631",2
"ENSRNOG00000066494",0
"ENSRNOG00000016659",1
"ENSRNOG00000059820",2
"ENSRNOG00000049846",0
"ENSRNOG00000014946",771
"ENSRNOG00000070965",0
"ENSRNOG00000065570",0
"ENSRNOG00000069390",0
"ENSRNOG00000020318",250
"ENSRNOG00000047406",0
"ENSRNOG00000070104",26
"ENSRNOG00000050445",2619
"ENSRNOG00000069614",0
"ENSRNOG00000069896",3
"ENSRNOG00000035565",0
"ENSRNOG00000031110",0
"ENSRNOG00000058224",0
"ENSRNOG00000067930",1
"ENSRNOG00000016597",47
"ENSRNOG00000064367",0
"ENSRNOG00000064092",0
"ENSRNOG00000067132",0
"ENSRNOG00000068454",0
"ENSRNOG00000018953",0
"ENSRNOG00000069628",9
"ENSRNOG00000062564",103
"ENSRNOG00000065292",1
"ENSRNOG00000018940",4
"ENSRNOG00000068976",14
"ENSRNOG00000013945",224
"ENSRNOG00000068368",0
"ENSRNOG00000070203",0
"ENSRNOG00000065397",3
"ENSRNOG00000040447",0
"ENSRNOG00000033706",0
"ENSRNOG00000031947",5134
"ENSRNOG00000016565",427
"ENSRNOG00000066104",0
"ENSRNOG00000066508",2
"ENSRNOG00000061455",0
"ENSRNOG00000019138",501
"ENSRNOG00000015424",0
"ENSRNOG00000013198",0
"ENSRNOG00000056351",0
"ENSRNOG00000065052",0
"ENSRNOG00000035572",0
"ENSRNOG00000069359",0
"ENSRNOG00000069866",0
"ENSRNOG00000068014",7
"ENSRNOG00000065728",0
"ENSRNOG00000065649",111
"ENSRNOG00000066961",5
"ENSRNOG00000068275",0
"ENSRNOG00000053559",0
"ENSRNOG00000035553",0
"ENSRNOG00000056667",0
"ENSRNOG00000064785",0
"ENSRNOG00000050663",0
"ENSRNOG00000064423",1
"ENSRNOG00000063455",0
"ENSRNOG00000016574",780
"ENSRNOG00000055971",2
"ENSRNOG00000068157",0
"ENSRNOG00000032137",0
"ENSRNOG00000050364",0
"ENSRNOG00000060473",4
"ENSRNOG00000068108",0
"ENSRNOG00000055608",12
"ENSRNOG00000064687",0
"ENSRNOG00000048436",0
"ENSRNOG00000013641",188
"ENSRNOG00000020347",3767
"ENSRNOG00000065259",5
"ENSRNOG00000035588",0
"ENSRNOG00000053464",0
"ENSRNOG00000016837",9
"ENSRNOG00000069139",0
"ENSRNOG00000068222",1
"ENSRNOG00000025953",0
"ENSRNOG00000066571",0
"ENSRNOG00000068350",2
"ENSRNOG00000061525",0
"ENSRNOG00000046704",0
"ENSRNOG00000034083",0
"ENSRNOG00000057516",0
"ENSRNOG00000053512",0
"ENSRNOG00000016608",376
"ENSRNOG00000027112",0
"ENSRNOG00000069192",0
"ENSRNOG00000012730",982
"ENSRNOG00000068539",9
"ENSRNOG00000052937",0
"ENSRNOG00000018117",768
"ENSRNOG00000049017",0
"ENSRNOG00000051561",0
"ENSRNOG00000067136",0
"ENSRNOG00000063952",0
"ENSRNOG00000068720",0
"ENSRNOG00000016362",0
"ENSRNOG00000056231",0
"ENSRNOG00000063054",0
"ENSRNOG00000013671",0
"ENSRNOG00000017307",1235
"ENSRNOG00000065133",0
"ENSRNOG00000066105",0
"ENSRNOG00000064098",0
"ENSRNOG00000035580",0
"ENSRNOG00000056252",0
"ENSRNOG00000067915",1
"ENSRNOG00000015649",0
"ENSRNOG00000054785",0
"ENSRNOG00000020942",121
"ENSRNOG00000069629",0
"ENSRNOG00000065481",0
"ENSRNOG00000032600",0
"ENSRNOG00000067951",0
"ENSRNOG00000067817",2
"ENSRNOG00000017749",0
"ENSRNOG00000061288",0
"ENSRNOG00000017079",230
"ENSRNOG00000017795",284
"ENSRNOG00000061338",0
"ENSRNOG00000065787",0
"ENSRNOG00000068787",0
"ENSRNOG00000015657",0
"ENSRNOG00000064243",0
"ENSRNOG00000052607",1
"ENSRNOG00000052788",0
"ENSRNOG00000063641",0
"ENSRNOG00000046320",0
"ENSRNOG00000042133",0
"ENSRNOG00000031648",0
"ENSRNOG00000064592",0
"ENSRNOG00000069350",0
"ENSRNOG00000054005",0
"ENSRNOG00000069982",0
"ENSRNOG00000052319",23
"ENSRNOG00000035639",0
"ENSRNOG00000027542",1
"ENSRNOG00000067371",0
"ENSRNOG00000065457",3
"ENSRNOG00000009748",0
"ENSRNOG00000037333",0
"ENSRNOG00000063106",0
"ENSRNOG00000061755",0
"ENSRNOG00000064493",1
"ENSRNOG00000021478",93
"ENSRNOG00000017330",8
"ENSRNOG00000062409",0
"ENSRNOG00000065302",0
"ENSRNOG00000018090",921
"ENSRNOG00000069157",31
"ENSRNOG00000068228",0
"ENSRNOG00000069767",0
"ENSRNOG00000070519",78
"ENSRNOG00000067269",0
"ENSRNOG00000057952",25
"ENSRNOG00000059329",0
"ENSRNOG00000015230",533
"ENSRNOG00000017069",427
"ENSRNOG00000021013",513
"ENSRNOG00000066830",0
"ENSRNOG00000033009",0
"ENSRNOG00000065333",0
"ENSRNOG00000067419",0
"ENSRNOG00000061678",1
"ENSRNOG00000059948",0
"ENSRNOG00000018677",2376
"ENSRNOG00000057111",0
"ENSRNOG00000069344",0
"ENSRNOG00000070554",39
"ENSRNOG00000054517",0
"ENSRNOG00000063145",0
"ENSRNOG00000069038",0
"ENSRNOG00000056439",0
"ENSRNOG00000069280",0
"ENSRNOG00000066733",0
"ENSRNOG00000064096",0
"ENSRNOG00000019207",24
"ENSRNOG00000018394",1
"ENSRNOG00000015760",0
"ENSRNOG00000070234",102
"ENSRNOG00000053284",0
"ENSRNOG00000068834",0
"ENSRNOG00000030326",0
"ENSRNOG00000063681",0
"ENSRNOG00000065437",0
"ENSRNOG00000063629",104
"ENSRNOG00000049574",0
"ENSRNOG00000016714",2
"ENSRNOG00000052956",0
"ENSRNOG00000070270",1
"ENSRNOG00000068102",0
"ENSRNOG00000035648",0
"ENSRNOG00000067645",11
"ENSRNOG00000062789",0
"ENSRNOG00000015764",0
"ENSRNOG00000067256",0
"ENSRNOG00000015734",1003
"ENSRNOG00000067158",0
"ENSRNOG00000056404",0
"ENSRNOG00000063252",0
"ENSRNOG00000066619",0
"ENSRNOG00000052832",0
"ENSRNOG00000056469",0
"ENSRNOG00000068800",277
"ENSRNOG00000066170",0
"ENSRNOG00000066949",0
"ENSRNOG00000062681",21
"ENSRNOG00000067889",0
"ENSRNOG00000066931",0
"ENSRNOG00000066273",0
"ENSRNOG00000066991",0
"ENSRNOG00000069276",659
"ENSRNOG00000059393",0
"ENSRNOG00000015769",0
"ENSRNOG00000013711",0
"ENSRNOG00000062961",0
"ENSRNOG00000069666",0
"ENSRNOG00000056619",0
"ENSRNOG00000054452",3
"ENSRNOG00000051537",0
"ENSRNOG00000064145",87
"ENSRNOG00000057094",0
"ENSRNOG00000068142",0
"ENSRNOG00000055112",0
"ENSRNOG00000062973",0
"ENSRNOG00000062771",0
"ENSRNOG00000027808",0
"ENSRNOG00000033200",0
"ENSRNOG00000060056",0
"ENSRNOG00000055997",0
"ENSRNOG00000070611",0
"ENSRNOG00000069419",0
"ENSRNOG00000063442",0
"ENSRNOG00000069337",0
"ENSRNOG00000049772",487
"ENSRNOG00000053859",651
"ENSRNOG00000066647",1338
"ENSRNOG00000054388",0
"ENSRNOG00000066887",5
"ENSRNOG00000053929",0
"ENSRNOG00000030275",0
"ENSRNOG00000018915",0
"ENSRNOG00000051409",0
"ENSRNOG00000020358",3360
"ENSRNOG00000068758",0
"ENSRNOG00000063955",0
"ENSRNOG00000066355",1
"ENSRNOG00000066028",0
"ENSRNOG00000064903",0
"ENSRNOG00000065819",0
"ENSRNOG00000054102",0
"ENSRNOG00000058869",1
"ENSRNOG00000064667",5
"ENSRNOG00000053502",3865
"ENSRNOG00000065888",0
"ENSRNOG00000021442",512
"ENSRNOG00000064160",0
"ENSRNOG00000015785",0
"ENSRNOG00000068866",0
"ENSRNOG00000066023",158
"ENSRNOG00000014278",403
"ENSRNOG00000049605",38
"ENSRNOG00000024016",0
"ENSRNOG00000055316",1
"ENSRNOG00000063802",0
"ENSRNOG00000057140",0
"ENSRNOG00000022921",1
"ENSRNOG00000054856",0
"ENSRNOG00000037360",22
"ENSRNOG00000015902",15
"ENSRNOG00000065017",1
"ENSRNOG00000020624",2771
"ENSRNOG00000060363",0
"ENSRNOG00000065994",0
"ENSRNOG00000058025",0
"ENSRNOG00000013981",0
"ENSRNOG00000065346",0
"ENSRNOG00000021290",0
"ENSRNOG00000062884",0
"ENSRNOG00000019942",0
"ENSRNOG00000021912",0
"ENSRNOG00000059083",1
"ENSRNOG00000059239",0
"ENSRNOG00000030818",181
"ENSRNOG00000065632",0
"ENSRNOG00000070760",2
"ENSRNOG00000062307",0
"ENSRNOG00000071202",0
"ENSRNOG00000068808",0
"ENSRNOG00000056693",0
"ENSRNOG00000055223",0
"ENSRNOG00000064515",183
"ENSRNOG00000017930",701
"ENSRNOG00000043280",0
"ENSRNOG00000065092",1
"ENSRNOG00000060826",0
"ENSRNOG00000066535",0
"ENSRNOG00000068810",0
"ENSRNOG00000070274",0
"ENSRNOG00000063371",598
"ENSRNOG00000060965",0
"ENSRNOG00000052241",0
"ENSRNOG00000068809",333
"ENSRNOG00000058946",0
"ENSRNOG00000019869",52
"ENSRNOG00000062374",10
"ENSRNOG00000068664",0
"ENSRNOG00000063801",0
"ENSRNOG00000067318",105
"ENSRNOG00000013208",0
"ENSRNOG00000059321",5
"ENSRNOG00000052179",0
"ENSRNOG00000050189",0
"ENSRNOG00000067212",1
"ENSRNOG00000055161",3
"ENSRNOG00000065356",2
"ENSRNOG00000023411",320
"ENSRNOG00000046005",32626
"ENSRNOG00000054718",0
"ENSRNOG00000018686",3918
"ENSRNOG00000063261",178
"ENSRNOG00000068139",0
"ENSRNOG00000066980",0
"ENSRNOG00000070788",0
"ENSRNOG00000066529",4
"ENSRNOG00000058906",11
"ENSRNOG00000066097",0
"ENSRNOG00000069563",29
"ENSRNOG00000062703",6
"ENSRNOG00000070309",31
"ENSRNOG00000048810",0
"ENSRNOG00000053089",23
"ENSRNOG00000057890",0
"ENSRNOG00000052503",0
"ENSRNOG00000017408",371
"ENSRNOG00000037393",0
"ENSRNOG00000021794",293
"ENSRNOG00000069938",5
"ENSRNOG00000070568",0
"ENSRNOG00000013949",4750
"ENSRNOG00000064463",4
"ENSRNOG00000067383",0
"ENSRNOG00000052712",0
"ENSRNOG00000065858",13
"ENSRNOG00000016103",251
"ENSRNOG00000034012",0
"ENSRNOG00000070335",0
"ENSRNOG00000065589",0
"ENSRNOG00000068668",0
"ENSRNOG00000033164",0
"ENSRNOG00000036811",0
"ENSRNOG00000055001",10
"ENSRNOG00000067782",0
"ENSRNOG00000020643",1802
"ENSRNOG00000018217",6
"ENSRNOG00000064778",0
"ENSRNOG00000058615",4
"ENSRNOG00000065642",0
"ENSRNOG00000070200",0
"ENSRNOG00000057923",0
"ENSRNOG00000058790",1002
"ENSRNOG00000069125",0
"ENSRNOG00000063149",0
"ENSRNOG00000064646",0
"ENSRNOG00000020371",337
"ENSRNOG00000064021",0
"ENSRNOG00000061803",0
"ENSRNOG00000064115",0
"ENSRNOG00000014996",356
"ENSRNOG00000067296",435
"ENSRNOG00000064765",0
"ENSRNOG00000018742",0
"ENSRNOG00000067148",0
"ENSRNOG00000058967",0
"ENSRNOG00000017914",5449
"ENSRNOG00000071136",0
"ENSRNOG00000061806",0
"ENSRNOG00000014705",396
"ENSRNOG00000016993",0
"ENSRNOG00000055479",0
"ENSRNOG00000029732",1
"ENSRNOG00000063130",0
"ENSRNOG00000057436",0
"ENSRNOG00000070027",1325
"ENSRNOG00000016812",2
"ENSRNOG00000009932",0
"ENSRNOG00000035046",0
"ENSRNOG00000071197",0
"ENSRNOG00000022353",0
"ENSRNOG00000026440",0
"ENSRNOG00000067997",1
"ENSRNOG00000067291",0
"ENSRNOG00000036807",0
"ENSRNOG00000020865",1585
"ENSRNOG00000065706",1
"ENSRNOG00000058965",0
"ENSRNOG00000069287",0
"ENSRNOG00000020714",215
"ENSRNOG00000015825",653
"ENSRNOG00000062901",1
"ENSRNOG00000070787",0
"ENSRNOG00000058927",0
"ENSRNOG00000031086",1
"ENSRNOG00000057950",0
"ENSRNOG00000067561",0
"ENSRNOG00000017016",0
"ENSRNOG00000070889",0
"ENSRNOG00000064500",17
"ENSRNOG00000070820",0
"ENSRNOG00000014840",81
"ENSRNOG00000064970",16
"ENSRNOG00000058110",0
"ENSRNOG00000057480",0
"ENSRNOG00000059637",0
"ENSRNOG00000025060",11
"ENSRNOG00000063721",1
"ENSRNOG00000030127",158
"ENSRNOG00000069682",0
"ENSRNOG00000066099",98
"ENSRNOG00000027098",1
"ENSRNOG00000017138",0
"ENSRNOG00000058367",0
"ENSRNOG00000067414",1
"ENSRNOG00000017311",24
"ENSRNOG00000020131",0
"ENSRNOG00000066800",0
"ENSRNOG00000019270",142
"ENSRNOG00000066986",263
"ENSRNOG00000018762",159
"ENSRNOG00000057414",0
"ENSRNOG00000069528",31
"ENSRNOG00000067989",0
"ENSRNOG00000015956",252
"ENSRNOG00000018019",25
"ENSRNOG00000046036",373
"ENSRNOG00000051903",0
"ENSRNOG00000018541",0
"ENSRNOG00000070487",0
"ENSRNOG00000065449",2
"ENSRNOG00000015268",0
"ENSRNOG00000069855",0
"ENSRNOG00000065828",0
"ENSRNOG00000063461",9
"ENSRNOG00000064593",0
"ENSRNOG00000069644",0
"ENSRNOG00000064985",0
"ENSRNOG00000016372",1036
"ENSRNOG00000067872",0
"ENSRNOG00000057858",15
"ENSRNOG00000063677",0
"ENSRNOG00000064099",0
"ENSRNOG00000060031",4
"ENSRNOG00000017143",0
"ENSRNOG00000058913",0
"ENSRNOG00000055560",1
"ENSRNOG00000058451",0
"ENSRNOG00000065835",28
"ENSRNOG00000063775",0
"ENSRNOG00000049759",0
"ENSRNOG00000070824",0
"ENSRNOG00000064277",0
"ENSRNOG00000068327",702
"ENSRNOG00000019812",1217
"ENSRNOG00000013448",0
"ENSRNOG00000070842",20
"ENSRNOG00000050486",0
"ENSRNOG00000060311",2
"ENSRNOG00000064747",0
"ENSRNOG00000025940",4078
"ENSRNOG00000057115",0
"ENSRNOG00000059590",0
"ENSRNOG00000070257",32
"ENSRNOG00000053764",0
"ENSRNOG00000062436",0
"ENSRNOG00000062663",0
"ENSRNOG00000020393",1902
"ENSRNOG00000067076",26
"ENSRNOG00000060156",4
"ENSRNOG00000052300",9
"ENSRNOG00000063644",0
"ENSRNOG00000064992",1
"ENSRNOG00000066765",0
"ENSRNOG00000014969",785
"ENSRNOG00000054315",1
"ENSRNOG00000053158",0
"ENSRNOG00000010840",1311
"ENSRNOG00000070884",6
"ENSRNOG00000068967",0
"ENSRNOG00000065947",0
"ENSRNOG00000042927",0
"ENSRNOG00000067278",813
"ENSRNOG00000010308",3565
"ENSRNOG00000066280",0
"ENSRNOG00000064771",0
"ENSRNOG00000017277",119
"ENSRNOG00000046395",1
"ENSRNOG00000069063",0
"ENSRNOG00000061138",4
"ENSRNOG00000013426",699
"ENSRNOG00000017851",96
"ENSRNOG00000042465",0
"ENSRNOG00000062533",0
"ENSRNOG00000066205",3
"ENSRNOG00000068788",4
"ENSRNOG00000056942",12
"ENSRNOG00000065112",447
"ENSRNOG00000059323",1
"ENSRNOG00000068353",2
"ENSRNOG00000062431",0
"ENSRNOG00000065285",6
"ENSRNOG00000015058",0
"ENSRNOG00000061556",2
"ENSRNOG00000011439",419
"ENSRNOG00000017635",1972
"ENSRNOG00000056397",9
"ENSRNOG00000055386",0
"ENSRNOG00000038625",1
"ENSRNOG00000068081",288
"ENSRNOG00000065098",715
"ENSRNOG00000029394",69
"ENSRNOG00000065322",0
"ENSRNOG00000060079",1
"ENSRNOG00000017884",152
"ENSRNOG00000060321",0
"ENSRNOG00000067323",0
"ENSRNOG00000068609",0
"ENSRNOG00000069170",5
"ENSRNOG00000066570",0
"ENSRNOG00000064417",112
"ENSRNOG00000021082",7942
"ENSRNOG00000058132",0
"ENSRNOG00000053593",0
"ENSRNOG00000068507",0
"ENSRNOG00000063065",0
"ENSRNOG00000066269",114
"ENSRNOG00000020197",1652
"ENSRNOG00000069291",0
"ENSRNOG00000016687",2842
"ENSRNOG00000059273",0
"ENSRNOG00000059984",31
"ENSRNOG00000067834",0
"ENSRNOG00000053279",1
"ENSRNOG00000055124",2
"ENSRNOG00000022729",0
"ENSRNOG00000020363",2185
"ENSRNOG00000066299",3
"ENSRNOG00000056238",0
"ENSRNOG00000020871",2692
"ENSRNOG00000066283",0
"ENSRNOG00000033843",5331
"ENSRNOG00000029978",0
"ENSRNOG00000021151",524
"ENSRNOG00000053533",2
"ENSRNOG00000064808",0
"ENSRNOG00000017054",20
"ENSRNOG00000047429",0
"ENSRNOG00000018310",17
"ENSRNOG00000030404",16
"ENSRNOG00000052756",0
"ENSRNOG00000054533",15
"ENSRNOG00000069636",50
"ENSRNOG00000070724",1
"ENSRNOG00000021093",10
"ENSRNOG00000067564",538
"ENSRNOG00000069368",1
"ENSRNOG00000014004",468
"ENSRNOG00000047816",271
"ENSRNOG00000018433",253
"ENSRNOG00000032984",0
"ENSRNOG00000059173",0
"ENSRNOG00000063050",11
"ENSRNOG00000064276",0
"ENSRNOG00000055133",0
"ENSRNOG00000058564",0
"ENSRNOG00000055351",0
"ENSRNOG00000069212",0
"ENSRNOG00000063757",5
"ENSRNOG00000020925",1092
"ENSRNOG00000068292",1
"ENSRNOG00000014327",0
"ENSRNOG00000046339",0
"ENSRNOG00000025163",0
"ENSRNOG00000063321",0
"ENSRNOG00000066499",7
"ENSRNOG00000060653",0
"ENSRNOG00000064594",5
"ENSRNOG00000063410",0
"ENSRNOG00000070917",134
"ENSRNOG00000055259",87
"ENSRNOG00000071167",4
"ENSRNOG00000055350",0
"ENSRNOG00000056883",0
"ENSRNOG00000062807",0
"ENSRNOG00000064168",0
"ENSRNOG00000043313",0
"ENSRNOG00000054059",0
"ENSRNOG00000069104",0
"ENSRNOG00000059438",0
"ENSRNOG00000051968",0
"ENSRNOG00000067201",0
"ENSRNOG00000062620",0
"ENSRNOG00000063405",0
"ENSRNOG00000012140",489
"ENSRNOG00000067084",0
"ENSRNOG00000014828",1254
"ENSRNOG00000065933",0
"ENSRNOG00000069668",0
"ENSRNOG00000020497",715
"ENSRNOG00000070030",28
"ENSRNOG00000063751",0
"ENSRNOG00000028982",0
"ENSRNOG00000024630",0
"ENSRNOG00000025154",1386
"ENSRNOG00000014448",649
"ENSRNOG00000061255",0
"ENSRNOG00000058387",0
"ENSRNOG00000064171",0
"ENSRNOG00000071133",0
"ENSRNOG00000067993",0
"ENSRNOG00000057415",0
"ENSRNOG00000014266",0
"ENSRNOG00000055387",2
"ENSRNOG00000059739",0
"ENSRNOG00000066060",0
"ENSRNOG00000070360",0
"ENSRNOG00000067359",0
"ENSRNOG00000015753",1355
"ENSRNOG00000067461",15692
"ENSRNOG00000067992",0
"ENSRNOG00000052577",0
"ENSRNOG00000043392",0
"ENSRNOG00000053785",3
"ENSRNOG00000028781",0
"ENSRNOG00000053931",0
"ENSRNOG00000064547",0
"ENSRNOG00000070838",4
"ENSRNOG00000037156",0
"ENSRNOG00000046966",0
"ENSRNOG00000066001",0
"ENSRNOG00000056494",2
"ENSRNOG00000068067",0
"ENSRNOG00000054921",0
"ENSRNOG00000064885",60
"ENSRNOG00000054561",395
"ENSRNOG00000040387",0
"ENSRNOG00000052568",0
"ENSRNOG00000070839",11
"ENSRNOG00000065383",10
"ENSRNOG00000017351",0
"ENSRNOG00000070319",1
"ENSRNOG00000065720",0
"ENSRNOG00000011306",0
"ENSRNOG00000063169",19
"ENSRNOG00000069489",128
"ENSRNOG00000019491",374
"ENSRNOG00000051974",0
"ENSRNOG00000067353",0
"ENSRNOG00000019626",2
"ENSRNOG00000064994",66
"ENSRNOG00000031381",963
"ENSRNOG00000070650",0
"ENSRNOG00000021153",308
"ENSRNOG00000063499",0
"ENSRNOG00000068216",0
"ENSRNOG00000036246",0
"ENSRNOG00000055625",0
"ENSRNOG00000023081",0
"ENSRNOG00000065572",0
"ENSRNOG00000053871",0
"ENSRNOG00000037137",58
"ENSRNOG00000014380",341
"ENSRNOG00000031224",0
"ENSRNOG00000035472",0
"ENSRNOG00000061593",0
"ENSRNOG00000056864",0
"ENSRNOG00000065938",0
"ENSRNOG00000017150",261
"ENSRNOG00000069774",0
"ENSRNOG00000057453",0
"ENSRNOG00000070032",0
"ENSRNOG00000015168",0
"ENSRNOG00000063014",77
"ENSRNOG00000022308",0
"ENSRNOG00000069196",0
"ENSRNOG00000020517",19
"ENSRNOG00000062805",0
"ENSRNOG00000057697",8
"ENSRNOG00000040448",0
"ENSRNOG00000060169",0
"ENSRNOG00000015717",123
"ENSRNOG00000015914",2040
"ENSRNOG00000068371",1
"ENSRNOG00000019141",4
"ENSRNOG00000035477",0
"ENSRNOG00000070492",0
"ENSRNOG00000067799",210
"ENSRNOG00000065673",0
"ENSRNOG00000049297",1
"ENSRNOG00000062842",0
"ENSRNOG00000016964",0
"ENSRNOG00000062738",0
"ENSRNOG00000040350",0
"ENSRNOG00000019582",572
"ENSRNOG00000055924",0
"ENSRNOG00000060840",0
"ENSRNOG00000019440",0
"ENSRNOG00000053539",0
"ENSRNOG00000064213",0
"ENSRNOG00000065361",9
"ENSRNOG00000060727",0
"ENSRNOG00000051483",0
"ENSRNOG00000036711",1
"ENSRNOG00000013149",331
"ENSRNOG00000036588",23
"ENSRNOG00000016979",0
"ENSRNOG00000019660",0
"ENSRNOG00000069238",1
"ENSRNOG00000057399",0
"ENSRNOG00000059980",0
"ENSRNOG00000067431",25
"ENSRNOG00000018048",683
"ENSRNOG00000062528",1
"ENSRNOG00000066334",0
"ENSRNOG00000010224",448
"ENSRNOG00000035506",0
"ENSRNOG00000067877",0
"ENSRNOG00000061439",0
"ENSRNOG00000051496",2
"ENSRNOG00000048582",0
"ENSRNOG00000066659",5
"ENSRNOG00000063596",55
"ENSRNOG00000068107",0
"ENSRNOG00000064996",0
"ENSRNOG00000064379",0
"ENSRNOG00000029043",662
"ENSRNOG00000017095",288
"ENSRNOG00000063176",0
"ENSRNOG00000067938",2
"ENSRNOG00000068714",0
"ENSRNOG00000067440",0
"ENSRNOG00000065650",0
"ENSRNOG00000061383",0
"ENSRNOG00000069476",0
"ENSRNOG00000018421",136
"ENSRNOG00000063080",0
"ENSRNOG00000019681",109
"ENSRNOG00000068965",0
"ENSRNOG00000035601",0
"ENSRNOG00000054609",6
"ENSRNOG00000064548",5
"ENSRNOG00000065353",0
"ENSRNOG00000070419",1
"ENSRNOG00000020202",257
"ENSRNOG00000017613",1262
"ENSRNOG00000054831",0
"ENSRNOG00000064633",0
"ENSRNOG00000055519",69
"ENSRNOG00000065513",0
"ENSRNOG00000067923",1
"ENSRNOG00000066038",0
"ENSRNOG00000070260",0
"ENSRNOG00000011234",94
"ENSRNOG00000042706",1
"ENSRNOG00000059930",0
"ENSRNOG00000015997",218
"ENSRNOG00000066146",1
"ENSRNOG00000064983",74
"ENSRNOG00000015773",0
"ENSRNOG00000055020",42
"ENSRNOG00000062071",72
"ENSRNOG00000069729",12
"ENSRNOG00000068544",0
"ENSRNOG00000066969",127
"ENSRNOG00000069401",0
"ENSRNOG00000032990",0
"ENSRNOG00000063602",7
"ENSRNOG00000014251",1516
"ENSRNOG00000046649",1
"ENSRNOG00000066794",1036
"ENSRNOG00000017214",0
"ENSRNOG00000067780",0
"ENSRNOG00000025539",3011
"ENSRNOG00000066862",359
"ENSRNOG00000012716",607
"ENSRNOG00000066116",0
"ENSRNOG00000063182",49
"ENSRNOG00000050922",30
"ENSRNOG00000047479",0
"ENSRNOG00000069497",86
"ENSRNOG00000016011",0
"ENSRNOG00000020014",160
"ENSRNOG00000070094",0
"ENSRNOG00000055082",3428
"ENSRNOG00000068838",3
"ENSRNOG00000019129",22
"ENSRNOG00000017960",474
"ENSRNOG00000056062",45
"ENSRNOG00000070653",0
"ENSRNOG00000064289",1
"ENSRNOG00000046683",0
"ENSRNOG00000052256",1299
"ENSRNOG00000062365",0
"ENSRNOG00000066972",0
"ENSRNOG00000065700",0
"ENSRNOG00000049190",0
"ENSRNOG00000065336",33
"ENSRNOG00000057889",0
"ENSRNOG00000019206",0
"ENSRNOG00000011931",3805
"ENSRNOG00000065087",0
"ENSRNOG00000071194",67
"ENSRNOG00000037556",308
"ENSRNOG00000069523",0
"ENSRNOG00000063248",0
"ENSRNOG00000069498",0
"ENSRNOG00000064406",0
"ENSRNOG00000068492",20
"ENSRNOG00000052236",62
"ENSRNOG00000064058",0
"ENSRNOG00000068138",1
"ENSRNOG00000062480",4
"ENSRNOG00000048219",0
"ENSRNOG00000063331",0
"ENSRNOG00000012301",1
"ENSRNOG00000070848",182
"ENSRNOG00000059992",0
"ENSRNOG00000042899",0
"ENSRNOG00000067858",1
"ENSRNOG00000013160",1966
"ENSRNOG00000024077",132
"ENSRNOG00000069496",0
"ENSRNOG00000020456",3044
"ENSRNOG00000019802",317
"ENSRNOG00000065781",58
"ENSRNOG00000061992",1
"ENSRNOG00000063059",0
"ENSRNOG00000062668",20
"ENSRNOG00000012806",1756
"ENSRNOG00000070914",143
"ENSRNOG00000019497",4781
"ENSRNOG00000036784",4
"ENSRNOG00000045545",15
"ENSRNOG00000064214",129
"ENSRNOG00000037331",2
"ENSRNOG00000054403",0
"ENSRNOG00000063616",49
"ENSRNOG00000062784",42
"ENSRNOG00000020774",590
"ENSRNOG00000064412",58
"ENSRNOG00000037897",455
"ENSRNOG00000067637",7
"ENSRNOG00000062989",2
"ENSRNOG00000015557",0
"ENSRNOG00000070647",0
"ENSRNOG00000042528",1
"ENSRNOG00000065143",0
"ENSRNOG00000016831",29143
"ENSRNOG00000024280",0
"ENSRNOG00000062309",0
"ENSRNOG00000066149",0
"ENSRNOG00000038101",0
"ENSRNOG00000070762",0
"ENSRNOG00000063199",0
"ENSRNOG00000055683",589
"ENSRNOG00000056228",360
"ENSRNOG00000068057",0
"ENSRNOG00000070110",0
"ENSRNOG00000067051",0
"ENSRNOG00000028743",0
"ENSRNOG00000067556",17
"ENSRNOG00000062923",0
"ENSRNOG00000065617",0
"ENSRNOG00000066584",1
"ENSRNOG00000071129",7
"ENSRNOG00000013925",628
"ENSRNOG00000028273",7
"ENSRNOG00000055310",0
"ENSRNOG00000070853",8
"ENSRNOG00000065047",0
"ENSRNOG00000023233",302
"ENSRNOG00000034075",0
"ENSRNOG00000055312",2
"ENSRNOG00000070548",0
"ENSRNOG00000014341",681
"ENSRNOG00000069950",1
"ENSRNOG00000020543",731
"ENSRNOG00000020298",2572
"ENSRNOG00000018255",3717
"ENSRNOG00000070075",0
"ENSRNOG00000066399",5263
"ENSRNOG00000060725",0
"ENSRNOG00000021000",14
"ENSRNOG00000062617",0
"ENSRNOG00000062327",397
"ENSRNOG00000015876",0
"ENSRNOG00000016286",1
"ENSRNOG00000070318",2
"ENSRNOG00000070963",6
"ENSRNOG00000034061",0
"ENSRNOG00000033729",365
"ENSRNOG00000052677",0
"ENSRNOG00000017386",0
"ENSRNOG00000063011",1
"ENSRNOG00000070623",0
"ENSRNOG00000067477",14
"ENSRNOG00000020716",5635
"ENSRNOG00000066188",0
"ENSRNOG00000065495",0
"ENSRNOG00000018402",0
"ENSRNOG00000011488",104
"ENSRNOG00000068145",24
"ENSRNOG00000067525",44
"ENSRNOG00000066657",0
"ENSRNOG00000015441",368
"ENSRNOG00000071003",41
"ENSRNOG00000067263",0
"ENSRNOG00000047057",0
"ENSRNOG00000049826",0
"ENSRNOG00000020412",4259
"ENSRNOG00000065957",171
"ENSRNOG00000016923",3879
"ENSRNOG00000066567",320
"ENSRNOG00000018405",0
"ENSRNOG00000010938",0
"ENSRNOG00000065260",76
"ENSRNOG00000068883",0
"ENSRNOG00000063165",0
"ENSRNOG00000065394",1
"ENSRNOG00000014318",0
"ENSRNOG00000011029",2853
"ENSRNOG00000069309",0
"ENSRNOG00000017331",0
"ENSRNOG00000015239",865
"ENSRNOG00000069539",357
"ENSRNOG00000016857",0
"ENSRNOG00000018426",2
"ENSRNOG00000020110",1202
"ENSRNOG00000012084",5330
"ENSRNOG00000033813",0
"ENSRNOG00000068378",0
"ENSRNOG00000046652",324
"ENSRNOG00000013770",2
"ENSRNOG00000024961",89
"ENSRNOG00000017341",0
"ENSRNOG00000011672",0
"ENSRNOG00000017673",127
"ENSRNOG00000032150",1
"ENSRNOG00000066542",1
"ENSRNOG00000064968",0
"ENSRNOG00000018356",403
"ENSRNOG00000017344",0
"ENSRNOG00000018287",1
"ENSRNOG00000023753",376
"ENSRNOG00000068886",0
"ENSRNOG00000030932",151
"ENSRNOG00000018761",8772
"ENSRNOG00000066496",0
"ENSRNOG00000066261",0
"ENSRNOG00000062876",18
"ENSRNOG00000069274",70
"ENSRNOG00000070624",8
"ENSRNOG00000030160",26
"ENSRNOG00000069633",838
"ENSRNOG00000032946",10
"ENSRNOG00000055877",2
"ENSRNOG00000025088",0
"ENSRNOG00000020743",19
"ENSRNOG00000020281",1
"ENSRNOG00000066177",0
"ENSRNOG00000012362",0
"ENSRNOG00000014303",1200
"ENSRNOG00000018454",58
"ENSRNOG00000052023",0
"ENSRNOG00000020531",95
"ENSRNOG00000019544",498
"ENSRNOG00000020477",259
"ENSRNOG00000033414",0
"ENSRNOG00000023549",281
"ENSRNOG00000063696",1
"ENSRNOG00000070385",25
"ENSRNOG00000021096",449
"ENSRNOG00000021149",0
"ENSRNOG00000064236",0
"ENSRNOG00000022796",42
"ENSRNOG00000029784",1025
"ENSRNOG00000018885",625
"ENSRNOG00000065743",0
"ENSRNOG00000068428",0
"ENSRNOG00000063852",203
"ENSRNOG00000048138",159
"ENSRNOG00000063320",0
"ENSRNOG00000017982",0
"ENSRNOG00000019306",11
"ENSRNOG00000018440",675
"ENSRNOG00000029082",945
"ENSRNOG00000021104",6603
"ENSRNOG00000011451",46
"ENSRNOG00000046080",0
"ENSRNOG00000017254",1136
"ENSRNOG00000020117",476
"ENSRNOG00000050995",126
"ENSRNOG00000054854",508
"ENSRNOG00000015503",2
"ENSRNOG00000021003",448
"ENSRNOG00000020274",142
"ENSRNOG00000069173",2
"ENSRNOG00000068815",0
"ENSRNOG00000067287",0
"ENSRNOG00000065528",709
"ENSRNOG00000020899",0
"ENSRNOG00000015919",0
"ENSRNOG00000022701",20
"ENSRNOG00000058039",41345
"ENSRNOG00000018556",312
"ENSRNOG00000065206",27
"ENSRNOG00000042741",2
"ENSRNOG00000028137",4123
"ENSRNOG00000051102",543
"ENSRNOG00000019770",88
"ENSRNOG00000010983",0
"ENSRNOG00000020296",283
"ENSRNOG00000022640",5
"ENSRNOG00000029805",209
"ENSRNOG00000066726",0
"ENSRNOG00000017601",159
"ENSRNOG00000027811",0
"ENSRNOG00000016090",1033
"ENSRNOG00000045560",1
"ENSRNOG00000049596",0
"ENSRNOG00000020651",1886
"ENSRNOG00000065330",7
"ENSRNOG00000016679",2
"ENSRNOG00000049445",0
"ENSRNOG00000017379",0
"ENSRNOG00000071114",0
"ENSRNOG00000018350",0
"ENSRNOG00000028992",3303
"ENSRNOG00000068837",0
"ENSRNOG00000036653",1
"ENSRNOG00000019838",542
"ENSRNOG00000068048",690
"ENSRNOG00000019549",1200
"ENSRNOG00000011151",484
"ENSRNOG00000022189",181
"ENSRNOG00000064154",1
"ENSRNOG00000062996",3
"ENSRNOG00000015526",0
"ENSRNOG00000020762",2687
"ENSRNOG00000023318",7
"ENSRNOG00000066701",53
"ENSRNOG00000053075",45
"ENSRNOG00000012874",1192
"ENSRNOG00000068069",0
"ENSRNOG00000056069",618
"ENSRNOG00000048424",221
"ENSRNOG00000024257",18
"ENSRNOG00000065214",16
"ENSRNOG00000064813",0
"ENSRNOG00000067015",0
"ENSRNOG00000011895",454
"ENSRNOG00000023659",0
"ENSRNOG00000070807",0
"ENSRNOG00000065154",0
"ENSRNOG00000009791",0
"ENSRNOG00000017659",0
"ENSRNOG00000020777",342
"ENSRNOG00000016266",401
"ENSRNOG00000017839",701
"ENSRNOG00000018537",0
"ENSRNOG00000068551",0
"ENSRNOG00000017918",32
"ENSRNOG00000016381",206
"ENSRNOG00000020736",207
"ENSRNOG00000063010",0
"ENSRNOG00000069056",132
"ENSRNOG00000065375",0
"ENSRNOG00000023985",234
"ENSRNOG00000016041",1
"ENSRNOG00000019376",246
"ENSRNOG00000017456",0
"ENSRNOG00000008815",255
"ENSRNOG00000016722",3936
"ENSRNOG00000048397",244
"ENSRNOG00000017728",384
"ENSRNOG00000020783",19
"ENSRNOG00000067450",1329
"ENSRNOG00000015552",353
"ENSRNOG00000025819",0
"ENSRNOG00000016919",2267
"ENSRNOG00000018955",0
"ENSRNOG00000064421",4
"ENSRNOG00000019106",1614
"ENSRNOG00000064814",1
"ENSRNOG00000010959",185
"ENSRNOG00000021474",0
"ENSRNOG00000032940",0
"ENSRNOG00000043512",3
"ENSRNOG00000028274",2153
"ENSRNOG00000024410",296
"ENSRNOG00000015527",0
"ENSRNOG00000010017",464
"ENSRNOG00000050015",13
"ENSRNOG00000047692",90
"ENSRNOG00000060431",0
"ENSRNOG00000065271",0
"ENSRNOG00000070291",0
"ENSRNOG00000068975",0
"ENSRNOG00000020304",1522
"ENSRNOG00000017418",5514
"ENSRNOG00000012369",1
"ENSRNOG00000036625",0
"ENSRNOG00000021946",0
"ENSRNOG00000038497",0
"ENSRNOG00000055424",4
"ENSRNOG00000024746",0
"ENSRNOG00000014450",1324
"ENSRNOG00000067065",2844
"ENSRNOG00000037298",15
"ENSRNOG00000025247",0
"ENSRNOG00000062496",0
"ENSRNOG00000023151",1
"ENSRNOG00000048663",0
"ENSRNOG00000016825",95
"ENSRNOG00000024737",2394
"ENSRNOG00000013624",141
"ENSRNOG00000022610",0
"ENSRNOG00000065850",0
"ENSRNOG00000070456",0
"ENSRNOG00000020325",1037
"ENSRNOG00000019854",0
"ENSRNOG00000015413",306
"ENSRNOG00000016897",0
"ENSRNOG00000037690",350
"ENSRNOG00000067174",0
"ENSRNOG00000014330",1139
"ENSRNOG00000069494",0
"ENSRNOG00000026419",1
"ENSRNOG00000013223",494
"ENSRNOG00000065958",0
"ENSRNOG00000046112",63
"ENSRNOG00000027264",513
"ENSRNOG00000032798",469
"ENSRNOG00000019319",1690
"ENSRNOG00000018603",227
"ENSRNOG00000032817",0
"ENSRNOG00000027422",561
"ENSRNOG00000020763",1282
"ENSRNOG00000064249",0
"ENSRNOG00000049505",476
"ENSRNOG00000059408",1251
"ENSRNOG00000048250",570
"ENSRNOG00000064870",0
"ENSRNOG00000028891",35
"ENSRNOG00000019959",10
"ENSRNOG00000020452",1761
"ENSRNOG00000050224",426
"ENSRNOG00000031562",0
"ENSRNOG00000013439",0
"ENSRNOG00000014916",3295
"ENSRNOG00000033196",2
"ENSRNOG00000020263",1
"ENSRNOG00000058277",3
"ENSRNOG00000051197",4493
"ENSRNOG00000071074",0
"ENSRNOG00000068712",0
"ENSRNOG00000020947",240
"ENSRNOG00000020597",191
"ENSRNOG00000068594",0
"ENSRNOG00000017826",686
"ENSRNOG00000013506",615
"ENSRNOG00000014277",629
"ENSRNOG00000012641",1692
"ENSRNOG00000040300",0
"ENSRNOG00000015675",0
"ENSRNOG00000050206",1
"ENSRNOG00000063249",0
"ENSRNOG00000012002",7309
"ENSRNOG00000012788",1744
"ENSRNOG00000070758",0
"ENSRNOG00000070086",1
"ENSRNOG00000017873",0
"ENSRNOG00000020532",72
"ENSRNOG00000019418",10
"ENSRNOG00000070971",14
"ENSRNOG00000031178",0
"ENSRNOG00000042308",77
"ENSRNOG00000012574",251
"ENSRNOG00000047040",1
"ENSRNOG00000001500",380
"ENSRNOG00000016737",0
"ENSRNOG00000019413",97
"ENSRNOG00000068445",1222
"ENSRNOG00000015844",1889
"ENSRNOG00000068953",131
"ENSRNOG00000047703",0
"ENSRNOG00000038276",0
"ENSRNOG00000063034",0
"ENSRNOG00000067884",0
"ENSRNOG00000017963",264
"ENSRNOG00000064966",1
"ENSRNOG00000019532",2075
"ENSRNOG00000015217",717
"ENSRNOG00000016267",66
"ENSRNOG00000021510",2
"ENSRNOG00000059330",0
"ENSRNOG00000020425",949
"ENSRNOG00000064833",2
"ENSRNOG00000017383",892
"ENSRNOG00000019161",535
"ENSRNOG00000047526",498
"ENSRNOG00000069479",0
"ENSRNOG00000028041",0
"ENSRNOG00000016462",395
"ENSRNOG00000067828",4
"ENSRNOG00000010664",178
"ENSRNOG00000019424",0
"ENSRNOG00000016790",866
"ENSRNOG00000039730",690
"ENSRNOG00000014902",234
"ENSRNOG00000020949",7
"ENSRNOG00000066044",0
"ENSRNOG00000013358",41
"ENSRNOG00000049259",364
"ENSRNOG00000023091",91
"ENSRNOG00000015860",1
"ENSRNOG00000018517",275
"ENSRNOG00000001499",5
"ENSRNOG00000050554",34
"ENSRNOG00000021206",326
"ENSRNOG00000065183",0
"ENSRNOG00000050223",486
"ENSRNOG00000011191",0
"ENSRNOG00000030281",0
"ENSRNOG00000069921",358
"ENSRNOG00000018514",0
"ENSRNOG00000016054",4307
"ENSRNOG00000020956",1039
"ENSRNOG00000001501",837
"ENSRNOG00000018512",0
"ENSRNOG00000020417",778
"ENSRNOG00000063413",0
"ENSRNOG00000069434",8
"ENSRNOG00000013877",1294
"ENSRNOG00000064721",1186
"ENSRNOG00000036648",0
"ENSRNOG00000018878",677
"ENSRNOG00000020410",3
"ENSRNOG00000014852",408
"ENSRNOG00000037715",414
"ENSRNOG00000065723",0
"ENSRNOG00000063597",0
"ENSRNOG00000064980",7
"ENSRNOG00000020793",794
"ENSRNOG00000047145",256
"ENSRNOG00000052304",0
"ENSRNOG00000065613",0
"ENSRNOG00000019442",258
"ENSRNOG00000015152",0
"ENSRNOG00000066612",1
"ENSRNOG00000016935",1511
"ENSRNOG00000018531",522
"ENSRNOG00000020426",605
"ENSRNOG00000016038",1108
"ENSRNOG00000016611",817
"ENSRNOG00000056118",2431
"ENSRNOG00000019127",208
"ENSRNOG00000046353",46
"ENSRNOG00000069874",0
"ENSRNOG00000023150",8369
"ENSRNOG00000047229",380
"ENSRNOG00000068940",0
"ENSRNOG00000062423",0
"ENSRNOG00000022313",0
"ENSRNOG00000015086",1
"ENSRNOG00000062741",8
"ENSRNOG00000069678",0
"ENSRNOG00000019280",5
"ENSRNOG00000020587",15538
"ENSRNOG00000065864",0
"ENSRNOG00000027240",4
"ENSRNOG00000020411",2393
"ENSRNOG00000065701",0
"ENSRNOG00000030331",0
"ENSRNOG00000062988",0
"ENSRNOG00000063917",0
"ENSRNOG00000063592",12
"ENSRNOG00000016973",239
"ENSRNOG00000018551",1
"ENSRNOG00000015293",7
"ENSRNOG00000049232",3457
"ENSRNOG00000063929",1
"ENSRNOG00000019318",14
"ENSRNOG00000018547",157
"ENSRNOG00000018580",0
"ENSRNOG00000042592",847
"ENSRNOG00000050831",0
"ENSRNOG00000064244",24
"ENSRNOG00000020481",293
"ENSRNOG00000043154",0
"ENSRNOG00000018606",1
"ENSRNOG00000018664",0
"ENSRNOG00000013823",0
"ENSRNOG00000019501",668
"ENSRNOG00000017897",22
"ENSRNOG00000016791",589
"ENSRNOG00000021058",240
"ENSRNOG00000012692",703
"ENSRNOG00000065121",0
"ENSRNOG00000013351",2057
"ENSRNOG00000017509",454
"ENSRNOG00000018515",346
"ENSRNOG00000031927",0
"ENSRNOG00000063282",0
"ENSRNOG00000017147",5
"ENSRNOG00000032004",0
"ENSRNOG00000022164",80
"ENSRNOG00000021063",99
"ENSRNOG00000013407",0
"ENSRNOG00000065806",0
"ENSRNOG00000039076",341
"ENSRNOG00000019489",525
"ENSRNOG00000014951",0
"ENSRNOG00000031739",37
"ENSRNOG00000020235",9039
"ENSRNOG00000021130",4
"ENSRNOG00000046669",0
"ENSRNOG00000018612",0
"ENSRNOG00000019999",104
"ENSRNOG00000014925",2
"ENSRNOG00000021017",452
"ENSRNOG00000010994",121
"ENSRNOG00000070690",0
"ENSRNOG00000054336",0
"ENSRNOG00000015407",0
"ENSRNOG00000018831",0
"ENSRNOG00000015830",1
"ENSRNOG00000012988",17
"ENSRNOG00000021027",1250
"ENSRNOG00000042686",490
"ENSRNOG00000009922",0
"ENSRNOG00000052287",0
"ENSRNOG00000014610",1626
"ENSRNOG00000020882",393
"ENSRNOG00000067926",1208
"ENSRNOG00000019627",18
"ENSRNOG00000016940",539
"ENSRNOG00000015488",1337
"ENSRNOG00000012034",0
"ENSRNOG00000015609",201
"ENSRNOG00000030776",147
"ENSRNOG00000020308",1761
"ENSRNOG00000021032",849
"ENSRNOG00000042705",0
"ENSRNOG00000068628",0
"ENSRNOG00000017191",4280
"ENSRNOG00000016624",4
"ENSRNOG00000070392",1138
"ENSRNOG00000063151",0
"ENSRNOG00000018864",0
"ENSRNOG00000018369",312
"ENSRNOG00000025587",1293
"ENSRNOG00000023053",1155
"ENSRNOG00000050257",26
"ENSRNOG00000071068",0
"ENSRNOG00000068373",0
"ENSRNOG00000069023",0
"ENSRNOG00000033498",1106
"ENSRNOG00000042852",0
"ENSRNOG00000070184",243
"ENSRNOG00000065015",181
"ENSRNOG00000019432",0
"ENSRNOG00000012460",103
"ENSRNOG00000031202",0
"ENSRNOG00000068605",2
"ENSRNOG00000063141",0
"ENSRNOG00000020057",3
"ENSRNOG00000026163",922
"ENSRNOG00000061312",0
"ENSRNOG00000015982",9
"ENSRNOG00000068273",0
"ENSRNOG00000040242",80
"ENSRNOG00000021035",7371
"ENSRNOG00000020675",1405
"ENSRNOG00000043455",0
"ENSRNOG00000012036",515
"ENSRNOG00000021800",7
"ENSRNOG00000015551",721
"ENSRNOG00000069813",0
"ENSRNOG00000020683",4613
"ENSRNOG00000019283",88
"ENSRNOG00000055650",0
"ENSRNOG00000064555",0
"ENSRNOG00000064293",1162
"ENSRNOG00000070088",0
"ENSRNOG00000021039",4
"ENSRNOG00000014434",984
"ENSRNOG00000014290",1
"ENSRNOG00000066778",0
"ENSRNOG00000020812",2307
"ENSRNOG00000020546",80
"ENSRNOG00000065013",0
"ENSRNOG00000012524",3006
"ENSRNOG00000042777",262
"ENSRNOG00000012103",3
"ENSRNOG00000019728",0
"ENSRNOG00000063232",2
"ENSRNOG00000071080",0
"ENSRNOG00000046874",1443
"ENSRNOG00000027405",451
"ENSRNOG00000068792",1
"ENSRNOG00000026109",493
"ENSRNOG00000020538",2
"ENSRNOG00000029766",0
"ENSRNOG00000021046",7
"ENSRNOG00000068685",0
"ENSRNOG00000015660",527
"ENSRNOG00000067569",0
"ENSRNOG00000068625",0
"ENSRNOG00000020098",0
"ENSRNOG00000017854",1006
"ENSRNOG00000001488",4278
"ENSRNOG00000020713",1741
"ENSRNOG00000070095",39
"ENSRNOG00000067308",0
"ENSRNOG00000064385",3662
"ENSRNOG00000068117",0
"ENSRNOG00000046983",160
"ENSRNOG00000012611",109
"ENSRNOG00000018773",134
"ENSRNOG00000020109",0
"ENSRNOG00000031529",0
"ENSRNOG00000017508",334
"ENSRNOG00000010853",0
"ENSRNOG00000019555",685
"ENSRNOG00000020876",787
"ENSRNOG00000012092",0
"ENSRNOG00000037814",3
"ENSRNOG00000055972",0
"ENSRNOG00000034184",21
"ENSRNOG00000020233",2230
"ENSRNOG00000018808",0
"ENSRNOG00000020883",209
"ENSRNOG00000056362",0
"ENSRNOG00000001489",572
"ENSRNOG00000024414",1593
"ENSRNOG00000015593",0
"ENSRNOG00000046971",2
"ENSRNOG00000033906",5
"ENSRNOG00000027784",1342
"ENSRNOG00000021048",16
"ENSRNOG00000013553",0
"ENSRNOG00000018690",71
"ENSRNOG00000011540",1899
"ENSRNOG00000020927",32
"ENSRNOG00000020063",385
"ENSRNOG00000023528",6
"ENSRNOG00000064702",0
"ENSRNOG00000017678",1378
"ENSRNOG00000011476",159
"ENSRNOG00000052220",0
"ENSRNOG00000049014",0
"ENSRNOG00000024460",505
"ENSRNOG00000020982",1379
"ENSRNOG00000001490",494
"ENSRNOG00000022129",0
"ENSRNOG00000011480",983
"ENSRNOG00000020578",73
"ENSRNOG00000012872",413
"ENSRNOG00000010087",338
"ENSRNOG00000021493",8
"ENSRNOG00000020889",11380
"ENSRNOG00000064590",0
"ENSRNOG00000020695",1026
"ENSRNOG00000047575",259
"ENSRNOG00000061450",13
"ENSRNOG00000020102",4746
"ENSRNOG00000068112",0
"ENSRNOG00000017429",7
"ENSRNOG00000010753",936
"ENSRNOG00000020605",416
"ENSRNOG00000066632",1
"ENSRNOG00000012576",919
"ENSRNOG00000015517",211
"ENSRNOG00000017030",2400
"ENSRNOG00000070869",0
"ENSRNOG00000067718",0
"ENSRNOG00000025644",137
"ENSRNOG00000013663",87
"ENSRNOG00000019599",0
"ENSRNOG00000020938",0
"ENSRNOG00000014166",605
"ENSRNOG00000047035",689
"ENSRNOG00000015658",2370
"ENSRNOG00000063891",0
"ENSRNOG00000024580",4
"ENSRNOG00000020686",5
"ENSRNOG00000066760",0
"ENSRNOG00000066678",0
"ENSRNOG00000021078",0
"ENSRNOG00000014791",5000
"ENSRNOG00000019249",1
"ENSRNOG00000069065",9
"ENSRNOG00000011290",390
"ENSRNOG00000019485",3501
"ENSRNOG00000020990",1
"ENSRNOG00000015822",570
"ENSRNOG00000047279",0
"ENSRNOG00000015456",117
"ENSRNOG00000015783",0
"ENSRNOG00000066654",0
"ENSRNOG00000020995",0
"ENSRNOG00000020310",619
"ENSRNOG00000020669",20
"ENSRNOG00000020699",14
"ENSRNOG00000069183",0
"ENSRNOG00000068514",0
"ENSRNOG00000021507",0
"ENSRNOG00000036981",0
"ENSRNOG00000002628",0
"ENSRNOG00000006962",2
"ENSRNOG00000018012",2639
"ENSRNOG00000069456",432
"ENSRNOG00000015180",139
"ENSRNOG00000025220",62
"ENSRNOG00000013123",20
"ENSRNOG00000064904",0
"ENSRNOG00000018858",22
"ENSRNOG00000020164",5
"ENSRNOG00000025354",2
"ENSRNOG00000016769",0
"ENSRNOG00000031662",0
"ENSRNOG00000065448",0
"ENSRNOG00000026861",1
"ENSRNOG00000014465",0
"ENSRNOG00000029049",426
"ENSRNOG00000017220",581
"ENSRNOG00000031073",0
"ENSRNOG00000014181",0
"ENSRNOG00000016490",1
"ENSRNOG00000014779",677
"ENSRNOG00000068871",0
"ENSRNOG00000018339",0
"ENSRNOG00000031459",460
"ENSRNOG00000017648",0
"ENSRNOG00000018336",3
"ENSRNOG00000021011",0
"ENSRNOG00000055761",1052
"ENSRNOG00000009891",786
"ENSRNOG00000011058",4111
"ENSRNOG00000018321",43
"ENSRNOG00000031113",883
"ENSRNOG00000067810",0
"ENSRNOG00000015972",1
"ENSRNOG00000047019",394
"ENSRNOG00000045732",0
"ENSRNOG00000011077",7106
"ENSRNOG00000052687",667
"ENSRNOG00000019453",44373
"ENSRNOG00000014227",0
"ENSRNOG00000015339",2426
"ENSRNOG00000051208",1
"ENSRNOG00000037219",4
"ENSRNOG00000016697",72
"ENSRNOG00000064479",0
"ENSRNOG00000017756",0
"ENSRNOG00000070772",0
"ENSRNOG00000038445",8
"ENSRNOG00000020779",0
"ENSRNOG00000048014",0
"ENSRNOG00000019600",0
"ENSRNOG00000020206",5744
"ENSRNOG00000021014",1
"ENSRNOG00000068083",0
"ENSRNOG00000027436",364
"ENSRNOG00000064179",0
"ENSRNOG00000017357",0
"ENSRNOG00000062814",0
"ENSRNOG00000018524",907
"ENSRNOG00000020530",0
"ENSRNOG00000016147",0
"ENSRNOG00000021056",57
"ENSRNOG00000037638",1281
"ENSRNOG00000065638",0
"ENSRNOG00000019199",70
"ENSRNOG00000015218",324
"ENSRNOG00000050207",0
"ENSRNOG00000010763",1
"ENSRNOG00000069620",0
"ENSRNOG00000015030",1215
"ENSRNOG00000011015",939
"ENSRNOG00000014787",0
"ENSRNOG00000066679",0
"ENSRNOG00000021020",0
"ENSRNOG00000019338",4
"ENSRNOG00000021016",0
"ENSRNOG00000020700",286
"ENSRNOG00000064437",161
"ENSRNOG00000016327",300
"ENSRNOG00000023847",0
"ENSRNOG00000069949",0
"ENSRNOG00000014829",594
"ENSRNOG00000020044",628
"ENSRNOG00000016595",1
"ENSRNOG00000060021",23
"ENSRNOG00000065515",0
"ENSRNOG00000064196",0
"ENSRNOG00000037798",60
"ENSRNOG00000060610",0
"ENSRNOG00000052810",3
"ENSRNOG00000017681",0
"ENSRNOG00000019616",0
"ENSRNOG00000055176",8
"ENSRNOG00000056940",2819
"ENSRNOG00000063855",0
"ENSRNOG00000016102",25
"ENSRNOG00000055298",1
"ENSRNOG00000029490",463
"ENSRNOG00000009462",666
"ENSRNOG00000060429",282
"ENSRNOG00000021109",10
"ENSRNOG00000018986",12
"ENSRNOG00000008824",0
"ENSRNOG00000063416",2
"ENSRNOG00000070289",0
"ENSRNOG00000051450",718
"ENSRNOG00000062471",0
"ENSRNOG00000061012",1796
"ENSRNOG00000013241",0
"ENSRNOG00000021118",1302
"ENSRNOG00000053735",367
"ENSRNOG00000002332",11
"ENSRNOG00000054418",0
"ENSRNOG00000015911",1568
"ENSRNOG00000032034",2470
"ENSRNOG00000061533",314
"ENSRNOG00000009664",189
"ENSRNOG00000033775",0
"ENSRNOG00000066079",0
"ENSRNOG00000065821",0
"ENSRNOG00000021025",548
"ENSRNOG00000001466",0
"ENSRNOG00000011994",0
"ENSRNOG00000026572",80
"ENSRNOG00000020719",15
"ENSRNOG00000019560",16
"ENSRNOG00000062718",0
"ENSRNOG00000046480",134
"ENSRNOG00000017365",1
"ENSRNOG00000016807",4834
"ENSRNOG00000015865",2358
"ENSRNOG00000018007",639
"ENSRNOG00000069231",0
"ENSRNOG00000056733",0
"ENSRNOG00000028753",361
"ENSRNOG00000025375",0
"ENSRNOG00000020182",269
"ENSRNOG00000013190",439
"ENSRNOG00000013795",425
"ENSRNOG00000060603",236
"ENSRNOG00000019970",604
"ENSRNOG00000061348",87
"ENSRNOG00000031003",117
"ENSRNOG00000020652",4407
"ENSRNOG00000058286",0
"ENSRNOG00000037541",0
"ENSRNOG00000062473",205
"ENSRNOG00000070704",0
"ENSRNOG00000060972",636
"ENSRNOG00000070441",5
"ENSRNOG00000011975",1060
"ENSRNOG00000019132",249
"ENSRNOG00000047901",0
"ENSRNOG00000070198",0
"ENSRNOG00000016368",137
"ENSRNOG00000004273",1
"ENSRNOG00000066811",0
"ENSRNOG00000021145",123
"ENSRNOG00000054391",601
"ENSRNOG00000020731",11
"ENSRNOG00000033343",36
"ENSRNOG00000066108",0
"ENSRNOG00000032819",0
"ENSRNOG00000070349",76
"ENSRNOG00000019578",11383
"ENSRNOG00000011174",12
"ENSRNOG00000017137",175
"ENSRNOG00000020897",4007
"ENSRNOG00000014186",125
"ENSRNOG00000012055",1567
"ENSRNOG00000017753",198
"ENSRNOG00000029945",0
"ENSRNOG00000017975",1
"ENSRNOG00000051915",193
"ENSRNOG00000020746",6
"ENSRNOG00000011411",399
"ENSRNOG00000068342",370
"ENSRNOG00000026517",943
"ENSRNOG00000020991",0
"ENSRNOG00000065978",0
"ENSRNOG00000021147",1082
"ENSRNOG00000018106",132
"ENSRNOG00000017621",616
"ENSRNOG00000024056",218
"ENSRNOG00000010964",2631
"ENSRNOG00000018411",274
"ENSRNOG00000023931",39
"ENSRNOG00000054181",0
"ENSRNOG00000014530",1867
"ENSRNOG00000065256",0
"ENSRNOG00000055194",0
"ENSRNOG00000011675",165
"ENSRNOG00000017446",4533
"ENSRNOG00000016244",1552
"ENSRNOG00000063516",2
"ENSRNOG00000016815",494
"ENSRNOG00000018936",419
"ENSRNOG00000014193",679
"ENSRNOG00000021659",15
"ENSRNOG00000014908",1378
"ENSRNOG00000065298",0
"ENSRNOG00000064302",159
"ENSRNOG00000018379",179
"ENSRNOG00000019706",0
"ENSRNOG00000053084",268
"ENSRNOG00000020405",0
"ENSRNOG00000012322",88
"ENSRNOG00000064816",0
"ENSRNOG00000019254",435
"ENSRNOG00000018101",6
"ENSRNOG00000017243",663
"ENSRNOG00000063417",0
"ENSRNOG00000064650",0
"ENSRNOG00000066763",4
"ENSRNOG00000011526",1659
"ENSRNOG00000053366",4
"ENSRNOG00000033805",0
"ENSRNOG00000011882",1025
"ENSRNOG00000018766",407
"ENSRNOG00000021103",36
"ENSRNOG00000017050",6
"ENSRNOG00000046727",0
"ENSRNOG00000014706",0
"ENSRNOG00000049517",867
"ENSRNOG00000017512",32
"ENSRNOG00000017519",0
"ENSRNOG00000062546",1
"ENSRNOG00000018191",0
"ENSRNOG00000063236",0
"ENSRNOG00000037580",1352
"ENSRNOG00000070428",1
"ENSRNOG00000012074",1838
"ENSRNOG00000017012",100
"ENSRNOG00000068955",1038
"ENSRNOG00000022537",66
"ENSRNOG00000017620",0
"ENSRNOG00000019730",1939
"ENSRNOG00000019776",36
"ENSRNOG00000014030",36
"ENSRNOG00000062678",2
"ENSRNOG00000049944",630
"ENSRNOG00000020338",0
"ENSRNOG00000023968",132
"ENSRNOG00000026243",2894
"ENSRNOG00000066277",468
"ENSRNOG00000016717",2402
"ENSRNOG00000055371",0
"ENSRNOG00000020533",9924
"ENSRNOG00000059224",1693
"ENSRNOG00000018960",5392
"ENSRNOG00000037080",169
"ENSRNOG00000050453",83
"ENSRNOG00000014061",89
"ENSRNOG00000018873",2858
"ENSRNOG00000042776",249
"ENSRNOG00000021004",3
"ENSRNOG00000063590",1814
"ENSRNOG00000018994",2956
"ENSRNOG00000017703",402
"ENSRNOG00000013840",0
"ENSRNOG00000019746",1295
"ENSRNOG00000013836",2416
"ENSRNOG00000011945",4501
"ENSRNOG00000029366",296
"ENSRNOG00000058388",505
"ENSRNOG00000028470",0
"ENSRNOG00000037339",0
"ENSRNOG00000063077",0
"ENSRNOG00000017006",0
"ENSRNOG00000020848",452
"ENSRNOG00000018518",1934
"ENSRNOG00000019702",658
"ENSRNOG00000066741",0
"ENSRNOG00000055142",6
"ENSRNOG00000015829",4
"ENSRNOG00000012690",938
"ENSRNOG00000017097",715
"ENSRNOG00000063091",0
"ENSRNOG00000018850",0
"ENSRNOG00000020486",385
"ENSRNOG00000060599",0
"ENSRNOG00000042702",755
"ENSRNOG00000019949",523
"ENSRNOG00000025126",109
"ENSRNOG00000042878",0
"ENSRNOG00000020867",1353
"ENSRNOG00000033714",0
"ENSRNOG00000017878",12
"ENSRNOG00000015807",11
"ENSRNOG00000025651",940
"ENSRNOG00000020443",8
"ENSRNOG00000011282",9883
"ENSRNOG00000019962",291
"ENSRNOG00000023521",356
"ENSRNOG00000055028",1666
"ENSRNOG00000015560",2259
"ENSRNOG00000020035",0
"ENSRNOG00000071144",0
"ENSRNOG00000020827",0
"ENSRNOG00000032723",845
"ENSRNOG00000047616",0
"ENSRNOG00000056396",0
"ENSRNOG00000043388",482
"ENSRNOG00000020560",0
"ENSRNOG00000042728",1662
"ENSRNOG00000011460",0
"ENSRNOG00000013009",2629
"ENSRNOG00000066554",0
"ENSRNOG00000019409",0
"ENSRNOG00000046297",0
"ENSRNOG00000020615",1965
"ENSRNOG00000070579",0
"ENSRNOG00000011011",4
"ENSRNOG00000017109",23
"ENSRNOG00000065836",0
"ENSRNOG00000012286",0
"ENSRNOG00000021117",737
"ENSRNOG00000025378",11
"ENSRNOG00000020130",2119
"ENSRNOG00000019529",1400
"ENSRNOG00000010803",0
"ENSRNOG00000068066",24
"ENSRNOG00000016374",1316
"ENSRNOG00000026114",570
"ENSRNOG00000064082",0
"ENSRNOG00000026514",17
"ENSRNOG00000020557",4
"ENSRNOG00000056946",1458
"ENSRNOG00000058030",495
"ENSRNOG00000011313",4
"ENSRNOG00000049179",146
"ENSRNOG00000032246",37
"ENSRNOG00000020660",18673
"ENSRNOG00000025075",12
"ENSRNOG00000019426",253
"ENSRNOG00000068556",0
"ENSRNOG00000013718",1879
"ENSRNOG00000013739",0
"ENSRNOG00000062758",0
"ENSRNOG00000037247",970
"ENSRNOG00000065597",11
"ENSRNOG00000012052",0
"ENSRNOG00000036703",19
"ENSRNOG00000052273",168
"ENSRNOG00000013969",790
"ENSRNOG00000020817",0
"ENSRNOG00000018462",201
"ENSRNOG00000019124",0
"ENSRNOG00000063481",5
"ENSRNOG00000066191",0
"ENSRNOG00000016429",0
"ENSRNOG00000012366",1875
"ENSRNOG00000019080",295
"ENSRNOG00000013103",13
"ENSRNOG00000019194",0
"ENSRNOG00000068986",1
"ENSRNOG00000019278",0
"ENSRNOG00000059492",426
"ENSRNOG00000020489",3
"ENSRNOG00000018993",5068
"ENSRNOG00000018916",780
"ENSRNOG00000066224",10
"ENSRNOG00000066488",0
"ENSRNOG00000042605",1
"ENSRNOG00000069320",0
"ENSRNOG00000020380",4
"ENSRNOG00000014673",317
"ENSRNOG00000016206",1506
"ENSRNOG00000016210",14
"ENSRNOG00000019145",4158
"ENSRNOG00000019674",336
"ENSRNOG00000065238",0
"ENSRNOG00000020617",505
"ENSRNOG00000017021",13
"ENSRNOG00000066358",228
"ENSRNOG00000031331",0
"ENSRNOG00000024288",0
"ENSRNOG00000011932",224
"ENSRNOG00000013436",0
"ENSRNOG00000032805",1
"ENSRNOG00000065747",12
"ENSRNOG00000013381",2656
"ENSRNOG00000020479",3285
"ENSRNOG00000036859",86
"ENSRNOG00000019883",476
"ENSRNOG00000016683",192
"ENSRNOG00000051867",83
"ENSRNOG00000045741",97
"ENSRNOG00000057384",270
"ENSRNOG00000019685",2
"ENSRNOG00000011308",1498
"ENSRNOG00000030266",2146
"ENSRNOG00000021140",30
"ENSRNOG00000068399",2
"ENSRNOG00000016573",823
"ENSRNOG00000051578",189
"ENSRNOG00000064148",0
"ENSRNOG00000025167",1016
"ENSRNOG00000021763",0
"ENSRNOG00000066618",904
"ENSRNOG00000043056",0
"ENSRNOG00000020495",2553
"ENSRNOG00000060206",2082
"ENSRNOG00000020596",1041
"ENSRNOG00000015520",110
"ENSRNOG00000056036",129
"ENSRNOG00000055531",250
"ENSRNOG00000045838",1054
"ENSRNOG00000020904",1263
"ENSRNOG00000020271",2075
"ENSRNOG00000055796",0
"ENSRNOG00000032668",312
"ENSRNOG00000068024",2
"ENSRNOG00000028113",155
"ENSRNOG00000047124",124
"ENSRNOG00000012067",65
"ENSRNOG00000047696",0
"ENSRNOG00000020125",1
"ENSRNOG00000026115",789
"ENSRNOG00000042347",93
"ENSRNOG00000026857",213
"ENSRNOG00000020607",796
"ENSRNOG00000013057",667
"ENSRNOG00000070288",0
"ENSRNOG00000063345",0
"ENSRNOG00000019861",1108
"ENSRNOG00000013194",180
"ENSRNOG00000020906",288
"ENSRNOG00000032077",0
"ENSRNOG00000036571",26
"ENSRNOG00000012360",1755
"ENSRNOG00000058133",72
"ENSRNOG00000023496",1
"ENSRNOG00000019178",872
"ENSRNOG00000014373",9
"ENSRNOG00000014187",1055
"ENSRNOG00000016498",352
"ENSRNOG00000061795",1228
"ENSRNOG00000064840",20
"ENSRNOG00000019212",6835
"ENSRNOG00000070202",0
"ENSRNOG00000069377",1
"ENSRNOG00000020635",362
"ENSRNOG00000047176",0
"ENSRNOG00000017120",1150
"ENSRNOG00000020369",0
"ENSRNOG00000020276",0
"ENSRNOG00000069701",1
"ENSRNOG00000053583",0
"ENSRNOG00000042059",16
"ENSRNOG00000026040",23
"ENSRNOG00000012683",872
"ENSRNOG00000068180",68
"ENSRNOG00000021499",0
"ENSRNOG00000022822",23
"ENSRNOG00000026891",661
"ENSRNOG00000068324",0
"ENSRNOG00000014565",1043
"ENSRNOG00000022669",1
"ENSRNOG00000051815",61
"ENSRNOG00000051782",0
"ENSRNOG00000034038",0
"ENSRNOG00000019193",23
"ENSRNOG00000024363",555
"ENSRNOG00000060707",1259
"ENSRNOG00000012357",561
"ENSRNOG00000024000",0
"ENSRNOG00000016978",0
"ENSRNOG00000011659",6
"ENSRNOG00000018928",88
"ENSRNOG00000011599",22
"ENSRNOG00000052070",3
"ENSRNOG00000069477",2
"ENSRNOG00000019879",0
"ENSRNOG00000049295",0
"ENSRNOG00000050282",4272
"ENSRNOG00000024245",0
"ENSRNOG00000054506",2
"ENSRNOG00000020835",52
"ENSRNOG00000043007",3428
"ENSRNOG00000012442",140
"ENSRNOG00000012236",0
"ENSRNOG00000014513",276
"ENSRNOG00000066021",0
"ENSRNOG00000018158",1520
"ENSRNOG00000021106",1655
"ENSRNOG00000015540",3126
"ENSRNOG00000021108",1
"ENSRNOG00000050104",3966
"ENSRNOG00000018390",3898
"ENSRNOG00000021484",874
"ENSRNOG00000018683",2195
"ENSRNOG00000013563",0
"ENSRNOG00000063992",0
"ENSRNOG00000026957",0
"ENSRNOG00000017716",0
"ENSRNOG00000020583",1402
"ENSRNOG00000050828",3361
"ENSRNOG00000065151",1
"ENSRNOG00000018385",0
"ENSRNOG00000025216",259
"ENSRNOG00000020953",35
"ENSRNOG00000018083",397
"ENSRNOG00000019301",0
"ENSRNOG00000026408",282
"ENSRNOG00000015518",2
"ENSRNOG00000069809",0
"ENSRNOG00000017762",18
"ENSRNOG00000065783",109
"ENSRNOG00000055775",0
"ENSRNOG00000023274",360
"ENSRNOG00000021207",0
"ENSRNOG00000050024",0
"ENSRNOG00000071184",0
"ENSRNOG00000019666",1103
"ENSRNOG00000049277",1
"ENSRNOG00000028909",0
"ENSRNOG00000020527",2133
"ENSRNOG00000047431",1
"ENSRNOG00000018207",792
"ENSRNOG00000033881",4
"ENSRNOG00000016358",0
"ENSRNOG00000069807",0
"ENSRNOG00000026527",84
"ENSRNOG00000019725",5038
"ENSRNOG00000019982",582
"ENSRNOG00000045568",1503
"ENSRNOG00000016728",172
"ENSRNOG00000036649",261
"ENSRNOG00000070689",201
"ENSRNOG00000045561",430
"ENSRNOG00000020595",25935
"ENSRNOG00000018674",1200
"ENSRNOG00000020389",5
"ENSRNOG00000055506",1
"ENSRNOG00000018322",9846
"ENSRNOG00000064559",1
"ENSRNOG00000019851",74
"ENSRNOG00000016120",0
"ENSRNOG00000019920",10
"ENSRNOG00000020839",74
"ENSRNOG00000064232",221
"ENSRNOG00000050180",1584
"ENSRNOG00000067792",0
"ENSRNOG00000019675",62
"ENSRNOG00000020551",1328
"ENSRNOG00000047756",1924
"ENSRNOG00000013374",0
"ENSRNOG00000020245",0
"ENSRNOG00000066875",307
"ENSRNOG00000018962",573
"ENSRNOG00000014486",266
"ENSRNOG00000024793",128
"ENSRNOG00000056223",462
"ENSRNOG00000012292",576
"ENSRNOG00000020433",9167
"ENSRNOG00000046635",146
"ENSRNOG00000020618",4743
"ENSRNOG00000012698",2133
"ENSRNOG00000050741",80
"ENSRNOG00000010775",312
"ENSRNOG00000019935",530
"ENSRNOG00000012383",1969
"ENSRNOG00000020301",0
"ENSRNOG00000026296",20
"ENSRNOG00000019960",894
"ENSRNOG00000020614",43
"ENSRNOG00000012404",5
"ENSRNOG00000017487",7
"ENSRNOG00000016926",1
"ENSRNOG00000064709",1
"ENSRNOG00000046333",154
"ENSRNOG00000019461",161
"ENSRNOG00000063251",2
"ENSRNOG00000012494",125
"ENSRNOG00000050624",266
"ENSRNOG00000016751",532
"ENSRNOG00000067190",1
"ENSRNOG00000021050",0
"ENSRNOG00000019077",2048
"ENSRNOG00000021029",0
"ENSRNOG00000027505",0
"ENSRNOG00000030907",7
"ENSRNOG00000014862",0
"ENSRNOG00000013017",610
"ENSRNOG00000036604",1448
"ENSRNOG00000019190",0
"ENSRNOG00000019439",3411
"ENSRNOG00000019358",235
"ENSRNOG00000017195",2583
"ENSRNOG00000016603",78
"ENSRNOG00000065273",6633
"ENSRNOG00000067633",0
"ENSRNOG00000069759",0
"ENSRNOG00000018987",419
"ENSRNOG00000068256",0
"ENSRNOG00000062262",0
"ENSRNOG00000027374",0
"ENSRNOG00000049161",0
"ENSRNOG00000022748",266
"ENSRNOG00000016689",293
"ENSRNOG00000018929",144
"ENSRNOG00000020623",459
"ENSRNOG00000018487",7055
"ENSRNOG00000019701",541
"ENSRNOG00000022386",0
"ENSRNOG00000033733",7
"ENSRNOG00000026005",1130
"ENSRNOG00000060269",7
"ENSRNOG00000032293",351
"ENSRNOG00000020354",1696
"ENSRNOG00000064201",1
"ENSRNOG00000024530",161
"ENSRNOG00000020637",3
"ENSRNOG00000015003",317
"ENSRNOG00000018725",1372
"ENSRNOG00000030981",5
"ENSRNOG00000055401",0
"ENSRNOG00000054955",0
"ENSRNOG00000017118",2022
"ENSRNOG00000033507",0
"ENSRNOG00000070964",198
"ENSRNOG00000033744",2
"ENSRNOG00000022900",0
"ENSRNOG00000014783",294
"ENSRNOG00000020634",303
"ENSRNOG00000011637",0
"ENSRNOG00000050426",2
"ENSRNOG00000019724",13467
"ENSRNOG00000016496",0
"ENSRNOG00000048733",476
"ENSRNOG00000022839",23
"ENSRNOG00000014923",21
"ENSRNOG00000025142",586
"ENSRNOG00000020148",5
"ENSRNOG00000067262",6638
"ENSRNOG00000063548",0
"ENSRNOG00000025052",395
"ENSRNOG00000017842",0
"ENSRNOG00000033901",0
"ENSRNOG00000018815",510
"ENSRNOG00000020726",818
"ENSRNOG00000053015",165
"ENSRNOG00000068678",0
"ENSRNOG00000020650",4
"ENSRNOG00000047027",0
"ENSRNOG00000065380",3
"ENSRNOG00000019245",742
"ENSRNOG00000011680",443
"ENSRNOG00000036603",101
"ENSRNOG00000020060",681
"ENSRNOG00000020430",1992
"ENSRNOG00000019687",0
"ENSRNOG00000017619",70
"ENSRNOG00000018163",42
"ENSRNOG00000017850",144
"ENSRNOG00000047401",1
"ENSRNOG00000064037",1
"ENSRNOG00000015078",5520
"ENSRNOG00000020505",51
"ENSRNOG00000014936",6445
"ENSRNOG00000018052",520
"ENSRNOG00000019050",32
"ENSRNOG00000019342",4
"ENSRNOG00000022321",53
"ENSRNOG00000020191",673
"ENSRNOG00000018974",0
"ENSRNOG00000036645",1
"ENSRNOG00000018042",1036
"ENSRNOG00000064039",0
"ENSRNOG00000059551",0
"ENSRNOG00000020903",216
"ENSRNOG00000018840",313
"ENSRNOG00000004144",18
"ENSRNOG00000018391",2271
"ENSRNOG00000020289",5529
"ENSRNOG00000017227",1619
"ENSRNOG00000020851",987
"ENSRNOG00000011068",1102
"ENSRNOG00000043141",377
"ENSRNOG00000015088",3139
"ENSRNOG00000064647",1463
"ENSRNOG00000017114",788
"ENSRNOG00000060008",512
"ENSRNOG00000018176",2998
"ENSRNOG00000021724",7
"ENSRNOG00000020638",34
"ENSRNOG00000060693",79
"ENSRNOG00000051256",344
"ENSRNOG00000027228",2
"ENSRNOG00000029061",125
"ENSRNOG00000017510",480
"ENSRNOG00000018838",229
"ENSRNOG00000017222",1551
"ENSRNOG00000065211",0
"ENSRNOG00000020918",1012
"ENSRNOG00000017889",256
"ENSRNOG00000070275",0
"ENSRNOG00000014589",344
"ENSRNOG00000017608",1179
"ENSRNOG00000020864",0
"ENSRNOG00000017927",3
"ENSRNOG00000023360",877
"ENSRNOG00000068667",2
"ENSRNOG00000019873",1817
"ENSRNOG00000030888",4229
"ENSRNOG00000011683",1
"ENSRNOG00000018599",2155
"ENSRNOG00000021689",378
"ENSRNOG00000024036",126
"ENSRNOG00000066192",0
"ENSRNOG00000015727",793
"ENSRNOG00000069824",0
"ENSRNOG00000024625",1135
"ENSRNOG00000011352",1846
"ENSRNOG00000017725",0
"ENSRNOG00000020484",11
"ENSRNOG00000020742",3978
"ENSRNOG00000018877",405
"ENSRNOG00000020922",2655
"ENSRNOG00000069778",0
"ENSRNOG00000011213",125
"ENSRNOG00000020929",692
"ENSRNOG00000018627",80
"ENSRNOG00000030180",0
"ENSRNOG00000019858",56
"ENSRNOG00000019813",1060
"ENSRNOG00000019913",2438
"ENSRNOG00000067655",39
"ENSRNOG00000023530",0
"ENSRNOG00000019005",540
"ENSRNOG00000014234",618
"ENSRNOG00000016593",1
"ENSRNOG00000014471",3
"ENSRNOG00000021924",0
"ENSRNOG00000022521",49
"ENSRNOG00000052802",764
"ENSRNOG00000012196",245
"ENSRNOG00000010630",2148
"ENSRNOG00000033195",0
"ENSRNOG00000067451",0
"ENSRNOG00000014078",2898
"ENSRNOG00000036866",1508
"ENSRNOG00000014183",1720
"ENSRNOG00000065313",2
"ENSRNOG00000014482",1401
"ENSRNOG00000065825",0
"ENSRNOG00000012061",0
"ENSRNOG00000020076",1131
"ENSRNOG00000059786",0
"ENSRNOG00000030689",23
"ENSRNOG00000020081",533
"ENSRNOG00000047986",0
"ENSRNOG00000014833",412
"ENSRNOG00000050742",620
"ENSRNOG00000012898",0
"ENSRNOG00000021405",0
"ENSRNOG00000016770",1607
"ENSRNOG00000070398",0
"ENSRNOG00000067528",0
"ENSRNOG00000019914",43
"ENSRNOG00000028746",3906
"ENSRNOG00000063815",0
"ENSRNOG00000048028",553
"ENSRNOG00000069697",32
"ENSRNOG00000062869",1
"ENSRNOG00000066824",0
"ENSRNOG00000069311",159
"ENSRNOG00000046915",3
"ENSRNOG00000014276",621
"ENSRNOG00000031328",599
"ENSRNOG00000016701",783
"ENSRNOG00000027944",0
"ENSRNOG00000042679",1051
"ENSRNOG00000027919",63
"ENSRNOG00000013890",0
"ENSRNOG00000068425",0
"ENSRNOG00000026432",4
"ENSRNOG00000011262",2094
"ENSRNOG00000026065",1
"ENSRNOG00000028617",1
"ENSRNOG00000064978",0
"ENSRNOG00000043503",2084
"ENSRNOG00000062534",3079
"ENSRNOG00000019464",584
"ENSRNOG00000001492",331
"ENSRNOG00000021916",1219
"ENSRNOG00000064242",0
"ENSRNOG00000015304",172
"ENSRNOG00000062406",793
"ENSRNOG00000015376",27
"ENSRNOG00000020773",407
"ENSRNOG00000047204",0
"ENSRNOG00000020039",54
"ENSRNOG00000016907",1078
"ENSRNOG00000025799",0
"ENSRNOG00000038251",0
"ENSRNOG00000053347",156
"ENSRNOG00000025110",61
"ENSRNOG00000040273",7063
"ENSRNOG00000021390",72
"ENSRNOG00000020144",562
"ENSRNOG00000062548",12
"ENSRNOG00000014531",2185
"ENSRNOG00000014256",4
"ENSRNOG00000020165",13
"ENSRNOG00000028832",0
"ENSRNOG00000020434",16
"ENSRNOG00000030788",0
"ENSRNOG00000071102",0
"ENSRNOG00000023314",0
"ENSRNOG00000020294",0
"ENSRNOG00000014353",963
"ENSRNOG00000069356",1
"ENSRNOG00000009482",228
"ENSRNOG00000068806",5
"ENSRNOG00000037415",166
"ENSRNOG00000036760",0
"ENSRNOG00000063830",2
"ENSRNOG00000062555",3
"ENSRNOG00000068225",0
"ENSRNOG00000042158",0
"ENSRNOG00000014768",3755
"ENSRNOG00000027936",350
"ENSRNOG00000058050",5540
"ENSRNOG00000021021",0
"ENSRNOG00000019973",409
"ENSRNOG00000060146",869
"ENSRNOG00000050395",0
"ENSRNOG00000020075",27266
"ENSRNOG00000067421",0
"ENSRNOG00000065857",0
"ENSRNOG00000021062",215
"ENSRNOG00000026039",3
"ENSRNOG00000030616",67
"ENSRNOG00000001494",2744
"ENSRNOG00000037467",0
"ENSRNOG00000014215",785
"ENSRNOG00000023296",417
"ENSRNOG00000069798",0
"ENSRNOG00000019142",1449
"ENSRNOG00000039955",0
"ENSRNOG00000020776",384
"ENSRNOG00000053725",643
"ENSRNOG00000017198",1
"ENSRNOG00000012259",0
"ENSRNOG00000014979",0
"ENSRNOG00000063119",0
"ENSRNOG00000020705",48
"ENSRNOG00000011245",235
"ENSRNOG00000021113",642
"ENSRNOG00000062873",2
"ENSRNOG00000032677",7704
"ENSRNOG00000014907",1
"ENSRNOG00000015128",1311
"ENSRNOG00000010861",2040
"ENSRNOG00000063968",0
"ENSRNOG00000020457",1988
"ENSRNOG00000015229",1266
"ENSRNOG00000021053",103
"ENSRNOG00000020692",869
"ENSRNOG00000063913",0
"ENSRNOG00000015473",242
"ENSRNOG00000021060",4
"ENSRNOG00000015948",1495
"ENSRNOG00000020873",2
"ENSRNOG00000025350",494
"ENSRNOG00000064444",88
"ENSRNOG00000016055",830
"ENSRNOG00000012701",1
"ENSRNOG00000045677",6
"ENSRNOG00000016145",1130
"ENSRNOG00000017955",242
"ENSRNOG00000020807",264
"ENSRNOG00000046667",49
"ENSRNOG00000013279",145
"ENSRNOG00000047605",22
"ENSRNOG00000010117",5630
"ENSRNOG00000018282",19
"ENSRNOG00000013456",303
"ENSRNOG00000070097",2
"ENSRNOG00000025111",18
"ENSRNOG00000049028",1
"ENSRNOG00000024931",1
"ENSRNOG00000067230",0
"ENSRNOG00000011720",1408
"ENSRNOG00000066925",198
"ENSRNOG00000024278",1187
"ENSRNOG00000014132",132
"ENSRNOG00000019507",1135
"ENSRNOG00000012387",0
"ENSRNOG00000062787",0
"ENSRNOG00000070506",1
"ENSRNOG00000012311",0
"ENSRNOG00000020907",0
"ENSRNOG00000054568",0
"ENSRNOG00000062379",0
"ENSRNOG00000014254",2136
"ENSRNOG00000021085",5985
"ENSRNOG00000020451",139
"ENSRNOG00000027607",0
"ENSRNOG00000049951",235
"ENSRNOG00000055934",0
"ENSRNOG00000027288",0
"ENSRNOG00000020702",1146
"ENSRNOG00000013422",2914
"ENSRNOG00000029485",0
"ENSRNOG00000021123",225
"ENSRNOG00000021052",1881
"ENSRNOG00000062949",0
"ENSRNOG00000019229",495
"ENSRNOG00000020845",0
"ENSRNOG00000020704",187
"ENSRNOG00000034000",0
"ENSRNOG00000020849",0
"ENSRNOG00000017225",1479
"ENSRNOG00000022737",5
"ENSRNOG00000013202",761
"ENSRNOG00000067501",562
"ENSRNOG00000024331",1
"ENSRNOG00000013791",1009
"ENSRNOG00000021125",4957
"ENSRNOG00000046000",466
"ENSRNOG00000015036",3468
"ENSRNOG00000013239",714
"ENSRNOG00000009954",3591
"ENSRNOG00000033235",106
"ENSRNOG00000063281",0
"ENSRNOG00000025951",0
"ENSRNOG00000025890",545
"ENSRNOG00000016073",0
"ENSRNOG00000064373",33
"ENSRNOG00000013845",224
"ENSRNOG00000064229",2
"ENSRNOG00000055286",1631
"ENSRNOG00000020872",0
"ENSRNOG00000016367",2892
"ENSRNOG00000045543",57
"ENSRNOG00000011134",66
"ENSRNOG00000016265",4115
"ENSRNOG00000069626",0
"ENSRNOG00000019260",0
"ENSRNOG00000019964",1059
"ENSRNOG00000062857",0
"ENSRNOG00000069343",0
"ENSRNOG00000021023",1
"ENSRNOG00000063303",0
"ENSRNOG00000043416",74
"ENSRNOG00000012536",1447
"ENSRNOG00000062338",0
"ENSRNOG00000054771",0
"ENSRNOG00000064016",0
"ENSRNOG00000058701",0
"ENSRNOG00000013023",2490
"ENSRNOG00000047783",0
"ENSRNOG00000059451",0
"ENSRNOG00000069415",0
"ENSRNOG00000064394",0
"ENSRNOG00000064313",0
"ENSRNOG00000064859",0
"ENSRNOG00000056651",1815
"ENSRNOG00000063075",0
"ENSRNOG00000053726",0
"ENSRNOG00000014671",1
"ENSRNOG00000016756",3
"ENSRNOG00000066430",0
"ENSRNOG00000066090",0
"ENSRNOG00000070373",0
"ENSRNOG00000068998",0
"ENSRNOG00000068164",1
"ENSRNOG00000026848",0
"ENSRNOG00000020636",152
"ENSRNOG00000066861",0
"ENSRNOG00000020715",10030
"ENSRNOG00000019220",874
"ENSRNOG00000058087",0
"ENSRNOG00000066787",0
"ENSRNOG00000029825",3
"ENSRNOG00000069284",0
"ENSRNOG00000066821",0
"ENSRNOG00000061657",0
"ENSRNOG00000064132",1801
"ENSRNOG00000015852",4059
"ENSRNOG00000059226",0
"ENSRNOG00000020676",583
"ENSRNOG00000068933",1
"ENSRNOG00000020250",352
"ENSRNOG00000056605",0
"ENSRNOG00000052644",2
"ENSRNOG00000031700",212
"ENSRNOG00000020939",0
"ENSRNOG00000052375",0
"ENSRNOG00000070882",0
"ENSRNOG00000056383",0
"ENSRNOG00000018730",503
"ENSRNOG00000060033",0
"ENSRNOG00000014997",4659
"ENSRNOG00000051400",0
"ENSRNOG00000054845",0
"ENSRNOG00000020881",1001
"ENSRNOG00000052274",0
"ENSRNOG00000057302",0
"ENSRNOG00000058048",0
"ENSRNOG00000054906",0
"ENSRNOG00000052529",0
"ENSRNOG00000049464",0
"ENSRNOG00000020201",1081
"ENSRNOG00000056570",0
"ENSRNOG00000020687",44
"ENSRNOG00000057316",0
"ENSRNOG00000020021",6
"ENSRNOG00000069029",1
"ENSRNOG00000065477",1
"ENSRNOG00000066898",0
"ENSRNOG00000048848",392
"ENSRNOG00000054326",0
"ENSRNOG00000051415",0
"ENSRNOG00000062449",0
"ENSRNOG00000068699",1
"ENSRNOG00000054954",1
"ENSRNOG00000039865",2
"ENSRNOG00000066016",0
"ENSRNOG00000058518",0
"ENSRNOG00000058612",0
"ENSRNOG00000017294",365
"ENSRNOG00000016219",4
"ENSRNOG00000070599",0
"ENSRNOG00000055235",0
"ENSRNOG00000012591",3
"ENSRNOG00000020989",249
"ENSRNOG00000063019",0
"ENSRNOG00000063624",0
"ENSRNOG00000020890",0
"ENSRNOG00000013994",8476
"ENSRNOG00000071180",1
"ENSRNOG00000021057",2575
"ENSRNOG00000016337",0
"ENSRNOG00000057287",0
"ENSRNOG00000017699",1
"ENSRNOG00000057762",1
"ENSRNOG00000042330",1
"ENSRNOG00000063671",0
"ENSRNOG00000069014",0
"ENSRNOG00000018107",2771
"ENSRNOG00000069257",0
"ENSRNOG00000015868",0
"ENSRNOG00000065928",0
"ENSRNOG00000069776",15
"ENSRNOG00000015271",238
"ENSRNOG00000011346",7751
"ENSRNOG00000057595",0
"ENSRNOG00000054413",0
"ENSRNOG00000068160",0
"ENSRNOG00000064297",0
"ENSRNOG00000036576",2281
"ENSRNOG00000060256",1
"ENSRNOG00000020000",918
"ENSRNOG00000027161",202
"ENSRNOG00000070002",0
"ENSRNOG00000066094",33
"ENSRNOG00000045795",759
"ENSRNOG00000054919",0
"ENSRNOG00000061526",2
"ENSRNOG00000058441",0
"ENSRNOG00000021133",1186
"ENSRNOG00000055858",0
"ENSRNOG00000056552",0
"ENSRNOG00000051330",0
"ENSRNOG00000016625",0
"ENSRNOG00000067944",2
"ENSRNOG00000025476",358
"ENSRNOG00000021174",243
"ENSRNOG00000056695",2
"ENSRNOG00000017002",0
"ENSRNOG00000023863",0
"ENSRNOG00000062946",28
"ENSRNOG00000051994",0
"ENSRNOG00000021139",56
"ENSRNOG00000055626",0
"ENSRNOG00000066467",0
"ENSRNOG00000027156",292
"ENSRNOG00000062785",0
"ENSRNOG00000014984",619
"ENSRNOG00000022946",0
"ENSRNOG00000013304",228
"ENSRNOG00000053994",0
"ENSRNOG00000018978",0
"ENSRNOG00000060119",0
"ENSRNOG00000056990",0
"ENSRNOG00000020703",710
"ENSRNOG00000068737",0
"ENSRNOG00000012514",322
"ENSRNOG00000014675",975
"ENSRNOG00000015598",53
"ENSRNOG00000055881",0
"ENSRNOG00000042786",1263
"ENSRNOG00000059251",1
"ENSRNOG00000070315",0
"ENSRNOG00000069514",0
"ENSRNOG00000015085",5
"ENSRNOG00000068948",0
"ENSRNOG00000064681",0
"ENSRNOG00000021071",0
"ENSRNOG00000063530",0
"ENSRNOG00000059386",864
"ENSRNOG00000064306",0
"ENSRNOG00000017326",1188
"ENSRNOG00000016411",643
"ENSRNOG00000063743",0
"ENSRNOG00000021090",20
"ENSRNOG00000071006",0
"ENSRNOG00000014173",1007
"ENSRNOG00000020941",1048
"ENSRNOG00000065738",0
"ENSRNOG00000029399",83
"ENSRNOG00000062905",0
"ENSRNOG00000018553",1054
"ENSRNOG00000069190",0
"ENSRNOG00000020247",64
"ENSRNOG00000067483",158
"ENSRNOG00000017223",25
"ENSRNOG00000068769",0
"ENSRNOG00000064470",0
"ENSRNOG00000067484",0
"ENSRNOG00000043088",0
"ENSRNOG00000060933",0
"ENSRNOG00000067177",0
"ENSRNOG00000064817",0
"ENSRNOG00000016448",1241
"ENSRNOG00000057912",0
"ENSRNOG00000015406",1927
"ENSRNOG00000027459",501
"ENSRNOG00000067875",0
"ENSRNOG00000015670",2474
"ENSRNOG00000022289",1228
"ENSRNOG00000024497",20
"ENSRNOG00000061412",0
"ENSRNOG00000058715",0
"ENSRNOG00000020935",1197
"ENSRNOG00000068343",0
"ENSRNOG00000019202",308
"ENSRNOG00000063140",0
"ENSRNOG00000062468",0
"ENSRNOG00000025245",1015
"ENSRNOG00000018018",4
"ENSRNOG00000068901",0
"ENSRNOG00000020996",715
"ENSRNOG00000016089",0
"ENSRNOG00000062886",0
"ENSRNOG00000066651",3
"ENSRNOG00000067806",0
"ENSRNOG00000068836",0
"ENSRNOG00000067110",0
"ENSRNOG00000062579",0
"ENSRNOG00000027487",5599
"ENSRNOG00000067331",0
"ENSRNOG00000062847",0
"ENSRNOG00000020784",1
"ENSRNOG00000071174",0
"ENSRNOG00000068398",0
"ENSRNOG00000070897",965
"ENSRNOG00000065172",0
"ENSRNOG00000020957",18
"ENSRNOG00000052664",4986
"ENSRNOG00000069147",0
"ENSRNOG00000012782",195
"ENSRNOG00000022153",2420
"ENSRNOG00000043328",1025
"ENSRNOG00000070833",0
"ENSRNOG00000012142",0
"ENSRNOG00000019771",3
"ENSRNOG00000012346",2292
"ENSRNOG00000020299",501
"ENSRNOG00000027514",1833
"ENSRNOG00000018847",2365
"ENSRNOG00000021179",815
"ENSRNOG00000055525",1098
"ENSRNOG00000016058",333
"ENSRNOG00000027550",153
"ENSRNOG00000020620",5
"ENSRNOG00000018086",0
"ENSRNOG00000013387",217
"ENSRNOG00000064524",4
"ENSRNOG00000049821",0
"ENSRNOG00000015232",22
"ENSRNOG00000024309",860
"ENSRNOG00000019069",7536
"ENSRNOG00000048337",731
"ENSRNOG00000054618",0
"ENSRNOG00000017448",17
"ENSRNOG00000022428",14
"ENSRNOG00000068513",0
"ENSRNOG00000020350",3033
"ENSRNOG00000011815",1977
"ENSRNOG00000017463",151
"ENSRNOG00000021573",3516
"ENSRNOG00000017468",151
"ENSRNOG00000019266",4232
"ENSRNOG00000043378",3
"ENSRNOG00000013565",671
"ENSRNOG00000020409",9
"ENSRNOG00000019341",1307
"ENSRNOG00000063960",2
"ENSRNOG00000056208",0
"ENSRNOG00000070696",0
"ENSRNOG00000070767",41
"ENSRNOG00000022044",0
"ENSRNOG00000019965",8593
"ENSRNOG00000017692",729
"ENSRNOG00000017980",11
"ENSRNOG00000016371",386
"ENSRNOG00000036615",0
"ENSRNOG00000057645",34
"ENSRNOG00000019419",174
"ENSRNOG00000036622",0
"ENSRNOG00000020552",52
"ENSRNOG00000018215",0
"ENSRNOG00000021097",0
"ENSRNOG00000037931",322
"ENSRNOG00000047061",13
"ENSRNOG00000016627",36
"ENSRNOG00000021828",4076
"ENSRNOG00000017064",2
"ENSRNOG00000070113",0
"ENSRNOG00000070266",0
"ENSRNOG00000043486",12
"ENSRNOG00000016700",0
"ENSRNOG00000022742",139
"ENSRNOG00000016280",810
"ENSRNOG00000048688",0
"ENSRNOG00000046222",49
"ENSRNOG00000063861",0
"ENSRNOG00000016883",315
"ENSRNOG00000059513",0
"ENSRNOG00000024065",8
"ENSRNOG00000012122",0
"ENSRNOG00000017412",73
"ENSRNOG00000067391",0
"ENSRNOG00000063690",0
"ENSRNOG00000025581",0
"ENSRNOG00000013847",4
"ENSRNOG00000059500",8
"ENSRNOG00000048495",518
"ENSRNOG00000013323",733
"ENSRNOG00000067152",0
"ENSRNOG00000020388",680
"ENSRNOG00000013965",443
"ENSRNOG00000029608",0
"ENSRNOG00000026764",1
"ENSRNOG00000067512",24
"ENSRNOG00000017419",554
"ENSRNOG00000021102",6
"ENSRNOG00000063892",0
"ENSRNOG00000013192",0
"ENSRNOG00000014928",199
"ENSRNOG00000015465",126
"ENSRNOG00000058291",22
"ENSRNOG00000014786",143
"ENSRNOG00000019596",276
"ENSRNOG00000017230",1676
"ENSRNOG00000014485",2043
"ENSRNOG00000021098",1107
"ENSRNOG00000051051",880
"ENSRNOG00000011584",298
"ENSRNOG00000024243",247
"ENSRNOG00000015912",1510
"ENSRNOG00000020598",198
"ENSRNOG00000023367",0
"ENSRNOG00000028247",158
"ENSRNOG00000016434",408
"ENSRNOG00000013331",1731
"ENSRNOG00000036592",232
"ENSRNOG00000062907",3
"ENSRNOG00000021067",3
"ENSRNOG00000019862",63
"ENSRNOG00000021175",209
"ENSRNOG00000018137",1101
"ENSRNOG00000021644",2
"ENSRNOG00000014163",5
"ENSRNOG00000057569",49770
"ENSRNOG00000019915",625
"ENSRNOG00000017164",126
"ENSRNOG00000020781",913
"ENSRNOG00000021338",1324
"ENSRNOG00000032042",1772
"ENSRNOG00000061774",0
"ENSRNOG00000066708",0
"ENSRNOG00000014190",331
"ENSRNOG00000018985",1059
"ENSRNOG00000068291",0
"ENSRNOG00000020799",774
"ENSRNOG00000036641",2
"ENSRNOG00000022485",1459
"ENSRNOG00000062751",4
"ENSRNOG00000069113",3168
"ENSRNOG00000064819",0
"ENSRNOG00000066174",1
"ENSRNOG00000026501",0
"ENSRNOG00000018272",423
"ENSRNOG00000066988",156
"ENSRNOG00000024677",175
"ENSRNOG00000016416",2300
"ENSRNOG00000011114",9
"ENSRNOG00000030572",829
"ENSRNOG00000017731",405
"ENSRNOG00000020689",264
"ENSRNOG00000021202",5512
"ENSRNOG00000011161",610
"ENSRNOG00000042944",99
"ENSRNOG00000020997",7
"ENSRNOG00000017302",1
"ENSRNOG00000017298",116
"ENSRNOG00000046776",1
"ENSRNOG00000013364",1134
"ENSRNOG00000021137",743
"ENSRNOG00000020480",4154
"ENSRNOG00000011568",33
"ENSRNOG00000036598",334
"ENSRNOG00000042397",0
"ENSRNOG00000014240",212
"ENSRNOG00000067478",0
"ENSRNOG00000020394",1626
"ENSRNOG00000057578",0
"ENSRNOG00000019968",1401
"ENSRNOG00000063244",194
"ENSRNOG00000012720",0
"ENSRNOG00000021144",901
"ENSRNOG00000032706",0
"ENSRNOG00000027370",0
"ENSRNOG00000011588",742
"ENSRNOG00000018337",0
"ENSRNOG00000028017",2024
"ENSRNOG00000021018",2
"ENSRNOG00000020514",29
"ENSRNOG00000018237",4504
"ENSRNOG00000027724",492
"ENSRNOG00000011622",360
"ENSRNOG00000019112",0
"ENSRNOG00000021119",227
"ENSRNOG00000019311",801
"ENSRNOG00000067490",0
"ENSRNOG00000055547",32
"ENSRNOG00000021086",305
"ENSRNOG00000013938",171
"ENSRNOG00000016253",0
"ENSRNOG00000061597",11
"ENSRNOG00000012458",19
"ENSRNOG00000064485",80
"ENSRNOG00000019435",75
"ENSRNOG00000024266",134
"ENSRNOG00000017414",484
"ENSRNOG00000068028",7
"ENSRNOG00000066874",151
"ENSRNOG00000018860",348
"ENSRNOG00000037485",0
"ENSRNOG00000016960",935
"ENSRNOG00000042309",25
"ENSRNOG00000019509",80
"ENSRNOG00000016166",2075
"ENSRNOG00000012324",57
"ENSRNOG00000019574",727
"ENSRNOG00000017396",2000
"ENSRNOG00000028261",29
"ENSRNOG00000020985",7
"ENSRNOG00000067971",4
"ENSRNOG00000013971",5028
"ENSRNOG00000019902",5
"ENSRNOG00000014721",1245
"ENSRNOG00000069558",5
"ENSRNOG00000021054",1974
"ENSRNOG00000012581",0
"ENSRNOG00000025353",53
"ENSRNOG00000019936",298
"ENSRNOG00000021156",3637
"ENSRNOG00000028357",20
"ENSRNOG00000020888",0
"ENSRNOG00000066761",0
"ENSRNOG00000066093",830
"ENSRNOG00000023434",0
"ENSRNOG00000015051",1
"ENSRNOG00000021061",173
"ENSRNOG00000014966",827
"ENSRNOG00000020016",684
"ENSRNOG00000025327",90
"ENSRNOG00000016136",0
"ENSRNOG00000012344",5
"ENSRNOG00000018446",0
"ENSRNOG00000070172",3
"ENSRNOG00000063986",44
"ENSRNOG00000015220",1
"ENSRNOG00000020124",61
"ENSRNOG00000064947",6
"ENSRNOG00000062358",7
"ENSRNOG00000062531",248
"ENSRNOG00000020646",2349
"ENSRNOG00000043060",527
"ENSRNOG00000017938",2009
"ENSRNOG00000039776",830
"ENSRNOG00000066254",2
"ENSRNOG00000053659",1384
"ENSRNOG00000070447",0
"ENSRNOG00000000417",2060
"ENSRNOG00000018243",2302
"ENSRNOG00000012719",2
"ENSRNOG00000015159",148
"ENSRNOG00000064454",0
"ENSRNOG00000033609",0
"ENSRNOG00000022994",0
"ENSRNOG00000070229",0
"ENSRNOG00000015213",640
"ENSRNOG00000027590",2
"ENSRNOG00000036608",122
"ENSRNOG00000021203",3193
"ENSRNOG00000020150",86
"ENSRNOG00000019570",132
"ENSRNOG00000009146",0
"ENSRNOG00000021006",2064
"ENSRNOG00000066743",0
"ENSRNOG00000012609",0
"ENSRNOG00000024073",5
"ENSRNOG00000068261",3
"ENSRNOG00000020009",2
"ENSRNOG00000037380",5959
"ENSRNOG00000020175",236
"ENSRNOG00000018476",422
"ENSRNOG00000052393",1329
"ENSRNOG00000048297",5297
"ENSRNOG00000062334",0
"ENSRNOG00000011074",0
"ENSRNOG00000039743",1
"ENSRNOG00000021164",5523
"ENSRNOG00000020188",46
"ENSRNOG00000021009",33
"ENSRNOG00000066713",2
"ENSRNOG00000020932",1
"ENSRNOG00000015676",531
"ENSRNOG00000018827",0
"ENSRNOG00000011243",0
"ENSRNOG00000020242",0
"ENSRNOG00000018129",2157
"ENSRNOG00000057173",0
"ENSRNOG00000021015",16
"ENSRNOG00000020668",2222
"ENSRNOG00000020251",0
"ENSRNOG00000014037",15
"ENSRNOG00000013443",6430
"ENSRNOG00000020293",0
"ENSRNOG00000019302",538
"ENSRNOG00000022673",14
"ENSRNOG00000021079",134
"ENSRNOG00000069673",1258
"ENSRNOG00000016301",1132
"ENSRNOG00000048275",1
"ENSRNOG00000021158",241
"ENSRNOG00000021087",3
"ENSRNOG00000017469",17860
"ENSRNOG00000011310",38
"ENSRNOG00000023023",221
"ENSRNOG00000021161",0
"ENSRNOG00000014463",1492
"ENSRNOG00000020196",1
"ENSRNOG00000018367",1763
"ENSRNOG00000015321",2
"ENSRNOG00000012229",0
"ENSRNOG00000027646",537
"ENSRNOG00000067737",30
"ENSRNOG00000013291",1
"ENSRNOG00000027102",0
"ENSRNOG00000014431",183
"ENSRNOG00000019846",0
"ENSRNOG00000014455",26
"ENSRNOG00000011399",28
"ENSRNOG00000024172",0
"ENSRNOG00000011885",118
"ENSRNOG00000068973",0
"ENSRNOG00000019807",1549
"ENSRNOG00000064127",0
"ENSRNOG00000062966",0
"ENSRNOG00000066810",0
"ENSRNOG00000063903",13
"ENSRNOG00000070586",0
"ENSRNOG00000048904",0
"ENSRNOG00000048469",0
"ENSRNOG00000033517",25901
"ENSRNOG00000060849",543
"ENSRNOG00000055111",1231
"ENSRNOG00000070755",0
"ENSRNOG00000052814",1097
"ENSRNOG00000026462",31
"ENSRNOG00000024140",847
"ENSRNOG00000025982",0
"ENSRNOG00000024620",20
"ENSRNOG00000046438",0
"ENSRNOG00000068524",25
"ENSRNOG00000026096",0
"ENSRNOG00000069618",4
"ENSRNOG00000012415",1031
"ENSRNOG00000022393",148
"ENSRNOG00000062917",0
"ENSRNOG00000070320",0
"ENSRNOG00000013309",2
"ENSRNOG00000063959",0
"ENSRNOG00000012964",0
"ENSRNOG00000021129",2072
"ENSRNOG00000064447",0
"ENSRNOG00000068797",0
"ENSRNOG00000066235",0
"ENSRNOG00000071165",0
"ENSRNOG00000068198",0
"ENSRNOG00000013053",9
"ENSRNOG00000071181",0
"ENSRNOG00000070215",0
"ENSRNOG00000039869",0
"ENSRNOG00000070245",0
"ENSRNOG00000065068",78
"ENSRNOG00000029877",0
"ENSRNOG00000016930",1480
"ENSRNOG00000061741",0
"ENSRNOG00000067750",0
"ENSRNOG00000046431",0
"ENSRNOG00000029336",758
"ENSRNOG00000064505",9
"ENSRNOG00000038600",96
"ENSRNOG00000033265",6
"ENSRNOG00000023531",7
"ENSRNOG00000053259",5
"ENSRNOG00000052093",0
"ENSRNOG00000018250",7
"ENSRNOG00000029022",91
"ENSRNOG00000064083",0
"ENSRNOG00000021184",1129
"ENSRNOG00000012847",8
"ENSRNOG00000054409",0
"ENSRNOG00000065539",539
"ENSRNOG00000067600",1
"ENSRNOG00000012858",3
"ENSRNOG00000051237",20
"ENSRNOG00000069178",12
"ENSRNOG00000068768",0
"ENSRNOG00000026033",0
"ENSRNOG00000025949",0
"ENSRNOG00000033173",15
"ENSRNOG00000068100",95
"ENSRNOG00000066178",0
"ENSRNOG00000066405",0
"ENSRNOG00000020884",0
"ENSRNOG00000024376",209
"ENSRNOG00000068732",0
"ENSRNOG00000066645",0
"ENSRNOG00000066415",142
"ENSRNOG00000064905",50
"ENSRNOG00000063144",132
"ENSRNOG00000020020",2681
"ENSRNOG00000038647",0
"ENSRNOG00000071050",114
"ENSRNOG00000064652",27
"ENSRNOG00000063370",0
"ENSRNOG00000065440",0
"ENSRNOG00000032913",163
"ENSRNOG00000026387",1
"ENSRNOG00000052945",1071
"ENSRNOG00000017367",9
"ENSRNOG00000046439",321
"ENSRNOG00000026569",2
"ENSRNOG00000047748",0
"ENSRNOG00000028767",2
"ENSRNOG00000033755",0
"ENSRNOG00000049810",0
"ENSRNOG00000070461",0
"ENSRNOG00000032062",0
"ENSRNOG00000010967",1809
"ENSRNOG00000062629",135
"ENSRNOG00000049902",0
"ENSRNOG00000016218",2347
"ENSRNOG00000033146",896
"ENSRNOG00000057670",0
"ENSRNOG00000027855",0
"ENSRNOG00000017804",7
"ENSRNOG00000016284",1
"ENSRNOG00000066198",43
"ENSRNOG00000067742",6
"ENSRNOG00000027843",0
"ENSRNOG00000017299",1371
"ENSRNOG00000060745",0
"ENSRNOG00000027096",8
"ENSRNOG00000016274",948
"ENSRNOG00000016023",2790
"ENSRNOG00000016829",714
"ENSRNOG00000013165",699
"ENSRNOG00000016877",32
"ENSRNOG00000015442",4469
"ENSRNOG00000067909",41
"ENSRNOG00000066409",0
"ENSRNOG00000065158",2
"ENSRNOG00000069688",0
"ENSRNOG00000017810",315
"ENSRNOG00000069979",3
"ENSRNOG00000015491",674
"ENSRNOG00000050348",172
"ENSRNOG00000064948",0
"ENSRNOG00000020945",0
"ENSRNOG00000068548",0
"ENSRNOG00000017127",13911
"ENSRNOG00000025857",0
"ENSRNOG00000069446",3
"ENSRNOG00000065923",0
"ENSRNOG00000017837",309
"ENSRNOG00000053536",0
"ENSRNOG00000032117",0
"ENSRNOG00000053828",500
"ENSRNOG00000063305",0
"ENSRNOG00000068574",557
"ENSRNOG00000038479",0
"ENSRNOG00000052506",5128
"ENSRNOG00000025061",323
"ENSRNOG00000013813",218
"ENSRNOG00000027942",5
"ENSRNOG00000012156",664
"ENSRNOG00000020723",1965
"ENSRNOG00000030698",4
"ENSRNOG00000020857",1135
"ENSRNOG00000069660",0
"ENSRNOG00000012665",331
"ENSRNOG00000018708",2004
"ENSRNOG00000038622",251
"ENSRNOG00000018561",2446
"ENSRNOG00000067958",1
"ENSRNOG00000059303",0
"ENSRNOG00000067320",0
"ENSRNOG00000015156",0
"ENSRNOG00000068676",0
"ENSRNOG00000016302",75
"ENSRNOG00000027733",0
"ENSRNOG00000017872",11
"ENSRNOG00000056753",904
"ENSRNOG00000069605",846
"ENSRNOG00000059074",0
"ENSRNOG00000018729",1328
"ENSRNOG00000042441",3
"ENSRNOG00000016377",182
"ENSRNOG00000018642",1170
"ENSRNOG00000018752",229
"ENSRNOG00000013256",1446
"ENSRNOG00000031628",73
"ENSRNOG00000018718",552
"ENSRNOG00000067708",0
"ENSRNOG00000061147",257
"ENSRNOG00000030934",0
"ENSRNOG00000018765",611
"ENSRNOG00000016279",1
"ENSRNOG00000016656",2
"ENSRNOG00000013828",206
"ENSRNOG00000065524",0
"ENSRNOG00000013967",2
"ENSRNOG00000066970",0
"ENSRNOG00000028628",972
"ENSRNOG00000018066",362
"ENSRNOG00000046037",0
"ENSRNOG00000048166",274
"ENSRNOG00000013615",0
"ENSRNOG00000014891",617
"ENSRNOG00000069460",0
"ENSRNOG00000026048",8236
"ENSRNOG00000016635",750
"ENSRNOG00000016750",0
"ENSRNOG00000068064",0
"ENSRNOG00000060867",0
"ENSRNOG00000019448",0
"ENSRNOG00000064189",0
"ENSRNOG00000047349",0
"ENSRNOG00000015932",725
"ENSRNOG00000025781",6
"ENSRNOG00000020305",0
"ENSRNOG00000018119",326
"ENSRNOG00000016112",40
"ENSRNOG00000011287",1358
"ENSRNOG00000017944",98
"ENSRNOG00000014109",1436
"ENSRNOG00000018598",1066
"ENSRNOG00000016456",264
"ENSRNOG00000013519",2
"ENSRNOG00000042826",62
"ENSRNOG00000017901",0
"ENSRNOG00000025805",5
"ENSRNOG00000028807",0
"ENSRNOG00000063577",279
"ENSRNOG00000018327",2
"ENSRNOG00000064335",0
"ENSRNOG00000058436",1
"ENSRNOG00000062591",26
"ENSRNOG00000043341",153
"ENSRNOG00000016075",0
"ENSRNOG00000042547",571
"ENSRNOG00000070251",0
"ENSRNOG00000017349",676
"ENSRNOG00000067912",0
"ENSRNOG00000064925",0
"ENSRNOG00000020567",2679
"ENSRNOG00000069718",0
"ENSRNOG00000024602",1476
"ENSRNOG00000055996",0
"ENSRNOG00000070809",0
"ENSRNOG00000071097",0
"ENSRNOG00000017751",3032
"ENSRNOG00000036585",365
"ENSRNOG00000015707",0
"ENSRNOG00000063051",0
"ENSRNOG00000020455",1
"ENSRNOG00000018384",1038
"ENSRNOG00000017645",6
"ENSRNOG00000065599",0
"ENSRNOG00000019721",567
"ENSRNOG00000046602",18
"ENSRNOG00000020460",1899
"ENSRNOG00000055581",0
"ENSRNOG00000027491",8528
"ENSRNOG00000020047",372
"ENSRNOG00000053450",9116
"ENSRNOG00000020813",17968
"ENSRNOG00000068980",0
"ENSRNOG00000020463",345
"ENSRNOG00000064987",0
"ENSRNOG00000017822",2846
"ENSRNOG00000027705",0
"ENSRNOG00000063376",0
"ENSRNOG00000056257",8
"ENSRNOG00000062727",0
"ENSRNOG00000068906",0
"ENSRNOG00000012566",5
"ENSRNOG00000070874",0
"ENSRNOG00000058842",115
"ENSRNOG00000065537",0
"ENSRNOG00000036624",0
"ENSRNOG00000064964",0
"ENSRNOG00000023668",1317
"ENSRNOG00000048635",0
"ENSRNOG00000066840",3
"ENSRNOG00000020998",1
"ENSRNOG00000046455",82
"ENSRNOG00000051262",4
"ENSRNOG00000029588",0
"ENSRNOG00000068723",0
"ENSRNOG00000015254",0
"ENSRNOG00000002641",0
"ENSRNOG00000042030",0
"ENSRNOG00000054417",4
"ENSRNOG00000047884",0
"ENSRNOG00000069076",0
"ENSRNOG00000068098",0
"ENSRNOG00000051570",38
"ENSRNOG00000016117",9042
"ENSRNOG00000029702",0
"ENSRNOG00000050994",1979
"ENSRNOG00000070857",2
"ENSRNOG00000069762",0
"ENSRNOG00000055229",9166
"ENSRNOG00000019170",3
"ENSRNOG00000067209",0
"ENSRNOG00000020475",444
"ENSRNOG00000020993",0
"ENSRNOG00000042620",7414
"ENSRNOG00000066489",6
"ENSRNOG00000014650",360
"ENSRNOG00000069067",2
"ENSRNOG00000027564",10
"ENSRNOG00000038674",0
"ENSRNOG00000021001",4
"ENSRNOG00000063294",0
"ENSRNOG00000067618",164
"ENSRNOG00000069466",1
"ENSRNOG00000062655",0
"ENSRNOG00000014890",1723
"ENSRNOG00000014041",282
"ENSRNOG00000015071",3
"ENSRNOG00000021150",897
"ENSRNOG00000057050",0
"ENSRNOG00000018944",195
"ENSRNOG00000021005",1231
"ENSRNOG00000014935",517
"ENSRNOG00000058422",14
"ENSRNOG00000016833",5181
"ENSRNOG00000067452",0
"ENSRNOG00000054371",45
"ENSRNOG00000056038",717
"ENSRNOG00000058909",4338
"ENSRNOG00000032891",0
"ENSRNOG00000059572",1396
"ENSRNOG00000012110",11
"ENSRNOG00000052600",1712
"ENSRNOG00000059741",6
"ENSRNOG00000061893",312
"ENSRNOG00000053728",400
"ENSRNOG00000053234",1399
"ENSRNOG00000025523",880
"ENSRNOG00000061039",189
"ENSRNOG00000020975",484
"ENSRNOG00000056098",307
"ENSRNOG00000060293",236
"ENSRNOG00000014816",8
"ENSRNOG00000069294",0
"ENSRNOG00000070866",0
"ENSRNOG00000017406",2360
"ENSRNOG00000057895",0
"ENSRNOG00000055716",7
"ENSRNOG00000025520",0
"ENSRNOG00000063395",327
"ENSRNOG00000070567",4
"ENSRNOG00000021996",0
"ENSRNOG00000022273",441
"ENSRNOG00000057848",0
"ENSRNOG00000034078",1020
"ENSRNOG00000013552",1282
"ENSRNOG00000054438",11
"ENSRNOG00000065831",0
"ENSRNOG00000069540",0
"ENSRNOG00000062686",284
"ENSRNOG00000021913",0
"ENSRNOG00000065082",0
"ENSRNOG00000064874",0
"ENSRNOG00000011130",0
"ENSRNOG00000064372",0
"ENSRNOG00000017136",9
"ENSRNOG00000054736",0
"ENSRNOG00000017321",611
"ENSRNOG00000065884",0
"ENSRNOG00000065811",0
"ENSRNOG00000055093",198
"ENSRNOG00000012258",831
"ENSRNOG00000067119",0
"ENSRNOG00000066547",0
"ENSRNOG00000020950",2708
"ENSRNOG00000064803",0
"ENSRNOG00000013413",18
"ENSRNOG00000021727",0
"ENSRNOG00000067432",0
"ENSRNOG00000071139",0
"ENSRNOG00000070422",821
"ENSRNOG00000063336",0
"ENSRNOG00000067548",0
"ENSRNOG00000015124",2898
"ENSRNOG00000069535",0
"ENSRNOG00000068073",0
"ENSRNOG00000020562",339
"ENSRNOG00000066194",0
"ENSRNOG00000030210",73
"ENSRNOG00000070026",0
"ENSRNOG00000066085",0
"ENSRNOG00000018494",796
"ENSRNOG00000065915",0
"ENSRNOG00000063465",0
"ENSRNOG00000024239",7953
"ENSRNOG00000065984",0
"ENSRNOG00000069148",0
"ENSRNOG00000021007",732
"ENSRNOG00000069937",0
"ENSRNOG00000012736",658
"ENSRNOG00000027423",0
"ENSRNOG00000015137",76
"ENSRNOG00000010230",1269
"ENSRNOG00000058003",12819
"ENSRNOG00000015743",0
"ENSRNOG00000020980",1
"ENSRNOG00000024712",0
"ENSRNOG00000019048",702
"ENSRNOG00000015671",0
"ENSRNOG00000008890",108
"ENSRNOG00000019091",1630
"ENSRNOG00000019534",3190
"ENSRNOG00000015724",0
"ENSRNOG00000063495",0
"ENSRNOG00000032554",79
"ENSRNOG00000065646",0
"ENSRNOG00000009460",2163
"ENSRNOG00000068072",0
"ENSRNOG00000014253",0
"ENSRNOG00000021010",507
"ENSRNOG00000064951",0
"ENSRNOG00000019189",686
"ENSRNOG00000018532",685
"ENSRNOG00000009812",2701
"ENSRNOG00000067757",0
"ENSRNOG00000010958",2814
"ENSRNOG00000014940",1
"ENSRNOG00000013975",46
"ENSRNOG00000062728",443
"ENSRNOG00000018704",3243
"ENSRNOG00000069754",0
"ENSRNOG00000062573",1659
"ENSRNOG00000014160",996
"ENSRNOG00000017908",0
"ENSRNOG00000042232",1
"ENSRNOG00000020892",6795
"ENSRNOG00000014582",690
"ENSRNOG00000013817",0
"ENSRNOG00000048562",930
"ENSRNOG00000060136",0
"ENSRNOG00000056817",0
"ENSRNOG00000023140",11
"ENSRNOG00000051680",1020
"ENSRNOG00000014971",8
"ENSRNOG00000029810",1952
"ENSRNOG00000053141",4
"ENSRNOG00000061215",75
"ENSRNOG00000042084",43
"ENSRNOG00000020446",27
"ENSRNOG00000014590",0
"ENSRNOG00000019103",451
"ENSRNOG00000025793",454
"ENSRNOG00000020025",449
"ENSRNOG00000010427",3874
"ENSRNOG00000036647",0
"ENSRNOG00000027770",868
"ENSRNOG00000019890",0
"ENSRNOG00000043296",0
"ENSRNOG00000017403",94
"ENSRNOG00000017976",0
"ENSRNOG00000017964",0
"ENSRNOG00000036601",121
"ENSRNOG00000015516",137
"ENSRNOG00000018262",74
"ENSRNOG00000046181",9
"ENSRNOG00000047945",0
"ENSRNOG00000029501",2
"ENSRNOG00000025444",0
"ENSRNOG00000069966",8
"ENSRNOG00000063879",0
"ENSRNOG00000017158",7231
"ENSRNOG00000071021",0
"ENSRNOG00000018468",4048
"ENSRNOG00000036675",1
"ENSRNOG00000047386",5037
"ENSRNOG00000019372",670
"ENSRNOG00000017977",4704
"ENSRNOG00000063613",592
"ENSRNOG00000017767",4221
"ENSRNOG00000017524",0
"ENSRNOG00000018020",384
"ENSRNOG00000042552",0
"ENSRNOG00000013176",1293
"ENSRNOG00000009523",760
"ENSRNOG00000018257",39
"ENSRNOG00000051957",178
"ENSRNOG00000016980",0
"ENSRNOG00000015368",0
"ENSRNOG00000031211",0
"ENSRNOG00000015894",2075
"ENSRNOG00000043225",659
"ENSRNOG00000013744",221
"ENSRNOG00000019356",640
"ENSRNOG00000013713",2
"ENSRNOG00000026579",17
"ENSRNOG00000013591",11
"ENSRNOG00000069185",1174
"ENSRNOG00000019708",878
"ENSRNOG00000014652",0
"ENSRNOG00000026086",0
"ENSRNOG00000019745",3
"ENSRNOG00000013290",7
"ENSRNOG00000015716",0
"ENSRNOG00000019468",3
"ENSRNOG00000030682",0
"ENSRNOG00000019825",127
"ENSRNOG00000013934",2021
"ENSRNOG00000020300",257
"ENSRNOG00000019832",945
"ENSRNOG00000016063",2826
"ENSRNOG00000051534",26
"ENSRNOG00000012911",902
"ENSRNOG00000070529",17
"ENSRNOG00000059968",875
"ENSRNOG00000070112",980
"ENSRNOG00000031485",405
"ENSRNOG00000036758",57
"ENSRNOG00000020113",751
"ENSRNOG00000016013",138
"ENSRNOG00000019693",479
"ENSRNOG00000070449",0
"ENSRNOG00000063290",0
"ENSRNOG00000020332",41
"ENSRNOG00000015444",0
"ENSRNOG00000018604",1559
"ENSRNOG00000047871",0
"ENSRNOG00000060070",0
"ENSRNOG00000016986",0
"ENSRNOG00000049181",851
"ENSRNOG00000062507",0
"ENSRNOG00000069683",6
"ENSRNOG00000021766",0
"ENSRNOG00000062932",0
"ENSRNOG00000030215",0
"ENSRNOG00000015673",0
"ENSRNOG00000066644",0
"ENSRNOG00000069369",74
"ENSRNOG00000047528",0
"ENSRNOG00000042648",0
"ENSRNOG00000015689",0
"ENSRNOG00000036742",4337
"ENSRNOG00000015310",38
"ENSRNOG00000027456",33
"ENSRNOG00000067622",0
"ENSRNOG00000069448",0
"ENSRNOG00000016292",24
"ENSRNOG00000019950",119
"ENSRNOG00000019794",0
"ENSRNOG00000017260",843
"ENSRNOG00000064034",0
"ENSRNOG00000020010",198
"ENSRNOG00000016343",19
"ENSRNOG00000032929",392
"ENSRNOG00000028473",0
"ENSRNOG00000021332",0
"ENSRNOG00000027213",0
"ENSRNOG00000019613",0
"ENSRNOG00000057003",0
"ENSRNOG00000015811",0
"ENSRNOG00000026942",1776
"ENSRNOG00000066182",0
"ENSRNOG00000070041",0
"ENSRNOG00000024144",2154
"ENSRNOG00000011001",0
"ENSRNOG00000016748",644
"ENSRNOG00000064264",0
"ENSRNOG00000070311",0
"ENSRNOG00000017622",1834
"ENSRNOG00000010752",402
"ENSRNOG00000062870",792
"ENSRNOG00000023833",0
"ENSRNOG00000019662",179
"ENSRNOG00000062971",0
"ENSRNOG00000017039",0
"ENSRNOG00000020179",1468
"ENSRNOG00000064434",0
"ENSRNOG00000026754",2070
"ENSRNOG00000018164",3199
"ENSRNOG00000009910",538
"ENSRNOG00000029740",14
"ENSRNOG00000026503",11
"ENSRNOG00000019740",902
"ENSRNOG00000017241",487
"ENSRNOG00000036572",167
"ENSRNOG00000046211",354
"ENSRNOG00000022619",24446
"ENSRNOG00000022732",383
"ENSRNOG00000020248",0
"ENSRNOG00000020376",737
"ENSRNOG00000020339",33
"ENSRNOG00000047545",3
"ENSRNOG00000020346",1
"ENSRNOG00000036633",9
"ENSRNOG00000014574",144
"ENSRNOG00000015235",90
"ENSRNOG00000020349",323
"ENSRNOG00000020353",4007
"ENSRNOG00000050585",7702
"ENSRNOG00000048708",862
"ENSRNOG00000014758",0
"ENSRNOG00000020385",1471
"ENSRNOG00000016172",3600
"ENSRNOG00000046530",1006
"ENSRNOG00000017438",1
"ENSRNOG00000045752",1496
"ENSRNOG00000012552",2035
"ENSRNOG00000066831",0
"ENSRNOG00000015082",0
"ENSRNOG00000022099",1
"ENSRNOG00000020440",3620
"ENSRNOG00000012584",31
"ENSRNOG00000012820",5341
"ENSRNOG00000053923",2350
"ENSRNOG00000057989",10
"ENSRNOG00000022635",1530
"ENSRNOG00000046769",1386
"ENSRNOG00000024194",743
"ENSRNOG00000026204",1036
"ENSRNOG00000067387",37
"ENSRNOG00000015221",13810
"ENSRNOG00000010915",3928
"ENSRNOG00000066141",0
"ENSRNOG00000015713",5994
"ENSRNOG00000063805",0
"ENSRNOG00000016948",1187
"ENSRNOG00000068578",0
"ENSRNOG00000067647",0
"ENSRNOG00000020424",498
"ENSRNOG00000017656",0
"ENSRNOG00000046566",0
"ENSRNOG00000057623",5389
"ENSRNOG00000012763",601
"ENSRNOG00000017201",1175
"ENSRNOG00000014691",51
"ENSRNOG00000056216",1106
"ENSRNOG00000011745",3170
"ENSRNOG00000070303",272
"ENSRNOG00000056562",637
"ENSRNOG00000018917",0
"ENSRNOG00000065255",12
"ENSRNOG00000070494",0
"ENSRNOG00000011339",2777
"ENSRNOG00000018311",1
"ENSRNOG00000031643",19
"ENSRNOG00000019667",204
"ENSRNOG00000025122",2
"ENSRNOG00000019369",388
"ENSRNOG00000069983",0
"ENSRNOG00000027030",181
"ENSRNOG00000047988",432
"ENSRNOG00000019430",0
"ENSRNOG00000012206",3439
"ENSRNOG00000030807",7834
"ENSRNOG00000019751",8
"ENSRNOG00000014629",268
"ENSRNOG00000017609",0
"ENSRNOG00000017679",0
"ENSRNOG00000047098",0
"ENSRNOG00000064069",0
"ENSRNOG00000050846",361
"ENSRNOG00000066296",0
"ENSRNOG00000062356",0
"ENSRNOG00000051291",175
"ENSRNOG00000069200",0
"ENSRNOG00000069439",0
"ENSRNOG00000071029",0
"ENSRNOG00000061299",0
"ENSRNOG00000070394",0
"ENSRNOG00000030879",0
"ENSRNOG00000030784",0
"ENSRNOG00000029286",0
"ENSRNOG00000029051",0
"ENSRNOG00000016661",0
"ENSRNOG00000024877",0
"ENSRNOG00000024789",0
"ENSRNOG00000068326",0
"ENSRNOG00000042948",0
"ENSRNOG00000064922",0
"ENSRNOG00000017362",0
"ENSRNOG00000056658",39
"ENSRNOG00000016954",0
"ENSRNOG00000063047",0
"ENSRNOG00000018320",685
"ENSRNOG00000063164",0
"ENSRNOG00000068532",0
"ENSRNOG00000011417",521
"ENSRNOG00000017211",0
"ENSRNOG00000059092",2
"ENSRNOG00000064452",0
"ENSRNOG00000064059",2
"ENSRNOG00000011367",57
"ENSRNOG00000068910",0
"ENSRNOG00000050668",0
"ENSRNOG00000066322",0
"ENSRNOG00000068990",0
"ENSRNOG00000062615",1
"ENSRNOG00000062675",1
"ENSRNOG00000065560",0
"ENSRNOG00000067892",202
"ENSRNOG00000067218",337
"ENSRNOG00000062713",433
"ENSRNOG00000069975",7
"ENSRNOG00000068051",11
"ENSRNOG00000069981",0
"ENSRNOG00000069374",0
"ENSRNOG00000070940",1
"ENSRNOG00000065005",104
"ENSRNOG00000066426",631
"ENSRNOG00000063937",868
"ENSRNOG00000067172",686
"ENSRNOG00000064879",0
"ENSRNOG00000058035",0
"ENSRNOG00000070479",1665
"ENSRNOG00000066155",170
"ENSRNOG00000065878",0
"ENSRNOG00000063114",0
"ENSRNOG00000067163",334
"ENSRNOG00000068841",3
"ENSRNOG00000070929",0
"ENSRNOG00000059944",0
"ENSRNOG00000068916",501
"ENSRNOG00000067570",0
"ENSRNOG00000070101",5
"ENSRNOG00000062328",2737
"ENSRNOG00000064552",0
"ENSRNOG00000067881",0
"ENSRNOG00000064807",54
"ENSRNOG00000069055",0
"ENSRNOG00000051306",0
"ENSRNOG00000067339",5
"ENSRNOG00000067663",100
"ENSRNOG00000064639",0
"ENSRNOG00000069106",11
"ENSRNOG00000069402",0
"ENSRNOG00000065123",17
"ENSRNOG00000062444",0
"ENSRNOG00000067329",71
"ENSRNOG00000071111",1
"ENSRNOG00000067102",2
"ENSRNOG00000055337",0
"ENSRNOG00000069973",0
"ENSRNOG00000064113",0
"ENSRNOG00000066818",14
"ENSRNOG00000065637",1
"ENSRNOG00000068440",0
"ENSRNOG00000067503",0
"ENSRNOG00000070062",13
"ENSRNOG00000068946",0
"ENSRNOG00000063598",3
"ENSRNOG00000062906",3
"ENSRNOG00000063366",0
"ENSRNOG00000062481",0
"ENSRNOG00000070843",0
"ENSRNOG00000069440",7
"ENSRNOG00000067183",26
"ENSRNOG00000066241",186
"ENSRNOG00000065487",52
"ENSRNOG00000062362",0
"ENSRNOG00000066597",1
"ENSRNOG00000065497",80
"ENSRNOG00000064891",5
"ENSRNOG00000064120",0
"ENSRNOG00000070679",0
"ENSRNOG00000071072",6
"ENSRNOG00000064798",2
"ENSRNOG00000064347",2
"ENSRNOG00000064053",2
"ENSRNOG00000065910",7
"ENSRNOG00000071115",3
"ENSRNOG00000069803",7
"ENSRNOG00000070123",11
"ENSRNOG00000068585",0
"ENSRNOG00000062831",0
"ENSRNOG00000030886",0
"ENSRNOG00000065190",39
"ENSRNOG00000028449",5619
"ENSRNOG00000063029",0
"ENSRNOG00000060587",323
"ENSRNOG00000070609",0
"ENSRNOG00000070852",0
"ENSRNOG00000063212",0
"ENSRNOG00000066091",17
"ENSRNOG00000060288",8226
"ENSRNOG00000038088",0
"ENSRNOG00000063173",0
"ENSRNOG00000014252",371
"ENSRNOG00000068867",0
"ENSRNOG00000063049",0
"ENSRNOG00000065203",0
"ENSRNOG00000038087",7
"ENSRNOG00000064934",7
"ENSRNOG00000016863",10
"ENSRNOG00000067457",0
"ENSRNOG00000063636",4672
"ENSRNOG00000059444",0
"ENSRNOG00000068957",2
"ENSRNOG00000065335",33
"ENSRNOG00000052871",0
"ENSRNOG00000034106",723
"ENSRNOG00000065598",0
"ENSRNOG00000050032",4
"ENSRNOG00000068627",0
"ENSRNOG00000064509",0
"ENSRNOG00000050758",435
"ENSRNOG00000070984",0
"ENSRNOG00000065473",0
"ENSRNOG00000066033",884
"ENSRNOG00000066907",0
"ENSRNOG00000065900",0
"ENSRNOG00000070975",0
"ENSRNOG00000066718",0
"ENSRNOG00000053202",0
"ENSRNOG00000047045",567
"ENSRNOG00000065136",0
"ENSRNOG00000002340",2
"ENSRNOG00000024009",0
"ENSRNOG00000032232",717
"ENSRNOG00000062485",18
"ENSRNOG00000030351",178
"ENSRNOG00000019427",0
"ENSRNOG00000065885",112
"ENSRNOG00000037364",64
"ENSRNOG00000012877",0
"ENSRNOG00000031859",3221
"ENSRNOG00000064044",0
"ENSRNOG00000058668",0
"ENSRNOG00000037348",186
"ENSRNOG00000068795",0
"ENSRNOG00000021128",0
"ENSRNOG00000033021",0
"ENSRNOG00000022703",0
"ENSRNOG00000021037",1
"ENSRNOG00000070585",0
"ENSRNOG00000014242",0
"ENSRNOG00000064327",0
"ENSRNOG00000010172",42
"ENSRNOG00000024429",348
"ENSRNOG00000010146",9
"ENSRNOG00000010158",0
"ENSRNOG00000056928",0
"ENSRNOG00000049257",0
"ENSRNOG00000070574",488
"ENSRNOG00000051333",2
"ENSRNOG00000070736",74
"ENSRNOG00000032204",53
"ENSRNOG00000034206",1
"ENSRNOG00000012349",373
"ENSRNOG00000069120",2
"ENSRNOG00000065989",0
"ENSRNOG00000029233",0
"ENSRNOG00000063878",0
"ENSRNOG00000065475",0
"ENSRNOG00000069657",0
"ENSRNOG00000048071",3
"ENSRNOG00000022941",746
"ENSRNOG00000063715",37
"ENSRNOG00000018078",0
"ENSRNOG00000071147",0
"ENSRNOG00000017922",0
"ENSRNOG00000042782",0
"ENSRNOG00000070801",0
"ENSRNOG00000030042",0
"ENSRNOG00000012071",0
"ENSRNOG00000015893",0
"ENSRNOG00000015901",0
"ENSRNOG00000015909",0
"ENSRNOG00000015924",0
"ENSRNOG00000062518",0
"ENSRNOG00000062378",0
"ENSRNOG00000064549",0
"ENSRNOG00000065494",0
"ENSRNOG00000015940",0
"ENSRNOG00000071019",0
"ENSRNOG00000063534",0
"ENSRNOG00000017387",0
"ENSRNOG00000049480",0
"ENSRNOG00000069450",0
"ENSRNOG00000070883",0
"ENSRNOG00000028802",0
"ENSRNOG00000064717",0
"ENSRNOG00000063203",0
"ENSRNOG00000018508",0
"ENSRNOG00000018506",0
"ENSRNOG00000018503",9
"ENSRNOG00000064536",0
"ENSRNOG00000070164",0
"ENSRNOG00000050377",0
"ENSRNOG00000047148",0
"ENSRNOG00000048369",0
"ENSRNOG00000069168",0
"ENSRNOG00000033350",0
"ENSRNOG00000071207",0
"ENSRNOG00000067982",0
"ENSRNOG00000064338",5
"ENSRNOG00000064173",1
"ENSRNOG00000013596",395
"ENSRNOG00000022863",0
"ENSRNOG00000069093",0
"ENSRNOG00000069847",0
"ENSRNOG00000062736",0
"ENSRNOG00000070280",0
"ENSRNOG00000062707",22
"ENSRNOG00000015691",104
"ENSRNOG00000067382",0
"ENSRNOG00000065902",41
"ENSRNOG00000063706",0
"ENSRNOG00000069617",33
"ENSRNOG00000070569",0
"ENSRNOG00000016408",1284
"ENSRNOG00000019455",306
"ENSRNOG00000069092",45
"ENSRNOG00000013790",2399
"ENSRNOG00000020893",651
"ENSRNOG00000062446",0
"ENSRNOG00000062864",17
"ENSRNOG00000068207",641
"ENSRNOG00000068917",9
"ENSRNOG00000065221",0
"ENSRNOG00000053392",0
"ENSRNOG00000066968",0
"ENSRNOG00000066506",0
"ENSRNOG00000062875",55
"ENSRNOG00000009468",1
"ENSRNOG00000063736",39
"ENSRNOG00000069752",0
"ENSRNOG00000067200",1
"ENSRNOG00000064252",1
"ENSRNOG00000052649",2
"ENSRNOG00000067004",50
"ENSRNOG00000000096",272
"ENSRNOG00000014385",17
"ENSRNOG00000011135",507
"ENSRNOG00000022511",0
"ENSRNOG00000066793",296
"ENSRNOG00000066286",0
"ENSRNOG00000065871",0
"ENSRNOG00000065021",142
"ENSRNOG00000069279",43
"ENSRNOG00000062826",7
"ENSRNOG00000062622",0
"ENSRNOG00000068500",0
"ENSRNOG00000009792",0
"ENSRNOG00000052367",0
"ENSRNOG00000015821",1
"ENSRNOG00000052903",0
"ENSRNOG00000069848",0
"ENSRNOG00000067565",8
"ENSRNOG00000014000",696
"ENSRNOG00000067235",64
"ENSRNOG00000064348",0
"ENSRNOG00000070892",0
"ENSRNOG00000070333",0
"ENSRNOG00000028120",357
"ENSRNOG00000062674",103
"ENSRNOG00000016580",5825
"ENSRNOG00000065909",49
"ENSRNOG00000009548",181
"ENSRNOG00000066263",0
"ENSRNOG00000065748",0
"ENSRNOG00000059640",0
"ENSRNOG00000016878",24
"ENSRNOG00000020420",1
"ENSRNOG00000070241",457
"ENSRNOG00000063312",10
"ENSRNOG00000033028",0
"ENSRNOG00000065226",127
"ENSRNOG00000070625",1
"ENSRNOG00000064644",0
"ENSRNOG00000019023",1711
"ENSRNOG00000068287",0
"ENSRNOG00000024213",1468
"ENSRNOG00000038176",1
"ENSRNOG00000067530",0
"ENSRNOG00000069285",0
"ENSRNOG00000064365",0
"ENSRNOG00000070468",1
"ENSRNOG00000050321",946
"ENSRNOG00000020307",0
"ENSRNOG00000065725",4
"ENSRNOG00000068643",0
"ENSRNOG00000069542",75
"ENSRNOG00000069696",0
"ENSRNOG00000067311",1618
"ENSRNOG00000069031",8
"ENSRNOG00000000091",448
"ENSRNOG00000065363",5
"ENSRNOG00000053939",3
"ENSRNOG00000067758",454
"ENSRNOG00000009388",0
"ENSRNOG00000065468",6
"ENSRNOG00000066808",0
"ENSRNOG00000019671",429
"ENSRNOG00000066942",3593
"ENSRNOG00000010342",0
"ENSRNOG00000067397",6
"ENSRNOG00000065602",5491
"ENSRNOG00000069177",0
"ENSRNOG00000016387",935
"ENSRNOG00000013282",1
"ENSRNOG00000064826",11
"ENSRNOG00000009555",33
"ENSRNOG00000063292",0
"ENSRNOG00000063898",5
"ENSRNOG00000062616",1
"ENSRNOG00000063887",0
"ENSRNOG00000069709",614
"ENSRNOG00000062733",36
"ENSRNOG00000013886",0
"ENSRNOG00000047137",3480
"ENSRNOG00000000095",376
"ENSRNOG00000026059",16
"ENSRNOG00000058324",0
"ENSRNOG00000066623",9
"ENSRNOG00000064711",40
"ENSRNOG00000050343",417
"ENSRNOG00000067315",128
"ENSRNOG00000016872",7
"ENSRNOG00000065873",95
"ENSRNOG00000065683",30
"ENSRNOG00000067598",4
"ENSRNOG00000046947",28
"ENSRNOG00000069186",0
"ENSRNOG00000064998",63
"ENSRNOG00000071162",0
"ENSRNOG00000032002",5
"ENSRNOG00000042222",0
"ENSRNOG00000062522",0
"ENSRNOG00000010482",0
"ENSRNOG00000060538",120
"ENSRNOG00000015226",515
"ENSRNOG00000017376",0
"ENSRNOG00000019296",9
"ENSRNOG00000042814",20
"ENSRNOG00000069952",0
"ENSRNOG00000061414",0
"ENSRNOG00000065240",0
"ENSRNOG00000025219",1
"ENSRNOG00000042068",185
"ENSRNOG00000062390",0
"ENSRNOG00000070868",2
"ENSRNOG00000064965",28
"ENSRNOG00000048043",4340
"ENSRNOG00000065997",0
"ENSRNOG00000017998",0
"ENSRNOG00000009533",2
"ENSRNOG00000068387",2
"ENSRNOG00000067940",31
"ENSRNOG00000062438",297
"ENSRNOG00000063006",10
"ENSRNOG00000017105",1
"ENSRNOG00000064627",8
"ENSRNOG00000069885",0
"ENSRNOG00000062326",30
"ENSRNOG00000027089",876
"ENSRNOG00000065278",14
"ENSRNOG00000021157",0
"ENSRNOG00000064828",135
"ENSRNOG00000031247",31
"ENSRNOG00000060329",224
"ENSRNOG00000066816",7
"ENSRNOG00000068223",0
"ENSRNOG00000069675",0
"ENSRNOG00000049523",6
"ENSRNOG00000054767",2
"ENSRNOG00000015925",452
"ENSRNOG00000062883",341
"ENSRNOG00000066664",0
"ENSRNOG00000060159",0
"ENSRNOG00000070570",0
"ENSRNOG00000042536",494
"ENSRNOG00000071119",88
"ENSRNOG00000011107",0
"ENSRNOG00000066610",0
"ENSRNOG00000021176",696
"ENSRNOG00000043478",0
"ENSRNOG00000059822",0
"ENSRNOG00000021110",5
"ENSRNOG00000065721",0
"ENSRNOG00000065245",0
"ENSRNOG00000018068",63
"ENSRNOG00000064913",0
"ENSRNOG00000061462",1
"ENSRNOG00000020330",320
"ENSRNOG00000057843",0
"ENSRNOG00000058131",0
"ENSRNOG00000017874",0
"ENSRNOG00000057642",0
"ENSRNOG00000040166",0
"ENSRNOG00000011973",140
"ENSRNOG00000051936",0
"ENSRNOG00000069295",0
"ENSRNOG00000024119",0
"ENSRNOG00000021216",500
"ENSRNOG00000021209",128
"ENSRNOG00000068641",0
"ENSRNOG00000063406",8
"ENSRNOG00000068490",0
"ENSRNOG00000067384",6
"ENSRNOG00000067753",317
"ENSRNOG00000051788",0
"ENSRNOG00000069895",74
"ENSRNOG00000063097",16
"ENSRNOG00000067563",7
"ENSRNOG00000054205",0
"ENSRNOG00000064855",46
"ENSRNOG00000020315",171
"ENSRNOG00000054960",0
"ENSRNOG00000064079",0
"ENSRNOG00000053777",0
"ENSRNOG00000033741",181
"ENSRNOG00000068985",203
"ENSRNOG00000011006",0
"ENSRNOG00000013055",730
"ENSRNOG00000065558",0
"ENSRNOG00000068929",0
"ENSRNOG00000058232",1
"ENSRNOG00000056816",0
"ENSRNOG00000063703",0
"ENSRNOG00000045617",0
"ENSRNOG00000028373",0
"ENSRNOG00000068820",1
"ENSRNOG00000055436",0
"ENSRNOG00000066523",3
"ENSRNOG00000021181",2511
"ENSRNOG00000069313",0
"ENSRNOG00000069153",0
"ENSRNOG00000010698",2
"ENSRNOG00000064070",91
"ENSRNOG00000069388",0
"ENSRNOG00000070873",0
"ENSRNOG00000068992",0
"ENSRNOG00000042477",0
"ENSRNOG00000070757",26
"ENSRNOG00000056329",0
"ENSRNOG00000055198",0
"ENSRNOG00000064202",1
"ENSRNOG00000067555",277
"ENSRNOG00000019785",542
"ENSRNOG00000056690",0
"ENSRNOG00000070421",0
"ENSRNOG00000068393",0
"ENSRNOG00000056646",0
"ENSRNOG00000032959",385
"ENSRNOG00000048440",0
"ENSRNOG00000061110",0
"ENSRNOG00000069077",0
"ENSRNOG00000069997",0
"ENSRNOG00000066880",6
"ENSRNOG00000070475",1
"ENSRNOG00000068330",58
"ENSRNOG00000060028",0
"ENSRNOG00000068040",26
"ENSRNOG00000054583",0
"ENSRNOG00000066083",0
"ENSRNOG00000021213",5258
"ENSRNOG00000016306",4
"ENSRNOG00000066136",9
"ENSRNOG00000070258",0
"ENSRNOG00000013217",386
"ENSRNOG00000067289",0
"ENSRNOG00000057368",0
"ENSRNOG00000021324",90
"ENSRNOG00000063809",0
"ENSRNOG00000021201",5977
"ENSRNOG00000011627",4166
"ENSRNOG00000063982",0
"ENSRNOG00000062497",0
"ENSRNOG00000065416",12
"ENSRNOG00000060411",1
"ENSRNOG00000013240",2
"ENSRNOG00000065216",0
"ENSRNOG00000056120",0
"ENSRNOG00000063403",12
"ENSRNOG00000054575",0
"ENSRNOG00000020444",5
"ENSRNOG00000070219",19
"ENSRNOG00000067677",0
"ENSRNOG00000071142",0
"ENSRNOG00000055120",0
"ENSRNOG00000065979",0
"ENSRNOG00000019780",1
"ENSRNOG00000038825",2
"ENSRNOG00000057342",0
"ENSRNOG00000012957",1504
"ENSRNOG00000065491",1
"ENSRNOG00000056100",0
"ENSRNOG00000019607",2
"ENSRNOG00000063429",0
"ENSRNOG00000031136",0
"ENSRNOG00000051599",0
"ENSRNOG00000021217",15
"ENSRNOG00000048118",121
"ENSRNOG00000067913",0
"ENSRNOG00000052781",0
"ENSRNOG00000010023",241
"ENSRNOG00000067456",0
"ENSRNOG00000061186",23
"ENSRNOG00000059078",0
"ENSRNOG00000062746",58
"ENSRNOG00000068782",1
"ENSRNOG00000069042",0
"ENSRNOG00000052362",0
"ENSRNOG00000009899",996
"ENSRNOG00000068875",0
"ENSRNOG00000067196",1
"ENSRNOG00000040201",6
"ENSRNOG00000066259",0
"ENSRNOG00000070273",0
"ENSRNOG00000060127",0
"ENSRNOG00000068448",829
"ENSRNOG00000052744",0
"ENSRNOG00000048363",0
"ENSRNOG00000060714",0
"ENSRNOG00000068328",2
"ENSRNOG00000071052",0
"ENSRNOG00000059759",0
"ENSRNOG00000069951",0
"ENSRNOG00000016298",167
"ENSRNOG00000068355",0
"ENSRNOG00000019465",2780
"ENSRNOG00000055500",0
"ENSRNOG00000051151",880
"ENSRNOG00000059152",0
"ENSRNOG00000052314",0
"ENSRNOG00000020360",598
"ENSRNOG00000052578",0
"ENSRNOG00000066052",0
"ENSRNOG00000014867",268
"ENSRNOG00000059800",0
"ENSRNOG00000053743",0
"ENSRNOG00000064002",20
"ENSRNOG00000054258",0
"ENSRNOG00000070560",0
"ENSRNOG00000018969",80
"ENSRNOG00000011951",448
"ENSRNOG00000070233",1
"ENSRNOG00000019201",943
"ENSRNOG00000009822",137
"ENSRNOG00000065347",1
"ENSRNOG00000012422",161
"ENSRNOG00000018656",3
"ENSRNOG00000064811",0
"ENSRNOG00000012149",413
"ENSRNOG00000024461",0
"ENSRNOG00000050877",200
"ENSRNOG00000016451",12
"ENSRNOG00000021170",236
"ENSRNOG00000028765",2
"ENSRNOG00000032580",0
"ENSRNOG00000024136",212
"ENSRNOG00000063890",0
"ENSRNOG00000063754",0
"ENSRNOG00000013703",297
"ENSRNOG00000061328",102
"ENSRNOG00000012183",861
"ENSRNOG00000064517",0
"ENSRNOG00000069607",0
"ENSRNOG00000030639",121
"ENSRNOG00000015472",0
"ENSRNOG00000043329",33
"ENSRNOG00000029749",0
"ENSRNOG00000017310",352
"ENSRNOG00000016591",735
"ENSRNOG00000014051",1043
"ENSRNOG00000063678",594
"ENSRNOG00000009949",1156
"ENSRNOG00000064861",0
"ENSRNOG00000033830",0
"ENSRNOG00000012471",0
"ENSRNOG00000028225",1
"ENSRNOG00000051480",747
"ENSRNOG00000012799",1141
"ENSRNOG00000020923",199
"ENSRNOG00000018297",1
"ENSRNOG00000026845",6
"ENSRNOG00000033088",4
"ENSRNOG00000015449",0
"ENSRNOG00000057557",0
"ENSRNOG00000012414",1959
"ENSRNOG00000063700",12
"ENSRNOG00000068038",0
"ENSRNOG00000011032",152
"ENSRNOG00000020952",8
"ENSRNOG00000027995",0
"ENSRNOG00000026937",451
"ENSRNOG00000018186",624
"ENSRNOG00000028328",42
"ENSRNOG00000013253",324
"ENSRNOG00000067658",0
"ENSRNOG00000018063",119
"ENSRNOG00000061151",0
"ENSRNOG00000018570",83
"ENSRNOG00000023322",2094
"ENSRNOG00000067445",0
"ENSRNOG00000010640",0
"ENSRNOG00000021173",410
"ENSRNOG00000011800",636
"ENSRNOG00000018662",135
"ENSRNOG00000040297",789
"ENSRNOG00000036877",0
"ENSRNOG00000013683",553
"ENSRNOG00000011875",1
"ENSRNOG00000056177",0
"ENSRNOG00000023837",269
"ENSRNOG00000055433",261
"ENSRNOG00000012723",0
"ENSRNOG00000031588",0
"ENSRNOG00000028319",145
"ENSRNOG00000012660",71035
"ENSRNOG00000019120",90
"ENSRNOG00000018759",0
"ENSRNOG00000062856",618
"ENSRNOG00000022910",0
"ENSRNOG00000014528",226
"ENSRNOG00000049385",620
"ENSRNOG00000065504",0
"ENSRNOG00000017077",504
"ENSRNOG00000030704",3194
"ENSRNOG00000014153",1168
"ENSRNOG00000049994",2
"ENSRNOG00000062828",164
"ENSRNOG00000011181",0
"ENSRNOG00000019046",0
"ENSRNOG00000061747",0
"ENSRNOG00000064672",8
"ENSRNOG00000033051",250
"ENSRNOG00000010888",0
"ENSRNOG00000013397",759
"ENSRNOG00000010560",0
"ENSRNOG00000023373",2961
"ENSRNOG00000065262",0
"ENSRNOG00000064597",0
"ENSRNOG00000011763",4244
"ENSRNOG00000013555",0
"ENSRNOG00000026953",1237
"ENSRNOG00000018673",2252
"ENSRNOG00000057707",0
"ENSRNOG00000013393",1143
"ENSRNOG00000009837",495
"ENSRNOG00000030904",0
"ENSRNOG00000018615",47
"ENSRNOG00000018946",914
"ENSRNOG00000020392",418
"ENSRNOG00000021323",140
"ENSRNOG00000012703",0
"ENSRNOG00000042105",0
"ENSRNOG00000057194",0
"ENSRNOG00000065741",0
"ENSRNOG00000065202",0
"ENSRNOG00000029191",5
"ENSRNOG00000068842",0
"ENSRNOG00000047014",111
"ENSRNOG00000069352",2
"ENSRNOG00000020421",0
"ENSRNOG00000065410",0
"ENSRNOG00000011133",0
"ENSRNOG00000066067",0
"ENSRNOG00000015622",276
"ENSRNOG00000011341",527
"ENSRNOG00000048209",0
"ENSRNOG00000013334",0
"ENSRNOG00000020542",2544
"ENSRNOG00000010556",92
"ENSRNOG00000008765",2
"ENSRNOG00000011261",321
"ENSRNOG00000069715",20
"ENSRNOG00000012481",5
"ENSRNOG00000020438",718
"ENSRNOG00000013313",500
"ENSRNOG00000010866",7
"ENSRNOG00000021012",851
"ENSRNOG00000014333",1010
"ENSRNOG00000032224",1
"ENSRNOG00000009491",1251
"ENSRNOG00000010084",2812
"ENSRNOG00000024046",0
"ENSRNOG00000015573",479
"ENSRNOG00000018236",0
"ENSRNOG00000021670",0
"ENSRNOG00000053325",19
"ENSRNOG00000068970",1
"ENSRNOG00000066474",1
"ENSRNOG00000015678",12
"ENSRNOG00000012199",0
"ENSRNOG00000016146",84
"ENSRNOG00000011383",333
"ENSRNOG00000016842",0
"ENSRNOG00000069649",50
"ENSRNOG00000013662",13
"ENSRNOG00000068087",0
"ENSRNOG00000011977",304
"ENSRNOG00000025462",304
"ENSRNOG00000016339",0
"ENSRNOG00000008721",1
"ENSRNOG00000053599",1764
"ENSRNOG00000051068",0
"ENSRNOG00000011561",848
"ENSRNOG00000068715",1091
"ENSRNOG00000009581",0
"ENSRNOG00000015969",296
"ENSRNOG00000011440",223
"ENSRNOG00000065357",11
"ENSRNOG00000016262",0
"ENSRNOG00000026989",0
"ENSRNOG00000049819",256
"ENSRNOG00000045649",1185
"ENSRNOG00000017821",0
"ENSRNOG00000020744",1056
"ENSRNOG00000011937",168
"ENSRNOG00000042359",3551
"ENSRNOG00000052116",483
"ENSRNOG00000009487",0
"ENSRNOG00000012478",204
"ENSRNOG00000021410",108
"ENSRNOG00000033162",0
"ENSRNOG00000042535",0
"ENSRNOG00000013411",588
"ENSRNOG00000020058",277
"ENSRNOG00000053086",1930
"ENSRNOG00000060626",181
"ENSRNOG00000013719",71
"ENSRNOG00000010280",0
"ENSRNOG00000009057",1273
"ENSRNOG00000016477",1097
"ENSRNOG00000019614",46
"ENSRNOG00000013912",1030
"ENSRNOG00000025371",160
"ENSRNOG00000019508",185
"ENSRNOG00000062002",0
"ENSRNOG00000063864",2408
"ENSRNOG00000014323",977
"ENSRNOG00000039473",0
"ENSRNOG00000057322",58
"ENSRNOG00000059842",0
"ENSRNOG00000049676",0
"ENSRNOG00000021088",18
"ENSRNOG00000017969",1
"ENSRNOG00000013692",121
"ENSRNOG00000018285",0
"ENSRNOG00000064164",0
"ENSRNOG00000052613",319
"ENSRNOG00000062777",356
"ENSRNOG00000066056",3
"ENSRNOG00000020778",13
"ENSRNOG00000009433",29
"ENSRNOG00000054294",2027
"ENSRNOG00000008971",0
"ENSRNOG00000042118",1081
"ENSRNOG00000052873",713
"ENSRNOG00000021160",0
"ENSRNOG00000012563",1261
"ENSRNOG00000031320",0
"ENSRNOG00000020979",2072
"ENSRNOG00000055986",0
"ENSRNOG00000011238",1527
"ENSRNOG00000042327",0
"ENSRNOG00000029212",20433
"ENSRNOG00000028865",1
"ENSRNOG00000028025",2
"ENSRNOG00000011669",312
"ENSRNOG00000069904",0
"ENSRNOG00000012186",1895
"ENSRNOG00000056697",9
"ENSRNOG00000015089",0
"ENSRNOG00000027522",0
"ENSRNOG00000021092",300
"ENSRNOG00000011844",432
"ENSRNOG00000012124",599
"ENSRNOG00000048342",756
"ENSRNOG00000015250",260
"ENSRNOG00000055846",0
"ENSRNOG00000019737",141
"ENSRNOG00000010797",0
"ENSRNOG00000067644",0
"ENSRNOG00000061390",0
"ENSRNOG00000015279",4
"ENSRNOG00000064744",33
"ENSRNOG00000066555",42
"ENSRNOG00000029966",72
"ENSRNOG00000020791",1087
"ENSRNOG00000037655",251
"ENSRNOG00000069452",9
"ENSRNOG00000014066",340
"ENSRNOG00000023908",0
"ENSRNOG00000014795",75
"ENSRNOG00000028097",2
"ENSRNOG00000018293",831
"ENSRNOG00000015686",908
"ENSRNOG00000011076",2520
"ENSRNOG00000013389",36
"ENSRNOG00000020373",786
"ENSRNOG00000031656",706
"ENSRNOG00000067662",0
"ENSRNOG00000016686",719
"ENSRNOG00000014052",0
"ENSRNOG00000018003",19
"ENSRNOG00000022707",1
"ENSRNOG00000016260",66
"ENSRNOG00000068153",42
"ENSRNOG00000066128",416
"ENSRNOG00000047620",581
"ENSRNOG00000067576",13
"ENSRNOG00000064952",0
"ENSRNOG00000066501",2
"ENSRNOG00000064838",54
"ENSRNOG00000049662",91
"ENSRNOG00000014414",1
"ENSRNOG00000016252",135
"ENSRNOG00000064105",202
"ENSRNOG00000069130",1
"ENSRNOG00000021185",197
"ENSRNOG00000010697",2974
"ENSRNOG00000038242",0
"ENSRNOG00000065249",65
"ENSRNOG00000013521",60
"ENSRNOG00000062479",4
"ENSRNOG00000061443",26
"ENSRNOG00000061707",0
"ENSRNOG00000064612",381
"ENSRNOG00000024115",3
"ENSRNOG00000029185",643
"ENSRNOG00000023851",1914
"ENSRNOG00000054204",5
"ENSRNOG00000010124",1030
"ENSRNOG00000021024",2579
"ENSRNOG00000021099",81
"ENSRNOG00000016163",590
"ENSRNOG00000029893",32
"ENSRNOG00000038044",381
"ENSRNOG00000021100",64
"ENSRNOG00000021026",526
"ENSRNOG00000062927",100
"ENSRNOG00000024521",0
"ENSRNOG00000021042",747
"ENSRNOG00000011859",568
"ENSRNOG00000014684",43
"ENSRNOG00000052775",988
"ENSRNOG00000010701",69
"ENSRNOG00000048256",207
"ENSRNOG00000013011",478
"ENSRNOG00000023365",2
"ENSRNOG00000016617",2929
"ENSRNOG00000067220",38
"ENSRNOG00000021168",749
"ENSRNOG00000016552",1008
"ENSRNOG00000012892",13
"ENSRNOG00000069706",0
"ENSRNOG00000008748",612
"ENSRNOG00000015347",23
"ENSRNOG00000009652",1449
"ENSRNOG00000049281",2057
"ENSRNOG00000066767",0
"ENSRNOG00000043370",1050
"ENSRNOG00000069066",0
"ENSRNOG00000063139",0
"ENSRNOG00000058111",140
"ENSRNOG00000062474",22
"ENSRNOG00000042977",96
"ENSRNOG00000067968",2
"ENSRNOG00000064402",0
"ENSRNOG00000019638",3411
"ENSRNOG00000030204",0
"ENSRNOG00000016122",351
"ENSRNOG00000020797",4
"ENSRNOG00000063838",0
"ENSRNOG00000014937",46
"ENSRNOG00000063844",0
"ENSRNOG00000028582",0
"ENSRNOG00000009803",0
"ENSRNOG00000064545",466
"ENSRNOG00000068046",0
"ENSRNOG00000021105",156
"ENSRNOG00000056627",0
"ENSRNOG00000063834",0
"ENSRNOG00000067526",4
"ENSRNOG00000063384",7
"ENSRNOG00000009205",1014
"ENSRNOG00000037341",0
"ENSRNOG00000020139",1107
"ENSRNOG00000023148",34
"ENSRNOG00000010624",1896
"ENSRNOG00000016336",114
"ENSRNOG00000066187",0
"ENSRNOG00000018021",261
"ENSRNOG00000066759",0
"ENSRNOG00000066927",0
"ENSRNOG00000070136",0
"ENSRNOG00000014243",267
"ENSRNOG00000064220",219
"ENSRNOG00000065517",0
"ENSRNOG00000070230",834
"ENSRNOG00000014155",397
"ENSRNOG00000046788",0
"ENSRNOG00000013140",13
"ENSRNOG00000063069",0
"ENSRNOG00000019996",617
"ENSRNOG00000012512",204
"ENSRNOG00000025629",530
"ENSRNOG00000015334",734
"ENSRNOG00000065808",0
"ENSRNOG00000068984",2
"ENSRNOG00000048082",1
"ENSRNOG00000010843",37
"ENSRNOG00000000082",338
"ENSRNOG00000031398",3
"ENSRNOG00000011148",3978
"ENSRNOG00000046703",0
"ENSRNOG00000020485",13
"ENSRNOG00000010980",811
"ENSRNOG00000001601",0
"ENSRNOG00000020696",81
"ENSRNOG00000050075",0
"ENSRNOG00000019412",1
"ENSRNOG00000048459",0
"ENSRNOG00000069431",0
"ENSRNOG00000037149",0
"ENSRNOG00000024848",0
"ENSRNOG00000015812",1523
"ENSRNOG00000010972",0
"ENSRNOG00000011200",0
"ENSRNOG00000056335",0
"ENSRNOG00000050090",1
"ENSRNOG00000055035",0
"ENSRNOG00000058886",0
"ENSRNOG00000020588",476
"ENSRNOG00000069216",0
"ENSRNOG00000018112",0
"ENSRNOG00000009730",0
"ENSRNOG00000000097",2
"ENSRNOG00000017669",217
"ENSRNOG00000067521",0
"ENSRNOG00000040120",0
"ENSRNOG00000067045",0
"ENSRNOG00000042721",0
"ENSRNOG00000056969",53
"ENSRNOG00000043375",1
"ENSRNOG00000065561",0
"ENSRNOG00000070776",0
"ENSRNOG00000016437",9
"ENSRNOG00000020590",1239
"ENSRNOG00000023511",0
"ENSRNOG00000024089",4427
"ENSRNOG00000064953",0
"ENSRNOG00000067338",281
"ENSRNOG00000063005",0
"ENSRNOG00000053997",0
"ENSRNOG00000017664",0
"ENSRNOG00000011146",1412
"ENSRNOG00000069436",2
"ENSRNOG00000010681",24
"ENSRNOG00000070427",0
"ENSRNOG00000033134",553
"ENSRNOG00000024492",434
"ENSRNOG00000057761",346
"ENSRNOG00000057702",1
"ENSRNOG00000070945",27
"ENSRNOG00000007092",1
"ENSRNOG00000064741",4
"ENSRNOG00000066248",0
"ENSRNOG00000062440",0
"ENSRNOG00000021867",2
"ENSRNOG00000064254",0
"ENSRNOG00000065280",150
"ENSRNOG00000016419",3405
"ENSRNOG00000062874",0
"ENSRNOG00000062957",0
"ENSRNOG00000069202",34
"ENSRNOG00000020554",812
"ENSRNOG00000054429",963
"ENSRNOG00000061358",210
"ENSRNOG00000071016",0
"ENSRNOG00000031778",1579
"ENSRNOG00000028529",2
"ENSRNOG00000010960",678
"ENSRNOG00000066237",0
"ENSRNOG00000009903",0
"ENSRNOG00000014046",0
"ENSRNOG00000014154",823
"ENSRNOG00000055760",550
"ENSRNOG00000020860",8
"ENSRNOG00000064956",0
"ENSRNOG00000016544",122
"ENSRNOG00000051869",2
"ENSRNOG00000049213",0
"ENSRNOG00000047188",2
"ENSRNOG00000020621",18
"ENSRNOG00000063238",16
"ENSRNOG00000013035",450
"ENSRNOG00000011893",2132
"ENSRNOG00000070684",0
"ENSRNOG00000060844",1
"ENSRNOG00000058618",5
"ENSRNOG00000062458",0
"ENSRNOG00000065795",1
"ENSRNOG00000010431",0
"ENSRNOG00000058580",1932
"ENSRNOG00000066532",0
"ENSRNOG00000020640",561
"ENSRNOG00000068402",5
"ENSRNOG00000069428",0
"ENSRNOG00000013737",549
"ENSRNOG00000063226",0
"ENSRNOG00000028768",3
"ENSRNOG00000018681",5
"ENSRNOG00000064487",8
"ENSRNOG00000062612",0
"ENSRNOG00000071053",0
"ENSRNOG00000017712",0
"ENSRNOG00000042389",384
"ENSRNOG00000063698",0
"ENSRNOG00000012608",2
"ENSRNOG00000067298",0
"ENSRNOG00000017945",47
"ENSRNOG00000064712",0
"ENSRNOG00000010325",184
"ENSRNOG00000018094",0
"ENSRNOG00000014076",4312
"ENSRNOG00000021359",572
"ENSRNOG00000020811",103
"ENSRNOG00000030253",1
"ENSRNOG00000063023",3
"ENSRNOG00000065793",0
"ENSRNOG00000055450",0
"ENSRNOG00000020573",390
"ENSRNOG00000033940",0
"ENSRNOG00000018835",6824
"ENSRNOG00000066716",0
"ENSRNOG00000018076",15
"ENSRNOG00000034230",0
"ENSRNOG00000070239",0
"ENSRNOG00000015788",0
"ENSRNOG00000065402",57
"ENSRNOG00000017581",115
"ENSRNOG00000029726",1205
"ENSRNOG00000065840",0
"ENSRNOG00000068099",1
"ENSRNOG00000068515",0
"ENSRNOG00000018290",1
"ENSRNOG00000022407",0
"ENSRNOG00000062889",0
"ENSRNOG00000036816",3876
"ENSRNOG00000066598",0
"ENSRNOG00000068420",39
"ENSRNOG00000063930",34
"ENSRNOG00000070434",1
"ENSRNOG00000018903",1671
"ENSRNOG00000062880",56
"ENSRNOG00000020386",4304
"ENSRNOG00000070905",0
"ENSRNOG00000015353",82
"ENSRNOG00000014453",5885
"ENSRNOG00000067984",0
"ENSRNOG00000063298",1
"ENSRNOG00000069403",0
"ENSRNOG00000052343",1258
"ENSRNOG00000064329",0
"ENSRNOG00000011723",278
"ENSRNOG00000012017",69
"ENSRNOG00000063646",0
"ENSRNOG00000066527",0
"ENSRNOG00000047506",206
"ENSRNOG00000070065",27
"ENSRNOG00000037552",6
"ENSRNOG00000070098",4
"ENSRNOG00000065566",0
"ENSRNOG00000068235",1
"ENSRNOG00000063326",74
"ENSRNOG00000063000",598
"ENSRNOG00000030847",15
"ENSRNOG00000068945",2
"ENSRNOG00000064284",55
"ENSRNOG00000032247",0
"ENSRNOG00000069911",0
"ENSRNOG00000021218",1475
"ENSRNOG00000021200",13
"ENSRNOG00000006655",576
"ENSRNOG00000064525",5
"ENSRNOG00000065234",10
"ENSRNOG00000032735",978
"ENSRNOG00000062698",6
"ENSRNOG00000070452",3
"ENSRNOG00000026162",21
"ENSRNOG00000063007",24
"ENSRNOG00000048989",140
"ENSRNOG00000068611",0
"ENSRNOG00000069775",22
"ENSRNOG00000011997",0
"ENSRNOG00000025321",0
"ENSRNOG00000042561",1700
"ENSRNOG00000019885",323
"ENSRNOG00000064959",0
"ENSRNOG00000018716",54
"ENSRNOG00000019090",3442
"ENSRNOG00000009851",116
"ENSRNOG00000063785",14
"ENSRNOG00000013048",308
"ENSRNOG00000017502",798
"ENSRNOG00000013736",0
"ENSRNOG00000014550",0
"ENSRNOG00000067624",0
"ENSRNOG00000011384",299
"ENSRNOG00000036980",51
"ENSRNOG00000062760",0
"ENSRNOG00000015781",156
"ENSRNOG00000031115",0
"ENSRNOG00000064129",6
"ENSRNOG00000013771",15
"ENSRNOG00000010695",858
"ENSRNOG00000054277",0
"ENSRNOG00000063027",2
"ENSRNOG00000032427",0
"ENSRNOG00000060831",0
"ENSRNOG00000024928",0
"ENSRNOG00000068263",182
"ENSRNOG00000065778",0
"ENSRNOG00000069536",0
"ENSRNOG00000059441",0
"ENSRNOG00000011454",453
"ENSRNOG00000042781",33
"ENSRNOG00000009602",0
"ENSRNOG00000017392",10
"ENSRNOG00000037196",0
"ENSRNOG00000066674",0
"ENSRNOG00000040279",161
"ENSRNOG00000066302",0
"ENSRNOG00000013356",1712
"ENSRNOG00000070222",0
"ENSRNOG00000024733",22
"ENSRNOG00000020657",2625
"ENSRNOG00000001271",724
"ENSRNOG00000027540",526
"ENSRNOG00000064990",0
"ENSRNOG00000009310",325
"ENSRNOG00000070484",0
"ENSRNOG00000017249",1
"ENSRNOG00000019620",203
"ENSRNOG00000021186",0
"ENSRNOG00000009339",318
"ENSRNOG00000065693",0
"ENSRNOG00000017494",274
"ENSRNOG00000061582",1960
"ENSRNOG00000065310",0
"ENSRNOG00000019281",1838
"ENSRNOG00000063052",0
"ENSRNOG00000012760",1203
"ENSRNOG00000012099",800
"ENSRNOG00000068872",0
"ENSRNOG00000014515",235
"ENSRNOG00000016351",516
"ENSRNOG00000020663",777
"ENSRNOG00000012410",136
"ENSRNOG00000019565",304
"ENSRNOG00000029071",1435
"ENSRNOG00000069413",1
"ENSRNOG00000019414",1
"ENSRNOG00000018746",958
"ENSRNOG00000028310",0
"ENSRNOG00000031248",0
"ENSRNOG00000032463",463
"ENSRNOG00000023073",0
"ENSRNOG00000025269",982
"ENSRNOG00000070658",0
"ENSRNOG00000064486",45
"ENSRNOG00000012053",207
"ENSRNOG00000010827",513
"ENSRNOG00000010661",0
"ENSRNOG00000019670",266
"ENSRNOG00000012008",49
"ENSRNOG00000030171",0
"ENSRNOG00000016243",874
"ENSRNOG00000011821",1651
"ENSRNOG00000065139",280
"ENSRNOG00000016164",0
"ENSRNOG00000011748",0
"ENSRNOG00000063101",0
"ENSRNOG00000011647",3147
"ENSRNOG00000066226",9
"ENSRNOG00000020500",4383
"ENSRNOG00000037082",11
"ENSRNOG00000033352",0
"ENSRNOG00000014479",1371
"ENSRNOG00000011557",0
"ENSRNOG00000046881",0
"ENSRNOG00000011483",0
"ENSRNOG00000012058",2
"ENSRNOG00000058609",21
"ENSRNOG00000060988",0
"ENSRNOG00000037217",15
"ENSRNOG00000013252",165
"ENSRNOG00000038366",182
"ENSRNOG00000020013",126
"ENSRNOG00000010603",0
"ENSRNOG00000011752",459
"ENSRNOG00000033560",502
"ENSRNOG00000011623",0
"ENSRNOG00000070759",0
"ENSRNOG00000064237",0
"ENSRNOG00000000098",1086
"ENSRNOG00000065518",4
"ENSRNOG00000024039",550
"ENSRNOG00000012549",1801
"ENSRNOG00000025025",516
"ENSRNOG00000020518",1776
"ENSRNOG00000060939",4261
"ENSRNOG00000025377",1
"ENSRNOG00000069195",0
"ENSRNOG00000030049",194
"ENSRNOG00000013940",6
"ENSRNOG00000038436",2544
"ENSRNOG00000023803",20
"ENSRNOG00000018937",1041
"ENSRNOG00000048258",902
"ENSRNOG00000015117",158
"ENSRNOG00000068303",0
"ENSRNOG00000047108",0
"ENSRNOG00000019058",2
"ENSRNOG00000024208",0
"ENSRNOG00000064584",1183
"ENSRNOG00000009990",848
"ENSRNOG00000031067",0
"ENSRNOG00000028930",3627
"ENSRNOG00000013953",0
"ENSRNOG00000013538",5087
"ENSRNOG00000015140",92
"ENSRNOG00000056325",459
"ENSRNOG00000038330",60
"ENSRNOG00000033693",0
"ENSRNOG00000014002",308
"ENSRNOG00000018193",203
"ENSRNOG00000016550",14
"ENSRNOG00000065128",2
"ENSRNOG00000031974",0
"ENSRNOG00000010575",212
"ENSRNOG00000016541",1089
"ENSRNOG00000030237",466
"ENSRNOG00000020272",6
"ENSRNOG00000013660",700
"ENSRNOG00000009808",539
"ENSRNOG00000009980",388
"ENSRNOG00000015211",43
"ENSRNOG00000071130",0
"ENSRNOG00000019328",1644
"ENSRNOG00000010274",573
"ENSRNOG00000055839",0
"ENSRNOG00000069322",0
"ENSRNOG00000068300",0
"ENSRNOG00000059275",0
"ENSRNOG00000013741",7921
"ENSRNOG00000067967",0
"ENSRNOG00000062483",0
"ENSRNOG00000058654",246
"ENSRNOG00000057918",0
"ENSRNOG00000066745",0
"ENSRNOG00000056991",0
"ENSRNOG00000063017",0
"ENSRNOG00000070969",0
"ENSRNOG00000023640",3
"ENSRNOG00000029209",2708
"ENSRNOG00000070213",0
"ENSRNOG00000028749",301
"ENSRNOG00000053707",0
"ENSRNOG00000061349",5
"ENSRNOG00000050514",84
"ENSRNOG00000054199",0
"ENSRNOG00000059307",0
"ENSRNOG00000010515",482
"ENSRNOG00000014350",478
"ENSRNOG00000051865",0
"ENSRNOG00000064800",0
"ENSRNOG00000064458",0
"ENSRNOG00000019908",264
"ENSRNOG00000066920",0
"ENSRNOG00000061123",0
"ENSRNOG00000051873",0
"ENSRNOG00000063407",0
"ENSRNOG00000057151",0
"ENSRNOG00000019933",1600
"ENSRNOG00000064856",1
"ENSRNOG00000056743",0
"ENSRNOG00000069816",0
"ENSRNOG00000064178",0
"ENSRNOG00000052763",0
"ENSRNOG00000054541",0
"ENSRNOG00000059609",0
"ENSRNOG00000020297",440
"ENSRNOG00000061529",0
"ENSRNOG00000052672",0
"ENSRNOG00000021068",1387
"ENSRNOG00000067493",1
"ENSRNOG00000070998",0
"ENSRNOG00000064698",0
"ENSRNOG00000036429",0
"ENSRNOG00000040385",0
"ENSRNOG00000047006",0
"ENSRNOG00000048716",0
"ENSRNOG00000035483",0
"ENSRNOG00000035504",0
"ENSRNOG00000050085",0
"ENSRNOG00000064834",0
"ENSRNOG00000020863",0
"ENSRNOG00000041792",0
"ENSRNOG00000036423",0
"ENSRNOG00000040434",0
"ENSRNOG00000035551",0
"ENSRNOG00000035617",32
"ENSRNOG00000035622",0
"ENSRNOG00000035628",0
"ENSRNOG00000035499",0
"ENSRNOG00000035491",0
"ENSRNOG00000043562",5
"ENSRNOG00000036435",0
"ENSRNOG00000041245",0
"ENSRNOG00000031174",1271
"ENSRNOG00000069791",0
"ENSRNOG00000065319",0
"ENSRNOG00000058729",0
"ENSRNOG00000055084",0
"ENSRNOG00000055177",0
"ENSRNOG00000067398",0
"ENSRNOG00000055615",0
"ENSRNOG00000060780",0
"ENSRNOG00000053927",2
"ENSRNOG00000054350",0
"ENSRNOG00000053892",0
"ENSRNOG00000053050",0
"ENSRNOG00000055668",0
"ENSRNOG00000054318",0
"ENSRNOG00000058113",0
"ENSRNOG00000058966",1
"ENSRNOG00000054887",0
"ENSRNOG00000054477",1
"ENSRNOG00000051850",0
"ENSRNOG00000055556",0
"ENSRNOG00000052749",0
"ENSRNOG00000064165",8
"ENSRNOG00000059208",0
"ENSRNOG00000064706",2
"ENSRNOG00000069036",0
"ENSRNOG00000060967",0
"ENSRNOG00000053823",0
"ENSRNOG00000056549",0
"ENSRNOG00000058502",0
"ENSRNOG00000010533",1319
"ENSRNOG00000056971",0
"ENSRNOG00000058747",0
"ENSRNOG00000057704",0
"ENSRNOG00000053898",28
"ENSRNOG00000051673",0
"ENSRNOG00000069812",13
"ENSRNOG00000070085",0
"ENSRNOG00000051930",3
"ENSRNOG00000058028",1
"ENSRNOG00000064110",0
"ENSRNOG00000069482",0
"ENSRNOG00000011696",160
"ENSRNOG00000058027",1
"ENSRNOG00000070871",0
"ENSRNOG00000067788",3
"ENSRNOG00000068568",0
"ENSRNOG00000066724",0
"ENSRNOG00000054271",0
"ENSRNOG00000065672",0
"ENSRNOG00000068833",1
"ENSRNOG00000067127",232
"ENSRNOG00000056349",0
"ENSRNOG00000070410",0
"ENSRNOG00000052247",461
"ENSRNOG00000070928",1
"ENSRNOG00000068384",0
"ENSRNOG00000070242",55
"ENSRNOG00000056961",0
"ENSRNOG00000060857",0
"ENSRNOG00000048993",3
"ENSRNOG00000053190",0
"ENSRNOG00000062782",0
"ENSRNOG00000051388",0
"ENSRNOG00000068650",9
"ENSRNOG00000061565",1
"ENSRNOG00000057328",0
"ENSRNOG00000071043",0
"ENSRNOG00000061427",0
"ENSRNOG00000070728",0
"ENSRNOG00000065295",0
"ENSRNOG00000071203",0
"ENSRNOG00000019470",0
"ENSRNOG00000053499",0
"ENSRNOG00000069691",0
"ENSRNOG00000066990",0
"ENSRNOG00000064425",0
"ENSRNOG00000056093",0
"ENSRNOG00000056123",0
"ENSRNOG00000065668",0
"ENSRNOG00000068654",0
"ENSRNOG00000060908",0
"ENSRNOG00000069677",2
"ENSRNOG00000062488",0
"ENSRNOG00000067795",1
"ENSRNOG00000067019",0
"ENSRNOG00000066699",0
"ENSRNOG00000051871",0
"ENSRNOG00000057841",0
"ENSRNOG00000064261",0
"ENSRNOG00000064924",0
"ENSRNOG00000055558",0
"ENSRNOG00000071164",0
"ENSRNOG00000068249",0
"ENSRNOG00000064733",0
"ENSRNOG00000069242",1
"ENSRNOG00000068704",0
"ENSRNOG00000068904",0
"ENSRNOG00000063349",0
"ENSRNOG00000061534",0
"ENSRNOG00000059407",6
"ENSRNOG00000042283",168
"ENSRNOG00000068155",0
"ENSRNOG00000058770",1
"ENSRNOG00000070453",0
"ENSRNOG00000067293",0
"ENSRNOG00000054062",1
"ENSRNOG00000020869",735
"ENSRNOG00000062689",0
"ENSRNOG00000062800",0
"ENSRNOG00000065482",0
"ENSRNOG00000066024",1
"ENSRNOG00000059573",0
"ENSRNOG00000057916",0
"ENSRNOG00000058807",0
"ENSRNOG00000020357",239
"ENSRNOG00000028350",173
"ENSRNOG00000009997",1809
"ENSRNOG00000068258",0
"ENSRNOG00000015553",425
"ENSRNOG00000059568",0
"ENSRNOG00000013372",0
"ENSRNOG00000059512",0
"ENSRNOG00000037310",4
"ENSRNOG00000013002",867
"ENSRNOG00000020875",13
"ENSRNOG00000010125",1102
"ENSRNOG00000017516",968
"ENSRNOG00000019940",2841
"ENSRNOG00000037190",2
"ENSRNOG00000012770",44
"ENSRNOG00000070497",0
"ENSRNOG00000010147",481
"ENSRNOG00000023588",0
"ENSRNOG00000047158",207
"ENSRNOG00000011150",4152
"ENSRNOG00000068662",0
"ENSRNOG00000015502",779
"ENSRNOG00000019441",0
"ENSRNOG00000012819",14
"ENSRNOG00000010286",1862
"ENSRNOG00000029304",253
"ENSRNOG00000016835",0
"ENSRNOG00000012278",1
"ENSRNOG00000009582",0
"ENSRNOG00000061862",157
"ENSRNOG00000070749",776
"ENSRNOG00000019957",348
"ENSRNOG00000068483",0
"ENSRNOG00000013950",0
"ENSRNOG00000010263",0
"ENSRNOG00000058633",1
"ENSRNOG00000022101",16
"ENSRNOG00000070756",0
"ENSRNOG00000022929",224
"ENSRNOG00000060124",0
"ENSRNOG00000064400",0
"ENSRNOG00000059951",0
"ENSRNOG00000042332",0
"ENSRNOG00000070224",0
"ENSRNOG00000060497",0
"ENSRNOG00000058851",0
"ENSRNOG00000058175",0
"ENSRNOG00000016213",2683
"ENSRNOG00000053571",0
"ENSRNOG00000051368",0
"ENSRNOG00000052881",0
"ENSRNOG00000061379",0
"ENSRNOG00000068553",0
"ENSRNOG00000069719",0
"ENSRNOG00000066468",0
"ENSRNOG00000061066",0
"ENSRNOG00000060354",0
"ENSRNOG00000061089",0
"ENSRNOG00000053220",0
"ENSRNOG00000068791",0
"ENSRNOG00000033192",348
"ENSRNOG00000069141",0
"ENSRNOG00000070429",0
"ENSRNOG00000011360",0
"ENSRNOG00000059221",0
"ENSRNOG00000056460",0
"ENSRNOG00000010535",22
"ENSRNOG00000052892",0
"ENSRNOG00000057431",0
"ENSRNOG00000065070",0
"ENSRNOG00000020027",4035
"ENSRNOG00000059290",1
"ENSRNOG00000009577",0
"ENSRNOG00000017890",0
"ENSRNOG00000055118",0
"ENSRNOG00000053651",0
"ENSRNOG00000045639",97
"ENSRNOG00000065463",0
"ENSRNOG00000019738",0
"ENSRNOG00000055965",0
"ENSRNOG00000055509",0
"ENSRNOG00000061146",50
"ENSRNOG00000060162",3
"ENSRNOG00000012810",264
"ENSRNOG00000053550",805
"ENSRNOG00000058079",0
"ENSRNOG00000069084",0
"ENSRNOG00000060964",0
"ENSRNOG00000065134",0
"ENSRNOG00000060747",0
"ENSRNOG00000069987",0
"ENSRNOG00000017876",51
"ENSRNOG00000054044",0
"ENSRNOG00000057801",0
"ENSRNOG00000056416",0
"ENSRNOG00000053400",14
"ENSRNOG00000062341",0
"ENSRNOG00000028872",2116
"ENSRNOG00000010369",572
"ENSRNOG00000061128",934
"ENSRNOG00000026392",0
"ENSRNOG00000059059",100
"ENSRNOG00000051682",179
"ENSRNOG00000053243",0
"ENSRNOG00000014443",78
"ENSRNOG00000052874",1
"ENSRNOG00000070358",0
"ENSRNOG00000010454",4
"ENSRNOG00000055813",0
"ENSRNOG00000012655",1614
"ENSRNOG00000019037",0
"ENSRNOG00000070016",0
"ENSRNOG00000062872",0
"ENSRNOG00000014686",62
"ENSRNOG00000044194",0
"ENSRNOG00000054864",0
"ENSRNOG00000064710",14
"ENSRNOG00000065337",0
"ENSRNOG00000010824",726
"ENSRNOG00000062354",0
"ENSRNOG00000065986",0
"ENSRNOG00000054751",290
"ENSRNOG00000069913",0
"ENSRNOG00000053795",13
"ENSRNOG00000010081",35
"ENSRNOG00000056420",0
"ENSRNOG00000066462",45
"ENSRNOG00000060388",4
"ENSRNOG00000058700",0
"ENSRNOG00000009465",899
"ENSRNOG00000056880",2
"ENSRNOG00000064742",2805
"ENSRNOG00000055079",2
"ENSRNOG00000053556",0
"ENSRNOG00000061866",0
"ENSRNOG00000017864",606
"ENSRNOG00000067910",0
"ENSRNOG00000017484",6
"ENSRNOG00000061788",6
"ENSRNOG00000054881",0
"ENSRNOG00000038398",0
"ENSRNOG00000054369",0
"ENSRNOG00000068655",4
"ENSRNOG00000061021",0
"ENSRNOG00000066722",0
"ENSRNOG00000045665",25
"ENSRNOG00000059636",0
"ENSRNOG00000069685",0
"ENSRNOG00000068763",0
"ENSRNOG00000058275",1
"ENSRNOG00000012982",190
"ENSRNOG00000066126",0
"ENSRNOG00000068290",0
"ENSRNOG00000055772",0
"ENSRNOG00000057098",0
"ENSRNOG00000060403",0
"ENSRNOG00000064131",0
"ENSRNOG00000009514",7
"ENSRNOG00000060919",0
"ENSRNOG00000054088",0
"ENSRNOG00000018353",425
"ENSRNOG00000069934",0
"ENSRNOG00000029670",7293
"ENSRNOG00000058150",0
"ENSRNOG00000058255",0
"ENSRNOG00000024433",1559
"ENSRNOG00000061362",0
"ENSRNOG00000045647",900
"ENSRNOG00000061190",2
"ENSRNOG00000056917",0
"ENSRNOG00000017420",73
"ENSRNOG00000012354",277
"ENSRNOG00000055905",0
"ENSRNOG00000012136",1245
"ENSRNOG00000069742",0
"ENSRNOG00000068700",0
"ENSRNOG00000058816",0
"ENSRNOG00000061470",0
"ENSRNOG00000013038",155
"ENSRNOG00000052487",4
"ENSRNOG00000057752",0
"ENSRNOG00000066004",116
"ENSRNOG00000039848",2072
"ENSRNOG00000056780",0
"ENSRNOG00000018166",236
"ENSRNOG00000011239",0
"ENSRNOG00000022636",314
"ENSRNOG00000056607",0
"ENSRNOG00000062697",0
"ENSRNOG00000054290",0
"ENSRNOG00000023579",1130
"ENSRNOG00000066350",0
"ENSRNOG00000055857",0
"ENSRNOG00000063018",57
"ENSRNOG00000009968",284
"ENSRNOG00000054115",0
"ENSRNOG00000066403",0
"ENSRNOG00000067566",0
"ENSRNOG00000017462",200
"ENSRNOG00000002223",1
"ENSRNOG00000013535",0
"ENSRNOG00000057470",307
"ENSRNOG00000059004",0
"ENSRNOG00000070670",0
"ENSRNOG00000055382",0
"ENSRNOG00000016394",829
"ENSRNOG00000030104",9
"ENSRNOG00000012851",0
"ENSRNOG00000012060",3190
"ENSRNOG00000014999",3453
"ENSRNOG00000061058",1823
"ENSRNOG00000047002",1
"ENSRNOG00000013844",477
"ENSRNOG00000017574",0
"ENSRNOG00000033837",0
"ENSRNOG00000014139",160
"ENSRNOG00000011631",91
"ENSRNOG00000067100",85
"ENSRNOG00000061213",297
"ENSRNOG00000016342",77
"ENSRNOG00000010079",15
"ENSRNOG00000010941",75
"ENSRNOG00000062530",0
"ENSRNOG00000066617",0
"ENSRNOG00000032414",84
"ENSRNOG00000031024",0
"ENSRNOG00000046941",0
"ENSRNOG00000012505",269
"ENSRNOG00000053292",0
"ENSRNOG00000066566",276
"ENSRNOG00000045778",60
"ENSRNOG00000046421",0
"ENSRNOG00000030039",0
"ENSRNOG00000009826",0
"ENSRNOG00000064787",198
"ENSRNOG00000068123",2
"ENSRNOG00000010805",0
"ENSRNOG00000023453",415
"ENSRNOG00000018230",426
"ENSRNOG00000016912",1223
"ENSRNOG00000056907",2504
"ENSRNOG00000010450",7
"ENSRNOG00000010971",932
"ENSRNOG00000042471",1
"ENSRNOG00000051687",0
"ENSRNOG00000025823",0
"ENSRNOG00000009953",146
"ENSRNOG00000055439",36
"ENSRNOG00000026686",0
"ENSRNOG00000039740",12
"ENSRNOG00000024947",0
"ENSRNOG00000066236",1
"ENSRNOG00000023079",1211
"ENSRNOG00000027908",4
"ENSRNOG00000025608",0
"ENSRNOG00000050263",0
"ENSRNOG00000014232",1
"ENSRNOG00000011082",0
"ENSRNOG00000026842",2387
"ENSRNOG00000068600",130
"ENSRNOG00000013294",0
"ENSRNOG00000014793",0
"ENSRNOG00000013507",2482
"ENSRNOG00000017990",3887
"ENSRNOG00000018865",3185
"ENSRNOG00000014039",1
"ENSRNOG00000043053",399
"ENSRNOG00000020706",9
"ENSRNOG00000033064",2
"ENSRNOG00000022356",1510
"ENSRNOG00000014654",220
"ENSRNOG00000013177",325
"ENSRNOG00000049743",549
"ENSRNOG00000013409",181
"ENSRNOG00000017427",1509
"ENSRNOG00000021656",2
"ENSRNOG00000031995",468
"ENSRNOG00000021116",0
"ENSRNOG00000011553",847
"ENSRNOG00000056151",4
"ENSRNOG00000028052",45
"ENSRNOG00000030019",5302
"ENSRNOG00000064945",49
"ENSRNOG00000066826",0
"ENSRNOG00000065064",0
"ENSRNOG00000010760",31
"ENSRNOG00000011639",354
"ENSRNOG00000015654",482
"ENSRNOG00000023258",872
"ENSRNOG00000049075",627
"ENSRNOG00000010891",527
"ENSRNOG00000021120",750
"ENSRNOG00000011441",847
"ENSRNOG00000011949",1588
"ENSRNOG00000038552",2
"ENSRNOG00000014549",149
"ENSRNOG00000053979",43
"ENSRNOG00000054361",0
"ENSRNOG00000012095",1013
"ENSRNOG00000027410",82
"ENSRNOG00000017758",1790
"ENSRNOG00000028156",1253
"ENSRNOG00000018510",402
"ENSRNOG00000037853",6
"ENSRNOG00000042717",182
"ENSRNOG00000038008",0
"ENSRNOG00000052173",1
"ENSRNOG00000021131",1277
"ENSRNOG00000039582",37
"ENSRNOG00000032630",73
"ENSRNOG00000013045",384
"ENSRNOG00000009771",0
"ENSRNOG00000059903",712
"ENSRNOG00000010649",61
"ENSRNOG00000053969",9
"ENSRNOG00000067816",0
"ENSRNOG00000017428",5185
"ENSRNOG00000031378",309
"ENSRNOG00000059750",506
"ENSRNOG00000068920",1024
"ENSRNOG00000033449",0
"ENSRNOG00000010461",1641
"ENSRNOG00000010747",8020
"ENSRNOG00000012734",679
"ENSRNOG00000054157",92
"ENSRNOG00000043502",0
"ENSRNOG00000012148",2213
"ENSRNOG00000010799",62
"ENSRNOG00000028335",2956
"ENSRNOG00000010815",1433
"ENSRNOG00000062848",7
"ENSRNOG00000013963",5963
"ENSRNOG00000023816",1385
"ENSRNOG00000050416",0
"ENSRNOG00000037406",5
"ENSRNOG00000017752",812
"ENSRNOG00000020539",15
"ENSRNOG00000055790",6
"ENSRNOG00000021134",4
"ENSRNOG00000048832",0
"ENSRNOG00000021081",710
"ENSRNOG00000067115",1
"ENSRNOG00000012933",836
"ENSRNOG00000021138",3827
"ENSRNOG00000013293",279
"ENSRNOG00000012091",344
"ENSRNOG00000013336",295
"ENSRNOG00000023162",201
"ENSRNOG00000017246",0
"ENSRNOG00000065396",148
"ENSRNOG00000062882",51
"ENSRNOG00000017348",0
"ENSRNOG00000042261",3108
"ENSRNOG00000016505",4
"ENSRNOG00000011705",0
"ENSRNOG00000016530",1336
"ENSRNOG00000016961",1715
"ENSRNOG00000009629",1
"ENSRNOG00000011066",2552
"ENSRNOG00000000001",119
"ENSRNOG00000017441",2225
"ENSRNOG00000016733",468
"ENSRNOG00000010589",392
"ENSRNOG00000011586",723
"ENSRNOG00000016379",524
"ENSRNOG00000023493",0
"ENSRNOG00000025108",3
"ENSRNOG00000068776",24
"ENSRNOG00000011216",1957
"ENSRNOG00000032009",2
"ENSRNOG00000028941",906
"ENSRNOG00000021143",1032
"ENSRNOG00000038095",0
"ENSRNOG00000027833",1172
"ENSRNOG00000070034",1356
"ENSRNOG00000070330",0
"ENSRNOG00000025285",387
"ENSRNOG00000015425",117
"ENSRNOG00000014599",385
"ENSRNOG00000046468",282
"ENSRNOG00000010238",232
"ENSRNOG00000029889",0
"ENSRNOG00000066871",0
"ENSRNOG00000032576",0
"ENSRNOG00000068443",0
"ENSRNOG00000043386",709
"ENSRNOG00000010266",224
"ENSRNOG00000021199",0
"ENSRNOG00000011923",1
"ENSRNOG00000058539",414
"ENSRNOG00000009882",512
"ENSRNOG00000012827",1
"ENSRNOG00000069676",4
"ENSRNOG00000009821",0
"ENSRNOG00000014660",349
"ENSRNOG00000010161",894
"ENSRNOG00000071200",1
"ENSRNOG00000069800",0
"ENSRNOG00000010658",641
"ENSRNOG00000068741",13
"ENSRNOG00000032922",341
"ENSRNOG00000032240",158
"ENSRNOG00000020829",174
"ENSRNOG00000025274",2355
"ENSRNOG00000011340",210
"ENSRNOG00000019868",1350
"ENSRNOG00000043094",1997
"ENSRNOG00000043445",2
"ENSRNOG00000056371",1235
"ENSRNOG00000010819",14
"ENSRNOG00000031814",5262
"ENSRNOG00000066065",4223
"ENSRNOG00000020832",32
"ENSRNOG00000009372",0
"ENSRNOG00000027971",0
"ENSRNOG00000027002",2761
"ENSRNOG00000024365",354
"ENSRNOG00000026186",433
"ENSRNOG00000009004",0
"ENSRNOG00000070835",440
"ENSRNOG00000010199",11
"ENSRNOG00000019163",0
"ENSRNOG00000013451",1670
"ENSRNOG00000027836",1
"ENSRNOG00000011842",0
"ENSRNOG00000042080",0
"ENSRNOG00000014893",1
"ENSRNOG00000012873",443
"ENSRNOG00000027935",1
"ENSRNOG00000011260",62
"ENSRNOG00000020470",1348
"ENSRNOG00000012385",513
"ENSRNOG00000011632",8239
"ENSRNOG00000027923",699
"ENSRNOG00000022347",114
"ENSRNOG00000063581",0
"ENSRNOG00000015024",14
"ENSRNOG00000018067",473
"ENSRNOG00000010094",0
"ENSRNOG00000013572",1492
"ENSRNOG00000013121",562
"ENSRNOG00000050563",1
"ENSRNOG00000043377",1330
"ENSRNOG00000012109",13
"ENSRNOG00000021798",0
"ENSRNOG00000042152",83
"ENSRNOG00000062377",0
"ENSRNOG00000025160",20
"ENSRNOG00000054426",714
"ENSRNOG00000031743",324
"ENSRNOG00000010121",3
"ENSRNOG00000050706",4
"ENSRNOG00000015913",2404
"ENSRNOG00000056894",3
"ENSRNOG00000023404",9
"ENSRNOG00000009992",701
"ENSRNOG00000011528",687
"ENSRNOG00000021215",209
"ENSRNOG00000062253",870
"ENSRNOG00000019221",407
"ENSRNOG00000026944",17
"ENSRNOG00000013050",0
"ENSRNOG00000017187",177
"ENSRNOG00000026928",287
"ENSRNOG00000038905",25
"ENSRNOG00000064230",11
"ENSRNOG00000061097",0
"ENSRNOG00000064398",0
"ENSRNOG00000029988",2965
"ENSRNOG00000063273",0
"ENSRNOG00000043332",0
"ENSRNOG00000066265",0
"ENSRNOG00000010254",0
"ENSRNOG00000031997",93
"ENSRNOG00000067789",511
"ENSRNOG00000064077",0
"ENSRNOG00000069122",0
"ENSRNOG00000068124",29
"ENSRNOG00000063925",0
"ENSRNOG00000017680",9
"ENSRNOG00000021745",0
"ENSRNOG00000028348",0
"ENSRNOG00000069632",15
"ENSRNOG00000023126",0
"ENSRNOG00000049010",0
"ENSRNOG00000062769",0
"ENSRNOG00000043292",0
"ENSRNOG00000016289",15
"ENSRNOG00000011963",0
"ENSRNOG00000069332",0
"ENSRNOG00000045818",0
"ENSRNOG00000010047",23
"ENSRNOG00000025157",301
"ENSRNOG00000059302",0
"ENSRNOG00000052207",2038
"ENSRNOG00000022373",733
"ENSRNOG00000070775",0
"ENSRNOG00000018045",446
"ENSRNOG00000061317",0
"ENSRNOG00000056337",0
"ENSRNOG00000011827",902
"ENSRNOG00000063475",1
"ENSRNOG00000034093",6756
"ENSRNOG00000009503",139
"ENSRNOG00000046368",101
"ENSRNOG00000065845",0
"ENSRNOG00000055370",0
"ENSRNOG00000029592",2223
"ENSRNOG00000033499",0
"ENSRNOG00000064528",0
"ENSRNOG00000024628",0
"ENSRNOG00000032941",12
"ENSRNOG00000033147",4
"ENSRNOG00000049530",7
"ENSRNOG00000067368",0
"ENSRNOG00000020279",564
"ENSRNOG00000011555",855
"ENSRNOG00000068362",79
"ENSRNOG00000070040",0
"ENSRNOG00000070781",0
"ENSRNOG00000067496",0
"ENSRNOG00000009168",0
"ENSRNOG00000014815",2
"ENSRNOG00000004978",1840
"ENSRNOG00000010992",0
"ENSRNOG00000067916",0
"ENSRNOG00000063016",6
"ENSRNOG00000070591",45
"ENSRNOG00000024623",2
"ENSRNOG00000047236",12
"ENSRNOG00000063309",36
"ENSRNOG00000030748",13
"ENSRNOG00000016214",891
"ENSRNOG00000066364",0
"ENSRNOG00000066603",0
"ENSRNOG00000070191",0
"ENSRNOG00000066407",0
"ENSRNOG00000062928",0
"ENSRNOG00000029493",0
"ENSRNOG00000030494",40
"ENSRNOG00000067699",0
"ENSRNOG00000063988",0
"ENSRNOG00000064397",0
"ENSRNOG00000038902",14
"ENSRNOG00000019044",0
"ENSRNOG00000068251",0
"ENSRNOG00000064598",0
"ENSRNOG00000068421",0
"ENSRNOG00000011980",1
"ENSRNOG00000042266",0
"ENSRNOG00000063985",0
"ENSRNOG00000010680",5
"ENSRNOG00000049827",1
"ENSRNOG00000070831",0
"ENSRNOG00000065118",0
"ENSRNOG00000065510",0
"ENSRNOG00000023892",0
"ENSRNOG00000037223",0
"ENSRNOG00000029339",581
"ENSRNOG00000067361",91
"ENSRNOG00000030747",574
"ENSRNOG00000070872",0
"ENSRNOG00000010741",15
"ENSRNOG00000021101",45
"ENSRNOG00000065432",238
"ENSRNOG00000065162",0
"ENSRNOG00000063704",0
"ENSRNOG00000069915",0
"ENSRNOG00000009314",0
"ENSRNOG00000065565",1
"ENSRNOG00000031144",0
"ENSRNOG00000009574",0
"ENSRNOG00000017695",5344
"ENSRNOG00000022745",175
"ENSRNOG00000071169",0
"ENSRNOG00000009383",0
"ENSRNOG00000065447",0
"ENSRNOG00000065886",18
"ENSRNOG00000021166",1155
"ENSRNOG00000011929",883
"ENSRNOG00000031358",634
"ENSRNOG00000016432",15
"ENSRNOG00000016044",1
"ENSRNOG00000017723",343
"ENSRNOG00000009326",0
"ENSRNOG00000011284",167
"ENSRNOG00000014143",2
"ENSRNOG00000014872",5202
"ENSRNOG00000020255",3586
"ENSRNOG00000064204",160
"ENSRNOG00000070921",18
"ENSRNOG00000015274",339
"ENSRNOG00000017744",387
"ENSRNOG00000025297",0
"ENSRNOG00000021182",231
"ENSRNOG00000009955",43
"ENSRNOG00000011317",1404
"ENSRNOG00000037115",0
"ENSRNOG00000023965",0
"ENSRNOG00000019754",314
"ENSRNOG00000013798",557
"ENSRNOG00000022218",276
"ENSRNOG00000019240",1152
"ENSRNOG00000053349",11
"ENSRNOG00000069596",0
"ENSRNOG00000065742",0
"ENSRNOG00000048949",195
"ENSRNOG00000036885",1
"ENSRNOG00000045743",0
"ENSRNOG00000069593",8
"ENSRNOG00000019211",3409
"ENSRNOG00000013872",0
"ENSRNOG00000023943",0
"ENSRNOG00000013894",0
"ENSRNOG00000064223",0
"ENSRNOG00000029756",0
"ENSRNOG00000015655",3632
"ENSRNOG00000019333",4791
"ENSRNOG00000014490",813
"ENSRNOG00000070399",0
"ENSRNOG00000013902",0
"ENSRNOG00000043426",127
"ENSRNOG00000011025",222
"ENSRNOG00000013917",1
"ENSRNOG00000056332",23
"ENSRNOG00000015987",1040
"ENSRNOG00000019367",402
"ENSRNOG00000069829",1
"ENSRNOG00000045764",0
"ENSRNOG00000011294",829
"ENSRNOG00000016571",122
"ENSRNOG00000067239",743
"ENSRNOG00000051854",523
"ENSRNOG00000021581",377
"ENSRNOG00000018798",1
"ENSRNOG00000018870",1
"ENSRNOG00000070442",35
"ENSRNOG00000055257",5434
"ENSRNOG00000010306",729
"ENSRNOG00000060107",305
"ENSRNOG00000018220",1323
"ENSRNOG00000025074",0
"ENSRNOG00000011589",2290
"ENSRNOG00000052232",111
"ENSRNOG00000014857",331
"ENSRNOG00000059604",0
"ENSRNOG00000063253",0
"ENSRNOG00000018131",18
"ENSRNOG00000010655",0
"ENSRNOG00000010552",608
"ENSRNOG00000047499",394
"ENSRNOG00000018783",385
"ENSRNOG00000067768",0
"ENSRNOG00000023457",0
"ENSRNOG00000009345",0
"ENSRNOG00000054375",1
"ENSRNOG00000019417",0
"ENSRNOG00000012508",2
"ENSRNOG00000012436",5985
"ENSRNOG00000018569",2586
"ENSRNOG00000012281",1
"ENSRNOG00000011311",1331
"ENSRNOG00000018201",0
"ENSRNOG00000065373",0
"ENSRNOG00000018659",1553
"ENSRNOG00000014575",580
"ENSRNOG00000069176",0
"ENSRNOG00000015029",1763
"ENSRNOG00000046357",1829
"ENSRNOG00000015026",1270
"ENSRNOG00000014059",97
"ENSRNOG00000023338",241
"ENSRNOG00000012630",2673
"ENSRNOG00000012947",1164
"ENSRNOG00000012946",290
"ENSRNOG00000016793",2
"ENSRNOG00000068931",204
"ENSRNOG00000028561",0
"ENSRNOG00000014613",928
"ENSRNOG00000010875",37
"ENSRNOG00000032715",1066
"ENSRNOG00000063693",0
"ENSRNOG00000011053",296
"ENSRNOG00000011559",13476
"ENSRNOG00000063905",0
"ENSRNOG00000017784",386
"ENSRNOG00000009845",588
"ENSRNOG00000070622",0
"ENSRNOG00000011654",122
"ENSRNOG00000010183",1307
"ENSRNOG00000011817",431
"ENSRNOG00000024120",7
"ENSRNOG00000012729",356
"ENSRNOG00000056545",1
"ENSRNOG00000011211",0
"ENSRNOG00000067850",4
"ENSRNOG00000070305",0
"ENSRNOG00000064106",0
"ENSRNOG00000011612",0
"ENSRNOG00000047473",10
"ENSRNOG00000014674",274
"ENSRNOG00000015423",817
"ENSRNOG00000020642",246
"ENSRNOG00000066838",105
"ENSRNOG00000049513",0
"ENSRNOG00000015816",292
"ENSRNOG00000051606",124
"ENSRNOG00000027894",430
"ENSRNOG00000020822",1641
"ENSRNOG00000015421",118
"ENSRNOG00000066453",0
"ENSRNOG00000015153",1720
"ENSRNOG00000063260",2
"ENSRNOG00000043095",409
"ENSRNOG00000025406",28
"ENSRNOG00000066460",0
"ENSRNOG00000064316",0
"ENSRNOG00000011057",612
"ENSRNOG00000028403",197
"ENSRNOG00000017986",39
"ENSRNOG00000043511",0
"ENSRNOG00000017272",456
"ENSRNOG00000011070",129
"ENSRNOG00000031576",50
"ENSRNOG00000012645",1851
"ENSRNOG00000065312",1637
"ENSRNOG00000057159",203
"ENSRNOG00000018054",22
"ENSRNOG00000067567",1
"ENSRNOG00000018679",0
"ENSRNOG00000010071",230
"ENSRNOG00000010889",40
"ENSRNOG00000059480",1446
"ENSRNOG00000010210",147
"ENSRNOG00000043414",0
"ENSRNOG00000069289",0
"ENSRNOG00000051623",252
"ENSRNOG00000069082",0
"ENSRNOG00000056746",5
"ENSRNOG00000009610",0
"ENSRNOG00000058694",547
"ENSRNOG00000065314",47
"ENSRNOG00000010105",10503
"ENSRNOG00000012427",43
"ENSRNOG00000023226",1981
"ENSRNOG00000068452",1
"ENSRNOG00000069471",0
"ENSRNOG00000012280",41
"ENSRNOG00000014178",377
"ENSRNOG00000019590",441
"ENSRNOG00000024594",64
"ENSRNOG00000048617",657
"ENSRNOG00000011400",0
"ENSRNOG00000009276",153
"ENSRNOG00000039588",3
"ENSRNOG00000063783",6
"ENSRNOG00000012312",0
"ENSRNOG00000012556",121
"ENSRNOG00000022234",464
"ENSRNOG00000069382",0
"ENSRNOG00000024845",415
"ENSRNOG00000011645",109
"ENSRNOG00000024028",0
"ENSRNOG00000012019",549
"ENSRNOG00000021155",583
"ENSRNOG00000064586",0
"ENSRNOG00000011402",437
"ENSRNOG00000038091",1
"ENSRNOG00000016070",0
"ENSRNOG00000027408",241
"ENSRNOG00000059463",1815
"ENSRNOG00000010534",709
"ENSRNOG00000009538",838
"ENSRNOG00000019184",999
"ENSRNOG00000016353",1
"ENSRNOG00000011913",151
"ENSRNOG00000061857",65
"ENSRNOG00000028345",1
"ENSRNOG00000020673",914
"ENSRNOG00000031406",296
"ENSRNOG00000010768",1379
"ENSRNOG00000012302",6
"ENSRNOG00000063747",18
"ENSRNOG00000010248",180
"ENSRNOG00000020836",0
"ENSRNOG00000064641",0
"ENSRNOG00000010349",21
"ENSRNOG00000065199",520
"ENSRNOG00000008463",0
"ENSRNOG00000008121",0
"ENSRNOG00000069707",10
"ENSRNOG00000064203",0
"ENSRNOG00000014617",3805
"ENSRNOG00000008980",90
"ENSRNOG00000007608",0
"ENSRNOG00000067771",8
"ENSRNOG00000009135",6
"ENSRNOG00000010628",1803
"ENSRNOG00000067999",291
"ENSRNOG00000009172",3
"ENSRNOG00000021695",0
"ENSRNOG00000014753",3909
"ENSRNOG00000011052",7197
"ENSRNOG00000022837",402
"ENSRNOG00000026055",0
"ENSRNOG00000061080",5040
"ENSRNOG00000052745",656
"ENSRNOG00000009258",343
"ENSRNOG00000056660",33
"ENSRNOG00000011145",0
"ENSRNOG00000063850",0
"ENSRNOG00000013520",3123
"ENSRNOG00000061046",905
"ENSRNOG00000011653",2788
"ENSRNOG00000039466",0
"ENSRNOG00000052444",273
"ENSRNOG00000025214",0
"ENSRNOG00000069815",35
"ENSRNOG00000009571",122
"ENSRNOG00000064940",0
"ENSRNOG00000065843",32
"ENSRNOG00000043114",220
"ENSRNOG00000071163",0
"ENSRNOG00000049057",574
"ENSRNOG00000007234",2487
"ENSRNOG00000067229",26
"ENSRNOG00000009176",1125
"ENSRNOG00000069504",0
"ENSRNOG00000046734",0
"ENSRNOG00000067740",0
"ENSRNOG00000069797",80
"ENSRNOG00000006675",0
"ENSRNOG00000067894",0
"ENSRNOG00000070182",0
"ENSRNOG00000006030",0
"ENSRNOG00000013314",993
"ENSRNOG00000010153",2972
"ENSRNOG00000047571",0
"ENSRNOG00000010517",948
"ENSRNOG00000066577",0
"ENSRNOG00000047464",0
"ENSRNOG00000065201",0
"ENSRNOG00000071106",0
"ENSRNOG00000064534",3
"ENSRNOG00000064697",0
"ENSRNOG00000022182",822
"ENSRNOG00000002524",6
"ENSRNOG00000021817",91
"ENSRNOG00000026319",1171
"ENSRNOG00000012165",0
"ENSRNOG00000009226",0
"ENSRNOG00000049829",0
"ENSRNOG00000062790",0
"ENSRNOG00000063497",0
"ENSRNOG00000063277",0
"ENSRNOG00000006802",0
"ENSRNOG00000068151",0
"ENSRNOG00000010930",1381
"ENSRNOG00000051748",0
"ENSRNOG00000012764",791
"ENSRNOG00000000017",109
"ENSRNOG00000011713",668
"ENSRNOG00000010205",21
"ENSRNOG00000009153",0
"ENSRNOG00000068982",0
"ENSRNOG00000013383",304
"ENSRNOG00000065661",0
"ENSRNOG00000061100",2986
"ENSRNOG00000011250",0
"ENSRNOG00000063679",817
"ENSRNOG00000012035",1732
"ENSRNOG00000055103",0
"ENSRNOG00000014751",1
"ENSRNOG00000012659",133
"ENSRNOG00000011667",1250
"ENSRNOG00000006486",0
"ENSRNOG00000066685",0
"ENSRNOG00000069229",0
"ENSRNOG00000006102",693
"ENSRNOG00000066243",0
"ENSRNOG00000067399",0
"ENSRNOG00000009894",793
"ENSRNOG00000070516",22
"ENSRNOG00000014347",1192
"ENSRNOG00000070550",0
"ENSRNOG00000010761",0
"ENSRNOG00000007212",0
"ENSRNOG00000007412",136
"ENSRNOG00000011791",119
"ENSRNOG00000021729",32
"ENSRNOG00000008017",1096
"ENSRNOG00000026196",1
"ENSRNOG00000009411",50
"ENSRNOG00000068631",2
"ENSRNOG00000013668",662
"ENSRNOG00000071062",626
"ENSRNOG00000007937",1271
"ENSRNOG00000031671",0
"ENSRNOG00000008380",2
"ENSRNOG00000006579",0
"ENSRNOG00000014713",719
"ENSRNOG00000010546",0
"ENSRNOG00000065257",0
"ENSRNOG00000006975",2981
"ENSRNOG00000013605",0
"ENSRNOG00000026176",1
"ENSRNOG00000005502",1417
"ENSRNOG00000010919",131
"ENSRNOG00000054176",453
"ENSRNOG00000058785",962
"ENSRNOG00000008020",1
"ENSRNOG00000010601",3165
"ENSRNOG00000007942",13
"ENSRNOG00000008720",1242
"ENSRNOG00000063353",0
"ENSRNOG00000008873",403
"ENSRNOG00000010952",641
"ENSRNOG00000005496",413
"ENSRNOG00000008585",0
"ENSRNOG00000006151",0
"ENSRNOG00000042570",0
"ENSRNOG00000039388",12
"ENSRNOG00000008613",2169
"ENSRNOG00000006365",52
"ENSRNOG00000066798",541
"ENSRNOG00000006888",364
"ENSRNOG00000042126",128
"ENSRNOG00000007231",0
"ENSRNOG00000021614",5066
"ENSRNOG00000045831",1
"ENSRNOG00000006360",0
"ENSRNOG00000006968",314
"ENSRNOG00000005478",5690
"ENSRNOG00000021866",515
"ENSRNOG00000063971",0
"ENSRNOG00000025991",928
"ENSRNOG00000010435",280
"ENSRNOG00000005981",269
"ENSRNOG00000010453",1277
"ENSRNOG00000009711",0
"ENSRNOG00000070293",0
"ENSRNOG00000007486",345
"ENSRNOG00000015097",2331
"ENSRNOG00000051922",155
"ENSRNOG00000070012",0
"ENSRNOG00000011519",1034
"ENSRNOG00000066936",0
"ENSRNOG00000068314",0
"ENSRNOG00000055188",0
"ENSRNOG00000066703",0
"ENSRNOG00000062900",0
"ENSRNOG00000010716",238
"ENSRNOG00000063291",0
"ENSRNOG00000069140",0
"ENSRNOG00000065666",36
"ENSRNOG00000068624",0
"ENSRNOG00000005853",0
"ENSRNOG00000065207",1
"ENSRNOG00000071146",44
"ENSRNOG00000011008",603
"ENSRNOG00000038449",321
"ENSRNOG00000007822",1669
"ENSRNOG00000011616",0
"ENSRNOG00000034084",65
"ENSRNOG00000007118",13
"ENSRNOG00000069681",102
"ENSRNOG00000068844",0
"ENSRNOG00000007636",0
"ENSRNOG00000037251",149
"ENSRNOG00000023657",204
"ENSRNOG00000005587",1384
"ENSRNOG00000011648",15774
"ENSRNOG00000066436",316
"ENSRNOG00000007874",671
"ENSRNOG00000006893",348
"ENSRNOG00000031486",0
"ENSRNOG00000046905",1529
"ENSRNOG00000070957",8
"ENSRNOG00000013809",826
"ENSRNOG00000007288",3
"ENSRNOG00000057158",0
"ENSRNOG00000010572",347
"ENSRNOG00000012227",919
"ENSRNOG00000063798",80
"ENSRNOG00000007356",1487
"ENSRNOG00000010053",0
"ENSRNOG00000010430",0
"ENSRNOG00000013135",1437
"ENSRNOG00000070481",114
"ENSRNOG00000012098",0
"ENSRNOG00000010513",0
"ENSRNOG00000009197",0
"ENSRNOG00000007814",1215
"ENSRNOG00000011363",326
"ENSRNOG00000009565",69
"ENSRNOG00000012785",1022
"ENSRNOG00000069335",0
"ENSRNOG00000013510",572
"ENSRNOG00000008168",3
"ENSRNOG00000013517",525
"ENSRNOG00000021855",17
"ENSRNOG00000065807",1
"ENSRNOG00000008869",21
"ENSRNOG00000010473",559
"ENSRNOG00000007041",4
"ENSRNOG00000007792",202
"ENSRNOG00000013431",446
"ENSRNOG00000050469",505
"ENSRNOG00000006858",1554
"ENSRNOG00000007806",3221
"ENSRNOG00000012972",2
"ENSRNOG00000068395",0
"ENSRNOG00000010420",418
"ENSRNOG00000065130",0
"ENSRNOG00000062993",0
"ENSRNOG00000011283",193
"ENSRNOG00000005694",1145
"ENSRNOG00000039383",1
"ENSRNOG00000010746",224
"ENSRNOG00000070667",0
"ENSRNOG00000008902",0
"ENSRNOG00000023969",17
"ENSRNOG00000051433",349
"ENSRNOG00000027376",871
"ENSRNOG00000038471",0
"ENSRNOG00000066853",0
"ENSRNOG00000006197",29550
"ENSRNOG00000062765",0
"ENSRNOG00000013261",281
"ENSRNOG00000009414",347
"ENSRNOG00000066882",0
"ENSRNOG00000069908",0
"ENSRNOG00000028801",72
"ENSRNOG00000069268",25
"ENSRNOG00000009863",5
"ENSRNOG00000068406",0
"ENSRNOG00000024986",0
"ENSRNOG00000013911",327
"ENSRNOG00000063021",956
"ENSRNOG00000007990",876
"ENSRNOG00000011292",189395
"ENSRNOG00000065235",0
"ENSRNOG00000008656",0
"ENSRNOG00000008157",2
"ENSRNOG00000063846",0
"ENSRNOG00000019986",637
"ENSRNOG00000061373",980
"ENSRNOG00000067395",1
"ENSRNOG00000008332",1968
"ENSRNOG00000069227",0
"ENSRNOG00000007947",550
"ENSRNOG00000006874",3
"ENSRNOG00000007955",38
"ENSRNOG00000063630",0
"ENSRNOG00000068262",0
"ENSRNOG00000006576",848
"ENSRNOG00000021441",0
"ENSRNOG00000047453",570
"ENSRNOG00000015581",2
"ENSRNOG00000007100",304
"ENSRNOG00000007924",219
"ENSRNOG00000062430",0
"ENSRNOG00000064707",0
"ENSRNOG00000005268",1
"ENSRNOG00000007546",5144
"ENSRNOG00000028896",0
"ENSRNOG00000070702",1
"ENSRNOG00000008939",0
"ENSRNOG00000070617",2
"ENSRNOG00000065391",114
"ENSRNOG00000057096",62
"ENSRNOG00000022448",447
"ENSRNOG00000008524",517
"ENSRNOG00000020032",693
"ENSRNOG00000011808",13
"ENSRNOG00000006116",189
"ENSRNOG00000043035",147
"ENSRNOG00000008309",78
"ENSRNOG00000070386",590
"ENSRNOG00000045797",0
"ENSRNOG00000012817",4214
"ENSRNOG00000007842",2759
"ENSRNOG00000021468",26
"ENSRNOG00000008062",34
"ENSRNOG00000030269",1
"ENSRNOG00000008628",39
"ENSRNOG00000008466",0
"ENSRNOG00000066158",0
"ENSRNOG00000048371",160
"ENSRNOG00000031173",5639
"ENSRNOG00000011617",661
"ENSRNOG00000070169",0
"ENSRNOG00000008098",4
"ENSRNOG00000011387",1987
"ENSRNOG00000068074",4
"ENSRNOG00000033618",1
"ENSRNOG00000037198",35
"ENSRNOG00000023679",655
"ENSRNOG00000015493",0
"ENSRNOG00000012932",10
"ENSRNOG00000011144",9
"ENSRNOG00000010345",32
"ENSRNOG00000030151",3
"ENSRNOG00000015076",7
"ENSRNOG00000011338",230
"ENSRNOG00000006132",0
"ENSRNOG00000007804",192
"ENSRNOG00000067962",5
"ENSRNOG00000012026",1369
"ENSRNOG00000049269",896
"ENSRNOG00000007900",0
"ENSRNOG00000010905",2
"ENSRNOG00000042731",1
"ENSRNOG00000067502",0
"ENSRNOG00000007437",271
"ENSRNOG00000012392",447
"ENSRNOG00000014501",1647
"ENSRNOG00000011153",1077
"ENSRNOG00000006391",1367
"ENSRNOG00000025209",3450
"ENSRNOG00000012881",28
"ENSRNOG00000021758",2689
"ENSRNOG00000050231",7675
"ENSRNOG00000006526",2386
"ENSRNOG00000006717",155
"ENSRNOG00000006583",0
"ENSRNOG00000068221",0
"ENSRNOG00000066686",0
"ENSRNOG00000009700",12
"ENSRNOG00000015768",3
"ENSRNOG00000009742",434
"ENSRNOG00000012693",982
"ENSRNOG00000069727",0
"ENSRNOG00000009000",2171
"ENSRNOG00000066361",0
"ENSRNOG00000063451",1
"ENSRNOG00000064111",0
"ENSRNOG00000006631",50
"ENSRNOG00000007544",0
"ENSRNOG00000008752",385
"ENSRNOG00000070192",0
"ENSRNOG00000015411",0
"ENSRNOG00000010378",3
"ENSRNOG00000048205",8000
"ENSRNOG00000022950",0
"ENSRNOG00000005906",22
"ENSRNOG00000015331",0
"ENSRNOG00000065131",0
"ENSRNOG00000048088",3740
"ENSRNOG00000064705",0
"ENSRNOG00000009956",6476
"ENSRNOG00000008368",0
"ENSRNOG00000006206",2677
"ENSRNOG00000063398",2
"ENSRNOG00000007340",272
"ENSRNOG00000010833",1016
"ENSRNOG00000067011",0
"ENSRNOG00000007224",692
"ENSRNOG00000007662",500
"ENSRNOG00000012337",213
"ENSRNOG00000008376",435
"ENSRNOG00000011014",2188
"ENSRNOG00000009957",122
"ENSRNOG00000022343",1049
"ENSRNOG00000070521",0
"ENSRNOG00000059474",3399
"ENSRNOG00000005512",3330
"ENSRNOG00000028219",958
"ENSRNOG00000012394",633
"ENSRNOG00000013962",314
"ENSRNOG00000060689",95
"ENSRNOG00000014083",0
"ENSRNOG00000012439",455
"ENSRNOG00000006003",0
"ENSRNOG00000012876",0
"ENSRNOG00000008142",1028
"ENSRNOG00000010950",334
"ENSRNOG00000006093",0
"ENSRNOG00000011566",0
"ENSRNOG00000013573",41
"ENSRNOG00000014578",6
"ENSRNOG00000013712",1637
"ENSRNOG00000052140",467
"ENSRNOG00000005775",888
"ENSRNOG00000045539",2150
"ENSRNOG00000017066",1769
"ENSRNOG00000057729",42
"ENSRNOG00000021781",711
"ENSRNOG00000001808",1025
"ENSRNOG00000064930",0
"ENSRNOG00000010467",0
"ENSRNOG00000069710",0
"ENSRNOG00000014562",2849
"ENSRNOG00000021402",124
"ENSRNOG00000001811",1071
"ENSRNOG00000010725",1
"ENSRNOG00000062723",0
"ENSRNOG00000070875",1
"ENSRNOG00000005695",7626
"ENSRNOG00000013589",8109
"ENSRNOG00000017710",0
"ENSRNOG00000065827",0
"ENSRNOG00000066393",1
"ENSRNOG00000068450",43
"ENSRNOG00000010278",11
"ENSRNOG00000069963",1
"ENSRNOG00000068926",0
"ENSRNOG00000066762",0
"ENSRNOG00000023065",1064
"ENSRNOG00000009096",5
"ENSRNOG00000069795",72
"ENSRNOG00000017399",297
"ENSRNOG00000067309",0
"ENSRNOG00000009022",78
"ENSRNOG00000062434",0
"ENSRNOG00000007281",5626
"ENSRNOG00000042507",2
"ENSRNOG00000062492",791
"ENSRNOG00000009112",891
"ENSRNOG00000062405",2
"ENSRNOG00000047114",6
"ENSRNOG00000023363",0
"ENSRNOG00000062429",389
"ENSRNOG00000006476",0
"ENSRNOG00000023337",1009
"ENSRNOG00000033695",464
"ENSRNOG00000005615",454
"ENSRNOG00000009324",195
"ENSRNOG00000029574",16415
"ENSRNOG00000068666",0
"ENSRNOG00000018453",874
"ENSRNOG00000027655",0
"ENSRNOG00000065557",0
"ENSRNOG00000054428",0
"ENSRNOG00000008962",113
"ENSRNOG00000006857",0
"ENSRNOG00000007027",0
"ENSRNOG00000064781",9
"ENSRNOG00000067883",0
"ENSRNOG00000024709",1
"ENSRNOG00000031707",21
"ENSRNOG00000047566",20
"ENSRNOG00000066643",0
"ENSRNOG00000059347",200
"ENSRNOG00000064041",0
"ENSRNOG00000059615",1341
"ENSRNOG00000024685",0
"ENSRNOG00000067683",0
"ENSRNOG00000056052",0
"ENSRNOG00000058543",0
"ENSRNOG00000066785",0
"ENSRNOG00000067965",0
"ENSRNOG00000066267",0
"ENSRNOG00000070247",0
"ENSRNOG00000064825",0
"ENSRNOG00000010253",0
"ENSRNOG00000062896",0
"ENSRNOG00000039300",735
"ENSRNOG00000052702",72
"ENSRNOG00000033531",931
"ENSRNOG00000054508",1728
"ENSRNOG00000021799",0
"ENSRNOG00000005890",3169
"ENSRNOG00000069945",0
"ENSRNOG00000053203",832
"ENSRNOG00000064958",0
"ENSRNOG00000019719",9
"ENSRNOG00000032847",102
"ENSRNOG00000024636",8
"ENSRNOG00000027557",0
"ENSRNOG00000064052",0
"ENSRNOG00000027445",289
"ENSRNOG00000005376",188
"ENSRNOG00000042494",0
"ENSRNOG00000056836",20196
"ENSRNOG00000012195",0
"ENSRNOG00000007270",12
"ENSRNOG00000026225",0
"ENSRNOG00000010048",1664
"ENSRNOG00000030413",0
"ENSRNOG00000051905",0
"ENSRNOG00000032535",0
"ENSRNOG00000006782",0
"ENSRNOG00000034071",888
"ENSRNOG00000057290",824
"ENSRNOG00000066812",0
"ENSRNOG00000028135",0
"ENSRNOG00000047774",0
"ENSRNOG00000039626",0
"ENSRNOG00000066438",60
"ENSRNOG00000054505",0
"ENSRNOG00000061595",164
"ENSRNOG00000069828",0
"ENSRNOG00000052486",0
"ENSRNOG00000054514",1301
"ENSRNOG00000008031",6
"ENSRNOG00000028130",0
"ENSRNOG00000064842",0
"ENSRNOG00000070946",337
"ENSRNOG00000017906",0
"ENSRNOG00000039863",0
"ENSRNOG00000005412",0
"ENSRNOG00000059350",3
"ENSRNOG00000066511",0
"ENSRNOG00000006646",956
"ENSRNOG00000007508",34
"ENSRNOG00000053213",1
"ENSRNOG00000013137",7
"ENSRNOG00000049982",219
"ENSRNOG00000026811",0
"ENSRNOG00000012495",3
"ENSRNOG00000051952",702
"ENSRNOG00000015719",0
"ENSRNOG00000017881",1
"ENSRNOG00000006779",1534
"ENSRNOG00000048169",12
"ENSRNOG00000063432",1
"ENSRNOG00000006810",937
"ENSRNOG00000009583",1
"ENSRNOG00000028538",0
"ENSRNOG00000070474",770
"ENSRNOG00000057713",2171
"ENSRNOG00000018159",5339
"ENSRNOG00000033274",130
"ENSRNOG00000007304",505
"ENSRNOG00000034168",91
"ENSRNOG00000008839",179
"ENSRNOG00000026919",49
"ENSRNOG00000005519",0
"ENSRNOG00000065301",2906
"ENSRNOG00000007808",4
"ENSRNOG00000026941",1351
"ENSRNOG00000063440",0
"ENSRNOG00000060808",0
"ENSRNOG00000033748",3560
"ENSRNOG00000067848",0
"ENSRNOG00000056243",1024
"ENSRNOG00000067824",0
"ENSRNOG00000027055",0
"ENSRNOG00000057387",0
"ENSRNOG00000064582",0
"ENSRNOG00000047851",0
"ENSRNOG00000005818",5
"ENSRNOG00000061394",0
"ENSRNOG00000062606",0
"ENSRNOG00000046023",1520
"ENSRNOG00000070044",0
"ENSRNOG00000065350",0
"ENSRNOG00000012822",0
"ENSRNOG00000007740",0
"ENSRNOG00000066271",0
"ENSRNOG00000068648",0
"ENSRNOG00000031207",0
"ENSRNOG00000008594",0
"ENSRNOG00000067721",0
"ENSRNOG00000067416",0
"ENSRNOG00000031306",0
"ENSRNOG00000006383",0
"ENSRNOG00000005468",291
"ENSRNOG00000010057",0
"ENSRNOG00000042954",1
"ENSRNOG00000060343",0
"ENSRNOG00000050482",193
"ENSRNOG00000063340",0
"ENSRNOG00000048888",0
"ENSRNOG00000063098",3
"ENSRNOG00000005630",1601
"ENSRNOG00000023340",0
"ENSRNOG00000005781",12
"ENSRNOG00000065160",0
"ENSRNOG00000033938",0
"ENSRNOG00000063256",0
"ENSRNOG00000068988",0
"ENSRNOG00000053787",528
"ENSRNOG00000013211",1071
"ENSRNOG00000069205",0
"ENSRNOG00000067934",0
"ENSRNOG00000062608",0
"ENSRNOG00000056207",3012
"ENSRNOG00000068649",0
"ENSRNOG00000062475",0
"ENSRNOG00000062633",559
"ENSRNOG00000062392",0
"ENSRNOG00000008775",10
"ENSRNOG00000061845",308
"ENSRNOG00000068381",0
"ENSRNOG00000068268",0
"ENSRNOG00000067685",0
"ENSRNOG00000064670",0
"ENSRNOG00000066470",0
"ENSRNOG00000013072",2152
"ENSRNOG00000064086",0
"ENSRNOG00000060349",996
"ENSRNOG00000070721",0
"ENSRNOG00000069559",0
"ENSRNOG00000068118",0
"ENSRNOG00000053662",0
"ENSRNOG00000066019",0
"ENSRNOG00000055481",0
"ENSRNOG00000063615",0
"ENSRNOG00000009211",3
"ENSRNOG00000070183",0
"ENSRNOG00000027433",873
"ENSRNOG00000063419",0
"ENSRNOG00000006726",295
"ENSRNOG00000042478",4
"ENSRNOG00000021840",3170
"ENSRNOG00000009734",45
"ENSRNOG00000015505",1028
"ENSRNOG00000039494",0
"ENSRNOG00000008851",2007
"ENSRNOG00000063857",251
"ENSRNOG00000059016",823
"ENSRNOG00000010282",3
"ENSRNOG00000010045",0
"ENSRNOG00000064820",11
"ENSRNOG00000009875",10
"ENSRNOG00000010344",1
"ENSRNOG00000006527",0
"ENSRNOG00000069039",0
"ENSRNOG00000010573",0
"ENSRNOG00000010018",0
"ENSRNOG00000066609",0
"ENSRNOG00000053449",2
"ENSRNOG00000010133",757
"ENSRNOG00000011946",15
"ENSRNOG00000037206",95
"ENSRNOG00000070578",0
"ENSRNOG00000012826",9767
"ENSRNOG00000011857",3830
"ENSRNOG00000049780",1500
"ENSRNOG00000012297",1464
"ENSRNOG00000028092",102
"ENSRNOG00000014992",3261
"ENSRNOG00000010463",4
"ENSRNOG00000005726",3
"ENSRNOG00000010591",1882
"ENSRNOG00000015191",1719
"ENSRNOG00000011750",172
"ENSRNOG00000026965",190
"ENSRNOG00000009236",944
"ENSRNOG00000007202",2534
"ENSRNOG00000061684",1089
"ENSRNOG00000024604",0
"ENSRNOG00000009513",5860
"ENSRNOG00000030870",0
"ENSRNOG00000059227",0
"ENSRNOG00000042139",0
"ENSRNOG00000053804",0
"ENSRNOG00000039862",647
"ENSRNOG00000026958",62
"ENSRNOG00000062541",1574
"ENSRNOG00000051816",103
"ENSRNOG00000010421",263
"ENSRNOG00000011905",1083
"ENSRNOG00000007098",233
"ENSRNOG00000066556",3
"ENSRNOG00000008602",0
"ENSRNOG00000049203",467
"ENSRNOG00000011184",11
"ENSRNOG00000005908",474
"ENSRNOG00000011718",70
"ENSRNOG00000067026",0
"ENSRNOG00000065786",21
"ENSRNOG00000064282",11
"ENSRNOG00000064923",0
"ENSRNOG00000064556",0
"ENSRNOG00000042758",86
"ENSRNOG00000067104",0
"ENSRNOG00000063870",2
"ENSRNOG00000070261",27
"ENSRNOG00000011796",4916
"ENSRNOG00000064333",0
"ENSRNOG00000006076",1039
"ENSRNOG00000068396",0
"ENSRNOG00000064991",86
"ENSRNOG00000070375",0
"ENSRNOG00000068722",0
"ENSRNOG00000010795",1124
"ENSRNOG00000006114",128
"ENSRNOG00000068426",0
"ENSRNOG00000070496",3
"ENSRNOG00000011971",1261
"ENSRNOG00000066396",12
"ENSRNOG00000069222",18
"ENSRNOG00000013004",0
"ENSRNOG00000069929",0
"ENSRNOG00000069594",92
"ENSRNOG00000007151",3010
"ENSRNOG00000068238",24
"ENSRNOG00000065327",0
"ENSRNOG00000019264",3777
"ENSRNOG00000033673",28
"ENSRNOG00000024560",0
"ENSRNOG00000070388",72
"ENSRNOG00000010880",3
"ENSRNOG00000039860",7
"ENSRNOG00000070520",1
"ENSRNOG00000062959",5533
"ENSRNOG00000064238",307
"ENSRNOG00000066290",7
"ENSRNOG00000009163",262
"ENSRNOG00000067905",0
"ENSRNOG00000019368",77
"ENSRNOG00000069100",1
"ENSRNOG00000058506",9
"ENSRNOG00000063037",14
"ENSRNOG00000007899",153
"ENSRNOG00000064449",29
"ENSRNOG00000051419",0
"ENSRNOG00000071085",0
"ENSRNOG00000010852",1337
"ENSRNOG00000070814",2
"ENSRNOG00000067290",263
"ENSRNOG00000067539",0
"ENSRNOG00000070003",2
"ENSRNOG00000062607",0
"ENSRNOG00000066335",4
"ENSRNOG00000068001",8
"ENSRNOG00000065414",34
"ENSRNOG00000066998",2
"ENSRNOG00000067701",0
"ENSRNOG00000042804",2
"ENSRNOG00000064122",313
"ENSRNOG00000052718",0
"ENSRNOG00000071208",0
"ENSRNOG00000007090",1804
"ENSRNOG00000059964",35
"ENSRNOG00000064414",0
"ENSRNOG00000011606",214
"ENSRNOG00000065777",0
"ENSRNOG00000067312",0
"ENSRNOG00000007420",0
"ENSRNOG00000070828",611
"ENSRNOG00000070985",60
"ENSRNOG00000028826",405
"ENSRNOG00000005564",1397
"ENSRNOG00000063180",0
"ENSRNOG00000023285",585
"ENSRNOG00000064175",0
"ENSRNOG00000029083",6
"ENSRNOG00000062885",0
"ENSRNOG00000057997",2
"ENSRNOG00000046851",5
"ENSRNOG00000063886",0
"ENSRNOG00000033439",3
"ENSRNOG00000060897",0
"ENSRNOG00000019689",13
"ENSRNOG00000070338",2
"ENSRNOG00000064887",1
"ENSRNOG00000068196",0
"ENSRNOG00000021401",0
"ENSRNOG00000038215",0
"ENSRNOG00000068892",5
"ENSRNOG00000066825",0
"ENSRNOG00000068644",598
"ENSRNOG00000066814",0
"ENSRNOG00000059360",0
"ENSRNOG00000062819",0
"ENSRNOG00000064217",0
"ENSRNOG00000006001",3115
"ENSRNOG00000038024",42
"ENSRNOG00000056741",0
"ENSRNOG00000064456",0
"ENSRNOG00000055703",0
"ENSRNOG00000060859",0
"ENSRNOG00000070785",0
"ENSRNOG00000066985",0
"ENSRNOG00000021723",34
"ENSRNOG00000063459",0
"ENSRNOG00000066068",0
"ENSRNOG00000008012",44
"ENSRNOG00000065548",0
"ENSRNOG00000027063",0
"ENSRNOG00000056402",0
"ENSRNOG00000028747",1431
"ENSRNOG00000054678",0
"ENSRNOG00000063804",0
"ENSRNOG00000068090",1
"ENSRNOG00000069655",6
"ENSRNOG00000064761",0
"ENSRNOG00000058279",0
"ENSRNOG00000066305",1
"ENSRNOG00000052263",0
"ENSRNOG00000030902",8
"ENSRNOG00000060084",0
"ENSRNOG00000058512",0
"ENSRNOG00000032448",0
"ENSRNOG00000051445",0
"ENSRNOG00000013251",1750
"ENSRNOG00000067082",0
"ENSRNOG00000063565",0
"ENSRNOG00000051840",0
"ENSRNOG00000005664",0
"ENSRNOG00000052417",0
"ENSRNOG00000058403",0
"ENSRNOG00000005692",0
"ENSRNOG00000054341",0
"ENSRNOG00000067641",0
"ENSRNOG00000067588",0
"ENSRNOG00000051717",0
"ENSRNOG00000061234",0
"ENSRNOG00000021366",0
"ENSRNOG00000070798",0
"ENSRNOG00000027722",245
"ENSRNOG00000066041",0
"ENSRNOG00000067918",0
"ENSRNOG00000054741",0
"ENSRNOG00000031185",0
"ENSRNOG00000058628",0
"ENSRNOG00000065349",0
"ENSRNOG00000013378",7
"ENSRNOG00000062417",0
"ENSRNOG00000021445",0
"ENSRNOG00000064566",0
"ENSRNOG00000062325",2530
"ENSRNOG00000021430",0
"ENSRNOG00000065660",0
"ENSRNOG00000064270",0
"ENSRNOG00000069224",0
"ENSRNOG00000030993",0
"ENSRNOG00000066792",0
"ENSRNOG00000052849",0
"ENSRNOG00000005732",0
"ENSRNOG00000009280",493
"ENSRNOG00000068562",0
"ENSRNOG00000029561",0
"ENSRNOG00000065008",0
"ENSRNOG00000066533",0
"ENSRNOG00000032724",0
"ENSRNOG00000061702",0
"ENSRNOG00000037036",0
"ENSRNOG00000062515",0
"ENSRNOG00000053912",0
"ENSRNOG00000031107",0
"ENSRNOG00000056608",1
"ENSRNOG00000066042",741
"ENSRNOG00000060430",0
"ENSRNOG00000070504",0
"ENSRNOG00000061624",0
"ENSRNOG00000055593",0
"ENSRNOG00000021397",0
"ENSRNOG00000056499",0
"ENSRNOG00000061081",0
"ENSRNOG00000030752",0
"ENSRNOG00000069842",0
"ENSRNOG00000055945",0
"ENSRNOG00000062370",0
"ENSRNOG00000061103",0
"ENSRNOG00000067648",2
"ENSRNOG00000061241",0
"ENSRNOG00000066655",16
"ENSRNOG00000067096",0
"ENSRNOG00000027617",1081
"ENSRNOG00000008667",0
"ENSRNOG00000055249",0
"ENSRNOG00000005645",0
"ENSRNOG00000051914",0
"ENSRNOG00000063909",0
"ENSRNOG00000005646",0
"ENSRNOG00000060570",0
"ENSRNOG00000060457",0
"ENSRNOG00000001840",1
"ENSRNOG00000067392",1
"ENSRNOG00000053310",0
"ENSRNOG00000036910",49
"ENSRNOG00000064943",0
"ENSRNOG00000058680",0
"ENSRNOG00000033855",839
"ENSRNOG00000005618",246
"ENSRNOG00000059847",0
"ENSRNOG00000064845",0
"ENSRNOG00000068370",0
"ENSRNOG00000066190",0
"ENSRNOG00000062577",5
"ENSRNOG00000067251",0
"ENSRNOG00000063157",80
"ENSRNOG00000070825",0
"ENSRNOG00000011108",1
"ENSRNOG00000063158",0
"ENSRNOG00000068385",3
"ENSRNOG00000063686",0
"ENSRNOG00000071024",0
"ENSRNOG00000062583",0
"ENSRNOG00000069971",0
"ENSRNOG00000007034",551
"ENSRNOG00000067590",0
"ENSRNOG00000067819",0
"ENSRNOG00000052033",1
"ENSRNOG00000055888",0
"ENSRNOG00000054530",1
"ENSRNOG00000068356",94
"ENSRNOG00000055602",0
"ENSRNOG00000005867",0
"ENSRNOG00000059486",2
"ENSRNOG00000064443",3
"ENSRNOG00000060660",2
"ENSRNOG00000057550",122
"ENSRNOG00000057093",0
"ENSRNOG00000052747",0
"ENSRNOG00000069143",15
"ENSRNOG00000064124",0
"ENSRNOG00000065147",971
"ENSRNOG00000008725",1656
"ENSRNOG00000064288",84
"ENSRNOG00000059320",0
"ENSRNOG00000069248",0
"ENSRNOG00000054987",0
"ENSRNOG00000067342",5
"ENSRNOG00000055890",0
"ENSRNOG00000070439",0
"ENSRNOG00000058704",0
"ENSRNOG00000056432",0
"ENSRNOG00000053476",2
"ENSRNOG00000053251",0
"ENSRNOG00000060415",0
"ENSRNOG00000066704",0
"ENSRNOG00000059547",0
"ENSRNOG00000069672",1
"ENSRNOG00000058905",0
"ENSRNOG00000067985",0
"ENSRNOG00000061585",0
"ENSRNOG00000063230",5
"ENSRNOG00000060592",0
"ENSRNOG00000053414",19
"ENSRNOG00000056544",0
"ENSRNOG00000052942",0
"ENSRNOG00000065999",0
"ENSRNOG00000060772",0
"ENSRNOG00000065270",0
"ENSRNOG00000058095",0
"ENSRNOG00000067947",638
"ENSRNOG00000057170",0
"ENSRNOG00000010233",10839
"ENSRNOG00000068167",37
"ENSRNOG00000069790",0
"ENSRNOG00000069103",0
"ENSRNOG00000059639",0
"ENSRNOG00000067095",43
"ENSRNOG00000056090",0
"ENSRNOG00000063013",0
"ENSRNOG00000066064",0
"ENSRNOG00000068828",8
"ENSRNOG00000057002",0
"ENSRNOG00000067428",0
"ENSRNOG00000053177",0
"ENSRNOG00000066929",74
"ENSRNOG00000059471",0
"ENSRNOG00000062437",0
"ENSRNOG00000059511",0
"ENSRNOG00000009264",773
"ENSRNOG00000061010",0
"ENSRNOG00000067713",4
"ENSRNOG00000054659",0
"ENSRNOG00000056565",0
"ENSRNOG00000061330",0
"ENSRNOG00000070695",117
"ENSRNOG00000065973",0
"ENSRNOG00000069010",2
"ENSRNOG00000053390",0
"ENSRNOG00000068188",0
"ENSRNOG00000010397",152
"ENSRNOG00000060424",0
"ENSRNOG00000059966",0
"ENSRNOG00000057018",0
"ENSRNOG00000055555",0
"ENSRNOG00000065433",0
"ENSRNOG00000056505",0
"ENSRNOG00000071211",0
"ENSRNOG00000065415",0
"ENSRNOG00000054884",4
"ENSRNOG00000058065",0
"ENSRNOG00000051749",0
"ENSRNOG00000054499",0
"ENSRNOG00000064686",0
"ENSRNOG00000052715",0
"ENSRNOG00000053685",1
"ENSRNOG00000069597",0
"ENSRNOG00000052674",1
"ENSRNOG00000059787",2
"ENSRNOG00000068282",0
"ENSRNOG00000026705",8
"ENSRNOG00000068295",0
"ENSRNOG00000067372",0
"ENSRNOG00000070879",0
"ENSRNOG00000066121",0
"ENSRNOG00000019556",844
"ENSRNOG00000057606",0
"ENSRNOG00000051718",0
"ENSRNOG00000070120",0
"ENSRNOG00000069583",0
"ENSRNOG00000062571",0
"ENSRNOG00000069513",0
"ENSRNOG00000052131",0
"ENSRNOG00000012269",3076
"ENSRNOG00000051990",0
"ENSRNOG00000063849",0
"ENSRNOG00000057063",0
"ENSRNOG00000066909",0
"ENSRNOG00000012828",701
"ENSRNOG00000062380",0
"ENSRNOG00000059631",0
"ENSRNOG00000062539",0
"ENSRNOG00000057486",0
"ENSRNOG00000059571",0
"ENSRNOG00000068359",0
"ENSRNOG00000012999",2473
"ENSRNOG00000054211",0
"ENSRNOG00000061617",0
"ENSRNOG00000007918",3
"ENSRNOG00000008196",508
"ENSRNOG00000052445",262
"ENSRNOG00000011854",201
"ENSRNOG00000026446",7
"ENSRNOG00000012100",193
"ENSRNOG00000014294",12
"ENSRNOG00000013948",2782
"ENSRNOG00000067443",0
"ENSRNOG00000046972",0
"ENSRNOG00000014312",0
"ENSRNOG00000066406",0
"ENSRNOG00000070812",0
"ENSRNOG00000070244",0
"ENSRNOG00000010154",767
"ENSRNOG00000068055",0
"ENSRNOG00000067233",0
"ENSRNOG00000063329",0
"ENSRNOG00000010267",516
"ENSRNOG00000065675",0
"ENSRNOG00000066904",0
"ENSRNOG00000048468",0
"ENSRNOG00000066072",0
"ENSRNOG00000066955",0
"ENSRNOG00000065237",0
"ENSRNOG00000013428",0
"ENSRNOG00000064085",0
"ENSRNOG00000065629",0
"ENSRNOG00000023561",7
"ENSRNOG00000066082",0
"ENSRNOG00000067079",0
"ENSRNOG00000013729",570
"ENSRNOG00000070134",0
"ENSRNOG00000071026",0
"ENSRNOG00000010702",2721
"ENSRNOG00000015455",194
"ENSRNOG00000012916",0
"ENSRNOG00000012201",0
"ENSRNOG00000046959",0
"ENSRNOG00000060594",9837
"ENSRNOG00000006784",57
"ENSRNOG00000026528",320
"ENSRNOG00000029644",1
"ENSRNOG00000009347",1
"ENSRNOG00000059589",336
"ENSRNOG00000061420",66
"ENSRNOG00000026748",740
"ENSRNOG00000031408",2
"ENSRNOG00000005691",116
"ENSRNOG00000017708",7120
"ENSRNOG00000006814",18
"ENSRNOG00000015877",0
"ENSRNOG00000013203",0
"ENSRNOG00000069261",1
"ENSRNOG00000013141",1023
"ENSRNOG00000016182",61
"ENSRNOG00000065167",0
"ENSRNOG00000006718",1520
"ENSRNOG00000067295",0
"ENSRNOG00000043164",0
"ENSRNOG00000064192",0
"ENSRNOG00000056962",127
"ENSRNOG00000006846",0
"ENSRNOG00000013382",1
"ENSRNOG00000017720",378
"ENSRNOG00000008518",2
"ENSRNOG00000026309",82
"ENSRNOG00000065135",326
"ENSRNOG00000010957",534
"ENSRNOG00000014918",0
"ENSRNOG00000010353",351
"ENSRNOG00000017838",483
"ENSRNOG00000027592",129
"ENSRNOG00000059878",86
"ENSRNOG00000009316",1
"ENSRNOG00000067591",0
"ENSRNOG00000009256",5
"ENSRNOG00000036959",8
"ENSRNOG00000048969",435
"ENSRNOG00000055036",504
"ENSRNOG00000062962",8
"ENSRNOG00000067281",0
"ENSRNOG00000009030",10
"ENSRNOG00000015478",8
"ENSRNOG00000047635",0
"ENSRNOG00000006859",1132
"ENSRNOG00000007249",2786
"ENSRNOG00000008678",11407
"ENSRNOG00000065521",10
"ENSRNOG00000067769",0
"ENSRNOG00000028311",0
"ENSRNOG00000063691",9
"ENSRNOG00000005787",0
"ENSRNOG00000070606",48
"ENSRNOG00000009787",0
"ENSRNOG00000011156",1
"ENSRNOG00000007493",149
"ENSRNOG00000068200",3
"ENSRNOG00000005809",6
"ENSRNOG00000010015",0
"ENSRNOG00000026306",0
"ENSRNOG00000037768",132
"ENSRNOG00000068192",0
"ENSRNOG00000031855",47
"ENSRNOG00000042164",0
"ENSRNOG00000066330",2
"ENSRNOG00000010021",344
"ENSRNOG00000007047",332
"ENSRNOG00000051942",0
"ENSRNOG00000063726",0
"ENSRNOG00000006120",0
"ENSRNOG00000008838",4
"ENSRNOG00000070336",0
"ENSRNOG00000030012",0
"ENSRNOG00000007066",0
"ENSRNOG00000059890",5
"ENSRNOG00000042112",0
"ENSRNOG00000018410",755
"ENSRNOG00000008929",394
"ENSRNOG00000063605",0
"ENSRNOG00000037076",6
"ENSRNOG00000065417",0
"ENSRNOG00000007830",116
"ENSRNOG00000018507",1662
"ENSRNOG00000019219",299
"ENSRNOG00000050493",0
"ENSRNOG00000047450",0
"ENSRNOG00000030547",0
"ENSRNOG00000065908",0
"ENSRNOG00000013222",6
"ENSRNOG00000013944",531
"ENSRNOG00000069744",36
"ENSRNOG00000037863",0
"ENSRNOG00000030538",0
"ENSRNOG00000064731",0
"ENSRNOG00000048726",223
"ENSRNOG00000011509",503
"ENSRNOG00000015589",497
"ENSRNOG00000013816",569
"ENSRNOG00000027466",4
"ENSRNOG00000064685",0
"ENSRNOG00000008766",0
"ENSRNOG00000068912",0
"ENSRNOG00000069899",219
"ENSRNOG00000013132",0
"ENSRNOG00000070827",8
"ENSRNOG00000029401",24
"ENSRNOG00000000024",522
"ENSRNOG00000028989",0
"ENSRNOG00000007866",4
"ENSRNOG00000050578",1745
"ENSRNOG00000010449",0
"ENSRNOG00000012954",612
"ENSRNOG00000030522",4
"ENSRNOG00000040301",0
"ENSRNOG00000062621",0
"ENSRNOG00000050483",105
"ENSRNOG00000034228",1
"ENSRNOG00000054360",0
"ENSRNOG00000009085",292
"ENSRNOG00000015903",2
"ENSRNOG00000026177",0
"ENSRNOG00000051620",1918
"ENSRNOG00000008439",1
"ENSRNOG00000015630",1771
"ENSRNOG00000012472",257
"ENSRNOG00000007131",988
"ENSRNOG00000012602",826
"ENSRNOG00000010474",9869
"ENSRNOG00000008117",676
"ENSRNOG00000058386",1696
"ENSRNOG00000007310",0
"ENSRNOG00000053553",4
"ENSRNOG00000034088",0
"ENSRNOG00000011092",2
"ENSRNOG00000036960",8998
"ENSRNOG00000046345",13245
"ENSRNOG00000013369",0
"ENSRNOG00000045819",268
"ENSRNOG00000024885",0
"ENSRNOG00000070887",0
"ENSRNOG00000053178",0
"ENSRNOG00000025735",1
"ENSRNOG00000037871",96
"ENSRNOG00000005505",1453
"ENSRNOG00000013245",0
"ENSRNOG00000025618",0
"ENSRNOG00000061739",0
"ENSRNOG00000015682",0
"ENSRNOG00000056009",873
"ENSRNOG00000009282",960
"ENSRNOG00000008514",5
"ENSRNOG00000071214",0
"ENSRNOG00000069072",0
"ENSRNOG00000028235",46
"ENSRNOG00000065053",3
"ENSRNOG00000016484",849
"ENSRNOG00000024508",0
"ENSRNOG00000063539",0
"ENSRNOG00000047067",22020
"ENSRNOG00000015799",20
"ENSRNOG00000027979",1
"ENSRNOG00000066165",0
"ENSRNOG00000066886",9
"ENSRNOG00000008557",429
"ENSRNOG00000001807",1497
"ENSRNOG00000050645",668
"ENSRNOG00000005608",153
"ENSRNOG00000009740",15
"ENSRNOG00000057924",0
"ENSRNOG00000070501",0
"ENSRNOG00000010609",995
"ENSRNOG00000015394",0
"ENSRNOG00000055966",1
"ENSRNOG00000007134",3088
"ENSRNOG00000070849",0
"ENSRNOG00000017149",80
"ENSRNOG00000065813",0
"ENSRNOG00000009872",525
"ENSRNOG00000057142",0
"ENSRNOG00000012247",7257
"ENSRNOG00000007717",0
"ENSRNOG00000061864",0
"ENSRNOG00000070547",0
"ENSRNOG00000067628",1
"ENSRNOG00000068392",0
"ENSRNOG00000063154",0
"ENSRNOG00000031312",5163
"ENSRNOG00000069338",0
"ENSRNOG00000014367",2
"ENSRNOG00000069243",0
"ENSRNOG00000014018",0
"ENSRNOG00000060843",0
"ENSRNOG00000070958",0
"ENSRNOG00000033815",0
"ENSRNOG00000067272",0
"ENSRNOG00000026675",0
"ENSRNOG00000065801",0
"ENSRNOG00000014714",0
"ENSRNOG00000066559",0
"ENSRNOG00000064073",0
"ENSRNOG00000066164",0
"ENSRNOG00000063026",0
"ENSRNOG00000017911",555
"ENSRNOG00000021313",0
"ENSRNOG00000065086",0
"ENSRNOG00000059810",156
"ENSRNOG00000063570",0
"ENSRNOG00000019528",80
"ENSRNOG00000070063",0
"ENSRNOG00000062929",0
"ENSRNOG00000053111",0
"ENSRNOG00000060151",0
"ENSRNOG00000023449",1
"ENSRNOG00000038872",2
"ENSRNOG00000052408",0
"ENSRNOG00000067498",0
"ENSRNOG00000033202",3
"ENSRNOG00000067024",0
"ENSRNOG00000001854",331
"ENSRNOG00000054316",0
"ENSRNOG00000069474",0
"ENSRNOG00000070687",0
"ENSRNOG00000063206",0
"ENSRNOG00000053700",0
"ENSRNOG00000066894",83
"ENSRNOG00000051714",2
"ENSRNOG00000010077",2226
"ENSRNOG00000025848",2
"ENSRNOG00000063666",0
"ENSRNOG00000016316",598
"ENSRNOG00000069028",0
"ENSRNOG00000062514",0
"ENSRNOG00000013000",1935
"ENSRNOG00000065462",0
"ENSRNOG00000060795",0
"ENSRNOG00000016076",0
"ENSRNOG00000052803",0
"ENSRNOG00000060744",0
"ENSRNOG00000058757",0
"ENSRNOG00000025541",0
"ENSRNOG00000055065",0
"ENSRNOG00000059753",0
"ENSRNOG00000053438",7
"ENSRNOG00000013547",0
"ENSRNOG00000070231",0
"ENSRNOG00000053237",0
"ENSRNOG00000070909",0
"ENSRNOG00000009348",14
"ENSRNOG00000031041",2
"ENSRNOG00000067876",0
"ENSRNOG00000052240",0
"ENSRNOG00000057643",0
"ENSRNOG00000053149",0
"ENSRNOG00000059101",0
"ENSRNOG00000067627",0
"ENSRNOG00000071005",0
"ENSRNOG00000055675",0
"ENSRNOG00000010466",1052
"ENSRNOG00000069215",2
"ENSRNOG00000010005",962
"ENSRNOG00000060012",0
"ENSRNOG00000055353",0
"ENSRNOG00000018317",2916
"ENSRNOG00000019716",19
"ENSRNOG00000060246",0
"ENSRNOG00000066801",0
"ENSRNOG00000015514",10530
"ENSRNOG00000065485",0
"ENSRNOG00000025519",0
"ENSRNOG00000060861",0
"ENSRNOG00000053698",0
"ENSRNOG00000068417",0
"ENSRNOG00000020169",0
"ENSRNOG00000058052",0
"ENSRNOG00000065711",0
"ENSRNOG00000059990",0
"ENSRNOG00000058775",0
"ENSRNOG00000052655",0
"ENSRNOG00000026981",482
"ENSRNOG00000064632",0
"ENSRNOG00000007707",630
"ENSRNOG00000061810",0
"ENSRNOG00000054975",1
"ENSRNOG00000025720",14
"ENSRNOG00000063999",0
"ENSRNOG00000052213",0
"ENSRNOG00000052563",0
"ENSRNOG00000006711",253
"ENSRNOG00000062852",1
"ENSRNOG00000057743",0
"ENSRNOG00000060559",0
"ENSRNOG00000064339",2
"ENSRNOG00000070876",1
"ENSRNOG00000059598",1
"ENSRNOG00000016665",576
"ENSRNOG00000054983",0
"ENSRNOG00000067154",0
"ENSRNOG00000064635",0
"ENSRNOG00000067689",0
"ENSRNOG00000053772",0
"ENSRNOG00000026874",108
"ENSRNOG00000057090",1
"ENSRNOG00000057183",0
"ENSRNOG00000006617",10
"ENSRNOG00000010239",6366
"ENSRNOG00000068043",0
"ENSRNOG00000067403",0
"ENSRNOG00000006231",1
"ENSRNOG00000066911",0
"ENSRNOG00000009556",0
"ENSRNOG00000064606",0
"ENSRNOG00000006228",6778
"ENSRNOG00000007811",1
"ENSRNOG00000063335",0
"ENSRNOG00000035451",0
"ENSRNOG00000068663",0
"ENSRNOG00000016917",2
"ENSRNOG00000058714",0
"ENSRNOG00000063469",0
"ENSRNOG00000068719",0
"ENSRNOG00000067584",0
"ENSRNOG00000040346",0
"ENSRNOG00000053661",0
"ENSRNOG00000062877",0
"ENSRNOG00000036462",0
"ENSRNOG00000005506",1057
"ENSRNOG00000035458",0
"ENSRNOG00000036272",0
"ENSRNOG00000064957",0
"ENSRNOG00000017808",746
"ENSRNOG00000018309",7577
"ENSRNOG00000068116",0
"ENSRNOG00000035577",0
"ENSRNOG00000019158",0
"ENSRNOG00000035587",0
"ENSRNOG00000036271",0
"ENSRNOG00000061895",0
"ENSRNOG00000005947",0
"ENSRNOG00000035598",0
"ENSRNOG00000046475",0
"ENSRNOG00000043059",514
"ENSRNOG00000069174",31
"ENSRNOG00000035624",0
"ENSRNOG00000041321",0
"ENSRNOG00000060241",0
"ENSRNOG00000035463",1
"ENSRNOG00000048961",696
"ENSRNOG00000036461",0
"ENSRNOG00000010485",0
"ENSRNOG00000066572",1
"ENSRNOG00000063462",0
"ENSRNOG00000015762",108
"ENSRNOG00000014856",3217
"ENSRNOG00000068364",2048
"ENSRNOG00000047309",0
"ENSRNOG00000051661",0
"ENSRNOG00000016255",286
"ENSRNOG00000007405",417
"ENSRNOG00000056783",0
"ENSRNOG00000013463",661
"ENSRNOG00000037782",0
"ENSRNOG00000066193",610
"ENSRNOG00000036913",1135
"ENSRNOG00000008733",536
"ENSRNOG00000008218",760
"ENSRNOG00000053337",0
"ENSRNOG00000025934",0
"ENSRNOG00000005390",0
"ENSRNOG00000001847",921
"ENSRNOG00000051600",0
"ENSRNOG00000025818",875
"ENSRNOG00000056041",1106
"ENSRNOG00000005310",2913
"ENSRNOG00000017959",103
"ENSRNOG00000051447",0
"ENSRNOG00000049645",0
"ENSRNOG00000047319",430
"ENSRNOG00000065051",0
"ENSRNOG00000065970",0
"ENSRNOG00000063089",3
"ENSRNOG00000066943",0
"ENSRNOG00000064643",0
"ENSRNOG00000016707",13
"ENSRNOG00000001820",370
"ENSRNOG00000062693",0
"ENSRNOG00000012831",118
"ENSRNOG00000067827",0
"ENSRNOG00000025042",924
"ENSRNOG00000052467",0
"ENSRNOG00000069267",3
"ENSRNOG00000012952",481
"ENSRNOG00000053656",0
"ENSRNOG00000046899",0
"ENSRNOG00000063902",0
"ENSRNOG00000058136",0
"ENSRNOG00000006048",238
"ENSRNOG00000069959",317
"ENSRNOG00000006338",2972
"ENSRNOG00000008747",1490
"ENSRNOG00000017003",3486
"ENSRNOG00000055196",0
"ENSRNOG00000033639",504
"ENSRNOG00000060248",73
"ENSRNOG00000057254",0
"ENSRNOG00000051489",0
"ENSRNOG00000043404",0
"ENSRNOG00000017354",5958
"ENSRNOG00000005858",0
"ENSRNOG00000070498",0
"ENSRNOG00000052128",2
"ENSRNOG00000013195",590
"ENSRNOG00000005480",5431
"ENSRNOG00000017525",30
"ENSRNOG00000026883",1
"ENSRNOG00000070076",0
"ENSRNOG00000001844",591
"ENSRNOG00000070281",0
"ENSRNOG00000009019",4835
"ENSRNOG00000006709",5
"ENSRNOG00000007247",0
"ENSRNOG00000047493",0
"ENSRNOG00000013743",7817
"ENSRNOG00000066539",4
"ENSRNOG00000009447",71
"ENSRNOG00000018533",618
"ENSRNOG00000018630",4145
"ENSRNOG00000007064",536
"ENSRNOG00000066889",0
"ENSRNOG00000066287",0
"ENSRNOG00000060350",4890
"ENSRNOG00000008676",5345
"ENSRNOG00000036984",0
"ENSRNOG00000066172",0
"ENSRNOG00000064375",1
"ENSRNOG00000029922",363
"ENSRNOG00000067300",306
"ENSRNOG00000064824",8
"ENSRNOG00000032443",1
"ENSRNOG00000055300",1203
"ENSRNOG00000032432",0
"ENSRNOG00000061868",7
"ENSRNOG00000010388",0
"ENSRNOG00000030004",0
"ENSRNOG00000019165",699
"ENSRNOG00000010898",0
"ENSRNOG00000057554",0
"ENSRNOG00000007126",166
"ENSRNOG00000030894",0
"ENSRNOG00000031140",0
"ENSRNOG00000054860",1
"ENSRNOG00000011824",4
"ENSRNOG00000006925",191
"ENSRNOG00000058457",587
"ENSRNOG00000015910",2
"ENSRNOG00000025930",0
"ENSRNOG00000053638",0
"ENSRNOG00000010452",574
"ENSRNOG00000012417",0
"ENSRNOG00000057335",0
"ENSRNOG00000010594",89
"ENSRNOG00000008575",0
"ENSRNOG00000051690",0
"ENSRNOG00000008714",0
"ENSRNOG00000062297",0
"ENSRNOG00000062862",0
"ENSRNOG00000060460",0
"ENSRNOG00000006703",455
"ENSRNOG00000014382",586
"ENSRNOG00000054251",7
"ENSRNOG00000069416",0
"ENSRNOG00000008362",87
"ENSRNOG00000059538",830
"ENSRNOG00000022060",863
"ENSRNOG00000065574",0
"ENSRNOG00000008239",128
"ENSRNOG00000043158",0
"ENSRNOG00000063869",0
"ENSRNOG00000023612",0
"ENSRNOG00000001817",1479
"ENSRNOG00000052024",0
"ENSRNOG00000066615",0
"ENSRNOG00000008816",8338
"ENSRNOG00000015125",77
"ENSRNOG00000032788",3242
"ENSRNOG00000005984",676
"ENSRNOG00000009035",947
"ENSRNOG00000031709",7174
"ENSRNOG00000015290",2860
"ENSRNOG00000009052",1149
"ENSRNOG00000008234",219
"ENSRNOG00000066387",0
"ENSRNOG00000029308",5
"ENSRNOG00000024705",25
"ENSRNOG00000015409",1236
"ENSRNOG00000015529",971
"ENSRNOG00000026864",10
"ENSRNOG00000001842",836
"ENSRNOG00000015541",30
"ENSRNOG00000010011",743
"ENSRNOG00000027630",152
"ENSRNOG00000045821",249
"ENSRNOG00000021334",13
"ENSRNOG00000060098",5792
"ENSRNOG00000052174",490
"ENSRNOG00000060308",8
"ENSRNOG00000016589",3812
"ENSRNOG00000006824",0
"ENSRNOG00000063524",419
"ENSRNOG00000062587",0
"ENSRNOG00000055950",0
"ENSRNOG00000068610",0
"ENSRNOG00000055056",0
"ENSRNOG00000016778",1969
"ENSRNOG00000070412",0
"ENSRNOG00000010806",0
"ENSRNOG00000001830",138
"ENSRNOG00000051739",0
"ENSRNOG00000024533",1084
"ENSRNOG00000009322",132
"ENSRNOG00000005968",1315
"ENSRNOG00000017052",14
"ENSRNOG00000046449",0
"ENSRNOG00000010213",2
"ENSRNOG00000069406",49
"ENSRNOG00000008465",0
"ENSRNOG00000068148",22
"ENSRNOG00000007743",4
"ENSRNOG00000006174",1
"ENSRNOG00000023708",0
"ENSRNOG00000028632",35
"ENSRNOG00000001828",204
"ENSRNOG00000064314",0
"ENSRNOG00000021579",283
"ENSRNOG00000059182",0
"ENSRNOG00000016273",391
"ENSRNOG00000016507",44
"ENSRNOG00000008870",2670
"ENSRNOG00000008412",104
"ENSRNOG00000068847",0
"ENSRNOG00000005383",0
"ENSRNOG00000070810",0
"ENSRNOG00000068724",0
"ENSRNOG00000009970",35
"ENSRNOG00000016704",4112
"ENSRNOG00000068441",0
"ENSRNOG00000070768",0
"ENSRNOG00000066203",0
"ENSRNOG00000070369",0
"ENSRNOG00000032967",1
"ENSRNOG00000050564",15
"ENSRNOG00000007838",1305
"ENSRNOG00000059870",59
"ENSRNOG00000036918",315
"ENSRNOG00000029321",0
"ENSRNOG00000008130",0
"ENSRNOG00000068499",0
"ENSRNOG00000036917",457
"ENSRNOG00000012228",1601
"ENSRNOG00000063414",0
"ENSRNOG00000028526",1414
"ENSRNOG00000016813",1404
"ENSRNOG00000067025",0
"ENSRNOG00000064322",40
"ENSRNOG00000064061",0
"ENSRNOG00000030158",0
"ENSRNOG00000063572",0
"ENSRNOG00000009726",0
"ENSRNOG00000011944",1761
"ENSRNOG00000006505",624
"ENSRNOG00000069193",0
"ENSRNOG00000070189",0
"ENSRNOG00000006628",306
"ENSRNOG00000017380",796
"ENSRNOG00000068824",0
"ENSRNOG00000049378",1076
"ENSRNOG00000009156",1059
"ENSRNOG00000063550",0
"ENSRNOG00000070159",0
"ENSRNOG00000009031",0
"ENSRNOG00000064847",1
"ENSRNOG00000065855",0
"ENSRNOG00000010090",260
"ENSRNOG00000063876",0
"ENSRNOG00000066922",0
"ENSRNOG00000008933",0
"ENSRNOG00000069491",0
"ENSRNOG00000057410",0
"ENSRNOG00000008622",357
"ENSRNOG00000063193",0
"ENSRNOG00000024647",1664
"ENSRNOG00000063365",0
"ENSRNOG00000014508",1832
"ENSRNOG00000036911",413
"ENSRNOG00000068688",0
"ENSRNOG00000005767",3783
"ENSRNOG00000069766",0
"ENSRNOG00000070208",0
"ENSRNOG00000024569",0
"ENSRNOG00000061757",0
"ENSRNOG00000063422",0
"ENSRNOG00000022155",35
"ENSRNOG00000010536",926
"ENSRNOG00000028517",513
"ENSRNOG00000071104",0
"ENSRNOG00000008369",0
"ENSRNOG00000065905",0
"ENSRNOG00000027869",151
"ENSRNOG00000062735",7
"ENSRNOG00000070091",0
"ENSRNOG00000010912",210
"ENSRNOG00000062853",0
"ENSRNOG00000033338",0
"ENSRNOG00000065025",0
"ENSRNOG00000011391",630
"ENSRNOG00000005936",1
"ENSRNOG00000067273",0
"ENSRNOG00000068469",0
"ENSRNOG00000069427",0
"ENSRNOG00000038740",0
"ENSRNOG00000049943",214
"ENSRNOG00000071189",0
"ENSRNOG00000063347",160
"ENSRNOG00000051667",0
"ENSRNOG00000069376",0
"ENSRNOG00000064389",0
"ENSRNOG00000007338",4084
"ENSRNOG00000042229",0
"ENSRNOG00000015986",3741
"ENSRNOG00000063859",0
"ENSRNOG00000071049",0
"ENSRNOG00000064832",0
"ENSRNOG00000063035",0
"ENSRNOG00000010886",20
"ENSRNOG00000005621",302
"ENSRNOG00000048541",0
"ENSRNOG00000068056",0
"ENSRNOG00000008416",0
"ENSRNOG00000022466",93
"ENSRNOG00000064789",0
"ENSRNOG00000006264",265
"ENSRNOG00000067679",0
"ENSRNOG00000006491",0
"ENSRNOG00000007570",1484
"ENSRNOG00000023257",389
"ENSRNOG00000007272",308
"ENSRNOG00000007519",3464
"ENSRNOG00000011175",1404
"ENSRNOG00000063659",0
"ENSRNOG00000064003",0
"ENSRNOG00000005670",2
"ENSRNOG00000070109",0
"ENSRNOG00000069414",0
"ENSRNOG00000066010",0
"ENSRNOG00000070575",0
"ENSRNOG00000061664",0
"ENSRNOG00000069088",0
"ENSRNOG00000008274",274
"ENSRNOG00000065775",642
"ENSRNOG00000006444",1129
"ENSRNOG00000067056",0
"ENSRNOG00000011814",998
"ENSRNOG00000005576",231
"ENSRNOG00000056219",10
"ENSRNOG00000005628",119
"ENSRNOG00000053188",0
"ENSRNOG00000007178",0
"ENSRNOG00000066676",0
"ENSRNOG00000042018",0
"ENSRNOG00000064982",0
"ENSRNOG00000057061",194
"ENSRNOG00000062345",0
"ENSRNOG00000068921",0
"ENSRNOG00000058653",0
"ENSRNOG00000069235",0
"ENSRNOG00000001804",343
"ENSRNOG00000015328",19
"ENSRNOG00000009184",7830
"ENSRNOG00000069590",0
"ENSRNOG00000063932",437
"ENSRNOG00000068013",0
"ENSRNOG00000055734",0
"ENSRNOG00000059771",0
"ENSRNOG00000053362",1076
"ENSRNOG00000070863",0
"ENSRNOG00000069405",0
"ENSRNOG00000067149",197
"ENSRNOG00000008063",1215
"ENSRNOG00000064240",561
"ENSRNOG00000064662",0
"ENSRNOG00000064937",583
"ENSRNOG00000070930",510
"ENSRNOG00000062401",0
"ENSRNOG00000063863",0
"ENSRNOG00000033407",8
"ENSRNOG00000031515",0
"ENSRNOG00000062453",422
"ENSRNOG00000069030",1646
"ENSRNOG00000043170",1
"ENSRNOG00000062391",0
"ENSRNOG00000066951",7
"ENSRNOG00000059195",1
"ENSRNOG00000067299",0
"ENSRNOG00000066392",3
"ENSRNOG00000066650",310
"ENSRNOG00000008481",3
"ENSRNOG00000067332",741
"ENSRNOG00000010316",64
"ENSRNOG00000067063",0
"ENSRNOG00000064988",0
"ENSRNOG00000008393",4382
"ENSRNOG00000066162",47
"ENSRNOG00000070651",0
"ENSRNOG00000010347",0
"ENSRNOG00000064409",0
"ENSRNOG00000066715",0
"ENSRNOG00000067911",0
"ENSRNOG00000068347",0
"ENSRNOG00000065619",1
"ENSRNOG00000071185",70
"ENSRNOG00000068422",0
"ENSRNOG00000065663",4
"ENSRNOG00000069445",0
"ENSRNOG00000008443",313
"ENSRNOG00000006281",630
"ENSRNOG00000012748",685
"ENSRNOG00000063346",0
"ENSRNOG00000068365",12
"ENSRNOG00000012364",2079
"ENSRNOG00000068050",0
"ENSRNOG00000027365",366
"ENSRNOG00000063537",0
"ENSRNOG00000064040",0
"ENSRNOG00000064294",1
"ENSRNOG00000047951",317
"ENSRNOG00000062344",0
"ENSRNOG00000005353",2449
"ENSRNOG00000006069",1053
"ENSRNOG00000063803",0
"ENSRNOG00000048917",82
"ENSRNOG00000012347",120
"ENSRNOG00000065409",1101
"ENSRNOG00000066385",6
"ENSRNOG00000027026",1002
"ENSRNOG00000071067",0
"ENSRNOG00000068334",6
"ENSRNOG00000068552",19
"ENSRNOG00000057556",2068
"ENSRNOG00000064378",64
"ENSRNOG00000070662",0
"ENSRNOG00000068681",1
"ENSRNOG00000064013",23
"ENSRNOG00000064657",0
"ENSRNOG00000067696",151
"ENSRNOG00000008611",141
"ENSRNOG00000063527",30
"ENSRNOG00000070718",0
"ENSRNOG00000071037",0
"ENSRNOG00000010301",468
"ENSRNOG00000063884",0
"ENSRNOG00000065564",0
"ENSRNOG00000009564",15
"ENSRNOG00000069567",2
"ENSRNOG00000032820",16
"ENSRNOG00000068340",6
"ENSRNOG00000006508",130
"ENSRNOG00000009971",487
"ENSRNOG00000066402",59
"ENSRNOG00000068865",0
"ENSRNOG00000046361",272
"ENSRNOG00000067191",338
"ENSRNOG00000065931",0
"ENSRNOG00000067030",2
"ENSRNOG00000036925",2
"ENSRNOG00000070829",5
"ENSRNOG00000012235",1
"ENSRNOG00000069850",1
"ENSRNOG00000064090",8485
"ENSRNOG00000008658",177
"ENSRNOG00000065425",1
"ENSRNOG00000009636",1992
"ENSRNOG00000001851",5
"ENSRNOG00000065573",7
"ENSRNOG00000069964",2
"ENSRNOG00000069763",0
"ENSRNOG00000067480",0
"ENSRNOG00000009886",1482
"ENSRNOG00000001852",493
"ENSRNOG00000008546",539
"ENSRNOG00000065102",67
"ENSRNOG00000066379",0
"ENSRNOG00000069297",6
"ENSRNOG00000070845",1
"ENSRNOG00000065171",0
"ENSRNOG00000066753",0
"ENSRNOG00000011530",324
"ENSRNOG00000063239",0
"ENSRNOG00000063394",0
"ENSRNOG00000070566",0
"ENSRNOG00000048782",0
"ENSRNOG00000067400",0
"ENSRNOG00000010629",531
"ENSRNOG00000070017",0
"ENSRNOG00000067625",0
"ENSRNOG00000068110",480
"ENSRNOG00000006806",181
"ENSRNOG00000063404",0
"ENSRNOG00000062416",38
"ENSRNOG00000064089",0
"ENSRNOG00000063045",0
"ENSRNOG00000063868",1
"ENSRNOG00000062677",0
"ENSRNOG00000006813",1132
"ENSRNOG00000068748",0
"ENSRNOG00000009097",3387
"ENSRNOG00000069247",0
"ENSRNOG00000062780",18
"ENSRNOG00000069346",6
"ENSRNOG00000067260",14
"ENSRNOG00000053654",256
"ENSRNOG00000069862",2
"ENSRNOG00000066850",200
"ENSRNOG00000066817",0
"ENSRNOG00000068855",2
"ENSRNOG00000066550",0
"ENSRNOG00000062509",795
"ENSRNOG00000054974",0
"ENSRNOG00000054781",0
"ENSRNOG00000062979",0
"ENSRNOG00000062716",6
"ENSRNOG00000045771",0
"ENSRNOG00000063160",0
"ENSRNOG00000063874",0
"ENSRNOG00000068329",0
"ENSRNOG00000066751",37
"ENSRNOG00000065579",0
"ENSRNOG00000062584",0
"ENSRNOG00000007152",1294
"ENSRNOG00000005433",89
"ENSRNOG00000012975",4128
"ENSRNOG00000062691",0
"ENSRNOG00000005734",0
"ENSRNOG00000009484",1329
"ENSRNOG00000056462",1632
"ENSRNOG00000005830",0
"ENSRNOG00000009545",961
"ENSRNOG00000005686",4032
"ENSRNOG00000069901",0
"ENSRNOG00000028422",842
"ENSRNOG00000006776",1
"ENSRNOG00000047023",2
"ENSRNOG00000007124",1828
"ENSRNOG00000005652",0
"ENSRNOG00000007129",0
"ENSRNOG00000010284",524
"ENSRNOG00000066431",0
"ENSRNOG00000007881",218
"ENSRNOG00000038102",393
"ENSRNOG00000005798",246
"ENSRNOG00000021938",0
"ENSRNOG00000005806",4
"ENSRNOG00000006432",449
"ENSRNOG00000014090",3009
"ENSRNOG00000006534",473
"ENSRNOG00000005954",0
"ENSRNOG00000005690",355
"ENSRNOG00000007764",346
"ENSRNOG00000063676",3
"ENSRNOG00000005662",0
"ENSRNOG00000005697",1
"ENSRNOG00000006144",0
"ENSRNOG00000055860",6482
"ENSRNOG00000055365",2079
"ENSRNOG00000006221",1411
"ENSRNOG00000006818",2426
"ENSRNOG00000013390",39
"ENSRNOG00000060175",277
"ENSRNOG00000010258",2284
"ENSRNOG00000009934",4068
"ENSRNOG00000009204",813
"ENSRNOG00000010184",1879
"ENSRNOG00000007104",1550
"ENSRNOG00000065903",0
"ENSRNOG00000006941",281
"ENSRNOG00000007472",4994
"ENSRNOG00000011614",541
"ENSRNOG00000032517",0
"ENSRNOG00000068733",0
"ENSRNOG00000023077",1
"ENSRNOG00000009175",694
"ENSRNOG00000013526",4
"ENSRNOG00000023465",5
"ENSRNOG00000061085",347
"ENSRNOG00000070535",0
"ENSRNOG00000010177",0
"ENSRNOG00000005907",142
"ENSRNOG00000006509",1865
"ENSRNOG00000067090",0
"ENSRNOG00000069624",0
"ENSRNOG00000008597",1363
"ENSRNOG00000008994",3479
"ENSRNOG00000009032",122
"ENSRNOG00000013379",626
"ENSRNOG00000025251",2
"ENSRNOG00000009084",242
"ENSRNOG00000042482",521
"ENSRNOG00000071218",1491
"ENSRNOG00000016143",83
"ENSRNOG00000071219",1
"ENSRNOG00000033395",0
"ENSRNOG00000066660",445
"ENSRNOG00000067593",1
"ENSRNOG00000029996",55702
"ENSRNOG00000062643",0
"ENSRNOG00000009377",333
"ENSRNOG00000015499",4
"ENSRNOG00000069518",0
"ENSRNOG00000004753",287
"ENSRNOG00000020317",1650
"ENSRNOG00000065800",23
"ENSRNOG00000010595",434
"ENSRNOG00000062311",0
"ENSRNOG00000020337",0
"ENSRNOG00000065122",328
"ENSRNOG00000070655",0
"ENSRNOG00000062759",0
"ENSRNOG00000015184",15
"ENSRNOG00000070996",536
"ENSRNOG00000027016",867
"ENSRNOG00000065756",370
"ENSRNOG00000013074",2
"ENSRNOG00000004967",414
"ENSRNOG00000030825",0
"ENSRNOG00000063357",3
"ENSRNOG00000015294",365
"ENSRNOG00000056110",0
"ENSRNOG00000028721",0
"ENSRNOG00000067832",24
"ENSRNOG00000064622",0
"ENSRNOG00000067778",0
"ENSRNOG00000022491",101
"ENSRNOG00000051199",0
"ENSRNOG00000028095",0
"ENSRNOG00000068179",8
"ENSRNOG00000065362",0
"ENSRNOG00000065452",1
"ENSRNOG00000006731",159
"ENSRNOG00000067357",0
"ENSRNOG00000008282",0
"ENSRNOG00000064568",54
"ENSRNOG00000052014",0
"ENSRNOG00000011758",1856
"ENSRNOG00000004679",275
"ENSRNOG00000037833",0
"ENSRNOG00000010616",316
"ENSRNOG00000069366",500
"ENSRNOG00000037356",153
"ENSRNOG00000070165",0
"ENSRNOG00000018441",144
"ENSRNOG00000008738",45
"ENSRNOG00000007979",438
"ENSRNOG00000040275",0
"ENSRNOG00000062792",0
"ENSRNOG00000069588",0
"ENSRNOG00000004852",0
"ENSRNOG00000016189",16
"ENSRNOG00000008758",361
"ENSRNOG00000009764",0
"ENSRNOG00000052180",1
"ENSRNOG00000011830",646
"ENSRNOG00000070507",0
"ENSRNOG00000066688",0
"ENSRNOG00000063734",0
"ENSRNOG00000065294",0
"ENSRNOG00000004645",0
"ENSRNOG00000058157",355
"ENSRNOG00000062953",0
"ENSRNOG00000018755",302
"ENSRNOG00000005921",0
"ENSRNOG00000070505",0
"ENSRNOG00000065842",0
"ENSRNOG00000021472",0
"ENSRNOG00000006753",0
"ENSRNOG00000060327",0
"ENSRNOG00000063784",0
"ENSRNOG00000001589",0
"ENSRNOG00000052091",0
"ENSRNOG00000052454",0
"ENSRNOG00000070396",0
"ENSRNOG00000068411",0
"ENSRNOG00000013102",2175
"ENSRNOG00000058310",0
"ENSRNOG00000063685",0
"ENSRNOG00000067379",0
"ENSRNOG00000058919",0
"ENSRNOG00000017291",2063
"ENSRNOG00000062610",0
"ENSRNOG00000008663",414
"ENSRNOG00000063622",0
"ENSRNOG00000000009",0
"ENSRNOG00000069765",0
"ENSRNOG00000069407",0
"ENSRNOG00000015928",198
"ENSRNOG00000053212",0
"ENSRNOG00000068161",0
"ENSRNOG00000070663",0
"ENSRNOG00000006397",1
"ENSRNOG00000006803",2645
"ENSRNOG00000051665",0
"ENSRNOG00000006408",0
"ENSRNOG00000059732",0
"ENSRNOG00000062585",0
"ENSRNOG00000064878",0
"ENSRNOG00000055168",0
"ENSRNOG00000007416",161
"ENSRNOG00000016179",3
"ENSRNOG00000025141",312
"ENSRNOG00000057910",0
"ENSRNOG00000018964",249
"ENSRNOG00000033543",0
"ENSRNOG00000057796",0
"ENSRNOG00000069900",66
"ENSRNOG00000069943",0
"ENSRNOG00000033863",548
"ENSRNOG00000006419",95
"ENSRNOG00000064386",0
"ENSRNOG00000032712",0
"ENSRNOG00000047508",6
"ENSRNOG00000043106",1
"ENSRNOG00000058641",0
"ENSRNOG00000067830",23
"ENSRNOG00000069097",0
"ENSRNOG00000068071",0
"ENSRNOG00000066288",21
"ENSRNOG00000063143",0
"ENSRNOG00000011195",1744
"ENSRNOG00000018997",41
"ENSRNOG00000013069",44
"ENSRNOG00000066089",0
"ENSRNOG00000009152",11573
"ENSRNOG00000069475",0
"ENSRNOG00000018491",363
"ENSRNOG00000068593",0
"ENSRNOG00000062632",0
"ENSRNOG00000004784",248
"ENSRNOG00000012580",132
"ENSRNOG00000065185",0
"ENSRNOG00000005162",0
"ENSRNOG00000067634",0
"ENSRNOG00000057196",0
"ENSRNOG00000070613",0
"ENSRNOG00000059436",0
"ENSRNOG00000065604",0
"ENSRNOG00000059616",0
"ENSRNOG00000061294",0
"ENSRNOG00000019152",2501
"ENSRNOG00000059349",0
"ENSRNOG00000070069",0
"ENSRNOG00000006645",11
"ENSRNOG00000067839",0
"ENSRNOG00000004783",544
"ENSRNOG00000062892",3
"ENSRNOG00000063356",0
"ENSRNOG00000060569",0
"ENSRNOG00000010131",827
"ENSRNOG00000070048",3
"ENSRNOG00000060756",0
"ENSRNOG00000021240",3156
"ENSRNOG00000067797",0
"ENSRNOG00000067541",3
"ENSRNOG00000062560",0
"ENSRNOG00000065360",0
"ENSRNOG00000058385",0
"ENSRNOG00000049721",0
"ENSRNOG00000070734",0
"ENSRNOG00000062547",4
"ENSRNOG00000052197",0
"ENSRNOG00000063688",0
"ENSRNOG00000051709",0
"ENSRNOG00000065630",892
"ENSRNOG00000012021",325
"ENSRNOG00000058806",0
"ENSRNOG00000005479",1
"ENSRNOG00000063131",0
"ENSRNOG00000052573",5
"ENSRNOG00000017063",0
"ENSRNOG00000004912",6453
"ENSRNOG00000063473",0
"ENSRNOG00000052463",0
"ENSRNOG00000031840",0
"ENSRNOG00000059132",0
"ENSRNOG00000070343",0
"ENSRNOG00000069671",0
"ENSRNOG00000068128",0
"ENSRNOG00000010896",212
"ENSRNOG00000005920",800
"ENSRNOG00000068849",0
"ENSRNOG00000060959",0
"ENSRNOG00000055244",0
"ENSRNOG00000069256",0
"ENSRNOG00000016551",1897
"ENSRNOG00000063853",0
"ENSRNOG00000011093",465
"ENSRNOG00000070847",0
"ENSRNOG00000064364",0
"ENSRNOG00000066576",0
"ENSRNOG00000051908",0
"ENSRNOG00000024990",0
"ENSRNOG00000053738",0
"ENSRNOG00000011295",674
"ENSRNOG00000066788",0
"ENSRNOG00000056926",0
"ENSRNOG00000067143",0
"ENSRNOG00000046632",0
"ENSRNOG00000014836",3091
"ENSRNOG00000067970",0
"ENSRNOG00000054607",0
"ENSRNOG00000006238",167
"ENSRNOG00000068208",0
"ENSRNOG00000067040",141
"ENSRNOG00000064912",0
"ENSRNOG00000032579",0
"ENSRNOG00000012051",205
"ENSRNOG00000056535",0
"ENSRNOG00000066513",0
"ENSRNOG00000051605",8
"ENSRNOG00000005103",0
"ENSRNOG00000065299",2
"ENSRNOG00000008337",1
"ENSRNOG00000018225",1723
"ENSRNOG00000005742",0
"ENSRNOG00000053757",0
"ENSRNOG00000056237",0
"ENSRNOG00000005793",0
"ENSRNOG00000054739",1
"ENSRNOG00000012559",1458
"ENSRNOG00000054703",0
"ENSRNOG00000049572",0
"ENSRNOG00000007160",295
"ENSRNOG00000054973",12
"ENSRNOG00000012151",45
"ENSRNOG00000047028",64
"ENSRNOG00000054789",0
"ENSRNOG00000058143",0
"ENSRNOG00000068366",0
"ENSRNOG00000055104",0
"ENSRNOG00000047004",11
"ENSRNOG00000005865",1271
"ENSRNOG00000069914",0
"ENSRNOG00000058773",0
"ENSRNOG00000004946",0
"ENSRNOG00000053070",578
"ENSRNOG00000012640",5034
"ENSRNOG00000056116",0
"ENSRNOG00000032521",0
"ENSRNOG00000064468",0
"ENSRNOG00000012647",1
"ENSRNOG00000049497",556
"ENSRNOG00000005404",0
"ENSRNOG00000066447",0
"ENSRNOG00000007128",846
"ENSRNOG00000056518",0
"ENSRNOG00000065019",0
"ENSRNOG00000058944",4
"ENSRNOG00000012960",523
"ENSRNOG00000056385",0
"ENSRNOG00000064575",0
"ENSRNOG00000059422",2
"ENSRNOG00000010523",415
"ENSRNOG00000010002",1
"ENSRNOG00000066449",0
"ENSRNOG00000069717",0
"ENSRNOG00000054116",0
"ENSRNOG00000007316",641
"ENSRNOG00000065500",0
"ENSRNOG00000054947",0
"ENSRNOG00000010019",1
"ENSRNOG00000057252",2
"ENSRNOG00000010587",103
"ENSRNOG00000052327",0
"ENSRNOG00000028267",0
"ENSRNOG00000056164",1
"ENSRNOG00000010170",1501
"ENSRNOG00000058734",0
"ENSRNOG00000070546",0
"ENSRNOG00000055243",0
"ENSRNOG00000008115",199
"ENSRNOG00000060026",0
"ENSRNOG00000055564",139
"ENSRNOG00000025295",612
"ENSRNOG00000068176",0
"ENSRNOG00000032900",403
"ENSRNOG00000056211",0
"ENSRNOG00000057817",1569
"ENSRNOG00000058605",0
"ENSRNOG00000011028",9
"ENSRNOG00000069969",1050
"ENSRNOG00000055303",0
"ENSRNOG00000010812",705
"ENSRNOG00000052201",0
"ENSRNOG00000005347",145
"ENSRNOG00000005971",1251
"ENSRNOG00000006094",509
"ENSRNOG00000010607",3
"ENSRNOG00000021250",92
"ENSRNOG00000029262",217
"ENSRNOG00000063705",0
"ENSRNOG00000013133",97
"ENSRNOG00000004381",79
"ENSRNOG00000063753",0
"ENSRNOG00000021268",124
"ENSRNOG00000007529",947
"ENSRNOG00000010451",0
"ENSRNOG00000047487",0
"ENSRNOG00000068427",675
"ENSRNOG00000070122",2
"ENSRNOG00000031694",4
"ENSRNOG00000004699",140
"ENSRNOG00000026143",350
"ENSRNOG00000004544",1799
"ENSRNOG00000010600",1
"ENSRNOG00000062660",0
"ENSRNOG00000042501",1147
"ENSRNOG00000058337",1
"ENSRNOG00000067093",0
"ENSRNOG00000015468",0
"ENSRNOG00000071209",0
"ENSRNOG00000007752",225
"ENSRNOG00000004575",0
"ENSRNOG00000068316",0
"ENSRNOG00000029847",0
"ENSRNOG00000013834",0
"ENSRNOG00000008102",108
"ENSRNOG00000005100",1
"ENSRNOG00000069454",0
"ENSRNOG00000063489",344
"ENSRNOG00000021395",3700
"ENSRNOG00000013540",0
"ENSRNOG00000033119",1127
"ENSRNOG00000047116",0
"ENSRNOG00000070629",0
"ENSRNOG00000065727",0
"ENSRNOG00000054212",344
"ENSRNOG00000070144",0
"ENSRNOG00000008536",0
"ENSRNOG00000070265",0
"ENSRNOG00000057149",8
"ENSRNOG00000063280",104
"ENSRNOG00000004763",371
"ENSRNOG00000031585",3
"ENSRNOG00000048309",302
"ENSRNOG00000008452",509
"ENSRNOG00000005256",308
"ENSRNOG00000060100",555
"ENSRNOG00000008190",157
"ENSRNOG00000031034",37
"ENSRNOG00000060618",1
"ENSRNOG00000037908",0
"ENSRNOG00000058163",0
"ENSRNOG00000013859",0
"ENSRNOG00000070080",0
"ENSRNOG00000054695",92
"ENSRNOG00000028910",109
"ENSRNOG00000013908",0
"ENSRNOG00000064299",1
"ENSRNOG00000033913",2101
"ENSRNOG00000021234",13
"ENSRNOG00000006947",276
"ENSRNOG00000013887",12
"ENSRNOG00000007044",2
"ENSRNOG00000070641",41
"ENSRNOG00000021269",0
"ENSRNOG00000021513",0
"ENSRNOG00000043002",0
"ENSRNOG00000069421",1
"ENSRNOG00000004571",228
"ENSRNOG00000069383",0
"ENSRNOG00000007765",261
"ENSRNOG00000023989",63
"ENSRNOG00000038259",42
"ENSRNOG00000004630",0
"ENSRNOG00000007925",0
"ENSRNOG00000021237",868
"ENSRNOG00000008394",0
"ENSRNOG00000029173",135
"ENSRNOG00000007446",140
"ENSRNOG00000006380",2989
"ENSRNOG00000045581",0
"ENSRNOG00000062526",4
"ENSRNOG00000030601",1
"ENSRNOG00000004641",0
"ENSRNOG00000008790",0
"ENSRNOG00000037231",0
"ENSRNOG00000065228",0
"ENSRNOG00000033100",11420
"ENSRNOG00000036964",485
"ENSRNOG00000021233",283
"ENSRNOG00000068937",0
"ENSRNOG00000060434",3
"ENSRNOG00000004687",1506
"ENSRNOG00000007518",4300
"ENSRNOG00000012648",14
"ENSRNOG00000059043",2042
"ENSRNOG00000005457",0
"ENSRNOG00000008810",619
"ENSRNOG00000031736",1
"ENSRNOG00000012811",9
"ENSRNOG00000008529",1121
"ENSRNOG00000021231",47
"ENSRNOG00000065264",1055
"ENSRNOG00000013689",352
"ENSRNOG00000011132",2
"ENSRNOG00000055182",0
"ENSRNOG00000004735",564
"ENSRNOG00000008868",197
"ENSRNOG00000021232",198
"ENSRNOG00000025715",1810
"ENSRNOG00000045829",20972
"ENSRNOG00000070856",0
"ENSRNOG00000025443",1417
"ENSRNOG00000060687",311
"ENSRNOG00000021244",4
"ENSRNOG00000009290",372
"ENSRNOG00000025181",561
"ENSRNOG00000005888",78
"ENSRNOG00000066451",1
"ENSRNOG00000028074",0
"ENSRNOG00000030184",0
"ENSRNOG00000016975",388
"ENSRNOG00000021245",320
"ENSRNOG00000008307",403
"ENSRNOG00000005039",1687
"ENSRNOG00000030708",0
"ENSRNOG00000015614",0
"ENSRNOG00000069811",0
"ENSRNOG00000026787",65
"ENSRNOG00000005148",0
"ENSRNOG00000029227",1
"ENSRNOG00000066472",0
"ENSRNOG00000021270",256
"ENSRNOG00000070867",2
"ENSRNOG00000045686",495
"ENSRNOG00000007883",210
"ENSRNOG00000030508",0
"ENSRNOG00000064151",0
"ENSRNOG00000069123",0
"ENSRNOG00000018666",836
"ENSRNOG00000068068",1
"ENSRNOG00000021272",66
"ENSRNOG00000006783",12
"ENSRNOG00000042821",1269
"ENSRNOG00000006378",1842
"ENSRNOG00000018791",125
"ENSRNOG00000030790",4078
"ENSRNOG00000011785",2207
"ENSRNOG00000004891",879
"ENSRNOG00000021273",327
"ENSRNOG00000069087",1153
"ENSRNOG00000051470",0
"ENSRNOG00000032989",13
"ENSRNOG00000045555",613
"ENSRNOG00000062743",0
"ENSRNOG00000012089",661
"ENSRNOG00000068677",61
"ENSRNOG00000057284",330
"ENSRNOG00000019723",521
"ENSRNOG00000018845",147
"ENSRNOG00000021221",548
"ENSRNOG00000026346",0
"ENSRNOG00000021247",0
"ENSRNOG00000004730",3787
"ENSRNOG00000004863",309
"ENSRNOG00000010361",579
"ENSRNOG00000009195",735
"ENSRNOG00000067385",0
"ENSRNOG00000013760",0
"ENSRNOG00000042576",962
"ENSRNOG00000058597",0
"ENSRNOG00000069362",0
"ENSRNOG00000021248",776
"ENSRNOG00000032412",0
"ENSRNOG00000005884",935
"ENSRNOG00000021222",178
"ENSRNOG00000068047",0
"ENSRNOG00000053099",0
"ENSRNOG00000053696",0
"ENSRNOG00000045997",984
"ENSRNOG00000008170",235
"ENSRNOG00000028779",0
"ENSRNOG00000004755",627
"ENSRNOG00000005545",0
"ENSRNOG00000063191",326
"ENSRNOG00000009662",0
"ENSRNOG00000014483",604
"ENSRNOG00000066298",3
"ENSRNOG00000019948",532
"ENSRNOG00000004779",1
"ENSRNOG00000004918",2
"ENSRNOG00000027392",2
"ENSRNOG00000032769",0
"ENSRNOG00000007805",61
"ENSRNOG00000066683",69
"ENSRNOG00000025360",4
"ENSRNOG00000004808",0
"ENSRNOG00000036952",0
"ENSRNOG00000021223",1583
"ENSRNOG00000004742",1089
"ENSRNOG00000070752",2
"ENSRNOG00000005037",76
"ENSRNOG00000005195",5361
"ENSRNOG00000021229",0
"ENSRNOG00000063072",0
"ENSRNOG00000004989",0
"ENSRNOG00000008364",1967
"ENSRNOG00000064942",0
"ENSRNOG00000021230",169
"ENSRNOG00000007525",0
"ENSRNOG00000047422",0
"ENSRNOG00000021264",981
"ENSRNOG00000006027",742
"ENSRNOG00000013437",67
"ENSRNOG00000067005",0
"ENSRNOG00000021259",13
"ENSRNOG00000033761",0
"ENSRNOG00000065354",10
"ENSRNOG00000018488",10
"ENSRNOG00000053270",368
"ENSRNOG00000033020",0
"ENSRNOG00000070982",0
"ENSRNOG00000022710",138
"ENSRNOG00000021241",12
"ENSRNOG00000048417",0
"ENSRNOG00000007427",67
"ENSRNOG00000064907",0
"ENSRNOG00000031536",77
"ENSRNOG00000012172",7
"ENSRNOG00000062998",0
"ENSRNOG00000069271",7
"ENSRNOG00000007102",3
"ENSRNOG00000046699",0
"ENSRNOG00000027900",0
"ENSRNOG00000042220",0
"ENSRNOG00000030857",0
"ENSRNOG00000027821",3
"ENSRNOG00000006921",316
"ENSRNOG00000021255",22
"ENSRNOG00000012307",0
"ENSRNOG00000005006",291
"ENSRNOG00000033983",0
"ENSRNOG00000017701",0
"ENSRNOG00000017161",0
"ENSRNOG00000027747",248
"ENSRNOG00000005483",517
"ENSRNOG00000010816",0
"ENSRNOG00000010868",0
"ENSRNOG00000059519",4
"ENSRNOG00000057458",139
"ENSRNOG00000021266",0
"ENSRNOG00000005438",2
"ENSRNOG00000051005",0
"ENSRNOG00000004920",0
"ENSRNOG00000057476",53
"ENSRNOG00000014021",22
"ENSRNOG00000004443",0
"ENSRNOG00000005183",871
"ENSRNOG00000007440",315
"ENSRNOG00000021260",9
"ENSRNOG00000028008",0
"ENSRNOG00000021224",448
"ENSRNOG00000026295",165
"ENSRNOG00000007548",603
"ENSRNOG00000021274",1
"ENSRNOG00000019330",33
"ENSRNOG00000007972",808
"ENSRNOG00000004921",372
"ENSRNOG00000007408",8
"ENSRNOG00000063588",0
"ENSRNOG00000068037",0
"ENSRNOG00000064038",0
"ENSRNOG00000025384",340
"ENSRNOG00000008411",1054
"ENSRNOG00000021265",349
"ENSRNOG00000009495",830
"ENSRNOG00000007457",2
"ENSRNOG00000007512",573
"ENSRNOG00000031085",2324
"ENSRNOG00000017283",10
"ENSRNOG00000012568",266
"ENSRNOG00000006795",274
"ENSRNOG00000011649",8
"ENSRNOG00000030467",177
"ENSRNOG00000050784",9
"ENSRNOG00000005058",235
"ENSRNOG00000014480",1987
"ENSRNOG00000007516",0
"ENSRNOG00000004777",286
"ENSRNOG00000071065",15
"ENSRNOG00000026215",15
"ENSRNOG00000024852",971
"ENSRNOG00000012290",0
"ENSRNOG00000009076",789
"ENSRNOG00000007584",114
"ENSRNOG00000006695",899
"ENSRNOG00000008243",133
"ENSRNOG00000004874",547
"ENSRNOG00000067071",65
"ENSRNOG00000016636",236
"ENSRNOG00000062960",0
"ENSRNOG00000012368",64
"ENSRNOG00000063431",0
"ENSRNOG00000022335",1
"ENSRNOG00000028266",0
"ENSRNOG00000006850",0
"ENSRNOG00000016734",2
"ENSRNOG00000067135",0
"ENSRNOG00000067506",0
"ENSRNOG00000069867",3
"ENSRNOG00000010035",0
"ENSRNOG00000006705",153
"ENSRNOG00000011059",514
"ENSRNOG00000008746",294
"ENSRNOG00000069397",0
"ENSRNOG00000010666",3351
"ENSRNOG00000067094",7
"ENSRNOG00000009969",0
"ENSRNOG00000013172",53
"ENSRNOG00000068185",0
"ENSRNOG00000007430",222
"ENSRNOG00000066616",4
"ENSRNOG00000056526",591
"ENSRNOG00000012528",294
"ENSRNOG00000013776",0
"ENSRNOG00000063104",0
"ENSRNOG00000036971",265
"ENSRNOG00000024882",310
"ENSRNOG00000018557",0
"ENSRNOG00000031356",0
"ENSRNOG00000058586",187
"ENSRNOG00000007319",2146
"ENSRNOG00000013594",1415
"ENSRNOG00000053201",332
"ENSRNOG00000013778",0
"ENSRNOG00000070361",0
"ENSRNOG00000053114",0
"ENSRNOG00000064867",0
"ENSRNOG00000012728",8
"ENSRNOG00000005111",10
"ENSRNOG00000062388",0
"ENSRNOG00000055769",18
"ENSRNOG00000047611",529
"ENSRNOG00000054563",822
"ENSRNOG00000009180",0
"ENSRNOG00000007443",4153
"ENSRNOG00000004787",111
"ENSRNOG00000007018",172
"ENSRNOG00000052603",1
"ENSRNOG00000005308",1151
"ENSRNOG00000005276",3406
"ENSRNOG00000014071",126
"ENSRNOG00000010945",5835
"ENSRNOG00000021256",3
"ENSRNOG00000005284",3
"ENSRNOG00000006050",224
"ENSRNOG00000068997",0
"ENSRNOG00000012197",0
"ENSRNOG00000010472",280
"ENSRNOG00000021261",9
"ENSRNOG00000006832",2553
"ENSRNOG00000004829",255
"ENSRNOG00000059455",0
"ENSRNOG00000014102",5
"ENSRNOG00000063194",18
"ENSRNOG00000064429",636
"ENSRNOG00000038004",0
"ENSRNOG00000015550",3
"ENSRNOG00000021750",94
"ENSRNOG00000025130",7
"ENSRNOG00000030827",0
"ENSRNOG00000021249",292
"ENSRNOG00000014272",7497
"ENSRNOG00000060791",0
"ENSRNOG00000005715",826
"ENSRNOG00000036900",0
"ENSRNOG00000070953",0
"ENSRNOG00000007782",0
"ENSRNOG00000023195",0
"ENSRNOG00000014317",309
"ENSRNOG00000070171",0
"ENSRNOG00000010428",765
"ENSRNOG00000063262",0
"ENSRNOG00000005780",161
"ENSRNOG00000043043",0
"ENSRNOG00000010101",255
"ENSRNOG00000005184",546
"ENSRNOG00000015187",58
"ENSRNOG00000068011",11
"ENSRNOG00000062726",0
"ENSRNOG00000014338",62
"ENSRNOG00000066948",0
"ENSRNOG00000004601",0
"ENSRNOG00000028668",34
"ENSRNOG00000014204",273
"ENSRNOG00000009399",0
"ENSRNOG00000005840",2
"ENSRNOG00000071010",1
"ENSRNOG00000014493",535
"ENSRNOG00000005900",293
"ENSRNOG00000068950",0
"ENSRNOG00000032605",5292
"ENSRNOG00000004842",91
"ENSRNOG00000047530",0
"ENSRNOG00000008088",273
"ENSRNOG00000017044",0
"ENSRNOG00000069598",2
"ENSRNOG00000019118",3
"ENSRNOG00000055374",0
"ENSRNOG00000005902",123
"ENSRNOG00000000169",77
"ENSRNOG00000028254",84
"ENSRNOG00000069282",0
"ENSRNOG00000009461",1
"ENSRNOG00000056255",0
"ENSRNOG00000007738",1526
"ENSRNOG00000008316",1528
"ENSRNOG00000054840",88
"ENSRNOG00000009586",0
"ENSRNOG00000015145",903
"ENSRNOG00000067107",0
"ENSRNOG00000009139",439
"ENSRNOG00000017983",272
"ENSRNOG00000033348",0
"ENSRNOG00000021262",775
"ENSRNOG00000022660",6
"ENSRNOG00000069487",0
"ENSRNOG00000056471",0
"ENSRNOG00000031763",0
"ENSRNOG00000005509",3
"ENSRNOG00000068352",0
"ENSRNOG00000030460",0
"ENSRNOG00000023384",0
"ENSRNOG00000009624",0
"ENSRNOG00000015525",269
"ENSRNOG00000010262",8
"ENSRNOG00000066486",0
"ENSRNOG00000060217",0
"ENSRNOG00000025713",0
"ENSRNOG00000017157",88
"ENSRNOG00000032700",737
"ENSRNOG00000061603",1106
"ENSRNOG00000051431",0
"ENSRNOG00000008003",1
"ENSRNOG00000015735",359
"ENSRNOG00000009648",0
"ENSRNOG00000012738",3022
"ENSRNOG00000058755",1
"ENSRNOG00000010551",43
"ENSRNOG00000004700",229
"ENSRNOG00000015744",4
"ENSRNOG00000007242",914
"ENSRNOG00000037178",0
"ENSRNOG00000036782",0
"ENSRNOG00000037146",0
"ENSRNOG00000064442",77
"ENSRNOG00000025498",17
"ENSRNOG00000017883",850
"ENSRNOG00000063022",0
"ENSRNOG00000063950",0
"ENSRNOG00000013380",19
"ENSRNOG00000065847",0
"ENSRNOG00000006418",107
"ENSRNOG00000009640",901
"ENSRNOG00000005958",1151
"ENSRNOG00000009670",0
"ENSRNOG00000051490",1961
"ENSRNOG00000031598",4
"ENSRNOG00000065317",0
"ENSRNOG00000042374",145
"ENSRNOG00000063946",0
"ENSRNOG00000022178",0
"ENSRNOG00000025278",796
"ENSRNOG00000050190",4
"ENSRNOG00000005196",889
"ENSRNOG00000032635",22935
"ENSRNOG00000062572",0
"ENSRNOG00000014739",93
"ENSRNOG00000042407",0
"ENSRNOG00000009952",0
"ENSRNOG00000027988",597
"ENSRNOG00000000170",1428
"ENSRNOG00000068653",0
"ENSRNOG00000052294",9
"ENSRNOG00000005719",688
"ENSRNOG00000070931",0
"ENSRNOG00000014268",1163
"ENSRNOG00000008283",1694
"ENSRNOG00000042526",11
"ENSRNOG00000066461",0
"ENSRNOG00000070081",0
"ENSRNOG00000068036",4
"ENSRNOG00000066294",0
"ENSRNOG00000028908",42
"ENSRNOG00000068526",0
"ENSRNOG00000018005",1
"ENSRNOG00000063100",0
"ENSRNOG00000014771",4
"ENSRNOG00000006032",0
"ENSRNOG00000016795",1320
"ENSRNOG00000070932",0
"ENSRNOG00000028685",52
"ENSRNOG00000008135",11
"ENSRNOG00000062543",464
"ENSRNOG00000016870",877
"ENSRNOG00000027955",139
"ENSRNOG00000062385",0
"ENSRNOG00000031823",0
"ENSRNOG00000065007",0
"ENSRNOG00000069793",0
"ENSRNOG00000027434",175
"ENSRNOG00000062364",0
"ENSRNOG00000069408",0
"ENSRNOG00000036777",1
"ENSRNOG00000019388",61
"ENSRNOG00000037514",2330
"ENSRNOG00000068989",0
"ENSRNOG00000004677",2588
"ENSRNOG00000031380",0
"ENSRNOG00000026067",0
"ENSRNOG00000010050",497
"ENSRNOG00000008146",0
"ENSRNOG00000004810",1
"ENSRNOG00000045801",0
"ENSRNOG00000065546",6
"ENSRNOG00000019466",417
"ENSRNOG00000004410",0
"ENSRNOG00000010477",1182
"ENSRNOG00000045656",1
"ENSRNOG00000014794",0
"ENSRNOG00000004812",240
"ENSRNOG00000014807",0
"ENSRNOG00000011467",229
"ENSRNOG00000013452",7423
"ENSRNOG00000063397",38
"ENSRNOG00000025931",0
"ENSRNOG00000039906",0
"ENSRNOG00000046958",28
"ENSRNOG00000005707",1
"ENSRNOG00000062576",0
"ENSRNOG00000022586",550
"ENSRNOG00000042162",0
"ENSRNOG00000047427",605
"ENSRNOG00000070174",0
"ENSRNOG00000017290",678
"ENSRNOG00000062366",106
"ENSRNOG00000066433",0
"ENSRNOG00000050780",269
"ENSRNOG00000004951",398
"ENSRNOG00000065048",12
"ENSRNOG00000014933",622
"ENSRNOG00000031168",2
"ENSRNOG00000018574",609
"ENSRNOG00000064101",21
"ENSRNOG00000032177",0
"ENSRNOG00000009218",0
"ENSRNOG00000005031",199
"ENSRNOG00000065075",0
"ENSRNOG00000014156",0
"ENSRNOG00000014297",1669
"ENSRNOG00000005924",5415
"ENSRNOG00000031167",19
"ENSRNOG00000006142",0
"ENSRNOG00000070417",0
"ENSRNOG00000059507",2
"ENSRNOG00000024799",43
"ENSRNOG00000065733",0
"ENSRNOG00000027742",47
"ENSRNOG00000024904",5
"ENSRNOG00000019322",1352
"ENSRNOG00000015131",377
"ENSRNOG00000014690",4997
"ENSRNOG00000063498",0
"ENSRNOG00000069651",0
"ENSRNOG00000015797",32
"ENSRNOG00000005247",0
"ENSRNOG00000046942",0
"ENSRNOG00000015155",2
"ENSRNOG00000066870",0
"ENSRNOG00000016272",2856
"ENSRNOG00000012157",3082
"ENSRNOG00000031038",156
"ENSRNOG00000015857",15926
"ENSRNOG00000016584",21
"ENSRNOG00000010528",214
"ENSRNOG00000037207",1812
"ENSRNOG00000053240",681
"ENSRNOG00000027432",1
"ENSRNOG00000027911",0
"ENSRNOG00000070414",0
"ENSRNOG00000047466",211
"ENSRNOG00000055534",0
"ENSRNOG00000005158",11
"ENSRNOG00000004532",267
"ENSRNOG00000013681",0
"ENSRNOG00000055829",0
"ENSRNOG00000018649",632
"ENSRNOG00000027867",343
"ENSRNOG00000007542",3
"ENSRNOG00000008895",0
"ENSRNOG00000049280",0
"ENSRNOG00000005258",391
"ENSRNOG00000064719",0
"ENSRNOG00000012638",377
"ENSRNOG00000007681",1665
"ENSRNOG00000005814",198
"ENSRNOG00000012762",609
"ENSRNOG00000008212",941
"ENSRNOG00000028701",103
"ENSRNOG00000013862",0
"ENSRNOG00000007461",11
"ENSRNOG00000011778",123
"ENSRNOG00000064354",0
"ENSRNOG00000030243",1
"ENSRNOG00000024335",357
"ENSRNOG00000004493",35
"ENSRNOG00000008744",2806
"ENSRNOG00000033573",0
"ENSRNOG00000029895",0
"ENSRNOG00000005792",0
"ENSRNOG00000023874",451
"ENSRNOG00000063286",0
"ENSRNOG00000007422",98
"ENSRNOG00000028674",497
"ENSRNOG00000016488",672
"ENSRNOG00000009289",1039
"ENSRNOG00000071101",2121
"ENSRNOG00000015396",6955
"ENSRNOG00000024808",94
"ENSRNOG00000014387",779
"ENSRNOG00000018231",888
"ENSRNOG00000007692",1187
"ENSRNOG00000029799",1713
"ENSRNOG00000009334",255
"ENSRNOG00000013479",2371
"ENSRNOG00000031760",571
"ENSRNOG00000037124",83
"ENSRNOG00000009421",1203
"ENSRNOG00000025580",1986
"ENSRNOG00000018876",494
"ENSRNOG00000018111",45
"ENSRNOG00000005178",0
"ENSRNOG00000037203",3
"ENSRNOG00000004731",2
"ENSRNOG00000009425",90
"ENSRNOG00000006641",5
"ENSRNOG00000010574",722
"ENSRNOG00000006077",1997
"ENSRNOG00000017123",14985
"ENSRNOG00000004703",0
"ENSRNOG00000009593",193
"ENSRNOG00000067444",32585
"ENSRNOG00000053122",45
"ENSRNOG00000007221",172
"ENSRNOG00000043037",272
"ENSRNOG00000009446",420
"ENSRNOG00000013529",526
"ENSRNOG00000065707",0
"ENSRNOG00000006037",0
"ENSRNOG00000065372",0
"ENSRNOG00000026775",541
"ENSRNOG00000014152",200
"ENSRNOG00000063085",0
"ENSRNOG00000037302",53
"ENSRNOG00000011353",0
"ENSRNOG00000009549",1481
"ENSRNOG00000020086",551
"ENSRNOG00000028196",92
"ENSRNOG00000007906",327
"ENSRNOG00000006916",669
"ENSRNOG00000063276",0
"ENSRNOG00000066633",0
"ENSRNOG00000019039",336
"ENSRNOG00000010791",18
"ENSRNOG00000004898",0
"ENSRNOG00000005059",297
"ENSRNOG00000006639",0
"ENSRNOG00000014710",2
"ENSRNOG00000012262",100
"ENSRNOG00000028112",3
"ENSRNOG00000070974",425
"ENSRNOG00000054314",15
"ENSRNOG00000000172",605
"ENSRNOG00000026053",3424
"ENSRNOG00000062398",0
"ENSRNOG00000000168",101
"ENSRNOG00000019122",5076
"ENSRNOG00000005334",203
"ENSRNOG00000011690",241
"ENSRNOG00000055449",0
"ENSRNOG00000029342",0
"ENSRNOG00000015599",4
"ENSRNOG00000060005",569
"ENSRNOG00000062684",0
"ENSRNOG00000064484",0
"ENSRNOG00000018747",1893
"ENSRNOG00000051627",627
"ENSRNOG00000066394",0
"ENSRNOG00000015636",181
"ENSRNOG00000064346",0
"ENSRNOG00000043494",0
"ENSRNOG00000016459",602
"ENSRNOG00000067536",0
"ENSRNOG00000067433",0
"ENSRNOG00000068386",0
"ENSRNOG00000070193",30
"ENSRNOG00000016357",1694
"ENSRNOG00000017513",178
"ENSRNOG00000031478",0
"ENSRNOG00000065412",0
"ENSRNOG00000005021",458
"ENSRNOG00000070991",0
"ENSRNOG00000008297",626
"ENSRNOG00000050072",67
"ENSRNOG00000017663",166
"ENSRNOG00000062919",0
"ENSRNOG00000071011",0
"ENSRNOG00000066832",575
"ENSRNOG00000019099",342
"ENSRNOG00000021954",1413
"ENSRNOG00000019110",0
"ENSRNOG00000007447",75
"ENSRNOG00000010883",82
"ENSRNOG00000018427",2
"ENSRNOG00000008912",2144
"ENSRNOG00000027596",1211
"ENSRNOG00000068716",0
"ENSRNOG00000017550",77
"ENSRNOG00000059260",15
"ENSRNOG00000065438",0
"ENSRNOG00000032386",0
"ENSRNOG00000004938",0
"ENSRNOG00000004740",695
"ENSRNOG00000012175",10
"ENSRNOG00000012697",8
"ENSRNOG00000005018",177
"ENSRNOG00000005366",18
"ENSRNOG00000008629",1551
"ENSRNOG00000054560",23
"ENSRNOG00000071044",154
"ENSRNOG00000012761",4
"ENSRNOG00000015854",32
"ENSRNOG00000064432",69
"ENSRNOG00000010981",977
"ENSRNOG00000017061",2
"ENSRNOG00000068044",3
"ENSRNOG00000014011",0
"ENSRNOG00000046655",0
"ENSRNOG00000004614",1
"ENSRNOG00000033429",9
"ENSRNOG00000059243",90
"ENSRNOG00000009342",0
"ENSRNOG00000012906",1
"ENSRNOG00000064158",29
"ENSRNOG00000007981",326
"ENSRNOG00000065620",16
"ENSRNOG00000011652",891
"ENSRNOG00000063763",0
"ENSRNOG00000068416",2
"ENSRNOG00000013209",3
"ENSRNOG00000066103",0
"ENSRNOG00000062482",0
"ENSRNOG00000063885",22
"ENSRNOG00000022514",374
"ENSRNOG00000007127",160
"ENSRNOG00000067722",0
"ENSRNOG00000008484",2
"ENSRNOG00000060571",3324
"ENSRNOG00000013933",396
"ENSRNOG00000007285",51
"ENSRNOG00000009196",1858
"ENSRNOG00000048433",0
"ENSRNOG00000050650",101
"ENSRNOG00000062737",0
"ENSRNOG00000026604",32
"ENSRNOG00000009340",309
"ENSRNOG00000006952",0
"ENSRNOG00000005367",0
"ENSRNOG00000067798",0
"ENSRNOG00000057545",0
"ENSRNOG00000005679",0
"ENSRNOG00000018687",570
"ENSRNOG00000064408",0
"ENSRNOG00000009346",220
"ENSRNOG00000029508",0
"ENSRNOG00000010975",3498
"ENSRNOG00000049034",709
"ENSRNOG00000010219",583
"ENSRNOG00000010993",403
"ENSRNOG00000069270",9
"ENSRNOG00000010897",1137
"ENSRNOG00000039315",0
"ENSRNOG00000012750",2
"ENSRNOG00000023589",930
"ENSRNOG00000050262",0
"ENSRNOG00000043189",411
"ENSRNOG00000009402",1402
"ENSRNOG00000006227",282
"ENSRNOG00000007302",19043
"ENSRNOG00000049484",19
"ENSRNOG00000026691",220
"ENSRNOG00000015420",1152
"ENSRNOG00000011732",815
"ENSRNOG00000025296",795
"ENSRNOG00000042269",22
"ENSRNOG00000009403",386
"ENSRNOG00000029470",84
"ENSRNOG00000039777",155
"ENSRNOG00000047356",3253
"ENSRNOG00000050035",0
"ENSRNOG00000010150",595
"ENSRNOG00000008616",1490
"ENSRNOG00000022603",0
"ENSRNOG00000017019",0
"ENSRNOG00000013491",490
"ENSRNOG00000017172",669
"ENSRNOG00000019203",1
"ENSRNOG00000011379",394
"ENSRNOG00000027502",178
"ENSRNOG00000030022",0
"ENSRNOG00000006839",1878
"ENSRNOG00000071171",0
"ENSRNOG00000013196",198
"ENSRNOG00000062624",11
"ENSRNOG00000017319",38
"ENSRNOG00000006829",0
"ENSRNOG00000057044",106
"ENSRNOG00000014316",1394
"ENSRNOG00000008354",579
"ENSRNOG00000027447",1470
"ENSRNOG00000017395",6
"ENSRNOG00000009207",795
"ENSRNOG00000018294",4618
"ENSRNOG00000027193",500
"ENSRNOG00000005007",22
"ENSRNOG00000060821",2060
"ENSRNOG00000005335",33
"ENSRNOG00000015445",0
"ENSRNOG00000009862",16
"ENSRNOG00000009594",1425
"ENSRNOG00000018591",452
"ENSRNOG00000069269",0
"ENSRNOG00000017805",1
"ENSRNOG00000065543",2756
"ENSRNOG00000014532",124
"ENSRNOG00000050792",58
"ENSRNOG00000018349",239
"ENSRNOG00000009552",2758
"ENSRNOG00000008749",17786
"ENSRNOG00000010217",6917
"ENSRNOG00000056087",13
"ENSRNOG00000010659",431
"ENSRNOG00000010235",569
"ENSRNOG00000010265",81
"ENSRNOG00000065817",76
"ENSRNOG00000028805",54
"ENSRNOG00000015845",2083
"ENSRNOG00000050932",256
"ENSRNOG00000010526",872
"ENSRNOG00000037134",16
"ENSRNOG00000023386",3141
"ENSRNOG00000011470",556
"ENSRNOG00000017539",4
"ENSRNOG00000026277",346
"ENSRNOG00000017017",229
"ENSRNOG00000005616",707
"ENSRNOG00000016794",138
"ENSRNOG00000068184",4
"ENSRNOG00000022312",183
"ENSRNOG00000054725",562
"ENSRNOG00000006052",14074
"ENSRNOG00000009300",1458
"ENSRNOG00000013040",325
"ENSRNOG00000021295",950
"ENSRNOG00000007666",190
"ENSRNOG00000016910",239
"ENSRNOG00000010406",6
"ENSRNOG00000006420",123
"ENSRNOG00000057806",2539
"ENSRNOG00000065655",0
"ENSRNOG00000010152",1
"ENSRNOG00000010164",1149
"ENSRNOG00000069016",10
"ENSRNOG00000016678",267
"ENSRNOG00000004680",29
"ENSRNOG00000006435",515
"ENSRNOG00000006894",592
"ENSRNOG00000016220",1515
"ENSRNOG00000070709",257
"ENSRNOG00000004624",7925
"ENSRNOG00000019154",2075
"ENSRNOG00000034258",7
"ENSRNOG00000022274",152
"ENSRNOG00000025185",1522
"ENSRNOG00000005600",46
"ENSRNOG00000017925",1141
"ENSRNOG00000004372",0
"ENSRNOG00000007673",403
"ENSRNOG00000013906",9
"ENSRNOG00000050834",543
"ENSRNOG00000034195",1
"ENSRNOG00000017295",1086
"ENSRNOG00000054901",464
"ENSRNOG00000048676",18
"ENSRNOG00000007998",578
"ENSRNOG00000013062",0
"ENSRNOG00000070298",12
"ENSRNOG00000013974",227
"ENSRNOG00000048870",966
"ENSRNOG00000040333",0
"ENSRNOG00000029447",149
"ENSRNOG00000018145",1939
"ENSRNOG00000018205",404
"ENSRNOG00000046984",554
"ENSRNOG00000008469",809
"ENSRNOG00000029993",0
"ENSRNOG00000049056",239
"ENSRNOG00000006611",47
"ENSRNOG00000008455",611
"ENSRNOG00000018457",1387
"ENSRNOG00000019147",1615
"ENSRNOG00000055567",249
"ENSRNOG00000055886",2
"ENSRNOG00000024563",397
"ENSRNOG00000066367",0
"ENSRNOG00000022860",1306
"ENSRNOG00000000007",0
"ENSRNOG00000064166",1
"ENSRNOG00000070526",1
"ENSRNOG00000016744",1465
"ENSRNOG00000004828",0
"ENSRNOG00000067882",0
"ENSRNOG00000004466",1628
"ENSRNOG00000014369",394
"ENSRNOG00000050404",1911
"ENSRNOG00000018486",9
"ENSRNOG00000005070",631
"ENSRNOG00000001517",533
"ENSRNOG00000005369",0
"ENSRNOG00000024809",301
"ENSRNOG00000001519",37
"ENSRNOG00000011884",678
"ENSRNOG00000008609",6
"ENSRNOG00000048867",0
"ENSRNOG00000005743",0
"ENSRNOG00000069208",2
"ENSRNOG00000058329",2064
"ENSRNOG00000004479",167
"ENSRNOG00000049619",0
"ENSRNOG00000007625",63
"ENSRNOG00000062930",0
"ENSRNOG00000004864",1047
"ENSRNOG00000066218",0
"ENSRNOG00000024786",197
"ENSRNOG00000063301",0
"ENSRNOG00000001515",4458
"ENSRNOG00000005074",160
"ENSRNOG00000013694",63
"ENSRNOG00000005223",0
"ENSRNOG00000047241",0
"ENSRNOG00000010128",0
"ENSRNOG00000057996",0
"ENSRNOG00000018809",1134
"ENSRNOG00000068640",0
"ENSRNOG00000033824",128
"ENSRNOG00000014584",653
"ENSRNOG00000052583",3410
"ENSRNOG00000001516",30
"ENSRNOG00000004775",932
"ENSRNOG00000064527",73
"ENSRNOG00000005701",0
"ENSRNOG00000048080",0
"ENSRNOG00000005235",0
"ENSRNOG00000043179",0
"ENSRNOG00000050552",430
"ENSRNOG00000049912",1393
"ENSRNOG00000057740",1
"ENSRNOG00000009143",473
"ENSRNOG00000026203",0
"ENSRNOG00000028661",0
"ENSRNOG00000009382",95
"ENSRNOG00000032656",0
"ENSRNOG00000033835",393
"ENSRNOG00000067068",0
"ENSRNOG00000025892",1089
"ENSRNOG00000005504",576
"ENSRNOG00000016965",3366
"ENSRNOG00000006732",0
"ENSRNOG00000009239",0
"ENSRNOG00000009781",4243
"ENSRNOG00000007485",765
"ENSRNOG00000009286",4
"ENSRNOG00000069922",0
"ENSRNOG00000005722",0
"ENSRNOG00000005331",1324
"ENSRNOG00000048933",502
"ENSRNOG00000018832",1
"ENSRNOG00000061587",163
"ENSRNOG00000028384",635
"ENSRNOG00000070627",21
"ENSRNOG00000015791",171
"ENSRNOG00000064734",67
"ENSRNOG00000033682",0
"ENSRNOG00000018874",34
"ENSRNOG00000028533",1
"ENSRNOG00000008129",139
"ENSRNOG00000010729",1295
"ENSRNOG00000007665",2131
"ENSRNOG00000057347",341
"ENSRNOG00000043323",0
"ENSRNOG00000015237",285
"ENSRNOG00000065606",1137
"ENSRNOG00000001524",462
"ENSRNOG00000005751",0
"ENSRNOG00000069723",1
"ENSRNOG00000028440",3
"ENSRNOG00000013442",1063
"ENSRNOG00000007012",3
"ENSRNOG00000005800",0
"ENSRNOG00000007017",0
"ENSRNOG00000007781",2560
"ENSRNOG00000005083",580
"ENSRNOG00000025832",1337
"ENSRNOG00000001520",57
"ENSRNOG00000017443",714
"ENSRNOG00000063099",12
"ENSRNOG00000015970",569
"ENSRNOG00000009620",925
"ENSRNOG00000067313",4
"ENSRNOG00000005871",1
"ENSRNOG00000021225",0
"ENSRNOG00000046350",0
"ENSRNOG00000004772",3
"ENSRNOG00000008081",251
"ENSRNOG00000011401",7
"ENSRNOG00000043311",2
"ENSRNOG00000022162",1674
"ENSRNOG00000005033",1305
"ENSRNOG00000069241",0
"ENSRNOG00000022922",804
"ENSRNOG00000006079",1
"ENSRNOG00000008194",564
"ENSRNOG00000053384",0
"ENSRNOG00000071205",9
"ENSRNOG00000005341",0
"ENSRNOG00000022681",1044
"ENSRNOG00000022141",1012
"ENSRNOG00000059891",198
"ENSRNOG00000046949",42
"ENSRNOG00000017583",690
"ENSRNOG00000006314",1
"ENSRNOG00000017647",215
"ENSRNOG00000008258",1324
"ENSRNOG00000008245",1397
"ENSRNOG00000008482",1516
"ENSRNOG00000009531",2
"ENSRNOG00000026036",0
"ENSRNOG00000001518",254
"ENSRNOG00000021220",4
"ENSRNOG00000061199",0
"ENSRNOG00000009406",1573
"ENSRNOG00000019179",297
"ENSRNOG00000005246",0
"ENSRNOG00000064239",1
"ENSRNOG00000009936",1463
"ENSRNOG00000070854",0
"ENSRNOG00000015192",338
"ENSRNOG00000050620",0
"ENSRNOG00000021787",342
"ENSRNOG00000063782",1
"ENSRNOG00000066179",0
"ENSRNOG00000007477",0
"ENSRNOG00000055021",1
"ENSRNOG00000023721",12
"ENSRNOG00000058297",0
"ENSRNOG00000056952",0
"ENSRNOG00000025394",1738
"ENSRNOG00000065334",2
"ENSRNOG00000066958",133
"ENSRNOG00000051455",0
"ENSRNOG00000037081",0
"ENSRNOG00000065702",0
"ENSRNOG00000057475",0
"ENSRNOG00000050860",0
"ENSRNOG00000055571",0
"ENSRNOG00000007946",345
"ENSRNOG00000005996",0
"ENSRNOG00000056181",0
"ENSRNOG00000058161",0
"ENSRNOG00000062893",0
"ENSRNOG00000061153",0
"ENSRNOG00000057546",0
"ENSRNOG00000018567",898
"ENSRNOG00000005762",1308
"ENSRNOG00000064287",0
"ENSRNOG00000062495",0
"ENSRNOG00000068900",15
"ENSRNOG00000055576",0
"ENSRNOG00000007415",235
"ENSRNOG00000067446",0
"ENSRNOG00000059024",0
"ENSRNOG00000005116",6179
"ENSRNOG00000053436",1
"ENSRNOG00000052617",0
"ENSRNOG00000064018",0
"ENSRNOG00000065927",1
"ENSRNOG00000018901",924
"ENSRNOG00000060842",21
"ENSRNOG00000056200",4
"ENSRNOG00000008859",495
"ENSRNOG00000005766",825
"ENSRNOG00000021242",430
"ENSRNOG00000054081",38
"ENSRNOG00000065735",46
"ENSRNOG00000062408",0
"ENSRNOG00000064779",0
"ENSRNOG00000023935",6
"ENSRNOG00000057313",30
"ENSRNOG00000064701",432
"ENSRNOG00000057048",0
"ENSRNOG00000035591",0
"ENSRNOG00000040429",0
"ENSRNOG00000062268",2
"ENSRNOG00000009191",2
"ENSRNOG00000006763",961
"ENSRNOG00000036445",0
"ENSRNOG00000008552",51
"ENSRNOG00000041411",0
"ENSRNOG00000066687",0
"ENSRNOG00000015756",547
"ENSRNOG00000016033",51
"ENSRNOG00000035452",1
"ENSRNOG00000008346",5
"ENSRNOG00000035542",0
"ENSRNOG00000035554",1
"ENSRNOG00000035563",2
"ENSRNOG00000070181",0
"ENSRNOG00000056184",43
"ENSRNOG00000025711",230
"ENSRNOG00000005498",0
"ENSRNOG00000059414",0
"ENSRNOG00000025997",822
"ENSRNOG00000006767",8
"ENSRNOG00000035566",0
"ENSRNOG00000004560",3
"ENSRNOG00000068538",0
"ENSRNOG00000036443",0
"ENSRNOG00000004966",1
"ENSRNOG00000008825",1888
"ENSRNOG00000000012",0
"ENSRNOG00000035570",2
"ENSRNOG00000012987",0
"ENSRNOG00000032778",442
"ENSRNOG00000049532",0
"ENSRNOG00000018899",0
"ENSRNOG00000061850",0
"ENSRNOG00000048524",0
"ENSRNOG00000007359",133
"ENSRNOG00000053607",334
"ENSRNOG00000009588",0
"ENSRNOG00000049688",0
"ENSRNOG00000018286",0
"ENSRNOG00000035619",0
"ENSRNOG00000016097",1
"ENSRNOG00000035630",0
"ENSRNOG00000064324",0
"ENSRNOG00000006830",0
"ENSRNOG00000035496",2
"ENSRNOG00000001510",13
"ENSRNOG00000022033",0
"ENSRNOG00000005990",213
"ENSRNOG00000008091",44
"ENSRNOG00000035593",0
"ENSRNOG00000048914",1
"ENSRNOG00000001596",2480
"ENSRNOG00000009951",74
"ENSRNOG00000006961",1367
"ENSRNOG00000023393",1672
"ENSRNOG00000052954",5
"ENSRNOG00000008165",888
"ENSRNOG00000007528",0
"ENSRNOG00000028187",0
"ENSRNOG00000054086",0
"ENSRNOG00000023477",0
"ENSRNOG00000047374",11483
"ENSRNOG00000025286",324
"ENSRNOG00000008837",9
"ENSRNOG00000018991",1280
"ENSRNOG00000060479",1535
"ENSRNOG00000008534",48
"ENSRNOG00000056984",657
"ENSRNOG00000010068",73
"ENSRNOG00000026061",0
"ENSRNOG00000009331",5
"ENSRNOG00000018485",78
"ENSRNOG00000042373",0
"ENSRNOG00000007532",575
"ENSRNOG00000008822",6813
"ENSRNOG00000069925",109
"ENSRNOG00000001580",113
"ENSRNOG00000025889",27
"ENSRNOG00000012166",2
"ENSRNOG00000022015",250
"ENSRNOG00000062644",2
"ENSRNOG00000066055",0
"ENSRNOG00000007710",261
"ENSRNOG00000050946",156
"ENSRNOG00000001559",458
"ENSRNOG00000022938",217
"ENSRNOG00000017824",678
"ENSRNOG00000012419",34
"ENSRNOG00000009528",1
"ENSRNOG00000050204",213
"ENSRNOG00000036898",0
"ENSRNOG00000005668",528
"ENSRNOG00000009735",0
"ENSRNOG00000012798",692
"ENSRNOG00000023154",0
"ENSRNOG00000024693",0
"ENSRNOG00000005307",12
"ENSRNOG00000009245",128
"ENSRNOG00000067863",0
"ENSRNOG00000005132",1
"ENSRNOG00000063156",1
"ENSRNOG00000026111",2
"ENSRNOG00000036897",0
"ENSRNOG00000013973",42
"ENSRNOG00000068771",0
"ENSRNOG00000021560",0
"ENSRNOG00000013837",1193
"ENSRNOG00000014050",226
"ENSRNOG00000064796",1
"ENSRNOG00000058983",1
"ENSRNOG00000023352",9
"ENSRNOG00000031951",23
"ENSRNOG00000054405",0
"ENSRNOG00000001587",0
"ENSRNOG00000036870",0
"ENSRNOG00000069591",7
"ENSRNOG00000001581",88
"ENSRNOG00000005281",560
"ENSRNOG00000070431",0
"ENSRNOG00000014230",2543
"ENSRNOG00000007622",200
"ENSRNOG00000046585",219
"ENSRNOG00000067347",1
"ENSRNOG00000006241",1190
"ENSRNOG00000011457",0
"ENSRNOG00000019047",2336
"ENSRNOG00000057756",782
"ENSRNOG00000019299",225
"ENSRNOG00000021243",2
"ENSRNOG00000055226",1219
"ENSRNOG00000069524",21
"ENSRNOG00000048056",72
"ENSRNOG00000006623",916
"ENSRNOG00000011726",0
"ENSRNOG00000006002",681
"ENSRNOG00000005008",2
"ENSRNOG00000032195",28
"ENSRNOG00000043149",0
"ENSRNOG00000071098",0
"ENSRNOG00000017346",1
"ENSRNOG00000066809",0
"ENSRNOG00000063330",0
"ENSRNOG00000019467",0
"ENSRNOG00000062489",0
"ENSRNOG00000067142",0
"ENSRNOG00000065732",0
"ENSRNOG00000024412",0
"ENSRNOG00000009747",0
"ENSRNOG00000064071",0
"ENSRNOG00000009369",32
"ENSRNOG00000063708",0
"ENSRNOG00000066446",0
"ENSRNOG00000005359",0
"ENSRNOG00000065809",0
"ENSRNOG00000063795",0
"ENSRNOG00000069299",0
"ENSRNOG00000069133",0
"ENSRNOG00000014436",609
"ENSRNOG00000005950",0
"ENSRNOG00000018719",159
"ENSRNOG00000007911",0
"ENSRNOG00000062335",0
"ENSRNOG00000007816",9
"ENSRNOG00000069989",0
"ENSRNOG00000013243",0
"ENSRNOG00000062410",0
"ENSRNOG00000065893",357
"ENSRNOG00000018657",800
"ENSRNOG00000039210",0
"ENSRNOG00000067314",0
"ENSRNOG00000030763",0
"ENSRNOG00000047596",3
"ENSRNOG00000067265",0
"ENSRNOG00000066602",0
"ENSRNOG00000065951",0
"ENSRNOG00000065387",0
"ENSRNOG00000016352",1835
"ENSRNOG00000004649",0
"ENSRNOG00000046644",886
"ENSRNOG00000067924",0
"ENSRNOG00000068962",0
"ENSRNOG00000052968",812
"ENSRNOG00000007954",0
"ENSRNOG00000065239",0
"ENSRNOG00000007962",0
"ENSRNOG00000014573",5
"ENSRNOG00000007965",0
"ENSRNOG00000065830",0
"ENSRNOG00000050899",1127
"ENSRNOG00000059965",0
"ENSRNOG00000068403",1
"ENSRNOG00000062527",0
"ENSRNOG00000042248",0
"ENSRNOG00000010104",1067
"ENSRNOG00000065937",306
"ENSRNOG00000014845",0
"ENSRNOG00000009355",353
"ENSRNOG00000067990",0
"ENSRNOG00000031803",0
"ENSRNOG00000070601",0
"ENSRNOG00000017777",1057
"ENSRNOG00000001547",351
"ENSRNOG00000005868",708
"ENSRNOG00000067752",3
"ENSRNOG00000063740",0
"ENSRNOG00000023064",43
"ENSRNOG00000066366",0
"ENSRNOG00000068131",0
"ENSRNOG00000019339",32
"ENSRNOG00000068529",0
"ENSRNOG00000063044",36
"ENSRNOG00000004858",0
"ENSRNOG00000063189",89
"ENSRNOG00000052498",1905
"ENSRNOG00000064033",0
"ENSRNOG00000015018",11035
"ENSRNOG00000046772",0
"ENSRNOG00000014034",1682
"ENSRNOG00000036719",107
"ENSRNOG00000007567",4
"ENSRNOG00000063409",0
"ENSRNOG00000027015",1812
"ENSRNOG00000007977",0
"ENSRNOG00000001593",597
"ENSRNOG00000022868",13
"ENSRNOG00000010086",547
"ENSRNOG00000066934",0
"ENSRNOG00000062761",0
"ENSRNOG00000061129",759
"ENSRNOG00000067572",0
"ENSRNOG00000064233",8553
"ENSRNOG00000063025",0
"ENSRNOG00000061690",20
"ENSRNOG00000017405",2279
"ENSRNOG00000069264",0
"ENSRNOG00000013232",111
"ENSRNOG00000005049",4
"ENSRNOG00000006433",0
"ENSRNOG00000056063",4
"ENSRNOG00000027221",0
"ENSRNOG00000012682",15
"ENSRNOG00000064193",0
"ENSRNOG00000005727",5
"ENSRNOG00000066844",0
"ENSRNOG00000063285",0
"ENSRNOG00000051498",1354
"ENSRNOG00000064353",0
"ENSRNOG00000028708",1
"ENSRNOG00000071108",460
"ENSRNOG00000069830",36
"ENSRNOG00000017447",1299
"ENSRNOG00000001578",57
"ENSRNOG00000067612",0
"ENSRNOG00000053144",0
"ENSRNOG00000070822",0
"ENSRNOG00000011202",0
"ENSRNOG00000001577",59
"ENSRNOG00000031834",3
"ENSRNOG00000063547",0
"ENSRNOG00000016708",104
"ENSRNOG00000018406",1323
"ENSRNOG00000067081",0
"ENSRNOG00000028616",0
"ENSRNOG00000063082",0
"ENSRNOG00000070279",2
"ENSRNOG00000026770",4
"ENSRNOG00000067568",0
"ENSRNOG00000068313",0
"ENSRNOG00000016583",4
"ENSRNOG00000064529",0
"ENSRNOG00000053098",0
"ENSRNOG00000036896",0
"ENSRNOG00000062816",0
"ENSRNOG00000007558",0
"ENSRNOG00000062999",0
"ENSRNOG00000024457",1
"ENSRNOG00000054557",683
"ENSRNOG00000036895",0
"ENSRNOG00000011624",32
"ENSRNOG00000064774",0
"ENSRNOG00000019987",553
"ENSRNOG00000063995",0
"ENSRNOG00000019992",2927
"ENSRNOG00000065729",664
"ENSRNOG00000056853",2156
"ENSRNOG00000061768",1
"ENSRNOG00000024595",962
"ENSRNOG00000065798",0
"ENSRNOG00000060010",272
"ENSRNOG00000010326",38
"ENSRNOG00000066950",0
"ENSRNOG00000019848",2971
"ENSRNOG00000063125",0
"ENSRNOG00000059919",224
"ENSRNOG00000012651",407
"ENSRNOG00000063947",0
"ENSRNOG00000043258",0
"ENSRNOG00000016288",512
"ENSRNOG00000053332",8
"ENSRNOG00000070748",0
"ENSRNOG00000011798",1560
"ENSRNOG00000064674",0
"ENSRNOG00000016547",1364
"ENSRNOG00000032597",0
"ENSRNOG00000070703",0
"ENSRNOG00000008235",3
"ENSRNOG00000043150",11
"ENSRNOG00000016768",2
"ENSRNOG00000068000",0
"ENSRNOG00000008604",788
"ENSRNOG00000065767",0
"ENSRNOG00000001572",0
"ENSRNOG00000054245",0
"ENSRNOG00000070780",30
"ENSRNOG00000013339",238
"ENSRNOG00000065667",0
"ENSRNOG00000059153",0
"ENSRNOG00000012603",459
"ENSRNOG00000050277",972
"ENSRNOG00000020225",1574
"ENSRNOG00000013657",3
"ENSRNOG00000062899",0
"ENSRNOG00000065812",0
"ENSRNOG00000001597",1459
"ENSRNOG00000064911",0
"ENSRNOG00000064654",0
"ENSRNOG00000053430",0
"ENSRNOG00000014424",1
"ENSRNOG00000064180",0
"ENSRNOG00000062312",0
"ENSRNOG00000008596",36
"ENSRNOG00000068113",0
"ENSRNOG00000019065",0
"ENSRNOG00000015067",777
"ENSRNOG00000063322",0
"ENSRNOG00000027513",1200
"ENSRNOG00000063792",0
"ENSRNOG00000001588",267
"ENSRNOG00000063578",0
"ENSRNOG00000024815",1
"ENSRNOG00000038165",8
"ENSRNOG00000067615",0
"ENSRNOG00000062563",0
"ENSRNOG00000034174",0
"ENSRNOG00000001514",113
"ENSRNOG00000065210",0
"ENSRNOG00000069009",0
"ENSRNOG00000015558",0
"ENSRNOG00000004861",163
"ENSRNOG00000065773",0
"ENSRNOG00000013992",189
"ENSRNOG00000069927",0
"ENSRNOG00000015202",3032
"ENSRNOG00000064935",0
"ENSRNOG00000030212",37
"ENSRNOG00000067933",0
"ENSRNOG00000010275",75
"ENSRNOG00000005609",0
"ENSRNOG00000067390",0
"ENSRNOG00000006112",0
"ENSRNOG00000069529",0
"ENSRNOG00000066625",0
"ENSRNOG00000060449",184
"ENSRNOG00000015637",10
"ENSRNOG00000014235",172
"ENSRNOG00000054497",538
"ENSRNOG00000049336",47
"ENSRNOG00000017939",279
"ENSRNOG00000007341",62
"ENSRNOG00000051420",466
"ENSRNOG00000069601",0
"ENSRNOG00000014592",146
"ENSRNOG00000050123",0
"ENSRNOG00000006654",0
"ENSRNOG00000057245",3
"ENSRNOG00000061249",0
"ENSRNOG00000016062",220
"ENSRNOG00000052405",0
"ENSRNOG00000065177",0
"ENSRNOG00000064679",0
"ENSRNOG00000015359",0
"ENSRNOG00000062804",0
"ENSRNOG00000047874",583
"ENSRNOG00000009354",20
"ENSRNOG00000067869",0
"ENSRNOG00000010894",414
"ENSRNOG00000065868",0
"ENSRNOG00000040284",0
"ENSRNOG00000030476",5972
"ENSRNOG00000050697",0
"ENSRNOG00000042556",414
"ENSRNOG00000001548",5945
"ENSRNOG00000070103",0
"ENSRNOG00000046151",1
"ENSRNOG00000063457",0
"ENSRNOG00000022490",1082
"ENSRNOG00000024846",507
"ENSRNOG00000016989",364
"ENSRNOG00000007492",13074
"ENSRNOG00000046473",0
"ENSRNOG00000067028",0
"ENSRNOG00000013267",256
"ENSRNOG00000069882",0
"ENSRNOG00000030143",176
"ENSRNOG00000046849",0
"ENSRNOG00000065516",0
"ENSRNOG00000067266",4
"ENSRNOG00000069995",0
"ENSRNOG00000033799",0
"ENSRNOG00000012722",1262
"ENSRNOG00000049460",0
"ENSRNOG00000029787",0
"ENSRNOG00000055984",1920
"ENSRNOG00000032102",0
"ENSRNOG00000019340",210
"ENSRNOG00000029627",1548
"ENSRNOG00000028690",3457
"ENSRNOG00000062692",0
"ENSRNOG00000013371",0
"ENSRNOG00000048601",3
"ENSRNOG00000027533",12
"ENSRNOG00000027510",0
"ENSRNOG00000053691",7841
"ENSRNOG00000064291",0
"ENSRNOG00000069831",0
"ENSRNOG00000018288",2382
"ENSRNOG00000068577",13
"ENSRNOG00000046568",46
"ENSRNOG00000069411",19
"ENSRNOG00000005109",0
"ENSRNOG00000029793",0
"ENSRNOG00000064950",287
"ENSRNOG00000005951",123
"ENSRNOG00000065751",0
"ENSRNOG00000067302",61
"ENSRNOG00000007605",1874
"ENSRNOG00000023181",45
"ENSRNOG00000065953",0
"ENSRNOG00000017404",842
"ENSRNOG00000028492",0
"ENSRNOG00000023090",0
"ENSRNOG00000028543",2534
"ENSRNOG00000017843",525
"ENSRNOG00000067031",0
"ENSRNOG00000016248",0
"ENSRNOG00000029423",997
"ENSRNOG00000069321",128
"ENSRNOG00000013003",0
"ENSRNOG00000031453",908
"ENSRNOG00000059460",416
"ENSRNOG00000052519",31
"ENSRNOG00000055484",0
"ENSRNOG00000070077",0
"ENSRNOG00000068234",0
"ENSRNOG00000009376",0
"ENSRNOG00000034115",0
"ENSRNOG00000030468",0
"ENSRNOG00000036813",352
"ENSRNOG00000009227",0
"ENSRNOG00000068114",0
"ENSRNOG00000067898",0
"ENSRNOG00000031811",0
"ENSRNOG00000064459",0
"ENSRNOG00000065446",0
"ENSRNOG00000066979",0
"ENSRNOG00000068209",0
"ENSRNOG00000034047",0
"ENSRNOG00000049954",0
"ENSRNOG00000065296",0
"ENSRNOG00000069515",0
"ENSRNOG00000007583",4369
"ENSRNOG00000037837",0
"ENSRNOG00000037834",0
"ENSRNOG00000009693",0
"ENSRNOG00000006395",1
"ENSRNOG00000010052",0
"ENSRNOG00000009526",0
"ENSRNOG00000036934",676
"ENSRNOG00000064583",0
"ENSRNOG00000061609",0
"ENSRNOG00000030662",0
"ENSRNOG00000006236",64
"ENSRNOG00000051828",0
"ENSRNOG00000058567",0
"ENSRNOG00000063901",5
"ENSRNOG00000060260",0
"ENSRNOG00000034031",0
"ENSRNOG00000049901",1
"ENSRNOG00000033994",0
"ENSRNOG00000007827",10
"ENSRNOG00000045634",0
"ENSRNOG00000015794",125
"ENSRNOG00000015393",0
"ENSRNOG00000015696",149
"ENSRNOG00000025238",0
"ENSRNOG00000010417",107
"ENSRNOG00000024437",1547
"ENSRNOG00000024923",67
"ENSRNOG00000063306",0
"ENSRNOG00000012880",524
"ENSRNOG00000010538",762
"ENSRNOG00000012923",663
"ENSRNOG00000020246",4705
"ENSRNOG00000010625",59
"ENSRNOG00000012956",51
"ENSRNOG00000017086",99
"ENSRNOG00000063087",4370
"ENSRNOG00000069424",0
"ENSRNOG00000066059",0
"ENSRNOG00000063436",0
"ENSRNOG00000070108",0
"ENSRNOG00000069317",0
"ENSRNOG00000069667",0
"ENSRNOG00000062823",0
"ENSRNOG00000068434",0
"ENSRNOG00000005898",0
"ENSRNOG00000063311",0
"ENSRNOG00000021949",0
"ENSRNOG00000021920",0
"ENSRNOG00000071089",0
"ENSRNOG00000010179",0
"ENSRNOG00000069875",0
"ENSRNOG00000021658",0
"ENSRNOG00000068369",0
"ENSRNOG00000014429",755
"ENSRNOG00000014798",1481
"ENSRNOG00000058658",3079
"ENSRNOG00000028215",538
"ENSRNOG00000059846",0
"ENSRNOG00000065166",0
"ENSRNOG00000067074",0
"ENSRNOG00000053266",0
"ENSRNOG00000065851",0
"ENSRNOG00000062725",0
"ENSRNOG00000058802",0
"ENSRNOG00000067376",7
"ENSRNOG00000062330",3
"ENSRNOG00000056867",0
"ENSRNOG00000009155",556
"ENSRNOG00000066442",0
"ENSRNOG00000068132",0
"ENSRNOG00000067253",0
"ENSRNOG00000066113",0
"ENSRNOG00000062921",0
"ENSRNOG00000068952",0
"ENSRNOG00000060254",0
"ENSRNOG00000009397",394
"ENSRNOG00000056350",9
"ENSRNOG00000061517",0
"ENSRNOG00000069001",0
"ENSRNOG00000054178",0
"ENSRNOG00000067931",25
"ENSRNOG00000053758",0
"ENSRNOG00000057896",0
"ENSRNOG00000053318",0
"ENSRNOG00000009723",854
"ENSRNOG00000060304",0
"ENSRNOG00000069333",0
"ENSRNOG00000063509",0
"ENSRNOG00000057181",0
"ENSRNOG00000064895",0
"ENSRNOG00000052528",0
"ENSRNOG00000053730",0
"ENSRNOG00000057217",0
"ENSRNOG00000058017",0
"ENSRNOG00000061392",0
"ENSRNOG00000008467",2
"ENSRNOG00000065636",0
"ENSRNOG00000058635",0
"ENSRNOG00000060700",0
"ENSRNOG00000055165",0
"ENSRNOG00000064572",0
"ENSRNOG00000070539",0
"ENSRNOG00000065355",0
"ENSRNOG00000057737",5
"ENSRNOG00000061689",0
"ENSRNOG00000053257",0
"ENSRNOG00000051919",0
"ENSRNOG00000063274",0
"ENSRNOG00000056775",0
"ENSRNOG00000059287",0
"ENSRNOG00000056709",0
"ENSRNOG00000062752",0
"ENSRNOG00000054556",0
"ENSRNOG00000058974",0
"ENSRNOG00000069316",0
"ENSRNOG00000064743",9199
"ENSRNOG00000069960",9
"ENSRNOG00000062337",128085
"ENSRNOG00000064311",0
"ENSRNOG00000070537",0
"ENSRNOG00000015285",404
"ENSRNOG00000064600",1
"ENSRNOG00000053739",0
"ENSRNOG00000071124",0
"ENSRNOG00000051556",0
"ENSRNOG00000055988",0
"ENSRNOG00000052329",0
"ENSRNOG00000070840",0
"ENSRNOG00000051794",0
"ENSRNOG00000065344",0
"ENSRNOG00000061411",1
"ENSRNOG00000070340",0
"ENSRNOG00000070766",1
"ENSRNOG00000054047",0
"ENSRNOG00000056813",0
"ENSRNOG00000063896",0
"ENSRNOG00000054708",0
"ENSRNOG00000064326",0
"ENSRNOG00000060698",0
"ENSRNOG00000053336",0
"ENSRNOG00000059523",0
"ENSRNOG00000065124",0
"ENSRNOG00000053475",0
"ENSRNOG00000052086",0
"ENSRNOG00000062753",0
"ENSRNOG00000066102",0
"ENSRNOG00000059174",1
"ENSRNOG00000069379",0
"ENSRNOG00000065949",0
"ENSRNOG00000058281",0
"ENSRNOG00000066419",0
"ENSRNOG00000056973",11
"ENSRNOG00000065896",0
"ENSRNOG00000058689",0
"ENSRNOG00000053480",0
"ENSRNOG00000058037",0
"ENSRNOG00000053815",0
"ENSRNOG00000053851",0
"ENSRNOG00000056125",0
"ENSRNOG00000065708",0
"ENSRNOG00000068166",0
"ENSRNOG00000071177",0
"ENSRNOG00000057105",0
"ENSRNOG00000059003",0
"ENSRNOG00000006669",0
"ENSRNOG00000051675",0
"ENSRNOG00000065635",0
"ENSRNOG00000054461",0
"ENSRNOG00000052295",0
"ENSRNOG00000067981",4
"ENSRNOG00000006706",0
"ENSRNOG00000067405",1
"ENSRNOG00000070841",1
"ENSRNOG00000069917",0
"ENSRNOG00000006716",0
"ENSRNOG00000051785",0
"ENSRNOG00000060319",0
"ENSRNOG00000047981",0
"ENSRNOG00000069972",0
"ENSRNOG00000043148",0
"ENSRNOG00000016067",3601
"ENSRNOG00000016325",0
"ENSRNOG00000062667",0
"ENSRNOG00000005413",7930
"ENSRNOG00000007732",476
"ENSRNOG00000008674",67
"ENSRNOG00000068495",0
"ENSRNOG00000065980",0
"ENSRNOG00000068843",0
"ENSRNOG00000000047",378
"ENSRNOG00000008000",1
"ENSRNOG00000017422",759
"ENSRNOG00000017737",826
"ENSRNOG00000010495",1068
"ENSRNOG00000034025",477
"ENSRNOG00000007241",1422
"ENSRNOG00000007989",0
"ENSRNOG00000069579",3
"ENSRNOG00000029798",0
"ENSRNOG00000000008",0
"ENSRNOG00000008944",5370
"ENSRNOG00000070512",0
"ENSRNOG00000066316",0
"ENSRNOG00000009689",2073
"ENSRNOG00000017556",1
"ENSRNOG00000017560",3
"ENSRNOG00000037567",176
"ENSRNOG00000004623",1
"ENSRNOG00000006353",3
"ENSRNOG00000006539",196
"ENSRNOG00000006884",0
"ENSRNOG00000058478",682
"ENSRNOG00000010379",2164
"ENSRNOG00000007478",772
"ENSRNOG00000011208",54
"ENSRNOG00000011414",2134
"ENSRNOG00000031275",94
"ENSRNOG00000011981",702
"ENSRNOG00000004639",275
"ENSRNOG00000021678",520
"ENSRNOG00000005191",1332
"ENSRNOG00000009630",1503
"ENSRNOG00000004666",17
"ENSRNOG00000036864",5
"ENSRNOG00000009199",503
"ENSRNOG00000068949",38
"ENSRNOG00000049208",12
"ENSRNOG00000042533",1
"ENSRNOG00000069924",0
"ENSRNOG00000070459",361
"ENSRNOG00000016037",0
"ENSRNOG00000048701",2222
"ENSRNOG00000016610",5644
"ENSRNOG00000050529",104
"ENSRNOG00000064257",3
"ENSRNOG00000025067",63
"ENSRNOG00000016984",1505
"ENSRNOG00000004451",0
"ENSRNOG00000068305",776
"ENSRNOG00000005348",10
"ENSRNOG00000053869",0
"ENSRNOG00000010312",0
"ENSRNOG00000064332",0
"ENSRNOG00000007484",0
"ENSRNOG00000067719",3
"ENSRNOG00000067055",2
"ENSRNOG00000063773",1
"ENSRNOG00000069165",0
"ENSRNOG00000062319",2
"ENSRNOG00000010963",1
"ENSRNOG00000069090",3
"ENSRNOG00000066343",2
"ENSRNOG00000067023",7
"ENSRNOG00000065376",26
"ENSRNOG00000069349",1
"ENSRNOG00000058055",0
"ENSRNOG00000066007",0
"ENSRNOG00000068825",281
"ENSRNOG00000069700",18
"ENSRNOG00000063761",49
"ENSRNOG00000006063",1603
"ENSRNOG00000067544",0
"ENSRNOG00000067396",0
"ENSRNOG00000070205",0
"ENSRNOG00000067522",0
"ENSRNOG00000070744",0
"ENSRNOG00000065622",0
"ENSRNOG00000066142",0
"ENSRNOG00000065744",79
"ENSRNOG00000064637",0
"ENSRNOG00000063318",0
"ENSRNOG00000066238",0
"ENSRNOG00000067765",0
"ENSRNOG00000067455",0
"ENSRNOG00000062687",0
"ENSRNOG00000052005",0
"ENSRNOG00000067731",0
"ENSRNOG00000064969",6
"ENSRNOG00000070210",22
"ENSRNOG00000068169",0
"ENSRNOG00000067380",0
"ENSRNOG00000067089",466
"ENSRNOG00000070157",0
"ENSRNOG00000064136",11747
"ENSRNOG00000009401",10
"ENSRNOG00000064341",16
"ENSRNOG00000026636",0
"ENSRNOG00000062648",292
"ENSRNOG00000069159",10
"ENSRNOG00000008510",250
"ENSRNOG00000066737",5
"ENSRNOG00000068911",0
"ENSRNOG00000069378",5
"ENSRNOG00000069611",7
"ENSRNOG00000069146",3
"ENSRNOG00000065046",22
"ENSRNOG00000068078",16
"ENSRNOG00000068246",0
"ENSRNOG00000011358",1662
"ENSRNOG00000065681",0
"ENSRNOG00000063367",0
"ENSRNOG00000070813",0
"ENSRNOG00000061836",0
"ENSRNOG00000068032",0
"ENSRNOG00000063540",13
"ENSRNOG00000067112",0
"ENSRNOG00000066122",0
"ENSRNOG00000070761",0
"ENSRNOG00000067412",1
"ENSRNOG00000064915",277
"ENSRNOG00000063568",6
"ENSRNOG00000067896",0
"ENSRNOG00000070221",0
"ENSRNOG00000070795",0
"ENSRNOG00000062964",0
"ENSRNOG00000065897",403
"ENSRNOG00000052827",19
"ENSRNOG00000064762",137
"ENSRNOG00000065163",391
"ENSRNOG00000063354",1
"ENSRNOG00000068686",28
"ENSRNOG00000069326",0
"ENSRNOG00000068224",21
"ENSRNOG00000054061",0
"ENSRNOG00000070815",0
"ENSRNOG00000064472",0
"ENSRNOG00000070490",195
"ENSRNOG00000062511",0
"ENSRNOG00000068942",0
"ENSRNOG00000063325",23
"ENSRNOG00000062704",0
"ENSRNOG00000066285",2
"ENSRNOG00000070057",5
"ENSRNOG00000066525",0
"ENSRNOG00000067868",0
"ENSRNOG00000062925",4
"ENSRNOG00000063654",0
"ENSRNOG00000069787",155
"ENSRNOG00000068062",0
"ENSRNOG00000070411",19
"ENSRNOG00000064076",9
"ENSRNOG00000067710",12
"ENSRNOG00000053452",3
"ENSRNOG00000070254",0
"ENSRNOG00000063086",0
"ENSRNOG00000065083",0
"ENSRNOG00000068479",0
"ENSRNOG00000070295",0
"ENSRNOG00000064363",0
"ENSRNOG00000064963",0
"ENSRNOG00000070955",0
"ENSRNOG00000063662",2
"ENSRNOG00000070379",0
"ENSRNOG00000069367",6
"ENSRNOG00000064955",384
"ENSRNOG00000062419",0
"ENSRNOG00000065584",1
"ENSRNOG00000062501",1
"ENSRNOG00000063222",0
"ENSRNOG00000064512",6
"ENSRNOG00000063566",0
"ENSRNOG00000067277",0
"ENSRNOG00000068851",0
"ENSRNOG00000069642",5
"ENSRNOG00000066196",2
"ENSRNOG00000068429",0
"ENSRNOG00000069049",3
"ENSRNOG00000066025",4
"ENSRNOG00000069437",32
"ENSRNOG00000070640",0
"ENSRNOG00000070962",0
"ENSRNOG00000067626",0
"ENSRNOG00000070503",168
"ENSRNOG00000067060",1
"ENSRNOG00000050251",0
"ENSRNOG00000037160",45
"ENSRNOG00000069505",0
"ENSRNOG00000064610",2
"ENSRNOG00000065609",0
"ENSRNOG00000058578",0
"ENSRNOG00000064265",0
"ENSRNOG00000067465",12
"ENSRNOG00000070243",3
"ENSRNOG00000064821",7
"ENSRNOG00000062653",174
"ENSRNOG00000063658",0
"ENSRNOG00000066318",14
"ENSRNOG00000065212",2
"ENSRNOG00000068360",7
"ENSRNOG00000069833",3
"ENSRNOG00000070304",2
"ENSRNOG00000069580",1
"ENSRNOG00000070087",6
"ENSRNOG00000065411",866
"ENSRNOG00000067542",331
"ENSRNOG00000067833",3
"ENSRNOG00000070310",0
"ENSRNOG00000067192",146
"ENSRNOG00000069506",2
"ENSRNOG00000069954",0
"ENSRNOG00000070276",0
"ENSRNOG00000070155",0
"ENSRNOG00000071014",2
"ENSRNOG00000064629",0
"ENSRNOG00000064961",6397
"ENSRNOG00000064726",0
"ENSRNOG00000070322",0
"ENSRNOG00000068358",4
"ENSRNOG00000066754",44
"ENSRNOG00000063293",4
"ENSRNOG00000008845",0
"ENSRNOG00000056754",0
"ENSRNOG00000052433",0
"ENSRNOG00000069926",0
"ENSRNOG00000063989",0
"ENSRNOG00000067270",0
"ENSRNOG00000065838",9
"ENSRNOG00000064539",280
"ENSRNOG00000067187",173
"ENSRNOG00000063496",1078
"ENSRNOG00000065916",1
"ENSRNOG00000066884",14
"ENSRNOG00000063689",5
"ENSRNOG00000065658",45
"ENSRNOG00000064296",0
"ENSRNOG00000063485",0
"ENSRNOG00000068542",5
"ENSRNOG00000063969",7
"ENSRNOG00000065889",2
"ENSRNOG00000067579",54
"ENSRNOG00000060921",0
"ENSRNOG00000062592",19
"ENSRNOG00000068361",0
"ENSRNOG00000060690",0
"ENSRNOG00000007189",10
"ENSRNOG00000010162",0
"ENSRNOG00000010169",380
"ENSRNOG00000043513",0
"ENSRNOG00000069046",0
"ENSRNOG00000062580",0
"ENSRNOG00000055704",0
"ENSRNOG00000059478",0
"ENSRNOG00000061098",0
"ENSRNOG00000063504",2
"ENSRNOG00000059967",0
"ENSRNOG00000061554",0
"ENSRNOG00000066362",2
"ENSRNOG00000070286",0
"ENSRNOG00000053078",0
"ENSRNOG00000030938",3
"ENSRNOG00000065607",2
"ENSRNOG00000061536",0
"ENSRNOG00000053163",11
"ENSRNOG00000061662",0
"ENSRNOG00000065760",21
"ENSRNOG00000061673",0
"ENSRNOG00000053219",0
"ENSRNOG00000058210",0
"ENSRNOG00000056999",0
"ENSRNOG00000058179",1
"ENSRNOG00000051842",0
"ENSRNOG00000054998",4
"ENSRNOG00000056882",0
"ENSRNOG00000053809",0
"ENSRNOG00000067577",0
"ENSRNOG00000060664",0
"ENSRNOG00000051511",0
"ENSRNOG00000057428",3
"ENSRNOG00000067580",4
"ENSRNOG00000067776",0
"ENSRNOG00000061368",0
"ENSRNOG00000013255",685
"ENSRNOG00000060425",0
"ENSRNOG00000055493",0
"ENSRNOG00000028841",0
"ENSRNOG00000070317",0
"ENSRNOG00000055928",0
"ENSRNOG00000066976",0
"ENSRNOG00000065002",0
"ENSRNOG00000067914",0
"ENSRNOG00000009983",1224
"ENSRNOG00000040424",0
"ENSRNOG00000063875",0
"ENSRNOG00000051524",1
"ENSRNOG00000049006",0
"ENSRNOG00000064797",0
"ENSRNOG00000041219",0
"ENSRNOG00000009138",0
"ENSRNOG00000070223",0
"ENSRNOG00000035508",0
"ENSRNOG00000064967",0
"ENSRNOG00000045994",0
"ENSRNOG00000060316",0
"ENSRNOG00000055618",0
"ENSRNOG00000035512",5
"ENSRNOG00000056677",0
"ENSRNOG00000010241",115
"ENSRNOG00000035640",0
"ENSRNOG00000054684",0
"ENSRNOG00000036266",0
"ENSRNOG00000064979",0
"ENSRNOG00000052476",0
"ENSRNOG00000035596",0
"ENSRNOG00000058642",0
"ENSRNOG00000044314",0
"ENSRNOG00000013085",0
"ENSRNOG00000054528",0
"ENSRNOG00000041320",0
"ENSRNOG00000059917",1
"ENSRNOG00000048754",0
"ENSRNOG00000069225",1
"ENSRNOG00000006926",0
"ENSRNOG00000055018",0
"ENSRNOG00000035595",0
"ENSRNOG00000052786",0
"ENSRNOG00000046923",0
"ENSRNOG00000068752",0
"ENSRNOG00000068070",0
"ENSRNOG00000035650",0
"ENSRNOG00000056403",0
"ENSRNOG00000059914",0
"ENSRNOG00000035623",0
"ENSRNOG00000067103",0
"ENSRNOG00000054422",0
"ENSRNOG00000041305",0
"ENSRNOG00000066353",0
"ENSRNOG00000035567",0
"ENSRNOG00000061149",0
"ENSRNOG00000046115",0
"ENSRNOG00000061771",0
"ENSRNOG00000051720",731
"ENSRNOG00000053189",0
"ENSRNOG00000035606",5
"ENSRNOG00000008025",16
"ENSRNOG00000057640",0
"ENSRNOG00000035599",1
"ENSRNOG00000067716",0
"ENSRNOG00000060236",0
"ENSRNOG00000007675",69
"ENSRNOG00000063328",0
"ENSRNOG00000068470",0
"ENSRNOG00000007229",1
"ENSRNOG00000052195",1
"ENSRNOG00000064286",0
"ENSRNOG00000054051",0
"ENSRNOG00000053278",0
"ENSRNOG00000060871",0
"ENSRNOG00000012879",42
"ENSRNOG00000051940",0
"ENSRNOG00000060522",0
"ENSRNOG00000067562",0
"ENSRNOG00000054365",0
"ENSRNOG00000025145",56
"ENSRNOG00000049425",0
"ENSRNOG00000064116",0
"ENSRNOG00000052446",0
"ENSRNOG00000063781",78
"ENSRNOG00000060467",0
"ENSRNOG00000061397",1
"ENSRNOG00000068199",0
"ENSRNOG00000070443",0
"ENSRNOG00000064250",0
"ENSRNOG00000012266",258
"ENSRNOG00000006328",576
"ENSRNOG00000070552",0
"ENSRNOG00000025051",0
"ENSRNOG00000061361",4
"ENSRNOG00000067578",0
"ENSRNOG00000070652",0
"ENSRNOG00000071090",0
"ENSRNOG00000008161",0
"ENSRNOG00000060295",0
"ENSRNOG00000057993",0
"ENSRNOG00000056153",69
"ENSRNOG00000063748",0
"ENSRNOG00000054324",0
"ENSRNOG00000010531",1
"ENSRNOG00000059280",0
"ENSRNOG00000063402",0
"ENSRNOG00000068750",0
"ENSRNOG00000055378",0
"ENSRNOG00000059686",1
"ENSRNOG00000016183",220
"ENSRNOG00000065603",274
"ENSRNOG00000055936",464
"ENSRNOG00000064382",2
"ENSRNOG00000059798",1
"ENSRNOG00000066864",15
"ENSRNOG00000070292",4
"ENSRNOG00000008382",318
"ENSRNOG00000068236",1
"ENSRNOG00000062709",51
"ENSRNOG00000065785",1
"ENSRNOG00000063873",0
"ENSRNOG00000069586",0
"ENSRNOG00000065329",0
"ENSRNOG00000057838",0
"ENSRNOG00000067608",0
"ENSRNOG00000070149",0
"ENSRNOG00000063551",26
"ENSRNOG00000068006",0
"ENSRNOG00000056039",1
"ENSRNOG00000010381",1074
"ENSRNOG00000068519",1
"ENSRNOG00000054425",0
"ENSRNOG00000007683",0
"ENSRNOG00000025040",0
"ENSRNOG00000060535",0
"ENSRNOG00000066962",0
"ENSRNOG00000066924",0
"ENSRNOG00000060848",0
"ENSRNOG00000065088",9
"ENSRNOG00000008516",3140
"ENSRNOG00000006110",23
"ENSRNOG00000053973",2
"ENSRNOG00000069758",28
"ENSRNOG00000011804",1062
"ENSRNOG00000061024",12
"ENSRNOG00000066522",0
"ENSRNOG00000062403",6
"ENSRNOG00000055005",4
"ENSRNOG00000006681",98
"ENSRNOG00000070528",0
"ENSRNOG00000066444",58
"ENSRNOG00000064139",0
"ENSRNOG00000033165",0
"ENSRNOG00000059832",3
"ENSRNOG00000063319",86
"ENSRNOG00000007719",639
"ENSRNOG00000066993",0
"ENSRNOG00000007770",0
"ENSRNOG00000047310",2
"ENSRNOG00000068991",260
"ENSRNOG00000068451",1
"ENSRNOG00000066278",0
"ENSRNOG00000065788",0
"ENSRNOG00000063510",15
"ENSRNOG00000028991",0
"ENSRNOG00000063594",60
"ENSRNOG00000007759",20
"ENSRNOG00000068735",0
"ENSRNOG00000068879",0
"ENSRNOG00000018143",24
"ENSRNOG00000063580",0
"ENSRNOG00000066487",0
"ENSRNOG00000056532",181
"ENSRNOG00000028185",210
"ENSRNOG00000066671",4
"ENSRNOG00000068591",0
"ENSRNOG00000008600",0
"ENSRNOG00000069281",8
"ENSRNOG00000063479",0
"ENSRNOG00000066255",0
"ENSRNOG00000066634",0
"ENSRNOG00000067801",0
"ENSRNOG00000064000",0
"ENSRNOG00000007354",0
"ENSRNOG00000069384",2112
"ENSRNOG00000062975",0
"ENSRNOG00000009505",0
"ENSRNOG00000068880",0
"ENSRNOG00000067935",0
"ENSRNOG00000008688",223
"ENSRNOG00000068456",0
"ENSRNOG00000066045",0
"ENSRNOG00000065403",0
"ENSRNOG00000066878",0
"ENSRNOG00000069665",24
"ENSRNOG00000010910",250
"ENSRNOG00000069166",0
"ENSRNOG00000070508",0
"ENSRNOG00000062393",0
"ENSRNOG00000065940",0
"ENSRNOG00000063543",0
"ENSRNOG00000055591",0
"ENSRNOG00000008782",895
"ENSRNOG00000064374",0
"ENSRNOG00000069409",0
"ENSRNOG00000065324",0
"ENSRNOG00000008936",110
"ENSRNOG00000069541",7
"ENSRNOG00000032078",0
"ENSRNOG00000063242",0
"ENSRNOG00000063258",0
"ENSRNOG00000066220",50
"ENSRNOG00000046607",1
"ENSRNOG00000007258",21
"ENSRNOG00000066184",110
"ENSRNOG00000047686",0
"ENSRNOG00000063439",89
"ENSRNOG00000000121",397
"ENSRNOG00000034246",6955
"ENSRNOG00000032889",0
"ENSRNOG00000007441",1
"ENSRNOG00000054734",1
"ENSRNOG00000067062",0
"ENSRNOG00000029310",6
"ENSRNOG00000071125",0
"ENSRNOG00000067032",0
"ENSRNOG00000066117",5879
"ENSRNOG00000063856",8
"ENSRNOG00000017773",6
"ENSRNOG00000066395",0
"ENSRNOG00000008564",443
"ENSRNOG00000031506",4730
"ENSRNOG00000065404",9
"ENSRNOG00000007680",0
"ENSRNOG00000037680",0
"ENSRNOG00000070659",1
"ENSRNOG00000070457",4069
"ENSRNOG00000069843",2
"ENSRNOG00000049874",0
"ENSRNOG00000068341",2
"ENSRNOG00000008626",1435
"ENSRNOG00000063257",0
"ENSRNOG00000049922",0
"ENSRNOG00000071094",1
"ENSRNOG00000067091",0
"ENSRNOG00000063071",0
"ENSRNOG00000060478",633
"ENSRNOG00000071192",0
"ENSRNOG00000046922",1163
"ENSRNOG00000008842",0
"ENSRNOG00000068391",757
"ENSRNOG00000071031",0
"ENSRNOG00000007831",513
"ENSRNOG00000062662",1
"ENSRNOG00000042458",218
"ENSRNOG00000071088",13
"ENSRNOG00000012038",0
"ENSRNOG00000063943",0
"ENSRNOG00000064932",0
"ENSRNOG00000043113",1
"ENSRNOG00000064700",0
"ENSRNOG00000064894",2
"ENSRNOG00000070717",0
"ENSRNOG00000012219",421
"ENSRNOG00000045949",17
"ENSRNOG00000062536",1
"ENSRNOG00000065776",30
"ENSRNOG00000017244",0
"ENSRNOG00000005641",226
"ENSRNOG00000071131",4930
"ENSRNOG00000065587",220
"ENSRNOG00000071148",9244
"ENSRNOG00000069669",0
"ENSRNOG00000068731",0
"ENSRNOG00000010835",0
"ENSRNOG00000051047",17
"ENSRNOG00000070278",1
"ENSRNOG00000021792",0
"ENSRNOG00000063719",0
"ENSRNOG00000033916",2329
"ENSRNOG00000007506",292
"ENSRNOG00000064157",0
"ENSRNOG00000012586",0
"ENSRNOG00000027694",8762
"ENSRNOG00000065568",7
"ENSRNOG00000042411",145
"ENSRNOG00000069740",11
"ENSRNOG00000006487",268
"ENSRNOG00000036856",2
"ENSRNOG00000042163",462
"ENSRNOG00000064108",2
"ENSRNOG00000007238",3490
"ENSRNOG00000019979",160
"ENSRNOG00000063187",528
"ENSRNOG00000062174",19
"ENSRNOG00000065116",1
"ENSRNOG00000007291",77
"ENSRNOG00000018463",1
"ENSRNOG00000063833",0
"ENSRNOG00000068683",0
"ENSRNOG00000063501",0
"ENSRNOG00000007030",23
"ENSRNOG00000070287",0
"ENSRNOG00000018484",78
"ENSRNOG00000065369",1
"ENSRNOG00000063569",0
"ENSRNOG00000070716",0
"ENSRNOG00000068829",0
"ENSRNOG00000067678",1
"ENSRNOG00000012020",60
"ENSRNOG00000069266",9
"ENSRNOG00000007540",0
"ENSRNOG00000062968",980
"ENSRNOG00000007331",291
"ENSRNOG00000062715",2
"ENSRNOG00000065287",0
"ENSRNOG00000046192",14
"ENSRNOG00000048439",482
"ENSRNOG00000069724",1
"ENSRNOG00000009451",301
"ENSRNOG00000064153",3
"ENSRNOG00000064042",3
"ENSRNOG00000007434",3513
"ENSRNOG00000066906",16
"ENSRNOG00000063477",48
"ENSRNOG00000007590",966
"ENSRNOG00000063488",0
"ENSRNOG00000066697",4
"ENSRNOG00000064176",171
"ENSRNOG00000068084",16
"ENSRNOG00000012550",2477
"ENSRNOG00000069958",0
"ENSRNOG00000058154",0
"ENSRNOG00000070888",0
"ENSRNOG00000064753",0
"ENSRNOG00000070541",0
"ENSRNOG00000070598",0
"ENSRNOG00000067358",53
"ENSRNOG00000032585",1761
"ENSRNOG00000011254",916
"ENSRNOG00000008841",68
"ENSRNOG00000065972",12
"ENSRNOG00000005724",1165
"ENSRNOG00000064544",0
"ENSRNOG00000064551",1
"ENSRNOG00000007975",1191
"ENSRNOG00000067611",0
"ENSRNOG00000062955",0
"ENSRNOG00000067704",0
"ENSRNOG00000052948",32
"ENSRNOG00000067333",0
"ENSRNOG00000013642",2320
"ENSRNOG00000064319",0
"ENSRNOG00000070584",1
"ENSRNOG00000011445",532
"ENSRNOG00000067238",0
"ENSRNOG00000068530",7
"ENSRNOG00000065945",5
"ENSRNOG00000059973",0
"ENSRNOG00000066780",0
"ENSRNOG00000065288",475
"ENSRNOG00000069893",324
"ENSRNOG00000066276",1
"ENSRNOG00000040289",0
"ENSRNOG00000007755",4
"ENSRNOG00000013148",19
"ENSRNOG00000062404",533
"ENSRNOG00000068376",1
"ENSRNOG00000007797",185
"ENSRNOG00000069984",1
"ENSRNOG00000068659",0
"ENSRNOG00000064858",0
"ENSRNOG00000023101",159
"ENSRNOG00000071116",0
"ENSRNOG00000068170",0
"ENSRNOG00000070502",2
"ENSRNOG00000071155",0
"ENSRNOG00000067292",0
"ENSRNOG00000008634",480
"ENSRNOG00000065105",0
"ENSRNOG00000070783",59
"ENSRNOG00000067855",18
"ENSRNOG00000063712",3
"ENSRNOG00000067636",0
"ENSRNOG00000047513",918
"ENSRNOG00000064562",104
"ENSRNOG00000062079",22
"ENSRNOG00000071173",0
"ENSRNOG00000060450",0
"ENSRNOG00000008966",9
"ENSRNOG00000064724",2
"ENSRNOG00000068740",0
"ENSRNOG00000067820",0
"ENSRNOG00000065982",0
"ENSRNOG00000059476",0
"ENSRNOG00000067531",0
"ENSRNOG00000027183",453
"ENSRNOG00000064331",18
"ENSRNOG00000006996",107
"ENSRNOG00000066491",11
"ENSRNOG00000043105",875
"ENSRNOG00000063463",0
"ENSRNOG00000007829",586
"ENSRNOG00000065799",162
"ENSRNOG00000068430",0
"ENSRNOG00000057956",0
"ENSRNOG00000057229",0
"ENSRNOG00000051643",0
"ENSRNOG00000007110",31
"ENSRNOG00000007892",3987
"ENSRNOG00000010037",1090
"ENSRNOG00000007793",438
"ENSRNOG00000009478",238
"ENSRNOG00000023601",0
"ENSRNOG00000009037",10485
"ENSRNOG00000067966",100
"ENSRNOG00000007867",308
"ENSRNOG00000006608",411
"ENSRNOG00000031730",205
"ENSRNOG00000006478",1
"ENSRNOG00000007240",161
"ENSRNOG00000009269",0
"ENSRNOG00000007640",0
"ENSRNOG00000040219",0
"ENSRNOG00000066186",334
"ENSRNOG00000069967",807
"ENSRNOG00000008567",1
"ENSRNOG00000069142",1
"ENSRNOG00000033979",3055
"ENSRNOG00000005634",0
"ENSRNOG00000069549",508
"ENSRNOG00000071120",0
"ENSRNOG00000069171",0
"ENSRNOG00000009178",0
"ENSRNOG00000063836",0
"ENSRNOG00000023035",150
"ENSRNOG00000064371",1
"ENSRNOG00000049469",0
"ENSRNOG00000069296",2
"ENSRNOG00000067156",0
"ENSRNOG00000063545",0
"ENSRNOG00000006170",11
"ENSRNOG00000031494",2
"ENSRNOG00000048698",2362
"ENSRNOG00000070664",39
"ENSRNOG00000039336",122
"ENSRNOG00000070326",15
"ENSRNOG00000031031",610
"ENSRNOG00000070923",18
"ENSRNOG00000068697",0
"ENSRNOG00000014831",1
"ENSRNOG00000019186",227
"ENSRNOG00000009061",0
"ENSRNOG00000013579",5815
"ENSRNOG00000051615",2579
"ENSRNOG00000023497",0
"ENSRNOG00000063372",0
"ENSRNOG00000007490",1
"ENSRNOG00000067730",0
"ENSRNOG00000018160",5
"ENSRNOG00000005666",0
"ENSRNOG00000065946",76
"ENSRNOG00000054142",0
"ENSRNOG00000029600",1
"ENSRNOG00000008232",0
"ENSRNOG00000034161",12
"ENSRNOG00000018211",351
"ENSRNOG00000063835",1
"ENSRNOG00000042246",0
"ENSRNOG00000016621",2
"ENSRNOG00000017640",732
"ENSRNOG00000009453",33
"ENSRNOG00000062493",1
"ENSRNOG00000014899",5
"ENSRNOG00000022990",0
"ENSRNOG00000016727",6533
"ENSRNOG00000047928",492
"ENSRNOG00000030383",32
"ENSRNOG00000031344",0
"ENSRNOG00000030914",6
"ENSRNOG00000005849",2211
"ENSRNOG00000022595",0
"ENSRNOG00000033024",12712
"ENSRNOG00000063583",0
"ENSRNOG00000017194",2690
"ENSRNOG00000006268",0
"ENSRNOG00000063201",0
"ENSRNOG00000014665",1324
"ENSRNOG00000068703",0
"ENSRNOG00000006384",594
"ENSRNOG00000069770",0
"ENSRNOG00000019484",1527
"ENSRNOG00000064351",0
"ENSRNOG00000050804",0
"ENSRNOG00000016491",1
"ENSRNOG00000063625",0
"ENSRNOG00000063142",24
"ENSRNOG00000066857",0
"ENSRNOG00000033600",0
"ENSRNOG00000065583",0
"ENSRNOG00000019586",4
"ENSRNOG00000008223",0
"ENSRNOG00000066328",19
"ENSRNOG00000050106",182
"ENSRNOG00000024197",205
"ENSRNOG00000017233",280
"ENSRNOG00000064831",109
"ENSRNOG00000070321",0
"ENSRNOG00000019609",657
"ENSRNOG00000065328",0
"ENSRNOG00000026293",1012
"ENSRNOG00000055933",1
"ENSRNOG00000006485",527
"ENSRNOG00000032516",197
"ENSRNOG00000059550",374
"ENSRNOG00000056007",0
"ENSRNOG00000069822",538
"ENSRNOG00000030107",7915
"ENSRNOG00000022953",53
"ENSRNOG00000063150",86
"ENSRNOG00000024539",1909
"ENSRNOG00000064901",156
"ENSRNOG00000026234",0
"ENSRNOG00000022838",111
"ENSRNOG00000059461",1019
"ENSRNOG00000019655",486
"ENSRNOG00000008252",4
"ENSRNOG00000016776",38
"ENSRNOG00000017282",93
"ENSRNOG00000008277",924
"ENSRNOG00000009805",1779
"ENSRNOG00000008672",424
"ENSRNOG00000018229",3
"ENSRNOG00000067271",0
"ENSRNOG00000026676",0
"ENSRNOG00000017561",155
"ENSRNOG00000031013",0
"ENSRNOG00000010727",3192
"ENSRNOG00000022030",14
"ENSRNOG00000045913",952
"ENSRNOG00000016937",2126
"ENSRNOG00000017887",98
"ENSRNOG00000017078",11015
"ENSRNOG00000025034",418
"ENSRNOG00000067890",38
"ENSRNOG00000052368",0
"ENSRNOG00000057957",7
"ENSRNOG00000046803",2
"ENSRNOG00000019381",1257
"ENSRNOG00000009015",1542
"ENSRNOG00000069459",1
"ENSRNOG00000015403",0
"ENSRNOG00000064482",0
"ENSRNOG00000019407",204
"ENSRNOG00000009595",128
"ENSRNOG00000016312",1
"ENSRNOG00000029079",109
"ENSRNOG00000023320",2
"ENSRNOG00000017523",439
"ENSRNOG00000062581",0
"ENSRNOG00000033984",102
"ENSRNOG00000019842",54
"ENSRNOG00000007982",1153
"ENSRNOG00000063399",0
"ENSRNOG00000023452",1
"ENSRNOG00000030641",3
"ENSRNOG00000056156",667
"ENSRNOG00000019735",75
"ENSRNOG00000052087",2437
"ENSRNOG00000069856",3285
"ENSRNOG00000018602",23
"ENSRNOG00000037027",0
"ENSRNOG00000019100",248
"ENSRNOG00000016810",1029
"ENSRNOG00000068711",8
"ENSRNOG00000007029",1567
"ENSRNOG00000009422",143
"ENSRNOG00000014961",245
"ENSRNOG00000007775",2209
"ENSRNOG00000024796",450
"ENSRNOG00000032994",9
"ENSRNOG00000037030",0
"ENSRNOG00000018749",2
"ENSRNOG00000024012",108
"ENSRNOG00000007671",482
"ENSRNOG00000033000",0
"ENSRNOG00000019236",487
"ENSRNOG00000014270",1535
"ENSRNOG00000015736",105
"ENSRNOG00000039559",174
"ENSRNOG00000056358",4
"ENSRNOG00000019843",251
"ENSRNOG00000066331",1
"ENSRNOG00000055061",13
"ENSRNOG00000026124",1413
"ENSRNOG00000023208",451
"ENSRNOG00000025030",231
"ENSRNOG00000060597",319
"ENSRNOG00000062943",158
"ENSRNOG00000012004",631
"ENSRNOG00000026260",6614
"ENSRNOG00000014642",34
"ENSRNOG00000027278",279
"ENSRNOG00000019956",1848
"ENSRNOG00000014970",11
"ENSRNOG00000016543",278
"ENSRNOG00000063317",0
"ENSRNOG00000012735",27
"ENSRNOG00000017087",409
"ENSRNOG00000034290",0
"ENSRNOG00000005655",99
"ENSRNOG00000007232",0
"ENSRNOG00000070725",2027
"ENSRNOG00000015476",29
"ENSRNOG00000000129",16
"ENSRNOG00000025000",614
"ENSRNOG00000007603",0
"ENSRNOG00000015967",1377
"ENSRNOG00000005703",1068
"ENSRNOG00000037191",0
"ENSRNOG00000013734",0
"ENSRNOG00000043300",0
"ENSRNOG00000008288",834
"ENSRNOG00000009260",0
"ENSRNOG00000023455",860
"ENSRNOG00000023627",0
"ENSRNOG00000009325",1972
"ENSRNOG00000008314",424
"ENSRNOG00000017130",0
"ENSRNOG00000013820",0
"ENSRNOG00000029427",8
"ENSRNOG00000066284",0
"ENSRNOG00000022402",1209
"ENSRNOG00000008643",168
"ENSRNOG00000006924",0
"ENSRNOG00000016536",106
"ENSRNOG00000021718",529
"ENSRNOG00000050636",233
"ENSRNOG00000007037",3
"ENSRNOG00000007992",1639
"ENSRNOG00000010270",0
"ENSRNOG00000027731",0
"ENSRNOG00000008908",417
"ENSRNOG00000016647",0
"ENSRNOG00000045760",728
"ENSRNOG00000016798",0
"ENSRNOG00000022372",1354
"ENSRNOG00000000145",849
"ENSRNOG00000010409",804
"ENSRNOG00000070268",409
"ENSRNOG00000013825",42
"ENSRNOG00000013320",2
"ENSRNOG00000009248",0
"ENSRNOG00000006499",681
"ENSRNOG00000009686",0
"ENSRNOG00000012807",0
"ENSRNOG00000009797",2
"ENSRNOG00000014226",2
"ENSRNOG00000016826",0
"ENSRNOG00000011910",369
"ENSRNOG00000013416",0
"ENSRNOG00000042596",4
"ENSRNOG00000016838",4
"ENSRNOG00000000151",150
"ENSRNOG00000005391",94
"ENSRNOG00000022257",0
"ENSRNOG00000006582",132
"ENSRNOG00000016945",0
"ENSRNOG00000049714",163
"ENSRNOG00000047741",57
"ENSRNOG00000064027",112
"ENSRNOG00000058476",1412
"ENSRNOG00000009535",892
"ENSRNOG00000013536",9298
"ENSRNOG00000052668",3
"ENSRNOG00000022288",106
"ENSRNOG00000014604",1651
"ENSRNOG00000015079",4190
"ENSRNOG00000006804",0
"ENSRNOG00000011258",115
"ENSRNOG00000017309",1851
"ENSRNOG00000047307",0
"ENSRNOG00000017528",7
"ENSRNOG00000005375",0
"ENSRNOG00000042032",0
"ENSRNOG00000016782",0
"ENSRNOG00000015385",738
"ENSRNOG00000037165",95
"ENSRNOG00000000130",520
"ENSRNOG00000022012",0
"ENSRNOG00000012455",900
"ENSRNOG00000022601",1
"ENSRNOG00000007294",0
"ENSRNOG00000013954",29
"ENSRNOG00000031448",13
"ENSRNOG00000014208",278
"ENSRNOG00000053729",569
"ENSRNOG00000012944",266
"ENSRNOG00000007097",33
"ENSRNOG00000015677",8
"ENSRNOG00000006980",515
"ENSRNOG00000007083",240
"ENSRNOG00000033153",11
"ENSRNOG00000013628",17
"ENSRNOG00000014445",3985
"ENSRNOG00000014986",3150
"ENSRNOG00000058156",268
"ENSRNOG00000021669",93
"ENSRNOG00000007763",3808
"ENSRNOG00000014909",0
"ENSRNOG00000054217",0
"ENSRNOG00000017024",18
"ENSRNOG00000037091",1
"ENSRNOG00000012531",5
"ENSRNOG00000021702",151
"ENSRNOG00000021619",0
"ENSRNOG00000013498",212
"ENSRNOG00000016010",224
"ENSRNOG00000049052",194
"ENSRNOG00000066137",11
"ENSRNOG00000067661",162
"ENSRNOG00000013566",0
"ENSRNOG00000007568",1075
"ENSRNOG00000015264",0
"ENSRNOG00000011794",323
"ENSRNOG00000018118",308
"ENSRNOG00000013036",7
"ENSRNOG00000037039",0
"ENSRNOG00000017899",6
"ENSRNOG00000018338",54
"ENSRNOG00000070170",1175
"ENSRNOG00000011078",3061
"ENSRNOG00000012804",0
"ENSRNOG00000067651",0
"ENSRNOG00000017979",217
"ENSRNOG00000012593",0
"ENSRNOG00000029152",838
"ENSRNOG00000024139",323
"ENSRNOG00000010902",1935
"ENSRNOG00000037595",139
"ENSRNOG00000006950",1
"ENSRNOG00000017075",205
"ENSRNOG00000018097",1069
"ENSRNOG00000023216",195
"ENSRNOG00000022054",153
"ENSRNOG00000014044",174
"ENSRNOG00000018109",8487
"ENSRNOG00000017279",1480
"ENSRNOG00000055340",3436
"ENSRNOG00000016454",424
"ENSRNOG00000016249",359
"ENSRNOG00000018183",5558
"ENSRNOG00000016638",3338
"ENSRNOG00000054155",0
"ENSRNOG00000015480",47
"ENSRNOG00000018194",2711
"ENSRNOG00000010953",419
"ENSRNOG00000033792",62
"ENSRNOG00000008489",138
"ENSRNOG00000033722",48
"ENSRNOG00000068760",0
"ENSRNOG00000062859",6
"ENSRNOG00000007330",2659
"ENSRNOG00000056374",187
"ENSRNOG00000046174",0
"ENSRNOG00000069581",305
"ENSRNOG00000059428",6
"ENSRNOG00000008625",3
"ENSRNOG00000019864",3
"ENSRNOG00000018576",54
"ENSRNOG00000012274",560
"ENSRNOG00000017829",1048
"ENSRNOG00000065157",0
"ENSRNOG00000018375",204
"ENSRNOG00000036951",0
"ENSRNOG00000017212",350
"ENSRNOG00000033231",0
"ENSRNOG00000009615",1243
"ENSRNOG00000014241",777
"ENSRNOG00000023786",1415
"ENSRNOG00000008075",207
"ENSRNOG00000057616",6
"ENSRNOG00000009589",17
"ENSRNOG00000022225",1
"ENSRNOG00000016443",2196
"ENSRNOG00000037079",0
"ENSRNOG00000036876",102
"ENSRNOG00000042224",0
"ENSRNOG00000037977",0
"ENSRNOG00000019758",521
"ENSRNOG00000007779",28
"ENSRNOG00000046424",906
"ENSRNOG00000010719",1081
"ENSRNOG00000016313",322
"ENSRNOG00000008907",40
"ENSRNOG00000012724",510
"ENSRNOG00000008553",601
"ENSRNOG00000016936",2978
"ENSRNOG00000014368",2280
"ENSRNOG00000023895",0
"ENSRNOG00000022039",93
"ENSRNOG00000017706",70
"ENSRNOG00000010109",1062
"ENSRNOG00000026226",0
"ENSRNOG00000008619",394
"ENSRNOG00000007284",668
"ENSRNOG00000045738",65
"ENSRNOG00000017895",186
"ENSRNOG00000067146",0
"ENSRNOG00000006137",2359
"ENSRNOG00000007398",113
"ENSRNOG00000054188",0
"ENSRNOG00000016047",5915
"ENSRNOG00000000156",136
"ENSRNOG00000067831",2
"ENSRNOG00000049761",0
"ENSRNOG00000000335",0
"ENSRNOG00000009058",3
"ENSRNOG00000009116",126
"ENSRNOG00000007404",337
"ENSRNOG00000013745",0
"ENSRNOG00000008141",0
"ENSRNOG00000006658",4
"ENSRNOG00000008176",0
"ENSRNOG00000027455",171
"ENSRNOG00000009183",1611
"ENSRNOG00000009782",77
"ENSRNOG00000063940",1
"ENSRNOG00000016949",282
"ENSRNOG00000017780",1122
"ENSRNOG00000047967",45
"ENSRNOG00000043039",0
"ENSRNOG00000013474",48
"ENSRNOG00000009222",135
"ENSRNOG00000048139",0
"ENSRNOG00000050670",0
"ENSRNOG00000013166",2
"ENSRNOG00000069853",0
"ENSRNOG00000016392",150
"ENSRNOG00000007067",0
"ENSRNOG00000023346",94
"ENSRNOG00000065422",0
"ENSRNOG00000029449",1498
"ENSRNOG00000007574",2
"ENSRNOG00000009708",12
"ENSRNOG00000070363",19
"ENSRNOG00000057626",3906
"ENSRNOG00000006855",0
"ENSRNOG00000063088",50
"ENSRNOG00000008767",294
"ENSRNOG00000070082",0
"ENSRNOG00000062461",144
"ENSRNOG00000023008",2
"ENSRNOG00000016553",0
"ENSRNOG00000049402",1216
"ENSRNOG00000008802",734
"ENSRNOG00000063649",82
"ENSRNOG00000052887",10
"ENSRNOG00000010436",226
"ENSRNOG00000070045",21
"ENSRNOG00000017037",61
"ENSRNOG00000009712",97
"ENSRNOG00000050849",819
"ENSRNOG00000016398",3776
"ENSRNOG00000010067",400
"ENSRNOG00000026840",128
"ENSRNOG00000006357",742
"ENSRNOG00000009575",292
"ENSRNOG00000068633",0
"ENSRNOG00000016575",19
"ENSRNOG00000021437",21853
"ENSRNOG00000020199",139
"ENSRNOG00000016846",118
"ENSRNOG00000065066",0
"ENSRNOG00000015850",0
"ENSRNOG00000020205",1333
"ENSRNOG00000022406",0
"ENSRNOG00000010580",326
"ENSRNOG00000023664",67
"ENSRNOG00000064661",0
"ENSRNOG00000069527",0
"ENSRNOG00000005801",690
"ENSRNOG00000042808",0
"ENSRNOG00000017213",501
"ENSRNOG00000049025",116
"ENSRNOG00000012315",4
"ENSRNOG00000049788",0
"ENSRNOG00000069037",0
"ENSRNOG00000010873",849
"ENSRNOG00000068215",0
"ENSRNOG00000045614",0
"ENSRNOG00000012503",416
"ENSRNOG00000068816",321
"ENSRNOG00000014305",430
"ENSRNOG00000017564",256
"ENSRNOG00000006972",177
"ENSRNOG00000013783",518
"ENSRNOG00000022967",282
"ENSRNOG00000015962",285
"ENSRNOG00000012749",0
"ENSRNOG00000009046",190
"ENSRNOG00000033522",1185
"ENSRNOG00000017477",25
"ENSRNOG00000008953",0
"ENSRNOG00000016200",565
"ENSRNOG00000033503",1
"ENSRNOG00000021355",2
"ENSRNOG00000010332",701
"ENSRNOG00000065253",842
"ENSRNOG00000009889",968
"ENSRNOG00000021814",12
"ENSRNOG00000010718",205
"ENSRNOG00000013602",1074
"ENSRNOG00000028082",0
"ENSRNOG00000024707",2
"ENSRNOG00000007575",1
"ENSRNOG00000016725",1188
"ENSRNOG00000068401",0
"ENSRNOG00000017693",0
"ENSRNOG00000014805",139
"ENSRNOG00000033271",122
"ENSRNOG00000006327",1996
"ENSRNOG00000062605",43
"ENSRNOG00000069151",0
"ENSRNOG00000051912",0
"ENSRNOG00000017401",102
"ENSRNOG00000010532",679
"ENSRNOG00000005905",57
"ENSRNOG00000051164",1
"ENSRNOG00000011970",6
"ENSRNOG00000046227",1309
"ENSRNOG00000053942",0
"ENSRNOG00000053013",0
"ENSRNOG00000010593",77
"ENSRNOG00000037035",0
"ENSRNOG00000006543",0
"ENSRNOG00000008345",408
"ENSRNOG00000049959",0
"ENSRNOG00000026594",1
"ENSRNOG00000018126",602
"ENSRNOG00000066917",0
"ENSRNOG00000036942",19
"ENSRNOG00000007967",1472
"ENSRNOG00000018691",1713
"ENSRNOG00000026299",538
"ENSRNOG00000069865",281
"ENSRNOG00000014197",8
"ENSRNOG00000056688",0
"ENSRNOG00000037795",23
"ENSRNOG00000023152",359
"ENSRNOG00000058186",361
"ENSRNOG00000005721",0
"ENSRNOG00000007214",100
"ENSRNOG00000010893",0
"ENSRNOG00000008052",289
"ENSRNOG00000070860",0
"ENSRNOG00000026271",659
"ENSRNOG00000019244",5427
"ENSRNOG00000023100",0
"ENSRNOG00000050137",0
"ENSRNOG00000052071",0
"ENSRNOG00000067134",0
"ENSRNOG00000070793",0
"ENSRNOG00000019423",133
"ENSRNOG00000008257",13
"ENSRNOG00000026782",0
"ENSRNOG00000064729",0
"ENSRNOG00000032048",270
"ENSRNOG00000013603",171
"ENSRNOG00000006999",129
"ENSRNOG00000012163",565
"ENSRNOG00000067901",9
"ENSRNOG00000018289",689
"ENSRNOG00000006644",707
"ENSRNOG00000022325",397
"ENSRNOG00000018413",1269
"ENSRNOG00000008427",878
"ENSRNOG00000065119",0
"ENSRNOG00000030055",2520
"ENSRNOG00000007175",1361
"ENSRNOG00000026613",0
"ENSRNOG00000019981",1558
"ENSRNOG00000070661",0
"ENSRNOG00000024526",0
"ENSRNOG00000042820",0
"ENSRNOG00000003334",246
"ENSRNOG00000020106",6
"ENSRNOG00000033556",2687
"ENSRNOG00000011504",1473
"ENSRNOG00000007968",559
"ENSRNOG00000005802",2060
"ENSRNOG00000008911",1
"ENSRNOG00000060381",1484
"ENSRNOG00000022307",425
"ENSRNOG00000016618",0
"ENSRNOG00000067307",0
"ENSRNOG00000031641",346
"ENSRNOG00000006280",0
"ENSRNOG00000009134",404
"ENSRNOG00000062447",0
"ENSRNOG00000022890",0
"ENSRNOG00000023946",365
"ENSRNOG00000018393",0
"ENSRNOG00000011774",4435
"ENSRNOG00000019749",629
"ENSRNOG00000023812",194
"ENSRNOG00000007080",0
"ENSRNOG00000009217",561
"ENSRNOG00000065869",0
"ENSRNOG00000043331",0
"ENSRNOG00000027142",0
"ENSRNOG00000009298",75
"ENSRNOG00000069301",0
"ENSRNOG00000018647",534
"ENSRNOG00000014322",288
"ENSRNOG00000006087",669
"ENSRNOG00000058645",256
"ENSRNOG00000009409",1
"ENSRNOG00000011157",7393
"ENSRNOG00000019589",2
"ENSRNOG00000022455",280
"ENSRNOG00000047341",0
"ENSRNOG00000065525",0
"ENSRNOG00000069832",0
"ENSRNOG00000066746",3810
"ENSRNOG00000059160",38
"ENSRNOG00000071075",0
"ENSRNOG00000065765",48
"ENSRNOG00000070308",0
"ENSRNOG00000043103",0
"ENSRNOG00000033740",246
"ENSRNOG00000068796",0
"ENSRNOG00000068147",0
"ENSRNOG00000010522",24
"ENSRNOG00000007799",3
"ENSRNOG00000008930",52
"ENSRNOG00000059876",123
"ENSRNOG00000062659",71
"ENSRNOG00000008334",22
"ENSRNOG00000033177",229
"ENSRNOG00000063954",2
"ENSRNOG00000007837",0
"ENSRNOG00000022694",430
"ENSRNOG00000028129",395
"ENSRNOG00000006503",0
"ENSRNOG00000065736",0
"ENSRNOG00000005932",859
"ENSRNOG00000007706",118
"ENSRNOG00000033567",11
"ENSRNOG00000010620",849
"ENSRNOG00000028063",259
"ENSRNOG00000061876",659
"ENSRNOG00000019712",449
"ENSRNOG00000007697",0
"ENSRNOG00000005882",172
"ENSRNOG00000011425",120
"ENSRNOG00000007410",0
"ENSRNOG00000016385",0
"ENSRNOG00000028064",2
"ENSRNOG00000007639",0
"ENSRNOG00000017485",0
"ENSRNOG00000022354",224
"ENSRNOG00000063741",8
"ENSRNOG00000050089",0
"ENSRNOG00000056550",2
"ENSRNOG00000027328",0
"ENSRNOG00000010490",0
"ENSRNOG00000066546",0
"ENSRNOG00000030447",204
"ENSRNOG00000018867",5
"ENSRNOG00000034242",7880
"ENSRNOG00000013850",0
"ENSRNOG00000027000",0
"ENSRNOG00000057945",78
"ENSRNOG00000007327",157
"ENSRNOG00000016137",3568
"ENSRNOG00000025261",88
"ENSRNOG00000061237",0
"ENSRNOG00000017940",3246
"ENSRNOG00000010636",105
"ENSRNOG00000065823",1
"ENSRNOG00000014263",1
"ENSRNOG00000009930",269
"ENSRNOG00000010859",694
"ENSRNOG00000018739",0
"ENSRNOG00000013656",48
"ENSRNOG00000009398",286
"ENSRNOG00000012081",3889
"ENSRNOG00000065031",0
"ENSRNOG00000021704",15
"ENSRNOG00000020132",0
"ENSRNOG00000009778",3189
"ENSRNOG00000016334",1676
"ENSRNOG00000015668",6
"ENSRNOG00000007890",392
"ENSRNOG00000036869",31
"ENSRNOG00000009897",12
"ENSRNOG00000020244",16
"ENSRNOG00000022751",0
"ENSRNOG00000042467",253
"ENSRNOG00000005788",398
"ENSRNOG00000015340",259
"ENSRNOG00000070391",14
"ENSRNOG00000020295",82
"ENSRNOG00000060520",8
"ENSRNOG00000025453",0
"ENSRNOG00000058870",2
"ENSRNOG00000020302",88
"ENSRNOG00000021392",463
"ENSRNOG00000016299",1000
"ENSRNOG00000008116",374
"ENSRNOG00000026447",0
"ENSRNOG00000020342",407
"ENSRNOG00000008001",613
"ENSRNOG00000023213",0
"ENSRNOG00000055089",1342
"ENSRNOG00000014777",504
"ENSRNOG00000005711",5735
"ENSRNOG00000008298",3076
"ENSRNOG00000008237",181
"ENSRNOG00000011268",2
"ENSRNOG00000064866",2
"ENSRNOG00000016692",528
"ENSRNOG00000016641",9
"ENSRNOG00000029073",0
"ENSRNOG00000013631",132
"ENSRNOG00000009751",3778
"ENSRNOG00000015105",1
"ENSRNOG00000064638",122
"ENSRNOG00000000138",84
"ENSRNOG00000033110",3485
"ENSRNOG00000015206",616
"ENSRNOG00000052062",1659
"ENSRNOG00000011550",45
"ENSRNOG00000017132",179
"ENSRNOG00000055994",259
"ENSRNOG00000010512",1287
"ENSRNOG00000024506",17
"ENSRNOG00000017324",2
"ENSRNOG00000008956",423
"ENSRNOG00000050790",796
"ENSRNOG00000070688",443
"ENSRNOG00000015652",1
"ENSRNOG00000012443",1221
"ENSRNOG00000010518",1
"ENSRNOG00000066545",0
"ENSRNOG00000045733",0
"ENSRNOG00000015664",178
"ENSRNOG00000023112",9
"ENSRNOG00000009323",451
"ENSRNOG00000011644",27
"ENSRNOG00000011967",372
"ENSRNOG00000045843",992
"ENSRNOG00000025076",3558
"ENSRNOG00000071172",1
"ENSRNOG00000065204",6
"ENSRNOG00000022709",110
"ENSRNOG00000005850",0
"ENSRNOG00000017686",1666
"ENSRNOG00000033445",35
"ENSRNOG00000014365",621
"ENSRNOG00000053611",0
"ENSRNOG00000007920",1048
"ENSRNOG00000055086",0
"ENSRNOG00000069810",0
"ENSRNOG00000063841",0
"ENSRNOG00000057518",1
"ENSRNOG00000062415",449
"ENSRNOG00000070327",0
"ENSRNOG00000061044",0
"ENSRNOG00000064241",1
"ENSRNOG00000067423",0
"ENSRNOG00000066014",1
"ENSRNOG00000061464",0
"ENSRNOG00000067108",0
"ENSRNOG00000054072",0
"ENSRNOG00000069331",0
"ENSRNOG00000067518",0
"ENSRNOG00000059874",0
"ENSRNOG00000052679",0
"ENSRNOG00000015644",235
"ENSRNOG00000067166",0
"ENSRNOG00000009078",1405
"ENSRNOG00000054117",0
"ENSRNOG00000012068",0
"ENSRNOG00000059502",0
"ENSRNOG00000058032",0
"ENSRNOG00000024729",1
"ENSRNOG00000063466",0
"ENSRNOG00000056819",19
"ENSRNOG00000009148",40
"ENSRNOG00000061589",0
"ENSRNOG00000064587",0
"ENSRNOG00000059991",0
"ENSRNOG00000067185",0
"ENSRNOG00000058595",0
"ENSRNOG00000053132",0
"ENSRNOG00000056078",0
"ENSRNOG00000052030",0
"ENSRNOG00000067208",0
"ENSRNOG00000013110",598
"ENSRNOG00000069731",0
"ENSRNOG00000060290",0
"ENSRNOG00000011413",2700
"ENSRNOG00000055057",0
"ENSRNOG00000024501",1490
"ENSRNOG00000056467",0
"ENSRNOG00000060997",0
"ENSRNOG00000015991",994
"ENSRNOG00000052060",0
"ENSRNOG00000053492",0
"ENSRNOG00000066112",0
"ENSRNOG00000060510",1
"ENSRNOG00000062891",0
"ENSRNOG00000064501",0
"ENSRNOG00000012794",128
"ENSRNOG00000070680",0
"ENSRNOG00000052471",0
"ENSRNOG00000008638",1
"ENSRNOG00000069073",0
"ENSRNOG00000063197",1805
"ENSRNOG00000052472",0
"ENSRNOG00000064056",0
"ENSRNOG00000032539",30
"ENSRNOG00000070918",0
"ENSRNOG00000059090",0
"ENSRNOG00000053733",0
"ENSRNOG00000054036",0
"ENSRNOG00000012726",432
"ENSRNOG00000056744",0
"ENSRNOG00000061141",0
"ENSRNOG00000070708",1
"ENSRNOG00000015866",306
"ENSRNOG00000033527",1012
"ENSRNOG00000053139",0
"ENSRNOG00000047573",26
"ENSRNOG00000057202",0
"ENSRNOG00000062897",0
"ENSRNOG00000051370",0
"ENSRNOG00000052410",0
"ENSRNOG00000007894",993
"ENSRNOG00000070146",0
"ENSRNOG00000008712",297
"ENSRNOG00000064403",1
"ENSRNOG00000070211",0
"ENSRNOG00000052950",0
"ENSRNOG00000058607",0
"ENSRNOG00000042047",0
"ENSRNOG00000052605",0
"ENSRNOG00000065792",1
"ENSRNOG00000057589",1301
"ENSRNOG00000067547",0
"ENSRNOG00000054162",0
"ENSRNOG00000014869",55
"ENSRNOG00000053071",8
"ENSRNOG00000063480",0
"ENSRNOG00000070465",0
"ENSRNOG00000068351",3
"ENSRNOG00000051625",0
"ENSRNOG00000063827",0
"ENSRNOG00000060805",0
"ENSRNOG00000062669",0
"ENSRNOG00000059204",0
"ENSRNOG00000070597",0
"ENSRNOG00000057829",6
"ENSRNOG00000066956",13
"ENSRNOG00000068171",0
"ENSRNOG00000070803",0
"ENSRNOG00000008512",382
"ENSRNOG00000053308",0
"ENSRNOG00000052221",0
"ENSRNOG00000060105",4
"ENSRNOG00000057632",0
"ENSRNOG00000058533",0
"ENSRNOG00000060810",1
"ENSRNOG00000014863",2021
"ENSRNOG00000065716",0
"ENSRNOG00000042950",0
"ENSRNOG00000060748",0
"ENSRNOG00000054380",0
"ENSRNOG00000056974",0
"ENSRNOG00000010303",639
"ENSRNOG00000053500",0
"ENSRNOG00000070166",1
"ENSRNOG00000058657",0
"ENSRNOG00000059557",0
"ENSRNOG00000059716",0
"ENSRNOG00000059446",96
"ENSRNOG00000013078",820
"ENSRNOG00000016780",327
"ENSRNOG00000054402",0
"ENSRNOG00000061712",0
"ENSRNOG00000058768",0
"ENSRNOG00000008090",179
"ENSRNOG00000066695",0
"ENSRNOG00000065108",0
"ENSRNOG00000013598",104
"ENSRNOG00000057527",0
"ENSRNOG00000051987",0
"ENSRNOG00000059526",0
"ENSRNOG00000069228",0
"ENSRNOG00000070073",406
"ENSRNOG00000051981",0
"ENSRNOG00000012546",17
"ENSRNOG00000069180",0
"ENSRNOG00000060400",0
"ENSRNOG00000058797",0
"ENSRNOG00000022988",20
"ENSRNOG00000062459",0
"ENSRNOG00000011655",531
"ENSRNOG00000070881",0
"ENSRNOG00000060957",0
"ENSRNOG00000054161",0
"ENSRNOG00000068857",0
"ENSRNOG00000006787",722
"ENSRNOG00000014766",996
"ENSRNOG00000029141",3990
"ENSRNOG00000062890",532
"ENSRNOG00000015068",940
"ENSRNOG00000066054",1
"ENSRNOG00000039530",0
"ENSRNOG00000069187",406
"ENSRNOG00000029318",16
"ENSRNOG00000065656",1487
"ENSRNOG00000013064",29
"ENSRNOG00000021546",0
"ENSRNOG00000009266",3365
"ENSRNOG00000024663",715
"ENSRNOG00000043151",360
"ENSRNOG00000014838",357
"ENSRNOG00000010497",0
"ENSRNOG00000012778",500
"ENSRNOG00000014975",47
"ENSRNOG00000009221",0
"ENSRNOG00000015072",196
"ENSRNOG00000007060",887
"ENSRNOG00000005561",0
"ENSRNOG00000010412",0
"ENSRNOG00000014475",2485
"ENSRNOG00000008523",1329
"ENSRNOG00000011320",1
"ENSRNOG00000062502",0
"ENSRNOG00000066212",0
"ENSRNOG00000009795",4440
"ENSRNOG00000014635",3599
"ENSRNOG00000006889",0
"ENSRNOG00000010091",1439
"ENSRNOG00000008099",80
"ENSRNOG00000064882",9
"ENSRNOG00000007886",0
"ENSRNOG00000057760",254
"ENSRNOG00000006761",2
"ENSRNOG00000039278",1789
"ENSRNOG00000068045",41
"ENSRNOG00000010825",766
"ENSRNOG00000011503",122
"ENSRNOG00000008005",1195
"ENSRNOG00000010885",1
"ENSRNOG00000048321",0
"ENSRNOG00000008431",5
"ENSRNOG00000006956",35
"ENSRNOG00000001700",207
"ENSRNOG00000017253",411
"ENSRNOG00000043194",0
"ENSRNOG00000021433",93
"ENSRNOG00000017073",2020
"ENSRNOG00000037618",0
"ENSRNOG00000011498",557
"ENSRNOG00000029333",14
"ENSRNOG00000016731",6743
"ENSRNOG00000067602",0
"ENSRNOG00000006553",795
"ENSRNOG00000016630",5345
"ENSRNOG00000024190",0
"ENSRNOG00000047278",317
"ENSRNOG00000007051",1045
"ENSRNOG00000065969",0
"ENSRNOG00000065554",0
"ENSRNOG00000016452",519
"ENSRNOG00000051484",246
"ENSRNOG00000016364",102
"ENSRNOG00000063113",0
"ENSRNOG00000016309",1224
"ENSRNOG00000009761",78
"ENSRNOG00000024402",407
"ENSRNOG00000046629",2
"ENSRNOG00000043023",0
"ENSRNOG00000047613",0
"ENSRNOG00000009724",457
"ENSRNOG00000048197",0
"ENSRNOG00000063042",0
"ENSRNOG00000005772",110
"ENSRNOG00000024204",6
"ENSRNOG00000007057",0
"ENSRNOG00000023605",1486
"ENSRNOG00000011280",735
"ENSRNOG00000007657",136
"ENSRNOG00000022309",942
"ENSRNOG00000012454",443
"ENSRNOG00000008036",2060
"ENSRNOG00000069991",0
"ENSRNOG00000012409",25
"ENSRNOG00000010484",526
"ENSRNOG00000070480",0
"ENSRNOG00000046028",60
"ENSRNOG00000009576",88
"ENSRNOG00000007637",45
"ENSRNOG00000034269",426
"ENSRNOG00000013956",994
"ENSRNOG00000008169",0
"ENSRNOG00000046140",0
"ENSRNOG00000055779",764
"ENSRNOG00000006735",502
"ENSRNOG00000066642",8
"ENSRNOG00000062835",3
"ENSRNOG00000007663",16307
"ENSRNOG00000012664",388
"ENSRNOG00000024093",0
"ENSRNOG00000009309",446
"ENSRNOG00000009436",2
"ENSRNOG00000059837",164
"ENSRNOG00000065941",0
"ENSRNOG00000012634",780
"ENSRNOG00000033186",5
"ENSRNOG00000062108",247
"ENSRNOG00000023309",394
"ENSRNOG00000042603",209
"ENSRNOG00000043364",746
"ENSRNOG00000009492",81
"ENSRNOG00000006369",933
"ENSRNOG00000064066",10
"ENSRNOG00000006345",1351
"ENSRNOG00000005841",2832
"ENSRNOG00000008632",276
"ENSRNOG00000055915",854
"ENSRNOG00000006966",5352
"ENSRNOG00000008618",552
"ENSRNOG00000006807",2
"ENSRNOG00000026169",0
"ENSRNOG00000008901",0
"ENSRNOG00000030466",0
"ENSRNOG00000025596",67
"ENSRNOG00000022488",0
"ENSRNOG00000023348",33
"ENSRNOG00000030963",0
"ENSRNOG00000007395",1
"ENSRNOG00000008945",504
"ENSRNOG00000008587",25
"ENSRNOG00000050983",0
"ENSRNOG00000008922",50
"ENSRNOG00000014302",0
"ENSRNOG00000011463",2578
"ENSRNOG00000006800",132
"ENSRNOG00000026323",14
"ENSRNOG00000011497",0
"ENSRNOG00000027595",0
"ENSRNOG00000070878",0
"ENSRNOG00000007036",759
"ENSRNOG00000008338",984
"ENSRNOG00000008159",429
"ENSRNOG00000009045",172
"ENSRNOG00000005964",48
"ENSRNOG00000008693",20
"ENSRNOG00000042787",17
"ENSRNOG00000008034",16
"ENSRNOG00000065127",0
"ENSRNOG00000008027",7
"ENSRNOG00000005723",0
"ENSRNOG00000007629",649
"ENSRNOG00000031004",130
"ENSRNOG00000006853",3
"ENSRNOG00000009705",38
"ENSRNOG00000008914",0
"ENSRNOG00000000123",260
"ENSRNOG00000006615",1187
"ENSRNOG00000068296",496
"ENSRNOG00000025679",841
"ENSRNOG00000070364",27
"ENSRNOG00000007527",464
"ENSRNOG00000024259",0
"ENSRNOG00000010849",163
"ENSRNOG00000006979",0
"ENSRNOG00000007551",333
"ENSRNOG00000011033",14
"ENSRNOG00000051507",39
"ENSRNOG00000010514",794
"ENSRNOG00000067048",232
"ENSRNOG00000007299",57
"ENSRNOG00000007753",662
"ENSRNOG00000010237",1252
"ENSRNOG00000009113",528
"ENSRNOG00000009568",652
"ENSRNOG00000008548",402
"ENSRNOG00000013838",0
"ENSRNOG00000042455",0
"ENSRNOG00000008118",693
"ENSRNOG00000021492",333
"ENSRNOG00000008279",1024
"ENSRNOG00000008226",119
"ENSRNOG00000026978",3069
"ENSRNOG00000008300",264
"ENSRNOG00000066371",0
"ENSRNOG00000026898",0
"ENSRNOG00000031475",408
"ENSRNOG00000024788",0
"ENSRNOG00000000122",305
"ENSRNOG00000013972",754
"ENSRNOG00000012989",325
"ENSRNOG00000059897",4
"ENSRNOG00000050044",2747
"ENSRNOG00000010007",1131
"ENSRNOG00000046794",2491
"ENSRNOG00000013515",1
"ENSRNOG00000064683",0
"ENSRNOG00000008992",0
"ENSRNOG00000013865",479
"ENSRNOG00000053991",1927
"ENSRNOG00000028083",106
"ENSRNOG00000030238",31
"ENSRNOG00000020173",0
"ENSRNOG00000020259",0
"ENSRNOG00000010892",1666
"ENSRNOG00000008572",92
"ENSRNOG00000011751",504
"ENSRNOG00000022199",8
"ENSRNOG00000069006",0
"ENSRNOG00000012204",557
"ENSRNOG00000054626",433
"ENSRNOG00000013005",279
"ENSRNOG00000009597",0
"ENSRNOG00000055078",7
"ENSRNOG00000065071",3
"ENSRNOG00000007922",88
"ENSRNOG00000018363",211
"ENSRNOG00000037518",162
"ENSRNOG00000028659",705
"ENSRNOG00000012397",1516
"ENSRNOG00000028477",395
"ENSRNOG00000028448",1615
"ENSRNOG00000028415",485
"ENSRNOG00000014357",79
"ENSRNOG00000067866",0
"ENSRNOG00000028377",0
"ENSRNOG00000014372",135
"ENSRNOG00000019479",0
"ENSRNOG00000062954",2023
"ENSRNOG00000037620",79
"ENSRNOG00000058461",2004
"ENSRNOG00000013855",233
"ENSRNOG00000007111",1302
"ENSRNOG00000010932",0
"ENSRNOG00000007099",934
"ENSRNOG00000007213",1277
"ENSRNOG00000008113",332
"ENSRNOG00000000127",437
"ENSRNOG00000033593",1384
"ENSRNOG00000014375",31
"ENSRNOG00000055344",564
"ENSRNOG00000013231",2
"ENSRNOG00000047185",2565
"ENSRNOG00000049326",119
"ENSRNOG00000008560",96
"ENSRNOG00000064585",8
"ENSRNOG00000069453",0
"ENSRNOG00000048553",0
"ENSRNOG00000037710",8
"ENSRNOG00000047578",0
"ENSRNOG00000048242",1400
"ENSRNOG00000048288",316
"ENSRNOG00000010396",918
"ENSRNOG00000010299",2026
"ENSRNOG00000024312",80
"ENSRNOG00000042326",89
"ENSRNOG00000015318",22
"ENSRNOG00000009540",3
"ENSRNOG00000028047",112
"ENSRNOG00000011054",0
"ENSRNOG00000012965",52
"ENSRNOG00000066253",2
"ENSRNOG00000064455",0
"ENSRNOG00000070423",0
"ENSRNOG00000067973",0
"ENSRNOG00000008377",934
"ENSRNOG00000062918",0
"ENSRNOG00000013179",753
"ENSRNOG00000064844",3
"ENSRNOG00000019977",1171
"ENSRNOG00000063427",8
"ENSRNOG00000021663",15
"ENSRNOG00000042855",899
"ENSRNOG00000007069",346
"ENSRNOG00000032639",98
"ENSRNOG00000063845",1
"ENSRNOG00000067073",148
"ENSRNOG00000008979",0
"ENSRNOG00000005730",975
"ENSRNOG00000011171",1
"ENSRNOG00000006004",1192
"ENSRNOG00000048703",0
"ENSRNOG00000011484",311
"ENSRNOG00000005935",1091
"ENSRNOG00000059975",0
"ENSRNOG00000010735",1764
"ENSRNOG00000012595",729
"ENSRNOG00000011709",2267
"ENSRNOG00000009341",166
"ENSRNOG00000008849",4
"ENSRNOG00000006200",0
"ENSRNOG00000014008",16
"ENSRNOG00000014274",315
"ENSRNOG00000011927",656
"ENSRNOG00000023746",429
"ENSRNOG00000015642",3079
"ENSRNOG00000009912",0
"ENSRNOG00000037432",140
"ENSRNOG00000033209",3
"ENSRNOG00000042785",4685
"ENSRNOG00000068555",1
"ENSRNOG00000013300",401
"ENSRNOG00000037340",0
"ENSRNOG00000006833",622
"ENSRNOG00000070053",1
"ENSRNOG00000030155",0
"ENSRNOG00000048506",857
"ENSRNOG00000065942",0
"ENSRNOG00000066500",13
"ENSRNOG00000025065",22
"ENSRNOG00000008807",0
"ENSRNOG00000060435",0
"ENSRNOG00000026646",106
"ENSRNOG00000008861",224
"ENSRNOG00000011421",1130
"ENSRNOG00000009390",0
"ENSRNOG00000014259",4
"ENSRNOG00000008320",2599
"ENSRNOG00000007541",1055
"ENSRNOG00000026610",591
"ENSRNOG00000009430",392
"ENSRNOG00000024957",24
"ENSRNOG00000024889",272
"ENSRNOG00000012616",4725
"ENSRNOG00000030862",735
"ENSRNOG00000061851",1111
"ENSRNOG00000013492",5835
"ENSRNOG00000008100",0
"ENSRNOG00000027276",4
"ENSRNOG00000022323",885
"ENSRNOG00000011502",16
"ENSRNOG00000007647",0
"ENSRNOG00000008555",289
"ENSRNOG00000008180",337
"ENSRNOG00000012054",1374
"ENSRNOG00000012340",3
"ENSRNOG00000027357",0
"ENSRNOG00000008759",0
"ENSRNOG00000012088",1
"ENSRNOG00000040151",0
"ENSRNOG00000010841",325
"ENSRNOG00000067216",0
"ENSRNOG00000009656",378
"ENSRNOG00000008943",139
"ENSRNOG00000007174",597
"ENSRNOG00000026592",0
"ENSRNOG00000008566",888
"ENSRNOG00000069690",2
"ENSRNOG00000008871",0
"ENSRNOG00000065724",444
"ENSRNOG00000017426",2117
"ENSRNOG00000009114",1187
"ENSRNOG00000069204",0
"ENSRNOG00000011332",42
"ENSRNOG00000008872",509
"ENSRNOG00000008846",261
"ENSRNOG00000021609",221
"ENSRNOG00000008156",350
"ENSRNOG00000031769",385
"ENSRNOG00000014352",36
"ENSRNOG00000009488",0
"ENSRNOG00000005886",104
"ENSRNOG00000028662",29
"ENSRNOG00000071045",248
"ENSRNOG00000009977",2194
"ENSRNOG00000046647",2524
"ENSRNOG00000048129",0
"ENSRNOG00000010550",268
"ENSRNOG00000063053",112
"ENSRNOG00000005669",1
"ENSRNOG00000032183",1182
"ENSRNOG00000009683",3814
"ENSRNOG00000009963",654
"ENSRNOG00000009131",208
"ENSRNOG00000065971",0
"ENSRNOG00000014762",219
"ENSRNOG00000031431",250
"ENSRNOG00000010234",639
"ENSRNOG00000024818",657
"ENSRNOG00000024566",2
"ENSRNOG00000005963",1375
"ENSRNOG00000027921",703
"ENSRNOG00000026910",0
"ENSRNOG00000010777",299
"ENSRNOG00000025724",270
"ENSRNOG00000042421",607
"ENSRNOG00000066526",6
"ENSRNOG00000025424",265
"ENSRNOG00000025349",3
"ENSRNOG00000063670",3
"ENSRNOG00000006689",43
"ENSRNOG00000006919",64
"ENSRNOG00000007445",1162
"ENSRNOG00000026662",412
"ENSRNOG00000007964",1757
"ENSRNOG00000008055",114
"ENSRNOG00000008124",519
"ENSRNOG00000026672",455
"ENSRNOG00000008184",0
"ENSRNOG00000048760",9
"ENSRNOG00000065922",28
"ENSRNOG00000067800",66
"ENSRNOG00000070765",0
"ENSRNOG00000040040",179
"ENSRNOG00000067162",3
"ENSRNOG00000016180",500
"ENSRNOG00000015160",158
"ENSRNOG00000070727",7
"ENSRNOG00000062635",0
"ENSRNOG00000015562",8
"ENSRNOG00000063229",0
"ENSRNOG00000055292",47
"ENSRNOG00000016330",170
"ENSRNOG00000016338",1595
"ENSRNOG00000039924",146
"ENSRNOG00000014664",1956
"ENSRNOG00000005673",787
"ENSRNOG00000025416",315
"ENSRNOG00000008236",683
"ENSRNOG00000016187",359
"ENSRNOG00000007456",2
"ENSRNOG00000006697",2267
"ENSRNOG00000009358",87
"ENSRNOG00000006096",106
"ENSRNOG00000007426",66
"ENSRNOG00000006498",0
"ENSRNOG00000039949",40
"ENSRNOG00000006636",134
"ENSRNOG00000009389",1458
"ENSRNOG00000008580",402
"ENSRNOG00000056330",0
"ENSRNOG00000007256",3
"ENSRNOG00000066027",1
"ENSRNOG00000006298",1406
"ENSRNOG00000024903",0
"ENSRNOG00000005708",4429
"ENSRNOG00000063190",0
"ENSRNOG00000006084",0
"ENSRNOG00000007139",21
"ENSRNOG00000007351",168
"ENSRNOG00000009974",95
"ENSRNOG00000010106",359
"ENSRNOG00000057692",0
"ENSRNOG00000068938",3
"ENSRNOG00000065492",0
"ENSRNOG00000056870",3307
"ENSRNOG00000061989",215
"ENSRNOG00000026157",35
"ENSRNOG00000063283",0
"ENSRNOG00000067249",0
"ENSRNOG00000025672",0
"ENSRNOG00000053456",1257
"ENSRNOG00000027837",0
"ENSRNOG00000046548",0
"ENSRNOG00000003689",4047
"ENSRNOG00000069292",1
"ENSRNOG00000040427",0
"ENSRNOG00000070890",0
"ENSRNOG00000030048",131
"ENSRNOG00000035549",0
"ENSRNOG00000035555",0
"ENSRNOG00000050872",0
"ENSRNOG00000060063",476
"ENSRNOG00000003596",6
"ENSRNOG00000040404",0
"ENSRNOG00000013092",2
"ENSRNOG00000035544",0
"ENSRNOG00000064087",0
"ENSRNOG00000036245",0
"ENSRNOG00000066689",0
"ENSRNOG00000048556",0
"ENSRNOG00000035579",0
"ENSRNOG00000035581",0
"ENSRNOG00000054765",472
"ENSRNOG00000002800",77
"ENSRNOG00000035464",0
"ENSRNOG00000028899",579
"ENSRNOG00000040357",0
"ENSRNOG00000041260",0
"ENSRNOG00000070486",0
"ENSRNOG00000047862",0
"ENSRNOG00000041210",0
"ENSRNOG00000069684",3
"ENSRNOG00000041199",0
"ENSRNOG00000059675",0
"ENSRNOG00000026573",273
"ENSRNOG00000003782",326
"ENSRNOG00000060869",3392
"ENSRNOG00000036269",0
"ENSRNOG00000048590",0
"ENSRNOG00000060270",0
"ENSRNOG00000036273",0
"ENSRNOG00000028085",24
"ENSRNOG00000035652",1
"ENSRNOG00000022855",0
"ENSRNOG00000035631",0
"ENSRNOG00000035635",0
"ENSRNOG00000052097",0
"ENSRNOG00000046748",0
"ENSRNOG00000040422",0
"ENSRNOG00000035546",0
"ENSRNOG00000061073",2336
"ENSRNOG00000059766",0
"ENSRNOG00000035656",0
"ENSRNOG00000057814",738
"ENSRNOG00000028984",8
"ENSRNOG00000070777",197
"ENSRNOG00000067246",93
"ENSRNOG00000047872",0
"ENSRNOG00000039994",288
"ENSRNOG00000051836",0
"ENSRNOG00000003543",0
"ENSRNOG00000009049",796
"ENSRNOG00000025910",144
"ENSRNOG00000010365",12
"ENSRNOG00000054352",5841
"ENSRNOG00000070642",4
"ENSRNOG00000007682",547
"ENSRNOG00000066771",0
"ENSRNOG00000010208",2038
"ENSRNOG00000004016",1157
"ENSRNOG00000054548",2
"ENSRNOG00000002904",2
"ENSRNOG00000010838",900
"ENSRNOG00000032472",2
"ENSRNOG00000013170",380
"ENSRNOG00000024298",0
"ENSRNOG00000031555",0
"ENSRNOG00000055572",2521
"ENSRNOG00000000167",4
"ENSRNOG00000009609",392
"ENSRNOG00000068749",2
"ENSRNOG00000025428",196
"ENSRNOG00000052383",0
"ENSRNOG00000000166",205
"ENSRNOG00000013698",0
"ENSRNOG00000053172",4970
"ENSRNOG00000008578",3133
"ENSRNOG00000000165",23
"ENSRNOG00000029068",238
"ENSRNOG00000051948",4986
"ENSRNOG00000008472",1120
"ENSRNOG00000063057",1
"ENSRNOG00000002767",170
"ENSRNOG00000053813",613
"ENSRNOG00000059697",0
"ENSRNOG00000056174",138
"ENSRNOG00000006899",2
"ENSRNOG00000029408",2
"ENSRNOG00000064345",2
"ENSRNOG00000002585",1138
"ENSRNOG00000003686",1392
"ENSRNOG00000030119",0
"ENSRNOG00000062551",0
"ENSRNOG00000050081",125
"ENSRNOG00000058423",0
"ENSRNOG00000002563",410
"ENSRNOG00000061441",256
"ENSRNOG00000048925",0
"ENSRNOG00000058820",0
"ENSRNOG00000070467",1
"ENSRNOG00000069353",177
"ENSRNOG00000039332",0
"ENSRNOG00000026044",340
"ENSRNOG00000045953",0
"ENSRNOG00000065232",0
"ENSRNOG00000067039",146
"ENSRNOG00000064664",0
"ENSRNOG00000063213",0
"ENSRNOG00000026969",0
"ENSRNOG00000061304",1
"ENSRNOG00000032487",75
"ENSRNOG00000070118",67
"ENSRNOG00000061262",8991
"ENSRNOG00000007059",7
"ENSRNOG00000033883",4
"ENSRNOG00000046012",0
"ENSRNOG00000051117",0
"ENSRNOG00000068491",346
"ENSRNOG00000060168",364
"ENSRNOG00000070922",0
"ENSRNOG00000065644",1
"ENSRNOG00000019164",4065
"ENSRNOG00000063587",1
"ENSRNOG00000026231",0
"ENSRNOG00000067214",3
"ENSRNOG00000062420",0
"ENSRNOG00000063851",0
"ENSRNOG00000063426",1
"ENSRNOG00000064140",10
"ENSRNOG00000070008",0
"ENSRNOG00000062688",0
"ENSRNOG00000003748",0
"ENSRNOG00000067047",0
"ENSRNOG00000038035",264
"ENSRNOG00000062747",0
"ENSRNOG00000070551",0
"ENSRNOG00000064865",0
"ENSRNOG00000023261",144
"ENSRNOG00000067487",0
"ENSRNOG00000068322",2
"ENSRNOG00000000164",6132
"ENSRNOG00000064974",9
"ENSRNOG00000032739",80
"ENSRNOG00000069713",5
"ENSRNOG00000066805",0
"ENSRNOG00000025200",0
"ENSRNOG00000061492",0
"ENSRNOG00000069137",561
"ENSRNOG00000068054",11
"ENSRNOG00000038369",0
"ENSRNOG00000069711",25
"ENSRNOG00000003201",1733
"ENSRNOG00000064310",72
"ENSRNOG00000062445",6
"ENSRNOG00000068684",72
"ENSRNOG00000066768",29
"ENSRNOG00000070511",4
"ENSRNOG00000065998",20
"ENSRNOG00000065014",8
"ENSRNOG00000037951",991
"ENSRNOG00000070283",0
"ENSRNOG00000063391",0
"ENSRNOG00000029663",0
"ENSRNOG00000051341",88
"ENSRNOG00000068862",14
"ENSRNOG00000065796",7
"ENSRNOG00000071206",1
"ENSRNOG00000064849",1
"ENSRNOG00000070269",8
"ENSRNOG00000051300",934
"ENSRNOG00000068564",0
"ENSRNOG00000067106",1
"ENSRNOG00000070042",1
"ENSRNOG00000068620",0
"ENSRNOG00000065954",18
"ENSRNOG00000060786",0
"ENSRNOG00000066627",1
"ENSRNOG00000045779",381
"ENSRNOG00000056659",267
"ENSRNOG00000049388",0
"ENSRNOG00000057517",346
"ENSRNOG00000029497",0
"ENSRNOG00000065962",0
"ENSRNOG00000050051",57
"ENSRNOG00000008329",1993
"ENSRNOG00000043348",138
"ENSRNOG00000065341",0
"ENSRNOG00000067052",0
"ENSRNOG00000068802",0
"ENSRNOG00000064051",0
"ENSRNOG00000003208",44
"ENSRNOG00000034116",319
"ENSRNOG00000061692",0
"ENSRNOG00000004150",0
"ENSRNOG00000060464",908
"ENSRNOG00000022251",16
"ENSRNOG00000007315",1429
"ENSRNOG00000069722",51
"ENSRNOG00000063392",8
"ENSRNOG00000063610",57
"ENSRNOG00000069564",0
"ENSRNOG00000002323",148
"ENSRNOG00000068588",0
"ENSRNOG00000004258",0
"ENSRNOG00000068854",0
"ENSRNOG00000071051",0
"ENSRNOG00000068646",0
"ENSRNOG00000067826",0
"ENSRNOG00000055641",476
"ENSRNOG00000071143",0
"ENSRNOG00000039837",85
"ENSRNOG00000023637",0
"ENSRNOG00000060462",0
"ENSRNOG00000028202",0
"ENSRNOG00000063225",1
"ENSRNOG00000066448",43
"ENSRNOG00000062506",1
"ENSRNOG00000023458",0
"ENSRNOG00000037770",0
"ENSRNOG00000062748",1
"ENSRNOG00000069736",0
"ENSRNOG00000062599",25
"ENSRNOG00000063687",125
"ENSRNOG00000007949",26
"ENSRNOG00000037827",0
"ENSRNOG00000065229",261
"ENSRNOG00000071176",476
"ENSRNOG00000003984",191
"ENSRNOG00000053023",451
"ENSRNOG00000064623",511
"ENSRNOG00000068694",4
"ENSRNOG00000059655",215
"ENSRNOG00000064884",0
"ENSRNOG00000066548",36
"ENSRNOG00000046832",130
"ENSRNOG00000004265",0
"ENSRNOG00000063611",7
"ENSRNOG00000067650",0
"ENSRNOG00000003359",4072
"ENSRNOG00000050457",0
"ENSRNOG00000038267",0
"ENSRNOG00000057469",0
"ENSRNOG00000038299",1
"ENSRNOG00000070967",4
"ENSRNOG00000061511",0
"ENSRNOG00000028179",0
"ENSRNOG00000064387",0
"ENSRNOG00000062454",0
"ENSRNOG00000070430",0
"ENSRNOG00000068315",16
"ENSRNOG00000003765",0
"ENSRNOG00000067012",9
"ENSRNOG00000066849",0
"ENSRNOG00000063899",9
"ENSRNOG00000070594",336
"ENSRNOG00000068449",150
"ENSRNOG00000055962",262303
"ENSRNOG00000003643",159
"ENSRNOG00000066309",93
"ENSRNOG00000070880",0
"ENSRNOG00000002960",0
"ENSRNOG00000037919",70
"ENSRNOG00000064015",81
"ENSRNOG00000029010",0
"ENSRNOG00000003762",31
"ENSRNOG00000048202",0
"ENSRNOG00000063359",46
"ENSRNOG00000029778",0
"ENSRNOG00000070004",2200
"ENSRNOG00000000161",630
"ENSRNOG00000069652",15
"ENSRNOG00000063832",1
"ENSRNOG00000037911",0
"ENSRNOG00000062833",0
"ENSRNOG00000071099",1
"ENSRNOG00000051529",0
"ENSRNOG00000003533",90
"ENSRNOG00000070562",3
"ENSRNOG00000070148",80
"ENSRNOG00000003470",346
"ENSRNOG00000048295",8
"ENSRNOG00000067054",0
"ENSRNOG00000051438",0
"ENSRNOG00000024271",0
"ENSRNOG00000051216",0
"ENSRNOG00000055557",0
"ENSRNOG00000023383",3866
"ENSRNOG00000002848",2146
"ENSRNOG00000005352",600
"ENSRNOG00000067105",424
"ENSRNOG00000060839",0
"ENSRNOG00000064231",130
"ENSRNOG00000030819",0
"ENSRNOG00000029885",678
"ENSRNOG00000002986",0
"ENSRNOG00000068101",178
"ENSRNOG00000003305",0
"ENSRNOG00000060580",646
"ENSRNOG00000060262",394
"ENSRNOG00000065297",0
"ENSRNOG00000003956",615
"ENSRNOG00000024053",0
"ENSRNOG00000065493",0
"ENSRNOG00000070277",154
"ENSRNOG00000002974",0
"ENSRNOG00000004581",797
"ENSRNOG00000009646",0
"ENSRNOG00000004512",134
"ENSRNOG00000054219",2
"ENSRNOG00000003009",0
"ENSRNOG00000022267",0
"ENSRNOG00000062844",88
"ENSRNOG00000053061",0
"ENSRNOG00000028189",0
"ENSRNOG00000003189",1
"ENSRNOG00000055514",0
"ENSRNOG00000061191",0
"ENSRNOG00000060885",0
"ENSRNOG00000061731",0
"ENSRNOG00000024517",0
"ENSRNOG00000016622",224
"ENSRNOG00000056905",0
"ENSRNOG00000070236",7
"ENSRNOG00000053235",0
"ENSRNOG00000055256",0
"ENSRNOG00000022411",1
"ENSRNOG00000058942",0
"ENSRNOG00000003792",2077
"ENSRNOG00000055960",0
"ENSRNOG00000002389",7393
"ENSRNOG00000061257",0
"ENSRNOG00000003749",110
"ENSRNOG00000060096",0
"ENSRNOG00000005687",0
"ENSRNOG00000051820",0
"ENSRNOG00000063220",0
"ENSRNOG00000003756",220
"ENSRNOG00000052762",0
"ENSRNOG00000030118",4658
"ENSRNOG00000070588",0
"ENSRNOG00000056740",0
"ENSRNOG00000062381",6
"ENSRNOG00000059230",0
"ENSRNOG00000060982",0
"ENSRNOG00000002391",5
"ENSRNOG00000060623",980
"ENSRNOG00000053191",0
"ENSRNOG00000060754",0
"ENSRNOG00000065140",0
"ENSRNOG00000003611",310
"ENSRNOG00000069164",0
"ENSRNOG00000058253",0
"ENSRNOG00000007371",64
"ENSRNOG00000066338",0
"ENSRNOG00000046366",1049
"ENSRNOG00000031294",0
"ENSRNOG00000063682",0
"ENSRNOG00000065192",0
"ENSRNOG00000023187",467
"ENSRNOG00000068085",0
"ENSRNOG00000063637",0
"ENSRNOG00000004776",1100
"ENSRNOG00000002419",123
"ENSRNOG00000052095",0
"ENSRNOG00000064801",0
"ENSRNOG00000006698",46
"ENSRNOG00000060642",0
"ENSRNOG00000070436",0
"ENSRNOG00000061195",32
"ENSRNOG00000064902",0
"ENSRNOG00000060546",0
"ENSRNOG00000068390",0
"ENSRNOG00000038132",0
"ENSRNOG00000003858",844
"ENSRNOG00000063746",1
"ENSRNOG00000069840",49
"ENSRNOG00000068320",0
"ENSRNOG00000005012",455
"ENSRNOG00000070416",0
"ENSRNOG00000055265",0
"ENSRNOG00000031058",0
"ENSRNOG00000064543",0
"ENSRNOG00000057622",148
"ENSRNOG00000055812",0
"ENSRNOG00000061126",0
"ENSRNOG00000004133",6
"ENSRNOG00000059814",0
"ENSRNOG00000071055",0
"ENSRNOG00000069201",0
"ENSRNOG00000064676",0
"ENSRNOG00000063786",0
"ENSRNOG00000021972",0
"ENSRNOG00000064215",1
"ENSRNOG00000061787",0
"ENSRNOG00000058743",0
"ENSRNOG00000055721",5
"ENSRNOG00000032522",38
"ENSRNOG00000051644",0
"ENSRNOG00000063333",0
"ENSRNOG00000061252",0
"ENSRNOG00000021694",0
"ENSRNOG00000051827",0
"ENSRNOG00000069980",0
"ENSRNOG00000061196",0
"ENSRNOG00000060086",0
"ENSRNOG00000024250",625
"ENSRNOG00000034183",0
"ENSRNOG00000027850",25
"ENSRNOG00000060374",1
"ENSRNOG00000054868",0
"ENSRNOG00000054890",27961
"ENSRNOG00000054382",0
"ENSRNOG00000019180",354
"ENSRNOG00000064035",0
"ENSRNOG00000057593",0
"ENSRNOG00000066087",0
"ENSRNOG00000066017",0
"ENSRNOG00000050970",0
"ENSRNOG00000063729",0
"ENSRNOG00000070898",0
"ENSRNOG00000064772",0
"ENSRNOG00000062822",0
"ENSRNOG00000070754",0
"ENSRNOG00000001506",37
"ENSRNOG00000065849",0
"ENSRNOG00000063296",0
"ENSRNOG00000051544",1
"ENSRNOG00000037736",0
"ENSRNOG00000065426",0
"ENSRNOG00000019168",20
"ENSRNOG00000070581",0
"ENSRNOG00000012294",486
"ENSRNOG00000030722",0
"ENSRNOG00000057374",0
"ENSRNOG00000042394",0
"ENSRNOG00000060946",408
"ENSRNOG00000062498",0
"ENSRNOG00000003965",0
"ENSRNOG00000068840",0
"ENSRNOG00000069753",0
"ENSRNOG00000051769",0
"ENSRNOG00000056593",0
"ENSRNOG00000048738",1339
"ENSRNOG00000070185",0
"ENSRNOG00000053894",0
"ENSRNOG00000054011",1004
"ENSRNOG00000027239",13
"ENSRNOG00000056006",0
"ENSRNOG00000007600",0
"ENSRNOG00000067960",0
"ENSRNOG00000029038",423
"ENSRNOG00000042470",0
"ENSRNOG00000052001",0
"ENSRNOG00000053094",0
"ENSRNOG00000047663",0
"ENSRNOG00000003122",146
"ENSRNOG00000061101",0
"ENSRNOG00000061894",0
"ENSRNOG00000058963",0
"ENSRNOG00000055269",0
"ENSRNOG00000055648",374
"ENSRNOG00000062221",0
"ENSRNOG00000041327",0
"ENSRNOG00000050508",0
"ENSRNOG00000026712",0
"ENSRNOG00000064172",0
"ENSRNOG00000003875",852
"ENSRNOG00000036562",0
"ENSRNOG00000057826",78
"ENSRNOG00000041236",0
"ENSRNOG00000008880",28
"ENSRNOG00000059896",0
"ENSRNOG00000036264",0
"ENSRNOG00000004118",6
"ENSRNOG00000041288",0
"ENSRNOG00000036262",0
"ENSRNOG00000004819",208
"ENSRNOG00000011120",0
"ENSRNOG00000057982",0
"ENSRNOG00000048143",0
"ENSRNOG00000036268",0
"ENSRNOG00000041538",0
"ENSRNOG00000006797",431
"ENSRNOG00000035627",0
"ENSRNOG00000065509",0
"ENSRNOG00000036558",0
"ENSRNOG00000061112",0
"ENSRNOG00000057365",0
"ENSRNOG00000035505",0
"ENSRNOG00000035592",0
"ENSRNOG00000003063",281
"ENSRNOG00000036567",0
"ENSRNOG00000058545",27
"ENSRNOG00000067075",0
"ENSRNOG00000047712",0
"ENSRNOG00000041299",0
"ENSRNOG00000041334",0
"ENSRNOG00000006871",72
"ENSRNOG00000066786",0
"ENSRNOG00000040458",0
"ENSRNOG00000054747",0
"ENSRNOG00000039759",0
"ENSRNOG00000063664",366
"ENSRNOG00000069692",0
"ENSRNOG00000019086",0
"ENSRNOG00000067793",0
"ENSRNOG00000003227",0
"ENSRNOG00000002708",1146
"ENSRNOG00000060970",0
"ENSRNOG00000024068",0
"ENSRNOG00000051669",146
"ENSRNOG00000039576",254
"ENSRNOG00000030880",1078
"ENSRNOG00000070635",0
"ENSRNOG00000004275",6
"ENSRNOG00000063657",0
"ENSRNOG00000039571",2
"ENSRNOG00000005076",558
"ENSRNOG00000052721",550
"ENSRNOG00000003929",67
"ENSRNOG00000057147",1620
"ENSRNOG00000050960",208
"ENSRNOG00000062696",2
"ENSRNOG00000059862",0
"ENSRNOG00000031956",0
"ENSRNOG00000004613",2063
"ENSRNOG00000056983",1
"ENSRNOG00000005215",0
"ENSRNOG00000006967",913
"ENSRNOG00000009749",452
"ENSRNOG00000026704",1
"ENSRNOG00000046484",14
"ENSRNOG00000003613",764
"ENSRNOG00000007879",208
"ENSRNOG00000003688",3
"ENSRNOG00000054495",1
"ENSRNOG00000003786",730
"ENSRNOG00000045992",1
"ENSRNOG00000061230",11
"ENSRNOG00000060846",417
"ENSRNOG00000064119",422
"ENSRNOG00000022166",380
"ENSRNOG00000052181",0
"ENSRNOG00000003228",301
"ENSRNOG00000032729",0
"ENSRNOG00000030443",871
"ENSRNOG00000002790",216
"ENSRNOG00000063684",0
"ENSRNOG00000004869",0
"ENSRNOG00000046790",0
"ENSRNOG00000002487",122
"ENSRNOG00000003229",1982
"ENSRNOG00000004330",0
"ENSRNOG00000047931",10314
"ENSRNOG00000027601",11
"ENSRNOG00000065918",145
"ENSRNOG00000009071",206
"ENSRNOG00000024762",1
"ENSRNOG00000029582",89
"ENSRNOG00000042276",130
"ENSRNOG00000005639",443
"ENSRNOG00000034240",1020
"ENSRNOG00000003960",0
"ENSRNOG00000002923",0
"ENSRNOG00000031638",0
"ENSRNOG00000003526",122
"ENSRNOG00000061102",161
"ENSRNOG00000067524",0
"ENSRNOG00000004574",344
"ENSRNOG00000067242",3
"ENSRNOG00000032858",0
"ENSRNOG00000030622",31
"ENSRNOG00000011081",0
"ENSRNOG00000050178",0
"ENSRNOG00000051287",0
"ENSRNOG00000051223",0
"ENSRNOG00000039544",336
"ENSRNOG00000023469",0
"ENSRNOG00000002832",601
"ENSRNOG00000029106",0
"ENSRNOG00000068510",0
"ENSRNOG00000069107",0
"ENSRNOG00000039587",588
"ENSRNOG00000003674",223
"ENSRNOG00000037684",0
"ENSRNOG00000030346",8
"ENSRNOG00000063829",0
"ENSRNOG00000026152",0
"ENSRNOG00000030418",695
"ENSRNOG00000058439",327
"ENSRNOG00000002662",369
"ENSRNOG00000037611",0
"ENSRNOG00000003345",0
"ENSRNOG00000066239",68
"ENSRNOG00000064977",0
"ENSRNOG00000065488",5
"ENSRNOG00000056728",3089
"ENSRNOG00000051281",0
"ENSRNOG00000070013",0
"ENSRNOG00000027972",17
"ENSRNOG00000003585",1
"ENSRNOG00000052407",1
"ENSRNOG00000022286",5
"ENSRNOG00000046280",1
"ENSRNOG00000002951",0
"ENSRNOG00000060936",263
"ENSRNOG00000003313",0
"ENSRNOG00000007552",0
"ENSRNOG00000069062",0
"ENSRNOG00000038230",0
"ENSRNOG00000057753",0
"ENSRNOG00000064026",2
"ENSRNOG00000009687",134
"ENSRNOG00000031719",0
"ENSRNOG00000069323",0
"ENSRNOG00000065059",0
"ENSRNOG00000054545",0
"ENSRNOG00000018951",4404
"ENSRNOG00000046702",0
"ENSRNOG00000003715",2037
"ENSRNOG00000053562",0
"ENSRNOG00000003370",9
"ENSRNOG00000049427",0
"ENSRNOG00000008764",1203
"ENSRNOG00000029559",0
"ENSRNOG00000002529",471
"ENSRNOG00000043508",0
"ENSRNOG00000023733",736
"ENSRNOG00000068726",0
"ENSRNOG00000067365",0
"ENSRNOG00000047132",40
"ENSRNOG00000011494",166
"ENSRNOG00000003110",0
"ENSRNOG00000060179",5668
"ENSRNOG00000051408",1216
"ENSRNOG00000011513",577
"ENSRNOG00000003452",1
"ENSRNOG00000055102",0
"ENSRNOG00000063233",9
"ENSRNOG00000046469",0
"ENSRNOG00000032038",0
"ENSRNOG00000002285",241
"ENSRNOG00000045622",10
"ENSRNOG00000003587",324
"ENSRNOG00000011034",0
"ENSRNOG00000011661",624
"ENSRNOG00000061530",13
"ENSRNOG00000064060",0
"ENSRNOG00000069520",0
"ENSRNOG00000066891",6
"ENSRNOG00000050006",256
"ENSRNOG00000010846",137
"ENSRNOG00000066471",58
"ENSRNOG00000063831",1
"ENSRNOG00000054900",0
"ENSRNOG00000058249",1401
"ENSRNOG00000033176",140
"ENSRNOG00000046862",448
"ENSRNOG00000066217",2
"ENSRNOG00000009893",458
"ENSRNOG00000065464",0
"ENSRNOG00000063412",58
"ENSRNOG00000003346",27
"ENSRNOG00000010171",1570
"ENSRNOG00000003013",1400
"ENSRNOG00000043128",213
"ENSRNOG00000069699",38
"ENSRNOG00000028011",0
"ENSRNOG00000025811",56
"ENSRNOG00000070381",0
"ENSRNOG00000003350",815
"ENSRNOG00000032738",0
"ENSRNOG00000065924",83
"ENSRNOG00000055939",106
"ENSRNOG00000028993",11827
"ENSRNOG00000002276",429
"ENSRNOG00000024135",186
"ENSRNOG00000051319",2
"ENSRNOG00000064542",0
"ENSRNOG00000056703",1916
"ENSRNOG00000056398",973
"ENSRNOG00000056772",2369
"ENSRNOG00000005624",1814
"ENSRNOG00000063223",54
"ENSRNOG00000024138",0
"ENSRNOG00000069720",0
"ENSRNOG00000038686",428
"ENSRNOG00000063806",59
"ENSRNOG00000011702",2
"ENSRNOG00000023163",10
"ENSRNOG00000039762",0
"ENSRNOG00000004009",0
"ENSRNOG00000023094",0
"ENSRNOG00000005430",37
"ENSRNOG00000003342",3
"ENSRNOG00000063120",0
"ENSRNOG00000012513",1193
"ENSRNOG00000065758",36
"ENSRNOG00000004124",11
"ENSRNOG00000063778",0
"ENSRNOG00000055454",9
"ENSRNOG00000039615",0
"ENSRNOG00000066456",0
"ENSRNOG00000031665",2
"ENSRNOG00000023269",807
"ENSRNOG00000059641",17
"ENSRNOG00000063709",0
"ENSRNOG00000005753",74
"ENSRNOG00000003261",8035
"ENSRNOG00000002844",50
"ENSRNOG00000062806",0
"ENSRNOG00000064782",0
"ENSRNOG00000006515",260
"ENSRNOG00000028611",898
"ENSRNOG00000004304",295
"ENSRNOG00000033844",2
"ENSRNOG00000030417",0
"ENSRNOG00000002975",180
"ENSRNOG00000006067",220
"ENSRNOG00000003085",0
"ENSRNOG00000043306",0
"ENSRNOG00000006459",254
"ENSRNOG00000028033",0
"ENSRNOG00000066885",0
"ENSRNOG00000013322",219
"ENSRNOG00000062513",0
"ENSRNOG00000027233",2
"ENSRNOG00000003099",2366
"ENSRNOG00000070576",0
"ENSRNOG00000025705",2340
"ENSRNOG00000003158",482
"ENSRNOG00000052626",0
"ENSRNOG00000070906",0
"ENSRNOG00000003178",148
"ENSRNOG00000004257",956
"ENSRNOG00000057785",0
"ENSRNOG00000002751",142
"ENSRNOG00000030619",0
"ENSRNOG00000064823",0
"ENSRNOG00000068767",44
"ENSRNOG00000056492",0
"ENSRNOG00000038965",104
"ENSRNOG00000068658",0
"ENSRNOG00000056101",0
"ENSRNOG00000056547",0
"ENSRNOG00000030999",0
"ENSRNOG00000045695",956
"ENSRNOG00000053806",0
"ENSRNOG00000050562",180
"ENSRNOG00000033335",63
"ENSRNOG00000063926",0
"ENSRNOG00000024350",0
"ENSRNOG00000063064",0
"ENSRNOG00000070212",0
"ENSRNOG00000009605",1123
"ENSRNOG00000066639",0
"ENSRNOG00000063299",0
"ENSRNOG00000012358",94
"ENSRNOG00000059086",0
"ENSRNOG00000066228",0
"ENSRNOG00000064102",0
"ENSRNOG00000061403",0
"ENSRNOG00000068302",0
"ENSRNOG00000063287",1
"ENSRNOG00000054339",29
"ENSRNOG00000056968",1
"ENSRNOG00000061586",0
"ENSRNOG00000065810",0
"ENSRNOG00000061686",0
"ENSRNOG00000064383",1
"ENSRNOG00000053780",0
"ENSRNOG00000049382",2783
"ENSRNOG00000062323",0
"ENSRNOG00000066895",0
"ENSRNOG00000031367",460
"ENSRNOG00000056300",0
"ENSRNOG00000065456",0
"ENSRNOG00000004120",3
"ENSRNOG00000042530",0
"ENSRNOG00000032970",0
"ENSRNOG00000057906",0
"ENSRNOG00000030228",1211
"ENSRNOG00000053153",0
"ENSRNOG00000004222",0
"ENSRNOG00000002365",1
"ENSRNOG00000028751",1
"ENSRNOG00000051365",0
"ENSRNOG00000065575",0
"ENSRNOG00000012787",888
"ENSRNOG00000065877",1
"ENSRNOG00000069354",0
"ENSRNOG00000066668",0
"ENSRNOG00000055009",0
"ENSRNOG00000004319",4859
"ENSRNOG00000065651",0
"ENSRNOG00000057745",1
"ENSRNOG00000004160",307
"ENSRNOG00000067660",29
"ENSRNOG00000057599",0
"ENSRNOG00000056159",0
"ENSRNOG00000002346",0
"ENSRNOG00000024479",3
"ENSRNOG00000061094",0
"ENSRNOG00000068889",0
"ENSRNOG00000067646",0
"ENSRNOG00000061385",0
"ENSRNOG00000062466",744
"ENSRNOG00000057375",0
"ENSRNOG00000004249",0
"ENSRNOG00000056135",521
"ENSRNOG00000060793",5617
"ENSRNOG00000066349",0
"ENSRNOG00000057784",0
"ENSRNOG00000037455",0
"ENSRNOG00000058350",0
"ENSRNOG00000026351",0
"ENSRNOG00000052132",0
"ENSRNOG00000047231",15
"ENSRNOG00000061703",0
"ENSRNOG00000025730",823
"ENSRNOG00000006670",8
"ENSRNOG00000063434",0
"ENSRNOG00000066429",0
"ENSRNOG00000005402",250
"ENSRNOG00000059253",0
"ENSRNOG00000051360",0
"ENSRNOG00000049853",3
"ENSRNOG00000064790",1
"ENSRNOG00000025211",0
"ENSRNOG00000057907",0
"ENSRNOG00000010348",0
"ENSRNOG00000003705",0
"ENSRNOG00000053117",0
"ENSRNOG00000037661",549
"ENSRNOG00000067126",0
"ENSRNOG00000070960",0
"ENSRNOG00000022848",0
"ENSRNOG00000055202",0
"ENSRNOG00000067179",0
"ENSRNOG00000037845",0
"ENSRNOG00000069728",0
"ENSRNOG00000049849",200
"ENSRNOG00000056042",0
"ENSRNOG00000022806",10
"ENSRNOG00000069345",0
"ENSRNOG00000029330",89
"ENSRNOG00000029078",3
"ENSRNOG00000065911",0
"ENSRNOG00000059358",0
"ENSRNOG00000002379",17
"ENSRNOG00000065371",0
"ENSRNOG00000023005",0
"ENSRNOG00000011729",4
"ENSRNOG00000065841",0
"ENSRNOG00000004676",134
"ENSRNOG00000066206",0
"ENSRNOG00000052694",2
"ENSRNOG00000060712",0
"ENSRNOG00000067906",0
"ENSRNOG00000068778",0
"ENSRNOG00000065427",0
"ENSRNOG00000069571",53
"ENSRNOG00000066440",0
"ENSRNOG00000048066",0
"ENSRNOG00000056924",0
"ENSRNOG00000065224",0
"ENSRNOG00000065883",800
"ENSRNOG00000037838",13
"ENSRNOG00000068927",0
"ENSRNOG00000002387",295
"ENSRNOG00000063107",0
"ENSRNOG00000062343",0
"ENSRNOG00000052123",0
"ENSRNOG00000053261",0
"ENSRNOG00000069846",0
"ENSRNOG00000064388",0
"ENSRNOG00000028822",1615
"ENSRNOG00000054644",0
"ENSRNOG00000000879",495
"ENSRNOG00000067319",0
"ENSRNOG00000002451",0
"ENSRNOG00000062658",0
"ENSRNOG00000032973",1
"ENSRNOG00000053584",0
"ENSRNOG00000060856",0
"ENSRNOG00000011113",0
"ENSRNOG00000048817",59
"ENSRNOG00000063933",7
"ENSRNOG00000051310",0
"ENSRNOG00000002428",60
"ENSRNOG00000067786",147
"ENSRNOG00000065631",32
"ENSRNOG00000061508",266
"ENSRNOG00000029935",0
"ENSRNOG00000067513",0
"ENSRNOG00000011508",99
"ENSRNOG00000056326",0
"ENSRNOG00000002921",0
"ENSRNOG00000027520",9014
"ENSRNOG00000054559",0
"ENSRNOG00000052401",0
"ENSRNOG00000070035",212
"ENSRNOG00000053104",0
"ENSRNOG00000037839",0
"ENSRNOG00000052165",0
"ENSRNOG00000052635",0
"ENSRNOG00000070771",4
"ENSRNOG00000056635",1
"ENSRNOG00000057644",1
"ENSRNOG00000056858",0
"ENSRNOG00000058703",0
"ENSRNOG00000012786",2235
"ENSRNOG00000045577",0
"ENSRNOG00000049985",135
"ENSRNOG00000054689",547
"ENSRNOG00000059000",0
"ENSRNOG00000056735",420
"ENSRNOG00000056465",0
"ENSRNOG00000067534",0
"ENSRNOG00000009746",94
"ENSRNOG00000058792",0
"ENSRNOG00000066758",0
"ENSRNOG00000058540",0
"ENSRNOG00000055485",4
"ENSRNOG00000064032",0
"ENSRNOG00000057825",0
"ENSRNOG00000067447",0
"ENSRNOG00000054805",0
"ENSRNOG00000004903",300
"ENSRNOG00000058904",0
"ENSRNOG00000006756",7996
"ENSRNOG00000067672",0
"ENSRNOG00000068061",0
"ENSRNOG00000061367",831
"ENSRNOG00000063973",36
"ENSRNOG00000066168",0
"ENSRNOG00000068049",0
"ENSRNOG00000003187",105
"ENSRNOG00000066717",0
"ENSRNOG00000066062",0
"ENSRNOG00000058336",0
"ENSRNOG00000005303",273
"ENSRNOG00000056084",2
"ENSRNOG00000069859",0
"ENSRNOG00000003194",89
"ENSRNOG00000053885",0
"ENSRNOG00000059999",1
"ENSRNOG00000013162",19
"ENSRNOG00000070753",0
"ENSRNOG00000065170",0
"ENSRNOG00000022476",1
"ENSRNOG00000066034",0
"ENSRNOG00000070348",0
"ENSRNOG00000070790",1
"ENSRNOG00000060763",0
"ENSRNOG00000063275",1158
"ENSRNOG00000003191",498
"ENSRNOG00000068964",0
"ENSRNOG00000005387",4879
"ENSRNOG00000007733",182
"ENSRNOG00000004036",1199
"ENSRNOG00000027331",20
"ENSRNOG00000037658",178
"ENSRNOG00000030519",1
"ENSRNOG00000003622",3
"ENSRNOG00000047960",27
"ENSRNOG00000003836",0
"ENSRNOG00000014029",1447
"ENSRNOG00000033316",158
"ENSRNOG00000034182",491
"ENSRNOG00000007984",973
"ENSRNOG00000027767",0
"ENSRNOG00000012995",0
"ENSRNOG00000067596",2
"ENSRNOG00000048025",1040
"ENSRNOG00000057091",13
"ENSRNOG00000003954",0
"ENSRNOG00000062241",0
"ENSRNOG00000047339",480
"ENSRNOG00000003949",106
"ENSRNOG00000046021",8
"ENSRNOG00000027899",0
"ENSRNOG00000018923",1853
"ENSRNOG00000067767",0
"ENSRNOG00000063456",3
"ENSRNOG00000032132",2
"ENSRNOG00000056845",0
"ENSRNOG00000069852",0
"ENSRNOG00000050510",2048
"ENSRNOG00000002429",3
"ENSRNOG00000053351",0
"ENSRNOG00000003783",0
"ENSRNOG00000069303",3979
"ENSRNOG00000030759",639
"ENSRNOG00000046918",175
"ENSRNOG00000038269",0
"ENSRNOG00000004882",29
"ENSRNOG00000023256",0
"ENSRNOG00000038257",6
"ENSRNOG00000042751",0
"ENSRNOG00000040008",0
"ENSRNOG00000058952",0
"ENSRNOG00000002862",196
"ENSRNOG00000043229",0
"ENSRNOG00000050041",0
"ENSRNOG00000038066",0
"ENSRNOG00000067987",0
"ENSRNOG00000003726",27
"ENSRNOG00000071183",0
"ENSRNOG00000038046",0
"ENSRNOG00000000875",13509
"ENSRNOG00000062756",0
"ENSRNOG00000003848",2097
"ENSRNOG00000066828",0
"ENSRNOG00000054638",0
"ENSRNOG00000013018",240
"ENSRNOG00000038169",129
"ENSRNOG00000025383",992
"ENSRNOG00000002984",0
"ENSRNOG00000031534",0
"ENSRNOG00000031517",3662
"ENSRNOG00000004197",32
"ENSRNOG00000008177",45
"ENSRNOG00000042687",0
"ENSRNOG00000048706",5
"ENSRNOG00000039305",0
"ENSRNOG00000003025",0
"ENSRNOG00000026267",926
"ENSRNOG00000062879",4
"ENSRNOG00000033484",0
"ENSRNOG00000030877",0
"ENSRNOG00000042779",0
"ENSRNOG00000062360",370
"ENSRNOG00000003062",620
"ENSRNOG00000006877",550
"ENSRNOG00000021400",3
"ENSRNOG00000025290",3
"ENSRNOG00000031286",5
"ENSRNOG00000065591",35
"ENSRNOG00000003008",1
"ENSRNOG00000062346",0
"ENSRNOG00000027761",365
"ENSRNOG00000018301",124
"ENSRNOG00000048011",3
"ENSRNOG00000063494",0
"ENSRNOG00000002565",1059
"ENSRNOG00000066262",0
"ENSRNOG00000002660",128
"ENSRNOG00000062951",0
"ENSRNOG00000000871",0
"ENSRNOG00000003812",40
"ENSRNOG00000068306",1269
"ENSRNOG00000039323",0
"ENSRNOG00000028585",1057
"ENSRNOG00000031283",0
"ENSRNOG00000005736",2549
"ENSRNOG00000032807",566
"ENSRNOG00000028050",0
"ENSRNOG00000033458",0
"ENSRNOG00000042753",574
"ENSRNOG00000002784",0
"ENSRNOG00000040013",0
"ENSRNOG00000029090",0
"ENSRNOG00000037799",0
"ENSRNOG00000005135",104
"ENSRNOG00000066048",482
"ENSRNOG00000028044",0
"ENSRNOG00000021748",172
"ENSRNOG00000029736",0
"ENSRNOG00000065266",1
"ENSRNOG00000065209",0
"ENSRNOG00000032797",0
"ENSRNOG00000026315",0
"ENSRNOG00000027907",0
"ENSRNOG00000069568",424
"ENSRNOG00000069398",0
"ENSRNOG00000040033",0
"ENSRNOG00000003354",0
"ENSRNOG00000066859",0
"ENSRNOG00000053601",211
"ENSRNOG00000002592",0
"ENSRNOG00000046053",0
"ENSRNOG00000032390",0
"ENSRNOG00000003030",0
"ENSRNOG00000029850",0
"ENSRNOG00000002959",233
"ENSRNOG00000069000",0
"ENSRNOG00000054401",0
"ENSRNOG00000024884",0
"ENSRNOG00000021547",0
"ENSRNOG00000029087",106
"ENSRNOG00000048213",0
"ENSRNOG00000060542",232
"ENSRNOG00000029926",93
"ENSRNOG00000006642",237
"ENSRNOG00000007766",481
"ENSRNOG00000003377",0
"ENSRNOG00000067363",11
"ENSRNOG00000049355",4
"ENSRNOG00000046390",3
"ENSRNOG00000004322",25
"ENSRNOG00000028847",0
"ENSRNOG00000032208",0
"ENSRNOG00000037707",92
"ENSRNOG00000043182",348
"ENSRNOG00000058183",27
"ENSRNOG00000002291",187
"ENSRNOG00000049020",3
"ENSRNOG00000024801",446
"ENSRNOG00000000869",1004
"ENSRNOG00000030475",284
"ENSRNOG00000045618",0
"ENSRNOG00000062353",1152
"ENSRNOG00000046858",10
"ENSRNOG00000037610",0
"ENSRNOG00000039203",1397
"ENSRNOG00000034198",744
"ENSRNOG00000021589",23
"ENSRNOG00000067072",892
"ENSRNOG00000026227",0
"ENSRNOG00000019176",0
"ENSRNOG00000022939",343
"ENSRNOG00000037711",0
"ENSRNOG00000047100",0
"ENSRNOG00000022391",53
"ENSRNOG00000066509",0
"ENSRNOG00000037645",0
"ENSRNOG00000039192",4
"ENSRNOG00000040026",0
"ENSRNOG00000026265",0
"ENSRNOG00000066297",128
"ENSRNOG00000050465",270
"ENSRNOG00000010092",57
"ENSRNOG00000004795",0
"ENSRNOG00000012756",2
"ENSRNOG00000029512",13
"ENSRNOG00000064591",0
"ENSRNOG00000003430",0
"ENSRNOG00000039496",6386
"ENSRNOG00000039980",972
"ENSRNOG00000030645",13
"ENSRNOG00000027658",0
"ENSRNOG00000049392",2
"ENSRNOG00000012564",277
"ENSRNOG00000069556",2
"ENSRNOG00000061620",0
"ENSRNOG00000022417",361
"ENSRNOG00000003554",183
"ENSRNOG00000031533",0
"ENSRNOG00000004409",0
"ENSRNOG00000070784",0
"ENSRNOG00000003707",1296
"ENSRNOG00000063745",0
"ENSRNOG00000063942",2
"ENSRNOG00000003734",20
"ENSRNOG00000068286",7
"ENSRNOG00000023016",1
"ENSRNOG00000063278",475
"ENSRNOG00000021434",0
"ENSRNOG00000039985",1737
"ENSRNOG00000048990",0
"ENSRNOG00000003456",0
"ENSRNOG00000037506",0
"ENSRNOG00000069375",19
"ENSRNOG00000071109",0
"ENSRNOG00000003742",180
"ENSRNOG00000063966",1348
"ENSRNOG00000033413",0
"ENSRNOG00000065461",0
"ENSRNOG00000033628",0
"ENSRNOG00000065004",13
"ENSRNOG00000029322",0
"ENSRNOG00000067186",0
"ENSRNOG00000007345",190
"ENSRNOG00000049908",178
"ENSRNOG00000063711",1
"ENSRNOG00000062329",20
"ENSRNOG00000069341",0
"ENSRNOG00000062994",0
"ENSRNOG00000058089",0
"ENSRNOG00000034150",1407
"ENSRNOG00000064868",0
"ENSRNOG00000030434",0
"ENSRNOG00000045535",676
"ENSRNOG00000062421",407
"ENSRNOG00000029788",0
"ENSRNOG00000066544",0
"ENSRNOG00000069643",0
"ENSRNOG00000058173",0
"ENSRNOG00000007688",94
"ENSRNOG00000067223",39
"ENSRNOG00000070469",0
"ENSRNOG00000066398",2
"ENSRNOG00000013321",716
"ENSRNOG00000070141",0
"ENSRNOG00000059783",0
"ENSRNOG00000043487",1
"ENSRNOG00000005176",14
"ENSRNOG00000003472",480
"ENSRNOG00000067844",6
"ENSRNOG00000067113",0
"ENSRNOG00000067936",0
"ENSRNOG00000063423",0
"ENSRNOG00000047491",3
"ENSRNOG00000063525",0
"ENSRNOG00000002509",1437
"ENSRNOG00000060421",0
"ENSRNOG00000048356",698
"ENSRNOG00000040249",1
"ENSRNOG00000051885",5
"ENSRNOG00000058333",0
"ENSRNOG00000005681",1
"ENSRNOG00000070384",3
"ENSRNOG00000004971",202
"ENSRNOG00000052773",0
"ENSRNOG00000069211",0
"ENSRNOG00000050915",0
"ENSRNOG00000002449",1261
"ENSRNOG00000059720",0
"ENSRNOG00000005157",5009
"ENSRNOG00000038970",952
"ENSRNOG00000064829",185
"ENSRNOG00000064917",398
"ENSRNOG00000007014",6
"ENSRNOG00000068201",0
"ENSRNOG00000062296",23
"ENSRNOG00000037399",0
"ENSRNOG00000062231",438
"ENSRNOG00000065027",0
"ENSRNOG00000023440",75
"ENSRNOG00000000873",0
"ENSRNOG00000003531",0
"ENSRNOG00000024763",30
"ENSRNOG00000068015",0
"ENSRNOG00000068349",8
"ENSRNOG00000046097",0
"ENSRNOG00000068897",0
"ENSRNOG00000051726",0
"ENSRNOG00000007495",12
"ENSRNOG00000065503",0
"ENSRNOG00000002537",112
"ENSRNOG00000003883",78
"ENSRNOG00000003532",0
"ENSRNOG00000071107",0
"ENSRNOG00000043402",0
"ENSRNOG00000071186",0
"ENSRNOG00000064144",0
"ENSRNOG00000070324",0
"ENSRNOG00000003809",1840
"ENSRNOG00000060137",376
"ENSRNOG00000071039",0
"ENSRNOG00000000866",2100
"ENSRNOG00000003763",1251
"ENSRNOG00000032418",0
"ENSRNOG00000024322",59
"ENSRNOG00000000861",1
"ENSRNOG00000032629",2
"ENSRNOG00000006632",1235
"ENSRNOG00000011562",0
"ENSRNOG00000057706",1180
"ENSRNOG00000002413",2157
"ENSRNOG00000070217",4
"ENSRNOG00000061782",294
"ENSRNOG00000049579",0
"ENSRNOG00000007644",618
"ENSRNOG00000003049",927
"ENSRNOG00000003409",0
"ENSRNOG00000003081",65
"ENSRNOG00000064007",1
"ENSRNOG00000069252",0
"ENSRNOG00000003139",1193
"ENSRNOG00000003860",4
"ENSRNOG00000027831",114
"ENSRNOG00000029158",0
"ENSRNOG00000012560",0
"ENSRNOG00000003713",0
"ENSRNOG00000058975",1130
"ENSRNOG00000046662",516
"ENSRNOG00000060486",69
"ENSRNOG00000063224",0
"ENSRNOG00000063647",2
"ENSRNOG00000058521",0
"ENSRNOG00000066658",0
"ENSRNOG00000001465",4115
"ENSRNOG00000070796",0
"ENSRNOG00000037381",0
"ENSRNOG00000031222",0
"ENSRNOG00000063675",0
"ENSRNOG00000058507",16
"ENSRNOG00000048059",1
"ENSRNOG00000011047",1001
"ENSRNOG00000063254",217
"ENSRNOG00000011096",420
"ENSRNOG00000063631",8
"ENSRNOG00000067343",3
"ENSRNOG00000062315",0
"ENSRNOG00000069253",0
"ENSRNOG00000052572",1
"ENSRNOG00000022882",6651
"ENSRNOG00000064535",234
"ENSRNOG00000053397",7
"ENSRNOG00000003435",5
"ENSRNOG00000061428",0
"ENSRNOG00000056855",0
"ENSRNOG00000067514",66
"ENSRNOG00000069396",126
"ENSRNOG00000015544",741
"ENSRNOG00000011335",0
"ENSRNOG00000066670",0
"ENSRNOG00000057464",439
"ENSRNOG00000062783",0
"ENSRNOG00000059593",323
"ENSRNOG00000068777",0
"ENSRNOG00000053402",1
"ENSRNOG00000051704",14
"ENSRNOG00000048606",670
"ENSRNOG00000052022",0
"ENSRNOG00000058317",0
"ENSRNOG00000064273",0
"ENSRNOG00000056558",0
"ENSRNOG00000066176",0
"ENSRNOG00000069761",0
"ENSRNOG00000070033",473
"ENSRNOG00000068983",0
"ENSRNOG00000055822",0
"ENSRNOG00000068104",2
"ENSRNOG00000069789",0
"ENSRNOG00000056765",26999
"ENSRNOG00000066728",0
"ENSRNOG00000058882",1123
"ENSRNOG00000055185",0
"ENSRNOG00000061182",0
"ENSRNOG00000050177",0
"ENSRNOG00000055756",1458
"ENSRNOG00000056524",576
"ENSRNOG00000064693",1
"ENSRNOG00000057620",1688
"ENSRNOG00000054272",887
"ENSRNOG00000006082",28
"ENSRNOG00000068860",2
"ENSRNOG00000006523",264
"ENSRNOG00000063707",0
"ENSRNOG00000062976",0
"ENSRNOG00000064245",0
"ENSRNOG00000006929",880
"ENSRNOG00000062682",0
"ENSRNOG00000063148",0
"ENSRNOG00000040287",4136
"ENSRNOG00000066971",0
"ENSRNOG00000065042",0
"ENSRNOG00000067603",0
"ENSRNOG00000032136",741
"ENSRNOG00000062915",0
"ENSRNOG00000033376",0
"ENSRNOG00000065459",0
"ENSRNOG00000004706",0
"ENSRNOG00000066380",0
"ENSRNOG00000069750",0
"ENSRNOG00000071091",0
"ENSRNOG00000066590",0
"ENSRNOG00000068696",0
"ENSRNOG00000070047",0
"ENSRNOG00000063672",0
"ENSRNOG00000025926",848
"ENSRNOG00000070891",0
"ENSRNOG00000068413",0
"ENSRNOG00000065690",0
"ENSRNOG00000004806",643
"ENSRNOG00000015796",108
"ENSRNOG00000007023",1026
"ENSRNOG00000015667",0
"ENSRNOG00000005289",2800
"ENSRNOG00000015059",498
"ENSRNOG00000016110",2
"ENSRNOG00000067942",8
"ENSRNOG00000067086",924
"ENSRNOG00000068285",0
"ENSRNOG00000005279",282
"ENSRNOG00000040136",0
"ENSRNOG00000024372",122
"ENSRNOG00000005087",802
"ENSRNOG00000024525",203
"ENSRNOG00000014879",266
"ENSRNOG00000064368",65
"ENSRNOG00000066755",232
"ENSRNOG00000016528",409
"ENSRNOG00000015566",9
"ENSRNOG00000005705",17
"ENSRNOG00000028504",1667
"ENSRNOG00000016703",4
"ENSRNOG00000005810",0
"ENSRNOG00000016688",2189
"ENSRNOG00000042932",381
"ENSRNOG00000015603",238
"ENSRNOG00000030328",596
"ENSRNOG00000062519",0
"ENSRNOG00000016712",0
"ENSRNOG00000015215",229
"ENSRNOG00000032703",150
"ENSRNOG00000062904",27
"ENSRNOG00000015325",443
"ENSRNOG00000005856",353
"ENSRNOG00000046926",0
"ENSRNOG00000016783",0
"ENSRNOG00000049335",5
"ENSRNOG00000070800",0
"ENSRNOG00000021318",270
"ENSRNOG00000040110",985
"ENSRNOG00000048315",546
"ENSRNOG00000002516",413
"ENSRNOG00000014720",604
"ENSRNOG00000068029",10
"ENSRNOG00000069334",0
"ENSRNOG00000050220",13
"ENSRNOG00000057031",4
"ENSRNOG00000007172",2186
"ENSRNOG00000005124",613
"ENSRNOG00000069544",0
"ENSRNOG00000070393",0
"ENSRNOG00000005420",0
"ENSRNOG00000066978",0
"ENSRNOG00000016396",969
"ENSRNOG00000005250",0
"ENSRNOG00000016134",301
"ENSRNOG00000063108",1588
"ENSRNOG00000015559",1
"ENSRNOG00000030667",484
"ENSRNOG00000062020",0
"ENSRNOG00000068059",0
"ENSRNOG00000051000",0
"ENSRNOG00000069250",0
"ENSRNOG00000004188",1
"ENSRNOG00000029776",0
"ENSRNOG00000049398",0
"ENSRNOG00000062685",0
"ENSRNOG00000069124",3
"ENSRNOG00000040045",248
"ENSRNOG00000004577",528
"ENSRNOG00000052193",0
"ENSRNOG00000031342",123
"ENSRNOG00000005877",1723
"ENSRNOG00000028518",0
"ENSRNOG00000002495",18
"ENSRNOG00000065320",0
"ENSRNOG00000031564",1
"ENSRNOG00000005067",2656
"ENSRNOG00000024310",0
"ENSRNOG00000050408",0
"ENSRNOG00000004208",692
"ENSRNOG00000032523",8
"ENSRNOG00000030629",102
"ENSRNOG00000064208",0
"ENSRNOG00000062523",13
"ENSRNOG00000065148",660
"ENSRNOG00000064848",57
"ENSRNOG00000046279",14
"ENSRNOG00000063865",0
"ENSRNOG00000007744",405
"ENSRNOG00000068283",0
"ENSRNOG00000029871",11
"ENSRNOG00000068823",0
"ENSRNOG00000068981",1
"ENSRNOG00000030034",7
"ENSRNOG00000067080",0
"ENSRNOG00000039207",7
"ENSRNOG00000047115",226
"ENSRNOG00000007326",697
"ENSRNOG00000047877",0
"ENSRNOG00000056825",1
"ENSRNOG00000063683",0
"ENSRNOG00000007951",0
"ENSRNOG00000011091",0
"ENSRNOG00000065478",24
"ENSRNOG00000069569",26
"ENSRNOG00000032513",1
"ENSRNOG00000068008",0
"ENSRNOG00000066939",9
"ENSRNOG00000064210",12
"ENSRNOG00000006399",1178
"ENSRNOG00000067232",137
"ENSRNOG00000068503",1
"ENSRNOG00000067053",0
"ENSRNOG00000069610",256
"ENSRNOG00000067921",3
"ENSRNOG00000062245",2035
"ENSRNOG00000027136",600
"ENSRNOG00000070156",1
"ENSRNOG00000062594",0
"ENSRNOG00000029594",1740
"ENSRNOG00000067976",770
"ENSRNOG00000064776",2
"ENSRNOG00000031317",1
"ENSRNOG00000007006",279
"ENSRNOG00000030058",0
"ENSRNOG00000066517",0
"ENSRNOG00000068318",1
"ENSRNOG00000002874",370
"ENSRNOG00000066790",1
"ENSRNOG00000065578",37
"ENSRNOG00000034026",764
"ENSRNOG00000030869",24
"ENSRNOG00000063393",0
"ENSRNOG00000068021",1
"ENSRNOG00000027126",0
"ENSRNOG00000062958",1
"ENSRNOG00000069324",2
"ENSRNOG00000031285",274
"ENSRNOG00000005151",557
"ENSRNOG00000066637",8465
"ENSRNOG00000004589",40
"ENSRNOG00000067538",1
"ENSRNOG00000022697",0
"ENSRNOG00000006340",2416
"ENSRNOG00000068506",0
"ENSRNOG00000008614",345
"ENSRNOG00000049817",0
"ENSRNOG00000068533",125
"ENSRNOG00000067189",1
"ENSRNOG00000069525",1
"ENSRNOG00000062652",30530
"ENSRNOG00000067745",26
"ENSRNOG00000064997",5
"ENSRNOG00000026742",1478
"ENSRNOG00000038771",14
"ENSRNOG00000064247",0
"ENSRNOG00000066665",188
"ENSRNOG00000065542",7
"ENSRNOG00000008584",54
"ENSRNOG00000004163",0
"ENSRNOG00000066455",0
"ENSRNOG00000064012",1
"ENSRNOG00000067139",0
"ENSRNOG00000021403",1102
"ENSRNOG00000069562",0
"ENSRNOG00000025899",723
"ENSRNOG00000004509",481
"ENSRNOG00000069167",0
"ENSRNOG00000007459",4849
"ENSRNOG00000062786",10
"ENSRNOG00000028058",0
"ENSRNOG00000066124",1
"ENSRNOG00000067724",15
"ENSRNOG00000066295",1
"ENSRNOG00000063720",15
"ENSRNOG00000069486",0
"ENSRNOG00000067604",0
"ENSRNOG00000005053",3
"ENSRNOG00000069595",241
"ENSRNOG00000065782",2
"ENSRNOG00000062750",0
"ENSRNOG00000004499",11
"ENSRNOG00000065519",205
"ENSRNOG00000027042",0
"ENSRNOG00000008299",1
"ENSRNOG00000068248",0
"ENSRNOG00000069517",0
"ENSRNOG00000033058",112
"ENSRNOG00000031263",2
"ENSRNOG00000068280",0
"ENSRNOG00000070424",1799
"ENSRNOG00000066530",0
"ENSRNOG00000029172",128
"ENSRNOG00000042697",24
"ENSRNOG00000065241",280
"ENSRNOG00000070862",0
"ENSRNOG00000065535",0
"ENSRNOG00000069422",0
"ENSRNOG00000068162",4
"ENSRNOG00000065552",0
"ENSRNOG00000007081",485
"ENSRNOG00000006599",1
"ENSRNOG00000004535",0
"ENSRNOG00000066075",0
"ENSRNOG00000007237",866
"ENSRNOG00000029835",14
"ENSRNOG00000066896",0
"ENSRNOG00000008086",1
"ENSRNOG00000064224",0
"ENSRNOG00000069102",0
"ENSRNOG00000063453",0
"ENSRNOG00000004526",1721
"ENSRNOG00000009039",638
"ENSRNOG00000004582",21
"ENSRNOG00000063643",0
"ENSRNOG00000070058",0
"ENSRNOG00000070426",4
"ENSRNOG00000066119",61
"ENSRNOG00000067664",0
"ENSRNOG00000055777",2316
"ENSRNOG00000070307",6
"ENSRNOG00000063858",0
"ENSRNOG00000068442",0
"ENSRNOG00000010126",180
"ENSRNOG00000051551",1
"ENSRNOG00000009285",229
"ENSRNOG00000012062",6825
"ENSRNOG00000056011",315
"ENSRNOG00000038335",0
"ENSRNOG00000065489",0
"ENSRNOG00000068325",3
"ENSRNOG00000042752",30
"ENSRNOG00000068738",12
"ENSRNOG00000012085",313
"ENSRNOG00000053311",0
"ENSRNOG00000066833",0
"ENSRNOG00000042542",0
"ENSRNOG00000068002",1
"ENSRNOG00000033090",2397
"ENSRNOG00000063339",960
"ENSRNOG00000011026",725
"ENSRNOG00000063888",0
"ENSRNOG00000067219",0
"ENSRNOG00000066815",0
"ENSRNOG00000064769",262
"ENSRNOG00000062878",0
"ENSRNOG00000071076",0
"ENSRNOG00000009151",142
"ENSRNOG00000066282",311
"ENSRNOG00000050817",229
"ENSRNOG00000061911",2
"ENSRNOG00000012652",0
"ENSRNOG00000008644",0
"ENSRNOG00000070197",0
"ENSRNOG00000032375",0
"ENSRNOG00000068075",3
"ENSRNOG00000052017",0
"ENSRNOG00000063825",107
"ENSRNOG00000027317",1667
"ENSRNOG00000053429",0
"ENSRNOG00000005610",144
"ENSRNOG00000005249",1310
"ENSRNOG00000069735",0
"ENSRNOG00000067643",0
"ENSRNOG00000030294",579
"ENSRNOG00000004269",0
"ENSRNOG00000004262",311
"ENSRNOG00000039902",1758
"ENSRNOG00000067034",0
"ENSRNOG00000066171",5
"ENSRNOG00000032348",142
"ENSRNOG00000005826",3818
"ENSRNOG00000004657",2787
"ENSRNOG00000066846",2
"ENSRNOG00000008683",6
"ENSRNOG00000067897",0
"ENSRNOG00000063718",29
"ENSRNOG00000006321",24
"ENSRNOG00000067198",3
"ENSRNOG00000070054",1
"ENSRNOG00000068419",4
"ENSRNOG00000071152",0
"ENSRNOG00000004360",218
"ENSRNOG00000066662",0
"ENSRNOG00000008806",1
"ENSRNOG00000068595",6
"ENSRNOG00000004696",1028
"ENSRNOG00000008942",1
"ENSRNOG00000063663",0
"ENSRNOG00000007390",318
"ENSRNOG00000056792",0
"ENSRNOG00000071054",0
"ENSRNOG00000027191",3990
"ENSRNOG00000006976",459
"ENSRNOG00000065348",112
"ENSRNOG00000005144",396
"ENSRNOG00000006878",0
"ENSRNOG00000007254",1
"ENSRNOG00000008931",6
"ENSRNOG00000004205",358
"ENSRNOG00000060614",8675
"ENSRNOG00000004199",174
"ENSRNOG00000004103",103
"ENSRNOG00000007690",31
"ENSRNOG00000025317",139
"ENSRNOG00000065555",120
"ENSRNOG00000004646",1
"ENSRNOG00000004061",454
"ENSRNOG00000026316",584
"ENSRNOG00000008082",21
"ENSRNOG00000009385",1
"ENSRNOG00000009284",2
"ENSRNOG00000008479",1066
"ENSRNOG00000004928",1
"ENSRNOG00000004612",2926
"ENSRNOG00000022791",0
"ENSRNOG00000007253",311
"ENSRNOG00000027305",0
"ENSRNOG00000068412",372
"ENSRNOG00000009790",0
"ENSRNOG00000062834",395
"ENSRNOG00000069769",653
"ENSRNOG00000058692",0
"ENSRNOG00000046262",0
"ENSRNOG00000066667",1
"ENSRNOG00000007907",66
"ENSRNOG00000005660",25
"ENSRNOG00000007646",1515
"ENSRNOG00000066260",1
"ENSRNOG00000024905",2
"ENSRNOG00000006828",331
"ENSRNOG00000026037",2
"ENSRNOG00000009079",555
"ENSRNOG00000004382",791
"ENSRNOG00000005285",163
"ENSRNOG00000004723",652
"ENSRNOG00000005550",0
"ENSRNOG00000057813",342
"ENSRNOG00000007884",90
"ENSRNOG00000004685",705
"ENSRNOG00000046740",2087
"ENSRNOG00000067489",0
"ENSRNOG00000046896",0
"ENSRNOG00000005061",1501
"ENSRNOG00000068245",2
"ENSRNOG00000006986",114
"ENSRNOG00000004534",7
"ENSRNOG00000047941",3
"ENSRNOG00000006364",633
"ENSRNOG00000004901",133
"ENSRNOG00000032776",586
"ENSRNOG00000040266",90
"ENSRNOG00000026905",1165
"ENSRNOG00000064975",460
"ENSRNOG00000005530",0
"ENSRNOG00000027332",18
"ENSRNOG00000050570",2334
"ENSRNOG00000004927",388
"ENSRNOG00000027343",3
"ENSRNOG00000023591",400
"ENSRNOG00000053460",0
"ENSRNOG00000008155",127
"ENSRNOG00000006090",0
"ENSRNOG00000029637",0
"ENSRNOG00000004941",394
"ENSRNOG00000006146",0
"ENSRNOG00000007043",156
"ENSRNOG00000009856",2176
"ENSRNOG00000049989",266
"ENSRNOG00000069218",0
"ENSRNOG00000051280",140
"ENSRNOG00000004364",1555
"ENSRNOG00000067360",62
"ENSRNOG00000056610",665
"ENSRNOG00000058973",350
"ENSRNOG00000007114",457
"ENSRNOG00000006204",11
"ENSRNOG00000005998",10417
"ENSRNOG00000027360",1261
"ENSRNOG00000008423",3
"ENSRNOG00000004710",37
"ENSRNOG00000008927",1456
"ENSRNOG00000008961",708
"ENSRNOG00000008249",767
"ENSRNOG00000025388",81
"ENSRNOG00000063368",14
"ENSRNOG00000042333",95
"ENSRNOG00000055899",0
"ENSRNOG00000008996",6
"ENSRNOG00000047455",0
"ENSRNOG00000005298",356
"ENSRNOG00000008291",271
"ENSRNOG00000056721",440
"ENSRNOG00000010553",17
"ENSRNOG00000010800",5594
"ENSRNOG00000010653",404
"ENSRNOG00000009754",790
"ENSRNOG00000011918",8
"ENSRNOG00000026884",1192
"ENSRNOG00000023093",142
"ENSRNOG00000007106",857
"ENSRNOG00000024629",2719
"ENSRNOG00000047312",0
"ENSRNOG00000048145",0
"ENSRNOG00000068687",166
"ENSRNOG00000032391",2504
"ENSRNOG00000065342",0
"ENSRNOG00000036490",0
"ENSRNOG00000022970",0
"ENSRNOG00000005260",252
"ENSRNOG00000003988",235
"ENSRNOG00000035618",0
"ENSRNOG00000068695",4
"ENSRNOG00000035634",0
"ENSRNOG00000026344",0
"ENSRNOG00000035612",0
"ENSRNOG00000007061",79
"ENSRNOG00000046172",1334
"ENSRNOG00000023230",49
"ENSRNOG00000010194",94
"ENSRNOG00000046763",3
"ENSRNOG00000012094",2373
"ENSRNOG00000047143",150
"ENSRNOG00000045892",975
"ENSRNOG00000005301",604
"ENSRNOG00000011040",471
"ENSRNOG00000063727",0
"ENSRNOG00000022738",1088
"ENSRNOG00000050114",0
"ENSRNOG00000049783",2055
"ENSRNOG00000069999",6
"ENSRNOG00000067033",1
"ENSRNOG00000005522",53
"ENSRNOG00000028650",617
"ENSRNOG00000049615",13
"ENSRNOG00000056904",1086
"ENSRNOG00000010227",204
"ENSRNOG00000067279",0
"ENSRNOG00000000618",4
"ENSRNOG00000050386",0
"ENSRNOG00000011111",862
"ENSRNOG00000037436",2
"ENSRNOG00000064159",0
"ENSRNOG00000024766",3
"ENSRNOG00000003759",61
"ENSRNOG00000049430",763
"ENSRNOG00000047088",5332
"ENSRNOG00000004521",694
"ENSRNOG00000010646",91
"ENSRNOG00000004158",91
"ENSRNOG00000065590",0
"ENSRNOG00000012950",11
"ENSRNOG00000012146",644
"ENSRNOG00000005410",19
"ENSRNOG00000004629",304
"ENSRNOG00000047708",712
"ENSRNOG00000010750",193
"ENSRNOG00000003908",169
"ENSRNOG00000039815",276
"ENSRNOG00000062909",0
"ENSRNOG00000005371",730
"ENSRNOG00000070656",0
"ENSRNOG00000064799",341
"ENSRNOG00000004342",1546
"ENSRNOG00000004196",782
"ENSRNOG00000050413",11
"ENSRNOG00000003732",384
"ENSRNOG00000066482",0
"ENSRNOG00000007141",280
"ENSRNOG00000004218",130
"ENSRNOG00000005054",4
"ENSRNOG00000012264",611
"ENSRNOG00000004068",1804
"ENSRNOG00000005451",2
"ENSRNOG00000025689",305
"ENSRNOG00000012314",127
"ENSRNOG00000010567",167
"ENSRNOG00000025736",0
"ENSRNOG00000005650",71
"ENSRNOG00000004415",1104
"ENSRNOG00000037998",945
"ENSRNOG00000009898",0
"ENSRNOG00000027960",145
"ENSRNOG00000009905",0
"ENSRNOG00000067599",0
"ENSRNOG00000025726",0
"ENSRNOG00000005678",6557
"ENSRNOG00000005003",1
"ENSRNOG00000051056",184
"ENSRNOG00000011334",0
"ENSRNOG00000046741",531
"ENSRNOG00000008246",864
"ENSRNOG00000003955",503
"ENSRNOG00000008047",1
"ENSRNOG00000062802",0
"ENSRNOG00000028629",3283
"ENSRNOG00000067630",0
"ENSRNOG00000062500",66
"ENSRNOG00000009448",10
"ENSRNOG00000011101",371
"ENSRNOG00000064692",2
"ENSRNOG00000008612",1266
"ENSRNOG00000021751",10
"ENSRNOG00000010730",0
"ENSRNOG00000005154",1
"ENSRNOG00000010259",0
"ENSRNOG00000046256",1186
"ENSRNOG00000004994",2
"ENSRNOG00000008501",1
"ENSRNOG00000009967",0
"ENSRNOG00000021475",930
"ENSRNOG00000009653",1077
"ENSRNOG00000028640",356
"ENSRNOG00000006119",0
"ENSRNOG00000037562",41
"ENSRNOG00000048378",0
"ENSRNOG00000068680",1
"ENSRNOG00000006467",1226
"ENSRNOG00000004186",531
"ENSRNOG00000014595",265
"ENSRNOG00000005542",1
"ENSRNOG00000011719",8
"ENSRNOG00000014693",559
"ENSRNOG00000004542",695
"ENSRNOG00000026474",2112
"ENSRNOG00000063964",454
"ENSRNOG00000009110",1288
"ENSRNOG00000009459",927
"ENSRNOG00000011285",0
"ENSRNOG00000006046",0
"ENSRNOG00000056141",187
"ENSRNOG00000004300",624
"ENSRNOG00000048874",1
"ENSRNOG00000023508",0
"ENSRNOG00000033776",3790
"ENSRNOG00000049088",51
"ENSRNOG00000008610",187
"ENSRNOG00000012210",1217
"ENSRNOG00000057628",463
"ENSRNOG00000010415",368
"ENSRNOG00000063175",0
"ENSRNOG00000067159",9
"ENSRNOG00000034190",0
"ENSRNOG00000048981",466
"ENSRNOG00000059106",0
"ENSRNOG00000064221",0
"ENSRNOG00000028155",183
"ENSRNOG00000062788",0
"ENSRNOG00000028783",939
"ENSRNOG00000064356",0
"ENSRNOG00000054892",0
"ENSRNOG00000007923",374
"ENSRNOG00000066742",0
"ENSRNOG00000064938",85
"ENSRNOG00000050312",2
"ENSRNOG00000063558",0
"ENSRNOG00000005046",230
"ENSRNOG00000070473",0
"ENSRNOG00000070272",0
"ENSRNOG00000068546",0
"ENSRNOG00000004242",33
"ENSRNOG00000065483",0
"ENSRNOG00000008015",94
"ENSRNOG00000025049",0
"ENSRNOG00000066357",0
"ENSRNOG00000059947",1922
"ENSRNOG00000067258",0
"ENSRNOG00000026578",0
"ENSRNOG00000004709",925
"ENSRNOG00000065959",0
"ENSRNOG00000010457",140
"ENSRNOG00000069158",0
"ENSRNOG00000051710",1
"ENSRNOG00000066107",0
"ENSRNOG00000065996",0
"ENSRNOG00000003999",245
"ENSRNOG00000005770",0
"ENSRNOG00000062991",0
"ENSRNOG00000008588",0
"ENSRNOG00000051976",0
"ENSRNOG00000059295",719
"ENSRNOG00000063789",0
"ENSRNOG00000068799",0
"ENSRNOG00000065834",0
"ENSRNOG00000061433",0
"ENSRNOG00000071213",0
"ENSRNOG00000004425",22
"ENSRNOG00000050111",76
"ENSRNOG00000008754",151
"ENSRNOG00000005470",191
"ENSRNOG00000067815",0
"ENSRNOG00000023116",2
"ENSRNOG00000067688",0
"ENSRNOG00000063638",0
"ENSRNOG00000004059",111
"ENSRNOG00000063750",0
"ENSRNOG00000008812",1339
"ENSRNOG00000053761",0
"ENSRNOG00000064450",0
"ENSRNOG00000070986",0
"ENSRNOG00000060721",0
"ENSRNOG00000068804",0
"ENSRNOG00000064737",8
"ENSRNOG00000063542",0
"ENSRNOG00000006062",784
"ENSRNOG00000027707",365
"ENSRNOG00000066035",25
"ENSRNOG00000004239",0
"ENSRNOG00000066457",0
"ENSRNOG00000030332",0
"ENSRNOG00000005718",167
"ENSRNOG00000062402",0
"ENSRNOG00000067691",4
"ENSRNOG00000068455",0
"ENSRNOG00000070538",0
"ENSRNOG00000006588",1847
"ENSRNOG00000032178",315
"ENSRNOG00000063661",0
"ENSRNOG00000063928",0
"ENSRNOG00000069392",65
"ENSRNOG00000008781",635
"ENSRNOG00000070039",8
"ENSRNOG00000066459",0
"ENSRNOG00000005264",938
"ENSRNOG00000067294",0
"ENSRNOG00000065039",0
"ENSRNOG00000060568",864
"ENSRNOG00000068630",0
"ENSRNOG00000065917",0
"ENSRNOG00000067879",0
"ENSRNOG00000046064",7
"ENSRNOG00000053121",0
"ENSRNOG00000011394",233
"ENSRNOG00000005096",1108
"ENSRNOG00000051923",1
"ENSRNOG00000004908",891
"ENSRNOG00000063188",259
"ENSRNOG00000054705",0
"ENSRNOG00000004234",1133
"ENSRNOG00000061723",0
"ENSRNOG00000064344",0
"ENSRNOG00000063323",0
"ENSRNOG00000070565",0
"ENSRNOG00000059576",0
"ENSRNOG00000065018",0
"ENSRNOG00000057665",2
"ENSRNOG00000063791",0
"ENSRNOG00000005023",0
"ENSRNOG00000052171",0
"ENSRNOG00000036243",0
"ENSRNOG00000062520",0
"ENSRNOG00000036489",0
"ENSRNOG00000063060",139
"ENSRNOG00000011908",1124
"ENSRNOG00000068022",0
"ENSRNOG00000059648",0
"ENSRNOG00000035409",0
"ENSRNOG00000005733",1569
"ENSRNOG00000040386",0
"ENSRNOG00000060643",0
"ENSRNOG00000064481",0
"ENSRNOG00000045015",0
"ENSRNOG00000053020",0
"ENSRNOG00000066562",0
"ENSRNOG00000063355",5
"ENSRNOG00000005623",1592
"ENSRNOG00000071087",0
"ENSRNOG00000004899",2
"ENSRNOG00000035574",0
"ENSRNOG00000070406",0
"ENSRNOG00000057513",0
"ENSRNOG00000036492",0
"ENSRNOG00000058165",0
"ENSRNOG00000062646",0
"ENSRNOG00000036496",0
"ENSRNOG00000056412",0
"ENSRNOG00000036499",0
"ENSRNOG00000061016",0
"ENSRNOG00000036493",0
"ENSRNOG00000065181",0
"ENSRNOG00000066677",0
"ENSRNOG00000035507",0
"ENSRNOG00000004474",611
"ENSRNOG00000065445",0
"ENSRNOG00000035490",0
"ENSRNOG00000009318",762
"ENSRNOG00000053799",0
"ENSRNOG00000035625",0
"ENSRNOG00000060052",0
"ENSRNOG00000069022",0
"ENSRNOG00000040354",0
"ENSRNOG00000062762",0
"ENSRNOG00000061364",0
"ENSRNOG00000050073",0
"ENSRNOG00000070846",0
"ENSRNOG00000036488",0
"ENSRNOG00000053000",0
"ENSRNOG00000040406",0
"ENSRNOG00000062609",0
"ENSRNOG00000004210",9437
"ENSRNOG00000036487",0
"ENSRNOG00000054621",0
"ENSRNOG00000004083",1722
"ENSRNOG00000065055",0
"ENSRNOG00000040358",0
"ENSRNOG00000058196",0
"ENSRNOG00000035615",0
"ENSRNOG00000070589",0
"ENSRNOG00000036491",0
"ENSRNOG00000065156",0
"ENSRNOG00000057500",0
"ENSRNOG00000048292",0
"ENSRNOG00000059614",0
"ENSRNOG00000006199",61
"ENSRNOG00000067155",0
"ENSRNOG00000036497",0
"ENSRNOG00000053684",0
"ENSRNOG00000011914",489
"ENSRNOG00000006865",13748
"ENSRNOG00000041468",0
"ENSRNOG00000056761",0
"ENSRNOG00000065431",0
"ENSRNOG00000067516",0
"ENSRNOG00000036249",0
"ENSRNOG00000059872",0
"ENSRNOG00000035573",0
"ENSRNOG00000051602",2
"ENSRNOG00000064415",0
"ENSRNOG00000070132",0
"ENSRNOG00000070000",0
"ENSRNOG00000009867",1069
"ENSRNOG00000049586",0
"ENSRNOG00000059869",0
"ENSRNOG00000065476",0
"ENSRNOG00000036486",0
"ENSRNOG00000063963",0
"ENSRNOG00000035515",0
"ENSRNOG00000056128",167
"ENSRNOG00000066123",0
"ENSRNOG00000066281",0
"ENSRNOG00000059151",0
"ENSRNOG00000040384",0
"ENSRNOG00000059370",0
"ENSRNOG00000066796",0
"ENSRNOG00000035527",0
"ENSRNOG00000035557",0
"ENSRNOG00000058527",0
"ENSRNOG00000035489",0
"ENSRNOG00000056323",1
"ENSRNOG00000065406",0
"ENSRNOG00000035470",0
"ENSRNOG00000057539",0
"ENSRNOG00000004498",0
"ENSRNOG00000036498",0
"ENSRNOG00000066892",0
"ENSRNOG00000059972",0
"ENSRNOG00000052456",1
"ENSRNOG00000035473",0
"ENSRNOG00000062767",0
"ENSRNOG00000035487",0
"ENSRNOG00000058064",0
"ENSRNOG00000064349",0
"ENSRNOG00000065305",222
"ENSRNOG00000040355",0
"ENSRNOG00000064436",0
"ENSRNOG00000039110",12
"ENSRNOG00000035600",0
"ENSRNOG00000053107",0
"ENSRNOG00000065952",0
"ENSRNOG00000054823",0
"ENSRNOG00000048809",0
"ENSRNOG00000004207",21
"ENSRNOG00000065490",0
"ENSRNOG00000036244",0
"ENSRNOG00000067682",0
"ENSRNOG00000061206",0
"ENSRNOG00000026649",237
"ENSRNOG00000064746",0
"ENSRNOG00000052215",0
"ENSRNOG00000006180",3296
"ENSRNOG00000040351",0
"ENSRNOG00000035497",0
"ENSRNOG00000068244",0
"ENSRNOG00000068111",0
"ENSRNOG00000035556",0
"ENSRNOG00000055941",2
"ENSRNOG00000004826",589
"ENSRNOG00000055274",0
"ENSRNOG00000035454",0
"ENSRNOG00000030771",0
"ENSRNOG00000069018",0
"ENSRNOG00000012686",10
"ENSRNOG00000035528",0
"ENSRNOG00000069838",0
"ENSRNOG00000053907",0
"ENSRNOG00000050479",0
"ENSRNOG00000070179",0
"ENSRNOG00000036263",0
"ENSRNOG00000004464",3815
"ENSRNOG00000064775",0
"ENSRNOG00000054830",0
"ENSRNOG00000064207",0
"ENSRNOG00000048004",13
"ENSRNOG00000061087",0
"ENSRNOG00000051913",1
"ENSRNOG00000030812",0
"ENSRNOG00000055074",0
"ENSRNOG00000052438",0
"ENSRNOG00000029121",0
"ENSRNOG00000063897",0
"ENSRNOG00000050997",697
"ENSRNOG00000061746",0
"ENSRNOG00000027645",0
"ENSRNOG00000069444",0
"ENSRNOG00000070951",1070
"ENSRNOG00000058769",0
"ENSRNOG00000052462",0
"ENSRNOG00000055167",0
"ENSRNOG00000062657",0
"ENSRNOG00000066819",0
"ENSRNOG00000066213",0
"ENSRNOG00000051985",0
"ENSRNOG00000063341",0
"ENSRNOG00000003972",0
"ENSRNOG00000059185",0
"ENSRNOG00000069784",20
"ENSRNOG00000067932",5
"ENSRNOG00000069940",0
"ENSRNOG00000054985",0
"ENSRNOG00000055656",0
"ENSRNOG00000065283",0
"ENSRNOG00000027300",638
"ENSRNOG00000006867",262
"ENSRNOG00000053080",0
"ENSRNOG00000061281",0
"ENSRNOG00000064886",0
"ENSRNOG00000058917",0
"ENSRNOG00000065968",15
"ENSRNOG00000049271",16
"ENSRNOG00000006333",0
"ENSRNOG00000065965",0
"ENSRNOG00000067948",4
"ENSRNOG00000068279",0
"ENSRNOG00000004667",33
"ENSRNOG00000067508",0
"ENSRNOG00000070729",0
"ENSRNOG00000056919",0
"ENSRNOG00000058397",0
"ENSRNOG00000045854",469
"ENSRNOG00000065040",0
"ENSRNOG00000056198",0
"ENSRNOG00000004923",1266
"ENSRNOG00000051372",18
"ENSRNOG00000064570",0
"ENSRNOG00000068908",0
"ENSRNOG00000062565",0
"ENSRNOG00000049223",954
"ENSRNOG00000032866",0
"ENSRNOG00000055806",1
"ENSRNOG00000070415",0
"ENSRNOG00000056614",0
"ENSRNOG00000005811",0
"ENSRNOG00000058149",0
"ENSRNOG00000070455",0
"ENSRNOG00000058594",0
"ENSRNOG00000052758",49
"ENSRNOG00000067070",13
"ENSRNOG00000060184",0
"ENSRNOG00000056818",0
"ENSRNOG00000059317",0
"ENSRNOG00000053447",0
"ENSRNOG00000067259",0
"ENSRNOG00000006652",920
"ENSRNOG00000006368",0
"ENSRNOG00000070372",0
"ENSRNOG00000049870",0
"ENSRNOG00000005063",80
"ENSRNOG00000055908",5
"ENSRNOG00000067744",0
"ENSRNOG00000069909",0
"ENSRNOG00000050653",0
"ENSRNOG00000057749",0
"ENSRNOG00000058074",0
"ENSRNOG00000005345",168
"ENSRNOG00000031440",3
"ENSRNOG00000057283",0
"ENSRNOG00000070816",0
"ENSRNOG00000051376",0
"ENSRNOG00000064235",0
"ENSRNOG00000067607",0
"ENSRNOG00000055169",0
"ENSRNOG00000067885",0
"ENSRNOG00000066374",0
"ENSRNOG00000006727",161
"ENSRNOG00000060868",0
"ENSRNOG00000004084",0
"ENSRNOG00000008728",1
"ENSRNOG00000042319",0
"ENSRNOG00000063724",8
"ENSRNOG00000067766",0
"ENSRNOG00000069300",142
"ENSRNOG00000062820",0
"ENSRNOG00000066076",0
"ENSRNOG00000024503",829
"ENSRNOG00000069751",0
"ENSRNOG00000063713",0
"ENSRNOG00000007031",1
"ENSRNOG00000063523",0
"ENSRNOG00000031203",797
"ENSRNOG00000046309",3
"ENSRNOG00000069071",0
"ENSRNOG00000064873",0
"ENSRNOG00000030235",0
"ENSRNOG00000053317",1
"ENSRNOG00000047574",0
"ENSRNOG00000004296",60
"ENSRNOG00000067551",0
"ENSRNOG00000070937",247
"ENSRNOG00000070949",0
"ENSRNOG00000039551",88
"ENSRNOG00000047891",0
"ENSRNOG00000008445",348
"ENSRNOG00000003831",108
"ENSRNOG00000004377",160
"ENSRNOG00000032924",0
"ENSRNOG00000004198",119
"ENSRNOG00000049054",0
"ENSRNOG00000004857",67
"ENSRNOG00000004520",148
"ENSRNOG00000042391",0
"ENSRNOG00000024651",46
"ENSRNOG00000063297",0
"ENSRNOG00000004893",66
"ENSRNOG00000069554",56
"ENSRNOG00000008598",1330
"ENSRNOG00000062977",1
"ENSRNOG00000066641",0
"ENSRNOG00000024338",26
"ENSRNOG00000038720",15
"ENSRNOG00000051619",59
"ENSRNOG00000004110",289
"ENSRNOG00000004216",6
"ENSRNOG00000005424",1883
"ENSRNOG00000038166",385
"ENSRNOG00000066926",0
"ENSRNOG00000050539",28927
"ENSRNOG00000069868",0
"ENSRNOG00000064490",0
"ENSRNOG00000060853",956
"ENSRNOG00000030420",0
"ENSRNOG00000064626",0
"ENSRNOG00000042634",0
"ENSRNOG00000070933",0
"ENSRNOG00000063171",0
"ENSRNOG00000004754",23
"ENSRNOG00000007504",2707
"ENSRNOG00000068813",0
"ENSRNOG00000010985",620
"ENSRNOG00000050810",0
"ENSRNOG00000004496",1471
"ENSRNOG00000062618",23
"ENSRNOG00000004823",1218
"ENSRNOG00000011112",32
"ENSRNOG00000004362",162
"ENSRNOG00000011164",436
"ENSRNOG00000060694",481
"ENSRNOG00000067058",0
"ENSRNOG00000054259",445
"ENSRNOG00000064989",57
"ENSRNOG00000006296",0
"ENSRNOG00000033206",394
"ENSRNOG00000005589",376
"ENSRNOG00000005126",2564
"ENSRNOG00000025648",1
"ENSRNOG00000003813",0
"ENSRNOG00000005540",306
"ENSRNOG00000056012",0
"ENSRNOG00000051650",3265
"ENSRNOG00000007699",739
"ENSRNOG00000004449",741
"ENSRNOG00000012685",117
"ENSRNOG00000026855",0
"ENSRNOG00000054989",9
"ENSRNOG00000027773",1018
"ENSRNOG00000011376",34
"ENSRNOG00000006388",11
"ENSRNOG00000067995",82
"ENSRNOG00000008046",0
"ENSRNOG00000029253",0
"ENSRNOG00000061050",2
"ENSRNOG00000068437",129
"ENSRNOG00000057934",1039
"ENSRNOG00000011419",1321
"ENSRNOG00000031106",0
"ENSRNOG00000004503",246
"ENSRNOG00000031655",0
"ENSRNOG00000047363",0
"ENSRNOG00000006905",3255
"ENSRNOG00000006699",90
"ENSRNOG00000026297",0
"ENSRNOG00000004794",18
"ENSRNOG00000006744",165
"ENSRNOG00000005343",1
"ENSRNOG00000009788",0
"ENSRNOG00000050197",1953
"ENSRNOG00000043441",204
"ENSRNOG00000060335",1214
"ENSRNOG00000004482",1
"ENSRNOG00000027115",3
"ENSRNOG00000007851",365
"ENSRNOG00000048412",0
"ENSRNOG00000058572",2272
"ENSRNOG00000005765",162
"ENSRNOG00000062478",32
"ENSRNOG00000006729",3
"ENSRNOG00000007901",3187
"ENSRNOG00000004458",5
"ENSRNOG00000039091",663
"ENSRNOG00000005045",947
"ENSRNOG00000050553",15
"ENSRNOG00000010605",1
"ENSRNOG00000062383",0
"ENSRNOG00000026239",154
"ENSRNOG00000011044",306
"ENSRNOG00000004345",750
"ENSRNOG00000005409",4
"ENSRNOG00000061519",1334
"ENSRNOG00000069640",0
"ENSRNOG00000004060",9121
"ENSRNOG00000009542",0
"ENSRNOG00000063821",54
"ENSRNOG00000006441",272
"ENSRNOG00000005287",99
"ENSRNOG00000058593",625
"ENSRNOG00000059402",979
"ENSRNOG00000005568",518
"ENSRNOG00000063912",0
"ENSRNOG00000052418",1035
"ENSRNOG00000006570",1530
"ENSRNOG00000005101",645
"ENSRNOG00000032669",0
"ENSRNOG00000005344",310
"ENSRNOG00000025233",0
"ENSRNOG00000058891",94
"ENSRNOG00000060278",1
"ENSRNOG00000021628",54
"ENSRNOG00000065326",34
"ENSRNOG00000054286",127
"ENSRNOG00000004067",1
"ENSRNOG00000009855",0
"ENSRNOG00000007250",577
"ENSRNOG00000007370",457
"ENSRNOG00000009921",0
"ENSRNOG00000005492",1235
"ENSRNOG00000010410",0
"ENSRNOG00000055661",329
"ENSRNOG00000061415",115
"ENSRNOG00000006911",113
"ENSRNOG00000037743",0
"ENSRNOG00000065550",4
"ENSRNOG00000062637",0
"ENSRNOG00000048191",0
"ENSRNOG00000005916",1295
"ENSRNOG00000067917",0
"ENSRNOG00000022777",563
"ENSRNOG00000007267",252
"ENSRNOG00000054663",6
"ENSRNOG00000007785",355
"ENSRNOG00000010478",0
"ENSRNOG00000007329",2035
"ENSRNOG00000023176",2662
"ENSRNOG00000008222",388
"ENSRNOG00000022622",199
"ENSRNOG00000008244",579
"ENSRNOG00000008451",1058
"ENSRNOG00000009263",1112
"ENSRNOG00000026605",282
"ENSRNOG00000004873",10
"ENSRNOG00000053811",120
"ENSRNOG00000054052",19
"ENSRNOG00000007539",2
"ENSRNOG00000060436",549
"ENSRNOG00000008950",479
"ENSRNOG00000038496",2
"ENSRNOG00000052549",0
"ENSRNOG00000008373",2423
"ENSRNOG00000052719",143
"ENSRNOG00000006472",153
"ENSRNOG00000050761",2
"ENSRNOG00000005286",5
"ENSRNOG00000059875",754
"ENSRNOG00000004232",400
"ENSRNOG00000008051",202
"ENSRNOG00000006971",5
"ENSRNOG00000004751",825
"ENSRNOG00000004165",433
"ENSRNOG00000029949",0
"ENSRNOG00000004774",0
"ENSRNOG00000009438",0
"ENSRNOG00000021885",0
"ENSRNOG00000009296",130
"ENSRNOG00000004006",201
"ENSRNOG00000005292",737
"ENSRNOG00000064508",89
"ENSRNOG00000066628",0
"ENSRNOG00000038990",0
"ENSRNOG00000006483",1792
"ENSRNOG00000004519",1460
"ENSRNOG00000064630",0
"ENSRNOG00000027444",104
"ENSRNOG00000070950",20
"ENSRNOG00000004292",387
"ENSRNOG00000064752",0
"ENSRNOG00000004841",55
"ENSRNOG00000006410",89
"ENSRNOG00000042427",524
"ENSRNOG00000058646",2255
"ENSRNOG00000007089",2975
"ENSRNOG00000021919",2728
"ENSRNOG00000006587",970
"ENSRNOG00000054770",589
"ENSRNOG00000071150",0
"ENSRNOG00000010711",935
"ENSRNOG00000008292",3722
"ENSRNOG00000037762",0
"ENSRNOG00000060851",4
"ENSRNOG00000033970",647
"ENSRNOG00000004556",1264
"ENSRNOG00000008101",65
"ENSRNOG00000046085",43
"ENSRNOG00000038480",399
"ENSRNOG00000070438",8
"ENSRNOG00000008108",878
"ENSRNOG00000008915",350
"ENSRNOG00000009117",1338
"ENSRNOG00000005323",1650
"ENSRNOG00000007062",503
"ENSRNOG00000009166",1062
"ENSRNOG00000068348",0
"ENSRNOG00000059541",0
"ENSRNOG00000069503",2
"ENSRNOG00000069889",0
"ENSRNOG00000007660",883
"ENSRNOG00000062830",0
"ENSRNOG00000070912",0
"ENSRNOG00000063243",0
"ENSRNOG00000061659",0
"ENSRNOG00000067117",0
"ENSRNOG00000069150",1
"ENSRNOG00000068122",0
"ENSRNOG00000056430",0
"ENSRNOG00000055607",0
"ENSRNOG00000059105",0
"ENSRNOG00000055672",0
"ENSRNOG00000065761",0
"ENSRNOG00000054501",0
"ENSRNOG00000068877",0
"ENSRNOG00000007364",7
"ENSRNOG00000058915",4
"ENSRNOG00000004827",2351
"ENSRNOG00000055979",0
"ENSRNOG00000066905",4
"ENSRNOG00000059161",0
"ENSRNOG00000052079",0
"ENSRNOG00000008049",2411
"ENSRNOG00000052770",1
"ENSRNOG00000064684",0
"ENSRNOG00000058332",4
"ENSRNOG00000059409",0
"ENSRNOG00000005175",984
"ENSRNOG00000056681",0
"ENSRNOG00000058875",0
"ENSRNOG00000055217",0
"ENSRNOG00000063502",0
"ENSRNOG00000058754",0
"ENSRNOG00000058198",0
"ENSRNOG00000061903",0
"ENSRNOG00000010650",16
"ENSRNOG00000057491",0
"ENSRNOG00000052183",0
"ENSRNOG00000058488",0
"ENSRNOG00000060589",0
"ENSRNOG00000047300",13
"ENSRNOG00000054970",1
"ENSRNOG00000052285",0
"ENSRNOG00000070124",0
"ENSRNOG00000063271",1
"ENSRNOG00000053398",0
"ENSRNOG00000066856",0
"ENSRNOG00000004339",786
"ENSRNOG00000065540",0
"ENSRNOG00000010914",505
"ENSRNOG00000066230",0
"ENSRNOG00000057210",0
"ENSRNOG00000056178",0
"ENSRNOG00000058813",0
"ENSRNOG00000033423",0
"ENSRNOG00000066607",0
"ENSRNOG00000066424",0
"ENSRNOG00000059267",0
"ENSRNOG00000038297",1
"ENSRNOG00000059371",0
"ENSRNOG00000055363",0
"ENSRNOG00000056408",0
"ENSRNOG00000055690",0
"ENSRNOG00000068474",0
"ENSRNOG00000068652",0
"ENSRNOG00000059389",0
"ENSRNOG00000061830",0
"ENSRNOG00000060706",0
"ENSRNOG00000066382",0
"ENSRNOG00000067818",0
"ENSRNOG00000069273",0
"ENSRNOG00000067748",0
"ENSRNOG00000070138",0
"ENSRNOG00000067707",0
"ENSRNOG00000053854",0
"ENSRNOG00000066476",0
"ENSRNOG00000065657",0
"ENSRNOG00000070908",0
"ENSRNOG00000062574",0
"ENSRNOG00000068817",0
"ENSRNOG00000063962",0
"ENSRNOG00000067874",0
"ENSRNOG00000064253",0
"ENSRNOG00000067116",0
"ENSRNOG00000062732",0
"ENSRNOG00000068604",0
"ENSRNOG00000066984",0
"ENSRNOG00000005602",581
"ENSRNOG00000065315",0
"ENSRNOG00000070806",0
"ENSRNOG00000065719",0
"ENSRNOG00000068979",0
"ENSRNOG00000063998",0
"ENSRNOG00000057567",0
"ENSRNOG00000067784",0
"ENSRNOG00000068818",0
"ENSRNOG00000065764",0
"ENSRNOG00000064927",0
"ENSRNOG00000070175",0
"ENSRNOG00000064263",0
"ENSRNOG00000068531",0
"ENSRNOG00000068812",0
"ENSRNOG00000069002",0
"ENSRNOG00000062614",0
"ENSRNOG00000067351",0
"ENSRNOG00000068172",0
"ENSRNOG00000068141",0
"ENSRNOG00000070713",0
"ENSRNOG00000070339",0
"ENSRNOG00000067746",0
"ENSRNOG00000064046",0
"ENSRNOG00000047682",3
"ENSRNOG00000004883",2050
"ENSRNOG00000056553",0
"ENSRNOG00000056756",5715
"ENSRNOG00000005052",1371
"ENSRNOG00000054817",3
"ENSRNOG00000059843",0
"ENSRNOG00000028351",0
"ENSRNOG00000008788",253
"ENSRNOG00000009080",2009
"ENSRNOG00000009432",1400
"ENSRNOG00000033973",1
"ENSRNOG00000010098",1
"ENSRNOG00000069217",5
"ENSRNOG00000045941",1702
"ENSRNOG00000008399",170
"ENSRNOG00000059245",25
"ENSRNOG00000070966",2
"ENSRNOG00000005513",1142
"ENSRNOG00000005794",1
"ENSRNOG00000038183",62
"ENSRNOG00000046864",0
"ENSRNOG00000010134",305
"ENSRNOG00000032508",0
"ENSRNOG00000007271",16
"ENSRNOG00000055221",18
"ENSRNOG00000011964",130
"ENSRNOG00000031889",0
"ENSRNOG00000071141",0
"ENSRNOG00000004488",0
"ENSRNOG00000004206",274
"ENSRNOG00000055714",5
"ENSRNOG00000007147",43
"ENSRNOG00000004442",720
"ENSRNOG00000011141",0
"ENSRNOG00000028390",118
"ENSRNOG00000005776",0
"ENSRNOG00000005274",122
"ENSRNOG00000004650",0
"ENSRNOG00000003020",19
"ENSRNOG00000004351",74
"ENSRNOG00000068484",0
"ENSRNOG00000004733",58
"ENSRNOG00000009050",1
"ENSRNOG00000014476",927
"ENSRNOG00000062855",1
"ENSRNOG00000019584",0
"ENSRNOG00000008145",383
"ENSRNOG00000011716",2
"ENSRNOG00000006985",1001
"ENSRNOG00000065213",469
"ENSRNOG00000043143",1898
"ENSRNOG00000031661",68
"ENSRNOG00000008035",180
"ENSRNOG00000021904",126
"ENSRNOG00000008056",104
"ENSRNOG00000003951",1742
"ENSRNOG00000004004",177
"ENSRNOG00000048751",0
"ENSRNOG00000006178",8265
"ENSRNOG00000071100",1
"ENSRNOG00000043137",0
"ENSRNOG00000007184",3
"ENSRNOG00000004359",2197
"ENSRNOG00000010165",1136
"ENSRNOG00000013898",684
"ENSRNOG00000010111",25
"ENSRNOG00000013097",4
"ENSRNOG00000010330",1469
"ENSRNOG00000013128",16
"ENSRNOG00000059714",1134
"ENSRNOG00000010218",2101
"ENSRNOG00000068734",0
"ENSRNOG00000004973",4459
"ENSRNOG00000007333",336
"ENSRNOG00000007850",102
"ENSRNOG00000011572",1665
"ENSRNOG00000012141",62
"ENSRNOG00000028566",2
"ENSRNOG00000005174",228
"ENSRNOG00000063056",0
"ENSRNOG00000033688",1113
"ENSRNOG00000012843",0
"ENSRNOG00000063549",0
"ENSRNOG00000058841",556
"ENSRNOG00000011542",503
"ENSRNOG00000012185",706
"ENSRNOG00000012653",692
"ENSRNOG00000067504",0
"ENSRNOG00000009675",1439
"ENSRNOG00000053631",12
"ENSRNOG00000018224",42
"ENSRNOG00000014362",220
"ENSRNOG00000043031",0
"ENSRNOG00000065115",0
"ENSRNOG00000067010",0
"ENSRNOG00000068174",0
"ENSRNOG00000027990",56
"ENSRNOG00000014744",966
"ENSRNOG00000070355",55
"ENSRNOG00000006398",0
"ENSRNOG00000028158",3
"ENSRNOG00000062324",0
"ENSRNOG00000013661",19
"ENSRNOG00000005472",169
"ENSRNOG00000004317",23
"ENSRNOG00000013690",148
"ENSRNOG00000013914",0
"ENSRNOG00000005271",19
"ENSRNOG00000011398",163
"ENSRNOG00000068254",164
"ENSRNOG00000065195",3211
"ENSRNOG00000013927",1
"ENSRNOG00000005041",6272
"ENSRNOG00000004711",4277
"ENSRNOG00000004968",101
"ENSRNOG00000063918",0
"ENSRNOG00000065191",0
"ENSRNOG00000064569",12
"ENSRNOG00000004268",886
"ENSRNOG00000010872",1900
"ENSRNOG00000037435",0
"ENSRNOG00000071153",0
"ENSRNOG00000006569",289
"ENSRNOG00000070832",0
"ENSRNOG00000009020",972
"ENSRNOG00000005917",1376
"ENSRNOG00000005804",2866
"ENSRNOG00000004768",1
"ENSRNOG00000030334",136
"ENSRNOG00000004564",1
"ENSRNOG00000060996",1
"ENSRNOG00000030705",971
"ENSRNOG00000022623",2499
"ENSRNOG00000056915",27
"ENSRNOG00000062934",2
"ENSRNOG00000069237",1
"ENSRNOG00000064225",1
"ENSRNOG00000029590",6
"ENSRNOG00000010617",14
"ENSRNOG00000005546",1134
"ENSRNOG00000007334",0
"ENSRNOG00000059744",3732
"ENSRNOG00000022632",0
"ENSRNOG00000030316",417
"ENSRNOG00000005555",0
"ENSRNOG00000037299",106
"ENSRNOG00000026875",0
"ENSRNOG00000046975",0
"ENSRNOG00000025487",0
"ENSRNOG00000030441",10
"ENSRNOG00000015750",2
"ENSRNOG00000064138",0
"ENSRNOG00000068682",0
"ENSRNOG00000069061",0
"ENSRNOG00000011781",375
"ENSRNOG00000016148",1114
"ENSRNOG00000065562",0
"ENSRNOG00000004527",11
"ENSRNOG00000070987",0
"ENSRNOG00000033161",1
"ENSRNOG00000033952",12
"ENSRNOG00000032570",0
"ENSRNOG00000064780",4
"ENSRNOG00000008133",0
"ENSRNOG00000014169",229
"ENSRNOG00000015685",246
"ENSRNOG00000033502",0
"ENSRNOG00000026873",3
"ENSRNOG00000049349",0
"ENSRNOG00000006278",6
"ENSRNOG00000032446",78
"ENSRNOG00000067069",127
"ENSRNOG00000024743",355
"ENSRNOG00000027451",85
"ENSRNOG00000025594",0
"ENSRNOG00000057824",37
"ENSRNOG00000024631",1
"ENSRNOG00000063900",40
"ENSRNOG00000016128",435
"ENSRNOG00000022268",2
"ENSRNOG00000065523",5
"ENSRNOG00000004183",82
"ENSRNOG00000004538",1313
"ENSRNOG00000016204",59
"ENSRNOG00000028988",0
"ENSRNOG00000032401",6340
"ENSRNOG00000006749",953
"ENSRNOG00000068599",1144
"ENSRNOG00000031093",1
"ENSRNOG00000013191",0
"ENSRNOG00000068130",0
"ENSRNOG00000016566",227
"ENSRNOG00000004591",255
"ENSRNOG00000062650",0
"ENSRNOG00000008978",180
"ENSRNOG00000012348",174
"ENSRNOG00000014296",0
"ENSRNOG00000004914",0
"ENSRNOG00000056458",70
"ENSRNOG00000029377",0
"ENSRNOG00000010438",53
"ENSRNOG00000070681",4
"ENSRNOG00000021463",89
"ENSRNOG00000029280",1207
"ENSRNOG00000037401",1
"ENSRNOG00000011404",611
"ENSRNOG00000007668",2
"ENSRNOG00000063153",7
"ENSRNOG00000008686",87
"ENSRNOG00000032846",85
"ENSRNOG00000029095",437
"ENSRNOG00000029535",610
"ENSRNOG00000059955",0
"ENSRNOG00000006973",158
"ENSRNOG00000063732",3991
"ENSRNOG00000060120",385
"ENSRNOG00000004843",31
"ENSRNOG00000009302",257
"ENSRNOG00000057782",0
"ENSRNOG00000063471",0
"ENSRNOG00000032777",291
"ENSRNOG00000006028",396
"ENSRNOG00000029243",713
"ENSRNOG00000030264",147
"ENSRNOG00000069627",100
"ENSRNOG00000004457",138
"ENSRNOG00000064516",630
"ENSRNOG00000004353",0
"ENSRNOG00000009539",0
"ENSRNOG00000032419",0
"ENSRNOG00000026425",912
"ENSRNOG00000029591",0
"ENSRNOG00000046044",0
"ENSRNOG00000002475",728
"ENSRNOG00000004448",118
"ENSRNOG00000069806",4165
"ENSRNOG00000064392",281
"ENSRNOG00000064488",0
"ENSRNOG00000057901",137
"ENSRNOG00000067761",0
"ENSRNOG00000029545",0
"ENSRNOG00000008392",1589
"ENSRNOG00000006426",7
"ENSRNOG00000031503",0
"ENSRNOG00000030416",129
"ENSRNOG00000033022",0
"ENSRNOG00000070196",0
"ENSRNOG00000070544",1
"ENSRNOG00000065585",0
"ENSRNOG00000004786",204
"ENSRNOG00000009614",8452
"ENSRNOG00000055530",6
"ENSRNOG00000032026",1
"ENSRNOG00000016100",17
"ENSRNOG00000063601",3
"ENSRNOG00000063518",0
"ENSRNOG00000013807",3
"ENSRNOG00000043233",197
"ENSRNOG00000008694",0
"ENSRNOG00000048201",0
"ENSRNOG00000063360",0
"ENSRNOG00000068259",11
"ENSRNOG00000064513",0
"ENSRNOG00000004572",96
"ENSRNOG00000029830",199
"ENSRNOG00000047521",0
"ENSRNOG00000064899",0
"ENSRNOG00000062310",0
"ENSRNOG00000021795",100
"ENSRNOG00000031269",913
"ENSRNOG00000067036",0
"ENSRNOG00000069189",0
"ENSRNOG00000029416",255
"ENSRNOG00000065582",0
"ENSRNOG00000004925",2701
"ENSRNOG00000009336",0
"ENSRNOG00000005332",478
"ENSRNOG00000057416",112
"ENSRNOG00000043026",1665
"ENSRNOG00000032311",0
"ENSRNOG00000068476",79
"ENSRNOG00000066966",0
"ENSRNOG00000026582",0
"ENSRNOG00000014058",1957
"ENSRNOG00000065522",0
"ENSRNOG00000062776",152
"ENSRNOG00000069078",0
"ENSRNOG00000065511",0
"ENSRNOG00000013947",748
"ENSRNOG00000042772",0
"ENSRNOG00000047264",0
"ENSRNOG00000068431",19
"ENSRNOG00000065705",0
"ENSRNOG00000005358",931
"ENSRNOG00000065067",0
"ENSRNOG00000069974",0
"ENSRNOG00000023828",0
"ENSRNOG00000067859",0
"ENSRNOG00000014440",1028
"ENSRNOG00000004947",2461
"ENSRNOG00000031915",217
"ENSRNOG00000049098",0
"ENSRNOG00000070129",0
"ENSRNOG00000007934",0
"ENSRNOG00000039448",0
"ENSRNOG00000056595",0
"ENSRNOG00000029762",0
"ENSRNOG00000050500",1838
"ENSRNOG00000043438",0
"ENSRNOG00000069548",0
"ENSRNOG00000043367",0
"ENSRNOG00000052064",0
"ENSRNOG00000014634",793
"ENSRNOG00000002333",0
"ENSRNOG00000026962",2815
"ENSRNOG00000063567",0
"ENSRNOG00000030633",2647
"ENSRNOG00000064972",0
"ENSRNOG00000023781",3151
"ENSRNOG00000006167",1
"ENSRNOG00000028911",0
"ENSRNOG00000012886",38
"ENSRNOG00000062798",642
"ENSRNOG00000068317",0
"ENSRNOG00000026913",280
"ENSRNOG00000067435",0
"ENSRNOG00000013076",1786
"ENSRNOG00000042318",0
"ENSRNOG00000022802",2947
"ENSRNOG00000063642",0
"ENSRNOG00000056930",3
"ENSRNOG00000023762",5
"ENSRNOG00000065704",3
"ENSRNOG00000063924",18
"ENSRNOG00000004149",0
"ENSRNOG00000064795",2
"ENSRNOG00000029698",133
"ENSRNOG00000068447",25
"ENSRNOG00000058406",32
"ENSRNOG00000062301",0
"ENSRNOG00000022844",1
"ENSRNOG00000029478",303
"ENSRNOG00000069732",15
"ENSRNOG00000064067",1
"ENSRNOG00000004583",0
"ENSRNOG00000007728",428
"ENSRNOG00000063063",0
"ENSRNOG00000067873",491
"ENSRNOG00000009598",619
"ENSRNOG00000067777",25
"ENSRNOG00000028214",0
"ENSRNOG00000066748",0
"ENSRNOG00000004361",287
"ENSRNOG00000070885",0
"ENSRNOG00000003890",6228
"ENSRNOG00000042496",261
"ENSRNOG00000003347",0
"ENSRNOG00000015538",1
"ENSRNOG00000011305",0
"ENSRNOG00000018920",2679
"ENSRNOG00000065865",0
"ENSRNOG00000029238",448
"ENSRNOG00000048450",27
"ENSRNOG00000069876",0
"ENSRNOG00000066458",7
"ENSRNOG00000067061",0
"ENSRNOG00000025369",0
"ENSRNOG00000068651",124
"ENSRNOG00000032394",0
"ENSRNOG00000066941",0
"ENSRNOG00000067067",1
"ENSRNOG00000014633",2175
"ENSRNOG00000037060",0
"ENSRNOG00000005577",1469
"ENSRNOG00000050212",0
"ENSRNOG00000004077",0
"ENSRNOG00000032682",0
"ENSRNOG00000061776",0
"ENSRNOG00000024170",959
"ENSRNOG00000063210",0
"ENSRNOG00000013753",3
"ENSRNOG00000062586",0
"ENSRNOG00000004438",0
"ENSRNOG00000069805",0
"ENSRNOG00000064377",0
"ENSRNOG00000026600",2
"ENSRNOG00000059733",0
"ENSRNOG00000008476",0
"ENSRNOG00000006392",555
"ENSRNOG00000068582",0
"ENSRNOG00000042056",0
"ENSRNOG00000031181",0
"ENSRNOG00000030355",1185
"ENSRNOG00000004019",1350
"ENSRNOG00000008499",0
"ENSRNOG00000063178",0
"ENSRNOG00000046472",1652
"ENSRNOG00000066452",0
"ENSRNOG00000004035",509
"ENSRNOG00000008449",5
"ENSRNOG00000067732",0
"ENSRNOG00000012953",1039
"ENSRNOG00000068277",0
"ENSRNOG00000021773",876
"ENSRNOG00000026644",1105
"ENSRNOG00000015741",51
"ENSRNOG00000024128",6275
"ENSRNOG00000051152",94
"ENSRNOG00000068156",3
"ENSRNOG00000007300",2994
"ENSRNOG00000007648",5444
"ENSRNOG00000064308",250
"ENSRNOG00000069802",132
"ENSRNOG00000064426",0
"ENSRNOG00000065340",244
"ENSRNOG00000051928",0
"ENSRNOG00000029128",3
"ENSRNOG00000055573",4
"ENSRNOG00000006762",2061
"ENSRNOG00000000186",1312
"ENSRNOG00000065176",1
"ENSRNOG00000050274",0
"ENSRNOG00000062562",0
"ENSRNOG00000064810",0
"ENSRNOG00000000185",2443
"ENSRNOG00000065217",1
"ENSRNOG00000066372",506
"ENSRNOG00000065654",0
"ENSRNOG00000004773",1022
"ENSRNOG00000064636",1
"ENSRNOG00000049053",0
"ENSRNOG00000064506",37
"ENSRNOG00000065277",0
"ENSRNOG00000021812",46
"ENSRNOG00000004471",473
"ENSRNOG00000064649",0
"ENSRNOG00000064446",0
"ENSRNOG00000067735",0
"ENSRNOG00000065149",0
"ENSRNOG00000068026",1031
"ENSRNOG00000016465",89
"ENSRNOG00000064949",0
"ENSRNOG00000062455",142
"ENSRNOG00000064715",0
"ENSRNOG00000026252",113
"ENSRNOG00000068241",45
"ENSRNOG00000068109",93
"ENSRNOG00000064395",0
"ENSRNOG00000067581",0
"ENSRNOG00000064149",31
"ENSRNOG00000070290",4
"ENSRNOG00000008988",1
"ENSRNOG00000065547",1
"ENSRNOG00000021732",1172
"ENSRNOG00000021285",138
"ENSRNOG00000008464",0
"ENSRNOG00000070351",0
"ENSRNOG00000042262",0
"ENSRNOG00000069818",15
"ENSRNOG00000065275",16
"ENSRNOG00000005378",0
"ENSRNOG00000025344",2
"ENSRNOG00000019857",58
"ENSRNOG00000007509",0
"ENSRNOG00000069272",0
"ENSRNOG00000062931",79
"ENSRNOG00000011104",32
"ENSRNOG00000009570",28
"ENSRNOG00000064557",1
"ENSRNOG00000019682",685
"ENSRNOG00000033583",79
"ENSRNOG00000007375",0
"ENSRNOG00000011214",661
"ENSRNOG00000068480",36
"ENSRNOG00000065526",38
"ENSRNOG00000055925",3972
"ENSRNOG00000007352",0
"ENSRNOG00000016952",0
"ENSRNOG00000069098",3
"ENSRNOG00000066130",4
"ENSRNOG00000008398",3
"ENSRNOG00000064418",2
"ENSRNOG00000052296",0
"ENSRNOG00000067887",29
"ENSRNOG00000007348",1
"ENSRNOG00000067221",0
"ENSRNOG00000067814",0
"ENSRNOG00000070186",0
"ENSRNOG00000050907",0
"ENSRNOG00000028711",903
"ENSRNOG00000010821",254
"ENSRNOG00000056018",1
"ENSRNOG00000026094",0
"ENSRNOG00000052157",50
"ENSRNOG00000067996",0
"ENSRNOG00000063997",0
"ENSRNOG00000071023",647
"ENSRNOG00000069203",0
"ENSRNOG00000070296",0
"ENSRNOG00000065381",0
"ENSRNOG00000066156",0
"ENSRNOG00000067411",1
"ENSRNOG00000011020",7836
"ENSRNOG00000066719",0
"ENSRNOG00000068608",176
"ENSRNOG00000050249",0
"ENSRNOG00000064881",0
"ENSRNOG00000064028",0
"ENSRNOG00000069936",0
"ENSRNOG00000007350",0
"ENSRNOG00000067346",0
"ENSRNOG00000070437",1
"ENSRNOG00000064416",19
"ENSRNOG00000058914",423
"ENSRNOG00000069149",0
"ENSRNOG00000071069",98
"ENSRNOG00000006759",369
"ENSRNOG00000062694",711
"ENSRNOG00000014511",459
"ENSRNOG00000070127",1
"ENSRNOG00000070978",162
"ENSRNOG00000064413",0
"ENSRNOG00000012090",1
"ENSRNOG00000062597",12
"ENSRNOG00000008857",2721
"ENSRNOG00000006393",547
"ENSRNOG00000063544",3
"ENSRNOG00000031233",31
"ENSRNOG00000062722",0
"ENSRNOG00000065097",568
"ENSRNOG00000005278",0
"ENSRNOG00000007597",61
"ENSRNOG00000070151",2
"ENSRNOG00000065442",5
"ENSRNOG00000064274",0
"ENSRNOG00000062841",0
"ENSRNOG00000006350",10
"ENSRNOG00000067044",19
"ENSRNOG00000018655",613
"ENSRNOG00000070493",0
"ENSRNOG00000066930",0
"ENSRNOG00000006984",10
"ENSRNOG00000008409",157
"ENSRNOG00000063668",0
"ENSRNOG00000015450",186
"ENSRNOG00000003889",1017
"ENSRNOG00000065717",0
"ENSRNOG00000066464",6
"ENSRNOG00000064036",363
"ENSRNOG00000067787",2
"ENSRNOG00000065659",4779
"ENSRNOG00000064728",0
"ENSRNOG00000005874",79
"ENSRNOG00000066781",2
"ENSRNOG00000008378",828
"ENSRNOG00000033915",0
"ENSRNOG00000068271",2
"ENSRNOG00000065265",0
"ENSRNOG00000000190",0
"ENSRNOG00000066167",2
"ENSRNOG00000003772",2546
"ENSRNOG00000067182",0
"ENSRNOG00000026212",641
"ENSRNOG00000007133",8900
"ENSRNOG00000068660",57
"ENSRNOG00000066565",228
"ENSRNOG00000071046",114
"ENSRNOG00000020601",1109
"ENSRNOG00000064117",1
"ENSRNOG00000008038",0
"ENSRNOG00000064910",2
"ENSRNOG00000007332",0
"ENSRNOG00000066622",4
"ENSRNOG00000007921",1357
"ENSRNOG00000003803",709
"ENSRNOG00000065198",10
"ENSRNOG00000006885",0
"ENSRNOG00000069930",198
"ENSRNOG00000069570",0
"ENSRNOG00000052025",6045
"ENSRNOG00000054458",2
"ENSRNOG00000068679",439
"ENSRNOG00000029866",97
"ENSRNOG00000011170",100
"ENSRNOG00000005446",1352
"ENSRNOG00000067729",19
"ENSRNOG00000062671",0
"ENSRNOG00000024907",921
"ENSRNOG00000007769",1690
"ENSRNOG00000020464",789
"ENSRNOG00000004221",0
"ENSRNOG00000069623",5
"ENSRNOG00000026128",3
"ENSRNOG00000062815",4
"ENSRNOG00000066534",5
"ENSRNOG00000070673",1
"ENSRNOG00000020431",3
"ENSRNOG00000054801",1
"ENSRNOG00000069026",8
"ENSRNOG00000064404",2
"ENSRNOG00000009884",23026
"ENSRNOG00000057981",0
"ENSRNOG00000069034",77
"ENSRNOG00000065676",125
"ENSRNOG00000071071",2
"ENSRNOG00000067261",2
"ENSRNOG00000039861",72
"ENSRNOG00000007664",0
"ENSRNOG00000065559",1
"ENSRNOG00000005758",0
"ENSRNOG00000053624",7
"ENSRNOG00000005234",328
"ENSRNOG00000039858",99
"ENSRNOG00000063593",3
"ENSRNOG00000032261",6
"ENSRNOG00000066749",120
"ENSRNOG00000067467",17
"ENSRNOG00000066189",1
"ENSRNOG00000062824",6
"ENSRNOG00000013577",3035
"ENSRNOG00000066348",189
"ENSRNOG00000068721",10
"ENSRNOG00000006940",1
"ENSRNOG00000020161",398
"ENSRNOG00000053060",2012
"ENSRNOG00000066006",0
"ENSRNOG00000027060",1
"ENSRNOG00000004588",275
"ENSRNOG00000062414",1788
"ENSRNOG00000004169",555
"ENSRNOG00000051170",8276
"ENSRNOG00000069255",60
"ENSRNOG00000006998",179
"ENSRNOG00000020383",549
"ENSRNOG00000021317",4821
"ENSRNOG00000006978",81
"ENSRNOG00000045524",279
"ENSRNOG00000049236",17048
"ENSRNOG00000067167",480
"ENSRNOG00000021833",0
"ENSRNOG00000033397",14
"ENSRNOG00000065932",41
"ENSRNOG00000016875",69
"ENSRNOG00000020266",56374
"ENSRNOG00000068522",0
"ENSRNOG00000067211",0
"ENSRNOG00000013869",13
"ENSRNOG00000030150",15
"ENSRNOG00000057162",0
"ENSRNOG00000004411",17
"ENSRNOG00000029738",8
"ENSRNOG00000048636",4
"ENSRNOG00000026866",84
"ENSRNOG00000005491",0
"ENSRNOG00000020230",322
"ENSRNOG00000004303",7539
"ENSRNOG00000009592",8331
"ENSRNOG00000012215",3
"ENSRNOG00000016968",498
"ENSRNOG00000004637",889
"ENSRNOG00000003880",0
"ENSRNOG00000042897",0
"ENSRNOG00000004831",3319
"ENSRNOG00000007587",573
"ENSRNOG00000026634",0
"ENSRNOG00000066999",4
"ENSRNOG00000000187",0
"ENSRNOG00000022772",3118
"ENSRNOG00000003923",430
"ENSRNOG00000067350",0
"ENSRNOG00000004259",126
"ENSRNOG00000063758",0
"ENSRNOG00000003985",501
"ENSRNOG00000029179",1
"ENSRNOG00000005370",1
"ENSRNOG00000039136",0
"ENSRNOG00000047414",3
"ENSRNOG00000022937",3
"ENSRNOG00000004793",1333
"ENSRNOG00000005927",2536
"ENSRNOG00000015583",436
"ENSRNOG00000018745",521
"ENSRNOG00000005350",593
"ENSRNOG00000008897",1303
"ENSRNOG00000007545",29
"ENSRNOG00000004314",84
"ENSRNOG00000006995",6039
"ENSRNOG00000019196",536
"ENSRNOG00000006622",341
"ENSRNOG00000020585",159
"ENSRNOG00000055293",1
"ENSRNOG00000039852",217
"ENSRNOG00000063265",0
"ENSRNOG00000004813",657
"ENSRNOG00000007839",270
"ENSRNOG00000000231",1141
"ENSRNOG00000029354",14
"ENSRNOG00000004483",0
"ENSRNOG00000020577",1975
"ENSRNOG00000009360",674
"ENSRNOG00000007323",640
"ENSRNOG00000004185",2474
"ENSRNOG00000018803",2290
"ENSRNOG00000027622",1927
"ENSRNOG00000004695",13
"ENSRNOG00000070482",1
"ENSRNOG00000006068",207
"ENSRNOG00000051536",7
"ENSRNOG00000042668",1465
"ENSRNOG00000020407",27
"ENSRNOG00000007432",695
"ENSRNOG00000000184",102
"ENSRNOG00000019187",4
"ENSRNOG00000004962",823
"ENSRNOG00000024027",355
"ENSRNOG00000004909",1334
"ENSRNOG00000004505",5515
"ENSRNOG00000023262",452
"ENSRNOG00000006235",1
"ENSRNOG00000048230",0
"ENSRNOG00000008517",2403
"ENSRNOG00000008539",1
"ENSRNOG00000007400",1194
"ENSRNOG00000066159",242
"ENSRNOG00000071034",0
"ENSRNOG00000032569",2
"ENSRNOG00000007048",3258
"ENSRNOG00000065103",0
"ENSRNOG00000007088",7697
"ENSRNOG00000020501",27
"ENSRNOG00000067334",0
"ENSRNOG00000060407",3
"ENSRNOG00000042886",76
"ENSRNOG00000062386",38
"ENSRNOG00000063083",4
"ENSRNOG00000067692",0
"ENSRNOG00000070723",0
"ENSRNOG00000005642",3450
"ENSRNOG00000017197",11
"ENSRNOG00000004048",665
"ENSRNOG00000008061",589
"ENSRNOG00000020466",1009
"ENSRNOG00000006901",2034
"ENSRNOG00000069032",2
"ENSRNOG00000008696",374
"ENSRNOG00000005034",1352
"ENSRNOG00000060879",6
"ENSRNOG00000068725",0
"ENSRNOG00000032420",35
"ENSRNOG00000058647",2
"ENSRNOG00000043197",0
"ENSRNOG00000023122",0
"ENSRNOG00000029028",2638
"ENSRNOG00000067243",0
"ENSRNOG00000067417",0
"ENSRNOG00000005362",261
"ENSRNOG00000026976",0
"ENSRNOG00000010359",1
"ENSRNOG00000005129",1748
"ENSRNOG00000067407",1
"ENSRNOG00000033579",872
"ENSRNOG00000042771",11
"ENSRNOG00000007654",1491
"ENSRNOG00000014637",5242
"ENSRNOG00000022932",112
"ENSRNOG00000007468",0
"ENSRNOG00000012457",1147
"ENSRNOG00000004476",72
"ENSRNOG00000027124",950
"ENSRNOG00000010309",588
"ENSRNOG00000020416",123
"ENSRNOG00000007821",1220
"ENSRNOG00000022896",211
"ENSRNOG00000004996",355
"ENSRNOG00000067654",1
"ENSRNOG00000047782",4
"ENSRNOG00000018895",1
"ENSRNOG00000004229",102
"ENSRNOG00000004312",1093
"ENSRNOG00000008885",204
"ENSRNOG00000004306",13
"ENSRNOG00000049407",0
"ENSRNOG00000004316",38
"ENSRNOG00000008713",851
"ENSRNOG00000004517",28
"ENSRNOG00000004311",0
"ENSRNOG00000007365",0
"ENSRNOG00000012812",1548
"ENSRNOG00000009585",1428
"ENSRNOG00000019377",0
"ENSRNOG00000007230",49
"ENSRNOG00000022778",1570
"ENSRNOG00000007834",5895
"ENSRNOG00000029651",79
"ENSRNOG00000070111",4
"ENSRNOG00000022877",991
"ENSRNOG00000019349",1323
"ENSRNOG00000026793",1085
"ENSRNOG00000013514",1741
"ENSRNOG00000022296",0
"ENSRNOG00000046214",52
"ENSRNOG00000056446",6
"ENSRNOG00000053510",737
"ENSRNOG00000006304",1624
"ENSRNOG00000010539",128
"ENSRNOG00000016156",2215
"ENSRNOG00000032546",1068
"ENSRNOG00000024967",343
"ENSRNOG00000025046",471
"ENSRNOG00000013593",0
"ENSRNOG00000004492",767
"ENSRNOG00000054624",0
"ENSRNOG00000046955",2743
"ENSRNOG00000004302",0
"ENSRNOG00000010141",400
"ENSRNOG00000052289",5003
"ENSRNOG00000055408",181
"ENSRNOG00000025742",157
"ENSRNOG00000007601",3
"ENSRNOG00000006541",398
"ENSRNOG00000005614",1854
"ENSRNOG00000004682",330
"ENSRNOG00000006946",5
"ENSRNOG00000032429",11
"ENSRNOG00000009756",1953
"ENSRNOG00000037025",0
"ENSRNOG00000025120",28
"ENSRNOG00000066777",0
"ENSRNOG00000012295",577
"ENSRNOG00000068896",7
"ENSRNOG00000019924",411
"ENSRNOG00000062542",27
"ENSRNOG00000022975",0
"ENSRNOG00000042460",13
"ENSRNOG00000004727",622
"ENSRNOG00000004839",74
"ENSRNOG00000050884",0
"ENSRNOG00000008064",1264
"ENSRNOG00000016896",43761
"ENSRNOG00000020005",1641
"ENSRNOG00000004226",660
"ENSRNOG00000054420",128
"ENSRNOG00000029465",38
"ENSRNOG00000005102",3058
"ENSRNOG00000019822",255
"ENSRNOG00000017108",17
"ENSRNOG00000011094",0
"ENSRNOG00000053269",485
"ENSRNOG00000018788",482
"ENSRNOG00000004177",4
"ENSRNOG00000022570",236
"ENSRNOG00000026963",9778
"ENSRNOG00000005965",516
"ENSRNOG00000057881",753
"ENSRNOG00000005931",1492
"ENSRNOG00000007286",196
"ENSRNOG00000026982",230
"ENSRNOG00000071195",39
"ENSRNOG00000004688",7120
"ENSRNOG00000022507",870
"ENSRNOG00000017434",15
"ENSRNOG00000005437",447
"ENSRNOG00000066134",0
"ENSRNOG00000026807",18
"ENSRNOG00000005243",126
"ENSRNOG00000025898",0
"ENSRNOG00000019552",391
"ENSRNOG00000017285",4
"ENSRNOG00000004294",0
"ENSRNOG00000062462",0
"ENSRNOG00000066111",0
"ENSRNOG00000064198",0
"ENSRNOG00000070632",0
"ENSRNOG00000028956",684
"ENSRNOG00000017553",1612
"ENSRNOG00000005190",1215
"ENSRNOG00000067109",0
"ENSRNOG00000005388",293
"ENSRNOG00000008174",750
"ENSRNOG00000067422",1
"ENSRNOG00000068220",8538
"ENSRNOG00000007686",4
"ENSRNOG00000017801",10857
"ENSRNOG00000033787",469
"ENSRNOG00000005528",747
"ENSRNOG00000050419",81
"ENSRNOG00000017847",538
"ENSRNOG00000017916",844
"ENSRNOG00000008331",2150
"ENSRNOG00000048843",166
"ENSRNOG00000005689",559
"ENSRNOG00000042522",68
"ENSRNOG00000007679",37
"ENSRNOG00000047631",18
"ENSRNOG00000070907",366
"ENSRNOG00000005763",1684
"ENSRNOG00000008569",2758
"ENSRNOG00000047895",216
"ENSRNOG00000019891",2196
"ENSRNOG00000010834",0
"ENSRNOG00000005572",0
"ENSRNOG00000025059",55
"ENSRNOG00000018330",0
"ENSRNOG00000007197",0
"ENSRNOG00000025023",0
"ENSRNOG00000010209",242
"ENSRNOG00000068987",0
"ENSRNOG00000018529",2016
"ENSRNOG00000063755",256
"ENSRNOG00000055305",427
"ENSRNOG00000038943",0
"ENSRNOG00000068626",7
"ENSRNOG00000005720",0
"ENSRNOG00000004013",67
"ENSRNOG00000019383",2276
"ENSRNOG00000059015",249
"ENSRNOG00000046492",115
"ENSRNOG00000015916",367
"ENSRNOG00000008586",3040
"ENSRNOG00000013764",145
"ENSRNOG00000013423",1020
"ENSRNOG00000025053",28544
"ENSRNOG00000005823",1344
"ENSRNOG00000005790",0
"ENSRNOG00000018316",4
"ENSRNOG00000011952",437
"ENSRNOG00000034139",0
"ENSRNOG00000066910",0
"ENSRNOG00000006367",0
"ENSRNOG00000005825",4
"ENSRNOG00000010549",1466
"ENSRNOG00000008415",732
"ENSRNOG00000008016",2562
"ENSRNOG00000004400",41
"ENSRNOG00000008050",4
"ENSRNOG00000052981",258
"ENSRNOG00000031851",8
"ENSRNOG00000004189",252
"ENSRNOG00000008022",696
"ENSRNOG00000064573",0
"ENSRNOG00000023410",71
"ENSRNOG00000008106",2271
"ENSRNOG00000064852",2
"ENSRNOG00000005228",3577
"ENSRNOG00000009736",0
"ENSRNOG00000023824",3
"ENSRNOG00000014844",80
"ENSRNOG00000069507",4
"ENSRNOG00000058271",493
"ENSRNOG00000004936",10354
"ENSRNOG00000023951",1
"ENSRNOG00000033570",0
"ENSRNOG00000028782",371
"ENSRNOG00000005956",0
"ENSRNOG00000013067",5
"ENSRNOG00000005270",29
"ENSRNOG00000054994",0
"ENSRNOG00000055497",0
"ENSRNOG00000057424",0
"ENSRNOG00000005138",1145
"ENSRNOG00000052986",0
"ENSRNOG00000023202",1394
"ENSRNOG00000060183",0
"ENSRNOG00000056776",0
"ENSRNOG00000056217",1
"ENSRNOG00000059833",1
"ENSRNOG00000059498",0
"ENSRNOG00000058093",0
"ENSRNOG00000025551",19
"ENSRNOG00000031789",358
"ENSRNOG00000057249",0
"ENSRNOG00000053801",0
"ENSRNOG00000057420",0
"ENSRNOG00000060548",0
"ENSRNOG00000063441",0
"ENSRNOG00000046159",7717
"ENSRNOG00000070649",2
"ENSRNOG00000059305",0
"ENSRNOG00000011278",658
"ENSRNOG00000051692",0
"ENSRNOG00000063694",0
"ENSRNOG00000069745",1
"ENSRNOG00000011136",829
"ENSRNOG00000016852",79
"ENSRNOG00000032335",0
"ENSRNOG00000031383",0
"ENSRNOG00000031425",1
"ENSRNOG00000007700",0
"ENSRNOG00000011507",104
"ENSRNOG00000045629",446
"ENSRNOG00000004459",2
"ENSRNOG00000053692",1
"ENSRNOG00000067950",0
"ENSRNOG00000032871",0
"ENSRNOG00000058099",0
"ENSRNOG00000065009",0
"ENSRNOG00000060257",1
"ENSRNOG00000059077",0
"ENSRNOG00000052214",0
"ENSRNOG00000068129",0
"ENSRNOG00000004603",278
"ENSRNOG00000059423",0
"ENSRNOG00000006870",1365
"ENSRNOG00000065099",0
"ENSRNOG00000004659",394
"ENSRNOG00000052580",0
"ENSRNOG00000058804",1
"ENSRNOG00000061681",1
"ENSRNOG00000065930",0
"ENSRNOG00000059977",0
"ENSRNOG00000004421",613
"ENSRNOG00000007003",6
"ENSRNOG00000055749",0
"ENSRNOG00000058828",0
"ENSRNOG00000054968",0
"ENSRNOG00000071082",0
"ENSRNOG00000007262",156
"ENSRNOG00000036516",0
"ENSRNOG00000010078",57
"ENSRNOG00000035457",5
"ENSRNOG00000041758",0
"ENSRNOG00000048399",0
"ENSRNOG00000052725",2
"ENSRNOG00000035529",0
"ENSRNOG00000004391",0
"ENSRNOG00000047216",0
"ENSRNOG00000056727",0
"ENSRNOG00000056493",5
"ENSRNOG00000041492",1
"ENSRNOG00000060956",3583
"ENSRNOG00000035461",23
"ENSRNOG00000035525",1
"ENSRNOG00000041450",0
"ENSRNOG00000035611",1
"ENSRNOG00000015177",2323
"ENSRNOG00000006766",6279
"ENSRNOG00000035543",8
"ENSRNOG00000064006",0
"ENSRNOG00000041348",0
"ENSRNOG00000053467",0
"ENSRNOG00000036514",0
"ENSRNOG00000009658",828
"ENSRNOG00000035614",0
"ENSRNOG00000035636",0
"ENSRNOG00000017022",2112
"ENSRNOG00000045781",0
"ENSRNOG00000066306",0
"ENSRNOG00000035642",0
"ENSRNOG00000035547",0
"ENSRNOG00000006578",2
"ENSRNOG00000014137",54
"ENSRNOG00000006060",1480
"ENSRNOG00000025504",1770
"ENSRNOG00000017057",529
"ENSRNOG00000066252",2787
"ENSRNOG00000057264",1
"ENSRNOG00000051838",128
"ENSRNOG00000054019",6
"ENSRNOG00000055844",0
"ENSRNOG00000010807",510
"ENSRNOG00000060779",1
"ENSRNOG00000052434",0
"ENSRNOG00000060170",0
"ENSRNOG00000061717",2
"ENSRNOG00000010588",15438
"ENSRNOG00000058707",1
"ENSRNOG00000007000",0
"ENSRNOG00000062476",0
"ENSRNOG00000055394",0
"ENSRNOG00000056800",0
"ENSRNOG00000055397",0
"ENSRNOG00000056599",4
"ENSRNOG00000057767",0
"ENSRNOG00000055237",0
"ENSRNOG00000057747",0
"ENSRNOG00000070036",0
"ENSRNOG00000063910",0
"ENSRNOG00000071132",0
"ENSRNOG00000068807",1
"ENSRNOG00000010793",400
"ENSRNOG00000056857",3
"ENSRNOG00000065332",1
"ENSRNOG00000008639",57574
"ENSRNOG00000007581",0
"ENSRNOG00000067202",2
"ENSRNOG00000058682",2
"ENSRNOG00000052381",0
"ENSRNOG00000063116",6
"ENSRNOG00000070636",13
"ENSRNOG00000052505",0
"ENSRNOG00000060456",2
"ENSRNOG00000057766",1
"ENSRNOG00000066702",0
"ENSRNOG00000061082",0
"ENSRNOG00000058376",0
"ENSRNOG00000055418",1
"ENSRNOG00000054193",2
"ENSRNOG00000030814",0
"ENSRNOG00000064830",0
"ENSRNOG00000006118",1080
"ENSRNOG00000066363",1
"ENSRNOG00000067345",0
"ENSRNOG00000062426",0
"ENSRNOG00000054025",0
"ENSRNOG00000056927",0
"ENSRNOG00000060330",0
"ENSRNOG00000025501",1
"ENSRNOG00000070142",0
"ENSRNOG00000068761",0
"ENSRNOG00000066308",0
"ENSRNOG00000063604",0
"ENSRNOG00000066043",0
"ENSRNOG00000061818",0
"ENSRNOG00000070821",0
"ENSRNOG00000069470",0
"ENSRNOG00000004578",5
"ENSRNOG00000066147",0
"ENSRNOG00000063468",0
"ENSRNOG00000058916",399
"ENSRNOG00000055183",0
"ENSRNOG00000051459",0
"ENSRNOG00000038948",1
"ENSRNOG00000054055",0
"ENSRNOG00000069608",0
"ENSRNOG00000004403",781
"ENSRNOG00000069747",0
"ENSRNOG00000070637",467
"ENSRNOG00000056340",0
"ENSRNOG00000052862",3
"ENSRNOG00000068939",0
"ENSRNOG00000042978",119
"ENSRNOG00000059857",14
"ENSRNOG00000054775",2733
"ENSRNOG00000034316",0
"ENSRNOG00000056530",0
"ENSRNOG00000015447",1333
"ENSRNOG00000056726",0
"ENSRNOG00000004301",1442
"ENSRNOG00000007032",0
"ENSRNOG00000052611",0
"ENSRNOG00000053843",0
"ENSRNOG00000057961",0
"ENSRNOG00000006653",11
"ENSRNOG00000010459",2
"ENSRNOG00000005263",1916
"ENSRNOG00000052218",0
"ENSRNOG00000038916",452
"ENSRNOG00000060638",1
"ENSRNOG00000058269",32
"ENSRNOG00000065976",30
"ENSRNOG00000061351",0
"ENSRNOG00000004502",1
"ENSRNOG00000058201",2
"ENSRNOG00000063448",0
"ENSRNOG00000055100",0
"ENSRNOG00000066564",0
"ENSRNOG00000057777",0
"ENSRNOG00000055395",0
"ENSRNOG00000007875",521
"ENSRNOG00000055833",0
"ENSRNOG00000032828",0
"ENSRNOG00000022807",357
"ENSRNOG00000058379",0
"ENSRNOG00000057004",0
"ENSRNOG00000008367",0
"ENSRNOG00000055582",2
"ENSRNOG00000060815",0
"ENSRNOG00000006816",9051
"ENSRNOG00000055214",0
"ENSRNOG00000059158",0
"ENSRNOG00000063628",0
"ENSRNOG00000053405",462
"ENSRNOG00000066150",0
"ENSRNOG00000067057",0
"ENSRNOG00000064494",0
"ENSRNOG00000052077",0
"ENSRNOG00000055273",0
"ENSRNOG00000053002",0
"ENSRNOG00000005291",353
"ENSRNOG00000064518",0
"ENSRNOG00000057900",0
"ENSRNOG00000065227",0
"ENSRNOG00000067964",0
"ENSRNOG00000070612",0
"ENSRNOG00000055884",3
"ENSRNOG00000053482",0
"ENSRNOG00000032447",32
"ENSRNOG00000058282",0
"ENSRNOG00000051798",0
"ENSRNOG00000063381",4
"ENSRNOG00000053921",0
"ENSRNOG00000066915",0
"ENSRNOG00000058303",0
"ENSRNOG00000064763",0
"ENSRNOG00000049733",0
"ENSRNOG00000067164",0
"ENSRNOG00000054300",0
"ENSRNOG00000052281",0
"ENSRNOG00000024494",7
"ENSRNOG00000016141",5
"ENSRNOG00000005299",19
"ENSRNOG00000028619",1
"ENSRNOG00000036865",0
"ENSRNOG00000022260",1729
"ENSRNOG00000014850",4
"ENSRNOG00000004109",3277
"ENSRNOG00000004298",0
"ENSRNOG00000036831",0
"ENSRNOG00000057988",758
"ENSRNOG00000070941",0
"ENSRNOG00000025994",14
"ENSRNOG00000025454",104
"ENSRNOG00000006305",18681
"ENSRNOG00000024955",1231
"ENSRNOG00000009779",222
"ENSRNOG00000069110",0
"ENSRNOG00000054757",1763
"ENSRNOG00000004148",571
"ENSRNOG00000011573",723
"ENSRNOG00000009088",1690
"ENSRNOG00000068023",3690
"ENSRNOG00000007859",96
"ENSRNOG00000056487",1202
"ENSRNOG00000052880",30
"ENSRNOG00000012192",464
"ENSRNOG00000007970",8
"ENSRNOG00000045554",0
"ENSRNOG00000010811",1
"ENSRNOG00000014082",0
"ENSRNOG00000005637",1
"ENSRNOG00000012208",3
"ENSRNOG00000012499",2073
"ENSRNOG00000010408",68
"ENSRNOG00000058560",1
"ENSRNOG00000021881",535
"ENSRNOG00000008247",2554
"ENSRNOG00000007801",3716
"ENSRNOG00000021945",1
"ENSRNOG00000064461",0
"ENSRNOG00000008797",17146
"ENSRNOG00000060703",489
"ENSRNOG00000025481",5646
"ENSRNOG00000052307",2314
"ENSRNOG00000064897",0
"ENSRNOG00000006841",6
"ENSRNOG00000059961",101
"ENSRNOG00000007713",56
"ENSRNOG00000004494",2015
"ENSRNOG00000065012",0
"ENSRNOG00000031099",0
"ENSRNOG00000004367",2057
"ENSRNOG00000053196",4752
"ENSRNOG00000004011",396
"ENSRNOG00000054515",1551
"ENSRNOG00000055597",1670
"ENSRNOG00000068255",2
"ENSRNOG00000005266",0
"ENSRNOG00000021892",4
"ENSRNOG00000005556",481
"ENSRNOG00000052990",3766
"ENSRNOG00000006514",880
"ENSRNOG00000007407",675
"ENSRNOG00000059801",5444
"ENSRNOG00000006983",1360
"ENSRNOG00000060020",21
"ENSRNOG00000058053",1168
"ENSRNOG00000056457",11
"ENSRNOG00000009094",4032
"ENSRNOG00000049033",670
"ENSRNOG00000005573",99
"ENSRNOG00000063295",0
"ENSRNOG00000065833",6
"ENSRNOG00000065049",2
"ENSRNOG00000032395",347
"ENSRNOG00000050317",2060
"ENSRNOG00000065389",45
"ENSRNOG00000060154",965
"ENSRNOG00000008507",74
"ENSRNOG00000054274",1641
"ENSRNOG00000024450",650
"ENSRNOG00000002632",20997
"ENSRNOG00000010099",1927
"ENSRNOG00000068918",0
"ENSRNOG00000059765",7
"ENSRNOG00000005987",367
"ENSRNOG00000063627",0
"ENSRNOG00000016149",16
"ENSRNOG00000070604",1
"ENSRNOG00000031930",0
"ENSRNOG00000009160",0
"ENSRNOG00000059050",0
"ENSRNOG00000067545",0
"ENSRNOG00000024870",7
"ENSRNOG00000002642",3979
"ENSRNOG00000033059",0
"ENSRNOG00000008057",9
"ENSRNOG00000008819",0
"ENSRNOG00000002840",15576
"ENSRNOG00000067257",0
"ENSRNOG00000004628",3108
"ENSRNOG00000032859",0
"ENSRNOG00000062981",77
"ENSRNOG00000008965",54
"ENSRNOG00000053881",2017
"ENSRNOG00000004875",1
"ENSRNOG00000028713",1
"ENSRNOG00000032332",0
"ENSRNOG00000004554",5297
"ENSRNOG00000036830",0
"ENSRNOG00000008242",0
"ENSRNOG00000004610",33483
"ENSRNOG00000031785",0
"ENSRNOG00000003076",10066
"ENSRNOG00000004635",1
"ENSRNOG00000015320",11594
"ENSRNOG00000004284",3293
"ENSRNOG00000068905",9
"ENSRNOG00000040281",17653
"ENSRNOG00000005386",725
"ENSRNOG00000036829",1
"ENSRNOG00000004904",1746
"ENSRNOG00000036828",1
"ENSRNOG00000069509",0
"ENSRNOG00000036871",0
"ENSRNOG00000021681",331
"ENSRNOG00000036827",0
"ENSRNOG00000036826",0
"ENSRNOG00000042740",262
"ENSRNOG00000067092",3
"ENSRNOG00000019550",948
"ENSRNOG00000038574",285
"ENSRNOG00000023896",97
"ENSRNOG00000031612",146
"ENSRNOG00000004717",11802
"ENSRNOG00000027468",29
"ENSRNOG00000053498",748
"ENSRNOG00000004179",0
"ENSRNOG00000053802",1
"ENSRNOG00000047393",3
"ENSRNOG00000029855",1362
"ENSRNOG00000004026",595
"ENSRNOG00000019653",568
"ENSRNOG00000028679",0
"ENSRNOG00000007999",7
"ENSRNOG00000028879",0
"ENSRNOG00000016116",0
"ENSRNOG00000064464",0
"ENSRNOG00000004117",0
"ENSRNOG00000004390",278
"ENSRNOG00000012985",2119
"ENSRNOG00000003127",340
"ENSRNOG00000005048",0
"ENSRNOG00000032529",0
"ENSRNOG00000004878",0
"ENSRNOG00000046245",206
"ENSRNOG00000070470",0
"ENSRNOG00000013343",662
"ENSRNOG00000070314",1
"ENSRNOG00000004585",100
"ENSRNOG00000069543",0
"ENSRNOG00000068902",0
"ENSRNOG00000013445",539
"ENSRNOG00000053468",21122
"ENSRNOG00000067326",263
"ENSRNOG00000031135",3119
"ENSRNOG00000025602",11189
"ENSRNOG00000069814",27
"ENSRNOG00000070066",0
"ENSRNOG00000063136",0
"ENSRNOG00000066049",0
"ENSRNOG00000069400",4
"ENSRNOG00000007756",226
"ENSRNOG00000059605",2
"ENSRNOG00000069872",0
"ENSRNOG00000025592",1880
"ENSRNOG00000064054",6
"ENSRNOG00000068019",0
"ENSRNOG00000070332",0
"ENSRNOG00000070691",0
"ENSRNOG00000036841",1000
"ENSRNOG00000066421",0
"ENSRNOG00000068569",0
"ENSRNOG00000066872",4
"ENSRNOG00000025584",3
"ENSRNOG00000065129",381
"ENSRNOG00000064401",12
"ENSRNOG00000061499",5180
"ENSRNOG00000069308",9
"ENSRNOG00000036839",2818
"ENSRNOG00000068408",1
"ENSRNOG00000066841",1
"ENSRNOG00000063061",0
"ENSRNOG00000064491",0
"ENSRNOG00000068195",5
"ENSRNOG00000060017",0
"ENSRNOG00000036837",1
"ENSRNOG00000064195",31
"ENSRNOG00000070425",0
"ENSRNOG00000002597",0
"ENSRNOG00000025570",2512
"ENSRNOG00000066185",3
"ENSRNOG00000036836",0
"ENSRNOG00000064872",1
"ENSRNOG00000066132",0
"ENSRNOG00000063589",0
"ENSRNOG00000070666",24
"ENSRNOG00000066498",522
"ENSRNOG00000031993",581
"ENSRNOG00000070180",0
"ENSRNOG00000036835",5789
"ENSRNOG00000065284",0
"ENSRNOG00000043382",0
"ENSRNOG00000069689",0
"ENSRNOG00000004846",597
"ENSRNOG00000064864",0
"ENSRNOG00000016199",0
"ENSRNOG00000056878",535
"ENSRNOG00000067207",10
"ENSRNOG00000064226",0
"ENSRNOG00000064246",0
"ENSRNOG00000006209",837
"ENSRNOG00000042094",1980
"ENSRNOG00000064691",0
"ENSRNOG00000061088",870
"ENSRNOG00000065531",0
"ENSRNOG00000069127",0
"ENSRNOG00000069679",16
"ENSRNOG00000068119",0
"ENSRNOG00000063228",2
"ENSRNOG00000068601",198
"ENSRNOG00000066635",63
"ENSRNOG00000070115",0
"ENSRNOG00000068009",7
"ENSRNOG00000063058",350
"ENSRNOG00000067620",128
"ENSRNOG00000069968",0
"ENSRNOG00000064133",0
"ENSRNOG00000067773",0
"ENSRNOG00000063760",4
"ENSRNOG00000056106",1414
"ENSRNOG00000036852",9719
"ENSRNOG00000054935",0
"ENSRNOG00000065975",0
"ENSRNOG00000065359",0
"ENSRNOG00000064169",0
"ENSRNOG00000000958",187
"ENSRNOG00000063922",32
"ENSRNOG00000062619",0
"ENSRNOG00000054385",47
"ENSRNOG00000043299",0
"ENSRNOG00000015134",636
"ENSRNOG00000053675",0
"ENSRNOG00000043334",0
"ENSRNOG00000064889",0
"ENSRNOG00000061607",167
"ENSRNOG00000043125",0
"ENSRNOG00000004398",11
"ENSRNOG00000065664",0
"ENSRNOG00000059545",58
"ENSRNOG00000042355",280
"ENSRNOG00000062651",73
"ENSRNOG00000063839",0
"ENSRNOG00000059790",0
"ENSRNOG00000066391",0
"ENSRNOG00000070619",0
"ENSRNOG00000007607",651
"ENSRNOG00000064438",0
"ENSRNOG00000070603",0
"ENSRNOG00000066225",0
"ENSRNOG00000015269",2918
"ENSRNOG00000021438",4097
"ENSRNOG00000070683",0
"ENSRNOG00000070022",0
"ENSRNOG00000065595",0
"ENSRNOG00000064209",204
"ENSRNOG00000060185",2106
"ENSRNOG00000067854",0
"ENSRNOG00000070615",0
"ENSRNOG00000005333",1721
"ENSRNOG00000003254",30
"ENSRNOG00000066587",0
"ENSRNOG00000057451",3135
"ENSRNOG00000067222",6
"ENSRNOG00000065752",0
"ENSRNOG00000067667",9
"ENSRNOG00000070152",5
"ENSRNOG00000032441",363
"ENSRNOG00000071048",0
"ENSRNOG00000069488",3
"ENSRNOG00000005309",0
"ENSRNOG00000057315",0
"ENSRNOG00000066441",61
"ENSRNOG00000070536",0
"ENSRNOG00000054838",1038
"ENSRNOG00000063363",0
"ENSRNOG00000039997",646
"ENSRNOG00000066873",1
"ENSRNOG00000043203",0
"ENSRNOG00000065094",0
"ENSRNOG00000001376",905
"ENSRNOG00000063812",0
"ENSRNOG00000063576",11
"ENSRNOG00000064471",0
"ENSRNOG00000063449",0
"ENSRNOG00000058125",0
"ENSRNOG00000062295",7
"ENSRNOG00000054250",1
"ENSRNOG00000060866",0
"ENSRNOG00000067703",0
"ENSRNOG00000012832",1556
"ENSRNOG00000065854",0
"ENSRNOG00000046069",0
"ENSRNOG00000025340",0
"ENSRNOG00000068846",2
"ENSRNOG00000053181",0
"ENSRNOG00000069328",0
"ENSRNOG00000066066",0
"ENSRNOG00000066478",11
"ENSRNOG00000054378",0
"ENSRNOG00000004201",155
"ENSRNOG00000052539",586
"ENSRNOG00000071151",1
"ENSRNOG00000051970",0
"ENSRNOG00000006130",6304
"ENSRNOG00000065252",0
"ENSRNOG00000065308",6
"ENSRNOG00000006934",175
"ENSRNOG00000070006",0
"ENSRNOG00000060993",0
"ENSRNOG00000058134",0
"ENSRNOG00000007346",160
"ENSRNOG00000057971",0
"ENSRNOG00000068482",0
"ENSRNOG00000056297",996
"ENSRNOG00000056885",0
"ENSRNOG00000051638",0
"ENSRNOG00000051790",0
"ENSRNOG00000070769",683
"ENSRNOG00000060818",0
"ENSRNOG00000061721",0
"ENSRNOG00000065117",0
"ENSRNOG00000070176",0
"ENSRNOG00000004595",13
"ENSRNOG00000058435",0
"ENSRNOG00000063976",0
"ENSRNOG00000070294",0
"ENSRNOG00000067922",0
"ENSRNOG00000067324",1
"ENSRNOG00000006469",927
"ENSRNOG00000068409",0
"ENSRNOG00000056678",741
"ENSRNOG00000069080",0
"ENSRNOG00000067888",0
"ENSRNOG00000053419",0
"ENSRNOG00000055579",10376
"ENSRNOG00000061079",0
"ENSRNOG00000023085",117
"ENSRNOG00000053870",0
"ENSRNOG00000061572",900
"ENSRNOG00000063352",0
"ENSRNOG00000059070",0
"ENSRNOG00000057624",0
"ENSRNOG00000066337",0
"ENSRNOG00000058430",71
"ENSRNOG00000022943",626
"ENSRNOG00000058340",0
"ENSRNOG00000061238",0
"ENSRNOG00000050420",0
"ENSRNOG00000066475",165
"ENSRNOG00000049495",0
"ENSRNOG00000053769",1
"ENSRNOG00000024929",523
"ENSRNOG00000030876",0
"ENSRNOG00000058130",289
"ENSRNOG00000036833",699
"ENSRNOG00000004681",1042
"ENSRNOG00000006778",1179
"ENSRNOG00000008436",0
"ENSRNOG00000006827",218
"ENSRNOG00000006844",736
"ENSRNOG00000004220",511
"ENSRNOG00000036834",0
"ENSRNOG00000030120",512
"ENSRNOG00000062320",1
"ENSRNOG00000031081",1216
"ENSRNOG00000025087",0
"ENSRNOG00000030520",276
"ENSRNOG00000004200",40
"ENSRNOG00000007610",301
"ENSRNOG00000005535",732
"ENSRNOG00000006789",1436
"ENSRNOG00000009563",0
"ENSRNOG00000024507",0
"ENSRNOG00000007650",6291
"ENSRNOG00000067469",3
"ENSRNOG00000010977",1108
"ENSRNOG00000025459",2695
"ENSRNOG00000028996",0
"ENSRNOG00000004964",2
"ENSRNOG00000007784",992
"ENSRNOG00000014084",3178
"ENSRNOG00000004708",0
"ENSRNOG00000024886",3264
"ENSRNOG00000007905",224
"ENSRNOG00000007927",0
"ENSRNOG00000068079",564
"ENSRNOG00000008195",15254
"ENSRNOG00000070116",0
"ENSRNOG00000048637",0
"ENSRNOG00000032428",0
"ENSRNOG00000067519",0
"ENSRNOG00000065300",2
"ENSRNOG00000023456",2066
"ENSRNOG00000030191",0
"ENSRNOG00000063559",0
"ENSRNOG00000037687",38
"ENSRNOG00000033466",0
"ENSRNOG00000066504",0
"ENSRNOG00000065281",0
"ENSRNOG00000068784",0
"ENSRNOG00000003549",2919
"ENSRNOG00000063653",0
"ENSRNOG00000068489",0
"ENSRNOG00000068586",0
"ENSRNOG00000027690",332
"ENSRNOG00000033263",0
"ENSRNOG00000053040",4514
"ENSRNOG00000023520",7929
"ENSRNOG00000039449",0
"ENSRNOG00000004697",15
"ENSRNOG00000060598",0
"ENSRNOG00000012835",176
"ENSRNOG00000004662",1823
"ENSRNOG00000029571",737
"ENSRNOG00000009072",174
"ENSRNOG00000049571",0
"ENSRNOG00000003132",0
"ENSRNOG00000063608",1
"ENSRNOG00000063956",1
"ENSRNOG00000011955",25
"ENSRNOG00000048787",0
"ENSRNOG00000042090",0
"ENSRNOG00000004937",8
"ENSRNOG00000031916",153
"ENSRNOG00000033403",0
"ENSRNOG00000031493",0
"ENSRNOG00000031205",2
"ENSRNOG00000061320",847
"ENSRNOG00000043412",10
"ENSRNOG00000064174",0
"ENSRNOG00000032424",0
"ENSRNOG00000063008",0
"ENSRNOG00000055726",0
"ENSRNOG00000016598",1
"ENSRNOG00000021688",469
"ENSRNOG00000016613",1
"ENSRNOG00000050393",410
"ENSRNOG00000069033",53
"ENSRNOG00000009105",0
"ENSRNOG00000005854",43
"ENSRNOG00000054140",6669
"ENSRNOG00000036842",340
"ENSRNOG00000004152",617
"ENSRNOG00000008697",3476
"ENSRNOG00000053054",570
"ENSRNOG00000008336",1643
"ENSRNOG00000028837",77
"ENSRNOG00000004660",617
"ENSRNOG00000030597",979
"ENSRNOG00000034022",1518
"ENSRNOG00000060753",1671
"ENSRNOG00000033361",93
"ENSRNOG00000026502",82
"ENSRNOG00000004704",0
"ENSRNOG00000063314",139
"ENSRNOG00000023480",1723
"ENSRNOG00000065551",0
"ENSRNOG00000062664",0
"ENSRNOG00000004089",171
"ENSRNOG00000004420",4461
"ENSRNOG00000008615",40
"ENSRNOG00000005123",381
"ENSRNOG00000004821",263
"ENSRNOG00000005417",329
"ENSRNOG00000005551",1887
"ENSRNOG00000006103",263
"ENSRNOG00000071113",4
"ENSRNOG00000004854",4
"ENSRNOG00000069184",1
"ENSRNOG00000043390",1
"ENSRNOG00000069733",4
"ENSRNOG00000004328",1384
"ENSRNOG00000004252",8887
"ENSRNOG00000024998",1905
"ENSRNOG00000007980",1
"ENSRNOG00000009550",1495
"ENSRNOG00000009739",4036
"ENSRNOG00000003964",258
"ENSRNOG00000004844",671
"ENSRNOG00000025300",12
"ENSRNOG00000007896",25
"ENSRNOG00000004958",0
"ENSRNOG00000008934",456
"ENSRNOG00000008987",4086
"ENSRNOG00000047198",62
"ENSRNOG00000009001",1134
"ENSRNOG00000063076",150
"ENSRNOG00000004747",0
"ENSRNOG00000004692",2
"ENSRNOG00000062233",0
"ENSRNOG00000069501",0
"ENSRNOG00000054576",1
"ENSRNOG00000019459",6759
"ENSRNOG00000008209",769
"ENSRNOG00000004100",185
"ENSRNOG00000062947",296
"ENSRNOG00000032951",0
"ENSRNOG00000006738",127
"ENSRNOG00000037549",1
"ENSRNOG00000029292",6
"ENSRNOG00000063591",180
"ENSRNOG00000004744",107
"ENSRNOG00000018271",0
"ENSRNOG00000033584",0
"ENSRNOG00000018212",654
"ENSRNOG00000008591",13
"ENSRNOG00000006370",76
"ENSRNOG00000018977",4771
"ENSRNOG00000006412",1188
"ENSRNOG00000058733",3761
"ENSRNOG00000065001",0
"ENSRNOG00000031950",20
"ENSRNOG00000025604",619
"ENSRNOG00000018971",532
"ENSRNOG00000051499",1482
"ENSRNOG00000006700",234
"ENSRNOG00000070626",0
"ENSRNOG00000025460",33
"ENSRNOG00000006251",1
"ENSRNOG00000032202",0
"ENSRNOG00000004906",0
"ENSRNOG00000026435",59
"ENSRNOG00000005206",0
"ENSRNOG00000024975",123
"ENSRNOG00000005233",0
"ENSRNOG00000034102",11
"ENSRNOG00000033791",224
"ENSRNOG00000033694",263
"ENSRNOG00000011954",2
"ENSRNOG00000004500",1715
"ENSRNOG00000025140",179
"ENSRNOG00000014625",1583
"ENSRNOG00000024349",316
"ENSRNOG00000025528",2958
"ENSRNOG00000005486",1294
"ENSRNOG00000014287",347
"ENSRNOG00000015434",1928
"ENSRNOG00000004401",1199
"ENSRNOG00000068848",1
"ENSRNOG00000004412",152
"ENSRNOG00000011489",2887
"ENSRNOG00000065596",0
"ENSRNOG00000033262",123
"ENSRNOG00000016405",101
"ENSRNOG00000006104",90
"ENSRNOG00000025293",0
"ENSRNOG00000031387",926
"ENSRNOG00000024577",538
"ENSRNOG00000024568",1098
"ENSRNOG00000024549",226
"ENSRNOG00000016203",24
"ENSRNOG00000056714",2
"ENSRNOG00000008199",0
"ENSRNOG00000030830",511
"ENSRNOG00000013987",313
"ENSRNOG00000064283",240
"ENSRNOG00000067606",205
"ENSRNOG00000007393",990
"ENSRNOG00000013604",4252
"ENSRNOG00000024603",13804
"ENSRNOG00000010423",7
"ENSRNOG00000026415",1953
"ENSRNOG00000009760",2128
"ENSRNOG00000009311",529
"ENSRNOG00000009265",0
"ENSRNOG00000009028",461
"ENSRNOG00000008960",188
"ENSRNOG00000000175",82
"ENSRNOG00000008533",1607
"ENSRNOG00000070264",0
"ENSRNOG00000000177",649
"ENSRNOG00000025516",0
"ENSRNOG00000054588",0
"ENSRNOG00000011315",869
"ENSRNOG00000065138",0
"ENSRNOG00000007730",0
"ENSRNOG00000004890",19
"ENSRNOG00000013545",1495
"ENSRNOG00000007078",4946
"ENSRNOG00000013220",0
"ENSRNOG00000008271",1786
"ENSRNOG00000007818",525
"ENSRNOG00000007795",2
"ENSRNOG00000009103",436
"ENSRNOG00000012939",243
"ENSRNOG00000027569",710
"ENSRNOG00000059240",1
"ENSRNOG00000061246",905
"ENSRNOG00000043044",3338
"ENSRNOG00000031474",75
"ENSRNOG00000012808",1055
"ENSRNOG00000010794",86
"ENSRNOG00000032827",0
"ENSRNOG00000012562",234
"ENSRNOG00000043465",37
"ENSRNOG00000047072",0
"ENSRNOG00000026133",0
"ENSRNOG00000012379",278
"ENSRNOG00000068978",0
"ENSRNOG00000062508",0
"ENSRNOG00000051563",100
"ENSRNOG00000069262",0
"ENSRNOG00000064163",0
"ENSRNOG00000008030",298
"ENSRNOG00000033564",6
"ENSRNOG00000033685",0
"ENSRNOG00000008296",243
"ENSRNOG00000008217",26
"ENSRNOG00000068909",0
"ENSRNOG00000007960",0
"ENSRNOG00000022871",669
"ENSRNOG00000031688",0
"ENSRNOG00000032895",0
"ENSRNOG00000065533",0
"ENSRNOG00000068204",0
"ENSRNOG00000032552",472
"ENSRNOG00000007091",226
"ENSRNOG00000067424",0
"ENSRNOG00000007307",1231
"ENSRNOG00000005382",0
"ENSRNOG00000028512",232
"ENSRNOG00000006086",0
"ENSRNOG00000024879",224
"ENSRNOG00000031437",0
"ENSRNOG00000008831",109
"ENSRNOG00000005159",0
"ENSRNOG00000051059",0
"ENSRNOG00000008414",12733
"ENSRNOG00000061813",0
"ENSRNOG00000007628",12
"ENSRNOG00000030530",0
"ENSRNOG00000060530",303
"ENSRNOG00000029450",0
"ENSRNOG00000004346",4683
"ENSRNOG00000027238",171
"ENSRNOG00000043344",0
"ENSRNOG00000061376",2
"ENSRNOG00000005929",3
"ENSRNOG00000005944",0
"ENSRNOG00000006217",2602
"ENSRNOG00000006058",0
"ENSRNOG00000007684",752
"ENSRNOG00000062903",0
"ENSRNOG00000008026",11
"ENSRNOG00000028146",0
"ENSRNOG00000024824",0
"ENSRNOG00000046224",0
"ENSRNOG00000048577",47
"ENSRNOG00000070877",0
"ENSRNOG00000037374",0
"ENSRNOG00000006770",6942
"ENSRNOG00000030111",0
"ENSRNOG00000025725",0
"ENSRNOG00000025641",0
"ENSRNOG00000014314",0
"ENSRNOG00000006559",579
"ENSRNOG00000006355",681
"ENSRNOG00000021638",5468
"ENSRNOG00000065304",0
"ENSRNOG00000004501",0
"ENSRNOG00000069530",136
"ENSRNOG00000066139",30
"ENSRNOG00000014811",1586
"ENSRNOG00000007076",50
"ENSRNOG00000029814",0
"ENSRNOG00000027940",48
"ENSRNOG00000007500",163
"ENSRNOG00000069136",0
"ENSRNOG00000037375",0
"ENSRNOG00000010448",10828
"ENSRNOG00000060123",68
"ENSRNOG00000027319",7
"ENSRNOG00000048850",0
"ENSRNOG00000007137",0
"ENSRNOG00000015371",1
"ENSRNOG00000029941",11027
"ENSRNOG00000048148",3
"ENSRNOG00000032231",12
"ENSRNOG00000034107",315
"ENSRNOG00000032574",809
"ENSRNOG00000009960",1314
"ENSRNOG00000014703",43
"ENSRNOG00000064680",0
"ENSRNOG00000033520",5
"ENSRNOG00000070029",0
"ENSRNOG00000006440",821
"ENSRNOG00000025497",638
"ENSRNOG00000007939",192
"ENSRNOG00000032561",202
"ENSRNOG00000007916",3511
"ENSRNOG00000030308",556
"ENSRNOG00000004484",41
"ENSRNOG00000050695",279
"ENSRNOG00000008401",3
"ENSRNOG00000068956",3052
"ENSRNOG00000068661",79
"ENSRNOG00000069134",0
"ENSRNOG00000063626",224
"ENSRNOG00000006471",0
"ENSRNOG00000007489",743
"ENSRNOG00000005749",73
"ENSRNOG00000021765",386
"ENSRNOG00000007077",828
"ENSRNOG00000048924",3821
"ENSRNOG00000050714",7
"ENSRNOG00000043068",30
"ENSRNOG00000015994",0
"ENSRNOG00000008680",8362
"ENSRNOG00000069897",505
"ENSRNOG00000032364",475
"ENSRNOG00000008737",33
"ENSRNOG00000014340",142
"ENSRNOG00000016069",0
"ENSRNOG00000033496",431
"ENSRNOG00000026679",18
"ENSRNOG00000030800",4
"ENSRNOG00000018481",898
"ENSRNOG00000008620",862
"ENSRNOG00000063066",0
"ENSRNOG00000008340",101
"ENSRNOG00000012962",146
"ENSRNOG00000016397",0
"ENSRNOG00000018665",243
"ENSRNOG00000016412",0
"ENSRNOG00000043324",1
"ENSRNOG00000008353",3
"ENSRNOG00000045679",3
"ENSRNOG00000047503",7
"ENSRNOG00000055909",0
"ENSRNOG00000059084",0
"ENSRNOG00000018436",1
"ENSRNOG00000007164",827
"ENSRNOG00000015389",1202
"ENSRNOG00000038202",152
"ENSRNOG00000027730",6
"ENSRNOG00000013919",2324
"ENSRNOG00000008424",341
"ENSRNOG00000020659",1076
"ENSRNOG00000048394",137
"ENSRNOG00000009193",3
"ENSRNOG00000025937",625
"ENSRNOG00000006663",166
"ENSRNOG00000009303",442
"ENSRNOG00000005930",416
"ENSRNOG00000033624",298
"ENSRNOG00000016085",0
"ENSRNOG00000009378",9427
"ENSRNOG00000068913",39
"ENSRNOG00000042601",2
"ENSRNOG00000034037",3816
"ENSRNOG00000012650",1165
"ENSRNOG00000039859",823
"ENSRNOG00000012420",1592
"ENSRNOG00000012015",578
"ENSRNOG00000042649",0
"ENSRNOG00000047625",112
"ENSRNOG00000012430",6
"ENSRNOG00000057447",227
"ENSRNOG00000014832",418
"ENSRNOG00000038867",0
"ENSRNOG00000064248",98
"ENSRNOG00000020901",8
"ENSRNOG00000053932",330
"ENSRNOG00000009253",126
"ENSRNOG00000007158",85
"ENSRNOG00000055680",1
"ENSRNOG00000015458",81
"ENSRNOG00000057102",1159
"ENSRNOG00000020653",1439
"ENSRNOG00000012868",469
"ENSRNOG00000067804",5
"ENSRNOG00000011789",3228
"ENSRNOG00000046243",0
"ENSRNOG00000022741",1599
"ENSRNOG00000011567",210
"ENSRNOG00000045931",1475
"ENSRNOG00000049489",430
"ENSRNOG00000042925",0
"ENSRNOG00000064478",0
"ENSRNOG00000052224",0
"ENSRNOG00000029980",0
"ENSRNOG00000005903",29
"ENSRNOG00000043093",0
"ENSRNOG00000008595",159
"ENSRNOG00000013959",0
"ENSRNOG00000025037",0
"ENSRNOG00000013201",1026
"ENSRNOG00000009772",3
"ENSRNOG00000020525",295
"ENSRNOG00000015718",4
"ENSRNOG00000070107",0
"ENSRNOG00000067684",0
"ENSRNOG00000029826",440
"ENSRNOG00000033981",0
"ENSRNOG00000030225",398
"ENSRNOG00000070602",0
"ENSRNOG00000048441",2288
"ENSRNOG00000010643",1407
"ENSRNOG00000005578",426
"ENSRNOG00000042065",0
"ENSRNOG00000015133",3163
"ENSRNOG00000014065",153
"ENSRNOG00000049600",0
"ENSRNOG00000009198",164
"ENSRNOG00000025372",996
"ENSRNOG00000014128",726
"ENSRNOG00000024026",0
"ENSRNOG00000010537",347
"ENSRNOG00000011582",2077
"ENSRNOG00000030625",993
"ENSRNOG00000016502",8
"ENSRNOG00000014719",1602
"ENSRNOG00000025979",5
"ENSRNOG00000031824",2092
"ENSRNOG00000021899",591
"ENSRNOG00000049218",0
"ENSRNOG00000063302",574
"ENSRNOG00000070114",0
"ENSRNOG00000021887",198
"ENSRNOG00000039445",0
"ENSRNOG00000029862",25
"ENSRNOG00000067077",557
"ENSRNOG00000018939",498
"ENSRNOG00000021660",1193
"ENSRNOG00000009271",2211
"ENSRNOG00000017766",0
"ENSRNOG00000008709",715
"ENSRNOG00000016847",1838
"ENSRNOG00000009946",845
"ENSRNOG00000069348",0
"ENSRNOG00000066040",0
"ENSRNOG00000017151",1171
"ENSRNOG00000049588",0
"ENSRNOG00000019105",4533
"ENSRNOG00000045799",0
"ENSRNOG00000009434",11
"ENSRNOG00000017478",314
"ENSRNOG00000031129",2283
"ENSRNOG00000065852",0
"ENSRNOG00000063923",0
"ENSRNOG00000017628",6142
"ENSRNOG00000027295",59
"ENSRNOG00000032180",88
"ENSRNOG00000021420",325
"ENSRNOG00000015953",1626
"ENSRNOG00000022043",167
"ENSRNOG00000017871",2843
"ENSRNOG00000033426",844
"ENSRNOG00000015019",3362
"ENSRNOG00000060379",289
"ENSRNOG00000015977",2316
"ENSRNOG00000046535",136
"ENSRNOG00000054479",447
"ENSRNOG00000010543",2735
"ENSRNOG00000011543",392
"ENSRNOG00000019400",5442
"ENSRNOG00000027847",10
"ENSRNOG00000011739",2876
"ENSRNOG00000020828",117
"ENSRNOG00000064617",0
"ENSRNOG00000008757",296
"ENSRNOG00000037289",0
"ENSRNOG00000070472",55
"ENSRNOG00000030391",1366
"ENSRNOG00000070382",227
"ENSRNOG00000029242",682
"ENSRNOG00000013164",0
"ENSRNOG00000012604",243
"ENSRNOG00000008058",3
"ENSRNOG00000030101",49
"ENSRNOG00000014331",460
"ENSRNOG00000039390",67
"ENSRNOG00000011747",154
"ENSRNOG00000010634",4
"ENSRNOG00000015858",0
"ENSRNOG00000050155",0
"ENSRNOG00000011799",120
"ENSRNOG00000008508",1
"ENSRNOG00000010899",0
"ENSRNOG00000025359",0
"ENSRNOG00000029911",46
"ENSRNOG00000018778",1
"ENSRNOG00000012164",403
"ENSRNOG00000022445",0
"ENSRNOG00000014846",2132
"ENSRNOG00000055496",0
"ENSRNOG00000031896",4808
"ENSRNOG00000012619",8
"ENSRNOG00000029127",867
"ENSRNOG00000054063",0
"ENSRNOG00000052010",0
"ENSRNOG00000014602",365
"ENSRNOG00000063092",80
"ENSRNOG00000070564",0
"ENSRNOG00000016150",230
"ENSRNOG00000046261",13
"ENSRNOG00000065325",0
"ENSRNOG00000052051",5
"ENSRNOG00000059163",45
"ENSRNOG00000000195",2134
"ENSRNOG00000059005",0
"ENSRNOG00000069976",43
"ENSRNOG00000046307",32
"ENSRNOG00000062683",83
"ENSRNOG00000047861",0
"ENSRNOG00000067838",0
"ENSRNOG00000023020",323
"ENSRNOG00000012469",1222
"ENSRNOG00000058938",1
"ENSRNOG00000049187",0
"ENSRNOG00000020710",1780
"ENSRNOG00000062317",0
"ENSRNOG00000030232",1426
"ENSRNOG00000068126",0
"ENSRNOG00000068077",0
"ENSRNOG00000008904",53
"ENSRNOG00000064055",0
"ENSRNOG00000027736",605
"ENSRNOG00000065624",0
"ENSRNOG00000066698",0
"ENSRNOG00000066519",0
"ENSRNOG00000009950",443
"ENSRNOG00000065616",0
"ENSRNOG00000007926",579
"ENSRNOG00000014284",1221
"ENSRNOG00000069156",0
"ENSRNOG00000006075",0
"ENSRNOG00000065963",0
"ENSRNOG00000066207",6
"ENSRNOG00000010688",0
"ENSRNOG00000070638",0
"ENSRNOG00000026985",1001
"ENSRNOG00000033217",1
"ENSRNOG00000067794",0
"ENSRNOG00000014521",853
"ENSRNOG00000068935",0
"ENSRNOG00000064114",0
"ENSRNOG00000015554",74
"ENSRNOG00000043131",0
"ENSRNOG00000070485",0
"ENSRNOG00000063953",0
"ENSRNOG00000071070",0
"ENSRNOG00000010652",207
"ENSRNOG00000009219",0
"ENSRNOG00000012260",46
"ENSRNOG00000012994",224
"ENSRNOG00000012980",86
"ENSRNOG00000066595",0
"ENSRNOG00000011199",1113
"ENSRNOG00000063739",0
"ENSRNOG00000011490",0
"ENSRNOG00000016827",101
"ENSRNOG00000065779",0
"ENSRNOG00000069680",0
"ENSRNOG00000028856",103
"ENSRNOG00000008138",36
"ENSRNOG00000032948",274
"ENSRNOG00000017589",39
"ENSRNOG00000069826",0
"ENSRNOG00000053239",246
"ENSRNOG00000011329",3106
"ENSRNOG00000065790",1
"ENSRNOG00000062452",0
"ENSRNOG00000067250",0
"ENSRNOG00000007649",1284
"ENSRNOG00000015896",311
"ENSRNOG00000005960",20
"ENSRNOG00000009850",875
"ENSRNOG00000067474",0
"ENSRNOG00000032339",147
"ENSRNOG00000065608",0
"ENSRNOG00000068388",1
"ENSRNOG00000031890",5184
"ENSRNOG00000028889",4
"ENSRNOG00000008187",99
"ENSRNOG00000056024",1011
"ENSRNOG00000069955",27
"ENSRNOG00000015863",0
"ENSRNOG00000069075",1
"ENSRNOG00000034066",1475
"ENSRNOG00000015835",198
"ENSRNOG00000008037",157
"ENSRNOG00000066313",0
"ENSRNOG00000059540",0
"ENSRNOG00000058207",0
"ENSRNOG00000033256",16
"ENSRNOG00000049289",0
"ENSRNOG00000008428",0
"ENSRNOG00000063762",0
"ENSRNOG00000022245",852
"ENSRNOG00000021771",1
"ENSRNOG00000011228",223
"ENSRNOG00000066855",10
"ENSRNOG00000065944",585
"ENSRNOG00000045585",0
"ENSRNOG00000030910",0
"ENSRNOG00000024346",0
"ENSRNOG00000029876",0
"ENSRNOG00000062096",0
"ENSRNOG00000056662",0
"ENSRNOG00000011277",1
"ENSRNOG00000016181",1
"ENSRNOG00000063215",0
"ENSRNOG00000030016",0
"ENSRNOG00000007372",91
"ENSRNOG00000064634",97
"ENSRNOG00000061579",3272
"ENSRNOG00000030213",2122
"ENSRNOG00000055222",313
"ENSRNOG00000051416",1278
"ENSRNOG00000067468",0
"ENSRNOG00000005795",513
"ENSRNOG00000034128",30
"ENSRNOG00000069206",84
"ENSRNOG00000029843",1091
"ENSRNOG00000029148",271
"ENSRNOG00000064876",0
"ENSRNOG00000009149",654
"ENSRNOG00000030296",134
"ENSRNOG00000045885",8072
"ENSRNOG00000010934",42
"ENSRNOG00000065876",11
"ENSRNOG00000065507",0
"ENSRNOG00000067755",0
"ENSRNOG00000011500",0
"ENSRNOG00000031266",202
"ENSRNOG00000031703",15
"ENSRNOG00000065152",0
"ENSRNOG00000070252",0
"ENSRNOG00000056701",86
"ENSRNOG00000029995",1606
"ENSRNOG00000022084",0
"ENSRNOG00000006957",0
"ENSRNOG00000008924",1416
"ENSRNOG00000023850",603
"ENSRNOG00000017190",4
"ENSRNOG00000005710",471
"ENSRNOG00000065862",5
"ENSRNOG00000032642",0
"ENSRNOG00000066352",0
"ENSRNOG00000020655",0
"ENSRNOG00000063216",233
"ENSRNOG00000068475",0
"ENSRNOG00000065079",0
"ENSRNOG00000025463",0
"ENSRNOG00000034052",6
"ENSRNOG00000032626",0
"ENSRNOG00000068773",0
"ENSRNOG00000031483",0
"ENSRNOG00000066381",0
"ENSRNOG00000032353",0
"ENSRNOG00000023086",618
"ENSRNOG00000016781",8654
"ENSRNOG00000071117",0
"ENSRNOG00000006920",0
"ENSRNOG00000037172",52
"ENSRNOG00000068485",0
"ENSRNOG00000008478",0
"ENSRNOG00000022567",0
"ENSRNOG00000022852",0
"ENSRNOG00000069423",1
"ENSRNOG00000043006",2901
"ENSRNOG00000066836",850
"ENSRNOG00000015189",475
"ENSRNOG00000043480",5
"ENSRNOG00000030962",0
"ENSRNOG00000033490",1
"ENSRNOG00000040208",0
"ENSRNOG00000010315",0
"ENSRNOG00000026759",0
"ENSRNOG00000033697",1370
"ENSRNOG00000010743",110
"ENSRNOG00000031127",696
"ENSRNOG00000063084",0
"ENSRNOG00000016121",312
"ENSRNOG00000004757",268
"ENSRNOG00000031675",9
"ENSRNOG00000031912",4
"ENSRNOG00000070374",0
"ENSRNOG00000048164",190
"ENSRNOG00000016469",0
"ENSRNOG00000030187",0
"ENSRNOG00000052499",309
"ENSRNOG00000065044",338
"ENSRNOG00000065906",0
"ENSRNOG00000067690",0
"ENSRNOG00000018009",974
"ENSRNOG00000012022",0
"ENSRNOG00000062665",4
"ENSRNOG00000070764",0
"ENSRNOG00000064921",0
"ENSRNOG00000006403",18
"ENSRNOG00000064730",0
"ENSRNOG00000068136",1
"ENSRNOG00000031469",0
"ENSRNOG00000017029",361
"ENSRNOG00000008881",0
"ENSRNOG00000039627",11
"ENSRNOG00000054460",2
"ENSRNOG00000070070",0
"ENSRNOG00000068217",0
"ENSRNOG00000012758",2
"ENSRNOG00000000896",3
"ENSRNOG00000058932",269
"ENSRNOG00000065090",18
"ENSRNOG00000010877",741
"ENSRNOG00000063464",186
"ENSRNOG00000060750",924
"ENSRNOG00000067695",5
"ENSRNOG00000017119",189
"ENSRNOG00000048915",122
"ENSRNOG00000021793",6
"ENSRNOG00000065178",218
"ENSRNOG00000069716",0
"ENSRNOG00000065114",853
"ENSRNOG00000009308",1
"ENSRNOG00000020580",84
"ENSRNOG00000062347",0
"ENSRNOG00000054355",698
"ENSRNOG00000064440",0
"ENSRNOG00000065618",0
"ENSRNOG00000067723",10
"ENSRNOG00000050630",2252
"ENSRNOG00000068486",5
"ENSRNOG00000005933",2513
"ENSRNOG00000071145",0
"ENSRNOG00000065870",256
"ENSRNOG00000055049",4
"ENSRNOG00000048161",0
"ENSRNOG00000064689",0
"ENSRNOG00000031126",1
"ENSRNOG00000069438",0
"ENSRNOG00000064936",1
"ENSRNOG00000013027",139
"ENSRNOG00000059497",0
"ENSRNOG00000048237",377
"ENSRNOG00000068439",0
"ENSRNOG00000064399",3448
"ENSRNOG00000067375",9
"ENSRNOG00000061928",682
"ENSRNOG00000062775",0
"ENSRNOG00000067969",8
"ENSRNOG00000013263",12
"ENSRNOG00000070993",0
"ENSRNOG00000057221",3
"ENSRNOG00000056596",909
"ENSRNOG00000030000",0
"ENSRNOG00000067000",10
"ENSRNOG00000070140",10
"ENSRNOG00000069058",0
"ENSRNOG00000054446",705
"ENSRNOG00000066384",0
"ENSRNOG00000065274",0
"ENSRNOG00000068511",86
"ENSRNOG00000066848",0
"ENSRNOG00000064312",55
"ENSRNOG00000026589",1481
"ENSRNOG00000067959",380
"ENSRNOG00000065435",58
"ENSRNOG00000030188",0
"ENSRNOG00000051462",0
"ENSRNOG00000069457",0
"ENSRNOG00000064756",0
"ENSRNOG00000037295",90
"ENSRNOG00000010584",1254
"ENSRNOG00000020603",3
"ENSRNOG00000065520",0
"ENSRNOG00000068247",0
"ENSRNOG00000057660",1
"ENSRNOG00000065991",0
"ENSRNOG00000063118",960
"ENSRNOG00000010507",0
"ENSRNOG00000053577",556
"ENSRNOG00000031054",0
"ENSRNOG00000016620",164
"ENSRNOG00000064896",0
"ENSRNOG00000063458",0
"ENSRNOG00000055631",1118
"ENSRNOG00000069817",0
"ENSRNOG00000010922",824
"ENSRNOG00000013360",7004
"ENSRNOG00000030714",3
"ENSRNOG00000066345",0
"ENSRNOG00000065318",0
"ENSRNOG00000066031",2
"ENSRNOG00000069820",0
"ENSRNOG00000069025",0
"ENSRNOG00000070943",0
"ENSRNOG00000063951",0
"ENSRNOG00000063350",0
"ENSRNOG00000069053",0
"ENSRNOG00000068753",1
"ENSRNOG00000033434",1803
"ENSRNOG00000066983",10
"ENSRNOG00000071086",29
"ENSRNOG00000063105",0
"ENSRNOG00000067847",0
"ENSRNOG00000070488",0
"ENSRNOG00000062331",0
"ENSRNOG00000065689",5
"ENSRNOG00000061337",17
"ENSRNOG00000026178",732
"ENSRNOG00000070740",62
"ENSRNOG00000052134",0
"ENSRNOG00000071030",69
"ENSRNOG00000013752",0
"ENSRNOG00000064818",6
"ENSRNOG00000067268",8
"ENSRNOG00000007726",750
"ENSRNOG00000051630",0
"ENSRNOG00000055251",4
"ENSRNOG00000066852",6
"ENSRNOG00000009907",0
"ENSRNOG00000026171",326
"ENSRNOG00000064526",5
"ENSRNOG00000067408",0
"ENSRNOG00000064892",2
"ENSRNOG00000020688",54
"ENSRNOG00000008862",84
"ENSRNOG00000062708",0
"ENSRNOG00000069154",0
"ENSRNOG00000007613",589
"ENSRNOG00000023809",0
"ENSRNOG00000071036",0
"ENSRNOG00000067656",0
"ENSRNOG00000066244",0
"ENSRNOG00000008526",0
"ENSRNOG00000010362",9551
"ENSRNOG00000031971",3
"ENSRNOG00000065505",1
"ENSRNOG00000007142",0
"ENSRNOG00000062369",154
"ENSRNOG00000052386",479
"ENSRNOG00000065036",1
"ENSRNOG00000032070",1365
"ENSRNOG00000068636",4
"ENSRNOG00000043498",1763
"ENSRNOG00000047225",191
"ENSRNOG00000060221",0
"ENSRNOG00000063183",0
"ENSRNOG00000067304",0
"ENSRNOG00000060040",0
"ENSRNOG00000058898",58338
"ENSRNOG00000033234",25
"ENSRNOG00000059229",0
"ENSRNOG00000054080",175
"ENSRNOG00000009243",901
"ENSRNOG00000043383",0
"ENSRNOG00000054439",0
"ENSRNOG00000065544",0
"ENSRNOG00000021602",46
"ENSRNOG00000050979",4
"ENSRNOG00000008390",730
"ENSRNOG00000000196",18
"ENSRNOG00000008153",1
"ENSRNOG00000007561",62
"ENSRNOG00000010789",644
"ENSRNOG00000063146",17
"ENSRNOG00000005731",48
"ENSRNOG00000039107",234
"ENSRNOG00000063818",0
"ENSRNOG00000023870",0
"ENSRNOG00000020720",0
"ENSRNOG00000069074",0
"ENSRNOG00000043410",361
"ENSRNOG00000009799",1702
"ENSRNOG00000069631",0
"ENSRNOG00000029089",0
"ENSRNOG00000023633",23
"ENSRNOG00000021839",120
"ENSRNOG00000010390",551
"ENSRNOG00000006283",0
"ENSRNOG00000021548",359
"ENSRNOG00000015357",555
"ENSRNOG00000021896",0
"ENSRNOG00000062568",1
"ENSRNOG00000006595",0
"ENSRNOG00000010733",1186
"ENSRNOG00000006931",280
"ENSRNOG00000010602",444
"ENSRNOG00000066300",5
"ENSRNOG00000066437",1
"ENSRNOG00000010944",1886
"ENSRNOG00000032832",0
"ENSRNOG00000042165",211
"ENSRNOG00000013841",618
"ENSRNOG00000006831",537
"ENSRNOG00000018373",1202
"ENSRNOG00000013419",48
"ENSRNOG00000007177",3596
"ENSRNOG00000008444",1055
"ENSRNOG00000009047",0
"ENSRNOG00000066977",7
"ENSRNOG00000006545",806
"ENSRNOG00000021528",322
"ENSRNOG00000025624",2
"ENSRNOG00000006604",528
"ENSRNOG00000031420",537
"ENSRNOG00000026702",8
"ENSRNOG00000032134",1884
"ENSRNOG00000024438",1
"ENSRNOG00000009250",451
"ENSRNOG00000014218",48
"ENSRNOG00000029510",641
"ENSRNOG00000039086",1
"ENSRNOG00000009719",488
"ENSRNOG00000009499",227
"ENSRNOG00000007325",693
"ENSRNOG00000061108",7496
"ENSRNOG00000049531",1364
"ENSRNOG00000047053",913
"ENSRNOG00000009118",6
"ENSRNOG00000047235",1727
"ENSRNOG00000011361",362
"ENSRNOG00000009892",209
"ENSRNOG00000020833",3
"ENSRNOG00000024082",4
"ENSRNOG00000011904",396
"ENSRNOG00000008932",326
"ENSRNOG00000024230",126
"ENSRNOG00000027503",696
"ENSRNOG00000014161",508
"ENSRNOG00000008592",1
"ENSRNOG00000025115",221
"ENSRNOG00000010160",331
"ENSRNOG00000063771",0
"ENSRNOG00000012137",101
"ENSRNOG00000068150",0
"ENSRNOG00000026650",0
"ENSRNOG00000061883",0
"ENSRNOG00000016308",0
"ENSRNOG00000032461",0
"ENSRNOG00000009170",1077
"ENSRNOG00000065921",21
"ENSRNOG00000063505",0
"ENSRNOG00000070052",16
"ENSRNOG00000028884",1156
"ENSRNOG00000064519",1
"ENSRNOG00000031438",0
"ENSRNOG00000015780",1633
"ENSRNOG00000026833",3008
"ENSRNOG00000012500",345
"ENSRNOG00000069794",363
"ENSRNOG00000010663",0
"ENSRNOG00000015945",0
"ENSRNOG00000014427",2
"ENSRNOG00000008515",0
"ENSRNOG00000018184",4613
"ENSRNOG00000033796",0
"ENSRNOG00000014201",2
"ENSRNOG00000008039",354
"ENSRNOG00000014343",727
"ENSRNOG00000026979",44
"ENSRNOG00000070532",0
"ENSRNOG00000015201",0
"ENSRNOG00000060367",1383
"ENSRNOG00000029456",128
"ENSRNOG00000034236",3
"ENSRNOG00000018081",160
"ENSRNOG00000012803",559
"ENSRNOG00000007853",307
"ENSRNOG00000014576",15
"ENSRNOG00000056612",4
"ENSRNOG00000008095",0
"ENSRNOG00000008941",250
"ENSRNOG00000038746",81
"ENSRNOG00000034226",0
"ENSRNOG00000057754",2799
"ENSRNOG00000005574",106
"ENSRNOG00000057501",10
"ENSRNOG00000009848",3
"ENSRNOG00000008278",1073
"ENSRNOG00000056409",0
"ENSRNOG00000049470",0
"ENSRNOG00000065914",0
"ENSRNOG00000015878",18
"ENSRNOG00000022980",789
"ENSRNOG00000017332",17
"ENSRNOG00000009888",387
"ENSRNOG00000047179",10891
"ENSRNOG00000054257",506
"ENSRNOG00000057867",11
"ENSRNOG00000031782",0
"ENSRNOG00000016474",3546
"ENSRNOG00000008356",4
"ENSRNOG00000059702",131
"ENSRNOG00000009958",629
"ENSRNOG00000018502",187
"ENSRNOG00000009965",103
"ENSRNOG00000009994",449
"ENSRNOG00000054889",0
"ENSRNOG00000057676",3510
"ENSRNOG00000018333",689
"ENSRNOG00000056654",75
"ENSRNOG00000060338",0
"ENSRNOG00000055361",4
"ENSRNOG00000052869",86
"ENSRNOG00000071199",0
"ENSRNOG00000052983",0
"ENSRNOG00000032436",837
"ENSRNOG00000069223",1
"ENSRNOG00000055594",0
"ENSRNOG00000059435",2
"ENSRNOG00000059039",0
"ENSRNOG00000038181",0
"ENSRNOG00000064292",0
"ENSRNOG00000064631",0
"ENSRNOG00000068974",0
"ENSRNOG00000066210",0
"ENSRNOG00000013669",761
"ENSRNOG00000055503",0
"ENSRNOG00000058522",979
"ENSRNOG00000053428",902
"ENSRNOG00000060576",0
"ENSRNOG00000053784",0
"ENSRNOG00000069892",0
"ENSRNOG00000069748",0
"ENSRNOG00000067497",1
"ENSRNOG00000006224",222
"ENSRNOG00000063162",0
"ENSRNOG00000052370",0
"ENSRNOG00000052158",1
"ENSRNOG00000066086",281
"ENSRNOG00000057260",1
"ENSRNOG00000051946",0
"ENSRNOG00000056719",0
"ENSRNOG00000054641",17
"ENSRNOG00000063103",2532
"ENSRNOG00000057248",0
"ENSRNOG00000066071",0
"ENSRNOG00000058231",0
"ENSRNOG00000059622",132
"ENSRNOG00000023007",11
"ENSRNOG00000066593",0
"ENSRNOG00000057712",0
"ENSRNOG00000052616",2
"ENSRNOG00000062396",0
"ENSRNOG00000067122",115
"ENSRNOG00000051411",2
"ENSRNOG00000067829",0
"ENSRNOG00000060922",0
"ENSRNOG00000066552",0
"ENSRNOG00000057457",0
"ENSRNOG00000037285",0
"ENSRNOG00000053289",0
"ENSRNOG00000064439",0
"ENSRNOG00000068232",0
"ENSRNOG00000051647",0
"ENSRNOG00000062332",0
"ENSRNOG00000052439",1
"ENSRNOG00000058866",2061
"ENSRNOG00000055465",0
"ENSRNOG00000058283",0
"ENSRNOG00000058614",0
"ENSRNOG00000056888",0
"ENSRNOG00000055263",0
"ENSRNOG00000033809",305
"ENSRNOG00000069442",2
"ENSRNOG00000062422",0
"ENSRNOG00000059888",0
"ENSRNOG00000060814",0
"ENSRNOG00000058443",0
"ENSRNOG00000055199",0
"ENSRNOG00000034938",0
"ENSRNOG00000063270",0
"ENSRNOG00000068219",0
"ENSRNOG00000066680",0
"ENSRNOG00000057236",5
"ENSRNOG00000057172",1
"ENSRNOG00000067770",0
"ENSRNOG00000067193",0
"ENSRNOG00000067210",0
"ENSRNOG00000062705",0
"ENSRNOG00000060204",0
"ENSRNOG00000053742",0
"ENSRNOG00000058998",0
"ENSRNOG00000055520",0
"ENSRNOG00000059346",0
"ENSRNOG00000057805",1
"ENSRNOG00000051997",4
"ENSRNOG00000058887",0
"ENSRNOG00000020847",117
"ENSRNOG00000055522",0
"ENSRNOG00000055808",0
"ENSRNOG00000059871",0
"ENSRNOG00000050473",722
"ENSRNOG00000060943",0
"ENSRNOG00000056523",0
"ENSRNOG00000056506",0
"ENSRNOG00000055172",0
"ENSRNOG00000020721",372
"ENSRNOG00000054821",0
"ENSRNOG00000068517",0
"ENSRNOG00000058120",0
"ENSRNOG00000065508",0
"ENSRNOG00000064419",0
"ENSRNOG00000064954",0
"ENSRNOG00000030073",0
"ENSRNOG00000067180",0
"ENSRNOG00000065588",0
"ENSRNOG00000057055",0
"ENSRNOG00000060841",0
"ENSRNOG00000055565",0
"ENSRNOG00000067492",0
"ENSRNOG00000024330",2
"ENSRNOG00000059993",0
"ENSRNOG00000066368",0
"ENSRNOG00000068372",0
"ENSRNOG00000011193",0
"ENSRNOG00000054357",0
"ENSRNOG00000066631",0
"ENSRNOG00000051738",0
"ENSRNOG00000060720",0
"ENSRNOG00000059989",0
"ENSRNOG00000068344",0
"ENSRNOG00000059831",0
"ENSRNOG00000066537",0
"ENSRNOG00000053889",2
"ENSRNOG00000054323",0
"ENSRNOG00000055949",1
"ENSRNOG00000047799",366
"ENSRNOG00000031816",142
"ENSRNOG00000006331",2360
"ENSRNOG00000069372",15
"ENSRNOG00000020450",162
"ENSRNOG00000008214",433
"ENSRNOG00000025957",0
"ENSRNOG00000031141",0
"ENSRNOG00000008691",646
"ENSRNOG00000011138",10022
"ENSRNOG00000064605",0
"ENSRNOG00000009381",840
"ENSRNOG00000050868",0
"ENSRNOG00000029861",0
"ENSRNOG00000011189",412
"ENSRNOG00000010447",45
"ENSRNOG00000030449",18
"ENSRNOG00000027145",104
"ENSRNOG00000011936",101
"ENSRNOG00000010917",0
"ENSRNOG00000010116",225
"ENSRNOG00000012073",1137
"ENSRNOG00000056051",0
"ENSRNOG00000009439",4
"ENSRNOG00000012406",724
"ENSRNOG00000000201",1
"ENSRNOG00000052787",405
"ENSRNOG00000012865",899
"ENSRNOG00000010642",652
"ENSRNOG00000012927",108
"ENSRNOG00000010784",0
"ENSRNOG00000011521",79
"ENSRNOG00000060912",1717
"ENSRNOG00000032063",0
"ENSRNOG00000069906",0
"ENSRNOG00000007932",0
"ENSRNOG00000058470",3831
"ENSRNOG00000025071",1676
"ENSRNOG00000031965",0
"ENSRNOG00000046191",16
"ENSRNOG00000068670",0
"ENSRNOG00000020068",580
"ENSRNOG00000010657",10
"ENSRNOG00000037199",31
"ENSRNOG00000042903",33
"ENSRNOG00000020159",469
"ENSRNOG00000010895",1389
"ENSRNOG00000020185",723
"ENSRNOG00000008984",465
"ENSRNOG00000020249",100
"ENSRNOG00000066197",0
"ENSRNOG00000009580",97
"ENSRNOG00000021047",400
"ENSRNOG00000000199",0
"ENSRNOG00000069879",1263
"ENSRNOG00000065247",247
"ENSRNOG00000066863",0
"ENSRNOG00000023794",0
"ENSRNOG00000020948",172
"ENSRNOG00000067842",750
"ENSRNOG00000007720",792
"ENSRNOG00000065279",187
"ENSRNOG00000013042",3
"ENSRNOG00000057691",6
"ENSRNOG00000063493",14
"ENSRNOG00000025332",612
"ENSRNOG00000067811",656
"ENSRNOG00000068675",701
"ENSRNOG00000065943",0
"ENSRNOG00000070669",2
"ENSRNOG00000065586",3
"ENSRNOG00000020955",0
"ENSRNOG00000066974",78
"ENSRNOG00000068755",0
"ENSRNOG00000070980",2
"ENSRNOG00000063823",0
"ENSRNOG00000065033",147
"ENSRNOG00000031827",807
"ENSRNOG00000065901",23
"ENSRNOG00000065405",0
"ENSRNOG00000051671",1146
"ENSRNOG00000063535",789
"ENSRNOG00000064822",0
"ENSRNOG00000029543",52
"ENSRNOG00000010156",389
"ENSRNOG00000067175",0
"ENSRNOG00000064300",2
"ENSRNOG00000061650",0
"ENSRNOG00000064671",0
"ENSRNOG00000065802",19
"ENSRNOG00000067743",0
"ENSRNOG00000070021",2
"ENSRNOG00000067586",10
"ENSRNOG00000069347",1
"ENSRNOG00000065465",18
"ENSRNOG00000020288",945
"ENSRNOG00000067893",0
"ENSRNOG00000071079",14
"ENSRNOG00000069432",37
"ENSRNOG00000058012",0
"ENSRNOG00000031401",0
"ENSRNOG00000065759",0
"ENSRNOG00000042432",42
"ENSRNOG00000064745",39
"ENSRNOG00000017684",54
"ENSRNOG00000070705",0
"ENSRNOG00000070354",0
"ENSRNOG00000063500",0
"ENSRNOG00000037229",5
"ENSRNOG00000020284",476
"ENSRNOG00000070686",4
"ENSRNOG00000070739",0
"ENSRNOG00000017714",741
"ENSRNOG00000065882",0
"ENSRNOG00000013059",84
"ENSRNOG00000064430",0
"ENSRNOG00000027799",18
"ENSRNOG00000059167",0
"ENSRNOG00000067785",264
"ENSRNOG00000033921",308
"ENSRNOG00000011852",1028
"ENSRNOG00000053916",0
"ENSRNOG00000061154",0
"ENSRNOG00000064183",116
"ENSRNOG00000067595",78
"ENSRNOG00000069880",25
"ENSRNOG00000033378",1020
"ENSRNOG00000063882",8
"ENSRNOG00000062448",0
"ENSRNOG00000020804",1894
"ENSRNOG00000054131",1
"ENSRNOG00000068187",0
"ENSRNOG00000065458",4
"ENSRNOG00000070433",101
"ENSRNOG00000013399",6
"ENSRNOG00000059525",0
"ENSRNOG00000056472",0
"ENSRNOG00000055457",0
"ENSRNOG00000051955",0
"ENSRNOG00000005934",1
"ENSRNOG00000058213",0
"ENSRNOG00000037659",308
"ENSRNOG00000055883",0
"ENSRNOG00000057627",0
"ENSRNOG00000010004",0
"ENSRNOG00000013305",841
"ENSRNOG00000014644",0
"ENSRNOG00000034503",0
"ENSRNOG00000052416",0
"ENSRNOG00000010024",628
"ENSRNOG00000012479",1
"ENSRNOG00000070463",0
"ENSRNOG00000054911",0
"ENSRNOG00000059726",0
"ENSRNOG00000055825",0
"ENSRNOG00000066222",0
"ENSRNOG00000059194",0
"ENSRNOG00000053403",0
"ENSRNOG00000066485",0
"ENSRNOG00000005970",183
"ENSRNOG00000008519",4390
"ENSRNOG00000052126",0
"ENSRNOG00000061858",0
"ENSRNOG00000058872",0
"ENSRNOG00000061762",0
"ENSRNOG00000010685",1787
"ENSRNOG00000066329",2
"ENSRNOG00000065611",0
"ENSRNOG00000058445",6
"ENSRNOG00000063132",0
"ENSRNOG00000031032",771
"ENSRNOG00000059581",0
"ENSRNOG00000053157",0
"ENSRNOG00000059364",0
"ENSRNOG00000019680",2
"ENSRNOG00000009773",158
"ENSRNOG00000064465",0
"ENSRNOG00000058412",1105
"ENSRNOG00000056584",0
"ENSRNOG00000059045",0
"ENSRNOG00000070515",0
"ENSRNOG00000057922",0
"ENSRNOG00000029572",396
"ENSRNOG00000052284",0
"ENSRNOG00000065714",0
"ENSRNOG00000008554",321
"ENSRNOG00000066730",21
"ENSRNOG00000059324",0
"ENSRNOG00000052988",0
"ENSRNOG00000064837",0
"ENSRNOG00000016592",9178
"ENSRNOG00000066326",0
"ENSRNOG00000067349",2
"ENSRNOG00000061033",0
"ENSRNOG00000016561",1
"ENSRNOG00000065323",0
"ENSRNOG00000014025",2
"ENSRNOG00000029055",333
"ENSRNOG00000047867",61
"ENSRNOG00000026821",969
"ENSRNOG00000008151",2158
"ENSRNOG00000048718",562
"ENSRNOG00000009928",506
"ENSRNOG00000014064",3117
"ENSRNOG00000032618",19
"ENSRNOG00000011251",1
"ENSRNOG00000014917",283
"ENSRNOG00000006302",1446
"ENSRNOG00000008173",8783
"ENSRNOG00000031132",0
"ENSRNOG00000042726",0
"ENSRNOG00000047768",1434
"ENSRNOG00000008652",607
"ENSRNOG00000063507",0
"ENSRNOG00000065246",0
"ENSRNOG00000030318",0
"ENSRNOG00000047606",0
"ENSRNOG00000009715",3530
"ENSRNOG00000046155",11
"ENSRNOG00000013229",202
"ENSRNOG00000024757",452
"ENSRNOG00000009233",372
"ENSRNOG00000065366",2378
"ENSRNOG00000046848",131
"ENSRNOG00000027728",805
"ENSRNOG00000030551",19
"ENSRNOG00000009506",436
"ENSRNOG00000008363",3
"ENSRNOG00000043223",107
"ENSRNOG00000010240",771
"ENSRNOG00000025184",524
"ENSRNOG00000054863",0
"ENSRNOG00000045905",5
"ENSRNOG00000010545",1
"ENSRNOG00000010060",293
"ENSRNOG00000048919",6
"ENSRNOG00000010608",211
"ENSRNOG00000028036",252
"ENSRNOG00000047468",0
"ENSRNOG00000056092",0
"ENSRNOG00000010694",723
"ENSRNOG00000010802",127
"ENSRNOG00000062992",111
"ENSRNOG00000011491",1867
"ENSRNOG00000008990",1202
"ENSRNOG00000024336",1136
"ENSRNOG00000022456",0
"ENSRNOG00000014871",0
"ENSRNOG00000010942",138
"ENSRNOG00000007038",0
"ENSRNOG00000069443",40
"ENSRNOG00000010699",3
"ENSRNOG00000026951",661
"ENSRNOG00000013889",3246
"ENSRNOG00000030098",1
"ENSRNOG00000011241",244
"ENSRNOG00000011071",60
"ENSRNOG00000009043",0
"ENSRNOG00000009599",15
"ENSRNOG00000064384",0
"ENSRNOG00000008919",3
"ENSRNOG00000009203",1
"ENSRNOG00000009613",1
"ENSRNOG00000011348",709
"ENSRNOG00000005923",2095
"ENSRNOG00000014543",2137
"ENSRNOG00000011501",5537
"ENSRNOG00000008865",245
"ENSRNOG00000006792",412
"ENSRNOG00000022847",777
"ENSRNOG00000018153",3166
"ENSRNOG00000009515",292
"ENSRNOG00000020733",0
"ENSRNOG00000024863",318
"ENSRNOG00000037171",0
"ENSRNOG00000023330",2
"ENSRNOG00000029649",0
"ENSRNOG00000019894",0
"ENSRNOG00000023214",42
"ENSRNOG00000011162",47
"ENSRNOG00000067317",1223
"ENSRNOG00000061247",2
"ENSRNOG00000037175",2
"ENSRNOG00000023861",3
"ENSRNOG00000021091",2
"ENSRNOG00000031660",1
"ENSRNOG00000006324",42
"ENSRNOG00000008490",375
"ENSRNOG00000010480",16
"ENSRNOG00000010496",344
"ENSRNOG00000013937",0
"ENSRNOG00000020748",5814
"ENSRNOG00000011585",2
"ENSRNOG00000008607",345
"ENSRNOG00000010887",383
"ENSRNOG00000053034",2
"ENSRNOG00000010921",292
"ENSRNOG00000043085",0
"ENSRNOG00000031522",0
"ENSRNOG00000009729",872
"ENSRNOG00000013794",4
"ENSRNOG00000013932",0
"ENSRNOG00000052334",0
"ENSRNOG00000061716",0
"ENSRNOG00000060532",0
"ENSRNOG00000064258",214
"ENSRNOG00000069577",1972
"ENSRNOG00000069622",2
"ENSRNOG00000068297",0
"ENSRNOG00000009878",4887
"ENSRNOG00000065106",0
"ENSRNOG00000061167",0
"ENSRNOG00000030856",0
"ENSRNOG00000052850",0
"ENSRNOG00000016413",1
"ENSRNOG00000054859",0
"ENSRNOG00000059339",2
"ENSRNOG00000034283",0
"ENSRNOG00000064805",1
"ENSRNOG00000010999",284
"ENSRNOG00000061688",0
"ENSRNOG00000011922",1203
"ENSRNOG00000026489",0
"ENSRNOG00000067629",2
"ENSRNOG00000020579",0
"ENSRNOG00000014060",1747
"ENSRNOG00000058606",3
"ENSRNOG00000009054",0
"ENSRNOG00000065153",0
"ENSRNOG00000060736",0
"ENSRNOG00000055845",1
"ENSRNOG00000011455",490
"ENSRNOG00000031523",0
"ENSRNOG00000051847",0
"ENSRNOG00000057204",6
"ENSRNOG00000060932",0
"ENSRNOG00000054457",0
"ENSRNOG00000030845",0
"ENSRNOG00000033654",0
"ENSRNOG00000014477",8
"ENSRNOG00000015233",1193
"ENSRNOG00000067864",8
"ENSRNOG00000026643",473
"ENSRNOG00000027099",95
"ENSRNOG00000052161",1
"ENSRNOG00000068004",0
"ENSRNOG00000057682",0
"ENSRNOG00000070154",71
"ENSRNOG00000070900",0
"ENSRNOG00000054837",1
"ENSRNOG00000039922",0
"ENSRNOG00000010277",1813
"ENSRNOG00000037167",0
"ENSRNOG00000030069",69
"ENSRNOG00000054664",0
"ENSRNOG00000065634",0
"ENSRNOG00000039919",0
"ENSRNOG00000052797",0
"ENSRNOG00000052063",0
"ENSRNOG00000052082",0
"ENSRNOG00000067805",0
"ENSRNOG00000055151",0
"ENSRNOG00000035561",0
"ENSRNOG00000006577",0
"ENSRNOG00000069451",0
"ENSRNOG00000005713",206
"ENSRNOG00000035484",0
"ENSRNOG00000070961",0
"ENSRNOG00000029029",3
"ENSRNOG00000035478",0
"ENSRNOG00000013265",5096
"ENSRNOG00000035502",0
"ENSRNOG00000069944",0
"ENSRNOG00000005879",2323
"ENSRNOG00000056387",0
"ENSRNOG00000011381",0
"ENSRNOG00000063093",0
"ENSRNOG00000035522",0
"ENSRNOG00000029054",0
"ENSRNOG00000036531",0
"ENSRNOG00000064567",0
"ENSRNOG00000035548",3
"ENSRNOG00000069547",0
"ENSRNOG00000050242",3
"ENSRNOG00000067642",0
"ENSRNOG00000035550",0
"ENSRNOG00000066551",0
"ENSRNOG00000050956",0
"ENSRNOG00000069259",0
"ENSRNOG00000035456",0
"ENSRNOG00000052305",694
"ENSRNOG00000035582",1
"ENSRNOG00000033025",0
"ENSRNOG00000065818",0
"ENSRNOG00000035607",0
"ENSRNOG00000033839",0
"ENSRNOG00000047361",0
"ENSRNOG00000066231",0
"ENSRNOG00000035641",0
"ENSRNOG00000010434",921
"ENSRNOG00000028864",0
"ENSRNOG00000069060",0
"ENSRNOG00000030569",0
"ENSRNOG00000065222",0
"ENSRNOG00000000204",1612
"ENSRNOG00000006428",0
"ENSRNOG00000013271",1726
"ENSRNOG00000030965",0
"ENSRNOG00000063435",0
"ENSRNOG00000006439",0
"ENSRNOG00000066216",0
"ENSRNOG00000064460",0
"ENSRNOG00000067509",0
"ENSRNOG00000037305",0
"ENSRNOG00000068702",1
"ENSRNOG00000028869",1
"ENSRNOG00000027052",6
"ENSRNOG00000012123",226
"ENSRNOG00000008487",1424
"ENSRNOG00000019390",4
"ENSRNOG00000062569",0
"ENSRNOG00000051142",0
"ENSRNOG00000005955",7
"ENSRNOG00000064642",0
"ENSRNOG00000071182",0
"ENSRNOG00000019404",1
"ENSRNOG00000066152",0
"ENSRNOG00000011563",0
"ENSRNOG00000013585",144
"ENSRNOG00000051115",0
"ENSRNOG00000063981",0
"ENSRNOG00000032884",0
"ENSRNOG00000020737",355
"ENSRNOG00000067160",0
"ENSRNOG00000064411",0
"ENSRNOG00000066589",0
"ENSRNOG00000063401",0
"ENSRNOG00000018645",14801
"ENSRNOG00000070596",0
"ENSRNOG00000024200",0
"ENSRNOG00000063172",0
"ENSRNOG00000012237",1556
"ENSRNOG00000026629",0
"ENSRNOG00000064467",0
"ENSRNOG00000008972",0
"ENSRNOG00000068253",0
"ENSRNOG00000067404",0
"ENSRNOG00000006713",20
"ENSRNOG00000018700",0
"ENSRNOG00000062318",0
"ENSRNOG00000012386",1695
"ENSRNOG00000006584",0
"ENSRNOG00000065961",0
"ENSRNOG00000020853",1326
"ENSRNOG00000063219",0
"ENSRNOG00000068805",0
"ENSRNOG00000063030",0
"ENSRNOG00000068293",0
"ENSRNOG00000042061",1
"ENSRNOG00000070365",0
"ENSRNOG00000068168",0
"ENSRNOG00000062711",0
"ENSRNOG00000020862",1180
"ENSRNOG00000019382",433
"ENSRNOG00000070533",0
"ENSRNOG00000012480",534
"ENSRNOG00000063967",0
"ENSRNOG00000031423",0
"ENSRNOG00000045713",0
"ENSRNOG00000067825",0
"ENSRNOG00000011446",2
"ENSRNOG00000017704",2555
"ENSRNOG00000064393",0
"ENSRNOG00000011663",256
"ENSRNOG00000006684",800
"ENSRNOG00000066528",0
"ENSRNOG00000067064",0
"ENSRNOG00000014588",361
"ENSRNOG00000067386",0
"ENSRNOG00000064893",0
"ENSRNOG00000047917",0
"ENSRNOG00000062368",0
"ENSRNOG00000033026",0
"ENSRNOG00000026232",0
"ENSRNOG00000067908",0
"ENSRNOG00000068076",0
"ENSRNOG00000039239",0
"ENSRNOG00000067226",0
"ENSRNOG00000065186",171
"ENSRNOG00000064473",0
"ENSRNOG00000010149",879
"ENSRNOG00000067711",0
"ENSRNOG00000032473",0
"ENSRNOG00000039238",0
"ENSRNOG00000063358",0
"ENSRNOG00000039236",0
"ENSRNOG00000025767",1
"ENSRNOG00000055420",0
"ENSRNOG00000068706",0
"ENSRNOG00000014746",294
"ENSRNOG00000070773",0
"ENSRNOG00000020981",0
"ENSRNOG00000038477",0
"ENSRNOG00000069258",0
"ENSRNOG00000071168",0
"ENSRNOG00000031942",0
"ENSRNOG00000066234",0
"ENSRNOG00000032238",1031
"ENSRNOG00000067373",0
"ENSRNOG00000066601",0
"ENSRNOG00000015370",1
"ENSRNOG00000070792",0
"ENSRNOG00000069888",0
"ENSRNOG00000056873",0
"ENSRNOG00000012470",312
"ENSRNOG00000066959",0
"ENSRNOG00000011909",359
"ENSRNOG00000067945",19
"ENSRNOG00000056476",1
"ENSRNOG00000066696",0
"ENSRNOG00000047853",568
"ENSRNOG00000067592",0
"ENSRNOG00000052349",0
"ENSRNOG00000058082",0
"ENSRNOG00000013493",868
"ENSRNOG00000048802",0
"ENSRNOG00000064020",0
"ENSRNOG00000020356",545
"ENSRNOG00000018797",19
"ENSRNOG00000058978",0
"ENSRNOG00000069214",1
"ENSRNOG00000047382",0
"ENSRNOG00000070209",0
"ENSRNOG00000059611",0
"ENSRNOG00000053820",10
"ENSRNOG00000012106",79
"ENSRNOG00000069484",0
"ENSRNOG00000053238",0
"ENSRNOG00000069965",0
"ENSRNOG00000008048",117
"ENSRNOG00000010386",1605
"ENSRNOG00000010096",749
"ENSRNOG00000038864",218
"ENSRNOG00000059654",0
"ENSRNOG00000006363",0
"ENSRNOG00000057454",2
"ENSRNOG00000065164",2
"ENSRNOG00000007266",1
"ENSRNOG00000005918",141
"ENSRNOG00000068947",0
"ENSRNOG00000042259",1
"ENSRNOG00000022376",0
"ENSRNOG00000062517",184
"ENSRNOG00000020608",180
"ENSRNOG00000042940",4
"ENSRNOG00000018812",138
"ENSRNOG00000015333",39
"ENSRNOG00000014383",0
"ENSRNOG00000020519",397
"ENSRNOG00000054780",0
"ENSRNOG00000070028",56
"ENSRNOG00000061240",0
"ENSRNOG00000031779",0
"ENSRNOG00000051988",0
"ENSRNOG00000050216",0
"ENSRNOG00000053404",1
"ENSRNOG00000070285",2149
"ENSRNOG00000062056",1
"ENSRNOG00000020679",821
"ENSRNOG00000020880",343
"ENSRNOG00000007865",1
"ENSRNOG00000049128",1682
"ENSRNOG00000042078",6
"ENSRNOG00000017600",1108
"ENSRNOG00000020694",48
"ENSRNOG00000012862",92
"ENSRNOG00000065686",6
"ENSRNOG00000064920",0
"ENSRNOG00000020891",25
"ENSRNOG00000018711",0
"ENSRNOG00000015869",900
"ENSRNOG00000013829",0
"ENSRNOG00000064355",357
"ENSRNOG00000014801",136
"ENSRNOG00000017382",1671
"ENSRNOG00000069661",784
"ENSRNOG00000016173",0
"ENSRNOG00000029195",55
"ENSRNOG00000042140",1
"ENSRNOG00000016384",73
"ENSRNOG00000020474",296
"ENSRNOG00000029773",825
"ENSRNOG00000022704",12
"ENSRNOG00000019363",27
"ENSRNOG00000020619",3470
"ENSRNOG00000064941",41
"ENSRNOG00000054008",32
"ENSRNOG00000060723",2547
"ENSRNOG00000020361",341
"ENSRNOG00000020915",2748
"ENSRNOG00000042519",2029
"ENSRNOG00000020878",391
"ENSRNOG00000014168",569
"ENSRNOG00000016905",1135
"ENSRNOG00000030386",3
"ENSRNOG00000018577",172
"ENSRNOG00000015049",1
"ENSRNOG00000047984",481
"ENSRNOG00000029194",881
"ENSRNOG00000068932",5
"ENSRNOG00000064984",6
"ENSRNOG00000018786",46
"ENSRNOG00000054902",212
"ENSRNOG00000024934",1042
"ENSRNOG00000019492",97
"ENSRNOG00000018848",449
"ENSRNOG00000009945",7
"ENSRNOG00000049083",1
"ENSRNOG00000066029",1
"ENSRNOG00000013634",919
"ENSRNOG00000010027",387
"ENSRNOG00000050214",222
"ENSRNOG00000009161",773
"ENSRNOG00000027109",36
"ENSRNOG00000066967",1
"ENSRNOG00000017208",17
"ENSRNOG00000032908",136
"ENSRNOG00000042951",587
"ENSRNOG00000019355",0
"ENSRNOG00000065187",20
"ENSRNOG00000015336",7
"ENSRNOG00000013802",1125
"ENSRNOG00000006864",349
"ENSRNOG00000008210",1
"ENSRNOG00000064714",17
"ENSRNOG00000030183",6616
"ENSRNOG00000027880",62
"ENSRNOG00000007862",960
"ENSRNOG00000048978",290
"ENSRNOG00000008981",3335
"ENSRNOG00000014529",865
"ENSRNOG00000022702",786
"ENSRNOG00000032085",6
"ENSRNOG00000015149",2
"ENSRNOG00000069604",0
"ENSRNOG00000009014",46
"ENSRNOG00000008410",157
"ENSRNOG00000067803",13
"ENSRNOG00000008530",80
"ENSRNOG00000019374",896
"ENSRNOG00000019321",0
"ENSRNOG00000048975",0
"ENSRNOG00000018509",0
"ENSRNOG00000010186",983
"ENSRNOG00000032919",267
"ENSRNOG00000050519",13060
"ENSRNOG00000008219",0
"ENSRNOG00000054172",5143
"ENSRNOG00000048812",4646
"ENSRNOG00000008459",203
"ENSRNOG00000047734",2324
"ENSRNOG00000020656",31
"ENSRNOG00000019271",54
"ENSRNOG00000011027",692
"ENSRNOG00000017460",427
"ENSRNOG00000009005",174
"ENSRNOG00000008312",5
"ENSRNOG00000020667",2962
"ENSRNOG00000000219",1090
"ENSRNOG00000008593",1241
"ENSRNOG00000020936",0
"ENSRNOG00000008074",13
"ENSRNOG00000020946",149
"ENSRNOG00000010940",763
"ENSRNOG00000022540",282
"ENSRNOG00000007442",1809
"ENSRNOG00000020670",149
"ENSRNOG00000050690",0
"ENSRNOG00000033433",130
"ENSRNOG00000010951",721
"ENSRNOG00000022845",52
"ENSRNOG00000042660",0
"ENSRNOG00000043167",37
"ENSRNOG00000010260",1287
"ENSRNOG00000025881",1471
"ENSRNOG00000011478",18
"ENSRNOG00000054635",1
"ENSRNOG00000052634",15
"ENSRNOG00000026577",0
"ENSRNOG00000016512",4
"ENSRNOG00000026455",585
"ENSRNOG00000023021",1016
"ENSRNOG00000066638",139
"ENSRNOG00000022999",408
"ENSRNOG00000008400",839
"ENSRNOG00000030688",14
"ENSRNOG00000010196",3633
"ENSRNOG00000009789",526
"ENSRNOG00000051792",835
"ENSRNOG00000019317",0
"ENSRNOG00000011435",125
"ENSRNOG00000011820",102
"ENSRNOG00000010524",3608
"ENSRNOG00000018689",862
"ENSRNOG00000018552",281
"ENSRNOG00000010911",373
"ENSRNOG00000018982",0
"ENSRNOG00000047873",208
"ENSRNOG00000004135",167
"ENSRNOG00000009887",2320
"ENSRNOG00000013171",0
"ENSRNOG00000060356",122
"ENSRNOG00000068525",1
"ENSRNOG00000013136",920
"ENSRNOG00000068374",204
"ENSRNOG00000005426",298
"ENSRNOG00000011201",13
"ENSRNOG00000054468",230
"ENSRNOG00000062699",1
"ENSRNOG00000025643",2
"ENSRNOG00000006490",4489
"ENSRNOG00000004050",459
"ENSRNOG00000004320",111
"ENSRNOG00000026112",3
"ENSRNOG00000011595",253
"ENSRNOG00000004344",2506
"ENSRNOG00000017193",151
"ENSRNOG00000060337",46
"ENSRNOG00000012438",34
"ENSRNOG00000019136",2247
"ENSRNOG00000037085",10
"ENSRNOG00000032027",252
"ENSRNOG00000038459",124
"ENSRNOG00000019262",863
"ENSRNOG00000018671",715
"ENSRNOG00000053687",5
"ENSRNOG00000019500",99
"ENSRNOG00000062710",86
"ENSRNOG00000063877",0
"ENSRNOG00000009450",3
"ENSRNOG00000019007",7868
"ENSRNOG00000033608",2998
"ENSRNOG00000018816",3499
"ENSRNOG00000019481",0
"ENSRNOG00000010252",2271
"ENSRNOG00000019472",0
"ENSRNOG00000019428",113
"ENSRNOG00000006311",0
"ENSRNOG00000009029",6029
"ENSRNOG00000006336",461
"ENSRNOG00000009332",2
"ENSRNOG00000019579",633
"ENSRNOG00000006319",10
"ENSRNOG00000070150",0
"ENSRNOG00000070499",433
"ENSRNOG00000006620",0
"ENSRNOG00000030126",556
"ENSRNOG00000019677",82
"ENSRNOG00000016942",922
"ENSRNOG00000018898",541
"ENSRNOG00000062987",41
"ENSRNOG00000070915",0
"ENSRNOG00000022382",879
"ENSRNOG00000068642",0
"ENSRNOG00000032254",1058
"ENSRNOG00000006244",166
"ENSRNOG00000006730",0
"ENSRNOG00000053753",90
"ENSRNOG00000006736",0
"ENSRNOG00000018047",278
"ENSRNOG00000030654",513
"ENSRNOG00000063127",0
"ENSRNOG00000049115",0
"ENSRNOG00000034089",14
"ENSRNOG00000063332",2
"ENSRNOG00000013013",923
"ENSRNOG00000004760",410
"ENSRNOG00000004837",547
"ENSRNOG00000015257",1027
"ENSRNOG00000013874",12474
"ENSRNOG00000009173",173
"ENSRNOG00000063389",0
"ENSRNOG00000013610",1
"ENSRNOG00000005149",792
"ENSRNOG00000014080",959
"ENSRNOG00000006010",1
"ENSRNOG00000047457",0
"ENSRNOG00000025676",20
"ENSRNOG00000068512",0
"ENSRNOG00000034272",1013
"ENSRNOG00000004104",73
"ENSRNOG00000025554",690
"ENSRNOG00000004540",15
"ENSRNOG00000046257",562
"ENSRNOG00000010176",1075
"ENSRNOG00000000221",403
"ENSRNOG00000019350",0
"ENSRNOG00000004085",554
"ENSRNOG00000011619",1821
"ENSRNOG00000004743",1
"ENSRNOG00000025601",0
"ENSRNOG00000022081",4
"ENSRNOG00000032531",0
"ENSRNOG00000009157",207
"ENSRNOG00000071140",0
"ENSRNOG00000047133",67
"ENSRNOG00000069781",0
"ENSRNOG00000014164",5
"ENSRNOG00000012119",28
"ENSRNOG00000011302",1170
"ENSRNOG00000007687",508
"ENSRNOG00000006723",634
"ENSRNOG00000071217",64
"ENSRNOG00000023129",140
"ENSRNOG00000003825",1816
"ENSRNOG00000018931",323
"ENSRNOG00000028330",1206
"ENSRNOG00000021294",2
"ENSRNOG00000017256",23
"ENSRNOG00000016623",4
"ENSRNOG00000042889",4
"ENSRNOG00000011740",1472
"ENSRNOG00000022894",1376
"ENSRNOG00000064735",5
"ENSRNOG00000019476",2532
"ENSRNOG00000022812",624
"ENSRNOG00000012959",1704
"ENSRNOG00000019592",2
"ENSRNOG00000012502",893
"ENSRNOG00000016866",95
"ENSRNOG00000019648",6168
"ENSRNOG00000024562",1063
"ENSRNOG00000013508",7394
"ENSRNOG00000019622",5181
"ENSRNOG00000013583",111
"ENSRNOG00000019495",1
"ENSRNOG00000003357",136562
"ENSRNOG00000019557",0
"ENSRNOG00000024688",27
"ENSRNOG00000052979",1
"ENSRNOG00000003736",17206
"ENSRNOG00000018185",0
"ENSRNOG00000023238",1003
"ENSRNOG00000056246",2538
"ENSRNOG00000019635",788
"ENSRNOG00000038738",0
"ENSRNOG00000018998",1269
"ENSRNOG00000028557",238
"ENSRNOG00000019079",466
"ENSRNOG00000018395",1484
"ENSRNOG00000019085",2750
"ENSRNOG00000019195",227
"ENSRNOG00000048320",2082
"ENSRNOG00000014079",4684
"ENSRNOG00000019332",802
"ENSRNOG00000016269",2560
"ENSRNOG00000012375",231
"ENSRNOG00000018863",107
"ENSRNOG00000015416",55
"ENSRNOG00000013388",701
"ENSRNOG00000018949",5
"ENSRNOG00000018740",2561
"ENSRNOG00000062384",6
"ENSRNOG00000068276",3
"ENSRNOG00000062838",0
"ENSRNOG00000066510",0
"ENSRNOG00000061867",0
"ENSRNOG00000019598",1584
"ENSRNOG00000060287",0
"ENSRNOG00000053138",0
"ENSRNOG00000068545",0
"ENSRNOG00000047247",7566
"ENSRNOG00000054342",1
"ENSRNOG00000056745",0
"ENSRNOG00000053344",0
"ENSRNOG00000065549",0
"ENSRNOG00000068629",0
"ENSRNOG00000057405",0
"ENSRNOG00000053170",0
"ENSRNOG00000061208",0
"ENSRNOG00000012663",68
"ENSRNOG00000068091",0
"ENSRNOG00000053211",0
"ENSRNOG00000059737",0
"ENSRNOG00000059892",0
"ENSRNOG00000058013",0
"ENSRNOG00000053280",0
"ENSRNOG00000061820",0
"ENSRNOG00000012924",216
"ENSRNOG00000052012",0
"ENSRNOG00000052890",0
"ENSRNOG00000025808",151
"ENSRNOG00000055876",0
"ENSRNOG00000063147",0
"ENSRNOG00000066032",10
"ENSRNOG00000065169",0
"ENSRNOG00000011677",1215
"ENSRNOG00000060877",0
"ENSRNOG00000051613",0
"ENSRNOG00000057549",0
"ENSRNOG00000061387",0
"ENSRNOG00000019734",287
"ENSRNOG00000052748",0
"ENSRNOG00000053524",0
"ENSRNOG00000070942",0
"ENSRNOG00000060216",0
"ENSRNOG00000055464",0
"ENSRNOG00000053322",0
"ENSRNOG00000057259",1
"ENSRNOG00000062628",1
"ENSRNOG00000061323",0
"ENSRNOG00000019743",800
"ENSRNOG00000019871",0
"ENSRNOG00000052808",0
"ENSRNOG00000056414",0
"ENSRNOG00000065829",0
"ENSRNOG00000054221",0
"ENSRNOG00000059692",0
"ENSRNOG00000033672",0
"ENSRNOG00000057508",0
"ENSRNOG00000070445",2
"ENSRNOG00000067836",0
"ENSRNOG00000063837",0
"ENSRNOG00000054100",0
"ENSRNOG00000061136",0
"ENSRNOG00000071007",0
"ENSRNOG00000026025",1
"ENSRNOG00000051422",0
"ENSRNOG00000069585",0
"ENSRNOG00000056965",0
"ENSRNOG00000051703",4
"ENSRNOG00000056839",3
"ENSRNOG00000064550",0
"ENSRNOG00000042497",0
"ENSRNOG00000061680",44
"ENSRNOG00000070147",0
"ENSRNOG00000064914",0
"ENSRNOG00000019963",7
"ENSRNOG00000051910",1
"ENSRNOG00000066347",0
"ENSRNOG00000055077",0
"ENSRNOG00000064080",1565
"ENSRNOG00000057648",0
"ENSRNOG00000018273",2697
"ENSRNOG00000068501",0
"ENSRNOG00000051658",0
"ENSRNOG00000053713",0
"ENSRNOG00000054554",0
"ENSRNOG00000060984",8
"ENSRNOG00000054500",0
"ENSRNOG00000019975",2192
"ENSRNOG00000051493",5
"ENSRNOG00000052997",0
"ENSRNOG00000057694",0
"ENSRNOG00000064448",0
"ENSRNOG00000051685",0
"ENSRNOG00000053947",0
"ENSRNOG00000053750",0
"ENSRNOG00000019474",6
"ENSRNOG00000055019",0
"ENSRNOG00000058076",0
"ENSRNOG00000063445",0
"ENSRNOG00000052045",0
"ENSRNOG00000019511",1460
"ENSRNOG00000067176",0
"ENSRNOG00000056080",0
"ENSRNOG00000070466",0
"ENSRNOG00000056367",0
"ENSRNOG00000057725",0
"ENSRNOG00000058339",0
"ENSRNOG00000054529",4
"ENSRNOG00000053606",47
"ENSRNOG00000051897",0
"ENSRNOG00000055628",0
"ENSRNOG00000055016",0
"ENSRNOG00000059249",0
"ENSRNOG00000051992",0
"ENSRNOG00000019752",509
"ENSRNOG00000068294",0
"ENSRNOG00000019953",1230
"ENSRNOG00000060945",0
"ENSRNOG00000061591",0
"ENSRNOG00000057331",0
"ENSRNOG00000061666",4
"ENSRNOG00000020083",637
"ENSRNOG00000010174",63
"ENSRNOG00000064727",200
"ENSRNOG00000066866",1623
"ENSRNOG00000019834",22436
"ENSRNOG00000071096",0
"ENSRNOG00000060095",0
"ENSRNOG00000020254",761
"ENSRNOG00000066414",19
"ENSRNOG00000070018",375
"ENSRNOG00000064659",0
"ENSRNOG00000069232",155
"ENSRNOG00000068250",159
"ENSRNOG00000070710",0
"ENSRNOG00000019907",519
"ENSRNOG00000013257",10
"ENSRNOG00000065032",0
"ENSRNOG00000063606",0
"ENSRNOG00000063759",11
"ENSRNOG00000019900",57
"ENSRNOG00000064760",7
"ENSRNOG00000068790",0
"ENSRNOG00000064857",214
"ENSRNOG00000067557",0
"ENSRNOG00000049785",669
"ENSRNOG00000064017",94
"ENSRNOG00000047218",45
"ENSRNOG00000052844",2
"ENSRNOG00000064420",0
"ENSRNOG00000069207",3
"ENSRNOG00000062764",14
"ENSRNOG00000068669",0
"ENSRNOG00000003242",938
"ENSRNOG00000062818",0
"ENSRNOG00000068089",0
"ENSRNOG00000069708",3
"ENSRNOG00000019961",5
"ENSRNOG00000064695",186
"ENSRNOG00000071018",1
"ENSRNOG00000065569",2
"ENSRNOG00000069650",0
"ENSRNOG00000069108",87
"ENSRNOG00000010232",7
"ENSRNOG00000019892",1428
"ENSRNOG00000065393",7
"ENSRNOG00000065180",0
"ENSRNOG00000048651",0
"ENSRNOG00000066291",0
"ENSRNOG00000064678",0
"ENSRNOG00000063246",0
"ENSRNOG00000010592",56
"ENSRNOG00000067466",0
"ENSRNOG00000064625",1
"ENSRNOG00000064843",2168
"ENSRNOG00000068597",0
"ENSRNOG00000047223",1
"ENSRNOG00000066918",148
"ENSRNOG00000063871",8
"ENSRNOG00000068218",235
"ENSRNOG00000046479",115
"ENSRNOG00000067937",2
"ENSRNOG00000025693",0
"ENSRNOG00000063619",1683
"ENSRNOG00000067085",1
"ENSRNOG00000066608",42
"ENSRNOG00000064267",0
"ENSRNOG00000048509",1248
"ENSRNOG00000063382",3
"ENSRNOG00000067476",7
"ENSRNOG00000025691",0
"ENSRNOG00000067231",63
"ENSRNOG00000021384",75
"ENSRNOG00000019926",147
"ENSRNOG00000065512",12
"ENSRNOG00000065261",248
"ENSRNOG00000064212",1
"ENSRNOG00000069534",0
"ENSRNOG00000067510",28
"ENSRNOG00000062778",0
"ENSRNOG00000067543",0
"ENSRNOG00000012689",0
"ENSRNOG00000048411",146
"ENSRNOG00000066315",1
"ENSRNOG00000020355",513
"ENSRNOG00000070970",1
"ENSRNOG00000065623",0
"ENSRNOG00000064815",214
"ENSRNOG00000066163",1
"ENSRNOG00000065056",0
"ENSRNOG00000066640",1
"ENSRNOG00000057291",3
"ENSRNOG00000020115",643
"ENSRNOG00000063266",24
"ENSRNOG00000012331",139
"ENSRNOG00000020153",400
"ENSRNOG00000064128",1265
"ENSRNOG00000068999",67
"ENSRNOG00000070271",136
"ENSRNOG00000068041",0
"ENSRNOG00000069857",280
"ENSRNOG00000066727",0
"ENSRNOG00000070944",397
"ENSRNOG00000045605",899
"ENSRNOG00000064410",3
"ENSRNOG00000025079",320
"ENSRNOG00000066791",3
"ENSRNOG00000062524",0
"ENSRNOG00000058458",32
"ENSRNOG00000065709",2
"ENSRNOG00000063935",25
"ENSRNOG00000065023",7
"ENSRNOG00000020193",204
"ENSRNOG00000037402",462
"ENSRNOG00000063186",1
"ENSRNOG00000065880",0
"ENSRNOG00000064453",0
"ENSRNOG00000069449",49
"ENSRNOG00000065469",1
"ENSRNOG00000013516",8254
"ENSRNOG00000070837",0
"ENSRNOG00000065306",3
"ENSRNOG00000050509",4
"ENSRNOG00000065392",1
"ENSRNOG00000065407",0
"ENSRNOG00000047456",181
"ENSRNOG00000070735",19
"ENSRNOG00000063123",8
"ENSRNOG00000066026",27
"ENSRNOG00000057332",0
"ENSRNOG00000012708",0
"ENSRNOG00000024717",1
"ENSRNOG00000049983",7
"ENSRNOG00000065695",3
"ENSRNOG00000067328",4
"ENSRNOG00000010350",308
"ENSRNOG00000011825",116
"ENSRNOG00000065697",5
"ENSRNOG00000067920",5
"ENSRNOG00000069302",8
"ENSRNOG00000027091",755
"ENSRNOG00000066507",0
"ENSRNOG00000024878",2
"ENSRNOG00000027035",82
"ENSRNOG00000011022",0
"ENSRNOG00000049221",786
"ENSRNOG00000063386",0
"ENSRNOG00000010185",208
"ENSRNOG00000019316",1122
"ENSRNOG00000068801",63
"ENSRNOG00000067653",0
"ENSRNOG00000020105",27
"ENSRNOG00000063002",0
"ENSRNOG00000010188",571
"ENSRNOG00000066764",0
"ENSRNOG00000058900",0
"ENSRNOG00000017273",112
"ENSRNOG00000011154",0
"ENSRNOG00000066144",1
"ENSRNOG00000049142",758
"ENSRNOG00000070407",0
"ENSRNOG00000057874",0
"ENSRNOG00000047046",918
"ENSRNOG00000068766",0
"ENSRNOG00000062544",0
"ENSRNOG00000057873",0
"ENSRNOG00000067131",0
"ENSRNOG00000047860",1
"ENSRNOG00000052806",0
"ENSRNOG00000053594",0
"ENSRNOG00000013225",0
"ENSRNOG00000016470",1081
"ENSRNOG00000054654",0
"ENSRNOG00000063556",5
"ENSRNOG00000049918",11
"ENSRNOG00000058449",3
"ENSRNOG00000052156",0
"ENSRNOG00000016012",5472
"ENSRNOG00000068211",0
"ENSRNOG00000010519",31
"ENSRNOG00000065625",1
"ENSRNOG00000065436",0
"ENSRNOG00000057872",0
"ENSRNOG00000066605",0
"ENSRNOG00000057673",0
"ENSRNOG00000045998",2
"ENSRNOG00000059410",0
"ENSRNOG00000063860",0
"ENSRNOG00000057084",0
"ENSRNOG00000063133",0
"ENSRNOG00000054491",3
"ENSRNOG00000011517",17
"ENSRNOG00000052875",0
"ENSRNOG00000058881",0
"ENSRNOG00000062887",0
"ENSRNOG00000056779",1
"ENSRNOG00000050990",2
"ENSRNOG00000053003",0
"ENSRNOG00000069635",78
"ENSRNOG00000051367",1
"ENSRNOG00000068915",0
"ENSRNOG00000014456",761
"ENSRNOG00000060578",8
"ENSRNOG00000051900",0
"ENSRNOG00000068858",0
"ENSRNOG00000061501",0
"ENSRNOG00000056167",0
"ENSRNOG00000014525",555
"ENSRNOG00000048967",46
"ENSRNOG00000054740",0
"ENSRNOG00000046883",1896
"ENSRNOG00000057108",0
"ENSRNOG00000019763",1
"ENSRNOG00000054171",0
"ENSRNOG00000069851",0
"ENSRNOG00000050121",0
"ENSRNOG00000051624",2335
"ENSRNOG00000064360",0
"ENSRNOG00000065289",0
"ENSRNOG00000065718",0
"ENSRNOG00000057288",0
"ENSRNOG00000004452",0
"ENSRNOG00000061512",0
"ENSRNOG00000012535",0
"ENSRNOG00000061161",0
"ENSRNOG00000070999",0
"ENSRNOG00000050748",1922
"ENSRNOG00000060171",0
"ENSRNOG00000012509",0
"ENSRNOG00000061150",0
"ENSRNOG00000014980",734
"ENSRNOG00000056470",0
"ENSRNOG00000046194",0
"ENSRNOG00000012543",123
"ENSRNOG00000035498",0
"ENSRNOG00000066151",1274
"ENSRNOG00000035455",0
"ENSRNOG00000035571",0
"ENSRNOG00000012467",0
"ENSRNOG00000050999",0
"ENSRNOG00000015594",874
"ENSRNOG00000035562",0
"ENSRNOG00000048462",1623
"ENSRNOG00000049078",0
"ENSRNOG00000035608",0
"ENSRNOG00000023577",731
"ENSRNOG00000055383",19
"ENSRNOG00000035646",0
"ENSRNOG00000013496",0
"ENSRNOG00000024917",0
"ENSRNOG00000013600",0
"ENSRNOG00000016057",2
"ENSRNOG00000066672",0
"ENSRNOG00000069389",140
"ENSRNOG00000049511",748
"ENSRNOG00000013046",986
"ENSRNOG00000019012",263
"ENSRNOG00000054379",0
"ENSRNOG00000070509",0
"ENSRNOG00000050843",1145
"ENSRNOG00000019031",0
"ENSRNOG00000010881",1108
"ENSRNOG00000023557",0
"ENSRNOG00000056226",89
"ENSRNOG00000070844",1
"ENSRNOG00000045623",189
"ENSRNOG00000050543",674
"ENSRNOG00000066154",0
"ENSRNOG00000010728",455
"ENSRNOG00000011987",1490
"ENSRNOG00000046002",1152
"ENSRNOG00000020372",553
"ENSRNOG00000046502",1721
"ENSRNOG00000012637",3
"ENSRNOG00000067120",958
"ENSRNOG00000048818",170
"ENSRNOG00000042729",153
"ENSRNOG00000048061",211
"ENSRNOG00000065639",2460
"ENSRNOG00000030345",2958
"ENSRNOG00000013612",0
"ENSRNOG00000067303",0
"ENSRNOG00000000124",0
"ENSRNOG00000048291",217
"ENSRNOG00000046871",500
"ENSRNOG00000049311",0
"ENSRNOG00000064999",266
"ENSRNOG00000020166",1
"ENSRNOG00000069864",0
"ENSRNOG00000014123",0
"ENSRNOG00000063674",1466
"ENSRNOG00000045945",0
"ENSRNOG00000003872",556
"ENSRNOG00000070817",1
"ENSRNOG00000039663",0
"ENSRNOG00000045975",2
"ENSRNOG00000066520",0
"ENSRNOG00000003942",1941
"ENSRNOG00000011642",0
"ENSRNOG00000025603",1
"ENSRNOG00000003991",3
"ENSRNOG00000058742",16
"ENSRNOG00000004001",251
"ENSRNOG00000004076",301
"ENSRNOG00000011823",0
"ENSRNOG00000010100",124
"ENSRNOG00000066935",10
"ENSRNOG00000048329",2
"ENSRNOG00000015983",987
"ENSRNOG00000024755",0
"ENSRNOG00000046593",1
"ENSRNOG00000013238",295
"ENSRNOG00000052878",0
"ENSRNOG00000048152",584
"ENSRNOG00000013781",545
"ENSRNOG00000052328",0
"ENSRNOG00000068665",0
"ENSRNOG00000033402",177
"ENSRNOG00000012473",513
"ENSRNOG00000025895",1928
"ENSRNOG00000012920",0
"ENSRNOG00000032108",1
"ENSRNOG00000022196",3191
"ENSRNOG00000039650",0
"ENSRNOG00000028595",0
"ENSRNOG00000026195",0
"ENSRNOG00000016446",0
"ENSRNOG00000013318",36
"ENSRNOG00000039651",0
"ENSRNOG00000067388",628
"ENSRNOG00000032740",283
"ENSRNOG00000012045",0
"ENSRNOG00000016119",2210
"ENSRNOG00000051528",127
"ENSRNOG00000015408",1
"ENSRNOG00000002091",1229
"ENSRNOG00000012759",12
"ENSRNOG00000031795",0
"ENSRNOG00000065339",211
"ENSRNOG00000015080",530
"ENSRNOG00000064433",1
"ENSRNOG00000063752",12
"ENSRNOG00000055728",176
"ENSRNOG00000066953",837
"ENSRNOG00000068729",3
"ENSRNOG00000013484",3880
"ENSRNOG00000022720",381
"ENSRNOG00000017258",5
"ENSRNOG00000032947",557
"ENSRNOG00000023856",0
"ENSRNOG00000068995",0
"ENSRNOG00000046852",3
"ENSRNOG00000012733",1394
"ENSRNOG00000032289",68
"ENSRNOG00000032822",10868
"ENSRNOG00000016034",1570
"ENSRNOG00000032860",1
"ENSRNOG00000042503",3658
"ENSRNOG00000056847",22
"ENSRNOG00000033803",817
"ENSRNOG00000018904",507
"ENSRNOG00000016486",1181
"ENSRNOG00000057499",3
"ENSRNOG00000045532",2
"ENSRNOG00000063618",3
"ENSRNOG00000064370",0
"ENSRNOG00000032306",0
"ENSRNOG00000016361",39
"ENSRNOG00000034177",76
"ENSRNOG00000049127",2949
"ENSRNOG00000037793",0
"ENSRNOG00000064010",0
"ENSRNOG00000032518",35
"ENSRNOG00000067128",1
"ENSRNOG00000013695",255
"ENSRNOG00000014142",529
"ENSRNOG00000022414",1863
"ENSRNOG00000067739",0
"ENSRNOG00000031146",0
"ENSRNOG00000066070",0
"ENSRNOG00000064063",40
"ENSRNOG00000048819",434
"ENSRNOG00000067340",1
"ENSRNOG00000018988",246
"ENSRNOG00000065168",0
"ENSRNOG00000069027",0
"ENSRNOG00000018559",0
"ENSRNOG00000016754",349
"ENSRNOG00000019295",2110
"ENSRNOG00000062529",0
"ENSRNOG00000013587",1327
"ENSRNOG00000022614",101
"ENSRNOG00000023172",0
"ENSRNOG00000016886",1211
"ENSRNOG00000023427",11
"ENSRNOG00000021435",219
"ENSRNOG00000051180",702
"ENSRNOG00000016567",0
"ENSRNOG00000056259",0
"ENSRNOG00000065763",1
"ENSRNOG00000032765",360
"ENSRNOG00000064608",39
"ENSRNOG00000030045",0
"ENSRNOG00000020194",325
"ENSRNOG00000016913",446
"ENSRNOG00000012178",871
"ENSRNOG00000030389",0
"ENSRNOG00000014555",63
"ENSRNOG00000056280",0
"ENSRNOG00000062997",0
"ENSRNOG00000037230",119
"ENSRNOG00000069381",1
"ENSRNOG00000019087",392
"ENSRNOG00000002110",390
"ENSRNOG00000031479",20610
"ENSRNOG00000048875",2
"ENSRNOG00000019810",17
"ENSRNOG00000030679",15
"ENSRNOG00000022711",0
"ENSRNOG00000042034",0
"ENSRNOG00000060633",36
"ENSRNOG00000069634",7
"ENSRNOG00000070100",0
"ENSRNOG00000064156",0
"ENSRNOG00000069047",201
"ENSRNOG00000016957",1377
"ENSRNOG00000069191",0
"ENSRNOG00000032398",415
"ENSRNOG00000062796",128
"ENSRNOG00000065093",0
"ENSRNOG00000018351",1553
"ENSRNOG00000068035",36
"ENSRNOG00000011042",15
"ENSRNOG00000065967",0
"ENSRNOG00000070524",0
"ENSRNOG00000015055",51
"ENSRNOG00000052510",0
"ENSRNOG00000017952",11423
"ENSRNOG00000066376",6
"ENSRNOG00000064675",0
"ENSRNOG00000018403",786
"ENSRNOG00000013670",1
"ENSRNOG00000025797",0
"ENSRNOG00000013733",2281
"ENSRNOG00000019128",0
"ENSRNOG00000018639",363
"ENSRNOG00000013792",0
"ENSRNOG00000030738",5
"ENSRNOG00000018697",365
"ENSRNOG00000019043",0
"ENSRNOG00000018051",1886
"ENSRNOG00000022899",0
"ENSRNOG00000018975",3043
"ENSRNOG00000020322",64
"ENSRNOG00000019252",0
"ENSRNOG00000019107",24
"ENSRNOG00000019052",2517
"ENSRNOG00000013461",975
"ENSRNOG00000033923",35
"ENSRNOG00000016888",191
"ENSRNOG00000020138",125
"ENSRNOG00000025527",557
"ENSRNOG00000066227",65
"ENSRNOG00000032659",766
"ENSRNOG00000019243",2543
"ENSRNOG00000038569",0
"ENSRNOG00000018181",1803
"ENSRNOG00000019294",1203
"ENSRNOG00000024085",781
"ENSRNOG00000016974",1044
"ENSRNOG00000003597",569
"ENSRNOG00000014765",8366
"ENSRNOG00000066987",1
"ENSRNOG00000070697",0
"ENSRNOG00000067248",1
"ENSRNOG00000068571",0
"ENSRNOG00000002789",872
"ENSRNOG00000027916",1
"ENSRNOG00000014597",919
"ENSRNOG00000067978",0
"ENSRNOG00000011962",214
"ENSRNOG00000010486",1
"ENSRNOG00000042189",8499
"ENSRNOG00000054416",2
"ENSRNOG00000017856",0
"ENSRNOG00000051198",0
"ENSRNOG00000062550",0
"ENSRNOG00000015528",1921
"ENSRNOG00000014119",1991
"ENSRNOG00000025273",2
"ENSRNOG00000012115",0
"ENSRNOG00000068893",2
"ENSRNOG00000014692",43
"ENSRNOG00000064088",1
"ENSRNOG00000023280",407
"ENSRNOG00000071060",7
"ENSRNOG00000011613",1178
"ENSRNOG00000049880",0
"ENSRNOG00000066246",0
"ENSRNOG00000022576",323
"ENSRNOG00000015633",1257
"ENSRNOG00000063808",0
"ENSRNOG00000068134",2
"ENSRNOG00000049882",0
"ENSRNOG00000017065",107
"ENSRNOG00000015354",3070
"ENSRNOG00000016719",340
"ENSRNOG00000059237",0
"ENSRNOG00000013727",474
"ENSRNOG00000069721",0
"ENSRNOG00000022723",96
"ENSRNOG00000024468",94
"ENSRNOG00000026280",167
"ENSRNOG00000013977",6327
"ENSRNOG00000011700",2373
"ENSRNOG00000015428",5153
"ENSRNOG00000046714",0
"ENSRNOG00000062352",2
"ENSRNOG00000025768",3203
"ENSRNOG00000011871",1173
"ENSRNOG00000031348",0
"ENSRNOG00000070592",19
"ENSRNOG00000033280",30119
"ENSRNOG00000037227",725
"ENSRNOG00000050325",0
"ENSRNOG00000016133",1774
"ENSRNOG00000037225",1088
"ENSRNOG00000023474",0
"ENSRNOG00000053306",1301
"ENSRNOG00000056996",0
"ENSRNOG00000015231",651
"ENSRNOG00000017707",2988
"ENSRNOG00000065530",5
"ENSRNOG00000018214",224
"ENSRNOG00000023993",2
"ENSRNOG00000067413",0
"ENSRNOG00000042111",1
"ENSRNOG00000046515",0
"ENSRNOG00000053200",2580
"ENSRNOG00000069656",0
"ENSRNOG00000017020",166
"ENSRNOG00000068175",0
"ENSRNOG00000011321",5
"ENSRNOG00000049437",2014
"ENSRNOG00000047439",100
"ENSRNOG00000016724",271
"ENSRNOG00000014722",733
"ENSRNOG00000015460",3
"ENSRNOG00000045587",0
"ENSRNOG00000068934",10
"ENSRNOG00000063425",0
"ENSRNOG00000048567",27
"ENSRNOG00000010283",2
"ENSRNOG00000067240",4
"ENSRNOG00000069615",170
"ENSRNOG00000068779",1
"ENSRNOG00000019850",167
"ENSRNOG00000054129",0
"ENSRNOG00000011803",0
"ENSRNOG00000054699",1
"ENSRNOG00000045775",1093
"ENSRNOG00000062590",1
"ENSRNOG00000013636",214
"ENSRNOG00000013340",7024
"ENSRNOG00000061279",0
"ENSRNOG00000048686",2
"ENSRNOG00000013446",547
"ENSRNOG00000015439",2513
"ENSRNOG00000011453",24
"ENSRNOG00000014851",26
"ENSRNOG00000053945",1188
"ENSRNOG00000017237",1
"ENSRNOG00000019946",1038
"ENSRNOG00000011784",565
"ENSRNOG00000012558",655
"ENSRNOG00000015898",699
"ENSRNOG00000049443",0
"ENSRNOG00000050521",0
"ENSRNOG00000015365",5
"ENSRNOG00000022859",0
"ENSRNOG00000032086",0
"ENSRNOG00000024114",0
"ENSRNOG00000040109",0
"ENSRNOG00000066428",0
"ENSRNOG00000019985",6
"ENSRNOG00000014876",568
"ENSRNOG00000012303",16
"ENSRNOG00000013875",1308
"ENSRNOG00000012679",164
"ENSRNOG00000014837",201
"ENSRNOG00000023548",202
"ENSRNOG00000054963",681
"ENSRNOG00000018059",2
"ENSRNOG00000037376",249
"ENSRNOG00000015278",11239
"ENSRNOG00000012702",691
"ENSRNOG00000023765",0
"ENSRNOG00000031232",4217
"ENSRNOG00000042054",0
"ENSRNOG00000057701",65
"ENSRNOG00000016247",4
"ENSRNOG00000046242",479
"ENSRNOG00000057056",1285
"ENSRNOG00000004719",22
"ENSRNOG00000015992",6
"ENSRNOG00000013554",0
"ENSRNOG00000042360",0
"ENSRNOG00000023923",350
"ENSRNOG00000016196",263
"ENSRNOG00000042181",1
"ENSRNOG00000016388",3
"ENSRNOG00000013578",0
"ENSRNOG00000022066",1511
"ENSRNOG00000068281",0
"ENSRNOG00000027719",177
"ENSRNOG00000013748",0
"ENSRNOG00000017072",484
"ENSRNOG00000012891",8
"ENSRNOG00000069111",0
"ENSRNOG00000046601",0
"ENSRNOG00000063009",4
"ENSRNOG00000015619",1675
"ENSRNOG00000015906",1921
"ENSRNOG00000024272",538
"ENSRNOG00000014987",43
"ENSRNOG00000011849",1364
"ENSRNOG00000067364",0
"ENSRNOG00000069638",0
"ENSRNOG00000014319",1587
"ENSRNOG00000024186",3776
"ENSRNOG00000066209",0
"ENSRNOG00000014950",0
"ENSRNOG00000042230",0
"ENSRNOG00000029735",1427
"ENSRNOG00000032926",1
"ENSRNOG00000015297",8
"ENSRNOG00000015386",2
"ENSRNOG00000012424",3
"ENSRNOG00000042581",0
"ENSRNOG00000018521",0
"ENSRNOG00000064739",3
"ENSRNOG00000015402",0
"ENSRNOG00000066469",212
"ENSRNOG00000068377",2
"ENSRNOG00000063607",5
"ENSRNOG00000018584",8698
"ENSRNOG00000014790",0
"ENSRNOG00000016229",1494
"ENSRNOG00000067344",213
"ENSRNOG00000015461",2280
"ENSRNOG00000040095",0
"ENSRNOG00000022804",1780
"ENSRNOG00000018854",1
"ENSRNOG00000018420",0
"ENSRNOG00000067790",2
"ENSRNOG00000049873",658
"ENSRNOG00000018397",34
"ENSRNOG00000070300",29
"ENSRNOG00000024345",667
"ENSRNOG00000069907",21
"ENSRNOG00000018610",907
"ENSRNOG00000017857",969
"ENSRNOG00000018723",610
"ENSRNOG00000067845",58
"ENSRNOG00000067276",43
"ENSRNOG00000018057",284
"ENSRNOG00000068876",0
"ENSRNOG00000066827",0
"ENSRNOG00000018168",194
"ENSRNOG00000037221",18
"ENSRNOG00000067205",0
"ENSRNOG00000069319",0
"ENSRNOG00000063904",10
"ENSRNOG00000012966",1831
"ENSRNOG00000066982",7
"ENSRNOG00000016963",5897
"ENSRNOG00000062817",19
"ENSRNOG00000070049",15
"ENSRNOG00000069312",21
"ENSRNOG00000046196",8
"ENSRNOG00000068563",2
"ENSRNOG00000015813",4308
"ENSRNOG00000063563",45
"ENSRNOG00000068845",2
"ENSRNOG00000023760",806
"ENSRNOG00000063040",165
"ENSRNOG00000032869",0
"ENSRNOG00000017053",24
"ENSRNOG00000048282",434
"ENSRNOG00000017340",434
"ENSRNOG00000018267",78
"ENSRNOG00000017491",445
"ENSRNOG00000039976",2628
"ENSRNOG00000017297",1708
"ENSRNOG00000049683",2393
"ENSRNOG00000017359",6339
"ENSRNOG00000016349",4
"ENSRNOG00000058652",0
"ENSRNOG00000050318",33
"ENSRNOG00000018613",0
"ENSRNOG00000017521",0
"ENSRNOG00000047306",3
"ENSRNOG00000057256",0
"ENSRNOG00000021525",809
"ENSRNOG00000016655",130
"ENSRNOG00000065863",678
"ENSRNOG00000021159",2469
"ENSRNOG00000019447",0
"ENSRNOG00000016849",3303
"ENSRNOG00000015596",0
"ENSRNOG00000017144",1597
"ENSRNOG00000030020",0
"ENSRNOG00000017495",1361
"ENSRNOG00000016640",2
"ENSRNOG00000017836",259
"ENSRNOG00000033747",850
"ENSRNOG00000018416",0
"ENSRNOG00000016315",920
"ENSRNOG00000017631",2285
"ENSRNOG00000042468",0
"ENSRNOG00000022800",612
"ENSRNOG00000018232",424
"ENSRNOG00000014212",117
"ENSRNOG00000014666",286
"ENSRNOG00000023807",1005
"ENSRNOG00000014678",457
"ENSRNOG00000046343",4
"ENSRNOG00000022598",1316
"ENSRNOG00000013704",0
"ENSRNOG00000014492",0
"ENSRNOG00000032219",0
"ENSRNOG00000014328",150
"ENSRNOG00000014180",2017
"ENSRNOG00000019634",1404
"ENSRNOG00000013866",146
"ENSRNOG00000013557",1167
"ENSRNOG00000066397",4
"ENSRNOG00000015249",413
"ENSRNOG00000055670",1
"ENSRNOG00000013852",553
"ENSRNOG00000019527",0
"ENSRNOG00000014248",15
"ENSRNOG00000049121",531
"ENSRNOG00000050258",1921
"ENSRNOG00000015623",2
"ENSRNOG00000022934",2464
"ENSRNOG00000019463",481
"ENSRNOG00000018372",189
"ENSRNOG00000022769",2836
"ENSRNOG00000067280",0
"ENSRNOG00000027400",0
"ENSRNOG00000018980",844
"ENSRNOG00000015259",0
"ENSRNOG00000017913",674
"ENSRNOG00000039856",77
"ENSRNOG00000013412",579
"ENSRNOG00000017540",0
"ENSRNOG00000019035",9
"ENSRNOG00000022609",168
"ENSRNOG00000013262",0
"ENSRNOG00000042182",20
"ENSRNOG00000018741",928
"ENSRNOG00000015511",2976
"ENSRNOG00000022911",341
"ENSRNOG00000054475",0
"ENSRNOG00000016653",1
"ENSRNOG00000026175",0
"ENSRNOG00000069358",0
"ENSRNOG00000012205",0
"ENSRNOG00000053030",0
"ENSRNOG00000011124",0
"ENSRNOG00000016962",1
"ENSRNOG00000017557",0
"ENSRNOG00000011841",711
"ENSRNOG00000025418",1250
"ENSRNOG00000011000",159
"ENSRNOG00000048736",1288
"ENSRNOG00000017730",2449
"ENSRNOG00000045947",0
"ENSRNOG00000017611",0
"ENSRNOG00000017206",1426
"ENSRNOG00000029865",0
"ENSRNOG00000045846",23
"ENSRNOG00000017625",17
"ENSRNOG00000053244",0
"ENSRNOG00000047549",17
"ENSRNOG00000027430",96
"ENSRNOG00000069663",20
"ENSRNOG00000016606",9
"ENSRNOG00000047781",54
"ENSRNOG00000070099",0
"ENSRNOG00000066303",6
"ENSRNOG00000050381",224
"ENSRNOG00000011756",1821
"ENSRNOG00000047295",13
"ENSRNOG00000045595",18
"ENSRNOG00000023603",0
"ENSRNOG00000065536",5
"ENSRNOG00000011771",819
"ENSRNOG00000046050",0
"ENSRNOG00000014960",139
"ENSRNOG00000014001",0
"ENSRNOG00000047368",1
"ENSRNOG00000012629",1932
"ENSRNOG00000047052",600
"ENSRNOG00000012709",2599
"ENSRNOG00000063848",3
"ENSRNOG00000023858",0
"ENSRNOG00000065109",18
"ENSRNOG00000013234",865
"ENSRNOG00000055295",494
"ENSRNOG00000046834",3
"ENSRNOG00000013285",1025
"ENSRNOG00000016503",430
"ENSRNOG00000013415",13
"ENSRNOG00000047089",354
"ENSRNOG00000016472",4
"ENSRNOG00000063418",2738
"ENSRNOG00000071190",24
"ENSRNOG00000016091",6
"ENSRNOG00000016105",1398
"ENSRNOG00000042646",0
"ENSRNOG00000047134",2
"ENSRNOG00000015774",4
"ENSRNOG00000012284",0
"ENSRNOG00000015020",1416
"ENSRNOG00000064877",36
"ENSRNOG00000047628",437
"ENSRNOG00000014162",5030
"ENSRNOG00000015158",2831
"ENSRNOG00000047505",6
"ENSRNOG00000016032",940
"ENSRNOG00000048853",0
"ENSRNOG00000014035",22
"ENSRNOG00000046128",1363
"ENSRNOG00000023467",2713
"ENSRNOG00000062645",2247
"ENSRNOG00000062772",0
"ENSRNOG00000012486",233
"ENSRNOG00000047337",0
"ENSRNOG00000015295",4719
"ENSRNOG00000051015",0
"ENSRNOG00000069918",10
"ENSRNOG00000047730",0
"ENSRNOG00000064862",0
"ENSRNOG00000070059",11
"ENSRNOG00000033341",0
"ENSRNOG00000066502",18
"ENSRNOG00000066561",2
"ENSRNOG00000067046",0
"ENSRNOG00000017265",3550
"ENSRNOG00000064783",0
"ENSRNOG00000014288",468876
"ENSRNOG00000047581",0
"ENSRNOG00000062425",0
"ENSRNOG00000066837",0
"ENSRNOG00000068213",0
"ENSRNOG00000070131",15
"ENSRNOG00000049503",0
"ENSRNOG00000070668",144
"ENSRNOG00000046104",14
"ENSRNOG00000063528",1
"ENSRNOG00000064269",1
"ENSRNOG00000037894",6
"ENSRNOG00000055524",1438
"ENSRNOG00000016995",0
"ENSRNOG00000017129",485
"ENSRNOG00000016660",1496
"ENSRNOG00000017757",203
"ENSRNOG00000015366",25
"ENSRNOG00000017188",236
"ENSRNOG00000016151",14
"ENSRNOG00000037835",18
"ENSRNOG00000064008",150
"ENSRNOG00000052376",797
"ENSRNOG00000050430",6
"ENSRNOG00000014956",10
"ENSRNOG00000018162",427
"ENSRNOG00000017996",0
"ENSRNOG00000017248",6
"ENSRNOG00000046254",0
"ENSRNOG00000012207",13811
"ENSRNOG00000014182",6653
"ENSRNOG00000013368",3
"ENSRNOG00000010637",2258
"ENSRNOG00000012942",45
"ENSRNOG00000032991",5
"ENSRNOG00000017409",0
"ENSRNOG00000058626",0
"ENSRNOG00000058260",2
"ENSRNOG00000014399",570
"ENSRNOG00000012618",0
"ENSRNOG00000014806",2347
"ENSRNOG00000046576",0
"ENSRNOG00000022499",186
"ENSRNOG00000011269",0
"ENSRNOG00000010597",67
"ENSRNOG00000018266",9
"ENSRNOG00000015886",86
"ENSRNOG00000018325",733
"ENSRNOG00000063081",0
"ENSRNOG00000019506",403
"ENSRNOG00000012718",1105
"ENSRNOG00000050591",0
"ENSRNOG00000023312",14
"ENSRNOG00000018586",809
"ENSRNOG00000023566",4
"ENSRNOG00000062745",2
"ENSRNOG00000014797",1575
"ENSRNOG00000019704",10
"ENSRNOG00000014901",2869
"ENSRNOG00000015248",0
"ENSRNOG00000013213",1711
"ENSRNOG00000019587",66
"ENSRNOG00000052570",0
"ENSRNOG00000048239",0
"ENSRNOG00000018464",44
"ENSRNOG00000028362",1
"ENSRNOG00000018467",79
"ENSRNOG00000049330",604
"ENSRNOG00000038085",851
"ENSRNOG00000015382",8
"ENSRNOG00000020038",2584
"ENSRNOG00000020061",18
"ENSRNOG00000018366",12
"ENSRNOG00000028149",1392
"ENSRNOG00000015346",771
"ENSRNOG00000020097",97
"ENSRNOG00000020107",270
"ENSRNOG00000017660",589
"ENSRNOG00000019772",1624
"ENSRNOG00000069992",0
"ENSRNOG00000071002",409
"ENSRNOG00000063437",329
"ENSRNOG00000014718",484
"ENSRNOG00000014289",8306
"ENSRNOG00000014516",837
"ENSRNOG00000031651",231
"ENSRNOG00000064457",148
"ENSRNOG00000018128",1065
"ENSRNOG00000018830",978
"ENSRNOG00000018276",38
"ENSRNOG00000016789",1007
"ENSRNOG00000016254",263
"ENSRNOG00000023941",21
"ENSRNOG00000058681",21
"ENSRNOG00000018593",196
"ENSRNOG00000068018",0
"ENSRNOG00000023220",702
"ENSRNOG00000013946",555
"ENSRNOG00000023356",136
"ENSRNOG00000018623",1170
"ENSRNOG00000013991",2
"ENSRNOG00000058243",180
"ENSRNOG00000051950",0
"ENSRNOG00000054218",5
"ENSRNOG00000014835",16
"ENSRNOG00000015027",1
"ENSRNOG00000038979",0
"ENSRNOG00000015417",868
"ENSRNOG00000014504",1804
"ENSRNOG00000014013",2862
"ENSRNOG00000028945",0
"ENSRNOG00000024201",16
"ENSRNOG00000015699",578
"ENSRNOG00000014683",69
"ENSRNOG00000012815",183
"ENSRNOG00000061227",0
"ENSRNOG00000013286",780
"ENSRNOG00000016201",583
"ENSRNOG00000013408",55
"ENSRNOG00000047233",0
"ENSRNOG00000023576",479
"ENSRNOG00000011591",6
"ENSRNOG00000038909",0
"ENSRNOG00000015306",0
"ENSRNOG00000067665",2364
"ENSRNOG00000015567",0
"ENSRNOG00000063478",2
"ENSRNOG00000011658",132
"ENSRNOG00000017155",373
"ENSRNOG00000022762",2
"ENSRNOG00000011194",1628
"ENSRNOG00000014378",0
"ENSRNOG00000016447",507
"ENSRNOG00000010370",704
"ENSRNOG00000010668",5564
"ENSRNOG00000059348",2382
"ENSRNOG00000064427",5070
"ENSRNOG00000059485",65
"ENSRNOG00000064621",44
"ENSRNOG00000008111",0
"ENSRNOG00000012840",245397
"ENSRNOG00000026745",0
"ENSRNOG00000009104",1068
"ENSRNOG00000009995",452
"ENSRNOG00000042449",526
"ENSRNOG00000002423",596
"ENSRNOG00000002575",313
"ENSRNOG00000002443",852
"ENSRNOG00000012356",255
"ENSRNOG00000021370",1
"ENSRNOG00000002845",0
"ENSRNOG00000026844",1
"ENSRNOG00000066088",34038
"ENSRNOG00000027008",396
"ENSRNOG00000023143",630
"ENSRNOG00000038474",0
"ENSRNOG00000011892",0
"ENSRNOG00000064321",0
"ENSRNOG00000069020",3
"ENSRNOG00000069599",0
"ENSRNOG00000067008",0
"ENSRNOG00000026805",0
"ENSRNOG00000068229",0
"ENSRNOG00000002820",0
"ENSRNOG00000024553",32
"ENSRNOG00000013118",1693
"ENSRNOG00000024535",1490
"ENSRNOG00000068864",0
"ENSRNOG00000002827",0
"ENSRNOG00000013186",3211
"ENSRNOG00000010041",1477
"ENSRNOG00000067204",0
"ENSRNOG00000003815",1324
"ENSRNOG00000065351",0
"ENSRNOG00000068547",0
"ENSRNOG00000054400",248
"ENSRNOG00000071204",0
"ENSRNOG00000014081",0
"ENSRNOG00000070347",1
"ENSRNOG00000043116",0
"ENSRNOG00000038413",0
"ENSRNOG00000002488",1318
"ENSRNOG00000067499",0
"ENSRNOG00000067195",0
"ENSRNOG00000069306",0
"ENSRNOG00000067952",0
"ENSRNOG00000002630",536
"ENSRNOG00000002645",524
"ENSRNOG00000003879",686
"ENSRNOG00000019458",73
"ENSRNOG00000027039",266
"ENSRNOG00000045816",16
"ENSRNOG00000069086",0
"ENSRNOG00000062627",0
"ENSRNOG00000069462",0
"ENSRNOG00000047955",0
"ENSRNOG00000038422",0
"ENSRNOG00000002582",1
"ENSRNOG00000031544",1240
"ENSRNOG00000027259",1425
"ENSRNOG00000051868",408
"ENSRNOG00000014712",119
"ENSRNOG00000003975",4756
"ENSRNOG00000033663",872
"ENSRNOG00000065470",0
"ENSRNOG00000062854",0
"ENSRNOG00000069068",0
"ENSRNOG00000002682",115
"ENSRNOG00000002713",669
"ENSRNOG00000070864",37
"ENSRNOG00000064507",0
"ENSRNOG00000064350",2
"ENSRNOG00000067217",42
"ENSRNOG00000070178",1
"ENSRNOG00000068756",21
"ENSRNOG00000069764",22
"ENSRNOG00000003847",437
"ENSRNOG00000062640",25
"ENSRNOG00000067459",15
"ENSRNOG00000063438",0
"ENSRNOG00000066378",68
"ENSRNOG00000055459",0
"ENSRNOG00000052088",0
"ENSRNOG00000065010",0
"ENSRNOG00000064285",0
"ENSRNOG00000026430",0
"ENSRNOG00000070207",0
"ENSRNOG00000070920",0
"ENSRNOG00000023431",158
"ENSRNOG00000066015",0
"ENSRNOG00000067151",369
"ENSRNOG00000069550",0
"ENSRNOG00000060247",0
"ENSRNOG00000022431",74
"ENSRNOG00000055640",0
"ENSRNOG00000065061",1
"ENSRNOG00000071012",256
"ENSRNOG00000057240",12
"ENSRNOG00000069370",0
"ENSRNOG00000062611",0
"ENSRNOG00000062948",0
"ENSRNOG00000069674",0
"ENSRNOG00000061633",0
"ENSRNOG00000065225",3
"ENSRNOG00000058899",0
"ENSRNOG00000002858",0
"ENSRNOG00000054015",0
"ENSRNOG00000065824",0
"ENSRNOG00000053082",0
"ENSRNOG00000068961",0
"ENSRNOG00000054755",0
"ENSRNOG00000068527",12
"ENSRNOG00000061482",0
"ENSRNOG00000064121",1
"ENSRNOG00000022472",117
"ENSRNOG00000052741",1
"ENSRNOG00000051656",1
"ENSRNOG00000064143",74
"ENSRNOG00000063978",149
"ENSRNOG00000055792",2
"ENSRNOG00000004078",213
"ENSRNOG00000065243",932
"ENSRNOG00000070859",0
"ENSRNOG00000022438",25
"ENSRNOG00000071081",0
"ENSRNOG00000057885",0
"ENSRNOG00000068781",0
"ENSRNOG00000027891",146
"ENSRNOG00000052561",0
"ENSRNOG00000068928",524
"ENSRNOG00000043019",10
"ENSRNOG00000055961",0
"ENSRNOG00000062350",69
"ENSRNOG00000064716",99
"ENSRNOG00000052520",0
"ENSRNOG00000066541",0
"ENSRNOG00000070561",11
"ENSRNOG00000057669",0
"ENSRNOG00000066333",0
"ENSRNOG00000019486",14
"ENSRNOG00000057605",0
"ENSRNOG00000066693",0
"ENSRNOG00000049219",1109
"ENSRNOG00000066339",0
"ENSRNOG00000063383",0
"ENSRNOG00000063269",1
"ENSRNOG00000065502",0
"ENSRNOG00000067337",9
"ENSRNOG00000055550",0
"ENSRNOG00000053179",0
"ENSRNOG00000055743",0
"ENSRNOG00000063722",640
"ENSRNOG00000060659",0
"ENSRNOG00000062516",0
"ENSRNOG00000062916",0
"ENSRNOG00000068240",1
"ENSRNOG00000058532",0
"ENSRNOG00000067006",0
"ENSRNOG00000065892",441
"ENSRNOG00000057512",0
"ENSRNOG00000056543",0
"ENSRNOG00000052147",0
"ENSRNOG00000070989",0
"ENSRNOG00000003129",1986
"ENSRNOG00000061671",0
"ENSRNOG00000069686",0
"ENSRNOG00000063817",0
"ENSRNOG00000061622",0
"ENSRNOG00000043419",16
"ENSRNOG00000066434",0
"ENSRNOG00000054660",0
"ENSRNOG00000057083",0
"ENSRNOG00000067673",5
"ENSRNOG00000066138",0
"ENSRNOG00000056479",0
"ENSRNOG00000067463",0
"ENSRNOG00000002895",47
"ENSRNOG00000067537",0
"ENSRNOG00000069371",0
"ENSRNOG00000052554",0
"ENSRNOG00000062965",6
"ENSRNOG00000065881",0
"ENSRNOG00000060567",0
"ENSRNOG00000053830",0
"ENSRNOG00000069978",10
"ENSRNOG00000053545",0
"ENSRNOG00000059819",0
"ENSRNOG00000052344",0
"ENSRNOG00000055516",0
"ENSRNOG00000070850",328
"ENSRNOG00000056422",15
"ENSRNOG00000070353",0
"ENSRNOG00000052684",2
"ENSRNOG00000051234",0
"ENSRNOG00000003170",3
"ENSRNOG00000059048",0
"ENSRNOG00000056866",0
"ENSRNOG00000066341",0
"ENSRNOG00000054387",0
"ENSRNOG00000053961",173
"ENSRNOG00000059449",0
"ENSRNOG00000068321",0
"ENSRNOG00000055502",0
"ENSRNOG00000054649",0
"ENSRNOG00000020843",1105
"ENSRNOG00000004246",255
"ENSRNOG00000070019",0
"ENSRNOG00000070557",5
"ENSRNOG00000063452",0
"ENSRNOG00000061173",0
"ENSRNOG00000054307",0
"ENSRNOG00000052059",0
"ENSRNOG00000062630",1
"ENSRNOG00000065726",0
"ENSRNOG00000063603",0
"ENSRNOG00000059300",1
"ENSRNOG00000019384",204
"ENSRNOG00000054952",0
"ENSRNOG00000054629",2
"ENSRNOG00000066078",2
"ENSRNOG00000070350",0
"ENSRNOG00000045676",0
"ENSRNOG00000053018",0
"ENSRNOG00000058504",1
"ENSRNOG00000058244",2
"ENSRNOG00000055800",0
"ENSRNOG00000053796",0
"ENSRNOG00000068206",0
"ENSRNOG00000058369",0
"ENSRNOG00000062549",0
"ENSRNOG00000057969",0
"ENSRNOG00000052816",0
"ENSRNOG00000002873",0
"ENSRNOG00000059399",0
"ENSRNOG00000070743",0
"ENSRNOG00000063400",3
"ENSRNOG00000003039",0
"ENSRNOG00000021988",0
"ENSRNOG00000022548",3
"ENSRNOG00000002757",276
"ENSRNOG00000002876",139
"ENSRNOG00000070137",0
"ENSRNOG00000067635",0
"ENSRNOG00000058556",0
"ENSRNOG00000002883",98
"ENSRNOG00000059610",1
"ENSRNOG00000067616",2
"ENSRNOG00000003326",1738
"ENSRNOG00000062744",0
"ENSRNOG00000026647",585
"ENSRNOG00000060046",0
"ENSRNOG00000056736",0
"ENSRNOG00000021796",2
"ENSRNOG00000060616",3
"ENSRNOG00000053569",1
"ENSRNOG00000060220",0
"ENSRNOG00000054213",0
"ENSRNOG00000051730",0
"ENSRNOG00000027368",396
"ENSRNOG00000057012",2
"ENSRNOG00000061736",1
"ENSRNOG00000002928",801
"ENSRNOG00000060502",0
"ENSRNOG00000017907",1420
"ENSRNOG00000063532",0
"ENSRNOG00000057893",0
"ENSRNOG00000054619",0
"ENSRNOG00000056183",0
"ENSRNOG00000042579",2
"ENSRNOG00000052660",2
"ENSRNOG00000057898",0
"ENSRNOG00000062443",0
"ENSRNOG00000055444",0
"ENSRNOG00000058380",0
"ENSRNOG00000066694",1553
"ENSRNOG00000053313",0
"ENSRNOG00000055592",0
"ENSRNOG00000069404",0
"ENSRNOG00000057232",0
"ENSRNOG00000065576",0
"ENSRNOG00000056377",1
"ENSRNOG00000060493",0
"ENSRNOG00000055722",0
"ENSRNOG00000002943",433
"ENSRNOG00000003794",172
"ENSRNOG00000068007",2
"ENSRNOG00000060059",0
"ENSRNOG00000057978",24
"ENSRNOG00000004283",719
"ENSRNOG00000055210",0
"ENSRNOG00000055429",18
"ENSRNOG00000070988",0
"ENSRNOG00000053386",0
"ENSRNOG00000070720",0
"ENSRNOG00000056913",9
"ENSRNOG00000068504",1
"ENSRNOG00000040121",0
"ENSRNOG00000002303",1
"ENSRNOG00000068432",0
"ENSRNOG00000064295",0
"ENSRNOG00000057925",16
"ENSRNOG00000066495",3
"ENSRNOG00000054510",0
"ENSRNOG00000064126",0
"ENSRNOG00000002930",30
"ENSRNOG00000065662",0
"ENSRNOG00000068389",5
"ENSRNOG00000015118",426
"ENSRNOG00000061574",0
"ENSRNOG00000064162",0
"ENSRNOG00000068674",0
"ENSRNOG00000054243",0
"ENSRNOG00000056054",0
"ENSRNOG00000053534",4
"ENSRNOG00000055332",0
"ENSRNOG00000057905",0
"ENSRNOG00000012681",213
"ENSRNOG00000066008",1
"ENSRNOG00000060816",10
"ENSRNOG00000059404",1
"ENSRNOG00000003019",1135
"ENSRNOG00000056979",0
"ENSRNOG00000053152",0
"ENSRNOG00000019477",44
"ENSRNOG00000069639",0
"ENSRNOG00000054431",0
"ENSRNOG00000002912",690
"ENSRNOG00000052485",0
"ENSRNOG00000070400",0
"ENSRNOG00000071058",0
"ENSRNOG00000062553",0
"ENSRNOG00000059688",0
"ENSRNOG00000069935",0
"ENSRNOG00000003065",1332
"ENSRNOG00000066575",0
"ENSRNOG00000002612",425
"ENSRNOG00000003728",236
"ENSRNOG00000037418",6
"ENSRNOG00000029245",0
"ENSRNOG00000068333",0
"ENSRNOG00000003125",798
"ENSRNOG00000031364",1432
"ENSRNOG00000020937",2761
"ENSRNOG00000005009",33
"ENSRNOG00000049768",283
"ENSRNOG00000022771",942
"ENSRNOG00000037409",0
"ENSRNOG00000020803",8
"ENSRNOG00000004146",384
"ENSRNOG00000055533",0
"ENSRNOG00000065698",0
"ENSRNOG00000024557",53
"ENSRNOG00000021953",1
"ENSRNOG00000004141",1938
"ENSRNOG00000068288",0
"ENSRNOG00000003273",0
"ENSRNOG00000053814",1833
"ENSRNOG00000004608",490
"ENSRNOG00000015210",0
"ENSRNOG00000033653",1
"ENSRNOG00000004766",2250
"ENSRNOG00000063096",0
"ENSRNOG00000068635",0
"ENSRNOG00000002768",0
"ENSRNOG00000021713",292
"ENSRNOG00000067764",0
"ENSRNOG00000015236",0
"ENSRNOG00000003328",990
"ENSRNOG00000055010",15
"ENSRNOG00000010257",427
"ENSRNOG00000004072",6604
"ENSRNOG00000020970",30
"ENSRNOG00000057040",40
"ENSRNOG00000003773",743
"ENSRNOG00000010363",435
"ENSRNOG00000015873",1
"ENSRNOG00000066620",0
"ENSRNOG00000002407",1622
"ENSRNOG00000020994",1683
"ENSRNOG00000005227",154
"ENSRNOG00000058372",18
"ENSRNOG00000002944",263
"ENSRNOG00000028075",16
"ENSRNOG00000060229",4097
"ENSRNOG00000017912",9
"ENSRNOG00000003495",10791
"ENSRNOG00000012864",396
"ENSRNOG00000004900",0
"ENSRNOG00000003302",885
"ENSRNOG00000003186",205
"ENSRNOG00000062575",0
"ENSRNOG00000070390",3
"ENSRNOG00000042044",472
"ENSRNOG00000003137",0
"ENSRNOG00000002894",513
"ENSRNOG00000053943",2008
"ENSRNOG00000068106",0
"ENSRNOG00000060528",133
"ENSRNOG00000046057",2
"ENSRNOG00000003224",370
"ENSRNOG00000003233",5
"ENSRNOG00000066893",674
"ENSRNOG00000016212",1861
"ENSRNOG00000003332",105
"ENSRNOG00000009006",1069
"ENSRNOG00000046143",39
"ENSRNOG00000003348",31
"ENSRNOG00000003873",1936
"ENSRNOG00000017325",0
"ENSRNOG00000006450",448
"ENSRNOG00000027628",970
"ENSRNOG00000009474",976
"ENSRNOG00000054423",85
"ENSRNOG00000009224",125
"ENSRNOG00000003234",1
"ENSRNOG00000017352",1920
"ENSRNOG00000009536",382
"ENSRNOG00000003066",15
"ENSRNOG00000009718",276
"ENSRNOG00000002669",2408
"ENSRNOG00000009611",0
"ENSRNOG00000003506",2542
"ENSRNOG00000009857",356
"ENSRNOG00000017417",11436
"ENSRNOG00000003517",66
"ENSRNOG00000060615",930
"ENSRNOG00000009667",313
"ENSRNOG00000066553",0
"ENSRNOG00000003544",2
"ENSRNOG00000028341",510
"ENSRNOG00000007227",277
"ENSRNOG00000017657",715
"ENSRNOG00000022022",38
"ENSRNOG00000010038",589
"ENSRNOG00000002755",2437
"ENSRNOG00000028427",161
"ENSRNOG00000005269",1
"ENSRNOG00000017915",439
"ENSRNOG00000068462",0
"ENSRNOG00000003463",1361
"ENSRNOG00000042524",0
"ENSRNOG00000006990",2
"ENSRNOG00000063840",49
"ENSRNOG00000069823",0
"ENSRNOG00000018114",312
"ENSRNOG00000050057",453
"ENSRNOG00000005104",0
"ENSRNOG00000063987",0
"ENSRNOG00000067870",0
"ENSRNOG00000063600",0
"ENSRNOG00000007655",83
"ENSRNOG00000007200",2
"ENSRNOG00000063645",0
"ENSRNOG00000010557",782
"ENSRNOG00000069725",0
"ENSRNOG00000039773",0
"ENSRNOG00000007084",0
"ENSRNOG00000062803",0
"ENSRNOG00000007678",253
"ENSRNOG00000003384",69
"ENSRNOG00000010929",0
"ENSRNOG00000026783",101
"ENSRNOG00000006548",3075
"ENSRNOG00000003590",2372
"ENSRNOG00000008134",1
"ENSRNOG00000045565",0
"ENSRNOG00000004566",1
"ENSRNOG00000061543",2668
"ENSRNOG00000006136",466
"ENSRNOG00000006674",33
"ENSRNOG00000023628",202
"ENSRNOG00000049876",4704
"ENSRNOG00000005330",2074
"ENSRNOG00000004668",39
"ENSRNOG00000007054",1258
"ENSRNOG00000018526",1164
"ENSRNOG00000046799",359
"ENSRNOG00000005904",1654
"ENSRNOG00000004980",182
"ENSRNOG00000053437",0
"ENSRNOG00000071015",114
"ENSRNOG00000021303",87
"ENSRNOG00000063807",782
"ENSRNOG00000003566",3
"ENSRNOG00000050675",17
"ENSRNOG00000005193",480
"ENSRNOG00000023344",5637
"ENSRNOG00000013611",0
"ENSRNOG00000022664",1336
"ENSRNOG00000002997",838
"ENSRNOG00000024964",905
"ENSRNOG00000003719",456
"ENSRNOG00000005418",1302
"ENSRNOG00000005357",1725
"ENSRNOG00000004147",439
"ENSRNOG00000020916",936
"ENSRNOG00000014672",0
"ENSRNOG00000008700",2
"ENSRNOG00000069630",600
"ENSRNOG00000012390",115
"ENSRNOG00000006873",5
"ENSRNOG00000015157",314
"ENSRNOG00000069998",489
"ENSRNOG00000069737",0
"ENSRNOG00000024661",1160
"ENSRNOG00000010492",511
"ENSRNOG00000020930",663
"ENSRNOG00000064298",0
"ENSRNOG00000046271",2667
"ENSRNOG00000062400",126
"ENSRNOG00000019352",262
"ENSRNOG00000021657",6
"ENSRNOG00000065165",0
"ENSRNOG00000026801",0
"ENSRNOG00000012434",817
"ENSRNOG00000065890",0
"ENSRNOG00000022964",0
"ENSRNOG00000066422",0
"ENSRNOG00000019357",1393
"ENSRNOG00000004092",21
"ENSRNOG00000004939",2
"ENSRNOG00000003948",1348
"ENSRNOG00000032439",0
"ENSRNOG00000012620",4
"ENSRNOG00000003855",488
"ENSRNOG00000042252",1
"ENSRNOG00000013370",399
"ENSRNOG00000028688",453
"ENSRNOG00000052840",771
"ENSRNOG00000070542",244
"ENSRNOG00000004417",374
"ENSRNOG00000070956",0
"ENSRNOG00000058393",151
"ENSRNOG00000063135",423
"ENSRNOG00000025117",0
"ENSRNOG00000067184",0
"ENSRNOG00000070925",0
"ENSRNOG00000063522",0
"ENSRNOG00000065977",0
"ENSRNOG00000002420",617
"ENSRNOG00000004159",1388
"ENSRNOG00000068367",0
"ENSRNOG00000004399",8
"ENSRNOG00000064369",0
"ENSRNOG00000013429",186
"ENSRNOG00000038328",5
"ENSRNOG00000019606",2
"ENSRNOG00000068012",10
"ENSRNOG00000021987",0
"ENSRNOG00000053680",2716
"ENSRNOG00000067378",1
"ENSRNOG00000005015",526
"ENSRNOG00000024445",892
"ENSRNOG00000062613",0
"ENSRNOG00000059008",319
"ENSRNOG00000004040",67
"ENSRNOG00000060934",10
"ENSRNOG00000003845",3
"ENSRNOG00000028208",138
"ENSRNOG00000000249",84
"ENSRNOG00000002520",4752
"ENSRNOG00000000248",2340
"ENSRNOG00000011207",0
"ENSRNOG00000014641",0
"ENSRNOG00000019659",62
"ENSRNOG00000065770",89
"ENSRNOG00000055314",1525
"ENSRNOG00000033617",0
"ENSRNOG00000064075",0
"ENSRNOG00000024210",0
"ENSRNOG00000015061",1
"ENSRNOG00000002539",0
"ENSRNOG00000021682",3189
"ENSRNOG00000024954",0
"ENSRNOG00000014743",157
"ENSRNOG00000037307",0
"ENSRNOG00000003213",1173
"ENSRNOG00000003226",6579
"ENSRNOG00000002989",2316
"ENSRNOG00000002452",698
"ENSRNOG00000000247",763
"ENSRNOG00000015090",435
"ENSRNOG00000020877",0
"ENSRNOG00000002749",1961
"ENSRNOG00000006532",5654
"ENSRNOG00000003846",2252
"ENSRNOG00000003116",582
"ENSRNOG00000058739",405
"ENSRNOG00000007280",2205
"ENSRNOG00000003278",553
"ENSRNOG00000004807",544
"ENSRNOG00000010083",1514
"ENSRNOG00000070139",0
"ENSRNOG00000034013",1883
"ENSRNOG00000002566",1
"ENSRNOG00000004437",204
"ENSRNOG00000002568",115
"ENSRNOG00000013169",308
"ENSRNOG00000066036",309
"ENSRNOG00000006600",558
"ENSRNOG00000007117",40
"ENSRNOG00000059326",685
"ENSRNOG00000008040",303
"ENSRNOG00000016976",908
"ENSRNOG00000010320",1
"ENSRNOG00000003172",11954
"ENSRNOG00000003262",0
"ENSRNOG00000058939",1
"ENSRNOG00000008256",421
"ENSRNOG00000007268",24
"ENSRNOG00000006126",1358
"ENSRNOG00000008323",251
"ENSRNOG00000042245",1315
"ENSRNOG00000004091",113
"ENSRNOG00000057378",999
"ENSRNOG00000020441",2375
"ENSRNOG00000007576",130
"ENSRNOG00000007778",0
"ENSRNOG00000065251",0
"ENSRNOG00000003195",71
"ENSRNOG00000068785",0
"ENSRNOG00000008577",161
"ENSRNOG00000070737",4
"ENSRNOG00000067255",0
"ENSRNOG00000036880",0
"ENSRNOG00000002764",99
"ENSRNOG00000042258",17
"ENSRNOG00000011227",51
"ENSRNOG00000006913",132
"ENSRNOG00000004713",0
"ENSRNOG00000059219",21
"ENSRNOG00000004032",425
"ENSRNOG00000037718",5
"ENSRNOG00000003657",53
"ENSRNOG00000004686",473
"ENSRNOG00000014027",578
"ENSRNOG00000003105",0
"ENSRNOG00000069091",209
"ENSRNOG00000007439",19
"ENSRNOG00000006949",3161
"ENSRNOG00000003849",387
"ENSRNOG00000064191",0
"ENSRNOG00000003131",2286
"ENSRNOG00000064933",26
"ENSRNOG00000065343",6
"ENSRNOG00000039761",0
"ENSRNOG00000004310",426
"ENSRNOG00000005185",0
"ENSRNOG00000067475",1133
"ENSRNOG00000003109",0
"ENSRNOG00000049151",0
"ENSRNOG00000003121",52
"ENSRNOG00000014618",0
"ENSRNOG00000010214",101
"ENSRNOG00000028116",3
"ENSRNOG00000020902",1382
"ENSRNOG00000006989",1433
"ENSRNOG00000021872",121
"ENSRNOG00000028255",496
"ENSRNOG00000007889",0
"ENSRNOG00000028417",0
"ENSRNOG00000005769",337
"ENSRNOG00000025792",552
"ENSRNOG00000061424",1034
"ENSRNOG00000003455",2
"ENSRNOG00000007454",6
"ENSRNOG00000042086",44
"ENSRNOG00000004107",1239
"ENSRNOG00000006131",371
"ENSRNOG00000011357",27
"ENSRNOG00000002294",153
"ENSRNOG00000008921",357
"ENSRNOG00000067865",326
"ENSRNOG00000007823",30
"ENSRNOG00000009343",0
"ENSRNOG00000003546",277
"ENSRNOG00000014882",32
"ENSRNOG00000008010",33
"ENSRNOG00000010673",421
"ENSRNOG00000050323",2186
"ENSRNOG00000025448",325
"ENSRNOG00000008830",1957
"ENSRNOG00000003457",0
"ENSRNOG00000008755",3022
"ENSRNOG00000008703",2282
"ENSRNOG00000009819",2798
"ENSRNOG00000046890",1
"ENSRNOG00000046639",109
"ENSRNOG00000005290",9018
"ENSRNOG00000060307",66
"ENSRNOG00000004171",25
"ENSRNOG00000020905",453
"ENSRNOG00000042251",0
"ENSRNOG00000002812",0
"ENSRNOG00000002659",2
"ENSRNOG00000007585",11
"ENSRNOG00000010626",39
"ENSRNOG00000046121",0
"ENSRNOG00000003497",204
"ENSRNOG00000009225",1515
"ENSRNOG00000008422",0
"ENSRNOG00000007611",33
"ENSRNOG00000008843",1521
"ENSRNOG00000060054",1
"ENSRNOG00000028946",452
"ENSRNOG00000011007",698
"ENSRNOG00000007387",398
"ENSRNOG00000052113",1102
"ENSRNOG00000025545",308
"ENSRNOG00000007523",8
"ENSRNOG00000066106",355
"ENSRNOG00000061429",0
"ENSRNOG00000029415",132
"ENSRNOG00000011714",159
"ENSRNOG00000042915",291
"ENSRNOG00000003542",3414
"ENSRNOG00000033942",0
"ENSRNOG00000065020",99
"ENSRNOG00000030291",73
"ENSRNOG00000004155",26
"ENSRNOG00000030541",0
"ENSRNOG00000003654",3
"ENSRNOG00000042825",0
"ENSRNOG00000022210",0
"ENSRNOG00000014127",19
"ENSRNOG00000020908",50
"ENSRNOG00000037371",279
"ENSRNOG00000003563",810
"ENSRNOG00000057404",0
"ENSRNOG00000002664",1016
"ENSRNOG00000014179",5072
"ENSRNOG00000004172",1062
"ENSRNOG00000048449",121
"ENSRNOG00000066902",506
"ENSRNOG00000065545",2
"ENSRNOG00000014568",1715
"ENSRNOG00000011876",571
"ENSRNOG00000002571",2
"ENSRNOG00000020275",10
"ENSRNOG00000003784",47
"ENSRNOG00000029012",0
"ENSRNOG00000027711",926
"ENSRNOG00000003673",281
"ENSRNOG00000014953",6
"ENSRNOG00000020277",271
"ENSRNOG00000038055",2
"ENSRNOG00000007391",7
"ENSRNOG00000002545",940
"ENSRNOG00000066611",0
"ENSRNOG00000059618",9
"ENSRNOG00000003947",8
"ENSRNOG00000052730",1451
"ENSRNOG00000050649",222
"ENSRNOG00000055413",1
"ENSRNOG00000010771",2462
"ENSRNOG00000069891",0
"ENSRNOG00000012162",1230
"ENSRNOG00000025287",0
"ENSRNOG00000020336",647
"ENSRNOG00000021782",0
"ENSRNOG00000003401",8956
"ENSRNOG00000004378",0
"ENSRNOG00000036888",1
"ENSRNOG00000003294",2
"ENSRNOG00000058663",550
"ENSRNOG00000027057",359
"ENSRNOG00000069756",83
"ENSRNOG00000015674",2
"ENSRNOG00000020487",0
"ENSRNOG00000024181",0
"ENSRNOG00000003215",231
"ENSRNOG00000013030",486
"ENSRNOG00000017606",0
"ENSRNOG00000005336",0
"ENSRNOG00000003218",7
"ENSRNOG00000069314",4
"ENSRNOG00000069734",2
"ENSRNOG00000020513",568
"ENSRNOG00000027194",567
"ENSRNOG00000029597",20
"ENSRNOG00000069739",5
"ENSRNOG00000058058",0
"ENSRNOG00000025496",2571
"ENSRNOG00000065691",0
"ENSRNOG00000066734",0
"ENSRNOG00000011375",1637
"ENSRNOG00000002358",4095
"ENSRNOG00000012155",4
"ENSRNOG00000002342",1285
"ENSRNOG00000028121",0
"ENSRNOG00000046276",2
"ENSRNOG00000063725",0
"ENSRNOG00000066047",21
"ENSRNOG00000006248",501
"ENSRNOG00000002980",474
"ENSRNOG00000003797",279
"ENSRNOG00000007491",8
"ENSRNOG00000058561",14661
"ENSRNOG00000037563",2
"ENSRNOG00000012213",181
"ENSRNOG00000002714",171
"ENSRNOG00000003918",451
"ENSRNOG00000006122",32
"ENSRNOG00000008637",594
"ENSRNOG00000039405",0
"ENSRNOG00000063289",13
"ENSRNOG00000024730",35
"ENSRNOG00000025522",0
"ENSRNOG00000003259",204
"ENSRNOG00000002991",409
"ENSRNOG00000004814",706
"ENSRNOG00000048113",71
"ENSRNOG00000002341",354
"ENSRNOG00000028926",0
"ENSRNOG00000029279",0
"ENSRNOG00000063043",285
"ENSRNOG00000008270",63
"ENSRNOG00000042255",0
"ENSRNOG00000032300",0
"ENSRNOG00000033690",0
"ENSRNOG00000010870",3
"ENSRNOG00000011541",11
"ENSRNOG00000003287",519
"ENSRNOG00000002373",735
"ENSRNOG00000018242",95
"ENSRNOG00000012134",31
"ENSRNOG00000029223",0
"ENSRNOG00000062933",2
"ENSRNOG00000002610",808
"ENSRNOG00000047969",0
"ENSRNOG00000003041",222
"ENSRNOG00000037627",790
"ENSRNOG00000013659",496
"ENSRNOG00000011475",1
"ENSRNOG00000018611",0
"ENSRNOG00000004333",247
"ENSRNOG00000049862",764
"ENSRNOG00000067355",0
"ENSRNOG00000003104",36
"ENSRNOG00000004461",3
"ENSRNOG00000011917",0
"ENSRNOG00000016545",857
"ENSRNOG00000006970",67
"ENSRNOG00000008480",6
"ENSRNOG00000046001",3
"ENSRNOG00000028456",0
"ENSRNOG00000002899",484
"ENSRNOG00000016494",196
"ENSRNOG00000007433",19
"ENSRNOG00000004122",0
"ENSRNOG00000019510",0
"ENSRNOG00000007957",72
"ENSRNOG00000068966",0
"ENSRNOG00000003807",0
"ENSRNOG00000016774",162
"ENSRNOG00000025254",12
"ENSRNOG00000006895",553
"ENSRNOG00000006542",6195
"ENSRNOG00000057058",5
"ENSRNOG00000002615",549
"ENSRNOG00000027914",1326
"ENSRNOG00000065011",1
"ENSRNOG00000024972",302
"ENSRNOG00000024635",659
"ENSRNOG00000009427",0
"ENSRNOG00000007483",124
"ENSRNOG00000012083",10
"ENSRNOG00000027087",89
"ENSRNOG00000002364",25
"ENSRNOG00000048231",5
"ENSRNOG00000042736",0
"ENSRNOG00000006661",64
"ENSRNOG00000030628",5853
"ENSRNOG00000015300",413
"ENSRNOG00000036838",0
"ENSRNOG00000048771",0
"ENSRNOG00000049215",217
"ENSRNOG00000015578",18
"ENSRNOG00000057619",23
"ENSRNOG00000067188",0
"ENSRNOG00000002636",0
"ENSRNOG00000055309",873
"ENSRNOG00000052204",460
"ENSRNOG00000050974",0
"ENSRNOG00000070593",0
"ENSRNOG00000027498",53
"ENSRNOG00000029570",471
"ENSRNOG00000018550",469
"ENSRNOG00000023881",0
"ENSRNOG00000036819",3
"ENSRNOG00000024867",184
"ENSRNOG00000020749",186
"ENSRNOG00000021540",21
"ENSRNOG00000002436",1280
"ENSRNOG00000039698",0
"ENSRNOG00000019208",46
"ENSRNOG00000005377",526
"ENSRNOG00000020771",1270
"ENSRNOG00000015479",530
"ENSRNOG00000005133",6
"ENSRNOG00000058497",33
"ENSRNOG00000045791",1136
"ENSRNOG00000049929",93
"ENSRNOG00000071032",72
"ENSRNOG00000064673",0
"ENSRNOG00000012866",36
"ENSRNOG00000015749",0
"ENSRNOG00000007573",1
"ENSRNOG00000021962",4432
"ENSRNOG00000013746",884
"ENSRNOG00000007436",97
"ENSRNOG00000036695",647
"ENSRNOG00000028436",0
"ENSRNOG00000053055",0
"ENSRNOG00000005360",166
"ENSRNOG00000002828",1282
"ENSRNOG00000067471",198
"ENSRNOG00000002917",0
"ENSRNOG00000065925",0
"ENSRNOG00000011459",339
"ENSRNOG00000003203",303
"ENSRNOG00000002434",0
"ENSRNOG00000039656",0
"ENSRNOG00000052124",4
"ENSRNOG00000024446",0
"ENSRNOG00000066110",5
"ENSRNOG00000005606",1739
"ENSRNOG00000014171",29
"ENSRNOG00000030224",6
"ENSRNOG00000047367",77
"ENSRNOG00000033613",27
"ENSRNOG00000024523",20
"ENSRNOG00000005099",253
"ENSRNOG00000009722",1928
"ENSRNOG00000063632",190
"ENSRNOG00000033152",11839
"ENSRNOG00000005165",830
"ENSRNOG00000057186",308
"ENSRNOG00000064880",438
"ENSRNOG00000036726",0
"ENSRNOG00000032442",187
"ENSRNOG00000033568",747
"ENSRNOG00000036669",0
"ENSRNOG00000045670",300
"ENSRNOG00000069138",0
"ENSRNOG00000060561",174
"ENSRNOG00000005275",416
"ENSRNOG00000036681",0
"ENSRNOG00000008642",129
"ENSRNOG00000068337",110
"ENSRNOG00000003386",0
"ENSRNOG00000006460",122
"ENSRNOG00000059793",1
"ENSRNOG00000066995",0
"ENSRNOG00000062359",0
"ENSRNOG00000042335",0
"ENSRNOG00000070342",5
"ENSRNOG00000069522",14
"ENSRNOG00000064558",12
"ENSRNOG00000066900",1
"ENSRNOG00000002304",0
"ENSRNOG00000057127",0
"ENSRNOG00000069870",0
"ENSRNOG00000003741",1
"ENSRNOG00000008689",289
"ENSRNOG00000038735",490
"ENSRNOG00000036665",133
"ENSRNOG00000021424",0
"ENSRNOG00000006285",362
"ENSRNOG00000003981",197
"ENSRNOG00000002671",1222
"ENSRNOG00000069962",0
"ENSRNOG00000033266",0
"ENSRNOG00000050819",106
"ENSRNOG00000066160",0
"ENSRNOG00000051945",5
"ENSRNOG00000003998",86
"ENSRNOG00000068461",2
"ENSRNOG00000065992",1312
"ENSRNOG00000042352",11
"ENSRNOG00000069592",29
"ENSRNOG00000033101",476
"ENSRNOG00000002693",303
"ENSRNOG00000069121",15
"ENSRNOG00000006306",2
"ENSRNOG00000007235",8
"ENSRNOG00000064520",0
"ENSRNOG00000070316",19
"ENSRNOG00000030726",0
"ENSRNOG00000005580",23
"ENSRNOG00000054605",289
"ENSRNOG00000053285",241
"ENSRNOG00000000246",950
"ENSRNOG00000068789",0
"ENSRNOG00000052934",637
"ENSRNOG00000022983",7
"ENSRNOG00000063787",11
"ENSRNOG00000003123",516
"ENSRNOG00000071138",73
"ENSRNOG00000064047",2
"ENSRNOG00000071112",11
"ENSRNOG00000002915",140
"ENSRNOG00000070671",0
"ENSRNOG00000010665",1
"ENSRNOG00000015419",12
"ENSRNOG00000069887",0
"ENSRNOG00000024455",624
"ENSRNOG00000070404",27
"ENSRNOG00000069160",112
"ENSRNOG00000062812",0
"ENSRNOG00000000245",35
"ENSRNOG00000063680",31
"ENSRNOG00000015430",283
"ENSRNOG00000069213",0
"ENSRNOG00000017858",170
"ENSRNOG00000059401",18
"ENSRNOG00000062837",0
"ENSRNOG00000003835",83
"ENSRNOG00000067362",184
"ENSRNOG00000027271",11044
"ENSRNOG00000069533",227
"ENSRNOG00000002763",998
"ENSRNOG00000067823",359
"ENSRNOG00000064496",10
"ENSRNOG00000051284",0
"ENSRNOG00000053047",789
"ENSRNOG00000065197",0
"ENSRNOG00000067377",0
"ENSRNOG00000071187",0
"ENSRNOG00000037540",66
"ENSRNOG00000067573",0
"ENSRNOG00000019814",0
"ENSRNOG00000003931",151
"ENSRNOG00000063207",178
"ENSRNOG00000017893",2
"ENSRNOG00000070401",0
"ENSRNOG00000067449",39
"ENSRNOG00000070446",0
"ENSRNOG00000048838",309
"ENSRNOG00000003397",357
"ENSRNOG00000065692",0
"ENSRNOG00000067529",0
"ENSRNOG00000067659",29
"ENSRNOG00000064407",0
"ENSRNOG00000065499",2
"ENSRNOG00000006359",281
"ENSRNOG00000067700",400
"ENSRNOG00000067327",0
"ENSRNOG00000008798",48
"ENSRNOG00000002599",0
"ENSRNOG00000028404",12
"ENSRNOG00000021041",215
"ENSRNOG00000070674",2
"ENSRNOG00000052688",19
"ENSRNOG00000062556",0
"ENSRNOG00000065985",0
"ENSRNOG00000018792",0
"ENSRNOG00000066916",2
"ENSRNOG00000065762",0
"ENSRNOG00000003827",2489
"ENSRNOG00000002949",288
"ENSRNOG00000002748",213
"ENSRNOG00000007367",98
"ENSRNOG00000068375",0
"ENSRNOG00000007053",256
"ENSRNOG00000070067",0
"ENSRNOG00000002616",0
"ENSRNOG00000010337",0
"ENSRNOG00000002635",0
"ENSRNOG00000010676",1728
"ENSRNOG00000064022",13
"ENSRNOG00000069490",7
"ENSRNOG00000066579",1711
"ENSRNOG00000028161",425
"ENSRNOG00000066275",195
"ENSRNOG00000021031",8782
"ENSRNOG00000068899",14
"ENSRNOG00000054891",656
"ENSRNOG00000067983",0
"ENSRNOG00000045888",0
"ENSRNOG00000065805",0
"ENSRNOG00000009823",822
"ENSRNOG00000039350",0
"ENSRNOG00000027924",0
"ENSRNOG00000066738",0
"ENSRNOG00000010839",2
"ENSRNOG00000009870",8
"ENSRNOG00000067002",0
"ENSRNOG00000070572",0
"ENSRNOG00000002724",763
"ENSRNOG00000003280",7
"ENSRNOG00000052620",41446
"ENSRNOG00000067886",5
"ENSRNOG00000068212",0
"ENSRNOG00000019174",23
"ENSRNOG00000003028",4
"ENSRNOG00000056582",0
"ENSRNOG00000009902",15
"ENSRNOG00000002388",283
"ENSRNOG00000062101",3
"ENSRNOG00000002652",31
"ENSRNOG00000023639",141
"ENSRNOG00000063443",0
"ENSRNOG00000037204",178
"ENSRNOG00000024578",142
"ENSRNOG00000002718",0
"ENSRNOG00000014711",0
"ENSRNOG00000068639",3
"ENSRNOG00000014135",0
"ENSRNOG00000004604",987
"ENSRNOG00000068436",0
"ENSRNOG00000070927",0
"ENSRNOG00000070910",1
"ENSRNOG00000003232",1744
"ENSRNOG00000005081",386
"ENSRNOG00000053789",0
"ENSRNOG00000070177",0
"ENSRNOG00000070117",1
"ENSRNOG00000003424",399
"ENSRNOG00000006255",12
"ENSRNOG00000009979",0
"ENSRNOG00000007467",0
"ENSRNOG00000068523",28
"ENSRNOG00000063337",0
"ENSRNOG00000003264",259
"ENSRNOG00000065581",32
"ENSRNOG00000043102",333
"ENSRNOG00000066219",2
"ENSRNOG00000018701",0
"ENSRNOG00000002963",3
"ENSRNOG00000063730",0
"ENSRNOG00000061484",1186
"ENSRNOG00000065826",1
"ENSRNOG00000064660",15
"ENSRNOG00000009252",1257
"ENSRNOG00000002886",9332
"ENSRNOG00000066323",17
"ENSRNOG00000025669",288
"ENSRNOG00000045615",3
"ENSRNOG00000067479",2
"ENSRNOG00000064200",2043
"ENSRNOG00000007243",0
"ENSRNOG00000008078",0
"ENSRNOG00000008525",0
"ENSRNOG00000052564",18
"ENSRNOG00000070190",0
"ENSRNOG00000067610",0
"ENSRNOG00000009069",1422
"ENSRNOG00000070896",0
"ENSRNOG00000065424",230
"ENSRNOG00000068140",1354
"ENSRNOG00000003603",1886
"ENSRNOG00000007606",18
"ENSRNOG00000062540",54
"ENSRNOG00000002722",2187
"ENSRNOG00000011628",1
"ENSRNOG00000042980",2484
"ENSRNOG00000025815",1074
"ENSRNOG00000022239",0
"ENSRNOG00000009370",6
"ENSRNOG00000033893",1
"ENSRNOG00000037275",23
"ENSRNOG00000003464",621
"ENSRNOG00000009350",4
"ENSRNOG00000046216",0
"ENSRNOG00000002462",281
"ENSRNOG00000003207",0
"ENSRNOG00000067169",0
"ENSRNOG00000023095",2107
"ENSRNOG00000007722",309
"ENSRNOG00000018834",0
"ENSRNOG00000002607",251
"ENSRNOG00000002823",1775
"ENSRNOG00000007496",1044
"ENSRNOG00000063511",9
"ENSRNOG00000020029",103
"ENSRNOG00000003821",734
"ENSRNOG00000003266",0
"ENSRNOG00000007788",162
"ENSRNOG00000060550",708
"ENSRNOG00000058976",0
"ENSRNOG00000009567",814
"ENSRNOG00000007971",1971
"ENSRNOG00000003275",0
"ENSRNOG00000055236",0
"ENSRNOG00000039339",16
"ENSRNOG00000030537",162
"ENSRNOG00000037238",71
"ENSRNOG00000056793",2
"ENSRNOG00000003288",0
"ENSRNOG00000020874",0
"ENSRNOG00000033169",918
"ENSRNOG00000003626",1920
"ENSRNOG00000065740",0
"ENSRNOG00000008215",118
"ENSRNOG00000009275",4003
"ENSRNOG00000019445",15
"ENSRNOG00000023764",347
"ENSRNOG00000008178",847
"ENSRNOG00000052940",0
"ENSRNOG00000002511",0
"ENSRNOG00000058068",3
"ENSRNOG00000027350",5
"ENSRNOG00000011155",2440
"ENSRNOG00000018841",31
"ENSRNOG00000011182",0
"ENSRNOG00000020212",1
"ENSRNOG00000003967",1000
"ENSRNOG00000014623",1965
"ENSRNOG00000003990",1232
"ENSRNOG00000036673",15
"ENSRNOG00000000230",580
"ENSRNOG00000006860",0
"ENSRNOG00000069007",0
"ENSRNOG00000004063",1930
"ENSRNOG00000009643",904
"ENSRNOG00000014285",360
"ENSRNOG00000036682",1211
"ENSRNOG00000018466",0
"ENSRNOG00000043293",0
"ENSRNOG00000024145",101
"ENSRNOG00000045683",10934
"ENSRNOG00000003284",0
"ENSRNOG00000059563",0
"ENSRNOG00000020239",195
"ENSRNOG00000011366",1275
"ENSRNOG00000047907",797
"ENSRNOG00000033143",28955
"ENSRNOG00000021380",2
"ENSRNOG00000046330",36
"ENSRNOG00000049695",0
"ENSRNOG00000028521",665
"ENSRNOG00000066310",13
"ENSRNOG00000004288",197
"ENSRNOG00000027606",72
"ENSRNOG00000000251",1
"ENSRNOG00000010540",664
"ENSRNOG00000032492",3909
"ENSRNOG00000069361",5
"ENSRNOG00000067554",493
"ENSRNOG00000014496",85
"ENSRNOG00000004602",1682
"ENSRNOG00000069024",224
"ENSRNOG00000003367",42
"ENSRNOG00000032780",441
"ENSRNOG00000003668",0
"ENSRNOG00000020626",201
"ENSRNOG00000062912",0
"ENSRNOG00000036698",1605
"ENSRNOG00000002810",0
"ENSRNOG00000020753",278
"ENSRNOG00000022071",2
"ENSRNOG00000014742",435
"ENSRNOG00000021615",225
"ENSRNOG00000027196",0
"ENSRNOG00000031213",288
"ENSRNOG00000003244",14
"ENSRNOG00000003669",1187
"ENSRNOG00000009473",201
"ENSRNOG00000004139",924
"ENSRNOG00000021578",53
"ENSRNOG00000048389",80
"ENSRNOG00000004291",13436
"ENSRNOG00000061270",1247
"ENSRNOG00000003268",1913
"ENSRNOG00000020067",161
"ENSRNOG00000002793",0
"ENSRNOG00000010635",4822
"ENSRNOG00000003239",404
"ENSRNOG00000003343",7588
"ENSRNOG00000005659",317
"ENSRNOG00000020488",288
"ENSRNOG00000046076",1
"ENSRNOG00000020630",2
"ENSRNOG00000022244",0
"ENSRNOG00000065974",250
"ENSRNOG00000003068",117
"ENSRNOG00000003217",2568
"ENSRNOG00000023428",0
"ENSRNOG00000002795",834
"ENSRNOG00000036680",0
"ENSRNOG00000009681",847
"ENSRNOG00000003785",2
"ENSRNOG00000003147",4939
"ENSRNOG00000020140",1168
"ENSRNOG00000003905",705
"ENSRNOG00000029886",0
"ENSRNOG00000004598",88
"ENSRNOG00000068010",1
"ENSRNOG00000036894",627
"ENSRNOG00000002851",574
"ENSRNOG00000067144",0
"ENSRNOG00000049062",327
"ENSRNOG00000067173",7
"ENSRNOG00000029205",217
"ENSRNOG00000020747",1
"ENSRNOG00000019930",172
"ENSRNOG00000030517",40
"ENSRNOG00000070249",0
"ENSRNOG00000002903",2107
"ENSRNOG00000002644",191
"ENSRNOG00000000233",1
"ENSRNOG00000047321",4
"ENSRNOG00000014070",0
"ENSRNOG00000004834",115
"ENSRNOG00000028114",0
"ENSRNOG00000022615",249
"ENSRNOG00000024780",133
"ENSRNOG00000020006",54
"ENSRNOG00000020717",156
"ENSRNOG00000012705",972
"ENSRNOG00000068780",2
"ENSRNOG00000003235",992
"ENSRNOG00000018693",0
"ENSRNOG00000015002",32
"ENSRNOG00000003033",190
"ENSRNOG00000004137",682
"ENSRNOG00000004225",1
"ENSRNOG00000015692",888
"ENSRNOG00000003834",694
"ENSRNOG00000020374",148
"ENSRNOG00000004142",2
"ENSRNOG00000003108",137
"ENSRNOG00000029678",87
"ENSRNOG00000006000",1367
"ENSRNOG00000021287",68
"ENSRNOG00000003144",924
"ENSRNOG00000042720",490
"ENSRNOG00000049758",280
"ENSRNOG00000015975",364
"ENSRNOG00000004217",418
"ENSRNOG00000003671",0
"ENSRNOG00000056954",1243
"ENSRNOG00000060193",1
"ENSRNOG00000049988",475
"ENSRNOG00000054498",9
"ENSRNOG00000002922",33
"ENSRNOG00000030750",76
"ENSRNOG00000020541",440
"ENSRNOG00000025143",1
"ENSRNOG00000043381",98
"ENSRNOG00000028430",0
"ENSRNOG00000002970",116
"ENSRNOG00000015669",131
"ENSRNOG00000029930",0
"ENSRNOG00000068382",0
"ENSRNOG00000030344",0
"ENSRNOG00000043507",0
"ENSRNOG00000020571",117
"ENSRNOG00000024711",150
"ENSRNOG00000015057",0
"ENSRNOG00000002977",253
"ENSRNOG00000020536",0
"ENSRNOG00000042445",4
"ENSRNOG00000019268",416
"ENSRNOG00000005365",18
"ENSRNOG00000003050",1703
"ENSRNOG00000032768",369
"ENSRNOG00000020644",11
"ENSRNOG00000012818",556
"ENSRNOG00000011907",0
"ENSRNOG00000019551",136
"ENSRNOG00000028699",129
"ENSRNOG00000028812",0
"ENSRNOG00000027852",0
"ENSRNOG00000031422",0
"ENSRNOG00000005107",211
"ENSRNOG00000064091",0
"ENSRNOG00000003491",670
"ENSRNOG00000002486",0
"ENSRNOG00000034087",0
"ENSRNOG00000028834",6432
"ENSRNOG00000009896",357
"ENSRNOG00000052096",125
"ENSRNOG00000063155",0
"ENSRNOG00000049642",5
"ENSRNOG00000003661",6303
"ENSRNOG00000013896",0
"ENSRNOG00000007988",458
"ENSRNOG00000026508",1
"ENSRNOG00000069386",0
"ENSRNOG00000020594",944
"ENSRNOG00000065101",0
"ENSRNOG00000014519",26
"ENSRNOG00000005482",628
"ENSRNOG00000031525",335
"ENSRNOG00000012657",0
"ENSRNOG00000002474",103
"ENSRNOG00000023476",3
"ENSRNOG00000068861",0
"ENSRNOG00000068424",0
"ENSRNOG00000014689",861
"ENSRNOG00000005465",57
"ENSRNOG00000042691",339
"ENSRNOG00000066540",0
"ENSRNOG00000065244",0
"ENSRNOG00000012973",0
"ENSRNOG00000045669",1
"ENSRNOG00000003650",311
"ENSRNOG00000065399",0
"ENSRNOG00000005042",191
"ENSRNOG00000065268",0
"ENSRNOG00000014698",39
"ENSRNOG00000036688",6373
"ENSRNOG00000068465",0
"ENSRNOG00000032152",1142
"ENSRNOG00000026803",0
"ENSRNOG00000004049",964
"ENSRNOG00000004510",1774
"ENSRNOG00000008065",216
"ENSRNOG00000067675",0
"ENSRNOG00000066975",0
"ENSRNOG00000056837",750
"ENSRNOG00000055246",5583
"ENSRNOG00000009351",786
"ENSRNOG00000032417",63
"ENSRNOG00000067840",0
"ENSRNOG00000003536",327
"ENSRNOG00000066770",2
"ENSRNOG00000068575",3
"ENSRNOG00000004392",47
"ENSRNOG00000019604",458
"ENSRNOG00000063756",0
"ENSRNOG00000063867",0
"ENSRNOG00000061733",91
"ENSRNOG00000067153",0
"ENSRNOG00000002818",1172
"ENSRNOG00000036660",418
"ENSRNOG00000067043",0
"ENSRNOG00000003508",2749
"ENSRNOG00000045889",0
"ENSRNOG00000036678",345
"ENSRNOG00000062768",0
"ENSRNOG00000006557",25
"ENSRNOG00000071118",0
"ENSRNOG00000002918",0
"ENSRNOG00000070201",772
"ENSRNOG00000063936",36
"ENSRNOG00000050547",960
"ENSRNOG00000002905",0
"ENSRNOG00000019522",172
"ENSRNOG00000005620",1
"ENSRNOG00000000237",309
"ENSRNOG00000013728",103
"ENSRNOG00000003070",198
"ENSRNOG00000003330",765
"ENSRNOG00000036687",227
"ENSRNOG00000019612",52
"ENSRNOG00000019074",0
"ENSRNOG00000047314",528
"ENSRNOG00000007943",0
"ENSRNOG00000057490",0
"ENSRNOG00000009716",566
"ENSRNOG00000036686",750
"ENSRNOG00000059827",1
"ENSRNOG00000000250",182
"ENSRNOG00000009566",1678
"ENSRNOG00000065571",0
"ENSRNOG00000052115",4
"ENSRNOG00000068310",0
"ENSRNOG00000022331",6
"ENSRNOG00000002331",148
"ENSRNOG00000000239",64
"ENSRNOG00000057120",0
"ENSRNOG00000033559",3
"ENSRNOG00000066039",1
"ENSRNOG00000050205",119
"ENSRNOG00000055390",1
"ENSRNOG00000066549",267
"ENSRNOG00000007335",3
"ENSRNOG00000028103",1670
"ENSRNOG00000057077",0
"ENSRNOG00000019308",64
"ENSRNOG00000003005",0
"ENSRNOG00000070608",0
"ENSRNOG00000019684",112
"ENSRNOG00000004214",762
"ENSRNOG00000027871",210
"ENSRNOG00000057538",0
"ENSRNOG00000062399",0
"ENSRNOG00000063001",0
"ENSRNOG00000066417",0
"ENSRNOG00000007931",1
"ENSRNOG00000069492",436
"ENSRNOG00000053353",6
"ENSRNOG00000011196",0
"ENSRNOG00000019692",92
"ENSRNOG00000066319",0
"ENSRNOG00000067236",0
"ENSRNOG00000003971",0
"ENSRNOG00000045636",5185
"ENSRNOG00000007869",0
"ENSRNOG00000069081",1
"ENSRNOG00000027849",241
"ENSRNOG00000029768",0
"ENSRNOG00000062670",0
"ENSRNOG00000030680",7551
"ENSRNOG00000066058",0
"ENSRNOG00000060666",0
"ENSRNOG00000022248",38
"ENSRNOG00000067059",1
"ENSRNOG00000006549",0
"ENSRNOG00000012929",1650
"ENSRNOG00000069600",2
"ENSRNOG00000055125",0
"ENSRNOG00000058960",0
"ENSRNOG00000003992",0
"ENSRNOG00000060944",0
"ENSRNOG00000065856",3
"ENSRNOG00000011846",0
"ENSRNOG00000006148",3494
"ENSRNOG00000036683",107
"ENSRNOG00000069565",0
"ENSRNOG00000021316",3127
"ENSRNOG00000062714",700
"ENSRNOG00000060061",0
"ENSRNOG00000010291",410
"ENSRNOG00000003897",455882
"ENSRNOG00000061486",0
"ENSRNOG00000045926",0
"ENSRNOG00000018247",20
"ENSRNOG00000035503",0
"ENSRNOG00000007255",24
"ENSRNOG00000004956",177
"ENSRNOG00000032825",20434
"ENSRNOG00000063769",0
"ENSRNOG00000043295",702
"ENSRNOG00000051159",2
"ENSRNOG00000035459",0
"ENSRNOG00000063310",1
"ENSRNOG00000036697",848
"ENSRNOG00000035466",0
"ENSRNOG00000005821",1
"ENSRNOG00000010244",119
"ENSRNOG00000035476",0
"ENSRNOG00000004395",1962
"ENSRNOG00000014209",724
"ENSRNOG00000035633",0
"ENSRNOG00000068707",0
"ENSRNOG00000027787",16
"ENSRNOG00000032902",8298
"ENSRNOG00000036693",767
"ENSRNOG00000068960",0
"ENSRNOG00000056356",0
"ENSRNOG00000064065",0
"ENSRNOG00000005389",894
"ENSRNOG00000035535",0
"ENSRNOG00000014354",383
"ENSRNOG00000038478",20
"ENSRNOG00000020729",534
"ENSRNOG00000046587",0
"ENSRNOG00000011060",724
"ENSRNOG00000049361",36
"ENSRNOG00000035481",0
"ENSRNOG00000055773",0
"ENSRNOG00000004518",58
"ENSRNOG00000047135",0
"ENSRNOG00000036701",6800
"ENSRNOG00000035658",0
"ENSRNOG00000069128",0
"ENSRNOG00000064064",0
"ENSRNOG00000005024",512
"ENSRNOG00000008711",1176
"ENSRNOG00000035516",0
"ENSRNOG00000042869",999
"ENSRNOG00000035519",1
"ENSRNOG00000067979",4288
"ENSRNOG00000003243",440
"ENSRNOG00000003304",2
"ENSRNOG00000035480",8
"ENSRNOG00000070990",0
"ENSRNOG00000049542",0
"ENSRNOG00000036700",7
"ENSRNOG00000007301",1
"ENSRNOG00000003633",0
"ENSRNOG00000047814",0
"ENSRNOG00000003476",16
"ENSRNOG00000036672",0
"ENSRNOG00000064663",0
"ENSRNOG00000035537",0
"ENSRNOG00000003683",0
"ENSRNOG00000069468",0
"ENSRNOG00000011452",402
"ENSRNOG00000035539",0
"ENSRNOG00000017473",31
"ENSRNOG00000070746",0
"ENSRNOG00000004741",18130
"ENSRNOG00000043969",0
"ENSRNOG00000000244",120
"ENSRNOG00000069932",20
"ENSRNOG00000024591",10
"ENSRNOG00000065444",0
"ENSRNOG00000001512",0
"ENSRNOG00000049077",0
"ENSRNOG00000020769",422
"ENSRNOG00000050512",0
"ENSRNOG00000065345",1596
"ENSRNOG00000036692",18
"ENSRNOG00000033508",752
"ENSRNOG00000033492",0
"ENSRNOG00000035655",0
"ENSRNOG00000006375",716
"ENSRNOG00000071127",0
"ENSRNOG00000035586",0
"ENSRNOG00000050657",260
"ENSRNOG00000036258",0
"ENSRNOG00000036699",133
"ENSRNOG00000026714",0
"ENSRNOG00000004805",1
"ENSRNOG00000047763",0
"ENSRNOG00000009972",1972
"ENSRNOG00000002935",2152
"ENSRNOG00000026695",0
"ENSRNOG00000050490",59
"ENSRNOG00000035620",56
"ENSRNOG00000070328",116
"ENSRNOG00000067605",0
"ENSRNOG00000069117",343
"ENSRNOG00000002831",69
"ENSRNOG00000004616",5100
"ENSRNOG00000066919",48
"ENSRNOG00000047296",2410
"ENSRNOG00000008635",162
"ENSRNOG00000046598",3
"ENSRNOG00000027212",1
"ENSRNOG00000006500",138
"ENSRNOG00000003634",239
"ENSRNOG00000065739",654
"ENSRNOG00000023375",1628
"ENSRNOG00000003210",0
"ENSRNOG00000035638",0
"ENSRNOG00000068691",11
"ENSRNOG00000008707",0
"ENSRNOG00000050007",0
"ENSRNOG00000003338",7044
"ENSRNOG00000070061",2
"ENSRNOG00000035510",0
"ENSRNOG00000036661",79
"ENSRNOG00000035647",0
"ENSRNOG00000037712",0
"ENSRNOG00000035465",0
"ENSRNOG00000003269",1081
"ENSRNOG00000020792",22
"ENSRNOG00000046282",16
"ENSRNOG00000064074",6
"ENSRNOG00000036260",0
"ENSRNOG00000026548",0
"ENSRNOG00000047717",0
"ENSRNOG00000061193",0
"ENSRNOG00000002338",102
"ENSRNOG00000016596",3330
"ENSRNOG00000010031",3
"ENSRNOG00000005975",13
"ENSRNOG00000004093",1665
"ENSRNOG00000006519",676
"ENSRNOG00000064962",0
"ENSRNOG00000064206",0
"ENSRNOG00000006513",103
"ENSRNOG00000068272",0
"ENSRNOG00000007292",57
"ENSRNOG00000002807",4808
"ENSRNOG00000031315",2238
"ENSRNOG00000007159",59
"ENSRNOG00000006868",1132
"ENSRNOG00000002626",0
"ENSRNOG00000004075",1
"ENSRNOG00000006943",55
"ENSRNOG00000067946",0
"ENSRNOG00000019713",410
"ENSRNOG00000027006",334
"ENSRNOG00000066270",0
"ENSRNOG00000005828",3149
"ENSRNOG00000066312",0
"ENSRNOG00000068958",3
"ENSRNOG00000066700",0
"ENSRNOG00000019729",1625
"ENSRNOG00000036668",239
"ENSRNOG00000017781",1217
"ENSRNOG00000065934",0
"ENSRNOG00000003117",544
"ENSRNOG00000019798",436
"ENSRNOG00000005569",24
"ENSRNOG00000019898",0
"ENSRNOG00000062967",0
"ENSRNOG00000036667",153
"ENSRNOG00000005872",324
"ENSRNOG00000070741",0
"ENSRNOG00000019921",1
"ENSRNOG00000010302",44
"ENSRNOG00000024233",0
"ENSRNOG00000048660",101
"ENSRNOG00000005575",0
"ENSRNOG00000068508",0
"ENSRNOG00000008891",523
"ENSRNOG00000064827",0
"ENSRNOG00000015329",376
"ENSRNOG00000051302",0
"ENSRNOG00000022232",0
"ENSRNOG00000036666",650
"ENSRNOG00000070911",0
"ENSRNOG00000037613",1418
"ENSRNOG00000061008",0
"ENSRNOG00000008704",693
"ENSRNOG00000067583",0
"ENSRNOG00000002835",508
"ENSRNOG00000003245",0
"ENSRNOG00000003399",3197
"ENSRNOG00000067961",0
"ENSRNOG00000018095",659
"ENSRNOG00000061979",3
"ENSRNOG00000022582",255
"ENSRNOG00000008405",75
"ENSRNOG00000036658",821
"ENSRNOG00000034180",4369
"ENSRNOG00000006932",11
"ENSRNOG00000025370",3
"ENSRNOG00000068278",0
"ENSRNOG00000003969",16
"ENSRNOG00000050113",9
"ENSRNOG00000029115",4
"ENSRNOG00000005515",73
"ENSRNOG00000070367",0
"ENSRNOG00000019778",418
"ENSRNOG00000068243",27
"ENSRNOG00000016109",305
"ENSRNOG00000023182",245
"ENSRNOG00000030170",155
"ENSRNOG00000017001",484
"ENSRNOG00000030217",0
"ENSRNOG00000004563",3823
"ENSRNOG00000046482",0
"ENSRNOG00000037114",0
"ENSRNOG00000023381",48
"ENSRNOG00000062983",5
"ENSRNOG00000018364",1217
"ENSRNOG00000062464",0
"ENSRNOG00000067083",475
"ENSRNOG00000003800",3
"ENSRNOG00000031560",806
"ENSRNOG00000068230",0
"ENSRNOG00000020837",2
"ENSRNOG00000049724",170
"ENSRNOG00000006796",108
"ENSRNOG00000004820",991
"ENSRNOG00000029479",0
"ENSRNOG00000027511",114
"ENSRNOG00000021731",16
"ENSRNOG00000069860",0
"ENSRNOG00000016360",645
"ENSRNOG00000007578",125
"ENSRNOG00000020701",138
"ENSRNOG00000042912",76
"ENSRNOG00000023683",1
"ENSRNOG00000009066",1343
"ENSRNOG00000034060",0
"ENSRNOG00000007462",8832
"ENSRNOG00000036921",235
"ENSRNOG00000016478",1348
"ENSRNOG00000031579",5211
"ENSRNOG00000012240",2805
"ENSRNOG00000030491",1
"ENSRNOG00000056057",0
"ENSRNOG00000022375",55
"ENSRNOG00000036659",3
"ENSRNOG00000048187",65
"ENSRNOG00000017117",11
"ENSRNOG00000051691",0
"ENSRNOG00000067101",0
"ENSRNOG00000024041",2
"ENSRNOG00000020730",2726
"ENSRNOG00000042473",0
"ENSRNOG00000009329",897
"ENSRNOG00000045678",0
"ENSRNOG00000006565",0
"ENSRNOG00000049383",0
"ENSRNOG00000004430",136
"ENSRNOG00000060205",0
"ENSRNOG00000012544",0
"ENSRNOG00000017226",16
"ENSRNOG00000054186",0
"ENSRNOG00000012955",1
"ENSRNOG00000063373",68
"ENSRNOG00000052388",0
"ENSRNOG00000004132",3559
"ENSRNOG00000053283",0
"ENSRNOG00000007431",256
"ENSRNOG00000063772",0
"ENSRNOG00000006293",0
"ENSRNOG00000065269",0
"ENSRNOG00000036882",2
"ENSRNOG00000060847",0
"ENSRNOG00000022395",1068
"ENSRNOG00000003777",10
"ENSRNOG00000005392",0
"ENSRNOG00000061130",0
"ENSRNOG00000058172",0
"ENSRNOG00000027341",2
"ENSRNOG00000042847",3
"ENSRNOG00000034110",0
"ENSRNOG00000027139",2
"ENSRNOG00000064993",0
"ENSRNOG00000033065",771
"ENSRNOG00000042701",0
"ENSRNOG00000025959",5
"ENSRNOG00000002425",5
"ENSRNOG00000036662",1120
"ENSRNOG00000021536",200
"ENSRNOG00000014870",24
"ENSRNOG00000032329",0
"ENSRNOG00000036691",942
"ENSRNOG00000066223",22
"ENSRNOG00000003256",4373
"ENSRNOG00000036690",1
"ENSRNOG00000020894",2823
"ENSRNOG00000047026",0
"ENSRNOG00000004976",0
"ENSRNOG00000007624",0
"ENSRNOG00000062373",39
"ENSRNOG00000025338",649
"ENSRNOG00000007652",0
"ENSRNOG00000007739",1047
"ENSRNOG00000003349",0
"ENSRNOG00000066543",10
"ENSRNOG00000019183",0
"ENSRNOG00000007419",6669
"ENSRNOG00000071073",0
"ENSRNOG00000022555",41
"ENSRNOG00000036689",24797
"ENSRNOG00000012121",564
"ENSRNOG00000023551",9
"ENSRNOG00000070553",5
"ENSRNOG00000003714",312
"ENSRNOG00000036798",754
"ENSRNOG00000059894",234
"ENSRNOG00000046493",265
"ENSRNOG00000048125",1
"ENSRNOG00000011887",3990
"ENSRNOG00000053469",152
"ENSRNOG00000068705",0
"ENSRNOG00000014973",85
"ENSRNOG00000049162",7
"ENSRNOG00000011986",0
"ENSRNOG00000004278",0
"ENSRNOG00000052219",4374
"ENSRNOG00000046086",5
"ENSRNOG00000036796",0
"ENSRNOG00000066153",0
"ENSRNOG00000026786",0
"ENSRNOG00000013754",0
"ENSRNOG00000018829",4435
"ENSRNOG00000031805",0
"ENSRNOG00000003241",0
"ENSRNOG00000047656",5796
"ENSRNOG00000011777",149
"ENSRNOG00000047517",46
"ENSRNOG00000047933",263
"ENSRNOG00000020751",100
"ENSRNOG00000003781",1
"ENSRNOG00000010520",316
"ENSRNOG00000048712",179
"ENSRNOG00000049235",393
"ENSRNOG00000027037",3
"ENSRNOG00000021851",0
"ENSRNOG00000006494",48
"ENSRNOG00000007377",1510
"ENSRNOG00000007455",0
"ENSRNOG00000036696",1845
"ENSRNOG00000003645",1457
"ENSRNOG00000002948",341
"ENSRNOG00000003865",1
"ENSRNOG00000010756",4067
"ENSRNOG00000003802",339
"ENSRNOG00000063470",945
"ENSRNOG00000053448",3934
"ENSRNOG00000057443",2
"ENSRNOG00000047396",131
"ENSRNOG00000003822",439
"ENSRNOG00000036670",0
"ENSRNOG00000046946",0
"ENSRNOG00000050794",242
"ENSRNOG00000026596",0
"ENSRNOG00000003177",529
"ENSRNOG00000021310",2
"ENSRNOG00000018715",0
"ENSRNOG00000047531",290
"ENSRNOG00000008432",190
"ENSRNOG00000003870",365
"ENSRNOG00000018785",33
"ENSRNOG00000060087",274
"ENSRNOG00000069239",181
"ENSRNOG00000066879",0
"ENSRNOG00000036677",22
"ENSRNOG00000067425",35
"ENSRNOG00000070056",0
"ENSRNOG00000003893",39
"ENSRNOG00000046195",6
"ENSRNOG00000018748",25
"ENSRNOG00000036676",1441
"ENSRNOG00000003902",0
"ENSRNOG00000020238",247
"ENSRNOG00000003569",0
"ENSRNOG00000008144",466
"ENSRNOG00000037097",0
"ENSRNOG00000059956",0
"ENSRNOG00000003512",0
"ENSRNOG00000037100",1
"ENSRNOG00000046202",63
"ENSRNOG00000010970",1
"ENSRNOG00000003980",665
"ENSRNOG00000055466",1144
"ENSRNOG00000013588",2
"ENSRNOG00000021903",127
"ENSRNOG00000062661",58
"ENSRNOG00000020951",1
"ENSRNOG00000003086",318
"ENSRNOG00000003680",0
"ENSRNOG00000036674",1
"ENSRNOG00000006994",0
"ENSRNOG00000036664",362
"ENSRNOG00000004000",85
"ENSRNOG00000004380",0
"ENSRNOG00000004477",1167
"ENSRNOG00000012557",0
"ENSRNOG00000060914",691
"ENSRNOG00000036684",214
"ENSRNOG00000005539",305
"ENSRNOG00000004404",1
"ENSRNOG00000005538",2437
"ENSRNOG00000005450",300
"ENSRNOG00000043422",0
"ENSRNOG00000003899",4
"ENSRNOG00000006098",0
"ENSRNOG00000021345",0
"ENSRNOG00000067141",52
"ENSRNOG00000007515",351
"ENSRNOG00000003276",2750
"ENSRNOG00000064511",10
"ENSRNOG00000028845",523
"ENSRNOG00000029658",2299
"ENSRNOG00000042265",0
"ENSRNOG00000059683",520
"ENSRNOG00000002372",2
"ENSRNOG00000014370",0
"ENSRNOG00000013780",1242
"ENSRNOG00000020770",50
"ENSRNOG00000003524",3185
"ENSRNOG00000067540",0
"ENSRNOG00000003936",371
"ENSRNOG00000026371",0
"ENSRNOG00000070607",0
"ENSRNOG00000012575",2
"ENSRNOG00000038894",0
"ENSRNOG00000062939",0
"ENSRNOG00000048747",218
"ENSRNOG00000031443",0
"ENSRNOG00000027803",0
"ENSRNOG00000019496",569
"ENSRNOG00000006965",4909
"ENSRNOG00000005406",1393
"ENSRNOG00000024420",11
"ENSRNOG00000002470",113
"ENSRNOG00000007218",1
"ENSRNOG00000068579",0
"ENSRNOG00000045961",67
"ENSRNOG00000031138",343
"ENSRNOG00000020772",635
"ENSRNOG00000014107",2
"ENSRNOG00000032396",0
"ENSRNOG00000021425",0
"ENSRNOG00000004276",425
"ENSRNOG00000014125",2
"ENSRNOG00000065527",0
"ENSRNOG00000003699",95
"ENSRNOG00000022764",6
"ENSRNOG00000051084",0
"ENSRNOG00000070227",0
"ENSRNOG00000066744",0
"ENSRNOG00000002469",43
"ENSRNOG00000067505",0
"ENSRNOG00000065844",34
"ENSRNOG00000019742",4166
"ENSRNOG00000046186",66
"ENSRNOG00000004014",144
"ENSRNOG00000065754",0
"ENSRNOG00000010906",1
"ENSRNOG00000064581",0
"ENSRNOG00000058308",0
"ENSRNOG00000048210",0
"ENSRNOG00000036663",2008
"ENSRNOG00000068423",0
"ENSRNOG00000067203",1
"ENSRNOG00000046377",0
"ENSRNOG00000068274",1457
"ENSRNOG00000069777",0
"ENSRNOG00000069499",0
"ENSRNOG00000000236",4873
"ENSRNOG00000003724",264
"ENSRNOG00000020658",255
"ENSRNOG00000036671",2
"ENSRNOG00000028548",0
"ENSRNOG00000051756",466
"ENSRNOG00000050298",587
"ENSRNOG00000050347",157
"ENSRNOG00000064665",0
"ENSRNOG00000002778",204
"ENSRNOG00000023768",371
"ENSRNOG00000069495",1
"ENSRNOG00000020674",4041
"ENSRNOG00000063667",1
"ENSRNOG00000030021",0
"ENSRNOG00000046698",1614
"ENSRNOG00000068826",1310
"ENSRNOG00000022536",0
"ENSRNOG00000020678",287
"ENSRNOG00000011205",0
"ENSRNOG00000065390",4
"ENSRNOG00000047905",198
"ENSRNOG00000020684",3626
"ENSRNOG00000011406",0
"ENSRNOG00000020698",180
"ENSRNOG00000009709",2
"ENSRNOG00000036814",1728
"ENSRNOG00000065745",162
"ENSRNOG00000070851",11
"ENSRNOG00000037148",3
"ENSRNOG00000021044",1146
"ENSRNOG00000021412",671
"ENSRNOG00000033765",4817
"ENSRNOG00000014740",1
"ENSRNOG00000063847",246
"ENSRNOG00000014819",13
"ENSRNOG00000037113",235
"ENSRNOG00000003198",0
"ENSRNOG00000015380",4999
"ENSRNOG00000002916",0
"ENSRNOG00000065385",0
"ENSRNOG00000015787",1099
"ENSRNOG00000048053",10
"ENSRNOG00000057092",9
"ENSRNOG00000063541",0
"ENSRNOG00000015941",5679
"ENSRNOG00000030091",236
"ENSRNOG00000018568",3400
"ENSRNOG00000008191",33
"ENSRNOG00000032135",1
"ENSRNOG00000008313",88
"ENSRNOG00000021357",12
"ENSRNOG00000018790",1
"ENSRNOG00000021815",1335
"ENSRNOG00000016475",574
"ENSRNOG00000008365",109
"ENSRNOG00000008506",0
"ENSRNOG00000027901",207
"ENSRNOG00000016749",14
"ENSRNOG00000018892",0
"ENSRNOG00000018906",25
"ENSRNOG00000016921",491
"ENSRNOG00000007596",516
"ENSRNOG00000019075",565
"ENSRNOG00000056248",3897
"ENSRNOG00000029668",0
"ENSRNOG00000002497",0
"ENSRNOG00000066869",0
"ENSRNOG00000003285",52
"ENSRNOG00000027860",321
"ENSRNOG00000016924",2025
"ENSRNOG00000002598",8
"ENSRNOG00000027857",109
"ENSRNOG00000020879",0
"ENSRNOG00000002852",226
"ENSRNOG00000054581",179
"ENSRNOG00000063476",49
"ENSRNOG00000002753",2
"ENSRNOG00000021719",1000
"ENSRNOG00000049757",0
"ENSRNOG00000042025",3
"ENSRNOG00000047940",54
"ENSRNOG00000057390",0
"ENSRNOG00000053230",687
"ENSRNOG00000070672",0
"ENSRNOG00000002919",5
"ENSRNOG00000004549",1395
"ENSRNOG00000036794",0
"ENSRNOG00000005447",697
"ENSRNOG00000042833",157
"ENSRNOG00000066876",50
"ENSRNOG00000030445",544
"ENSRNOG00000003679",2715
"ENSRNOG00000057880",33
"ENSRNOG00000017496",1170
"ENSRNOG00000047546",3
"ENSRNOG00000003501",0
"ENSRNOG00000059997",42
"ENSRNOG00000068963",51
"ENSRNOG00000032381",714
"ENSRNOG00000008264",12
"ENSRNOG00000019830",22
"ENSRNOG00000008287",162
"ENSRNOG00000058007",1150
"ENSRNOG00000019918",238
"ENSRNOG00000003576",395
"ENSRNOG00000027654",1473
"ENSRNOG00000003164",0
"ENSRNOG00000019983",831
"ENSRNOG00000006198",81
"ENSRNOG00000067470",149
"ENSRNOG00000003151",689
"ENSRNOG00000025981",56
"ENSRNOG00000053309",233
"ENSRNOG00000028569",1
"ENSRNOG00000023698",14
"ENSRNOG00000020022",146
"ENSRNOG00000002542",745
"ENSRNOG00000020056",974
"ENSRNOG00000020213",335
"ENSRNOG00000030521",0
"ENSRNOG00000022305",742
"ENSRNOG00000007845",880
"ENSRNOG00000003805",547
"ENSRNOG00000003919",706
"ENSRNOG00000008310",0
"ENSRNOG00000003143",2
"ENSRNOG00000003329",246
"ENSRNOG00000009466",0
"ENSRNOG00000064754",2998
"ENSRNOG00000032482",12
"ENSRNOG00000061035",2
"ENSRNOG00000033655",0
"ENSRNOG00000002564",0
"ENSRNOG00000069050",0
"ENSRNOG00000064553",738
"ENSRNOG00000028883",159
"ENSRNOG00000067846",0
"ENSRNOG00000070173",0
"ENSRNOG00000049118",0
"ENSRNOG00000065501",0
"ENSRNOG00000068615",0
"ENSRNOG00000069687",0
"ENSRNOG00000047259",0
"ENSRNOG00000014727",148
"ENSRNOG00000065484",0
"ENSRNOG00000017586",1220
"ENSRNOG00000064619",457
"ENSRNOG00000029706",2
"ENSRNOG00000015303",0
"ENSRNOG00000071157",0
"ENSRNOG00000051163",0
"ENSRNOG00000063521",0
"ENSRNOG00000064611",8
"ENSRNOG00000069394",79
"ENSRNOG00000031313",1161
"ENSRNOG00000058024",1
"ENSRNOG00000003635",954
"ENSRNOG00000003515",2040
"ENSRNOG00000050163",29
"ENSRNOG00000003601",2
"ENSRNOG00000003468",0
"ENSRNOG00000008492",451
"ENSRNOG00000008425",3569
"ENSRNOG00000003629",518
"ENSRNOG00000064146",0
"ENSRNOG00000026400",3
"ENSRNOG00000003480",0
"ENSRNOG00000039568",0
"ENSRNOG00000060544",3568
"ENSRNOG00000003625",3294
"ENSRNOG00000056400",0
"ENSRNOG00000008937",1800
"ENSRNOG00000000053",0
"ENSRNOG00000028624",1954
"ENSRNOG00000005807",23
"ENSRNOG00000003717",1228
"ENSRNOG00000003884",2
"ENSRNOG00000005988",2269
"ENSRNOG00000064255",0
"ENSRNOG00000003723",3163
"ENSRNOG00000051548",1097
"ENSRNOG00000007369",3135
"ENSRNOG00000021586",10
"ENSRNOG00000003453",96
"ENSRNOG00000070301",0
"ENSRNOG00000070079",2
"ENSRNOG00000009144",1
"ENSRNOG00000025069",0
"ENSRNOG00000032490",0
"ENSRNOG00000006330",0
"ENSRNOG00000002414",8
"ENSRNOG00000069109",0
"ENSRNOG00000002595",0
"ENSRNOG00000009086",0
"ENSRNOG00000023209",1352
"ENSRNOG00000002319",1305
"ENSRNOG00000033734",766
"ENSRNOG00000062700",0
"ENSRNOG00000025701",1061
"ENSRNOG00000002841",8626
"ENSRNOG00000008054",54
"ENSRNOG00000006720",1637
"ENSRNOG00000007261",757
"ENSRNOG00000004678",0
"ENSRNOG00000059073",0
"ENSRNOG00000007040",446
"ENSRNOG00000003681",0
"ENSRNOG00000006237",4
"ENSRNOG00000022884",0
"ENSRNOG00000009068",1173
"ENSRNOG00000004099",6746
"ENSRNOG00000063881",0
"ENSRNOG00000042451",254
"ENSRNOG00000038286",0
"ENSRNOG00000003952",43
"ENSRNOG00000000055",0
"ENSRNOG00000002309",124
"ENSRNOG00000003403",686
"ENSRNOG00000003223",7131
"ENSRNOG00000002376",2672
"ENSRNOG00000010204",797
"ENSRNOG00000061764",0
"ENSRNOG00000003743",1590
"ENSRNOG00000034015",1994
"ENSRNOG00000062538",0
"ENSRNOG00000003211",370
"ENSRNOG00000067763",0
"ENSRNOG00000003614",132
"ENSRNOG00000068754",0
"ENSRNOG00000009073",0
"ENSRNOG00000009177",0
"ENSRNOG00000003979",195
"ENSRNOG00000049477",0
"ENSRNOG00000031934",1833
"ENSRNOG00000009141",0
"ENSRNOG00000004125",7
"ENSRNOG00000032352",0
"ENSRNOG00000003653",972
"ENSRNOG00000008736",65
"ENSRNOG00000004405",0
"ENSRNOG00000008741",1877
"ENSRNOG00000002440",442
"ENSRNOG00000023130",454
"ENSRNOG00000004441",0
"ENSRNOG00000003709",1
"ENSRNOG00000025948",7
"ENSRNOG00000004066",4
"ENSRNOG00000004003",457
"ENSRNOG00000058643",876
"ENSRNOG00000004470",0
"ENSRNOG00000002538",451
"ENSRNOG00000003237",1193
"ENSRNOG00000025571",5
"ENSRNOG00000064024",686
"ENSRNOG00000008668",5
"ENSRNOG00000046231",3
"ENSRNOG00000056781",0
"ENSRNOG00000003703",368
"ENSRNOG00000004737",2053
"ENSRNOG00000022387",0
"ENSRNOG00000002322",17
"ENSRNOG00000003866",0
"ENSRNOG00000025731",4667
"ENSRNOG00000004341",10
"ENSRNOG00000030059",0
"ENSRNOG00000002625",569
"ENSRNOG00000004062",0
"ENSRNOG00000066161",0
"ENSRNOG00000069658",0
"ENSRNOG00000026087",0
"ENSRNOG00000067369",77
"ENSRNOG00000025484",169
"ENSRNOG00000003878",0
"ENSRNOG00000003778",0
"ENSRNOG00000070618",0
"ENSRNOG00000060237",7
"ENSRNOG00000048522",0
"ENSRNOG00000056580",0
"ENSRNOG00000002393",10520
"ENSRNOG00000057116",1780
"ENSRNOG00000004633",1
"ENSRNOG00000046889",2479
"ENSRNOG00000056209",25
"ENSRNOG00000039754",127
"ENSRNOG00000025987",0
"ENSRNOG00000066050",0
"ENSRNOG00000045570",24
"ENSRNOG00000069163",0
"ENSRNOG00000006785",1340
"ENSRNOG00000046863",0
"ENSRNOG00000027702",1
"ENSRNOG00000003953",1503
"ENSRNOG00000003973",1293
"ENSRNOG00000010076",185
"ENSRNOG00000049766",0
"ENSRNOG00000037850",1509
"ENSRNOG00000037211",218
"ENSRNOG00000046996",3919
"ENSRNOG00000002450",107
"ENSRNOG00000002418",4962
"ENSRNOG00000047714",0
"ENSRNOG00000006930",158
"ENSRNOG00000046240",0
"ENSRNOG00000004393",0
"ENSRNOG00000025430",1
"ENSRNOG00000032378",11
"ENSRNOG00000002478",139
"ENSRNOG00000039745",0
"ENSRNOG00000002339",189
"ENSRNOG00000069330",0
"ENSRNOG00000004726",2701
"ENSRNOG00000046165",0
"ENSRNOG00000002514",536
"ENSRNOG00000060325",0
"ENSRNOG00000002397",0
"ENSRNOG00000008471",5666
"ENSRNOG00000003365",0
"ENSRNOG00000002627",1016
"ENSRNOG00000002549",72
"ENSRNOG00000002504",29
"ENSRNOG00000049303",0
"ENSRNOG00000065208",2
"ENSRNOG00000030481",0
"ENSRNOG00000065043",0
"ENSRNOG00000002512",912
"ENSRNOG00000004162",479
"ENSRNOG00000069878",0
"ENSRNOG00000003206",8071
"ENSRNOG00000064497",0
"ENSRNOG00000003486",0
"ENSRNOG00000052963",1359
"ENSRNOG00000003518",0
"ENSRNOG00000003521",0
"ENSRNOG00000058805",1681
"ENSRNOG00000021553",385
"ENSRNOG00000066569",0
"ENSRNOG00000057400",0
"ENSRNOG00000066401",1
"ENSRNOG00000029425",209
"ENSRNOG00000049471",1095
"ENSRNOG00000000653",0
"ENSRNOG00000059202",3600
"ENSRNOG00000003537",9
"ENSRNOG00000004756",1
"ENSRNOG00000017113",1631
"ENSRNOG00000068466",0
"ENSRNOG00000061139",140
"ENSRNOG00000064177",583
"ENSRNOG00000068839",0
"ENSRNOG00000003769",0
"ENSRNOG00000025704",176
"ENSRNOG00000003583",781
"ENSRNOG00000030374",149
"ENSRNOG00000022480",0
"ENSRNOG00000064078",0
"ENSRNOG00000042320",1631
"ENSRNOG00000021960",6
"ENSRNOG00000029514",4
"ENSRNOG00000010903",1
"ENSRNOG00000002353",2225
"ENSRNOG00000049641",369
"ENSRNOG00000000036",0
"ENSRNOG00000021984",9
"ENSRNOG00000006963",0
"ENSRNOG00000000657",2011
"ENSRNOG00000002368",1795
"ENSRNOG00000004870",23
"ENSRNOG00000059603",0
"ENSRNOG00000064502",0
"ENSRNOG00000056288",0
"ENSRNOG00000002378",262
"ENSRNOG00000051902",0
"ENSRNOG00000038083",3
"ENSRNOG00000063263",0
"ENSRNOG00000059556",1
"ENSRNOG00000068080",0
"ENSRNOG00000052318",0
"ENSRNOG00000004910",1124
"ENSRNOG00000061872",0
"ENSRNOG00000071135",0
"ENSRNOG00000011063",606
"ENSRNOG00000059085",0
"ENSRNOG00000052517",0
"ENSRNOG00000043201",125
"ENSRNOG00000067939",0
"ENSRNOG00000052399",0
"ENSRNOG00000057511",0
"ENSRNOG00000063797",0
"ENSRNOG00000002653",120
"ENSRNOG00000058901",0
"ENSRNOG00000052029",0
"ENSRNOG00000005342",343
"ENSRNOG00000053218",0
"ENSRNOG00000021411",3
"ENSRNOG00000054237",0
"ENSRNOG00000055999",1
"ENSRNOG00000043374",355
"ENSRNOG00000066200",2
"ENSRNOG00000032812",0
"ENSRNOG00000025100",418
"ENSRNOG00000052146",0
"ENSRNOG00000003185",640
"ENSRNOG00000060279",0
"ENSRNOG00000058188",0
"ENSRNOG00000012318",650
"ENSRNOG00000063090",0
"ENSRNOG00000053445",0
"ENSRNOG00000003738",0
"ENSRNOG00000053385",0
"ENSRNOG00000066304",216
"ENSRNOG00000060764",0
"ENSRNOG00000066591",433
"ENSRNOG00000061817",0
"ENSRNOG00000053634",0
"ENSRNOG00000052155",0
"ENSRNOG00000003388",680
"ENSRNOG00000051737",1
"ENSRNOG00000057562",0
"ENSRNOG00000071166",3
"ENSRNOG00000052065",0
"ENSRNOG00000003716",0
"ENSRNOG00000013312",4
"ENSRNOG00000054095",0
"ENSRNOG00000006733",2002
"ENSRNOG00000051971",0
"ENSRNOG00000046460",290
"ENSRNOG00000059607",0
"ENSRNOG00000033790",3885
"ENSRNOG00000042747",10
"ENSRNOG00000042286",46
"ENSRNOG00000002969",559
"ENSRNOG00000062712",0
"ENSRNOG00000002352",478
"ENSRNOG00000056533",0
"ENSRNOG00000003745",45
"ENSRNOG00000055163",1
"ENSRNOG00000007887",1376
"ENSRNOG00000058390",0
"ENSRNOG00000059242",0
"ENSRNOG00000064320",0
"ENSRNOG00000049633",620
"ENSRNOG00000052815",0
"ENSRNOG00000070331",3
"ENSRNOG00000060068",0
"ENSRNOG00000053413",0
"ENSRNOG00000003895",0
"ENSRNOG00000002369",50
"ENSRNOG00000058078",0
"ENSRNOG00000062770",0
"ENSRNOG00000002593",0
"ENSRNOG00000064784",0
"ENSRNOG00000003722",5
"ENSRNOG00000062926",0
"ENSRNOG00000052543",0
"ENSRNOG00000057985",0
"ENSRNOG00000024657",26
"ENSRNOG00000058929",0
"ENSRNOG00000004524",870
"ENSRNOG00000055652",0
"ENSRNOG00000002680",15348
"ENSRNOG00000004263",995
"ENSRNOG00000003698",4
"ENSRNOG00000054347",0
"ENSRNOG00000021575",0
"ENSRNOG00000027017",17
"ENSRNOG00000060649",0
"ENSRNOG00000043014",0
"ENSRNOG00000055990",0
"ENSRNOG00000052013",0
"ENSRNOG00000051244",0
"ENSRNOG00000059509",0
"ENSRNOG00000000040",394
"ENSRNOG00000055952",0
"ENSRNOG00000057278",0
"ENSRNOG00000040595",0
"ENSRNOG00000068884",0
"ENSRNOG00000066077",0
"ENSRNOG00000052604",0
"ENSRNOG00000000034",144
"ENSRNOG00000003407",1194
"ENSRNOG00000066057",0
"ENSRNOG00000057270",0
"ENSRNOG00000003283",263
"ENSRNOG00000060253",0
"ENSRNOG00000066867",0
"ENSRNOG00000066388",0
"ENSRNOG00000058970",1
"ENSRNOG00000067954",0
"ENSRNOG00000064773",0
"ENSRNOG00000000033",207
"ENSRNOG00000067097",0
"ENSRNOG00000004481",1423
"ENSRNOG00000061131",0
"ENSRNOG00000066327",0
"ENSRNOG00000062601",0
"ENSRNOG00000002979",41
"ENSRNOG00000054606",0
"ENSRNOG00000063411",0
"ENSRNOG00000067680",0
"ENSRNOG00000042901",0
"ENSRNOG00000056067",0
"ENSRNOG00000057029",0
"ENSRNOG00000000655",1
"ENSRNOG00000021298",810
"ENSRNOG00000052250",0
"ENSRNOG00000060734",0
"ENSRNOG00000062491",0
"ENSRNOG00000052133",0
"ENSRNOG00000047957",193
"ENSRNOG00000069199",0
"ENSRNOG00000036364",0
"ENSRNOG00000035534",3
"ENSRNOG00000003038",3349
"ENSRNOG00000035482",0
"ENSRNOG00000056537",19
"ENSRNOG00000035513",172
"ENSRNOG00000068231",0
"ENSRNOG00000009033",247
"ENSRNOG00000036265",0
"ENSRNOG00000042369",0
"ENSRNOG00000068017",0
"ENSRNOG00000035520",0
"ENSRNOG00000035509",6
"ENSRNOG00000046719",0
"ENSRNOG00000003767",532
"ENSRNOG00000049021",1
"ENSRNOG00000050256",0
"ENSRNOG00000035637",2
"ENSRNOG00000035590",6
"ENSRNOG00000035494",1
"ENSRNOG00000035621",0
"ENSRNOG00000050602",0
"ENSRNOG00000064688",0
"ENSRNOG00000003402",724
"ENSRNOG00000071038",2
"ENSRNOG00000048659",0
"ENSRNOG00000066245",0
"ENSRNOG00000050766",0
"ENSRNOG00000059406",130
"ENSRNOG00000060773",2205
"ENSRNOG00000029556",0
"ENSRNOG00000002936",0
"ENSRNOG00000002544",1880
"ENSRNOG00000003694",0
"ENSRNOG00000030715",0
"ENSRNOG00000003927",283
"ENSRNOG00000003841",0
"ENSRNOG00000066712",1117
"ENSRNOG00000027962",2103
"ENSRNOG00000046139",9
"ENSRNOG00000062084",649
"ENSRNOG00000025862",0
"ENSRNOG00000003925",186
"ENSRNOG00000004423",605
"ENSRNOG00000004402",1036
"ENSRNOG00000009691",0
"ENSRNOG00000070926",0
"ENSRNOG00000003833",1138
"ENSRNOG00000003048",878
"ENSRNOG00000003545",102
"ENSRNOG00000002937",2
"ENSRNOG00000003915",183
"ENSRNOG00000002723",0
"ENSRNOG00000070614",0
"ENSRNOG00000023541",2284
"ENSRNOG00000003120",9
"ENSRNOG00000003385",633
"ENSRNOG00000028368",1
"ENSRNOG00000000068",1001
"ENSRNOG00000002776",0
"ENSRNOG00000028353",149
"ENSRNOG00000003434",789
"ENSRNOG00000004789",631
"ENSRNOG00000003959",0
"ENSRNOG00000070119",13176
"ENSRNOG00000005558",100
"ENSRNOG00000003687",142
"ENSRNOG00000008137",113
"ENSRNOG00000003997",1
"ENSRNOG00000046445",1584
"ENSRNOG00000070924",0
"ENSRNOG00000065694",167
"ENSRNOG00000003084",725
"ENSRNOG00000028493",1675
"ENSRNOG00000010357",5
"ENSRNOG00000002794",0
"ENSRNOG00000007591",5
"ENSRNOG00000005861",458
"ENSRNOG00000003267",192
"ENSRNOG00000003031",831
"ENSRNOG00000002811",0
"ENSRNOG00000023304",57
"ENSRNOG00000003258",536
"ENSRNOG00000005565",0
"ENSRNOG00000042201",26
"ENSRNOG00000003251",8
"ENSRNOG00000056369",0
"ENSRNOG00000002775",349
"ENSRNOG00000006019",186
"ENSRNOG00000003888",0
"ENSRNOG00000003263",1
"ENSRNOG00000009696",590
"ENSRNOG00000005082",4
"ENSRNOG00000002517",0
"ENSRNOG00000003176",0
"ENSRNOG00000059863",0
"ENSRNOG00000003616",257
"ENSRNOG00000004749",364
"ENSRNOG00000012613",0
"ENSRNOG00000003550",409
"ENSRNOG00000003078",1233
"ENSRNOG00000004195",130
"ENSRNOG00000003247",772
"ENSRNOG00000029938",1123
"ENSRNOG00000069939",4
"ENSRNOG00000002525",184
"ENSRNOG00000024825",0
"ENSRNOG00000022724",1
"ENSRNOG00000007324",18
"ENSRNOG00000047481",0
"ENSRNOG00000003522",396
"ENSRNOG00000002454",2371
"ENSRNOG00000029418",28
"ENSRNOG00000066965",79
"ENSRNOG00000027254",1
"ENSRNOG00000034164",0
"ENSRNOG00000070092",1
"ENSRNOG00000014556",0
"ENSRNOG00000057855",1
"ENSRNOG00000067587",60
"ENSRNOG00000045558",1
"ENSRNOG00000064103",0
"ENSRNOG00000026952",0
"ENSRNOG00000002657",575
"ENSRNOG00000006470",12
"ENSRNOG00000004647",0
"ENSRNOG00000066325",0
"ENSRNOG00000003059",6
"ENSRNOG00000002879",315
"ENSRNOG00000067791",3
"ENSRNOG00000030743",0
"ENSRNOG00000066803",0
"ENSRNOG00000068617",30
"ENSRNOG00000052574",736
"ENSRNOG00000069070",1
"ENSRNOG00000065816",806
"ENSRNOG00000053423",0
"ENSRNOG00000063579",0
"ENSRNOG00000008193",1387
"ENSRNOG00000028072",0
"ENSRNOG00000002705",915
"ENSRNOG00000066606",31
"ENSRNOG00000063514",23
"ENSRNOG00000066646",0
"ENSRNOG00000004127",8601
"ENSRNOG00000011100",466
"ENSRNOG00000063519",7
"ENSRNOG00000071025",10
"ENSRNOG00000026940",0
"ENSRNOG00000003150",1489
"ENSRNOG00000069730",1
"ENSRNOG00000069894",0
"ENSRNOG00000049560",1370
"ENSRNOG00000062600",0
"ENSRNOG00000070913",0
"ENSRNOG00000071154",0
"ENSRNOG00000062937",0
"ENSRNOG00000053410",6
"ENSRNOG00000021289",805
"ENSRNOG00000066582",147
"ENSRNOG00000003649",1204
"ENSRNOG00000068173",3
"ENSRNOG00000063731",257
"ENSRNOG00000069041",0
"ENSRNOG00000069455",26
"ENSRNOG00000068898",0
"ENSRNOG00000028627",4947
"ENSRNOG00000068708",0
"ENSRNOG00000028752",29
"ENSRNOG00000014866",848
"ENSRNOG00000004487",59
"ENSRNOG00000065580",108
"ENSRNOG00000067609",0
"ENSRNOG00000004111",4403
"ENSRNOG00000064188",5
"ENSRNOG00000051261",0
"ENSRNOG00000004193",446
"ENSRNOG00000067038",346
"ENSRNOG00000003248",1099
"ENSRNOG00000070643",545
"ENSRNOG00000003795",1124
"ENSRNOG00000070187",0
"ENSRNOG00000063348",5
"ENSRNOG00000063307",0
"ENSRNOG00000003832",672
"ENSRNOG00000064946",0
"ENSRNOG00000004424",901
"ENSRNOG00000028250",0
"ENSRNOG00000006025",11
"ENSRNOG00000056222",1
"ENSRNOG00000002947",88
"ENSRNOG00000004181",234
"ENSRNOG00000003300",344
"ENSRNOG00000064045",0
"ENSRNOG00000032307",582
"ENSRNOG00000064281",85
"ENSRNOG00000064211",0
"ENSRNOG00000062956",0
"ENSRNOG00000066881",122
"ENSRNOG00000070450",69
"ENSRNOG00000070805",0
"ENSRNOG00000004537",20
"ENSRNOG00000070711",53
"ENSRNOG00000065529",0
"ENSRNOG00000003494",22
"ENSRNOG00000066834",0
"ENSRNOG00000064682",19
"ENSRNOG00000067316",19
"ENSRNOG00000066173",47
"ENSRNOG00000068951",2
"ENSRNOG00000002964",0
"ENSRNOG00000066046",14
"ENSRNOG00000015508",1076
"ENSRNOG00000062505",35
"ENSRNOG00000065995",13
"ENSRNOG00000004642",2
"ENSRNOG00000068336",0
"ENSRNOG00000062561",0
"ENSRNOG00000071040",1027
"ENSRNOG00000066307",45
"ENSRNOG00000003790",0
"ENSRNOG00000068572",0
"ENSRNOG00000002863",2
"ENSRNOG00000067571",2
"ENSRNOG00000056279",1
"ENSRNOG00000069844",6
"ENSRNOG00000068762",0
"ENSRNOG00000068613",127
"ENSRNOG00000003220",681
"ENSRNOG00000025119",0
"ENSRNOG00000064023",0
"ENSRNOG00000069845",0
"ENSRNOG00000064342",0
"ENSRNOG00000064809",0
"ENSRNOG00000002730",0
"ENSRNOG00000069637",1
"ENSRNOG00000051440",835
"ENSRNOG00000021497",1001
"ENSRNOG00000064615",0
"ENSRNOG00000004356",0
"ENSRNOG00000071027",0
"ENSRNOG00000066845",0
"ENSRNOG00000069472",0
"ENSRNOG00000056214",0
"ENSRNOG00000003310",838
"ENSRNOG00000002602",0
"ENSRNOG00000003917",625
"ENSRNOG00000071122",22
"ENSRNOG00000002640",2
"ENSRNOG00000068257",5
"ENSRNOG00000002695",249
"ENSRNOG00000059225",11
"ENSRNOG00000003183",16694
"ENSRNOG00000015615",0
"ENSRNOG00000068751",76
"ENSRNOG00000066769",0
"ENSRNOG00000063055",1
"ENSRNOG00000002710",541
"ENSRNOG00000071159",0
"ENSRNOG00000070387",0
"ENSRNOG00000053272",0
"ENSRNOG00000003816",543
"ENSRNOG00000055995",0
"ENSRNOG00000003562",0
"ENSRNOG00000065753",51
"ENSRNOG00000051166",70
"ENSRNOG00000003336",0
"ENSRNOG00000002583",0
"ENSRNOG00000066143",0
"ENSRNOG00000032058",2055
"ENSRNOG00000067955",0
"ENSRNOG00000065784",8
"ENSRNOG00000003442",0
"ENSRNOG00000022067",185
"ENSRNOG00000003018",1975
"ENSRNOG00000028016",17
"ENSRNOG00000070620",0
"ENSRNOG00000002882",526
"ENSRNOG00000005093",4
"ENSRNOG00000071066",22
"ENSRNOG00000070089",0
"ENSRNOG00000002881",7920
"ENSRNOG00000066098",0
"ENSRNOG00000000066",711
"ENSRNOG00000028194",0
"ENSRNOG00000002403",15957
"ENSRNOG00000067674",2
"ENSRNOG00000054449",0
"ENSRNOG00000067693",357
"ENSRNOG00000067442",0
"ENSRNOG00000002907",496
"ENSRNOG00000051373",0
"ENSRNOG00000066175",138
"ENSRNOG00000053016",0
"ENSRNOG00000067488",3
"ENSRNOG00000059684",0
"ENSRNOG00000060375",0
"ENSRNOG00000052863",0
"ENSRNOG00000053352",0
"ENSRNOG00000063883",0
"ENSRNOG00000022174",2
"ENSRNOG00000002781",1134
"ENSRNOG00000063003",0
"ENSRNOG00000002773",5
"ENSRNOG00000056434",0
"ENSRNOG00000052403",0
"ENSRNOG00000064602",38
"ENSRNOG00000057771",0
"ENSRNOG00000061551",0
"ENSRNOG00000052252",1
"ENSRNOG00000059630",0
"ENSRNOG00000047287",1389
"ENSRNOG00000032258",274
"ENSRNOG00000070195",0
"ENSRNOG00000059797",0
"ENSRNOG00000064093",0
"ENSRNOG00000054895",0
"ENSRNOG00000002926",119
"ENSRNOG00000005038",149
"ENSRNOG00000002580",1047
"ENSRNOG00000002941",190
"ENSRNOG00000066913",0
"ENSRNOG00000003594",1627
"ENSRNOG00000002417",0
"ENSRNOG00000002618",1556
"ENSRNOG00000007418",5188
"ENSRNOG00000069420",13
"ENSRNOG00000002821",959
"ENSRNOG00000067862",1
"ENSRNOG00000024632",2963
"ENSRNOG00000004143",3129
"ENSRNOG00000014859",1
"ENSRNOG00000002347",912
"ENSRNOG00000034221",13
"ENSRNOG00000003163",4256
"ENSRNOG00000064462",0
"ENSRNOG00000002667",32
"ENSRNOG00000003740",0
"ENSRNOG00000028089",1
"ENSRNOG00000030515",0
"ENSRNOG00000038921",1
"ENSRNOG00000028062",2783
"ENSRNOG00000065155",1
"ENSRNOG00000028358",1515
"ENSRNOG00000025151",25
"ENSRNOG00000002691",4
"ENSRNOG00000002735",1420
"ENSRNOG00000004018",2
"ENSRNOG00000002396",67
"ENSRNOG00000002460",1
"ENSRNOG00000003595",9
"ENSRNOG00000064561",0
"ENSRNOG00000028236",629
"ENSRNOG00000063241",0
"ENSRNOG00000005277",9
"ENSRNOG00000064510",33
"ENSRNOG00000029841",0
"ENSRNOG00000002473",749
"ENSRNOG00000003882",1388
"ENSRNOG00000002555",3
"ENSRNOG00000070646",0
"ENSRNOG00000067956",1034
"ENSRNOG00000069572",9
"ENSRNOG00000029868",1
"ENSRNOG00000027593",155
"ENSRNOG00000033391",0
"ENSRNOG00000068309",0
"ENSRNOG00000028207",31
"ENSRNOG00000030278",263
"ENSRNOG00000025964",16
"ENSRNOG00000008603",0
"ENSRNOG00000053210",5065
"ENSRNOG00000003171",0
"ENSRNOG00000068606",0
"ENSRNOG00000066166",6
"ENSRNOG00000038205",0
"ENSRNOG00000031569",0
"ENSRNOG00000002394",3155
"ENSRNOG00000033515",22
"ENSRNOG00000063714",0
"ENSRNOG00000046786",0
"ENSRNOG00000004305",254
"ENSRNOG00000048614",0
"ENSRNOG00000042995",1
"ENSRNOG00000002826",145
"ENSRNOG00000029859",2093
"ENSRNOG00000029459",98
"ENSRNOG00000059957",42
"ENSRNOG00000063975",213
"ENSRNOG00000027697",153
"ENSRNOG00000007735",674
"ENSRNOG00000050941",0
"ENSRNOG00000004029",0
"ENSRNOG00000022063",0
"ENSRNOG00000022329",0
"ENSRNOG00000031864",3635
"ENSRNOG00000028939",4663
"ENSRNOG00000002385",6
"ENSRNOG00000038076",0
"ENSRNOG00000038347",984
"ENSRNOG00000027024",4
"ENSRNOG00000022717",0
"ENSRNOG00000003706",1634
"ENSRNOG00000005177",103
"ENSRNOG00000042929",318
"ENSRNOG00000004307",346
"ENSRNOG00000004337",1218
"ENSRNOG00000002972",14
"ENSRNOG00000064104",0
"ENSRNOG00000034300",2
"ENSRNOG00000003500",1
"ENSRNOG00000005229",790
"ENSRNOG00000058500",0
"ENSRNOG00000003135",0
"ENSRNOG00000003928",2051
"ENSRNOG00000005667",0
"ENSRNOG00000004027",3552
"ENSRNOG00000002750",1313
"ENSRNOG00000002548",40
"ENSRNOG00000004245",237
"ENSRNOG00000068856",246
"ENSRNOG00000004414",119
"ENSRNOG00000057677",45
"ENSRNOG00000002711",171
"ENSRNOG00000004917",2053
"ENSRNOG00000066932",256
"ENSRNOG00000003779",3
"ENSRNOG00000003881",81
"ENSRNOG00000000042",1120
"ENSRNOG00000004022",154
"ENSRNOG00000042860",5
"ENSRNOG00000003260",236
"ENSRNOG00000026797",2
"ENSRNOG00000002468",1
"ENSRNOG00000022104",0
"ENSRNOG00000025005",0
"ENSRNOG00000003209",229
"ENSRNOG00000002736",566
"ENSRNOG00000003398",113
"ENSRNOG00000023547",5
"ENSRNOG00000003100",289
"ENSRNOG00000053229",3
"ENSRNOG00000003298",10
"ENSRNOG00000055673",53
"ENSRNOG00000002890",5
"ENSRNOG00000002501",0
"ENSRNOG00000022144",419
"ENSRNOG00000029371",0
"ENSRNOG00000038786",0
"ENSRNOG00000003581",169
"ENSRNOG00000031098",1
"ENSRNOG00000069659",38
"ENSRNOG00000050463",39
"ENSRNOG00000069305",0
"ENSRNOG00000029410",716
"ENSRNOG00000028513",312
"ENSRNOG00000003946",2272
"ENSRNOG00000025794",1
"ENSRNOG00000063790",1
"ENSRNOG00000064271",36
"ENSRNOG00000063128",22
"ENSRNOG00000068226",0
"ENSRNOG00000062858",64
"ENSRNOG00000062982",26
"ENSRNOG00000024159",13
"ENSRNOG00000064014",0
"ENSRNOG00000064648",0
"ENSRNOG00000062361",50
"ENSRNOG00000048267",2156
"ENSRNOG00000070804",10
"ENSRNOG00000071020",4
"ENSRNOG00000065024",3
"ENSRNOG00000066782",1
"ENSRNOG00000024849",957
"ENSRNOG00000038372",2
"ENSRNOG00000002875",857
"ENSRNOG00000026917",1084
"ENSRNOG00000003567",466
"ENSRNOG00000004030",0
"ENSRNOG00000003538",77
"ENSRNOG00000003551",744
"ENSRNOG00000051405",17
"ENSRNOG00000007604",143
"ENSRNOG00000002968",0
"ENSRNOG00000007645",38
"ENSRNOG00000068444",14
"ENSRNOG00000004736",168
"ENSRNOG00000005166",0
"ENSRNOG00000004712",79
"ENSRNOG00000002569",523
"ENSRNOG00000002572",1118
"ENSRNOG00000046663",96
"ENSRNOG00000002978",10
"ENSRNOG00000003071",370
"ENSRNOG00000003221",3
"ENSRNOG00000003136",0
"ENSRNOG00000038789",206
"ENSRNOG00000066215",0
"ENSRNOG00000046452",1
"ENSRNOG00000026497",1515
"ENSRNOG00000026523",2
"ENSRNOG00000024382",0
"ENSRNOG00000058710",338
"ENSRNOG00000049422",48
"ENSRNOG00000008045",0
"ENSRNOG00000031540",6397
"ENSRNOG00000026490",689
"ENSRNOG00000004255",8
"ENSRNOG00000004192",7
"ENSRNOG00000065645",44
"ENSRNOG00000066585",9052
"ENSRNOG00000003042",198
"ENSRNOG00000025415",0
"ENSRNOG00000026607",16
"ENSRNOG00000007290",89
"ENSRNOG00000070334",0
"ENSRNOG00000025189",122
"ENSRNOG00000003720",4962
"ENSRNOG00000002783",157
"ENSRNOG00000026907",1178
"ENSRNOG00000002813",0
"ENSRNOG00000049537",438
"ENSRNOG00000004889",106
"ENSRNOG00000042492",1533
"ENSRNOG00000005592",0
"ENSRNOG00000005355",3535
"ENSRNOG00000069839",1
"ENSRNOG00000003861",394
"ENSRNOG00000034191",0
"ENSRNOG00000003510",36
"ENSRNOG00000049851",0
"ENSRNOG00000068743",2651
"ENSRNOG00000006247",9789
"ENSRNOG00000022143",45
"ENSRNOG00000003400",166
"ENSRNOG00000008301",9782
"ENSRNOG00000003291",77
"ENSRNOG00000026542",850
"ENSRNOG00000002860",152
"ENSRNOG00000003620",3
"ENSRNOG00000003073",101
"ENSRNOG00000002839",366
"ENSRNOG00000038499",0
"ENSRNOG00000025318",538
"ENSRNOG00000002884",434
"ENSRNOG00000059276",194
"ENSRNOG00000002898",962
"ENSRNOG00000002934",485
"ENSRNOG00000004140",92
"ENSRNOG00000003592",458
"ENSRNOG00000001967",0
"ENSRNOG00000003666",14
"ENSRNOG00000001957",0
"ENSRNOG00000003672",0
"ENSRNOG00000039331",0
"ENSRNOG00000003840",1536
"ENSRNOG00000003718",0
"ENSRNOG00000003776",0
"ENSRNOG00000055596",0
"ENSRNOG00000054677",0
"ENSRNOG00000001960",0
"ENSRNOG00000051190",835
"ENSRNOG00000001980",0
"ENSRNOG00000003205",412
"ENSRNOG00000070682",0
"ENSRNOG00000065137",0
"ENSRNOG00000001996",817
"ENSRNOG00000004473",0
"ENSRNOG00000069670",0
"ENSRNOG00000042588",0
"ENSRNOG00000067137",9
"ENSRNOG00000005094",0
"ENSRNOG00000002002",0
"ENSRNOG00000046540",0
"ENSRNOG00000064466",0
"ENSRNOG00000002005",0
"ENSRNOG00000005043",218
"ENSRNOG00000029964",0
"ENSRNOG00000055991",0
"ENSRNOG00000064759",0
"ENSRNOG00000001973",0
"ENSRNOG00000001990",0
"ENSRNOG00000062781",0
"ENSRNOG00000042714",0
"ENSRNOG00000022255",1
"ENSRNOG00000050437",580
"ENSRNOG00000033910",0
"ENSRNOG00000002011",0
"ENSRNOG00000021931",889
"ENSRNOG00000029064",184
"ENSRNOG00000003174",729
"ENSRNOG00000002014",0
"ENSRNOG00000068319",0
"ENSRNOG00000033207",8
"ENSRNOG00000003064",32
"ENSRNOG00000021776",245
"ENSRNOG00000046764",0
"ENSRNOG00000005261",726
"ENSRNOG00000004279",1886
"ENSRNOG00000002024",0
"ENSRNOG00000017074",1374
"ENSRNOG00000069695",0
"ENSRNOG00000069801",0
"ENSRNOG00000001912",0
"ENSRNOG00000003098",3
"ENSRNOG00000030149",5
"ENSRNOG00000003069",625
"ENSRNOG00000051169",1
"ENSRNOG00000028534",202
"ENSRNOG00000003095",1
"ENSRNOG00000027195",0
"ENSRNOG00000028423",0
"ENSRNOG00000060782",13
"ENSRNOG00000005700",2
"ENSRNOG00000024689",14
"ENSRNOG00000002216",735
"ENSRNOG00000006139",465
"ENSRNOG00000002139",15
"ENSRNOG00000002050",17036
"ENSRNOG00000024779",2339
"ENSRNOG00000005302",13
"ENSRNOG00000002055",333
"ENSRNOG00000028108",3
"ENSRNOG00000002137",246
"ENSRNOG00000002085",29
"ENSRNOG00000068566",118
"ENSRNOG00000029628",0
"ENSRNOG00000005108",852
"ENSRNOG00000066503",0
"ENSRNOG00000068895",1
"ENSRNOG00000061477",0
"ENSRNOG00000066390",0
"ENSRNOG00000061119",0
"ENSRNOG00000056048",0
"ENSRNOG00000057383",0
"ENSRNOG00000068537",10
"ENSRNOG00000064279",0
"ENSRNOG00000065016",0
"ENSRNOG00000059848",0
"ENSRNOG00000058481",0
"ENSRNOG00000053821",0
"ENSRNOG00000068477",1
"ENSRNOG00000069435",0
"ENSRNOG00000002100",2074
"ENSRNOG00000056287",13
"ENSRNOG00000070240",0
"ENSRNOG00000057388",0
"ENSRNOG00000067871",0
"ENSRNOG00000067348",0
"ENSRNOG00000062656",0
"ENSRNOG00000055205",0
"ENSRNOG00000052544",0
"ENSRNOG00000054232",0
"ENSRNOG00000059715",1148
"ENSRNOG00000066435",0
"ENSRNOG00000068598",0
"ENSRNOG00000067623",0
"ENSRNOG00000070782",0
"ENSRNOG00000070282",0
"ENSRNOG00000068746",0
"ENSRNOG00000059932",0
"ENSRNOG00000005346",328
"ENSRNOG00000061566",0
"ENSRNOG00000055347",0
"ENSRNOG00000002101",881
"ENSRNOG00000055338",0
"ENSRNOG00000028498",2050
"ENSRNOG00000057361",0
"ENSRNOG00000067418",0
"ENSRNOG00000064187",0
"ENSRNOG00000069994",0
"ENSRNOG00000064908",0
"ENSRNOG00000068182",0
"ENSRNOG00000066690",0
"ENSRNOG00000058302",0
"ENSRNOG00000060890",0
"ENSRNOG00000059646",0
"ENSRNOG00000061258",0
"ENSRNOG00000066081",0
"ENSRNOG00000067453",0
"ENSRNOG00000005374",74
"ENSRNOG00000061332",0
"ENSRNOG00000057027",2
"ENSRNOG00000002128",548
"ENSRNOG00000051736",0
"ENSRNOG00000061029",0
"ENSRNOG00000065331",0
"ENSRNOG00000051998",0
"ENSRNOG00000052335",3
"ENSRNOG00000053119",0
"ENSRNOG00000060673",1
"ENSRNOG00000052658",0
"ENSRNOG00000056124",0
"ENSRNOG00000064599",0
"ENSRNOG00000062593",0
"ENSRNOG00000050100",0
"ENSRNOG00000068214",0
"ENSRNOG00000005633",77
"ENSRNOG00000070730",0
"ENSRNOG00000058679",0
"ENSRNOG00000002266",0
"ENSRNOG00000054969",0
"ENSRNOG00000068435",0
"ENSRNOG00000063428",0
"ENSRNOG00000055511",0
"ENSRNOG00000064802",1
"ENSRNOG00000048183",0
"ENSRNOG00000051435",0
"ENSRNOG00000036371",0
"ENSRNOG00000062913",0
"ENSRNOG00000035514",0
"ENSRNOG00000058492",0
"ENSRNOG00000035518",0
"ENSRNOG00000002153",114
"ENSRNOG00000059094",0
"ENSRNOG00000049999",0
"ENSRNOG00000068284",0
"ENSRNOG00000066772",0
"ENSRNOG00000059490",0
"ENSRNOG00000035486",0
"ENSRNOG00000056158",0
"ENSRNOG00000049481",0
"ENSRNOG00000058202",17
"ENSRNOG00000059213",0
"ENSRNOG00000061069",0
"ENSRNOG00000055559",0
"ENSRNOG00000065374",0
"ENSRNOG00000057962",0
"ENSRNOG00000059816",0
"ENSRNOG00000056966",0
"ENSRNOG00000060186",0
"ENSRNOG00000064005",0
"ENSRNOG00000068557",0
"ENSRNOG00000051642",0
"ENSRNOG00000061848",0
"ENSRNOG00000058945",0
"ENSRNOG00000064029",0
"ENSRNOG00000055752",0
"ENSRNOG00000070648",0
"ENSRNOG00000065069",0
"ENSRNOG00000054518",0
"ENSRNOG00000002144",727
"ENSRNOG00000031397",3
"ENSRNOG00000051641",0
"ENSRNOG00000054885",0
"ENSRNOG00000055902",1
"ENSRNOG00000060757",0
"ENSRNOG00000006575",13
"ENSRNOG00000055341",0
"ENSRNOG00000054570",0
"ENSRNOG00000068488",0
"ENSRNOG00000027326",549
"ENSRNOG00000068972",0
"ENSRNOG00000060039",0
"ENSRNOG00000067087",0
"ENSRNOG00000066135",0
"ENSRNOG00000066820",0
"ENSRNOG00000056117",0
"ENSRNOG00000006593",688
"ENSRNOG00000071000",0
"ENSRNOG00000002267",340
"ENSRNOG00000066661",0
"ENSRNOG00000060891",0
"ENSRNOG00000068463",0
"ENSRNOG00000068267",0
"ENSRNOG00000062625",0
"ENSRNOG00000002164",4
"ENSRNOG00000066752",0
"ENSRNOG00000007993",11
"ENSRNOG00000065384",0
"ENSRNOG00000058212",0
"ENSRNOG00000055664",0
"ENSRNOG00000065887",0
"ENSRNOG00000058706",0
"ENSRNOG00000060346",0
"ENSRNOG00000002169",0
"ENSRNOG00000052432",0
"ENSRNOG00000068144",0
"ENSRNOG00000055710",0
"ENSRNOG00000070791",0
"ENSRNOG00000055442",4
"ENSRNOG00000058433",0
"ENSRNOG00000070023",0
"ENSRNOG00000002175",997
"ENSRNOG00000069714",0
"ENSRNOG00000060665",2983
"ENSRNOG00000067980",0
"ENSRNOG00000061314",0
"ENSRNOG00000068811",0
"ENSRNOG00000059747",0
"ENSRNOG00000051515",2
"ENSRNOG00000052548",0
"ENSRNOG00000056459",0
"ENSRNOG00000057537",3
"ENSRNOG00000064750",3
"ENSRNOG00000057816",0
"ENSRNOG00000058788",0
"ENSRNOG00000057444",1
"ENSRNOG00000056382",0
"ENSRNOG00000060691",1
"ENSRNOG00000052288",0
"ENSRNOG00000002199",738
"ENSRNOG00000008947",27
"ENSRNOG00000046829",0
"ENSRNOG00000002097",268
"ENSRNOG00000026585",36
"ENSRNOG00000002120",16
"ENSRNOG00000026828",164
"ENSRNOG00000007882",0
"ENSRNOG00000063288",0
"ENSRNOG00000002106",692
"ENSRNOG00000002074",898
"ENSRNOG00000002135",989
"ENSRNOG00000002152",586
"ENSRNOG00000002227",1
"ENSRNOG00000038891",0
"ENSRNOG00000003134",113
"ENSRNOG00000002272",730
"ENSRNOG00000009154",0
"ENSRNOG00000002174",0
"ENSRNOG00000002275",548
"ENSRNOG00000002224",5
"ENSRNOG00000006400",1832
"ENSRNOG00000029734",0
"ENSRNOG00000025670",0
"ENSRNOG00000042041",0
"ENSRNOG00000004112",7
"ENSRNOG00000002278",603
"ENSRNOG00000023372",0
"ENSRNOG00000023342",0
"ENSRNOG00000024945",2526
"ENSRNOG00000022419",1
"ENSRNOG00000004168",108
"ENSRNOG00000002248",1600
"ENSRNOG00000005122",172
"ENSRNOG00000003392",1919
"ENSRNOG00000009572",2
"ENSRNOG00000005428",2250
"ENSRNOG00000023578",0
"ENSRNOG00000001951",0
"ENSRNOG00000070341",1
"ENSRNOG00000001949",0
"ENSRNOG00000067037",1
"ENSRNOG00000055684",0
"ENSRNOG00000004778",0
"ENSRNOG00000030568",210
"ENSRNOG00000027801",0
"ENSRNOG00000002911",1
"ENSRNOG00000037621",0
"ENSRNOG00000006033",233
"ENSRNOG00000067409",5
"ENSRNOG00000002254",1720
"ENSRNOG00000062451",0
"ENSRNOG00000002866",4
"ENSRNOG00000012534",731
"ENSRNOG00000046611",0
"ENSRNOG00000007349",461
"ENSRNOG00000067632",2817
"ENSRNOG00000009642",2401
"ENSRNOG00000064340",58
"ENSRNOG00000070153",0
"ENSRNOG00000070621",0
"ENSRNOG00000063159",2
"ENSRNOG00000066629",0
"ENSRNOG00000058588",1520
"ENSRNOG00000066030",12
"ENSRNOG00000070858",1
"ENSRNOG00000068765",1
"ENSRNOG00000070779",4
"ENSRNOG00000067494",0
"ENSRNOG00000025695",4646
"ENSRNOG00000007564",427
"ENSRNOG00000009881",2
"ENSRNOG00000066912",0
"ENSRNOG00000002196",537
"ENSRNOG00000007002",44
"ENSRNOG00000063895",0
"ENSRNOG00000070894",27
"ENSRNOG00000071035",108
"ENSRNOG00000070700",0
"ENSRNOG00000068701",159
"ENSRNOG00000065150",0
"ENSRNOG00000018709",637
"ENSRNOG00000057919",0
"ENSRNOG00000051571",0
"ENSRNOG00000002345",0
"ENSRNOG00000063814",0
"ENSRNOG00000003428",205
"ENSRNOG00000003553",1
"ENSRNOG00000065078",0
"ENSRNOG00000064361",42
"ENSRNOG00000070345",0
"ENSRNOG00000066289",0
"ENSRNOG00000065188",33
"ENSRNOG00000018859",329
"ENSRNOG00000067415",0
"ENSRNOG00000068335",3
"ENSRNOG00000002205",2656
"ENSRNOG00000065610",1
"ENSRNOG00000069616",0
"ENSRNOG00000066490",0
"ENSRNOG00000063894",1
"ENSRNOG00000065451",0
"ENSRNOG00000066221",0
"ENSRNOG00000062972",1
"ENSRNOG00000059479",3
"ENSRNOG00000019000",359
"ENSRNOG00000067014",0
"ENSRNOG00000069045",0
"ENSRNOG00000066877",153
"ENSRNOG00000068052",0
"ENSRNOG00000063179",0
"ENSRNOG00000034200",0
"ENSRNOG00000065960",322
"ENSRNOG00000069188",6
"ENSRNOG00000068536",2
"ENSRNOG00000066736",0
"ENSRNOG00000011073",1485
"ENSRNOG00000054706",0
"ENSRNOG00000068730",0
"ENSRNOG00000002057",27
"ENSRNOG00000067807",27
"ENSRNOG00000005141",615
"ENSRNOG00000064290",0
"ENSRNOG00000067991",6
"ENSRNOG00000068868",4
"ENSRNOG00000063529",2579
"ENSRNOG00000064981",0
"ENSRNOG00000068969",21
"ENSRNOG00000062706",150
"ENSRNOG00000008374",415
"ENSRNOG00000065386",1
"ENSRNOG00000002178",199
"ENSRNOG00000004290",9820
"ENSRNOG00000054053",0
"ENSRNOG00000067297",1
"ENSRNOG00000064050",0
"ENSRNOG00000000065",0
"ENSRNOG00000063198",3
"ENSRNOG00000062990",6
"ENSRNOG00000070093",6
"ENSRNOG00000004972",56
"ENSRNOG00000025925",16
"ENSRNOG00000068460",254
"ENSRNOG00000002165",119
"ENSRNOG00000069582",0
"ENSRNOG00000065832",19
"ENSRNOG00000018319",596
"ENSRNOG00000000035",0
"ENSRNOG00000064766",3
"ENSRNOG00000071196",1
"ENSRNOG00000054857",0
"ENSRNOG00000063710",0
"ENSRNOG00000070797",2
"ENSRNOG00000002181",267
"ENSRNOG00000004444",0
"ENSRNOG00000069051",1
"ENSRNOG00000065282",26
"ENSRNOG00000067460",0
"ENSRNOG00000000070",1474
"ENSRNOG00000070125",0
"ENSRNOG00000043210",1331
"ENSRNOG00000066365",19
"ENSRNOG00000062603",4
"ENSRNOG00000063408",1
"ENSRNOG00000000043",2127
"ENSRNOG00000063433",0
"ENSRNOG00000002129",544
"ENSRNOG00000068177",0
"ENSRNOG00000004090",3554
"ENSRNOG00000070162",2
"ENSRNOG00000027088",878
"ENSRNOG00000064219",6
"ENSRNOG00000068528",28
"ENSRNOG00000067267",27
"ENSRNOG00000005203",518
"ENSRNOG00000070904",52
"ENSRNOG00000002244",1880
"ENSRNOG00000065907",0
"ENSRNOG00000059010",1
"ENSRNOG00000023026",5
"ENSRNOG00000000041",66
"ENSRNOG00000063994",0
"ENSRNOG00000002754",3
"ENSRNOG00000063209",0
"ENSRNOG00000049527",517
"ENSRNOG00000067899",0
"ENSRNOG00000056561",0
"ENSRNOG00000024112",342
"ENSRNOG00000002154",1
"ENSRNOG00000018412",91
"ENSRNOG00000066377",4706
"ENSRNOG00000064574",0
"ENSRNOG00000005214",0
"ENSRNOG00000004781",5
"ENSRNOG00000063094",0
"ENSRNOG00000068298",18
"ENSRNOG00000056621",0
"ENSRNOG00000062871",149
"ENSRNOG00000002541",2502
"ENSRNOG00000002217",1
"ENSRNOG00000000044",837
"ENSRNOG00000066233",0
"ENSRNOG00000025882",52
"ENSRNOG00000022229",496
"ENSRNOG00000050047",0
"ENSRNOG00000063110",6
"ENSRNOG00000005326",4
"ENSRNOG00000002540",36
"ENSRNOG00000069738",0
"ENSRNOG00000026091",12
"ENSRNOG00000066418",0
"ENSRNOG00000002262",407
"ENSRNOG00000067919",0
"ENSRNOG00000065665",0
"ENSRNOG00000069726",0
"ENSRNOG00000057953",0
"ENSRNOG00000002271",2410
"ENSRNOG00000049351",0
"ENSRNOG00000062676",0
"ENSRNOG00000065688",0
"ENSRNOG00000040210",0
"ENSRNOG00000002270",1509
"ENSRNOG00000064666",0
"ENSRNOG00000026150",0
"ENSRNOG00000004332",654
"ENSRNOG00000064628",0
"ENSRNOG00000043130",0
"ENSRNOG00000002320",306
"ENSRNOG00000065647",0
"ENSRNOG00000063974",107
"ENSRNOG00000063375",0
"ENSRNOG00000013039",4638
"ENSRNOG00000022857",68
"ENSRNOG00000002360",0
"ENSRNOG00000026504",1824
"ENSRNOG00000068878",0
"ENSRNOG00000066747",29
"ENSRNOG00000067111",0
"ENSRNOG00000002292",607
"ENSRNOG00000067042",0
"ENSRNOG00000066624",17
"ENSRNOG00000013805",95
"ENSRNOG00000002039",879
"ENSRNOG00000069393",0
"ENSRNOG00000030258",0
"ENSRNOG00000004865",11
"ENSRNOG00000062754",0
"ENSRNOG00000018475",950
"ENSRNOG00000067406",0
"ENSRNOG00000063444",0
"ENSRNOG00000002302",2
"ENSRNOG00000013832",1659
"ENSRNOG00000063702",3
"ENSRNOG00000059285",0
"ENSRNOG00000065321",0
"ENSRNOG00000046931",0
"ENSRNOG00000063004",1
"ENSRNOG00000002251",6247
"ENSRNOG00000056604",6
"ENSRNOG00000068590",0
"ENSRNOG00000071149",0
"ENSRNOG00000060641",0
"ENSRNOG00000065680",0
"ENSRNOG00000068623",10
"ENSRNOG00000063388",6
"ENSRNOG00000067003",0
"ENSRNOG00000002318",132
"ENSRNOG00000067972",0
"ENSRNOG00000013930",4549
"ENSRNOG00000018590",819
"ENSRNOG00000006185",73
"ENSRNOG00000063585",0
"ENSRNOG00000024207",215
"ENSRNOG00000069538",0
"ENSRNOG00000058434",5
"ENSRNOG00000055083",0
"ENSRNOG00000002312",427
"ENSRNOG00000037162",1011
"ENSRNOG00000023533",176
"ENSRNOG00000004281",1007
"ENSRNOG00000037421",52
"ENSRNOG00000055471",2034
"ENSRNOG00000002349",0
"ENSRNOG00000056162",4941
"ENSRNOG00000023529",7749
"ENSRNOG00000002121",802
"ENSRNOG00000002843",2
"ENSRNOG00000009313",1921
"ENSRNOG00000001950",0
"ENSRNOG00000005105",0
"ENSRNOG00000002035",186
"ENSRNOG00000023430",0
"ENSRNOG00000037632",0
"ENSRNOG00000029397",0
"ENSRNOG00000002889",0
"ENSRNOG00000017259",350
"ENSRNOG00000002031",0
"ENSRNOG00000024545",53
"ENSRNOG00000010996",1061
"ENSRNOG00000002040",843
"ENSRNOG00000005393",2165
"ENSRNOG00000002117",0
"ENSRNOG00000017548",253
"ENSRNOG00000063749",0
"ENSRNOG00000018144",280
"ENSRNOG00000000073",120
"ENSRNOG00000017329",527
"ENSRNOG00000002301",2630
"ENSRNOG00000002381",76
"ENSRNOG00000002246",627
"ENSRNOG00000007025",416
"ENSRNOG00000002093",1215
"ENSRNOG00000004327",1
"ENSRNOG00000001942",0
"ENSRNOG00000000075",186
"ENSRNOG00000066731",0
"ENSRNOG00000063633",0
"ENSRNOG00000016818",819
"ENSRNOG00000002327",0
"ENSRNOG00000001945",0
"ENSRNOG00000065981",0
"ENSRNOG00000002336",2
"ENSRNOG00000003606",80
"ENSRNOG00000066636",0
"ENSRNOG00000030665",0
"ENSRNOG00000068764",0
"ENSRNOG00000002070",67
"ENSRNOG00000042340",791
"ENSRNOG00000002163",3122
"ENSRNOG00000063582",0
"ENSRNOG00000062941",0
"ENSRNOG00000005464",1384
"ENSRNOG00000024829",1110
"ENSRNOG00000068757",7
"ENSRNOG00000063124",0
"ENSRNOG00000004888",599
"ENSRNOG00000002932",940
"ENSRNOG00000065993",0
"ENSRNOG00000013747",253
"ENSRNOG00000002105",37
"ENSRNOG00000056900",0
"ENSRNOG00000029461",38
"ENSRNOG00000033214",0
"ENSRNOG00000031052",2763
"ENSRNOG00000032160",706
"ENSRNOG00000065000",485
"ENSRNOG00000043048",0
"ENSRNOG00000002161",110
"ENSRNOG00000004606",1867
"ENSRNOG00000027791",1041
"ENSRNOG00000016427",1711
"ENSRNOG00000000081",2429
"ENSRNOG00000067114",3
"ENSRNOG00000002167",2
"ENSRNOG00000067336",0
"ENSRNOG00000063351",38
"ENSRNOG00000038722",7
"ENSRNOG00000064182",0
"ENSRNOG00000053017",0
"ENSRNOG00000055911",632
"ENSRNOG00000002158",0
"ENSRNOG00000025121",0
"ENSRNOG00000067138",0
"ENSRNOG00000048944",0
"ENSRNOG00000004959",2607
"ENSRNOG00000026046",1
"ENSRNOG00000005077",130
"ENSRNOG00000019361",5
"ENSRNOG00000029107",76
"ENSRNOG00000062595",453
"ENSRNOG00000002855",509
"ENSRNOG00000051648",0
"ENSRNOG00000064268",2
"ENSRNOG00000023299",2
"ENSRNOG00000038427",0
"ENSRNOG00000033640",0
"ENSRNOG00000070133",200
"ENSRNOG00000005338",0
"ENSRNOG00000069654",1
"ENSRNOG00000009299",0
"ENSRNOG00000062938",2
"ENSRNOG00000008182",1183
"ENSRNOG00000002177",42
"ENSRNOG00000030162",4
"ENSRNOG00000054224",194
"ENSRNOG00000004998",0
"ENSRNOG00000063344",0
"ENSRNOG00000006845",0
"ENSRNOG00000045749",57
"ENSRNOG00000064262",0
"ENSRNOG00000004992",2372
"ENSRNOG00000008474",630
"ENSRNOG00000069265",121
"ENSRNOG00000007033",7
"ENSRNOG00000002207",493
"ENSRNOG00000061438",0
"ENSRNOG00000058513",0
"ENSRNOG00000047761",500
"ENSRNOG00000061615",1
"ENSRNOG00000065022",4
"ENSRNOG00000008898",103
"ENSRNOG00000029052",1229
"ENSRNOG00000042277",0
"ENSRNOG00000033686",122
"ENSRNOG00000004640",21
"ENSRNOG00000033346",161
"ENSRNOG00000027623",485
"ENSRNOG00000071093",271
"ENSRNOG00000052764",93
"ENSRNOG00000028222",0
"ENSRNOG00000004672",98
"ENSRNOG00000002191",2
"ENSRNOG00000015033",1500
"ENSRNOG00000004940",226
"ENSRNOG00000027282",731
"ENSRNOG00000015474",1545
"ENSRNOG00000005147",51
"ENSRNOG00000069481",186
"ENSRNOG00000006329",175
"ENSRNOG00000059061",1702
"ENSRNOG00000005218",1387
"ENSRNOG00000026518",0
"ENSRNOG00000038140",390
"ENSRNOG00000008103",2580
"ENSRNOG00000002146",2390
"ENSRNOG00000007849",112
"ENSRNOG00000002142",67
"ENSRNOG00000034289",0
"ENSRNOG00000050982",0
"ENSRNOG00000070225",0
"ENSRNOG00000064135",23
"ENSRNOG00000033575",0
"ENSRNOG00000031928",0
"ENSRNOG00000067394",0
"ENSRNOG00000066410",0
"ENSRNOG00000054331",113
"ENSRNOG00000069005",74
"ENSRNOG00000053303",7
"ENSRNOG00000057703",4
"ENSRNOG00000062367",1
"ENSRNOG00000002225",2040
"ENSRNOG00000071057",0
"ENSRNOG00000065081",150
"ENSRNOG00000006394",199
"ENSRNOG00000002200",153
"ENSRNOG00000058316",170
"ENSRNOG00000006740",1088
"ENSRNOG00000064883",0
"ENSRNOG00000002061",1278
"ENSRNOG00000005248",2250
"ENSRNOG00000002202",0
"ENSRNOG00000002247",260
"ENSRNOG00000019325",1576
"ENSRNOG00000059624",137
"ENSRNOG00000003599",143
"ENSRNOG00000063484",306
"ENSRNOG00000051135",0
"ENSRNOG00000048891",1194
"ENSRNOG00000002180",1040
"ENSRNOG00000008917",652
"ENSRNOG00000019624",1665
"ENSRNOG00000024390",1
"ENSRNOG00000011847",87
"ENSRNOG00000002042",0
"ENSRNOG00000002075",819
"ENSRNOG00000010706",101
"ENSRNOG00000039989",162
"ENSRNOG00000009040",707
"ENSRNOG00000064381",276
"ENSRNOG00000002408",0
"ENSRNOG00000008951",0
"ENSRNOG00000005411",718
"ENSRNOG00000033251",15
"ENSRNOG00000065003",237
"ENSRNOG00000050580",0
"ENSRNOG00000019645",1
"ENSRNOG00000012147",533
"ENSRNOG00000015093",15
"ENSRNOG00000054437",85
"ENSRNOG00000061121",3652
"ENSRNOG00000027152",1705
"ENSRNOG00000065408",2
"ENSRNOG00000002134",1
"ENSRNOG00000005524",635
"ENSRNOG00000068954",0
"ENSRNOG00000002484",0
"ENSRNOG00000005982",169
"ENSRNOG00000070747",263
"ENSRNOG00000061231",903
"ENSRNOG00000009437",2595
"ENSRNOG00000066766",6
"ENSRNOG00000002073",7
"ENSRNOG00000054669",422
"ENSRNOG00000067007",927
"ENSRNOG00000070530",0
"ENSRNOG00000027032",199
"ENSRNOG00000008421",543
"ENSRNOG00000062465",0
"ENSRNOG00000069246",214
"ENSRNOG00000009281",435
"ENSRNOG00000002212",17
"ENSRNOG00000049446",7
"ENSRNOG00000019451",2371
"ENSRNOG00000009267",154
"ENSRNOG00000022631",0
"ENSRNOG00000000064",665
"ENSRNOG00000051929",0
"ENSRNOG00000064533",0
"ENSRNOG00000026134",191
"ENSRNOG00000007120",1340
"ENSRNOG00000002214",50
"ENSRNOG00000002089",736
"ENSRNOG00000024899",14
"ENSRNOG00000002343",249
"ENSRNOG00000002004",87
"ENSRNOG00000070774",0
"ENSRNOG00000009639",359
"ENSRNOG00000002771",10
"ENSRNOG00000002643",812
"ENSRNOG00000066604",0
"ENSRNOG00000022242",0
"ENSRNOG00000007125",328
"ENSRNOG00000002759",215
"ENSRNOG00000062477",0
"ENSRNOG00000059582",2
"ENSRNOG00000005113",0
"ENSRNOG00000026716",91
"ENSRNOG00000058724",250
"ENSRNOG00000008079",1016
"ENSRNOG00000002834",2
"ENSRNOG00000068418",17
"ENSRNOG00000002546",917
"ENSRNOG00000067728",0
"ENSRNOG00000017775",0
"ENSRNOG00000002192",183
"ENSRNOG00000062888",0
"ENSRNOG00000010298",2648
"ENSRNOG00000062749",0
"ENSRNOG00000051837",1
"ENSRNOG00000069779",0
"ENSRNOG00000065159",6
"ENSRNOG00000009935",2165
"ENSRNOG00000064890",147
"ENSRNOG00000008456",1501
"ENSRNOG00000002433",1310
"ENSRNOG00000002232",1952
"ENSRNOG00000056826",2
"ENSRNOG00000004515",921
"ENSRNOG00000002506",231
"ENSRNOG00000004555",1
"ENSRNOG00000064777",10
"ENSRNOG00000002194",390
"ENSRNOG00000063717",1403
"ENSRNOG00000002829",0
"ENSRNOG00000005397",2710
"ENSRNOG00000063361",0
"ENSRNOG00000049782",277
"ENSRNOG00000060245",0
"ENSRNOG00000014874",27
"ENSRNOG00000051889",4032
"ENSRNOG00000002579",4048
"ENSRNOG00000049270",1
"ENSRNOG00000002956",618
"ENSRNOG00000012184",253
"ENSRNOG00000002782",0
"ENSRNOG00000049828",101
"ENSRNOG00000067305",207
"ENSRNOG00000069417",23
"ENSRNOG00000067702",0
"ENSRNOG00000002159",46
"ENSRNOG00000003003",495
"ENSRNOG00000008716",1
"ENSRNOG00000002188",39
"ENSRNOG00000021347",78
"ENSRNOG00000070232",0
"ENSRNOG00000002168",0
"ENSRNOG00000056767",0
"ENSRNOG00000002792",1
"ENSRNOG00000025494",5
"ENSRNOG00000071170",208
"ENSRNOG00000002802",54
"ENSRNOG00000065472",8
"ENSRNOG00000030988",499
"ENSRNOG00000002185",351
"ENSRNOG00000002273",56
"ENSRNOG00000000062",835
"ENSRNOG00000043124",0
"ENSRNOG00000069799",325
"ENSRNOG00000028043",0
"ENSRNOG00000070238",2
"ENSRNOG00000023937",41
"ENSRNOG00000054896",367
"ENSRNOG00000004280",5226
"ENSRNOG00000002149",1
"ENSRNOG00000028015",0
"ENSRNOG00000054151",230
"ENSRNOG00000004626",0
"ENSRNOG00000002112",584
"ENSRNOG00000009220",232
"ENSRNOG00000049955",0
"ENSRNOG00000052142",198
"ENSRNOG00000051590",0
"ENSRNOG00000002053",987
"ENSRNOG00000066359",0
"ENSRNOG00000013647",344
"ENSRNOG00000046327",2006
"ENSRNOG00000055372",21
"ENSRNOG00000007049",0
"ENSRNOG00000002079",0
"ENSRNOG00000004932",0
"ENSRNOG00000005130",2052
"ENSRNOG00000023650",1941
"ENSRNOG00000064097",9
"ENSRNOG00000006261",314
"ENSRNOG00000013720",1867
"ENSRNOG00000063828",267
"ENSRNOG00000027249",184
"ENSRNOG00000058991",0
"ENSRNOG00000002182",8411
"ENSRNOG00000014098",299
"ENSRNOG00000012367",0
"ENSRNOG00000007864",157
"ENSRNOG00000066201",0
"ENSRNOG00000037865",0
"ENSRNOG00000024634",2
"ENSRNOG00000068459",15
"ENSRNOG00000011979",876
"ENSRNOG00000004057",1095
"ENSRNOG00000055015",0
"ENSRNOG00000056944",163
"ENSRNOG00000004145",23
"ENSRNOG00000024454",66
"ENSRNOG00000002186",91
"ENSRNOG00000004161",103
"ENSRNOG00000002210",2186
"ENSRNOG00000002203",315
"ENSRNOG00000051487",342
"ENSRNOG00000009240",772
"ENSRNOG00000004426",294
"ENSRNOG00000064588",2
"ENSRNOG00000014409",1
"ENSRNOG00000004456",5
"ENSRNOG00000004130",492
"ENSRNOG00000002878",1
"ENSRNOG00000061527",0
"ENSRNOG00000003374",0
"ENSRNOG00000023484",437
"ENSRNOG00000029004",0
"ENSRNOG00000068270",0
"ENSRNOG00000002125",4241
"ENSRNOG00000049244",181
"ENSRNOG00000042419",143
"ENSRNOG00000005016",588
"ENSRNOG00000002204",5
"ENSRNOG00000003844",3452
"ENSRNOG00000006356",2
"ENSRNOG00000002054",235
"ENSRNOG00000003600",404
"ENSRNOG00000003289",745
"ENSRNOG00000008786",1322
"ENSRNOG00000047876",2
"ENSRNOG00000003712",711
"ENSRNOG00000023446",43
"ENSRNOG00000002218",42
"ENSRNOG00000003901",313
"ENSRNOG00000003787",267
"ENSRNOG00000055849",2
"ENSRNOG00000002208",67
"ENSRNOG00000060825",512
"ENSRNOG00000005434",4590
"ENSRNOG00000023389",0
"ENSRNOG00000038572",170
"ENSRNOG00000002361",0
"ENSRNOG00000066757",7523
"ENSRNOG00000069412",266
"ENSRNOG00000053875",25
"ENSRNOG00000003704",11
"ENSRNOG00000064595",0
"ENSRNOG00000032471",352
"ENSRNOG00000064100",15
"ENSRNOG00000002045",188
"ENSRNOG00000014785",2335
"ENSRNOG00000022176",19
"ENSRNOG00000043451",9498
"ENSRNOG00000007283",1034
"ENSRNOG00000053766",3
"ENSRNOG00000070799",202
"ENSRNOG00000058474",829
"ENSRNOG00000032350",3
"ENSRNOG00000064123",0
"ENSRNOG00000062922",0
"ENSRNOG00000012378",598
"ENSRNOG00000068086",11
"ENSRNOG00000063032",0
"ENSRNOG00000013532",64
"ENSRNOG00000004621",3137
"ENSRNOG00000002258",9
"ENSRNOG00000003924",154
"ENSRNOG00000059140",0
"ENSRNOG00000002256",1
"ENSRNOG00000003253",369
"ENSRNOG00000052477",414
"ENSRNOG00000067585",2
"ENSRNOG00000003869",6490
"ENSRNOG00000063380",0
"ENSRNOG00000037462",47
"ENSRNOG00000022298",0
"ENSRNOG00000025923",661
"ENSRNOG00000022256",7
"ENSRNOG00000003052",484
"ENSRNOG00000027864",1156
"ENSRNOG00000052275",103
"ENSRNOG00000060340",3944
"ENSRNOG00000068472",0
"ENSRNOG00000000048",1458
"ENSRNOG00000007948",1488
"ENSRNOG00000065699",469
"ENSRNOG00000056148",1525
"ENSRNOG00000062321",0
"ENSRNOG00000049076",0
"ENSRNOG00000025645",0
"ENSRNOG00000002940",2687
"ENSRNOG00000058780",0
"ENSRNOG00000061910",1
"ENSRNOG00000067374",24
"ENSRNOG00000065388",1
"ENSRNOG00000062895",0
"ENSRNOG00000070590",0
"ENSRNOG00000069782",78
"ENSRNOG00000052061",0
"ENSRNOG00000004670",476
"ENSRNOG00000034011",0
"ENSRNOG00000003067",0
"ENSRNOG00000004440",11
"ENSRNOG00000002728",18
"ENSRNOG00000039548",0
"ENSRNOG00000039504",71
"ENSRNOG00000003296",255
"ENSRNOG00000063211",0
"ENSRNOG00000052080",8
"ENSRNOG00000039326",0
"ENSRNOG00000027463",35
"ENSRNOG00000065084",1
"ENSRNOG00000003119",1
"ENSRNOG00000005180",0
"ENSRNOG00000062649",0
"ENSRNOG00000064480",623
"ENSRNOG00000031307",0
"ENSRNOG00000065866",1
"ENSRNOG00000070218",0
"ENSRNOG00000050229",0
"ENSRNOG00000011704",284
"ENSRNOG00000009291",0
"ENSRNOG00000013353",795
"ENSRNOG00000018023",682
"ENSRNOG00000018295",637
"ENSRNOG00000008351",67
"ENSRNOG00000062766",0
"ENSRNOG00000070556",0
"ENSRNOG00000008543",533
"ENSRNOG00000062372",0
"ENSRNOG00000045711",0
"ENSRNOG00000065063",0
"ENSRNOG00000008829",1658
"ENSRNOG00000013804",950
"ENSRNOG00000011039",0
"ENSRNOG00000014148",729
"ENSRNOG00000009745",515
"ENSRNOG00000010178",594
"ENSRNOG00000015495",154
"ENSRNOG00000011167",99
"ENSRNOG00000010935",0
"ENSRNOG00000011237",557
"ENSRNOG00000031849",5
"ENSRNOG00000017170",74
"ENSRNOG00000011873",151
"ENSRNOG00000010645",336
"ENSRNOG00000047413",9
"ENSRNOG00000064161",0
"ENSRNOG00000010063",82
"ENSRNOG00000067178",0
"ENSRNOG00000070834",0
"ENSRNOG00000070976",11
"ENSRNOG00000012491",0
"ENSRNOG00000014982",0
"ENSRNOG00000067796",0
"ENSRNOG00000064001",0
"ENSRNOG00000000155",616
"ENSRNOG00000066061",0
"ENSRNOG00000012255",669
"ENSRNOG00000012515",0
"ENSRNOG00000067438",0
"ENSRNOG00000033642",0
"ENSRNOG00000001052",373
"ENSRNOG00000014192",266
"ENSRNOG00000066232",0
"ENSRNOG00000065899",0
"ENSRNOG00000016271",14531
"ENSRNOG00000069012",0
"ENSRNOG00000047419",0
"ENSRNOG00000015054",412
"ENSRNOG00000032368",0
"ENSRNOG00000012545",0
"ENSRNOG00000012526",0
"ENSRNOG00000008739",0
"ENSRNOG00000016029",634
"ENSRNOG00000030687",0
"ENSRNOG00000029613",0
"ENSRNOG00000008804",0
"ENSRNOG00000065218",0
"ENSRNOG00000039487",1
"ENSRNOG00000063079",0
"ENSRNOG00000025615",2
"ENSRNOG00000015577",293
"ENSRNOG00000054022",7
"ENSRNOG00000062920",0
"ENSRNOG00000030110",0
"ENSRNOG00000025562",0
"ENSRNOG00000066425",0
"ENSRNOG00000039500",0
"ENSRNOG00000062984",0
"ENSRNOG00000069587",0
"ENSRNOG00000064358",0
"ENSRNOG00000008800",0
"ENSRNOG00000063204",0
"ENSRNOG00000067511",0
"ENSRNOG00000069251",0
"ENSRNOG00000042103",0
"ENSRNOG00000014478",2045
"ENSRNOG00000039060",0
"ENSRNOG00000070633",0
"ENSRNOG00000020382",0
"ENSRNOG00000068095",0
"ENSRNOG00000063996",0
"ENSRNOG00000008850",251
"ENSRNOG00000057750",82
"ENSRNOG00000021843",1
"ENSRNOG00000067714",24
"ENSRNOG00000048585",58
"ENSRNOG00000058011",3683
"ENSRNOG00000025239",7
"ENSRNOG00000031532",695
"ENSRNOG00000013433",2
"ENSRNOG00000022760",9
"ENSRNOG00000008892",512
"ENSRNOG00000029077",106
"ENSRNOG00000021823",4
"ENSRNOG00000050996",2
"ENSRNOG00000011657",33
"ENSRNOG00000070802",1
"ENSRNOG00000026056",0
"ENSRNOG00000064764",234
"ENSRNOG00000038291",0
"ENSRNOG00000049650",0
"ENSRNOG00000029516",0
"ENSRNOG00000038122",0
"ENSRNOG00000030871",195
"ENSRNOG00000009333",287
"ENSRNOG00000045597",0
"ENSRNOG00000029520",18
"ENSRNOG00000038074",8133
"ENSRNOG00000062952",0
"ENSRNOG00000009663",1282
"ENSRNOG00000038041",2
"ENSRNOG00000022492",7
"ENSRNOG00000001030",6970
"ENSRNOG00000009521",0
"ENSRNOG00000009948",683
"ENSRNOG00000065791",0
"ENSRNOG00000031960",455
"ENSRNOG00000063983",0
"ENSRNOG00000064722",0
"ENSRNOG00000064971",0
"ENSRNOG00000055266",0
"ENSRNOG00000067582",0
"ENSRNOG00000029824",1
"ENSRNOG00000068404",0
"ENSRNOG00000063454",1
"ENSRNOG00000010261",1
"ENSRNOG00000070732",7
"ENSRNOG00000042612",0
"ENSRNOG00000068233",0
"ENSRNOG00000068357",0
"ENSRNOG00000070440",6
"ENSRNOG00000025868",1
"ENSRNOG00000033030",881
"ENSRNOG00000031251",0
"ENSRNOG00000009982",925
"ENSRNOG00000029267",362
"ENSRNOG00000051066",0
"ENSRNOG00000009063",391
"ENSRNOG00000063800",834
"ENSRNOG00000065956",0
"ENSRNOG00000066653",3
"ENSRNOG00000070072",706
"ENSRNOG00000062868",1
"ENSRNOG00000065038",1
"ENSRNOG00000062313",10
"ENSRNOG00000043061",7
"ENSRNOG00000062503",11541
"ENSRNOG00000068647",415
"ENSRNOG00000059922",1
"ENSRNOG00000009471",1
"ENSRNOG00000051706",1750
"ENSRNOG00000068903",2
"ENSRNOG00000063033",9
"ENSRNOG00000067118",0
"ENSRNOG00000068308",0
"ENSRNOG00000062863",0
"ENSRNOG00000013236",265
"ENSRNOG00000009512",1775
"ENSRNOG00000010375",2
"ENSRNOG00000013287",596
"ENSRNOG00000025625",0
"ENSRNOG00000064609",128
"ENSRNOG00000025597",0
"ENSRNOG00000063584",0
"ENSRNOG00000065141",0
"ENSRNOG00000009412",285
"ENSRNOG00000069584",0
"ENSRNOG00000032133",0
"ENSRNOG00000070444",0
"ENSRNOG00000063957",0
"ENSRNOG00000064658",0
"ENSRNOG00000042960",291
"ENSRNOG00000071047",0
"ENSRNOG00000021943",0
"ENSRNOG00000001049",15230
"ENSRNOG00000029316",88
"ENSRNOG00000047106",124
"ENSRNOG00000009987",1801
"ENSRNOG00000022094",191
"ENSRNOG00000042404",18
"ENSRNOG00000047817",127
"ENSRNOG00000067430",5
"ENSRNOG00000010065",231
"ENSRNOG00000042253",524
"ENSRNOG00000013280",0
"ENSRNOG00000008970",0
"ENSRNOG00000024061",33
"ENSRNOG00000038228",61
"ENSRNOG00000068464",0
"ENSRNOG00000006751",1273
"ENSRNOG00000069429",0
"ENSRNOG00000062969",0
"ENSRNOG00000048927",530
"ENSRNOG00000007246",480
"ENSRNOG00000033366",0
"ENSRNOG00000045632",0
"ENSRNOG00000001037",276
"ENSRNOG00000064703",0
"ENSRNOG00000059044",0
"ENSRNOG00000001033",546
"ENSRNOG00000048795",2451
"ENSRNOG00000010389",246
"ENSRNOG00000064095",0
"ENSRNOG00000071004",0
"ENSRNOG00000031061",1636
"ENSRNOG00000064846",0
"ENSRNOG00000013306",11
"ENSRNOG00000062797",0
"ENSRNOG00000049976",0
"ENSRNOG00000062484",0
"ENSRNOG00000066180",0
"ENSRNOG00000045863",601
"ENSRNOG00000007701",680
"ENSRNOG00000062724",0
"ENSRNOG00000025473",1
"ENSRNOG00000039432",0
"ENSRNOG00000051907",0
"ENSRNOG00000069768",0
"ENSRNOG00000025512",214
"ENSRNOG00000064134",0
"ENSRNOG00000067574",0
"ENSRNOG00000053145",1276
"ENSRNOG00000061293",0
"ENSRNOG00000025640",0
"ENSRNOG00000066274",0
"ENSRNOG00000009075",125
"ENSRNOG00000056892",0
"ENSRNOG00000064043",0
"ENSRNOG00000027633",0
"ENSRNOG00000031304",0
"ENSRNOG00000021831",3
"ENSRNOG00000009074",1
"ENSRNOG00000064147",38
"ENSRNOG00000010696",1
"ENSRNOG00000020625",1
"ENSRNOG00000041381",0
"ENSRNOG00000068959",0
"ENSRNOG00000057109",0
"ENSRNOG00000067234",0
"ENSRNOG00000069849",0
"ENSRNOG00000046753",0
"ENSRNOG00000065233",0
"ENSRNOG00000052202",0
"ENSRNOG00000008024",1296
"ENSRNOG00000035462",0
"ENSRNOG00000012012",136
"ENSRNOG00000062626",0
"ENSRNOG00000060405",1
"ENSRNOG00000054276",0
"ENSRNOG00000035583",0
"ENSRNOG00000064640",0
"ENSRNOG00000057576",0
"ENSRNOG00000051849",0
"ENSRNOG00000063503",0
"ENSRNOG00000061287",0
"ENSRNOG00000035578",0
"ENSRNOG00000011678",217
"ENSRNOG00000069993",0
"ENSRNOG00000056893",0
"ENSRNOG00000035471",0
"ENSRNOG00000065455",0
"ENSRNOG00000060150",0
"ENSRNOG00000065085",0
"ENSRNOG00000035629",0
"ENSRNOG00000011560",570
"ENSRNOG00000066053",0
"ENSRNOG00000068227",0
"ENSRNOG00000068559",0
"ENSRNOG00000066538",0
"ENSRNOG00000060682",0
"ENSRNOG00000069181",2
"ENSRNOG00000052354",1729
"ENSRNOG00000057216",0
"ENSRNOG00000035649",0
"ENSRNOG00000064094",3
"ENSRNOG00000057812",0
"ENSRNOG00000065769",0
"ENSRNOG00000070936",7
"ENSRNOG00000038760",0
"ENSRNOG00000035657",0
"ENSRNOG00000065612",0
"ENSRNOG00000066005",9
"ENSRNOG00000065401",0
"ENSRNOG00000068082",0
"ENSRNOG00000068133",0
"ENSRNOG00000062371",2
"ENSRNOG00000064804",0
"ENSRNOG00000068621",0
"ENSRNOG00000068383",1
"ENSRNOG00000058865",0
"ENSRNOG00000063595",0
"ENSRNOG00000053976",0
"ENSRNOG00000065420",0
"ENSRNOG00000011316",343
"ENSRNOG00000070014",2
"ENSRNOG00000065060",0
"ENSRNOG00000066946",0
"ENSRNOG00000068304",0
"ENSRNOG00000069355",0
"ENSRNOG00000046326",0
"ENSRNOG00000053941",0
"ENSRNOG00000066682",1
"ENSRNOG00000070977",0
"ENSRNOG00000011762",1000
"ENSRNOG00000065679",0
"ENSRNOG00000057970",3
"ENSRNOG00000071137",0
"ENSRNOG00000061759",0
"ENSRNOG00000033109",0
"ENSRNOG00000063561",0
"ENSRNOG00000014231",0
"ENSRNOG00000056328",0
"ENSRNOG00000062774",0
"ENSRNOG00000014282",0
"ENSRNOG00000063652",0
"ENSRNOG00000067698",0
"ENSRNOG00000066578",0
"ENSRNOG00000070214",0
"ENSRNOG00000013317",186
"ENSRNOG00000069194",0
"ENSRNOG00000065797",199
"ENSRNOG00000010708",741
"ENSRNOG00000039871",304
"ENSRNOG00000051403",0
"ENSRNOG00000065194",0
"ENSRNOG00000071126",0
"ENSRNOG00000031618",0
"ENSRNOG00000061145",0
"ENSRNOG00000065144",14
"ENSRNOG00000065498",0
"ENSRNOG00000070830",0
"ENSRNOG00000063639",55
"ENSRNOG00000054735",0
"ENSRNOG00000024785",0
"ENSRNOG00000063200",1
"ENSRNOG00000069641",0
"ENSRNOG00000018238",1
"ENSRNOG00000065189",0
"ENSRNOG00000052938",0
"ENSRNOG00000066240",0
"ENSRNOG00000012046",980
"ENSRNOG00000056766",0
"ENSRNOG00000063430",0
"ENSRNOG00000056759",2
"ENSRNOG00000065395",0
"ENSRNOG00000055553",0
"ENSRNOG00000061833",0
"ENSRNOG00000064305",0
"ENSRNOG00000059530",0
"ENSRNOG00000065126",1
"ENSRNOG00000016414",168
"ENSRNOG00000070464",0
"ENSRNOG00000012594",678
"ENSRNOG00000068863",0
"ENSRNOG00000059767",0
"ENSRNOG00000055682",0
"ENSRNOG00000039297",2042
"ENSRNOG00000061838",0
"ENSRNOG00000059034",0
"ENSRNOG00000016177",1209
"ENSRNOG00000068027",0
"ENSRNOG00000060960",0
"ENSRNOG00000058061",0
"ENSRNOG00000065230",0
"ENSRNOG00000054135",0
"ENSRNOG00000062363",0
"ENSRNOG00000058452",1
"ENSRNOG00000069957",3
"ENSRNOG00000071028",0
"ENSRNOG00000063250",133
"ENSRNOG00000011544",394
"ENSRNOG00000070015",0
"ENSRNOG00000061641",25
"ENSRNOG00000014311",52
"ENSRNOG00000058525",0
"ENSRNOG00000069144",1
"ENSRNOG00000029808",0
"ENSRNOG00000024504",1
"ENSRNOG00000062348",0
"ENSRNOG00000054577",0
"ENSRNOG00000070675",0
"ENSRNOG00000033141",1
"ENSRNOG00000057363",0
"ENSRNOG00000068645",0
"ENSRNOG00000016460",3529
"ENSRNOG00000063915",2
"ENSRNOG00000066360",2
"ENSRNOG00000039284",121
"ENSRNOG00000062007",0
"ENSRNOG00000039489",30
"ENSRNOG00000012821",1
"ENSRNOG00000070715",0
"ENSRNOG00000057277",0
"ENSRNOG00000070972",0
"ENSRNOG00000063028",0
"ENSRNOG00000057251",0
"ENSRNOG00000029860",0
"ENSRNOG00000018177",0
"ENSRNOG00000058584",0
"ENSRNOG00000065303",0
"ENSRNOG00000063385",0
"ENSRNOG00000011548",82
"ENSRNOG00000057837",19
"ENSRNOG00000054493",7
"ENSRNOG00000066516",0
"ENSRNOG00000065534",12
"ENSRNOG00000057709",1
"ENSRNOG00000069433",12
"ENSRNOG00000013386",989
"ENSRNOG00000019895",402
"ENSRNOG00000055787",0
"ENSRNOG00000068890",0
"ENSRNOG00000010479",3230
"ENSRNOG00000016648",0
"ENSRNOG00000058479",0
"ENSRNOG00000013503",139
"ENSRNOG00000067974",20
"ENSRNOG00000066692",11
"ENSRNOG00000060935",0
"ENSRNOG00000070476",7
"ENSRNOG00000008203",0
"ENSRNOG00000054159",0
"ENSRNOG00000012488",994
"ENSRNOG00000062755",0
"ENSRNOG00000065567",49
"ENSRNOG00000034535",0
"ENSRNOG00000061269",0
"ENSRNOG00000064445",0
"ENSRNOG00000020216",347
"ENSRNOG00000010319",31
"ENSRNOG00000061398",0
"ENSRNOG00000063536",2
"ENSRNOG00000061120",0
"ENSRNOG00000058181",0
"ENSRNOG00000070060",1
"ENSRNOG00000009449",4344
"ENSRNOG00000063234",0
"ENSRNOG00000052992",0
"ENSRNOG00000042029",0
"ENSRNOG00000059298",0
"ENSRNOG00000059939",0
"ENSRNOG00000067706",7
"ENSRNOG00000068103",0
"ENSRNOG00000059627",0
"ENSRNOG00000067726",1
"ENSRNOG00000057990",0
"ENSRNOG00000067953",0
"ENSRNOG00000054707",0
"ENSRNOG00000020189",486
"ENSRNOG00000066324",12
"ENSRNOG00000065267",0
"ENSRNOG00000012844",1008
"ENSRNOG00000056319",0
"ENSRNOG00000068534",0
"ENSRNOG00000011634",30
"ENSRNOG00000053495",0
"ENSRNOG00000070078",0
"ENSRNOG00000063907",1
"ENSRNOG00000071095",0
"ENSRNOG00000068458",0
"ENSRNOG00000053993",0
"ENSRNOG00000068783",460
"ENSRNOG00000013111",565
"ENSRNOG00000060347",0
"ENSRNOG00000029659",0
"ENSRNOG00000065894",0
"ENSRNOG00000064422",10
"ENSRNOG00000062832",0
"ENSRNOG00000063941",0
"ENSRNOG00000053120",0
"ENSRNOG00000066594",4
"ENSRNOG00000039543",0
"ENSRNOG00000063777",0
"ENSRNOG00000008059",0
"ENSRNOG00000060452",0
"ENSRNOG00000027839",47
"ENSRNOG00000070692",0
"ENSRNOG00000054386",0
"ENSRNOG00000054874",0
"ENSRNOG00000048980",33
"ENSRNOG00000052738",0
"ENSRNOG00000009034",506
"ENSRNOG00000053579",0
"ENSRNOG00000064280",0
"ENSRNOG00000067130",0
"ENSRNOG00000061336",0
"ENSRNOG00000013533",2091
"ENSRNOG00000065715",0
"ENSRNOG00000062908",0
"ENSRNOG00000027383",0
"ENSRNOG00000056821",0
"ENSRNOG00000069197",0
"ENSRNOG00000057947",0
"ENSRNOG00000069162",6
"ENSRNOG00000028810",0
"ENSRNOG00000015308",67
"ENSRNOG00000055587",0
"ENSRNOG00000035605",0
"ENSRNOG00000035645",0
"ENSRNOG00000063635",0
"ENSRNOG00000040381",0
"ENSRNOG00000064428",0
"ENSRNOG00000010798",2
"ENSRNOG00000011809",0
"ENSRNOG00000045973",0
"ENSRNOG00000062795",16
"ENSRNOG00000063486",0
"ENSRNOG00000009814",15
"ENSRNOG00000059279",0
"ENSRNOG00000063390",0
"ENSRNOG00000029146",306
"ENSRNOG00000020563",0
"ENSRNOG00000012402",0
"ENSRNOG00000066208",0
"ENSRNOG00000045641",1
"ENSRNOG00000057827",0
"ENSRNOG00000029220",645
"ENSRNOG00000064152",44
"ENSRNOG00000061157",5
"ENSRNOG00000008986",239
"ENSRNOG00000014904",6
"ENSRNOG00000069819",0
"ENSRNOG00000009873",572
"ENSRNOG00000018825",776
"ENSRNOG00000031100",0
"ENSRNOG00000008570",0
"ENSRNOG00000067125",3
"ENSRNOG00000025757",0
"ENSRNOG00000069044",0
"ENSRNOG00000065640",2
"ENSRNOG00000068573",0
"ENSRNOG00000064476",0
"ENSRNOG00000059188",0
"ENSRNOG00000022597",220
"ENSRNOG00000055101",0
"ENSRNOG00000065429",72
"ENSRNOG00000060835",0
"ENSRNOG00000056306",0
"ENSRNOG00000069953",0
"ENSRNOG00000069532",0
"ENSRNOG00000054766",0
"ENSRNOG00000010042",737
"ENSRNOG00000067762",605
"ENSRNOG00000015732",146
"ENSRNOG00000055932",0
"ENSRNOG00000051622",0
"ENSRNOG00000008814",14
"ENSRNOG00000054041",0
"ENSRNOG00000052692",0
"ENSRNOG00000063774",0
"ENSRNOG00000031449",0
"ENSRNOG00000042195",1463
"ENSRNOG00000017424",1
"ENSRNOG00000053065",0
"ENSRNOG00000052683",0
"ENSRNOG00000064523",0
"ENSRNOG00000067145",0
"ENSRNOG00000011953",1026
"ENSRNOG00000008834",21
"ENSRNOG00000059046",0
"ENSRNOG00000057168",0
"ENSRNOG00000016983",0
"ENSRNOG00000014291",1100
"ENSRNOG00000069783",0
"ENSRNOG00000061555",0
"ENSRNOG00000067671",0
"ENSRNOG00000068549",0
"ENSRNOG00000051646",0
"ENSRNOG00000061152",2244
"ENSRNOG00000061494",0
"ENSRNOG00000068487",298
"ENSRNOG00000069315",0
"ENSRNOG00000070994",0
"ENSRNOG00000056111",0
"ENSRNOG00000065418",0
"ENSRNOG00000059855",0
"ENSRNOG00000063420",0
"ENSRNOG00000024798",263
"ENSRNOG00000047005",0
"ENSRNOG00000025011",2338
"ENSRNOG00000017286",684
"ENSRNOG00000009125",861
"ENSRNOG00000018069",409
"ENSRNOG00000009208",78
"ENSRNOG00000016828",0
"ENSRNOG00000053494",0
"ENSRNOG00000016804",0
"ENSRNOG00000011592",3310
"ENSRNOG00000020782",630
"ENSRNOG00000053334",10
"ENSRNOG00000018399",0
"ENSRNOG00000011621",2974
"ENSRNOG00000020321",222
"ENSRNOG00000025634",267
"ENSRNOG00000020377",8
"ENSRNOG00000066806",1
"ENSRNOG00000018105",781
"ENSRNOG00000065822",0
"ENSRNOG00000020685",0
"ENSRNOG00000060775",1375
"ENSRNOG00000067852",0
"ENSRNOG00000069821",0
"ENSRNOG00000025619",0
"ENSRNOG00000017027",2
"ENSRNOG00000062532",0
"ENSRNOG00000025589",0
"ENSRNOG00000066413",0
"ENSRNOG00000008989",115
"ENSRNOG00000020136",6
"ENSRNOG00000013968",279
"ENSRNOG00000063163",0
"ENSRNOG00000008785",10
"ENSRNOG00000039435",0
"ENSRNOG00000066673",0
"ENSRNOG00000062840",0
"ENSRNOG00000013089",388
"ENSRNOG00000060662",0
"ENSRNOG00000069519",0
"ENSRNOG00000022116",0
"ENSRNOG00000010947",12505
"ENSRNOG00000014887",160
"ENSRNOG00000020503",6
"ENSRNOG00000009431",32
"ENSRNOG00000032148",26
"ENSRNOG00000020506",86
"ENSRNOG00000019019",0
"ENSRNOG00000054269",0
"ENSRNOG00000018528",0
"ENSRNOG00000009090",1936
"ENSRNOG00000020544",461
"ENSRNOG00000038012",134
"ENSRNOG00000030483",571
"ENSRNOG00000009244",2924
"ENSRNOG00000013101",1
"ENSRNOG00000064786",0
"ENSRNOG00000013326",1006
"ENSRNOG00000068252",0
"ENSRNOG00000066973",1
"ENSRNOG00000070770",0
"ENSRNOG00000019840",162
"ENSRNOG00000011168",385
"ENSRNOG00000009713",3758
"ENSRNOG00000053522",0
"ENSRNOG00000013505",3995
"ENSRNOG00000008847",2
"ENSRNOG00000010296",465
"ENSRNOG00000018536",1559
"ENSRNOG00000065600",0
"ENSRNOG00000066599",0
"ENSRNOG00000049099",3657
"ENSRNOG00000008855",0
"ENSRNOG00000012791",714
"ENSRNOG00000018239",209
"ENSRNOG00000009145",360
"ENSRNOG00000050968",0
"ENSRNOG00000024509",0
"ENSRNOG00000069364",0
"ENSRNOG00000064504",0
"ENSRNOG00000066125",0
"ENSRNOG00000064194",0
"ENSRNOG00000063334",0
"ENSRNOG00000013459",859
"ENSRNOG00000005857",1
"ENSRNOG00000066711",0
"ENSRNOG00000025518",39
"ENSRNOG00000008734",2586
"ENSRNOG00000067381",0
"ENSRNOG00000070074",0
"ENSRNOG00000063931",0
"ENSRNOG00000067301",0
"ENSRNOG00000010137",753
"ENSRNOG00000009836",1481
"ENSRNOG00000067669",0
"ENSRNOG00000007895",506
"ENSRNOG00000011158",1629
"ENSRNOG00000021712",536
"ENSRNOG00000069095",1
"ENSRNOG00000020401",3
"ENSRNOG00000067709",0
"ENSRNOG00000061275",2
"ENSRNOG00000065912",0
"ENSRNOG00000068543",0
"ENSRNOG00000055238",0
"ENSRNOG00000009690",307
"ENSRNOG00000070979",0
"ENSRNOG00000024022",742
"ENSRNOG00000067681",2
"ENSRNOG00000068831",0
"ENSRNOG00000010997",0
"ENSRNOG00000065703",0
"ENSRNOG00000064184",6
"ENSRNOG00000020264",425
"ENSRNOG00000013581",1548
"ENSRNOG00000009649",0
"ENSRNOG00000065367",0
"ENSRNOG00000022337",0
"ENSRNOG00000009470",2607
"ENSRNOG00000064677",0
"ENSRNOG00000009209",0
"ENSRNOG00000047211",288
"ENSRNOG00000053891",5
"ENSRNOG00000065860",0
"ENSRNOG00000054569",0
"ENSRNOG00000009530",18
"ENSRNOG00000068772",0
"ENSRNOG00000071105",1
"ENSRNOG00000020465",220
"ENSRNOG00000065100",4
"ENSRNOG00000066775",0
"ENSRNOG00000009625",3981
"ENSRNOG00000068941",0
"ENSRNOG00000063247",0
"ENSRNOG00000010058",907
"ENSRNOG00000030018",0
"ENSRNOG00000049583",0
"ENSRNOG00000063938",0
"ENSRNOG00000062910",0
"ENSRNOG00000020482",780
"ENSRNOG00000067050",0
"ENSRNOG00000010085",2
"ENSRNOG00000011471",0
"ENSRNOG00000009919",0
"ENSRNOG00000069606",0
"ENSRNOG00000065955",0
"ENSRNOG00000042267",0
"ENSRNOG00000013623",0
"ENSRNOG00000070380",0
"ENSRNOG00000009694",947
"ENSRNOG00000014003",8
"ENSRNOG00000066524",0
"ENSRNOG00000064315",2
"ENSRNOG00000009766",822
"ENSRNOG00000066720",0
"ENSRNOG00000038068",0
"ENSRNOG00000014191",434
"ENSRNOG00000019246",53
"ENSRNOG00000063695",0
"ENSRNOG00000038917",0
"ENSRNOG00000070366",0
"ENSRNOG00000012521",1
"ENSRNOG00000009815",31
"ENSRNOG00000063949",0
"ENSRNOG00000064694",141
"ENSRNOG00000063134",0
"ENSRNOG00000007206",26
"ENSRNOG00000065815",0
"ENSRNOG00000064531",0
"ENSRNOG00000019438",477
"ENSRNOG00000042156",0
"ENSRNOG00000012644",801
"ENSRNOG00000064939",4
"ENSRNOG00000011646",25
"ENSRNOG00000024237",27
"ENSRNOG00000025302",148
"ENSRNOG00000005883",5
"ENSRNOG00000063168",0
"ENSRNOG00000067749",0
"ENSRNOG00000005869",1094
"ENSRNOG00000021847",191
"ENSRNOG00000067066",0
"ENSRNOG00000019478",2
"ENSRNOG00000067546",0
"ENSRNOG00000068832",0
"ENSRNOG00000062588",270
"ENSRNOG00000070952",4
"ENSRNOG00000064323",0
"ENSRNOG00000010064",892
"ENSRNOG00000065453",0
"ENSRNOG00000066847",45
"ENSRNOG00000048431",1186
"ENSRNOG00000011024",380
"ENSRNOG00000062279",226
"ENSRNOG00000019041",3921
"ENSRNOG00000059334",665
"ENSRNOG00000027012",1110
"ENSRNOG00000012951",6
"ENSRNOG00000019162",15
"ENSRNOG00000012049",3
"ENSRNOG00000013793",0
"ENSRNOG00000049919",0
"ENSRNOG00000007320",0
"ENSRNOG00000068540",0
"ENSRNOG00000046301",0
"ENSRNOG00000064668",78
"ENSRNOG00000009820",1741
"ENSRNOG00000019503",1
"ENSRNOG00000047258",2
"ENSRNOG00000047637",0
"ENSRNOG00000019553",1623
"ENSRNOG00000047632",5
"ENSRNOG00000005957",393
"ENSRNOG00000019710",840
"ENSRNOG00000012440",137
"ENSRNOG00000019789",2
"ENSRNOG00000008053",5
"ENSRNOG00000020647",0
"ENSRNOG00000021910",0
"ENSRNOG00000031792",0
"ENSRNOG00000009522",0
"ENSRNOG00000014054",0
"ENSRNOG00000070413",0
"ENSRNOG00000069510",0
"ENSRNOG00000063482",0
"ENSRNOG00000008664",3600
"ENSRNOG00000046660",5948
"ENSRNOG00000033261",69
"ENSRNOG00000009661",376
"ENSRNOG00000008671",0
"ENSRNOG00000024703",555
"ENSRNOG00000058057",1167
"ENSRNOG00000054782",1202
"ENSRNOG00000056343",1200
"ENSRNOG00000063112",0
"ENSRNOG00000012918",944
"ENSRNOG00000010352",1030
"ENSRNOG00000024125",1
"ENSRNOG00000014398",165
"ENSRNOG00000013707",23
"ENSRNOG00000007378",5
"ENSRNOG00000015921",36
"ENSRNOG00000015939",176
"ENSRNOG00000014659",77
"ENSRNOG00000010737",4451
"ENSRNOG00000028821",0
"ENSRNOG00000067366",0
"ENSRNOG00000007632",61
"ENSRNOG00000062980",0
"ENSRNOG00000014509",901
"ENSRNOG00000017828",141
"ENSRNOG00000068885",0
"ENSRNOG00000066964",0
"ENSRNOG00000064732",0
"ENSRNOG00000067241",18
"ENSRNOG00000040007",0
"ENSRNOG00000031535",0
"ENSRNOG00000042281",0
"ENSRNOG00000066375",2
"ENSRNOG00000051564",784
"ENSRNOG00000070038",0
"ENSRNOG00000014518",0
"ENSRNOG00000037884",0
"ENSRNOG00000037886",0
"ENSRNOG00000009278",11
"ENSRNOG00000009481",411
"ENSRNOG00000066148",318
"ENSRNOG00000063586",0
"ENSRNOG00000010555",9
"ENSRNOG00000014603",362
"ENSRNOG00000031720",0
"ENSRNOG00000063939",2
"ENSRNOG00000000340",3513
"ENSRNOG00000009849",455
"ENSRNOG00000050211",36
"ENSRNOG00000010311",2164
"ENSRNOG00000017373",144
"ENSRNOG00000014653",1
"ENSRNOG00000015095",207
"ENSRNOG00000000341",8607
"ENSRNOG00000012912",0
"ENSRNOG00000013876",481
"ENSRNOG00000066389",5
"ENSRNOG00000026247",0
"ENSRNOG00000069977",0
"ENSRNOG00000009871",9
"ENSRNOG00000014265",1
"ENSRNOG00000063660",39
"ENSRNOG00000039829",0
"ENSRNOG00000011611",1583
"ENSRNOG00000011598",3
"ENSRNOG00000011427",14
"ENSRNOG00000008794",931
"ENSRNOG00000064141",2
"ENSRNOG00000021680",250
"ENSRNOG00000009102",5319
"ENSRNOG00000014358",0
"ENSRNOG00000004516",1254
"ENSRNOG00000008565",253
"ENSRNOG00000009288",55
"ENSRNOG00000008140",4340
"ENSRNOG00000012751",4529
"ENSRNOG00000069746",0
"ENSRNOG00000013835",1
"ENSRNOG00000011831",130
"ENSRNOG00000014075",77
"ENSRNOG00000011603",637
"ENSRNOG00000012014",298
"ENSRNOG00000009419",1916
"ENSRNOG00000038762",0
"ENSRNOG00000066497",220
"ENSRNOG00000030724",0
"ENSRNOG00000011203",2263
"ENSRNOG00000010028",185
"ENSRNOG00000012209",349
"ENSRNOG00000011511",1189
"ENSRNOG00000011177",4
"ENSRNOG00000011323",1
"ENSRNOG00000014945",1586
"ENSRNOG00000010890",2670
"ENSRNOG00000065026",0
"ENSRNOG00000068183",641
"ENSRNOG00000015075",420
"ENSRNOG00000032690",1483
"ENSRNOG00000015477",0
"ENSRNOG00000011373",332
"ENSRNOG00000009181",0
"ENSRNOG00000007203",1094
"ENSRNOG00000009192",169
"ENSRNOG00000038483",4
"ENSRNOG00000007956",85
"ENSRNOG00000009440",0
"ENSRNOG00000057042",442
"ENSRNOG00000009832",1310
"ENSRNOG00000009802",6
"ENSRNOG00000008641",246
"ENSRNOG00000038759",0
"ENSRNOG00000038758",0
"ENSRNOG00000006334",536
"ENSRNOG00000038757",0
"ENSRNOG00000013288",1455
"ENSRNOG00000010331",14347
"ENSRNOG00000026328",3
"ENSRNOG00000009785",329
"ENSRNOG00000021314",1158
"ENSRNOG00000013922",29
"ENSRNOG00000011342",0
"ENSRNOG00000006462",595
"ENSRNOG00000070558",0
"ENSRNOG00000026616",0
"ENSRNOG00000065077",29
"ENSRNOG00000013658",0
"ENSRNOG00000009811",5384
"ENSRNOG00000013916",0
"ENSRNOG00000027040",121
"ENSRNOG00000010721",313
"ENSRNOG00000067464",0
"ENSRNOG00000067330",302
"ENSRNOG00000012363",1
"ENSRNOG00000025638",0
"ENSRNOG00000014310",542
"ENSRNOG00000010489",250
"ENSRNOG00000052414",0
"ENSRNOG00000064068",0
"ENSRNOG00000054879",0
"ENSRNOG00000070489",0
"ENSRNOG00000012710",1064
"ENSRNOG00000012628",2
"ENSRNOG00000025094",6
"ENSRNOG00000012273",1
"ENSRNOG00000014010",1
"ENSRNOG00000017481",769
"ENSRNOG00000016321",627
"ENSRNOG00000011969",408
"ENSRNOG00000016758",8318
"ENSRNOG00000016777",184
"ENSRNOG00000016939",609
"ENSRNOG00000004752",5
"ENSRNOG00000010989",4611
"ENSRNOG00000012850",1308
"ENSRNOG00000064565",331
"ENSRNOG00000060401",16
"ENSRNOG00000070657",89
"ENSRNOG00000013034",3
"ENSRNOG00000005783",1365
"ENSRNOG00000069198",2
"ENSRNOG00000065677",1
"ENSRNOG00000014237",488
"ENSRNOG00000048195",57
"ENSRNOG00000006422",0
"ENSRNOG00000010516",6
"ENSRNOG00000071188",0
"ENSRNOG00000040122",1
"ENSRNOG00000014661",26
"ENSRNOG00000046912",868
"ENSRNOG00000064483",0
"ENSRNOG00000009274",366
"ENSRNOG00000009783",1780
"ENSRNOG00000009042",1770
"ENSRNOG00000062911",0
"ENSRNOG00000068637",0
"ENSRNOG00000011461",895
"ENSRNOG00000010765",6038
"ENSRNOG00000012325",718
"ENSRNOG00000057755",857
"ENSRNOG00000056617",1311
"ENSRNOG00000007136",3410
"ENSRNOG00000009297",548
"ENSRNOG00000009206",0
"ENSRNOG00000006143",681
"ENSRNOG00000005985",44
"ENSRNOG00000005993",173
"ENSRNOG00000008949",10
"ENSRNOG00000008167",660
"ENSRNOG00000007817",215
"ENSRNOG00000006649",689
"ENSRNOG00000007046",80
"ENSRNOG00000064871",1
"ENSRNOG00000006898",448
"ENSRNOG00000006619",199
"ENSRNOG00000069647",0
"ENSRNOG00000006554",942
"ENSRNOG00000019232",583
"ENSRNOG00000018938",25
"ENSRNOG00000017820",1
"ENSRNOG00000018853",0
"ENSRNOG00000042120",0
"ENSRNOG00000069385",485
"ENSRNOG00000029549",1875
"ENSRNOG00000068518",0
"ENSRNOG00000064755",5
"ENSRNOG00000019519",37
"ENSRNOG00000070010",4
"ENSRNOG00000030925",93
"ENSRNOG00000027506",0
"ENSRNOG00000063738",0
"ENSRNOG00000033763",2
"ENSRNOG00000061359",292
"ENSRNOG00000039876",344
"ENSRNOG00000021752",0
"ENSRNOG00000038520",1
"ENSRNOG00000067437",80
"ENSRNOG00000018685",0
"ENSRNOG00000069521",636
"ENSRNOG00000017558",164
"ENSRNOG00000066822",29
"ENSRNOG00000019533",44
"ENSRNOG00000018698",1450
"ENSRNOG00000068870",0
"ENSRNOG00000063235",7
"ENSRNOG00000052320",0
"ENSRNOG00000017445",0
"ENSRNOG00000058811",0
"ENSRNOG00000051428",0
"ENSRNOG00000038047",2324
"ENSRNOG00000060985",0
"ENSRNOG00000017577",191
"ENSRNOG00000058895",0
"ENSRNOG00000064216",36
"ENSRNOG00000051566",0
"ENSRNOG00000038045",1987
"ENSRNOG00000063796",162
"ENSRNOG00000062940",0
"ENSRNOG00000068127",0
"ENSRNOG00000064431",0
"ENSRNOG00000054187",0
"ENSRNOG00000063460",0
"ENSRNOG00000064328",5
"ENSRNOG00000062394",0
"ENSRNOG00000017093",278
"ENSRNOG00000059499",0
"ENSRNOG00000070037",0
"ENSRNOG00000065074",0
"ENSRNOG00000069116",150
"ENSRNOG00000060417",0
"ENSRNOG00000062867",0
"ENSRNOG00000066580",0
"ENSRNOG00000063648",0
"ENSRNOG00000014834",712
"ENSRNOG00000067597",0
"ENSRNOG00000069741",0
"ENSRNOG00000016710",2
"ENSRNOG00000066957",0
"ENSRNOG00000065382",0
"ENSRNOG00000052457",0
"ENSRNOG00000062924",59
"ENSRNOG00000016950",95
"ENSRNOG00000012747",0
"ENSRNOG00000062851",1
"ENSRNOG00000064317",1
"ENSRNOG00000066463",44
"ENSRNOG00000067963",423
"ENSRNOG00000005017",238
"ENSRNOG00000062936",0
"ENSRNOG00000067121",34
"ENSRNOG00000064580",0
"ENSRNOG00000063944",8
"ENSRNOG00000059156",0
"ENSRNOG00000009861",28
"ENSRNOG00000058199",0
"ENSRNOG00000062456",0
"ENSRNOG00000055896",0
"ENSRNOG00000064004",1
"ENSRNOG00000066756",0
"ENSRNOG00000040101",207
"ENSRNOG00000018113",1257
"ENSRNOG00000051584",0
"ENSRNOG00000066301",53
"ENSRNOG00000051833",0
"ENSRNOG00000018489",0
"ENSRNOG00000018407",0
"ENSRNOG00000063546",4
"ENSRNOG00000068264",0
"ENSRNOG00000057631",0
"ENSRNOG00000064579",0
"ENSRNOG00000056514",0
"ENSRNOG00000042026",6
"ENSRNOG00000069244",0
"ENSRNOG00000019282",2361
"ENSRNOG00000064109",5
"ENSRNOG00000067485",6
"ENSRNOG00000063067",5
"ENSRNOG00000051410",0
"ENSRNOG00000070395",0
"ENSRNOG00000069114",0
"ENSRNOG00000056058",4
"ENSRNOG00000062734",0
"ENSRNOG00000068774",12
"ENSRNOG00000059319",27
"ENSRNOG00000054822",0
"ENSRNOG00000062647",13
"ENSRNOG00000067621",0
"ENSRNOG00000070359",3
"ENSRNOG00000065443",6
"ENSRNOG00000053558",0
"ENSRNOG00000067401",0
"ENSRNOG00000053330",0
"ENSRNOG00000056440",0
"ENSRNOG00000049410",4
"ENSRNOG00000069703",0
"ENSRNOG00000019272",147
"ENSRNOG00000068339",0
"ENSRNOG00000070722",0
"ENSRNOG00000069161",0
"ENSRNOG00000014165",3002
"ENSRNOG00000059165",0
"ENSRNOG00000066735",0
"ENSRNOG00000067481",0
"ENSRNOG00000061286",0
"ENSRNOG00000064357",25
"ENSRNOG00000051896",0
"ENSRNOG00000066037",0
"ENSRNOG00000064337",0
"ENSRNOG00000055595",0
"ENSRNOG00000016480",1
"ENSRNOG00000062432",0
"ENSRNOG00000018046",1896
"ENSRNOG00000064793",4
"ENSRNOG00000055463",0
"ENSRNOG00000070418",0
"ENSRNOG00000070714",0
"ENSRNOG00000067975",0
"ENSRNOG00000069575",0
"ENSRNOG00000067998",0
"ENSRNOG00000056205",3
"ENSRNOG00000063990",2
"ENSRNOG00000067009",0
"ENSRNOG00000055730",0
"ENSRNOG00000057581",0
"ENSRNOG00000012727",1
"ENSRNOG00000067275",0
"ENSRNOG00000017040",19
"ENSRNOG00000051874",0
"ENSRNOG00000057046",0
"ENSRNOG00000063699",1
"ENSRNOG00000067925",3
"ENSRNOG00000061790",0
"ENSRNOG00000068410",5
"ENSRNOG00000070020",0
"ENSRNOG00000064150",2
"ENSRNOG00000065466",0
"ENSRNOG00000067157",3
"ENSRNOG00000047594",642
"ENSRNOG00000064218",0
"ENSRNOG00000058085",0
"ENSRNOG00000035594",13
"ENSRNOG00000061070",2
"ENSRNOG00000051469",0
"ENSRNOG00000041319",0
"ENSRNOG00000067016",3
"ENSRNOG00000035467",0
"ENSRNOG00000035613",19
"ENSRNOG00000012040",0
"ENSRNOG00000070654",0
"ENSRNOG00000068467",0
"ENSRNOG00000061748",0
"ENSRNOG00000067410",1
"ENSRNOG00000069447",1
"ENSRNOG00000035568",0
"ENSRNOG00000070371",1
"ENSRNOG00000053995",0
"ENSRNOG00000064424",3
"ENSRNOG00000070587",0
"ENSRNOG00000067736",0
"ENSRNOG00000035538",0
"ENSRNOG00000067458",30
"ENSRNOG00000068005",7
"ENSRNOG00000046071",1
"ENSRNOG00000065080",40
"ENSRNOG00000068269",0
"ENSRNOG00000069869",0
"ENSRNOG00000063038",0
"ENSRNOG00000065398",148
"ENSRNOG00000041300",2
"ENSRNOG00000056515",0
"ENSRNOG00000063824",0
"ENSRNOG00000066868",0
"ENSRNOG00000041870",0
"ENSRNOG00000022870",1887
"ENSRNOG00000035632",2
"ENSRNOG00000069861",1
"ENSRNOG00000016135",315
"ENSRNOG00000035576",0
"ENSRNOG00000070126",2
"ENSRNOG00000067495",213
"ENSRNOG00000068888",10
"ENSRNOG00000066095",11
"ENSRNOG00000070726",1
"ENSRNOG00000065846",0
"ENSRNOG00000015888",934
"ENSRNOG00000068481",6
"ENSRNOG00000064475",90
"ENSRNOG00000016410",3003
"ENSRNOG00000047970",393
"ENSRNOG00000066229",564
"ENSRNOG00000063744",0
"ENSRNOG00000068587",20
"ENSRNOG00000068596",0
"ENSRNOG00000016420",5
"ENSRNOG00000012216",448
"ENSRNOG00000062636",2
"ENSRNOG00000069931",0
"ENSRNOG00000068968",41
"ENSRNOG00000022139",1
"ENSRNOG00000068907",0
"ENSRNOG00000066586",0
"ENSRNOG00000063573",0
"ENSRNOG00000066568",11
"ENSRNOG00000067244",0
"ENSRNOG00000066129",0
"ENSRNOG00000071160",0
"ENSRNOG00000070855",1
"ENSRNOG00000067617",0
"ENSRNOG00000070577",0
"ENSRNOG00000068616",0
"ENSRNOG00000070510",0
"ENSRNOG00000068971",0
"ENSRNOG00000060680",3
"ENSRNOG00000070370",0
"ENSRNOG00000012189",0
"ENSRNOG00000029273",481
"ENSRNOG00000071193",0
"ENSRNOG00000065125",0
"ENSRNOG00000063920",9
"ENSRNOG00000014670",2081
"ENSRNOG00000063526",0
"ENSRNOG00000064869",0
"ENSRNOG00000065814",0
"ENSRNOG00000062512",119
"ENSRNOG00000012168",45
"ENSRNOG00000064546",7
"ENSRNOG00000069946",0
"ENSRNOG00000065771",84
"ENSRNOG00000067254",405
"ENSRNOG00000066675",3
"ENSRNOG00000069772",0
"ENSRNOG00000056376",71
"ENSRNOG00000064541",5
"ENSRNOG00000066454",0
"ENSRNOG00000067078",0
"ENSRNOG00000012131",0
"ENSRNOG00000064653",2
"ENSRNOG00000018346",99
"ENSRNOG00000071123",19
"ENSRNOG00000042749",0
"ENSRNOG00000065601",3
"ENSRNOG00000069115",0
"ENSRNOG00000063980",0
"ENSRNOG00000011984",0
"ENSRNOG00000062829",0
"ENSRNOG00000063506",0
"ENSRNOG00000068189",3
"ENSRNOG00000063015",12
"ENSRNOG00000063415",0
"ENSRNOG00000069500",0
"ENSRNOG00000070899",0
"ENSRNOG00000063934",0
"ENSRNOG00000069096",3
"ENSRNOG00000011947",0
"ENSRNOG00000064900",0
"ENSRNOG00000069395",0
"ENSRNOG00000068718",0
"ENSRNOG00000063665",4
"ENSRNOG00000058596",1
"ENSRNOG00000065837",0
"ENSRNOG00000065358",0
"ENSRNOG00000018381",321
"ENSRNOG00000070628",0
"ENSRNOG00000059042",0
"ENSRNOG00000066100",0
"ENSRNOG00000066583",0
"ENSRNOG00000066536",0
"ENSRNOG00000053214",0
"ENSRNOG00000068332",93
"ENSRNOG00000066256",0
"ENSRNOG00000068821",0
"ENSRNOG00000017833",18
"ENSRNOG00000000133",633
"ENSRNOG00000061758",0
"ENSRNOG00000069054",0
"ENSRNOG00000070253",0
"ENSRNOG00000063078",0
"ENSRNOG00000067325",0
"ENSRNOG00000071061",0
"ENSRNOG00000017770",243
"ENSRNOG00000059108",0
"ENSRNOG00000070693",0
"ENSRNOG00000055771",0
"ENSRNOG00000065541",0
"ENSRNOG00000051877",0
"ENSRNOG00000056220",0
"ENSRNOG00000051427",0
"ENSRNOG00000063300",2305
"ENSRNOG00000053933",0
"ENSRNOG00000066923",0
"ENSRNOG00000070973",0
"ENSRNOG00000062570",0
"ENSRNOG00000011423",0
"ENSRNOG00000053333",2
"ENSRNOG00000061452",0
"ENSRNOG00000057915",0
"ENSRNOG00000059477",0
"ENSRNOG00000069785",1
"ENSRNOG00000064651",0
"ENSRNOG00000021886",191
"ENSRNOG00000069902",0
"ENSRNOG00000052112",0
"ENSRNOG00000054406",0
"ENSRNOG00000061305",0
"ENSRNOG00000058961",0
"ENSRNOG00000051803",0
"ENSRNOG00000059985",0
"ENSRNOG00000017941",240
"ENSRNOG00000016581",4
"ENSRNOG00000054642",0
"ENSRNOG00000021911",541
"ENSRNOG00000068053",0
"ENSRNOG00000057268",0
"ENSRNOG00000016436",0
"ENSRNOG00000055073",0
"ENSRNOG00000067779",0
"ENSRNOG00000030775",0
"ENSRNOG00000016510",0
"ENSRNOG00000058270",0
"ENSRNOG00000053627",0
"ENSRNOG00000070235",2
"ENSRNOG00000069360",0
"ENSRNOG00000021637",1098
"ENSRNOG00000017593",319
"ENSRNOG00000060266",2354
"ENSRNOG00000021584",540
"ENSRNOG00000048114",72
"ENSRNOG00000042036",0
"ENSRNOG00000016295",0
"ENSRNOG00000016534",206
"ENSRNOG00000021882",1241
"ENSRNOG00000017165",85
"ENSRNOG00000015139",0
"ENSRNOG00000026493",1
"ENSRNOG00000065772",30
"ENSRNOG00000016616",0
"ENSRNOG00000015262",0
"ENSRNOG00000015212",117
"ENSRNOG00000029844",0
"ENSRNOG00000015585",30
"ENSRNOG00000015980",58
"ENSRNOG00000063788",0
"ENSRNOG00000024843",0
"ENSRNOG00000011523",1061
"ENSRNOG00000016885",489
"ENSRNOG00000017967",119
"ENSRNOG00000027125",88
"ENSRNOG00000033993",0
"ENSRNOG00000065643",1635
"ENSRNOG00000062441",0
"ENSRNOG00000018011",859
"ENSRNOG00000018122",33
"ENSRNOG00000017210",30
"ENSRNOG00000067402",0
"ENSRNOG00000062679",3
"ENSRNOG00000039265",294
"ENSRNOG00000018091",4036
"ENSRNOG00000049801",0
"ENSRNOG00000016307",0
"ENSRNOG00000013653",3100
"ENSRNOG00000033010",5
"ENSRNOG00000018087",38724
"ENSRNOG00000047649",0
"ENSRNOG00000064205",5
"ENSRNOG00000038319",19
"ENSRNOG00000033330",29
"ENSRNOG00000014170",1095
"ENSRNOG00000063889",33
"ENSRNOG00000039075",0
"ENSRNOG00000039058",0
"ENSRNOG00000016538",304
"ENSRNOG00000018123",1997
"ENSRNOG00000021447",164
"ENSRNOG00000017203",0
"ENSRNOG00000017103",0
"ENSRNOG00000066411",17
"ENSRNOG00000014615",324
"ENSRNOG00000017089",0
"ENSRNOG00000017163",250
"ENSRNOG00000045553",28
"ENSRNOG00000021735",212
"ENSRNOG00000064812",0
"ENSRNOG00000017374",0
"ENSRNOG00000060817",677
"ENSRNOG00000016463",0
"ENSRNOG00000012771",495
"ENSRNOG00000016955",472
"ENSRNOG00000016871",0
"ENSRNOG00000016403",0
"ENSRNOG00000013564",4
"ENSRNOG00000043192",302
"ENSRNOG00000016161",1148
"ENSRNOG00000016803",0
"ENSRNOG00000063181",161
"ENSRNOG00000016217",165
"ENSRNOG00000017185",0
"ENSRNOG00000015616",0
"ENSRNOG00000026248",283
"ENSRNOG00000016933",0
"ENSRNOG00000067434",6
"ENSRNOG00000031902",0
"ENSRNOG00000017933",2
"ENSRNOG00000064537",66
"ENSRNOG00000039807",238
"ENSRNOG00000037982",0
"ENSRNOG00000065671",4
"ENSRNOG00000043237",0
"ENSRNOG00000060749",0
"ENSRNOG00000052916",0
"ENSRNOG00000057180",0
"ENSRNOG00000011374",0
"ENSRNOG00000000150",195
"ENSRNOG00000025480",0
"ENSRNOG00000003094",0
"ENSRNOG00000017007",0
"ENSRNOG00000000142",1321
"ENSRNOG00000060141",1159
"ENSRNOG00000016383",1328
"ENSRNOG00000064489",0
"ENSRNOG00000069625",5
"ENSRNOG00000026235",2
"ENSRNOG00000050687",0
"ENSRNOG00000017048",0
"ENSRNOG00000069210",0
"ENSRNOG00000054964",0
"ENSRNOG00000062418",0
"ENSRNOG00000066336",0
"ENSRNOG00000066901",5
"ENSRNOG00000029047",16
"ENSRNOG00000054017",133
"ENSRNOG00000017605",418
"ENSRNOG00000055197",0
"ENSRNOG00000070527",29
"ENSRNOG00000018281",1093
"ENSRNOG00000059840",0
"ENSRNOG00000053635",755
"ENSRNOG00000016792",0
"ENSRNOG00000065338",53
"ENSRNOG00000051823",94
"ENSRNOG00000016763",3
"ENSRNOG00000053518",1218
"ENSRNOG00000017511",9
"ENSRNOG00000018396",310
"ENSRNOG00000055000",491
"ENSRNOG00000017545",255
"ENSRNOG00000016670",372
"ENSRNOG00000017607",1194
"ENSRNOG00000052959",370
"ENSRNOG00000014900",143
"ENSRNOG00000000021",0
"ENSRNOG00000066484",0
"ENSRNOG00000017328",45
"ENSRNOG00000066799",0
"ENSRNOG00000065839",0
"ENSRNOG00000017974",0
"ENSRNOG00000017459",22
"ENSRNOG00000029126",0
"ENSRNOG00000066002",0
"ENSRNOG00000017917",47
"ENSRNOG00000052378",0
"ENSRNOG00000069612",0
"ENSRNOG00000061510",0
"ENSRNOG00000018039",0
"ENSRNOG00000061612",211
"ENSRNOG00000016742",0
"ENSRNOG00000018500",209
"ENSRNOG00000016867",559
"ENSRNOG00000017702",99
"ENSRNOG00000070356",0
"ENSRNOG00000052429",691
"ENSRNOG00000016891",252
"ENSRNOG00000014538",1
"ENSRNOG00000023538",100
"ENSRNOG00000063508",0
"ENSRNOG00000066063",0
"ENSRNOG00000057759",122
"ENSRNOG00000013806",285
"ENSRNOG00000027309",0
"ENSRNOG00000068380",16
"ENSRNOG00000016225",9
"ENSRNOG00000056519",0
"ENSRNOG00000017133",1579
"ENSRNOG00000059705",1189
"ENSRNOG00000019354",453
"ENSRNOG00000018804",6480
"ENSRNOG00000067594",0
"ENSRNOG00000014524",4623
"ENSRNOG00000030638",0
"ENSRNOG00000017597",17
"ENSRNOG00000070051",0
"ENSRNOG00000016932",1015
"ENSRNOG00000025639",0
"ENSRNOG00000013454",523
"ENSRNOG00000016889",42
"ENSRNOG00000065553",0
"ENSRNOG00000060132",0
"ENSRNOG00000066247",22
"ENSRNOG00000067140",0
"ENSRNOG00000066332",0
"ENSRNOG00000017637",0
"ENSRNOG00000017505",273
"ENSRNOG00000017765",442
"ENSRNOG00000017641",739
"ENSRNOG00000065205",170
"ENSRNOG00000016684",0
"ENSRNOG00000017672",1542
"ENSRNOG00000017506",362
"ENSRNOG00000032845",0
"ENSRNOG00000059510",254
"ENSRNOG00000068835",210
"ENSRNOG00000045948",72
"ENSRNOG00000016690",80
"ENSRNOG00000018378",113
"ENSRNOG00000018260",1
"ENSRNOG00000065594",0
"ENSRNOG00000070523",40
"ENSRNOG00000070106",104
"ENSRNOG00000017180",1
"ENSRNOG00000063737",0
"ENSRNOG00000016539",143
"ENSRNOG00000063205",226
"ENSRNOG00000065506",94
"ENSRNOG00000042692",0
"ENSRNOG00000055917",783
"ENSRNOG00000016834",130
"ENSRNOG00000068622",196
"ENSRNOG00000063621",128
"ENSRNOG00000038877",113
"ENSRNOG00000050474",0
"ENSRNOG00000016680",2724
"ENSRNOG00000013620",1442
"ENSRNOG00000018227",1022
"ENSRNOG00000017514",3
"ENSRNOG00000018520",39
"ENSRNOG00000060029",0
"ENSRNOG00000065730",0
"ENSRNOG00000018028",0
"ENSRNOG00000064112",86
"ENSRNOG00000018706",12
"ENSRNOG00000016628",1
"ENSRNOG00000069145",1
"ENSRNOG00000016716",0
"ENSRNOG00000070916",18
"ENSRNOG00000069373",8
"ENSRNOG00000046476",0
"ENSRNOG00000069233",2
"ENSRNOG00000040024",1
"ENSRNOG00000065352",0
"ENSRNOG00000014616",2860
"ENSRNOG00000068602",5
"ENSRNOG00000060355",42
"ENSRNOG00000069905",0
"ENSRNOG00000000104",521
"ENSRNOG00000064540",26
"ENSRNOG00000017372",689
"ENSRNOG00000066473",5
"ENSRNOG00000022505",0
"ENSRNOG00000016629",772
"ENSRNOG00000017284",630
"ENSRNOG00000068034",5
"ENSRNOG00000022249",497
"ENSRNOG00000070346",2
"ENSRNOG00000023688",0
"ENSRNOG00000066521",10
"ENSRNOG00000017531",0
"ENSRNOG00000018782",44
"ENSRNOG00000069877",0
"ENSRNOG00000018279",2323
"ENSRNOG00000054957",658
"ENSRNOG00000042206",0
"ENSRNOG00000028997",122
"ENSRNOG00000018355",3
"ENSRNOG00000011668",158
"ENSRNOG00000056413",2
"ENSRNOG00000000105",255
"ENSRNOG00000016576",526
"ENSRNOG00000027014",6
"ENSRNOG00000039975",0
"ENSRNOG00000018911",437
"ENSRNOG00000062731",8
"ENSRNOG00000053232",300
"ENSRNOG00000058285",1
"ENSRNOG00000046968",411
"ENSRNOG00000039971",0
"ENSRNOG00000021898",0
"ENSRNOG00000046334",0
"ENSRNOG00000017585",145
"ENSRNOG00000018343",939
"ENSRNOG00000016779",5384
"ENSRNOG00000011684",127
"ENSRNOG00000052387",0
"ENSRNOG00000018400",312
"ENSRNOG00000018141",0
"ENSRNOG00000031461",0
"ENSRNOG00000029235",230
"ENSRNOG00000012160",0
"ENSRNOG00000018246",137
"ENSRNOG00000032745",0
"ENSRNOG00000018415",117
"ENSRNOG00000064708",0
"ENSRNOG00000018456",2184
"ENSRNOG00000018417",860
"ENSRNOG00000065161",0
"ENSRNOG00000008666",537
"ENSRNOG00000069771",0
"ENSRNOG00000067245",45
"ENSRNOG00000064118",50
"ENSRNOG00000018549",623
"ENSRNOG00000017444",0
"ENSRNOG00000010882",719
"ENSRNOG00000069712",0
"ENSRNOG00000028168",30
"ENSRNOG00000017318",476
"ENSRNOG00000013090",32
"ENSRNOG00000065006",0
"ENSRNOG00000017759",0
"ENSRNOG00000062525",2
"ENSRNOG00000019257",24
"ENSRNOG00000054976",0
"ENSRNOG00000047647",0
"ENSRNOG00000053439",311
"ENSRNOG00000027311",0
"ENSRNOG00000059328",0
"ENSRNOG00000068311",0
"ENSRNOG00000014395",2236
"ENSRNOG00000028750",0
"ENSRNOG00000039990",0
"ENSRNOG00000063490",0
"ENSRNOG00000068265",186
"ENSRNOG00000031955",0
"ENSRNOG00000062898",0
"ENSRNOG00000048693",0
"ENSRNOG00000028329",76
"ENSRNOG00000063185",157
"ENSRNOG00000065263",5
"ENSRNOG00000014366",4
"ENSRNOG00000062387",279
"ENSRNOG00000066835",22
"ENSRNOG00000040000",0
"ENSRNOG00000049920",1401
"ENSRNOG00000046746",6
"ENSRNOG00000069288",0
"ENSRNOG00000061064",0
"ENSRNOG00000066214",2
"ENSRNOG00000016967",117
"ENSRNOG00000019175",1009
"ENSRNOG00000015989",564
"ENSRNOG00000016511",1214
"ENSRNOG00000069318",0
"ENSRNOG00000014320",365
"ENSRNOG00000069578",20
"ENSRNOG00000067613",15
"ENSRNOG00000064986",1026
"ENSRNOG00000013438",620
"ENSRNOG00000053025",0
"ENSRNOG00000067853",0
"ENSRNOG00000033540",0
"ENSRNOG00000053140",0
"ENSRNOG00000067310",0
"ENSRNOG00000068535",0
"ENSRNOG00000048264",46
"ENSRNOG00000039574",0
"ENSRNOG00000048372",0
"ENSRNOG00000018651",530
"ENSRNOG00000061738",0
"ENSRNOG00000029667",903
"ENSRNOG00000067284",2628
"ENSRNOG00000052567",0
"ENSRNOG00000016587",2157
"ENSRNOG00000019057",1
"ENSRNOG00000030027",192
"ENSRNOG00000065065",1
"ENSRNOG00000018198",0
"ENSRNOG00000017888",0
"ENSRNOG00000001066",2
"ENSRNOG00000049452",30
"ENSRNOG00000065532",0
"ENSRNOG00000026690",25
"ENSRNOG00000013679",1
"ENSRNOG00000062220",37
"ENSRNOG00000016046",6
"ENSRNOG00000017946",0
"ENSRNOG00000029792",8419
"ENSRNOG00000039954",0
"ENSRNOG00000019223",1840
"ENSRNOG00000039560",130
"ENSRNOG00000018839",2644
"ENSRNOG00000016855",587
"ENSRNOG00000016560",337
"ENSRNOG00000016873",22
"ENSRNOG00000016902",0
"ENSRNOG00000021292",3015
"ENSRNOG00000013773",298
"ENSRNOG00000016816",1720
"ENSRNOG00000064563",2
"ENSRNOG00000018251",0
"ENSRNOG00000016578",492
"ENSRNOG00000019108",652
"ENSRNOG00000019113",1118
"ENSRNOG00000027938",640
"ENSRNOG00000015523",207
"ENSRNOG00000048849",74
"ENSRNOG00000022405",0
"ENSRNOG00000016031",640
"ENSRNOG00000033625",18
"ENSRNOG00000057865",0
"ENSRNOG00000063656",0
"ENSRNOG00000068509",0
"ENSRNOG00000062272",54264
"ENSRNOG00000013237",0
"ENSRNOG00000055942",3091
"ENSRNOG00000015410",725
"ENSRNOG00000026286",78
"ENSRNOG00000051034",4
"ENSRNOG00000031325",960
"ENSRNOG00000016066",534
"ENSRNOG00000031716",684
"ENSRNOG00000047910",0
"ENSRNOG00000031706",621
"ENSRNOG00000015631",123
"ENSRNOG00000016378",28
"ENSRNOG00000062314",41
"ENSRNOG00000070919",66
"ENSRNOG00000016915",0
"ENSRNOG00000016222",0
"ENSRNOG00000064794",97
"ENSRNOG00000062739",6
"ENSRNOG00000063362",36
"ENSRNOG00000068516",38
"ENSRNOG00000067427",0
"ENSRNOG00000070712",0
"ENSRNOG00000047459",12
"ENSRNOG00000012940",2148
"ENSRNOG00000068923",0
"ENSRNOG00000064025",2
"ENSRNOG00000017175",0
"ENSRNOG00000016525",0
"ENSRNOG00000068614",4
"ENSRNOG00000024874",446
"ENSRNOG00000065054",33
"ENSRNOG00000022146",10
"ENSRNOG00000067441",2866
"ENSRNOG00000070706",4
"ENSRNOG00000016468",186
"ENSRNOG00000061863",7
"ENSRNOG00000070513",1
"ENSRNOG00000017060",1
"ENSRNOG00000069245",1
"ENSRNOG00000017092",266
"ENSRNOG00000070362",3
"ENSRNOG00000070462",4
"ENSRNOG00000066706",1
"ENSRNOG00000066420",3
"ENSRNOG00000056708",4
"ENSRNOG00000008659",1048
"ENSRNOG00000060002",0
"ENSRNOG00000017863",1425
"ENSRNOG00000064521",20
"ENSRNOG00000043350",88
"ENSRNOG00000064011",6
"ENSRNOG00000067560",29
"ENSRNOG00000070055",3
"ENSRNOG00000063552",5
"ENSRNOG00000065377",0
"ENSRNOG00000063167",3
"ENSRNOG00000016123",52
"ENSRNOG00000016152",216
"ENSRNOG00000016391",646
"ENSRNOG00000017579",725
"ENSRNOG00000016519",186
"ENSRNOG00000001455",884
"ENSRNOG00000017642",129
"ENSRNOG00000016099",115
"ENSRNOG00000046547",0
"ENSRNOG00000017250",95
"ENSRNOG00000068607",0
"ENSRNOG00000018092",3
"ENSRNOG00000054474",73
"ENSRNOG00000024832",0
"ENSRNOG00000031595",0
"ENSRNOG00000018631",2
"ENSRNOG00000033076",6
"ENSRNOG00000016767",259
"ENSRNOG00000016585",804
"ENSRNOG00000048719",169
"ENSRNOG00000022021",29
"ENSRNOG00000045918",456
"ENSRNOG00000016992",0
"ENSRNOG00000001456",1288
"ENSRNOG00000026120",1797
"ENSRNOG00000068619",0
"ENSRNOG00000002624",3
"ENSRNOG00000018070",3
"ENSRNOG00000028913",0
"ENSRNOG00000068936",0
"ENSRNOG00000068312",0
"ENSRNOG00000016998",575
"ENSRNOG00000002609",70
"ENSRNOG00000014264",41
"ENSRNOG00000002480",195
"ENSRNOG00000062602",0
"ENSRNOG00000018200",0
"ENSRNOG00000014019",523
"ENSRNOG00000002461",8291
"ENSRNOG00000017803",239
"ENSRNOG00000014460",1334
"ENSRNOG00000018110",2660
"ENSRNOG00000049614",391
"ENSRNOG00000018478",0
"ENSRNOG00000017866",843
"ENSRNOG00000014007",19
"ENSRNOG00000014361",21
"ENSRNOG00000055012",723
"ENSRNOG00000015288",966
"ENSRNOG00000014702",1
"ENSRNOG00000017988",132
"ENSRNOG00000058094",1488
"ENSRNOG00000023831",0
"ENSRNOG00000038331",2
"ENSRNOG00000050209",0
"ENSRNOG00000066344",776
"ENSRNOG00000018202",0
"ENSRNOG00000016497",201
"ENSRNOG00000067756",0
"ENSRNOG00000030442",5715
"ENSRNOG00000038361",0
"ENSRNOG00000040116",0
"ENSRNOG00000067517",247
"ENSRNOG00000017987",0
"ENSRNOG00000027229",334
"ENSRNOG00000019336",46
"ENSRNOG00000015522",630
"ENSRNOG00000017644",420
"ENSRNOG00000019096",5
"ENSRNOG00000014548",1883
"ENSRNOG00000018886",1477
"ENSRNOG00000069985",41
"ENSRNOG00000018999",312
"ENSRNOG00000063174",0
"ENSRNOG00000015101",0
"ENSRNOG00000019027",186
"ENSRNOG00000050332",0
"ENSRNOG00000023661",658
"ENSRNOG00000017991",263
"ENSRNOG00000018554",1544
"ENSRNOG00000018566",4421
"ENSRNOG00000015292",733
"ENSRNOG00000014481",2
"ENSRNOG00000027234",62
"ENSRNOG00000059415",0
"ENSRNOG00000064278",0
"ENSRNOG00000017466",2249
"ENSRNOG00000067224",1
"ENSRNOG00000018044",499
"ENSRNOG00000013469",5907
"ENSRNOG00000017981",26
"ENSRNOG00000016283",0
"ENSRNOG00000017791",286
"ENSRNOG00000013717",58
"ENSRNOG00000018125",478
"ENSRNOG00000017951",1136
"ENSRNOG00000014886",291
"ENSRNOG00000062407",6
"ENSRNOG00000017904",945
"ENSRNOG00000067341",39
"ENSRNOG00000018905",0
"ENSRNOG00000016174",356
"ENSRNOG00000069645",0
"ENSRNOG00000059019",0
"ENSRNOG00000018767",222
"ENSRNOG00000026376",0
"ENSRNOG00000063512",0
"ENSRNOG00000022712",6
"ENSRNOG00000024499",0
"ENSRNOG00000065875",7
"ENSRNOG00000015701",920
"ENSRNOG00000023593",216
"ENSRNOG00000018760",31
"ENSRNOG00000050767",154
"ENSRNOG00000017595",873
"ENSRNOG00000015437",386
"ENSRNOG00000023799",13
"ENSRNOG00000018972",839
"ENSRNOG00000039379",6
"ENSRNOG00000026132",132
"ENSRNOG00000023778",525
"ENSRNOG00000057362",1
"ENSRNOG00000017882",33
"ENSRNOG00000014049",273
"ENSRNOG00000023587",699
"ENSRNOG00000066940",0
"ENSRNOG00000024111",14
"ENSRNOG00000013928",284
"ENSRNOG00000023278",618
"ENSRNOG00000013756",273
"ENSRNOG00000031495",162
"ENSRNOG00000016672",9
"ENSRNOG00000017741",359
"ENSRNOG00000032215",621
"ENSRNOG00000017083",0
"ENSRNOG00000016705",1080
"ENSRNOG00000034229",0
"ENSRNOG00000015008",0
"ENSRNOG00000000137",0
"ENSRNOG00000070083",0
"ENSRNOG00000016226",234
"ENSRNOG00000048576",13
"ENSRNOG00000017787",568
"ENSRNOG00000070025",0
"ENSRNOG00000033772",1695
"ENSRNOG00000015957",0
"ENSRNOG00000017962",956
"ENSRNOG00000066714",858
"ENSRNOG00000063669",0
"ENSRNOG00000038761",541
"ENSRNOG00000068561",0
"ENSRNOG00000068554",0
"ENSRNOG00000023334",709
"ENSRNOG00000039183",166
"ENSRNOG00000001792",2
"ENSRNOG00000001956",782
"ENSRNOG00000002241",164
"ENSRNOG00000003088",428
"ENSRNOG00000028005",0
"ENSRNOG00000032187",0
"ENSRNOG00000031653",125
"ENSRNOG00000001634",4
"ENSRNOG00000001633",2539
"ENSRNOG00000002255",945
"ENSRNOG00000001806",0
"ENSRNOG00000038370",0
"ENSRNOG00000051711",457
"ENSRNOG00000030387",1
"ENSRNOG00000021469",164
"ENSRNOG00000001809",0
"ENSRNOG00000001821",0
"ENSRNOG00000066346",64
"ENSRNOG00000023463",447
"ENSRNOG00000001816",198
"ENSRNOG00000001627",6105
"ENSRNOG00000021992",0
"ENSRNOG00000001789",1266
"ENSRNOG00000001815",4231
"ENSRNOG00000002701",4
"ENSRNOG00000001785",1137
"ENSRNOG00000001837",0
"ENSRNOG00000038355",3
"ENSRNOG00000023400",482
"ENSRNOG00000069473",0
"ENSRNOG00000026085",285
"ENSRNOG00000031669",4883
"ENSRNOG00000026008",330
"ENSRNOG00000066242",54
"ENSRNOG00000002238",5
"ENSRNOG00000033929",0
"ENSRNOG00000001827",768
"ENSRNOG00000064199",0
"ENSRNOG00000002176",652
"ENSRNOG00000001770",47
"ENSRNOG00000001797",446
"ENSRNOG00000031801",1153
"ENSRNOG00000061038",0
"ENSRNOG00000002240",609
"ENSRNOG00000043069",383
"ENSRNOG00000047894",1
"ENSRNOG00000002229",341
"ENSRNOG00000001955",0
"ENSRNOG00000063811",890
"ENSRNOG00000001943",0
"ENSRNOG00000029564",0
"ENSRNOG00000042598",0
"ENSRNOG00000022110",0
"ENSRNOG00000002145",0
"ENSRNOG00000065935",2
"ENSRNOG00000022136",0
"ENSRNOG00000002215",697
"ENSRNOG00000046283",221
"ENSRNOG00000025423",28
"ENSRNOG00000001773",664
"ENSRNOG00000002171",1576
"ENSRNOG00000025055",0
"ENSRNOG00000032327",254
"ENSRNOG00000001708",2779
"ENSRNOG00000034233",1526
"ENSRNOG00000038160",718
"ENSRNOG00000023030",0
"ENSRNOG00000029178",733
"ENSRNOG00000059880",705
"ENSRNOG00000025404",0
"ENSRNOG00000023107",1505
"ENSRNOG00000066784",0
"ENSRNOG00000064614",0
"ENSRNOG00000066258",0
"ENSRNOG00000054334",115
"ENSRNOG00000055586",0
"ENSRNOG00000064186",1
"ENSRNOG00000001776",0
"ENSRNOG00000001764",678
"ENSRNOG00000001765",3
"ENSRNOG00000042289",12
"ENSRNOG00000001762",1816
"ENSRNOG00000054404",0
"ENSRNOG00000048434",0
"ENSRNOG00000001766",248
"ENSRNOG00000002094",838
"ENSRNOG00000001796",6
"ENSRNOG00000001758",198
"ENSRNOG00000002069",1077
"ENSRNOG00000049950",0
"ENSRNOG00000001712",849
"ENSRNOG00000022007",0
"ENSRNOG00000001803",864
"ENSRNOG00000001707",20
"ENSRNOG00000053301",0
"ENSRNOG00000026458",488
"ENSRNOG00000056574",0
"ENSRNOG00000002141",713
"ENSRNOG00000001709",5078
"ENSRNOG00000001783",1079
"ENSRNOG00000002013",0
"ENSRNOG00000001706",928
"ENSRNOG00000001710",296
"ENSRNOG00000002044",96
"ENSRNOG00000001911",4
"ENSRNOG00000001750",36
"ENSRNOG00000013721",263
"ENSRNOG00000060806",0
"ENSRNOG00000058590",0
"ENSRNOG00000042367",2
"ENSRNOG00000039048",195
"ENSRNOG00000002052",53983
"ENSRNOG00000059447",0
"ENSRNOG00000070163",0
"ENSRNOG00000064181",0
"ENSRNOG00000069249",0
"ENSRNOG00000064589",0
"ENSRNOG00000001748",178
"ENSRNOG00000053406",38
"ENSRNOG00000001658",0
"ENSRNOG00000001742",250
"ENSRNOG00000069912",0
"ENSRNOG00000001632",711
"ENSRNOG00000060348",2
"ENSRNOG00000001747",1425
"ENSRNOG00000067977",0
"ENSRNOG00000001757",22
"ENSRNOG00000030983",0
"ENSRNOG00000057815",45
"ENSRNOG00000039850",315
"ENSRNOG00000046969",618
"ENSRNOG00000001647",367
"ENSRNOG00000002046",2
"ENSRNOG00000064973",542
"ENSRNOG00000045770",892
"ENSRNOG00000002041",2397
"ENSRNOG00000001746",592
"ENSRNOG00000049686",250
"ENSRNOG00000048861",74
"ENSRNOG00000028077",2
"ENSRNOG00000063031",81
"ENSRNOG00000001786",1053
"ENSRNOG00000001525",1
"ENSRNOG00000001682",4039
"ENSRNOG00000001795",2358
"ENSRNOG00000001738",1748
"ENSRNOG00000046836",2
"ENSRNOG00000039024",112
"ENSRNOG00000001736",205
"ENSRNOG00000046850",1
"ENSRNOG00000068165",0
"ENSRNOG00000003114",124
"ENSRNOG00000062641",0
"ENSRNOG00000001782",452
"ENSRNOG00000063137",0
"ENSRNOG00000067288",0
"ENSRNOG00000066479",0
"ENSRNOG00000028238",0
"ENSRNOG00000001781",68
"ENSRNOG00000042193",1
"ENSRNOG00000064222",26
"ENSRNOG00000039017",232
"ENSRNOG00000046258",1
"ENSRNOG00000028216",0
"ENSRNOG00000026420",0
"ENSRNOG00000022792",0
"ENSRNOG00000001992",2053
"ENSRNOG00000033372",1244
"ENSRNOG00000049693",3
"ENSRNOG00000001953",16
"ENSRNOG00000001719",1959
"ENSRNOG00000057153",122
"ENSRNOG00000058752",293
"ENSRNOG00000001629",415
"ENSRNOG00000002976",7
"ENSRNOG00000001715",267
"ENSRNOG00000063024",0
"ENSRNOG00000027260",542
"ENSRNOG00000027380",0
"ENSRNOG00000001774",2122
"ENSRNOG00000060729",83
"ENSRNOG00000003014",2158
"ENSRNOG00000062944",2
"ENSRNOG00000029529",232
"ENSRNOG00000002999",258
"ENSRNOG00000029912",657
"ENSRNOG00000001527",268
"ENSRNOG00000038868",119
"ENSRNOG00000046981",0
"ENSRNOG00000001652",45
"ENSRNOG00000025946",820
"ENSRNOG00000002350",0
"ENSRNOG00000001908",0
"ENSRNOG00000038119",0
"ENSRNOG00000001892",0
"ENSRNOG00000031852",1
"ENSRNOG00000000282",0
"ENSRNOG00000000283",270
"ENSRNOG00000048226",1612
"ENSRNOG00000042555",0
"ENSRNOG00000061814",1830
"ENSRNOG00000001793",650
"ENSRNOG00000038987",0
"ENSRNOG00000001623",414
"ENSRNOG00000056716",701
"ENSRNOG00000001839",1
"ENSRNOG00000053435",0
"ENSRNOG00000001891",13
"ENSRNOG00000068521",0
"ENSRNOG00000062945",62
"ENSRNOG00000002721",1293
"ENSRNOG00000001890",130
"ENSRNOG00000002265",0
"ENSRNOG00000027992",0
"ENSRNOG00000001889",2007
"ENSRNOG00000002906",0
"ENSRNOG00000001794",0
"ENSRNOG00000002833",1529
"ENSRNOG00000001888",430
"ENSRNOG00000001733",1173
"ENSRNOG00000003075",975
"ENSRNOG00000001752",0
"ENSRNOG00000001962",0
"ENSRNOG00000030246",0
"ENSRNOG00000024924",714
"ENSRNOG00000038881",1
"ENSRNOG00000001963",14
"ENSRNOG00000033623",706
"ENSRNOG00000002797",3
"ENSRNOG00000001875",989
"ENSRNOG00000001976",0
"ENSRNOG00000043345",284
"ENSRNOG00000001618",0
"ENSRNOG00000001754",98
"ENSRNOG00000002746",59523
"ENSRNOG00000067589",130
"ENSRNOG00000001628",0
"ENSRNOG00000001886",520
"ENSRNOG00000001739",2
"ENSRNOG00000070121",66
"ENSRNOG00000001885",356
"ENSRNOG00000001620",252
"ENSRNOG00000002289",0
"ENSRNOG00000001730",3657
"ENSRNOG00000027151",5208
"ENSRNOG00000000281",81
"ENSRNOG00000058687",0
"ENSRNOG00000001880",443
"ENSRNOG00000067813",0
"ENSRNOG00000054045",2
"ENSRNOG00000024960",0
"ENSRNOG00000068260",0
"ENSRNOG00000001621",593
"ENSRNOG00000060852",0
"ENSRNOG00000066140",3
"ENSRNOG00000001884",1155
"ENSRNOG00000002305",0
"ENSRNOG00000041535",0
"ENSRNOG00000040402",0
"ENSRNOG00000055598",45
"ENSRNOG00000001726",166
"ENSRNOG00000046478",0
"ENSRNOG00000050840",1
"ENSRNOG00000035524",1
"ENSRNOG00000049963",0
"ENSRNOG00000035536",1
"ENSRNOG00000037967",344
"ENSRNOG00000068993",0
"ENSRNOG00000035541",0
"ENSRNOG00000046846",0
"ENSRNOG00000035500",0
"ENSRNOG00000048889",0
"ENSRNOG00000001959",4
"ENSRNOG00000035585",0
"ENSRNOG00000040376",0
"ENSRNOG00000066681",1478
"ENSRNOG00000035526",0
"ENSRNOG00000049439",0
"ENSRNOG00000042711",0
"ENSRNOG00000041554",0
"ENSRNOG00000048273",0
"ENSRNOG00000064234",0
"ENSRNOG00000067575",0
"ENSRNOG00000064503",0
"ENSRNOG00000001870",1362
"ENSRNOG00000037983",0
"ENSRNOG00000030314",1802
"ENSRNOG00000061393",1
"ENSRNOG00000068242",0
"ENSRNOG00000040054",0
"ENSRNOG00000001867",781
"ENSRNOG00000051751",0
"ENSRNOG00000001592",1587
"ENSRNOG00000040039",0
"ENSRNOG00000054190",0
"ENSRNOG00000038001",1106
"ENSRNOG00000038835",0
"ENSRNOG00000067668",0
"ENSRNOG00000063259",0
"ENSRNOG00000058167",0
"ENSRNOG00000045728",270
"ENSRNOG00000070582",0
"ENSRNOG00000070808",0
"ENSRNOG00000070861",0
"ENSRNOG00000064806",0
"ENSRNOG00000028648",0
"ENSRNOG00000063723",52
"ENSRNOG00000061283",0
"ENSRNOG00000064720",0
"ENSRNOG00000030984",0
"ENSRNOG00000052338",2
"ENSRNOG00000069948",0
"ENSRNOG00000052562",0
"ENSRNOG00000043471",0
"ENSRNOG00000068634",0
"ENSRNOG00000056025",0
"ENSRNOG00000069664",0
"ENSRNOG00000037957",4
"ENSRNOG00000000288",1690
"ENSRNOG00000066648",0
"ENSRNOG00000068323",0
"ENSRNOG00000066199",5
"ENSRNOG00000056381",0
"ENSRNOG00000068197",0
"ENSRNOG00000054727",0
"ENSRNOG00000063779",0
"ENSRNOG00000001566",0
"ENSRNOG00000051729",0
"ENSRNOG00000059060",0
"ENSRNOG00000002471",23
"ENSRNOG00000001680",169
"ENSRNOG00000053621",0
"ENSRNOG00000050693",0
"ENSRNOG00000056026",1
"ENSRNOG00000001769",291
"ENSRNOG00000056834",0
"ENSRNOG00000069467",0
"ENSRNOG00000042848",21
"ENSRNOG00000052714",0
"ENSRNOG00000060539",2
"ENSRNOG00000023271",498
"ENSRNOG00000001528",0
"ENSRNOG00000056109",0
"ENSRNOG00000037851",394
"ENSRNOG00000054670",0
"ENSRNOG00000056085",0
"ENSRNOG00000064498",2
"ENSRNOG00000070595",0
"ENSRNOG00000065774",0
"ENSRNOG00000068143",0
"ENSRNOG00000063813",3
"ENSRNOG00000058090",0
"ENSRNOG00000071059",0
"ENSRNOG00000002459",11
"ENSRNOG00000065592",24
"ENSRNOG00000070665",1
"ENSRNOG00000001551",324
"ENSRNOG00000063735",0
"ENSRNOG00000068210",0
"ENSRNOG00000065035",3
"ENSRNOG00000040058",0
"ENSRNOG00000053125",0
"ENSRNOG00000062339",40
"ENSRNOG00000064477",0
"ENSRNOG00000030674",0
"ENSRNOG00000002496",1
"ENSRNOG00000056035",0
"ENSRNOG00000056964",372
"ENSRNOG00000064142",330
"ENSRNOG00000001849",3720
"ENSRNOG00000057066",4
"ENSRNOG00000053205",552
"ENSRNOG00000068775",0
"ENSRNOG00000001689",285
"ENSRNOG00000062950",3
"ENSRNOG00000068457",2
"ENSRNOG00000047394",1174
"ENSRNOG00000069704",0
"ENSRNOG00000053629",0
"ENSRNOG00000058660",0
"ENSRNOG00000051434",0
"ENSRNOG00000066320",0
"ENSRNOG00000057568",0
"ENSRNOG00000060082",0
"ENSRNOG00000030920",407
"ENSRNOG00000063446",115
"ENSRNOG00000066003",266
"ENSRNOG00000063810",0
"ENSRNOG00000064256",0
"ENSRNOG00000062757",0
"ENSRNOG00000021891",1018
"ENSRNOG00000069220",0
"ENSRNOG00000027756",1046
"ENSRNOG00000052872",0
"ENSRNOG00000001679",3
"ENSRNOG00000070226",0
"ENSRNOG00000001727",377
"ENSRNOG00000070522",5
"ENSRNOG00000053246",0
"ENSRNOG00000070145",0
"ENSRNOG00000067986",118
"ENSRNOG00000056286",0
"ENSRNOG00000002187",0
"ENSRNOG00000068803",0
"ENSRNOG00000021569",68
"ENSRNOG00000063961",0
"ENSRNOG00000061734",0
"ENSRNOG00000066813",2249
"ENSRNOG00000066195",0
"ENSRNOG00000071064",7
"ENSRNOG00000052928",0
"ENSRNOG00000001829",195
"ENSRNOG00000033933",0
"ENSRNOG00000065454",0
"ENSRNOG00000063620",0
"ENSRNOG00000063692",0
"ENSRNOG00000061658",6
"ENSRNOG00000054745",6
"ENSRNOG00000063379",0
"ENSRNOG00000063237",0
"ENSRNOG00000062557",0
"ENSRNOG00000064530",232
"ENSRNOG00000064725",0
"ENSRNOG00000069380",0
"ENSRNOG00000058468",0
"ENSRNOG00000039689",0
"ENSRNOG00000063170",2162
"ENSRNOG00000057033",0
"ENSRNOG00000068345",3587
"ENSRNOG00000062535",3
"ENSRNOG00000065670",0
"ENSRNOG00000069898",0
"ENSRNOG00000058702",0
"ENSRNOG00000065174",0
"ENSRNOG00000066829",1
"ENSRNOG00000051453",0
"ENSRNOG00000053527",0
"ENSRNOG00000056037",0
"ENSRNOG00000068891",0
"ENSRNOG00000001714",0
"ENSRNOG00000069526",0
"ENSRNOG00000053625",0
"ENSRNOG00000057165",0
"ENSRNOG00000002032",958
"ENSRNOG00000062642",0
"ENSRNOG00000065291",0
"ENSRNOG00000068433",0
"ENSRNOG00000029184",0
"ENSRNOG00000068814",0
"ENSRNOG00000069760",0
"ENSRNOG00000002092",22
"ENSRNOG00000058396",0
"ENSRNOG00000045668",1106
"ENSRNOG00000069502",55
"ENSRNOG00000055491",0
"ENSRNOG00000067652",0
"ENSRNOG00000066937",0
"ENSRNOG00000050898",0
"ENSRNOG00000070389",3
"ENSRNOG00000056031",0
"ENSRNOG00000062985",0
"ENSRNOG00000051898",0
"ENSRNOG00000069619",4
"ENSRNOG00000060476",0
"ENSRNOG00000069129",0
"ENSRNOG00000028638",0
"ENSRNOG00000056119",0
"ENSRNOG00000063192",0
"ENSRNOG00000063822",0
"ENSRNOG00000070188",0
"ENSRNOG00000040063",0
"ENSRNOG00000052768",0
"ENSRNOG00000069048",2
"ENSRNOG00000026870",60
"ENSRNOG00000054228",0
"ENSRNOG00000067473",15
"ENSRNOG00000055311",0
"ENSRNOG00000063214",0
"ENSRNOG00000060986",0
"ENSRNOG00000070128",0
"ENSRNOG00000060264",0
"ENSRNOG00000066127",0
"ENSRNOG00000052026",1
"ENSRNOG00000068094",0
"ENSRNOG00000070046",25
"ENSRNOG00000058838",0
"ENSRNOG00000028670",0
"ENSRNOG00000067170",114
"ENSRNOG00000054912",1
"ENSRNOG00000067715",0
"ENSRNOG00000060035",0
"ENSRNOG00000070580",0
"ENSRNOG00000001704",340
"ENSRNOG00000063650",0
"ENSRNOG00000069387",0
"ENSRNOG00000068612",0
"ENSRNOG00000060275",0
"ENSRNOG00000068092",1
"ENSRNOG00000062566",0
"ENSRNOG00000001584",224
"ENSRNOG00000062978",0
"ENSRNOG00000070870",0
"ENSRNOG00000069234",0
"ENSRNOG00000060397",0
"ENSRNOG00000028658",0
"ENSRNOG00000052098",0
"ENSRNOG00000001979",379
"ENSRNOG00000070255",0
"ENSRNOG00000063020",0
"ENSRNOG00000056995",0
"ENSRNOG00000062680",0
"ENSRNOG00000038597",1570
"ENSRNOG00000067013",5
"ENSRNOG00000054940",0
"ENSRNOG00000065034",1
"ENSRNOG00000069118",0
"ENSRNOG00000061629",0
"ENSRNOG00000058294",0
"ENSRNOG00000002115",2575
"ENSRNOG00000070495",0
"ENSRNOG00000060895",0
"ENSRNOG00000066783",0
"ENSRNOG00000067550",0
"ENSRNOG00000068673",2
"ENSRNOG00000058239",0
"ENSRNOG00000028594",1076
"ENSRNOG00000063377",0
"ENSRNOG00000001825",66
"ENSRNOG00000056812",0
"ENSRNOG00000062427",0
"ENSRNOG00000063571",5
"ENSRNOG00000060372",0
"ENSRNOG00000055121",0
"ENSRNOG00000070084",1
"ENSRNOG00000063074",0
"ENSRNOG00000054363",0
"ENSRNOG00000066588",0
"ENSRNOG00000052779",0
"ENSRNOG00000001657",1156
"ENSRNOG00000060850",0
"ENSRNOG00000002104",748
"ENSRNOG00000067029",0
"ENSRNOG00000068576",0
"ENSRNOG00000070903",0
"ENSRNOG00000070458",0
"ENSRNOG00000067988",107
"ENSRNOG00000063218",1
"ENSRNOG00000066621",0
"ENSRNOG00000068065",0
"ENSRNOG00000065231",1
"ENSRNOG00000070902",0
"ENSRNOG00000065737",0
"ENSRNOG00000052206",0
"ENSRNOG00000029811",60
"ENSRNOG00000060551",0
"ENSRNOG00000001877",1809
"ENSRNOG00000064835",1
"ENSRNOG00000066663",1
"ENSRNOG00000067860",0
"ENSRNOG00000068560",677
"ENSRNOG00000059381",381
"ENSRNOG00000065755",0
"ENSRNOG00000021399",119
"ENSRNOG00000001720",661
"ENSRNOG00000066115",12
"ENSRNOG00000052102",0
"ENSRNOG00000001729",731
"ENSRNOG00000067747",0
"ENSRNOG00000068158",6
"ENSRNOG00000021555",27
"ENSRNOG00000001984",0
"ENSRNOG00000042975",116
"ENSRNOG00000063553",0
"ENSRNOG00000021524",0
"ENSRNOG00000038505",0
"ENSRNOG00000001876",34
"ENSRNOG00000039877",414
"ENSRNOG00000042474",3
"ENSRNOG00000050091",79
"ENSRNOG00000070616",4
"ENSRNOG00000039680",0
"ENSRNOG00000002028",1474
"ENSRNOG00000066465",35
"ENSRNOG00000067941",630
"ENSRNOG00000047699",1880
"ENSRNOG00000002080",445
"ENSRNOG00000069351",0
"ENSRNOG00000001986",0
"ENSRNOG00000001654",205
"ENSRNOG00000001868",1748
"ENSRNOG00000052428",1
"ENSRNOG00000002026",73
"ENSRNOG00000024127",1
"ENSRNOG00000067809",0
"ENSRNOG00000028292",629
"ENSRNOG00000025787",0
"ENSRNOG00000063126",14
"ENSRNOG00000068502",48
"ENSRNOG00000001642",811
"ENSRNOG00000002036",537
"ENSRNOG00000001878",887
"ENSRNOG00000064931",0
"ENSRNOG00000062397",0
"ENSRNOG00000068346",0
"ENSRNOG00000001872",0
"ENSRNOG00000052008",0
"ENSRNOG00000068497",0
"ENSRNOG00000057748",0
"ENSRNOG00000002021",5514
"ENSRNOG00000056680",0
"ENSRNOG00000062424",0
"ENSRNOG00000057324",0
"ENSRNOG00000066842",602
"ENSRNOG00000056215",0
"ENSRNOG00000058009",0
"ENSRNOG00000062537",0
"ENSRNOG00000060760",0
"ENSRNOG00000001575",0
"ENSRNOG00000001717",871
"ENSRNOG00000027797",2244
"ENSRNOG00000001640",471
"ENSRNOG00000040050",0
"ENSRNOG00000002012",118
"ENSRNOG00000001644",5
"ENSRNOG00000025028",780
"ENSRNOG00000002072",183
"ENSRNOG00000001622",6
"ENSRNOG00000028014",75
"ENSRNOG00000001616",591
"ENSRNOG00000038540",0
"ENSRNOG00000024040",176
"ENSRNOG00000002051",1324
"ENSRNOG00000001928",103
"ENSRNOG00000039567",278
"ENSRNOG00000039517",0
"ENSRNOG00000001930",2784
"ENSRNOG00000027888",284
"ENSRNOG00000002001",1805
"ENSRNOG00000030462",0
"ENSRNOG00000063842",0
"ENSRNOG00000065104",1
"ENSRNOG00000046991",201
"ENSRNOG00000063970",0
"ENSRNOG00000065628",0
"ENSRNOG00000065413",0
"ENSRNOG00000022160",0
"ENSRNOG00000070451",0
"ENSRNOG00000068415",22
"ENSRNOG00000039649",0
"ENSRNOG00000064197",0
"ENSRNOG00000038512",0
"ENSRNOG00000069304",0
"ENSRNOG00000069990",0
"ENSRNOG00000001645",968
"ENSRNOG00000024384",0
"ENSRNOG00000046780",0
"ENSRNOG00000052348",1
"ENSRNOG00000001711",438
"ENSRNOG00000039562",20
"ENSRNOG00000068996",0
"ENSRNOG00000033321",142
"ENSRNOG00000025990",0
"ENSRNOG00000065215",950
"ENSRNOG00000065853",3686
"ENSRNOG00000028411",1531
"ENSRNOG00000055751",1
"ENSRNOG00000001833",405
"ENSRNOG00000062881",321
"ENSRNOG00000033603",551
"ENSRNOG00000064655",308
"ENSRNOG00000023917",224
"ENSRNOG00000070865",182
"ENSRNOG00000002253",83
"ENSRNOG00000037909",575
"ENSRNOG00000001613",382
"ENSRNOG00000001931",8
"ENSRNOG00000038610",1666
"ENSRNOG00000026991",11
"ENSRNOG00000001845",715
"ENSRNOG00000055138",0
"ENSRNOG00000067943",235
"ENSRNOG00000001611",780
"ENSRNOG00000001728",329
"ENSRNOG00000052877",0
"ENSRNOG00000001874",2
"ENSRNOG00000001713",1096
"ENSRNOG00000069996",0
"ENSRNOG00000067098",0
"ENSRNOG00000039668",1069
"ENSRNOG00000069169",4
"ENSRNOG00000048109",8800
"ENSRNOG00000001924",0
"ENSRNOG00000001873",0
"ENSRNOG00000031273",6990
"ENSRNOG00000001653",4
"ENSRNOG00000039674",39
"ENSRNOG00000032877",648
"ENSRNOG00000025014",135
"ENSRNOG00000055281",676
"ENSRNOG00000070540",0
"ENSRNOG00000033115",27
"ENSRNOG00000001893",885
"ENSRNOG00000050000",0
"ENSRNOG00000059491",12
"ENSRNOG00000025031",0
"ENSRNOG00000050071",0
"ENSRNOG00000001609",167
"ENSRNOG00000068894",3
"ENSRNOG00000001843",1320
"ENSRNOG00000066515",0
"ENSRNOG00000001991",5337
"ENSRNOG00000070676",0
"ENSRNOG00000001926",0
"ENSRNOG00000051418",0
"ENSRNOG00000030452",12
"ENSRNOG00000068299",2277
"ENSRNOG00000042967",0
"ENSRNOG00000050869",80
"ENSRNOG00000000716",0
"ENSRNOG00000063121",0
"ENSRNOG00000001823",668
"ENSRNOG00000001699",235
"ENSRNOG00000031163",116
"ENSRNOG00000001567",0
"ENSRNOG00000063483",0
"ENSRNOG00000040068",0
"ENSRNOG00000071041",0
"ENSRNOG00000070559",0
"ENSRNOG00000001608",94
"ENSRNOG00000040064",0
"ENSRNOG00000027997",0
"ENSRNOG00000055713",0
"ENSRNOG00000001813",1278
"ENSRNOG00000043017",0
"ENSRNOG00000039678",0
"ENSRNOG00000042680",0
"ENSRNOG00000049911",673
"ENSRNOG00000057156",0
"ENSRNOG00000027691",0
"ENSRNOG00000001982",838
"ENSRNOG00000061897",0
"ENSRNOG00000027478",0
"ENSRNOG00000055793",0
"ENSRNOG00000001571",0
"ENSRNOG00000048374",0
"ENSRNOG00000067486",2
"ENSRNOG00000066669",0
"ENSRNOG00000050096",0
"ENSRNOG00000067558",1
"ENSRNOG00000048212",0
"ENSRNOG00000047848",19
"ENSRNOG00000001570",0
"ENSRNOG00000042531",0
"ENSRNOG00000001971",871
"ENSRNOG00000065419",0
"ENSRNOG00000063617",0
"ENSRNOG00000001862",4443
"ENSRNOG00000001691",0
"ENSRNOG00000060045",1329
"ENSRNOG00000026236",625
"ENSRNOG00000001692",92
"ENSRNOG00000001861",57
"ENSRNOG00000001701",94
"ENSRNOG00000054203",241
"ENSRNOG00000001964",2362
"ENSRNOG00000001865",4
"ENSRNOG00000001860",1
"ENSRNOG00000001686",354
"ENSRNOG00000001864",73
"ENSRNOG00000025252",139
"ENSRNOG00000001684",0
"ENSRNOG00000051458",33
"ENSRNOG00000001958",537
"ENSRNOG00000001681",781
"ENSRNOG00000030245",260
"ENSRNOG00000001989",272
"ENSRNOG00000055545",0
"ENSRNOG00000070534",0
"ENSRNOG00000001662",1185
"ENSRNOG00000032101",1
"ENSRNOG00000001859",186
"ENSRNOG00000026918",0
"ENSRNOG00000026900",796
"ENSRNOG00000051204",479
"ENSRNOG00000021674",217
"ENSRNOG00000000720",156
"ENSRNOG00000001643",763
"ENSRNOG00000068003",0
"ENSRNOG00000050286",55
"ENSRNOG00000028248",0
"ENSRNOG00000047194",463
"ENSRNOG00000070368",145
"ENSRNOG00000068638",34
"ENSRNOG00000030285",65
"ENSRNOG00000028774",449
"ENSRNOG00000069240",4
"ENSRNOG00000029956",184
"ENSRNOG00000000718",2035
"ENSRNOG00000001585",499
"ENSRNOG00000009920",92
"ENSRNOG00000029147",0
"ENSRNOG00000069094",0
"ENSRNOG00000001554",321
"ENSRNOG00000000715",0
"ENSRNOG00000033441",0
"ENSRNOG00000029763",7
"ENSRNOG00000061099",85
"ENSRNOG00000001573",851
"ENSRNOG00000040257",963
"ENSRNOG00000051232",314
"ENSRNOG00000030840",0
"ENSRNOG00000029598",253
"ENSRNOG00000047563",267
"ENSRNOG00000060979",978
"ENSRNOG00000030930",0
"ENSRNOG00000001916",0
"ENSRNOG00000001915",1
"ENSRNOG00000029614",1997
"ENSRNOG00000070402",0
"ENSRNOG00000070302",0
"ENSRNOG00000062450",2
"ENSRNOG00000048723",1221
"ENSRNOG00000064853",0
"ENSRNOG00000000713",34
"ENSRNOG00000001582",850
"ENSRNOG00000006997",16034
"ENSRNOG00000001607",3835
"ENSRNOG00000002126",0
"ENSRNOG00000057794",634
"ENSRNOG00000001603",320
"ENSRNOG00000001602",1044
"ENSRNOG00000001557",470
"ENSRNOG00000001555",334
"ENSRNOG00000063701",0
"ENSRNOG00000001544",0
"ENSRNOG00000001599",111
"ENSRNOG00000001598",406
"ENSRNOG00000040057",0
"ENSRNOG00000038819",10
"ENSRNOG00000045697",3
"ENSRNOG00000042623",3
"ENSRNOG00000052858",2
"ENSRNOG00000011424",0
"ENSRNOG00000067705",48
"ENSRNOG00000055604",0
"ENSRNOG00000028744",0
"ENSRNOG00000011706",0
"ENSRNOG00000031879",1
"ENSRNOG00000046342",52
"ENSRNOG00000056001",0
"ENSRNOG00000061711",0
"ENSRNOG00000038458",11
"ENSRNOG00000013684",0
"ENSRNOG00000038375",1433
"ENSRNOG00000012270",94
"ENSRNOG00000070631",0
"ENSRNOG00000012287",624
"ENSRNOG00000064976",0
"ENSRNOG00000064130",0
"ENSRNOG00000014118",0
"ENSRNOG00000069339",0
"ENSRNOG00000056629",44
"ENSRNOG00000053893",25
"ENSRNOG00000046517",3
"ENSRNOG00000066386",0
"ENSRNOG00000012658",38
"ENSRNOG00000061026",0
"ENSRNOG00000069329",0
"ENSRNOG00000030299",712
"ENSRNOG00000062457",0
"ENSRNOG00000049047",708
"ENSRNOG00000022432",15
"ENSRNOG00000055042",0
"ENSRNOG00000028623",759
"ENSRNOG00000028958",4
"ENSRNOG00000052513",759
"ENSRNOG00000062357",42
"ENSRNOG00000011178",0
"ENSRNOG00000012174",2
"ENSRNOG00000063129",0
"ENSRNOG00000065913",0
"ENSRNOG00000019568",526
"ENSRNOG00000066408",0
"ENSRNOG00000019657",544
"ENSRNOG00000019277",1456
"ENSRNOG00000068580",0
"ENSRNOG00000029606",90
"ENSRNOG00000070460",407
"ENSRNOG00000052647",0
"ENSRNOG00000069508",132
"ENSRNOG00000065365",0
"ENSRNOG00000066563",0
"ENSRNOG00000066481",0
"ENSRNOG00000070007",2
"ENSRNOG00000063316",0
"ENSRNOG00000063304",2
"ENSRNOG00000067165",2
"ENSRNOG00000056897",0
"ENSRNOG00000069841",1
"ENSRNOG00000031335",18
"ENSRNOG00000062412",199
"ENSRNOG00000013740",0
"ENSRNOG00000056463",0
"ENSRNOG00000063166",0
"ENSRNOG00000053759",0
"ENSRNOG00000064995",9
"ENSRNOG00000064072",0
"ENSRNOG00000069986",0
"ENSRNOG00000055781",0
"ENSRNOG00000022798",0
"ENSRNOG00000062866",0
"ENSRNOG00000012087",787
"ENSRNOG00000059357",0
"ENSRNOG00000068397",0
"ENSRNOG00000070563",24
"ENSRNOG00000051532",6
"ENSRNOG00000070600",2
"ENSRNOG00000068710",0
"ENSRNOG00000039624",0
"ENSRNOG00000033057",2
"ENSRNOG00000052164",0
"ENSRNOG00000068115",0
"ENSRNOG00000070698",1
"ENSRNOG00000065379",0
"ENSRNOG00000067559",0
"ENSRNOG00000058620",8
"ENSRNOG00000051457",0
"ENSRNOG00000065614",42
"ENSRNOG00000057479",0
"ENSRNOG00000065045",0
"ENSRNOG00000067448",0
"ENSRNOG00000056455",0
"ENSRNOG00000021726",302
"ENSRNOG00000067856",60
"ENSRNOG00000065919",0
"ENSRNOG00000070105",0
"ENSRNOG00000064791",0
"ENSRNOG00000070194",0
"ENSRNOG00000053083",0
"ENSRNOG00000066947",0
"ENSRNOG00000038157",0
"ENSRNOG00000047977",55
"ENSRNOG00000013502",1658
"ENSRNOG00000070573",0
"ENSRNOG00000016619",741
"ENSRNOG00000059595",0
"ENSRNOG00000021693",572
"ENSRNOG00000038155",0
"ENSRNOG00000067760",0
"ENSRNOG00000053887",2
"ENSRNOG00000066656",0
"ENSRNOG00000065276",0
"ENSRNOG00000063958",0
"ENSRNOG00000066600",1
"ENSRNOG00000010785",0
"ENSRNOG00000061907",0
"ENSRNOG00000069310",0
"ENSRNOG00000064031",0
"ENSRNOG00000068498",0
"ENSRNOG00000069693",0
"ENSRNOG00000064084",151
"ENSRNOG00000057503",0
"ENSRNOG00000066183",0
"ENSRNOG00000069277",0
"ENSRNOG00000038151",0
"ENSRNOG00000051587",0
"ENSRNOG00000067751",0
"ENSRNOG00000068977",0
"ENSRNOG00000052900",0
"ENSRNOG00000038135",0
"ENSRNOG00000066652",2
"ENSRNOG00000070344",0
"ENSRNOG00000065768",0
"ENSRNOG00000061751",0
"ENSRNOG00000067533",0
"ENSRNOG00000032575",274
"ENSRNOG00000070250",4
"ENSRNOG00000061766",0
"ENSRNOG00000022482",1247
"ENSRNOG00000038133",0
"ENSRNOG00000054711",0
"ENSRNOG00000016892",109
"ENSRNOG00000059895",0
"ENSRNOG00000054717",0
"ENSRNOG00000067439",0
"ENSRNOG00000063794",0
"ENSRNOG00000027245",406
"ENSRNOG00000067734",0
"ENSRNOG00000068819",0
"ENSRNOG00000068728",0
"ENSRNOG00000069702",4
"ENSRNOG00000051688",4
"ENSRNOG00000051984",0
"ENSRNOG00000056277",0
"ENSRNOG00000019727",521
"ENSRNOG00000060942",0
"ENSRNOG00000068105",0
"ENSRNOG00000066899",28
"ENSRNOG00000038743",0
"ENSRNOG00000063240",0
"ENSRNOG00000019394",470
"ENSRNOG00000068830",44
"ENSRNOG00000000111",254
"ENSRNOG00000011438",0
"ENSRNOG00000052584",0
"ENSRNOG00000067775",0
"ENSRNOG00000060263",0
"ENSRNOG00000010830",3850
"ENSRNOG00000051395",0
"ENSRNOG00000068570",0
"ENSRNOG00000058732",0
"ENSRNOG00000019433",295
"ENSRNOG00000064380",18
"ENSRNOG00000014624",164
"ENSRNOG00000066596",37
"ENSRNOG00000067215",0
"ENSRNOG00000066084",4
"ENSRNOG00000033351",362
"ENSRNOG00000068713",0
"ENSRNOG00000060710",0
"ENSRNOG00000015280",496
"ENSRNOG00000058362",0
"ENSRNOG00000067949",0
"ENSRNOG00000069662",0
"ENSRNOG00000055692",0
"ENSRNOG00000068505",1
"ENSRNOG00000063780",2
"ENSRNOG00000057559",0
"ENSRNOG00000017671",594
"ENSRNOG00000059650",1
"ENSRNOG00000051475",0
"ENSRNOG00000015498",7
"ENSRNOG00000067021",1
"ENSRNOG00000010633",250
"ENSRNOG00000061634",0
"ENSRNOG00000057492",0
"ENSRNOG00000065964",0
"ENSRNOG00000052855",0
"ENSRNOG00000013751",1013
"ENSRNOG00000064560",1
"ENSRNOG00000063342",0
"ENSRNOG00000062336",0
"ENSRNOG00000054526",0
"ENSRNOG00000070948",0
"ENSRNOG00000066851",0
"ENSRNOG00000056004",0
"ENSRNOG00000063073",3
"ENSRNOG00000018543",0
"ENSRNOG00000034790",0
"ENSRNOG00000012674",0
"ENSRNOG00000066997",0
"ENSRNOG00000067194",11
"ENSRNOG00000063450",0
"ENSRNOG00000070525",0
"ENSRNOG00000063564",9
"ENSRNOG00000060940",1
"ENSRNOG00000022181",0
"ENSRNOG00000067772",1
"ENSRNOG00000057398",0
"ENSRNOG00000055658",11
"ENSRNOG00000070751",18
"ENSRNOG00000014199",1096
"ENSRNOG00000053586",5
"ENSRNOG00000026740",3
"ENSRNOG00000057346",0
"ENSRNOG00000063993",6
"ENSRNOG00000061440",2
"ENSRNOG00000054043",0
"ENSRNOG00000012582",2081
"ENSRNOG00000060692",0
"ENSRNOG00000063268",0
"ENSRNOG00000056664",0
"ENSRNOG00000056682",0
"ENSRNOG00000069705",0
"ENSRNOG00000052262",0
"ENSRNOG00000061709",10
"ENSRNOG00000058395",1
"ENSRNOG00000067837",17
"ENSRNOG00000058810",2
"ENSRNOG00000016256",2899
"ENSRNOG00000015859",1
"ENSRNOG00000018430",0
"ENSRNOG00000059879",0
"ENSRNOG00000069796",1214
"ENSRNOG00000061765",0
"ENSRNOG00000056874",11
"ENSRNOG00000059902",0
"ENSRNOG00000063984",0
"ENSRNOG00000012565",326
"ENSRNOG00000060560",0
"ENSRNOG00000055540",0
"ENSRNOG00000054601",0
"ENSRNOG00000066729",0
"ENSRNOG00000060283",0
"ENSRNOG00000064740",0
"ENSRNOG00000012108",28
"ENSRNOG00000063742",1
"ENSRNOG00000060595",0
"ENSRNOG00000058759",0
"ENSRNOG00000030954",18453
"ENSRNOG00000067252",8
"ENSRNOG00000014741",0
"ENSRNOG00000063369",0
"ENSRNOG00000068203",0
"ENSRNOG00000060537",0
"ENSRNOG00000059707",0
"ENSRNOG00000070763",1
"ENSRNOG00000057474",0
"ENSRNOG00000061090",0
"ENSRNOG00000070454",0
"ENSRNOG00000065107",0
"ENSRNOG00000031189",0
"ENSRNOG00000070981",0
"ENSRNOG00000052526",0
"ENSRNOG00000051550",0
"ENSRNOG00000019222",1652
"ENSRNOG00000066073",0
"ENSRNOG00000070818",57
"ENSRNOG00000058394",0
"ENSRNOG00000046554",0
"ENSRNOG00000062490",0
"ENSRNOG00000060161",0
"ENSRNOG00000066888",0
"ENSRNOG00000035589",0
"ENSRNOG00000052819",0
"ENSRNOG00000050405",0
"ENSRNOG00000059970",0
"ENSRNOG00000064049",1
"ENSRNOG00000016423",2271
"ENSRNOG00000018669",0
"ENSRNOG00000069561",16
"ENSRNOG00000042464",289
"ENSRNOG00000066250",0
"ENSRNOG00000066981",5
"ENSRNOG00000066732",0
"ENSRNOG00000057348",0
"ENSRNOG00000035975",0
"ENSRNOG00000012561",618
"ENSRNOG00000053224",0
"ENSRNOG00000017518",1
"ENSRNOG00000013147",4
"ENSRNOG00000067895",2
"ENSRNOG00000014454",1409
"ENSRNOG00000033444",0
"ENSRNOG00000000112",910
"ENSRNOG00000012333",10
"ENSRNOG00000017397",160
"ENSRNOG00000025365",7
"ENSRNOG00000066109",685
"ENSRNOG00000017536",1762
"ENSRNOG00000061160",25
"ENSRNOG00000020178",1548
"ENSRNOG00000016559",826
"ENSRNOG00000013391",971
"ENSRNOG00000056956",322
"ENSRNOG00000069749",347
"ENSRNOG00000022368",187
"ENSRNOG00000028380",190
"ENSRNOG00000033585",0
"ENSRNOG00000068331",4
"ENSRNOG00000039749",0
"ENSRNOG00000049942",72
"ENSRNOG00000019700",0
"ENSRNOG00000014275",588
"ENSRNOG00000032737",0
"ENSRNOG00000020229",639
"ENSRNOG00000025222",550
"ENSRNOG00000020088",378
"ENSRNOG00000011826",74
"ENSRNOG00000014462",966
"ENSRNOG00000017689",9
"ENSRNOG00000042114",201
"ENSRNOG00000052038",41
"ENSRNOG00000014628",1294
"ENSRNOG00000018233",13906
"ENSRNOG00000012283",0
"ENSRNOG00000023317",2054
"ENSRNOG00000012448",0
"ENSRNOG00000058359",1604
"ENSRNOG00000017554",0
"ENSRNOG00000042867",0
"ENSRNOG00000009824",714
"ENSRNOG00000066883",1
"ENSRNOG00000012739",197
"ENSRNOG00000054006",0
"ENSRNOG00000028299",0
"ENSRNOG00000022686",30
"ENSRNOG00000012991",2320
"ENSRNOG00000017085",483
"ENSRNOG00000055677",0
"ENSRNOG00000011016",950
"ENSRNOG00000018452",79
"ENSRNOG00000053136",3
"ENSRNOG00000042690",1
"ENSRNOG00000049442",6012
"ENSRNOG00000016645",722
"ENSRNOG00000017683",0
"ENSRNOG00000032192",359
"ENSRNOG00000016050",446
"ENSRNOG00000033386",0
"ENSRNOG00000017154",1325
"ENSRNOG00000011116",128
"ENSRNOG00000018167",2
"ENSRNOG00000042658",8
"ENSRNOG00000013763",515
"ENSRNOG00000057751",0
"ENSRNOG00000018170",1212
"ENSRNOG00000020203",0
"ENSRNOG00000011276",966
"ENSRNOG00000026180",346
"ENSRNOG00000010748",1412
"ENSRNOG00000025433",0
"ENSRNOG00000014621",862
"ENSRNOG00000070644",0
"ENSRNOG00000020045",2
"ENSRNOG00000062821",184
"ENSRNOG00000025728",3
"ENSRNOG00000066340",0
"ENSRNOG00000051993",1222
"ENSRNOG00000009738",253
"ENSRNOG00000016015",1093
"ENSRNOG00000019073",429
"ENSRNOG00000023485",4
"ENSRNOG00000064616",780
"ENSRNOG00000020155",630
"ENSRNOG00000045729",0
"ENSRNOG00000010832",957
"ENSRNOG00000033703",1
"ENSRNOG00000059900",54
"ENSRNOG00000011397",0
"ENSRNOG00000018326",1706
"ENSRNOG00000014875",830
"ENSRNOG00000038671",0
"ENSRNOG00000019504",189
"ENSRNOG00000052469",1793
"ENSRNOG00000010714",0
"ENSRNOG00000019971",22880
"ENSRNOG00000065936",0
"ENSRNOG00000048769",0
"ENSRNOG00000068093",2
"ENSRNOG00000068852",0
"ENSRNOG00000019629",9539
"ENSRNOG00000014502",0
"ENSRNOG00000000054",512
"ENSRNOG00000015052",34
"ENSRNOG00000032376",159
"ENSRNOG00000015375",345
"ENSRNOG00000017552",596
"ENSRNOG00000019990",326
"ENSRNOG00000042560",360
"ENSRNOG00000039417",699
"ENSRNOG00000020030",970
"ENSRNOG00000015501",671
"ENSRNOG00000015148",2
"ENSRNOG00000010780",1871
"ENSRNOG00000019572",199
"ENSRNOG00000019649",1216
"ENSRNOG00000069017",1928
"ENSRNOG00000010758",0
"ENSRNOG00000058662",125
"ENSRNOG00000017071",1024
"ENSRNOG00000019009",62
"ENSRNOG00000068301",0
"ENSRNOG00000020134",531
"ENSRNOG00000070518",203
"ENSRNOG00000009846",28
"ENSRNOG00000059091",0
"ENSRNOG00000015496",7597
"ENSRNOG00000012573",0
"ENSRNOG00000067124",0
"ENSRNOG00000067549",129
"ENSRNOG00000018241",4
"ENSRNOG00000064919",1
"ENSRNOG00000019824",496
"ENSRNOG00000011420",6
"ENSRNOG00000015751",16
"ENSRNOG00000014185",0
"ENSRNOG00000027257",137
"ENSRNOG00000067670",0
"ENSRNOG00000010189",1863
"ENSRNOG00000019216",0
"ENSRNOG00000010034",4089
"ENSRNOG00000049498",333
"ENSRNOG00000064081",5
"ENSRNOG00000067161",0
"ENSRNOG00000018823",8626
"ENSRNOG00000010776",1394
"ENSRNOG00000064603",0
"ENSRNOG00000064057",0
"ENSRNOG00000023509",493
"ENSRNOG00000011492",242
"ENSRNOG00000010984",2529
"ENSRNOG00000057966",0
"ENSRNOG00000064888",46
"ENSRNOG00000019955",35
"ENSRNOG00000067022",28
"ENSRNOG00000042580",53
"ENSRNOG00000049856",124
"ENSRNOG00000054322",0
"ENSRNOG00000010155",1345
"ENSRNOG00000015621",219
"ENSRNOG00000012181",100
"ENSRNOG00000014149",0
"ENSRNOG00000023403",72
"ENSRNOG00000015618",88
"ENSRNOG00000032297",1298
"ENSRNOG00000014188",41
"ENSRNOG00000011263",758
"ENSRNOG00000060701",145
"ENSRNOG00000026310",1
"ENSRNOG00000068058",62
"ENSRNOG00000043387",17578
"ENSRNOG00000016186",389
"ENSRNOG00000018943",114
"ENSRNOG00000029441",274
"ENSRNOG00000025012",0
"ENSRNOG00000061945",8
"ENSRNOG00000011992",0
"ENSRNOG00000033528",25
"ENSRNOG00000018147",0
"ENSRNOG00000043249",0
"ENSRNOG00000012001",349
"ENSRNOG00000032550",0
"ENSRNOG00000039786",0
"ENSRNOG00000019639",65
"ENSRNOG00000042628",0
"ENSRNOG00000051048",4367
"ENSRNOG00000012263",638
"ENSRNOG00000039357",0
"ENSRNOG00000028426",22
"ENSRNOG00000019768",0
"ENSRNOG00000017231",2002
"ENSRNOG00000067356",0
"ENSRNOG00000048622",1649
"ENSRNOG00000010558",302
"ENSRNOG00000030199",455
"ENSRNOG00000042426",697
"ENSRNOG00000011891",1351
"ENSRNOG00000025174",2422
"ENSRNOG00000040205",4031
"ENSRNOG00000018764",0
"ENSRNOG00000057716",0
"ENSRNOG00000052129",24
"ENSRNOG00000018650",249
"ENSRNOG00000068874",12
"ENSRNOG00000020078",0
"ENSRNOG00000029903",0
"ENSRNOG00000019018",1881
"ENSRNOG00000054809",1
"ENSRNOG00000018781",483
"ENSRNOG00000017156",66
"ENSRNOG00000030017",250
"ENSRNOG00000065627",54
"ENSRNOG00000017676",1
"ENSRNOG00000014172",0
"ENSRNOG00000062469",0
"ENSRNOG00000068146",0
"ENSRNOG00000012396",0
"ENSRNOG00000017956",2901
"ENSRNOG00000066954",0
"ENSRNOG00000018795",18421
"ENSRNOG00000051911",0
"ENSRNOG00000011407",459
"ENSRNOG00000014339",0
"ENSRNOG00000033912",4
"ENSRNOG00000018040",72
"ENSRNOG00000053706",434
"ENSRNOG00000059057",210
"ENSRNOG00000069283",38
"ENSRNOG00000032995",143
"ENSRNOG00000012841",295
"ENSRNOG00000019630",279
"ENSRNOG00000018822",0
"ENSRNOG00000069755",0
"ENSRNOG00000012779",0
"ENSRNOG00000018952",0
"ENSRNOG00000029522",0
"ENSRNOG00000066938",485
"ENSRNOG00000066630",485
"ENSRNOG00000028707",0
"ENSRNOG00000020427",377
"ENSRNOG00000064390",0
"ENSRNOG00000056947",2
"ENSRNOG00000067523",0
"ENSRNOG00000062395",0
"ENSRNOG00000033318",150
"ENSRNOG00000018996",296
"ENSRNOG00000030093",0
"ENSRNOG00000012767",75
"ENSRNOG00000019656",826
"ENSRNOG00000068468",0
"ENSRNOG00000030524",0
"ENSRNOG00000012790",0
"ENSRNOG00000022247",203
"ENSRNOG00000019273",787
"ENSRNOG00000017949",759
"ENSRNOG00000000109",0
"ENSRNOG00000012878",26
"ENSRNOG00000048036",0
"ENSRNOG00000011474",282
"ENSRNOG00000019097",1286
"ENSRNOG00000049949",71
"ENSRNOG00000011431",983
"ENSRNOG00000042237",7
"ENSRNOG00000042504",51
"ENSRNOG00000011839",213
"ENSRNOG00000010107",2175
"ENSRNOG00000013061",1493
"ENSRNOG00000052111",404
"ENSRNOG00000019697",1228
"ENSRNOG00000011881",140
"ENSRNOG00000011448",318
"ENSRNOG00000031959",1
"ENSRNOG00000019698",109
"ENSRNOG00000013768",0
"ENSRNOG00000011625",2267
"ENSRNOG00000014520",634
"ENSRNOG00000018077",658
"ENSRNOG00000020526",394
"ENSRNOG00000011253",0
"ENSRNOG00000014526",218
"ENSRNOG00000050067",1263
"ENSRNOG00000038130",0
"ENSRNOG00000069920",1
"ENSRNOG00000019741",14
"ENSRNOG00000012329",1267
"ENSRNOG00000019490",1059
"ENSRNOG00000026914",115
"ENSRNOG00000022173",1029
"ENSRNOG00000015021",218
"ENSRNOG00000024930",909
"ENSRNOG00000015109",363
"ENSRNOG00000020599",52
"ENSRNOG00000015182",1222
"ENSRNOG00000014600",0
"ENSRNOG00000011754",0
"ENSRNOG00000012757",115
"ENSRNOG00000070947",0
"ENSRNOG00000020602",156
"ENSRNOG00000039191",0
"ENSRNOG00000022421",929
"ENSRNOG00000010783",320
"ENSRNOG00000020622",2
"ENSRNOG00000026336",0
"ENSRNOG00000019387",1067
"ENSRNOG00000063036",0
"ENSRNOG00000064362",918
"ENSRNOG00000023494",185
"ENSRNOG00000031681",0
"ENSRNOG00000048472",106
"ENSRNOG00000011518",0
"ENSRNOG00000024142",138
"ENSRNOG00000022753",339
"ENSRNOG00000018932",328
"ENSRNOG00000050857",300
"ENSRNOG00000019150",603
"ENSRNOG00000029264",87
"ENSRNOG00000019267",15
"ENSRNOG00000013024",710
"ENSRNOG00000062701",0
"ENSRNOG00000015440",535
"ENSRNOG00000012934",1245
"ENSRNOG00000033972",0
"ENSRNOG00000017783",1
"ENSRNOG00000013939",0
"ENSRNOG00000047276",5812
"ENSRNOG00000012601",1633
"ENSRNOG00000033538",0
"ENSRNOG00000038149",0
"ENSRNOG00000030102",3
"ENSRNOG00000011351",48
"ENSRNOG00000038148",0
"ENSRNOG00000038147",0
"ENSRNOG00000046973",341
"ENSRNOG00000013254",1076
"ENSRNOG00000012654",704
"ENSRNOG00000013957",0
"ENSRNOG00000019473",193
"ENSRNOG00000034275",0
"ENSRNOG00000013884",1243
"ENSRNOG00000014915",603
"ENSRNOG00000019518",31
"ENSRNOG00000070256",0
"ENSRNOG00000023991",118
"ENSRNOG00000024650",497
"ENSRNOG00000065258",0
"ENSRNOG00000019661",15
"ENSRNOG00000028586",261
"ENSRNOG00000022565",2
"ENSRNOG00000010736",57
"ENSRNOG00000016696",165
"ENSRNOG00000032089",0
"ENSRNOG00000023972",4674
"ENSRNOG00000029462",0
"ENSRNOG00000038115",0
"ENSRNOG00000030719",5
"ENSRNOG00000010392",325
"ENSRNOG00000028636",43
"ENSRNOG00000016281",6412
"ENSRNOG00000021805",562
"ENSRNOG00000032304",0
"ENSRNOG00000024837",0
"ENSRNOG00000055499",0
"ENSRNOG00000013541",269
"ENSRNOG00000038129",0
"ENSRNOG00000066120",0
"ENSRNOG00000065076",0
"ENSRNOG00000038128",0
"ENSRNOG00000067812",101
"ENSRNOG00000038126",0
"ENSRNOG00000052152",0
"ENSRNOG00000065710",0
"ENSRNOG00000019228",736
"ENSRNOG00000038106",1361
"ENSRNOG00000028919",0
"ENSRNOG00000016483",0
"ENSRNOG00000066096",0
"ENSRNOG00000022781",2034
"ENSRNOG00000026403",64
"ENSRNOG00000055331",974
"ENSRNOG00000014745",1135
"ENSRNOG00000020269",156
"ENSRNOG00000007748",0
"ENSRNOG00000014464",0
"ENSRNOG00000020280",119
"ENSRNOG00000015426",64
"ENSRNOG00000055140",0
"ENSRNOG00000059166",150
"ENSRNOG00000020345",232
"ENSRNOG00000014598",580
"ENSRNOG00000020390",254
"ENSRNOG00000053026",72
"ENSRNOG00000011921",20
"ENSRNOG00000037753",0
"ENSRNOG00000020400",8
"ENSRNOG00000063117",0
"ENSRNOG00000011858",0
"ENSRNOG00000029977",0
"ENSRNOG00000062799",4
"ENSRNOG00000058908",738
"ENSRNOG00000062801",0
"ENSRNOG00000030889",8
"ENSRNOG00000031521",1
"ENSRNOG00000030778",0
"ENSRNOG00000057653",0
"ENSRNOG00000065368",0
"ENSRNOG00000038744",160
"ENSRNOG00000052883",0
"ENSRNOG00000014605",540
"ENSRNOG00000023473",506
"ENSRNOG00000029662",19
"ENSRNOG00000058940",303
"ENSRNOG00000011636",716
"ENSRNOG00000012623",8139
"ENSRNOG00000018358",1705
"ENSRNOG00000013328",1893
"ENSRNOG00000058006",0
"ENSRNOG00000025408",104
"ENSRNOG00000059442",143
"ENSRNOG00000065146",197
"ENSRNOG00000018434",6
"ENSRNOG00000059097",0
"ENSRNOG00000038473",2
"ENSRNOG00000059865",2
"ENSRNOG00000019718",0
"ENSRNOG00000014422",284
"ENSRNOG00000063991",0
"ENSRNOG00000020080",0
"ENSRNOG00000049689",0
"ENSRNOG00000021966",30
"ENSRNOG00000022726",0
"ENSRNOG00000070491",0
"ENSRNOG00000067462",0
"ENSRNOG00000017051",311
"ENSRNOG00000065891",0
"ENSRNOG00000020077",0
"ENSRNOG00000012218",0
"ENSRNOG00000017369",18
"ENSRNOG00000017997",151
"ENSRNOG00000060767",0
"ENSRNOG00000029131",0
"ENSRNOG00000018075",3332
"ENSRNOG00000011307",1183
"ENSRNOG00000010488",5848
"ENSRNOG00000014133",0
"ENSRNOG00000018179",762
"ENSRNOG00000019760",525
"ENSRNOG00000067867",0
"ENSRNOG00000028461",984
"ENSRNOG00000016064",4239
"ENSRNOG00000010008",488
"ENSRNOG00000013346",4
"ENSRNOG00000028227",2422
"ENSRNOG00000013574",591
"ENSRNOG00000019615",11
"ENSRNOG00000067370",2
"ENSRNOG00000052391",722
"ENSRNOG00000013961",4430
"ENSRNOG00000014363",131
"ENSRNOG00000019559",594
"ENSRNOG00000016346",1261
"ENSRNOG00000068020",755
"ENSRNOG00000014750",975
"ENSRNOG00000060949",8
"ENSRNOG00000031287",0
"ENSRNOG00000066342",0
"ENSRNOG00000067759",0
"ENSRNOG00000024728",102
"ENSRNOG00000051977",4
"ENSRNOG00000011140",173
"ENSRNOG00000055025",0
"ENSRNOG00000063161",0
"ENSRNOG00000010813",837
"ENSRNOG00000017381",2
"ENSRNOG00000005112",5
"ENSRNOG00000023614",0
"ENSRNOG00000063221",20
"ENSRNOG00000019811",194
"ENSRNOG00000019978",640
"ENSRNOG00000013330",76
"ENSRNOG00000043342",10
"ENSRNOG00000012323",2120
"ENSRNOG00000067535",0
"ENSRNOG00000011912",89
"ENSRNOG00000042037",995
"ENSRNOG00000057367",4795
"ENSRNOG00000023700",296
"ENSRNOG00000013260",149
"ENSRNOG00000039591",0
"ENSRNOG00000011165",0
"ENSRNOG00000057542",0
"ENSRNOG00000039601",0
"ENSRNOG00000065091",3
"ENSRNOG00000010358",610
"ENSRNOG00000024411",280
"ENSRNOG00000011861",4
"ENSRNOG00000010418",134
"ENSRNOG00000011775",20
"ENSRNOG00000010682",787
"ENSRNOG00000011293",86
"ENSRNOG00000060395",15
"ENSRNOG00000013167",14
"ENSRNOG00000067282",0
"ENSRNOG00000063109",0
"ENSRNOG00000069425",38
"ENSRNOG00000012037",223
"ENSRNOG00000066721",2942
"ENSRNOG00000067321",0
"ENSRNOG00000010610",0
"ENSRNOG00000069516",16
"ENSRNOG00000060448",173
"ENSRNOG00000063491",137
"ENSRNOG00000013218",84
"ENSRNOG00000010502",373
"ENSRNOG00000062690",1
"ENSRNOG00000010566",140
"ENSRNOG00000046132",1
"ENSRNOG00000046720",7
"ENSRNOG00000007402",1647
"ENSRNOG00000048035",0
"ENSRNOG00000042630",24
"ENSRNOG00000038933",766
"ENSRNOG00000049792",0
"ENSRNOG00000070639",0
"ENSRNOG00000064359",4
"ENSRNOG00000000108",1580
"ENSRNOG00000011416",549
"ENSRNOG00000070483",1488
"ENSRNOG00000048847",2
"ENSRNOG00000059297",0
"ENSRNOG00000010731",9
"ENSRNOG00000070297",0
"ENSRNOG00000022736",265
"ENSRNOG00000011688",29
"ENSRNOG00000013215",202
"ENSRNOG00000012802",6227
"ENSRNOG00000065184",31
"ENSRNOG00000066202",1
"ENSRNOG00000013480",109
"ENSRNOG00000064469",0
"ENSRNOG00000009660",22
"ENSRNOG00000069013",0
"ENSRNOG00000013248",622
"ENSRNOG00000010475",487
"ENSRNOG00000022320",22
"ENSRNOG00000022261",35
"ENSRNOG00000022500",1457
"ENSRNOG00000033638",33
"ENSRNOG00000009590",6
"ENSRNOG00000053529",0
"ENSRNOG00000023034",1
"ENSRNOG00000015225",581
"ENSRNOG00000014645",789
"ENSRNOG00000065037",0
"ENSRNOG00000022957",6
"ENSRNOG00000015971",788
"ENSRNOG00000023013",79
"ENSRNOG00000013738",160
"ENSRNOG00000013774",197
"ENSRNOG00000070204",0
"ENSRNOG00000059142",134
"ENSRNOG00000069576",0
"ENSRNOG00000027066",4
"ENSRNOG00000024671",1124
"ENSRNOG00000070823",0
"ENSRNOG00000043219",204
"ENSRNOG00000067639",171
"ENSRNOG00000015834",0
"ENSRNOG00000025422",0
"ENSRNOG00000016087",472
"ENSRNOG00000015840",884
"ENSRNOG00000026136",387
"ENSRNOG00000020084",6
"ENSRNOG00000054953",3
"ENSRNOG00000046264",5
"ENSRNOG00000067520",0
"ENSRNOG00000019744",0
"ENSRNOG00000014426",7509
"ENSRNOG00000063843",2042
"ENSRNOG00000029244",48
"ENSRNOG00000018525",1
"ENSRNOG00000018724",2
"ENSRNOG00000066477",81
"ENSRNOG00000013674",21
"ENSRNOG00000067527",0
"ENSRNOG00000017091",669
"ENSRNOG00000066512",6
"ENSRNOG00000014808",462
"ENSRNOG00000058193",1
"ENSRNOG00000065460",0
"ENSRNOG00000016773",1728
"ENSRNOG00000015161",179
"ENSRNOG00000066074",0
"ENSRNOG00000026060",153
"ENSRNOG00000022429",0
"ENSRNOG00000039471",372
"ENSRNOG00000039470",349
"ENSRNOG00000019014",1555
"ENSRNOG00000018254",0
"ENSRNOG00000016250",1667
"ENSRNOG00000018774",280
"ENSRNOG00000016433",1952
"ENSRNOG00000030247",1399
"ENSRNOG00000019577",0
"ENSRNOG00000017832",1150
"ENSRNOG00000033015",0
"ENSRNOG00000060334",3
"ENSRNOG00000067774",2
"ENSRNOG00000038211",10
"ENSRNOG00000064792",1
"ENSRNOG00000015591",606
"ENSRNOG00000016677",1160
"ENSRNOG00000068672",115
"ENSRNOG00000016231",563
"ENSRNOG00000018461",41512
"ENSRNOG00000069464",48
"ENSRNOG00000011382",428
"ENSRNOG00000012795",162
"ENSRNOG00000018089",504
"ENSRNOG00000060410",103
"ENSRNOG00000023412",116
"ENSRNOG00000017488",513
"ENSRNOG00000023433",2413
"ENSRNOG00000017849",156
"ENSRNOG00000017416",5996
"ENSRNOG00000016887",0
"ENSRNOG00000030486",1840
"ENSRNOG00000029370",32
"ENSRNOG00000017035",864
"ENSRNOG00000019276",784
"ENSRNOG00000050152",8
"ENSRNOG00000019711",1188
"ENSRNOG00000013281",549
"ENSRNOG00000002908",1707
"ENSRNOG00000023197",1082
"ENSRNOG00000019235",1127
"ENSRNOG00000015772",21
"ENSRNOG00000071008",10
"ENSRNOG00000016021",353
"ENSRNOG00000014459",255
"ENSRNOG00000016275",0
"ENSRNOG00000019181",2921
"ENSRNOG00000065480",0
"ENSRNOG00000050949",228
"ENSRNOG00000018304",1768
"ENSRNOG00000049345",0
"ENSRNOG00000019536",380
"ENSRNOG00000013714",221
"ENSRNOG00000064275",332
"ENSRNOG00000015383",33
"ENSRNOG00000019298",1844
"ENSRNOG00000016366",148
"ENSRNOG00000066369",4
"ENSRNOG00000019403",1
"ENSRNOG00000015035",0
"ENSRNOG00000030363",0
"ENSRNOG00000015418",0
"ENSRNOG00000062552",597
"ENSRNOG00000018082",282
"ENSRNOG00000031092",361
"ENSRNOG00000022156",0
"ENSRNOG00000057832",2
"ENSRNOG00000063070",4884
"ENSRNOG00000056258",0
"ENSRNOG00000015602",1207
"ENSRNOG00000018414",5
"ENSRNOG00000016874",1283
"ENSRNOG00000017159",0
"ENSRNOG00000064251",0
"ENSRNOG00000022202",1377
"ENSRNOG00000039260",0
"ENSRNOG00000018992",1796
"ENSRNOG00000066013",6323
"ENSRNOG00000011300",45
"ENSRNOG00000003541",306
"ENSRNOG00000052723",0
"ENSRNOG00000052312",2
"ENSRNOG00000068558",4
"ENSRNOG00000055349",0
"ENSRNOG00000019159",1
"ENSRNOG00000052888",0
"ENSRNOG00000015546",452
"ENSRNOG00000056958",1
"ENSRNOG00000057533",0
"ENSRNOG00000063255",0
"ENSRNOG00000054451",0
"ENSRNOG00000057432",0
"ENSRNOG00000054092",0
"ENSRNOG00000015645",331
"ENSRNOG00000065966",0
"ENSRNOG00000066739",0
"ENSRNOG00000068446",0
"ENSRNOG00000018371",1209
"ENSRNOG00000067228",0
"ENSRNOG00000069179",0
"ENSRNOG00000035474",0
"ENSRNOG00000035602",0
"ENSRNOG00000018780",4
"ENSRNOG00000043820",0
"ENSRNOG00000035521",0
"ENSRNOG00000017965",521
"ENSRNOG00000044615",1
"ENSRNOG00000035523",1
"ENSRNOG00000039969",0
"ENSRNOG00000035651",0
"ENSRNOG00000035603",0
"ENSRNOG00000003559",67
"ENSRNOG00000035517",0
"ENSRNOG00000017954",180
"ENSRNOG00000018820",2
"ENSRNOG00000016685",0
"ENSRNOG00000016675",0
"ENSRNOG00000016853",0
"ENSRNOG00000042070",29
"ENSRNOG00000003691",3987
"ENSRNOG00000016800",1807
"ENSRNOG00000016417",65
"ENSRNOG00000031421",912
"ENSRNOG00000049629",5
"ENSRNOG00000014775",0
"ENSRNOG00000018132",823
"ENSRNOG00000052952",7
"ENSRNOG00000027103",0
"ENSRNOG00000027355",437
"ENSRNOG00000020103",0
"ENSRNOG00000042879",2417
"ENSRNOG00000039476",13
"ENSRNOG00000017568",0
"ENSRNOG00000020095",24
"ENSRNOG00000064596",0
"ENSRNOG00000068550",0
"ENSRNOG00000020073",10
"ENSRNOG00000031060",0
"ENSRNOG00000020072",22
"ENSRNOG00000013867",182
"ENSRNOG00000015205",2
"ENSRNOG00000018676",691
"ENSRNOG00000020066",16
"ENSRNOG00000018644",160
"ENSRNOG00000033719",47
"ENSRNOG00000020062",25
"ENSRNOG00000000158",2
"ENSRNOG00000069290",0
"ENSRNOG00000020054",21
"ENSRNOG00000012899",398
"ENSRNOG00000039472",259
"ENSRNOG00000064758",0
"ENSRNOG00000058823",0
"ENSRNOG00000033123",61
"ENSRNOG00000065236",0
"ENSRNOG00000059289",0
"ENSRNOG00000033479",41
"ENSRNOG00000012597",881
"ENSRNOG00000063965",0
"ENSRNOG00000071175",1
"ENSRNOG00000051796",0
"ENSRNOG00000020028",162
"ENSRNOG00000070610",0
"ENSRNOG00000064492",0
"ENSRNOG00000038412",7
"ENSRNOG00000057382",1
"ENSRNOG00000016216",131
"ENSRNOG00000059918",0
"ENSRNOG00000069512",0
"ENSRNOG00000054066",0
"ENSRNOG00000050666",42
"ENSRNOG00000016612",112
"ENSRNOG00000051492",0
"ENSRNOG00000052686",0
"ENSRNOG00000003575",0
"ENSRNOG00000069260",3
"ENSRNOG00000052373",1
"ENSRNOG00000030301",0
"ENSRNOG00000064396",0
"ENSRNOG00000070001",0
"ENSRNOG00000063267",0
"ENSRNOG00000048101",168
"ENSRNOG00000070357",3
"ENSRNOG00000067352",0
"ENSRNOG00000066412",0
"ENSRNOG00000061296",0
"ENSRNOG00000060083",0
"ENSRNOG00000066272",0
"ENSRNOG00000064926",0
"ENSRNOG00000030131",293
"ENSRNOG00000065626",0
"ENSRNOG00000053664",0
"ENSRNOG00000068520",0
"ENSRNOG00000056053",0
"ENSRNOG00000058459",0
"ENSRNOG00000023492",58
"ENSRNOG00000064736",0
"ENSRNOG00000065378",47
"ENSRNOG00000056994",0
"ENSRNOG00000053926",0
"ENSRNOG00000057621",0
"ENSRNOG00000019542",1113
"ENSRNOG00000027250",836
"ENSRNOG00000060362",16
"ENSRNOG00000070435",0
"ENSRNOG00000049137",183
"ENSRNOG00000069602",0
"ENSRNOG00000063364",0
"ENSRNOG00000067738",0
"ENSRNOG00000066354",0
"ENSRNOG00000016562",318
"ENSRNOG00000060360",5
"ENSRNOG00000068438",0
"ENSRNOG00000056317",0
"ENSRNOG00000038955",103
"ENSRNOG00000065120",835
"ENSRNOG00000063115",697
"ENSRNOG00000066709",0
"ENSRNOG00000063272",0
"ENSRNOG00000062623",0
"ENSRNOG00000070893",0
"ENSRNOG00000061115",0
"ENSRNOG00000012016",945
"ENSRNOG00000068584",0
"ENSRNOG00000058981",0
"ENSRNOG00000055852",0
"ENSRNOG00000060761",0
"ENSRNOG00000046787",0
"ENSRNOG00000060774",0
"ENSRNOG00000017503",32
"ENSRNOG00000067928",0
"ENSRNOG00000065803",0
"ENSRNOG00000014031",130
"ENSRNOG00000053670",3
"ENSRNOG00000018842",0
"ENSRNOG00000069327",0
"ENSRNOG00000034597",0
"ENSRNOG00000003578",650
"ENSRNOG00000065250",0
"ENSRNOG00000063554",0
"ENSRNOG00000065859",0
"ENSRNOG00000063765",0
"ENSRNOG00000061627",0
"ENSRNOG00000066649",36
"ENSRNOG00000066897",0
"ENSRNOG00000052137",0
"ENSRNOG00000025324",658
"ENSRNOG00000058986",0
"ENSRNOG00000066774",6
"ENSRNOG00000020423",2056
"ENSRNOG00000063799",23
"ENSRNOG00000057114",0
"ENSRNOG00000045895",433
"ENSRNOG00000069919",45
"ENSRNOG00000066317",0
"ENSRNOG00000066466",69
"ENSRNOG00000063313",5425
"ENSRNOG00000054381",0
"ENSRNOG00000063195",0
"ENSRNOG00000066439",6
"ENSRNOG00000052496",0
"ENSRNOG00000065652",0
"ENSRNOG00000056684",0
"ENSRNOG00000064669",10
"ENSRNOG00000065471",0
"ENSRNOG00000061030",0
"ENSRNOG00000064474",0
"ENSRNOG00000068178",0
"ENSRNOG00000071191",0
"ENSRNOG00000067429",4
"ENSRNOG00000070005",0
"ENSRNOG00000069653",358
"ENSRNOG00000056510",1
"ENSRNOG00000066321",43
"ENSRNOG00000056808",0
"ENSRNOG00000070403",0
"ENSRNOG00000069021",0
"ENSRNOG00000013180",523
"ENSRNOG00000070237",0
"ENSRNOG00000067322",0
"ENSRNOG00000028381",1
"ENSRNOG00000013116",0
"ENSRNOG00000061564",16
"ENSRNOG00000058384",0
"ENSRNOG00000019995",445
"ENSRNOG00000057317",0
"ENSRNOG00000031591",2
"ENSRNOG00000068747",365
"ENSRNOG00000051715",0
"ENSRNOG00000062559",3
"ENSRNOG00000011853",1433
"ENSRNOG00000061580",0
"ENSRNOG00000047436",26
"ENSRNOG00000019695",64
"ENSRNOG00000064788",4
"ENSRNOG00000053549",0
"ENSRNOG00000068478",9
"ENSRNOG00000061074",1
"ENSRNOG00000063634",23
"ENSRNOG00000063513",18
"ENSRNOG00000059171",1
"ENSRNOG00000039463",114
"ENSRNOG00000061205",0
"ENSRNOG00000019643",187
"ENSRNOG00000070478",6
"ENSRNOG00000058148",0
"ENSRNOG00000066492",0
"ENSRNOG00000055561",0
"ENSRNOG00000068149",2
"ENSRNOG00000054799",0
"ENSRNOG00000016879",612
"ENSRNOG00000066558",0
"ENSRNOG00000039593",19
"ENSRNOG00000051481",3
"ENSRNOG00000064107",12
"ENSRNOG00000011271",825
"ENSRNOG00000067754",11
"ENSRNOG00000060097",0
"ENSRNOG00000060797",0
"ENSRNOG00000062545",19
"ENSRNOG00000054058",855
"ENSRNOG00000048704",177
"ENSRNOG00000058091",0
"ENSRNOG00000069131",1
"ENSRNOG00000066114",0
"ENSRNOG00000059035",0
"ENSRNOG00000068859",371
"ENSRNOG00000053295",0
"ENSRNOG00000063977",0
"ENSRNOG00000056815",0
"ENSRNOG00000056920",0
"ENSRNOG00000032873",0
"ENSRNOG00000066933",60
"ENSRNOG00000056405",0
"ENSRNOG00000063673",16
"ENSRNOG00000052234",0
"ENSRNOG00000061285",0
"ENSRNOG00000035926",0
"ENSRNOG00000064751",0
"ENSRNOG00000064928",0
"ENSRNOG00000065577",0
"ENSRNOG00000018735",62
"ENSRNOG00000071215",0
"ENSRNOG00000060679",0
"ENSRNOG00000016698",586
"ENSRNOG00000019450",966
"ENSRNOG00000067206",0
"ENSRNOG00000068060",34
"ENSRNOG00000068154",0
"ENSRNOG00000064030",0
"ENSRNOG00000057068",0
"ENSRNOG00000062598",820
"ENSRNOG00000058936",0
"ENSRNOG00000068618",1
"ENSRNOG00000055927",0
"ENSRNOG00000042137",134
"ENSRNOG00000047186",1
"ENSRNOG00000053417",0
"ENSRNOG00000071083",9
"ENSRNOG00000066944",0
"ENSRNOG00000057598",0
"ENSRNOG00000054858",0
"ENSRNOG00000067857",2
"ENSRNOG00000070786",2
"ENSRNOG00000064768",0
"ENSRNOG00000045844",853
"ENSRNOG00000065428",0
"ENSRNOG00000053481",0
"ENSRNOG00000055276",0
"ENSRNOG00000039241",262
"ENSRNOG00000054926",0
"ENSRNOG00000061017",0
"ENSRNOG00000068742",0
"ENSRNOG00000026108",1334
"ENSRNOG00000069613",4
"ENSRNOG00000019525",6713
"ENSRNOG00000062470",203
"ENSRNOG00000039251",0
"ENSRNOG00000065879",0
"ENSRNOG00000066797",0
"ENSRNOG00000067687",364
"ENSRNOG00000066557",13
"ENSRNOG00000003950",17
"ENSRNOG00000019305",100
"ENSRNOG00000062995",0
"ENSRNOG00000064307",0
"ENSRNOG00000062721",765
"ENSRNOG00000060302",0
"ENSRNOG00000005796",5620
"ENSRNOG00000062510",0
"ENSRNOG00000069336",2
"ENSRNOG00000066854",385
"ENSRNOG00000000157",249
"ENSRNOG00000070938",135
"ENSRNOG00000020204",218
"ENSRNOG00000065669",1
"ENSRNOG00000019134",0
"ENSRNOG00000068121",16
"ENSRNOG00000062486",121
"ENSRNOG00000003829",806
"ENSRNOG00000047085",10
"ENSRNOG00000070699",1
"ENSRNOG00000020167",6646
"ENSRNOG00000064699",2
"ENSRNOG00000068881",0
"ENSRNOG00000022009",1
"ENSRNOG00000004033",126
"ENSRNOG00000020118",23
"ENSRNOG00000070011",409
"ENSRNOG00000014376",0
"ENSRNOG00000018646",261
"ENSRNOG00000062435",0
"ENSRNOG00000069808",14
"ENSRNOG00000070090",129
"ENSRNOG00000019826",141
"ENSRNOG00000019422",3112
"ENSRNOG00000018849",1550
"ENSRNOG00000042716",0
"ENSRNOG00000020024",192
"ENSRNOG00000052665",7
"ENSRNOG00000068493",0
"ENSRNOG00000038793",2
"ENSRNOG00000019177",0
"ENSRNOG00000043250",0
"ENSRNOG00000065920",0
"ENSRNOG00000017840",705
"ENSRNOG00000042727",1
"ENSRNOG00000018712",12
"ENSRNOG00000016467",518
"ENSRNOG00000010440",71
"ENSRNOG00000019217",37
"ENSRNOG00000002697",524
"ENSRNOG00000018851",19
"ENSRNOG00000068793",1
"ENSRNOG00000018648",306
"ENSRNOG00000055527",2
"ENSRNOG00000015777",1062
"ENSRNOG00000019875",842
"ENSRNOG00000033099",0
"ENSRNOG00000038784",70
"ENSRNOG00000012852",594
"ENSRNOG00000069286",3103
"ENSRNOG00000015806",0
"ENSRNOG00000017816",0
"ENSRNOG00000020340",464
"ENSRNOG00000051965",2445
"ENSRNOG00000056435",143
"ENSRNOG00000063574",0
"ENSRNOG00000038592",14
"ENSRNOG00000024066",183
"ENSRNOG00000013073",0
"ENSRNOG00000018053",1137
"ENSRNOG00000024426",2
"ENSRNOG00000058856",39
"ENSRNOG00000051817",0
"ENSRNOG00000030156",0
"ENSRNOG00000067712",0
"ENSRNOG00000014585",14
"ENSRNOG00000025590",0
"ENSRNOG00000022955",0
"ENSRNOG00000019934",347
"ENSRNOG00000015895",324
"ENSRNOG00000061695",8
"ENSRNOG00000024104",128
"ENSRNOG00000014503",0
"ENSRNOG00000017852",2633
"ENSRNOG00000003958",559
"ENSRNOG00000016043",0
"ENSRNOG00000023376",1244
"ENSRNOG00000028712",0
"ENSRNOG00000016532",594
"ENSRNOG00000018425",1517
"ENSRNOG00000020468",75
"ENSRNOG00000039325",0
"ENSRNOG00000016207",848
"ENSRNOG00000014988",0
"ENSRNOG00000029096",0
"ENSRNOG00000067741",24015
"ENSRNOG00000015332",725
"ENSRNOG00000038957",0
"ENSRNOG00000046744",128
"ENSRNOG00000028677",442
"ENSRNOG00000061507",3
"ENSRNOG00000018692",0
"ENSRNOG00000065095",470
"ENSRNOG00000063041",0
"ENSRNOG00000042387",247
"ENSRNOG00000015113",38
"ENSRNOG00000063575",7
"ENSRNOG00000050226",19
"ENSRNOG00000026324",100
"ENSRNOG00000033808",1
"ENSRNOG00000030321",72
"ENSRNOG00000013622",480
"ENSRNOG00000024428",1018
"ENSRNOG00000034073",0
"ENSRNOG00000025502",2
"ENSRNOG00000004661",0
"ENSRNOG00000016671",325
"ENSRNOG00000012111",145
"ENSRNOG00000014089",307
"ENSRNOG00000068190",120
"ENSRNOG00000017421",1
"ENSRNOG00000031244",3890
"ENSRNOG00000029958",2896
"ENSRNOG00000017036",241
"ENSRNOG00000016409",2
"ENSRNOG00000063474",0
"ENSRNOG00000030649",0
"ENSRNOG00000014614",904
"ENSRNOG00000030439",108
"ENSRNOG00000014981",1157
"ENSRNOG00000000113",75
"ENSRNOG00000030364",3106
"ENSRNOG00000039596",19
"ENSRNOG00000017116",1409
"ENSRNOG00000034237",6186
"ENSRNOG00000018359",371
"ENSRNOG00000049681",2417
"ENSRNOG00000018680",292
"ENSRNOG00000018914",844
"ENSRNOG00000024241",1363
"ENSRNOG00000015401",0
"ENSRNOG00000046154",300
"ENSRNOG00000069511",0
"ENSRNOG00000026023",268
"ENSRNOG00000015867",0
"ENSRNOG00000016036",611
"ENSRNOG00000018305",0
"ENSRNOG00000066011",0
"ENSRNOG00000025687",0
"ENSRNOG00000017333",0
"ENSRNOG00000018653",375
"ENSRNOG00000022364",0
"ENSRNOG00000018775",458
"ENSRNOG00000019365",18
"ENSRNOG00000020309",0
"ENSRNOG00000020478",1
"ENSRNOG00000012405",531
"ENSRNOG00000028703",1422
"ENSRNOG00000025489",10
"ENSRNOG00000015301",646
"ENSRNOG00000060281",2
"ENSRNOG00000061675",1
"ENSRNOG00000020492",11
"ENSRNOG00000024008",107
"ENSRNOG00000020384",1713
"ENSRNOG00000052628",2
"ENSRNOG00000020261",686
"ENSRNOG00000062351",0
"ENSRNOG00000068914",9517
"ENSRNOG00000017181",113
"ENSRNOG00000029939",2116
"ENSRNOG00000016632",0
"ENSRNOG00000043304",188
"ENSRNOG00000066505",4515
"ENSRNOG00000016928",0
"ENSRNOG00000050200",1328
"ENSRNOG00000024470",2492
"ENSRNOG00000062986",14
"ENSRNOG00000019093",0
"ENSRNOG00000024952",59
"ENSRNOG00000016526",0
"ENSRNOG00000019063",627
"ENSRNOG00000016944",0
"ENSRNOG00000067851",1
"ENSRNOG00000020157",0
"ENSRNOG00000018818",1177
"ENSRNOG00000047924",16
"ENSRNOG00000026050",43
"ENSRNOG00000018694",6
"ENSRNOG00000014630",250
"ENSRNOG00000018006",0
"ENSRNOG00000015582",309
"ENSRNOG00000069557",0
"ENSRNOG00000064875",2
"ENSRNOG00000017819",297
"ENSRNOG00000018387",846
"ENSRNOG00000014096",4296
"ENSRNOG00000016999",0
"ENSRNOG00000065110",5
"ENSRNOG00000024640",1
"ENSRNOG00000017410",0
"ENSRNOG00000069089",0
"ENSRNOG00000070983",2406
"ENSRNOG00000019618",1827
"ENSRNOG00000018505",128
"ENSRNOG00000017718",108
"ENSRNOG00000017571",434
"ENSRNOG00000019575",92
"ENSRNOG00000017788",2
"ENSRNOG00000017251",1154
"ENSRNOG00000017493",1638
"ENSRNOG00000039415",82
"ENSRNOG00000067168",14
"ENSRNOG00000016894",2
"ENSRNOG00000028105",541
"ENSRNOG00000019976",37
"ENSRNOG00000066807",0
"ENSRNOG00000017610",789
"ENSRNOG00000045637",2064
"ENSRNOG00000047213",2303
"ENSRNOG00000014104",2
"ENSRNOG00000013562",2841
"ENSRNOG00000032878",3011
"ENSRNOG00000031197",258
"ENSRNOG00000068869",0
"ENSRNOG00000014564",1111
"ENSRNOG00000069221",0
"ENSRNOG00000013920",63
"ENSRNOG00000053112",0
"ENSRNOG00000014527",2
"ENSRNOG00000022691",2
"ENSRNOG00000019688",771
"ENSRNOG00000018140",800
"ENSRNOG00000050414",113
"ENSRNOG00000013851",575
"ENSRNOG00000021918",277
"ENSRNOG00000039250",0
"ENSRNOG00000013766",1120
"ENSRNOG00000019265",1
"ENSRNOG00000028902",0
"ENSRNOG00000068205",0
"ENSRNOG00000017729",641
"ENSRNOG00000018342",220
"ENSRNOG00000018770",251
"ENSRNOG00000017453",505
"ENSRNOG00000043171",386
"ENSRNOG00000027230",4
"ENSRNOG00000018516",258
"ENSRNOG00000063768",14
"ENSRNOG00000067472",637
"ENSRNOG00000016681",0
"ENSRNOG00000017215",268
"ENSRNOG00000062247",1787
"ENSRNOG00000021381",24
"ENSRNOG00000033588",1
"ENSRNOG00000054118",1155
"ENSRNOG00000012176",62
"ENSRNOG00000017067",160
"ENSRNOG00000048824",1
"ENSRNOG00000020119",11
"ENSRNOG00000017032",8970
"ENSRNOG00000016987",5
"ENSRNOG00000066960",5
"ENSRNOG00000011225",282
"ENSRNOG00000052894",801
"ENSRNOG00000029466",102
"ENSRNOG00000015275",119
"ENSRNOG00000017146",162
"ENSRNOG00000026912",0
"ENSRNOG00000065450",0
"ENSRNOG00000063467",0
"ENSRNOG00000016753",0
"ENSRNOG00000061474",602
"ENSRNOG00000061714",2
"ENSRNOG00000053370",935
"ENSRNOG00000016654",0
"ENSRNOG00000055157",541
"ENSRNOG00000016208",1585
"ENSRNOG00000055647",216
"ENSRNOG00000057774",830
"ENSRNOG00000059055",2
"ENSRNOG00000016246",1388
"ENSRNOG00000016239",341
"ENSRNOG00000016258",735
"ENSRNOG00000013654",0
"ENSRNOG00000027739",20
"ENSRNOG00000014006",0
"ENSRNOG00000015448",2
"ENSRNOG00000070068",981
"ENSRNOG00000015142",104
"ENSRNOG00000038225",18
"ENSRNOG00000067088",16
"ENSRNOG00000043357",252
"ENSRNOG00000063816",0
"ENSRNOG00000016516",3
"ENSRNOG00000038241",0
"ENSRNOG00000059215",196
"ENSRNOG00000053640",0
"ENSRNOG00000032039",890
"ENSRNOG00000038190",0
"ENSRNOG00000026116",0
"ENSRNOG00000045740",1483
"ENSRNOG00000038212",332
"ENSRNOG00000038197",0
"ENSRNOG00000016303",707
"ENSRNOG00000038200",146
"ENSRNOG00000039152",1
"ENSRNOG00000016695",1141
"ENSRNOG00000063111",0
"ENSRNOG00000071201",0
"ENSRNOG00000025420",2
"ENSRNOG00000038766",1561
"ENSRNOG00000019931",0
"ENSRNOG00000035501",40
"ENSRNOG00000005911",2
"ENSRNOG00000035569",0
"ENSRNOG00000045722",0
"ENSRNOG00000036417",0
"ENSRNOG00000062839",24
"ENSRNOG00000012428",252
"ENSRNOG00000014097",714
"ENSRNOG00000049334",0
"ENSRNOG00000035597",0
"ENSRNOG00000041787",0
"ENSRNOG00000042983",2123
"ENSRNOG00000035609",0
"ENSRNOG00000045556",0
"ENSRNOG00000036416",0
"ENSRNOG00000070420",0
"ENSRNOG00000035643",0
"ENSRNOG00000016971",314
"ENSRNOG00000055568",180
"ENSRNOG00000035644",0
"ENSRNOG00000064690",22
"ENSRNOG00000062604",0
"ENSRNOG00000022593",1326
"ENSRNOG00000013216",181
"ENSRNOG00000070043",61
"ENSRNOG00000038741",1
"ENSRNOG00000005747",6
"ENSRNOG00000015690",0
"ENSRNOG00000062825",765
"ENSRNOG00000066493",0
"ENSRNOG00000005729",0
"ENSRNOG00000050034",7
"ENSRNOG00000055446",3339
"ENSRNOG00000003853",707
"ENSRNOG00000005619",2
"ENSRNOG00000005533",10
"ENSRNOG00000018884",1289
"ENSRNOG00000033226",34
"ENSRNOG00000003755",2
"ENSRNOG00000013465",24
"ENSRNOG00000064376",0
"ENSRNOG00000039001",4
"ENSRNOG00000014371",5242
"ENSRNOG00000019482",304
"ENSRNOG00000039079",0
"ENSRNOG00000017546",7
"ENSRNOG00000014124",1
"ENSRNOG00000016245",46
"ENSRNOG00000015253",128
"ENSRNOG00000016224",95
"ENSRNOG00000063609",188
"ENSRNOG00000018668",4419
"ENSRNOG00000014626",391
"ENSRNOG00000053623",0
"ENSRNOG00000065861",459
"ENSRNOG00000021521",4
"ENSRNOG00000003479",574
"ENSRNOG00000020129",2871
"ENSRNOG00000062467",1
"ENSRNOG00000028501",915
"ENSRNOG00000034007",480
"ENSRNOG00000005257",1067
"ENSRNOG00000011728",2142
"ENSRNOG00000015063",130
"ENSRNOG00000011991",444
"ENSRNOG00000018296",377
"ENSRNOG00000069574",0
"ENSRNOG00000018345",3287
"ENSRNOG00000049784",811
"ENSRNOG00000015588",1016
"ENSRNOG00000014668",482
"ENSRNOG00000014658",0
"ENSRNOG00000068690",72
"ENSRNOG00000020344",211
"ENSRNOG00000014415",4549
"ENSRNOG00000005115",97
"ENSRNOG00000003439",144
"ENSRNOG00000016190",493
"ENSRNOG00000017953",62
"ENSRNOG00000028176",294
"ENSRNOG00000011296",232
"ENSRNOG00000015746",1
"ENSRNOG00000011829",396
"ENSRNOG00000052310",11
"ENSRNOG00000025796",170
"ENSRNOG00000019140",316
"ENSRNOG00000011422",491
"ENSRNOG00000000010",0
"ENSRNOG00000045541",10
"ENSRNOG00000066994",0
"ENSRNOG00000011535",820
"ENSRNOG00000006747",714
"ENSRNOG00000026964",73
"ENSRNOG00000024182",0
"ENSRNOG00000003461",361
"ENSRNOG00000053895",64
"ENSRNOG00000017209",26
"ENSRNOG00000015179",217
"ENSRNOG00000015242",226
"ENSRNOG00000011697",1246
"ENSRNOG00000013178",417
"ENSRNOG00000000262",298
"ENSRNOG00000006741",6
"ENSRNOG00000026791",1
"ENSRNOG00000016509",968
"ENSRNOG00000024101",1369
"ENSRNOG00000019859",252
"ENSRNOG00000049456",0
"ENSRNOG00000013152",458
"ENSRNOG00000031439",17535
"ENSRNOG00000051986",59
"ENSRNOG00000015077",151
"ENSRNOG00000019068",2
"ENSRNOG00000018228",494
"ENSRNOG00000003864",289
"ENSRNOG00000070954",0
"ENSRNOG00000018445",8
"ENSRNOG00000019098",0
"ENSRNOG00000015625",106
"ENSRNOG00000018480",1
"ENSRNOG00000019024",0
"ENSRNOG00000011618",54
"ENSRNOG00000017932",2210
"ENSRNOG00000027022",197
"ENSRNOG00000011671",10
"ENSRNOG00000042888",91
"ENSRNOG00000015666",0
"ENSRNOG00000016278",0
"ENSRNOG00000011879",6995
"ENSRNOG00000054284",669
"ENSRNOG00000013014",158
"ENSRNOG00000015121",1334
"ENSRNOG00000015641",30
"ENSRNOG00000012342",0
"ENSRNOG00000015708",927
"ENSRNOG00000013376",172
"ENSRNOG00000015459",674
"ENSRNOG00000018033",888
"ENSRNOG00000015974",284
"ENSRNOG00000068583",4
"ENSRNOG00000062375",967
"ENSRNOG00000028904",383
"ENSRNOG00000019757",0
"ENSRNOG00000015335",1643
"ENSRNOG00000011180",104
"ENSRNOG00000051461",269
"ENSRNOG00000033133",216
"ENSRNOG00000015800",48
"ENSRNOG00000018836",5983
"ENSRNOG00000016631",122
"ENSRNOG00000017879",1075
"ENSRNOG00000064019",338
"ENSRNOG00000016706",105
"ENSRNOG00000045626",0
"ENSRNOG00000018404",4918
"ENSRNOG00000018784",2
"ENSRNOG00000015534",785
"ENSRNOG00000003496",311
"ENSRNOG00000042274",256
"ENSRNOG00000016920",0
"ENSRNOG00000055097",5
"ENSRNOG00000050028",0
"ENSRNOG00000055046",0
"ENSRNOG00000013007",0
"ENSRNOG00000033819",2
"ENSRNOG00000028320",0
"ENSRNOG00000015843",2181
"ENSRNOG00000033487",0
"ENSRNOG00000019817",178
"ENSRNOG00000020351",682
"ENSRNOG00000067274",274
"ENSRNOG00000023920",3
"ENSRNOG00000033224",276
"ENSRNOG00000013970",37
"ENSRNOG00000069342",0
"ENSRNOG00000017467",591
"ENSRNOG00000019109",491
"ENSRNOG00000015144",1603
"ENSRNOG00000015880",559
"ENSRNOG00000067354",0
"ENSRNOG00000029317",1
"ENSRNOG00000018582",34
"ENSRNOG00000038057",0
"ENSRNOG00000016422",12
"ENSRNOG00000059579",1325
"ENSRNOG00000017431",189
"ENSRNOG00000054625",571
"ENSRNOG00000032602",0
"ENSRNOG00000038193",0
"ENSRNOG00000033345",0
"ENSRNOG00000017690",13
"ENSRNOG00000028578",0
"ENSRNOG00000070694",114
"ENSRNOG00000028652",5
"ENSRNOG00000043077",410
"ENSRNOG00000016001",1008
"ENSRNOG00000062740",0
"ENSRNOG00000029134",268
"ENSRNOG00000047446",932
"ENSRNOG00000025231",36
"ENSRNOG00000019766",251
"ENSRNOG00000047125",2
"ENSRNOG00000062793",1876
"ENSRNOG00000019456",3638
"ENSRNOG00000051278",103
"ENSRNOG00000051482",56
"ENSRNOG00000065196",0
"ENSRNOG00000069493",0
"ENSRNOG00000027954",6
"ENSRNOG00000057392",0
"ENSRNOG00000067657",145
"ENSRNOG00000021714",4
"ENSRNOG00000069871",5
"ENSRNOG00000047294",0
"ENSRNOG00000068994",0
"ENSRNOG00000066450",0
"ENSRNOG00000071092",0
"ENSRNOG00000062849",214
"ENSRNOG00000068120",2
"ENSRNOG00000024043",29
"ENSRNOG00000062578",46
"ENSRNOG00000069883",9
"ENSRNOG00000062827",12
"ENSRNOG00000069609",0
"ENSRNOG00000012721",2992
"ENSRNOG00000069566",0
"ENSRNOG00000064451",255
"ENSRNOG00000017612",2292
"ENSRNOG00000066750",36
"ENSRNOG00000066423",0
"ENSRNOG00000010712",167
"ENSRNOG00000068744",0
"ENSRNOG00000024452",14
"ENSRNOG00000068191",5
"ENSRNOG00000071212",3
"ENSRNOG00000038239",43
"ENSRNOG00000055320",0
"ENSRNOG00000022303",160
"ENSRNOG00000066292",1
"ENSRNOG00000025860",0
"ENSRNOG00000065722",0
"ENSRNOG00000020379",611
"ENSRNOG00000067929",0
"ENSRNOG00000064167",1
"ENSRNOG00000065200",0
"ENSRNOG00000069101",4
"ENSRNOG00000065895",0
"ENSRNOG00000020391",170
"ENSRNOG00000064495",2
"ENSRNOG00000016088",506
"ENSRNOG00000014761",0
"ENSRNOG00000066992",8
"ENSRNOG00000069551",2
"ENSRNOG00000055482",1
"ENSRNOG00000016854",15
"ENSRNOG00000026211",912
"ENSRNOG00000062413",0
"ENSRNOG00000060758",0
"ENSRNOG00000016257",229
"ENSRNOG00000060296",0
"ENSRNOG00000070939",0
"ENSRNOG00000018382",109
"ENSRNOG00000065113",0
"ENSRNOG00000018909",240
"ENSRNOG00000069786",3
"ENSRNOG00000049906",614
"ENSRNOG00000016890",2
"ENSRNOG00000016535",1
"ENSRNOG00000038973",479
"ENSRNOG00000056643",0
"ENSRNOG00000066914",0
"ENSRNOG00000046443",61
"ENSRNOG00000065621",0
"ENSRNOG00000060858",0
"ENSRNOG00000017746",13
"ENSRNOG00000018483",587
"ENSRNOG00000016167",86
"ENSRNOG00000066293",11
"ENSRNOG00000052109",3
"ENSRNOG00000062472",0
"ENSRNOG00000049931",348
"ENSRNOG00000068727",1
"ENSRNOG00000019169",488
"ENSRNOG00000066795",0
"ENSRNOG00000033368",1
"ENSRNOG00000069560",8
"ENSRNOG00000062389",7
"ENSRNOG00000007582",48
"ENSRNOG00000017045",483
"ENSRNOG00000063177",0
"ENSRNOG00000070959",4
"ENSRNOG00000033611",2596
"ENSRNOG00000039252",0
"ENSRNOG00000024364",95
"ENSRNOG00000065682",1
"ENSRNOG00000008450",0
"ENSRNOG00000020406",0
"ENSRNOG00000019205",437
"ENSRNOG00000014202",0
"ENSRNOG00000011065",7
"ENSRNOG00000062428",0
"ENSRNOG00000069941",1
"ENSRNOG00000017867",1
"ENSRNOG00000066989",15
"ENSRNOG00000014419",716
"ENSRNOG00000019425",382
"ENSRNOG00000066804",7
"ENSRNOG00000068473",0
"ENSRNOG00000018027",214
"ENSRNOG00000065293",0
"ENSRNOG00000021330",332
"ENSRNOG00000014776",122
"ENSRNOG00000002983",4469
"ENSRNOG00000026853",209
"ENSRNOG00000064062",0
"ENSRNOG00000062316",0
"ENSRNOG00000022524",207
"ENSRNOG00000067822",1
"ENSRNOG00000051819",42
"ENSRNOG00000019253",973
"ENSRNOG00000011933",1028
"ENSRNOG00000066480",92
"ENSRNOG00000018945",2109
"ENSRNOG00000070378",19
"ENSRNOG00000019434",84
"ENSRNOG00000014647",795
"ENSRNOG00000062673",511
"ENSRNOG00000070517",0
"ENSRNOG00000059362",15
"ENSRNOG00000024025",778
"ENSRNOG00000055053",7
"ENSRNOG00000067306",2
"ENSRNOG00000050191",0
"ENSRNOG00000068181",17
"ENSRNOG00000002950",2
"ENSRNOG00000067393",0
"ENSRNOG00000047246",1058
"ENSRNOG00000066908",1
"ENSRNOG00000063122",0
"ENSRNOG00000062717",0
"ENSRNOG00000062836",0
"ENSRNOG00000066012",0
"ENSRNOG00000011575",2
"ENSRNOG00000062349",26
"ENSRNOG00000068096",797
"ENSRNOG00000012772",2015
"ENSRNOG00000002914",965
"ENSRNOG00000013907",123
"ENSRNOG00000015397",20
"ENSRNOG00000014405",1550
"ENSRNOG00000049312",4
"ENSRNOG00000019290",685
"ENSRNOG00000015695",99
"ENSRNOG00000070794",2
"ENSRNOG00000021890",638
"ENSRNOG00000020333",975
"ENSRNOG00000027906",3411
"ENSRNOG00000019353",239
"ENSRNOG00000066574",6
"ENSRNOG00000065746",21
"ENSRNOG00000004094",397
"ENSRNOG00000017993",195
"ENSRNOG00000014257",1
"ENSRNOG00000064578",39
"ENSRNOG00000012937",540
"ENSRNOG00000064909",0
"ENSRNOG00000028844",53
"ENSRNOG00000065848",1105
"ENSRNOG00000046751",0
"ENSRNOG00000023910",2707
"ENSRNOG00000060931",296
"ENSRNOG00000015084",0
"ENSRNOG00000019937",0
"ENSRNOG00000017841",524
"ENSRNOG00000019573",109
"ENSRNOG00000013742",1636
"ENSRNOG00000020151",2
"ENSRNOG00000025503",8
"ENSRNOG00000019651",845
"ENSRNOG00000019791",542
"ENSRNOG00000002864",1648
"ENSRNOG00000031593",5
"ENSRNOG00000017084",64
"ENSRNOG00000012167",0
"ENSRNOG00000014522",183
"ENSRNOG00000017235",5932
"ENSRNOG00000018477",444
"ENSRNOG00000014048",239
"ENSRNOG00000017868",0
"ENSRNOG00000031097",0
"ENSRNOG00000004287",141
"ENSRNOG00000017342",294
"ENSRNOG00000052151",0
"ENSRNOG00000004219",464
"ENSRNOG00000011552",16
"ENSRNOG00000023899",4
"ENSRNOG00000029744",0
"ENSRNOG00000004212",113
"ENSRNOG00000019059",167
"ENSRNOG00000014293",24
"ENSRNOG00000018000",912
"ENSRNOG00000066314",1
"ENSRNOG00000003970",1987
"ENSRNOG00000012343",216
"ENSRNOG00000019943",694
"ENSRNOG00000018954",4
"ENSRNOG00000020049",395
"ENSRNOG00000012752",42
"ENSRNOG00000012271",4821
"ENSRNOG00000024178",162
"ENSRNOG00000032437",1051
"ENSRNOG00000017178",2
"ENSRNOG00000012853",156
"ENSRNOG00000014619",211
"ENSRNOG00000000258",522
"ENSRNOG00000011865",461
"ENSRNOG00000021379",266
"ENSRNOG00000063716",1
"ENSRNOG00000050087",133
"ENSRNOG00000013808",0
"ENSRNOG00000003695",0
"ENSRNOG00000048823",0
"ENSRNOG00000016752",136
"ENSRNOG00000068159",0
"ENSRNOG00000011635",0
"ENSRNOG00000012789",0
"ENSRNOG00000020087",106
"ENSRNOG00000070376",0
"ENSRNOG00000017786",58
"ENSRNOG00000012027",0
"ENSRNOG00000070383",0
"ENSRNOG00000013324",0
"ENSRNOG00000003029",14609
"ENSRNOG00000051557",0
"ENSRNOG00000000257",159
"ENSRNOG00000057394",0
"ENSRNOG00000052853",0
"ENSRNOG00000069119",0
"ENSRNOG00000051983",0
"ENSRNOG00000058366",1
"ENSRNOG00000069069",7
"ENSRNOG00000054933",0
"ENSRNOG00000060024",0
"ENSRNOG00000052072",0
"ENSRNOG00000017919",526
"ENSRNOG00000062322",0
"ENSRNOG00000003026",543
"ENSRNOG00000063138",0
"ENSRNOG00000011330",0
"ENSRNOG00000068827",0
"ENSRNOG00000058190",0
"ENSRNOG00000012447",72
"ENSRNOG00000014964",79
"ENSRNOG00000053426",0
"ENSRNOG00000026974",6
"ENSRNOG00000056909",0
"ENSRNOG00000056003",4
"ENSRNOG00000070477",0
"ENSRNOG00000058155",0
"ENSRNOG00000014723",17
"ENSRNOG00000003011",778
"ENSRNOG00000066118",0
"ENSRNOG00000065309",2
"ENSRNOG00000004489",153
"ENSRNOG00000055195",0
"ENSRNOG00000061297",1
"ENSRNOG00000028439",0
"ENSRNOG00000051781",0
"ENSRNOG00000017219",1085
"ENSRNOG00000061250",0
"ENSRNOG00000057652",0
"ENSRNOG00000064770",0
"ENSRNOG00000016251",943
"ENSRNOG00000069621",0
"ENSRNOG00000054434",0
"ENSRNOG00000016953",0
"ENSRNOG00000052172",0
"ENSRNOG00000026994",587
"ENSRNOG00000013586",4
"ENSRNOG00000058104",0
"ENSRNOG00000054310",1
"ENSRNOG00000021824",1041
"ENSRNOG00000054676",0
"ENSRNOG00000054981",0
"ENSRNOG00000062355",0
"ENSRNOG00000062382",0
"ENSRNOG00000049019",228
"ENSRNOG00000067133",0
"ENSRNOG00000060531",0
"ENSRNOG00000017604",2206
"ENSRNOG00000059462",0
"ENSRNOG00000070143",0
"ENSRNOG00000057075",1
"ENSRNOG00000069545",0
"ENSRNOG00000055087",0
"ENSRNOG00000056152",0
"ENSRNOG00000015173",3632
"ENSRNOG00000071063",0
"ENSRNOG00000068202",0
"ENSRNOG00000055551",0
"ENSRNOG00000014505",0
"ENSRNOG00000054720",0
"ENSRNOG00000053645",8
"ENSRNOG00000062850",0
"ENSRNOG00000068693",0
"ENSRNOG00000056475",0
"ENSRNOG00000068873",0
"ENSRNOG00000060906",0
"ENSRNOG00000012482",486
"ENSRNOG00000052933",0
"ENSRNOG00000059926",0
"ENSRNOG00000017023",3181
"ENSRNOG00000061325",0
"ENSRNOG00000011142",1139
"ENSRNOG00000060911",0
"ENSRNOG00000060637",0
"ENSRNOG00000061333",0
"ENSRNOG00000011231",0
"ENSRNOG00000057770",1
"ENSRNOG00000019922",348
"ENSRNOG00000063202",0
"ENSRNOG00000060593",0
"ENSRNOG00000022721",0
"ENSRNOG00000051652",0
"ENSRNOG00000053462",5
"ENSRNOG00000054233",0
"ENSRNOG00000058844",0
"ENSRNOG00000067808",1
"ENSRNOG00000054701",0
"ENSRNOG00000065929",0
"ENSRNOG00000057937",0
"ENSRNOG00000065173",0
"ENSRNOG00000028580",1
"ENSRNOG00000063424",1
"ENSRNOG00000004373",534
"ENSRNOG00000068944",0
"ENSRNOG00000067783",0
"ENSRNOG00000070206",748
"ENSRNOG00000065950",0
"ENSRNOG00000069928",0
"ENSRNOG00000019022",0
"ENSRNOG00000063515",0
"ENSRNOG00000070248",5
"ENSRNOG00000070337",0
"ENSRNOG00000069430",0
"ENSRNOG00000018950",0
"ENSRNOG00000065593",0
"ENSRNOG00000066443",0
"ENSRNOG00000065132",0
"ENSRNOG00000067264",0
"ENSRNOG00000025710",0
"ENSRNOG00000070678",0
"ENSRNOG00000021808",2931
"ENSRNOG00000064514",0
"ENSRNOG00000017674",1229
"ENSRNOG00000071121",0
"ENSRNOG00000070259",0
"ENSRNOG00000065423",0
"ENSRNOG00000010744",2757
"ENSRNOG00000062813",0
"ENSRNOG00000056311",0
"ENSRNOG00000062794",0
"ENSRNOG00000063948",2
"ENSRNOG00000004131",258
"ENSRNOG00000066581",0
"ENSRNOG00000000264",605
"ENSRNOG00000069085",0
"ENSRNOG00000055727",0
"ENSRNOG00000012622",146
"ENSRNOG00000049508",0
"ENSRNOG00000036413",0
"ENSRNOG00000046739",0
"ENSRNOG00000041470",0
"ENSRNOG00000014117",2905
"ENSRNOG00000062808",78
"ENSRNOG00000058218",393
"ENSRNOG00000039725",0
"ENSRNOG00000053574",325
"ENSRNOG00000014948",78
"ENSRNOG00000066514",0
"ENSRNOG00000017102",340
"ENSRNOG00000028717",801
"ENSRNOG00000017090",392
"ENSRNOG00000019980",777
"ENSRNOG00000017724",1579
"ENSRNOG00000015143",613
"ENSRNOG00000017745",989
"ENSRNOG00000019143",2178
"ENSRNOG00000070220",3
"ENSRNOG00000059453",61
"ENSRNOG00000020093",6872
"ENSRNOG00000025843",536
"ENSRNOG00000026880",671
"ENSRNOG00000019779",0
"ENSRNOG00000020004",234
"ENSRNOG00000014452",1530
"ENSRNOG00000015162",1008
"ENSRNOG00000023303",52
"ENSRNOG00000015150",276
"ENSRNOG00000066666",0
"ENSRNOG00000038254",0
"ENSRNOG00000012671",66
"ENSRNOG00000029558",0
"ENSRNOG00000049890",1
"ENSRNOG00000028649",10
"ENSRNOG00000015576",228
"ENSRNOG00000012222",5
"ENSRNOG00000019028",379
"ENSRNOG00000012860",1587
"ENSRNOG00000019326",613
"ENSRNOG00000016558",4
"ENSRNOG00000015590",10
"ENSRNOG00000012928",252
"ENSRNOG00000016348",0
"ENSRNOG00000016991",2301
"ENSRNOG00000015632",175
"ENSRNOG00000069458",1709
"ENSRNOG00000016479",19
"ENSRNOG00000068632",43
"ENSRNOG00000019036",140
"ENSRNOG00000018824",2943
"ENSRNOG00000016326",914
"ENSRNOG00000013777",679
"ENSRNOG00000013826",47
"ENSRNOG00000051531",84
"ENSRNOG00000011863",14
"ENSRNOG00000069555",13
"ENSRNOG00000015904",2
"ENSRNOG00000016760",51
"ENSRNOG00000071216",25
"ENSRNOG00000023092",1
"ENSRNOG00000011989",0
"ENSRNOG00000056786",1372
"ENSRNOG00000016977",0
"ENSRNOG00000051510",0
"ENSRNOG00000016108",483
"ENSRNOG00000039891",0
"ENSRNOG00000042353",404
"ENSRNOG00000018801",110
"ENSRNOG00000070323",0
"ENSRNOG00000010966",8590
"ENSRNOG00000014963",1014
"ENSRNOG00000052707",15
"ENSRNOG00000016291",1
"ENSRNOG00000018967",389
"ENSRNOG00000003863",887
"ENSRNOG00000065872",0
"ENSRNOG00000012007",496
"ENSRNOG00000003747",1689
"ENSRNOG00000012450",6
"ENSRNOG00000011009",261
"ENSRNOG00000003737",0
"ENSRNOG00000020435",284
"ENSRNOG00000003682",78
"ENSRNOG00000010691",1837
"ENSRNOG00000067725",0
"ENSRNOG00000013982",0
"ENSRNOG00000054264",3525
"ENSRNOG00000003520",7695
"ENSRNOG00000011976",241
"ENSRNOG00000003504",0
"ENSRNOG00000069478",0
"ENSRNOG00000068063",4
"ENSRNOG00000043215",0
"ENSRNOG00000017500",490
"ENSRNOG00000031773",0
"ENSRNOG00000017869",41
"ENSRNOG00000023177",13
"ENSRNOG00000017602",5
"ENSRNOG00000003469",2
"ENSRNOG00000051265",0
"ENSRNOG00000017489",116
"ENSRNOG00000012030",147
"ENSRNOG00000057072",1
"ENSRNOG00000011037",0
"ENSRNOG00000023830",190
"ENSRNOG00000021517",730
"ENSRNOG00000014461",366
"ENSRNOG00000013878",657
"ENSRNOG00000003443",12
"ENSRNOG00000017905",786
"ENSRNOG00000011533",16
"ENSRNOG00000014581",176
"ENSRNOG00000065750",0
"ENSRNOG00000069589",1738
"ENSRNOG00000003307",242
"ENSRNOG00000018226",1976
"ENSRNOG00000012371",6
"ENSRNOG00000017654",401
"ENSRNOG00000017575",38
"ENSRNOG00000039808",0
"ENSRNOG00000017646",143
"ENSRNOG00000003149",698
"ENSRNOG00000014093",1457
"ENSRNOG00000017817",5684
"ENSRNOG00000011901",77
"ENSRNOG00000065182",0
"ENSRNOG00000042179",1125
"ENSRNOG00000031076",58
"ENSRNOG00000060310",221
"ENSRNOG00000023805",68
"ENSRNOG00000033451",50
"ENSRNOG00000014336",61
"ENSRNOG00000067640",3
"ENSRNOG00000032666",160
"ENSRNOG00000013839",3
"ENSRNOG00000070405",0
"ENSRNOG00000018796",4371
"ENSRNOG00000070064",46
"ENSRNOG00000003580",0
"ENSRNOG00000018564",469
"ENSRNOG00000018268",0
"ENSRNOG00000048222",32
"ENSRNOG00000008319",318
"ENSRNOG00000025791",1312
"ENSRNOG00000069004",0
"ENSRNOG00000048039",0
"ENSRNOG00000018149",181
"ENSRNOG00000013481",8589
"ENSRNOG00000016234",472
"ENSRNOG00000016311",4
"ENSRNOG00000069573",50
"ENSRNOG00000066092",3
"ENSRNOG00000015519",0
"ENSRNOG00000019819",183
"ENSRNOG00000015679",140
"ENSRNOG00000068016",36
"ENSRNOG00000006551",172
"ENSRNOG00000049302",1513
"ENSRNOG00000057998",0
"ENSRNOG00000057711",1
"ENSRNOG00000015720",659
"ENSRNOG00000030174",7482
"ENSRNOG00000006049",423
"ENSRNOG00000011782",2656
"ENSRNOG00000067129",0
"ENSRNOG00000043286",280
"ENSRNOG00000025764",1209
"ENSRNOG00000043098",2447
"ENSRNOG00000018958",0
"ENSRNOG00000019004",0
"ENSRNOG00000011956",592
"ENSRNOG00000012153",1012
"ENSRNOG00000014087",227
"ENSRNOG00000069933",0
"ENSRNOG00000014896",0
"ENSRNOG00000015438",0
"ENSRNOG00000024212",404
"ENSRNOG00000019020",434
"ENSRNOG00000016643",333
"ENSRNOG00000019288",275
"ENSRNOG00000031607",6
"ENSRNOG00000054004",0
"ENSRNOG00000067649",0
"ENSRNOG00000026051",8
"ENSRNOG00000061849",0
"ENSRNOG00000055467",0
"ENSRNOG00000055815",0
"ENSRNOG00000029386",810
"ENSRNOG00000054248",0
"ENSRNOG00000052382",6
"ENSRNOG00000063327",0
"ENSRNOG00000032664",11
"ENSRNOG00000069465",0
"ENSRNOG00000025938",11
"ENSRNOG00000053555",0
"ENSRNOG00000029001",7
"ENSRNOG00000061642",0
"ENSRNOG00000062845",1
"ENSRNOG00000064607",0
"ENSRNOG00000031171",466
"ENSRNOG00000063612",0
"ENSRNOG00000058713",2
"ENSRNOG00000069910",7
"ENSRNOG00000053255",0
"ENSRNOG00000000473",108
"ENSRNOG00000071179",0
"ENSRNOG00000061396",1
"ENSRNOG00000053858",0
"ENSRNOG00000000795",306
"ENSRNOG00000057209",0
"ENSRNOG00000056074",0
"ENSRNOG00000026519",1
"ENSRNOG00000053958",0
"ENSRNOG00000052698",0
"ENSRNOG00000062411",0
"ENSRNOG00000000397",1860
"ENSRNOG00000059119",0
"ENSRNOG00000052793",0
"ENSRNOG00000062460",0
"ENSRNOG00000037604",1417
"ENSRNOG00000059933",0
"ENSRNOG00000053612",0
"ENSRNOG00000052415",290
"ENSRNOG00000051864",0
"ENSRNOG00000067841",0
"ENSRNOG00000054444",1
"ENSRNOG00000049580",0
"ENSRNOG00000054443",0
"ENSRNOG00000068882",3
"ENSRNOG00000053988",31
"ENSRNOG00000055027",0
"ENSRNOG00000058745",0
"ENSRNOG00000054091",0
"ENSRNOG00000061471",3
"ENSRNOG00000000588",2
"ENSRNOG00000042962",159
"ENSRNOG00000061767",12
"ENSRNOG00000001203",463
"ENSRNOG00000057680",0
"ENSRNOG00000058535",0
"ENSRNOG00000068798",0
"ENSRNOG00000052404",0
"ENSRNOG00000000777",99
"ENSRNOG00000000763",157
"ENSRNOG00000052780",0
"ENSRNOG00000056426",4
"ENSRNOG00000061360",2
"ENSRNOG00000054099",2
"ENSRNOG00000067147",1
"ENSRNOG00000064718",0
"ENSRNOG00000000867",2071
"ENSRNOG00000058368",2
"ENSRNOG00000059658",0
"ENSRNOG00000037765",2076
"ENSRNOG00000069970",0
"ENSRNOG00000059368",0
"ENSRNOG00000065111",0
"ENSRNOG00000041223",0
"ENSRNOG00000036441",0
"ENSRNOG00000000767",0
"ENSRNOG00000046573",0
"ENSRNOG00000035653",0
"ENSRNOG00000042905",165
"ENSRNOG00000000768",0
"ENSRNOG00000001228",2676
"ENSRNOG00000062729",0
"ENSRNOG00000000323",1
"ENSRNOG00000065421",0
"ENSRNOG00000049063",71
"ENSRNOG00000070009",0
"ENSRNOG00000065219",721
"ENSRNOG00000000585",706
"ENSRNOG00000045658",0
"ENSRNOG00000001315",0
"ENSRNOG00000000583",2450
"ENSRNOG00000000765",0
"ENSRNOG00000067843",1
"ENSRNOG00000065073",0
"ENSRNOG00000065633",12
"ENSRNOG00000050550",0
"ENSRNOG00000032596",354
"ENSRNOG00000066928",0
"ENSRNOG00000063048",0
"ENSRNOG00000024543",159
"ENSRNOG00000069105",0
"ENSRNOG00000001313",8
"ENSRNOG00000068471",1
"ENSRNOG00000000726",0
"ENSRNOG00000070471",0
"ENSRNOG00000037647",1259
"ENSRNOG00000001237",2580
"ENSRNOG00000028035",0
"ENSRNOG00000000299",1052
"ENSRNOG00000000579",3593
"ENSRNOG00000065272",0
"ENSRNOG00000058288",442
"ENSRNOG00000000605",1
"ENSRNOG00000046487",0
"ENSRNOG00000065072",0
"ENSRNOG00000000798",526
"ENSRNOG00000000811",1
"ENSRNOG00000063793",0
"ENSRNOG00000050389",0
"ENSRNOG00000053288",1003
"ENSRNOG00000027859",402
"ENSRNOG00000068494",0
"ENSRNOG00000063264",0
"ENSRNOG00000066952",0
"ENSRNOG00000047118",85
"ENSRNOG00000025806",1610
"ENSRNOG00000067903",0
"ENSRNOG00000066890",0
"ENSRNOG00000065474",1271
"ENSRNOG00000000321",24
"ENSRNOG00000000746",0
"ENSRNOG00000000814",0
"ENSRNOG00000000799",986
"ENSRNOG00000000589",1
"ENSRNOG00000046355",0
"ENSRNOG00000043199",1102
"ENSRNOG00000000599",2922
"ENSRNOG00000046708",0
"ENSRNOG00000059268",1682
"ENSRNOG00000050316",0
"ENSRNOG00000065757",0
"ENSRNOG00000070745",0
"ENSRNOG00000051592",570
"ENSRNOG00000067694",0
"ENSRNOG00000070514",0
"ENSRNOG00000001212",0
"ENSRNOG00000069884",0
"ENSRNOG00000061040",946
"ENSRNOG00000070634",0
"ENSRNOG00000049590",0
"ENSRNOG00000065687",0
"ENSRNOG00000000572",93
"ENSRNOG00000048579",0
"ENSRNOG00000062763",0
"ENSRNOG00000000855",0
"ENSRNOG00000000383",1
"ENSRNOG00000000632",762
"ENSRNOG00000042370",0
"ENSRNOG00000000316",0
"ENSRNOG00000000854",1
"ENSRNOG00000069773",0
"ENSRNOG00000054603",0
"ENSRNOG00000000587",228
"ENSRNOG00000001242",3
"ENSRNOG00000000774",1290
"ENSRNOG00000000586",176
"ENSRNOG00000000536",7
"ENSRNOG00000026049",141
"ENSRNOG00000000279",127
"ENSRNOG00000000804",1310
"ENSRNOG00000000405",0
"ENSRNOG00000000568",488
"ENSRNOG00000068887",3821
"ENSRNOG00000062554",13
"ENSRNOG00000026217",67
"ENSRNOG00000000809",1668
"ENSRNOG00000000785",210
"ENSRNOG00000000567",14978
"ENSRNOG00000062809",0
"ENSRNOG00000000488",563
"ENSRNOG00000000786",0
"ENSRNOG00000070997",0
"ENSRNOG00000065028",0
"ENSRNOG00000070408",0
"ENSRNOG00000047171",211
"ENSRNOG00000000846",0
"ENSRNOG00000000547",313
"ENSRNOG00000032844",12
"ENSRNOG00000000853",2
"ENSRNOG00000032964",2
"ENSRNOG00000025883",0
"ENSRNOG00000067001",0
"ENSRNOG00000000320",39
"ENSRNOG00000050215",206
"ENSRNOG00000026080",0
"ENSRNOG00000045908",0
"ENSRNOG00000037628",0
"ENSRNOG00000069043",0
"ENSRNOG00000025179",5455
"ENSRNOG00000033389",390
"ENSRNOG00000069418",0
"ENSRNOG00000071013",0
"ENSRNOG00000066416",0
"ENSRNOG00000071158",0
"ENSRNOG00000046891",1426
"ENSRNOG00000069834",0
"ENSRNOG00000069079",22
"ENSRNOG00000000407",442
"ENSRNOG00000066573",37
"ENSRNOG00000040183",0
"ENSRNOG00000070836",6
"ENSRNOG00000070605",9
"ENSRNOG00000030431",29
"ENSRNOG00000032548",1
"ENSRNOG00000064227",0
"ENSRNOG00000069426",6
"ENSRNOG00000070935",2452
"ENSRNOG00000071033",1
"ENSRNOG00000067553",0
"ENSRNOG00000064918",0
"ENSRNOG00000000432",205
"ENSRNOG00000000408",679
"ENSRNOG00000063819",7
"ENSRNOG00000064860",0
"ENSRNOG00000068689",0
"ENSRNOG00000030157",444
"ENSRNOG00000049045",1
"ENSRNOG00000066945",0
"ENSRNOG00000000431",1826
"ENSRNOG00000000549",472
"ENSRNOG00000063919",0
"ENSRNOG00000026936",14
"ENSRNOG00000052532",0
"ENSRNOG00000070789",1
"ENSRNOG00000063152",0
"ENSRNOG00000042918",3
"ENSRNOG00000046675",184
"ENSRNOG00000054538",0
"ENSRNOG00000065648",1
"ENSRNOG00000069059",713
"ENSRNOG00000025998",4
"ENSRNOG00000064944",57
"ENSRNOG00000033136",0
"ENSRNOG00000065439",1
"ENSRNOG00000067150",0
"ENSRNOG00000033215",4
"ENSRNOG00000067482",4
"ENSRNOG00000050998",1
"ENSRNOG00000069219",0
"ENSRNOG00000064309",360
"ENSRNOG00000027873",1
"ENSRNOG00000063520",2
"ENSRNOG00000043436",2372
"ENSRNOG00000071161",0
"ENSRNOG00000000546",548
"ENSRNOG00000000478",79
"ENSRNOG00000067733",0
"ENSRNOG00000070050",0
"ENSRNOG00000030676",0
"ENSRNOG00000063655",1
"ENSRNOG00000000818",1516
"ENSRNOG00000050233",80
"ENSRNOG00000065179",0
"ENSRNOG00000032942",817
"ENSRNOG00000065364",0
"ENSRNOG00000058987",10
"ENSRNOG00000054374",204
"ENSRNOG00000066691",19
"ENSRNOG00000000576",660
"ENSRNOG00000067697",2
"ENSRNOG00000000840",13
"ENSRNOG00000067213",188
"ENSRNOG00000000520",4204
"ENSRNOG00000050425",3
"ENSRNOG00000051399",35
"ENSRNOG00000029682",4657
"ENSRNOG00000000839",64
"ENSRNOG00000046365",1
"ENSRNOG00000025864",266
"ENSRNOG00000056647",887
"ENSRNOG00000000729",817
"ENSRNOG00000032813",537
"ENSRNOG00000062206",1
"ENSRNOG00000000574",543
"ENSRNOG00000000614",2812
"ENSRNOG00000069485",0
"ENSRNOG00000000838",0
"ENSRNOG00000000556",0
"ENSRNOG00000069463",83
"ENSRNOG00000000728",348
"ENSRNOG00000062843",0
"ENSRNOG00000061216",17952
"ENSRNOG00000071156",0
"ENSRNOG00000068137",12
"ENSRNOG00000043481",0
"ENSRNOG00000051612",0
"ENSRNOG00000056637",281
"ENSRNOG00000062631",0
"ENSRNOG00000029420",0
"ENSRNOG00000059445",153
"ENSRNOG00000000775",4
"ENSRNOG00000064656",293
"ENSRNOG00000065286",0
"ENSRNOG00000000826",604
"ENSRNOG00000064564",0
"ENSRNOG00000000842",3
"ENSRNOG00000038489",3
"ENSRNOG00000061930",0
"ENSRNOG00000062702",4
"ENSRNOG00000066268",0
"ENSRNOG00000062860",4
"ENSRNOG00000063421",23
"ENSRNOG00000029883",0
"ENSRNOG00000024751",88
"ENSRNOG00000065434",0
"ENSRNOG00000052839",3
"ENSRNOG00000069886",0
"ENSRNOG00000027225",0
"ENSRNOG00000066311",0
"ENSRNOG00000022730",951
"ENSRNOG00000070701",0
"ENSRNOG00000070571",1
"ENSRNOG00000000827",339
"ENSRNOG00000030683",1628
"ENSRNOG00000064704",0
"ENSRNOG00000065653",13
"ENSRNOG00000067507",0
"ENSRNOG00000066383",0
"ENSRNOG00000069340",0
"ENSRNOG00000068943",0
"ENSRNOG00000000759",0
"ENSRNOG00000000451",11
"ENSRNOG00000069903",0
"ENSRNOG00000070750",27
"ENSRNOG00000065058",0
"ENSRNOG00000063245",0
"ENSRNOG00000064301",0
"ENSRNOG00000062730",0
"ENSRNOG00000027157",0
"ENSRNOG00000054048",0
"ENSRNOG00000063374",0
"ENSRNOG00000001229",5024
"ENSRNOG00000030426",688
"ENSRNOG00000067861",0
"ENSRNOG00000070267",1
"ENSRNOG00000056976",1
"ENSRNOG00000063854",1038
"ENSRNOG00000001226",33
"ENSRNOG00000068088",0
"ENSRNOG00000068739",1
"ENSRNOG00000065684",0
"ENSRNOG00000000428",0
"ENSRNOG00000069553",0
"ENSRNOG00000067389",18
"ENSRNOG00000043302",0
"ENSRNOG00000068097",2
"ENSRNOG00000070968",87
"ENSRNOG00000000607",0
"ENSRNOG00000064738",0
"ENSRNOG00000070630",99
"ENSRNOG00000067041",1
"ENSRNOG00000033581",897
"ENSRNOG00000064499",17
"ENSRNOG00000048073",584
"ENSRNOG00000001249",14403
"ENSRNOG00000070733",473
"ENSRNOG00000065948",0
"ENSRNOG00000048535",0
"ENSRNOG00000063651",1
"ENSRNOG00000051063",126
"ENSRNOG00000048758",179
"ENSRNOG00000062666",1
"ENSRNOG00000000446",0
"ENSRNOG00000000384",0
"ENSRNOG00000066710",0
"ENSRNOG00000024413",0
"ENSRNOG00000063343",0
"ENSRNOG00000052891",0
"ENSRNOG00000030242",61
"ENSRNOG00000051473",0
"ENSRNOG00000068671",0
"ENSRNOG00000033891",2612
"ENSRNOG00000060789",0
"ENSRNOG00000000557",4920
"ENSRNOG00000067902",0
"ENSRNOG00000058631",1
"ENSRNOG00000054239",0
"ENSRNOG00000070377",0
"ENSRNOG00000054580",0
"ENSRNOG00000061550",0
"ENSRNOG00000052710",0
"ENSRNOG00000032408",0
"ENSRNOG00000052210",0
"ENSRNOG00000056626",0
"ENSRNOG00000000630",0
"ENSRNOG00000055951",0
"ENSRNOG00000057911",0
"ENSRNOG00000047304",0
"ENSRNOG00000057485",0
"ENSRNOG00000022283",3
"ENSRNOG00000056879",0
"ENSRNOG00000000581",526
"ENSRNOG00000062340",0
"ENSRNOG00000060741",4
"ENSRNOG00000067781",2
"ENSRNOG00000052760",5
"ENSRNOG00000068592",0
"ENSRNOG00000051927",0
"ENSRNOG00000068589",0
"ENSRNOG00000057125",767
"ENSRNOG00000026207",0
"ENSRNOG00000000376",720
"ENSRNOG00000000517",720
"ENSRNOG00000033652",38
"ENSRNOG00000000564",6
"ENSRNOG00000046494",0
"ENSRNOG00000049150",2
"ENSRNOG00000026813",54
"ENSRNOG00000048725",822
"ENSRNOG00000039398",0
"ENSRNOG00000065514",61
"ENSRNOG00000023210",1351
"ENSRNOG00000047966",42
"ENSRNOG00000024221",38
"ENSRNOG00000050647",124
"ENSRNOG00000043099",1086
"ENSRNOG00000045654",15
"ENSRNOG00000039396",0
"ENSRNOG00000067018",6
"ENSRNOG00000001232",611
"ENSRNOG00000028581",98
"ENSRNOG00000000503",681
"ENSRNOG00000028541",0
"ENSRNOG00000070397",4
"ENSRNOG00000042287",0
"ENSRNOG00000001272",1431
"ENSRNOG00000000831",292
"ENSRNOG00000000596",1050
"ENSRNOG00000028441",403
"ENSRNOG00000021365",152
"ENSRNOG00000000582",11
"ENSRNOG00000012714",13
"ENSRNOG00000000566",1
"ENSRNOG00000000442",87
"ENSRNOG00000000303",356
"ENSRNOG00000000495",493
"ENSRNOG00000000590",1
"ENSRNOG00000000606",0
"ENSRNOG00000040052",79
"ENSRNOG00000000327",748
"ENSRNOG00000000833",214
"ENSRNOG00000000502",139
"ENSRNOG00000000610",864
"ENSRNOG00000024839",236
"ENSRNOG00000046505",124
"ENSRNOG00000000302",456
"ENSRNOG00000000373",4
"ENSRNOG00000049990",1
"ENSRNOG00000053936",0
"ENSRNOG00000026466",377
"ENSRNOG00000069858",0
"ENSRNOG00000066776",34
"ENSRNOG00000001245",383
"ENSRNOG00000000314",1559
"ENSRNOG00000000778",47
"ENSRNOG00000001174",2
"ENSRNOG00000000563",122
"ENSRNOG00000064048",15
"ENSRNOG00000000779",400
"ENSRNOG00000000454",1
"ENSRNOG00000070102",1
"ENSRNOG00000000780",1359
"ENSRNOG00000000781",23
"ENSRNOG00000000571",29254
"ENSRNOG00000000519",2947
"ENSRNOG00000069836",0
"ENSRNOG00000067285",5
"ENSRNOG00000021518",0
"ENSRNOG00000000783",0
"ENSRNOG00000000638",604
"ENSRNOG00000000634",1
"ENSRNOG00000052795",485
"ENSRNOG00000068407",337
"ENSRNOG00000049937",80
"ENSRNOG00000000782",2
"ENSRNOG00000024601",298
"ENSRNOG00000067891",1
"ENSRNOG00000031689",368
"ENSRNOG00000025909",254
"ENSRNOG00000000455",445
"ENSRNOG00000000562",0
"ENSRNOG00000032930",921
"ENSRNOG00000000498",480
"ENSRNOG00000066279",0
"ENSRNOG00000063767",0
"ENSRNOG00000000510",0
"ENSRNOG00000000543",514
"ENSRNOG00000000516",0
"ENSRNOG00000051398",1
"ENSRNOG00000000479",151
"ENSRNOG00000028622",7
"ENSRNOG00000000456",100
"ENSRNOG00000000796",4580
"ENSRNOG00000000507",11
"ENSRNOG00000033087",0
"ENSRNOG00000001223",6142
"ENSRNOG00000043212",1226
"ENSRNOG00000000457",312
"ENSRNOG00000064170",0
"ENSRNOG00000000500",685
"ENSRNOG00000050658",0
"ENSRNOG00000000459",310
"ENSRNOG00000067614",0
"ENSRNOG00000000504",98
"ENSRNOG00000049491",21
"ENSRNOG00000030109",307
"ENSRNOG00000001295",19
"ENSRNOG00000000505",2253
"ENSRNOG00000059659",3037
"ENSRNOG00000001297",464
"ENSRNOG00000029979",161
"ENSRNOG00000000501",431
"ENSRNOG00000066773",361
"ENSRNOG00000000569",3
"ENSRNOG00000029528",4
"ENSRNOG00000047102",44
"ENSRNOG00000000540",115
"ENSRNOG00000000541",3205
"ENSRNOG00000000506",1024
"ENSRNOG00000001201",3182
"ENSRNOG00000000604",2167
"ENSRNOG00000065441",19
"ENSRNOG00000000433",124
"ENSRNOG00000001217",3
"ENSRNOG00000001224",0
"ENSRNOG00000000480",181
"ENSRNOG00000001184",384
"ENSRNOG00000000648",3589
"ENSRNOG00000000435",547
"ENSRNOG00000000851",3426
"ENSRNOG00000000491",4
"ENSRNOG00000001210",518
"ENSRNOG00000026762",0
"ENSRNOG00000000481",2874
"ENSRNOG00000000487",1
"ENSRNOG00000000277",1267
"ENSRNOG00000000441",62
"ENSRNOG00000000552",0
"ENSRNOG00000063880",3337
"ENSRNOG00000000857",18
"ENSRNOG00000000611",1209
"ENSRNOG00000028598",19
"ENSRNOG00000000436",8
"ENSRNOG00000000850",47
"ENSRNOG00000048929",62
"ENSRNOG00000039658",133
"ENSRNOG00000000437",2403
"ENSRNOG00000000641",169
"ENSRNOG00000061176",1047
"ENSRNOG00000000386",1
"ENSRNOG00000000438",372
"ENSRNOG00000000396",1506
"ENSRNOG00000051960",33
"ENSRNOG00000056298",0
"ENSRNOG00000001181",152
"ENSRNOG00000069854",66
"ENSRNOG00000001227",2280
"ENSRNOG00000000490",1627
"ENSRNOG00000000439",21
"ENSRNOG00000000645",10636
"ENSRNOG00000023712",2
"ENSRNOG00000000499",2
"ENSRNOG00000046791",488
"ENSRNOG00000068135",0
"ENSRNOG00000049507",1053
"ENSRNOG00000028302",3902
"ENSRNOG00000000486",22
"ENSRNOG00000048193",183
"ENSRNOG00000000523",176
"ENSRNOG00000048987",0
"ENSRNOG00000000485",1756
"ENSRNOG00000028243",29
"ENSRNOG00000031065",4
"ENSRNOG00000063826",0
"ENSRNOG00000006589",4425
"ENSRNOG00000000461",4794
"ENSRNOG00000068033",0
"ENSRNOG00000069988",0
"ENSRNOG00000064749",55
"ENSRNOG00000000274",18
"ENSRNOG00000016997",59
"ENSRNOG00000065563",461
"ENSRNOG00000062695",0
"ENSRNOG00000001205",911
"ENSRNOG00000000636",0
"ENSRNOG00000045860",862
"ENSRNOG00000050410",318
"ENSRNOG00000070306",0
"ENSRNOG00000000275",955
"ENSRNOG00000047697",57
"ENSRNOG00000000524",2784
"ENSRNOG00000057862",3
"ENSRNOG00000049952",1186
"ENSRNOG00000000808",1415
"ENSRNOG00000046428",295
"ENSRNOG00000070531",1
"ENSRNOG00000000858",6
"ENSRNOG00000043033",163
"ENSRNOG00000000561",125
"ENSRNOG00000000860",7
"ENSRNOG00000000511",1815
"ENSRNOG00000029360",5319
"ENSRNOG00000001189",131
"ENSRNOG00000001169",40
"ENSRNOG00000000440",786
"ENSRNOG00000038300",0
"ENSRNOG00000042916",975
"ENSRNOG00000063338",1
"ENSRNOG00000001215",737
"ENSRNOG00000000565",2909
"ENSRNOG00000000542",1
"ENSRNOG00000000387",1167
"ENSRNOG00000000410",0
"ENSRNOG00000049696",0
"ENSRNOG00000001254",14011
"ENSRNOG00000001152",0
"ENSRNOG00000000852",12315
"ENSRNOG00000001261",1
"ENSRNOG00000000512",288
"ENSRNOG00000000398",243
"ENSRNOG00000001302",56
"ENSRNOG00000063538",0
"ENSRNOG00000000640",100
"ENSRNOG00000000394",126
"ENSRNOG00000000508",0
"ENSRNOG00000001225",180
"ENSRNOG00000022523",310
"ENSRNOG00000055391",3192
"ENSRNOG00000000493",515
"ENSRNOG00000066789",190
"ENSRNOG00000067849",60
"ENSRNOG00000001182",1137
"ENSRNOG00000000528",0
"ENSRNOG00000000560",147
"ENSRNOG00000000513",3142
"ENSRNOG00000000521",2133
"ENSRNOG00000069172",0
"ENSRNOG00000047175",0
"ENSRNOG00000001157",0
"ENSRNOG00000065254",1098
"ENSRNOG00000001167",0
"ENSRNOG00000000412",6
"ENSRNOG00000028641",744
"ENSRNOG00000070329",62
"ENSRNOG00000065780",24
"ENSRNOG00000046619",1
"ENSRNOG00000046705",6888
"ENSRNOG00000000515",0
"ENSRNOG00000066051",0
"ENSRNOG00000065311",8
"ENSRNOG00000000635",2359
"ENSRNOG00000046204",164
"ENSRNOG00000001193",4
"ENSRNOG00000001219",0
"ENSRNOG00000058912",51
"ENSRNOG00000045920",1798
"ENSRNOG00000000800",3044
"ENSRNOG00000001218",0
"ENSRNOG00000067436",0
"ENSRNOG00000000483",1672
"ENSRNOG00000042329",0
"ENSRNOG00000047532",0
"ENSRNOG00000048951",2
"ENSRNOG00000068042",0
"ENSRNOG00000000312",1350
"ENSRNOG00000000823",762
"ENSRNOG00000001303",2322
"ENSRNOG00000038883",2509
"ENSRNOG00000001214",150
"ENSRNOG00000049771",371
"ENSRNOG00000030408",1369
"ENSRNOG00000032530",0
"ENSRNOG00000000609",342
"ENSRNOG00000066181",366
"ENSRNOG00000046538",0
"ENSRNOG00000000878",2
"ENSRNOG00000067601",0
"ENSRNOG00000069480",269
"ENSRNOG00000065874",0
"ENSRNOG00000070409",0
"ENSRNOG00000000368",350
"ENSRNOG00000000529",24
"ENSRNOG00000026799",254
"ENSRNOG00000001216",0
"ENSRNOG00000042186",0
"ENSRNOG00000046758",5
"ENSRNOG00000064334",10
"ENSRNOG00000001311",131
"ENSRNOG00000066018",1
"ENSRNOG00000038999",626
"ENSRNOG00000059458",786
"ENSRNOG00000001158",34
"ENSRNOG00000000411",556
"ENSRNOG00000059770",805
"ENSRNOG00000037600",1
"ENSRNOG00000001194",795
"ENSRNOG00000000633",1130
"ENSRNOG00000032708",1
"ENSRNOG00000051061",1430
"ENSRNOG00000001213",0
"ENSRNOG00000000308",337
"ENSRNOG00000026407",221
"ENSRNOG00000000307",560
"ENSRNOG00000023109",59
"ENSRNOG00000000401",0
"ENSRNOG00000031290",6
"ENSRNOG00000047476",730
"ENSRNOG00000000580",0
"ENSRNOG00000063872",0
"ENSRNOG00000000825",20
"ENSRNOG00000037757",0
"ENSRNOG00000000306",319
"ENSRNOG00000070199",2
"ENSRNOG00000070167",25
"ENSRNOG00000000532",1005
"ENSRNOG00000047706",226
"ENSRNOG00000024918",176
"ENSRNOG00000037688",22
"ENSRNOG00000050655",5728
"ENSRNOG00000043186",54
"ENSRNOG00000000598",133
"ENSRNOG00000000597",9
"ENSRNOG00000030712",60
"ENSRNOG00000000815",60
"ENSRNOG00000000474",406
"ENSRNOG00000000304",12999
"ENSRNOG00000029500",1
"ENSRNOG00000058648",0
"ENSRNOG00000061936",0
"ENSRNOG00000000848",55
"ENSRNOG00000038807",0
"ENSRNOG00000000476",2
"ENSRNOG00000037668",3
"ENSRNOG00000000847",5396
"ENSRNOG00000000841",7042
"ENSRNOG00000001222",231
"ENSRNOG00000000824",1257
"ENSRNOG00000069363",6
"ENSRNOG00000069923",8
"ENSRNOG00000000477",507
"ENSRNOG00000057078",600
"ENSRNOG00000000551",90
"ENSRNOG00000026110",2
"ENSRNOG00000068717",81
"ENSRNOG00000027516",0
"ENSRNOG00000000414",353
"ENSRNOG00000067335",3
"ENSRNOG00000000805",14933
"ENSRNOG00000054549",1028
"ENSRNOG00000027949",0
"ENSRNOG00000000595",954
"ENSRNOG00000001298",1
"ENSRNOG00000049734",4
"ENSRNOG00000000593",2708
"ENSRNOG00000062276",218
"ENSRNOG00000001869",0
"ENSRNOG00000000395",1070
"ENSRNOG00000001165",0
"ENSRNOG00000001211",806
"ENSRNOG00000000322",1085
"ENSRNOG00000030630",1759
"ENSRNOG00000000392",1436
"ENSRNOG00000048682",1484
"ENSRNOG00000000463",11
"ENSRNOG00000000613",675
"ENSRNOG00000051235",75
"ENSRNOG00000061544",87
"ENSRNOG00000000464",323
"ENSRNOG00000000465",0
"ENSRNOG00000001304",541
"ENSRNOG00000000466",41
"ENSRNOG00000068163",0
"ENSRNOG00000000467",616
"ENSRNOG00000003281",400
"ENSRNOG00000000559",0
"ENSRNOG00000038258",11
"ENSRNOG00000000406",1
"ENSRNOG00000000527",5036
"ENSRNOG00000064723",0
"ENSRNOG00000046314",0
"ENSRNOG00000000415",885
"ENSRNOG00000000525",193
"ENSRNOG00000065029",0
"ENSRNOG00000000802",197
"ENSRNOG00000000522",5
"ENSRNOG00000000470",1271
"ENSRNOG00000000420",899
"ENSRNOG00000069916",0
"ENSRNOG00000000421",480
"ENSRNOG00000068565",1
"ENSRNOG00000024019",2191
"ENSRNOG00000000422",305
"ENSRNOG00000000801",250
"ENSRNOG00000062487",208
"ENSRNOG00000069209",330
"ENSRNOG00000000471",1241
"ENSRNOG00000028386",17
"ENSRNOG00000028356",15
"ENSRNOG00000028344",1138
"ENSRNOG00000001159",0
"ENSRNOG00000001162",0
"ENSRNOG00000001164",0
"ENSRNOG00000062067",4
"ENSRNOG00000001276",339
"ENSRNOG00000064836",54
"ENSRNOG00000001055",437
"ENSRNOG00000001060",174
"ENSRNOG00000000981",256
"ENSRNOG00000045574",28
"ENSRNOG00000001336",355
"ENSRNOG00000001337",1646
"ENSRNOG00000008673",4285
"ENSRNOG00000025702",1016
"ENSRNOG00000001331",681
"ENSRNOG00000001238",463
"ENSRNOG00000028523",987
"ENSRNOG00000001270",170
"ENSRNOG00000001316",4727
"ENSRNOG00000063517",10
"ENSRNOG00000001338",2
"ENSRNOG00000025936",5049
"ENSRNOG00000042607",46
"ENSRNOG00000001368",0
"ENSRNOG00000001278",258
"ENSRNOG00000048050",58
"ENSRNOG00000031731",1315
"ENSRNOG00000001274",1705
"ENSRNOG00000021480",180
"ENSRNOG00000021440",1238
"ENSRNOG00000001269",3567
"ENSRNOG00000001259",5
"ENSRNOG00000070135",0
"ENSRNOG00000034266",0
"ENSRNOG00000030848",2
"ENSRNOG00000001345",676
"ENSRNOG00000001391",3
"ENSRNOG00000001285",5033
"ENSRNOG00000067283",0
"ENSRNOG00000063614",0
"ENSRNOG00000055283",0
"ENSRNOG00000053770",1
"ENSRNOG00000063012",0
"ENSRNOG00000027480",20
"ENSRNOG00000051585",1
"ENSRNOG00000056264",0
"ENSRNOG00000063776",0
"ENSRNOG00000027028",474
"ENSRNOG00000062433",0
"ENSRNOG00000064748",0
"ENSRNOG00000037801",15
"ENSRNOG00000067454",0
"ENSRNOG00000067227",0
"ENSRNOG00000001348",647
"ENSRNOG00000067552",0
"ENSRNOG00000070719",0
"ENSRNOG00000065615",0
"ENSRNOG00000039214",185
"ENSRNOG00000065400",0
"ENSRNOG00000064405",0
"ENSRNOG00000064696",0
"ENSRNOG00000001350",666
"ENSRNOG00000063764",0
"ENSRNOG00000063697",0
"ENSRNOG00000069325",0
"ENSRNOG00000067994",0
"ENSRNOG00000067666",0
"ENSRNOG00000001375",189
"ENSRNOG00000071042",0
"ENSRNOG00000066865",0
"ENSRNOG00000067720",0
"ENSRNOG00000039282",0
"ENSRNOG00000064336",0
"ENSRNOG00000062902",0
"ENSRNOG00000067686",0
"ENSRNOG00000063472",0
"ENSRNOG00000067123",0
"ENSRNOG00000065467",0
"ENSRNOG00000069537",0
"ENSRNOG00000063492",0
"ENSRNOG00000063911",0
"ENSRNOG00000068030",0
"ENSRNOG00000063378",0
"ENSRNOG00000069873",0
"ENSRNOG00000065983",0
"ENSRNOG00000062974",0
"ENSRNOG00000064155",0
"ENSRNOG00000001329",9
"ENSRNOG00000065316",1
"ENSRNOG00000068354",0
"ENSRNOG00000067197",0
"ENSRNOG00000066211",0
"ENSRNOG00000065678",0
"ENSRNOG00000062634",0
"ENSRNOG00000066370",0
"ENSRNOG00000001333",6
"ENSRNOG00000068125",0
"ENSRNOG00000069307",0
"ENSRNOG00000068794",0
"ENSRNOG00000068925",0
"ENSRNOG00000064767",0
"ENSRNOG00000069603",0
"ENSRNOG00000067020",0
"ENSRNOG00000070262",0
"ENSRNOG00000066000",0
"ENSRNOG00000066264",0
"ENSRNOG00000064352",0
"ENSRNOG00000069008",0
"ENSRNOG00000001247",1805
"ENSRNOG00000065766",0
"ENSRNOG00000070995",0
"ENSRNOG00000063557",0
"ENSRNOG00000066614",17
"ENSRNOG00000064757",0
"ENSRNOG00000054522",0
"ENSRNOG00000060282",0
"ENSRNOG00000035479",0
"ENSRNOG00000035485",2
"ENSRNOG00000035540",3
"ENSRNOG00000063623",99
"ENSRNOG00000035531",6
"ENSRNOG00000036338",0
"ENSRNOG00000028965",0
"ENSRNOG00000047842",0
"ENSRNOG00000062779",1
"ENSRNOG00000051906",0
"ENSRNOG00000064916",0
"ENSRNOG00000001387",463
"ENSRNOG00000070325",0
"ENSRNOG00000050805",1562
"ENSRNOG00000030124",2869
"ENSRNOG00000050848",0
"ENSRNOG00000001374",0
"ENSRNOG00000001404",614
"ENSRNOG00000064009",1351
"ENSRNOG00000021691",213
"ENSRNOG00000063284",0
"ENSRNOG00000063533",0
"ENSRNOG00000052704",1279
"ENSRNOG00000070677",0
"ENSRNOG00000063820",0
"ENSRNOG00000066432",22
"ENSRNOG00000069357",0
"ENSRNOG00000048487",155
"ENSRNOG00000028198",1443
"ENSRNOG00000048580",609
"ENSRNOG00000001389",125
"ENSRNOG00000001256",2464
"ENSRNOG00000066351",10
"ENSRNOG00000001309",368
"ENSRNOG00000001402",2
"ENSRNOG00000001300",542
"ENSRNOG00000024922",10
"ENSRNOG00000025001",28371
"ENSRNOG00000056889",631
"ENSRNOG00000001396",1129
"ENSRNOG00000001407",4
"ENSRNOG00000001035",260
"ENSRNOG00000001283",612
"ENSRNOG00000001408",0
"ENSRNOG00000001039",1207
"ENSRNOG00000045952",1888
"ENSRNOG00000001296",2
"ENSRNOG00000050059",0
"ENSRNOG00000001043",251
"ENSRNOG00000052199",85
"ENSRNOG00000069835",2
"ENSRNOG00000024462",1
"ENSRNOG00000025310",418
"ENSRNOG00000001369",2
"ENSRNOG00000068186",0
"ENSRNOG00000064228",0
"ENSRNOG00000057769",0
"ENSRNOG00000062810",0
"ENSRNOG00000068922",1
"ENSRNOG00000070312",0
"ENSRNOG00000001414",104
"ENSRNOG00000033220",4
"ENSRNOG00000001412",3
"ENSRNOG00000031726",0
"ENSRNOG00000048277",791
"ENSRNOG00000050841",28
"ENSRNOG00000062846",0
"ENSRNOG00000024641",43
"ENSRNOG00000059207",0
"ENSRNOG00000070500",0
"ENSRNOG00000049282",1
"ENSRNOG00000038896",2
"ENSRNOG00000028206",95
"ENSRNOG00000001392",0
"ENSRNOG00000001399",0
"ENSRNOG00000001385",5213
"ENSRNOG00000067638",2
"ENSRNOG00000001388",29
"ENSRNOG00000046497",837
"ENSRNOG00000063866",0
"ENSRNOG00000037815",5663
"ENSRNOG00000001409",3588
"ENSRNOG00000001070",5318
"ENSRNOG00000001073",182
"ENSRNOG00000001410",232
"ENSRNOG00000001074",667
"ENSRNOG00000001425",220
"ENSRNOG00000001251",1
"ENSRNOG00000070432",7
"ENSRNOG00000056407",2
"ENSRNOG00000001435",127
"ENSRNOG00000023686",607
"ENSRNOG00000024277",0
"ENSRNOG00000071001",407
"ENSRNOG00000048699",36
"ENSRNOG00000001351",714
"ENSRNOG00000071009",5
"ENSRNOG00000063308",129
"ENSRNOG00000018910",319
"ENSRNOG00000025626",2
"ENSRNOG00000022767",0
"ENSRNOG00000020112",2
"ENSRNOG00000028981",1
"ENSRNOG00000001294",816
"ENSRNOG00000032705",378
"ENSRNOG00000066204",2
"ENSRNOG00000037500",147
"ENSRNOG00000037481",59
"ENSRNOG00000000909",489
"ENSRNOG00000055583",4646
"ENSRNOG00000068853",0
"ENSRNOG00000029165",52
"ENSRNOG00000001427",596
"ENSRNOG00000001141",4
"ENSRNOG00000001377",681
"ENSRNOG00000034215",0
"ENSRNOG00000070313",0
"ENSRNOG00000055795",0
"ENSRNOG00000062582",0
"ENSRNOG00000064613",250
"ENSRNOG00000069275",86
"ENSRNOG00000071077",2
"ENSRNOG00000001443",408
"ENSRNOG00000071056",0
"ENSRNOG00000064325",21
"ENSRNOG00000032684",0
"ENSRNOG00000069155",0
"ENSRNOG00000001428",127
"ENSRNOG00000069263",83
"ENSRNOG00000001250",327
"ENSRNOG00000047745",0
"ENSRNOG00000046252",314
"ENSRNOG00000071178",24
"ENSRNOG00000064620",0
"ENSRNOG00000069126",0
"ENSRNOG00000069788",0
"ENSRNOG00000001178",2509
"ENSRNOG00000001429",346
"ENSRNOG00000037720",229
"ENSRNOG00000001071",273
"ENSRNOG00000053768",0
"ENSRNOG00000066404",5
"ENSRNOG00000001103",0
"ENSRNOG00000064538",0
"ENSRNOG00000046171",3
"ENSRNOG00000070934",0
"ENSRNOG00000062589",0
"ENSRNOG00000037483",5353
"ENSRNOG00000069546",0
"ENSRNOG00000063908",0
"ENSRNOG00000062504",0
"ENSRNOG00000001430",1068
"ENSRNOG00000032560",0
"ENSRNOG00000066843",0
"ENSRNOG00000068581",0
"ENSRNOG00000065057",0
"ENSRNOG00000070778",0
"ENSRNOG00000064850",0
"ENSRNOG00000065370",0
"ENSRNOG00000065050",0
"ENSRNOG00000068657",0
"ENSRNOG00000062638",0
"ENSRNOG00000069792",61
"ENSRNOG00000001130",0
"ENSRNOG00000063208",0
"ENSRNOG00000028544",0
"ENSRNOG00000064391",0
"ENSRNOG00000068237",0
"ENSRNOG00000050264",0
"ENSRNOG00000067017",0
"ENSRNOG00000001415",845
"ENSRNOG00000001439",3
"ENSRNOG00000065486",1
"ENSRNOG00000029560",23
"ENSRNOG00000069236",7
"ENSRNOG00000065030",0
"ENSRNOG00000064898",0
"ENSRNOG00000062654",1
"ENSRNOG00000059768",112
"ENSRNOG00000001273",586
"ENSRNOG00000069035",0
"ENSRNOG00000066373",0
"ENSRNOG00000001352",2691
"ENSRNOG00000068400",0
"ENSRNOG00000063095",20
"ENSRNOG00000062639",0
"ENSRNOG00000065789",2
"ENSRNOG00000068338",0
"ENSRNOG00000001416",0
"ENSRNOG00000067515",5
"ENSRNOG00000001253",2579
"ENSRNOG00000066427",0
"ENSRNOG00000064554",1
"ENSRNOG00000068924",0
"ENSRNOG00000064929",97
"ENSRNOG00000067049",0
"ENSRNOG00000029211",0
"ENSRNOG00000067727",0
"ENSRNOG00000068453",0
"ENSRNOG00000064343",0
"ENSRNOG00000066903",56
"ENSRNOG00000064863",0
"ENSRNOG00000063555",37
"ENSRNOG00000067099",0
"ENSRNOG00000056955",4
"ENSRNOG00000062894",0
"ENSRNOG00000067367",0
"ENSRNOG00000065496",0
"ENSRNOG00000069083",47
"ENSRNOG00000001417",1426
"ENSRNOG00000066725",11
"ENSRNOG00000064190",0
"ENSRNOG00000001258",83
"ENSRNOG00000067835",78
"ENSRNOG00000054311",0
"ENSRNOG00000071017",0
"ENSRNOG00000069064",0
"ENSRNOG00000066823",2
"ENSRNOG00000064618",0
"ENSRNOG00000064366",13
"ENSRNOG00000062342",0
"ENSRNOG00000070583",0
"ENSRNOG00000063893",0
"ENSRNOG00000047653",15
"ENSRNOG00000067532",0
"ENSRNOG00000065145",0
"ENSRNOG00000064185",0
"ENSRNOG00000001448",1560
"ENSRNOG00000067199",0
"ENSRNOG00000069003",4
"ENSRNOG00000043267",55
"ENSRNOG00000001418",234
"ENSRNOG00000063972",0
"ENSRNOG00000068379",1
"ENSRNOG00000066560",3
"ENSRNOG00000062914",0
"ENSRNOG00000049770",2
"ENSRNOG00000066518",0
"ENSRNOG00000070555",0
"ENSRNOG00000022014",1281
"ENSRNOG00000068031",0
"ENSRNOG00000066779",3
"ENSRNOG00000001260",53
"ENSRNOG00000001419",83
"ENSRNOG00000064906",0
"ENSRNOG00000071134",0
"ENSRNOG00000060790",1
"ENSRNOG00000067880",0
"ENSRNOG00000037509",193
"ENSRNOG00000063447",0
"ENSRNOG00000064125",14
"ENSRNOG00000001275",1
"ENSRNOG00000063862",0
"ENSRNOG00000062865",4
"ENSRNOG00000065096",355
"ENSRNOG00000069825",0
"ENSRNOG00000001420",1298
"ENSRNOG00000071110",17
"ENSRNOG00000069881",12
"ENSRNOG00000069057",0
"ENSRNOG00000001449",1702
"ENSRNOG00000069863",0
"ENSRNOG00000064577",0
"ENSRNOG00000001151",114
"ENSRNOG00000064576",0
"ENSRNOG00000001265",141
"ENSRNOG00000065712",0
"ENSRNOG00000066705",0
"ENSRNOG00000064624",0
"ENSRNOG00000001450",369
"ENSRNOG00000066022",0
"ENSRNOG00000001171",307
"ENSRNOG00000066249",0
"ENSRNOG00000064272",0
"ENSRNOG00000031346",401
"ENSRNOG00000056017",64
"ENSRNOG00000070992",0
"ENSRNOG00000063921",0
"ENSRNOG00000063728",1
"ENSRNOG00000023546",1275
"ENSRNOG00000054608",0
"ENSRNOG00000001342",139
"ENSRNOG00000066626",0
"ENSRNOG00000056379",0
"ENSRNOG00000022533",299
"ENSRNOG00000064841",3
"ENSRNOG00000001444",0
"ENSRNOG00000054746",2
"ENSRNOG00000069531",0
"ENSRNOG00000066921",0
"ENSRNOG00000037456",0
"ENSRNOG00000065089",2
"ENSRNOG00000051807",1
"ENSRNOG00000056456",0
"ENSRNOG00000031162",0
"ENSRNOG00000001397",195
"ENSRNOG00000066400",0
"ENSRNOG00000068850",0
"ENSRNOG00000068822",0
"ENSRNOG00000065749",3
"ENSRNOG00000066996",184
"ENSRNOG00000001469",92803
"ENSRNOG00000062773",0
"ENSRNOG00000065248",26
"ENSRNOG00000040652",0
"ENSRNOG00000070543",34
"ENSRNOG00000066839",0
"ENSRNOG00000065898",17
"ENSRNOG00000032917",725
"ENSRNOG00000001436",12092
"ENSRNOG00000065479",0
"ENSRNOG00000069469",4
"ENSRNOG00000056978",3
"ENSRNOG00000035103",0
"ENSRNOG00000069015",7
"ENSRNOG00000069182",2
"ENSRNOG00000071022",0
"ENSRNOG00000069011",0
"ENSRNOG00000056104",0
"ENSRNOG00000067247",63
"ENSRNOG00000056072",0
"ENSRNOG00000000921",1648
"ENSRNOG00000066251",1
"ENSRNOG00000001006",0
"ENSRNOG00000001123",284
"ENSRNOG00000060796",0
"ENSRNOG00000001432",233
"ENSRNOG00000001252",594
"ENSRNOG00000053637",2
"ENSRNOG00000067035",0
"ENSRNOG00000066145",0
"ENSRNOG00000069152",43
"ENSRNOG00000070742",8
"ENSRNOG00000053421",0
"ENSRNOG00000000968",432
"ENSRNOG00000064604",19
"ENSRNOG00000008706",31
"ENSRNOG00000001284",0
"ENSRNOG00000056133",0
"ENSRNOG00000068394",18
"ENSRNOG00000001120",2823
"ENSRNOG00000067802",15
"ENSRNOG00000058033",2
"ENSRNOG00000069694",31
"ENSRNOG00000059804",3
"ENSRNOG00000001457",233
"ENSRNOG00000060427",0
"ENSRNOG00000001434",0
"ENSRNOG00000065556",5
"ENSRNOG00000063770",0
"ENSRNOG00000064713",0
"ENSRNOG00000065794",12
"ENSRNOG00000001139",1083
"ENSRNOG00000057377",0
"ENSRNOG00000063046",0
"ENSRNOG00000064303",0
"ENSRNOG00000055445",0
"ENSRNOG00000047880",772
"ENSRNOG00000001277",0
"ENSRNOG00000053902",6
"ENSRNOG00000070246",264
"ENSRNOG00000035114",0
"ENSRNOG00000062742",2
"ENSRNOG00000067225",8
"ENSRNOG00000061095",3
"ENSRNOG00000001454",1308
"ENSRNOG00000062963",0
"ENSRNOG00000051549",0
"ENSRNOG00000055865",0
"ENSRNOG00000062376",457
"ENSRNOG00000061002",0
"ENSRNOG00000059344",2009
"ENSRNOG00000058537",0
"ENSRNOG00000037480",172
"ENSRNOG00000054687",0
"ENSRNOG00000067181",1
"ENSRNOG00000051870",0
"ENSRNOG00000068745",0
"ENSRNOG00000052482",2
"ENSRNOG00000069461",8
"ENSRNOG00000062719",0
"ENSRNOG00000068603",97
"ENSRNOG00000001453",2906
"ENSRNOG00000051006",100
"ENSRNOG00000065041",0
"ENSRNOG00000064330",5
"ENSRNOG00000037478",463
"ENSRNOG00000064839",0
"ENSRNOG00000065696",62
"ENSRNOG00000001312",501
"ENSRNOG00000071198",1
"ENSRNOG00000059673",338
"ENSRNOG00000000999",693
"ENSRNOG00000001440",7054
"ENSRNOG00000067286",347
"ENSRNOG00000051294",0
"ENSRNOG00000001383",345
"ENSRNOG00000030354",0
"ENSRNOG00000062811",0
"ENSRNOG00000001422",0
"ENSRNOG00000028259",0
"ENSRNOG00000028733",2
"ENSRNOG00000021611",541
"ENSRNOG00000039819",509
"ENSRNOG00000001003",680
"ENSRNOG00000001424",3896
"ENSRNOG00000000973",1
"ENSRNOG00000050672",0
"ENSRNOG00000021312",378
"ENSRNOG00000022698",284
"ENSRNOG00000000969",0
"ENSRNOG00000054013",0
"ENSRNOG00000001470",226
"ENSRNOG00000054033",5
"ENSRNOG00000001136",5084
"ENSRNOG00000040128",0
"ENSRNOG00000023366",137
"ENSRNOG00000022483",1
"ENSRNOG00000000978",0
"ENSRNOG00000001293",431
"ENSRNOG00000001138",437
"ENSRNOG00000028803",0
"ENSRNOG00000001451",1
"ENSRNOG00000001441",1200
"ENSRNOG00000001017",0
"ENSRNOG00000001289",207
"ENSRNOG00000031721",973
"ENSRNOG00000028630",0
"ENSRNOG00000001287",6
"ENSRNOG00000022426",0
"ENSRNOG00000033700",402
"ENSRNOG00000001442",601
"ENSRNOG00000001288",188
"ENSRNOG00000029881",0
"ENSRNOG00000030813",0
"ENSRNOG00000001124",161
"ENSRNOG00000001474",14
"ENSRNOG00000028651",131
"ENSRNOG00000001129",1226
"ENSRNOG00000063916",1
"ENSRNOG00000066613",0
"ENSRNOG00000032693",0
"ENSRNOG00000001126",610
"ENSRNOG00000001198",9
"ENSRNOG00000001431",51
"ENSRNOG00000051770",0
"ENSRNOG00000028814",176
"ENSRNOG00000000957",864
"ENSRNOG00000049220",0
"ENSRNOG00000001128",32
"ENSRNOG00000001148",141835
"ENSRNOG00000039296",0
"ENSRNOG00000000952",0
"ENSRNOG00000050052",583
"ENSRNOG00000028090",723
"ENSRNOG00000001153",1
"ENSRNOG00000001317",1518
"ENSRNOG00000001058",447
"ENSRNOG00000053974",0
"ENSRNOG00000022392",1272
"ENSRNOG00000001314",569
"ENSRNOG00000001149",4041
"ENSRNOG00000028100",30
"ENSRNOG00000054170",0
"ENSRNOG00000025155",1002
"ENSRNOG00000028323",233
"ENSRNOG00000001069",580
"ENSRNOG00000001479",8786
"ENSRNOG00000054096",230
"ENSRNOG00000066133",0
"ENSRNOG00000001324",7
"ENSRNOG00000028592",1648
"ENSRNOG00000000986",0
"ENSRNOG00000030927",3
"ENSRNOG00000001299",2135
"ENSRNOG00000021871",2149
"ENSRNOG00000028414",0
"ENSRNOG00000028211",91
"ENSRNOG00000028531",0
"ENSRNOG00000028166",107
"ENSRNOG00000001480",7
"ENSRNOG00000001001",0
"ENSRNOG00000001325",155
"ENSRNOG00000028892",623
"ENSRNOG00000027175",3
"ENSRNOG00000028460",237
"ENSRNOG00000071078",18
"ENSRNOG00000001482",308
"ENSRNOG00000068266",0
"ENSRNOG00000067426",8
"ENSRNOG00000001031",0
"ENSRNOG00000001483",186
"ENSRNOG00000029986",994
"ENSRNOG00000001323",504
"ENSRNOG00000038495",0
"ENSRNOG00000063766",0
"ENSRNOG00000000917",96
"ENSRNOG00000001032",1448
"ENSRNOG00000066802",0
"ENSRNOG00000042807",0
"ENSRNOG00000023536",32
"ENSRNOG00000008372",1637
"ENSRNOG00000069254",0
"ENSRNOG00000000954",3697
"ENSRNOG00000001379",8
"ENSRNOG00000000974",1137
"ENSRNOG00000001143",149
"ENSRNOG00000025212",728
"ENSRNOG00000000885",149
"ENSRNOG00000062027",0
"ENSRNOG00000063231",0
"ENSRNOG00000000897",102
"ENSRNOG00000024605",313
"ENSRNOG00000069278",0
"ENSRNOG00000048898",0
"ENSRNOG00000065731",0
"ENSRNOG00000030579",30
"ENSRNOG00000025217",172
"ENSRNOG00000046643",0
"ENSRNOG00000000886",0
"ENSRNOG00000051699",1174
"ENSRNOG00000001083",7593
"ENSRNOG00000024567",781
"ENSRNOG00000000955",795
"ENSRNOG00000001088",220
"ENSRNOG00000001007",1127
"ENSRNOG00000001478",1235
"ENSRNOG00000001346",1517
"ENSRNOG00000001111",316
"ENSRNOG00000001009",4144
"ENSRNOG00000001156",0
"ENSRNOG00000001040",536
"ENSRNOG00000001349",451
"ENSRNOG00000021364",0
"ENSRNOG00000001170",10845
"ENSRNOG00000001044",1199
"ENSRNOG00000001034",450
"ENSRNOG00000001160",185
"ENSRNOG00000045621",198
"ENSRNOG00000001050",1402
"ENSRNOG00000001163",453
"ENSRNOG00000063039",27
"ENSRNOG00000070660",1
"ENSRNOG00000060153",88
"ENSRNOG00000001048",20
"ENSRNOG00000001192",804
"ENSRNOG00000001353",397
"ENSRNOG00000059322",64
"ENSRNOG00000001183",2
"ENSRNOG00000001068",7960
"ENSRNOG00000001355",607
"ENSRNOG00000000895",474
"ENSRNOG00000001079",554
"ENSRNOG00000001185",831
"ENSRNOG00000001367",42
"ENSRNOG00000042384",389
"ENSRNOG00000001187",9
"ENSRNOG00000039832",6
"ENSRNOG00000049331",0
"ENSRNOG00000001108",1025
"ENSRNOG00000067900",0
"ENSRNOG00000001099",207
"ENSRNOG00000065713",446
"ENSRNOG00000001094",83
"ENSRNOG00000001335",1927
"ENSRNOG00000000918",159
"ENSRNOG00000049604",429
"ENSRNOG00000006958",376
"ENSRNOG00000024435",371
"ENSRNOG00000039234",744
"ENSRNOG00000001072",524
"ENSRNOG00000024527",1
"ENSRNOG00000001360",2
"ENSRNOG00000051442",311
"ENSRNOG00000023643",12
"ENSRNOG00000058563",0
"ENSRNOG00000066069",0
"ENSRNOG00000063927",304
"ENSRNOG00000049426",432
"ENSRNOG00000000931",932
"ENSRNOG00000001059",923
"ENSRNOG00000069743",0
"ENSRNOG00000000994",309
"ENSRNOG00000001134",266
"ENSRNOG00000065220",0
"ENSRNOG00000068770",0
"ENSRNOG00000001065",741
"ENSRNOG00000048881",0
"ENSRNOG00000021856",0
"ENSRNOG00000001056",1206
"ENSRNOG00000052516",0
"ENSRNOG00000034254",65750
"ENSRNOG00000001135",2832
"ENSRNOG00000024352",286
"ENSRNOG00000070024",0
"ENSRNOG00000001027",0
"ENSRNOG00000001117",117
"ENSRNOG00000071084",0
"ENSRNOG00000000888",403
"ENSRNOG00000000700",1194
"ENSRNOG00000001113",0
"ENSRNOG00000000893",1889
"ENSRNOG00000000692",231
"ENSRNOG00000001047",744
"ENSRNOG00000000956",198
"ENSRNOG00000028584",65
"ENSRNOG00000000901",498
"ENSRNOG00000024482",2960
"ENSRNOG00000000904",11
"ENSRNOG00000001190",2719
"ENSRNOG00000046700",323
"ENSRNOG00000001010",134
"ENSRNOG00000001104",4557
"ENSRNOG00000000903",617
"ENSRNOG00000025164",1
"ENSRNOG00000050573",0
"ENSRNOG00000001115",55
"ENSRNOG00000068541",500
"ENSRNOG00000001101",2295
"ENSRNOG00000070545",101
"ENSRNOG00000065430",517
"ENSRNOG00000042213",295
"ENSRNOG00000069757",0
"ENSRNOG00000042296",0
"ENSRNOG00000000913",1413
"ENSRNOG00000000695",2446
"ENSRNOG00000000988",796
"ENSRNOG00000060129",1892
"ENSRNOG00000000701",2174
"ENSRNOG00000000702",506
"ENSRNOG00000000905",7
"ENSRNOG00000059552",420
"ENSRNOG00000000983",342
"ENSRNOG00000000697",1132
"ENSRNOG00000050169",113
"ENSRNOG00000027049",821
"ENSRNOG00000022893",2
"ENSRNOG00000000985",162
"ENSRNOG00000028556",435
"ENSRNOG00000000993",0
"ENSRNOG00000000987",154
"ENSRNOG00000000989",1818
"ENSRNOG00000000891",438
"ENSRNOG00000000693",5
"ENSRNOG00000000906",2234
"ENSRNOG00000000990",1033
"ENSRNOG00000054962",1
"ENSRNOG00000000991",8438
"ENSRNOG00000000934",0
"ENSRNOG00000008447",0
"ENSRNOG00000001195",6
"ENSRNOG00000000996",1703
"ENSRNOG00000000699",22
"ENSRNOG00000000936",2187
"ENSRNOG00000000894",1600
"ENSRNOG00000011222",1684
"ENSRNOG00000068496",0
"ENSRNOG00000000704",1195
"ENSRNOG00000000920",43
"ENSRNOG00000025244",4258
"ENSRNOG00000000937",149
"ENSRNOG00000000922",489
"ENSRNOG00000068363",0
"ENSRNOG00000047219",2173
"ENSRNOG00000000961",0
"ENSRNOG00000047896",1112
"ENSRNOG00000000962",309
"ENSRNOG00000000975",5
"ENSRNOG00000059799",431
"ENSRNOG00000000900",1897
"ENSRNOG00000038406",0
"ENSRNOG00000024456",92
"ENSRNOG00000047191",54
"ENSRNOG00000066445",959
"ENSRNOG00000000977",290
"ENSRNOG00000000963",0
"ENSRNOG00000000938",8899
"ENSRNOG00000058142",0
"ENSRNOG00000001236",476
"ENSRNOG00000000664",363
"ENSRNOG00000000923",1713
"ENSRNOG00000046458",0
"ENSRNOG00000069441",10
"ENSRNOG00000047618",293
"ENSRNOG00000001191",235
"ENSRNOG00000025235",0
"ENSRNOG00000000925",535
"ENSRNOG00000047673",0
"ENSRNOG00000001172",7362
"ENSRNOG00000023919",1405
"ENSRNOG00000001241",539
"ENSRNOG00000001199",174
"ENSRNOG00000066020",18
"ENSRNOG00000000926",4
"ENSRNOG00000001235",2052
"ENSRNOG00000001173",107
"ENSRNOG00000001036",10
"ENSRNOG00000001098",2576
"ENSRNOG00000056768",378
"ENSRNOG00000064318",1876
"ENSRNOG00000064601",1848
"ENSRNOG00000021725",855
"ENSRNOG00000001114",528
"ENSRNOG00000001061",450
"ENSRNOG00000056585",183
"ENSRNOG00000025612",18
"ENSRNOG00000024264",23
"ENSRNOG00000000967",323
"ENSRNOG00000063487",0
"ENSRNOG00000068025",1247
"ENSRNOG00000061371",6
"ENSRNOG00000001177",473
"ENSRNOG00000039249",12216
"ENSRNOG00000022171",815
"ENSRNOG00000063102",0
"ENSRNOG00000046007",0
"ENSRNOG00000001452",1
"ENSRNOG00000001476",0
"ENSRNOG00000053045",11
"ENSRNOG00000022784",0
"ENSRNOG00000057823",57924
"ENSRNOG00000001142",978
"ENSRNOG00000008521",1449
"ENSRNOG00000060198",0
"ENSRNOG00000000964",98
"ENSRNOG00000051192",0
"ENSRNOG00000026661",3
"ENSRNOG00000063640",333
"ENSRNOG00000037978",10
"ENSRNOG00000026653",0
"ENSRNOG00000001347",60
"ENSRNOG00000029341",15
"ENSRNOG00000000665",3532
"ENSRNOG00000030948",0
"ENSRNOG00000029260",162
"ENSRNOG00000001005",0
"ENSRNOG00000066080",4
"ENSRNOG00000069648",116
"ENSRNOG00000001204",3072
"ENSRNOG00000001080",492
"ENSRNOG00000001081",98
"ENSRNOG00000048430",0
"ENSRNOG00000061346",2069
"ENSRNOG00000000708",0
"ENSRNOG00000001004",10481
"ENSRNOG00000054764",2
"ENSRNOG00000070811",454
"ENSRNOG00000050016",615
"ENSRNOG00000000691",0
"ENSRNOG00000059456",0
"ENSRNOG00000000940",413
"ENSRNOG00000052424",1305
"ENSRNOG00000001090",819
"ENSRNOG00000069956",222
"ENSRNOG00000033658",389
"ENSRNOG00000000907",3
"ENSRNOG00000042317",0
"ENSRNOG00000029197",31
"ENSRNOG00000029813",544
"ENSRNOG00000071128",57
"ENSRNOG00000000658",88
"ENSRNOG00000069961",39
"ENSRNOG00000008470",1
"ENSRNOG00000000902",1419
"ENSRNOG00000050360",0
"ENSRNOG00000000889",26
"ENSRNOG00000026192",0
"ENSRNOG00000000942",1707
"ENSRNOG00000000924",1142
"ENSRNOG00000062935",0
"ENSRNOG00000032759",1
"ENSRNOG00000000661",205
"ENSRNOG00000001243",1362
"ENSRNOG00000000662",181
"ENSRNOG00000033411",239
"ENSRNOG00000000663",347
"ENSRNOG00000050023",0
"ENSRNOG00000038002",325
"ENSRNOG00000037505",1788
"ENSRNOG00000037508",1050
"ENSRNOG00000065641",0
"ENSRNOG00000001064",1483
"ENSRNOG00000037446",56
"ENSRNOG00000068194",0
"ENSRNOG00000049229",766
"ENSRNOG00000049866",0
"ENSRNOG00000061004",0
"ENSRNOG00000001092",0
"ENSRNOG00000037476",0
"ENSRNOG00000030410",0
"ENSRNOG00000001082",2
"ENSRNOG00000032410",859
"ENSRNOG00000030721",674
"ENSRNOG00000001086",361
"ENSRNOG00000037466",0
"ENSRNOG00000001091",129
"ENSRNOG00000001106",289
"ENSRNOG00000001255",1516
"ENSRNOG00000001053",7359
"ENSRNOG00000032590",1652
"ENSRNOG00000027489",319
"ENSRNOG00000037443",697
"ENSRNOG00000060144",2091
"ENSRNOG00000037437",15
"ENSRNOG00000037430",554
"ENSRNOG00000037428",118
"ENSRNOG00000062521",78
"ENSRNOG00000037449",211
"ENSRNOG00000062169",42
"ENSRNOG00000069052",15
"ENSRNOG00000057231",477
"ENSRNOG00000063560",12
"ENSRNOG00000070228",3
"ENSRNOG00000069552",0
"ENSRNOG00000063279",0
"ENSRNOG00000060496",977
"ENSRNOG00000060963",0
"ENSRNOG00000067676",0
"ENSRNOG00000062567",3
"ENSRNOG00000060048",695
"ENSRNOG00000060617",302
"ENSRNOG00000065605",0
"ENSRNOG00000058664",0
"ENSRNOG00000066858",0
"ENSRNOG00000069947",4
"ENSRNOG00000068692",0
"ENSRNOG00000066009",0
"ENSRNOG00000062115",56
"ENSRNOG00000069112",0
"ENSRNOG00000054002",0
"ENSRNOG00000067420",0
"ENSRNOG00000069298",0
"ENSRNOG00000066131",1
"ENSRNOG00000068239",1
"ENSRNOG00000052235",0
"ENSRNOG00000055282",0
"ENSRNOG00000063906",0
"ENSRNOG00000066266",0
"ENSRNOG00000031780",0
"ENSRNOG00000030478",11151
"ENSRNOG00000029171",0
"ENSRNOG00000043866",8615
"ENSRNOG00000032112",66
"ENSRNOG00000030644",73127
"ENSRNOG00000029301",1
"ENSRNOG00000033545",0
"ENSRNOG00000032274",48
"ENSRNOG00000031033",66086
"ENSRNOG00000029677",1
"ENSRNOG00000033932",3
"ENSRNOG00000032609",1
"ENSRNOG00000031333",83
"ENSRNOG00000029954",2
"ENSRNOG00000034234",977579
"ENSRNOG00000032882",78
"ENSRNOG00000031685",18
"ENSRNOG00000030371",85467
"ENSRNOG00000029070",26
"ENSRNOG00000033299",8440
"ENSRNOG00000031979",129120
"ENSRNOG00000030700",234488
"ENSRNOG00000029389",0
"ENSRNOG00000033615",3191
"ENSRNOG00000032320",1
"ENSRNOG00000031053",16185
"ENSRNOG00000029707",145878
"ENSRNOG00000033957",61
"ENSRNOG00000032578",2
"ENSRNOG00000031667",0
"ENSRNOG00000029971",62717
"ENSRNOG00000029042",7326
"ENSRNOG00000032997",40
"ENSRNOG00000031766",117387
"ENSRNOG00000030339",0
"ENSRNOG00000029145",101
"ENSRNOG00000069293",8
"ENSRNOG00000068786",0
"ENSRNOG00000063531",0
"ENSRNOG00000069890",3
"ENSRNOG00000062861",0
"ENSRNOG00000068930",0
"ENSRNOG00000070731",7
"ENSRNOG00000069942",1
"ENSRNOG00000054648",4
"ENSRNOG00000055562",447
"ENSRNOG00000064266",1
"ENSRNOG00000065685",57
"ENSRNOG00000060437",853
"ENSRNOG00000053042",0
"ENSRNOG00000064645",1
"ENSRNOG00000070071",0
"ENSRNOG00000064532",0
"ENSRNOG00000069646",0
"ENSRNOG00000062265",0
"ENSRNOG00000069391",5
"ENSRNOG00000070284",0
"ENSRNOG00000068039",3
"ENSRNOG00000062333",0
"ENSRNOG00000051956",0
"ENSRNOG00000067717",1
"ENSRNOG00000068405",0
"ENSRNOG00000065674",34132
"ENSRNOG00000063914",22
"ENSRNOG00000065904",1
"ENSRNOG00000066723",1
"ENSRNOG00000063315",0
"ENSRNOG00000065142",2
"ENSRNOG00000064260",2
"ENSRNOG00000046163",1
"ENSRNOG00000065987",173
"ENSRNOG00000068414",0
"ENSRNOG00000069780",0
"ENSRNOG00000065820",0
"ENSRNOG00000062494",0
"ENSRNOG00000068759",0
"ENSRNOG00000070707",0
"ENSRNOG00000063068",250
"ENSRNOG00000070158",316
"ENSRNOG00000068193",0
"ENSRNOG00000067957",0
"ENSRNOG00000065734",0
"ENSRNOG00000070738",0
"ENSRNOG00000070819",0
"ENSRNOG00000065867",0
"ENSRNOG00000063733",5
"ENSRNOG00000047746",359
"ENSRNOG00000065988",1692
"ENSRNOG00000068307",92272
"ENSRNOG00000070263",4
"ENSRNOG00000045737",0
"ENSRNOG00000065538",0
"ENSRNOG00000064571",0
"ENSRNOG00000070352",0
"ENSRNOG00000070549",0
"ENSRNOG00000064854",0
"ENSRNOG00000062720",0
"ENSRNOG00000064441",0
"ENSRNOG00000066531",0
"ENSRNOG00000067631",0
"ENSRNOG00000067878",0
"ENSRNOG00000070160",0
"ENSRNOG00000062463",0
"ENSRNOG00000069099",0
"ENSRNOG00000066740",0
"ENSRNOG00000066707",0
"ENSRNOG00000070130",0
"ENSRNOG00000069175",0
"ENSRNOG00000062970",0
"ENSRNOG00000070645",0
"ENSRNOG00000065804",0
"ENSRNOG00000068152",0
"ENSRNOG00000069019",0
"ENSRNOG00000065926",0
"ENSRNOG00000066592",0
"ENSRNOG00000065193",0
"ENSRNOG00000069132",0
"ENSRNOG00000070299",0
"ENSRNOG00000068736",0
"ENSRNOG00000065175",0
"ENSRNOG00000062672",0
"ENSRNOG00000062596",0
"ENSRNOG00000066684",0
"ENSRNOG00000067500",0
"ENSRNOG00000067927",0
"ENSRNOG00000062558",1806
"ENSRNOG00000069483",6
"ENSRNOG00000062942",2
"ENSRNOG00000070031",0
"ENSRNOG00000069827",5
"ENSRNOG00000069226",1
"ENSRNOG00000068289",0
"ENSRNOG00000062439",3
"ENSRNOG00000066356",0
"ENSRNOG00000068919",3
"ENSRNOG00000068656",0
"ENSRNOG00000064259",0
"ENSRNOG00000065062",2
"ENSRNOG00000062442",19
"ENSRNOG00000070895",8
"ENSRNOG00000066963",0
"ENSRNOG00000065223",0
"ENSRNOG00000069230",0
"ENSRNOG00000071103",10
