"","IGFNS3_aligned.bam"
"ENSRNOG00000066169",0
"ENSRNOG00000070168",0
"ENSRNOG00000070901",925
"ENSRNOG00000018029",8
"ENSRNOG00000031391",0
"ENSRNOG00000055342",0
"ENSRNOG00000068698",92
"ENSRNOG00000067904",0
"ENSRNOG00000063979",0
"ENSRNOG00000064851",6
"ENSRNOG00000063562",0
"ENSRNOG00000050129",0
"ENSRNOG00000056886",0
"ENSRNOG00000032625",130
"ENSRNOG00000029315",73
"ENSRNOG00000016356",2154
"ENSRNOG00000028288",0
"ENSRNOG00000015810",103
"ENSRNOG00000017538",70
"ENSRNOG00000027204",1340
"ENSRNOG00000058651",0
"ENSRNOG00000070886",1031
"ENSRNOG00000056005",0
"ENSRNOG00000035453",1
"ENSRNOG00000063396",0
"ENSRNOG00000068709",3
"ENSRNOG00000069410",0
"ENSRNOG00000014903",202
"ENSRNOG00000055477",0
"ENSRNOG00000066157",0
"ENSRNOG00000059537",0
"ENSRNOG00000064304",0
"ENSRNOG00000035530",0
"ENSRNOG00000021051",1302
"ENSRNOG00000069804",0
"ENSRNOG00000055569",1
"ENSRNOG00000011160",0
"ENSRNOG00000063599",0
"ENSRNOG00000017748",1
"ENSRNOG00000067237",0
"ENSRNOG00000065307",0
"ENSRNOG00000016227",2408
"ENSRNOG00000070826",1
"ENSRNOG00000013395",96
"ENSRNOG00000016906",153
"ENSRNOG00000066860",0
"ENSRNOG00000069365",9
"ENSRNOG00000062499",0
"ENSRNOG00000067821",0
"ENSRNOG00000070448",0
"ENSRNOG00000063062",44
"ENSRNOG00000036303",0
"ENSRNOG00000067171",13
"ENSRNOG00000065290",0
"ENSRNOG00000055366",0
"ENSRNOG00000052293",0
"ENSRNOG00000027582",0
"ENSRNOG00000070096",0
"ENSRNOG00000064522",0
"ENSRNOG00000035532",0
"ENSRNOG00000009830",61
"ENSRNOG00000066257",0
"ENSRNOG00000012742",72
"ENSRNOG00000063184",0
"ENSRNOG00000069837",0
"ENSRNOG00000069135",5
"ENSRNOG00000064137",28
"ENSRNOG00000071210",0
"ENSRNOG00000067491",0
"ENSRNOG00000064435",0
"ENSRNOG00000065990",0
"ENSRNOG00000065939",0
"ENSRNOG00000013767",97
"ENSRNOG00000063387",0
"ENSRNOG00000052521",0
"ENSRNOG00000067619",12
"ENSRNOG00000062791",0
"ENSRNOG00000032699",24
"ENSRNOG00000035616",0
"ENSRNOG00000069698",0
"ENSRNOG00000063324",0
"ENSRNOG00000058041",0
"ENSRNOG00000063227",0
"ENSRNOG00000018408",559
"ENSRNOG00000064960",0
"ENSRNOG00000030782",0
"ENSRNOG00000016421",0
"ENSRNOG00000058299",0
"ENSRNOG00000018334",521
"ENSRNOG00000070685",1
"ENSRNOG00000060004",0
"ENSRNOG00000069399",0
"ENSRNOG00000067907",128
"ENSRNOG00000014726",7
"ENSRNOG00000063196",1
"ENSRNOG00000060273",0
"ENSRNOG00000070216",0
"ENSRNOG00000051969",0
"ENSRNOG00000023407",1354
"ENSRNOG00000035654",0
"ENSRNOG00000061890",0
"ENSRNOG00000010529",967
"ENSRNOG00000012684",298
"ENSRNOG00000069040",0
"ENSRNOG00000014258",1413
"ENSRNOG00000010918",128
"ENSRNOG00000066483",0
"ENSRNOG00000051780",36
"ENSRNOG00000067027",2522
"ENSRNOG00000035560",0
"ENSRNOG00000019416",304
"ENSRNOG00000017366",0
"ENSRNOG00000053012",0
"ENSRNOG00000059864",0
"ENSRNOG00000053838",0
"ENSRNOG00000068567",0
"ENSRNOG00000063945",0
"ENSRNOG00000066101",3
"ENSRNOG00000057261",0
"ENSRNOG00000070161",1
"ENSRNOG00000065242",0
"ENSRNOG00000063217",2
"ENSRNOG00000036631",2
"ENSRNOG00000066494",0
"ENSRNOG00000016659",1
"ENSRNOG00000059820",2
"ENSRNOG00000049846",0
"ENSRNOG00000014946",596
"ENSRNOG00000070965",0
"ENSRNOG00000065570",0
"ENSRNOG00000069390",0
"ENSRNOG00000020318",290
"ENSRNOG00000047406",0
"ENSRNOG00000070104",28
"ENSRNOG00000050445",2499
"ENSRNOG00000069614",0
"ENSRNOG00000069896",1
"ENSRNOG00000035565",0
"ENSRNOG00000031110",0
"ENSRNOG00000058224",0
"ENSRNOG00000067930",4
"ENSRNOG00000016597",51
"ENSRNOG00000064367",0
"ENSRNOG00000064092",0
"ENSRNOG00000067132",0
"ENSRNOG00000068454",0
"ENSRNOG00000018953",0
"ENSRNOG00000069628",11
"ENSRNOG00000062564",106
"ENSRNOG00000065292",2
"ENSRNOG00000018940",6
"ENSRNOG00000068976",8
"ENSRNOG00000013945",235
"ENSRNOG00000068368",0
"ENSRNOG00000070203",0
"ENSRNOG00000065397",9
"ENSRNOG00000040447",0
"ENSRNOG00000033706",0
"ENSRNOG00000031947",4627
"ENSRNOG00000016565",451
"ENSRNOG00000066104",0
"ENSRNOG00000066508",1
"ENSRNOG00000061455",0
"ENSRNOG00000019138",595
"ENSRNOG00000015424",0
"ENSRNOG00000013198",0
"ENSRNOG00000056351",1
"ENSRNOG00000065052",0
"ENSRNOG00000035572",0
"ENSRNOG00000069359",0
"ENSRNOG00000069866",0
"ENSRNOG00000068014",8
"ENSRNOG00000065728",0
"ENSRNOG00000065649",97
"ENSRNOG00000066961",5
"ENSRNOG00000068275",0
"ENSRNOG00000053559",0
"ENSRNOG00000035553",0
"ENSRNOG00000056667",0
"ENSRNOG00000064785",0
"ENSRNOG00000050663",0
"ENSRNOG00000064423",0
"ENSRNOG00000063455",0
"ENSRNOG00000016574",751
"ENSRNOG00000055971",5
"ENSRNOG00000068157",0
"ENSRNOG00000032137",0
"ENSRNOG00000050364",0
"ENSRNOG00000060473",5
"ENSRNOG00000068108",0
"ENSRNOG00000055608",18
"ENSRNOG00000064687",0
"ENSRNOG00000048436",0
"ENSRNOG00000013641",148
"ENSRNOG00000020347",4096
"ENSRNOG00000065259",10
"ENSRNOG00000035588",0
"ENSRNOG00000053464",0
"ENSRNOG00000016837",4
"ENSRNOG00000069139",0
"ENSRNOG00000068222",0
"ENSRNOG00000025953",0
"ENSRNOG00000066571",0
"ENSRNOG00000068350",0
"ENSRNOG00000061525",0
"ENSRNOG00000046704",0
"ENSRNOG00000034083",0
"ENSRNOG00000057516",0
"ENSRNOG00000053512",0
"ENSRNOG00000016608",439
"ENSRNOG00000027112",0
"ENSRNOG00000069192",0
"ENSRNOG00000012730",1069
"ENSRNOG00000068539",5
"ENSRNOG00000052937",0
"ENSRNOG00000018117",681
"ENSRNOG00000049017",0
"ENSRNOG00000051561",0
"ENSRNOG00000067136",0
"ENSRNOG00000063952",0
"ENSRNOG00000068720",0
"ENSRNOG00000016362",0
"ENSRNOG00000056231",0
"ENSRNOG00000063054",0
"ENSRNOG00000013671",0
"ENSRNOG00000017307",1490
"ENSRNOG00000065133",0
"ENSRNOG00000066105",0
"ENSRNOG00000064098",0
"ENSRNOG00000035580",0
"ENSRNOG00000056252",0
"ENSRNOG00000067915",2
"ENSRNOG00000015649",0
"ENSRNOG00000054785",0
"ENSRNOG00000020942",73
"ENSRNOG00000069629",0
"ENSRNOG00000065481",0
"ENSRNOG00000032600",0
"ENSRNOG00000067951",0
"ENSRNOG00000067817",1
"ENSRNOG00000017749",0
"ENSRNOG00000061288",0
"ENSRNOG00000017079",252
"ENSRNOG00000017795",294
"ENSRNOG00000061338",0
"ENSRNOG00000065787",0
"ENSRNOG00000068787",0
"ENSRNOG00000015657",0
"ENSRNOG00000064243",0
"ENSRNOG00000052607",2
"ENSRNOG00000052788",0
"ENSRNOG00000063641",0
"ENSRNOG00000046320",0
"ENSRNOG00000042133",0
"ENSRNOG00000031648",0
"ENSRNOG00000064592",0
"ENSRNOG00000069350",0
"ENSRNOG00000054005",0
"ENSRNOG00000069982",0
"ENSRNOG00000052319",29
"ENSRNOG00000035639",0
"ENSRNOG00000027542",1
"ENSRNOG00000067371",0
"ENSRNOG00000065457",2
"ENSRNOG00000009748",0
"ENSRNOG00000037333",0
"ENSRNOG00000063106",0
"ENSRNOG00000061755",0
"ENSRNOG00000064493",0
"ENSRNOG00000021478",57
"ENSRNOG00000017330",19
"ENSRNOG00000062409",0
"ENSRNOG00000065302",0
"ENSRNOG00000018090",1252
"ENSRNOG00000069157",25
"ENSRNOG00000068228",0
"ENSRNOG00000069767",0
"ENSRNOG00000070519",71
"ENSRNOG00000067269",0
"ENSRNOG00000057952",12
"ENSRNOG00000059329",0
"ENSRNOG00000015230",286
"ENSRNOG00000017069",556
"ENSRNOG00000021013",473
"ENSRNOG00000066830",0
"ENSRNOG00000033009",0
"ENSRNOG00000065333",0
"ENSRNOG00000067419",0
"ENSRNOG00000061678",1
"ENSRNOG00000059948",0
"ENSRNOG00000018677",2643
"ENSRNOG00000057111",0
"ENSRNOG00000069344",0
"ENSRNOG00000070554",26
"ENSRNOG00000054517",0
"ENSRNOG00000063145",0
"ENSRNOG00000069038",0
"ENSRNOG00000056439",0
"ENSRNOG00000069280",0
"ENSRNOG00000066733",0
"ENSRNOG00000064096",0
"ENSRNOG00000019207",28
"ENSRNOG00000018394",3
"ENSRNOG00000015760",0
"ENSRNOG00000070234",68
"ENSRNOG00000053284",0
"ENSRNOG00000068834",0
"ENSRNOG00000030326",0
"ENSRNOG00000063681",0
"ENSRNOG00000065437",0
"ENSRNOG00000063629",67
"ENSRNOG00000049574",0
"ENSRNOG00000016714",6
"ENSRNOG00000052956",0
"ENSRNOG00000070270",1
"ENSRNOG00000068102",0
"ENSRNOG00000035648",0
"ENSRNOG00000067645",3
"ENSRNOG00000062789",0
"ENSRNOG00000015764",0
"ENSRNOG00000067256",0
"ENSRNOG00000015734",891
"ENSRNOG00000067158",0
"ENSRNOG00000056404",0
"ENSRNOG00000063252",0
"ENSRNOG00000066619",0
"ENSRNOG00000052832",0
"ENSRNOG00000056469",0
"ENSRNOG00000068800",359
"ENSRNOG00000066170",0
"ENSRNOG00000066949",0
"ENSRNOG00000062681",14
"ENSRNOG00000067889",0
"ENSRNOG00000066931",0
"ENSRNOG00000066273",0
"ENSRNOG00000066991",0
"ENSRNOG00000069276",500
"ENSRNOG00000059393",0
"ENSRNOG00000015769",0
"ENSRNOG00000013711",0
"ENSRNOG00000062961",0
"ENSRNOG00000069666",0
"ENSRNOG00000056619",0
"ENSRNOG00000054452",1
"ENSRNOG00000051537",0
"ENSRNOG00000064145",73
"ENSRNOG00000057094",0
"ENSRNOG00000068142",0
"ENSRNOG00000055112",0
"ENSRNOG00000062973",0
"ENSRNOG00000062771",0
"ENSRNOG00000027808",3
"ENSRNOG00000033200",0
"ENSRNOG00000060056",0
"ENSRNOG00000055997",0
"ENSRNOG00000070611",1
"ENSRNOG00000069419",0
"ENSRNOG00000063442",0
"ENSRNOG00000069337",0
"ENSRNOG00000049772",441
"ENSRNOG00000053859",460
"ENSRNOG00000066647",1006
"ENSRNOG00000054388",0
"ENSRNOG00000066887",4
"ENSRNOG00000053929",3
"ENSRNOG00000030275",0
"ENSRNOG00000018915",1
"ENSRNOG00000051409",0
"ENSRNOG00000020358",4455
"ENSRNOG00000068758",0
"ENSRNOG00000063955",0
"ENSRNOG00000066355",2
"ENSRNOG00000066028",0
"ENSRNOG00000064903",0
"ENSRNOG00000065819",0
"ENSRNOG00000054102",0
"ENSRNOG00000058869",0
"ENSRNOG00000064667",0
"ENSRNOG00000053502",5419
"ENSRNOG00000065888",0
"ENSRNOG00000021442",346
"ENSRNOG00000064160",0
"ENSRNOG00000015785",0
"ENSRNOG00000068866",0
"ENSRNOG00000066023",128
"ENSRNOG00000014278",512
"ENSRNOG00000049605",28
"ENSRNOG00000024016",0
"ENSRNOG00000055316",0
"ENSRNOG00000063802",0
"ENSRNOG00000057140",0
"ENSRNOG00000022921",5
"ENSRNOG00000054856",0
"ENSRNOG00000037360",22
"ENSRNOG00000015902",9
"ENSRNOG00000065017",0
"ENSRNOG00000020624",2006
"ENSRNOG00000060363",0
"ENSRNOG00000065994",0
"ENSRNOG00000058025",0
"ENSRNOG00000013981",0
"ENSRNOG00000065346",0
"ENSRNOG00000021290",0
"ENSRNOG00000062884",1
"ENSRNOG00000019942",0
"ENSRNOG00000021912",1
"ENSRNOG00000059083",1
"ENSRNOG00000059239",0
"ENSRNOG00000030818",114
"ENSRNOG00000065632",0
"ENSRNOG00000070760",1
"ENSRNOG00000062307",0
"ENSRNOG00000071202",0
"ENSRNOG00000068808",0
"ENSRNOG00000056693",0
"ENSRNOG00000055223",0
"ENSRNOG00000064515",109
"ENSRNOG00000017930",590
"ENSRNOG00000043280",0
"ENSRNOG00000065092",0
"ENSRNOG00000060826",0
"ENSRNOG00000066535",0
"ENSRNOG00000068810",0
"ENSRNOG00000070274",0
"ENSRNOG00000063371",577
"ENSRNOG00000060965",0
"ENSRNOG00000052241",0
"ENSRNOG00000068809",322
"ENSRNOG00000058946",0
"ENSRNOG00000019869",50
"ENSRNOG00000062374",18
"ENSRNOG00000068664",0
"ENSRNOG00000063801",0
"ENSRNOG00000067318",108
"ENSRNOG00000013208",0
"ENSRNOG00000059321",2
"ENSRNOG00000052179",0
"ENSRNOG00000050189",0
"ENSRNOG00000067212",2
"ENSRNOG00000055161",1
"ENSRNOG00000065356",2
"ENSRNOG00000023411",303
"ENSRNOG00000046005",34252
"ENSRNOG00000054718",0
"ENSRNOG00000018686",4256
"ENSRNOG00000063261",102
"ENSRNOG00000068139",0
"ENSRNOG00000066980",0
"ENSRNOG00000070788",1
"ENSRNOG00000066529",1
"ENSRNOG00000058906",9
"ENSRNOG00000066097",0
"ENSRNOG00000069563",44
"ENSRNOG00000062703",5
"ENSRNOG00000070309",34
"ENSRNOG00000048810",0
"ENSRNOG00000053089",15
"ENSRNOG00000057890",0
"ENSRNOG00000052503",0
"ENSRNOG00000017408",461
"ENSRNOG00000037393",0
"ENSRNOG00000021794",374
"ENSRNOG00000069938",9
"ENSRNOG00000070568",0
"ENSRNOG00000013949",4699
"ENSRNOG00000064463",0
"ENSRNOG00000067383",0
"ENSRNOG00000052712",0
"ENSRNOG00000065858",35
"ENSRNOG00000016103",316
"ENSRNOG00000034012",0
"ENSRNOG00000070335",0
"ENSRNOG00000065589",0
"ENSRNOG00000068668",1
"ENSRNOG00000033164",0
"ENSRNOG00000036811",0
"ENSRNOG00000055001",4
"ENSRNOG00000067782",0
"ENSRNOG00000020643",1709
"ENSRNOG00000018217",9
"ENSRNOG00000064778",0
"ENSRNOG00000058615",3
"ENSRNOG00000065642",0
"ENSRNOG00000070200",0
"ENSRNOG00000057923",0
"ENSRNOG00000058790",865
"ENSRNOG00000069125",0
"ENSRNOG00000063149",0
"ENSRNOG00000064646",0
"ENSRNOG00000020371",351
"ENSRNOG00000064021",0
"ENSRNOG00000061803",0
"ENSRNOG00000064115",0
"ENSRNOG00000014996",241
"ENSRNOG00000067296",352
"ENSRNOG00000064765",0
"ENSRNOG00000018742",0
"ENSRNOG00000067148",0
"ENSRNOG00000058967",0
"ENSRNOG00000017914",5914
"ENSRNOG00000071136",0
"ENSRNOG00000061806",0
"ENSRNOG00000014705",305
"ENSRNOG00000016993",0
"ENSRNOG00000055479",0
"ENSRNOG00000029732",0
"ENSRNOG00000063130",0
"ENSRNOG00000057436",0
"ENSRNOG00000070027",1652
"ENSRNOG00000016812",0
"ENSRNOG00000009932",1
"ENSRNOG00000035046",0
"ENSRNOG00000071197",0
"ENSRNOG00000022353",0
"ENSRNOG00000026440",0
"ENSRNOG00000067997",1
"ENSRNOG00000067291",0
"ENSRNOG00000036807",0
"ENSRNOG00000020865",901
"ENSRNOG00000065706",1
"ENSRNOG00000058965",0
"ENSRNOG00000069287",0
"ENSRNOG00000020714",254
"ENSRNOG00000015825",593
"ENSRNOG00000062901",3
"ENSRNOG00000070787",0
"ENSRNOG00000058927",0
"ENSRNOG00000031086",1
"ENSRNOG00000057950",0
"ENSRNOG00000067561",0
"ENSRNOG00000017016",0
"ENSRNOG00000070889",0
"ENSRNOG00000064500",11
"ENSRNOG00000070820",0
"ENSRNOG00000014840",62
"ENSRNOG00000064970",23
"ENSRNOG00000058110",0
"ENSRNOG00000057480",0
"ENSRNOG00000059637",0
"ENSRNOG00000025060",23
"ENSRNOG00000063721",1
"ENSRNOG00000030127",167
"ENSRNOG00000069682",0
"ENSRNOG00000066099",81
"ENSRNOG00000027098",3
"ENSRNOG00000017138",0
"ENSRNOG00000058367",0
"ENSRNOG00000067414",0
"ENSRNOG00000017311",36
"ENSRNOG00000020131",0
"ENSRNOG00000066800",0
"ENSRNOG00000019270",162
"ENSRNOG00000066986",280
"ENSRNOG00000018762",119
"ENSRNOG00000057414",0
"ENSRNOG00000069528",24
"ENSRNOG00000067989",0
"ENSRNOG00000015956",182
"ENSRNOG00000018019",22
"ENSRNOG00000046036",366
"ENSRNOG00000051903",0
"ENSRNOG00000018541",0
"ENSRNOG00000070487",0
"ENSRNOG00000065449",3
"ENSRNOG00000015268",0
"ENSRNOG00000069855",0
"ENSRNOG00000065828",0
"ENSRNOG00000063461",3
"ENSRNOG00000064593",0
"ENSRNOG00000069644",0
"ENSRNOG00000064985",0
"ENSRNOG00000016372",1081
"ENSRNOG00000067872",0
"ENSRNOG00000057858",26
"ENSRNOG00000063677",0
"ENSRNOG00000064099",0
"ENSRNOG00000060031",1
"ENSRNOG00000017143",0
"ENSRNOG00000058913",0
"ENSRNOG00000055560",1
"ENSRNOG00000058451",0
"ENSRNOG00000065835",28
"ENSRNOG00000063775",0
"ENSRNOG00000049759",0
"ENSRNOG00000070824",0
"ENSRNOG00000064277",0
"ENSRNOG00000068327",550
"ENSRNOG00000019812",1620
"ENSRNOG00000013448",0
"ENSRNOG00000070842",17
"ENSRNOG00000050486",0
"ENSRNOG00000060311",1
"ENSRNOG00000064747",0
"ENSRNOG00000025940",3967
"ENSRNOG00000057115",0
"ENSRNOG00000059590",0
"ENSRNOG00000070257",22
"ENSRNOG00000053764",1
"ENSRNOG00000062436",0
"ENSRNOG00000062663",0
"ENSRNOG00000020393",2449
"ENSRNOG00000067076",31
"ENSRNOG00000060156",2
"ENSRNOG00000052300",1
"ENSRNOG00000063644",0
"ENSRNOG00000064992",0
"ENSRNOG00000066765",0
"ENSRNOG00000014969",1006
"ENSRNOG00000054315",0
"ENSRNOG00000053158",0
"ENSRNOG00000010840",1589
"ENSRNOG00000070884",8
"ENSRNOG00000068967",0
"ENSRNOG00000065947",0
"ENSRNOG00000042927",0
"ENSRNOG00000067278",1297
"ENSRNOG00000010308",4138
"ENSRNOG00000066280",0
"ENSRNOG00000064771",0
"ENSRNOG00000017277",105
"ENSRNOG00000046395",6
"ENSRNOG00000069063",0
"ENSRNOG00000061138",0
"ENSRNOG00000013426",384
"ENSRNOG00000017851",83
"ENSRNOG00000042465",1
"ENSRNOG00000062533",0
"ENSRNOG00000066205",3
"ENSRNOG00000068788",4
"ENSRNOG00000056942",3
"ENSRNOG00000065112",484
"ENSRNOG00000059323",0
"ENSRNOG00000068353",1
"ENSRNOG00000062431",0
"ENSRNOG00000065285",1
"ENSRNOG00000015058",0
"ENSRNOG00000061556",1
"ENSRNOG00000011439",334
"ENSRNOG00000017635",1910
"ENSRNOG00000056397",4
"ENSRNOG00000055386",0
"ENSRNOG00000038625",0
"ENSRNOG00000068081",259
"ENSRNOG00000065098",601
"ENSRNOG00000029394",109
"ENSRNOG00000065322",0
"ENSRNOG00000060079",0
"ENSRNOG00000017884",187
"ENSRNOG00000060321",0
"ENSRNOG00000067323",0
"ENSRNOG00000068609",0
"ENSRNOG00000069170",5
"ENSRNOG00000066570",0
"ENSRNOG00000064417",89
"ENSRNOG00000021082",8206
"ENSRNOG00000058132",0
"ENSRNOG00000053593",0
"ENSRNOG00000068507",0
"ENSRNOG00000063065",0
"ENSRNOG00000066269",103
"ENSRNOG00000020197",1199
"ENSRNOG00000069291",0
"ENSRNOG00000016687",2419
"ENSRNOG00000059273",0
"ENSRNOG00000059984",27
"ENSRNOG00000067834",0
"ENSRNOG00000053279",0
"ENSRNOG00000055124",1
"ENSRNOG00000022729",0
"ENSRNOG00000020363",2807
"ENSRNOG00000066299",2
"ENSRNOG00000056238",0
"ENSRNOG00000020871",3845
"ENSRNOG00000066283",2
"ENSRNOG00000033843",4672
"ENSRNOG00000029978",0
"ENSRNOG00000021151",325
"ENSRNOG00000053533",0
"ENSRNOG00000064808",0
"ENSRNOG00000017054",19
"ENSRNOG00000047429",0
"ENSRNOG00000018310",8
"ENSRNOG00000030404",46
"ENSRNOG00000052756",0
"ENSRNOG00000054533",12
"ENSRNOG00000069636",30
"ENSRNOG00000070724",0
"ENSRNOG00000021093",12
"ENSRNOG00000067564",558
"ENSRNOG00000069368",0
"ENSRNOG00000014004",466
"ENSRNOG00000047816",196
"ENSRNOG00000018433",275
"ENSRNOG00000032984",0
"ENSRNOG00000059173",0
"ENSRNOG00000063050",10
"ENSRNOG00000064276",0
"ENSRNOG00000055133",0
"ENSRNOG00000058564",0
"ENSRNOG00000055351",0
"ENSRNOG00000069212",0
"ENSRNOG00000063757",2
"ENSRNOG00000020925",1030
"ENSRNOG00000068292",3
"ENSRNOG00000014327",0
"ENSRNOG00000046339",0
"ENSRNOG00000025163",0
"ENSRNOG00000063321",0
"ENSRNOG00000066499",4
"ENSRNOG00000060653",0
"ENSRNOG00000064594",2
"ENSRNOG00000063410",0
"ENSRNOG00000070917",111
"ENSRNOG00000055259",67
"ENSRNOG00000071167",1
"ENSRNOG00000055350",0
"ENSRNOG00000056883",0
"ENSRNOG00000062807",0
"ENSRNOG00000064168",0
"ENSRNOG00000043313",0
"ENSRNOG00000054059",0
"ENSRNOG00000069104",0
"ENSRNOG00000059438",0
"ENSRNOG00000051968",0
"ENSRNOG00000067201",0
"ENSRNOG00000062620",0
"ENSRNOG00000063405",0
"ENSRNOG00000012140",527
"ENSRNOG00000067084",0
"ENSRNOG00000014828",1683
"ENSRNOG00000065933",1
"ENSRNOG00000069668",0
"ENSRNOG00000020497",640
"ENSRNOG00000070030",30
"ENSRNOG00000063751",0
"ENSRNOG00000028982",0
"ENSRNOG00000024630",1
"ENSRNOG00000025154",1076
"ENSRNOG00000014448",419
"ENSRNOG00000061255",0
"ENSRNOG00000058387",0
"ENSRNOG00000064171",0
"ENSRNOG00000071133",0
"ENSRNOG00000067993",0
"ENSRNOG00000057415",0
"ENSRNOG00000014266",0
"ENSRNOG00000055387",2
"ENSRNOG00000059739",0
"ENSRNOG00000066060",0
"ENSRNOG00000070360",0
"ENSRNOG00000067359",2
"ENSRNOG00000015753",1762
"ENSRNOG00000067461",10240
"ENSRNOG00000067992",0
"ENSRNOG00000052577",0
"ENSRNOG00000043392",0
"ENSRNOG00000053785",2
"ENSRNOG00000028781",0
"ENSRNOG00000053931",0
"ENSRNOG00000064547",0
"ENSRNOG00000070838",4
"ENSRNOG00000037156",1
"ENSRNOG00000046966",0
"ENSRNOG00000066001",0
"ENSRNOG00000056494",0
"ENSRNOG00000068067",0
"ENSRNOG00000054921",0
"ENSRNOG00000064885",30
"ENSRNOG00000054561",357
"ENSRNOG00000040387",0
"ENSRNOG00000052568",0
"ENSRNOG00000070839",8
"ENSRNOG00000065383",11
"ENSRNOG00000017351",0
"ENSRNOG00000070319",0
"ENSRNOG00000065720",0
"ENSRNOG00000011306",0
"ENSRNOG00000063169",19
"ENSRNOG00000069489",125
"ENSRNOG00000019491",297
"ENSRNOG00000051974",0
"ENSRNOG00000067353",0
"ENSRNOG00000019626",2
"ENSRNOG00000064994",67
"ENSRNOG00000031381",865
"ENSRNOG00000070650",0
"ENSRNOG00000021153",218
"ENSRNOG00000063499",0
"ENSRNOG00000068216",0
"ENSRNOG00000036246",0
"ENSRNOG00000055625",0
"ENSRNOG00000023081",0
"ENSRNOG00000065572",0
"ENSRNOG00000053871",0
"ENSRNOG00000037137",52
"ENSRNOG00000014380",234
"ENSRNOG00000031224",0
"ENSRNOG00000035472",0
"ENSRNOG00000061593",0
"ENSRNOG00000056864",1
"ENSRNOG00000065938",0
"ENSRNOG00000017150",233
"ENSRNOG00000069774",0
"ENSRNOG00000057453",0
"ENSRNOG00000070032",0
"ENSRNOG00000015168",2
"ENSRNOG00000063014",62
"ENSRNOG00000022308",0
"ENSRNOG00000069196",0
"ENSRNOG00000020517",27
"ENSRNOG00000062805",0
"ENSRNOG00000057697",1
"ENSRNOG00000040448",1
"ENSRNOG00000060169",0
"ENSRNOG00000015717",78
"ENSRNOG00000015914",1882
"ENSRNOG00000068371",0
"ENSRNOG00000019141",4
"ENSRNOG00000035477",0
"ENSRNOG00000070492",0
"ENSRNOG00000067799",179
"ENSRNOG00000065673",0
"ENSRNOG00000049297",0
"ENSRNOG00000062842",0
"ENSRNOG00000016964",0
"ENSRNOG00000062738",0
"ENSRNOG00000040350",0
"ENSRNOG00000019582",489
"ENSRNOG00000055924",0
"ENSRNOG00000060840",0
"ENSRNOG00000019440",0
"ENSRNOG00000053539",0
"ENSRNOG00000064213",0
"ENSRNOG00000065361",12
"ENSRNOG00000060727",0
"ENSRNOG00000051483",0
"ENSRNOG00000036711",1
"ENSRNOG00000013149",278
"ENSRNOG00000036588",13
"ENSRNOG00000016979",0
"ENSRNOG00000019660",0
"ENSRNOG00000069238",0
"ENSRNOG00000057399",0
"ENSRNOG00000059980",0
"ENSRNOG00000067431",26
"ENSRNOG00000018048",481
"ENSRNOG00000062528",0
"ENSRNOG00000066334",1
"ENSRNOG00000010224",349
"ENSRNOG00000035506",0
"ENSRNOG00000067877",0
"ENSRNOG00000061439",0
"ENSRNOG00000051496",1
"ENSRNOG00000048582",0
"ENSRNOG00000066659",0
"ENSRNOG00000063596",44
"ENSRNOG00000068107",0
"ENSRNOG00000064996",0
"ENSRNOG00000064379",0
"ENSRNOG00000029043",472
"ENSRNOG00000017095",277
"ENSRNOG00000063176",0
"ENSRNOG00000067938",3
"ENSRNOG00000068714",0
"ENSRNOG00000067440",0
"ENSRNOG00000065650",0
"ENSRNOG00000061383",0
"ENSRNOG00000069476",0
"ENSRNOG00000018421",92
"ENSRNOG00000063080",0
"ENSRNOG00000019681",132
"ENSRNOG00000068965",0
"ENSRNOG00000035601",0
"ENSRNOG00000054609",5
"ENSRNOG00000064548",8
"ENSRNOG00000065353",0
"ENSRNOG00000070419",3
"ENSRNOG00000020202",217
"ENSRNOG00000017613",1105
"ENSRNOG00000054831",0
"ENSRNOG00000064633",0
"ENSRNOG00000055519",55
"ENSRNOG00000065513",0
"ENSRNOG00000067923",0
"ENSRNOG00000066038",0
"ENSRNOG00000070260",0
"ENSRNOG00000011234",97
"ENSRNOG00000042706",0
"ENSRNOG00000059930",0
"ENSRNOG00000015997",171
"ENSRNOG00000066146",0
"ENSRNOG00000064983",70
"ENSRNOG00000015773",0
"ENSRNOG00000055020",79
"ENSRNOG00000062071",35
"ENSRNOG00000069729",7
"ENSRNOG00000068544",0
"ENSRNOG00000066969",123
"ENSRNOG00000069401",0
"ENSRNOG00000032990",0
"ENSRNOG00000063602",6
"ENSRNOG00000014251",1664
"ENSRNOG00000046649",0
"ENSRNOG00000066794",1063
"ENSRNOG00000017214",0
"ENSRNOG00000067780",0
"ENSRNOG00000025539",2458
"ENSRNOG00000066862",374
"ENSRNOG00000012716",596
"ENSRNOG00000066116",0
"ENSRNOG00000063182",46
"ENSRNOG00000050922",32
"ENSRNOG00000047479",0
"ENSRNOG00000069497",95
"ENSRNOG00000016011",3
"ENSRNOG00000020014",233
"ENSRNOG00000070094",0
"ENSRNOG00000055082",3805
"ENSRNOG00000068838",6
"ENSRNOG00000019129",18
"ENSRNOG00000017960",663
"ENSRNOG00000056062",22
"ENSRNOG00000070653",0
"ENSRNOG00000064289",0
"ENSRNOG00000046683",0
"ENSRNOG00000052256",2123
"ENSRNOG00000062365",0
"ENSRNOG00000066972",0
"ENSRNOG00000065700",0
"ENSRNOG00000049190",0
"ENSRNOG00000065336",17
"ENSRNOG00000057889",0
"ENSRNOG00000019206",0
"ENSRNOG00000011931",3691
"ENSRNOG00000065087",0
"ENSRNOG00000071194",53
"ENSRNOG00000037556",272
"ENSRNOG00000069523",0
"ENSRNOG00000063248",0
"ENSRNOG00000069498",0
"ENSRNOG00000064406",0
"ENSRNOG00000068492",11
"ENSRNOG00000052236",48
"ENSRNOG00000064058",0
"ENSRNOG00000068138",2
"ENSRNOG00000062480",0
"ENSRNOG00000048219",0
"ENSRNOG00000063331",0
"ENSRNOG00000012301",1
"ENSRNOG00000070848",174
"ENSRNOG00000059992",0
"ENSRNOG00000042899",0
"ENSRNOG00000067858",0
"ENSRNOG00000013160",2081
"ENSRNOG00000024077",185
"ENSRNOG00000069496",0
"ENSRNOG00000020456",2230
"ENSRNOG00000019802",249
"ENSRNOG00000065781",47
"ENSRNOG00000061992",2
"ENSRNOG00000063059",0
"ENSRNOG00000062668",13
"ENSRNOG00000012806",1584
"ENSRNOG00000070914",184
"ENSRNOG00000019497",3889
"ENSRNOG00000036784",3
"ENSRNOG00000045545",15
"ENSRNOG00000064214",105
"ENSRNOG00000037331",3
"ENSRNOG00000054403",0
"ENSRNOG00000063616",46
"ENSRNOG00000062784",26
"ENSRNOG00000020774",506
"ENSRNOG00000064412",58
"ENSRNOG00000037897",250
"ENSRNOG00000067637",11
"ENSRNOG00000062989",2
"ENSRNOG00000015557",0
"ENSRNOG00000070647",0
"ENSRNOG00000042528",1
"ENSRNOG00000065143",0
"ENSRNOG00000016831",24780
"ENSRNOG00000024280",1
"ENSRNOG00000062309",0
"ENSRNOG00000066149",0
"ENSRNOG00000038101",0
"ENSRNOG00000070762",0
"ENSRNOG00000063199",0
"ENSRNOG00000055683",556
"ENSRNOG00000056228",381
"ENSRNOG00000068057",0
"ENSRNOG00000070110",0
"ENSRNOG00000067051",0
"ENSRNOG00000028743",0
"ENSRNOG00000067556",12
"ENSRNOG00000062923",0
"ENSRNOG00000065617",0
"ENSRNOG00000066584",0
"ENSRNOG00000071129",14
"ENSRNOG00000013925",563
"ENSRNOG00000028273",8
"ENSRNOG00000055310",0
"ENSRNOG00000070853",5
"ENSRNOG00000065047",0
"ENSRNOG00000023233",260
"ENSRNOG00000034075",1
"ENSRNOG00000055312",1
"ENSRNOG00000070548",0
"ENSRNOG00000014341",574
"ENSRNOG00000069950",1
"ENSRNOG00000020543",625
"ENSRNOG00000020298",3404
"ENSRNOG00000018255",3911
"ENSRNOG00000070075",0
"ENSRNOG00000066399",5010
"ENSRNOG00000060725",0
"ENSRNOG00000021000",14
"ENSRNOG00000062617",2
"ENSRNOG00000062327",331
"ENSRNOG00000015876",0
"ENSRNOG00000016286",0
"ENSRNOG00000070318",2
"ENSRNOG00000070963",16
"ENSRNOG00000034061",0
"ENSRNOG00000033729",334
"ENSRNOG00000052677",0
"ENSRNOG00000017386",0
"ENSRNOG00000063011",0
"ENSRNOG00000070623",0
"ENSRNOG00000067477",8
"ENSRNOG00000020716",4727
"ENSRNOG00000066188",0
"ENSRNOG00000065495",2
"ENSRNOG00000018402",0
"ENSRNOG00000011488",60
"ENSRNOG00000068145",40
"ENSRNOG00000067525",46
"ENSRNOG00000066657",0
"ENSRNOG00000015441",437
"ENSRNOG00000071003",45
"ENSRNOG00000067263",0
"ENSRNOG00000047057",0
"ENSRNOG00000049826",0
"ENSRNOG00000020412",3592
"ENSRNOG00000065957",143
"ENSRNOG00000016923",3522
"ENSRNOG00000066567",284
"ENSRNOG00000018405",0
"ENSRNOG00000010938",0
"ENSRNOG00000065260",77
"ENSRNOG00000068883",0
"ENSRNOG00000063165",0
"ENSRNOG00000065394",0
"ENSRNOG00000014318",0
"ENSRNOG00000011029",2087
"ENSRNOG00000069309",0
"ENSRNOG00000017331",0
"ENSRNOG00000015239",905
"ENSRNOG00000069539",332
"ENSRNOG00000016857",0
"ENSRNOG00000018426",2
"ENSRNOG00000020110",1287
"ENSRNOG00000012084",5433
"ENSRNOG00000033813",0
"ENSRNOG00000068378",0
"ENSRNOG00000046652",302
"ENSRNOG00000013770",0
"ENSRNOG00000024961",83
"ENSRNOG00000017341",0
"ENSRNOG00000011672",0
"ENSRNOG00000017673",144
"ENSRNOG00000032150",3
"ENSRNOG00000066542",1
"ENSRNOG00000064968",0
"ENSRNOG00000018356",431
"ENSRNOG00000017344",0
"ENSRNOG00000018287",0
"ENSRNOG00000023753",289
"ENSRNOG00000068886",0
"ENSRNOG00000030932",104
"ENSRNOG00000018761",7043
"ENSRNOG00000066496",0
"ENSRNOG00000066261",0
"ENSRNOG00000062876",20
"ENSRNOG00000069274",52
"ENSRNOG00000070624",10
"ENSRNOG00000030160",29
"ENSRNOG00000069633",820
"ENSRNOG00000032946",10
"ENSRNOG00000055877",0
"ENSRNOG00000025088",0
"ENSRNOG00000020743",20
"ENSRNOG00000020281",0
"ENSRNOG00000066177",0
"ENSRNOG00000012362",0
"ENSRNOG00000014303",782
"ENSRNOG00000018454",45
"ENSRNOG00000052023",2
"ENSRNOG00000020531",131
"ENSRNOG00000019544",504
"ENSRNOG00000020477",192
"ENSRNOG00000033414",0
"ENSRNOG00000023549",367
"ENSRNOG00000063696",0
"ENSRNOG00000070385",15
"ENSRNOG00000021096",460
"ENSRNOG00000021149",0
"ENSRNOG00000064236",0
"ENSRNOG00000022796",40
"ENSRNOG00000029784",1078
"ENSRNOG00000018885",539
"ENSRNOG00000065743",0
"ENSRNOG00000068428",0
"ENSRNOG00000063852",152
"ENSRNOG00000048138",100
"ENSRNOG00000063320",0
"ENSRNOG00000017982",0
"ENSRNOG00000019306",12
"ENSRNOG00000018440",718
"ENSRNOG00000029082",844
"ENSRNOG00000021104",6630
"ENSRNOG00000011451",51
"ENSRNOG00000046080",0
"ENSRNOG00000017254",955
"ENSRNOG00000020117",329
"ENSRNOG00000050995",103
"ENSRNOG00000054854",203
"ENSRNOG00000015503",0
"ENSRNOG00000021003",538
"ENSRNOG00000020274",139
"ENSRNOG00000069173",2
"ENSRNOG00000068815",0
"ENSRNOG00000067287",0
"ENSRNOG00000065528",533
"ENSRNOG00000020899",0
"ENSRNOG00000015919",0
"ENSRNOG00000022701",10
"ENSRNOG00000058039",42338
"ENSRNOG00000018556",373
"ENSRNOG00000065206",15
"ENSRNOG00000042741",0
"ENSRNOG00000028137",6338
"ENSRNOG00000051102",368
"ENSRNOG00000019770",260
"ENSRNOG00000010983",0
"ENSRNOG00000020296",233
"ENSRNOG00000022640",4
"ENSRNOG00000029805",192
"ENSRNOG00000066726",0
"ENSRNOG00000017601",196
"ENSRNOG00000027811",0
"ENSRNOG00000016090",938
"ENSRNOG00000045560",2
"ENSRNOG00000049596",0
"ENSRNOG00000020651",1660
"ENSRNOG00000065330",43
"ENSRNOG00000016679",10
"ENSRNOG00000049445",0
"ENSRNOG00000017379",0
"ENSRNOG00000071114",0
"ENSRNOG00000018350",0
"ENSRNOG00000028992",5495
"ENSRNOG00000068837",0
"ENSRNOG00000036653",0
"ENSRNOG00000019838",342
"ENSRNOG00000068048",477
"ENSRNOG00000019549",729
"ENSRNOG00000011151",594
"ENSRNOG00000022189",86
"ENSRNOG00000064154",0
"ENSRNOG00000062996",2
"ENSRNOG00000015526",0
"ENSRNOG00000020762",2005
"ENSRNOG00000023318",6
"ENSRNOG00000066701",69
"ENSRNOG00000053075",35
"ENSRNOG00000012874",1020
"ENSRNOG00000068069",0
"ENSRNOG00000056069",942
"ENSRNOG00000048424",153
"ENSRNOG00000024257",27
"ENSRNOG00000065214",8
"ENSRNOG00000064813",0
"ENSRNOG00000067015",0
"ENSRNOG00000011895",403
"ENSRNOG00000023659",0
"ENSRNOG00000070807",0
"ENSRNOG00000065154",0
"ENSRNOG00000009791",0
"ENSRNOG00000017659",0
"ENSRNOG00000020777",264
"ENSRNOG00000016266",286
"ENSRNOG00000017839",695
"ENSRNOG00000018537",0
"ENSRNOG00000068551",0
"ENSRNOG00000017918",37
"ENSRNOG00000016381",210
"ENSRNOG00000020736",148
"ENSRNOG00000063010",0
"ENSRNOG00000069056",108
"ENSRNOG00000065375",0
"ENSRNOG00000023985",191
"ENSRNOG00000016041",0
"ENSRNOG00000019376",186
"ENSRNOG00000017456",0
"ENSRNOG00000008815",331
"ENSRNOG00000016722",4153
"ENSRNOG00000048397",223
"ENSRNOG00000017728",280
"ENSRNOG00000020783",19
"ENSRNOG00000067450",798
"ENSRNOG00000015552",298
"ENSRNOG00000025819",0
"ENSRNOG00000016919",2149
"ENSRNOG00000018955",0
"ENSRNOG00000064421",5
"ENSRNOG00000019106",1265
"ENSRNOG00000064814",0
"ENSRNOG00000010959",204
"ENSRNOG00000021474",0
"ENSRNOG00000032940",0
"ENSRNOG00000043512",1
"ENSRNOG00000028274",3331
"ENSRNOG00000024410",344
"ENSRNOG00000015527",0
"ENSRNOG00000010017",495
"ENSRNOG00000050015",6
"ENSRNOG00000047692",101
"ENSRNOG00000060431",0
"ENSRNOG00000065271",0
"ENSRNOG00000070291",0
"ENSRNOG00000068975",0
"ENSRNOG00000020304",1145
"ENSRNOG00000017418",4081
"ENSRNOG00000012369",1
"ENSRNOG00000036625",0
"ENSRNOG00000021946",0
"ENSRNOG00000038497",0
"ENSRNOG00000055424",5
"ENSRNOG00000024746",0
"ENSRNOG00000014450",1047
"ENSRNOG00000067065",2312
"ENSRNOG00000037298",33
"ENSRNOG00000025247",0
"ENSRNOG00000062496",0
"ENSRNOG00000023151",0
"ENSRNOG00000048663",0
"ENSRNOG00000016825",101
"ENSRNOG00000024737",2378
"ENSRNOG00000013624",126
"ENSRNOG00000022610",2
"ENSRNOG00000065850",0
"ENSRNOG00000070456",0
"ENSRNOG00000020325",1361
"ENSRNOG00000019854",0
"ENSRNOG00000015413",416
"ENSRNOG00000016897",2
"ENSRNOG00000037690",409
"ENSRNOG00000067174",0
"ENSRNOG00000014330",957
"ENSRNOG00000069494",0
"ENSRNOG00000026419",0
"ENSRNOG00000013223",405
"ENSRNOG00000065958",0
"ENSRNOG00000046112",89
"ENSRNOG00000027264",411
"ENSRNOG00000032798",678
"ENSRNOG00000019319",1599
"ENSRNOG00000018603",210
"ENSRNOG00000032817",0
"ENSRNOG00000027422",439
"ENSRNOG00000020763",1182
"ENSRNOG00000064249",0
"ENSRNOG00000049505",399
"ENSRNOG00000059408",1911
"ENSRNOG00000048250",547
"ENSRNOG00000064870",0
"ENSRNOG00000028891",29
"ENSRNOG00000019959",8
"ENSRNOG00000020452",1712
"ENSRNOG00000050224",366
"ENSRNOG00000031562",0
"ENSRNOG00000013439",0
"ENSRNOG00000014916",2886
"ENSRNOG00000033196",1
"ENSRNOG00000020263",1
"ENSRNOG00000058277",4
"ENSRNOG00000051197",4761
"ENSRNOG00000071074",0
"ENSRNOG00000068712",0
"ENSRNOG00000020947",258
"ENSRNOG00000020597",149
"ENSRNOG00000068594",0
"ENSRNOG00000017826",571
"ENSRNOG00000013506",424
"ENSRNOG00000014277",471
"ENSRNOG00000012641",1684
"ENSRNOG00000040300",0
"ENSRNOG00000015675",0
"ENSRNOG00000050206",5
"ENSRNOG00000063249",0
"ENSRNOG00000012002",6750
"ENSRNOG00000012788",1337
"ENSRNOG00000070758",0
"ENSRNOG00000070086",1
"ENSRNOG00000017873",0
"ENSRNOG00000020532",69
"ENSRNOG00000019418",5
"ENSRNOG00000070971",13
"ENSRNOG00000031178",0
"ENSRNOG00000042308",47
"ENSRNOG00000012574",215
"ENSRNOG00000047040",3
"ENSRNOG00000001500",502
"ENSRNOG00000016737",0
"ENSRNOG00000019413",76
"ENSRNOG00000068445",1895
"ENSRNOG00000015844",1393
"ENSRNOG00000068953",98
"ENSRNOG00000047703",0
"ENSRNOG00000038276",0
"ENSRNOG00000063034",0
"ENSRNOG00000067884",0
"ENSRNOG00000017963",205
"ENSRNOG00000064966",1
"ENSRNOG00000019532",1855
"ENSRNOG00000015217",617
"ENSRNOG00000016267",56
"ENSRNOG00000021510",1
"ENSRNOG00000059330",0
"ENSRNOG00000020425",941
"ENSRNOG00000064833",1
"ENSRNOG00000017383",640
"ENSRNOG00000019161",506
"ENSRNOG00000047526",623
"ENSRNOG00000069479",0
"ENSRNOG00000028041",0
"ENSRNOG00000016462",276
"ENSRNOG00000067828",2
"ENSRNOG00000010664",113
"ENSRNOG00000019424",0
"ENSRNOG00000016790",769
"ENSRNOG00000039730",641
"ENSRNOG00000014902",236
"ENSRNOG00000020949",1
"ENSRNOG00000066044",0
"ENSRNOG00000013358",30
"ENSRNOG00000049259",240
"ENSRNOG00000023091",80
"ENSRNOG00000015860",4
"ENSRNOG00000018517",262
"ENSRNOG00000001499",7
"ENSRNOG00000050554",34
"ENSRNOG00000021206",185
"ENSRNOG00000065183",0
"ENSRNOG00000050223",546
"ENSRNOG00000011191",0
"ENSRNOG00000030281",0
"ENSRNOG00000069921",273
"ENSRNOG00000018514",0
"ENSRNOG00000016054",4172
"ENSRNOG00000020956",906
"ENSRNOG00000001501",841
"ENSRNOG00000018512",0
"ENSRNOG00000020417",1003
"ENSRNOG00000063413",1
"ENSRNOG00000069434",14
"ENSRNOG00000013877",931
"ENSRNOG00000064721",1114
"ENSRNOG00000036648",0
"ENSRNOG00000018878",686
"ENSRNOG00000020410",5
"ENSRNOG00000014852",287
"ENSRNOG00000037715",450
"ENSRNOG00000065723",0
"ENSRNOG00000063597",1
"ENSRNOG00000064980",4
"ENSRNOG00000020793",548
"ENSRNOG00000047145",199
"ENSRNOG00000052304",0
"ENSRNOG00000065613",0
"ENSRNOG00000019442",254
"ENSRNOG00000015152",0
"ENSRNOG00000066612",0
"ENSRNOG00000016935",1265
"ENSRNOG00000018531",406
"ENSRNOG00000020426",1060
"ENSRNOG00000016038",911
"ENSRNOG00000016611",1134
"ENSRNOG00000056118",3699
"ENSRNOG00000019127",176
"ENSRNOG00000046353",24
"ENSRNOG00000069874",0
"ENSRNOG00000023150",9008
"ENSRNOG00000047229",298
"ENSRNOG00000068940",0
"ENSRNOG00000062423",0
"ENSRNOG00000022313",0
"ENSRNOG00000015086",2
"ENSRNOG00000062741",7
"ENSRNOG00000069678",0
"ENSRNOG00000019280",7
"ENSRNOG00000020587",13754
"ENSRNOG00000065864",0
"ENSRNOG00000027240",5
"ENSRNOG00000020411",2510
"ENSRNOG00000065701",0
"ENSRNOG00000030331",0
"ENSRNOG00000062988",0
"ENSRNOG00000063917",0
"ENSRNOG00000063592",13
"ENSRNOG00000016973",210
"ENSRNOG00000018551",1
"ENSRNOG00000015293",6
"ENSRNOG00000049232",3246
"ENSRNOG00000063929",3
"ENSRNOG00000019318",12
"ENSRNOG00000018547",101
"ENSRNOG00000018580",0
"ENSRNOG00000042592",647
"ENSRNOG00000050831",0
"ENSRNOG00000064244",19
"ENSRNOG00000020481",209
"ENSRNOG00000043154",4
"ENSRNOG00000018606",2
"ENSRNOG00000018664",0
"ENSRNOG00000013823",0
"ENSRNOG00000019501",413
"ENSRNOG00000017897",8
"ENSRNOG00000016791",493
"ENSRNOG00000021058",256
"ENSRNOG00000012692",536
"ENSRNOG00000065121",0
"ENSRNOG00000013351",1758
"ENSRNOG00000017509",358
"ENSRNOG00000018515",296
"ENSRNOG00000031927",0
"ENSRNOG00000063282",0
"ENSRNOG00000017147",1
"ENSRNOG00000032004",0
"ENSRNOG00000022164",63
"ENSRNOG00000021063",114
"ENSRNOG00000013407",0
"ENSRNOG00000065806",0
"ENSRNOG00000039076",300
"ENSRNOG00000019489",548
"ENSRNOG00000014951",0
"ENSRNOG00000031739",38
"ENSRNOG00000020235",9494
"ENSRNOG00000021130",3
"ENSRNOG00000046669",0
"ENSRNOG00000018612",0
"ENSRNOG00000019999",63
"ENSRNOG00000014925",6
"ENSRNOG00000021017",331
"ENSRNOG00000010994",89
"ENSRNOG00000070690",0
"ENSRNOG00000054336",1
"ENSRNOG00000015407",0
"ENSRNOG00000018831",0
"ENSRNOG00000015830",0
"ENSRNOG00000012988",17
"ENSRNOG00000021027",1274
"ENSRNOG00000042686",288
"ENSRNOG00000009922",1
"ENSRNOG00000052287",0
"ENSRNOG00000014610",964
"ENSRNOG00000020882",507
"ENSRNOG00000067926",1140
"ENSRNOG00000019627",19
"ENSRNOG00000016940",425
"ENSRNOG00000015488",1790
"ENSRNOG00000012034",0
"ENSRNOG00000015609",208
"ENSRNOG00000030776",93
"ENSRNOG00000020308",1154
"ENSRNOG00000021032",852
"ENSRNOG00000042705",0
"ENSRNOG00000068628",0
"ENSRNOG00000017191",3406
"ENSRNOG00000016624",4
"ENSRNOG00000070392",986
"ENSRNOG00000063151",0
"ENSRNOG00000018864",0
"ENSRNOG00000018369",385
"ENSRNOG00000025587",3718
"ENSRNOG00000023053",1156
"ENSRNOG00000050257",112
"ENSRNOG00000071068",0
"ENSRNOG00000068373",0
"ENSRNOG00000069023",0
"ENSRNOG00000033498",840
"ENSRNOG00000042852",0
"ENSRNOG00000070184",204
"ENSRNOG00000065015",179
"ENSRNOG00000019432",0
"ENSRNOG00000012460",93
"ENSRNOG00000031202",0
"ENSRNOG00000068605",0
"ENSRNOG00000063141",0
"ENSRNOG00000020057",4
"ENSRNOG00000026163",832
"ENSRNOG00000061312",0
"ENSRNOG00000015982",1
"ENSRNOG00000068273",1
"ENSRNOG00000040242",80
"ENSRNOG00000021035",5337
"ENSRNOG00000020675",1772
"ENSRNOG00000043455",0
"ENSRNOG00000012036",620
"ENSRNOG00000021800",3
"ENSRNOG00000015551",747
"ENSRNOG00000069813",0
"ENSRNOG00000020683",4989
"ENSRNOG00000019283",91
"ENSRNOG00000055650",2
"ENSRNOG00000064555",0
"ENSRNOG00000064293",930
"ENSRNOG00000070088",0
"ENSRNOG00000021039",5
"ENSRNOG00000014434",775
"ENSRNOG00000014290",0
"ENSRNOG00000066778",0
"ENSRNOG00000020812",2115
"ENSRNOG00000020546",108
"ENSRNOG00000065013",0
"ENSRNOG00000012524",2618
"ENSRNOG00000042777",186
"ENSRNOG00000012103",4
"ENSRNOG00000019728",0
"ENSRNOG00000063232",0
"ENSRNOG00000071080",0
"ENSRNOG00000046874",1074
"ENSRNOG00000027405",356
"ENSRNOG00000068792",3
"ENSRNOG00000026109",493
"ENSRNOG00000020538",1
"ENSRNOG00000029766",0
"ENSRNOG00000021046",12
"ENSRNOG00000068685",0
"ENSRNOG00000015660",359
"ENSRNOG00000067569",0
"ENSRNOG00000068625",0
"ENSRNOG00000020098",0
"ENSRNOG00000017854",1289
"ENSRNOG00000001488",3274
"ENSRNOG00000020713",1694
"ENSRNOG00000070095",40
"ENSRNOG00000067308",0
"ENSRNOG00000064385",2845
"ENSRNOG00000068117",0
"ENSRNOG00000046983",114
"ENSRNOG00000012611",117
"ENSRNOG00000018773",103
"ENSRNOG00000020109",0
"ENSRNOG00000031529",0
"ENSRNOG00000017508",326
"ENSRNOG00000010853",0
"ENSRNOG00000019555",754
"ENSRNOG00000020876",804
"ENSRNOG00000012092",1
"ENSRNOG00000037814",15
"ENSRNOG00000055972",1
"ENSRNOG00000034184",10
"ENSRNOG00000020233",2485
"ENSRNOG00000018808",0
"ENSRNOG00000020883",219
"ENSRNOG00000056362",0
"ENSRNOG00000001489",470
"ENSRNOG00000024414",1640
"ENSRNOG00000015593",0
"ENSRNOG00000046971",3
"ENSRNOG00000033906",4
"ENSRNOG00000027784",1324
"ENSRNOG00000021048",13
"ENSRNOG00000013553",0
"ENSRNOG00000018690",54
"ENSRNOG00000011540",1559
"ENSRNOG00000020927",22
"ENSRNOG00000020063",408
"ENSRNOG00000023528",2
"ENSRNOG00000064702",0
"ENSRNOG00000017678",1368
"ENSRNOG00000011476",145
"ENSRNOG00000052220",0
"ENSRNOG00000049014",0
"ENSRNOG00000024460",422
"ENSRNOG00000020982",827
"ENSRNOG00000001490",506
"ENSRNOG00000022129",0
"ENSRNOG00000011480",757
"ENSRNOG00000020578",58
"ENSRNOG00000012872",325
"ENSRNOG00000010087",307
"ENSRNOG00000021493",6
"ENSRNOG00000020889",11217
"ENSRNOG00000064590",0
"ENSRNOG00000020695",1129
"ENSRNOG00000047575",290
"ENSRNOG00000061450",16
"ENSRNOG00000020102",5422
"ENSRNOG00000068112",0
"ENSRNOG00000017429",6
"ENSRNOG00000010753",913
"ENSRNOG00000020605",283
"ENSRNOG00000066632",0
"ENSRNOG00000012576",800
"ENSRNOG00000015517",356
"ENSRNOG00000017030",2803
"ENSRNOG00000070869",0
"ENSRNOG00000067718",0
"ENSRNOG00000025644",142
"ENSRNOG00000013663",74
"ENSRNOG00000019599",0
"ENSRNOG00000020938",0
"ENSRNOG00000014166",258
"ENSRNOG00000047035",664
"ENSRNOG00000015658",2808
"ENSRNOG00000063891",0
"ENSRNOG00000024580",8
"ENSRNOG00000020686",0
"ENSRNOG00000066760",2
"ENSRNOG00000066678",0
"ENSRNOG00000021078",2
"ENSRNOG00000014791",3505
"ENSRNOG00000019249",1
"ENSRNOG00000069065",19
"ENSRNOG00000011290",292
"ENSRNOG00000019485",3368
"ENSRNOG00000020990",1
"ENSRNOG00000015822",735
"ENSRNOG00000047279",1
"ENSRNOG00000015456",132
"ENSRNOG00000015783",0
"ENSRNOG00000066654",0
"ENSRNOG00000020995",0
"ENSRNOG00000020310",645
"ENSRNOG00000020669",21
"ENSRNOG00000020699",7
"ENSRNOG00000069183",0
"ENSRNOG00000068514",0
"ENSRNOG00000021507",0
"ENSRNOG00000036981",0
"ENSRNOG00000002628",0
"ENSRNOG00000006962",2
"ENSRNOG00000018012",3421
"ENSRNOG00000069456",377
"ENSRNOG00000015180",137
"ENSRNOG00000025220",65
"ENSRNOG00000013123",16
"ENSRNOG00000064904",0
"ENSRNOG00000018858",21
"ENSRNOG00000020164",9
"ENSRNOG00000025354",0
"ENSRNOG00000016769",1
"ENSRNOG00000031662",0
"ENSRNOG00000065448",0
"ENSRNOG00000026861",0
"ENSRNOG00000014465",0
"ENSRNOG00000029049",335
"ENSRNOG00000017220",520
"ENSRNOG00000031073",0
"ENSRNOG00000014181",0
"ENSRNOG00000016490",0
"ENSRNOG00000014779",505
"ENSRNOG00000068871",0
"ENSRNOG00000018339",0
"ENSRNOG00000031459",373
"ENSRNOG00000017648",0
"ENSRNOG00000018336",10
"ENSRNOG00000021011",0
"ENSRNOG00000055761",1264
"ENSRNOG00000009891",527
"ENSRNOG00000011058",3820
"ENSRNOG00000018321",18
"ENSRNOG00000031113",907
"ENSRNOG00000067810",1
"ENSRNOG00000015972",2
"ENSRNOG00000047019",397
"ENSRNOG00000045732",0
"ENSRNOG00000011077",6088
"ENSRNOG00000052687",807
"ENSRNOG00000019453",32382
"ENSRNOG00000014227",0
"ENSRNOG00000015339",2284
"ENSRNOG00000051208",0
"ENSRNOG00000037219",3
"ENSRNOG00000016697",81
"ENSRNOG00000064479",0
"ENSRNOG00000017756",0
"ENSRNOG00000070772",0
"ENSRNOG00000038445",18
"ENSRNOG00000020779",1
"ENSRNOG00000048014",0
"ENSRNOG00000019600",0
"ENSRNOG00000020206",7518
"ENSRNOG00000021014",0
"ENSRNOG00000068083",0
"ENSRNOG00000027436",411
"ENSRNOG00000064179",0
"ENSRNOG00000017357",0
"ENSRNOG00000062814",0
"ENSRNOG00000018524",1977
"ENSRNOG00000020530",0
"ENSRNOG00000016147",7
"ENSRNOG00000021056",40
"ENSRNOG00000037638",1236
"ENSRNOG00000065638",0
"ENSRNOG00000019199",120
"ENSRNOG00000015218",285
"ENSRNOG00000050207",0
"ENSRNOG00000010763",2
"ENSRNOG00000069620",0
"ENSRNOG00000015030",1240
"ENSRNOG00000011015",879
"ENSRNOG00000014787",0
"ENSRNOG00000066679",0
"ENSRNOG00000021020",1
"ENSRNOG00000019338",0
"ENSRNOG00000021016",2
"ENSRNOG00000020700",361
"ENSRNOG00000064437",127
"ENSRNOG00000016327",205
"ENSRNOG00000023847",0
"ENSRNOG00000069949",0
"ENSRNOG00000014829",448
"ENSRNOG00000020044",693
"ENSRNOG00000016595",2
"ENSRNOG00000060021",7
"ENSRNOG00000065515",0
"ENSRNOG00000064196",0
"ENSRNOG00000037798",40
"ENSRNOG00000060610",1
"ENSRNOG00000052810",11
"ENSRNOG00000017681",0
"ENSRNOG00000019616",1
"ENSRNOG00000055176",4
"ENSRNOG00000056940",2631
"ENSRNOG00000063855",0
"ENSRNOG00000016102",11
"ENSRNOG00000055298",1
"ENSRNOG00000029490",511
"ENSRNOG00000009462",514
"ENSRNOG00000060429",277
"ENSRNOG00000021109",8
"ENSRNOG00000018986",16
"ENSRNOG00000008824",0
"ENSRNOG00000063416",1
"ENSRNOG00000070289",0
"ENSRNOG00000051450",736
"ENSRNOG00000062471",0
"ENSRNOG00000061012",1696
"ENSRNOG00000013241",0
"ENSRNOG00000021118",1679
"ENSRNOG00000053735",257
"ENSRNOG00000002332",15
"ENSRNOG00000054418",0
"ENSRNOG00000015911",1813
"ENSRNOG00000032034",2276
"ENSRNOG00000061533",292
"ENSRNOG00000009664",170
"ENSRNOG00000033775",0
"ENSRNOG00000066079",0
"ENSRNOG00000065821",0
"ENSRNOG00000021025",571
"ENSRNOG00000001466",0
"ENSRNOG00000011994",0
"ENSRNOG00000026572",58
"ENSRNOG00000020719",17
"ENSRNOG00000019560",6
"ENSRNOG00000062718",2
"ENSRNOG00000046480",129
"ENSRNOG00000017365",1
"ENSRNOG00000016807",3824
"ENSRNOG00000015865",2494
"ENSRNOG00000018007",332
"ENSRNOG00000069231",0
"ENSRNOG00000056733",0
"ENSRNOG00000028753",347
"ENSRNOG00000025375",3
"ENSRNOG00000020182",240
"ENSRNOG00000013190",280
"ENSRNOG00000013795",426
"ENSRNOG00000060603",383
"ENSRNOG00000019970",527
"ENSRNOG00000061348",124
"ENSRNOG00000031003",107
"ENSRNOG00000020652",4974
"ENSRNOG00000058286",0
"ENSRNOG00000037541",0
"ENSRNOG00000062473",294
"ENSRNOG00000070704",0
"ENSRNOG00000060972",615
"ENSRNOG00000070441",2
"ENSRNOG00000011975",1034
"ENSRNOG00000019132",290
"ENSRNOG00000047901",0
"ENSRNOG00000070198",0
"ENSRNOG00000016368",240
"ENSRNOG00000004273",2
"ENSRNOG00000066811",0
"ENSRNOG00000021145",163
"ENSRNOG00000054391",417
"ENSRNOG00000020731",9
"ENSRNOG00000033343",37
"ENSRNOG00000066108",0
"ENSRNOG00000032819",1
"ENSRNOG00000070349",60
"ENSRNOG00000019578",7213
"ENSRNOG00000011174",3
"ENSRNOG00000017137",121
"ENSRNOG00000020897",3810
"ENSRNOG00000014186",104
"ENSRNOG00000012055",1437
"ENSRNOG00000017753",267
"ENSRNOG00000029945",0
"ENSRNOG00000017975",0
"ENSRNOG00000051915",244
"ENSRNOG00000020746",4
"ENSRNOG00000011411",1180
"ENSRNOG00000068342",271
"ENSRNOG00000026517",740
"ENSRNOG00000020991",0
"ENSRNOG00000065978",0
"ENSRNOG00000021147",1151
"ENSRNOG00000018106",128
"ENSRNOG00000017621",552
"ENSRNOG00000024056",147
"ENSRNOG00000010964",2807
"ENSRNOG00000018411",269
"ENSRNOG00000023931",40
"ENSRNOG00000054181",0
"ENSRNOG00000014530",2556
"ENSRNOG00000065256",0
"ENSRNOG00000055194",0
"ENSRNOG00000011675",141
"ENSRNOG00000017446",4407
"ENSRNOG00000016244",2262
"ENSRNOG00000063516",2
"ENSRNOG00000016815",491
"ENSRNOG00000018936",293
"ENSRNOG00000014193",736
"ENSRNOG00000021659",11
"ENSRNOG00000014908",881
"ENSRNOG00000065298",0
"ENSRNOG00000064302",157
"ENSRNOG00000018379",223
"ENSRNOG00000019706",0
"ENSRNOG00000053084",298
"ENSRNOG00000020405",0
"ENSRNOG00000012322",93
"ENSRNOG00000064816",0
"ENSRNOG00000019254",514
"ENSRNOG00000018101",6
"ENSRNOG00000017243",591
"ENSRNOG00000063417",0
"ENSRNOG00000064650",0
"ENSRNOG00000066763",2
"ENSRNOG00000011526",1851
"ENSRNOG00000053366",12
"ENSRNOG00000033805",0
"ENSRNOG00000011882",1079
"ENSRNOG00000018766",385
"ENSRNOG00000021103",30
"ENSRNOG00000017050",6
"ENSRNOG00000046727",0
"ENSRNOG00000014706",0
"ENSRNOG00000049517",754
"ENSRNOG00000017512",28
"ENSRNOG00000017519",0
"ENSRNOG00000062546",2
"ENSRNOG00000018191",0
"ENSRNOG00000063236",1
"ENSRNOG00000037580",1327
"ENSRNOG00000070428",0
"ENSRNOG00000012074",1678
"ENSRNOG00000017012",89
"ENSRNOG00000068955",458
"ENSRNOG00000022537",200
"ENSRNOG00000017620",0
"ENSRNOG00000019730",1971
"ENSRNOG00000019776",24
"ENSRNOG00000014030",28
"ENSRNOG00000062678",3
"ENSRNOG00000049944",778
"ENSRNOG00000020338",0
"ENSRNOG00000023968",139
"ENSRNOG00000026243",3717
"ENSRNOG00000066277",465
"ENSRNOG00000016717",1255
"ENSRNOG00000055371",4
"ENSRNOG00000020533",7979
"ENSRNOG00000059224",1265
"ENSRNOG00000018960",5068
"ENSRNOG00000037080",124
"ENSRNOG00000050453",48
"ENSRNOG00000014061",40
"ENSRNOG00000018873",2961
"ENSRNOG00000042776",213
"ENSRNOG00000021004",3
"ENSRNOG00000063590",2307
"ENSRNOG00000018994",2633
"ENSRNOG00000017703",317
"ENSRNOG00000013840",0
"ENSRNOG00000019746",1342
"ENSRNOG00000013836",2360
"ENSRNOG00000011945",3917
"ENSRNOG00000029366",212
"ENSRNOG00000058388",521
"ENSRNOG00000028470",0
"ENSRNOG00000037339",4
"ENSRNOG00000063077",0
"ENSRNOG00000017006",0
"ENSRNOG00000020848",359
"ENSRNOG00000018518",2083
"ENSRNOG00000019702",596
"ENSRNOG00000066741",0
"ENSRNOG00000055142",3
"ENSRNOG00000015829",3
"ENSRNOG00000012690",842
"ENSRNOG00000017097",622
"ENSRNOG00000063091",0
"ENSRNOG00000018850",0
"ENSRNOG00000020486",403
"ENSRNOG00000060599",0
"ENSRNOG00000042702",691
"ENSRNOG00000019949",854
"ENSRNOG00000025126",144
"ENSRNOG00000042878",0
"ENSRNOG00000020867",1462
"ENSRNOG00000033714",0
"ENSRNOG00000017878",9
"ENSRNOG00000015807",9
"ENSRNOG00000025651",972
"ENSRNOG00000020443",3
"ENSRNOG00000011282",10133
"ENSRNOG00000019962",350
"ENSRNOG00000023521",548
"ENSRNOG00000055028",2117
"ENSRNOG00000015560",1837
"ENSRNOG00000020035",0
"ENSRNOG00000071144",0
"ENSRNOG00000020827",0
"ENSRNOG00000032723",755
"ENSRNOG00000047616",0
"ENSRNOG00000056396",0
"ENSRNOG00000043388",316
"ENSRNOG00000020560",0
"ENSRNOG00000042728",2328
"ENSRNOG00000011460",0
"ENSRNOG00000013009",2051
"ENSRNOG00000066554",0
"ENSRNOG00000019409",0
"ENSRNOG00000046297",0
"ENSRNOG00000020615",1706
"ENSRNOG00000070579",1
"ENSRNOG00000011011",5
"ENSRNOG00000017109",46
"ENSRNOG00000065836",0
"ENSRNOG00000012286",0
"ENSRNOG00000021117",1047
"ENSRNOG00000025378",8
"ENSRNOG00000020130",2528
"ENSRNOG00000019529",1004
"ENSRNOG00000010803",0
"ENSRNOG00000068066",22
"ENSRNOG00000016374",1525
"ENSRNOG00000026114",599
"ENSRNOG00000064082",0
"ENSRNOG00000026514",9
"ENSRNOG00000020557",4
"ENSRNOG00000056946",2029
"ENSRNOG00000058030",354
"ENSRNOG00000011313",11
"ENSRNOG00000049179",188
"ENSRNOG00000032246",35
"ENSRNOG00000020660",19556
"ENSRNOG00000025075",23
"ENSRNOG00000019426",214
"ENSRNOG00000068556",0
"ENSRNOG00000013718",1703
"ENSRNOG00000013739",0
"ENSRNOG00000062758",0
"ENSRNOG00000037247",1041
"ENSRNOG00000065597",11
"ENSRNOG00000012052",0
"ENSRNOG00000036703",23
"ENSRNOG00000052273",120
"ENSRNOG00000013969",558
"ENSRNOG00000020817",0
"ENSRNOG00000018462",210
"ENSRNOG00000019124",0
"ENSRNOG00000063481",3
"ENSRNOG00000066191",0
"ENSRNOG00000016429",0
"ENSRNOG00000012366",1550
"ENSRNOG00000019080",327
"ENSRNOG00000013103",14
"ENSRNOG00000019194",0
"ENSRNOG00000068986",0
"ENSRNOG00000019278",2
"ENSRNOG00000059492",264
"ENSRNOG00000020489",2
"ENSRNOG00000018993",4213
"ENSRNOG00000018916",735
"ENSRNOG00000066224",7
"ENSRNOG00000066488",0
"ENSRNOG00000042605",0
"ENSRNOG00000069320",1
"ENSRNOG00000020380",8
"ENSRNOG00000014673",262
"ENSRNOG00000016206",1143
"ENSRNOG00000016210",8
"ENSRNOG00000019145",4075
"ENSRNOG00000019674",332
"ENSRNOG00000065238",0
"ENSRNOG00000020617",528
"ENSRNOG00000017021",16
"ENSRNOG00000066358",200
"ENSRNOG00000031331",0
"ENSRNOG00000024288",0
"ENSRNOG00000011932",162
"ENSRNOG00000013436",0
"ENSRNOG00000032805",1
"ENSRNOG00000065747",23
"ENSRNOG00000013381",2578
"ENSRNOG00000020479",2744
"ENSRNOG00000036859",111
"ENSRNOG00000019883",626
"ENSRNOG00000016683",221
"ENSRNOG00000051867",68
"ENSRNOG00000045741",71
"ENSRNOG00000057384",300
"ENSRNOG00000019685",2
"ENSRNOG00000011308",1384
"ENSRNOG00000030266",2257
"ENSRNOG00000021140",26
"ENSRNOG00000068399",1
"ENSRNOG00000016573",559
"ENSRNOG00000051578",161
"ENSRNOG00000064148",0
"ENSRNOG00000025167",973
"ENSRNOG00000021763",0
"ENSRNOG00000066618",750
"ENSRNOG00000043056",0
"ENSRNOG00000020495",1555
"ENSRNOG00000060206",2254
"ENSRNOG00000020596",1046
"ENSRNOG00000015520",202
"ENSRNOG00000056036",95
"ENSRNOG00000055531",253
"ENSRNOG00000045838",968
"ENSRNOG00000020904",1130
"ENSRNOG00000020271",1930
"ENSRNOG00000055796",0
"ENSRNOG00000032668",209
"ENSRNOG00000068024",5
"ENSRNOG00000028113",146
"ENSRNOG00000047124",145
"ENSRNOG00000012067",76
"ENSRNOG00000047696",0
"ENSRNOG00000020125",2
"ENSRNOG00000026115",930
"ENSRNOG00000042347",86
"ENSRNOG00000026857",181
"ENSRNOG00000020607",850
"ENSRNOG00000013057",887
"ENSRNOG00000070288",0
"ENSRNOG00000063345",0
"ENSRNOG00000019861",1238
"ENSRNOG00000013194",209
"ENSRNOG00000020906",399
"ENSRNOG00000032077",0
"ENSRNOG00000036571",31
"ENSRNOG00000012360",1648
"ENSRNOG00000058133",58
"ENSRNOG00000023496",7
"ENSRNOG00000019178",647
"ENSRNOG00000014373",8
"ENSRNOG00000014187",1219
"ENSRNOG00000016498",329
"ENSRNOG00000061795",883
"ENSRNOG00000064840",15
"ENSRNOG00000019212",6115
"ENSRNOG00000070202",0
"ENSRNOG00000069377",0
"ENSRNOG00000020635",452
"ENSRNOG00000047176",0
"ENSRNOG00000017120",1311
"ENSRNOG00000020369",0
"ENSRNOG00000020276",0
"ENSRNOG00000069701",3
"ENSRNOG00000053583",0
"ENSRNOG00000042059",11
"ENSRNOG00000026040",12
"ENSRNOG00000012683",1086
"ENSRNOG00000068180",39
"ENSRNOG00000021499",0
"ENSRNOG00000022822",16
"ENSRNOG00000026891",589
"ENSRNOG00000068324",0
"ENSRNOG00000014565",721
"ENSRNOG00000022669",0
"ENSRNOG00000051815",69
"ENSRNOG00000051782",0
"ENSRNOG00000034038",1
"ENSRNOG00000019193",12
"ENSRNOG00000024363",563
"ENSRNOG00000060707",1525
"ENSRNOG00000012357",547
"ENSRNOG00000024000",0
"ENSRNOG00000016978",0
"ENSRNOG00000011659",6
"ENSRNOG00000018928",60
"ENSRNOG00000011599",14
"ENSRNOG00000052070",8
"ENSRNOG00000069477",5
"ENSRNOG00000019879",0
"ENSRNOG00000049295",0
"ENSRNOG00000050282",4936
"ENSRNOG00000024245",0
"ENSRNOG00000054506",6
"ENSRNOG00000020835",78
"ENSRNOG00000043007",3596
"ENSRNOG00000012442",103
"ENSRNOG00000012236",2
"ENSRNOG00000014513",202
"ENSRNOG00000066021",0
"ENSRNOG00000018158",1383
"ENSRNOG00000021106",1685
"ENSRNOG00000015540",3089
"ENSRNOG00000021108",1
"ENSRNOG00000050104",4417
"ENSRNOG00000018390",4986
"ENSRNOG00000021484",928
"ENSRNOG00000018683",1909
"ENSRNOG00000013563",0
"ENSRNOG00000063992",0
"ENSRNOG00000026957",1
"ENSRNOG00000017716",0
"ENSRNOG00000020583",1280
"ENSRNOG00000050828",2804
"ENSRNOG00000065151",0
"ENSRNOG00000018385",1
"ENSRNOG00000025216",227
"ENSRNOG00000020953",33
"ENSRNOG00000018083",414
"ENSRNOG00000019301",0
"ENSRNOG00000026408",313
"ENSRNOG00000015518",0
"ENSRNOG00000069809",0
"ENSRNOG00000017762",7
"ENSRNOG00000065783",74
"ENSRNOG00000055775",0
"ENSRNOG00000023274",252
"ENSRNOG00000021207",1
"ENSRNOG00000050024",0
"ENSRNOG00000071184",0
"ENSRNOG00000019666",1001
"ENSRNOG00000049277",3
"ENSRNOG00000028909",0
"ENSRNOG00000020527",1943
"ENSRNOG00000047431",2
"ENSRNOG00000018207",469
"ENSRNOG00000033881",4
"ENSRNOG00000016358",0
"ENSRNOG00000069807",0
"ENSRNOG00000026527",91
"ENSRNOG00000019725",5128
"ENSRNOG00000019982",371
"ENSRNOG00000045568",1708
"ENSRNOG00000016728",118
"ENSRNOG00000036649",268
"ENSRNOG00000070689",212
"ENSRNOG00000045561",251
"ENSRNOG00000020595",14239
"ENSRNOG00000018674",1249
"ENSRNOG00000020389",6
"ENSRNOG00000055506",12
"ENSRNOG00000018322",9267
"ENSRNOG00000064559",0
"ENSRNOG00000019851",76
"ENSRNOG00000016120",0
"ENSRNOG00000019920",9
"ENSRNOG00000020839",123
"ENSRNOG00000064232",245
"ENSRNOG00000050180",1561
"ENSRNOG00000067792",0
"ENSRNOG00000019675",47
"ENSRNOG00000020551",1294
"ENSRNOG00000047756",2170
"ENSRNOG00000013374",0
"ENSRNOG00000020245",1
"ENSRNOG00000066875",313
"ENSRNOG00000018962",666
"ENSRNOG00000014486",286
"ENSRNOG00000024793",109
"ENSRNOG00000056223",483
"ENSRNOG00000012292",517
"ENSRNOG00000020433",11428
"ENSRNOG00000046635",235
"ENSRNOG00000020618",2697
"ENSRNOG00000012698",2176
"ENSRNOG00000050741",89
"ENSRNOG00000010775",224
"ENSRNOG00000019935",646
"ENSRNOG00000012383",2507
"ENSRNOG00000020301",0
"ENSRNOG00000026296",16
"ENSRNOG00000019960",1111
"ENSRNOG00000020614",38
"ENSRNOG00000012404",0
"ENSRNOG00000017487",4
"ENSRNOG00000016926",0
"ENSRNOG00000064709",0
"ENSRNOG00000046333",281
"ENSRNOG00000019461",198
"ENSRNOG00000063251",1
"ENSRNOG00000012494",95
"ENSRNOG00000050624",306
"ENSRNOG00000016751",581
"ENSRNOG00000067190",0
"ENSRNOG00000021050",0
"ENSRNOG00000019077",1893
"ENSRNOG00000021029",0
"ENSRNOG00000027505",0
"ENSRNOG00000030907",8
"ENSRNOG00000014862",0
"ENSRNOG00000013017",655
"ENSRNOG00000036604",1274
"ENSRNOG00000019190",0
"ENSRNOG00000019439",3268
"ENSRNOG00000019358",209
"ENSRNOG00000017195",1772
"ENSRNOG00000016603",61
"ENSRNOG00000065273",7000
"ENSRNOG00000067633",0
"ENSRNOG00000069759",0
"ENSRNOG00000018987",355
"ENSRNOG00000068256",0
"ENSRNOG00000062262",0
"ENSRNOG00000027374",0
"ENSRNOG00000049161",0
"ENSRNOG00000022748",199
"ENSRNOG00000016689",411
"ENSRNOG00000018929",225
"ENSRNOG00000020623",403
"ENSRNOG00000018487",6083
"ENSRNOG00000019701",376
"ENSRNOG00000022386",0
"ENSRNOG00000033733",1
"ENSRNOG00000026005",1434
"ENSRNOG00000060269",9
"ENSRNOG00000032293",319
"ENSRNOG00000020354",1338
"ENSRNOG00000064201",0
"ENSRNOG00000024530",103
"ENSRNOG00000020637",5
"ENSRNOG00000015003",227
"ENSRNOG00000018725",1254
"ENSRNOG00000030981",12
"ENSRNOG00000055401",2
"ENSRNOG00000054955",0
"ENSRNOG00000017118",2107
"ENSRNOG00000033507",0
"ENSRNOG00000070964",160
"ENSRNOG00000033744",0
"ENSRNOG00000022900",0
"ENSRNOG00000014783",452
"ENSRNOG00000020634",279
"ENSRNOG00000011637",0
"ENSRNOG00000050426",2
"ENSRNOG00000019724",13038
"ENSRNOG00000016496",0
"ENSRNOG00000048733",659
"ENSRNOG00000022839",28
"ENSRNOG00000014923",21
"ENSRNOG00000025142",761
"ENSRNOG00000020148",3
"ENSRNOG00000067262",5210
"ENSRNOG00000063548",0
"ENSRNOG00000025052",386
"ENSRNOG00000017842",5
"ENSRNOG00000033901",0
"ENSRNOG00000018815",905
"ENSRNOG00000020726",840
"ENSRNOG00000053015",127
"ENSRNOG00000068678",0
"ENSRNOG00000020650",6
"ENSRNOG00000047027",0
"ENSRNOG00000065380",3
"ENSRNOG00000019245",617
"ENSRNOG00000011680",372
"ENSRNOG00000036603",104
"ENSRNOG00000020060",566
"ENSRNOG00000020430",1580
"ENSRNOG00000019687",0
"ENSRNOG00000017619",37
"ENSRNOG00000018163",30
"ENSRNOG00000017850",163
"ENSRNOG00000047401",0
"ENSRNOG00000064037",7
"ENSRNOG00000015078",5232
"ENSRNOG00000020505",35
"ENSRNOG00000014936",6979
"ENSRNOG00000018052",577
"ENSRNOG00000019050",31
"ENSRNOG00000019342",4
"ENSRNOG00000022321",88
"ENSRNOG00000020191",721
"ENSRNOG00000018974",0
"ENSRNOG00000036645",1
"ENSRNOG00000018042",899
"ENSRNOG00000064039",0
"ENSRNOG00000059551",0
"ENSRNOG00000020903",205
"ENSRNOG00000018840",341
"ENSRNOG00000004144",5
"ENSRNOG00000018391",2492
"ENSRNOG00000020289",6386
"ENSRNOG00000017227",1598
"ENSRNOG00000020851",2356
"ENSRNOG00000011068",1131
"ENSRNOG00000043141",290
"ENSRNOG00000015088",2714
"ENSRNOG00000064647",1254
"ENSRNOG00000017114",707
"ENSRNOG00000060008",507
"ENSRNOG00000018176",3125
"ENSRNOG00000021724",3
"ENSRNOG00000020638",61
"ENSRNOG00000060693",41
"ENSRNOG00000051256",242
"ENSRNOG00000027228",1
"ENSRNOG00000029061",118
"ENSRNOG00000017510",599
"ENSRNOG00000018838",171
"ENSRNOG00000017222",1315
"ENSRNOG00000065211",1
"ENSRNOG00000020918",1602
"ENSRNOG00000017889",222
"ENSRNOG00000070275",0
"ENSRNOG00000014589",292
"ENSRNOG00000017608",1154
"ENSRNOG00000020864",1
"ENSRNOG00000017927",3
"ENSRNOG00000023360",566
"ENSRNOG00000068667",1
"ENSRNOG00000019873",2194
"ENSRNOG00000030888",3987
"ENSRNOG00000011683",1
"ENSRNOG00000018599",2322
"ENSRNOG00000021689",353
"ENSRNOG00000024036",97
"ENSRNOG00000066192",0
"ENSRNOG00000015727",985
"ENSRNOG00000069824",0
"ENSRNOG00000024625",1345
"ENSRNOG00000011352",2983
"ENSRNOG00000017725",0
"ENSRNOG00000020484",3
"ENSRNOG00000020742",4984
"ENSRNOG00000018877",440
"ENSRNOG00000020922",2432
"ENSRNOG00000069778",0
"ENSRNOG00000011213",143
"ENSRNOG00000020929",690
"ENSRNOG00000018627",116
"ENSRNOG00000030180",0
"ENSRNOG00000019858",49
"ENSRNOG00000019813",1168
"ENSRNOG00000019913",2104
"ENSRNOG00000067655",35
"ENSRNOG00000023530",0
"ENSRNOG00000019005",543
"ENSRNOG00000014234",709
"ENSRNOG00000016593",0
"ENSRNOG00000014471",1
"ENSRNOG00000021924",0
"ENSRNOG00000022521",139
"ENSRNOG00000052802",700
"ENSRNOG00000012196",228
"ENSRNOG00000010630",2163
"ENSRNOG00000033195",1
"ENSRNOG00000067451",0
"ENSRNOG00000014078",2392
"ENSRNOG00000036866",1269
"ENSRNOG00000014183",1494
"ENSRNOG00000065313",5
"ENSRNOG00000014482",1396
"ENSRNOG00000065825",1
"ENSRNOG00000012061",0
"ENSRNOG00000020076",1035
"ENSRNOG00000059786",0
"ENSRNOG00000030689",26
"ENSRNOG00000020081",304
"ENSRNOG00000047986",0
"ENSRNOG00000014833",319
"ENSRNOG00000050742",468
"ENSRNOG00000012898",0
"ENSRNOG00000021405",0
"ENSRNOG00000016770",1378
"ENSRNOG00000070398",0
"ENSRNOG00000067528",0
"ENSRNOG00000019914",89
"ENSRNOG00000028746",4160
"ENSRNOG00000063815",0
"ENSRNOG00000048028",327
"ENSRNOG00000069697",21
"ENSRNOG00000062869",0
"ENSRNOG00000066824",0
"ENSRNOG00000069311",130
"ENSRNOG00000046915",6
"ENSRNOG00000014276",869
"ENSRNOG00000031328",354
"ENSRNOG00000016701",710
"ENSRNOG00000027944",0
"ENSRNOG00000042679",1122
"ENSRNOG00000027919",40
"ENSRNOG00000013890",0
"ENSRNOG00000068425",0
"ENSRNOG00000026432",24
"ENSRNOG00000011262",2998
"ENSRNOG00000026065",0
"ENSRNOG00000028617",0
"ENSRNOG00000064978",0
"ENSRNOG00000043503",3076
"ENSRNOG00000062534",1830
"ENSRNOG00000019464",559
"ENSRNOG00000001492",352
"ENSRNOG00000021916",974
"ENSRNOG00000064242",0
"ENSRNOG00000015304",134
"ENSRNOG00000062406",596
"ENSRNOG00000015376",38
"ENSRNOG00000020773",673
"ENSRNOG00000047204",0
"ENSRNOG00000020039",77
"ENSRNOG00000016907",881
"ENSRNOG00000025799",0
"ENSRNOG00000038251",0
"ENSRNOG00000053347",112
"ENSRNOG00000025110",39
"ENSRNOG00000040273",5167
"ENSRNOG00000021390",69
"ENSRNOG00000020144",537
"ENSRNOG00000062548",14
"ENSRNOG00000014531",1384
"ENSRNOG00000014256",4
"ENSRNOG00000020165",10
"ENSRNOG00000028832",0
"ENSRNOG00000020434",23
"ENSRNOG00000030788",0
"ENSRNOG00000071102",0
"ENSRNOG00000023314",0
"ENSRNOG00000020294",0
"ENSRNOG00000014353",1181
"ENSRNOG00000069356",0
"ENSRNOG00000009482",247
"ENSRNOG00000068806",9
"ENSRNOG00000037415",118
"ENSRNOG00000036760",0
"ENSRNOG00000063830",0
"ENSRNOG00000062555",1
"ENSRNOG00000068225",0
"ENSRNOG00000042158",0
"ENSRNOG00000014768",3482
"ENSRNOG00000027936",395
"ENSRNOG00000058050",4555
"ENSRNOG00000021021",0
"ENSRNOG00000019973",256
"ENSRNOG00000060146",1109
"ENSRNOG00000050395",0
"ENSRNOG00000020075",27327
"ENSRNOG00000067421",1
"ENSRNOG00000065857",0
"ENSRNOG00000021062",216
"ENSRNOG00000026039",3
"ENSRNOG00000030616",68
"ENSRNOG00000001494",2401
"ENSRNOG00000037467",0
"ENSRNOG00000014215",829
"ENSRNOG00000023296",468
"ENSRNOG00000069798",0
"ENSRNOG00000019142",951
"ENSRNOG00000039955",0
"ENSRNOG00000020776",722
"ENSRNOG00000053725",884
"ENSRNOG00000017198",2
"ENSRNOG00000012259",0
"ENSRNOG00000014979",0
"ENSRNOG00000063119",0
"ENSRNOG00000020705",57
"ENSRNOG00000011245",234
"ENSRNOG00000021113",491
"ENSRNOG00000062873",1
"ENSRNOG00000032677",8569
"ENSRNOG00000014907",2
"ENSRNOG00000015128",1438
"ENSRNOG00000010861",1386
"ENSRNOG00000063968",0
"ENSRNOG00000020457",1661
"ENSRNOG00000015229",1594
"ENSRNOG00000021053",482
"ENSRNOG00000020692",629
"ENSRNOG00000063913",0
"ENSRNOG00000015473",257
"ENSRNOG00000021060",2
"ENSRNOG00000015948",1394
"ENSRNOG00000020873",0
"ENSRNOG00000025350",724
"ENSRNOG00000064444",106
"ENSRNOG00000016055",854
"ENSRNOG00000012701",3
"ENSRNOG00000045677",4
"ENSRNOG00000016145",1341
"ENSRNOG00000017955",226
"ENSRNOG00000020807",364
"ENSRNOG00000046667",67
"ENSRNOG00000013279",173
"ENSRNOG00000047605",46
"ENSRNOG00000010117",4351
"ENSRNOG00000018282",13
"ENSRNOG00000013456",316
"ENSRNOG00000070097",5
"ENSRNOG00000025111",22
"ENSRNOG00000049028",1
"ENSRNOG00000024931",5
"ENSRNOG00000067230",0
"ENSRNOG00000011720",1119
"ENSRNOG00000066925",171
"ENSRNOG00000024278",2042
"ENSRNOG00000014132",189
"ENSRNOG00000019507",1284
"ENSRNOG00000012387",1
"ENSRNOG00000062787",0
"ENSRNOG00000070506",4
"ENSRNOG00000012311",0
"ENSRNOG00000020907",1
"ENSRNOG00000054568",0
"ENSRNOG00000062379",0
"ENSRNOG00000014254",1632
"ENSRNOG00000021085",6918
"ENSRNOG00000020451",163
"ENSRNOG00000027607",0
"ENSRNOG00000049951",825
"ENSRNOG00000055934",1
"ENSRNOG00000027288",0
"ENSRNOG00000020702",1104
"ENSRNOG00000013422",2278
"ENSRNOG00000029485",0
"ENSRNOG00000021123",301
"ENSRNOG00000021052",2018
"ENSRNOG00000062949",0
"ENSRNOG00000019229",298
"ENSRNOG00000020845",0
"ENSRNOG00000020704",249
"ENSRNOG00000034000",0
"ENSRNOG00000020849",0
"ENSRNOG00000017225",1462
"ENSRNOG00000022737",4
"ENSRNOG00000013202",616
"ENSRNOG00000067501",397
"ENSRNOG00000024331",0
"ENSRNOG00000013791",605
"ENSRNOG00000021125",4088
"ENSRNOG00000046000",483
"ENSRNOG00000015036",5984
"ENSRNOG00000013239",625
"ENSRNOG00000009954",3501
"ENSRNOG00000033235",135
"ENSRNOG00000063281",0
"ENSRNOG00000025951",0
"ENSRNOG00000025890",835
"ENSRNOG00000016073",0
"ENSRNOG00000064373",18
"ENSRNOG00000013845",159
"ENSRNOG00000064229",3
"ENSRNOG00000055286",2063
"ENSRNOG00000020872",0
"ENSRNOG00000016367",3252
"ENSRNOG00000045543",63
"ENSRNOG00000011134",25
"ENSRNOG00000016265",3991
"ENSRNOG00000069626",0
"ENSRNOG00000019260",1
"ENSRNOG00000019964",1287
"ENSRNOG00000062857",0
"ENSRNOG00000069343",0
"ENSRNOG00000021023",0
"ENSRNOG00000063303",0
"ENSRNOG00000043416",116
"ENSRNOG00000012536",1160
"ENSRNOG00000062338",0
"ENSRNOG00000054771",0
"ENSRNOG00000064016",0
"ENSRNOG00000058701",0
"ENSRNOG00000013023",1963
"ENSRNOG00000047783",0
"ENSRNOG00000059451",0
"ENSRNOG00000069415",0
"ENSRNOG00000064394",0
"ENSRNOG00000064313",0
"ENSRNOG00000064859",0
"ENSRNOG00000056651",2090
"ENSRNOG00000063075",0
"ENSRNOG00000053726",0
"ENSRNOG00000014671",2
"ENSRNOG00000016756",1
"ENSRNOG00000066430",0
"ENSRNOG00000066090",0
"ENSRNOG00000070373",0
"ENSRNOG00000068998",0
"ENSRNOG00000068164",0
"ENSRNOG00000026848",0
"ENSRNOG00000020636",543
"ENSRNOG00000066861",0
"ENSRNOG00000020715",10322
"ENSRNOG00000019220",1098
"ENSRNOG00000058087",0
"ENSRNOG00000066787",0
"ENSRNOG00000029825",5
"ENSRNOG00000069284",0
"ENSRNOG00000066821",0
"ENSRNOG00000061657",0
"ENSRNOG00000064132",1611
"ENSRNOG00000015852",3978
"ENSRNOG00000059226",0
"ENSRNOG00000020676",886
"ENSRNOG00000068933",3
"ENSRNOG00000020250",295
"ENSRNOG00000056605",0
"ENSRNOG00000052644",2
"ENSRNOG00000031700",240
"ENSRNOG00000020939",0
"ENSRNOG00000052375",0
"ENSRNOG00000070882",0
"ENSRNOG00000056383",0
"ENSRNOG00000018730",687
"ENSRNOG00000060033",0
"ENSRNOG00000014997",4271
"ENSRNOG00000051400",0
"ENSRNOG00000054845",0
"ENSRNOG00000020881",1201
"ENSRNOG00000052274",0
"ENSRNOG00000057302",0
"ENSRNOG00000058048",0
"ENSRNOG00000054906",0
"ENSRNOG00000052529",0
"ENSRNOG00000049464",0
"ENSRNOG00000020201",1214
"ENSRNOG00000056570",0
"ENSRNOG00000020687",77
"ENSRNOG00000057316",0
"ENSRNOG00000020021",5
"ENSRNOG00000069029",1
"ENSRNOG00000065477",0
"ENSRNOG00000066898",0
"ENSRNOG00000048848",388
"ENSRNOG00000054326",0
"ENSRNOG00000051415",0
"ENSRNOG00000062449",0
"ENSRNOG00000068699",0
"ENSRNOG00000054954",0
"ENSRNOG00000039865",1
"ENSRNOG00000066016",0
"ENSRNOG00000058518",0
"ENSRNOG00000058612",0
"ENSRNOG00000017294",316
"ENSRNOG00000016219",27
"ENSRNOG00000070599",0
"ENSRNOG00000055235",0
"ENSRNOG00000012591",0
"ENSRNOG00000020989",357
"ENSRNOG00000063019",0
"ENSRNOG00000063624",0
"ENSRNOG00000020890",0
"ENSRNOG00000013994",6409
"ENSRNOG00000071180",3
"ENSRNOG00000021057",2288
"ENSRNOG00000016337",0
"ENSRNOG00000057287",0
"ENSRNOG00000017699",0
"ENSRNOG00000057762",3
"ENSRNOG00000042330",1
"ENSRNOG00000063671",0
"ENSRNOG00000069014",0
"ENSRNOG00000018107",2389
"ENSRNOG00000069257",0
"ENSRNOG00000015868",0
"ENSRNOG00000065928",0
"ENSRNOG00000069776",14
"ENSRNOG00000015271",171
"ENSRNOG00000011346",8151
"ENSRNOG00000057595",0
"ENSRNOG00000054413",0
"ENSRNOG00000068160",0
"ENSRNOG00000064297",1
"ENSRNOG00000036576",1880
"ENSRNOG00000060256",2
"ENSRNOG00000020000",753
"ENSRNOG00000027161",170
"ENSRNOG00000070002",0
"ENSRNOG00000066094",20
"ENSRNOG00000045795",735
"ENSRNOG00000054919",0
"ENSRNOG00000061526",1
"ENSRNOG00000058441",0
"ENSRNOG00000021133",926
"ENSRNOG00000055858",1
"ENSRNOG00000056552",0
"ENSRNOG00000051330",0
"ENSRNOG00000016625",1
"ENSRNOG00000067944",1
"ENSRNOG00000025476",289
"ENSRNOG00000021174",185
"ENSRNOG00000056695",5
"ENSRNOG00000017002",0
"ENSRNOG00000023863",0
"ENSRNOG00000062946",20
"ENSRNOG00000051994",0
"ENSRNOG00000021139",70
"ENSRNOG00000055626",0
"ENSRNOG00000066467",0
"ENSRNOG00000027156",269
"ENSRNOG00000062785",0
"ENSRNOG00000014984",754
"ENSRNOG00000022946",0
"ENSRNOG00000013304",138
"ENSRNOG00000053994",0
"ENSRNOG00000018978",0
"ENSRNOG00000060119",0
"ENSRNOG00000056990",0
"ENSRNOG00000020703",1011
"ENSRNOG00000068737",0
"ENSRNOG00000012514",261
"ENSRNOG00000014675",1122
"ENSRNOG00000015598",36
"ENSRNOG00000055881",0
"ENSRNOG00000042786",1257
"ENSRNOG00000059251",0
"ENSRNOG00000070315",0
"ENSRNOG00000069514",0
"ENSRNOG00000015085",13
"ENSRNOG00000068948",0
"ENSRNOG00000064681",0
"ENSRNOG00000021071",0
"ENSRNOG00000063530",0
"ENSRNOG00000059386",891
"ENSRNOG00000064306",0
"ENSRNOG00000017326",1156
"ENSRNOG00000016411",432
"ENSRNOG00000063743",0
"ENSRNOG00000021090",28
"ENSRNOG00000071006",0
"ENSRNOG00000014173",743
"ENSRNOG00000020941",1011
"ENSRNOG00000065738",0
"ENSRNOG00000029399",395
"ENSRNOG00000062905",0
"ENSRNOG00000018553",1172
"ENSRNOG00000069190",0
"ENSRNOG00000020247",87
"ENSRNOG00000067483",127
"ENSRNOG00000017223",21
"ENSRNOG00000068769",0
"ENSRNOG00000064470",0
"ENSRNOG00000067484",0
"ENSRNOG00000043088",1
"ENSRNOG00000060933",0
"ENSRNOG00000067177",0
"ENSRNOG00000064817",0
"ENSRNOG00000016448",1483
"ENSRNOG00000057912",0
"ENSRNOG00000015406",1570
"ENSRNOG00000027459",550
"ENSRNOG00000067875",0
"ENSRNOG00000015670",2064
"ENSRNOG00000022289",1102
"ENSRNOG00000024497",8
"ENSRNOG00000061412",0
"ENSRNOG00000058715",0
"ENSRNOG00000020935",1117
"ENSRNOG00000068343",0
"ENSRNOG00000019202",295
"ENSRNOG00000063140",0
"ENSRNOG00000062468",0
"ENSRNOG00000025245",1090
"ENSRNOG00000018018",0
"ENSRNOG00000068901",0
"ENSRNOG00000020996",770
"ENSRNOG00000016089",0
"ENSRNOG00000062886",0
"ENSRNOG00000066651",2
"ENSRNOG00000067806",0
"ENSRNOG00000068836",0
"ENSRNOG00000067110",0
"ENSRNOG00000062579",0
"ENSRNOG00000027487",5289
"ENSRNOG00000067331",0
"ENSRNOG00000062847",0
"ENSRNOG00000020784",1
"ENSRNOG00000071174",0
"ENSRNOG00000068398",0
"ENSRNOG00000070897",1152
"ENSRNOG00000065172",0
"ENSRNOG00000020957",18
"ENSRNOG00000052664",3963
"ENSRNOG00000069147",0
"ENSRNOG00000012782",207
"ENSRNOG00000022153",2747
"ENSRNOG00000043328",570
"ENSRNOG00000070833",0
"ENSRNOG00000012142",0
"ENSRNOG00000019771",7
"ENSRNOG00000012346",1984
"ENSRNOG00000020299",566
"ENSRNOG00000027514",1760
"ENSRNOG00000018847",3345
"ENSRNOG00000021179",910
"ENSRNOG00000055525",1313
"ENSRNOG00000016058",352
"ENSRNOG00000027550",131
"ENSRNOG00000020620",8
"ENSRNOG00000018086",0
"ENSRNOG00000013387",204
"ENSRNOG00000064524",1
"ENSRNOG00000049821",0
"ENSRNOG00000015232",14
"ENSRNOG00000024309",621
"ENSRNOG00000019069",5699
"ENSRNOG00000048337",627
"ENSRNOG00000054618",0
"ENSRNOG00000017448",28
"ENSRNOG00000022428",6
"ENSRNOG00000068513",0
"ENSRNOG00000020350",3109
"ENSRNOG00000011815",1410
"ENSRNOG00000017463",143
"ENSRNOG00000021573",3152
"ENSRNOG00000017468",152
"ENSRNOG00000019266",4574
"ENSRNOG00000043378",1
"ENSRNOG00000013565",677
"ENSRNOG00000020409",5
"ENSRNOG00000019341",1014
"ENSRNOG00000063960",1
"ENSRNOG00000056208",0
"ENSRNOG00000070696",1
"ENSRNOG00000070767",19
"ENSRNOG00000022044",0
"ENSRNOG00000019965",9825
"ENSRNOG00000017692",891
"ENSRNOG00000017980",4
"ENSRNOG00000016371",322
"ENSRNOG00000036615",0
"ENSRNOG00000057645",35
"ENSRNOG00000019419",300
"ENSRNOG00000036622",0
"ENSRNOG00000020552",76
"ENSRNOG00000018215",0
"ENSRNOG00000021097",0
"ENSRNOG00000037931",381
"ENSRNOG00000047061",7
"ENSRNOG00000016627",51
"ENSRNOG00000021828",4081
"ENSRNOG00000017064",2
"ENSRNOG00000070113",0
"ENSRNOG00000070266",0
"ENSRNOG00000043486",12
"ENSRNOG00000016700",0
"ENSRNOG00000022742",80
"ENSRNOG00000016280",855
"ENSRNOG00000048688",0
"ENSRNOG00000046222",61
"ENSRNOG00000063861",0
"ENSRNOG00000016883",437
"ENSRNOG00000059513",0
"ENSRNOG00000024065",4
"ENSRNOG00000012122",0
"ENSRNOG00000017412",84
"ENSRNOG00000067391",0
"ENSRNOG00000063690",0
"ENSRNOG00000025581",1
"ENSRNOG00000013847",1
"ENSRNOG00000059500",13
"ENSRNOG00000048495",435
"ENSRNOG00000013323",538
"ENSRNOG00000067152",0
"ENSRNOG00000020388",581
"ENSRNOG00000013965",270
"ENSRNOG00000029608",0
"ENSRNOG00000026764",0
"ENSRNOG00000067512",23
"ENSRNOG00000017419",486
"ENSRNOG00000021102",10
"ENSRNOG00000063892",1
"ENSRNOG00000013192",0
"ENSRNOG00000014928",241
"ENSRNOG00000015465",145
"ENSRNOG00000058291",31
"ENSRNOG00000014786",178
"ENSRNOG00000019596",282
"ENSRNOG00000017230",1380
"ENSRNOG00000014485",1711
"ENSRNOG00000021098",848
"ENSRNOG00000051051",858
"ENSRNOG00000011584",268
"ENSRNOG00000024243",215
"ENSRNOG00000015912",1456
"ENSRNOG00000020598",214
"ENSRNOG00000023367",0
"ENSRNOG00000028247",132
"ENSRNOG00000016434",435
"ENSRNOG00000013331",1465
"ENSRNOG00000036592",199
"ENSRNOG00000062907",1
"ENSRNOG00000021067",4
"ENSRNOG00000019862",150
"ENSRNOG00000021175",126
"ENSRNOG00000018137",1224
"ENSRNOG00000021644",2
"ENSRNOG00000014163",1
"ENSRNOG00000057569",50391
"ENSRNOG00000019915",749
"ENSRNOG00000017164",546
"ENSRNOG00000020781",836
"ENSRNOG00000021338",1905
"ENSRNOG00000032042",1328
"ENSRNOG00000061774",0
"ENSRNOG00000066708",0
"ENSRNOG00000014190",213
"ENSRNOG00000018985",1244
"ENSRNOG00000068291",0
"ENSRNOG00000020799",461
"ENSRNOG00000036641",0
"ENSRNOG00000022485",1372
"ENSRNOG00000062751",7
"ENSRNOG00000069113",2025
"ENSRNOG00000064819",0
"ENSRNOG00000066174",1
"ENSRNOG00000026501",0
"ENSRNOG00000018272",416
"ENSRNOG00000066988",106
"ENSRNOG00000024677",260
"ENSRNOG00000016416",2345
"ENSRNOG00000011114",2
"ENSRNOG00000030572",652
"ENSRNOG00000017731",350
"ENSRNOG00000020689",299
"ENSRNOG00000021202",5522
"ENSRNOG00000011161",585
"ENSRNOG00000042944",171
"ENSRNOG00000020997",3
"ENSRNOG00000017302",0
"ENSRNOG00000017298",79
"ENSRNOG00000046776",0
"ENSRNOG00000013364",1486
"ENSRNOG00000021137",606
"ENSRNOG00000020480",4131
"ENSRNOG00000011568",37
"ENSRNOG00000036598",235
"ENSRNOG00000042397",0
"ENSRNOG00000014240",165
"ENSRNOG00000067478",0
"ENSRNOG00000020394",1576
"ENSRNOG00000057578",0
"ENSRNOG00000019968",1380
"ENSRNOG00000063244",159
"ENSRNOG00000012720",0
"ENSRNOG00000021144",667
"ENSRNOG00000032706",0
"ENSRNOG00000027370",0
"ENSRNOG00000011588",576
"ENSRNOG00000018337",0
"ENSRNOG00000028017",2032
"ENSRNOG00000021018",2
"ENSRNOG00000020514",9
"ENSRNOG00000018237",3523
"ENSRNOG00000027724",483
"ENSRNOG00000011622",269
"ENSRNOG00000019112",0
"ENSRNOG00000021119",221
"ENSRNOG00000019311",973
"ENSRNOG00000067490",0
"ENSRNOG00000055547",26
"ENSRNOG00000021086",286
"ENSRNOG00000013938",152
"ENSRNOG00000016253",0
"ENSRNOG00000061597",12
"ENSRNOG00000012458",8
"ENSRNOG00000064485",62
"ENSRNOG00000019435",64
"ENSRNOG00000024266",154
"ENSRNOG00000017414",467
"ENSRNOG00000068028",3
"ENSRNOG00000066874",101
"ENSRNOG00000018860",259
"ENSRNOG00000037485",0
"ENSRNOG00000016960",843
"ENSRNOG00000042309",29
"ENSRNOG00000019509",52
"ENSRNOG00000016166",2145
"ENSRNOG00000012324",34
"ENSRNOG00000019574",537
"ENSRNOG00000017396",1658
"ENSRNOG00000028261",11
"ENSRNOG00000020985",6
"ENSRNOG00000067971",0
"ENSRNOG00000013971",3787
"ENSRNOG00000019902",8
"ENSRNOG00000014721",766
"ENSRNOG00000069558",6
"ENSRNOG00000021054",1768
"ENSRNOG00000012581",0
"ENSRNOG00000025353",57
"ENSRNOG00000019936",216
"ENSRNOG00000021156",4405
"ENSRNOG00000028357",19
"ENSRNOG00000020888",0
"ENSRNOG00000066761",0
"ENSRNOG00000066093",750
"ENSRNOG00000023434",0
"ENSRNOG00000015051",1
"ENSRNOG00000021061",216
"ENSRNOG00000014966",648
"ENSRNOG00000020016",626
"ENSRNOG00000025327",71
"ENSRNOG00000016136",0
"ENSRNOG00000012344",4
"ENSRNOG00000018446",0
"ENSRNOG00000070172",0
"ENSRNOG00000063986",23
"ENSRNOG00000015220",0
"ENSRNOG00000020124",48
"ENSRNOG00000064947",3
"ENSRNOG00000062358",4
"ENSRNOG00000062531",120
"ENSRNOG00000020646",2029
"ENSRNOG00000043060",454
"ENSRNOG00000017938",1525
"ENSRNOG00000039776",641
"ENSRNOG00000066254",3
"ENSRNOG00000053659",1245
"ENSRNOG00000070447",0
"ENSRNOG00000000417",2047
"ENSRNOG00000018243",2334
"ENSRNOG00000012719",0
"ENSRNOG00000015159",92
"ENSRNOG00000064454",0
"ENSRNOG00000033609",0
"ENSRNOG00000022994",2
"ENSRNOG00000070229",0
"ENSRNOG00000015213",392
"ENSRNOG00000027590",0
"ENSRNOG00000036608",141
"ENSRNOG00000021203",2953
"ENSRNOG00000020150",104
"ENSRNOG00000019570",96
"ENSRNOG00000009146",0
"ENSRNOG00000021006",1523
"ENSRNOG00000066743",0
"ENSRNOG00000012609",0
"ENSRNOG00000024073",2
"ENSRNOG00000068261",2
"ENSRNOG00000020009",2
"ENSRNOG00000037380",5520
"ENSRNOG00000020175",240
"ENSRNOG00000018476",269
"ENSRNOG00000052393",1131
"ENSRNOG00000048297",5261
"ENSRNOG00000062334",0
"ENSRNOG00000011074",0
"ENSRNOG00000039743",1
"ENSRNOG00000021164",5089
"ENSRNOG00000020188",43
"ENSRNOG00000021009",30
"ENSRNOG00000066713",2
"ENSRNOG00000020932",0
"ENSRNOG00000015676",411
"ENSRNOG00000018827",0
"ENSRNOG00000011243",0
"ENSRNOG00000020242",0
"ENSRNOG00000018129",2286
"ENSRNOG00000057173",0
"ENSRNOG00000021015",49
"ENSRNOG00000020668",2191
"ENSRNOG00000020251",0
"ENSRNOG00000014037",18
"ENSRNOG00000013443",5208
"ENSRNOG00000020293",0
"ENSRNOG00000019302",407
"ENSRNOG00000022673",7
"ENSRNOG00000021079",115
"ENSRNOG00000069673",1197
"ENSRNOG00000016301",891
"ENSRNOG00000048275",4
"ENSRNOG00000021158",238
"ENSRNOG00000021087",3
"ENSRNOG00000017469",18967
"ENSRNOG00000011310",48
"ENSRNOG00000023023",192
"ENSRNOG00000021161",1
"ENSRNOG00000014463",1294
"ENSRNOG00000020196",1
"ENSRNOG00000018367",1818
"ENSRNOG00000015321",0
"ENSRNOG00000012229",0
"ENSRNOG00000027646",344
"ENSRNOG00000067737",21
"ENSRNOG00000013291",0
"ENSRNOG00000027102",0
"ENSRNOG00000014431",150
"ENSRNOG00000019846",0
"ENSRNOG00000014455",71
"ENSRNOG00000011399",23
"ENSRNOG00000024172",0
"ENSRNOG00000011885",220
"ENSRNOG00000068973",0
"ENSRNOG00000019807",1619
"ENSRNOG00000064127",0
"ENSRNOG00000062966",0
"ENSRNOG00000066810",0
"ENSRNOG00000063903",16
"ENSRNOG00000070586",0
"ENSRNOG00000048904",0
"ENSRNOG00000048469",0
"ENSRNOG00000033517",34692
"ENSRNOG00000060849",735
"ENSRNOG00000055111",1314
"ENSRNOG00000070755",0
"ENSRNOG00000052814",982
"ENSRNOG00000026462",55
"ENSRNOG00000024140",806
"ENSRNOG00000025982",0
"ENSRNOG00000024620",56
"ENSRNOG00000046438",0
"ENSRNOG00000068524",15
"ENSRNOG00000026096",0
"ENSRNOG00000069618",6
"ENSRNOG00000012415",802
"ENSRNOG00000022393",200
"ENSRNOG00000062917",0
"ENSRNOG00000070320",0
"ENSRNOG00000013309",7
"ENSRNOG00000063959",0
"ENSRNOG00000012964",0
"ENSRNOG00000021129",2127
"ENSRNOG00000064447",0
"ENSRNOG00000068797",0
"ENSRNOG00000066235",0
"ENSRNOG00000071165",0
"ENSRNOG00000068198",1
"ENSRNOG00000013053",10
"ENSRNOG00000071181",0
"ENSRNOG00000070215",0
"ENSRNOG00000039869",0
"ENSRNOG00000070245",0
"ENSRNOG00000065068",59
"ENSRNOG00000029877",0
"ENSRNOG00000016930",2098
"ENSRNOG00000061741",0
"ENSRNOG00000067750",0
"ENSRNOG00000046431",0
"ENSRNOG00000029336",703
"ENSRNOG00000064505",17
"ENSRNOG00000038600",94
"ENSRNOG00000033265",1
"ENSRNOG00000023531",14
"ENSRNOG00000053259",3
"ENSRNOG00000052093",0
"ENSRNOG00000018250",2
"ENSRNOG00000029022",65
"ENSRNOG00000064083",0
"ENSRNOG00000021184",1309
"ENSRNOG00000012847",4
"ENSRNOG00000054409",0
"ENSRNOG00000065539",473
"ENSRNOG00000067600",0
"ENSRNOG00000012858",3
"ENSRNOG00000051237",12
"ENSRNOG00000069178",6
"ENSRNOG00000068768",0
"ENSRNOG00000026033",0
"ENSRNOG00000025949",0
"ENSRNOG00000033173",13
"ENSRNOG00000068100",100
"ENSRNOG00000066178",0
"ENSRNOG00000066405",0
"ENSRNOG00000020884",1
"ENSRNOG00000024376",193
"ENSRNOG00000068732",0
"ENSRNOG00000066645",0
"ENSRNOG00000066415",127
"ENSRNOG00000064905",35
"ENSRNOG00000063144",87
"ENSRNOG00000020020",2754
"ENSRNOG00000038647",0
"ENSRNOG00000071050",104
"ENSRNOG00000064652",32
"ENSRNOG00000063370",0
"ENSRNOG00000065440",3
"ENSRNOG00000032913",133
"ENSRNOG00000026387",1
"ENSRNOG00000052945",840
"ENSRNOG00000017367",7
"ENSRNOG00000046439",399
"ENSRNOG00000026569",10
"ENSRNOG00000047748",0
"ENSRNOG00000028767",0
"ENSRNOG00000033755",0
"ENSRNOG00000049810",0
"ENSRNOG00000070461",0
"ENSRNOG00000032062",0
"ENSRNOG00000010967",1452
"ENSRNOG00000062629",54
"ENSRNOG00000049902",0
"ENSRNOG00000016218",2526
"ENSRNOG00000033146",829
"ENSRNOG00000057670",0
"ENSRNOG00000027855",0
"ENSRNOG00000017804",13
"ENSRNOG00000016284",2
"ENSRNOG00000066198",44
"ENSRNOG00000067742",5
"ENSRNOG00000027843",0
"ENSRNOG00000017299",1615
"ENSRNOG00000060745",0
"ENSRNOG00000027096",2
"ENSRNOG00000016274",1119
"ENSRNOG00000016023",3383
"ENSRNOG00000016829",716
"ENSRNOG00000013165",639
"ENSRNOG00000016877",34
"ENSRNOG00000015442",4016
"ENSRNOG00000067909",88
"ENSRNOG00000066409",0
"ENSRNOG00000065158",2
"ENSRNOG00000069688",0
"ENSRNOG00000017810",191
"ENSRNOG00000069979",5
"ENSRNOG00000015491",445
"ENSRNOG00000050348",175
"ENSRNOG00000064948",0
"ENSRNOG00000020945",0
"ENSRNOG00000068548",0
"ENSRNOG00000017127",10832
"ENSRNOG00000025857",0
"ENSRNOG00000069446",12
"ENSRNOG00000065923",0
"ENSRNOG00000017837",259
"ENSRNOG00000053536",0
"ENSRNOG00000032117",0
"ENSRNOG00000053828",441
"ENSRNOG00000063305",0
"ENSRNOG00000068574",518
"ENSRNOG00000038479",0
"ENSRNOG00000052506",4248
"ENSRNOG00000025061",439
"ENSRNOG00000013813",334
"ENSRNOG00000027942",6
"ENSRNOG00000012156",611
"ENSRNOG00000020723",1963
"ENSRNOG00000030698",2
"ENSRNOG00000020857",1190
"ENSRNOG00000069660",0
"ENSRNOG00000012665",221
"ENSRNOG00000018708",2248
"ENSRNOG00000038622",405
"ENSRNOG00000018561",2949
"ENSRNOG00000067958",2
"ENSRNOG00000059303",0
"ENSRNOG00000067320",0
"ENSRNOG00000015156",0
"ENSRNOG00000068676",0
"ENSRNOG00000016302",62
"ENSRNOG00000027733",1
"ENSRNOG00000017872",9
"ENSRNOG00000056753",767
"ENSRNOG00000069605",852
"ENSRNOG00000059074",0
"ENSRNOG00000018729",1455
"ENSRNOG00000042441",1
"ENSRNOG00000016377",315
"ENSRNOG00000018642",1047
"ENSRNOG00000018752",245
"ENSRNOG00000013256",1379
"ENSRNOG00000031628",36
"ENSRNOG00000018718",549
"ENSRNOG00000067708",0
"ENSRNOG00000061147",326
"ENSRNOG00000030934",0
"ENSRNOG00000018765",573
"ENSRNOG00000016279",3
"ENSRNOG00000016656",2
"ENSRNOG00000013828",167
"ENSRNOG00000065524",0
"ENSRNOG00000013967",0
"ENSRNOG00000066970",1
"ENSRNOG00000028628",1118
"ENSRNOG00000018066",300
"ENSRNOG00000046037",0
"ENSRNOG00000048166",376
"ENSRNOG00000013615",0
"ENSRNOG00000014891",708
"ENSRNOG00000069460",0
"ENSRNOG00000026048",9538
"ENSRNOG00000016635",850
"ENSRNOG00000016750",0
"ENSRNOG00000068064",0
"ENSRNOG00000060867",0
"ENSRNOG00000019448",0
"ENSRNOG00000064189",0
"ENSRNOG00000047349",0
"ENSRNOG00000015932",590
"ENSRNOG00000025781",2
"ENSRNOG00000020305",0
"ENSRNOG00000018119",209
"ENSRNOG00000016112",33
"ENSRNOG00000011287",1429
"ENSRNOG00000017944",95
"ENSRNOG00000014109",1290
"ENSRNOG00000018598",903
"ENSRNOG00000016456",250
"ENSRNOG00000013519",5
"ENSRNOG00000042826",54
"ENSRNOG00000017901",0
"ENSRNOG00000025805",6
"ENSRNOG00000028807",0
"ENSRNOG00000063577",240
"ENSRNOG00000018327",2
"ENSRNOG00000064335",0
"ENSRNOG00000058436",0
"ENSRNOG00000062591",38
"ENSRNOG00000043341",150
"ENSRNOG00000016075",0
"ENSRNOG00000042547",447
"ENSRNOG00000070251",0
"ENSRNOG00000017349",744
"ENSRNOG00000067912",0
"ENSRNOG00000064925",0
"ENSRNOG00000020567",2832
"ENSRNOG00000069718",0
"ENSRNOG00000024602",1479
"ENSRNOG00000055996",0
"ENSRNOG00000070809",0
"ENSRNOG00000071097",0
"ENSRNOG00000017751",3182
"ENSRNOG00000036585",266
"ENSRNOG00000015707",0
"ENSRNOG00000063051",0
"ENSRNOG00000020455",7
"ENSRNOG00000018384",1104
"ENSRNOG00000017645",5
"ENSRNOG00000065599",0
"ENSRNOG00000019721",516
"ENSRNOG00000046602",11
"ENSRNOG00000020460",1986
"ENSRNOG00000055581",0
"ENSRNOG00000027491",7958
"ENSRNOG00000020047",374
"ENSRNOG00000053450",9652
"ENSRNOG00000020813",19545
"ENSRNOG00000068980",0
"ENSRNOG00000020463",280
"ENSRNOG00000064987",0
"ENSRNOG00000017822",2071
"ENSRNOG00000027705",0
"ENSRNOG00000063376",0
"ENSRNOG00000056257",10
"ENSRNOG00000062727",0
"ENSRNOG00000068906",0
"ENSRNOG00000012566",6
"ENSRNOG00000070874",0
"ENSRNOG00000058842",120
"ENSRNOG00000065537",0
"ENSRNOG00000036624",2
"ENSRNOG00000064964",0
"ENSRNOG00000023668",1774
"ENSRNOG00000048635",0
"ENSRNOG00000066840",1
"ENSRNOG00000020998",4
"ENSRNOG00000046455",55
"ENSRNOG00000051262",4
"ENSRNOG00000029588",3
"ENSRNOG00000068723",0
"ENSRNOG00000015254",0
"ENSRNOG00000002641",0
"ENSRNOG00000042030",0
"ENSRNOG00000054417",3
"ENSRNOG00000047884",0
"ENSRNOG00000069076",0
"ENSRNOG00000068098",0
"ENSRNOG00000051570",38
"ENSRNOG00000016117",7500
"ENSRNOG00000029702",0
"ENSRNOG00000050994",1637
"ENSRNOG00000070857",2
"ENSRNOG00000069762",0
"ENSRNOG00000055229",8128
"ENSRNOG00000019170",1
"ENSRNOG00000067209",0
"ENSRNOG00000020475",331
"ENSRNOG00000020993",0
"ENSRNOG00000042620",8275
"ENSRNOG00000066489",5
"ENSRNOG00000014650",309
"ENSRNOG00000069067",1
"ENSRNOG00000027564",14
"ENSRNOG00000038674",0
"ENSRNOG00000021001",2
"ENSRNOG00000063294",0
"ENSRNOG00000067618",138
"ENSRNOG00000069466",1
"ENSRNOG00000062655",0
"ENSRNOG00000014890",1569
"ENSRNOG00000014041",198
"ENSRNOG00000015071",5
"ENSRNOG00000021150",973
"ENSRNOG00000057050",0
"ENSRNOG00000018944",175
"ENSRNOG00000021005",839
"ENSRNOG00000014935",455
"ENSRNOG00000058422",15
"ENSRNOG00000016833",4218
"ENSRNOG00000067452",0
"ENSRNOG00000054371",44
"ENSRNOG00000056038",677
"ENSRNOG00000058909",3099
"ENSRNOG00000032891",0
"ENSRNOG00000059572",1570
"ENSRNOG00000012110",3
"ENSRNOG00000052600",1969
"ENSRNOG00000059741",9
"ENSRNOG00000061893",244
"ENSRNOG00000053728",434
"ENSRNOG00000053234",1878
"ENSRNOG00000025523",916
"ENSRNOG00000061039",178
"ENSRNOG00000020975",409
"ENSRNOG00000056098",268
"ENSRNOG00000060293",167
"ENSRNOG00000014816",7
"ENSRNOG00000069294",0
"ENSRNOG00000070866",0
"ENSRNOG00000017406",1775
"ENSRNOG00000057895",0
"ENSRNOG00000055716",11
"ENSRNOG00000025520",0
"ENSRNOG00000063395",211
"ENSRNOG00000070567",2
"ENSRNOG00000021996",0
"ENSRNOG00000022273",342
"ENSRNOG00000057848",1
"ENSRNOG00000034078",874
"ENSRNOG00000013552",1827
"ENSRNOG00000054438",58
"ENSRNOG00000065831",0
"ENSRNOG00000069540",0
"ENSRNOG00000062686",174
"ENSRNOG00000021913",0
"ENSRNOG00000065082",0
"ENSRNOG00000064874",0
"ENSRNOG00000011130",1
"ENSRNOG00000064372",0
"ENSRNOG00000017136",23
"ENSRNOG00000054736",0
"ENSRNOG00000017321",474
"ENSRNOG00000065884",0
"ENSRNOG00000065811",0
"ENSRNOG00000055093",160
"ENSRNOG00000012258",754
"ENSRNOG00000067119",0
"ENSRNOG00000066547",0
"ENSRNOG00000020950",3550
"ENSRNOG00000064803",0
"ENSRNOG00000013413",7
"ENSRNOG00000021727",0
"ENSRNOG00000067432",0
"ENSRNOG00000071139",0
"ENSRNOG00000070422",670
"ENSRNOG00000063336",0
"ENSRNOG00000067548",0
"ENSRNOG00000015124",2861
"ENSRNOG00000069535",0
"ENSRNOG00000068073",0
"ENSRNOG00000020562",216
"ENSRNOG00000066194",0
"ENSRNOG00000030210",115
"ENSRNOG00000070026",0
"ENSRNOG00000066085",0
"ENSRNOG00000018494",588
"ENSRNOG00000065915",0
"ENSRNOG00000063465",0
"ENSRNOG00000024239",7812
"ENSRNOG00000065984",0
"ENSRNOG00000069148",0
"ENSRNOG00000021007",829
"ENSRNOG00000069937",0
"ENSRNOG00000012736",608
"ENSRNOG00000027423",0
"ENSRNOG00000015137",57
"ENSRNOG00000010230",877
"ENSRNOG00000058003",12714
"ENSRNOG00000015743",1
"ENSRNOG00000020980",0
"ENSRNOG00000024712",0
"ENSRNOG00000019048",509
"ENSRNOG00000015671",0
"ENSRNOG00000008890",88
"ENSRNOG00000019091",1460
"ENSRNOG00000019534",3110
"ENSRNOG00000015724",1
"ENSRNOG00000063495",0
"ENSRNOG00000032554",69
"ENSRNOG00000065646",0
"ENSRNOG00000009460",2138
"ENSRNOG00000068072",0
"ENSRNOG00000014253",0
"ENSRNOG00000021010",448
"ENSRNOG00000064951",0
"ENSRNOG00000019189",696
"ENSRNOG00000018532",747
"ENSRNOG00000009812",2498
"ENSRNOG00000067757",0
"ENSRNOG00000010958",1879
"ENSRNOG00000014940",3
"ENSRNOG00000013975",74
"ENSRNOG00000062728",462
"ENSRNOG00000018704",2996
"ENSRNOG00000069754",0
"ENSRNOG00000062573",2872
"ENSRNOG00000014160",1043
"ENSRNOG00000017908",0
"ENSRNOG00000042232",4
"ENSRNOG00000020892",6129
"ENSRNOG00000014582",568
"ENSRNOG00000013817",0
"ENSRNOG00000048562",742
"ENSRNOG00000060136",0
"ENSRNOG00000056817",2
"ENSRNOG00000023140",30
"ENSRNOG00000051680",861
"ENSRNOG00000014971",9
"ENSRNOG00000029810",2350
"ENSRNOG00000053141",3
"ENSRNOG00000061215",63
"ENSRNOG00000042084",10
"ENSRNOG00000020446",27
"ENSRNOG00000014590",0
"ENSRNOG00000019103",379
"ENSRNOG00000025793",516
"ENSRNOG00000020025",477
"ENSRNOG00000010427",3097
"ENSRNOG00000036647",0
"ENSRNOG00000027770",869
"ENSRNOG00000019890",0
"ENSRNOG00000043296",0
"ENSRNOG00000017403",50
"ENSRNOG00000017976",0
"ENSRNOG00000017964",0
"ENSRNOG00000036601",77
"ENSRNOG00000015516",108
"ENSRNOG00000018262",107
"ENSRNOG00000046181",11
"ENSRNOG00000047945",0
"ENSRNOG00000029501",0
"ENSRNOG00000025444",0
"ENSRNOG00000069966",11
"ENSRNOG00000063879",0
"ENSRNOG00000017158",7041
"ENSRNOG00000071021",0
"ENSRNOG00000018468",4199
"ENSRNOG00000036675",1
"ENSRNOG00000047386",4452
"ENSRNOG00000019372",513
"ENSRNOG00000017977",6201
"ENSRNOG00000063613",687
"ENSRNOG00000017767",3366
"ENSRNOG00000017524",3
"ENSRNOG00000018020",519
"ENSRNOG00000042552",0
"ENSRNOG00000013176",1112
"ENSRNOG00000009523",618
"ENSRNOG00000018257",38
"ENSRNOG00000051957",269
"ENSRNOG00000016980",0
"ENSRNOG00000015368",0
"ENSRNOG00000031211",0
"ENSRNOG00000015894",2596
"ENSRNOG00000043225",895
"ENSRNOG00000013744",223
"ENSRNOG00000019356",752
"ENSRNOG00000013713",2
"ENSRNOG00000026579",13
"ENSRNOG00000013591",5
"ENSRNOG00000069185",1149
"ENSRNOG00000019708",927
"ENSRNOG00000014652",0
"ENSRNOG00000026086",0
"ENSRNOG00000019745",6
"ENSRNOG00000013290",19
"ENSRNOG00000015716",0
"ENSRNOG00000019468",1
"ENSRNOG00000030682",0
"ENSRNOG00000019825",157
"ENSRNOG00000013934",2105
"ENSRNOG00000020300",236
"ENSRNOG00000019832",949
"ENSRNOG00000016063",2224
"ENSRNOG00000051534",13
"ENSRNOG00000012911",866
"ENSRNOG00000070529",15
"ENSRNOG00000059968",684
"ENSRNOG00000070112",968
"ENSRNOG00000031485",315
"ENSRNOG00000036758",30
"ENSRNOG00000020113",691
"ENSRNOG00000016013",137
"ENSRNOG00000019693",321
"ENSRNOG00000070449",0
"ENSRNOG00000063290",0
"ENSRNOG00000020332",25
"ENSRNOG00000015444",0
"ENSRNOG00000018604",1349
"ENSRNOG00000047871",0
"ENSRNOG00000060070",0
"ENSRNOG00000016986",0
"ENSRNOG00000049181",969
"ENSRNOG00000062507",0
"ENSRNOG00000069683",6
"ENSRNOG00000021766",0
"ENSRNOG00000062932",0
"ENSRNOG00000030215",0
"ENSRNOG00000015673",0
"ENSRNOG00000066644",0
"ENSRNOG00000069369",28
"ENSRNOG00000047528",0
"ENSRNOG00000042648",0
"ENSRNOG00000015689",0
"ENSRNOG00000036742",3079
"ENSRNOG00000015310",38
"ENSRNOG00000027456",45
"ENSRNOG00000067622",0
"ENSRNOG00000069448",0
"ENSRNOG00000016292",12
"ENSRNOG00000019950",144
"ENSRNOG00000019794",0
"ENSRNOG00000017260",1043
"ENSRNOG00000064034",0
"ENSRNOG00000020010",179
"ENSRNOG00000016343",16
"ENSRNOG00000032929",634
"ENSRNOG00000028473",0
"ENSRNOG00000021332",0
"ENSRNOG00000027213",3
"ENSRNOG00000019613",0
"ENSRNOG00000057003",0
"ENSRNOG00000015811",0
"ENSRNOG00000026942",1603
"ENSRNOG00000066182",0
"ENSRNOG00000070041",0
"ENSRNOG00000024144",1951
"ENSRNOG00000011001",0
"ENSRNOG00000016748",929
"ENSRNOG00000064264",0
"ENSRNOG00000070311",0
"ENSRNOG00000017622",1696
"ENSRNOG00000010752",401
"ENSRNOG00000062870",739
"ENSRNOG00000023833",0
"ENSRNOG00000019662",133
"ENSRNOG00000062971",0
"ENSRNOG00000017039",0
"ENSRNOG00000020179",1203
"ENSRNOG00000064434",0
"ENSRNOG00000026754",1677
"ENSRNOG00000018164",2648
"ENSRNOG00000009910",445
"ENSRNOG00000029740",11
"ENSRNOG00000026503",6
"ENSRNOG00000019740",729
"ENSRNOG00000017241",328
"ENSRNOG00000036572",136
"ENSRNOG00000046211",352
"ENSRNOG00000022619",21491
"ENSRNOG00000022732",252
"ENSRNOG00000020248",1
"ENSRNOG00000020376",526
"ENSRNOG00000020339",34
"ENSRNOG00000047545",2
"ENSRNOG00000020346",1
"ENSRNOG00000036633",2
"ENSRNOG00000014574",136
"ENSRNOG00000015235",62
"ENSRNOG00000020349",220
"ENSRNOG00000020353",4770
"ENSRNOG00000050585",6907
"ENSRNOG00000048708",612
"ENSRNOG00000014758",1
"ENSRNOG00000020385",1999
"ENSRNOG00000016172",3465
"ENSRNOG00000046530",774
"ENSRNOG00000017438",3
"ENSRNOG00000045752",1889
"ENSRNOG00000012552",1774
"ENSRNOG00000066831",0
"ENSRNOG00000015082",0
"ENSRNOG00000022099",1
"ENSRNOG00000020440",3892
"ENSRNOG00000012584",10
"ENSRNOG00000012820",3728
"ENSRNOG00000053923",1632
"ENSRNOG00000057989",4
"ENSRNOG00000022635",1165
"ENSRNOG00000046769",1216
"ENSRNOG00000024194",608
"ENSRNOG00000026204",757
"ENSRNOG00000067387",39
"ENSRNOG00000015221",14271
"ENSRNOG00000010915",3719
"ENSRNOG00000066141",0
"ENSRNOG00000015713",6678
"ENSRNOG00000063805",0
"ENSRNOG00000016948",1135
"ENSRNOG00000068578",0
"ENSRNOG00000067647",0
"ENSRNOG00000020424",387
"ENSRNOG00000017656",0
"ENSRNOG00000046566",4
"ENSRNOG00000057623",4693
"ENSRNOG00000012763",603
"ENSRNOG00000017201",1167
"ENSRNOG00000014691",53
"ENSRNOG00000056216",1098
"ENSRNOG00000011745",2119
"ENSRNOG00000070303",262
"ENSRNOG00000056562",556
"ENSRNOG00000018917",0
"ENSRNOG00000065255",10
"ENSRNOG00000070494",0
"ENSRNOG00000011339",2156
"ENSRNOG00000018311",0
"ENSRNOG00000031643",14
"ENSRNOG00000019667",391
"ENSRNOG00000025122",0
"ENSRNOG00000019369",397
"ENSRNOG00000069983",0
"ENSRNOG00000027030",147
"ENSRNOG00000047988",346
"ENSRNOG00000019430",0
"ENSRNOG00000012206",3306
"ENSRNOG00000030807",6875
"ENSRNOG00000019751",15
"ENSRNOG00000014629",266
"ENSRNOG00000017609",0
"ENSRNOG00000017679",0
"ENSRNOG00000047098",0
"ENSRNOG00000064069",0
"ENSRNOG00000050846",309
"ENSRNOG00000066296",0
"ENSRNOG00000062356",0
"ENSRNOG00000051291",181
"ENSRNOG00000069200",0
"ENSRNOG00000069439",0
"ENSRNOG00000071029",0
"ENSRNOG00000061299",0
"ENSRNOG00000070394",0
"ENSRNOG00000030879",0
"ENSRNOG00000030784",0
"ENSRNOG00000029286",0
"ENSRNOG00000029051",0
"ENSRNOG00000016661",0
"ENSRNOG00000024877",0
"ENSRNOG00000024789",0
"ENSRNOG00000068326",0
"ENSRNOG00000042948",0
"ENSRNOG00000064922",0
"ENSRNOG00000017362",0
"ENSRNOG00000056658",197
"ENSRNOG00000016954",0
"ENSRNOG00000063047",0
"ENSRNOG00000018320",335
"ENSRNOG00000063164",0
"ENSRNOG00000068532",0
"ENSRNOG00000011417",439
"ENSRNOG00000017211",0
"ENSRNOG00000059092",3
"ENSRNOG00000064452",0
"ENSRNOG00000064059",2
"ENSRNOG00000011367",54
"ENSRNOG00000068910",0
"ENSRNOG00000050668",0
"ENSRNOG00000066322",0
"ENSRNOG00000068990",0
"ENSRNOG00000062615",1
"ENSRNOG00000062675",0
"ENSRNOG00000065560",0
"ENSRNOG00000067892",120
"ENSRNOG00000067218",307
"ENSRNOG00000062713",305
"ENSRNOG00000069975",7
"ENSRNOG00000068051",7
"ENSRNOG00000069981",0
"ENSRNOG00000069374",0
"ENSRNOG00000070940",0
"ENSRNOG00000065005",126
"ENSRNOG00000066426",529
"ENSRNOG00000063937",871
"ENSRNOG00000067172",471
"ENSRNOG00000064879",0
"ENSRNOG00000058035",0
"ENSRNOG00000070479",1533
"ENSRNOG00000066155",190
"ENSRNOG00000065878",0
"ENSRNOG00000063114",0
"ENSRNOG00000067163",299
"ENSRNOG00000068841",0
"ENSRNOG00000070929",0
"ENSRNOG00000059944",0
"ENSRNOG00000068916",495
"ENSRNOG00000067570",0
"ENSRNOG00000070101",2
"ENSRNOG00000062328",3034
"ENSRNOG00000064552",0
"ENSRNOG00000067881",0
"ENSRNOG00000064807",64
"ENSRNOG00000069055",0
"ENSRNOG00000051306",0
"ENSRNOG00000067339",1
"ENSRNOG00000067663",96
"ENSRNOG00000064639",0
"ENSRNOG00000069106",14
"ENSRNOG00000069402",3
"ENSRNOG00000065123",11
"ENSRNOG00000062444",3
"ENSRNOG00000067329",37
"ENSRNOG00000071111",0
"ENSRNOG00000067102",1
"ENSRNOG00000055337",0
"ENSRNOG00000069973",0
"ENSRNOG00000064113",1
"ENSRNOG00000066818",14
"ENSRNOG00000065637",0
"ENSRNOG00000068440",0
"ENSRNOG00000067503",0
"ENSRNOG00000070062",35
"ENSRNOG00000068946",0
"ENSRNOG00000063598",2
"ENSRNOG00000062906",0
"ENSRNOG00000063366",1
"ENSRNOG00000062481",0
"ENSRNOG00000070843",0
"ENSRNOG00000069440",8
"ENSRNOG00000067183",21
"ENSRNOG00000066241",177
"ENSRNOG00000065487",25
"ENSRNOG00000062362",0
"ENSRNOG00000066597",0
"ENSRNOG00000065497",58
"ENSRNOG00000064891",3
"ENSRNOG00000064120",0
"ENSRNOG00000070679",0
"ENSRNOG00000071072",1
"ENSRNOG00000064798",0
"ENSRNOG00000064347",2
"ENSRNOG00000064053",0
"ENSRNOG00000065910",16
"ENSRNOG00000071115",3
"ENSRNOG00000069803",8
"ENSRNOG00000070123",7
"ENSRNOG00000068585",1
"ENSRNOG00000062831",0
"ENSRNOG00000030886",0
"ENSRNOG00000065190",36
"ENSRNOG00000028449",4017
"ENSRNOG00000063029",0
"ENSRNOG00000060587",368
"ENSRNOG00000070609",0
"ENSRNOG00000070852",0
"ENSRNOG00000063212",0
"ENSRNOG00000066091",21
"ENSRNOG00000060288",5933
"ENSRNOG00000038088",0
"ENSRNOG00000063173",0
"ENSRNOG00000014252",481
"ENSRNOG00000068867",0
"ENSRNOG00000063049",0
"ENSRNOG00000065203",0
"ENSRNOG00000038087",9
"ENSRNOG00000064934",0
"ENSRNOG00000016863",18
"ENSRNOG00000067457",0
"ENSRNOG00000063636",4747
"ENSRNOG00000059444",1
"ENSRNOG00000068957",1
"ENSRNOG00000065335",19
"ENSRNOG00000052871",0
"ENSRNOG00000034106",773
"ENSRNOG00000065598",0
"ENSRNOG00000050032",3
"ENSRNOG00000068627",0
"ENSRNOG00000064509",0
"ENSRNOG00000050758",370
"ENSRNOG00000070984",0
"ENSRNOG00000065473",0
"ENSRNOG00000066033",850
"ENSRNOG00000066907",0
"ENSRNOG00000065900",0
"ENSRNOG00000070975",0
"ENSRNOG00000066718",1
"ENSRNOG00000053202",0
"ENSRNOG00000047045",491
"ENSRNOG00000065136",0
"ENSRNOG00000002340",2
"ENSRNOG00000024009",0
"ENSRNOG00000032232",518
"ENSRNOG00000062485",10
"ENSRNOG00000030351",152
"ENSRNOG00000019427",0
"ENSRNOG00000065885",113
"ENSRNOG00000037364",61
"ENSRNOG00000012877",2
"ENSRNOG00000031859",2050
"ENSRNOG00000064044",0
"ENSRNOG00000058668",0
"ENSRNOG00000037348",161
"ENSRNOG00000068795",0
"ENSRNOG00000021128",0
"ENSRNOG00000033021",0
"ENSRNOG00000022703",0
"ENSRNOG00000021037",2
"ENSRNOG00000070585",0
"ENSRNOG00000014242",0
"ENSRNOG00000064327",0
"ENSRNOG00000010172",41
"ENSRNOG00000024429",320
"ENSRNOG00000010146",11
"ENSRNOG00000010158",0
"ENSRNOG00000056928",0
"ENSRNOG00000049257",0
"ENSRNOG00000070574",443
"ENSRNOG00000051333",2
"ENSRNOG00000070736",114
"ENSRNOG00000032204",16
"ENSRNOG00000034206",1
"ENSRNOG00000012349",287
"ENSRNOG00000069120",0
"ENSRNOG00000065989",0
"ENSRNOG00000029233",0
"ENSRNOG00000063878",0
"ENSRNOG00000065475",0
"ENSRNOG00000069657",0
"ENSRNOG00000048071",2
"ENSRNOG00000022941",682
"ENSRNOG00000063715",32
"ENSRNOG00000018078",0
"ENSRNOG00000071147",0
"ENSRNOG00000017922",1
"ENSRNOG00000042782",0
"ENSRNOG00000070801",0
"ENSRNOG00000030042",0
"ENSRNOG00000012071",0
"ENSRNOG00000015893",0
"ENSRNOG00000015901",0
"ENSRNOG00000015909",0
"ENSRNOG00000015924",0
"ENSRNOG00000062518",0
"ENSRNOG00000062378",0
"ENSRNOG00000064549",0
"ENSRNOG00000065494",0
"ENSRNOG00000015940",0
"ENSRNOG00000071019",0
"ENSRNOG00000063534",0
"ENSRNOG00000017387",0
"ENSRNOG00000049480",0
"ENSRNOG00000069450",0
"ENSRNOG00000070883",0
"ENSRNOG00000028802",0
"ENSRNOG00000064717",0
"ENSRNOG00000063203",0
"ENSRNOG00000018508",0
"ENSRNOG00000018506",0
"ENSRNOG00000018503",16
"ENSRNOG00000064536",0
"ENSRNOG00000070164",0
"ENSRNOG00000050377",0
"ENSRNOG00000047148",0
"ENSRNOG00000048369",0
"ENSRNOG00000069168",1
"ENSRNOG00000033350",0
"ENSRNOG00000071207",0
"ENSRNOG00000067982",0
"ENSRNOG00000064338",2
"ENSRNOG00000064173",0
"ENSRNOG00000013596",377
"ENSRNOG00000022863",0
"ENSRNOG00000069093",0
"ENSRNOG00000069847",0
"ENSRNOG00000062736",0
"ENSRNOG00000070280",0
"ENSRNOG00000062707",13
"ENSRNOG00000015691",83
"ENSRNOG00000067382",0
"ENSRNOG00000065902",31
"ENSRNOG00000063706",0
"ENSRNOG00000069617",40
"ENSRNOG00000070569",0
"ENSRNOG00000016408",1705
"ENSRNOG00000019455",243
"ENSRNOG00000069092",40
"ENSRNOG00000013790",2274
"ENSRNOG00000020893",592
"ENSRNOG00000062446",2
"ENSRNOG00000062864",14
"ENSRNOG00000068207",484
"ENSRNOG00000068917",3
"ENSRNOG00000065221",0
"ENSRNOG00000053392",0
"ENSRNOG00000066968",0
"ENSRNOG00000066506",0
"ENSRNOG00000062875",39
"ENSRNOG00000009468",0
"ENSRNOG00000063736",20
"ENSRNOG00000069752",0
"ENSRNOG00000067200",0
"ENSRNOG00000064252",1
"ENSRNOG00000052649",2
"ENSRNOG00000067004",48
"ENSRNOG00000000096",347
"ENSRNOG00000014385",26
"ENSRNOG00000011135",348
"ENSRNOG00000022511",0
"ENSRNOG00000066793",347
"ENSRNOG00000066286",0
"ENSRNOG00000065871",2
"ENSRNOG00000065021",133
"ENSRNOG00000069279",48
"ENSRNOG00000062826",3
"ENSRNOG00000062622",0
"ENSRNOG00000068500",0
"ENSRNOG00000009792",0
"ENSRNOG00000052367",0
"ENSRNOG00000015821",1
"ENSRNOG00000052903",0
"ENSRNOG00000069848",0
"ENSRNOG00000067565",11
"ENSRNOG00000014000",571
"ENSRNOG00000067235",71
"ENSRNOG00000064348",0
"ENSRNOG00000070892",1
"ENSRNOG00000070333",0
"ENSRNOG00000028120",265
"ENSRNOG00000062674",89
"ENSRNOG00000016580",3757
"ENSRNOG00000065909",43
"ENSRNOG00000009548",169
"ENSRNOG00000066263",0
"ENSRNOG00000065748",0
"ENSRNOG00000059640",0
"ENSRNOG00000016878",204
"ENSRNOG00000020420",0
"ENSRNOG00000070241",297
"ENSRNOG00000063312",12
"ENSRNOG00000033028",0
"ENSRNOG00000065226",117
"ENSRNOG00000070625",1
"ENSRNOG00000064644",0
"ENSRNOG00000019023",1512
"ENSRNOG00000068287",0
"ENSRNOG00000024213",1455
"ENSRNOG00000038176",3
"ENSRNOG00000067530",0
"ENSRNOG00000069285",0
"ENSRNOG00000064365",0
"ENSRNOG00000070468",1
"ENSRNOG00000050321",759
"ENSRNOG00000020307",0
"ENSRNOG00000065725",9
"ENSRNOG00000068643",0
"ENSRNOG00000069542",78
"ENSRNOG00000069696",0
"ENSRNOG00000067311",1424
"ENSRNOG00000069031",12
"ENSRNOG00000000091",462
"ENSRNOG00000065363",5
"ENSRNOG00000053939",2
"ENSRNOG00000067758",389
"ENSRNOG00000009388",0
"ENSRNOG00000065468",3
"ENSRNOG00000066808",0
"ENSRNOG00000019671",353
"ENSRNOG00000066942",4701
"ENSRNOG00000010342",0
"ENSRNOG00000067397",8
"ENSRNOG00000065602",6984
"ENSRNOG00000069177",0
"ENSRNOG00000016387",514
"ENSRNOG00000013282",9
"ENSRNOG00000064826",22
"ENSRNOG00000009555",23
"ENSRNOG00000063292",0
"ENSRNOG00000063898",5
"ENSRNOG00000062616",0
"ENSRNOG00000063887",0
"ENSRNOG00000069709",403
"ENSRNOG00000062733",25
"ENSRNOG00000013886",1
"ENSRNOG00000047137",2987
"ENSRNOG00000000095",374
"ENSRNOG00000026059",31
"ENSRNOG00000058324",0
"ENSRNOG00000066623",17
"ENSRNOG00000064711",47
"ENSRNOG00000050343",478
"ENSRNOG00000067315",99
"ENSRNOG00000016872",5
"ENSRNOG00000065873",106
"ENSRNOG00000065683",35
"ENSRNOG00000067598",1
"ENSRNOG00000046947",28
"ENSRNOG00000069186",1
"ENSRNOG00000064998",40
"ENSRNOG00000071162",0
"ENSRNOG00000032002",5
"ENSRNOG00000042222",0
"ENSRNOG00000062522",0
"ENSRNOG00000010482",0
"ENSRNOG00000060538",125
"ENSRNOG00000015226",417
"ENSRNOG00000017376",0
"ENSRNOG00000019296",6
"ENSRNOG00000042814",13
"ENSRNOG00000069952",1
"ENSRNOG00000061414",1
"ENSRNOG00000065240",1
"ENSRNOG00000025219",1
"ENSRNOG00000042068",214
"ENSRNOG00000062390",0
"ENSRNOG00000070868",2
"ENSRNOG00000064965",23
"ENSRNOG00000048043",4213
"ENSRNOG00000065997",0
"ENSRNOG00000017998",1
"ENSRNOG00000009533",5
"ENSRNOG00000068387",4
"ENSRNOG00000067940",38
"ENSRNOG00000062438",268
"ENSRNOG00000063006",4
"ENSRNOG00000017105",1
"ENSRNOG00000064627",5
"ENSRNOG00000069885",0
"ENSRNOG00000062326",17
"ENSRNOG00000027089",879
"ENSRNOG00000065278",25
"ENSRNOG00000021157",0
"ENSRNOG00000064828",103
"ENSRNOG00000031247",21
"ENSRNOG00000060329",187
"ENSRNOG00000066816",2
"ENSRNOG00000068223",0
"ENSRNOG00000069675",0
"ENSRNOG00000049523",7
"ENSRNOG00000054767",0
"ENSRNOG00000015925",365
"ENSRNOG00000062883",299
"ENSRNOG00000066664",0
"ENSRNOG00000060159",0
"ENSRNOG00000070570",0
"ENSRNOG00000042536",512
"ENSRNOG00000071119",162
"ENSRNOG00000011107",0
"ENSRNOG00000066610",0
"ENSRNOG00000021176",614
"ENSRNOG00000043478",0
"ENSRNOG00000059822",0
"ENSRNOG00000021110",2
"ENSRNOG00000065721",0
"ENSRNOG00000065245",0
"ENSRNOG00000018068",28
"ENSRNOG00000064913",0
"ENSRNOG00000061462",1
"ENSRNOG00000020330",281
"ENSRNOG00000057843",0
"ENSRNOG00000058131",0
"ENSRNOG00000017874",1
"ENSRNOG00000057642",0
"ENSRNOG00000040166",0
"ENSRNOG00000011973",147
"ENSRNOG00000051936",0
"ENSRNOG00000069295",0
"ENSRNOG00000024119",0
"ENSRNOG00000021216",570
"ENSRNOG00000021209",130
"ENSRNOG00000068641",0
"ENSRNOG00000063406",14
"ENSRNOG00000068490",0
"ENSRNOG00000067384",9
"ENSRNOG00000067753",227
"ENSRNOG00000051788",0
"ENSRNOG00000069895",89
"ENSRNOG00000063097",11
"ENSRNOG00000067563",4
"ENSRNOG00000054205",0
"ENSRNOG00000064855",50
"ENSRNOG00000020315",159
"ENSRNOG00000054960",0
"ENSRNOG00000064079",0
"ENSRNOG00000053777",0
"ENSRNOG00000033741",200
"ENSRNOG00000068985",174
"ENSRNOG00000011006",0
"ENSRNOG00000013055",531
"ENSRNOG00000065558",0
"ENSRNOG00000068929",0
"ENSRNOG00000058232",1
"ENSRNOG00000056816",0
"ENSRNOG00000063703",0
"ENSRNOG00000045617",0
"ENSRNOG00000028373",0
"ENSRNOG00000068820",0
"ENSRNOG00000055436",0
"ENSRNOG00000066523",1
"ENSRNOG00000021181",2848
"ENSRNOG00000069313",1
"ENSRNOG00000069153",0
"ENSRNOG00000010698",0
"ENSRNOG00000064070",79
"ENSRNOG00000069388",0
"ENSRNOG00000070873",0
"ENSRNOG00000068992",0
"ENSRNOG00000042477",0
"ENSRNOG00000070757",24
"ENSRNOG00000056329",0
"ENSRNOG00000055198",0
"ENSRNOG00000064202",2
"ENSRNOG00000067555",218
"ENSRNOG00000019785",341
"ENSRNOG00000056690",0
"ENSRNOG00000070421",0
"ENSRNOG00000068393",0
"ENSRNOG00000056646",0
"ENSRNOG00000032959",433
"ENSRNOG00000048440",0
"ENSRNOG00000061110",0
"ENSRNOG00000069077",0
"ENSRNOG00000069997",0
"ENSRNOG00000066880",7
"ENSRNOG00000070475",1
"ENSRNOG00000068330",74
"ENSRNOG00000060028",0
"ENSRNOG00000068040",13
"ENSRNOG00000054583",0
"ENSRNOG00000066083",0
"ENSRNOG00000021213",4470
"ENSRNOG00000016306",2
"ENSRNOG00000066136",6
"ENSRNOG00000070258",0
"ENSRNOG00000013217",339
"ENSRNOG00000067289",0
"ENSRNOG00000057368",0
"ENSRNOG00000021324",76
"ENSRNOG00000063809",0
"ENSRNOG00000021201",5089
"ENSRNOG00000011627",3068
"ENSRNOG00000063982",0
"ENSRNOG00000062497",0
"ENSRNOG00000065416",14
"ENSRNOG00000060411",0
"ENSRNOG00000013240",4
"ENSRNOG00000065216",0
"ENSRNOG00000056120",0
"ENSRNOG00000063403",0
"ENSRNOG00000054575",0
"ENSRNOG00000020444",3
"ENSRNOG00000070219",19
"ENSRNOG00000067677",0
"ENSRNOG00000071142",0
"ENSRNOG00000055120",0
"ENSRNOG00000065979",0
"ENSRNOG00000019780",2
"ENSRNOG00000038825",1
"ENSRNOG00000057342",0
"ENSRNOG00000012957",1643
"ENSRNOG00000065491",0
"ENSRNOG00000056100",0
"ENSRNOG00000019607",5
"ENSRNOG00000063429",0
"ENSRNOG00000031136",0
"ENSRNOG00000051599",0
"ENSRNOG00000021217",15
"ENSRNOG00000048118",107
"ENSRNOG00000067913",1
"ENSRNOG00000052781",0
"ENSRNOG00000010023",262
"ENSRNOG00000067456",1
"ENSRNOG00000061186",29
"ENSRNOG00000059078",0
"ENSRNOG00000062746",51
"ENSRNOG00000068782",4
"ENSRNOG00000069042",0
"ENSRNOG00000052362",0
"ENSRNOG00000009899",864
"ENSRNOG00000068875",0
"ENSRNOG00000067196",0
"ENSRNOG00000040201",6
"ENSRNOG00000066259",0
"ENSRNOG00000070273",0
"ENSRNOG00000060127",0
"ENSRNOG00000068448",474
"ENSRNOG00000052744",0
"ENSRNOG00000048363",2
"ENSRNOG00000060714",0
"ENSRNOG00000068328",1
"ENSRNOG00000071052",0
"ENSRNOG00000059759",3
"ENSRNOG00000069951",0
"ENSRNOG00000016298",138
"ENSRNOG00000068355",0
"ENSRNOG00000019465",2628
"ENSRNOG00000055500",0
"ENSRNOG00000051151",720
"ENSRNOG00000059152",0
"ENSRNOG00000052314",0
"ENSRNOG00000020360",452
"ENSRNOG00000052578",2
"ENSRNOG00000066052",0
"ENSRNOG00000014867",212
"ENSRNOG00000059800",0
"ENSRNOG00000053743",0
"ENSRNOG00000064002",22
"ENSRNOG00000054258",0
"ENSRNOG00000070560",0
"ENSRNOG00000018969",61
"ENSRNOG00000011951",453
"ENSRNOG00000070233",2
"ENSRNOG00000019201",692
"ENSRNOG00000009822",114
"ENSRNOG00000065347",1
"ENSRNOG00000012422",136
"ENSRNOG00000018656",0
"ENSRNOG00000064811",0
"ENSRNOG00000012149",469
"ENSRNOG00000024461",0
"ENSRNOG00000050877",167
"ENSRNOG00000016451",13
"ENSRNOG00000021170",239
"ENSRNOG00000028765",1
"ENSRNOG00000032580",0
"ENSRNOG00000024136",153
"ENSRNOG00000063890",0
"ENSRNOG00000063754",0
"ENSRNOG00000013703",368
"ENSRNOG00000061328",113
"ENSRNOG00000012183",739
"ENSRNOG00000064517",0
"ENSRNOG00000069607",0
"ENSRNOG00000030639",108
"ENSRNOG00000015472",0
"ENSRNOG00000043329",25
"ENSRNOG00000029749",1
"ENSRNOG00000017310",250
"ENSRNOG00000016591",707
"ENSRNOG00000014051",1084
"ENSRNOG00000063678",583
"ENSRNOG00000009949",1156
"ENSRNOG00000064861",0
"ENSRNOG00000033830",0
"ENSRNOG00000012471",2
"ENSRNOG00000028225",0
"ENSRNOG00000051480",568
"ENSRNOG00000012799",1051
"ENSRNOG00000020923",249
"ENSRNOG00000018297",2
"ENSRNOG00000026845",3
"ENSRNOG00000033088",8
"ENSRNOG00000015449",0
"ENSRNOG00000057557",0
"ENSRNOG00000012414",1576
"ENSRNOG00000063700",11
"ENSRNOG00000068038",0
"ENSRNOG00000011032",91
"ENSRNOG00000020952",10
"ENSRNOG00000027995",0
"ENSRNOG00000026937",429
"ENSRNOG00000018186",446
"ENSRNOG00000028328",32
"ENSRNOG00000013253",274
"ENSRNOG00000067658",0
"ENSRNOG00000018063",78
"ENSRNOG00000061151",0
"ENSRNOG00000018570",40
"ENSRNOG00000023322",1862
"ENSRNOG00000067445",0
"ENSRNOG00000010640",0
"ENSRNOG00000021173",296
"ENSRNOG00000011800",1417
"ENSRNOG00000018662",116
"ENSRNOG00000040297",504
"ENSRNOG00000036877",1
"ENSRNOG00000013683",501
"ENSRNOG00000011875",1
"ENSRNOG00000056177",0
"ENSRNOG00000023837",236
"ENSRNOG00000055433",349
"ENSRNOG00000012723",0
"ENSRNOG00000031588",1
"ENSRNOG00000028319",93
"ENSRNOG00000012660",60195
"ENSRNOG00000019120",68
"ENSRNOG00000018759",0
"ENSRNOG00000062856",475
"ENSRNOG00000022910",0
"ENSRNOG00000014528",261
"ENSRNOG00000049385",634
"ENSRNOG00000065504",0
"ENSRNOG00000017077",531
"ENSRNOG00000030704",4330
"ENSRNOG00000014153",933
"ENSRNOG00000049994",1
"ENSRNOG00000062828",101
"ENSRNOG00000011181",0
"ENSRNOG00000019046",1
"ENSRNOG00000061747",0
"ENSRNOG00000064672",10
"ENSRNOG00000033051",208
"ENSRNOG00000010888",0
"ENSRNOG00000013397",582
"ENSRNOG00000010560",0
"ENSRNOG00000023373",2880
"ENSRNOG00000065262",0
"ENSRNOG00000064597",0
"ENSRNOG00000011763",5034
"ENSRNOG00000013555",1
"ENSRNOG00000026953",1604
"ENSRNOG00000018673",1967
"ENSRNOG00000057707",0
"ENSRNOG00000013393",895
"ENSRNOG00000009837",428
"ENSRNOG00000030904",0
"ENSRNOG00000018615",58
"ENSRNOG00000018946",807
"ENSRNOG00000020392",246
"ENSRNOG00000021323",92
"ENSRNOG00000012703",0
"ENSRNOG00000042105",0
"ENSRNOG00000057194",0
"ENSRNOG00000065741",0
"ENSRNOG00000065202",2
"ENSRNOG00000029191",4
"ENSRNOG00000068842",0
"ENSRNOG00000047014",63
"ENSRNOG00000069352",2
"ENSRNOG00000020421",0
"ENSRNOG00000065410",0
"ENSRNOG00000011133",0
"ENSRNOG00000066067",0
"ENSRNOG00000015622",245
"ENSRNOG00000011341",424
"ENSRNOG00000048209",1
"ENSRNOG00000013334",1
"ENSRNOG00000020542",2760
"ENSRNOG00000010556",94
"ENSRNOG00000008765",0
"ENSRNOG00000011261",241
"ENSRNOG00000069715",20
"ENSRNOG00000012481",6
"ENSRNOG00000020438",665
"ENSRNOG00000013313",476
"ENSRNOG00000010866",1
"ENSRNOG00000021012",912
"ENSRNOG00000014333",862
"ENSRNOG00000032224",0
"ENSRNOG00000009491",1209
"ENSRNOG00000010084",2449
"ENSRNOG00000024046",0
"ENSRNOG00000015573",346
"ENSRNOG00000018236",0
"ENSRNOG00000021670",0
"ENSRNOG00000053325",14
"ENSRNOG00000068970",1
"ENSRNOG00000066474",0
"ENSRNOG00000015678",13
"ENSRNOG00000012199",0
"ENSRNOG00000016146",41
"ENSRNOG00000011383",272
"ENSRNOG00000016842",0
"ENSRNOG00000069649",25
"ENSRNOG00000013662",11
"ENSRNOG00000068087",1
"ENSRNOG00000011977",684
"ENSRNOG00000025462",289
"ENSRNOG00000016339",0
"ENSRNOG00000008721",0
"ENSRNOG00000053599",1686
"ENSRNOG00000051068",0
"ENSRNOG00000011561",788
"ENSRNOG00000068715",1463
"ENSRNOG00000009581",0
"ENSRNOG00000015969",275
"ENSRNOG00000011440",182
"ENSRNOG00000065357",19
"ENSRNOG00000016262",0
"ENSRNOG00000026989",0
"ENSRNOG00000049819",164
"ENSRNOG00000045649",831
"ENSRNOG00000017821",0
"ENSRNOG00000020744",1122
"ENSRNOG00000011937",113
"ENSRNOG00000042359",3363
"ENSRNOG00000052116",381
"ENSRNOG00000009487",1
"ENSRNOG00000012478",159
"ENSRNOG00000021410",62
"ENSRNOG00000033162",0
"ENSRNOG00000042535",0
"ENSRNOG00000013411",508
"ENSRNOG00000020058",1498
"ENSRNOG00000053086",1128
"ENSRNOG00000060626",137
"ENSRNOG00000013719",47
"ENSRNOG00000010280",0
"ENSRNOG00000009057",1008
"ENSRNOG00000016477",1144
"ENSRNOG00000019614",20
"ENSRNOG00000013912",978
"ENSRNOG00000025371",383
"ENSRNOG00000019508",182
"ENSRNOG00000062002",0
"ENSRNOG00000063864",3012
"ENSRNOG00000014323",772
"ENSRNOG00000039473",0
"ENSRNOG00000057322",51
"ENSRNOG00000059842",0
"ENSRNOG00000049676",0
"ENSRNOG00000021088",12
"ENSRNOG00000017969",0
"ENSRNOG00000013692",75
"ENSRNOG00000018285",0
"ENSRNOG00000064164",0
"ENSRNOG00000052613",198
"ENSRNOG00000062777",287
"ENSRNOG00000066056",23
"ENSRNOG00000020778",8
"ENSRNOG00000009433",28
"ENSRNOG00000054294",2032
"ENSRNOG00000008971",0
"ENSRNOG00000042118",804
"ENSRNOG00000052873",1019
"ENSRNOG00000021160",0
"ENSRNOG00000012563",1385
"ENSRNOG00000031320",0
"ENSRNOG00000020979",1763
"ENSRNOG00000055986",0
"ENSRNOG00000011238",1219
"ENSRNOG00000042327",0
"ENSRNOG00000029212",13944
"ENSRNOG00000028865",0
"ENSRNOG00000028025",0
"ENSRNOG00000011669",290
"ENSRNOG00000069904",0
"ENSRNOG00000012186",2064
"ENSRNOG00000056697",17
"ENSRNOG00000015089",0
"ENSRNOG00000027522",1
"ENSRNOG00000021092",297
"ENSRNOG00000011844",379
"ENSRNOG00000012124",465
"ENSRNOG00000048342",510
"ENSRNOG00000015250",190
"ENSRNOG00000055846",0
"ENSRNOG00000019737",159
"ENSRNOG00000010797",1
"ENSRNOG00000067644",0
"ENSRNOG00000061390",2
"ENSRNOG00000015279",16
"ENSRNOG00000064744",15
"ENSRNOG00000066555",47
"ENSRNOG00000029966",43
"ENSRNOG00000020791",898
"ENSRNOG00000037655",172
"ENSRNOG00000069452",5
"ENSRNOG00000014066",294
"ENSRNOG00000023908",0
"ENSRNOG00000014795",96
"ENSRNOG00000028097",3
"ENSRNOG00000018293",836
"ENSRNOG00000015686",802
"ENSRNOG00000011076",2078
"ENSRNOG00000013389",60
"ENSRNOG00000020373",629
"ENSRNOG00000031656",599
"ENSRNOG00000067662",0
"ENSRNOG00000016686",649
"ENSRNOG00000014052",0
"ENSRNOG00000018003",88
"ENSRNOG00000022707",0
"ENSRNOG00000016260",50
"ENSRNOG00000068153",36
"ENSRNOG00000066128",326
"ENSRNOG00000047620",461
"ENSRNOG00000067576",17
"ENSRNOG00000064952",0
"ENSRNOG00000066501",1
"ENSRNOG00000064838",60
"ENSRNOG00000049662",38
"ENSRNOG00000014414",1
"ENSRNOG00000016252",128
"ENSRNOG00000064105",145
"ENSRNOG00000069130",8
"ENSRNOG00000021185",189
"ENSRNOG00000010697",2524
"ENSRNOG00000038242",0
"ENSRNOG00000065249",50
"ENSRNOG00000013521",73
"ENSRNOG00000062479",6
"ENSRNOG00000061443",21
"ENSRNOG00000061707",0
"ENSRNOG00000064612",337
"ENSRNOG00000024115",1
"ENSRNOG00000029185",532
"ENSRNOG00000023851",1494
"ENSRNOG00000054204",4
"ENSRNOG00000010124",680
"ENSRNOG00000021024",2007
"ENSRNOG00000021099",58
"ENSRNOG00000016163",672
"ENSRNOG00000029893",17
"ENSRNOG00000038044",502
"ENSRNOG00000021100",37
"ENSRNOG00000021026",706
"ENSRNOG00000062927",253
"ENSRNOG00000024521",0
"ENSRNOG00000021042",539
"ENSRNOG00000011859",476
"ENSRNOG00000014684",69
"ENSRNOG00000052775",948
"ENSRNOG00000010701",106
"ENSRNOG00000048256",233
"ENSRNOG00000013011",571
"ENSRNOG00000023365",3
"ENSRNOG00000016617",3562
"ENSRNOG00000067220",40
"ENSRNOG00000021168",821
"ENSRNOG00000016552",1169
"ENSRNOG00000012892",7
"ENSRNOG00000069706",0
"ENSRNOG00000008748",604
"ENSRNOG00000015347",18
"ENSRNOG00000009652",1073
"ENSRNOG00000049281",2120
"ENSRNOG00000066767",0
"ENSRNOG00000043370",1098
"ENSRNOG00000069066",0
"ENSRNOG00000063139",0
"ENSRNOG00000058111",116
"ENSRNOG00000062474",13
"ENSRNOG00000042977",91
"ENSRNOG00000067968",0
"ENSRNOG00000064402",0
"ENSRNOG00000019638",4419
"ENSRNOG00000030204",1
"ENSRNOG00000016122",426
"ENSRNOG00000020797",3
"ENSRNOG00000063838",0
"ENSRNOG00000014937",51
"ENSRNOG00000063844",0
"ENSRNOG00000028582",0
"ENSRNOG00000009803",0
"ENSRNOG00000064545",487
"ENSRNOG00000068046",0
"ENSRNOG00000021105",104
"ENSRNOG00000056627",0
"ENSRNOG00000063834",0
"ENSRNOG00000067526",0
"ENSRNOG00000063384",8
"ENSRNOG00000009205",1044
"ENSRNOG00000037341",0
"ENSRNOG00000020139",831
"ENSRNOG00000023148",184
"ENSRNOG00000010624",1617
"ENSRNOG00000016336",110
"ENSRNOG00000066187",0
"ENSRNOG00000018021",223
"ENSRNOG00000066759",0
"ENSRNOG00000066927",0
"ENSRNOG00000070136",0
"ENSRNOG00000014243",401
"ENSRNOG00000064220",179
"ENSRNOG00000065517",0
"ENSRNOG00000070230",806
"ENSRNOG00000014155",443
"ENSRNOG00000046788",0
"ENSRNOG00000013140",39
"ENSRNOG00000063069",0
"ENSRNOG00000019996",819
"ENSRNOG00000012512",207
"ENSRNOG00000025629",485
"ENSRNOG00000015334",708
"ENSRNOG00000065808",0
"ENSRNOG00000068984",0
"ENSRNOG00000048082",0
"ENSRNOG00000010843",31
"ENSRNOG00000000082",312
"ENSRNOG00000031398",2
"ENSRNOG00000011148",4460
"ENSRNOG00000046703",0
"ENSRNOG00000020485",13
"ENSRNOG00000010980",823
"ENSRNOG00000001601",0
"ENSRNOG00000020696",68
"ENSRNOG00000050075",0
"ENSRNOG00000019412",0
"ENSRNOG00000048459",0
"ENSRNOG00000069431",2
"ENSRNOG00000037149",1
"ENSRNOG00000024848",0
"ENSRNOG00000015812",1691
"ENSRNOG00000010972",0
"ENSRNOG00000011200",1
"ENSRNOG00000056335",0
"ENSRNOG00000050090",0
"ENSRNOG00000055035",0
"ENSRNOG00000058886",0
"ENSRNOG00000020588",407
"ENSRNOG00000069216",0
"ENSRNOG00000018112",0
"ENSRNOG00000009730",0
"ENSRNOG00000000097",3
"ENSRNOG00000017669",167
"ENSRNOG00000067521",0
"ENSRNOG00000040120",0
"ENSRNOG00000067045",0
"ENSRNOG00000042721",0
"ENSRNOG00000056969",32
"ENSRNOG00000043375",1
"ENSRNOG00000065561",0
"ENSRNOG00000070776",0
"ENSRNOG00000016437",6
"ENSRNOG00000020590",1632
"ENSRNOG00000023511",0
"ENSRNOG00000024089",5039
"ENSRNOG00000064953",0
"ENSRNOG00000067338",304
"ENSRNOG00000063005",0
"ENSRNOG00000053997",0
"ENSRNOG00000017664",0
"ENSRNOG00000011146",1459
"ENSRNOG00000069436",4
"ENSRNOG00000010681",17
"ENSRNOG00000070427",0
"ENSRNOG00000033134",431
"ENSRNOG00000024492",363
"ENSRNOG00000057761",317
"ENSRNOG00000057702",0
"ENSRNOG00000070945",27
"ENSRNOG00000007092",0
"ENSRNOG00000064741",3
"ENSRNOG00000066248",0
"ENSRNOG00000062440",0
"ENSRNOG00000021867",0
"ENSRNOG00000064254",0
"ENSRNOG00000065280",113
"ENSRNOG00000016419",3828
"ENSRNOG00000062874",0
"ENSRNOG00000062957",0
"ENSRNOG00000069202",105
"ENSRNOG00000020554",635
"ENSRNOG00000054429",929
"ENSRNOG00000061358",255
"ENSRNOG00000071016",1
"ENSRNOG00000031778",2013
"ENSRNOG00000028529",0
"ENSRNOG00000010960",612
"ENSRNOG00000066237",0
"ENSRNOG00000009903",0
"ENSRNOG00000014046",1
"ENSRNOG00000014154",725
"ENSRNOG00000055760",449
"ENSRNOG00000020860",25
"ENSRNOG00000064956",0
"ENSRNOG00000016544",190
"ENSRNOG00000051869",1
"ENSRNOG00000049213",0
"ENSRNOG00000047188",1
"ENSRNOG00000020621",15
"ENSRNOG00000063238",24
"ENSRNOG00000013035",451
"ENSRNOG00000011893",937
"ENSRNOG00000070684",0
"ENSRNOG00000060844",0
"ENSRNOG00000058618",2
"ENSRNOG00000062458",0
"ENSRNOG00000065795",0
"ENSRNOG00000010431",0
"ENSRNOG00000058580",1903
"ENSRNOG00000066532",0
"ENSRNOG00000020640",673
"ENSRNOG00000068402",3
"ENSRNOG00000069428",0
"ENSRNOG00000013737",606
"ENSRNOG00000063226",0
"ENSRNOG00000028768",1
"ENSRNOG00000018681",7
"ENSRNOG00000064487",6
"ENSRNOG00000062612",0
"ENSRNOG00000071053",0
"ENSRNOG00000017712",0
"ENSRNOG00000042389",351
"ENSRNOG00000063698",0
"ENSRNOG00000012608",2
"ENSRNOG00000067298",0
"ENSRNOG00000017945",45
"ENSRNOG00000064712",0
"ENSRNOG00000010325",293
"ENSRNOG00000018094",0
"ENSRNOG00000014076",4640
"ENSRNOG00000021359",437
"ENSRNOG00000020811",137
"ENSRNOG00000030253",0
"ENSRNOG00000063023",1
"ENSRNOG00000065793",0
"ENSRNOG00000055450",0
"ENSRNOG00000020573",354
"ENSRNOG00000033940",1
"ENSRNOG00000018835",6284
"ENSRNOG00000066716",0
"ENSRNOG00000018076",9
"ENSRNOG00000034230",0
"ENSRNOG00000070239",0
"ENSRNOG00000015788",0
"ENSRNOG00000065402",43
"ENSRNOG00000017581",117
"ENSRNOG00000029726",940
"ENSRNOG00000065840",0
"ENSRNOG00000068099",0
"ENSRNOG00000068515",0
"ENSRNOG00000018290",1
"ENSRNOG00000022407",1
"ENSRNOG00000062889",0
"ENSRNOG00000036816",3416
"ENSRNOG00000066598",2
"ENSRNOG00000068420",46
"ENSRNOG00000063930",33
"ENSRNOG00000070434",1
"ENSRNOG00000018903",1937
"ENSRNOG00000062880",52
"ENSRNOG00000020386",3889
"ENSRNOG00000070905",1
"ENSRNOG00000015353",43
"ENSRNOG00000014453",4170
"ENSRNOG00000067984",0
"ENSRNOG00000063298",0
"ENSRNOG00000069403",0
"ENSRNOG00000052343",1080
"ENSRNOG00000064329",0
"ENSRNOG00000011723",151
"ENSRNOG00000012017",76
"ENSRNOG00000063646",0
"ENSRNOG00000066527",0
"ENSRNOG00000047506",180
"ENSRNOG00000070065",41
"ENSRNOG00000037552",4
"ENSRNOG00000070098",10
"ENSRNOG00000065566",0
"ENSRNOG00000068235",1
"ENSRNOG00000063326",46
"ENSRNOG00000063000",604
"ENSRNOG00000030847",7
"ENSRNOG00000068945",5
"ENSRNOG00000064284",42
"ENSRNOG00000032247",0
"ENSRNOG00000069911",0
"ENSRNOG00000021218",1515
"ENSRNOG00000021200",9
"ENSRNOG00000006655",462
"ENSRNOG00000064525",2
"ENSRNOG00000065234",14
"ENSRNOG00000032735",654
"ENSRNOG00000062698",3
"ENSRNOG00000070452",4
"ENSRNOG00000026162",31
"ENSRNOG00000063007",36
"ENSRNOG00000048989",100
"ENSRNOG00000068611",0
"ENSRNOG00000069775",25
"ENSRNOG00000011997",0
"ENSRNOG00000025321",0
"ENSRNOG00000042561",1469
"ENSRNOG00000019885",507
"ENSRNOG00000064959",0
"ENSRNOG00000018716",44
"ENSRNOG00000019090",2773
"ENSRNOG00000009851",92
"ENSRNOG00000063785",13
"ENSRNOG00000013048",226
"ENSRNOG00000017502",591
"ENSRNOG00000013736",0
"ENSRNOG00000014550",0
"ENSRNOG00000067624",0
"ENSRNOG00000011384",182
"ENSRNOG00000036980",60
"ENSRNOG00000062760",0
"ENSRNOG00000015781",206
"ENSRNOG00000031115",0
"ENSRNOG00000064129",4
"ENSRNOG00000013771",14
"ENSRNOG00000010695",1115
"ENSRNOG00000054277",0
"ENSRNOG00000063027",2
"ENSRNOG00000032427",4
"ENSRNOG00000060831",1
"ENSRNOG00000024928",0
"ENSRNOG00000068263",186
"ENSRNOG00000065778",0
"ENSRNOG00000069536",1
"ENSRNOG00000059441",0
"ENSRNOG00000011454",332
"ENSRNOG00000042781",47
"ENSRNOG00000009602",0
"ENSRNOG00000017392",10
"ENSRNOG00000037196",0
"ENSRNOG00000066674",0
"ENSRNOG00000040279",141
"ENSRNOG00000066302",0
"ENSRNOG00000013356",1213
"ENSRNOG00000070222",0
"ENSRNOG00000024733",26
"ENSRNOG00000020657",2993
"ENSRNOG00000001271",718
"ENSRNOG00000027540",560
"ENSRNOG00000064990",0
"ENSRNOG00000009310",263
"ENSRNOG00000070484",0
"ENSRNOG00000017249",0
"ENSRNOG00000019620",270
"ENSRNOG00000021186",0
"ENSRNOG00000009339",362
"ENSRNOG00000065693",0
"ENSRNOG00000017494",245
"ENSRNOG00000061582",1761
"ENSRNOG00000065310",0
"ENSRNOG00000019281",2013
"ENSRNOG00000063052",0
"ENSRNOG00000012760",1075
"ENSRNOG00000012099",746
"ENSRNOG00000068872",0
"ENSRNOG00000014515",268
"ENSRNOG00000016351",470
"ENSRNOG00000020663",1095
"ENSRNOG00000012410",109
"ENSRNOG00000019565",315
"ENSRNOG00000029071",1431
"ENSRNOG00000069413",0
"ENSRNOG00000019414",4
"ENSRNOG00000018746",876
"ENSRNOG00000028310",0
"ENSRNOG00000031248",0
"ENSRNOG00000032463",407
"ENSRNOG00000023073",0
"ENSRNOG00000025269",889
"ENSRNOG00000070658",0
"ENSRNOG00000064486",41
"ENSRNOG00000012053",249
"ENSRNOG00000010827",387
"ENSRNOG00000010661",0
"ENSRNOG00000019670",188
"ENSRNOG00000012008",33
"ENSRNOG00000030171",0
"ENSRNOG00000016243",730
"ENSRNOG00000011821",927
"ENSRNOG00000065139",246
"ENSRNOG00000016164",0
"ENSRNOG00000011748",0
"ENSRNOG00000063101",0
"ENSRNOG00000011647",4328
"ENSRNOG00000066226",5
"ENSRNOG00000020500",4675
"ENSRNOG00000037082",6
"ENSRNOG00000033352",1
"ENSRNOG00000014479",1132
"ENSRNOG00000011557",0
"ENSRNOG00000046881",0
"ENSRNOG00000011483",0
"ENSRNOG00000012058",0
"ENSRNOG00000058609",16
"ENSRNOG00000060988",0
"ENSRNOG00000037217",16
"ENSRNOG00000013252",119
"ENSRNOG00000038366",122
"ENSRNOG00000020013",264
"ENSRNOG00000010603",0
"ENSRNOG00000011752",313
"ENSRNOG00000033560",408
"ENSRNOG00000011623",0
"ENSRNOG00000070759",0
"ENSRNOG00000064237",0
"ENSRNOG00000000098",951
"ENSRNOG00000065518",3
"ENSRNOG00000024039",789
"ENSRNOG00000012549",1603
"ENSRNOG00000025025",438
"ENSRNOG00000020518",1957
"ENSRNOG00000060939",3383
"ENSRNOG00000025377",2
"ENSRNOG00000069195",0
"ENSRNOG00000030049",125
"ENSRNOG00000013940",1
"ENSRNOG00000038436",2308
"ENSRNOG00000023803",9
"ENSRNOG00000018937",613
"ENSRNOG00000048258",884
"ENSRNOG00000015117",101
"ENSRNOG00000068303",0
"ENSRNOG00000047108",1
"ENSRNOG00000019058",2
"ENSRNOG00000024208",0
"ENSRNOG00000064584",905
"ENSRNOG00000009990",628
"ENSRNOG00000031067",0
"ENSRNOG00000028930",3030
"ENSRNOG00000013953",0
"ENSRNOG00000013538",4473
"ENSRNOG00000015140",90
"ENSRNOG00000056325",283
"ENSRNOG00000038330",45
"ENSRNOG00000033693",0
"ENSRNOG00000014002",246
"ENSRNOG00000018193",205
"ENSRNOG00000016550",23
"ENSRNOG00000065128",1
"ENSRNOG00000031974",0
"ENSRNOG00000010575",185
"ENSRNOG00000016541",983
"ENSRNOG00000030237",263
"ENSRNOG00000020272",8
"ENSRNOG00000013660",688
"ENSRNOG00000009808",424
"ENSRNOG00000009980",314
"ENSRNOG00000015211",44
"ENSRNOG00000071130",0
"ENSRNOG00000019328",1787
"ENSRNOG00000010274",694
"ENSRNOG00000055839",0
"ENSRNOG00000069322",0
"ENSRNOG00000068300",1
"ENSRNOG00000059275",0
"ENSRNOG00000013741",8461
"ENSRNOG00000067967",0
"ENSRNOG00000062483",0
"ENSRNOG00000058654",298
"ENSRNOG00000057918",0
"ENSRNOG00000066745",0
"ENSRNOG00000056991",0
"ENSRNOG00000063017",0
"ENSRNOG00000070969",0
"ENSRNOG00000023640",6
"ENSRNOG00000029209",2210
"ENSRNOG00000070213",0
"ENSRNOG00000028749",369
"ENSRNOG00000053707",0
"ENSRNOG00000061349",2
"ENSRNOG00000050514",45
"ENSRNOG00000054199",0
"ENSRNOG00000059307",0
"ENSRNOG00000010515",619
"ENSRNOG00000014350",1121
"ENSRNOG00000051865",0
"ENSRNOG00000064800",0
"ENSRNOG00000064458",0
"ENSRNOG00000019908",294
"ENSRNOG00000066920",0
"ENSRNOG00000061123",0
"ENSRNOG00000051873",0
"ENSRNOG00000063407",0
"ENSRNOG00000057151",0
"ENSRNOG00000019933",1961
"ENSRNOG00000064856",1
"ENSRNOG00000056743",0
"ENSRNOG00000069816",0
"ENSRNOG00000064178",0
"ENSRNOG00000052763",0
"ENSRNOG00000054541",1
"ENSRNOG00000059609",0
"ENSRNOG00000020297",395
"ENSRNOG00000061529",0
"ENSRNOG00000052672",0
"ENSRNOG00000021068",1446
"ENSRNOG00000067493",0
"ENSRNOG00000070998",0
"ENSRNOG00000064698",0
"ENSRNOG00000036429",0
"ENSRNOG00000040385",0
"ENSRNOG00000047006",0
"ENSRNOG00000048716",0
"ENSRNOG00000035483",0
"ENSRNOG00000035504",0
"ENSRNOG00000050085",0
"ENSRNOG00000064834",0
"ENSRNOG00000020863",1
"ENSRNOG00000041792",0
"ENSRNOG00000036423",0
"ENSRNOG00000040434",0
"ENSRNOG00000035551",0
"ENSRNOG00000035617",13
"ENSRNOG00000035622",0
"ENSRNOG00000035628",0
"ENSRNOG00000035499",0
"ENSRNOG00000035491",0
"ENSRNOG00000043562",6
"ENSRNOG00000036435",0
"ENSRNOG00000041245",0
"ENSRNOG00000031174",1042
"ENSRNOG00000069791",0
"ENSRNOG00000065319",0
"ENSRNOG00000058729",0
"ENSRNOG00000055084",0
"ENSRNOG00000055177",0
"ENSRNOG00000067398",1
"ENSRNOG00000055615",0
"ENSRNOG00000060780",0
"ENSRNOG00000053927",1
"ENSRNOG00000054350",0
"ENSRNOG00000053892",0
"ENSRNOG00000053050",0
"ENSRNOG00000055668",0
"ENSRNOG00000054318",0
"ENSRNOG00000058113",0
"ENSRNOG00000058966",3
"ENSRNOG00000054887",0
"ENSRNOG00000054477",0
"ENSRNOG00000051850",0
"ENSRNOG00000055556",0
"ENSRNOG00000052749",0
"ENSRNOG00000064165",6
"ENSRNOG00000059208",0
"ENSRNOG00000064706",0
"ENSRNOG00000069036",0
"ENSRNOG00000060967",0
"ENSRNOG00000053823",0
"ENSRNOG00000056549",0
"ENSRNOG00000058502",0
"ENSRNOG00000010533",1441
"ENSRNOG00000056971",0
"ENSRNOG00000058747",0
"ENSRNOG00000057704",0
"ENSRNOG00000053898",24
"ENSRNOG00000051673",0
"ENSRNOG00000069812",22
"ENSRNOG00000070085",0
"ENSRNOG00000051930",1
"ENSRNOG00000058028",1
"ENSRNOG00000064110",0
"ENSRNOG00000069482",0
"ENSRNOG00000011696",238
"ENSRNOG00000058027",3
"ENSRNOG00000070871",0
"ENSRNOG00000067788",2
"ENSRNOG00000068568",0
"ENSRNOG00000066724",0
"ENSRNOG00000054271",0
"ENSRNOG00000065672",0
"ENSRNOG00000068833",0
"ENSRNOG00000067127",358
"ENSRNOG00000056349",1
"ENSRNOG00000070410",0
"ENSRNOG00000052247",324
"ENSRNOG00000070928",0
"ENSRNOG00000068384",0
"ENSRNOG00000070242",211
"ENSRNOG00000056961",0
"ENSRNOG00000060857",0
"ENSRNOG00000048993",2
"ENSRNOG00000053190",0
"ENSRNOG00000062782",3
"ENSRNOG00000051388",0
"ENSRNOG00000068650",7
"ENSRNOG00000061565",1
"ENSRNOG00000057328",0
"ENSRNOG00000071043",0
"ENSRNOG00000061427",0
"ENSRNOG00000070728",0
"ENSRNOG00000065295",0
"ENSRNOG00000071203",0
"ENSRNOG00000019470",0
"ENSRNOG00000053499",0
"ENSRNOG00000069691",0
"ENSRNOG00000066990",0
"ENSRNOG00000064425",0
"ENSRNOG00000056093",0
"ENSRNOG00000056123",0
"ENSRNOG00000065668",0
"ENSRNOG00000068654",0
"ENSRNOG00000060908",0
"ENSRNOG00000069677",0
"ENSRNOG00000062488",0
"ENSRNOG00000067795",0
"ENSRNOG00000067019",0
"ENSRNOG00000066699",0
"ENSRNOG00000051871",1
"ENSRNOG00000057841",0
"ENSRNOG00000064261",0
"ENSRNOG00000064924",0
"ENSRNOG00000055558",0
"ENSRNOG00000071164",0
"ENSRNOG00000068249",0
"ENSRNOG00000064733",0
"ENSRNOG00000069242",0
"ENSRNOG00000068704",3
"ENSRNOG00000068904",0
"ENSRNOG00000063349",0
"ENSRNOG00000061534",0
"ENSRNOG00000059407",3
"ENSRNOG00000042283",147
"ENSRNOG00000068155",0
"ENSRNOG00000058770",0
"ENSRNOG00000070453",0
"ENSRNOG00000067293",0
"ENSRNOG00000054062",3
"ENSRNOG00000020869",600
"ENSRNOG00000062689",0
"ENSRNOG00000062800",0
"ENSRNOG00000065482",0
"ENSRNOG00000066024",3
"ENSRNOG00000059573",0
"ENSRNOG00000057916",0
"ENSRNOG00000058807",0
"ENSRNOG00000020357",236
"ENSRNOG00000028350",176
"ENSRNOG00000009997",1723
"ENSRNOG00000068258",0
"ENSRNOG00000015553",434
"ENSRNOG00000059568",0
"ENSRNOG00000013372",0
"ENSRNOG00000059512",0
"ENSRNOG00000037310",3
"ENSRNOG00000013002",888
"ENSRNOG00000020875",10
"ENSRNOG00000010125",831
"ENSRNOG00000017516",1043
"ENSRNOG00000019940",3848
"ENSRNOG00000037190",1
"ENSRNOG00000012770",40
"ENSRNOG00000070497",0
"ENSRNOG00000010147",321
"ENSRNOG00000023588",0
"ENSRNOG00000047158",226
"ENSRNOG00000011150",3849
"ENSRNOG00000068662",0
"ENSRNOG00000015502",783
"ENSRNOG00000019441",0
"ENSRNOG00000012819",3
"ENSRNOG00000010286",2049
"ENSRNOG00000029304",247
"ENSRNOG00000016835",0
"ENSRNOG00000012278",0
"ENSRNOG00000009582",0
"ENSRNOG00000061862",86
"ENSRNOG00000070749",993
"ENSRNOG00000019957",277
"ENSRNOG00000068483",0
"ENSRNOG00000013950",0
"ENSRNOG00000010263",1
"ENSRNOG00000058633",0
"ENSRNOG00000022101",16
"ENSRNOG00000070756",0
"ENSRNOG00000022929",222
"ENSRNOG00000060124",0
"ENSRNOG00000064400",0
"ENSRNOG00000059951",0
"ENSRNOG00000042332",0
"ENSRNOG00000070224",1
"ENSRNOG00000060497",0
"ENSRNOG00000058851",0
"ENSRNOG00000058175",0
"ENSRNOG00000016213",2219
"ENSRNOG00000053571",0
"ENSRNOG00000051368",0
"ENSRNOG00000052881",0
"ENSRNOG00000061379",0
"ENSRNOG00000068553",0
"ENSRNOG00000069719",0
"ENSRNOG00000066468",0
"ENSRNOG00000061066",0
"ENSRNOG00000060354",0
"ENSRNOG00000061089",0
"ENSRNOG00000053220",0
"ENSRNOG00000068791",0
"ENSRNOG00000033192",774
"ENSRNOG00000069141",0
"ENSRNOG00000070429",0
"ENSRNOG00000011360",0
"ENSRNOG00000059221",0
"ENSRNOG00000056460",0
"ENSRNOG00000010535",38
"ENSRNOG00000052892",0
"ENSRNOG00000057431",0
"ENSRNOG00000065070",0
"ENSRNOG00000020027",4073
"ENSRNOG00000059290",0
"ENSRNOG00000009577",0
"ENSRNOG00000017890",0
"ENSRNOG00000055118",0
"ENSRNOG00000053651",1
"ENSRNOG00000045639",93
"ENSRNOG00000065463",0
"ENSRNOG00000019738",0
"ENSRNOG00000055965",2
"ENSRNOG00000055509",0
"ENSRNOG00000061146",46
"ENSRNOG00000060162",3
"ENSRNOG00000012810",235
"ENSRNOG00000053550",1033
"ENSRNOG00000058079",0
"ENSRNOG00000069084",0
"ENSRNOG00000060964",0
"ENSRNOG00000065134",0
"ENSRNOG00000060747",0
"ENSRNOG00000069987",0
"ENSRNOG00000017876",37
"ENSRNOG00000054044",0
"ENSRNOG00000057801",0
"ENSRNOG00000056416",0
"ENSRNOG00000053400",6
"ENSRNOG00000062341",0
"ENSRNOG00000028872",2088
"ENSRNOG00000010369",513
"ENSRNOG00000061128",852
"ENSRNOG00000026392",0
"ENSRNOG00000059059",117
"ENSRNOG00000051682",155
"ENSRNOG00000053243",0
"ENSRNOG00000014443",106
"ENSRNOG00000052874",1
"ENSRNOG00000070358",0
"ENSRNOG00000010454",6
"ENSRNOG00000055813",0
"ENSRNOG00000012655",1236
"ENSRNOG00000019037",0
"ENSRNOG00000070016",0
"ENSRNOG00000062872",0
"ENSRNOG00000014686",157
"ENSRNOG00000044194",1
"ENSRNOG00000054864",0
"ENSRNOG00000064710",11
"ENSRNOG00000065337",0
"ENSRNOG00000010824",647
"ENSRNOG00000062354",0
"ENSRNOG00000065986",0
"ENSRNOG00000054751",340
"ENSRNOG00000069913",0
"ENSRNOG00000053795",7
"ENSRNOG00000010081",51
"ENSRNOG00000056420",0
"ENSRNOG00000066462",30
"ENSRNOG00000060388",2
"ENSRNOG00000058700",0
"ENSRNOG00000009465",891
"ENSRNOG00000056880",1
"ENSRNOG00000064742",2639
"ENSRNOG00000055079",8
"ENSRNOG00000053556",0
"ENSRNOG00000061866",0
"ENSRNOG00000017864",594
"ENSRNOG00000067910",0
"ENSRNOG00000017484",8
"ENSRNOG00000061788",9
"ENSRNOG00000054881",0
"ENSRNOG00000038398",0
"ENSRNOG00000054369",0
"ENSRNOG00000068655",2
"ENSRNOG00000061021",0
"ENSRNOG00000066722",0
"ENSRNOG00000045665",27
"ENSRNOG00000059636",0
"ENSRNOG00000069685",0
"ENSRNOG00000068763",0
"ENSRNOG00000058275",1
"ENSRNOG00000012982",227
"ENSRNOG00000066126",0
"ENSRNOG00000068290",0
"ENSRNOG00000055772",0
"ENSRNOG00000057098",0
"ENSRNOG00000060403",0
"ENSRNOG00000064131",0
"ENSRNOG00000009514",13
"ENSRNOG00000060919",0
"ENSRNOG00000054088",0
"ENSRNOG00000018353",348
"ENSRNOG00000069934",0
"ENSRNOG00000029670",6937
"ENSRNOG00000058150",0
"ENSRNOG00000058255",0
"ENSRNOG00000024433",1070
"ENSRNOG00000061362",0
"ENSRNOG00000045647",821
"ENSRNOG00000061190",1
"ENSRNOG00000056917",1
"ENSRNOG00000017420",59
"ENSRNOG00000012354",212
"ENSRNOG00000055905",0
"ENSRNOG00000012136",978
"ENSRNOG00000069742",0
"ENSRNOG00000068700",0
"ENSRNOG00000058816",0
"ENSRNOG00000061470",0
"ENSRNOG00000013038",95
"ENSRNOG00000052487",2
"ENSRNOG00000057752",0
"ENSRNOG00000066004",84
"ENSRNOG00000039848",1706
"ENSRNOG00000056780",0
"ENSRNOG00000018166",184
"ENSRNOG00000011239",0
"ENSRNOG00000022636",287
"ENSRNOG00000056607",0
"ENSRNOG00000062697",0
"ENSRNOG00000054290",0
"ENSRNOG00000023579",1058
"ENSRNOG00000066350",0
"ENSRNOG00000055857",0
"ENSRNOG00000063018",30
"ENSRNOG00000009968",194
"ENSRNOG00000054115",0
"ENSRNOG00000066403",0
"ENSRNOG00000067566",0
"ENSRNOG00000017462",148
"ENSRNOG00000002223",0
"ENSRNOG00000013535",0
"ENSRNOG00000057470",292
"ENSRNOG00000059004",0
"ENSRNOG00000070670",0
"ENSRNOG00000055382",0
"ENSRNOG00000016394",877
"ENSRNOG00000030104",10
"ENSRNOG00000012851",0
"ENSRNOG00000012060",3165
"ENSRNOG00000014999",3284
"ENSRNOG00000061058",1452
"ENSRNOG00000047002",1
"ENSRNOG00000013844",467
"ENSRNOG00000017574",0
"ENSRNOG00000033837",0
"ENSRNOG00000014139",162
"ENSRNOG00000011631",158
"ENSRNOG00000067100",67
"ENSRNOG00000061213",345
"ENSRNOG00000016342",74
"ENSRNOG00000010079",30
"ENSRNOG00000010941",38
"ENSRNOG00000062530",0
"ENSRNOG00000066617",0
"ENSRNOG00000032414",70
"ENSRNOG00000031024",0
"ENSRNOG00000046941",2
"ENSRNOG00000012505",199
"ENSRNOG00000053292",0
"ENSRNOG00000066566",177
"ENSRNOG00000045778",42
"ENSRNOG00000046421",0
"ENSRNOG00000030039",0
"ENSRNOG00000009826",0
"ENSRNOG00000064787",200
"ENSRNOG00000068123",0
"ENSRNOG00000010805",0
"ENSRNOG00000023453",351
"ENSRNOG00000018230",393
"ENSRNOG00000016912",1456
"ENSRNOG00000056907",2487
"ENSRNOG00000010450",19
"ENSRNOG00000010971",979
"ENSRNOG00000042471",0
"ENSRNOG00000051687",0
"ENSRNOG00000025823",0
"ENSRNOG00000009953",113
"ENSRNOG00000055439",27
"ENSRNOG00000026686",0
"ENSRNOG00000039740",36
"ENSRNOG00000024947",0
"ENSRNOG00000066236",0
"ENSRNOG00000023079",1139
"ENSRNOG00000027908",5
"ENSRNOG00000025608",0
"ENSRNOG00000050263",0
"ENSRNOG00000014232",2
"ENSRNOG00000011082",0
"ENSRNOG00000026842",2124
"ENSRNOG00000068600",110
"ENSRNOG00000013294",0
"ENSRNOG00000014793",2
"ENSRNOG00000013507",2145
"ENSRNOG00000017990",3747
"ENSRNOG00000018865",3181
"ENSRNOG00000014039",0
"ENSRNOG00000043053",281
"ENSRNOG00000020706",7
"ENSRNOG00000033064",1
"ENSRNOG00000022356",1571
"ENSRNOG00000014654",193
"ENSRNOG00000013177",345
"ENSRNOG00000049743",408
"ENSRNOG00000013409",200
"ENSRNOG00000017427",1231
"ENSRNOG00000021656",0
"ENSRNOG00000031995",364
"ENSRNOG00000021116",1
"ENSRNOG00000011553",783
"ENSRNOG00000056151",6
"ENSRNOG00000028052",58
"ENSRNOG00000030019",6516
"ENSRNOG00000064945",50
"ENSRNOG00000066826",0
"ENSRNOG00000065064",0
"ENSRNOG00000010760",30
"ENSRNOG00000011639",308
"ENSRNOG00000015654",408
"ENSRNOG00000023258",809
"ENSRNOG00000049075",935
"ENSRNOG00000010891",566
"ENSRNOG00000021120",716
"ENSRNOG00000011441",859
"ENSRNOG00000011949",1221
"ENSRNOG00000038552",7
"ENSRNOG00000014549",327
"ENSRNOG00000053979",40
"ENSRNOG00000054361",0
"ENSRNOG00000012095",971
"ENSRNOG00000027410",42
"ENSRNOG00000017758",1865
"ENSRNOG00000028156",1108
"ENSRNOG00000018510",421
"ENSRNOG00000037853",9
"ENSRNOG00000042717",170
"ENSRNOG00000038008",0
"ENSRNOG00000052173",1
"ENSRNOG00000021131",1185
"ENSRNOG00000039582",23
"ENSRNOG00000032630",51
"ENSRNOG00000013045",484
"ENSRNOG00000009771",0
"ENSRNOG00000059903",680
"ENSRNOG00000010649",77
"ENSRNOG00000053969",4
"ENSRNOG00000067816",0
"ENSRNOG00000017428",4086
"ENSRNOG00000031378",244
"ENSRNOG00000059750",374
"ENSRNOG00000068920",762
"ENSRNOG00000033449",6
"ENSRNOG00000010461",1139
"ENSRNOG00000010747",8246
"ENSRNOG00000012734",578
"ENSRNOG00000054157",63
"ENSRNOG00000043502",0
"ENSRNOG00000012148",2003
"ENSRNOG00000010799",59
"ENSRNOG00000028335",2912
"ENSRNOG00000010815",1219
"ENSRNOG00000062848",13
"ENSRNOG00000013963",5346
"ENSRNOG00000023816",1633
"ENSRNOG00000050416",0
"ENSRNOG00000037406",8
"ENSRNOG00000017752",740
"ENSRNOG00000020539",12
"ENSRNOG00000055790",6
"ENSRNOG00000021134",1
"ENSRNOG00000048832",0
"ENSRNOG00000021081",549
"ENSRNOG00000067115",1
"ENSRNOG00000012933",734
"ENSRNOG00000021138",3141
"ENSRNOG00000013293",200
"ENSRNOG00000012091",298
"ENSRNOG00000013336",226
"ENSRNOG00000023162",178
"ENSRNOG00000017246",0
"ENSRNOG00000065396",83
"ENSRNOG00000062882",57
"ENSRNOG00000017348",0
"ENSRNOG00000042261",3329
"ENSRNOG00000016505",5
"ENSRNOG00000011705",0
"ENSRNOG00000016530",990
"ENSRNOG00000016961",1217
"ENSRNOG00000009629",2
"ENSRNOG00000011066",2297
"ENSRNOG00000000001",114
"ENSRNOG00000017441",2423
"ENSRNOG00000016733",498
"ENSRNOG00000010589",397
"ENSRNOG00000011586",556
"ENSRNOG00000016379",613
"ENSRNOG00000023493",0
"ENSRNOG00000025108",0
"ENSRNOG00000068776",49
"ENSRNOG00000011216",1718
"ENSRNOG00000032009",2
"ENSRNOG00000028941",913
"ENSRNOG00000021143",917
"ENSRNOG00000038095",0
"ENSRNOG00000027833",1120
"ENSRNOG00000070034",1038
"ENSRNOG00000070330",0
"ENSRNOG00000025285",382
"ENSRNOG00000015425",96
"ENSRNOG00000014599",361
"ENSRNOG00000046468",198
"ENSRNOG00000010238",216
"ENSRNOG00000029889",0
"ENSRNOG00000066871",0
"ENSRNOG00000032576",0
"ENSRNOG00000068443",4
"ENSRNOG00000043386",625
"ENSRNOG00000010266",299
"ENSRNOG00000021199",0
"ENSRNOG00000011923",3
"ENSRNOG00000058539",505
"ENSRNOG00000009882",537
"ENSRNOG00000012827",6
"ENSRNOG00000069676",1
"ENSRNOG00000009821",0
"ENSRNOG00000014660",340
"ENSRNOG00000010161",1009
"ENSRNOG00000071200",1
"ENSRNOG00000069800",0
"ENSRNOG00000010658",587
"ENSRNOG00000068741",19
"ENSRNOG00000032922",681
"ENSRNOG00000032240",111
"ENSRNOG00000020829",185
"ENSRNOG00000025274",2080
"ENSRNOG00000011340",317
"ENSRNOG00000019868",1042
"ENSRNOG00000043094",1445
"ENSRNOG00000043445",6
"ENSRNOG00000056371",989
"ENSRNOG00000010819",12
"ENSRNOG00000031814",6182
"ENSRNOG00000066065",4576
"ENSRNOG00000020832",19
"ENSRNOG00000009372",0
"ENSRNOG00000027971",1
"ENSRNOG00000027002",2507
"ENSRNOG00000024365",490
"ENSRNOG00000026186",426
"ENSRNOG00000009004",0
"ENSRNOG00000070835",363
"ENSRNOG00000010199",15
"ENSRNOG00000019163",0
"ENSRNOG00000013451",1297
"ENSRNOG00000027836",1
"ENSRNOG00000011842",1
"ENSRNOG00000042080",0
"ENSRNOG00000014893",3
"ENSRNOG00000012873",402
"ENSRNOG00000027935",1
"ENSRNOG00000011260",25
"ENSRNOG00000020470",1278
"ENSRNOG00000012385",410
"ENSRNOG00000011632",6491
"ENSRNOG00000027923",462
"ENSRNOG00000022347",60
"ENSRNOG00000063581",0
"ENSRNOG00000015024",5
"ENSRNOG00000018067",331
"ENSRNOG00000010094",0
"ENSRNOG00000013572",1689
"ENSRNOG00000013121",444
"ENSRNOG00000050563",0
"ENSRNOG00000043377",1563
"ENSRNOG00000012109",15
"ENSRNOG00000021798",0
"ENSRNOG00000042152",100
"ENSRNOG00000062377",0
"ENSRNOG00000025160",55
"ENSRNOG00000054426",913
"ENSRNOG00000031743",182
"ENSRNOG00000010121",3
"ENSRNOG00000050706",4
"ENSRNOG00000015913",1972
"ENSRNOG00000056894",8
"ENSRNOG00000023404",6
"ENSRNOG00000009992",461
"ENSRNOG00000011528",458
"ENSRNOG00000021215",122
"ENSRNOG00000062253",658
"ENSRNOG00000019221",355
"ENSRNOG00000026944",11
"ENSRNOG00000013050",0
"ENSRNOG00000017187",200
"ENSRNOG00000026928",255
"ENSRNOG00000038905",26
"ENSRNOG00000064230",14
"ENSRNOG00000061097",0
"ENSRNOG00000064398",0
"ENSRNOG00000029988",2504
"ENSRNOG00000063273",0
"ENSRNOG00000043332",0
"ENSRNOG00000066265",0
"ENSRNOG00000010254",0
"ENSRNOG00000031997",74
"ENSRNOG00000067789",358
"ENSRNOG00000064077",0
"ENSRNOG00000069122",0
"ENSRNOG00000068124",16
"ENSRNOG00000063925",0
"ENSRNOG00000017680",17
"ENSRNOG00000021745",0
"ENSRNOG00000028348",0
"ENSRNOG00000069632",9
"ENSRNOG00000023126",0
"ENSRNOG00000049010",0
"ENSRNOG00000062769",0
"ENSRNOG00000043292",0
"ENSRNOG00000016289",16
"ENSRNOG00000011963",0
"ENSRNOG00000069332",0
"ENSRNOG00000045818",0
"ENSRNOG00000010047",19
"ENSRNOG00000025157",311
"ENSRNOG00000059302",0
"ENSRNOG00000052207",1039
"ENSRNOG00000022373",725
"ENSRNOG00000070775",0
"ENSRNOG00000018045",521
"ENSRNOG00000061317",0
"ENSRNOG00000056337",0
"ENSRNOG00000011827",614
"ENSRNOG00000063475",1
"ENSRNOG00000034093",5886
"ENSRNOG00000009503",248
"ENSRNOG00000046368",84
"ENSRNOG00000065845",0
"ENSRNOG00000055370",0
"ENSRNOG00000029592",1894
"ENSRNOG00000033499",0
"ENSRNOG00000064528",0
"ENSRNOG00000024628",0
"ENSRNOG00000032941",11
"ENSRNOG00000033147",2
"ENSRNOG00000049530",9
"ENSRNOG00000067368",0
"ENSRNOG00000020279",514
"ENSRNOG00000011555",636
"ENSRNOG00000068362",65
"ENSRNOG00000070040",0
"ENSRNOG00000070781",0
"ENSRNOG00000067496",0
"ENSRNOG00000009168",0
"ENSRNOG00000014815",1
"ENSRNOG00000004978",1656
"ENSRNOG00000010992",0
"ENSRNOG00000067916",0
"ENSRNOG00000063016",16
"ENSRNOG00000070591",48
"ENSRNOG00000024623",0
"ENSRNOG00000047236",9
"ENSRNOG00000063309",28
"ENSRNOG00000030748",11
"ENSRNOG00000016214",739
"ENSRNOG00000066364",0
"ENSRNOG00000066603",0
"ENSRNOG00000070191",0
"ENSRNOG00000066407",0
"ENSRNOG00000062928",0
"ENSRNOG00000029493",0
"ENSRNOG00000030494",53
"ENSRNOG00000067699",0
"ENSRNOG00000063988",0
"ENSRNOG00000064397",0
"ENSRNOG00000038902",10
"ENSRNOG00000019044",0
"ENSRNOG00000068251",0
"ENSRNOG00000064598",0
"ENSRNOG00000068421",0
"ENSRNOG00000011980",0
"ENSRNOG00000042266",0
"ENSRNOG00000063985",0
"ENSRNOG00000010680",36
"ENSRNOG00000049827",1
"ENSRNOG00000070831",0
"ENSRNOG00000065118",0
"ENSRNOG00000065510",0
"ENSRNOG00000023892",0
"ENSRNOG00000037223",0
"ENSRNOG00000029339",323
"ENSRNOG00000067361",84
"ENSRNOG00000030747",478
"ENSRNOG00000070872",0
"ENSRNOG00000010741",11
"ENSRNOG00000021101",52
"ENSRNOG00000065432",302
"ENSRNOG00000065162",0
"ENSRNOG00000063704",0
"ENSRNOG00000069915",0
"ENSRNOG00000009314",0
"ENSRNOG00000065565",0
"ENSRNOG00000031144",0
"ENSRNOG00000009574",0
"ENSRNOG00000017695",5002
"ENSRNOG00000022745",142
"ENSRNOG00000071169",0
"ENSRNOG00000009383",0
"ENSRNOG00000065447",0
"ENSRNOG00000065886",33
"ENSRNOG00000021166",1390
"ENSRNOG00000011929",777
"ENSRNOG00000031358",419
"ENSRNOG00000016432",18
"ENSRNOG00000016044",0
"ENSRNOG00000017723",235
"ENSRNOG00000009326",0
"ENSRNOG00000011284",255
"ENSRNOG00000014143",10
"ENSRNOG00000014872",6757
"ENSRNOG00000020255",2903
"ENSRNOG00000064204",129
"ENSRNOG00000070921",22
"ENSRNOG00000015274",289
"ENSRNOG00000017744",375
"ENSRNOG00000025297",0
"ENSRNOG00000021182",296
"ENSRNOG00000009955",29
"ENSRNOG00000011317",1239
"ENSRNOG00000037115",0
"ENSRNOG00000023965",0
"ENSRNOG00000019754",348
"ENSRNOG00000013798",427
"ENSRNOG00000022218",204
"ENSRNOG00000019240",1116
"ENSRNOG00000053349",7
"ENSRNOG00000069596",0
"ENSRNOG00000065742",0
"ENSRNOG00000048949",210
"ENSRNOG00000036885",1
"ENSRNOG00000045743",1
"ENSRNOG00000069593",3
"ENSRNOG00000019211",3784
"ENSRNOG00000013872",0
"ENSRNOG00000023943",0
"ENSRNOG00000013894",0
"ENSRNOG00000064223",0
"ENSRNOG00000029756",0
"ENSRNOG00000015655",3691
"ENSRNOG00000019333",4860
"ENSRNOG00000014490",593
"ENSRNOG00000070399",0
"ENSRNOG00000013902",0
"ENSRNOG00000043426",54
"ENSRNOG00000011025",203
"ENSRNOG00000013917",7
"ENSRNOG00000056332",11
"ENSRNOG00000015987",814
"ENSRNOG00000019367",403
"ENSRNOG00000069829",2
"ENSRNOG00000045764",0
"ENSRNOG00000011294",606
"ENSRNOG00000016571",96
"ENSRNOG00000067239",683
"ENSRNOG00000051854",487
"ENSRNOG00000021581",437
"ENSRNOG00000018798",5
"ENSRNOG00000018870",0
"ENSRNOG00000070442",54
"ENSRNOG00000055257",4948
"ENSRNOG00000010306",616
"ENSRNOG00000060107",261
"ENSRNOG00000018220",1416
"ENSRNOG00000025074",0
"ENSRNOG00000011589",2635
"ENSRNOG00000052232",81
"ENSRNOG00000014857",228
"ENSRNOG00000059604",0
"ENSRNOG00000063253",0
"ENSRNOG00000018131",47
"ENSRNOG00000010655",0
"ENSRNOG00000010552",521
"ENSRNOG00000047499",431
"ENSRNOG00000018783",226
"ENSRNOG00000067768",0
"ENSRNOG00000023457",0
"ENSRNOG00000009345",0
"ENSRNOG00000054375",0
"ENSRNOG00000019417",0
"ENSRNOG00000012508",4
"ENSRNOG00000012436",3442
"ENSRNOG00000018569",2101
"ENSRNOG00000012281",0
"ENSRNOG00000011311",1223
"ENSRNOG00000018201",0
"ENSRNOG00000065373",0
"ENSRNOG00000018659",2852
"ENSRNOG00000014575",431
"ENSRNOG00000069176",1
"ENSRNOG00000015029",1150
"ENSRNOG00000046357",1545
"ENSRNOG00000015026",1532
"ENSRNOG00000014059",72
"ENSRNOG00000023338",263
"ENSRNOG00000012630",2842
"ENSRNOG00000012947",1008
"ENSRNOG00000012946",361
"ENSRNOG00000016793",1
"ENSRNOG00000068931",178
"ENSRNOG00000028561",0
"ENSRNOG00000014613",2085
"ENSRNOG00000010875",34
"ENSRNOG00000032715",1373
"ENSRNOG00000063693",0
"ENSRNOG00000011053",248
"ENSRNOG00000011559",9074
"ENSRNOG00000063905",0
"ENSRNOG00000017784",307
"ENSRNOG00000009845",385
"ENSRNOG00000070622",0
"ENSRNOG00000011654",206
"ENSRNOG00000010183",1643
"ENSRNOG00000011817",328
"ENSRNOG00000024120",9
"ENSRNOG00000012729",289
"ENSRNOG00000056545",1
"ENSRNOG00000011211",0
"ENSRNOG00000067850",8
"ENSRNOG00000070305",0
"ENSRNOG00000064106",0
"ENSRNOG00000011612",0
"ENSRNOG00000047473",2
"ENSRNOG00000014674",259
"ENSRNOG00000015423",1539
"ENSRNOG00000020642",291
"ENSRNOG00000066838",76
"ENSRNOG00000049513",0
"ENSRNOG00000015816",228
"ENSRNOG00000051606",69
"ENSRNOG00000027894",751
"ENSRNOG00000020822",1678
"ENSRNOG00000015421",92
"ENSRNOG00000066453",0
"ENSRNOG00000015153",1736
"ENSRNOG00000063260",2
"ENSRNOG00000043095",461
"ENSRNOG00000025406",101
"ENSRNOG00000066460",0
"ENSRNOG00000064316",0
"ENSRNOG00000011057",527
"ENSRNOG00000028403",182
"ENSRNOG00000017986",26
"ENSRNOG00000043511",0
"ENSRNOG00000017272",348
"ENSRNOG00000011070",125
"ENSRNOG00000031576",32
"ENSRNOG00000012645",1460
"ENSRNOG00000065312",1390
"ENSRNOG00000057159",192
"ENSRNOG00000018054",23
"ENSRNOG00000067567",0
"ENSRNOG00000018679",0
"ENSRNOG00000010071",355
"ENSRNOG00000010889",36
"ENSRNOG00000059480",1342
"ENSRNOG00000010210",139
"ENSRNOG00000043414",0
"ENSRNOG00000069289",0
"ENSRNOG00000051623",184
"ENSRNOG00000069082",0
"ENSRNOG00000056746",2
"ENSRNOG00000009610",0
"ENSRNOG00000058694",512
"ENSRNOG00000065314",54
"ENSRNOG00000010105",9442
"ENSRNOG00000012427",82
"ENSRNOG00000023226",1374
"ENSRNOG00000068452",0
"ENSRNOG00000069471",0
"ENSRNOG00000012280",28
"ENSRNOG00000014178",273
"ENSRNOG00000019590",564
"ENSRNOG00000024594",54
"ENSRNOG00000048617",864
"ENSRNOG00000011400",0
"ENSRNOG00000009276",227
"ENSRNOG00000039588",2
"ENSRNOG00000063783",15
"ENSRNOG00000012312",0
"ENSRNOG00000012556",128
"ENSRNOG00000022234",348
"ENSRNOG00000069382",0
"ENSRNOG00000024845",285
"ENSRNOG00000011645",139
"ENSRNOG00000024028",0
"ENSRNOG00000012019",404
"ENSRNOG00000021155",460
"ENSRNOG00000064586",0
"ENSRNOG00000011402",457
"ENSRNOG00000038091",0
"ENSRNOG00000016070",0
"ENSRNOG00000027408",266
"ENSRNOG00000059463",2474
"ENSRNOG00000010534",666
"ENSRNOG00000009538",471
"ENSRNOG00000019184",814
"ENSRNOG00000016353",3
"ENSRNOG00000011913",121
"ENSRNOG00000061857",33
"ENSRNOG00000028345",0
"ENSRNOG00000020673",992
"ENSRNOG00000031406",206
"ENSRNOG00000010768",1094
"ENSRNOG00000012302",3
"ENSRNOG00000063747",11
"ENSRNOG00000010248",115
"ENSRNOG00000020836",0
"ENSRNOG00000064641",0
"ENSRNOG00000010349",13
"ENSRNOG00000065199",500
"ENSRNOG00000008463",1
"ENSRNOG00000008121",0
"ENSRNOG00000069707",10
"ENSRNOG00000064203",0
"ENSRNOG00000014617",3976
"ENSRNOG00000008980",81
"ENSRNOG00000007608",0
"ENSRNOG00000067771",9
"ENSRNOG00000009135",0
"ENSRNOG00000010628",1864
"ENSRNOG00000067999",262
"ENSRNOG00000009172",1
"ENSRNOG00000021695",0
"ENSRNOG00000014753",3620
"ENSRNOG00000011052",6889
"ENSRNOG00000022837",291
"ENSRNOG00000026055",2
"ENSRNOG00000061080",4181
"ENSRNOG00000052745",540
"ENSRNOG00000009258",483
"ENSRNOG00000056660",26
"ENSRNOG00000011145",0
"ENSRNOG00000063850",1
"ENSRNOG00000013520",2715
"ENSRNOG00000061046",822
"ENSRNOG00000011653",1820
"ENSRNOG00000039466",0
"ENSRNOG00000052444",189
"ENSRNOG00000025214",1
"ENSRNOG00000069815",12
"ENSRNOG00000009571",187
"ENSRNOG00000064940",0
"ENSRNOG00000065843",23
"ENSRNOG00000043114",135
"ENSRNOG00000071163",0
"ENSRNOG00000049057",581
"ENSRNOG00000007234",2248
"ENSRNOG00000067229",19
"ENSRNOG00000009176",940
"ENSRNOG00000069504",0
"ENSRNOG00000046734",0
"ENSRNOG00000067740",1
"ENSRNOG00000069797",97
"ENSRNOG00000006675",0
"ENSRNOG00000067894",0
"ENSRNOG00000070182",0
"ENSRNOG00000006030",1
"ENSRNOG00000013314",945
"ENSRNOG00000010153",2475
"ENSRNOG00000047571",0
"ENSRNOG00000010517",751
"ENSRNOG00000066577",0
"ENSRNOG00000047464",0
"ENSRNOG00000065201",0
"ENSRNOG00000071106",0
"ENSRNOG00000064534",1
"ENSRNOG00000064697",0
"ENSRNOG00000022182",817
"ENSRNOG00000002524",13
"ENSRNOG00000021817",87
"ENSRNOG00000026319",956
"ENSRNOG00000012165",0
"ENSRNOG00000009226",0
"ENSRNOG00000049829",0
"ENSRNOG00000062790",0
"ENSRNOG00000063497",0
"ENSRNOG00000063277",0
"ENSRNOG00000006802",0
"ENSRNOG00000068151",0
"ENSRNOG00000010930",1192
"ENSRNOG00000051748",0
"ENSRNOG00000012764",982
"ENSRNOG00000000017",78
"ENSRNOG00000011713",598
"ENSRNOG00000010205",20
"ENSRNOG00000009153",0
"ENSRNOG00000068982",0
"ENSRNOG00000013383",235
"ENSRNOG00000065661",0
"ENSRNOG00000061100",2615
"ENSRNOG00000011250",0
"ENSRNOG00000063679",675
"ENSRNOG00000012035",1581
"ENSRNOG00000055103",4
"ENSRNOG00000014751",0
"ENSRNOG00000012659",132
"ENSRNOG00000011667",1456
"ENSRNOG00000006486",0
"ENSRNOG00000066685",0
"ENSRNOG00000069229",0
"ENSRNOG00000006102",669
"ENSRNOG00000066243",0
"ENSRNOG00000067399",0
"ENSRNOG00000009894",571
"ENSRNOG00000070516",54
"ENSRNOG00000014347",1426
"ENSRNOG00000070550",0
"ENSRNOG00000010761",0
"ENSRNOG00000007212",0
"ENSRNOG00000007412",162
"ENSRNOG00000011791",126
"ENSRNOG00000021729",33
"ENSRNOG00000008017",976
"ENSRNOG00000026196",1
"ENSRNOG00000009411",64
"ENSRNOG00000068631",1
"ENSRNOG00000013668",698
"ENSRNOG00000071062",418
"ENSRNOG00000007937",839
"ENSRNOG00000031671",0
"ENSRNOG00000008380",0
"ENSRNOG00000006579",0
"ENSRNOG00000014713",428
"ENSRNOG00000010546",0
"ENSRNOG00000065257",0
"ENSRNOG00000006975",3058
"ENSRNOG00000013605",0
"ENSRNOG00000026176",1
"ENSRNOG00000005502",1204
"ENSRNOG00000010919",133
"ENSRNOG00000054176",524
"ENSRNOG00000058785",822
"ENSRNOG00000008020",0
"ENSRNOG00000010601",2934
"ENSRNOG00000007942",15
"ENSRNOG00000008720",1239
"ENSRNOG00000063353",0
"ENSRNOG00000008873",429
"ENSRNOG00000010952",423
"ENSRNOG00000005496",400
"ENSRNOG00000008585",1
"ENSRNOG00000006151",0
"ENSRNOG00000042570",0
"ENSRNOG00000039388",12
"ENSRNOG00000008613",1663
"ENSRNOG00000006365",60
"ENSRNOG00000066798",2259
"ENSRNOG00000006888",242
"ENSRNOG00000042126",114
"ENSRNOG00000007231",0
"ENSRNOG00000021614",4425
"ENSRNOG00000045831",0
"ENSRNOG00000006360",0
"ENSRNOG00000006968",227
"ENSRNOG00000005478",5889
"ENSRNOG00000021866",444
"ENSRNOG00000063971",0
"ENSRNOG00000025991",653
"ENSRNOG00000010435",255
"ENSRNOG00000005981",211
"ENSRNOG00000010453",1015
"ENSRNOG00000009711",0
"ENSRNOG00000070293",0
"ENSRNOG00000007486",327
"ENSRNOG00000015097",2021
"ENSRNOG00000051922",124
"ENSRNOG00000070012",0
"ENSRNOG00000011519",588
"ENSRNOG00000066936",0
"ENSRNOG00000068314",0
"ENSRNOG00000055188",0
"ENSRNOG00000066703",0
"ENSRNOG00000062900",0
"ENSRNOG00000010716",525
"ENSRNOG00000063291",0
"ENSRNOG00000069140",0
"ENSRNOG00000065666",39
"ENSRNOG00000068624",0
"ENSRNOG00000005853",0
"ENSRNOG00000065207",6
"ENSRNOG00000071146",32
"ENSRNOG00000011008",461
"ENSRNOG00000038449",303
"ENSRNOG00000007822",1472
"ENSRNOG00000011616",0
"ENSRNOG00000034084",73
"ENSRNOG00000007118",7
"ENSRNOG00000069681",74
"ENSRNOG00000068844",0
"ENSRNOG00000007636",0
"ENSRNOG00000037251",143
"ENSRNOG00000023657",179
"ENSRNOG00000005587",1004
"ENSRNOG00000011648",11314
"ENSRNOG00000066436",265
"ENSRNOG00000007874",539
"ENSRNOG00000006893",309
"ENSRNOG00000031486",0
"ENSRNOG00000046905",1402
"ENSRNOG00000070957",8
"ENSRNOG00000013809",688
"ENSRNOG00000007288",4
"ENSRNOG00000057158",0
"ENSRNOG00000010572",274
"ENSRNOG00000012227",736
"ENSRNOG00000063798",111
"ENSRNOG00000007356",1374
"ENSRNOG00000010053",2
"ENSRNOG00000010430",0
"ENSRNOG00000013135",1252
"ENSRNOG00000070481",201
"ENSRNOG00000012098",0
"ENSRNOG00000010513",0
"ENSRNOG00000009197",0
"ENSRNOG00000007814",858
"ENSRNOG00000011363",247
"ENSRNOG00000009565",75
"ENSRNOG00000012785",842
"ENSRNOG00000069335",0
"ENSRNOG00000013510",575
"ENSRNOG00000008168",6
"ENSRNOG00000013517",414
"ENSRNOG00000021855",11
"ENSRNOG00000065807",0
"ENSRNOG00000008869",51
"ENSRNOG00000010473",527
"ENSRNOG00000007041",2
"ENSRNOG00000007792",221
"ENSRNOG00000013431",386
"ENSRNOG00000050469",472
"ENSRNOG00000006858",1055
"ENSRNOG00000007806",4192
"ENSRNOG00000012972",5
"ENSRNOG00000068395",0
"ENSRNOG00000010420",264
"ENSRNOG00000065130",0
"ENSRNOG00000062993",0
"ENSRNOG00000011283",103
"ENSRNOG00000005694",3277
"ENSRNOG00000039383",19
"ENSRNOG00000010746",78
"ENSRNOG00000070667",0
"ENSRNOG00000008902",0
"ENSRNOG00000023969",8
"ENSRNOG00000051433",231
"ENSRNOG00000027376",966
"ENSRNOG00000038471",0
"ENSRNOG00000066853",0
"ENSRNOG00000006197",27562
"ENSRNOG00000062765",0
"ENSRNOG00000013261",272
"ENSRNOG00000009414",435
"ENSRNOG00000066882",0
"ENSRNOG00000069908",0
"ENSRNOG00000028801",43
"ENSRNOG00000069268",22
"ENSRNOG00000009863",3
"ENSRNOG00000068406",1
"ENSRNOG00000024986",0
"ENSRNOG00000013911",228
"ENSRNOG00000063021",804
"ENSRNOG00000007990",920
"ENSRNOG00000011292",169201
"ENSRNOG00000065235",0
"ENSRNOG00000008656",0
"ENSRNOG00000008157",0
"ENSRNOG00000063846",0
"ENSRNOG00000019986",325
"ENSRNOG00000061373",978
"ENSRNOG00000067395",0
"ENSRNOG00000008332",1877
"ENSRNOG00000069227",0
"ENSRNOG00000007947",408
"ENSRNOG00000006874",0
"ENSRNOG00000007955",11
"ENSRNOG00000063630",0
"ENSRNOG00000068262",0
"ENSRNOG00000006576",574
"ENSRNOG00000021441",0
"ENSRNOG00000047453",480
"ENSRNOG00000015581",2
"ENSRNOG00000007100",194
"ENSRNOG00000007924",194
"ENSRNOG00000062430",0
"ENSRNOG00000064707",0
"ENSRNOG00000005268",5
"ENSRNOG00000007546",4190
"ENSRNOG00000028896",0
"ENSRNOG00000070702",0
"ENSRNOG00000008939",0
"ENSRNOG00000070617",4
"ENSRNOG00000065391",73
"ENSRNOG00000057096",78
"ENSRNOG00000022448",486
"ENSRNOG00000008524",477
"ENSRNOG00000020032",841
"ENSRNOG00000011808",10
"ENSRNOG00000006116",171
"ENSRNOG00000043035",74
"ENSRNOG00000008309",64
"ENSRNOG00000070386",646
"ENSRNOG00000045797",0
"ENSRNOG00000012817",2394
"ENSRNOG00000007842",2809
"ENSRNOG00000021468",14
"ENSRNOG00000008062",32
"ENSRNOG00000030269",0
"ENSRNOG00000008628",46
"ENSRNOG00000008466",0
"ENSRNOG00000066158",0
"ENSRNOG00000048371",114
"ENSRNOG00000031173",6383
"ENSRNOG00000011617",514
"ENSRNOG00000070169",0
"ENSRNOG00000008098",27
"ENSRNOG00000011387",2677
"ENSRNOG00000068074",5
"ENSRNOG00000033618",0
"ENSRNOG00000037198",23
"ENSRNOG00000023679",511
"ENSRNOG00000015493",0
"ENSRNOG00000012932",3
"ENSRNOG00000011144",12
"ENSRNOG00000010345",10
"ENSRNOG00000030151",6
"ENSRNOG00000015076",7
"ENSRNOG00000011338",212
"ENSRNOG00000006132",1
"ENSRNOG00000007804",199
"ENSRNOG00000067962",2
"ENSRNOG00000012026",1377
"ENSRNOG00000049269",900
"ENSRNOG00000007900",0
"ENSRNOG00000010905",0
"ENSRNOG00000042731",0
"ENSRNOG00000067502",0
"ENSRNOG00000007437",263
"ENSRNOG00000012392",315
"ENSRNOG00000014501",1219
"ENSRNOG00000011153",1028
"ENSRNOG00000006391",953
"ENSRNOG00000025209",4269
"ENSRNOG00000012881",23
"ENSRNOG00000021758",2255
"ENSRNOG00000050231",6823
"ENSRNOG00000006526",2222
"ENSRNOG00000006717",111
"ENSRNOG00000006583",1
"ENSRNOG00000068221",0
"ENSRNOG00000066686",0
"ENSRNOG00000009700",52
"ENSRNOG00000015768",3
"ENSRNOG00000009742",323
"ENSRNOG00000012693",650
"ENSRNOG00000069727",0
"ENSRNOG00000009000",2262
"ENSRNOG00000066361",0
"ENSRNOG00000063451",0
"ENSRNOG00000064111",1
"ENSRNOG00000006631",115
"ENSRNOG00000007544",0
"ENSRNOG00000008752",398
"ENSRNOG00000070192",0
"ENSRNOG00000015411",0
"ENSRNOG00000010378",2
"ENSRNOG00000048205",6294
"ENSRNOG00000022950",0
"ENSRNOG00000005906",41
"ENSRNOG00000015331",0
"ENSRNOG00000065131",0
"ENSRNOG00000048088",2608
"ENSRNOG00000064705",0
"ENSRNOG00000009956",6770
"ENSRNOG00000008368",0
"ENSRNOG00000006206",2166
"ENSRNOG00000063398",0
"ENSRNOG00000007340",261
"ENSRNOG00000010833",745
"ENSRNOG00000067011",0
"ENSRNOG00000007224",664
"ENSRNOG00000007662",440
"ENSRNOG00000012337",93
"ENSRNOG00000008376",448
"ENSRNOG00000011014",1541
"ENSRNOG00000009957",129
"ENSRNOG00000022343",908
"ENSRNOG00000070521",0
"ENSRNOG00000059474",3037
"ENSRNOG00000005512",2503
"ENSRNOG00000028219",788
"ENSRNOG00000012394",595
"ENSRNOG00000013962",272
"ENSRNOG00000060689",110
"ENSRNOG00000014083",0
"ENSRNOG00000012439",340
"ENSRNOG00000006003",0
"ENSRNOG00000012876",0
"ENSRNOG00000008142",1019
"ENSRNOG00000010950",234
"ENSRNOG00000006093",0
"ENSRNOG00000011566",1
"ENSRNOG00000013573",36
"ENSRNOG00000014578",10
"ENSRNOG00000013712",1549
"ENSRNOG00000052140",463
"ENSRNOG00000005775",620
"ENSRNOG00000045539",2120
"ENSRNOG00000017066",1732
"ENSRNOG00000057729",56
"ENSRNOG00000021781",690
"ENSRNOG00000001808",792
"ENSRNOG00000064930",0
"ENSRNOG00000010467",0
"ENSRNOG00000069710",0
"ENSRNOG00000014562",2227
"ENSRNOG00000021402",134
"ENSRNOG00000001811",832
"ENSRNOG00000010725",1
"ENSRNOG00000062723",0
"ENSRNOG00000070875",5
"ENSRNOG00000005695",6204
"ENSRNOG00000013589",8363
"ENSRNOG00000017710",0
"ENSRNOG00000065827",1
"ENSRNOG00000066393",0
"ENSRNOG00000068450",33
"ENSRNOG00000010278",6
"ENSRNOG00000069963",1
"ENSRNOG00000068926",0
"ENSRNOG00000066762",0
"ENSRNOG00000023065",722
"ENSRNOG00000009096",6
"ENSRNOG00000069795",50
"ENSRNOG00000017399",292
"ENSRNOG00000067309",0
"ENSRNOG00000009022",78
"ENSRNOG00000062434",0
"ENSRNOG00000007281",5375
"ENSRNOG00000042507",1
"ENSRNOG00000062492",888
"ENSRNOG00000009112",1187
"ENSRNOG00000062405",0
"ENSRNOG00000047114",3
"ENSRNOG00000023363",0
"ENSRNOG00000062429",344
"ENSRNOG00000006476",0
"ENSRNOG00000023337",659
"ENSRNOG00000033695",1125
"ENSRNOG00000005615",394
"ENSRNOG00000009324",158
"ENSRNOG00000029574",9860
"ENSRNOG00000068666",1
"ENSRNOG00000018453",749
"ENSRNOG00000027655",0
"ENSRNOG00000065557",0
"ENSRNOG00000054428",0
"ENSRNOG00000008962",89
"ENSRNOG00000006857",0
"ENSRNOG00000007027",2
"ENSRNOG00000064781",10
"ENSRNOG00000067883",0
"ENSRNOG00000024709",0
"ENSRNOG00000031707",29
"ENSRNOG00000047566",23
"ENSRNOG00000066643",0
"ENSRNOG00000059347",172
"ENSRNOG00000064041",0
"ENSRNOG00000059615",1164
"ENSRNOG00000024685",0
"ENSRNOG00000067683",0
"ENSRNOG00000056052",0
"ENSRNOG00000058543",0
"ENSRNOG00000066785",0
"ENSRNOG00000067965",0
"ENSRNOG00000066267",2
"ENSRNOG00000070247",0
"ENSRNOG00000064825",0
"ENSRNOG00000010253",0
"ENSRNOG00000062896",0
"ENSRNOG00000039300",630
"ENSRNOG00000052702",50
"ENSRNOG00000033531",994
"ENSRNOG00000054508",1461
"ENSRNOG00000021799",0
"ENSRNOG00000005890",2477
"ENSRNOG00000069945",0
"ENSRNOG00000053203",896
"ENSRNOG00000064958",0
"ENSRNOG00000019719",4
"ENSRNOG00000032847",93
"ENSRNOG00000024636",4
"ENSRNOG00000027557",0
"ENSRNOG00000064052",0
"ENSRNOG00000027445",437
"ENSRNOG00000005376",285
"ENSRNOG00000042494",0
"ENSRNOG00000056836",19535
"ENSRNOG00000012195",1
"ENSRNOG00000007270",9
"ENSRNOG00000026225",0
"ENSRNOG00000010048",1586
"ENSRNOG00000030413",2
"ENSRNOG00000051905",0
"ENSRNOG00000032535",0
"ENSRNOG00000006782",1
"ENSRNOG00000034071",916
"ENSRNOG00000057290",741
"ENSRNOG00000066812",0
"ENSRNOG00000028135",0
"ENSRNOG00000047774",0
"ENSRNOG00000039626",1
"ENSRNOG00000066438",112
"ENSRNOG00000054505",0
"ENSRNOG00000061595",125
"ENSRNOG00000069828",0
"ENSRNOG00000052486",0
"ENSRNOG00000054514",868
"ENSRNOG00000008031",12
"ENSRNOG00000028130",0
"ENSRNOG00000064842",0
"ENSRNOG00000070946",305
"ENSRNOG00000017906",0
"ENSRNOG00000039863",0
"ENSRNOG00000005412",0
"ENSRNOG00000059350",0
"ENSRNOG00000066511",0
"ENSRNOG00000006646",866
"ENSRNOG00000007508",21
"ENSRNOG00000053213",2
"ENSRNOG00000013137",1
"ENSRNOG00000049982",259
"ENSRNOG00000026811",0
"ENSRNOG00000012495",7
"ENSRNOG00000051952",708
"ENSRNOG00000015719",0
"ENSRNOG00000017881",0
"ENSRNOG00000006779",1214
"ENSRNOG00000048169",1
"ENSRNOG00000063432",2
"ENSRNOG00000006810",729
"ENSRNOG00000009583",1
"ENSRNOG00000028538",0
"ENSRNOG00000070474",633
"ENSRNOG00000057713",1827
"ENSRNOG00000018159",4834
"ENSRNOG00000033274",48
"ENSRNOG00000007304",461
"ENSRNOG00000034168",129
"ENSRNOG00000008839",142
"ENSRNOG00000026919",25
"ENSRNOG00000005519",0
"ENSRNOG00000065301",2778
"ENSRNOG00000007808",3
"ENSRNOG00000026941",1131
"ENSRNOG00000063440",0
"ENSRNOG00000060808",0
"ENSRNOG00000033748",2678
"ENSRNOG00000067848",0
"ENSRNOG00000056243",821
"ENSRNOG00000067824",0
"ENSRNOG00000027055",0
"ENSRNOG00000057387",0
"ENSRNOG00000064582",0
"ENSRNOG00000047851",0
"ENSRNOG00000005818",29
"ENSRNOG00000061394",0
"ENSRNOG00000062606",0
"ENSRNOG00000046023",1063
"ENSRNOG00000070044",0
"ENSRNOG00000065350",0
"ENSRNOG00000012822",1
"ENSRNOG00000007740",0
"ENSRNOG00000066271",0
"ENSRNOG00000068648",0
"ENSRNOG00000031207",0
"ENSRNOG00000008594",0
"ENSRNOG00000067721",0
"ENSRNOG00000067416",0
"ENSRNOG00000031306",0
"ENSRNOG00000006383",0
"ENSRNOG00000005468",185
"ENSRNOG00000010057",0
"ENSRNOG00000042954",0
"ENSRNOG00000060343",0
"ENSRNOG00000050482",273
"ENSRNOG00000063340",0
"ENSRNOG00000048888",0
"ENSRNOG00000063098",1
"ENSRNOG00000005630",1982
"ENSRNOG00000023340",0
"ENSRNOG00000005781",11
"ENSRNOG00000065160",0
"ENSRNOG00000033938",0
"ENSRNOG00000063256",0
"ENSRNOG00000068988",0
"ENSRNOG00000053787",440
"ENSRNOG00000013211",661
"ENSRNOG00000069205",0
"ENSRNOG00000067934",0
"ENSRNOG00000062608",0
"ENSRNOG00000056207",2287
"ENSRNOG00000068649",0
"ENSRNOG00000062475",0
"ENSRNOG00000062633",534
"ENSRNOG00000062392",0
"ENSRNOG00000008775",8
"ENSRNOG00000061845",235
"ENSRNOG00000068381",0
"ENSRNOG00000068268",0
"ENSRNOG00000067685",0
"ENSRNOG00000064670",0
"ENSRNOG00000066470",0
"ENSRNOG00000013072",1703
"ENSRNOG00000064086",0
"ENSRNOG00000060349",700
"ENSRNOG00000070721",0
"ENSRNOG00000069559",0
"ENSRNOG00000068118",0
"ENSRNOG00000053662",0
"ENSRNOG00000066019",0
"ENSRNOG00000055481",0
"ENSRNOG00000063615",0
"ENSRNOG00000009211",1
"ENSRNOG00000070183",0
"ENSRNOG00000027433",487
"ENSRNOG00000063419",0
"ENSRNOG00000006726",259
"ENSRNOG00000042478",4
"ENSRNOG00000021840",2692
"ENSRNOG00000009734",28
"ENSRNOG00000015505",848
"ENSRNOG00000039494",4
"ENSRNOG00000008851",1680
"ENSRNOG00000063857",234
"ENSRNOG00000059016",824
"ENSRNOG00000010282",0
"ENSRNOG00000010045",0
"ENSRNOG00000064820",6
"ENSRNOG00000009875",6
"ENSRNOG00000010344",1
"ENSRNOG00000006527",0
"ENSRNOG00000069039",0
"ENSRNOG00000010573",0
"ENSRNOG00000010018",0
"ENSRNOG00000066609",0
"ENSRNOG00000053449",1
"ENSRNOG00000010133",611
"ENSRNOG00000011946",8
"ENSRNOG00000037206",81
"ENSRNOG00000070578",0
"ENSRNOG00000012826",11952
"ENSRNOG00000011857",3958
"ENSRNOG00000049780",1194
"ENSRNOG00000012297",1545
"ENSRNOG00000028092",82
"ENSRNOG00000014992",2782
"ENSRNOG00000010463",3
"ENSRNOG00000005726",5
"ENSRNOG00000010591",1610
"ENSRNOG00000015191",1573
"ENSRNOG00000011750",165
"ENSRNOG00000026965",153
"ENSRNOG00000009236",877
"ENSRNOG00000007202",2243
"ENSRNOG00000061684",724
"ENSRNOG00000024604",0
"ENSRNOG00000009513",3868
"ENSRNOG00000030870",0
"ENSRNOG00000059227",2
"ENSRNOG00000042139",0
"ENSRNOG00000053804",0
"ENSRNOG00000039862",585
"ENSRNOG00000026958",71
"ENSRNOG00000062541",1511
"ENSRNOG00000051816",115
"ENSRNOG00000010421",241
"ENSRNOG00000011905",703
"ENSRNOG00000007098",181
"ENSRNOG00000066556",1
"ENSRNOG00000008602",0
"ENSRNOG00000049203",403
"ENSRNOG00000011184",13
"ENSRNOG00000005908",362
"ENSRNOG00000011718",96
"ENSRNOG00000067026",0
"ENSRNOG00000065786",21
"ENSRNOG00000064282",12
"ENSRNOG00000064923",0
"ENSRNOG00000064556",0
"ENSRNOG00000042758",64
"ENSRNOG00000067104",0
"ENSRNOG00000063870",0
"ENSRNOG00000070261",18
"ENSRNOG00000011796",5061
"ENSRNOG00000064333",0
"ENSRNOG00000006076",731
"ENSRNOG00000068396",0
"ENSRNOG00000064991",86
"ENSRNOG00000070375",0
"ENSRNOG00000068722",0
"ENSRNOG00000010795",984
"ENSRNOG00000006114",100
"ENSRNOG00000068426",0
"ENSRNOG00000070496",1
"ENSRNOG00000011971",1340
"ENSRNOG00000066396",5
"ENSRNOG00000069222",34
"ENSRNOG00000013004",1
"ENSRNOG00000069929",2
"ENSRNOG00000069594",103
"ENSRNOG00000007151",2610
"ENSRNOG00000068238",23
"ENSRNOG00000065327",0
"ENSRNOG00000019264",5494
"ENSRNOG00000033673",35
"ENSRNOG00000024560",0
"ENSRNOG00000070388",50
"ENSRNOG00000010880",6
"ENSRNOG00000039860",9
"ENSRNOG00000070520",0
"ENSRNOG00000062959",5549
"ENSRNOG00000064238",249
"ENSRNOG00000066290",9
"ENSRNOG00000009163",206
"ENSRNOG00000067905",0
"ENSRNOG00000019368",103
"ENSRNOG00000069100",0
"ENSRNOG00000058506",5
"ENSRNOG00000063037",18
"ENSRNOG00000007899",78
"ENSRNOG00000064449",23
"ENSRNOG00000051419",0
"ENSRNOG00000071085",0
"ENSRNOG00000010852",1211
"ENSRNOG00000070814",0
"ENSRNOG00000067290",181
"ENSRNOG00000067539",0
"ENSRNOG00000070003",4
"ENSRNOG00000062607",0
"ENSRNOG00000066335",10
"ENSRNOG00000068001",5
"ENSRNOG00000065414",25
"ENSRNOG00000066998",0
"ENSRNOG00000067701",0
"ENSRNOG00000042804",4
"ENSRNOG00000064122",224
"ENSRNOG00000052718",0
"ENSRNOG00000071208",0
"ENSRNOG00000007090",1771
"ENSRNOG00000059964",43
"ENSRNOG00000064414",0
"ENSRNOG00000011606",218
"ENSRNOG00000065777",0
"ENSRNOG00000067312",1
"ENSRNOG00000007420",0
"ENSRNOG00000070828",622
"ENSRNOG00000070985",58
"ENSRNOG00000028826",379
"ENSRNOG00000005564",1158
"ENSRNOG00000063180",0
"ENSRNOG00000023285",436
"ENSRNOG00000064175",0
"ENSRNOG00000029083",10
"ENSRNOG00000062885",0
"ENSRNOG00000057997",0
"ENSRNOG00000046851",0
"ENSRNOG00000063886",0
"ENSRNOG00000033439",3
"ENSRNOG00000060897",0
"ENSRNOG00000019689",28
"ENSRNOG00000070338",0
"ENSRNOG00000064887",0
"ENSRNOG00000068196",0
"ENSRNOG00000021401",1
"ENSRNOG00000038215",0
"ENSRNOG00000068892",4
"ENSRNOG00000066825",0
"ENSRNOG00000068644",444
"ENSRNOG00000066814",0
"ENSRNOG00000059360",0
"ENSRNOG00000062819",0
"ENSRNOG00000064217",1
"ENSRNOG00000006001",2729
"ENSRNOG00000038024",17
"ENSRNOG00000056741",1
"ENSRNOG00000064456",0
"ENSRNOG00000055703",0
"ENSRNOG00000060859",0
"ENSRNOG00000070785",0
"ENSRNOG00000066985",0
"ENSRNOG00000021723",17
"ENSRNOG00000063459",0
"ENSRNOG00000066068",0
"ENSRNOG00000008012",36
"ENSRNOG00000065548",0
"ENSRNOG00000027063",0
"ENSRNOG00000056402",0
"ENSRNOG00000028747",1312
"ENSRNOG00000054678",0
"ENSRNOG00000063804",0
"ENSRNOG00000068090",0
"ENSRNOG00000069655",10
"ENSRNOG00000064761",0
"ENSRNOG00000058279",0
"ENSRNOG00000066305",1
"ENSRNOG00000052263",0
"ENSRNOG00000030902",5
"ENSRNOG00000060084",0
"ENSRNOG00000058512",0
"ENSRNOG00000032448",0
"ENSRNOG00000051445",0
"ENSRNOG00000013251",1111
"ENSRNOG00000067082",0
"ENSRNOG00000063565",0
"ENSRNOG00000051840",0
"ENSRNOG00000005664",0
"ENSRNOG00000052417",0
"ENSRNOG00000058403",0
"ENSRNOG00000005692",0
"ENSRNOG00000054341",0
"ENSRNOG00000067641",0
"ENSRNOG00000067588",0
"ENSRNOG00000051717",0
"ENSRNOG00000061234",0
"ENSRNOG00000021366",0
"ENSRNOG00000070798",0
"ENSRNOG00000027722",556
"ENSRNOG00000066041",0
"ENSRNOG00000067918",0
"ENSRNOG00000054741",0
"ENSRNOG00000031185",0
"ENSRNOG00000058628",0
"ENSRNOG00000065349",0
"ENSRNOG00000013378",3
"ENSRNOG00000062417",0
"ENSRNOG00000021445",0
"ENSRNOG00000064566",0
"ENSRNOG00000062325",1551
"ENSRNOG00000021430",0
"ENSRNOG00000065660",0
"ENSRNOG00000064270",0
"ENSRNOG00000069224",0
"ENSRNOG00000030993",0
"ENSRNOG00000066792",0
"ENSRNOG00000052849",0
"ENSRNOG00000005732",0
"ENSRNOG00000009280",426
"ENSRNOG00000068562",0
"ENSRNOG00000029561",0
"ENSRNOG00000065008",0
"ENSRNOG00000066533",0
"ENSRNOG00000032724",0
"ENSRNOG00000061702",0
"ENSRNOG00000037036",0
"ENSRNOG00000062515",0
"ENSRNOG00000053912",0
"ENSRNOG00000031107",0
"ENSRNOG00000056608",0
"ENSRNOG00000066042",725
"ENSRNOG00000060430",1
"ENSRNOG00000070504",0
"ENSRNOG00000061624",0
"ENSRNOG00000055593",0
"ENSRNOG00000021397",0
"ENSRNOG00000056499",0
"ENSRNOG00000061081",1
"ENSRNOG00000030752",0
"ENSRNOG00000069842",0
"ENSRNOG00000055945",0
"ENSRNOG00000062370",0
"ENSRNOG00000061103",0
"ENSRNOG00000067648",9
"ENSRNOG00000061241",0
"ENSRNOG00000066655",12
"ENSRNOG00000067096",0
"ENSRNOG00000027617",966
"ENSRNOG00000008667",0
"ENSRNOG00000055249",0
"ENSRNOG00000005645",0
"ENSRNOG00000051914",0
"ENSRNOG00000063909",0
"ENSRNOG00000005646",0
"ENSRNOG00000060570",0
"ENSRNOG00000060457",1
"ENSRNOG00000001840",4
"ENSRNOG00000067392",0
"ENSRNOG00000053310",0
"ENSRNOG00000036910",48
"ENSRNOG00000064943",0
"ENSRNOG00000058680",0
"ENSRNOG00000033855",477
"ENSRNOG00000005618",162
"ENSRNOG00000059847",0
"ENSRNOG00000064845",0
"ENSRNOG00000068370",0
"ENSRNOG00000066190",0
"ENSRNOG00000062577",2
"ENSRNOG00000067251",0
"ENSRNOG00000063157",95
"ENSRNOG00000070825",0
"ENSRNOG00000011108",2
"ENSRNOG00000063158",0
"ENSRNOG00000068385",4
"ENSRNOG00000063686",0
"ENSRNOG00000071024",0
"ENSRNOG00000062583",1
"ENSRNOG00000069971",0
"ENSRNOG00000007034",745
"ENSRNOG00000067590",0
"ENSRNOG00000067819",0
"ENSRNOG00000052033",0
"ENSRNOG00000055888",0
"ENSRNOG00000054530",1
"ENSRNOG00000068356",145
"ENSRNOG00000055602",0
"ENSRNOG00000005867",0
"ENSRNOG00000059486",1
"ENSRNOG00000064443",2
"ENSRNOG00000060660",0
"ENSRNOG00000057550",106
"ENSRNOG00000057093",0
"ENSRNOG00000052747",0
"ENSRNOG00000069143",14
"ENSRNOG00000064124",0
"ENSRNOG00000065147",868
"ENSRNOG00000008725",1338
"ENSRNOG00000064288",82
"ENSRNOG00000059320",0
"ENSRNOG00000069248",0
"ENSRNOG00000054987",0
"ENSRNOG00000067342",5
"ENSRNOG00000055890",0
"ENSRNOG00000070439",0
"ENSRNOG00000058704",0
"ENSRNOG00000056432",0
"ENSRNOG00000053476",0
"ENSRNOG00000053251",0
"ENSRNOG00000060415",0
"ENSRNOG00000066704",0
"ENSRNOG00000059547",0
"ENSRNOG00000069672",2
"ENSRNOG00000058905",0
"ENSRNOG00000067985",0
"ENSRNOG00000061585",0
"ENSRNOG00000063230",3
"ENSRNOG00000060592",0
"ENSRNOG00000053414",29
"ENSRNOG00000056544",0
"ENSRNOG00000052942",0
"ENSRNOG00000065999",0
"ENSRNOG00000060772",0
"ENSRNOG00000065270",0
"ENSRNOG00000058095",0
"ENSRNOG00000067947",479
"ENSRNOG00000057170",0
"ENSRNOG00000010233",9569
"ENSRNOG00000068167",37
"ENSRNOG00000069790",0
"ENSRNOG00000069103",1
"ENSRNOG00000059639",0
"ENSRNOG00000067095",34
"ENSRNOG00000056090",0
"ENSRNOG00000063013",0
"ENSRNOG00000066064",0
"ENSRNOG00000068828",15
"ENSRNOG00000057002",0
"ENSRNOG00000067428",0
"ENSRNOG00000053177",0
"ENSRNOG00000066929",71
"ENSRNOG00000059471",0
"ENSRNOG00000062437",0
"ENSRNOG00000059511",0
"ENSRNOG00000009264",774
"ENSRNOG00000061010",0
"ENSRNOG00000067713",1
"ENSRNOG00000054659",0
"ENSRNOG00000056565",0
"ENSRNOG00000061330",0
"ENSRNOG00000070695",69
"ENSRNOG00000065973",0
"ENSRNOG00000069010",0
"ENSRNOG00000053390",1
"ENSRNOG00000068188",0
"ENSRNOG00000010397",88
"ENSRNOG00000060424",0
"ENSRNOG00000059966",0
"ENSRNOG00000057018",0
"ENSRNOG00000055555",0
"ENSRNOG00000065433",0
"ENSRNOG00000056505",0
"ENSRNOG00000071211",0
"ENSRNOG00000065415",0
"ENSRNOG00000054884",2
"ENSRNOG00000058065",0
"ENSRNOG00000051749",0
"ENSRNOG00000054499",0
"ENSRNOG00000064686",0
"ENSRNOG00000052715",0
"ENSRNOG00000053685",0
"ENSRNOG00000069597",0
"ENSRNOG00000052674",0
"ENSRNOG00000059787",10
"ENSRNOG00000068282",3
"ENSRNOG00000026705",3
"ENSRNOG00000068295",0
"ENSRNOG00000067372",0
"ENSRNOG00000070879",0
"ENSRNOG00000066121",0
"ENSRNOG00000019556",887
"ENSRNOG00000057606",0
"ENSRNOG00000051718",0
"ENSRNOG00000070120",0
"ENSRNOG00000069583",0
"ENSRNOG00000062571",0
"ENSRNOG00000069513",0
"ENSRNOG00000052131",0
"ENSRNOG00000012269",2978
"ENSRNOG00000051990",0
"ENSRNOG00000063849",0
"ENSRNOG00000057063",0
"ENSRNOG00000066909",0
"ENSRNOG00000012828",636
"ENSRNOG00000062380",0
"ENSRNOG00000059631",0
"ENSRNOG00000062539",0
"ENSRNOG00000057486",0
"ENSRNOG00000059571",0
"ENSRNOG00000068359",0
"ENSRNOG00000012999",1766
"ENSRNOG00000054211",0
"ENSRNOG00000061617",0
"ENSRNOG00000007918",3
"ENSRNOG00000008196",392
"ENSRNOG00000052445",187
"ENSRNOG00000011854",189
"ENSRNOG00000026446",12
"ENSRNOG00000012100",117
"ENSRNOG00000014294",14
"ENSRNOG00000013948",2625
"ENSRNOG00000067443",0
"ENSRNOG00000046972",0
"ENSRNOG00000014312",0
"ENSRNOG00000066406",0
"ENSRNOG00000070812",0
"ENSRNOG00000070244",0
"ENSRNOG00000010154",650
"ENSRNOG00000068055",0
"ENSRNOG00000067233",0
"ENSRNOG00000063329",0
"ENSRNOG00000010267",482
"ENSRNOG00000065675",0
"ENSRNOG00000066904",0
"ENSRNOG00000048468",0
"ENSRNOG00000066072",0
"ENSRNOG00000066955",0
"ENSRNOG00000065237",0
"ENSRNOG00000013428",0
"ENSRNOG00000064085",0
"ENSRNOG00000065629",0
"ENSRNOG00000023561",16
"ENSRNOG00000066082",0
"ENSRNOG00000067079",0
"ENSRNOG00000013729",461
"ENSRNOG00000070134",0
"ENSRNOG00000071026",0
"ENSRNOG00000010702",2574
"ENSRNOG00000015455",249
"ENSRNOG00000012916",0
"ENSRNOG00000012201",0
"ENSRNOG00000046959",0
"ENSRNOG00000060594",11034
"ENSRNOG00000006784",92
"ENSRNOG00000026528",163
"ENSRNOG00000029644",4
"ENSRNOG00000009347",0
"ENSRNOG00000059589",308
"ENSRNOG00000061420",85
"ENSRNOG00000026748",649
"ENSRNOG00000031408",2
"ENSRNOG00000005691",82
"ENSRNOG00000017708",8364
"ENSRNOG00000006814",16
"ENSRNOG00000015877",0
"ENSRNOG00000013203",0
"ENSRNOG00000069261",0
"ENSRNOG00000013141",1003
"ENSRNOG00000016182",133
"ENSRNOG00000065167",0
"ENSRNOG00000006718",1751
"ENSRNOG00000067295",0
"ENSRNOG00000043164",0
"ENSRNOG00000064192",0
"ENSRNOG00000056962",89
"ENSRNOG00000006846",0
"ENSRNOG00000013382",0
"ENSRNOG00000017720",417
"ENSRNOG00000008518",5
"ENSRNOG00000026309",46
"ENSRNOG00000065135",308
"ENSRNOG00000010957",539
"ENSRNOG00000014918",0
"ENSRNOG00000010353",408
"ENSRNOG00000017838",348
"ENSRNOG00000027592",248
"ENSRNOG00000059878",130
"ENSRNOG00000009316",1
"ENSRNOG00000067591",0
"ENSRNOG00000009256",6
"ENSRNOG00000036959",2
"ENSRNOG00000048969",370
"ENSRNOG00000055036",334
"ENSRNOG00000062962",6
"ENSRNOG00000067281",0
"ENSRNOG00000009030",5
"ENSRNOG00000015478",20
"ENSRNOG00000047635",0
"ENSRNOG00000006859",1651
"ENSRNOG00000007249",3506
"ENSRNOG00000008678",11173
"ENSRNOG00000065521",7
"ENSRNOG00000067769",0
"ENSRNOG00000028311",0
"ENSRNOG00000063691",1
"ENSRNOG00000005787",0
"ENSRNOG00000070606",32
"ENSRNOG00000009787",4
"ENSRNOG00000011156",2
"ENSRNOG00000007493",222
"ENSRNOG00000068200",2
"ENSRNOG00000005809",40
"ENSRNOG00000010015",3
"ENSRNOG00000026306",0
"ENSRNOG00000037768",118
"ENSRNOG00000068192",0
"ENSRNOG00000031855",36
"ENSRNOG00000042164",0
"ENSRNOG00000066330",0
"ENSRNOG00000010021",336
"ENSRNOG00000007047",333
"ENSRNOG00000051942",0
"ENSRNOG00000063726",0
"ENSRNOG00000006120",0
"ENSRNOG00000008838",2
"ENSRNOG00000070336",0
"ENSRNOG00000030012",0
"ENSRNOG00000007066",0
"ENSRNOG00000059890",2
"ENSRNOG00000042112",0
"ENSRNOG00000018410",481
"ENSRNOG00000008929",270
"ENSRNOG00000063605",0
"ENSRNOG00000037076",4
"ENSRNOG00000065417",0
"ENSRNOG00000007830",165
"ENSRNOG00000018507",2367
"ENSRNOG00000019219",277
"ENSRNOG00000050493",0
"ENSRNOG00000047450",0
"ENSRNOG00000030547",0
"ENSRNOG00000065908",0
"ENSRNOG00000013222",2
"ENSRNOG00000013944",426
"ENSRNOG00000069744",27
"ENSRNOG00000037863",0
"ENSRNOG00000030538",0
"ENSRNOG00000064731",0
"ENSRNOG00000048726",179
"ENSRNOG00000011509",407
"ENSRNOG00000015589",607
"ENSRNOG00000013816",452
"ENSRNOG00000027466",4
"ENSRNOG00000064685",0
"ENSRNOG00000008766",2
"ENSRNOG00000068912",0
"ENSRNOG00000069899",170
"ENSRNOG00000013132",0
"ENSRNOG00000070827",5
"ENSRNOG00000029401",36
"ENSRNOG00000000024",644
"ENSRNOG00000028989",0
"ENSRNOG00000007866",5
"ENSRNOG00000050578",1721
"ENSRNOG00000010449",0
"ENSRNOG00000012954",540
"ENSRNOG00000030522",2
"ENSRNOG00000040301",4
"ENSRNOG00000062621",0
"ENSRNOG00000050483",98
"ENSRNOG00000034228",1
"ENSRNOG00000054360",0
"ENSRNOG00000009085",265
"ENSRNOG00000015903",0
"ENSRNOG00000026177",0
"ENSRNOG00000051620",2224
"ENSRNOG00000008439",0
"ENSRNOG00000015630",1566
"ENSRNOG00000012472",155
"ENSRNOG00000007131",1147
"ENSRNOG00000012602",720
"ENSRNOG00000010474",9093
"ENSRNOG00000008117",573
"ENSRNOG00000058386",1960
"ENSRNOG00000007310",0
"ENSRNOG00000053553",3
"ENSRNOG00000034088",0
"ENSRNOG00000011092",0
"ENSRNOG00000036960",8765
"ENSRNOG00000046345",11514
"ENSRNOG00000013369",0
"ENSRNOG00000045819",362
"ENSRNOG00000024885",0
"ENSRNOG00000070887",0
"ENSRNOG00000053178",0
"ENSRNOG00000025735",1
"ENSRNOG00000037871",59
"ENSRNOG00000005505",1705
"ENSRNOG00000013245",0
"ENSRNOG00000025618",0
"ENSRNOG00000061739",0
"ENSRNOG00000015682",0
"ENSRNOG00000056009",960
"ENSRNOG00000009282",931
"ENSRNOG00000008514",0
"ENSRNOG00000071214",0
"ENSRNOG00000069072",0
"ENSRNOG00000028235",42
"ENSRNOG00000065053",0
"ENSRNOG00000016484",713
"ENSRNOG00000024508",0
"ENSRNOG00000063539",0
"ENSRNOG00000047067",17228
"ENSRNOG00000015799",20
"ENSRNOG00000027979",3
"ENSRNOG00000066165",0
"ENSRNOG00000066886",12
"ENSRNOG00000008557",401
"ENSRNOG00000001807",1078
"ENSRNOG00000050645",544
"ENSRNOG00000005608",179
"ENSRNOG00000009740",13
"ENSRNOG00000057924",0
"ENSRNOG00000070501",0
"ENSRNOG00000010609",695
"ENSRNOG00000015394",0
"ENSRNOG00000055966",7
"ENSRNOG00000007134",2600
"ENSRNOG00000070849",0
"ENSRNOG00000017149",87
"ENSRNOG00000065813",0
"ENSRNOG00000009872",584
"ENSRNOG00000057142",0
"ENSRNOG00000012247",5694
"ENSRNOG00000007717",0
"ENSRNOG00000061864",0
"ENSRNOG00000070547",0
"ENSRNOG00000067628",3
"ENSRNOG00000068392",0
"ENSRNOG00000063154",0
"ENSRNOG00000031312",6417
"ENSRNOG00000069338",0
"ENSRNOG00000014367",1
"ENSRNOG00000069243",1
"ENSRNOG00000014018",2
"ENSRNOG00000060843",0
"ENSRNOG00000070958",0
"ENSRNOG00000033815",0
"ENSRNOG00000067272",0
"ENSRNOG00000026675",0
"ENSRNOG00000065801",0
"ENSRNOG00000014714",0
"ENSRNOG00000066559",0
"ENSRNOG00000064073",0
"ENSRNOG00000066164",0
"ENSRNOG00000063026",0
"ENSRNOG00000017911",567
"ENSRNOG00000021313",0
"ENSRNOG00000065086",0
"ENSRNOG00000059810",140
"ENSRNOG00000063570",0
"ENSRNOG00000019528",112
"ENSRNOG00000070063",0
"ENSRNOG00000062929",0
"ENSRNOG00000053111",0
"ENSRNOG00000060151",0
"ENSRNOG00000023449",0
"ENSRNOG00000038872",3
"ENSRNOG00000052408",0
"ENSRNOG00000067498",0
"ENSRNOG00000033202",0
"ENSRNOG00000067024",0
"ENSRNOG00000001854",408
"ENSRNOG00000054316",0
"ENSRNOG00000069474",0
"ENSRNOG00000070687",0
"ENSRNOG00000063206",0
"ENSRNOG00000053700",0
"ENSRNOG00000066894",103
"ENSRNOG00000051714",0
"ENSRNOG00000010077",2194
"ENSRNOG00000025848",1
"ENSRNOG00000063666",0
"ENSRNOG00000016316",775
"ENSRNOG00000069028",0
"ENSRNOG00000062514",0
"ENSRNOG00000013000",1179
"ENSRNOG00000065462",0
"ENSRNOG00000060795",0
"ENSRNOG00000016076",0
"ENSRNOG00000052803",0
"ENSRNOG00000060744",1
"ENSRNOG00000058757",0
"ENSRNOG00000025541",0
"ENSRNOG00000055065",0
"ENSRNOG00000059753",0
"ENSRNOG00000053438",8
"ENSRNOG00000013547",0
"ENSRNOG00000070231",0
"ENSRNOG00000053237",0
"ENSRNOG00000070909",0
"ENSRNOG00000009348",14
"ENSRNOG00000031041",1
"ENSRNOG00000067876",0
"ENSRNOG00000052240",0
"ENSRNOG00000057643",0
"ENSRNOG00000053149",0
"ENSRNOG00000059101",0
"ENSRNOG00000067627",0
"ENSRNOG00000071005",0
"ENSRNOG00000055675",0
"ENSRNOG00000010466",1428
"ENSRNOG00000069215",0
"ENSRNOG00000010005",914
"ENSRNOG00000060012",0
"ENSRNOG00000055353",0
"ENSRNOG00000018317",3160
"ENSRNOG00000019716",16
"ENSRNOG00000060246",0
"ENSRNOG00000066801",0
"ENSRNOG00000015514",8744
"ENSRNOG00000065485",0
"ENSRNOG00000025519",0
"ENSRNOG00000060861",0
"ENSRNOG00000053698",0
"ENSRNOG00000068417",0
"ENSRNOG00000020169",0
"ENSRNOG00000058052",0
"ENSRNOG00000065711",0
"ENSRNOG00000059990",0
"ENSRNOG00000058775",0
"ENSRNOG00000052655",0
"ENSRNOG00000026981",575
"ENSRNOG00000064632",0
"ENSRNOG00000007707",707
"ENSRNOG00000061810",0
"ENSRNOG00000054975",0
"ENSRNOG00000025720",2
"ENSRNOG00000063999",0
"ENSRNOG00000052213",0
"ENSRNOG00000052563",0
"ENSRNOG00000006711",224
"ENSRNOG00000062852",1
"ENSRNOG00000057743",0
"ENSRNOG00000060559",2
"ENSRNOG00000064339",2
"ENSRNOG00000070876",0
"ENSRNOG00000059598",0
"ENSRNOG00000016665",624
"ENSRNOG00000054983",0
"ENSRNOG00000067154",0
"ENSRNOG00000064635",0
"ENSRNOG00000067689",0
"ENSRNOG00000053772",0
"ENSRNOG00000026874",87
"ENSRNOG00000057090",2
"ENSRNOG00000057183",0
"ENSRNOG00000006617",6
"ENSRNOG00000010239",4917
"ENSRNOG00000068043",0
"ENSRNOG00000067403",0
"ENSRNOG00000006231",0
"ENSRNOG00000066911",0
"ENSRNOG00000009556",0
"ENSRNOG00000064606",0
"ENSRNOG00000006228",5619
"ENSRNOG00000007811",0
"ENSRNOG00000063335",0
"ENSRNOG00000035451",0
"ENSRNOG00000068663",0
"ENSRNOG00000016917",8
"ENSRNOG00000058714",0
"ENSRNOG00000063469",0
"ENSRNOG00000068719",1
"ENSRNOG00000067584",0
"ENSRNOG00000040346",0
"ENSRNOG00000053661",0
"ENSRNOG00000062877",0
"ENSRNOG00000036462",0
"ENSRNOG00000005506",927
"ENSRNOG00000035458",0
"ENSRNOG00000036272",0
"ENSRNOG00000064957",0
"ENSRNOG00000017808",883
"ENSRNOG00000018309",6878
"ENSRNOG00000068116",0
"ENSRNOG00000035577",0
"ENSRNOG00000019158",0
"ENSRNOG00000035587",0
"ENSRNOG00000036271",0
"ENSRNOG00000061895",0
"ENSRNOG00000005947",0
"ENSRNOG00000035598",0
"ENSRNOG00000046475",0
"ENSRNOG00000043059",379
"ENSRNOG00000069174",42
"ENSRNOG00000035624",0
"ENSRNOG00000041321",0
"ENSRNOG00000060241",0
"ENSRNOG00000035463",2
"ENSRNOG00000048961",688
"ENSRNOG00000036461",0
"ENSRNOG00000010485",0
"ENSRNOG00000066572",2
"ENSRNOG00000063462",0
"ENSRNOG00000015762",106
"ENSRNOG00000014856",2675
"ENSRNOG00000068364",2076
"ENSRNOG00000047309",0
"ENSRNOG00000051661",0
"ENSRNOG00000016255",309
"ENSRNOG00000007405",445
"ENSRNOG00000056783",0
"ENSRNOG00000013463",587
"ENSRNOG00000037782",0
"ENSRNOG00000066193",735
"ENSRNOG00000036913",871
"ENSRNOG00000008733",515
"ENSRNOG00000008218",755
"ENSRNOG00000053337",0
"ENSRNOG00000025934",0
"ENSRNOG00000005390",11
"ENSRNOG00000001847",709
"ENSRNOG00000051600",0
"ENSRNOG00000025818",755
"ENSRNOG00000056041",1051
"ENSRNOG00000005310",2448
"ENSRNOG00000017959",66
"ENSRNOG00000051447",0
"ENSRNOG00000049645",0
"ENSRNOG00000047319",299
"ENSRNOG00000065051",0
"ENSRNOG00000065970",0
"ENSRNOG00000063089",2
"ENSRNOG00000066943",0
"ENSRNOG00000064643",0
"ENSRNOG00000016707",19
"ENSRNOG00000001820",305
"ENSRNOG00000062693",0
"ENSRNOG00000012831",80
"ENSRNOG00000067827",0
"ENSRNOG00000025042",1034
"ENSRNOG00000052467",0
"ENSRNOG00000069267",3
"ENSRNOG00000012952",298
"ENSRNOG00000053656",0
"ENSRNOG00000046899",0
"ENSRNOG00000063902",0
"ENSRNOG00000058136",0
"ENSRNOG00000006048",215
"ENSRNOG00000069959",403
"ENSRNOG00000006338",2647
"ENSRNOG00000008747",954
"ENSRNOG00000017003",4655
"ENSRNOG00000055196",0
"ENSRNOG00000033639",593
"ENSRNOG00000060248",71
"ENSRNOG00000057254",0
"ENSRNOG00000051489",0
"ENSRNOG00000043404",0
"ENSRNOG00000017354",7487
"ENSRNOG00000005858",0
"ENSRNOG00000070498",0
"ENSRNOG00000052128",1
"ENSRNOG00000013195",373
"ENSRNOG00000005480",5537
"ENSRNOG00000017525",31
"ENSRNOG00000026883",1
"ENSRNOG00000070076",1
"ENSRNOG00000001844",495
"ENSRNOG00000070281",0
"ENSRNOG00000009019",6605
"ENSRNOG00000006709",3
"ENSRNOG00000007247",0
"ENSRNOG00000047493",0
"ENSRNOG00000013743",7794
"ENSRNOG00000066539",3
"ENSRNOG00000009447",55
"ENSRNOG00000018533",678
"ENSRNOG00000018630",5373
"ENSRNOG00000007064",524
"ENSRNOG00000066889",0
"ENSRNOG00000066287",0
"ENSRNOG00000060350",5268
"ENSRNOG00000008676",6729
"ENSRNOG00000036984",0
"ENSRNOG00000066172",0
"ENSRNOG00000064375",0
"ENSRNOG00000029922",326
"ENSRNOG00000067300",268
"ENSRNOG00000064824",11
"ENSRNOG00000032443",0
"ENSRNOG00000055300",1788
"ENSRNOG00000032432",0
"ENSRNOG00000061868",10
"ENSRNOG00000010388",0
"ENSRNOG00000030004",0
"ENSRNOG00000019165",608
"ENSRNOG00000010898",0
"ENSRNOG00000057554",0
"ENSRNOG00000007126",200
"ENSRNOG00000030894",0
"ENSRNOG00000031140",0
"ENSRNOG00000054860",0
"ENSRNOG00000011824",2
"ENSRNOG00000006925",89
"ENSRNOG00000058457",582
"ENSRNOG00000015910",0
"ENSRNOG00000025930",0
"ENSRNOG00000053638",0
"ENSRNOG00000010452",590
"ENSRNOG00000012417",0
"ENSRNOG00000057335",0
"ENSRNOG00000010594",38
"ENSRNOG00000008575",0
"ENSRNOG00000051690",0
"ENSRNOG00000008714",0
"ENSRNOG00000062297",0
"ENSRNOG00000062862",0
"ENSRNOG00000060460",0
"ENSRNOG00000006703",364
"ENSRNOG00000014382",446
"ENSRNOG00000054251",2
"ENSRNOG00000069416",0
"ENSRNOG00000008362",114
"ENSRNOG00000059538",952
"ENSRNOG00000022060",767
"ENSRNOG00000065574",0
"ENSRNOG00000008239",187
"ENSRNOG00000043158",0
"ENSRNOG00000063869",0
"ENSRNOG00000023612",0
"ENSRNOG00000001817",1272
"ENSRNOG00000052024",0
"ENSRNOG00000066615",1
"ENSRNOG00000008816",6636
"ENSRNOG00000015125",98
"ENSRNOG00000032788",3218
"ENSRNOG00000005984",728
"ENSRNOG00000009035",1202
"ENSRNOG00000031709",7020
"ENSRNOG00000015290",2418
"ENSRNOG00000009052",1087
"ENSRNOG00000008234",231
"ENSRNOG00000066387",0
"ENSRNOG00000029308",0
"ENSRNOG00000024705",27
"ENSRNOG00000015409",1361
"ENSRNOG00000015529",1734
"ENSRNOG00000026864",13
"ENSRNOG00000001842",560
"ENSRNOG00000015541",20
"ENSRNOG00000010011",933
"ENSRNOG00000027630",75
"ENSRNOG00000045821",264
"ENSRNOG00000021334",8
"ENSRNOG00000060098",9242
"ENSRNOG00000052174",495
"ENSRNOG00000060308",2
"ENSRNOG00000016589",4282
"ENSRNOG00000006824",0
"ENSRNOG00000063524",370
"ENSRNOG00000062587",0
"ENSRNOG00000055950",0
"ENSRNOG00000068610",0
"ENSRNOG00000055056",0
"ENSRNOG00000016778",2121
"ENSRNOG00000070412",0
"ENSRNOG00000010806",0
"ENSRNOG00000001830",182
"ENSRNOG00000051739",0
"ENSRNOG00000024533",1123
"ENSRNOG00000009322",157
"ENSRNOG00000005968",1203
"ENSRNOG00000017052",15
"ENSRNOG00000046449",0
"ENSRNOG00000010213",1
"ENSRNOG00000069406",39
"ENSRNOG00000008465",0
"ENSRNOG00000068148",16
"ENSRNOG00000007743",1
"ENSRNOG00000006174",0
"ENSRNOG00000023708",0
"ENSRNOG00000028632",23
"ENSRNOG00000001828",141
"ENSRNOG00000064314",0
"ENSRNOG00000021579",225
"ENSRNOG00000059182",0
"ENSRNOG00000016273",260
"ENSRNOG00000016507",42
"ENSRNOG00000008870",1895
"ENSRNOG00000008412",379
"ENSRNOG00000068847",0
"ENSRNOG00000005383",0
"ENSRNOG00000070810",0
"ENSRNOG00000068724",0
"ENSRNOG00000009970",21
"ENSRNOG00000016704",3793
"ENSRNOG00000068441",0
"ENSRNOG00000070768",0
"ENSRNOG00000066203",0
"ENSRNOG00000070369",0
"ENSRNOG00000032967",2
"ENSRNOG00000050564",32
"ENSRNOG00000007838",1196
"ENSRNOG00000059870",89
"ENSRNOG00000036918",224
"ENSRNOG00000029321",0
"ENSRNOG00000008130",0
"ENSRNOG00000068499",0
"ENSRNOG00000036917",337
"ENSRNOG00000012228",1264
"ENSRNOG00000063414",0
"ENSRNOG00000028526",1247
"ENSRNOG00000016813",846
"ENSRNOG00000067025",0
"ENSRNOG00000064322",47
"ENSRNOG00000064061",0
"ENSRNOG00000030158",0
"ENSRNOG00000063572",0
"ENSRNOG00000009726",0
"ENSRNOG00000011944",1359
"ENSRNOG00000006505",840
"ENSRNOG00000069193",0
"ENSRNOG00000070189",0
"ENSRNOG00000006628",336
"ENSRNOG00000017380",666
"ENSRNOG00000068824",0
"ENSRNOG00000049378",903
"ENSRNOG00000009156",780
"ENSRNOG00000063550",0
"ENSRNOG00000070159",0
"ENSRNOG00000009031",0
"ENSRNOG00000064847",2
"ENSRNOG00000065855",0
"ENSRNOG00000010090",169
"ENSRNOG00000063876",0
"ENSRNOG00000066922",0
"ENSRNOG00000008933",1
"ENSRNOG00000069491",0
"ENSRNOG00000057410",0
"ENSRNOG00000008622",244
"ENSRNOG00000063193",0
"ENSRNOG00000024647",1352
"ENSRNOG00000063365",0
"ENSRNOG00000014508",1504
"ENSRNOG00000036911",293
"ENSRNOG00000068688",0
"ENSRNOG00000005767",3777
"ENSRNOG00000069766",0
"ENSRNOG00000070208",0
"ENSRNOG00000024569",0
"ENSRNOG00000061757",0
"ENSRNOG00000063422",0
"ENSRNOG00000022155",41
"ENSRNOG00000010536",989
"ENSRNOG00000028517",554
"ENSRNOG00000071104",0
"ENSRNOG00000008369",0
"ENSRNOG00000065905",0
"ENSRNOG00000027869",128
"ENSRNOG00000062735",16
"ENSRNOG00000070091",0
"ENSRNOG00000010912",112
"ENSRNOG00000062853",0
"ENSRNOG00000033338",3
"ENSRNOG00000065025",0
"ENSRNOG00000011391",505
"ENSRNOG00000005936",3
"ENSRNOG00000067273",0
"ENSRNOG00000068469",0
"ENSRNOG00000069427",0
"ENSRNOG00000038740",0
"ENSRNOG00000049943",184
"ENSRNOG00000071189",0
"ENSRNOG00000063347",167
"ENSRNOG00000051667",0
"ENSRNOG00000069376",0
"ENSRNOG00000064389",0
"ENSRNOG00000007338",5206
"ENSRNOG00000042229",0
"ENSRNOG00000015986",2736
"ENSRNOG00000063859",0
"ENSRNOG00000071049",0
"ENSRNOG00000064832",0
"ENSRNOG00000063035",0
"ENSRNOG00000010886",39
"ENSRNOG00000005621",326
"ENSRNOG00000048541",0
"ENSRNOG00000068056",0
"ENSRNOG00000008416",0
"ENSRNOG00000022466",77
"ENSRNOG00000064789",0
"ENSRNOG00000006264",296
"ENSRNOG00000067679",0
"ENSRNOG00000006491",0
"ENSRNOG00000007570",1572
"ENSRNOG00000023257",388
"ENSRNOG00000007272",259
"ENSRNOG00000007519",3109
"ENSRNOG00000011175",1185
"ENSRNOG00000063659",0
"ENSRNOG00000064003",0
"ENSRNOG00000005670",13
"ENSRNOG00000070109",0
"ENSRNOG00000069414",0
"ENSRNOG00000066010",0
"ENSRNOG00000070575",1
"ENSRNOG00000061664",0
"ENSRNOG00000069088",0
"ENSRNOG00000008274",239
"ENSRNOG00000065775",542
"ENSRNOG00000006444",1116
"ENSRNOG00000067056",0
"ENSRNOG00000011814",604
"ENSRNOG00000005576",125
"ENSRNOG00000056219",6
"ENSRNOG00000005628",161
"ENSRNOG00000053188",0
"ENSRNOG00000007178",0
"ENSRNOG00000066676",0
"ENSRNOG00000042018",0
"ENSRNOG00000064982",0
"ENSRNOG00000057061",202
"ENSRNOG00000062345",0
"ENSRNOG00000068921",0
"ENSRNOG00000058653",1
"ENSRNOG00000069235",0
"ENSRNOG00000001804",251
"ENSRNOG00000015328",25
"ENSRNOG00000009184",6705
"ENSRNOG00000069590",0
"ENSRNOG00000063932",572
"ENSRNOG00000068013",0
"ENSRNOG00000055734",0
"ENSRNOG00000059771",0
"ENSRNOG00000053362",701
"ENSRNOG00000070863",0
"ENSRNOG00000069405",0
"ENSRNOG00000067149",224
"ENSRNOG00000008063",735
"ENSRNOG00000064240",423
"ENSRNOG00000064662",0
"ENSRNOG00000064937",484
"ENSRNOG00000070930",512
"ENSRNOG00000062401",0
"ENSRNOG00000063863",0
"ENSRNOG00000033407",10
"ENSRNOG00000031515",0
"ENSRNOG00000062453",437
"ENSRNOG00000069030",1652
"ENSRNOG00000043170",4
"ENSRNOG00000062391",0
"ENSRNOG00000066951",16
"ENSRNOG00000059195",0
"ENSRNOG00000067299",0
"ENSRNOG00000066392",2
"ENSRNOG00000066650",247
"ENSRNOG00000008481",2
"ENSRNOG00000067332",818
"ENSRNOG00000010316",35
"ENSRNOG00000067063",0
"ENSRNOG00000064988",0
"ENSRNOG00000008393",3293
"ENSRNOG00000066162",82
"ENSRNOG00000070651",0
"ENSRNOG00000010347",0
"ENSRNOG00000064409",0
"ENSRNOG00000066715",0
"ENSRNOG00000067911",0
"ENSRNOG00000068347",0
"ENSRNOG00000065619",0
"ENSRNOG00000071185",93
"ENSRNOG00000068422",0
"ENSRNOG00000065663",1
"ENSRNOG00000069445",1
"ENSRNOG00000008443",287
"ENSRNOG00000006281",705
"ENSRNOG00000012748",590
"ENSRNOG00000063346",0
"ENSRNOG00000068365",9
"ENSRNOG00000012364",2284
"ENSRNOG00000068050",4
"ENSRNOG00000027365",299
"ENSRNOG00000063537",0
"ENSRNOG00000064040",0
"ENSRNOG00000064294",0
"ENSRNOG00000047951",229
"ENSRNOG00000062344",0
"ENSRNOG00000005353",2011
"ENSRNOG00000006069",1080
"ENSRNOG00000063803",0
"ENSRNOG00000048917",45
"ENSRNOG00000012347",136
"ENSRNOG00000065409",851
"ENSRNOG00000066385",7
"ENSRNOG00000027026",837
"ENSRNOG00000071067",0
"ENSRNOG00000068334",1
"ENSRNOG00000068552",6
"ENSRNOG00000057556",1822
"ENSRNOG00000064378",52
"ENSRNOG00000070662",1
"ENSRNOG00000068681",0
"ENSRNOG00000064013",18
"ENSRNOG00000064657",0
"ENSRNOG00000067696",128
"ENSRNOG00000008611",78
"ENSRNOG00000063527",21
"ENSRNOG00000070718",0
"ENSRNOG00000071037",3
"ENSRNOG00000010301",382
"ENSRNOG00000063884",0
"ENSRNOG00000065564",0
"ENSRNOG00000009564",15
"ENSRNOG00000069567",0
"ENSRNOG00000032820",18
"ENSRNOG00000068340",3
"ENSRNOG00000006508",124
"ENSRNOG00000009971",415
"ENSRNOG00000066402",50
"ENSRNOG00000068865",0
"ENSRNOG00000046361",236
"ENSRNOG00000067191",237
"ENSRNOG00000065931",0
"ENSRNOG00000067030",1
"ENSRNOG00000036925",2
"ENSRNOG00000070829",6
"ENSRNOG00000012235",0
"ENSRNOG00000069850",0
"ENSRNOG00000064090",6116
"ENSRNOG00000008658",160
"ENSRNOG00000065425",0
"ENSRNOG00000009636",1775
"ENSRNOG00000001851",4
"ENSRNOG00000065573",3
"ENSRNOG00000069964",0
"ENSRNOG00000069763",0
"ENSRNOG00000067480",0
"ENSRNOG00000009886",1286
"ENSRNOG00000001852",331
"ENSRNOG00000008546",308
"ENSRNOG00000065102",36
"ENSRNOG00000066379",0
"ENSRNOG00000069297",4
"ENSRNOG00000070845",0
"ENSRNOG00000065171",0
"ENSRNOG00000066753",0
"ENSRNOG00000011530",288
"ENSRNOG00000063239",0
"ENSRNOG00000063394",0
"ENSRNOG00000070566",0
"ENSRNOG00000048782",0
"ENSRNOG00000067400",0
"ENSRNOG00000010629",486
"ENSRNOG00000070017",0
"ENSRNOG00000067625",0
"ENSRNOG00000068110",380
"ENSRNOG00000006806",100
"ENSRNOG00000063404",0
"ENSRNOG00000062416",43
"ENSRNOG00000064089",0
"ENSRNOG00000063045",0
"ENSRNOG00000063868",0
"ENSRNOG00000062677",0
"ENSRNOG00000006813",968
"ENSRNOG00000068748",0
"ENSRNOG00000009097",2643
"ENSRNOG00000069247",0
"ENSRNOG00000062780",13
"ENSRNOG00000069346",3
"ENSRNOG00000067260",6
"ENSRNOG00000053654",179
"ENSRNOG00000069862",1
"ENSRNOG00000066850",149
"ENSRNOG00000066817",0
"ENSRNOG00000068855",2
"ENSRNOG00000066550",0
"ENSRNOG00000062509",830
"ENSRNOG00000054974",0
"ENSRNOG00000054781",0
"ENSRNOG00000062979",0
"ENSRNOG00000062716",8
"ENSRNOG00000045771",0
"ENSRNOG00000063160",0
"ENSRNOG00000063874",0
"ENSRNOG00000068329",0
"ENSRNOG00000066751",25
"ENSRNOG00000065579",0
"ENSRNOG00000062584",0
"ENSRNOG00000007152",1491
"ENSRNOG00000005433",98
"ENSRNOG00000012975",4769
"ENSRNOG00000062691",2
"ENSRNOG00000005734",0
"ENSRNOG00000009484",842
"ENSRNOG00000056462",1608
"ENSRNOG00000005830",0
"ENSRNOG00000009545",820
"ENSRNOG00000005686",3111
"ENSRNOG00000069901",0
"ENSRNOG00000028422",551
"ENSRNOG00000006776",2
"ENSRNOG00000047023",3
"ENSRNOG00000007124",1699
"ENSRNOG00000005652",0
"ENSRNOG00000007129",0
"ENSRNOG00000010284",629
"ENSRNOG00000066431",0
"ENSRNOG00000007881",249
"ENSRNOG00000038102",302
"ENSRNOG00000005798",242
"ENSRNOG00000021938",0
"ENSRNOG00000005806",1
"ENSRNOG00000006432",378
"ENSRNOG00000014090",2172
"ENSRNOG00000006534",380
"ENSRNOG00000005954",0
"ENSRNOG00000005690",383
"ENSRNOG00000007764",457
"ENSRNOG00000063676",4
"ENSRNOG00000005662",0
"ENSRNOG00000005697",0
"ENSRNOG00000006144",0
"ENSRNOG00000055860",6400
"ENSRNOG00000055365",2219
"ENSRNOG00000006221",1014
"ENSRNOG00000006818",2146
"ENSRNOG00000013390",29
"ENSRNOG00000060175",213
"ENSRNOG00000010258",2131
"ENSRNOG00000009934",3204
"ENSRNOG00000009204",915
"ENSRNOG00000010184",1684
"ENSRNOG00000007104",1507
"ENSRNOG00000065903",0
"ENSRNOG00000006941",192
"ENSRNOG00000007472",5547
"ENSRNOG00000011614",511
"ENSRNOG00000032517",0
"ENSRNOG00000068733",0
"ENSRNOG00000023077",3
"ENSRNOG00000009175",574
"ENSRNOG00000013526",19
"ENSRNOG00000023465",6
"ENSRNOG00000061085",494
"ENSRNOG00000070535",0
"ENSRNOG00000010177",1
"ENSRNOG00000005907",132
"ENSRNOG00000006509",2232
"ENSRNOG00000067090",0
"ENSRNOG00000069624",0
"ENSRNOG00000008597",1486
"ENSRNOG00000008994",4574
"ENSRNOG00000009032",100
"ENSRNOG00000013379",545
"ENSRNOG00000025251",1
"ENSRNOG00000009084",240
"ENSRNOG00000042482",534
"ENSRNOG00000071218",1661
"ENSRNOG00000016143",97
"ENSRNOG00000071219",0
"ENSRNOG00000033395",0
"ENSRNOG00000066660",394
"ENSRNOG00000067593",0
"ENSRNOG00000029996",49966
"ENSRNOG00000062643",0
"ENSRNOG00000009377",372
"ENSRNOG00000015499",2
"ENSRNOG00000069518",0
"ENSRNOG00000004753",225
"ENSRNOG00000020317",1934
"ENSRNOG00000065800",18
"ENSRNOG00000010595",351
"ENSRNOG00000062311",0
"ENSRNOG00000020337",1
"ENSRNOG00000065122",224
"ENSRNOG00000070655",0
"ENSRNOG00000062759",0
"ENSRNOG00000015184",34
"ENSRNOG00000070996",670
"ENSRNOG00000027016",1543
"ENSRNOG00000065756",265
"ENSRNOG00000013074",11
"ENSRNOG00000004967",368
"ENSRNOG00000030825",0
"ENSRNOG00000063357",2
"ENSRNOG00000015294",402
"ENSRNOG00000056110",0
"ENSRNOG00000028721",1
"ENSRNOG00000067832",22
"ENSRNOG00000064622",0
"ENSRNOG00000067778",0
"ENSRNOG00000022491",87
"ENSRNOG00000051199",0
"ENSRNOG00000028095",0
"ENSRNOG00000068179",11
"ENSRNOG00000065362",0
"ENSRNOG00000065452",2
"ENSRNOG00000006731",294
"ENSRNOG00000067357",0
"ENSRNOG00000008282",0
"ENSRNOG00000064568",45
"ENSRNOG00000052014",0
"ENSRNOG00000011758",1315
"ENSRNOG00000004679",246
"ENSRNOG00000037833",0
"ENSRNOG00000010616",267
"ENSRNOG00000069366",373
"ENSRNOG00000037356",153
"ENSRNOG00000070165",0
"ENSRNOG00000018441",205
"ENSRNOG00000008738",82
"ENSRNOG00000007979",335
"ENSRNOG00000040275",0
"ENSRNOG00000062792",0
"ENSRNOG00000069588",0
"ENSRNOG00000004852",0
"ENSRNOG00000016189",22
"ENSRNOG00000008758",366
"ENSRNOG00000009764",0
"ENSRNOG00000052180",0
"ENSRNOG00000011830",630
"ENSRNOG00000070507",0
"ENSRNOG00000066688",0
"ENSRNOG00000063734",0
"ENSRNOG00000065294",0
"ENSRNOG00000004645",1
"ENSRNOG00000058157",392
"ENSRNOG00000062953",0
"ENSRNOG00000018755",276
"ENSRNOG00000005921",0
"ENSRNOG00000070505",0
"ENSRNOG00000065842",0
"ENSRNOG00000021472",0
"ENSRNOG00000006753",0
"ENSRNOG00000060327",0
"ENSRNOG00000063784",0
"ENSRNOG00000001589",0
"ENSRNOG00000052091",0
"ENSRNOG00000052454",0
"ENSRNOG00000070396",0
"ENSRNOG00000068411",0
"ENSRNOG00000013102",2664
"ENSRNOG00000058310",0
"ENSRNOG00000063685",0
"ENSRNOG00000067379",0
"ENSRNOG00000058919",0
"ENSRNOG00000017291",1568
"ENSRNOG00000062610",0
"ENSRNOG00000008663",413
"ENSRNOG00000063622",0
"ENSRNOG00000000009",0
"ENSRNOG00000069765",0
"ENSRNOG00000069407",0
"ENSRNOG00000015928",155
"ENSRNOG00000053212",0
"ENSRNOG00000068161",0
"ENSRNOG00000070663",0
"ENSRNOG00000006397",1
"ENSRNOG00000006803",2468
"ENSRNOG00000051665",0
"ENSRNOG00000006408",0
"ENSRNOG00000059732",0
"ENSRNOG00000062585",0
"ENSRNOG00000064878",0
"ENSRNOG00000055168",0
"ENSRNOG00000007416",120
"ENSRNOG00000016179",0
"ENSRNOG00000025141",253
"ENSRNOG00000057910",0
"ENSRNOG00000018964",270
"ENSRNOG00000033543",0
"ENSRNOG00000057796",0
"ENSRNOG00000069900",47
"ENSRNOG00000069943",0
"ENSRNOG00000033863",410
"ENSRNOG00000006419",75
"ENSRNOG00000064386",0
"ENSRNOG00000032712",0
"ENSRNOG00000047508",6
"ENSRNOG00000043106",0
"ENSRNOG00000058641",0
"ENSRNOG00000067830",23
"ENSRNOG00000069097",0
"ENSRNOG00000068071",0
"ENSRNOG00000066288",14
"ENSRNOG00000063143",0
"ENSRNOG00000011195",1542
"ENSRNOG00000018997",43
"ENSRNOG00000013069",113
"ENSRNOG00000066089",0
"ENSRNOG00000009152",11547
"ENSRNOG00000069475",0
"ENSRNOG00000018491",270
"ENSRNOG00000068593",0
"ENSRNOG00000062632",0
"ENSRNOG00000004784",160
"ENSRNOG00000012580",115
"ENSRNOG00000065185",0
"ENSRNOG00000005162",0
"ENSRNOG00000067634",0
"ENSRNOG00000057196",0
"ENSRNOG00000070613",0
"ENSRNOG00000059436",0
"ENSRNOG00000065604",0
"ENSRNOG00000059616",0
"ENSRNOG00000061294",0
"ENSRNOG00000019152",2955
"ENSRNOG00000059349",0
"ENSRNOG00000070069",0
"ENSRNOG00000006645",8
"ENSRNOG00000067839",0
"ENSRNOG00000004783",463
"ENSRNOG00000062892",6
"ENSRNOG00000063356",0
"ENSRNOG00000060569",0
"ENSRNOG00000010131",761
"ENSRNOG00000070048",0
"ENSRNOG00000060756",0
"ENSRNOG00000021240",3410
"ENSRNOG00000067797",0
"ENSRNOG00000067541",1
"ENSRNOG00000062560",0
"ENSRNOG00000065360",1
"ENSRNOG00000058385",0
"ENSRNOG00000049721",0
"ENSRNOG00000070734",0
"ENSRNOG00000062547",3
"ENSRNOG00000052197",0
"ENSRNOG00000063688",0
"ENSRNOG00000051709",0
"ENSRNOG00000065630",688
"ENSRNOG00000012021",304
"ENSRNOG00000058806",0
"ENSRNOG00000005479",1
"ENSRNOG00000063131",0
"ENSRNOG00000052573",5
"ENSRNOG00000017063",0
"ENSRNOG00000004912",7006
"ENSRNOG00000063473",0
"ENSRNOG00000052463",0
"ENSRNOG00000031840",0
"ENSRNOG00000059132",1
"ENSRNOG00000070343",0
"ENSRNOG00000069671",0
"ENSRNOG00000068128",0
"ENSRNOG00000010896",319
"ENSRNOG00000005920",654
"ENSRNOG00000068849",0
"ENSRNOG00000060959",0
"ENSRNOG00000055244",0
"ENSRNOG00000069256",0
"ENSRNOG00000016551",1650
"ENSRNOG00000063853",0
"ENSRNOG00000011093",454
"ENSRNOG00000070847",0
"ENSRNOG00000064364",0
"ENSRNOG00000066576",0
"ENSRNOG00000051908",0
"ENSRNOG00000024990",0
"ENSRNOG00000053738",0
"ENSRNOG00000011295",805
"ENSRNOG00000066788",0
"ENSRNOG00000056926",0
"ENSRNOG00000067143",0
"ENSRNOG00000046632",0
"ENSRNOG00000014836",3127
"ENSRNOG00000067970",2
"ENSRNOG00000054607",0
"ENSRNOG00000006238",163
"ENSRNOG00000068208",0
"ENSRNOG00000067040",107
"ENSRNOG00000064912",0
"ENSRNOG00000032579",0
"ENSRNOG00000012051",396
"ENSRNOG00000056535",0
"ENSRNOG00000066513",0
"ENSRNOG00000051605",5
"ENSRNOG00000005103",0
"ENSRNOG00000065299",2
"ENSRNOG00000008337",0
"ENSRNOG00000018225",3420
"ENSRNOG00000005742",0
"ENSRNOG00000053757",0
"ENSRNOG00000056237",0
"ENSRNOG00000005793",0
"ENSRNOG00000054739",0
"ENSRNOG00000012559",1614
"ENSRNOG00000054703",0
"ENSRNOG00000049572",0
"ENSRNOG00000007160",268
"ENSRNOG00000054973",5
"ENSRNOG00000012151",46
"ENSRNOG00000047028",73
"ENSRNOG00000054789",0
"ENSRNOG00000058143",0
"ENSRNOG00000068366",0
"ENSRNOG00000055104",0
"ENSRNOG00000047004",9
"ENSRNOG00000005865",1369
"ENSRNOG00000069914",0
"ENSRNOG00000058773",0
"ENSRNOG00000004946",0
"ENSRNOG00000053070",423
"ENSRNOG00000012640",4581
"ENSRNOG00000056116",0
"ENSRNOG00000032521",0
"ENSRNOG00000064468",0
"ENSRNOG00000012647",0
"ENSRNOG00000049497",422
"ENSRNOG00000005404",0
"ENSRNOG00000066447",0
"ENSRNOG00000007128",663
"ENSRNOG00000056518",0
"ENSRNOG00000065019",0
"ENSRNOG00000058944",6
"ENSRNOG00000012960",528
"ENSRNOG00000056385",0
"ENSRNOG00000064575",0
"ENSRNOG00000059422",3
"ENSRNOG00000010523",350
"ENSRNOG00000010002",0
"ENSRNOG00000066449",0
"ENSRNOG00000069717",0
"ENSRNOG00000054116",2
"ENSRNOG00000007316",449
"ENSRNOG00000065500",0
"ENSRNOG00000054947",0
"ENSRNOG00000010019",2
"ENSRNOG00000057252",2
"ENSRNOG00000010587",109
"ENSRNOG00000052327",2
"ENSRNOG00000028267",0
"ENSRNOG00000056164",0
"ENSRNOG00000010170",2724
"ENSRNOG00000058734",0
"ENSRNOG00000070546",0
"ENSRNOG00000055243",1
"ENSRNOG00000008115",338
"ENSRNOG00000060026",0
"ENSRNOG00000055564",167
"ENSRNOG00000025295",559
"ENSRNOG00000068176",0
"ENSRNOG00000032900",494
"ENSRNOG00000056211",0
"ENSRNOG00000057817",1721
"ENSRNOG00000058605",0
"ENSRNOG00000011028",4
"ENSRNOG00000069969",718
"ENSRNOG00000055303",0
"ENSRNOG00000010812",493
"ENSRNOG00000052201",0
"ENSRNOG00000005347",126
"ENSRNOG00000005971",1211
"ENSRNOG00000006094",526
"ENSRNOG00000010607",0
"ENSRNOG00000021250",82
"ENSRNOG00000029262",134
"ENSRNOG00000063705",0
"ENSRNOG00000013133",189
"ENSRNOG00000004381",50
"ENSRNOG00000063753",0
"ENSRNOG00000021268",97
"ENSRNOG00000007529",846
"ENSRNOG00000010451",0
"ENSRNOG00000047487",0
"ENSRNOG00000068427",603
"ENSRNOG00000070122",1
"ENSRNOG00000031694",1
"ENSRNOG00000004699",99
"ENSRNOG00000026143",512
"ENSRNOG00000004544",1954
"ENSRNOG00000010600",0
"ENSRNOG00000062660",0
"ENSRNOG00000042501",1341
"ENSRNOG00000058337",7
"ENSRNOG00000067093",0
"ENSRNOG00000015468",0
"ENSRNOG00000071209",0
"ENSRNOG00000007752",264
"ENSRNOG00000004575",0
"ENSRNOG00000068316",0
"ENSRNOG00000029847",0
"ENSRNOG00000013834",0
"ENSRNOG00000008102",84
"ENSRNOG00000005100",0
"ENSRNOG00000069454",0
"ENSRNOG00000063489",283
"ENSRNOG00000021395",2226
"ENSRNOG00000013540",0
"ENSRNOG00000033119",845
"ENSRNOG00000047116",0
"ENSRNOG00000070629",0
"ENSRNOG00000065727",0
"ENSRNOG00000054212",259
"ENSRNOG00000070144",0
"ENSRNOG00000008536",0
"ENSRNOG00000070265",0
"ENSRNOG00000057149",14
"ENSRNOG00000063280",71
"ENSRNOG00000004763",1170
"ENSRNOG00000031585",2
"ENSRNOG00000048309",279
"ENSRNOG00000008452",592
"ENSRNOG00000005256",205
"ENSRNOG00000060100",644
"ENSRNOG00000008190",123
"ENSRNOG00000031034",24
"ENSRNOG00000060618",4
"ENSRNOG00000037908",0
"ENSRNOG00000058163",0
"ENSRNOG00000013859",0
"ENSRNOG00000070080",1
"ENSRNOG00000054695",77
"ENSRNOG00000028910",159
"ENSRNOG00000013908",0
"ENSRNOG00000064299",2
"ENSRNOG00000033913",1027
"ENSRNOG00000021234",16
"ENSRNOG00000006947",237
"ENSRNOG00000013887",11
"ENSRNOG00000007044",3
"ENSRNOG00000070641",13
"ENSRNOG00000021269",0
"ENSRNOG00000021513",0
"ENSRNOG00000043002",0
"ENSRNOG00000069421",0
"ENSRNOG00000004571",202
"ENSRNOG00000069383",0
"ENSRNOG00000007765",283
"ENSRNOG00000023989",62
"ENSRNOG00000038259",24
"ENSRNOG00000004630",0
"ENSRNOG00000007925",2
"ENSRNOG00000021237",982
"ENSRNOG00000008394",0
"ENSRNOG00000029173",210
"ENSRNOG00000007446",104
"ENSRNOG00000006380",2372
"ENSRNOG00000045581",0
"ENSRNOG00000062526",11
"ENSRNOG00000030601",1
"ENSRNOG00000004641",0
"ENSRNOG00000008790",0
"ENSRNOG00000037231",0
"ENSRNOG00000065228",0
"ENSRNOG00000033100",11842
"ENSRNOG00000036964",449
"ENSRNOG00000021233",314
"ENSRNOG00000068937",0
"ENSRNOG00000060434",3
"ENSRNOG00000004687",1019
"ENSRNOG00000007518",3636
"ENSRNOG00000012648",15
"ENSRNOG00000059043",2094
"ENSRNOG00000005457",0
"ENSRNOG00000008810",572
"ENSRNOG00000031736",0
"ENSRNOG00000012811",13
"ENSRNOG00000008529",1236
"ENSRNOG00000021231",61
"ENSRNOG00000065264",1750
"ENSRNOG00000013689",336
"ENSRNOG00000011132",8
"ENSRNOG00000055182",0
"ENSRNOG00000004735",453
"ENSRNOG00000008868",138
"ENSRNOG00000021232",192
"ENSRNOG00000025715",1571
"ENSRNOG00000045829",18649
"ENSRNOG00000070856",0
"ENSRNOG00000025443",2187
"ENSRNOG00000060687",307
"ENSRNOG00000021244",9
"ENSRNOG00000009290",308
"ENSRNOG00000025181",596
"ENSRNOG00000005888",53
"ENSRNOG00000066451",0
"ENSRNOG00000028074",0
"ENSRNOG00000030184",0
"ENSRNOG00000016975",478
"ENSRNOG00000021245",452
"ENSRNOG00000008307",326
"ENSRNOG00000005039",1486
"ENSRNOG00000030708",0
"ENSRNOG00000015614",0
"ENSRNOG00000069811",0
"ENSRNOG00000026787",50
"ENSRNOG00000005148",0
"ENSRNOG00000029227",3
"ENSRNOG00000066472",0
"ENSRNOG00000021270",207
"ENSRNOG00000070867",1
"ENSRNOG00000045686",430
"ENSRNOG00000007883",194
"ENSRNOG00000030508",0
"ENSRNOG00000064151",0
"ENSRNOG00000069123",0
"ENSRNOG00000018666",959
"ENSRNOG00000068068",0
"ENSRNOG00000021272",46
"ENSRNOG00000006783",21
"ENSRNOG00000042821",957
"ENSRNOG00000006378",1762
"ENSRNOG00000018791",92
"ENSRNOG00000030790",4873
"ENSRNOG00000011785",2044
"ENSRNOG00000004891",556
"ENSRNOG00000021273",388
"ENSRNOG00000069087",1194
"ENSRNOG00000051470",0
"ENSRNOG00000032989",46
"ENSRNOG00000045555",530
"ENSRNOG00000062743",0
"ENSRNOG00000012089",587
"ENSRNOG00000068677",63
"ENSRNOG00000057284",365
"ENSRNOG00000019723",451
"ENSRNOG00000018845",170
"ENSRNOG00000021221",493
"ENSRNOG00000026346",0
"ENSRNOG00000021247",0
"ENSRNOG00000004730",3579
"ENSRNOG00000004863",339
"ENSRNOG00000010361",544
"ENSRNOG00000009195",929
"ENSRNOG00000067385",0
"ENSRNOG00000013760",0
"ENSRNOG00000042576",1004
"ENSRNOG00000058597",0
"ENSRNOG00000069362",0
"ENSRNOG00000021248",1123
"ENSRNOG00000032412",0
"ENSRNOG00000005884",697
"ENSRNOG00000021222",158
"ENSRNOG00000068047",0
"ENSRNOG00000053099",0
"ENSRNOG00000053696",0
"ENSRNOG00000045997",944
"ENSRNOG00000008170",318
"ENSRNOG00000028779",0
"ENSRNOG00000004755",592
"ENSRNOG00000005545",0
"ENSRNOG00000063191",258
"ENSRNOG00000009662",0
"ENSRNOG00000014483",668
"ENSRNOG00000066298",0
"ENSRNOG00000019948",528
"ENSRNOG00000004779",0
"ENSRNOG00000004918",9
"ENSRNOG00000027392",5
"ENSRNOG00000032769",0
"ENSRNOG00000007805",131
"ENSRNOG00000066683",53
"ENSRNOG00000025360",2
"ENSRNOG00000004808",0
"ENSRNOG00000036952",0
"ENSRNOG00000021223",1323
"ENSRNOG00000004742",1503
"ENSRNOG00000070752",0
"ENSRNOG00000005037",66
"ENSRNOG00000005195",7222
"ENSRNOG00000021229",0
"ENSRNOG00000063072",0
"ENSRNOG00000004989",0
"ENSRNOG00000008364",2056
"ENSRNOG00000064942",0
"ENSRNOG00000021230",173
"ENSRNOG00000007525",0
"ENSRNOG00000047422",0
"ENSRNOG00000021264",1060
"ENSRNOG00000006027",605
"ENSRNOG00000013437",90
"ENSRNOG00000067005",0
"ENSRNOG00000021259",12
"ENSRNOG00000033761",0
"ENSRNOG00000065354",7
"ENSRNOG00000018488",8
"ENSRNOG00000053270",267
"ENSRNOG00000033020",0
"ENSRNOG00000070982",0
"ENSRNOG00000022710",422
"ENSRNOG00000021241",14
"ENSRNOG00000048417",0
"ENSRNOG00000007427",96
"ENSRNOG00000064907",0
"ENSRNOG00000031536",66
"ENSRNOG00000012172",12
"ENSRNOG00000062998",0
"ENSRNOG00000069271",6
"ENSRNOG00000007102",4
"ENSRNOG00000046699",0
"ENSRNOG00000027900",0
"ENSRNOG00000042220",0
"ENSRNOG00000030857",0
"ENSRNOG00000027821",0
"ENSRNOG00000006921",346
"ENSRNOG00000021255",19
"ENSRNOG00000012307",3
"ENSRNOG00000005006",288
"ENSRNOG00000033983",0
"ENSRNOG00000017701",0
"ENSRNOG00000017161",0
"ENSRNOG00000027747",222
"ENSRNOG00000005483",569
"ENSRNOG00000010816",0
"ENSRNOG00000010868",0
"ENSRNOG00000059519",7
"ENSRNOG00000057458",204
"ENSRNOG00000021266",0
"ENSRNOG00000005438",1
"ENSRNOG00000051005",0
"ENSRNOG00000004920",0
"ENSRNOG00000057476",35
"ENSRNOG00000014021",27
"ENSRNOG00000004443",0
"ENSRNOG00000005183",854
"ENSRNOG00000007440",264
"ENSRNOG00000021260",26
"ENSRNOG00000028008",0
"ENSRNOG00000021224",358
"ENSRNOG00000026295",158
"ENSRNOG00000007548",587
"ENSRNOG00000021274",0
"ENSRNOG00000019330",27
"ENSRNOG00000007972",632
"ENSRNOG00000004921",684
"ENSRNOG00000007408",10
"ENSRNOG00000063588",0
"ENSRNOG00000068037",0
"ENSRNOG00000064038",0
"ENSRNOG00000025384",473
"ENSRNOG00000008411",1180
"ENSRNOG00000021265",343
"ENSRNOG00000009495",1154
"ENSRNOG00000007457",6
"ENSRNOG00000007512",344
"ENSRNOG00000031085",2937
"ENSRNOG00000017283",5
"ENSRNOG00000012568",252
"ENSRNOG00000006795",298
"ENSRNOG00000011649",17
"ENSRNOG00000030467",217
"ENSRNOG00000050784",17
"ENSRNOG00000005058",354
"ENSRNOG00000014480",2235
"ENSRNOG00000007516",1
"ENSRNOG00000004777",215
"ENSRNOG00000071065",19
"ENSRNOG00000026215",16
"ENSRNOG00000024852",960
"ENSRNOG00000012290",0
"ENSRNOG00000009076",966
"ENSRNOG00000007584",152
"ENSRNOG00000006695",891
"ENSRNOG00000008243",132
"ENSRNOG00000004874",880
"ENSRNOG00000067071",63
"ENSRNOG00000016636",220
"ENSRNOG00000062960",1
"ENSRNOG00000012368",61
"ENSRNOG00000063431",0
"ENSRNOG00000022335",0
"ENSRNOG00000028266",0
"ENSRNOG00000006850",0
"ENSRNOG00000016734",6
"ENSRNOG00000067135",0
"ENSRNOG00000067506",0
"ENSRNOG00000069867",2
"ENSRNOG00000010035",0
"ENSRNOG00000006705",94
"ENSRNOG00000011059",518
"ENSRNOG00000008746",174
"ENSRNOG00000069397",0
"ENSRNOG00000010666",3107
"ENSRNOG00000067094",9
"ENSRNOG00000009969",0
"ENSRNOG00000013172",45
"ENSRNOG00000068185",0
"ENSRNOG00000007430",208
"ENSRNOG00000066616",6
"ENSRNOG00000056526",386
"ENSRNOG00000012528",228
"ENSRNOG00000013776",0
"ENSRNOG00000063104",0
"ENSRNOG00000036971",165
"ENSRNOG00000024882",409
"ENSRNOG00000018557",0
"ENSRNOG00000031356",0
"ENSRNOG00000058586",224
"ENSRNOG00000007319",2501
"ENSRNOG00000013594",1564
"ENSRNOG00000053201",205
"ENSRNOG00000013778",0
"ENSRNOG00000070361",0
"ENSRNOG00000053114",0
"ENSRNOG00000064867",0
"ENSRNOG00000012728",15
"ENSRNOG00000005111",5
"ENSRNOG00000062388",0
"ENSRNOG00000055769",13
"ENSRNOG00000047611",451
"ENSRNOG00000054563",837
"ENSRNOG00000009180",0
"ENSRNOG00000007443",4839
"ENSRNOG00000004787",118
"ENSRNOG00000007018",180
"ENSRNOG00000052603",0
"ENSRNOG00000005308",1112
"ENSRNOG00000005276",2980
"ENSRNOG00000014071",106
"ENSRNOG00000010945",5688
"ENSRNOG00000021256",2
"ENSRNOG00000005284",3
"ENSRNOG00000006050",304
"ENSRNOG00000068997",0
"ENSRNOG00000012197",0
"ENSRNOG00000010472",208
"ENSRNOG00000021261",5
"ENSRNOG00000006832",3109
"ENSRNOG00000004829",177
"ENSRNOG00000059455",0
"ENSRNOG00000014102",2
"ENSRNOG00000063194",19
"ENSRNOG00000064429",695
"ENSRNOG00000038004",0
"ENSRNOG00000015550",1
"ENSRNOG00000021750",293
"ENSRNOG00000025130",32
"ENSRNOG00000030827",0
"ENSRNOG00000021249",307
"ENSRNOG00000014272",4197
"ENSRNOG00000060791",0
"ENSRNOG00000005715",676
"ENSRNOG00000036900",0
"ENSRNOG00000070953",0
"ENSRNOG00000007782",0
"ENSRNOG00000023195",0
"ENSRNOG00000014317",208
"ENSRNOG00000070171",0
"ENSRNOG00000010428",906
"ENSRNOG00000063262",0
"ENSRNOG00000005780",258
"ENSRNOG00000043043",0
"ENSRNOG00000010101",228
"ENSRNOG00000005184",343
"ENSRNOG00000015187",74
"ENSRNOG00000068011",14
"ENSRNOG00000062726",1
"ENSRNOG00000014338",86
"ENSRNOG00000066948",0
"ENSRNOG00000004601",0
"ENSRNOG00000028668",23
"ENSRNOG00000014204",422
"ENSRNOG00000009399",0
"ENSRNOG00000005840",4
"ENSRNOG00000071010",2
"ENSRNOG00000014493",361
"ENSRNOG00000005900",323
"ENSRNOG00000068950",0
"ENSRNOG00000032605",4027
"ENSRNOG00000004842",102
"ENSRNOG00000047530",0
"ENSRNOG00000008088",371
"ENSRNOG00000017044",1
"ENSRNOG00000069598",7
"ENSRNOG00000019118",0
"ENSRNOG00000055374",0
"ENSRNOG00000005902",137
"ENSRNOG00000000169",64
"ENSRNOG00000028254",110
"ENSRNOG00000069282",0
"ENSRNOG00000009461",0
"ENSRNOG00000056255",0
"ENSRNOG00000007738",1722
"ENSRNOG00000008316",1265
"ENSRNOG00000054840",75
"ENSRNOG00000009586",0
"ENSRNOG00000015145",1067
"ENSRNOG00000067107",0
"ENSRNOG00000009139",657
"ENSRNOG00000017983",381
"ENSRNOG00000033348",1
"ENSRNOG00000021262",691
"ENSRNOG00000022660",7
"ENSRNOG00000069487",0
"ENSRNOG00000056471",0
"ENSRNOG00000031763",0
"ENSRNOG00000005509",1
"ENSRNOG00000068352",1
"ENSRNOG00000030460",0
"ENSRNOG00000023384",0
"ENSRNOG00000009624",0
"ENSRNOG00000015525",279
"ENSRNOG00000010262",5
"ENSRNOG00000066486",0
"ENSRNOG00000060217",0
"ENSRNOG00000025713",0
"ENSRNOG00000017157",66
"ENSRNOG00000032700",805
"ENSRNOG00000061603",1158
"ENSRNOG00000051431",0
"ENSRNOG00000008003",0
"ENSRNOG00000015735",359
"ENSRNOG00000009648",0
"ENSRNOG00000012738",2302
"ENSRNOG00000058755",1
"ENSRNOG00000010551",50
"ENSRNOG00000004700",196
"ENSRNOG00000015744",5
"ENSRNOG00000007242",878
"ENSRNOG00000037178",0
"ENSRNOG00000036782",0
"ENSRNOG00000037146",0
"ENSRNOG00000064442",55
"ENSRNOG00000025498",118
"ENSRNOG00000017883",834
"ENSRNOG00000063022",0
"ENSRNOG00000063950",0
"ENSRNOG00000013380",12
"ENSRNOG00000065847",1
"ENSRNOG00000006418",105
"ENSRNOG00000009640",733
"ENSRNOG00000005958",1371
"ENSRNOG00000009670",0
"ENSRNOG00000051490",1744
"ENSRNOG00000031598",2
"ENSRNOG00000065317",0
"ENSRNOG00000042374",123
"ENSRNOG00000063946",0
"ENSRNOG00000022178",1
"ENSRNOG00000025278",732
"ENSRNOG00000050190",7
"ENSRNOG00000005196",874
"ENSRNOG00000032635",17346
"ENSRNOG00000062572",0
"ENSRNOG00000014739",85
"ENSRNOG00000042407",0
"ENSRNOG00000009952",0
"ENSRNOG00000027988",732
"ENSRNOG00000000170",1333
"ENSRNOG00000068653",0
"ENSRNOG00000052294",9
"ENSRNOG00000005719",700
"ENSRNOG00000070931",0
"ENSRNOG00000014268",1186
"ENSRNOG00000008283",1727
"ENSRNOG00000042526",7
"ENSRNOG00000066461",0
"ENSRNOG00000070081",0
"ENSRNOG00000068036",1
"ENSRNOG00000066294",0
"ENSRNOG00000028908",39
"ENSRNOG00000068526",0
"ENSRNOG00000018005",1
"ENSRNOG00000063100",0
"ENSRNOG00000014771",3
"ENSRNOG00000006032",0
"ENSRNOG00000016795",1479
"ENSRNOG00000070932",0
"ENSRNOG00000028685",43
"ENSRNOG00000008135",7
"ENSRNOG00000062543",567
"ENSRNOG00000016870",1183
"ENSRNOG00000027955",83
"ENSRNOG00000062385",0
"ENSRNOG00000031823",0
"ENSRNOG00000065007",0
"ENSRNOG00000069793",0
"ENSRNOG00000027434",202
"ENSRNOG00000062364",0
"ENSRNOG00000069408",0
"ENSRNOG00000036777",0
"ENSRNOG00000019388",54
"ENSRNOG00000037514",2412
"ENSRNOG00000068989",0
"ENSRNOG00000004677",2343
"ENSRNOG00000031380",0
"ENSRNOG00000026067",0
"ENSRNOG00000010050",479
"ENSRNOG00000008146",0
"ENSRNOG00000004810",1
"ENSRNOG00000045801",0
"ENSRNOG00000065546",3
"ENSRNOG00000019466",430
"ENSRNOG00000004410",0
"ENSRNOG00000010477",1154
"ENSRNOG00000045656",1
"ENSRNOG00000014794",0
"ENSRNOG00000004812",85
"ENSRNOG00000014807",0
"ENSRNOG00000011467",240
"ENSRNOG00000013452",6290
"ENSRNOG00000063397",37
"ENSRNOG00000025931",0
"ENSRNOG00000039906",0
"ENSRNOG00000046958",21
"ENSRNOG00000005707",0
"ENSRNOG00000062576",0
"ENSRNOG00000022586",490
"ENSRNOG00000042162",0
"ENSRNOG00000047427",671
"ENSRNOG00000070174",0
"ENSRNOG00000017290",839
"ENSRNOG00000062366",59
"ENSRNOG00000066433",0
"ENSRNOG00000050780",340
"ENSRNOG00000004951",297
"ENSRNOG00000065048",38
"ENSRNOG00000014933",542
"ENSRNOG00000031168",1
"ENSRNOG00000018574",687
"ENSRNOG00000064101",17
"ENSRNOG00000032177",0
"ENSRNOG00000009218",0
"ENSRNOG00000005031",227
"ENSRNOG00000065075",0
"ENSRNOG00000014156",0
"ENSRNOG00000014297",2292
"ENSRNOG00000005924",4397
"ENSRNOG00000031167",51
"ENSRNOG00000006142",0
"ENSRNOG00000070417",0
"ENSRNOG00000059507",2
"ENSRNOG00000024799",43
"ENSRNOG00000065733",0
"ENSRNOG00000027742",37
"ENSRNOG00000024904",2
"ENSRNOG00000019322",1484
"ENSRNOG00000015131",743
"ENSRNOG00000014690",5320
"ENSRNOG00000063498",0
"ENSRNOG00000069651",0
"ENSRNOG00000015797",26
"ENSRNOG00000005247",0
"ENSRNOG00000046942",0
"ENSRNOG00000015155",2
"ENSRNOG00000066870",2
"ENSRNOG00000016272",2829
"ENSRNOG00000012157",2772
"ENSRNOG00000031038",184
"ENSRNOG00000015857",16980
"ENSRNOG00000016584",34
"ENSRNOG00000010528",197
"ENSRNOG00000037207",1606
"ENSRNOG00000053240",958
"ENSRNOG00000027432",0
"ENSRNOG00000027911",1
"ENSRNOG00000070414",4
"ENSRNOG00000047466",261
"ENSRNOG00000055534",0
"ENSRNOG00000005158",10
"ENSRNOG00000004532",190
"ENSRNOG00000013681",0
"ENSRNOG00000055829",0
"ENSRNOG00000018649",672
"ENSRNOG00000027867",394
"ENSRNOG00000007542",4
"ENSRNOG00000008895",0
"ENSRNOG00000049280",0
"ENSRNOG00000005258",263
"ENSRNOG00000064719",0
"ENSRNOG00000012638",366
"ENSRNOG00000007681",1671
"ENSRNOG00000005814",176
"ENSRNOG00000012762",554
"ENSRNOG00000008212",995
"ENSRNOG00000028701",106
"ENSRNOG00000013862",0
"ENSRNOG00000007461",15
"ENSRNOG00000011778",112
"ENSRNOG00000064354",0
"ENSRNOG00000030243",3
"ENSRNOG00000024335",295
"ENSRNOG00000004493",24
"ENSRNOG00000008744",2659
"ENSRNOG00000033573",1
"ENSRNOG00000029895",0
"ENSRNOG00000005792",0
"ENSRNOG00000023874",445
"ENSRNOG00000063286",0
"ENSRNOG00000007422",121
"ENSRNOG00000028674",538
"ENSRNOG00000016488",476
"ENSRNOG00000009289",864
"ENSRNOG00000071101",2654
"ENSRNOG00000015396",6382
"ENSRNOG00000024808",81
"ENSRNOG00000014387",1116
"ENSRNOG00000018231",1615
"ENSRNOG00000007692",936
"ENSRNOG00000029799",1616
"ENSRNOG00000009334",289
"ENSRNOG00000013479",2295
"ENSRNOG00000031760",536
"ENSRNOG00000037124",70
"ENSRNOG00000009421",893
"ENSRNOG00000025580",2031
"ENSRNOG00000018876",387
"ENSRNOG00000018111",48
"ENSRNOG00000005178",0
"ENSRNOG00000037203",0
"ENSRNOG00000004731",6
"ENSRNOG00000009425",64
"ENSRNOG00000006641",7
"ENSRNOG00000010574",896
"ENSRNOG00000006077",1586
"ENSRNOG00000017123",10338
"ENSRNOG00000004703",0
"ENSRNOG00000009593",177
"ENSRNOG00000067444",22867
"ENSRNOG00000053122",36
"ENSRNOG00000007221",214
"ENSRNOG00000043037",229
"ENSRNOG00000009446",578
"ENSRNOG00000013529",616
"ENSRNOG00000065707",0
"ENSRNOG00000006037",0
"ENSRNOG00000065372",0
"ENSRNOG00000026775",596
"ENSRNOG00000014152",182
"ENSRNOG00000063085",0
"ENSRNOG00000037302",76
"ENSRNOG00000011353",0
"ENSRNOG00000009549",1212
"ENSRNOG00000020086",759
"ENSRNOG00000028196",93
"ENSRNOG00000007906",516
"ENSRNOG00000006916",725
"ENSRNOG00000063276",0
"ENSRNOG00000066633",0
"ENSRNOG00000019039",354
"ENSRNOG00000010791",17
"ENSRNOG00000004898",1
"ENSRNOG00000005059",338
"ENSRNOG00000006639",1
"ENSRNOG00000014710",4
"ENSRNOG00000012262",161
"ENSRNOG00000028112",0
"ENSRNOG00000070974",299
"ENSRNOG00000054314",14
"ENSRNOG00000000172",1047
"ENSRNOG00000026053",2965
"ENSRNOG00000062398",0
"ENSRNOG00000000168",166
"ENSRNOG00000019122",6827
"ENSRNOG00000005334",185
"ENSRNOG00000011690",245
"ENSRNOG00000055449",0
"ENSRNOG00000029342",0
"ENSRNOG00000015599",6
"ENSRNOG00000060005",1141
"ENSRNOG00000062684",0
"ENSRNOG00000064484",2
"ENSRNOG00000018747",2173
"ENSRNOG00000051627",501
"ENSRNOG00000066394",0
"ENSRNOG00000015636",188
"ENSRNOG00000064346",0
"ENSRNOG00000043494",0
"ENSRNOG00000016459",469
"ENSRNOG00000067536",0
"ENSRNOG00000067433",0
"ENSRNOG00000068386",0
"ENSRNOG00000070193",48
"ENSRNOG00000016357",1529
"ENSRNOG00000017513",179
"ENSRNOG00000031478",0
"ENSRNOG00000065412",0
"ENSRNOG00000005021",409
"ENSRNOG00000070991",0
"ENSRNOG00000008297",459
"ENSRNOG00000050072",60
"ENSRNOG00000017663",234
"ENSRNOG00000062919",0
"ENSRNOG00000071011",0
"ENSRNOG00000066832",551
"ENSRNOG00000019099",264
"ENSRNOG00000021954",1202
"ENSRNOG00000019110",0
"ENSRNOG00000007447",70
"ENSRNOG00000010883",247
"ENSRNOG00000018427",0
"ENSRNOG00000008912",1773
"ENSRNOG00000027596",1299
"ENSRNOG00000068716",0
"ENSRNOG00000017550",129
"ENSRNOG00000059260",17
"ENSRNOG00000065438",0
"ENSRNOG00000032386",0
"ENSRNOG00000004938",0
"ENSRNOG00000004740",491
"ENSRNOG00000012175",11
"ENSRNOG00000012697",9
"ENSRNOG00000005018",156
"ENSRNOG00000005366",15
"ENSRNOG00000008629",1561
"ENSRNOG00000054560",38
"ENSRNOG00000071044",79
"ENSRNOG00000012761",0
"ENSRNOG00000015854",20
"ENSRNOG00000064432",33
"ENSRNOG00000010981",983
"ENSRNOG00000017061",1
"ENSRNOG00000068044",1
"ENSRNOG00000014011",0
"ENSRNOG00000046655",0
"ENSRNOG00000004614",0
"ENSRNOG00000033429",9
"ENSRNOG00000059243",66
"ENSRNOG00000009342",0
"ENSRNOG00000012906",0
"ENSRNOG00000064158",29
"ENSRNOG00000007981",240
"ENSRNOG00000065620",20
"ENSRNOG00000011652",822
"ENSRNOG00000063763",0
"ENSRNOG00000068416",2
"ENSRNOG00000013209",0
"ENSRNOG00000066103",0
"ENSRNOG00000062482",0
"ENSRNOG00000063885",28
"ENSRNOG00000022514",449
"ENSRNOG00000007127",139
"ENSRNOG00000067722",0
"ENSRNOG00000008484",9
"ENSRNOG00000060571",3557
"ENSRNOG00000013933",388
"ENSRNOG00000007285",45
"ENSRNOG00000009196",1743
"ENSRNOG00000048433",0
"ENSRNOG00000050650",52
"ENSRNOG00000062737",0
"ENSRNOG00000026604",32
"ENSRNOG00000009340",371
"ENSRNOG00000006952",0
"ENSRNOG00000005367",0
"ENSRNOG00000067798",0
"ENSRNOG00000057545",0
"ENSRNOG00000005679",1
"ENSRNOG00000018687",497
"ENSRNOG00000064408",0
"ENSRNOG00000009346",207
"ENSRNOG00000029508",0
"ENSRNOG00000010975",3220
"ENSRNOG00000049034",758
"ENSRNOG00000010219",739
"ENSRNOG00000010993",345
"ENSRNOG00000069270",15
"ENSRNOG00000010897",1525
"ENSRNOG00000039315",1
"ENSRNOG00000012750",1
"ENSRNOG00000023589",936
"ENSRNOG00000050262",0
"ENSRNOG00000043189",327
"ENSRNOG00000009402",1374
"ENSRNOG00000006227",283
"ENSRNOG00000007302",14328
"ENSRNOG00000049484",57
"ENSRNOG00000026691",200
"ENSRNOG00000015420",1120
"ENSRNOG00000011732",777
"ENSRNOG00000025296",889
"ENSRNOG00000042269",19
"ENSRNOG00000009403",332
"ENSRNOG00000029470",98
"ENSRNOG00000039777",169
"ENSRNOG00000047356",4254
"ENSRNOG00000050035",0
"ENSRNOG00000010150",408
"ENSRNOG00000008616",1541
"ENSRNOG00000022603",0
"ENSRNOG00000017019",0
"ENSRNOG00000013491",396
"ENSRNOG00000017172",952
"ENSRNOG00000019203",3
"ENSRNOG00000011379",330
"ENSRNOG00000027502",86
"ENSRNOG00000030022",0
"ENSRNOG00000006839",1898
"ENSRNOG00000071171",0
"ENSRNOG00000013196",142
"ENSRNOG00000062624",14
"ENSRNOG00000017319",62
"ENSRNOG00000006829",0
"ENSRNOG00000057044",111
"ENSRNOG00000014316",1644
"ENSRNOG00000008354",565
"ENSRNOG00000027447",1583
"ENSRNOG00000017395",4
"ENSRNOG00000009207",1066
"ENSRNOG00000018294",5421
"ENSRNOG00000027193",542
"ENSRNOG00000005007",8
"ENSRNOG00000060821",1946
"ENSRNOG00000005335",35
"ENSRNOG00000015445",0
"ENSRNOG00000009862",11
"ENSRNOG00000009594",1651
"ENSRNOG00000018591",370
"ENSRNOG00000069269",0
"ENSRNOG00000017805",0
"ENSRNOG00000065543",3802
"ENSRNOG00000014532",143
"ENSRNOG00000050792",38
"ENSRNOG00000018349",181
"ENSRNOG00000009552",2414
"ENSRNOG00000008749",15019
"ENSRNOG00000010217",8584
"ENSRNOG00000056087",10
"ENSRNOG00000010659",354
"ENSRNOG00000010235",709
"ENSRNOG00000010265",70
"ENSRNOG00000065817",55
"ENSRNOG00000028805",31
"ENSRNOG00000015845",2570
"ENSRNOG00000050932",244
"ENSRNOG00000010526",978
"ENSRNOG00000037134",10
"ENSRNOG00000023386",3559
"ENSRNOG00000011470",590
"ENSRNOG00000017539",0
"ENSRNOG00000026277",250
"ENSRNOG00000017017",252
"ENSRNOG00000005616",688
"ENSRNOG00000016794",175
"ENSRNOG00000068184",8
"ENSRNOG00000022312",225
"ENSRNOG00000054725",541
"ENSRNOG00000006052",15068
"ENSRNOG00000009300",1276
"ENSRNOG00000013040",293
"ENSRNOG00000021295",1066
"ENSRNOG00000007666",110
"ENSRNOG00000016910",363
"ENSRNOG00000010406",3
"ENSRNOG00000006420",230
"ENSRNOG00000057806",2223
"ENSRNOG00000065655",1
"ENSRNOG00000010152",0
"ENSRNOG00000010164",1203
"ENSRNOG00000069016",6
"ENSRNOG00000016678",256
"ENSRNOG00000004680",19
"ENSRNOG00000006435",457
"ENSRNOG00000006894",652
"ENSRNOG00000016220",1650
"ENSRNOG00000070709",266
"ENSRNOG00000004624",5114
"ENSRNOG00000019154",1682
"ENSRNOG00000034258",0
"ENSRNOG00000022274",224
"ENSRNOG00000025185",1829
"ENSRNOG00000005600",65
"ENSRNOG00000017925",1182
"ENSRNOG00000004372",0
"ENSRNOG00000007673",379
"ENSRNOG00000013906",8
"ENSRNOG00000050834",673
"ENSRNOG00000034195",6
"ENSRNOG00000017295",1291
"ENSRNOG00000054901",341
"ENSRNOG00000048676",10
"ENSRNOG00000007998",832
"ENSRNOG00000013062",0
"ENSRNOG00000070298",4
"ENSRNOG00000013974",207
"ENSRNOG00000048870",1283
"ENSRNOG00000040333",0
"ENSRNOG00000029447",94
"ENSRNOG00000018145",2413
"ENSRNOG00000018205",505
"ENSRNOG00000046984",607
"ENSRNOG00000008469",608
"ENSRNOG00000029993",0
"ENSRNOG00000049056",342
"ENSRNOG00000006611",29
"ENSRNOG00000008455",487
"ENSRNOG00000018457",1581
"ENSRNOG00000019147",1684
"ENSRNOG00000055567",193
"ENSRNOG00000055886",0
"ENSRNOG00000024563",304
"ENSRNOG00000066367",2
"ENSRNOG00000022860",1525
"ENSRNOG00000000007",0
"ENSRNOG00000064166",4
"ENSRNOG00000070526",0
"ENSRNOG00000016744",1493
"ENSRNOG00000004828",1
"ENSRNOG00000067882",0
"ENSRNOG00000004466",1213
"ENSRNOG00000014369",487
"ENSRNOG00000050404",2989
"ENSRNOG00000018486",17
"ENSRNOG00000005070",564
"ENSRNOG00000001517",534
"ENSRNOG00000005369",0
"ENSRNOG00000024809",260
"ENSRNOG00000001519",39
"ENSRNOG00000011884",778
"ENSRNOG00000008609",7
"ENSRNOG00000048867",0
"ENSRNOG00000005743",0
"ENSRNOG00000069208",31
"ENSRNOG00000058329",1744
"ENSRNOG00000004479",278
"ENSRNOG00000049619",0
"ENSRNOG00000007625",30
"ENSRNOG00000062930",0
"ENSRNOG00000004864",1013
"ENSRNOG00000066218",0
"ENSRNOG00000024786",296
"ENSRNOG00000063301",0
"ENSRNOG00000001515",3931
"ENSRNOG00000005074",169
"ENSRNOG00000013694",68
"ENSRNOG00000005223",0
"ENSRNOG00000047241",0
"ENSRNOG00000010128",0
"ENSRNOG00000057996",0
"ENSRNOG00000018809",928
"ENSRNOG00000068640",0
"ENSRNOG00000033824",153
"ENSRNOG00000014584",655
"ENSRNOG00000052583",3005
"ENSRNOG00000001516",25
"ENSRNOG00000004775",801
"ENSRNOG00000064527",147
"ENSRNOG00000005701",0
"ENSRNOG00000048080",0
"ENSRNOG00000005235",0
"ENSRNOG00000043179",0
"ENSRNOG00000050552",347
"ENSRNOG00000049912",1174
"ENSRNOG00000057740",0
"ENSRNOG00000009143",322
"ENSRNOG00000026203",1
"ENSRNOG00000028661",0
"ENSRNOG00000009382",72
"ENSRNOG00000032656",0
"ENSRNOG00000033835",304
"ENSRNOG00000067068",0
"ENSRNOG00000025892",846
"ENSRNOG00000005504",488
"ENSRNOG00000016965",3137
"ENSRNOG00000006732",0
"ENSRNOG00000009239",0
"ENSRNOG00000009781",4031
"ENSRNOG00000007485",820
"ENSRNOG00000009286",2
"ENSRNOG00000069922",0
"ENSRNOG00000005722",0
"ENSRNOG00000005331",1235
"ENSRNOG00000048933",428
"ENSRNOG00000018832",1
"ENSRNOG00000061587",130
"ENSRNOG00000028384",816
"ENSRNOG00000070627",35
"ENSRNOG00000015791",263
"ENSRNOG00000064734",49
"ENSRNOG00000033682",0
"ENSRNOG00000018874",67
"ENSRNOG00000028533",0
"ENSRNOG00000008129",97
"ENSRNOG00000010729",1053
"ENSRNOG00000007665",2150
"ENSRNOG00000057347",553
"ENSRNOG00000043323",0
"ENSRNOG00000015237",299
"ENSRNOG00000065606",1274
"ENSRNOG00000001524",409
"ENSRNOG00000005751",0
"ENSRNOG00000069723",0
"ENSRNOG00000028440",2
"ENSRNOG00000013442",1009
"ENSRNOG00000007012",2
"ENSRNOG00000005800",0
"ENSRNOG00000007017",0
"ENSRNOG00000007781",2558
"ENSRNOG00000005083",529
"ENSRNOG00000025832",1532
"ENSRNOG00000001520",53
"ENSRNOG00000017443",696
"ENSRNOG00000063099",28
"ENSRNOG00000015970",743
"ENSRNOG00000009620",1085
"ENSRNOG00000067313",1
"ENSRNOG00000005871",3
"ENSRNOG00000021225",0
"ENSRNOG00000046350",0
"ENSRNOG00000004772",0
"ENSRNOG00000008081",215
"ENSRNOG00000011401",10
"ENSRNOG00000043311",1
"ENSRNOG00000022162",1702
"ENSRNOG00000005033",1364
"ENSRNOG00000069241",0
"ENSRNOG00000022922",714
"ENSRNOG00000006079",4
"ENSRNOG00000008194",575
"ENSRNOG00000053384",2
"ENSRNOG00000071205",3
"ENSRNOG00000005341",0
"ENSRNOG00000022681",1246
"ENSRNOG00000022141",1102
"ENSRNOG00000059891",230
"ENSRNOG00000046949",41
"ENSRNOG00000017583",701
"ENSRNOG00000006314",2
"ENSRNOG00000017647",134
"ENSRNOG00000008258",1539
"ENSRNOG00000008245",1090
"ENSRNOG00000008482",1614
"ENSRNOG00000009531",2
"ENSRNOG00000026036",0
"ENSRNOG00000001518",563
"ENSRNOG00000021220",3
"ENSRNOG00000061199",0
"ENSRNOG00000009406",1663
"ENSRNOG00000019179",153
"ENSRNOG00000005246",0
"ENSRNOG00000064239",1
"ENSRNOG00000009936",1501
"ENSRNOG00000070854",0
"ENSRNOG00000015192",261
"ENSRNOG00000050620",0
"ENSRNOG00000021787",397
"ENSRNOG00000063782",0
"ENSRNOG00000066179",0
"ENSRNOG00000007477",0
"ENSRNOG00000055021",1
"ENSRNOG00000023721",4
"ENSRNOG00000058297",0
"ENSRNOG00000056952",1
"ENSRNOG00000025394",2579
"ENSRNOG00000065334",2
"ENSRNOG00000066958",88
"ENSRNOG00000051455",0
"ENSRNOG00000037081",0
"ENSRNOG00000065702",0
"ENSRNOG00000057475",0
"ENSRNOG00000050860",9
"ENSRNOG00000055571",0
"ENSRNOG00000007946",586
"ENSRNOG00000005996",0
"ENSRNOG00000056181",0
"ENSRNOG00000058161",0
"ENSRNOG00000062893",0
"ENSRNOG00000061153",0
"ENSRNOG00000057546",0
"ENSRNOG00000018567",749
"ENSRNOG00000005762",1365
"ENSRNOG00000064287",0
"ENSRNOG00000062495",3
"ENSRNOG00000068900",22
"ENSRNOG00000055576",0
"ENSRNOG00000007415",227
"ENSRNOG00000067446",0
"ENSRNOG00000059024",0
"ENSRNOG00000005116",5680
"ENSRNOG00000053436",6
"ENSRNOG00000052617",0
"ENSRNOG00000064018",0
"ENSRNOG00000065927",22
"ENSRNOG00000018901",958
"ENSRNOG00000060842",18
"ENSRNOG00000056200",6
"ENSRNOG00000008859",546
"ENSRNOG00000005766",971
"ENSRNOG00000021242",392
"ENSRNOG00000054081",15
"ENSRNOG00000065735",199
"ENSRNOG00000062408",0
"ENSRNOG00000064779",0
"ENSRNOG00000023935",7
"ENSRNOG00000057313",28
"ENSRNOG00000064701",415
"ENSRNOG00000057048",0
"ENSRNOG00000035591",0
"ENSRNOG00000040429",0
"ENSRNOG00000062268",2
"ENSRNOG00000009191",0
"ENSRNOG00000006763",683
"ENSRNOG00000036445",0
"ENSRNOG00000008552",56
"ENSRNOG00000041411",0
"ENSRNOG00000066687",0
"ENSRNOG00000015756",348
"ENSRNOG00000016033",58
"ENSRNOG00000035452",0
"ENSRNOG00000008346",0
"ENSRNOG00000035542",0
"ENSRNOG00000035554",0
"ENSRNOG00000035563",0
"ENSRNOG00000070181",0
"ENSRNOG00000056184",141
"ENSRNOG00000025711",264
"ENSRNOG00000005498",0
"ENSRNOG00000059414",0
"ENSRNOG00000025997",766
"ENSRNOG00000006767",3
"ENSRNOG00000035566",0
"ENSRNOG00000004560",1
"ENSRNOG00000068538",0
"ENSRNOG00000036443",0
"ENSRNOG00000004966",0
"ENSRNOG00000008825",1934
"ENSRNOG00000000012",0
"ENSRNOG00000035570",1
"ENSRNOG00000012987",0
"ENSRNOG00000032778",503
"ENSRNOG00000049532",0
"ENSRNOG00000018899",0
"ENSRNOG00000061850",0
"ENSRNOG00000048524",0
"ENSRNOG00000007359",448
"ENSRNOG00000053607",387
"ENSRNOG00000009588",0
"ENSRNOG00000049688",2
"ENSRNOG00000018286",2
"ENSRNOG00000035619",0
"ENSRNOG00000016097",0
"ENSRNOG00000035630",0
"ENSRNOG00000064324",0
"ENSRNOG00000006830",0
"ENSRNOG00000035496",5
"ENSRNOG00000001510",11
"ENSRNOG00000022033",0
"ENSRNOG00000005990",201
"ENSRNOG00000008091",91
"ENSRNOG00000035593",0
"ENSRNOG00000048914",2
"ENSRNOG00000001596",3494
"ENSRNOG00000009951",217
"ENSRNOG00000006961",1651
"ENSRNOG00000023393",1864
"ENSRNOG00000052954",1
"ENSRNOG00000008165",1459
"ENSRNOG00000007528",0
"ENSRNOG00000028187",0
"ENSRNOG00000054086",0
"ENSRNOG00000023477",0
"ENSRNOG00000047374",15290
"ENSRNOG00000025286",343
"ENSRNOG00000008837",46
"ENSRNOG00000018991",1280
"ENSRNOG00000060479",1284
"ENSRNOG00000008534",27
"ENSRNOG00000056984",571
"ENSRNOG00000010068",109
"ENSRNOG00000026061",3
"ENSRNOG00000009331",3
"ENSRNOG00000018485",60
"ENSRNOG00000042373",0
"ENSRNOG00000007532",461
"ENSRNOG00000008822",6749
"ENSRNOG00000069925",71
"ENSRNOG00000001580",121
"ENSRNOG00000025889",23
"ENSRNOG00000012166",4
"ENSRNOG00000022015",239
"ENSRNOG00000062644",1
"ENSRNOG00000066055",0
"ENSRNOG00000007710",275
"ENSRNOG00000050946",180
"ENSRNOG00000001559",429
"ENSRNOG00000022938",217
"ENSRNOG00000017824",626
"ENSRNOG00000012419",24
"ENSRNOG00000009528",0
"ENSRNOG00000050204",234
"ENSRNOG00000036898",0
"ENSRNOG00000005668",444
"ENSRNOG00000009735",0
"ENSRNOG00000012798",634
"ENSRNOG00000023154",0
"ENSRNOG00000024693",0
"ENSRNOG00000005307",13
"ENSRNOG00000009245",90
"ENSRNOG00000067863",0
"ENSRNOG00000005132",0
"ENSRNOG00000063156",0
"ENSRNOG00000026111",2
"ENSRNOG00000036897",0
"ENSRNOG00000013973",53
"ENSRNOG00000068771",0
"ENSRNOG00000021560",0
"ENSRNOG00000013837",1150
"ENSRNOG00000014050",163
"ENSRNOG00000064796",0
"ENSRNOG00000058983",0
"ENSRNOG00000023352",5
"ENSRNOG00000031951",21
"ENSRNOG00000054405",0
"ENSRNOG00000001587",0
"ENSRNOG00000036870",0
"ENSRNOG00000069591",11
"ENSRNOG00000001581",37
"ENSRNOG00000005281",503
"ENSRNOG00000070431",0
"ENSRNOG00000014230",3137
"ENSRNOG00000007622",306
"ENSRNOG00000046585",224
"ENSRNOG00000067347",0
"ENSRNOG00000006241",879
"ENSRNOG00000011457",0
"ENSRNOG00000019047",2017
"ENSRNOG00000057756",897
"ENSRNOG00000019299",258
"ENSRNOG00000021243",13
"ENSRNOG00000055226",1839
"ENSRNOG00000069524",9
"ENSRNOG00000048056",54
"ENSRNOG00000006623",768
"ENSRNOG00000011726",0
"ENSRNOG00000006002",836
"ENSRNOG00000005008",5
"ENSRNOG00000032195",21
"ENSRNOG00000043149",0
"ENSRNOG00000071098",0
"ENSRNOG00000017346",0
"ENSRNOG00000066809",0
"ENSRNOG00000063330",0
"ENSRNOG00000019467",0
"ENSRNOG00000062489",0
"ENSRNOG00000067142",0
"ENSRNOG00000065732",0
"ENSRNOG00000024412",0
"ENSRNOG00000009747",0
"ENSRNOG00000064071",0
"ENSRNOG00000009369",41
"ENSRNOG00000063708",0
"ENSRNOG00000066446",0
"ENSRNOG00000005359",0
"ENSRNOG00000065809",0
"ENSRNOG00000063795",0
"ENSRNOG00000069299",0
"ENSRNOG00000069133",0
"ENSRNOG00000014436",548
"ENSRNOG00000005950",0
"ENSRNOG00000018719",163
"ENSRNOG00000007911",0
"ENSRNOG00000062335",0
"ENSRNOG00000007816",10
"ENSRNOG00000069989",0
"ENSRNOG00000013243",0
"ENSRNOG00000062410",0
"ENSRNOG00000065893",219
"ENSRNOG00000018657",506
"ENSRNOG00000039210",1
"ENSRNOG00000067314",0
"ENSRNOG00000030763",0
"ENSRNOG00000047596",1
"ENSRNOG00000067265",0
"ENSRNOG00000066602",0
"ENSRNOG00000065951",0
"ENSRNOG00000065387",0
"ENSRNOG00000016352",1799
"ENSRNOG00000004649",0
"ENSRNOG00000046644",820
"ENSRNOG00000067924",0
"ENSRNOG00000068962",0
"ENSRNOG00000052968",681
"ENSRNOG00000007954",0
"ENSRNOG00000065239",0
"ENSRNOG00000007962",0
"ENSRNOG00000014573",9
"ENSRNOG00000007965",0
"ENSRNOG00000065830",0
"ENSRNOG00000050899",822
"ENSRNOG00000059965",0
"ENSRNOG00000068403",8
"ENSRNOG00000062527",0
"ENSRNOG00000042248",0
"ENSRNOG00000010104",1312
"ENSRNOG00000065937",299
"ENSRNOG00000014845",0
"ENSRNOG00000009355",420
"ENSRNOG00000067990",0
"ENSRNOG00000031803",0
"ENSRNOG00000070601",0
"ENSRNOG00000017777",1074
"ENSRNOG00000001547",326
"ENSRNOG00000005868",539
"ENSRNOG00000067752",7
"ENSRNOG00000063740",0
"ENSRNOG00000023064",30
"ENSRNOG00000066366",0
"ENSRNOG00000068131",2
"ENSRNOG00000019339",17
"ENSRNOG00000068529",0
"ENSRNOG00000063044",38
"ENSRNOG00000004858",0
"ENSRNOG00000063189",70
"ENSRNOG00000052498",2336
"ENSRNOG00000064033",0
"ENSRNOG00000015018",13853
"ENSRNOG00000046772",2
"ENSRNOG00000014034",1461
"ENSRNOG00000036719",83
"ENSRNOG00000007567",2
"ENSRNOG00000063409",0
"ENSRNOG00000027015",1916
"ENSRNOG00000007977",0
"ENSRNOG00000001593",614
"ENSRNOG00000022868",16
"ENSRNOG00000010086",624
"ENSRNOG00000066934",0
"ENSRNOG00000062761",0
"ENSRNOG00000061129",596
"ENSRNOG00000067572",0
"ENSRNOG00000064233",7974
"ENSRNOG00000063025",0
"ENSRNOG00000061690",12
"ENSRNOG00000017405",2015
"ENSRNOG00000069264",0
"ENSRNOG00000013232",124
"ENSRNOG00000005049",7
"ENSRNOG00000006433",0
"ENSRNOG00000056063",4
"ENSRNOG00000027221",0
"ENSRNOG00000012682",12
"ENSRNOG00000064193",0
"ENSRNOG00000005727",4
"ENSRNOG00000066844",1
"ENSRNOG00000063285",0
"ENSRNOG00000051498",1217
"ENSRNOG00000064353",0
"ENSRNOG00000028708",0
"ENSRNOG00000071108",380
"ENSRNOG00000069830",28
"ENSRNOG00000017447",987
"ENSRNOG00000001578",66
"ENSRNOG00000067612",0
"ENSRNOG00000053144",2
"ENSRNOG00000070822",0
"ENSRNOG00000011202",0
"ENSRNOG00000001577",64
"ENSRNOG00000031834",6
"ENSRNOG00000063547",0
"ENSRNOG00000016708",143
"ENSRNOG00000018406",1343
"ENSRNOG00000067081",0
"ENSRNOG00000028616",0
"ENSRNOG00000063082",0
"ENSRNOG00000070279",2
"ENSRNOG00000026770",3
"ENSRNOG00000067568",0
"ENSRNOG00000068313",0
"ENSRNOG00000016583",2
"ENSRNOG00000064529",0
"ENSRNOG00000053098",0
"ENSRNOG00000036896",0
"ENSRNOG00000062816",0
"ENSRNOG00000007558",0
"ENSRNOG00000062999",0
"ENSRNOG00000024457",0
"ENSRNOG00000054557",681
"ENSRNOG00000036895",0
"ENSRNOG00000011624",26
"ENSRNOG00000064774",0
"ENSRNOG00000019987",1128
"ENSRNOG00000063995",0
"ENSRNOG00000019992",1695
"ENSRNOG00000065729",899
"ENSRNOG00000056853",2125
"ENSRNOG00000061768",1
"ENSRNOG00000024595",1015
"ENSRNOG00000065798",0
"ENSRNOG00000060010",251
"ENSRNOG00000010326",31
"ENSRNOG00000066950",0
"ENSRNOG00000019848",2029
"ENSRNOG00000063125",0
"ENSRNOG00000059919",172
"ENSRNOG00000012651",356
"ENSRNOG00000063947",0
"ENSRNOG00000043258",0
"ENSRNOG00000016288",475
"ENSRNOG00000053332",5
"ENSRNOG00000070748",0
"ENSRNOG00000011798",1730
"ENSRNOG00000064674",0
"ENSRNOG00000016547",1471
"ENSRNOG00000032597",0
"ENSRNOG00000070703",0
"ENSRNOG00000008235",5
"ENSRNOG00000043150",14
"ENSRNOG00000016768",1
"ENSRNOG00000068000",0
"ENSRNOG00000008604",826
"ENSRNOG00000065767",0
"ENSRNOG00000001572",0
"ENSRNOG00000054245",0
"ENSRNOG00000070780",15
"ENSRNOG00000013339",253
"ENSRNOG00000065667",0
"ENSRNOG00000059153",0
"ENSRNOG00000012603",377
"ENSRNOG00000050277",786
"ENSRNOG00000020225",1644
"ENSRNOG00000013657",1
"ENSRNOG00000062899",0
"ENSRNOG00000065812",0
"ENSRNOG00000001597",1271
"ENSRNOG00000064911",0
"ENSRNOG00000064654",0
"ENSRNOG00000053430",0
"ENSRNOG00000014424",0
"ENSRNOG00000064180",0
"ENSRNOG00000062312",0
"ENSRNOG00000008596",20
"ENSRNOG00000068113",0
"ENSRNOG00000019065",0
"ENSRNOG00000015067",818
"ENSRNOG00000063322",0
"ENSRNOG00000027513",864
"ENSRNOG00000063792",0
"ENSRNOG00000001588",241
"ENSRNOG00000063578",0
"ENSRNOG00000024815",3
"ENSRNOG00000038165",3
"ENSRNOG00000067615",0
"ENSRNOG00000062563",0
"ENSRNOG00000034174",0
"ENSRNOG00000001514",128
"ENSRNOG00000065210",0
"ENSRNOG00000069009",0
"ENSRNOG00000015558",1
"ENSRNOG00000004861",213
"ENSRNOG00000065773",0
"ENSRNOG00000013992",125
"ENSRNOG00000069927",0
"ENSRNOG00000015202",2959
"ENSRNOG00000064935",0
"ENSRNOG00000030212",27
"ENSRNOG00000067933",0
"ENSRNOG00000010275",76
"ENSRNOG00000005609",0
"ENSRNOG00000067390",0
"ENSRNOG00000006112",0
"ENSRNOG00000069529",0
"ENSRNOG00000066625",0
"ENSRNOG00000060449",120
"ENSRNOG00000015637",4
"ENSRNOG00000014235",123
"ENSRNOG00000054497",580
"ENSRNOG00000049336",43
"ENSRNOG00000017939",275
"ENSRNOG00000007341",47
"ENSRNOG00000051420",410
"ENSRNOG00000069601",0
"ENSRNOG00000014592",97
"ENSRNOG00000050123",0
"ENSRNOG00000006654",0
"ENSRNOG00000057245",5
"ENSRNOG00000061249",0
"ENSRNOG00000016062",383
"ENSRNOG00000052405",0
"ENSRNOG00000065177",0
"ENSRNOG00000064679",0
"ENSRNOG00000015359",0
"ENSRNOG00000062804",0
"ENSRNOG00000047874",570
"ENSRNOG00000009354",27
"ENSRNOG00000067869",0
"ENSRNOG00000010894",360
"ENSRNOG00000065868",0
"ENSRNOG00000040284",0
"ENSRNOG00000030476",4473
"ENSRNOG00000050697",4
"ENSRNOG00000042556",503
"ENSRNOG00000001548",4479
"ENSRNOG00000070103",0
"ENSRNOG00000046151",0
"ENSRNOG00000063457",0
"ENSRNOG00000022490",802
"ENSRNOG00000024846",720
"ENSRNOG00000016989",542
"ENSRNOG00000007492",14476
"ENSRNOG00000046473",0
"ENSRNOG00000067028",0
"ENSRNOG00000013267",252
"ENSRNOG00000069882",1
"ENSRNOG00000030143",111
"ENSRNOG00000046849",0
"ENSRNOG00000065516",0
"ENSRNOG00000067266",0
"ENSRNOG00000069995",0
"ENSRNOG00000033799",0
"ENSRNOG00000012722",1031
"ENSRNOG00000049460",0
"ENSRNOG00000029787",0
"ENSRNOG00000055984",2207
"ENSRNOG00000032102",0
"ENSRNOG00000019340",196
"ENSRNOG00000029627",807
"ENSRNOG00000028690",2770
"ENSRNOG00000062692",0
"ENSRNOG00000013371",0
"ENSRNOG00000048601",1
"ENSRNOG00000027533",10
"ENSRNOG00000027510",0
"ENSRNOG00000053691",10838
"ENSRNOG00000064291",0
"ENSRNOG00000069831",0
"ENSRNOG00000018288",2511
"ENSRNOG00000068577",7
"ENSRNOG00000046568",47
"ENSRNOG00000069411",39
"ENSRNOG00000005109",0
"ENSRNOG00000029793",0
"ENSRNOG00000064950",298
"ENSRNOG00000005951",85
"ENSRNOG00000065751",0
"ENSRNOG00000067302",61
"ENSRNOG00000007605",1495
"ENSRNOG00000023181",126
"ENSRNOG00000065953",0
"ENSRNOG00000017404",667
"ENSRNOG00000028492",0
"ENSRNOG00000023090",0
"ENSRNOG00000028543",2479
"ENSRNOG00000017843",518
"ENSRNOG00000067031",0
"ENSRNOG00000016248",1
"ENSRNOG00000029423",733
"ENSRNOG00000069321",101
"ENSRNOG00000013003",0
"ENSRNOG00000031453",891
"ENSRNOG00000059460",312
"ENSRNOG00000052519",27
"ENSRNOG00000055484",0
"ENSRNOG00000070077",0
"ENSRNOG00000068234",0
"ENSRNOG00000009376",0
"ENSRNOG00000034115",0
"ENSRNOG00000030468",0
"ENSRNOG00000036813",340
"ENSRNOG00000009227",0
"ENSRNOG00000068114",0
"ENSRNOG00000067898",0
"ENSRNOG00000031811",0
"ENSRNOG00000064459",0
"ENSRNOG00000065446",0
"ENSRNOG00000066979",0
"ENSRNOG00000068209",0
"ENSRNOG00000034047",0
"ENSRNOG00000049954",0
"ENSRNOG00000065296",0
"ENSRNOG00000069515",0
"ENSRNOG00000007583",3678
"ENSRNOG00000037837",0
"ENSRNOG00000037834",0
"ENSRNOG00000009693",0
"ENSRNOG00000006395",1
"ENSRNOG00000010052",0
"ENSRNOG00000009526",0
"ENSRNOG00000036934",707
"ENSRNOG00000064583",0
"ENSRNOG00000061609",0
"ENSRNOG00000030662",0
"ENSRNOG00000006236",124
"ENSRNOG00000051828",0
"ENSRNOG00000058567",0
"ENSRNOG00000063901",5
"ENSRNOG00000060260",0
"ENSRNOG00000034031",0
"ENSRNOG00000049901",0
"ENSRNOG00000033994",0
"ENSRNOG00000007827",10
"ENSRNOG00000045634",0
"ENSRNOG00000015794",325
"ENSRNOG00000015393",0
"ENSRNOG00000015696",105
"ENSRNOG00000025238",1
"ENSRNOG00000010417",211
"ENSRNOG00000024437",1534
"ENSRNOG00000024923",97
"ENSRNOG00000063306",0
"ENSRNOG00000012880",566
"ENSRNOG00000010538",796
"ENSRNOG00000012923",787
"ENSRNOG00000020246",4986
"ENSRNOG00000010625",51
"ENSRNOG00000012956",48
"ENSRNOG00000017086",106
"ENSRNOG00000063087",3635
"ENSRNOG00000069424",0
"ENSRNOG00000066059",0
"ENSRNOG00000063436",0
"ENSRNOG00000070108",0
"ENSRNOG00000069317",0
"ENSRNOG00000069667",0
"ENSRNOG00000062823",0
"ENSRNOG00000068434",0
"ENSRNOG00000005898",0
"ENSRNOG00000063311",0
"ENSRNOG00000021949",0
"ENSRNOG00000021920",0
"ENSRNOG00000071089",0
"ENSRNOG00000010179",0
"ENSRNOG00000069875",0
"ENSRNOG00000021658",0
"ENSRNOG00000068369",0
"ENSRNOG00000014429",839
"ENSRNOG00000014798",1091
"ENSRNOG00000058658",2755
"ENSRNOG00000028215",607
"ENSRNOG00000059846",0
"ENSRNOG00000065166",0
"ENSRNOG00000067074",0
"ENSRNOG00000053266",0
"ENSRNOG00000065851",0
"ENSRNOG00000062725",0
"ENSRNOG00000058802",0
"ENSRNOG00000067376",8
"ENSRNOG00000062330",1
"ENSRNOG00000056867",0
"ENSRNOG00000009155",483
"ENSRNOG00000066442",0
"ENSRNOG00000068132",0
"ENSRNOG00000067253",0
"ENSRNOG00000066113",0
"ENSRNOG00000062921",0
"ENSRNOG00000068952",0
"ENSRNOG00000060254",0
"ENSRNOG00000009397",465
"ENSRNOG00000056350",7
"ENSRNOG00000061517",0
"ENSRNOG00000069001",0
"ENSRNOG00000054178",0
"ENSRNOG00000067931",17
"ENSRNOG00000053758",0
"ENSRNOG00000057896",0
"ENSRNOG00000053318",0
"ENSRNOG00000009723",611
"ENSRNOG00000060304",0
"ENSRNOG00000069333",0
"ENSRNOG00000063509",0
"ENSRNOG00000057181",0
"ENSRNOG00000064895",0
"ENSRNOG00000052528",0
"ENSRNOG00000053730",0
"ENSRNOG00000057217",0
"ENSRNOG00000058017",0
"ENSRNOG00000061392",0
"ENSRNOG00000008467",3
"ENSRNOG00000065636",0
"ENSRNOG00000058635",8
"ENSRNOG00000060700",0
"ENSRNOG00000055165",0
"ENSRNOG00000064572",0
"ENSRNOG00000070539",0
"ENSRNOG00000065355",0
"ENSRNOG00000057737",6
"ENSRNOG00000061689",0
"ENSRNOG00000053257",0
"ENSRNOG00000051919",0
"ENSRNOG00000063274",0
"ENSRNOG00000056775",0
"ENSRNOG00000059287",0
"ENSRNOG00000056709",0
"ENSRNOG00000062752",0
"ENSRNOG00000054556",0
"ENSRNOG00000058974",0
"ENSRNOG00000069316",0
"ENSRNOG00000064743",24630
"ENSRNOG00000069960",18
"ENSRNOG00000062337",387113
"ENSRNOG00000064311",0
"ENSRNOG00000070537",0
"ENSRNOG00000015285",332
"ENSRNOG00000064600",0
"ENSRNOG00000053739",0
"ENSRNOG00000071124",0
"ENSRNOG00000051556",0
"ENSRNOG00000055988",0
"ENSRNOG00000052329",0
"ENSRNOG00000070840",0
"ENSRNOG00000051794",0
"ENSRNOG00000065344",0
"ENSRNOG00000061411",0
"ENSRNOG00000070340",0
"ENSRNOG00000070766",2
"ENSRNOG00000054047",0
"ENSRNOG00000056813",1
"ENSRNOG00000063896",0
"ENSRNOG00000054708",0
"ENSRNOG00000064326",0
"ENSRNOG00000060698",0
"ENSRNOG00000053336",0
"ENSRNOG00000059523",0
"ENSRNOG00000065124",0
"ENSRNOG00000053475",0
"ENSRNOG00000052086",0
"ENSRNOG00000062753",0
"ENSRNOG00000066102",0
"ENSRNOG00000059174",0
"ENSRNOG00000069379",0
"ENSRNOG00000065949",0
"ENSRNOG00000058281",0
"ENSRNOG00000066419",0
"ENSRNOG00000056973",7
"ENSRNOG00000065896",0
"ENSRNOG00000058689",0
"ENSRNOG00000053480",0
"ENSRNOG00000058037",0
"ENSRNOG00000053815",0
"ENSRNOG00000053851",0
"ENSRNOG00000056125",0
"ENSRNOG00000065708",0
"ENSRNOG00000068166",0
"ENSRNOG00000071177",0
"ENSRNOG00000057105",0
"ENSRNOG00000059003",0
"ENSRNOG00000006669",0
"ENSRNOG00000051675",0
"ENSRNOG00000065635",0
"ENSRNOG00000054461",0
"ENSRNOG00000052295",0
"ENSRNOG00000067981",6
"ENSRNOG00000006706",0
"ENSRNOG00000067405",0
"ENSRNOG00000070841",2
"ENSRNOG00000069917",2
"ENSRNOG00000006716",0
"ENSRNOG00000051785",0
"ENSRNOG00000060319",0
"ENSRNOG00000047981",0
"ENSRNOG00000069972",0
"ENSRNOG00000043148",0
"ENSRNOG00000016067",3125
"ENSRNOG00000016325",1
"ENSRNOG00000062667",0
"ENSRNOG00000005413",9987
"ENSRNOG00000007732",565
"ENSRNOG00000008674",81
"ENSRNOG00000068495",0
"ENSRNOG00000065980",0
"ENSRNOG00000068843",0
"ENSRNOG00000000047",593
"ENSRNOG00000008000",0
"ENSRNOG00000017422",849
"ENSRNOG00000017737",856
"ENSRNOG00000010495",952
"ENSRNOG00000034025",581
"ENSRNOG00000007241",1309
"ENSRNOG00000007989",1
"ENSRNOG00000069579",1
"ENSRNOG00000029798",0
"ENSRNOG00000000008",1
"ENSRNOG00000008944",4706
"ENSRNOG00000070512",0
"ENSRNOG00000066316",0
"ENSRNOG00000009689",1703
"ENSRNOG00000017556",1
"ENSRNOG00000017560",5
"ENSRNOG00000037567",102
"ENSRNOG00000004623",1
"ENSRNOG00000006353",5
"ENSRNOG00000006539",276
"ENSRNOG00000006884",0
"ENSRNOG00000058478",725
"ENSRNOG00000010379",2497
"ENSRNOG00000007478",996
"ENSRNOG00000011208",37
"ENSRNOG00000011414",2358
"ENSRNOG00000031275",64
"ENSRNOG00000011981",1161
"ENSRNOG00000004639",306
"ENSRNOG00000021678",433
"ENSRNOG00000005191",1046
"ENSRNOG00000009630",1487
"ENSRNOG00000004666",12
"ENSRNOG00000036864",9
"ENSRNOG00000009199",418
"ENSRNOG00000068949",38
"ENSRNOG00000049208",4
"ENSRNOG00000042533",0
"ENSRNOG00000069924",0
"ENSRNOG00000070459",327
"ENSRNOG00000016037",0
"ENSRNOG00000048701",1455
"ENSRNOG00000016610",5642
"ENSRNOG00000050529",123
"ENSRNOG00000064257",2
"ENSRNOG00000025067",66
"ENSRNOG00000016984",2073
"ENSRNOG00000004451",0
"ENSRNOG00000068305",605
"ENSRNOG00000005348",4
"ENSRNOG00000053869",0
"ENSRNOG00000010312",0
"ENSRNOG00000064332",0
"ENSRNOG00000007484",0
"ENSRNOG00000067719",13
"ENSRNOG00000067055",2
"ENSRNOG00000063773",3
"ENSRNOG00000069165",0
"ENSRNOG00000062319",4
"ENSRNOG00000010963",2
"ENSRNOG00000069090",0
"ENSRNOG00000066343",3
"ENSRNOG00000067023",2
"ENSRNOG00000065376",14
"ENSRNOG00000069349",0
"ENSRNOG00000058055",0
"ENSRNOG00000066007",0
"ENSRNOG00000068825",331
"ENSRNOG00000069700",26
"ENSRNOG00000063761",47
"ENSRNOG00000006063",1543
"ENSRNOG00000067544",0
"ENSRNOG00000067396",0
"ENSRNOG00000070205",0
"ENSRNOG00000067522",0
"ENSRNOG00000070744",0
"ENSRNOG00000065622",0
"ENSRNOG00000066142",0
"ENSRNOG00000065744",79
"ENSRNOG00000064637",0
"ENSRNOG00000063318",0
"ENSRNOG00000066238",0
"ENSRNOG00000067765",0
"ENSRNOG00000067455",0
"ENSRNOG00000062687",0
"ENSRNOG00000052005",0
"ENSRNOG00000067731",0
"ENSRNOG00000064969",10
"ENSRNOG00000070210",25
"ENSRNOG00000068169",0
"ENSRNOG00000067380",0
"ENSRNOG00000067089",346
"ENSRNOG00000070157",0
"ENSRNOG00000064136",9814
"ENSRNOG00000009401",5
"ENSRNOG00000064341",30
"ENSRNOG00000026636",0
"ENSRNOG00000062648",193
"ENSRNOG00000069159",6
"ENSRNOG00000008510",287
"ENSRNOG00000066737",5
"ENSRNOG00000068911",0
"ENSRNOG00000069378",5
"ENSRNOG00000069611",7
"ENSRNOG00000069146",1
"ENSRNOG00000065046",26
"ENSRNOG00000068078",9
"ENSRNOG00000068246",1
"ENSRNOG00000011358",1758
"ENSRNOG00000065681",0
"ENSRNOG00000063367",0
"ENSRNOG00000070813",0
"ENSRNOG00000061836",0
"ENSRNOG00000068032",0
"ENSRNOG00000063540",25
"ENSRNOG00000067112",0
"ENSRNOG00000066122",1
"ENSRNOG00000070761",0
"ENSRNOG00000067412",1
"ENSRNOG00000064915",240
"ENSRNOG00000063568",1
"ENSRNOG00000067896",0
"ENSRNOG00000070221",0
"ENSRNOG00000070795",0
"ENSRNOG00000062964",0
"ENSRNOG00000065897",345
"ENSRNOG00000052827",6
"ENSRNOG00000064762",116
"ENSRNOG00000065163",379
"ENSRNOG00000063354",1
"ENSRNOG00000068686",27
"ENSRNOG00000069326",0
"ENSRNOG00000068224",30
"ENSRNOG00000054061",0
"ENSRNOG00000070815",0
"ENSRNOG00000064472",0
"ENSRNOG00000070490",156
"ENSRNOG00000062511",0
"ENSRNOG00000068942",0
"ENSRNOG00000063325",11
"ENSRNOG00000062704",0
"ENSRNOG00000066285",0
"ENSRNOG00000070057",0
"ENSRNOG00000066525",0
"ENSRNOG00000067868",0
"ENSRNOG00000062925",0
"ENSRNOG00000063654",0
"ENSRNOG00000069787",102
"ENSRNOG00000068062",0
"ENSRNOG00000070411",8
"ENSRNOG00000064076",5
"ENSRNOG00000067710",8
"ENSRNOG00000053452",7
"ENSRNOG00000070254",0
"ENSRNOG00000063086",0
"ENSRNOG00000065083",0
"ENSRNOG00000068479",3
"ENSRNOG00000070295",0
"ENSRNOG00000064363",0
"ENSRNOG00000064963",0
"ENSRNOG00000070955",0
"ENSRNOG00000063662",1
"ENSRNOG00000070379",0
"ENSRNOG00000069367",9
"ENSRNOG00000064955",412
"ENSRNOG00000062419",0
"ENSRNOG00000065584",1
"ENSRNOG00000062501",0
"ENSRNOG00000063222",0
"ENSRNOG00000064512",7
"ENSRNOG00000063566",0
"ENSRNOG00000067277",0
"ENSRNOG00000068851",0
"ENSRNOG00000069642",2
"ENSRNOG00000066196",2
"ENSRNOG00000068429",0
"ENSRNOG00000069049",3
"ENSRNOG00000066025",4
"ENSRNOG00000069437",57
"ENSRNOG00000070640",0
"ENSRNOG00000070962",0
"ENSRNOG00000067626",1
"ENSRNOG00000070503",152
"ENSRNOG00000067060",0
"ENSRNOG00000050251",0
"ENSRNOG00000037160",51
"ENSRNOG00000069505",0
"ENSRNOG00000064610",2
"ENSRNOG00000065609",0
"ENSRNOG00000058578",1
"ENSRNOG00000064265",0
"ENSRNOG00000067465",10
"ENSRNOG00000070243",3
"ENSRNOG00000064821",7
"ENSRNOG00000062653",181
"ENSRNOG00000063658",0
"ENSRNOG00000066318",14
"ENSRNOG00000065212",1
"ENSRNOG00000068360",12
"ENSRNOG00000069833",3
"ENSRNOG00000070304",5
"ENSRNOG00000069580",0
"ENSRNOG00000070087",3
"ENSRNOG00000065411",798
"ENSRNOG00000067542",446
"ENSRNOG00000067833",1
"ENSRNOG00000070310",0
"ENSRNOG00000067192",203
"ENSRNOG00000069506",1
"ENSRNOG00000069954",0
"ENSRNOG00000070276",0
"ENSRNOG00000070155",4
"ENSRNOG00000071014",0
"ENSRNOG00000064629",0
"ENSRNOG00000064961",3132
"ENSRNOG00000064726",0
"ENSRNOG00000070322",0
"ENSRNOG00000068358",3
"ENSRNOG00000066754",56
"ENSRNOG00000063293",4
"ENSRNOG00000008845",0
"ENSRNOG00000056754",0
"ENSRNOG00000052433",0
"ENSRNOG00000069926",0
"ENSRNOG00000063989",0
"ENSRNOG00000067270",0
"ENSRNOG00000065838",5
"ENSRNOG00000064539",224
"ENSRNOG00000067187",139
"ENSRNOG00000063496",1366
"ENSRNOG00000065916",2
"ENSRNOG00000066884",26
"ENSRNOG00000063689",6
"ENSRNOG00000065658",23
"ENSRNOG00000064296",2
"ENSRNOG00000063485",0
"ENSRNOG00000068542",1
"ENSRNOG00000063969",3
"ENSRNOG00000065889",0
"ENSRNOG00000067579",34
"ENSRNOG00000060921",0
"ENSRNOG00000062592",15
"ENSRNOG00000068361",0
"ENSRNOG00000060690",0
"ENSRNOG00000007189",12
"ENSRNOG00000010162",1
"ENSRNOG00000010169",324
"ENSRNOG00000043513",0
"ENSRNOG00000069046",0
"ENSRNOG00000062580",1
"ENSRNOG00000055704",0
"ENSRNOG00000059478",1
"ENSRNOG00000061098",0
"ENSRNOG00000063504",4
"ENSRNOG00000059967",0
"ENSRNOG00000061554",0
"ENSRNOG00000066362",0
"ENSRNOG00000070286",0
"ENSRNOG00000053078",0
"ENSRNOG00000030938",0
"ENSRNOG00000065607",0
"ENSRNOG00000061536",0
"ENSRNOG00000053163",4
"ENSRNOG00000061662",0
"ENSRNOG00000065760",6
"ENSRNOG00000061673",0
"ENSRNOG00000053219",2
"ENSRNOG00000058210",0
"ENSRNOG00000056999",0
"ENSRNOG00000058179",0
"ENSRNOG00000051842",0
"ENSRNOG00000054998",6
"ENSRNOG00000056882",0
"ENSRNOG00000053809",0
"ENSRNOG00000067577",0
"ENSRNOG00000060664",0
"ENSRNOG00000051511",0
"ENSRNOG00000057428",4
"ENSRNOG00000067580",5
"ENSRNOG00000067776",2
"ENSRNOG00000061368",0
"ENSRNOG00000013255",436
"ENSRNOG00000060425",0
"ENSRNOG00000055493",0
"ENSRNOG00000028841",0
"ENSRNOG00000070317",0
"ENSRNOG00000055928",0
"ENSRNOG00000066976",0
"ENSRNOG00000065002",0
"ENSRNOG00000067914",1
"ENSRNOG00000009983",1261
"ENSRNOG00000040424",0
"ENSRNOG00000063875",0
"ENSRNOG00000051524",1
"ENSRNOG00000049006",0
"ENSRNOG00000064797",0
"ENSRNOG00000041219",0
"ENSRNOG00000009138",0
"ENSRNOG00000070223",0
"ENSRNOG00000035508",0
"ENSRNOG00000064967",0
"ENSRNOG00000045994",0
"ENSRNOG00000060316",0
"ENSRNOG00000055618",0
"ENSRNOG00000035512",0
"ENSRNOG00000056677",0
"ENSRNOG00000010241",68
"ENSRNOG00000035640",0
"ENSRNOG00000054684",0
"ENSRNOG00000036266",0
"ENSRNOG00000064979",0
"ENSRNOG00000052476",0
"ENSRNOG00000035596",0
"ENSRNOG00000058642",0
"ENSRNOG00000044314",0
"ENSRNOG00000013085",0
"ENSRNOG00000054528",0
"ENSRNOG00000041320",0
"ENSRNOG00000059917",2
"ENSRNOG00000048754",1
"ENSRNOG00000069225",1
"ENSRNOG00000006926",0
"ENSRNOG00000055018",0
"ENSRNOG00000035595",0
"ENSRNOG00000052786",0
"ENSRNOG00000046923",1
"ENSRNOG00000068752",0
"ENSRNOG00000068070",0
"ENSRNOG00000035650",0
"ENSRNOG00000056403",0
"ENSRNOG00000059914",0
"ENSRNOG00000035623",0
"ENSRNOG00000067103",0
"ENSRNOG00000054422",0
"ENSRNOG00000041305",0
"ENSRNOG00000066353",0
"ENSRNOG00000035567",0
"ENSRNOG00000061149",0
"ENSRNOG00000046115",0
"ENSRNOG00000061771",0
"ENSRNOG00000051720",528
"ENSRNOG00000053189",0
"ENSRNOG00000035606",11
"ENSRNOG00000008025",12
"ENSRNOG00000057640",0
"ENSRNOG00000035599",2
"ENSRNOG00000067716",0
"ENSRNOG00000060236",0
"ENSRNOG00000007675",70
"ENSRNOG00000063328",0
"ENSRNOG00000068470",0
"ENSRNOG00000007229",0
"ENSRNOG00000052195",0
"ENSRNOG00000064286",0
"ENSRNOG00000054051",0
"ENSRNOG00000053278",3
"ENSRNOG00000060871",0
"ENSRNOG00000012879",34
"ENSRNOG00000051940",0
"ENSRNOG00000060522",0
"ENSRNOG00000067562",0
"ENSRNOG00000054365",2
"ENSRNOG00000025145",57
"ENSRNOG00000049425",0
"ENSRNOG00000064116",0
"ENSRNOG00000052446",0
"ENSRNOG00000063781",98
"ENSRNOG00000060467",0
"ENSRNOG00000061397",0
"ENSRNOG00000068199",0
"ENSRNOG00000070443",0
"ENSRNOG00000064250",0
"ENSRNOG00000012266",170
"ENSRNOG00000006328",537
"ENSRNOG00000070552",2
"ENSRNOG00000025051",1
"ENSRNOG00000061361",6
"ENSRNOG00000067578",0
"ENSRNOG00000070652",0
"ENSRNOG00000071090",0
"ENSRNOG00000008161",0
"ENSRNOG00000060295",0
"ENSRNOG00000057993",0
"ENSRNOG00000056153",63
"ENSRNOG00000063748",0
"ENSRNOG00000054324",0
"ENSRNOG00000010531",0
"ENSRNOG00000059280",0
"ENSRNOG00000063402",0
"ENSRNOG00000068750",0
"ENSRNOG00000055378",0
"ENSRNOG00000059686",1
"ENSRNOG00000016183",203
"ENSRNOG00000065603",206
"ENSRNOG00000055936",526
"ENSRNOG00000064382",1
"ENSRNOG00000059798",0
"ENSRNOG00000066864",9
"ENSRNOG00000070292",3
"ENSRNOG00000008382",264
"ENSRNOG00000068236",2
"ENSRNOG00000062709",38
"ENSRNOG00000065785",0
"ENSRNOG00000063873",1
"ENSRNOG00000069586",0
"ENSRNOG00000065329",0
"ENSRNOG00000057838",0
"ENSRNOG00000067608",0
"ENSRNOG00000070149",0
"ENSRNOG00000063551",15
"ENSRNOG00000068006",0
"ENSRNOG00000056039",0
"ENSRNOG00000010381",923
"ENSRNOG00000068519",0
"ENSRNOG00000054425",0
"ENSRNOG00000007683",0
"ENSRNOG00000025040",0
"ENSRNOG00000060535",0
"ENSRNOG00000066962",0
"ENSRNOG00000066924",0
"ENSRNOG00000060848",0
"ENSRNOG00000065088",7
"ENSRNOG00000008516",1729
"ENSRNOG00000006110",30
"ENSRNOG00000053973",0
"ENSRNOG00000069758",26
"ENSRNOG00000011804",939
"ENSRNOG00000061024",5
"ENSRNOG00000066522",0
"ENSRNOG00000062403",5
"ENSRNOG00000055005",0
"ENSRNOG00000006681",72
"ENSRNOG00000070528",0
"ENSRNOG00000066444",61
"ENSRNOG00000064139",0
"ENSRNOG00000033165",0
"ENSRNOG00000059832",0
"ENSRNOG00000063319",45
"ENSRNOG00000007719",562
"ENSRNOG00000066993",0
"ENSRNOG00000007770",0
"ENSRNOG00000047310",0
"ENSRNOG00000068991",319
"ENSRNOG00000068451",0
"ENSRNOG00000066278",0
"ENSRNOG00000065788",0
"ENSRNOG00000063510",17
"ENSRNOG00000028991",2
"ENSRNOG00000063594",65
"ENSRNOG00000007759",11
"ENSRNOG00000068735",0
"ENSRNOG00000068879",0
"ENSRNOG00000018143",17
"ENSRNOG00000063580",2
"ENSRNOG00000066487",0
"ENSRNOG00000056532",202
"ENSRNOG00000028185",175
"ENSRNOG00000066671",0
"ENSRNOG00000068591",0
"ENSRNOG00000008600",2
"ENSRNOG00000069281",5
"ENSRNOG00000063479",0
"ENSRNOG00000066255",0
"ENSRNOG00000066634",0
"ENSRNOG00000067801",0
"ENSRNOG00000064000",0
"ENSRNOG00000007354",1
"ENSRNOG00000069384",1794
"ENSRNOG00000062975",0
"ENSRNOG00000009505",0
"ENSRNOG00000068880",3
"ENSRNOG00000067935",0
"ENSRNOG00000008688",216
"ENSRNOG00000068456",1
"ENSRNOG00000066045",0
"ENSRNOG00000065403",0
"ENSRNOG00000066878",0
"ENSRNOG00000069665",25
"ENSRNOG00000010910",279
"ENSRNOG00000069166",0
"ENSRNOG00000070508",0
"ENSRNOG00000062393",0
"ENSRNOG00000065940",0
"ENSRNOG00000063543",0
"ENSRNOG00000055591",0
"ENSRNOG00000008782",595
"ENSRNOG00000064374",0
"ENSRNOG00000069409",0
"ENSRNOG00000065324",0
"ENSRNOG00000008936",94
"ENSRNOG00000069541",6
"ENSRNOG00000032078",0
"ENSRNOG00000063242",0
"ENSRNOG00000063258",0
"ENSRNOG00000066220",79
"ENSRNOG00000046607",4
"ENSRNOG00000007258",17
"ENSRNOG00000066184",106
"ENSRNOG00000047686",0
"ENSRNOG00000063439",63
"ENSRNOG00000000121",452
"ENSRNOG00000034246",3941
"ENSRNOG00000032889",0
"ENSRNOG00000007441",4
"ENSRNOG00000054734",0
"ENSRNOG00000067062",0
"ENSRNOG00000029310",7
"ENSRNOG00000071125",0
"ENSRNOG00000067032",0
"ENSRNOG00000066117",3375
"ENSRNOG00000063856",3
"ENSRNOG00000017773",0
"ENSRNOG00000066395",0
"ENSRNOG00000008564",513
"ENSRNOG00000031506",5015
"ENSRNOG00000065404",5
"ENSRNOG00000007680",2
"ENSRNOG00000037680",0
"ENSRNOG00000070659",0
"ENSRNOG00000070457",3961
"ENSRNOG00000069843",5
"ENSRNOG00000049874",0
"ENSRNOG00000068341",1
"ENSRNOG00000008626",1408
"ENSRNOG00000063257",0
"ENSRNOG00000049922",0
"ENSRNOG00000071094",1
"ENSRNOG00000067091",0
"ENSRNOG00000063071",0
"ENSRNOG00000060478",372
"ENSRNOG00000071192",1
"ENSRNOG00000046922",1370
"ENSRNOG00000008842",0
"ENSRNOG00000068391",611
"ENSRNOG00000071031",0
"ENSRNOG00000007831",386
"ENSRNOG00000062662",2
"ENSRNOG00000042458",200
"ENSRNOG00000071088",12
"ENSRNOG00000012038",0
"ENSRNOG00000063943",1
"ENSRNOG00000064932",0
"ENSRNOG00000043113",1
"ENSRNOG00000064700",3
"ENSRNOG00000064894",3
"ENSRNOG00000070717",0
"ENSRNOG00000012219",424
"ENSRNOG00000045949",8
"ENSRNOG00000062536",0
"ENSRNOG00000065776",37
"ENSRNOG00000017244",0
"ENSRNOG00000005641",205
"ENSRNOG00000071131",4947
"ENSRNOG00000065587",161
"ENSRNOG00000071148",4214
"ENSRNOG00000069669",0
"ENSRNOG00000068731",0
"ENSRNOG00000010835",0
"ENSRNOG00000051047",10
"ENSRNOG00000070278",1
"ENSRNOG00000021792",0
"ENSRNOG00000063719",0
"ENSRNOG00000033916",1363
"ENSRNOG00000007506",232
"ENSRNOG00000064157",0
"ENSRNOG00000012586",0
"ENSRNOG00000027694",5460
"ENSRNOG00000065568",1
"ENSRNOG00000042411",133
"ENSRNOG00000069740",13
"ENSRNOG00000006487",249
"ENSRNOG00000036856",4
"ENSRNOG00000042163",482
"ENSRNOG00000064108",0
"ENSRNOG00000007238",2296
"ENSRNOG00000019979",143
"ENSRNOG00000063187",374
"ENSRNOG00000062174",3
"ENSRNOG00000065116",1
"ENSRNOG00000007291",59
"ENSRNOG00000018463",4
"ENSRNOG00000063833",0
"ENSRNOG00000068683",0
"ENSRNOG00000063501",0
"ENSRNOG00000007030",22
"ENSRNOG00000070287",0
"ENSRNOG00000018484",66
"ENSRNOG00000065369",5
"ENSRNOG00000063569",0
"ENSRNOG00000070716",0
"ENSRNOG00000068829",1
"ENSRNOG00000067678",0
"ENSRNOG00000012020",63
"ENSRNOG00000069266",14
"ENSRNOG00000007540",0
"ENSRNOG00000062968",608
"ENSRNOG00000007331",185
"ENSRNOG00000062715",2
"ENSRNOG00000065287",0
"ENSRNOG00000046192",19
"ENSRNOG00000048439",578
"ENSRNOG00000069724",1
"ENSRNOG00000009451",220
"ENSRNOG00000064153",0
"ENSRNOG00000064042",0
"ENSRNOG00000007434",3319
"ENSRNOG00000066906",25
"ENSRNOG00000063477",39
"ENSRNOG00000007590",771
"ENSRNOG00000063488",0
"ENSRNOG00000066697",5
"ENSRNOG00000064176",176
"ENSRNOG00000068084",14
"ENSRNOG00000012550",1742
"ENSRNOG00000069958",0
"ENSRNOG00000058154",0
"ENSRNOG00000070888",0
"ENSRNOG00000064753",0
"ENSRNOG00000070541",0
"ENSRNOG00000070598",0
"ENSRNOG00000067358",42
"ENSRNOG00000032585",1362
"ENSRNOG00000011254",1000
"ENSRNOG00000008841",62
"ENSRNOG00000065972",8
"ENSRNOG00000005724",996
"ENSRNOG00000064544",0
"ENSRNOG00000064551",1
"ENSRNOG00000007975",1151
"ENSRNOG00000067611",0
"ENSRNOG00000062955",0
"ENSRNOG00000067704",0
"ENSRNOG00000052948",16
"ENSRNOG00000067333",0
"ENSRNOG00000013642",2670
"ENSRNOG00000064319",0
"ENSRNOG00000070584",1
"ENSRNOG00000011445",372
"ENSRNOG00000067238",0
"ENSRNOG00000068530",6
"ENSRNOG00000065945",3
"ENSRNOG00000059973",0
"ENSRNOG00000066780",0
"ENSRNOG00000065288",555
"ENSRNOG00000069893",226
"ENSRNOG00000066276",1
"ENSRNOG00000040289",0
"ENSRNOG00000007755",5
"ENSRNOG00000013148",43
"ENSRNOG00000062404",534
"ENSRNOG00000068376",0
"ENSRNOG00000007797",177
"ENSRNOG00000069984",1
"ENSRNOG00000068659",0
"ENSRNOG00000064858",0
"ENSRNOG00000023101",144
"ENSRNOG00000071116",0
"ENSRNOG00000068170",0
"ENSRNOG00000070502",4
"ENSRNOG00000071155",1
"ENSRNOG00000067292",0
"ENSRNOG00000008634",465
"ENSRNOG00000065105",0
"ENSRNOG00000070783",42
"ENSRNOG00000067855",22
"ENSRNOG00000063712",2
"ENSRNOG00000067636",0
"ENSRNOG00000047513",711
"ENSRNOG00000064562",79
"ENSRNOG00000062079",24
"ENSRNOG00000071173",1
"ENSRNOG00000060450",0
"ENSRNOG00000008966",12
"ENSRNOG00000064724",2
"ENSRNOG00000068740",1
"ENSRNOG00000067820",0
"ENSRNOG00000065982",0
"ENSRNOG00000059476",0
"ENSRNOG00000067531",0
"ENSRNOG00000027183",438
"ENSRNOG00000064331",18
"ENSRNOG00000006996",237
"ENSRNOG00000066491",10
"ENSRNOG00000043105",611
"ENSRNOG00000063463",0
"ENSRNOG00000007829",533
"ENSRNOG00000065799",112
"ENSRNOG00000068430",0
"ENSRNOG00000057956",0
"ENSRNOG00000057229",0
"ENSRNOG00000051643",0
"ENSRNOG00000007110",22
"ENSRNOG00000007892",3532
"ENSRNOG00000010037",978
"ENSRNOG00000007793",539
"ENSRNOG00000009478",159
"ENSRNOG00000023601",0
"ENSRNOG00000009037",7424
"ENSRNOG00000067966",85
"ENSRNOG00000007867",254
"ENSRNOG00000006608",402
"ENSRNOG00000031730",232
"ENSRNOG00000006478",0
"ENSRNOG00000007240",173
"ENSRNOG00000009269",0
"ENSRNOG00000007640",0
"ENSRNOG00000040219",0
"ENSRNOG00000066186",185
"ENSRNOG00000069967",664
"ENSRNOG00000008567",1
"ENSRNOG00000069142",0
"ENSRNOG00000033979",3889
"ENSRNOG00000005634",0
"ENSRNOG00000069549",1084
"ENSRNOG00000071120",0
"ENSRNOG00000069171",0
"ENSRNOG00000009178",0
"ENSRNOG00000063836",0
"ENSRNOG00000023035",115
"ENSRNOG00000064371",0
"ENSRNOG00000049469",0
"ENSRNOG00000069296",0
"ENSRNOG00000067156",0
"ENSRNOG00000063545",0
"ENSRNOG00000006170",26
"ENSRNOG00000031494",0
"ENSRNOG00000048698",1484
"ENSRNOG00000070664",32
"ENSRNOG00000039336",123
"ENSRNOG00000070326",35
"ENSRNOG00000031031",582
"ENSRNOG00000070923",11
"ENSRNOG00000068697",0
"ENSRNOG00000014831",0
"ENSRNOG00000019186",227
"ENSRNOG00000009061",0
"ENSRNOG00000013579",6044
"ENSRNOG00000051615",2465
"ENSRNOG00000023497",0
"ENSRNOG00000063372",0
"ENSRNOG00000007490",1
"ENSRNOG00000067730",0
"ENSRNOG00000018160",7
"ENSRNOG00000005666",0
"ENSRNOG00000065946",58
"ENSRNOG00000054142",1
"ENSRNOG00000029600",0
"ENSRNOG00000008232",0
"ENSRNOG00000034161",14
"ENSRNOG00000018211",278
"ENSRNOG00000063835",1
"ENSRNOG00000042246",0
"ENSRNOG00000016621",3
"ENSRNOG00000017640",1186
"ENSRNOG00000009453",16
"ENSRNOG00000062493",0
"ENSRNOG00000014899",4
"ENSRNOG00000022990",0
"ENSRNOG00000016727",4776
"ENSRNOG00000047928",595
"ENSRNOG00000030383",24
"ENSRNOG00000031344",0
"ENSRNOG00000030914",2
"ENSRNOG00000005849",2118
"ENSRNOG00000022595",0
"ENSRNOG00000033024",10690
"ENSRNOG00000063583",0
"ENSRNOG00000017194",2030
"ENSRNOG00000006268",0
"ENSRNOG00000063201",0
"ENSRNOG00000014665",1261
"ENSRNOG00000068703",0
"ENSRNOG00000006384",519
"ENSRNOG00000069770",1
"ENSRNOG00000019484",1460
"ENSRNOG00000064351",0
"ENSRNOG00000050804",0
"ENSRNOG00000016491",0
"ENSRNOG00000063625",0
"ENSRNOG00000063142",19
"ENSRNOG00000066857",0
"ENSRNOG00000033600",0
"ENSRNOG00000065583",0
"ENSRNOG00000019586",0
"ENSRNOG00000008223",0
"ENSRNOG00000066328",29
"ENSRNOG00000050106",142
"ENSRNOG00000024197",140
"ENSRNOG00000017233",229
"ENSRNOG00000064831",72
"ENSRNOG00000070321",0
"ENSRNOG00000019609",768
"ENSRNOG00000065328",0
"ENSRNOG00000026293",834
"ENSRNOG00000055933",2
"ENSRNOG00000006485",428
"ENSRNOG00000032516",103
"ENSRNOG00000059550",318
"ENSRNOG00000056007",0
"ENSRNOG00000069822",505
"ENSRNOG00000030107",8050
"ENSRNOG00000022953",66
"ENSRNOG00000063150",51
"ENSRNOG00000024539",1680
"ENSRNOG00000064901",45
"ENSRNOG00000026234",0
"ENSRNOG00000022838",102
"ENSRNOG00000059461",1031
"ENSRNOG00000019655",406
"ENSRNOG00000008252",3
"ENSRNOG00000016776",53
"ENSRNOG00000017282",72
"ENSRNOG00000008277",877
"ENSRNOG00000009805",1890
"ENSRNOG00000008672",329
"ENSRNOG00000018229",4
"ENSRNOG00000067271",1
"ENSRNOG00000026676",0
"ENSRNOG00000017561",104
"ENSRNOG00000031013",0
"ENSRNOG00000010727",2532
"ENSRNOG00000022030",26
"ENSRNOG00000045913",1050
"ENSRNOG00000016937",1602
"ENSRNOG00000017887",113
"ENSRNOG00000017078",12920
"ENSRNOG00000025034",376
"ENSRNOG00000067890",21
"ENSRNOG00000052368",0
"ENSRNOG00000057957",19
"ENSRNOG00000046803",4
"ENSRNOG00000019381",1280
"ENSRNOG00000009015",1461
"ENSRNOG00000069459",3
"ENSRNOG00000015403",0
"ENSRNOG00000064482",0
"ENSRNOG00000019407",159
"ENSRNOG00000009595",130
"ENSRNOG00000016312",0
"ENSRNOG00000029079",136
"ENSRNOG00000023320",2
"ENSRNOG00000017523",503
"ENSRNOG00000062581",0
"ENSRNOG00000033984",127
"ENSRNOG00000019842",64
"ENSRNOG00000007982",1398
"ENSRNOG00000063399",0
"ENSRNOG00000023452",1
"ENSRNOG00000030641",2
"ENSRNOG00000056156",593
"ENSRNOG00000019735",91
"ENSRNOG00000052087",2644
"ENSRNOG00000069856",2280
"ENSRNOG00000018602",28
"ENSRNOG00000037027",0
"ENSRNOG00000019100",399
"ENSRNOG00000016810",1334
"ENSRNOG00000068711",1
"ENSRNOG00000007029",1157
"ENSRNOG00000009422",117
"ENSRNOG00000014961",894
"ENSRNOG00000007775",2237
"ENSRNOG00000024796",468
"ENSRNOG00000032994",2
"ENSRNOG00000037030",0
"ENSRNOG00000018749",0
"ENSRNOG00000024012",161
"ENSRNOG00000007671",363
"ENSRNOG00000033000",0
"ENSRNOG00000019236",458
"ENSRNOG00000014270",1761
"ENSRNOG00000015736",94
"ENSRNOG00000039559",199
"ENSRNOG00000056358",3
"ENSRNOG00000019843",279
"ENSRNOG00000066331",15
"ENSRNOG00000055061",7
"ENSRNOG00000026124",2739
"ENSRNOG00000023208",424
"ENSRNOG00000025030",246
"ENSRNOG00000060597",219
"ENSRNOG00000062943",126
"ENSRNOG00000012004",546
"ENSRNOG00000026260",4065
"ENSRNOG00000014642",26
"ENSRNOG00000027278",201
"ENSRNOG00000019956",1599
"ENSRNOG00000014970",2
"ENSRNOG00000016543",251
"ENSRNOG00000063317",1
"ENSRNOG00000012735",60
"ENSRNOG00000017087",405
"ENSRNOG00000034290",0
"ENSRNOG00000005655",47
"ENSRNOG00000007232",0
"ENSRNOG00000070725",3302
"ENSRNOG00000015476",21
"ENSRNOG00000000129",30
"ENSRNOG00000025000",646
"ENSRNOG00000007603",0
"ENSRNOG00000015967",1161
"ENSRNOG00000005703",934
"ENSRNOG00000037191",0
"ENSRNOG00000013734",0
"ENSRNOG00000043300",2
"ENSRNOG00000008288",749
"ENSRNOG00000009260",1
"ENSRNOG00000023455",1022
"ENSRNOG00000023627",1
"ENSRNOG00000009325",1424
"ENSRNOG00000008314",299
"ENSRNOG00000017130",1
"ENSRNOG00000013820",0
"ENSRNOG00000029427",43
"ENSRNOG00000066284",1
"ENSRNOG00000022402",1180
"ENSRNOG00000008643",85
"ENSRNOG00000006924",0
"ENSRNOG00000016536",81
"ENSRNOG00000021718",425
"ENSRNOG00000050636",382
"ENSRNOG00000007037",5
"ENSRNOG00000007992",1696
"ENSRNOG00000010270",0
"ENSRNOG00000027731",0
"ENSRNOG00000008908",324
"ENSRNOG00000016647",0
"ENSRNOG00000045760",616
"ENSRNOG00000016798",0
"ENSRNOG00000022372",948
"ENSRNOG00000000145",689
"ENSRNOG00000010409",866
"ENSRNOG00000070268",333
"ENSRNOG00000013825",25
"ENSRNOG00000013320",0
"ENSRNOG00000009248",0
"ENSRNOG00000006499",552
"ENSRNOG00000009686",0
"ENSRNOG00000012807",0
"ENSRNOG00000009797",0
"ENSRNOG00000014226",1
"ENSRNOG00000016826",0
"ENSRNOG00000011910",265
"ENSRNOG00000013416",0
"ENSRNOG00000042596",2
"ENSRNOG00000016838",5
"ENSRNOG00000000151",171
"ENSRNOG00000005391",101
"ENSRNOG00000022257",0
"ENSRNOG00000006582",122
"ENSRNOG00000016945",1
"ENSRNOG00000049714",213
"ENSRNOG00000047741",76
"ENSRNOG00000064027",102
"ENSRNOG00000058476",1265
"ENSRNOG00000009535",596
"ENSRNOG00000013536",7981
"ENSRNOG00000052668",2
"ENSRNOG00000022288",144
"ENSRNOG00000014604",1623
"ENSRNOG00000015079",5717
"ENSRNOG00000006804",0
"ENSRNOG00000011258",84
"ENSRNOG00000017309",1324
"ENSRNOG00000047307",0
"ENSRNOG00000017528",14
"ENSRNOG00000005375",3
"ENSRNOG00000042032",0
"ENSRNOG00000016782",1
"ENSRNOG00000015385",744
"ENSRNOG00000037165",100
"ENSRNOG00000000130",738
"ENSRNOG00000022012",0
"ENSRNOG00000012455",734
"ENSRNOG00000022601",1
"ENSRNOG00000007294",0
"ENSRNOG00000013954",27
"ENSRNOG00000031448",13
"ENSRNOG00000014208",247
"ENSRNOG00000053729",703
"ENSRNOG00000012944",324
"ENSRNOG00000007097",25
"ENSRNOG00000015677",4
"ENSRNOG00000006980",511
"ENSRNOG00000007083",202
"ENSRNOG00000033153",9
"ENSRNOG00000013628",11
"ENSRNOG00000014445",3748
"ENSRNOG00000014986",2866
"ENSRNOG00000058156",365
"ENSRNOG00000021669",120
"ENSRNOG00000007763",3074
"ENSRNOG00000014909",1
"ENSRNOG00000054217",1
"ENSRNOG00000017024",18
"ENSRNOG00000037091",0
"ENSRNOG00000012531",6
"ENSRNOG00000021702",119
"ENSRNOG00000021619",0
"ENSRNOG00000013498",253
"ENSRNOG00000016010",308
"ENSRNOG00000049052",215
"ENSRNOG00000066137",3
"ENSRNOG00000067661",190
"ENSRNOG00000013566",0
"ENSRNOG00000007568",894
"ENSRNOG00000015264",0
"ENSRNOG00000011794",272
"ENSRNOG00000018118",273
"ENSRNOG00000013036",5
"ENSRNOG00000037039",0
"ENSRNOG00000017899",0
"ENSRNOG00000018338",72
"ENSRNOG00000070170",1148
"ENSRNOG00000011078",3685
"ENSRNOG00000012804",0
"ENSRNOG00000067651",0
"ENSRNOG00000017979",206
"ENSRNOG00000012593",1
"ENSRNOG00000029152",565
"ENSRNOG00000024139",386
"ENSRNOG00000010902",2004
"ENSRNOG00000037595",107
"ENSRNOG00000006950",0
"ENSRNOG00000017075",239
"ENSRNOG00000018097",1184
"ENSRNOG00000023216",124
"ENSRNOG00000022054",151
"ENSRNOG00000014044",150
"ENSRNOG00000018109",8674
"ENSRNOG00000017279",1237
"ENSRNOG00000055340",4214
"ENSRNOG00000016454",370
"ENSRNOG00000016249",424
"ENSRNOG00000018183",6162
"ENSRNOG00000016638",2929
"ENSRNOG00000054155",0
"ENSRNOG00000015480",163
"ENSRNOG00000018194",2804
"ENSRNOG00000010953",467
"ENSRNOG00000033792",75
"ENSRNOG00000008489",100
"ENSRNOG00000033722",35
"ENSRNOG00000068760",0
"ENSRNOG00000062859",1
"ENSRNOG00000007330",2390
"ENSRNOG00000056374",167
"ENSRNOG00000046174",0
"ENSRNOG00000069581",191
"ENSRNOG00000059428",8
"ENSRNOG00000008625",4
"ENSRNOG00000019864",2
"ENSRNOG00000018576",82
"ENSRNOG00000012274",637
"ENSRNOG00000017829",916
"ENSRNOG00000065157",0
"ENSRNOG00000018375",100
"ENSRNOG00000036951",0
"ENSRNOG00000017212",459
"ENSRNOG00000033231",0
"ENSRNOG00000009615",1251
"ENSRNOG00000014241",1365
"ENSRNOG00000023786",1064
"ENSRNOG00000008075",154
"ENSRNOG00000057616",4
"ENSRNOG00000009589",22
"ENSRNOG00000022225",0
"ENSRNOG00000016443",2219
"ENSRNOG00000037079",0
"ENSRNOG00000036876",135
"ENSRNOG00000042224",2
"ENSRNOG00000037977",0
"ENSRNOG00000019758",519
"ENSRNOG00000007779",38
"ENSRNOG00000046424",880
"ENSRNOG00000010719",1110
"ENSRNOG00000016313",408
"ENSRNOG00000008907",28
"ENSRNOG00000012724",415
"ENSRNOG00000008553",722
"ENSRNOG00000016936",2550
"ENSRNOG00000014368",2356
"ENSRNOG00000023895",0
"ENSRNOG00000022039",92
"ENSRNOG00000017706",97
"ENSRNOG00000010109",967
"ENSRNOG00000026226",0
"ENSRNOG00000008619",401
"ENSRNOG00000007284",788
"ENSRNOG00000045738",47
"ENSRNOG00000017895",188
"ENSRNOG00000067146",0
"ENSRNOG00000006137",2635
"ENSRNOG00000007398",117
"ENSRNOG00000054188",0
"ENSRNOG00000016047",6109
"ENSRNOG00000000156",224
"ENSRNOG00000067831",1
"ENSRNOG00000049761",0
"ENSRNOG00000000335",1
"ENSRNOG00000009058",1
"ENSRNOG00000009116",169
"ENSRNOG00000007404",327
"ENSRNOG00000013745",2
"ENSRNOG00000008141",0
"ENSRNOG00000006658",2
"ENSRNOG00000008176",0
"ENSRNOG00000027455",190
"ENSRNOG00000009183",2125
"ENSRNOG00000009782",67
"ENSRNOG00000063940",0
"ENSRNOG00000016949",200
"ENSRNOG00000017780",1294
"ENSRNOG00000047967",44
"ENSRNOG00000043039",0
"ENSRNOG00000013474",280
"ENSRNOG00000009222",250
"ENSRNOG00000048139",0
"ENSRNOG00000050670",0
"ENSRNOG00000013166",7
"ENSRNOG00000069853",0
"ENSRNOG00000016392",150
"ENSRNOG00000007067",0
"ENSRNOG00000023346",76
"ENSRNOG00000065422",0
"ENSRNOG00000029449",1462
"ENSRNOG00000007574",3
"ENSRNOG00000009708",18
"ENSRNOG00000070363",21
"ENSRNOG00000057626",4040
"ENSRNOG00000006855",0
"ENSRNOG00000063088",36
"ENSRNOG00000008767",239
"ENSRNOG00000070082",2
"ENSRNOG00000062461",120
"ENSRNOG00000023008",4
"ENSRNOG00000016553",0
"ENSRNOG00000049402",942
"ENSRNOG00000008802",718
"ENSRNOG00000063649",103
"ENSRNOG00000052887",0
"ENSRNOG00000010436",236
"ENSRNOG00000070045",18
"ENSRNOG00000017037",61
"ENSRNOG00000009712",142
"ENSRNOG00000050849",709
"ENSRNOG00000016398",4591
"ENSRNOG00000010067",561
"ENSRNOG00000026840",140
"ENSRNOG00000006357",533
"ENSRNOG00000009575",294
"ENSRNOG00000068633",0
"ENSRNOG00000016575",33
"ENSRNOG00000021437",28168
"ENSRNOG00000020199",126
"ENSRNOG00000016846",131
"ENSRNOG00000065066",0
"ENSRNOG00000015850",0
"ENSRNOG00000020205",1825
"ENSRNOG00000022406",0
"ENSRNOG00000010580",365
"ENSRNOG00000023664",47
"ENSRNOG00000064661",0
"ENSRNOG00000069527",0
"ENSRNOG00000005801",657
"ENSRNOG00000042808",0
"ENSRNOG00000017213",365
"ENSRNOG00000049025",63
"ENSRNOG00000012315",5
"ENSRNOG00000049788",0
"ENSRNOG00000069037",1
"ENSRNOG00000010873",758
"ENSRNOG00000068215",0
"ENSRNOG00000045614",0
"ENSRNOG00000012503",460
"ENSRNOG00000068816",293
"ENSRNOG00000014305",550
"ENSRNOG00000017564",263
"ENSRNOG00000006972",115
"ENSRNOG00000013783",499
"ENSRNOG00000022967",354
"ENSRNOG00000015962",340
"ENSRNOG00000012749",0
"ENSRNOG00000009046",255
"ENSRNOG00000033522",1295
"ENSRNOG00000017477",35
"ENSRNOG00000008953",0
"ENSRNOG00000016200",552
"ENSRNOG00000033503",8
"ENSRNOG00000021355",0
"ENSRNOG00000010332",548
"ENSRNOG00000065253",1399
"ENSRNOG00000009889",887
"ENSRNOG00000021814",25
"ENSRNOG00000010718",145
"ENSRNOG00000013602",1072
"ENSRNOG00000028082",0
"ENSRNOG00000024707",4
"ENSRNOG00000007575",2
"ENSRNOG00000016725",1012
"ENSRNOG00000068401",0
"ENSRNOG00000017693",0
"ENSRNOG00000014805",147
"ENSRNOG00000033271",132
"ENSRNOG00000006327",2288
"ENSRNOG00000062605",38
"ENSRNOG00000069151",0
"ENSRNOG00000051912",0
"ENSRNOG00000017401",103
"ENSRNOG00000010532",690
"ENSRNOG00000005905",80
"ENSRNOG00000051164",2
"ENSRNOG00000011970",7
"ENSRNOG00000046227",1102
"ENSRNOG00000053942",0
"ENSRNOG00000053013",0
"ENSRNOG00000010593",98
"ENSRNOG00000037035",0
"ENSRNOG00000006543",0
"ENSRNOG00000008345",490
"ENSRNOG00000049959",0
"ENSRNOG00000026594",0
"ENSRNOG00000018126",674
"ENSRNOG00000066917",0
"ENSRNOG00000036942",12
"ENSRNOG00000007967",1139
"ENSRNOG00000018691",1219
"ENSRNOG00000026299",326
"ENSRNOG00000069865",219
"ENSRNOG00000014197",51
"ENSRNOG00000056688",0
"ENSRNOG00000037795",17
"ENSRNOG00000023152",441
"ENSRNOG00000058186",348
"ENSRNOG00000005721",0
"ENSRNOG00000007214",66
"ENSRNOG00000010893",0
"ENSRNOG00000008052",382
"ENSRNOG00000070860",0
"ENSRNOG00000026271",791
"ENSRNOG00000019244",4959
"ENSRNOG00000023100",0
"ENSRNOG00000050137",0
"ENSRNOG00000052071",0
"ENSRNOG00000067134",0
"ENSRNOG00000070793",0
"ENSRNOG00000019423",169
"ENSRNOG00000008257",7
"ENSRNOG00000026782",0
"ENSRNOG00000064729",0
"ENSRNOG00000032048",360
"ENSRNOG00000013603",212
"ENSRNOG00000006999",101
"ENSRNOG00000012163",654
"ENSRNOG00000067901",7
"ENSRNOG00000018289",598
"ENSRNOG00000006644",649
"ENSRNOG00000022325",437
"ENSRNOG00000018413",1310
"ENSRNOG00000008427",804
"ENSRNOG00000065119",0
"ENSRNOG00000030055",2358
"ENSRNOG00000007175",1196
"ENSRNOG00000026613",0
"ENSRNOG00000019981",1383
"ENSRNOG00000070661",0
"ENSRNOG00000024526",3
"ENSRNOG00000042820",0
"ENSRNOG00000003334",271
"ENSRNOG00000020106",9
"ENSRNOG00000033556",3177
"ENSRNOG00000011504",1863
"ENSRNOG00000007968",753
"ENSRNOG00000005802",1986
"ENSRNOG00000008911",4
"ENSRNOG00000060381",1883
"ENSRNOG00000022307",441
"ENSRNOG00000016618",0
"ENSRNOG00000067307",0
"ENSRNOG00000031641",145
"ENSRNOG00000006280",2
"ENSRNOG00000009134",338
"ENSRNOG00000062447",0
"ENSRNOG00000022890",0
"ENSRNOG00000023946",370
"ENSRNOG00000018393",0
"ENSRNOG00000011774",4857
"ENSRNOG00000019749",624
"ENSRNOG00000023812",180
"ENSRNOG00000007080",0
"ENSRNOG00000009217",619
"ENSRNOG00000065869",0
"ENSRNOG00000043331",0
"ENSRNOG00000027142",0
"ENSRNOG00000009298",79
"ENSRNOG00000069301",0
"ENSRNOG00000018647",601
"ENSRNOG00000014322",425
"ENSRNOG00000006087",503
"ENSRNOG00000058645",323
"ENSRNOG00000009409",2
"ENSRNOG00000011157",6016
"ENSRNOG00000019589",2
"ENSRNOG00000022455",304
"ENSRNOG00000047341",0
"ENSRNOG00000065525",0
"ENSRNOG00000069832",0
"ENSRNOG00000066746",4860
"ENSRNOG00000059160",38
"ENSRNOG00000071075",0
"ENSRNOG00000065765",24
"ENSRNOG00000070308",0
"ENSRNOG00000043103",0
"ENSRNOG00000033740",320
"ENSRNOG00000068796",2
"ENSRNOG00000068147",0
"ENSRNOG00000010522",24
"ENSRNOG00000007799",1
"ENSRNOG00000008930",56
"ENSRNOG00000059876",103
"ENSRNOG00000062659",102
"ENSRNOG00000008334",15
"ENSRNOG00000033177",169
"ENSRNOG00000063954",1
"ENSRNOG00000007837",1
"ENSRNOG00000022694",477
"ENSRNOG00000028129",305
"ENSRNOG00000006503",0
"ENSRNOG00000065736",0
"ENSRNOG00000005932",789
"ENSRNOG00000007706",115
"ENSRNOG00000033567",5
"ENSRNOG00000010620",894
"ENSRNOG00000028063",242
"ENSRNOG00000061876",748
"ENSRNOG00000019712",433
"ENSRNOG00000007697",0
"ENSRNOG00000005882",159
"ENSRNOG00000011425",97
"ENSRNOG00000007410",0
"ENSRNOG00000016385",0
"ENSRNOG00000028064",3
"ENSRNOG00000007639",0
"ENSRNOG00000017485",1
"ENSRNOG00000022354",161
"ENSRNOG00000063741",11
"ENSRNOG00000050089",0
"ENSRNOG00000056550",3
"ENSRNOG00000027328",0
"ENSRNOG00000010490",0
"ENSRNOG00000066546",0
"ENSRNOG00000030447",132
"ENSRNOG00000018867",21
"ENSRNOG00000034242",7283
"ENSRNOG00000013850",0
"ENSRNOG00000027000",0
"ENSRNOG00000057945",107
"ENSRNOG00000007327",223
"ENSRNOG00000016137",3358
"ENSRNOG00000025261",78
"ENSRNOG00000061237",0
"ENSRNOG00000017940",4507
"ENSRNOG00000010636",93
"ENSRNOG00000065823",1
"ENSRNOG00000014263",0
"ENSRNOG00000009930",295
"ENSRNOG00000010859",700
"ENSRNOG00000018739",0
"ENSRNOG00000013656",60
"ENSRNOG00000009398",253
"ENSRNOG00000012081",3480
"ENSRNOG00000065031",0
"ENSRNOG00000021704",4
"ENSRNOG00000020132",3
"ENSRNOG00000009778",2791
"ENSRNOG00000016334",1538
"ENSRNOG00000015668",3
"ENSRNOG00000007890",439
"ENSRNOG00000036869",19
"ENSRNOG00000009897",10
"ENSRNOG00000020244",11
"ENSRNOG00000022751",0
"ENSRNOG00000042467",300
"ENSRNOG00000005788",430
"ENSRNOG00000015340",255
"ENSRNOG00000070391",10
"ENSRNOG00000020295",88
"ENSRNOG00000060520",8
"ENSRNOG00000025453",1
"ENSRNOG00000058870",1
"ENSRNOG00000020302",75
"ENSRNOG00000021392",409
"ENSRNOG00000016299",1161
"ENSRNOG00000008116",328
"ENSRNOG00000026447",0
"ENSRNOG00000020342",502
"ENSRNOG00000008001",502
"ENSRNOG00000023213",0
"ENSRNOG00000055089",1250
"ENSRNOG00000014777",521
"ENSRNOG00000005711",5360
"ENSRNOG00000008298",2451
"ENSRNOG00000008237",140
"ENSRNOG00000011268",1
"ENSRNOG00000064866",1
"ENSRNOG00000016692",376
"ENSRNOG00000016641",8
"ENSRNOG00000029073",0
"ENSRNOG00000013631",134
"ENSRNOG00000009751",4259
"ENSRNOG00000015105",2
"ENSRNOG00000064638",109
"ENSRNOG00000000138",68
"ENSRNOG00000033110",3139
"ENSRNOG00000015206",530
"ENSRNOG00000052062",1212
"ENSRNOG00000011550",42
"ENSRNOG00000017132",124
"ENSRNOG00000055994",302
"ENSRNOG00000010512",1317
"ENSRNOG00000024506",8
"ENSRNOG00000017324",4
"ENSRNOG00000008956",439
"ENSRNOG00000050790",832
"ENSRNOG00000070688",564
"ENSRNOG00000015652",0
"ENSRNOG00000012443",1135
"ENSRNOG00000010518",1
"ENSRNOG00000066545",0
"ENSRNOG00000045733",0
"ENSRNOG00000015664",189
"ENSRNOG00000023112",14
"ENSRNOG00000009323",433
"ENSRNOG00000011644",34
"ENSRNOG00000011967",416
"ENSRNOG00000045843",1517
"ENSRNOG00000025076",3076
"ENSRNOG00000071172",1
"ENSRNOG00000065204",6
"ENSRNOG00000022709",134
"ENSRNOG00000005850",0
"ENSRNOG00000017686",1469
"ENSRNOG00000033445",33
"ENSRNOG00000014365",643
"ENSRNOG00000053611",0
"ENSRNOG00000007920",983
"ENSRNOG00000055086",2
"ENSRNOG00000069810",0
"ENSRNOG00000063841",0
"ENSRNOG00000057518",0
"ENSRNOG00000062415",343
"ENSRNOG00000070327",0
"ENSRNOG00000061044",0
"ENSRNOG00000064241",3
"ENSRNOG00000067423",0
"ENSRNOG00000066014",1
"ENSRNOG00000061464",0
"ENSRNOG00000067108",0
"ENSRNOG00000054072",0
"ENSRNOG00000069331",0
"ENSRNOG00000067518",0
"ENSRNOG00000059874",0
"ENSRNOG00000052679",0
"ENSRNOG00000015644",212
"ENSRNOG00000067166",0
"ENSRNOG00000009078",1085
"ENSRNOG00000054117",0
"ENSRNOG00000012068",2
"ENSRNOG00000059502",1
"ENSRNOG00000058032",0
"ENSRNOG00000024729",0
"ENSRNOG00000063466",0
"ENSRNOG00000056819",29
"ENSRNOG00000009148",41
"ENSRNOG00000061589",0
"ENSRNOG00000064587",4
"ENSRNOG00000059991",0
"ENSRNOG00000067185",0
"ENSRNOG00000058595",0
"ENSRNOG00000053132",0
"ENSRNOG00000056078",0
"ENSRNOG00000052030",0
"ENSRNOG00000067208",0
"ENSRNOG00000013110",515
"ENSRNOG00000069731",0
"ENSRNOG00000060290",3
"ENSRNOG00000011413",2066
"ENSRNOG00000055057",0
"ENSRNOG00000024501",1387
"ENSRNOG00000056467",0
"ENSRNOG00000060997",0
"ENSRNOG00000015991",889
"ENSRNOG00000052060",0
"ENSRNOG00000053492",0
"ENSRNOG00000066112",0
"ENSRNOG00000060510",0
"ENSRNOG00000062891",0
"ENSRNOG00000064501",0
"ENSRNOG00000012794",76
"ENSRNOG00000070680",0
"ENSRNOG00000052471",0
"ENSRNOG00000008638",0
"ENSRNOG00000069073",0
"ENSRNOG00000063197",1067
"ENSRNOG00000052472",0
"ENSRNOG00000064056",0
"ENSRNOG00000032539",23
"ENSRNOG00000070918",0
"ENSRNOG00000059090",0
"ENSRNOG00000053733",0
"ENSRNOG00000054036",0
"ENSRNOG00000012726",446
"ENSRNOG00000056744",0
"ENSRNOG00000061141",0
"ENSRNOG00000070708",1
"ENSRNOG00000015866",277
"ENSRNOG00000033527",1063
"ENSRNOG00000053139",0
"ENSRNOG00000047573",33
"ENSRNOG00000057202",0
"ENSRNOG00000062897",1
"ENSRNOG00000051370",0
"ENSRNOG00000052410",0
"ENSRNOG00000007894",864
"ENSRNOG00000070146",0
"ENSRNOG00000008712",275
"ENSRNOG00000064403",0
"ENSRNOG00000070211",0
"ENSRNOG00000052950",1
"ENSRNOG00000058607",0
"ENSRNOG00000042047",0
"ENSRNOG00000052605",0
"ENSRNOG00000065792",1
"ENSRNOG00000057589",1202
"ENSRNOG00000067547",0
"ENSRNOG00000054162",0
"ENSRNOG00000014869",37
"ENSRNOG00000053071",4
"ENSRNOG00000063480",0
"ENSRNOG00000070465",0
"ENSRNOG00000068351",0
"ENSRNOG00000051625",0
"ENSRNOG00000063827",0
"ENSRNOG00000060805",0
"ENSRNOG00000062669",0
"ENSRNOG00000059204",0
"ENSRNOG00000070597",1
"ENSRNOG00000057829",1
"ENSRNOG00000066956",4
"ENSRNOG00000068171",0
"ENSRNOG00000070803",3
"ENSRNOG00000008512",328
"ENSRNOG00000053308",0
"ENSRNOG00000052221",0
"ENSRNOG00000060105",0
"ENSRNOG00000057632",0
"ENSRNOG00000058533",0
"ENSRNOG00000060810",1
"ENSRNOG00000014863",1907
"ENSRNOG00000065716",0
"ENSRNOG00000042950",0
"ENSRNOG00000060748",0
"ENSRNOG00000054380",0
"ENSRNOG00000056974",0
"ENSRNOG00000010303",655
"ENSRNOG00000053500",0
"ENSRNOG00000070166",0
"ENSRNOG00000058657",0
"ENSRNOG00000059557",0
"ENSRNOG00000059716",0
"ENSRNOG00000059446",117
"ENSRNOG00000013078",694
"ENSRNOG00000016780",283
"ENSRNOG00000054402",0
"ENSRNOG00000061712",0
"ENSRNOG00000058768",0
"ENSRNOG00000008090",147
"ENSRNOG00000066695",0
"ENSRNOG00000065108",0
"ENSRNOG00000013598",154
"ENSRNOG00000057527",0
"ENSRNOG00000051987",0
"ENSRNOG00000059526",0
"ENSRNOG00000069228",1
"ENSRNOG00000070073",397
"ENSRNOG00000051981",0
"ENSRNOG00000012546",20
"ENSRNOG00000069180",0
"ENSRNOG00000060400",0
"ENSRNOG00000058797",0
"ENSRNOG00000022988",17
"ENSRNOG00000062459",0
"ENSRNOG00000011655",606
"ENSRNOG00000070881",0
"ENSRNOG00000060957",0
"ENSRNOG00000054161",0
"ENSRNOG00000068857",1
"ENSRNOG00000006787",1239
"ENSRNOG00000014766",765
"ENSRNOG00000029141",5137
"ENSRNOG00000062890",506
"ENSRNOG00000015068",1022
"ENSRNOG00000066054",0
"ENSRNOG00000039530",0
"ENSRNOG00000069187",359
"ENSRNOG00000029318",14
"ENSRNOG00000065656",1335
"ENSRNOG00000013064",42
"ENSRNOG00000021546",0
"ENSRNOG00000009266",4093
"ENSRNOG00000024663",561
"ENSRNOG00000043151",260
"ENSRNOG00000014838",350
"ENSRNOG00000010497",0
"ENSRNOG00000012778",407
"ENSRNOG00000014975",33
"ENSRNOG00000009221",0
"ENSRNOG00000015072",106
"ENSRNOG00000007060",596
"ENSRNOG00000005561",0
"ENSRNOG00000010412",0
"ENSRNOG00000014475",2839
"ENSRNOG00000008523",1101
"ENSRNOG00000011320",0
"ENSRNOG00000062502",0
"ENSRNOG00000066212",0
"ENSRNOG00000009795",4231
"ENSRNOG00000014635",2714
"ENSRNOG00000006889",0
"ENSRNOG00000010091",1479
"ENSRNOG00000008099",78
"ENSRNOG00000064882",6
"ENSRNOG00000007886",1
"ENSRNOG00000057760",389
"ENSRNOG00000006761",4
"ENSRNOG00000039278",1551
"ENSRNOG00000068045",55
"ENSRNOG00000010825",647
"ENSRNOG00000011503",144
"ENSRNOG00000008005",1273
"ENSRNOG00000010885",1
"ENSRNOG00000048321",0
"ENSRNOG00000008431",5
"ENSRNOG00000006956",33
"ENSRNOG00000001700",274
"ENSRNOG00000017253",366
"ENSRNOG00000043194",0
"ENSRNOG00000021433",167
"ENSRNOG00000017073",4055
"ENSRNOG00000037618",0
"ENSRNOG00000011498",432
"ENSRNOG00000029333",15
"ENSRNOG00000016731",6005
"ENSRNOG00000067602",0
"ENSRNOG00000006553",531
"ENSRNOG00000016630",6274
"ENSRNOG00000024190",0
"ENSRNOG00000047278",172
"ENSRNOG00000007051",844
"ENSRNOG00000065969",0
"ENSRNOG00000065554",0
"ENSRNOG00000016452",568
"ENSRNOG00000051484",266
"ENSRNOG00000016364",86
"ENSRNOG00000063113",0
"ENSRNOG00000016309",1459
"ENSRNOG00000009761",90
"ENSRNOG00000024402",392
"ENSRNOG00000046629",2
"ENSRNOG00000043023",0
"ENSRNOG00000047613",0
"ENSRNOG00000009724",441
"ENSRNOG00000048197",0
"ENSRNOG00000063042",0
"ENSRNOG00000005772",109
"ENSRNOG00000024204",11
"ENSRNOG00000007057",3
"ENSRNOG00000023605",1205
"ENSRNOG00000011280",655
"ENSRNOG00000007657",93
"ENSRNOG00000022309",876
"ENSRNOG00000012454",340
"ENSRNOG00000008036",1898
"ENSRNOG00000069991",0
"ENSRNOG00000012409",27
"ENSRNOG00000010484",564
"ENSRNOG00000070480",0
"ENSRNOG00000046028",48
"ENSRNOG00000009576",69
"ENSRNOG00000007637",74
"ENSRNOG00000034269",425
"ENSRNOG00000013956",1156
"ENSRNOG00000008169",0
"ENSRNOG00000046140",0
"ENSRNOG00000055779",806
"ENSRNOG00000006735",435
"ENSRNOG00000066642",3
"ENSRNOG00000062835",7
"ENSRNOG00000007663",10321
"ENSRNOG00000012664",256
"ENSRNOG00000024093",0
"ENSRNOG00000009309",400
"ENSRNOG00000009436",0
"ENSRNOG00000059837",318
"ENSRNOG00000065941",0
"ENSRNOG00000012634",943
"ENSRNOG00000033186",5
"ENSRNOG00000062108",148
"ENSRNOG00000023309",510
"ENSRNOG00000042603",239
"ENSRNOG00000043364",1011
"ENSRNOG00000009492",64
"ENSRNOG00000006369",915
"ENSRNOG00000064066",4
"ENSRNOG00000006345",1277
"ENSRNOG00000005841",3651
"ENSRNOG00000008632",245
"ENSRNOG00000055915",883
"ENSRNOG00000006966",5318
"ENSRNOG00000008618",476
"ENSRNOG00000006807",0
"ENSRNOG00000026169",0
"ENSRNOG00000008901",0
"ENSRNOG00000030466",0
"ENSRNOG00000025596",30
"ENSRNOG00000022488",0
"ENSRNOG00000023348",44
"ENSRNOG00000030963",0
"ENSRNOG00000007395",0
"ENSRNOG00000008945",505
"ENSRNOG00000008587",21
"ENSRNOG00000050983",0
"ENSRNOG00000008922",37
"ENSRNOG00000014302",0
"ENSRNOG00000011463",2230
"ENSRNOG00000006800",142
"ENSRNOG00000026323",9
"ENSRNOG00000011497",0
"ENSRNOG00000027595",1
"ENSRNOG00000070878",0
"ENSRNOG00000007036",749
"ENSRNOG00000008338",1148
"ENSRNOG00000008159",346
"ENSRNOG00000009045",154
"ENSRNOG00000005964",34
"ENSRNOG00000008693",15
"ENSRNOG00000042787",15
"ENSRNOG00000008034",12
"ENSRNOG00000065127",0
"ENSRNOG00000008027",7
"ENSRNOG00000005723",0
"ENSRNOG00000007629",488
"ENSRNOG00000031004",68
"ENSRNOG00000006853",0
"ENSRNOG00000009705",35
"ENSRNOG00000008914",0
"ENSRNOG00000000123",243
"ENSRNOG00000006615",1163
"ENSRNOG00000068296",356
"ENSRNOG00000025679",872
"ENSRNOG00000070364",23
"ENSRNOG00000007527",424
"ENSRNOG00000024259",0
"ENSRNOG00000010849",194
"ENSRNOG00000006979",0
"ENSRNOG00000007551",344
"ENSRNOG00000011033",2
"ENSRNOG00000051507",50
"ENSRNOG00000010514",648
"ENSRNOG00000067048",241
"ENSRNOG00000007299",33
"ENSRNOG00000007753",572
"ENSRNOG00000010237",1654
"ENSRNOG00000009113",656
"ENSRNOG00000009568",520
"ENSRNOG00000008548",280
"ENSRNOG00000013838",0
"ENSRNOG00000042455",0
"ENSRNOG00000008118",591
"ENSRNOG00000021492",274
"ENSRNOG00000008279",981
"ENSRNOG00000008226",87
"ENSRNOG00000026978",2635
"ENSRNOG00000008300",154
"ENSRNOG00000066371",0
"ENSRNOG00000026898",0
"ENSRNOG00000031475",461
"ENSRNOG00000024788",0
"ENSRNOG00000000122",373
"ENSRNOG00000013972",1016
"ENSRNOG00000012989",276
"ENSRNOG00000059897",1
"ENSRNOG00000050044",2308
"ENSRNOG00000010007",1022
"ENSRNOG00000046794",2681
"ENSRNOG00000013515",6
"ENSRNOG00000064683",0
"ENSRNOG00000008992",0
"ENSRNOG00000013865",278
"ENSRNOG00000053991",2414
"ENSRNOG00000028083",71
"ENSRNOG00000030238",25
"ENSRNOG00000020173",0
"ENSRNOG00000020259",0
"ENSRNOG00000010892",2035
"ENSRNOG00000008572",106
"ENSRNOG00000011751",751
"ENSRNOG00000022199",5
"ENSRNOG00000069006",0
"ENSRNOG00000012204",722
"ENSRNOG00000054626",245
"ENSRNOG00000013005",343
"ENSRNOG00000009597",0
"ENSRNOG00000055078",17
"ENSRNOG00000065071",6
"ENSRNOG00000007922",96
"ENSRNOG00000018363",198
"ENSRNOG00000037518",138
"ENSRNOG00000028659",731
"ENSRNOG00000012397",1179
"ENSRNOG00000028477",298
"ENSRNOG00000028448",1759
"ENSRNOG00000028415",833
"ENSRNOG00000014357",113
"ENSRNOG00000067866",0
"ENSRNOG00000028377",0
"ENSRNOG00000014372",98
"ENSRNOG00000019479",0
"ENSRNOG00000062954",1336
"ENSRNOG00000037620",84
"ENSRNOG00000058461",2227
"ENSRNOG00000013855",203
"ENSRNOG00000007111",1042
"ENSRNOG00000010932",0
"ENSRNOG00000007099",863
"ENSRNOG00000007213",1080
"ENSRNOG00000008113",466
"ENSRNOG00000000127",422
"ENSRNOG00000033593",1013
"ENSRNOG00000014375",67
"ENSRNOG00000055344",520
"ENSRNOG00000013231",2
"ENSRNOG00000047185",1835
"ENSRNOG00000049326",135
"ENSRNOG00000008560",51
"ENSRNOG00000064585",10
"ENSRNOG00000069453",0
"ENSRNOG00000048553",0
"ENSRNOG00000037710",6
"ENSRNOG00000047578",0
"ENSRNOG00000048242",1570
"ENSRNOG00000048288",281
"ENSRNOG00000010396",950
"ENSRNOG00000010299",1818
"ENSRNOG00000024312",86
"ENSRNOG00000042326",89
"ENSRNOG00000015318",17
"ENSRNOG00000009540",3
"ENSRNOG00000028047",126
"ENSRNOG00000011054",0
"ENSRNOG00000012965",34
"ENSRNOG00000066253",1
"ENSRNOG00000064455",0
"ENSRNOG00000070423",0
"ENSRNOG00000067973",0
"ENSRNOG00000008377",1056
"ENSRNOG00000062918",0
"ENSRNOG00000013179",2288
"ENSRNOG00000064844",1
"ENSRNOG00000019977",1808
"ENSRNOG00000063427",9
"ENSRNOG00000021663",28
"ENSRNOG00000042855",1068
"ENSRNOG00000007069",144
"ENSRNOG00000032639",122
"ENSRNOG00000063845",0
"ENSRNOG00000067073",172
"ENSRNOG00000008979",0
"ENSRNOG00000005730",709
"ENSRNOG00000011171",1
"ENSRNOG00000006004",1390
"ENSRNOG00000048703",0
"ENSRNOG00000011484",206
"ENSRNOG00000005935",1225
"ENSRNOG00000059975",0
"ENSRNOG00000010735",2156
"ENSRNOG00000012595",557
"ENSRNOG00000011709",2115
"ENSRNOG00000009341",128
"ENSRNOG00000008849",8
"ENSRNOG00000006200",0
"ENSRNOG00000014008",42
"ENSRNOG00000014274",217
"ENSRNOG00000011927",926
"ENSRNOG00000023746",297
"ENSRNOG00000015642",3166
"ENSRNOG00000009912",0
"ENSRNOG00000037432",88
"ENSRNOG00000033209",1
"ENSRNOG00000042785",5135
"ENSRNOG00000068555",0
"ENSRNOG00000013300",278
"ENSRNOG00000037340",0
"ENSRNOG00000006833",480
"ENSRNOG00000070053",3
"ENSRNOG00000030155",1
"ENSRNOG00000048506",591
"ENSRNOG00000065942",0
"ENSRNOG00000066500",16
"ENSRNOG00000025065",16
"ENSRNOG00000008807",0
"ENSRNOG00000060435",0
"ENSRNOG00000026646",43
"ENSRNOG00000008861",211
"ENSRNOG00000011421",1360
"ENSRNOG00000009390",0
"ENSRNOG00000014259",6
"ENSRNOG00000008320",2527
"ENSRNOG00000007541",1128
"ENSRNOG00000026610",672
"ENSRNOG00000009430",342
"ENSRNOG00000024957",10
"ENSRNOG00000024889",212
"ENSRNOG00000012616",3811
"ENSRNOG00000030862",684
"ENSRNOG00000061851",1125
"ENSRNOG00000013492",6286
"ENSRNOG00000008100",0
"ENSRNOG00000027276",2
"ENSRNOG00000022323",789
"ENSRNOG00000011502",17
"ENSRNOG00000007647",1
"ENSRNOG00000008555",314
"ENSRNOG00000008180",322
"ENSRNOG00000012054",1242
"ENSRNOG00000012340",2
"ENSRNOG00000027357",0
"ENSRNOG00000008759",0
"ENSRNOG00000012088",1
"ENSRNOG00000040151",0
"ENSRNOG00000010841",993
"ENSRNOG00000067216",0
"ENSRNOG00000009656",410
"ENSRNOG00000008943",165
"ENSRNOG00000007174",479
"ENSRNOG00000026592",0
"ENSRNOG00000008566",502
"ENSRNOG00000069690",1
"ENSRNOG00000008871",0
"ENSRNOG00000065724",477
"ENSRNOG00000017426",1626
"ENSRNOG00000009114",1469
"ENSRNOG00000069204",0
"ENSRNOG00000011332",69
"ENSRNOG00000008872",365
"ENSRNOG00000008846",186
"ENSRNOG00000021609",224
"ENSRNOG00000008156",226
"ENSRNOG00000031769",346
"ENSRNOG00000014352",47
"ENSRNOG00000009488",0
"ENSRNOG00000005886",89
"ENSRNOG00000028662",24
"ENSRNOG00000071045",235
"ENSRNOG00000009977",2201
"ENSRNOG00000046647",2360
"ENSRNOG00000048129",0
"ENSRNOG00000010550",241
"ENSRNOG00000063053",144
"ENSRNOG00000005669",0
"ENSRNOG00000032183",1302
"ENSRNOG00000009683",2648
"ENSRNOG00000009963",613
"ENSRNOG00000009131",274
"ENSRNOG00000065971",0
"ENSRNOG00000014762",218
"ENSRNOG00000031431",386
"ENSRNOG00000010234",542
"ENSRNOG00000024818",770
"ENSRNOG00000024566",0
"ENSRNOG00000005963",1071
"ENSRNOG00000027921",634
"ENSRNOG00000026910",1
"ENSRNOG00000010777",237
"ENSRNOG00000025724",281
"ENSRNOG00000042421",596
"ENSRNOG00000066526",12
"ENSRNOG00000025424",297
"ENSRNOG00000025349",0
"ENSRNOG00000063670",1
"ENSRNOG00000006689",75
"ENSRNOG00000006919",60
"ENSRNOG00000007445",1012
"ENSRNOG00000026662",389
"ENSRNOG00000007964",1497
"ENSRNOG00000008055",141
"ENSRNOG00000008124",371
"ENSRNOG00000026672",335
"ENSRNOG00000008184",0
"ENSRNOG00000048760",17
"ENSRNOG00000065922",29
"ENSRNOG00000067800",193
"ENSRNOG00000070765",0
"ENSRNOG00000040040",130
"ENSRNOG00000067162",1
"ENSRNOG00000016180",363
"ENSRNOG00000015160",88
"ENSRNOG00000070727",1
"ENSRNOG00000062635",0
"ENSRNOG00000015562",6
"ENSRNOG00000063229",0
"ENSRNOG00000055292",50
"ENSRNOG00000016330",126
"ENSRNOG00000016338",1532
"ENSRNOG00000039924",158
"ENSRNOG00000014664",1952
"ENSRNOG00000005673",545
"ENSRNOG00000025416",241
"ENSRNOG00000008236",449
"ENSRNOG00000016187",289
"ENSRNOG00000007456",4
"ENSRNOG00000006697",1853
"ENSRNOG00000009358",90
"ENSRNOG00000006096",80
"ENSRNOG00000007426",73
"ENSRNOG00000006498",0
"ENSRNOG00000039949",42
"ENSRNOG00000006636",131
"ENSRNOG00000009389",1281
"ENSRNOG00000008580",308
"ENSRNOG00000056330",0
"ENSRNOG00000007256",2
"ENSRNOG00000066027",0
"ENSRNOG00000006298",1397
"ENSRNOG00000024903",0
"ENSRNOG00000005708",3784
"ENSRNOG00000063190",0
"ENSRNOG00000006084",0
"ENSRNOG00000007139",22
"ENSRNOG00000007351",194
"ENSRNOG00000009974",63
"ENSRNOG00000010106",318
"ENSRNOG00000057692",0
"ENSRNOG00000068938",4
"ENSRNOG00000065492",0
"ENSRNOG00000056870",2701
"ENSRNOG00000061989",198
"ENSRNOG00000026157",26
"ENSRNOG00000063283",0
"ENSRNOG00000067249",0
"ENSRNOG00000025672",0
"ENSRNOG00000053456",1492
"ENSRNOG00000027837",0
"ENSRNOG00000046548",0
"ENSRNOG00000003689",3498
"ENSRNOG00000069292",1
"ENSRNOG00000040427",0
"ENSRNOG00000070890",0
"ENSRNOG00000030048",93
"ENSRNOG00000035549",0
"ENSRNOG00000035555",0
"ENSRNOG00000050872",0
"ENSRNOG00000060063",404
"ENSRNOG00000003596",5
"ENSRNOG00000040404",0
"ENSRNOG00000013092",1
"ENSRNOG00000035544",0
"ENSRNOG00000064087",0
"ENSRNOG00000036245",0
"ENSRNOG00000066689",1
"ENSRNOG00000048556",0
"ENSRNOG00000035579",0
"ENSRNOG00000035581",0
"ENSRNOG00000054765",357
"ENSRNOG00000002800",67
"ENSRNOG00000035464",0
"ENSRNOG00000028899",486
"ENSRNOG00000040357",0
"ENSRNOG00000041260",0
"ENSRNOG00000070486",0
"ENSRNOG00000047862",0
"ENSRNOG00000041210",0
"ENSRNOG00000069684",3
"ENSRNOG00000041199",0
"ENSRNOG00000059675",0
"ENSRNOG00000026573",215
"ENSRNOG00000003782",195
"ENSRNOG00000060869",3821
"ENSRNOG00000036269",0
"ENSRNOG00000048590",0
"ENSRNOG00000060270",0
"ENSRNOG00000036273",0
"ENSRNOG00000028085",29
"ENSRNOG00000035652",0
"ENSRNOG00000022855",0
"ENSRNOG00000035631",0
"ENSRNOG00000035635",0
"ENSRNOG00000052097",0
"ENSRNOG00000046748",0
"ENSRNOG00000040422",0
"ENSRNOG00000035546",0
"ENSRNOG00000061073",2169
"ENSRNOG00000059766",0
"ENSRNOG00000035656",0
"ENSRNOG00000057814",736
"ENSRNOG00000028984",8
"ENSRNOG00000070777",143
"ENSRNOG00000067246",102
"ENSRNOG00000047872",0
"ENSRNOG00000039994",194
"ENSRNOG00000051836",1
"ENSRNOG00000003543",0
"ENSRNOG00000009049",621
"ENSRNOG00000025910",158
"ENSRNOG00000010365",11
"ENSRNOG00000054352",5691
"ENSRNOG00000070642",0
"ENSRNOG00000007682",431
"ENSRNOG00000066771",0
"ENSRNOG00000010208",1933
"ENSRNOG00000004016",838
"ENSRNOG00000054548",1
"ENSRNOG00000002904",7
"ENSRNOG00000010838",803
"ENSRNOG00000032472",4
"ENSRNOG00000013170",447
"ENSRNOG00000024298",0
"ENSRNOG00000031555",0
"ENSRNOG00000055572",2408
"ENSRNOG00000000167",8
"ENSRNOG00000009609",281
"ENSRNOG00000068749",4
"ENSRNOG00000025428",217
"ENSRNOG00000052383",0
"ENSRNOG00000000166",174
"ENSRNOG00000013698",0
"ENSRNOG00000053172",4136
"ENSRNOG00000008578",3493
"ENSRNOG00000000165",28
"ENSRNOG00000029068",188
"ENSRNOG00000051948",6135
"ENSRNOG00000008472",912
"ENSRNOG00000063057",1
"ENSRNOG00000002767",141
"ENSRNOG00000053813",514
"ENSRNOG00000059697",2
"ENSRNOG00000056174",143
"ENSRNOG00000006899",0
"ENSRNOG00000029408",5
"ENSRNOG00000064345",3
"ENSRNOG00000002585",1300
"ENSRNOG00000003686",1146
"ENSRNOG00000030119",0
"ENSRNOG00000062551",0
"ENSRNOG00000050081",109
"ENSRNOG00000058423",0
"ENSRNOG00000002563",379
"ENSRNOG00000061441",351
"ENSRNOG00000048925",0
"ENSRNOG00000058820",0
"ENSRNOG00000070467",0
"ENSRNOG00000069353",219
"ENSRNOG00000039332",1
"ENSRNOG00000026044",340
"ENSRNOG00000045953",0
"ENSRNOG00000065232",0
"ENSRNOG00000067039",275
"ENSRNOG00000064664",0
"ENSRNOG00000063213",0
"ENSRNOG00000026969",5
"ENSRNOG00000061304",1
"ENSRNOG00000032487",98
"ENSRNOG00000070118",73
"ENSRNOG00000061262",9222
"ENSRNOG00000007059",7
"ENSRNOG00000033883",22
"ENSRNOG00000046012",0
"ENSRNOG00000051117",0
"ENSRNOG00000068491",251
"ENSRNOG00000060168",384
"ENSRNOG00000070922",0
"ENSRNOG00000065644",1
"ENSRNOG00000019164",4225
"ENSRNOG00000063587",1
"ENSRNOG00000026231",0
"ENSRNOG00000067214",2
"ENSRNOG00000062420",0
"ENSRNOG00000063851",0
"ENSRNOG00000063426",0
"ENSRNOG00000064140",5
"ENSRNOG00000070008",0
"ENSRNOG00000062688",0
"ENSRNOG00000003748",0
"ENSRNOG00000067047",1
"ENSRNOG00000038035",393
"ENSRNOG00000062747",0
"ENSRNOG00000070551",0
"ENSRNOG00000064865",0
"ENSRNOG00000023261",146
"ENSRNOG00000067487",0
"ENSRNOG00000068322",0
"ENSRNOG00000000164",5622
"ENSRNOG00000064974",15
"ENSRNOG00000032739",43
"ENSRNOG00000069713",8
"ENSRNOG00000066805",0
"ENSRNOG00000025200",0
"ENSRNOG00000061492",0
"ENSRNOG00000069137",472
"ENSRNOG00000068054",5
"ENSRNOG00000038369",0
"ENSRNOG00000069711",15
"ENSRNOG00000003201",810
"ENSRNOG00000064310",94
"ENSRNOG00000062445",5
"ENSRNOG00000068684",67
"ENSRNOG00000066768",14
"ENSRNOG00000070511",3
"ENSRNOG00000065998",13
"ENSRNOG00000065014",4
"ENSRNOG00000037951",992
"ENSRNOG00000070283",0
"ENSRNOG00000063391",0
"ENSRNOG00000029663",0
"ENSRNOG00000051341",84
"ENSRNOG00000068862",12
"ENSRNOG00000065796",3
"ENSRNOG00000071206",2
"ENSRNOG00000064849",0
"ENSRNOG00000070269",5
"ENSRNOG00000051300",738
"ENSRNOG00000068564",0
"ENSRNOG00000067106",1
"ENSRNOG00000070042",0
"ENSRNOG00000068620",0
"ENSRNOG00000065954",13
"ENSRNOG00000060786",0
"ENSRNOG00000066627",3
"ENSRNOG00000045779",392
"ENSRNOG00000056659",361
"ENSRNOG00000049388",0
"ENSRNOG00000057517",350
"ENSRNOG00000029497",0
"ENSRNOG00000065962",0
"ENSRNOG00000050051",34
"ENSRNOG00000008329",1797
"ENSRNOG00000043348",107
"ENSRNOG00000065341",1
"ENSRNOG00000067052",0
"ENSRNOG00000068802",0
"ENSRNOG00000064051",0
"ENSRNOG00000003208",90
"ENSRNOG00000034116",230
"ENSRNOG00000061692",0
"ENSRNOG00000004150",0
"ENSRNOG00000060464",754
"ENSRNOG00000022251",11
"ENSRNOG00000007315",1169
"ENSRNOG00000069722",53
"ENSRNOG00000063392",2
"ENSRNOG00000063610",50
"ENSRNOG00000069564",0
"ENSRNOG00000002323",164
"ENSRNOG00000068588",0
"ENSRNOG00000004258",1
"ENSRNOG00000068854",0
"ENSRNOG00000071051",0
"ENSRNOG00000068646",0
"ENSRNOG00000067826",0
"ENSRNOG00000055641",372
"ENSRNOG00000071143",0
"ENSRNOG00000039837",81
"ENSRNOG00000023637",0
"ENSRNOG00000060462",0
"ENSRNOG00000028202",0
"ENSRNOG00000063225",2
"ENSRNOG00000066448",27
"ENSRNOG00000062506",1
"ENSRNOG00000023458",0
"ENSRNOG00000037770",1
"ENSRNOG00000062748",0
"ENSRNOG00000069736",0
"ENSRNOG00000062599",19
"ENSRNOG00000063687",128
"ENSRNOG00000007949",22
"ENSRNOG00000037827",0
"ENSRNOG00000065229",244
"ENSRNOG00000071176",509
"ENSRNOG00000003984",157
"ENSRNOG00000053023",345
"ENSRNOG00000064623",502
"ENSRNOG00000068694",8
"ENSRNOG00000059655",148
"ENSRNOG00000064884",0
"ENSRNOG00000066548",22
"ENSRNOG00000046832",96
"ENSRNOG00000004265",0
"ENSRNOG00000063611",6
"ENSRNOG00000067650",0
"ENSRNOG00000003359",3501
"ENSRNOG00000050457",0
"ENSRNOG00000038267",0
"ENSRNOG00000057469",0
"ENSRNOG00000038299",3
"ENSRNOG00000070967",8
"ENSRNOG00000061511",0
"ENSRNOG00000028179",0
"ENSRNOG00000064387",0
"ENSRNOG00000062454",0
"ENSRNOG00000070430",0
"ENSRNOG00000068315",5
"ENSRNOG00000003765",0
"ENSRNOG00000067012",3
"ENSRNOG00000066849",0
"ENSRNOG00000063899",17
"ENSRNOG00000070594",389
"ENSRNOG00000068449",184
"ENSRNOG00000055962",252065
"ENSRNOG00000003643",168
"ENSRNOG00000066309",68
"ENSRNOG00000070880",0
"ENSRNOG00000002960",0
"ENSRNOG00000037919",58
"ENSRNOG00000064015",55
"ENSRNOG00000029010",0
"ENSRNOG00000003762",20
"ENSRNOG00000048202",0
"ENSRNOG00000063359",27
"ENSRNOG00000029778",0
"ENSRNOG00000070004",1600
"ENSRNOG00000000161",548
"ENSRNOG00000069652",8
"ENSRNOG00000063832",0
"ENSRNOG00000037911",1
"ENSRNOG00000062833",0
"ENSRNOG00000071099",2
"ENSRNOG00000051529",0
"ENSRNOG00000003533",72
"ENSRNOG00000070562",3
"ENSRNOG00000070148",60
"ENSRNOG00000003470",307
"ENSRNOG00000048295",14
"ENSRNOG00000067054",0
"ENSRNOG00000051438",0
"ENSRNOG00000024271",0
"ENSRNOG00000051216",0
"ENSRNOG00000055557",0
"ENSRNOG00000023383",3239
"ENSRNOG00000002848",1427
"ENSRNOG00000005352",582
"ENSRNOG00000067105",333
"ENSRNOG00000060839",0
"ENSRNOG00000064231",105
"ENSRNOG00000030819",2
"ENSRNOG00000029885",573
"ENSRNOG00000002986",1
"ENSRNOG00000068101",172
"ENSRNOG00000003305",1
"ENSRNOG00000060580",607
"ENSRNOG00000060262",343
"ENSRNOG00000065297",0
"ENSRNOG00000003956",607
"ENSRNOG00000024053",0
"ENSRNOG00000065493",0
"ENSRNOG00000070277",102
"ENSRNOG00000002974",0
"ENSRNOG00000004581",826
"ENSRNOG00000009646",0
"ENSRNOG00000004512",111
"ENSRNOG00000054219",2
"ENSRNOG00000003009",0
"ENSRNOG00000022267",0
"ENSRNOG00000062844",48
"ENSRNOG00000053061",0
"ENSRNOG00000028189",0
"ENSRNOG00000003189",3
"ENSRNOG00000055514",0
"ENSRNOG00000061191",0
"ENSRNOG00000060885",0
"ENSRNOG00000061731",0
"ENSRNOG00000024517",0
"ENSRNOG00000016622",150
"ENSRNOG00000056905",0
"ENSRNOG00000070236",6
"ENSRNOG00000053235",0
"ENSRNOG00000055256",0
"ENSRNOG00000022411",0
"ENSRNOG00000058942",0
"ENSRNOG00000003792",2105
"ENSRNOG00000055960",0
"ENSRNOG00000002389",5279
"ENSRNOG00000061257",0
"ENSRNOG00000003749",113
"ENSRNOG00000060096",0
"ENSRNOG00000005687",0
"ENSRNOG00000051820",0
"ENSRNOG00000063220",0
"ENSRNOG00000003756",227
"ENSRNOG00000052762",0
"ENSRNOG00000030118",4723
"ENSRNOG00000070588",0
"ENSRNOG00000056740",0
"ENSRNOG00000062381",8
"ENSRNOG00000059230",0
"ENSRNOG00000060982",2
"ENSRNOG00000002391",6
"ENSRNOG00000060623",845
"ENSRNOG00000053191",0
"ENSRNOG00000060754",0
"ENSRNOG00000065140",0
"ENSRNOG00000003611",287
"ENSRNOG00000069164",0
"ENSRNOG00000058253",0
"ENSRNOG00000007371",41
"ENSRNOG00000066338",0
"ENSRNOG00000046366",861
"ENSRNOG00000031294",0
"ENSRNOG00000063682",0
"ENSRNOG00000065192",0
"ENSRNOG00000023187",467
"ENSRNOG00000068085",0
"ENSRNOG00000063637",0
"ENSRNOG00000004776",1052
"ENSRNOG00000002419",76
"ENSRNOG00000052095",0
"ENSRNOG00000064801",0
"ENSRNOG00000006698",32
"ENSRNOG00000060642",0
"ENSRNOG00000070436",0
"ENSRNOG00000061195",52
"ENSRNOG00000064902",0
"ENSRNOG00000060546",0
"ENSRNOG00000068390",0
"ENSRNOG00000038132",0
"ENSRNOG00000003858",785
"ENSRNOG00000063746",0
"ENSRNOG00000069840",28
"ENSRNOG00000068320",0
"ENSRNOG00000005012",274
"ENSRNOG00000070416",0
"ENSRNOG00000055265",0
"ENSRNOG00000031058",0
"ENSRNOG00000064543",0
"ENSRNOG00000057622",130
"ENSRNOG00000055812",0
"ENSRNOG00000061126",0
"ENSRNOG00000004133",1
"ENSRNOG00000059814",0
"ENSRNOG00000071055",0
"ENSRNOG00000069201",0
"ENSRNOG00000064676",1
"ENSRNOG00000063786",0
"ENSRNOG00000021972",0
"ENSRNOG00000064215",0
"ENSRNOG00000061787",0
"ENSRNOG00000058743",0
"ENSRNOG00000055721",7
"ENSRNOG00000032522",24
"ENSRNOG00000051644",0
"ENSRNOG00000063333",1
"ENSRNOG00000061252",0
"ENSRNOG00000021694",0
"ENSRNOG00000051827",0
"ENSRNOG00000069980",0
"ENSRNOG00000061196",0
"ENSRNOG00000060086",0
"ENSRNOG00000024250",691
"ENSRNOG00000034183",0
"ENSRNOG00000027850",22
"ENSRNOG00000060374",3
"ENSRNOG00000054868",0
"ENSRNOG00000054890",31823
"ENSRNOG00000054382",0
"ENSRNOG00000019180",355
"ENSRNOG00000064035",0
"ENSRNOG00000057593",0
"ENSRNOG00000066087",0
"ENSRNOG00000066017",0
"ENSRNOG00000050970",0
"ENSRNOG00000063729",1
"ENSRNOG00000070898",0
"ENSRNOG00000064772",0
"ENSRNOG00000062822",0
"ENSRNOG00000070754",1
"ENSRNOG00000001506",23
"ENSRNOG00000065849",0
"ENSRNOG00000063296",0
"ENSRNOG00000051544",0
"ENSRNOG00000037736",0
"ENSRNOG00000065426",0
"ENSRNOG00000019168",23
"ENSRNOG00000070581",0
"ENSRNOG00000012294",345
"ENSRNOG00000030722",0
"ENSRNOG00000057374",0
"ENSRNOG00000042394",0
"ENSRNOG00000060946",341
"ENSRNOG00000062498",0
"ENSRNOG00000003965",0
"ENSRNOG00000068840",0
"ENSRNOG00000069753",0
"ENSRNOG00000051769",0
"ENSRNOG00000056593",0
"ENSRNOG00000048738",1345
"ENSRNOG00000070185",0
"ENSRNOG00000053894",0
"ENSRNOG00000054011",987
"ENSRNOG00000027239",15
"ENSRNOG00000056006",0
"ENSRNOG00000007600",0
"ENSRNOG00000067960",0
"ENSRNOG00000029038",355
"ENSRNOG00000042470",0
"ENSRNOG00000052001",0
"ENSRNOG00000053094",0
"ENSRNOG00000047663",0
"ENSRNOG00000003122",103
"ENSRNOG00000061101",1
"ENSRNOG00000061894",0
"ENSRNOG00000058963",0
"ENSRNOG00000055269",0
"ENSRNOG00000055648",315
"ENSRNOG00000062221",0
"ENSRNOG00000041327",0
"ENSRNOG00000050508",0
"ENSRNOG00000026712",0
"ENSRNOG00000064172",0
"ENSRNOG00000003875",577
"ENSRNOG00000036562",0
"ENSRNOG00000057826",69
"ENSRNOG00000041236",0
"ENSRNOG00000008880",61
"ENSRNOG00000059896",0
"ENSRNOG00000036264",0
"ENSRNOG00000004118",6
"ENSRNOG00000041288",0
"ENSRNOG00000036262",0
"ENSRNOG00000004819",258
"ENSRNOG00000011120",0
"ENSRNOG00000057982",0
"ENSRNOG00000048143",0
"ENSRNOG00000036268",0
"ENSRNOG00000041538",0
"ENSRNOG00000006797",336
"ENSRNOG00000035627",0
"ENSRNOG00000065509",1
"ENSRNOG00000036558",0
"ENSRNOG00000061112",0
"ENSRNOG00000057365",0
"ENSRNOG00000035505",0
"ENSRNOG00000035592",0
"ENSRNOG00000003063",277
"ENSRNOG00000036567",0
"ENSRNOG00000058545",16
"ENSRNOG00000067075",0
"ENSRNOG00000047712",0
"ENSRNOG00000041299",0
"ENSRNOG00000041334",0
"ENSRNOG00000006871",55
"ENSRNOG00000066786",0
"ENSRNOG00000040458",0
"ENSRNOG00000054747",0
"ENSRNOG00000039759",1
"ENSRNOG00000063664",577
"ENSRNOG00000069692",0
"ENSRNOG00000019086",0
"ENSRNOG00000067793",1
"ENSRNOG00000003227",0
"ENSRNOG00000002708",1139
"ENSRNOG00000060970",0
"ENSRNOG00000024068",0
"ENSRNOG00000051669",118
"ENSRNOG00000039576",361
"ENSRNOG00000030880",1423
"ENSRNOG00000070635",0
"ENSRNOG00000004275",2
"ENSRNOG00000063657",0
"ENSRNOG00000039571",1
"ENSRNOG00000005076",630
"ENSRNOG00000052721",440
"ENSRNOG00000003929",149
"ENSRNOG00000057147",1444
"ENSRNOG00000050960",160
"ENSRNOG00000062696",0
"ENSRNOG00000059862",0
"ENSRNOG00000031956",0
"ENSRNOG00000004613",2110
"ENSRNOG00000056983",0
"ENSRNOG00000005215",0
"ENSRNOG00000006967",927
"ENSRNOG00000009749",377
"ENSRNOG00000026704",1
"ENSRNOG00000046484",12
"ENSRNOG00000003613",755
"ENSRNOG00000007879",247
"ENSRNOG00000003688",5
"ENSRNOG00000054495",2
"ENSRNOG00000003786",451
"ENSRNOG00000045992",3
"ENSRNOG00000061230",4
"ENSRNOG00000060846",393
"ENSRNOG00000064119",365
"ENSRNOG00000022166",399
"ENSRNOG00000052181",0
"ENSRNOG00000003228",341
"ENSRNOG00000032729",0
"ENSRNOG00000030443",670
"ENSRNOG00000002790",187
"ENSRNOG00000063684",0
"ENSRNOG00000004869",0
"ENSRNOG00000046790",0
"ENSRNOG00000002487",328
"ENSRNOG00000003229",1804
"ENSRNOG00000004330",0
"ENSRNOG00000047931",11689
"ENSRNOG00000027601",11
"ENSRNOG00000065918",115
"ENSRNOG00000009071",188
"ENSRNOG00000024762",2
"ENSRNOG00000029582",85
"ENSRNOG00000042276",94
"ENSRNOG00000005639",531
"ENSRNOG00000034240",1087
"ENSRNOG00000003960",0
"ENSRNOG00000002923",0
"ENSRNOG00000031638",0
"ENSRNOG00000003526",66
"ENSRNOG00000061102",148
"ENSRNOG00000067524",0
"ENSRNOG00000004574",309
"ENSRNOG00000067242",5
"ENSRNOG00000032858",0
"ENSRNOG00000030622",17
"ENSRNOG00000011081",0
"ENSRNOG00000050178",1
"ENSRNOG00000051287",0
"ENSRNOG00000051223",0
"ENSRNOG00000039544",358
"ENSRNOG00000023469",0
"ENSRNOG00000002832",800
"ENSRNOG00000029106",0
"ENSRNOG00000068510",0
"ENSRNOG00000069107",0
"ENSRNOG00000039587",599
"ENSRNOG00000003674",174
"ENSRNOG00000037684",0
"ENSRNOG00000030346",8
"ENSRNOG00000063829",0
"ENSRNOG00000026152",0
"ENSRNOG00000030418",587
"ENSRNOG00000058439",211
"ENSRNOG00000002662",332
"ENSRNOG00000037611",3
"ENSRNOG00000003345",0
"ENSRNOG00000066239",65
"ENSRNOG00000064977",0
"ENSRNOG00000065488",2
"ENSRNOG00000056728",3165
"ENSRNOG00000051281",0
"ENSRNOG00000070013",0
"ENSRNOG00000027972",5
"ENSRNOG00000003585",3
"ENSRNOG00000052407",2
"ENSRNOG00000022286",0
"ENSRNOG00000046280",2
"ENSRNOG00000002951",0
"ENSRNOG00000060936",253
"ENSRNOG00000003313",0
"ENSRNOG00000007552",0
"ENSRNOG00000069062",0
"ENSRNOG00000038230",0
"ENSRNOG00000057753",0
"ENSRNOG00000064026",0
"ENSRNOG00000009687",218
"ENSRNOG00000031719",0
"ENSRNOG00000069323",0
"ENSRNOG00000065059",0
"ENSRNOG00000054545",0
"ENSRNOG00000018951",4401
"ENSRNOG00000046702",0
"ENSRNOG00000003715",1318
"ENSRNOG00000053562",0
"ENSRNOG00000003370",4
"ENSRNOG00000049427",0
"ENSRNOG00000008764",1358
"ENSRNOG00000029559",0
"ENSRNOG00000002529",484
"ENSRNOG00000043508",0
"ENSRNOG00000023733",562
"ENSRNOG00000068726",0
"ENSRNOG00000067365",0
"ENSRNOG00000047132",38
"ENSRNOG00000011494",68
"ENSRNOG00000003110",0
"ENSRNOG00000060179",3961
"ENSRNOG00000051408",1012
"ENSRNOG00000011513",463
"ENSRNOG00000003452",0
"ENSRNOG00000055102",0
"ENSRNOG00000063233",16
"ENSRNOG00000046469",0
"ENSRNOG00000032038",0
"ENSRNOG00000002285",173
"ENSRNOG00000045622",9
"ENSRNOG00000003587",298
"ENSRNOG00000011034",0
"ENSRNOG00000011661",627
"ENSRNOG00000061530",8
"ENSRNOG00000064060",0
"ENSRNOG00000069520",2
"ENSRNOG00000066891",6
"ENSRNOG00000050006",148
"ENSRNOG00000010846",170
"ENSRNOG00000066471",38
"ENSRNOG00000063831",0
"ENSRNOG00000054900",0
"ENSRNOG00000058249",1107
"ENSRNOG00000033176",118
"ENSRNOG00000046862",322
"ENSRNOG00000066217",2
"ENSRNOG00000009893",376
"ENSRNOG00000065464",0
"ENSRNOG00000063412",17
"ENSRNOG00000003346",35
"ENSRNOG00000010171",1928
"ENSRNOG00000003013",1261
"ENSRNOG00000043128",154
"ENSRNOG00000069699",39
"ENSRNOG00000028011",0
"ENSRNOG00000025811",48
"ENSRNOG00000070381",3
"ENSRNOG00000003350",812
"ENSRNOG00000032738",0
"ENSRNOG00000065924",50
"ENSRNOG00000055939",89
"ENSRNOG00000028993",8581
"ENSRNOG00000002276",375
"ENSRNOG00000024135",139
"ENSRNOG00000051319",1
"ENSRNOG00000064542",0
"ENSRNOG00000056703",1578
"ENSRNOG00000056398",581
"ENSRNOG00000056772",1796
"ENSRNOG00000005624",1482
"ENSRNOG00000063223",106
"ENSRNOG00000024138",0
"ENSRNOG00000069720",0
"ENSRNOG00000038686",371
"ENSRNOG00000063806",56
"ENSRNOG00000011702",6
"ENSRNOG00000023163",3
"ENSRNOG00000039762",0
"ENSRNOG00000004009",0
"ENSRNOG00000023094",0
"ENSRNOG00000005430",9
"ENSRNOG00000003342",3
"ENSRNOG00000063120",0
"ENSRNOG00000012513",1149
"ENSRNOG00000065758",37
"ENSRNOG00000004124",20
"ENSRNOG00000063778",0
"ENSRNOG00000055454",8
"ENSRNOG00000039615",0
"ENSRNOG00000066456",0
"ENSRNOG00000031665",1
"ENSRNOG00000023269",1150
"ENSRNOG00000059641",10
"ENSRNOG00000063709",0
"ENSRNOG00000005753",51
"ENSRNOG00000003261",8436
"ENSRNOG00000002844",37
"ENSRNOG00000062806",4
"ENSRNOG00000064782",0
"ENSRNOG00000006515",311
"ENSRNOG00000028611",587
"ENSRNOG00000004304",273
"ENSRNOG00000033844",3
"ENSRNOG00000030417",0
"ENSRNOG00000002975",133
"ENSRNOG00000006067",161
"ENSRNOG00000003085",0
"ENSRNOG00000043306",0
"ENSRNOG00000006459",275
"ENSRNOG00000028033",0
"ENSRNOG00000066885",0
"ENSRNOG00000013322",178
"ENSRNOG00000062513",0
"ENSRNOG00000027233",2
"ENSRNOG00000003099",2526
"ENSRNOG00000070576",0
"ENSRNOG00000025705",2350
"ENSRNOG00000003158",283
"ENSRNOG00000052626",0
"ENSRNOG00000070906",0
"ENSRNOG00000003178",148
"ENSRNOG00000004257",816
"ENSRNOG00000057785",0
"ENSRNOG00000002751",97
"ENSRNOG00000030619",0
"ENSRNOG00000064823",0
"ENSRNOG00000068767",24
"ENSRNOG00000056492",0
"ENSRNOG00000038965",126
"ENSRNOG00000068658",0
"ENSRNOG00000056101",0
"ENSRNOG00000056547",0
"ENSRNOG00000030999",0
"ENSRNOG00000045695",1014
"ENSRNOG00000053806",0
"ENSRNOG00000050562",173
"ENSRNOG00000033335",93
"ENSRNOG00000063926",0
"ENSRNOG00000024350",0
"ENSRNOG00000063064",0
"ENSRNOG00000070212",0
"ENSRNOG00000009605",1178
"ENSRNOG00000066639",0
"ENSRNOG00000063299",0
"ENSRNOG00000012358",99
"ENSRNOG00000059086",0
"ENSRNOG00000066228",0
"ENSRNOG00000064102",0
"ENSRNOG00000061403",0
"ENSRNOG00000068302",0
"ENSRNOG00000063287",0
"ENSRNOG00000054339",13
"ENSRNOG00000056968",2
"ENSRNOG00000061586",0
"ENSRNOG00000065810",0
"ENSRNOG00000061686",0
"ENSRNOG00000064383",0
"ENSRNOG00000053780",0
"ENSRNOG00000049382",1808
"ENSRNOG00000062323",0
"ENSRNOG00000066895",0
"ENSRNOG00000031367",469
"ENSRNOG00000056300",0
"ENSRNOG00000065456",0
"ENSRNOG00000004120",3
"ENSRNOG00000042530",0
"ENSRNOG00000032970",0
"ENSRNOG00000057906",0
"ENSRNOG00000030228",875
"ENSRNOG00000053153",0
"ENSRNOG00000004222",2
"ENSRNOG00000002365",3
"ENSRNOG00000028751",1
"ENSRNOG00000051365",0
"ENSRNOG00000065575",0
"ENSRNOG00000012787",810
"ENSRNOG00000065877",1
"ENSRNOG00000069354",0
"ENSRNOG00000066668",0
"ENSRNOG00000055009",0
"ENSRNOG00000004319",5707
"ENSRNOG00000065651",0
"ENSRNOG00000057745",0
"ENSRNOG00000004160",300
"ENSRNOG00000067660",19
"ENSRNOG00000057599",0
"ENSRNOG00000056159",0
"ENSRNOG00000002346",0
"ENSRNOG00000024479",1
"ENSRNOG00000061094",0
"ENSRNOG00000068889",0
"ENSRNOG00000067646",0
"ENSRNOG00000061385",0
"ENSRNOG00000062466",721
"ENSRNOG00000057375",0
"ENSRNOG00000004249",0
"ENSRNOG00000056135",575
"ENSRNOG00000060793",4422
"ENSRNOG00000066349",0
"ENSRNOG00000057784",0
"ENSRNOG00000037455",0
"ENSRNOG00000058350",0
"ENSRNOG00000026351",0
"ENSRNOG00000052132",0
"ENSRNOG00000047231",9
"ENSRNOG00000061703",0
"ENSRNOG00000025730",787
"ENSRNOG00000006670",14
"ENSRNOG00000063434",0
"ENSRNOG00000066429",0
"ENSRNOG00000005402",167
"ENSRNOG00000059253",0
"ENSRNOG00000051360",0
"ENSRNOG00000049853",1
"ENSRNOG00000064790",0
"ENSRNOG00000025211",0
"ENSRNOG00000057907",0
"ENSRNOG00000010348",1
"ENSRNOG00000003705",0
"ENSRNOG00000053117",0
"ENSRNOG00000037661",358
"ENSRNOG00000067126",0
"ENSRNOG00000070960",0
"ENSRNOG00000022848",0
"ENSRNOG00000055202",0
"ENSRNOG00000067179",0
"ENSRNOG00000037845",0
"ENSRNOG00000069728",0
"ENSRNOG00000049849",206
"ENSRNOG00000056042",0
"ENSRNOG00000022806",9
"ENSRNOG00000069345",0
"ENSRNOG00000029330",66
"ENSRNOG00000029078",4
"ENSRNOG00000065911",0
"ENSRNOG00000059358",0
"ENSRNOG00000002379",10
"ENSRNOG00000065371",0
"ENSRNOG00000023005",0
"ENSRNOG00000011729",7
"ENSRNOG00000065841",0
"ENSRNOG00000004676",128
"ENSRNOG00000066206",0
"ENSRNOG00000052694",1
"ENSRNOG00000060712",0
"ENSRNOG00000067906",1
"ENSRNOG00000068778",0
"ENSRNOG00000065427",0
"ENSRNOG00000069571",48
"ENSRNOG00000066440",0
"ENSRNOG00000048066",0
"ENSRNOG00000056924",0
"ENSRNOG00000065224",0
"ENSRNOG00000065883",818
"ENSRNOG00000037838",5
"ENSRNOG00000068927",0
"ENSRNOG00000002387",162
"ENSRNOG00000063107",0
"ENSRNOG00000062343",0
"ENSRNOG00000052123",0
"ENSRNOG00000053261",0
"ENSRNOG00000069846",0
"ENSRNOG00000064388",0
"ENSRNOG00000028822",1387
"ENSRNOG00000054644",0
"ENSRNOG00000000879",511
"ENSRNOG00000067319",0
"ENSRNOG00000002451",0
"ENSRNOG00000062658",0
"ENSRNOG00000032973",5
"ENSRNOG00000053584",0
"ENSRNOG00000060856",0
"ENSRNOG00000011113",0
"ENSRNOG00000048817",44
"ENSRNOG00000063933",3
"ENSRNOG00000051310",0
"ENSRNOG00000002428",43
"ENSRNOG00000067786",167
"ENSRNOG00000065631",49
"ENSRNOG00000061508",211
"ENSRNOG00000029935",0
"ENSRNOG00000067513",0
"ENSRNOG00000011508",88
"ENSRNOG00000056326",0
"ENSRNOG00000002921",0
"ENSRNOG00000027520",7371
"ENSRNOG00000054559",0
"ENSRNOG00000052401",0
"ENSRNOG00000070035",241
"ENSRNOG00000053104",0
"ENSRNOG00000037839",0
"ENSRNOG00000052165",0
"ENSRNOG00000052635",0
"ENSRNOG00000070771",1
"ENSRNOG00000056635",0
"ENSRNOG00000057644",0
"ENSRNOG00000056858",0
"ENSRNOG00000058703",0
"ENSRNOG00000012786",2357
"ENSRNOG00000045577",0
"ENSRNOG00000049985",105
"ENSRNOG00000054689",345
"ENSRNOG00000059000",0
"ENSRNOG00000056735",415
"ENSRNOG00000056465",0
"ENSRNOG00000067534",0
"ENSRNOG00000009746",100
"ENSRNOG00000058792",0
"ENSRNOG00000066758",0
"ENSRNOG00000058540",1
"ENSRNOG00000055485",1
"ENSRNOG00000064032",0
"ENSRNOG00000057825",0
"ENSRNOG00000067447",0
"ENSRNOG00000054805",0
"ENSRNOG00000004903",309
"ENSRNOG00000058904",2
"ENSRNOG00000006756",8293
"ENSRNOG00000067672",0
"ENSRNOG00000068061",0
"ENSRNOG00000061367",766
"ENSRNOG00000063973",21
"ENSRNOG00000066168",0
"ENSRNOG00000068049",0
"ENSRNOG00000003187",95
"ENSRNOG00000066717",0
"ENSRNOG00000066062",0
"ENSRNOG00000058336",0
"ENSRNOG00000005303",268
"ENSRNOG00000056084",1
"ENSRNOG00000069859",0
"ENSRNOG00000003194",58
"ENSRNOG00000053885",0
"ENSRNOG00000059999",0
"ENSRNOG00000013162",11
"ENSRNOG00000070753",0
"ENSRNOG00000065170",0
"ENSRNOG00000022476",0
"ENSRNOG00000066034",0
"ENSRNOG00000070348",0
"ENSRNOG00000070790",2
"ENSRNOG00000060763",0
"ENSRNOG00000063275",1189
"ENSRNOG00000003191",295
"ENSRNOG00000068964",0
"ENSRNOG00000005387",5273
"ENSRNOG00000007733",152
"ENSRNOG00000004036",1053
"ENSRNOG00000027331",22
"ENSRNOG00000037658",92
"ENSRNOG00000030519",0
"ENSRNOG00000003622",2
"ENSRNOG00000047960",17
"ENSRNOG00000003836",0
"ENSRNOG00000014029",1209
"ENSRNOG00000033316",216
"ENSRNOG00000034182",337
"ENSRNOG00000007984",1204
"ENSRNOG00000027767",0
"ENSRNOG00000012995",0
"ENSRNOG00000067596",0
"ENSRNOG00000048025",837
"ENSRNOG00000057091",21
"ENSRNOG00000003954",0
"ENSRNOG00000062241",0
"ENSRNOG00000047339",431
"ENSRNOG00000003949",131
"ENSRNOG00000046021",13
"ENSRNOG00000027899",0
"ENSRNOG00000018923",1507
"ENSRNOG00000067767",0
"ENSRNOG00000063456",6
"ENSRNOG00000032132",1
"ENSRNOG00000056845",0
"ENSRNOG00000069852",0
"ENSRNOG00000050510",2087
"ENSRNOG00000002429",2
"ENSRNOG00000053351",0
"ENSRNOG00000003783",0
"ENSRNOG00000069303",4191
"ENSRNOG00000030759",603
"ENSRNOG00000046918",150
"ENSRNOG00000038269",0
"ENSRNOG00000004882",21
"ENSRNOG00000023256",0
"ENSRNOG00000038257",8
"ENSRNOG00000042751",0
"ENSRNOG00000040008",0
"ENSRNOG00000058952",0
"ENSRNOG00000002862",253
"ENSRNOG00000043229",0
"ENSRNOG00000050041",0
"ENSRNOG00000038066",0
"ENSRNOG00000067987",0
"ENSRNOG00000003726",54
"ENSRNOG00000071183",0
"ENSRNOG00000038046",0
"ENSRNOG00000000875",13053
"ENSRNOG00000062756",0
"ENSRNOG00000003848",1606
"ENSRNOG00000066828",0
"ENSRNOG00000054638",0
"ENSRNOG00000013018",212
"ENSRNOG00000038169",170
"ENSRNOG00000025383",1076
"ENSRNOG00000002984",0
"ENSRNOG00000031534",0
"ENSRNOG00000031517",2735
"ENSRNOG00000004197",48
"ENSRNOG00000008177",95
"ENSRNOG00000042687",0
"ENSRNOG00000048706",4
"ENSRNOG00000039305",0
"ENSRNOG00000003025",0
"ENSRNOG00000026267",715
"ENSRNOG00000062879",4
"ENSRNOG00000033484",0
"ENSRNOG00000030877",0
"ENSRNOG00000042779",0
"ENSRNOG00000062360",388
"ENSRNOG00000003062",594
"ENSRNOG00000006877",516
"ENSRNOG00000021400",1
"ENSRNOG00000025290",1
"ENSRNOG00000031286",8
"ENSRNOG00000065591",28
"ENSRNOG00000003008",1
"ENSRNOG00000062346",0
"ENSRNOG00000027761",305
"ENSRNOG00000018301",258
"ENSRNOG00000048011",4
"ENSRNOG00000063494",1
"ENSRNOG00000002565",852
"ENSRNOG00000066262",0
"ENSRNOG00000002660",111
"ENSRNOG00000062951",0
"ENSRNOG00000000871",0
"ENSRNOG00000003812",34
"ENSRNOG00000068306",1386
"ENSRNOG00000039323",0
"ENSRNOG00000028585",1220
"ENSRNOG00000031283",0
"ENSRNOG00000005736",2241
"ENSRNOG00000032807",291
"ENSRNOG00000028050",0
"ENSRNOG00000033458",0
"ENSRNOG00000042753",464
"ENSRNOG00000002784",0
"ENSRNOG00000040013",0
"ENSRNOG00000029090",0
"ENSRNOG00000037799",0
"ENSRNOG00000005135",84
"ENSRNOG00000066048",436
"ENSRNOG00000028044",0
"ENSRNOG00000021748",180
"ENSRNOG00000029736",0
"ENSRNOG00000065266",2
"ENSRNOG00000065209",0
"ENSRNOG00000032797",0
"ENSRNOG00000026315",0
"ENSRNOG00000027907",0
"ENSRNOG00000069568",346
"ENSRNOG00000069398",0
"ENSRNOG00000040033",0
"ENSRNOG00000003354",0
"ENSRNOG00000066859",0
"ENSRNOG00000053601",177
"ENSRNOG00000002592",0
"ENSRNOG00000046053",1
"ENSRNOG00000032390",2
"ENSRNOG00000003030",0
"ENSRNOG00000029850",0
"ENSRNOG00000002959",326
"ENSRNOG00000069000",0
"ENSRNOG00000054401",0
"ENSRNOG00000024884",0
"ENSRNOG00000021547",0
"ENSRNOG00000029087",105
"ENSRNOG00000048213",0
"ENSRNOG00000060542",189
"ENSRNOG00000029926",82
"ENSRNOG00000006642",248
"ENSRNOG00000007766",398
"ENSRNOG00000003377",0
"ENSRNOG00000067363",3
"ENSRNOG00000049355",3
"ENSRNOG00000046390",3
"ENSRNOG00000004322",26
"ENSRNOG00000028847",0
"ENSRNOG00000032208",1
"ENSRNOG00000037707",88
"ENSRNOG00000043182",254
"ENSRNOG00000058183",12
"ENSRNOG00000002291",189
"ENSRNOG00000049020",3
"ENSRNOG00000024801",466
"ENSRNOG00000000869",963
"ENSRNOG00000030475",246
"ENSRNOG00000045618",0
"ENSRNOG00000062353",871
"ENSRNOG00000046858",8
"ENSRNOG00000037610",0
"ENSRNOG00000039203",946
"ENSRNOG00000034198",440
"ENSRNOG00000021589",37
"ENSRNOG00000067072",934
"ENSRNOG00000026227",0
"ENSRNOG00000019176",0
"ENSRNOG00000022939",267
"ENSRNOG00000037711",0
"ENSRNOG00000047100",0
"ENSRNOG00000022391",28
"ENSRNOG00000066509",0
"ENSRNOG00000037645",0
"ENSRNOG00000039192",4
"ENSRNOG00000040026",0
"ENSRNOG00000026265",0
"ENSRNOG00000066297",79
"ENSRNOG00000050465",189
"ENSRNOG00000010092",43
"ENSRNOG00000004795",0
"ENSRNOG00000012756",2
"ENSRNOG00000029512",16
"ENSRNOG00000064591",0
"ENSRNOG00000003430",0
"ENSRNOG00000039496",5496
"ENSRNOG00000039980",709
"ENSRNOG00000030645",4
"ENSRNOG00000027658",0
"ENSRNOG00000049392",0
"ENSRNOG00000012564",218
"ENSRNOG00000069556",1
"ENSRNOG00000061620",0
"ENSRNOG00000022417",376
"ENSRNOG00000003554",165
"ENSRNOG00000031533",0
"ENSRNOG00000004409",1
"ENSRNOG00000070784",0
"ENSRNOG00000003707",1087
"ENSRNOG00000063745",0
"ENSRNOG00000063942",7
"ENSRNOG00000003734",23
"ENSRNOG00000068286",10
"ENSRNOG00000023016",1
"ENSRNOG00000063278",311
"ENSRNOG00000021434",0
"ENSRNOG00000039985",2157
"ENSRNOG00000048990",0
"ENSRNOG00000003456",0
"ENSRNOG00000037506",0
"ENSRNOG00000069375",12
"ENSRNOG00000071109",0
"ENSRNOG00000003742",257
"ENSRNOG00000063966",1077
"ENSRNOG00000033413",0
"ENSRNOG00000065461",0
"ENSRNOG00000033628",0
"ENSRNOG00000065004",6
"ENSRNOG00000029322",0
"ENSRNOG00000067186",0
"ENSRNOG00000007345",150
"ENSRNOG00000049908",161
"ENSRNOG00000063711",0
"ENSRNOG00000062329",11
"ENSRNOG00000069341",0
"ENSRNOG00000062994",0
"ENSRNOG00000058089",0
"ENSRNOG00000034150",1349
"ENSRNOG00000064868",0
"ENSRNOG00000030434",0
"ENSRNOG00000045535",611
"ENSRNOG00000062421",294
"ENSRNOG00000029788",0
"ENSRNOG00000066544",0
"ENSRNOG00000069643",0
"ENSRNOG00000058173",0
"ENSRNOG00000007688",92
"ENSRNOG00000067223",46
"ENSRNOG00000070469",0
"ENSRNOG00000066398",1
"ENSRNOG00000013321",526
"ENSRNOG00000070141",0
"ENSRNOG00000059783",0
"ENSRNOG00000043487",0
"ENSRNOG00000005176",6
"ENSRNOG00000003472",445
"ENSRNOG00000067844",1
"ENSRNOG00000067113",0
"ENSRNOG00000067936",0
"ENSRNOG00000063423",0
"ENSRNOG00000047491",1
"ENSRNOG00000063525",0
"ENSRNOG00000002509",968
"ENSRNOG00000060421",0
"ENSRNOG00000048356",578
"ENSRNOG00000040249",5
"ENSRNOG00000051885",4
"ENSRNOG00000058333",0
"ENSRNOG00000005681",2
"ENSRNOG00000070384",3
"ENSRNOG00000004971",189
"ENSRNOG00000052773",0
"ENSRNOG00000069211",0
"ENSRNOG00000050915",0
"ENSRNOG00000002449",1154
"ENSRNOG00000059720",0
"ENSRNOG00000005157",4080
"ENSRNOG00000038970",1146
"ENSRNOG00000064829",292
"ENSRNOG00000064917",355
"ENSRNOG00000007014",0
"ENSRNOG00000068201",0
"ENSRNOG00000062296",13
"ENSRNOG00000037399",0
"ENSRNOG00000062231",356
"ENSRNOG00000065027",0
"ENSRNOG00000023440",45
"ENSRNOG00000000873",0
"ENSRNOG00000003531",0
"ENSRNOG00000024763",32
"ENSRNOG00000068015",0
"ENSRNOG00000068349",3
"ENSRNOG00000046097",0
"ENSRNOG00000068897",0
"ENSRNOG00000051726",0
"ENSRNOG00000007495",10
"ENSRNOG00000065503",0
"ENSRNOG00000002537",74
"ENSRNOG00000003883",45
"ENSRNOG00000003532",0
"ENSRNOG00000071107",0
"ENSRNOG00000043402",0
"ENSRNOG00000071186",0
"ENSRNOG00000064144",0
"ENSRNOG00000070324",0
"ENSRNOG00000003809",797
"ENSRNOG00000060137",348
"ENSRNOG00000071039",0
"ENSRNOG00000000866",1888
"ENSRNOG00000003763",1159
"ENSRNOG00000032418",0
"ENSRNOG00000024322",236
"ENSRNOG00000000861",0
"ENSRNOG00000032629",1
"ENSRNOG00000006632",980
"ENSRNOG00000011562",2
"ENSRNOG00000057706",1227
"ENSRNOG00000002413",2632
"ENSRNOG00000070217",3
"ENSRNOG00000061782",218
"ENSRNOG00000049579",0
"ENSRNOG00000007644",562
"ENSRNOG00000003049",615
"ENSRNOG00000003409",0
"ENSRNOG00000003081",59
"ENSRNOG00000064007",1
"ENSRNOG00000069252",0
"ENSRNOG00000003139",967
"ENSRNOG00000003860",1
"ENSRNOG00000027831",70
"ENSRNOG00000029158",0
"ENSRNOG00000012560",0
"ENSRNOG00000003713",0
"ENSRNOG00000058975",1643
"ENSRNOG00000046662",396
"ENSRNOG00000060486",60
"ENSRNOG00000063224",0
"ENSRNOG00000063647",0
"ENSRNOG00000058521",0
"ENSRNOG00000066658",0
"ENSRNOG00000001465",4794
"ENSRNOG00000070796",0
"ENSRNOG00000037381",2
"ENSRNOG00000031222",0
"ENSRNOG00000063675",0
"ENSRNOG00000058507",8
"ENSRNOG00000048059",0
"ENSRNOG00000011047",879
"ENSRNOG00000063254",158
"ENSRNOG00000011096",404
"ENSRNOG00000063631",11
"ENSRNOG00000067343",7
"ENSRNOG00000062315",0
"ENSRNOG00000069253",0
"ENSRNOG00000052572",0
"ENSRNOG00000022882",5050
"ENSRNOG00000064535",217
"ENSRNOG00000053397",6
"ENSRNOG00000003435",3
"ENSRNOG00000061428",0
"ENSRNOG00000056855",0
"ENSRNOG00000067514",61
"ENSRNOG00000069396",114
"ENSRNOG00000015544",1011
"ENSRNOG00000011335",1
"ENSRNOG00000066670",0
"ENSRNOG00000057464",419
"ENSRNOG00000062783",0
"ENSRNOG00000059593",303
"ENSRNOG00000068777",0
"ENSRNOG00000053402",0
"ENSRNOG00000051704",48
"ENSRNOG00000048606",777
"ENSRNOG00000052022",0
"ENSRNOG00000058317",0
"ENSRNOG00000064273",0
"ENSRNOG00000056558",0
"ENSRNOG00000066176",0
"ENSRNOG00000069761",0
"ENSRNOG00000070033",554
"ENSRNOG00000068983",0
"ENSRNOG00000055822",0
"ENSRNOG00000068104",0
"ENSRNOG00000069789",0
"ENSRNOG00000056765",23825
"ENSRNOG00000066728",0
"ENSRNOG00000058882",926
"ENSRNOG00000055185",0
"ENSRNOG00000061182",0
"ENSRNOG00000050177",1
"ENSRNOG00000055756",1061
"ENSRNOG00000056524",697
"ENSRNOG00000064693",0
"ENSRNOG00000057620",2367
"ENSRNOG00000054272",825
"ENSRNOG00000006082",29
"ENSRNOG00000068860",2
"ENSRNOG00000006523",251
"ENSRNOG00000063707",0
"ENSRNOG00000062976",0
"ENSRNOG00000064245",0
"ENSRNOG00000006929",592
"ENSRNOG00000062682",0
"ENSRNOG00000063148",0
"ENSRNOG00000040287",3885
"ENSRNOG00000066971",0
"ENSRNOG00000065042",4
"ENSRNOG00000067603",0
"ENSRNOG00000032136",849
"ENSRNOG00000062915",0
"ENSRNOG00000033376",0
"ENSRNOG00000065459",0
"ENSRNOG00000004706",0
"ENSRNOG00000066380",0
"ENSRNOG00000069750",0
"ENSRNOG00000071091",0
"ENSRNOG00000066590",0
"ENSRNOG00000068696",0
"ENSRNOG00000070047",0
"ENSRNOG00000063672",0
"ENSRNOG00000025926",734
"ENSRNOG00000070891",0
"ENSRNOG00000068413",0
"ENSRNOG00000065690",0
"ENSRNOG00000004806",629
"ENSRNOG00000015796",90
"ENSRNOG00000007023",627
"ENSRNOG00000015667",0
"ENSRNOG00000005289",2351
"ENSRNOG00000015059",527
"ENSRNOG00000016110",0
"ENSRNOG00000067942",9
"ENSRNOG00000067086",889
"ENSRNOG00000068285",0
"ENSRNOG00000005279",211
"ENSRNOG00000040136",0
"ENSRNOG00000024372",106
"ENSRNOG00000005087",639
"ENSRNOG00000024525",144
"ENSRNOG00000014879",297
"ENSRNOG00000064368",64
"ENSRNOG00000066755",198
"ENSRNOG00000016528",355
"ENSRNOG00000015566",12
"ENSRNOG00000005705",15
"ENSRNOG00000028504",1620
"ENSRNOG00000016703",6
"ENSRNOG00000005810",1
"ENSRNOG00000016688",2113
"ENSRNOG00000042932",322
"ENSRNOG00000015603",279
"ENSRNOG00000030328",577
"ENSRNOG00000062519",1
"ENSRNOG00000016712",0
"ENSRNOG00000015215",194
"ENSRNOG00000032703",277
"ENSRNOG00000062904",15
"ENSRNOG00000015325",392
"ENSRNOG00000005856",268
"ENSRNOG00000046926",0
"ENSRNOG00000016783",0
"ENSRNOG00000049335",3
"ENSRNOG00000070800",0
"ENSRNOG00000021318",410
"ENSRNOG00000040110",827
"ENSRNOG00000048315",481
"ENSRNOG00000002516",387
"ENSRNOG00000014720",360
"ENSRNOG00000068029",10
"ENSRNOG00000069334",0
"ENSRNOG00000050220",13
"ENSRNOG00000057031",6
"ENSRNOG00000007172",2280
"ENSRNOG00000005124",693
"ENSRNOG00000069544",2
"ENSRNOG00000070393",0
"ENSRNOG00000005420",0
"ENSRNOG00000066978",0
"ENSRNOG00000016396",1023
"ENSRNOG00000005250",0
"ENSRNOG00000016134",320
"ENSRNOG00000063108",1554
"ENSRNOG00000015559",0
"ENSRNOG00000030667",432
"ENSRNOG00000062020",0
"ENSRNOG00000068059",0
"ENSRNOG00000051000",0
"ENSRNOG00000069250",0
"ENSRNOG00000004188",0
"ENSRNOG00000029776",0
"ENSRNOG00000049398",0
"ENSRNOG00000062685",0
"ENSRNOG00000069124",0
"ENSRNOG00000040045",199
"ENSRNOG00000004577",462
"ENSRNOG00000052193",0
"ENSRNOG00000031342",125
"ENSRNOG00000005877",1330
"ENSRNOG00000028518",0
"ENSRNOG00000002495",7
"ENSRNOG00000065320",0
"ENSRNOG00000031564",0
"ENSRNOG00000005067",3315
"ENSRNOG00000024310",0
"ENSRNOG00000050408",0
"ENSRNOG00000004208",1353
"ENSRNOG00000032523",11
"ENSRNOG00000030629",75
"ENSRNOG00000064208",0
"ENSRNOG00000062523",6
"ENSRNOG00000065148",828
"ENSRNOG00000064848",29
"ENSRNOG00000046279",30
"ENSRNOG00000063865",0
"ENSRNOG00000007744",436
"ENSRNOG00000068283",0
"ENSRNOG00000029871",5
"ENSRNOG00000068823",0
"ENSRNOG00000068981",0
"ENSRNOG00000030034",14
"ENSRNOG00000067080",0
"ENSRNOG00000039207",8
"ENSRNOG00000047115",193
"ENSRNOG00000007326",608
"ENSRNOG00000047877",0
"ENSRNOG00000056825",0
"ENSRNOG00000063683",0
"ENSRNOG00000007951",0
"ENSRNOG00000011091",0
"ENSRNOG00000065478",16
"ENSRNOG00000069569",18
"ENSRNOG00000032513",0
"ENSRNOG00000068008",1
"ENSRNOG00000066939",7
"ENSRNOG00000064210",6
"ENSRNOG00000006399",1106
"ENSRNOG00000067232",174
"ENSRNOG00000068503",0
"ENSRNOG00000067053",0
"ENSRNOG00000069610",224
"ENSRNOG00000067921",4
"ENSRNOG00000062245",1708
"ENSRNOG00000027136",638
"ENSRNOG00000070156",0
"ENSRNOG00000062594",0
"ENSRNOG00000029594",2359
"ENSRNOG00000067976",821
"ENSRNOG00000064776",1
"ENSRNOG00000031317",0
"ENSRNOG00000007006",195
"ENSRNOG00000030058",0
"ENSRNOG00000066517",0
"ENSRNOG00000068318",1
"ENSRNOG00000002874",312
"ENSRNOG00000066790",0
"ENSRNOG00000065578",19
"ENSRNOG00000034026",624
"ENSRNOG00000030869",23
"ENSRNOG00000063393",0
"ENSRNOG00000068021",0
"ENSRNOG00000027126",0
"ENSRNOG00000062958",0
"ENSRNOG00000069324",6
"ENSRNOG00000031285",296
"ENSRNOG00000005151",312
"ENSRNOG00000066637",7999
"ENSRNOG00000004589",34
"ENSRNOG00000067538",2
"ENSRNOG00000022697",0
"ENSRNOG00000006340",2148
"ENSRNOG00000068506",0
"ENSRNOG00000008614",416
"ENSRNOG00000049817",0
"ENSRNOG00000068533",106
"ENSRNOG00000067189",1
"ENSRNOG00000069525",1
"ENSRNOG00000062652",26345
"ENSRNOG00000067745",28
"ENSRNOG00000064997",4
"ENSRNOG00000026742",1094
"ENSRNOG00000038771",4
"ENSRNOG00000064247",0
"ENSRNOG00000066665",178
"ENSRNOG00000065542",7
"ENSRNOG00000008584",32
"ENSRNOG00000004163",0
"ENSRNOG00000066455",1
"ENSRNOG00000064012",0
"ENSRNOG00000067139",0
"ENSRNOG00000021403",1784
"ENSRNOG00000069562",0
"ENSRNOG00000025899",633
"ENSRNOG00000004509",350
"ENSRNOG00000069167",0
"ENSRNOG00000007459",4633
"ENSRNOG00000062786",5
"ENSRNOG00000028058",0
"ENSRNOG00000066124",1
"ENSRNOG00000067724",13
"ENSRNOG00000066295",0
"ENSRNOG00000063720",24
"ENSRNOG00000069486",0
"ENSRNOG00000067604",0
"ENSRNOG00000005053",13
"ENSRNOG00000069595",198
"ENSRNOG00000065782",0
"ENSRNOG00000062750",0
"ENSRNOG00000004499",11
"ENSRNOG00000065519",190
"ENSRNOG00000027042",0
"ENSRNOG00000008299",0
"ENSRNOG00000068248",1
"ENSRNOG00000069517",1
"ENSRNOG00000033058",65
"ENSRNOG00000031263",0
"ENSRNOG00000068280",0
"ENSRNOG00000070424",1862
"ENSRNOG00000066530",0
"ENSRNOG00000029172",81
"ENSRNOG00000042697",12
"ENSRNOG00000065241",166
"ENSRNOG00000070862",0
"ENSRNOG00000065535",0
"ENSRNOG00000069422",0
"ENSRNOG00000068162",6
"ENSRNOG00000065552",0
"ENSRNOG00000007081",642
"ENSRNOG00000006599",0
"ENSRNOG00000004535",0
"ENSRNOG00000066075",0
"ENSRNOG00000007237",1469
"ENSRNOG00000029835",10
"ENSRNOG00000066896",1
"ENSRNOG00000008086",0
"ENSRNOG00000064224",0
"ENSRNOG00000069102",0
"ENSRNOG00000063453",0
"ENSRNOG00000004526",1514
"ENSRNOG00000009039",577
"ENSRNOG00000004582",36
"ENSRNOG00000063643",0
"ENSRNOG00000070058",0
"ENSRNOG00000070426",20
"ENSRNOG00000066119",37
"ENSRNOG00000067664",0
"ENSRNOG00000055777",2803
"ENSRNOG00000070307",1
"ENSRNOG00000063858",0
"ENSRNOG00000068442",0
"ENSRNOG00000010126",173
"ENSRNOG00000051551",1
"ENSRNOG00000009285",193
"ENSRNOG00000012062",6966
"ENSRNOG00000056011",288
"ENSRNOG00000038335",0
"ENSRNOG00000065489",0
"ENSRNOG00000068325",1
"ENSRNOG00000042752",27
"ENSRNOG00000068738",21
"ENSRNOG00000012085",305
"ENSRNOG00000053311",0
"ENSRNOG00000066833",0
"ENSRNOG00000042542",0
"ENSRNOG00000068002",1
"ENSRNOG00000033090",1961
"ENSRNOG00000063339",865
"ENSRNOG00000011026",871
"ENSRNOG00000063888",0
"ENSRNOG00000067219",0
"ENSRNOG00000066815",0
"ENSRNOG00000064769",313
"ENSRNOG00000062878",0
"ENSRNOG00000071076",0
"ENSRNOG00000009151",85
"ENSRNOG00000066282",276
"ENSRNOG00000050817",244
"ENSRNOG00000061911",2
"ENSRNOG00000012652",0
"ENSRNOG00000008644",0
"ENSRNOG00000070197",0
"ENSRNOG00000032375",1
"ENSRNOG00000068075",10
"ENSRNOG00000052017",0
"ENSRNOG00000063825",110
"ENSRNOG00000027317",1562
"ENSRNOG00000053429",0
"ENSRNOG00000005610",207
"ENSRNOG00000005249",952
"ENSRNOG00000069735",0
"ENSRNOG00000067643",0
"ENSRNOG00000030294",447
"ENSRNOG00000004269",0
"ENSRNOG00000004262",339
"ENSRNOG00000039902",1618
"ENSRNOG00000067034",0
"ENSRNOG00000066171",6
"ENSRNOG00000032348",73
"ENSRNOG00000005826",2444
"ENSRNOG00000004657",2681
"ENSRNOG00000066846",0
"ENSRNOG00000008683",22
"ENSRNOG00000067897",0
"ENSRNOG00000063718",31
"ENSRNOG00000006321",11
"ENSRNOG00000067198",2
"ENSRNOG00000070054",5
"ENSRNOG00000068419",7
"ENSRNOG00000071152",0
"ENSRNOG00000004360",141
"ENSRNOG00000066662",0
"ENSRNOG00000008806",1
"ENSRNOG00000068595",5
"ENSRNOG00000004696",840
"ENSRNOG00000008942",1
"ENSRNOG00000063663",0
"ENSRNOG00000007390",292
"ENSRNOG00000056792",0
"ENSRNOG00000071054",0
"ENSRNOG00000027191",3753
"ENSRNOG00000006976",354
"ENSRNOG00000065348",82
"ENSRNOG00000005144",339
"ENSRNOG00000006878",1
"ENSRNOG00000007254",6
"ENSRNOG00000008931",7
"ENSRNOG00000004205",513
"ENSRNOG00000060614",8986
"ENSRNOG00000004199",191
"ENSRNOG00000004103",124
"ENSRNOG00000007690",21
"ENSRNOG00000025317",113
"ENSRNOG00000065555",117
"ENSRNOG00000004646",0
"ENSRNOG00000004061",326
"ENSRNOG00000026316",452
"ENSRNOG00000008082",74
"ENSRNOG00000009385",0
"ENSRNOG00000009284",0
"ENSRNOG00000008479",1369
"ENSRNOG00000004928",1
"ENSRNOG00000004612",2518
"ENSRNOG00000022791",0
"ENSRNOG00000007253",299
"ENSRNOG00000027305",2
"ENSRNOG00000068412",488
"ENSRNOG00000009790",0
"ENSRNOG00000062834",254
"ENSRNOG00000069769",392
"ENSRNOG00000058692",0
"ENSRNOG00000046262",0
"ENSRNOG00000066667",0
"ENSRNOG00000007907",91
"ENSRNOG00000005660",16
"ENSRNOG00000007646",1840
"ENSRNOG00000066260",0
"ENSRNOG00000024905",1
"ENSRNOG00000006828",283
"ENSRNOG00000026037",1
"ENSRNOG00000009079",383
"ENSRNOG00000004382",779
"ENSRNOG00000005285",136
"ENSRNOG00000004723",460
"ENSRNOG00000005550",0
"ENSRNOG00000057813",241
"ENSRNOG00000007884",57
"ENSRNOG00000004685",724
"ENSRNOG00000046740",2057
"ENSRNOG00000067489",1
"ENSRNOG00000046896",0
"ENSRNOG00000005061",1672
"ENSRNOG00000068245",4
"ENSRNOG00000006986",49
"ENSRNOG00000004534",8
"ENSRNOG00000047941",1
"ENSRNOG00000006364",529
"ENSRNOG00000004901",116
"ENSRNOG00000032776",479
"ENSRNOG00000040266",49
"ENSRNOG00000026905",1269
"ENSRNOG00000064975",477
"ENSRNOG00000005530",2
"ENSRNOG00000027332",25
"ENSRNOG00000050570",2576
"ENSRNOG00000004927",395
"ENSRNOG00000027343",2
"ENSRNOG00000023591",281
"ENSRNOG00000053460",0
"ENSRNOG00000008155",77
"ENSRNOG00000006090",0
"ENSRNOG00000029637",3
"ENSRNOG00000004941",421
"ENSRNOG00000006146",0
"ENSRNOG00000007043",115
"ENSRNOG00000009856",2472
"ENSRNOG00000049989",218
"ENSRNOG00000069218",0
"ENSRNOG00000051280",153
"ENSRNOG00000004364",1260
"ENSRNOG00000067360",65
"ENSRNOG00000056610",485
"ENSRNOG00000058973",248
"ENSRNOG00000007114",313
"ENSRNOG00000006204",9
"ENSRNOG00000005998",9901
"ENSRNOG00000027360",916
"ENSRNOG00000008423",3
"ENSRNOG00000004710",15
"ENSRNOG00000008927",1149
"ENSRNOG00000008961",848
"ENSRNOG00000008249",657
"ENSRNOG00000025388",51
"ENSRNOG00000063368",15
"ENSRNOG00000042333",83
"ENSRNOG00000055899",0
"ENSRNOG00000008996",4
"ENSRNOG00000047455",0
"ENSRNOG00000005298",364
"ENSRNOG00000008291",196
"ENSRNOG00000056721",443
"ENSRNOG00000010553",16
"ENSRNOG00000010800",3707
"ENSRNOG00000010653",525
"ENSRNOG00000009754",782
"ENSRNOG00000011918",19
"ENSRNOG00000026884",1037
"ENSRNOG00000023093",190
"ENSRNOG00000007106",711
"ENSRNOG00000024629",2075
"ENSRNOG00000047312",0
"ENSRNOG00000048145",0
"ENSRNOG00000068687",153
"ENSRNOG00000032391",2582
"ENSRNOG00000065342",0
"ENSRNOG00000036490",0
"ENSRNOG00000022970",0
"ENSRNOG00000005260",217
"ENSRNOG00000003988",207
"ENSRNOG00000035618",1
"ENSRNOG00000068695",4
"ENSRNOG00000035634",0
"ENSRNOG00000026344",0
"ENSRNOG00000035612",0
"ENSRNOG00000007061",53
"ENSRNOG00000046172",1347
"ENSRNOG00000023230",56
"ENSRNOG00000010194",68
"ENSRNOG00000046763",2
"ENSRNOG00000012094",2078
"ENSRNOG00000047143",131
"ENSRNOG00000045892",1040
"ENSRNOG00000005301",434
"ENSRNOG00000011040",354
"ENSRNOG00000063727",0
"ENSRNOG00000022738",989
"ENSRNOG00000050114",0
"ENSRNOG00000049783",2120
"ENSRNOG00000069999",5
"ENSRNOG00000067033",11
"ENSRNOG00000005522",39
"ENSRNOG00000028650",846
"ENSRNOG00000049615",4
"ENSRNOG00000056904",1443
"ENSRNOG00000010227",192
"ENSRNOG00000067279",0
"ENSRNOG00000000618",21
"ENSRNOG00000050386",0
"ENSRNOG00000011111",869
"ENSRNOG00000037436",0
"ENSRNOG00000064159",0
"ENSRNOG00000024766",0
"ENSRNOG00000003759",38
"ENSRNOG00000049430",658
"ENSRNOG00000047088",4610
"ENSRNOG00000004521",446
"ENSRNOG00000010646",66
"ENSRNOG00000004158",109
"ENSRNOG00000065590",0
"ENSRNOG00000012950",9
"ENSRNOG00000012146",704
"ENSRNOG00000005410",14
"ENSRNOG00000004629",223
"ENSRNOG00000047708",567
"ENSRNOG00000010750",185
"ENSRNOG00000003908",151
"ENSRNOG00000039815",271
"ENSRNOG00000062909",0
"ENSRNOG00000005371",692
"ENSRNOG00000070656",0
"ENSRNOG00000064799",364
"ENSRNOG00000004342",1824
"ENSRNOG00000004196",346
"ENSRNOG00000050413",12
"ENSRNOG00000003732",427
"ENSRNOG00000066482",0
"ENSRNOG00000007141",300
"ENSRNOG00000004218",122
"ENSRNOG00000005054",5
"ENSRNOG00000012264",512
"ENSRNOG00000004068",1736
"ENSRNOG00000005451",4
"ENSRNOG00000025689",240
"ENSRNOG00000012314",96
"ENSRNOG00000010567",177
"ENSRNOG00000025736",0
"ENSRNOG00000005650",75
"ENSRNOG00000004415",853
"ENSRNOG00000037998",871
"ENSRNOG00000009898",0
"ENSRNOG00000027960",116
"ENSRNOG00000009905",0
"ENSRNOG00000067599",0
"ENSRNOG00000025726",0
"ENSRNOG00000005678",6238
"ENSRNOG00000005003",1
"ENSRNOG00000051056",195
"ENSRNOG00000011334",3
"ENSRNOG00000046741",529
"ENSRNOG00000008246",858
"ENSRNOG00000003955",502
"ENSRNOG00000008047",2
"ENSRNOG00000062802",0
"ENSRNOG00000028629",3628
"ENSRNOG00000067630",0
"ENSRNOG00000062500",62
"ENSRNOG00000009448",23
"ENSRNOG00000011101",291
"ENSRNOG00000064692",0
"ENSRNOG00000008612",1014
"ENSRNOG00000021751",8
"ENSRNOG00000010730",0
"ENSRNOG00000005154",0
"ENSRNOG00000010259",0
"ENSRNOG00000046256",963
"ENSRNOG00000004994",0
"ENSRNOG00000008501",1
"ENSRNOG00000009967",0
"ENSRNOG00000021475",709
"ENSRNOG00000009653",1126
"ENSRNOG00000028640",468
"ENSRNOG00000006119",0
"ENSRNOG00000037562",71
"ENSRNOG00000048378",0
"ENSRNOG00000068680",1
"ENSRNOG00000006467",1009
"ENSRNOG00000004186",538
"ENSRNOG00000014595",219
"ENSRNOG00000005542",1
"ENSRNOG00000011719",2
"ENSRNOG00000014693",619
"ENSRNOG00000004542",588
"ENSRNOG00000026474",2034
"ENSRNOG00000063964",535
"ENSRNOG00000009110",1174
"ENSRNOG00000009459",1039
"ENSRNOG00000011285",0
"ENSRNOG00000006046",0
"ENSRNOG00000056141",315
"ENSRNOG00000004300",588
"ENSRNOG00000048874",8
"ENSRNOG00000023508",0
"ENSRNOG00000033776",3954
"ENSRNOG00000049088",38
"ENSRNOG00000008610",144
"ENSRNOG00000012210",1245
"ENSRNOG00000057628",380
"ENSRNOG00000010415",302
"ENSRNOG00000063175",0
"ENSRNOG00000067159",10
"ENSRNOG00000034190",0
"ENSRNOG00000048981",287
"ENSRNOG00000059106",0
"ENSRNOG00000064221",0
"ENSRNOG00000028155",168
"ENSRNOG00000062788",0
"ENSRNOG00000028783",643
"ENSRNOG00000064356",0
"ENSRNOG00000054892",0
"ENSRNOG00000007923",386
"ENSRNOG00000066742",0
"ENSRNOG00000064938",74
"ENSRNOG00000050312",2
"ENSRNOG00000063558",0
"ENSRNOG00000005046",1026
"ENSRNOG00000070473",0
"ENSRNOG00000070272",0
"ENSRNOG00000068546",0
"ENSRNOG00000004242",58
"ENSRNOG00000065483",0
"ENSRNOG00000008015",84
"ENSRNOG00000025049",1
"ENSRNOG00000066357",0
"ENSRNOG00000059947",2127
"ENSRNOG00000067258",0
"ENSRNOG00000026578",0
"ENSRNOG00000004709",1116
"ENSRNOG00000065959",0
"ENSRNOG00000010457",116
"ENSRNOG00000069158",0
"ENSRNOG00000051710",0
"ENSRNOG00000066107",0
"ENSRNOG00000065996",0
"ENSRNOG00000003999",247
"ENSRNOG00000005770",0
"ENSRNOG00000062991",0
"ENSRNOG00000008588",0
"ENSRNOG00000051976",0
"ENSRNOG00000059295",723
"ENSRNOG00000063789",0
"ENSRNOG00000068799",0
"ENSRNOG00000065834",0
"ENSRNOG00000061433",0
"ENSRNOG00000071213",0
"ENSRNOG00000004425",26
"ENSRNOG00000050111",86
"ENSRNOG00000008754",112
"ENSRNOG00000005470",136
"ENSRNOG00000067815",0
"ENSRNOG00000023116",4
"ENSRNOG00000067688",0
"ENSRNOG00000063638",0
"ENSRNOG00000004059",82
"ENSRNOG00000063750",0
"ENSRNOG00000008812",1785
"ENSRNOG00000053761",0
"ENSRNOG00000064450",0
"ENSRNOG00000070986",0
"ENSRNOG00000060721",0
"ENSRNOG00000068804",0
"ENSRNOG00000064737",8
"ENSRNOG00000063542",0
"ENSRNOG00000006062",891
"ENSRNOG00000027707",344
"ENSRNOG00000066035",16
"ENSRNOG00000004239",1
"ENSRNOG00000066457",0
"ENSRNOG00000030332",0
"ENSRNOG00000005718",108
"ENSRNOG00000062402",0
"ENSRNOG00000067691",6
"ENSRNOG00000068455",0
"ENSRNOG00000070538",0
"ENSRNOG00000006588",2023
"ENSRNOG00000032178",531
"ENSRNOG00000063661",0
"ENSRNOG00000063928",0
"ENSRNOG00000069392",55
"ENSRNOG00000008781",611
"ENSRNOG00000070039",11
"ENSRNOG00000066459",0
"ENSRNOG00000005264",667
"ENSRNOG00000067294",0
"ENSRNOG00000065039",0
"ENSRNOG00000060568",887
"ENSRNOG00000068630",0
"ENSRNOG00000065917",0
"ENSRNOG00000067879",0
"ENSRNOG00000046064",10
"ENSRNOG00000053121",0
"ENSRNOG00000011394",217
"ENSRNOG00000005096",882
"ENSRNOG00000051923",2
"ENSRNOG00000004908",720
"ENSRNOG00000063188",240
"ENSRNOG00000054705",0
"ENSRNOG00000004234",1165
"ENSRNOG00000061723",0
"ENSRNOG00000064344",0
"ENSRNOG00000063323",1
"ENSRNOG00000070565",0
"ENSRNOG00000059576",0
"ENSRNOG00000065018",0
"ENSRNOG00000057665",2
"ENSRNOG00000063791",0
"ENSRNOG00000005023",0
"ENSRNOG00000052171",0
"ENSRNOG00000036243",0
"ENSRNOG00000062520",0
"ENSRNOG00000036489",0
"ENSRNOG00000063060",79
"ENSRNOG00000011908",1094
"ENSRNOG00000068022",0
"ENSRNOG00000059648",0
"ENSRNOG00000035409",0
"ENSRNOG00000005733",1543
"ENSRNOG00000040386",0
"ENSRNOG00000060643",0
"ENSRNOG00000064481",0
"ENSRNOG00000045015",0
"ENSRNOG00000053020",0
"ENSRNOG00000066562",0
"ENSRNOG00000063355",5
"ENSRNOG00000005623",1390
"ENSRNOG00000071087",0
"ENSRNOG00000004899",1
"ENSRNOG00000035574",0
"ENSRNOG00000070406",0
"ENSRNOG00000057513",0
"ENSRNOG00000036492",0
"ENSRNOG00000058165",0
"ENSRNOG00000062646",0
"ENSRNOG00000036496",0
"ENSRNOG00000056412",0
"ENSRNOG00000036499",0
"ENSRNOG00000061016",0
"ENSRNOG00000036493",0
"ENSRNOG00000065181",0
"ENSRNOG00000066677",0
"ENSRNOG00000035507",0
"ENSRNOG00000004474",655
"ENSRNOG00000065445",0
"ENSRNOG00000035490",0
"ENSRNOG00000009318",663
"ENSRNOG00000053799",0
"ENSRNOG00000035625",0
"ENSRNOG00000060052",0
"ENSRNOG00000069022",0
"ENSRNOG00000040354",0
"ENSRNOG00000062762",0
"ENSRNOG00000061364",0
"ENSRNOG00000050073",0
"ENSRNOG00000070846",0
"ENSRNOG00000036488",0
"ENSRNOG00000053000",0
"ENSRNOG00000040406",0
"ENSRNOG00000062609",0
"ENSRNOG00000004210",7629
"ENSRNOG00000036487",0
"ENSRNOG00000054621",0
"ENSRNOG00000004083",1404
"ENSRNOG00000065055",0
"ENSRNOG00000040358",0
"ENSRNOG00000058196",0
"ENSRNOG00000035615",0
"ENSRNOG00000070589",0
"ENSRNOG00000036491",0
"ENSRNOG00000065156",0
"ENSRNOG00000057500",2
"ENSRNOG00000048292",0
"ENSRNOG00000059614",0
"ENSRNOG00000006199",63
"ENSRNOG00000067155",0
"ENSRNOG00000036497",0
"ENSRNOG00000053684",0
"ENSRNOG00000011914",390
"ENSRNOG00000006865",12561
"ENSRNOG00000041468",0
"ENSRNOG00000056761",0
"ENSRNOG00000065431",3
"ENSRNOG00000067516",0
"ENSRNOG00000036249",0
"ENSRNOG00000059872",0
"ENSRNOG00000035573",0
"ENSRNOG00000051602",0
"ENSRNOG00000064415",0
"ENSRNOG00000070132",0
"ENSRNOG00000070000",0
"ENSRNOG00000009867",1763
"ENSRNOG00000049586",0
"ENSRNOG00000059869",0
"ENSRNOG00000065476",0
"ENSRNOG00000036486",0
"ENSRNOG00000063963",0
"ENSRNOG00000035515",0
"ENSRNOG00000056128",102
"ENSRNOG00000066123",0
"ENSRNOG00000066281",0
"ENSRNOG00000059151",0
"ENSRNOG00000040384",0
"ENSRNOG00000059370",0
"ENSRNOG00000066796",0
"ENSRNOG00000035527",0
"ENSRNOG00000035557",0
"ENSRNOG00000058527",0
"ENSRNOG00000035489",0
"ENSRNOG00000056323",0
"ENSRNOG00000065406",0
"ENSRNOG00000035470",0
"ENSRNOG00000057539",0
"ENSRNOG00000004498",0
"ENSRNOG00000036498",0
"ENSRNOG00000066892",0
"ENSRNOG00000059972",0
"ENSRNOG00000052456",0
"ENSRNOG00000035473",0
"ENSRNOG00000062767",0
"ENSRNOG00000035487",0
"ENSRNOG00000058064",0
"ENSRNOG00000064349",0
"ENSRNOG00000065305",183
"ENSRNOG00000040355",0
"ENSRNOG00000064436",0
"ENSRNOG00000039110",5
"ENSRNOG00000035600",0
"ENSRNOG00000053107",0
"ENSRNOG00000065952",0
"ENSRNOG00000054823",0
"ENSRNOG00000048809",0
"ENSRNOG00000004207",21
"ENSRNOG00000065490",0
"ENSRNOG00000036244",0
"ENSRNOG00000067682",0
"ENSRNOG00000061206",0
"ENSRNOG00000026649",349
"ENSRNOG00000064746",0
"ENSRNOG00000052215",0
"ENSRNOG00000006180",2758
"ENSRNOG00000040351",0
"ENSRNOG00000035497",0
"ENSRNOG00000068244",0
"ENSRNOG00000068111",1
"ENSRNOG00000035556",0
"ENSRNOG00000055941",1
"ENSRNOG00000004826",520
"ENSRNOG00000055274",0
"ENSRNOG00000035454",0
"ENSRNOG00000030771",0
"ENSRNOG00000069018",0
"ENSRNOG00000012686",5
"ENSRNOG00000035528",0
"ENSRNOG00000069838",0
"ENSRNOG00000053907",0
"ENSRNOG00000050479",0
"ENSRNOG00000070179",0
"ENSRNOG00000036263",0
"ENSRNOG00000004464",3948
"ENSRNOG00000064775",0
"ENSRNOG00000054830",0
"ENSRNOG00000064207",0
"ENSRNOG00000048004",19
"ENSRNOG00000061087",0
"ENSRNOG00000051913",1
"ENSRNOG00000030812",0
"ENSRNOG00000055074",0
"ENSRNOG00000052438",0
"ENSRNOG00000029121",0
"ENSRNOG00000063897",0
"ENSRNOG00000050997",550
"ENSRNOG00000061746",0
"ENSRNOG00000027645",0
"ENSRNOG00000069444",0
"ENSRNOG00000070951",1064
"ENSRNOG00000058769",0
"ENSRNOG00000052462",0
"ENSRNOG00000055167",0
"ENSRNOG00000062657",0
"ENSRNOG00000066819",2
"ENSRNOG00000066213",0
"ENSRNOG00000051985",0
"ENSRNOG00000063341",0
"ENSRNOG00000003972",0
"ENSRNOG00000059185",0
"ENSRNOG00000069784",14
"ENSRNOG00000067932",3
"ENSRNOG00000069940",0
"ENSRNOG00000054985",0
"ENSRNOG00000055656",0
"ENSRNOG00000065283",0
"ENSRNOG00000027300",749
"ENSRNOG00000006867",180
"ENSRNOG00000053080",0
"ENSRNOG00000061281",0
"ENSRNOG00000064886",0
"ENSRNOG00000058917",0
"ENSRNOG00000065968",38
"ENSRNOG00000049271",6
"ENSRNOG00000006333",0
"ENSRNOG00000065965",0
"ENSRNOG00000067948",27
"ENSRNOG00000068279",0
"ENSRNOG00000004667",44
"ENSRNOG00000067508",0
"ENSRNOG00000070729",0
"ENSRNOG00000056919",0
"ENSRNOG00000058397",0
"ENSRNOG00000045854",466
"ENSRNOG00000065040",0
"ENSRNOG00000056198",0
"ENSRNOG00000004923",986
"ENSRNOG00000051372",31
"ENSRNOG00000064570",0
"ENSRNOG00000068908",0
"ENSRNOG00000062565",0
"ENSRNOG00000049223",735
"ENSRNOG00000032866",2
"ENSRNOG00000055806",2
"ENSRNOG00000070415",0
"ENSRNOG00000056614",0
"ENSRNOG00000005811",0
"ENSRNOG00000058149",0
"ENSRNOG00000070455",0
"ENSRNOG00000058594",0
"ENSRNOG00000052758",99
"ENSRNOG00000067070",12
"ENSRNOG00000060184",0
"ENSRNOG00000056818",0
"ENSRNOG00000059317",0
"ENSRNOG00000053447",0
"ENSRNOG00000067259",0
"ENSRNOG00000006652",744
"ENSRNOG00000006368",3
"ENSRNOG00000070372",0
"ENSRNOG00000049870",0
"ENSRNOG00000005063",59
"ENSRNOG00000055908",4
"ENSRNOG00000067744",0
"ENSRNOG00000069909",0
"ENSRNOG00000050653",0
"ENSRNOG00000057749",0
"ENSRNOG00000058074",0
"ENSRNOG00000005345",114
"ENSRNOG00000031440",11
"ENSRNOG00000057283",0
"ENSRNOG00000070816",0
"ENSRNOG00000051376",1
"ENSRNOG00000064235",0
"ENSRNOG00000067607",0
"ENSRNOG00000055169",0
"ENSRNOG00000067885",0
"ENSRNOG00000066374",1
"ENSRNOG00000006727",123
"ENSRNOG00000060868",0
"ENSRNOG00000004084",0
"ENSRNOG00000008728",0
"ENSRNOG00000042319",0
"ENSRNOG00000063724",10
"ENSRNOG00000067766",0
"ENSRNOG00000069300",116
"ENSRNOG00000062820",0
"ENSRNOG00000066076",0
"ENSRNOG00000024503",985
"ENSRNOG00000069751",0
"ENSRNOG00000063713",0
"ENSRNOG00000007031",0
"ENSRNOG00000063523",0
"ENSRNOG00000031203",595
"ENSRNOG00000046309",6
"ENSRNOG00000069071",0
"ENSRNOG00000064873",0
"ENSRNOG00000030235",0
"ENSRNOG00000053317",3
"ENSRNOG00000047574",0
"ENSRNOG00000004296",47
"ENSRNOG00000067551",0
"ENSRNOG00000070937",231
"ENSRNOG00000070949",0
"ENSRNOG00000039551",53
"ENSRNOG00000047891",0
"ENSRNOG00000008445",430
"ENSRNOG00000003831",123
"ENSRNOG00000004377",177
"ENSRNOG00000032924",0
"ENSRNOG00000004198",77
"ENSRNOG00000049054",0
"ENSRNOG00000004857",50
"ENSRNOG00000004520",101
"ENSRNOG00000042391",0
"ENSRNOG00000024651",59
"ENSRNOG00000063297",0
"ENSRNOG00000004893",46
"ENSRNOG00000069554",97
"ENSRNOG00000008598",1239
"ENSRNOG00000062977",2
"ENSRNOG00000066641",0
"ENSRNOG00000024338",22
"ENSRNOG00000038720",6
"ENSRNOG00000051619",89
"ENSRNOG00000004110",316
"ENSRNOG00000004216",14
"ENSRNOG00000005424",1560
"ENSRNOG00000038166",301
"ENSRNOG00000066926",0
"ENSRNOG00000050539",29946
"ENSRNOG00000069868",0
"ENSRNOG00000064490",0
"ENSRNOG00000060853",692
"ENSRNOG00000030420",0
"ENSRNOG00000064626",0
"ENSRNOG00000042634",0
"ENSRNOG00000070933",0
"ENSRNOG00000063171",0
"ENSRNOG00000004754",27
"ENSRNOG00000007504",2592
"ENSRNOG00000068813",0
"ENSRNOG00000010985",551
"ENSRNOG00000050810",0
"ENSRNOG00000004496",1266
"ENSRNOG00000062618",6
"ENSRNOG00000004823",966
"ENSRNOG00000011112",13
"ENSRNOG00000004362",166
"ENSRNOG00000011164",453
"ENSRNOG00000060694",468
"ENSRNOG00000067058",2
"ENSRNOG00000054259",375
"ENSRNOG00000064989",65
"ENSRNOG00000006296",0
"ENSRNOG00000033206",328
"ENSRNOG00000005589",258
"ENSRNOG00000005126",2644
"ENSRNOG00000025648",0
"ENSRNOG00000003813",0
"ENSRNOG00000005540",280
"ENSRNOG00000056012",0
"ENSRNOG00000051650",2865
"ENSRNOG00000007699",682
"ENSRNOG00000004449",574
"ENSRNOG00000012685",142
"ENSRNOG00000026855",0
"ENSRNOG00000054989",26
"ENSRNOG00000027773",907
"ENSRNOG00000011376",16
"ENSRNOG00000006388",9
"ENSRNOG00000067995",114
"ENSRNOG00000008046",0
"ENSRNOG00000029253",0
"ENSRNOG00000061050",5
"ENSRNOG00000068437",101
"ENSRNOG00000057934",952
"ENSRNOG00000011419",1111
"ENSRNOG00000031106",0
"ENSRNOG00000004503",179
"ENSRNOG00000031655",0
"ENSRNOG00000047363",0
"ENSRNOG00000006905",3278
"ENSRNOG00000006699",56
"ENSRNOG00000026297",0
"ENSRNOG00000004794",14
"ENSRNOG00000006744",139
"ENSRNOG00000005343",0
"ENSRNOG00000009788",0
"ENSRNOG00000050197",1877
"ENSRNOG00000043441",225
"ENSRNOG00000060335",867
"ENSRNOG00000004482",16
"ENSRNOG00000027115",5
"ENSRNOG00000007851",301
"ENSRNOG00000048412",0
"ENSRNOG00000058572",2077
"ENSRNOG00000005765",126
"ENSRNOG00000062478",28
"ENSRNOG00000006729",1
"ENSRNOG00000007901",3562
"ENSRNOG00000004458",10
"ENSRNOG00000039091",533
"ENSRNOG00000005045",1050
"ENSRNOG00000050553",10
"ENSRNOG00000010605",0
"ENSRNOG00000062383",0
"ENSRNOG00000026239",137
"ENSRNOG00000011044",313
"ENSRNOG00000004345",792
"ENSRNOG00000005409",2
"ENSRNOG00000061519",1123
"ENSRNOG00000069640",0
"ENSRNOG00000004060",7051
"ENSRNOG00000009542",0
"ENSRNOG00000063821",73
"ENSRNOG00000006441",299
"ENSRNOG00000005287",131
"ENSRNOG00000058593",605
"ENSRNOG00000059402",742
"ENSRNOG00000005568",420
"ENSRNOG00000063912",0
"ENSRNOG00000052418",891
"ENSRNOG00000006570",1695
"ENSRNOG00000005101",592
"ENSRNOG00000032669",0
"ENSRNOG00000005344",298
"ENSRNOG00000025233",0
"ENSRNOG00000058891",110
"ENSRNOG00000060278",1
"ENSRNOG00000021628",58
"ENSRNOG00000065326",12
"ENSRNOG00000054286",249
"ENSRNOG00000004067",1
"ENSRNOG00000009855",0
"ENSRNOG00000007250",565
"ENSRNOG00000007370",336
"ENSRNOG00000009921",0
"ENSRNOG00000005492",1589
"ENSRNOG00000010410",0
"ENSRNOG00000055661",257
"ENSRNOG00000061415",82
"ENSRNOG00000006911",243
"ENSRNOG00000037743",0
"ENSRNOG00000065550",2
"ENSRNOG00000062637",0
"ENSRNOG00000048191",0
"ENSRNOG00000005916",1084
"ENSRNOG00000067917",0
"ENSRNOG00000022777",671
"ENSRNOG00000007267",249
"ENSRNOG00000054663",0
"ENSRNOG00000007785",248
"ENSRNOG00000010478",0
"ENSRNOG00000007329",1584
"ENSRNOG00000023176",1967
"ENSRNOG00000008222",338
"ENSRNOG00000022622",139
"ENSRNOG00000008244",561
"ENSRNOG00000008451",948
"ENSRNOG00000009263",1335
"ENSRNOG00000026605",218
"ENSRNOG00000004873",30
"ENSRNOG00000053811",90
"ENSRNOG00000054052",22
"ENSRNOG00000007539",1
"ENSRNOG00000060436",466
"ENSRNOG00000008950",475
"ENSRNOG00000038496",0
"ENSRNOG00000052549",0
"ENSRNOG00000008373",1765
"ENSRNOG00000052719",51
"ENSRNOG00000006472",170
"ENSRNOG00000050761",1
"ENSRNOG00000005286",5
"ENSRNOG00000059875",842
"ENSRNOG00000004232",483
"ENSRNOG00000008051",202
"ENSRNOG00000006971",24
"ENSRNOG00000004751",525
"ENSRNOG00000004165",355
"ENSRNOG00000029949",1
"ENSRNOG00000004774",0
"ENSRNOG00000009438",0
"ENSRNOG00000021885",0
"ENSRNOG00000009296",100
"ENSRNOG00000004006",177
"ENSRNOG00000005292",694
"ENSRNOG00000064508",138
"ENSRNOG00000066628",0
"ENSRNOG00000038990",0
"ENSRNOG00000006483",1917
"ENSRNOG00000004519",1381
"ENSRNOG00000064630",0
"ENSRNOG00000027444",109
"ENSRNOG00000070950",30
"ENSRNOG00000004292",327
"ENSRNOG00000064752",0
"ENSRNOG00000004841",54
"ENSRNOG00000006410",454
"ENSRNOG00000042427",429
"ENSRNOG00000058646",2524
"ENSRNOG00000007089",2758
"ENSRNOG00000021919",2193
"ENSRNOG00000006587",810
"ENSRNOG00000054770",572
"ENSRNOG00000071150",0
"ENSRNOG00000010711",968
"ENSRNOG00000008292",3075
"ENSRNOG00000037762",0
"ENSRNOG00000060851",1
"ENSRNOG00000033970",492
"ENSRNOG00000004556",1340
"ENSRNOG00000008101",46
"ENSRNOG00000046085",35
"ENSRNOG00000038480",284
"ENSRNOG00000070438",3
"ENSRNOG00000008108",825
"ENSRNOG00000008915",512
"ENSRNOG00000009117",1414
"ENSRNOG00000005323",1598
"ENSRNOG00000007062",702
"ENSRNOG00000009166",756
"ENSRNOG00000068348",0
"ENSRNOG00000059541",0
"ENSRNOG00000069503",0
"ENSRNOG00000069889",0
"ENSRNOG00000007660",833
"ENSRNOG00000062830",0
"ENSRNOG00000070912",1
"ENSRNOG00000063243",0
"ENSRNOG00000061659",0
"ENSRNOG00000067117",0
"ENSRNOG00000069150",0
"ENSRNOG00000068122",0
"ENSRNOG00000056430",0
"ENSRNOG00000055607",0
"ENSRNOG00000059105",0
"ENSRNOG00000055672",0
"ENSRNOG00000065761",0
"ENSRNOG00000054501",0
"ENSRNOG00000068877",0
"ENSRNOG00000007364",6
"ENSRNOG00000058915",2
"ENSRNOG00000004827",2436
"ENSRNOG00000055979",0
"ENSRNOG00000066905",0
"ENSRNOG00000059161",0
"ENSRNOG00000052079",0
"ENSRNOG00000008049",2023
"ENSRNOG00000052770",2
"ENSRNOG00000064684",0
"ENSRNOG00000058332",1
"ENSRNOG00000059409",0
"ENSRNOG00000005175",996
"ENSRNOG00000056681",0
"ENSRNOG00000058875",0
"ENSRNOG00000055217",1
"ENSRNOG00000063502",0
"ENSRNOG00000058754",0
"ENSRNOG00000058198",0
"ENSRNOG00000061903",0
"ENSRNOG00000010650",24
"ENSRNOG00000057491",0
"ENSRNOG00000052183",0
"ENSRNOG00000058488",0
"ENSRNOG00000060589",0
"ENSRNOG00000047300",17
"ENSRNOG00000054970",0
"ENSRNOG00000052285",0
"ENSRNOG00000070124",0
"ENSRNOG00000063271",1
"ENSRNOG00000053398",0
"ENSRNOG00000066856",0
"ENSRNOG00000004339",801
"ENSRNOG00000065540",2
"ENSRNOG00000010914",386
"ENSRNOG00000066230",0
"ENSRNOG00000057210",0
"ENSRNOG00000056178",0
"ENSRNOG00000058813",0
"ENSRNOG00000033423",0
"ENSRNOG00000066607",0
"ENSRNOG00000066424",0
"ENSRNOG00000059267",0
"ENSRNOG00000038297",0
"ENSRNOG00000059371",0
"ENSRNOG00000055363",0
"ENSRNOG00000056408",0
"ENSRNOG00000055690",0
"ENSRNOG00000068474",0
"ENSRNOG00000068652",0
"ENSRNOG00000059389",0
"ENSRNOG00000061830",0
"ENSRNOG00000060706",0
"ENSRNOG00000066382",0
"ENSRNOG00000067818",0
"ENSRNOG00000069273",0
"ENSRNOG00000067748",0
"ENSRNOG00000070138",0
"ENSRNOG00000067707",0
"ENSRNOG00000053854",0
"ENSRNOG00000066476",0
"ENSRNOG00000065657",0
"ENSRNOG00000070908",0
"ENSRNOG00000062574",0
"ENSRNOG00000068817",0
"ENSRNOG00000063962",0
"ENSRNOG00000067874",0
"ENSRNOG00000064253",0
"ENSRNOG00000067116",0
"ENSRNOG00000062732",0
"ENSRNOG00000068604",0
"ENSRNOG00000066984",0
"ENSRNOG00000005602",504
"ENSRNOG00000065315",0
"ENSRNOG00000070806",0
"ENSRNOG00000065719",0
"ENSRNOG00000068979",0
"ENSRNOG00000063998",0
"ENSRNOG00000057567",0
"ENSRNOG00000067784",0
"ENSRNOG00000068818",0
"ENSRNOG00000065764",0
"ENSRNOG00000064927",0
"ENSRNOG00000070175",0
"ENSRNOG00000064263",0
"ENSRNOG00000068531",0
"ENSRNOG00000068812",0
"ENSRNOG00000069002",0
"ENSRNOG00000062614",0
"ENSRNOG00000067351",0
"ENSRNOG00000068172",0
"ENSRNOG00000068141",0
"ENSRNOG00000070713",0
"ENSRNOG00000070339",0
"ENSRNOG00000067746",0
"ENSRNOG00000064046",0
"ENSRNOG00000047682",2
"ENSRNOG00000004883",1668
"ENSRNOG00000056553",1
"ENSRNOG00000056756",5976
"ENSRNOG00000005052",1523
"ENSRNOG00000054817",2
"ENSRNOG00000059843",0
"ENSRNOG00000028351",0
"ENSRNOG00000008788",229
"ENSRNOG00000009080",1802
"ENSRNOG00000009432",1241
"ENSRNOG00000033973",5
"ENSRNOG00000010098",0
"ENSRNOG00000069217",6
"ENSRNOG00000045941",2187
"ENSRNOG00000008399",127
"ENSRNOG00000059245",23
"ENSRNOG00000070966",1
"ENSRNOG00000005513",826
"ENSRNOG00000005794",2
"ENSRNOG00000038183",48
"ENSRNOG00000046864",0
"ENSRNOG00000010134",209
"ENSRNOG00000032508",1
"ENSRNOG00000007271",53
"ENSRNOG00000055221",11
"ENSRNOG00000011964",143
"ENSRNOG00000031889",0
"ENSRNOG00000071141",0
"ENSRNOG00000004488",1
"ENSRNOG00000004206",240
"ENSRNOG00000055714",2
"ENSRNOG00000007147",46
"ENSRNOG00000004442",716
"ENSRNOG00000011141",0
"ENSRNOG00000028390",138
"ENSRNOG00000005776",0
"ENSRNOG00000005274",107
"ENSRNOG00000004650",1
"ENSRNOG00000003020",30
"ENSRNOG00000004351",188
"ENSRNOG00000068484",0
"ENSRNOG00000004733",51
"ENSRNOG00000009050",0
"ENSRNOG00000014476",1148
"ENSRNOG00000062855",1
"ENSRNOG00000019584",0
"ENSRNOG00000008145",479
"ENSRNOG00000011716",0
"ENSRNOG00000006985",1007
"ENSRNOG00000065213",605
"ENSRNOG00000043143",1730
"ENSRNOG00000031661",74
"ENSRNOG00000008035",146
"ENSRNOG00000021904",124
"ENSRNOG00000008056",114
"ENSRNOG00000003951",1638
"ENSRNOG00000004004",131
"ENSRNOG00000048751",0
"ENSRNOG00000006178",8755
"ENSRNOG00000071100",1
"ENSRNOG00000043137",0
"ENSRNOG00000007184",2
"ENSRNOG00000004359",1450
"ENSRNOG00000010165",1051
"ENSRNOG00000013898",717
"ENSRNOG00000010111",18
"ENSRNOG00000013097",3
"ENSRNOG00000010330",1214
"ENSRNOG00000013128",8
"ENSRNOG00000059714",1145
"ENSRNOG00000010218",2151
"ENSRNOG00000068734",0
"ENSRNOG00000004973",4136
"ENSRNOG00000007333",328
"ENSRNOG00000007850",123
"ENSRNOG00000011572",1473
"ENSRNOG00000012141",69
"ENSRNOG00000028566",2
"ENSRNOG00000005174",274
"ENSRNOG00000063056",0
"ENSRNOG00000033688",1632
"ENSRNOG00000012843",0
"ENSRNOG00000063549",0
"ENSRNOG00000058841",492
"ENSRNOG00000011542",436
"ENSRNOG00000012185",467
"ENSRNOG00000012653",680
"ENSRNOG00000067504",0
"ENSRNOG00000009675",1621
"ENSRNOG00000053631",12
"ENSRNOG00000018224",34
"ENSRNOG00000014362",288
"ENSRNOG00000043031",0
"ENSRNOG00000065115",0
"ENSRNOG00000067010",0
"ENSRNOG00000068174",0
"ENSRNOG00000027990",45
"ENSRNOG00000014744",1130
"ENSRNOG00000070355",78
"ENSRNOG00000006398",1
"ENSRNOG00000028158",1
"ENSRNOG00000062324",0
"ENSRNOG00000013661",127
"ENSRNOG00000005472",173
"ENSRNOG00000004317",11
"ENSRNOG00000013690",209
"ENSRNOG00000013914",1
"ENSRNOG00000005271",24
"ENSRNOG00000011398",233
"ENSRNOG00000068254",91
"ENSRNOG00000065195",3959
"ENSRNOG00000013927",3
"ENSRNOG00000005041",5343
"ENSRNOG00000004711",4875
"ENSRNOG00000004968",127
"ENSRNOG00000063918",0
"ENSRNOG00000065191",0
"ENSRNOG00000064569",11
"ENSRNOG00000004268",684
"ENSRNOG00000010872",1299
"ENSRNOG00000037435",1
"ENSRNOG00000071153",0
"ENSRNOG00000006569",293
"ENSRNOG00000070832",0
"ENSRNOG00000009020",531
"ENSRNOG00000005917",1234
"ENSRNOG00000005804",2060
"ENSRNOG00000004768",2
"ENSRNOG00000030334",146
"ENSRNOG00000004564",0
"ENSRNOG00000060996",0
"ENSRNOG00000030705",943
"ENSRNOG00000022623",2203
"ENSRNOG00000056915",45
"ENSRNOG00000062934",2
"ENSRNOG00000069237",1
"ENSRNOG00000064225",0
"ENSRNOG00000029590",5
"ENSRNOG00000010617",10
"ENSRNOG00000005546",1091
"ENSRNOG00000007334",0
"ENSRNOG00000059744",3109
"ENSRNOG00000022632",0
"ENSRNOG00000030316",413
"ENSRNOG00000005555",0
"ENSRNOG00000037299",94
"ENSRNOG00000026875",0
"ENSRNOG00000046975",0
"ENSRNOG00000025487",1
"ENSRNOG00000030441",13
"ENSRNOG00000015750",5
"ENSRNOG00000064138",1
"ENSRNOG00000068682",0
"ENSRNOG00000069061",0
"ENSRNOG00000011781",305
"ENSRNOG00000016148",2340
"ENSRNOG00000065562",0
"ENSRNOG00000004527",23
"ENSRNOG00000070987",0
"ENSRNOG00000033161",1
"ENSRNOG00000033952",22
"ENSRNOG00000032570",0
"ENSRNOG00000064780",3
"ENSRNOG00000008133",0
"ENSRNOG00000014169",259
"ENSRNOG00000015685",217
"ENSRNOG00000033502",0
"ENSRNOG00000026873",0
"ENSRNOG00000049349",0
"ENSRNOG00000006278",11
"ENSRNOG00000032446",128
"ENSRNOG00000067069",70
"ENSRNOG00000024743",374
"ENSRNOG00000027451",65
"ENSRNOG00000025594",0
"ENSRNOG00000057824",51
"ENSRNOG00000024631",0
"ENSRNOG00000063900",60
"ENSRNOG00000016128",360
"ENSRNOG00000022268",1
"ENSRNOG00000065523",2
"ENSRNOG00000004183",73
"ENSRNOG00000004538",1316
"ENSRNOG00000016204",84
"ENSRNOG00000028988",1
"ENSRNOG00000032401",4891
"ENSRNOG00000006749",901
"ENSRNOG00000068599",1327
"ENSRNOG00000031093",0
"ENSRNOG00000013191",0
"ENSRNOG00000068130",0
"ENSRNOG00000016566",234
"ENSRNOG00000004591",215
"ENSRNOG00000062650",1
"ENSRNOG00000008978",151
"ENSRNOG00000012348",164
"ENSRNOG00000014296",0
"ENSRNOG00000004914",0
"ENSRNOG00000056458",46
"ENSRNOG00000029377",0
"ENSRNOG00000010438",44
"ENSRNOG00000070681",4
"ENSRNOG00000021463",57
"ENSRNOG00000029280",1416
"ENSRNOG00000037401",0
"ENSRNOG00000011404",561
"ENSRNOG00000007668",1
"ENSRNOG00000063153",5
"ENSRNOG00000008686",90
"ENSRNOG00000032846",98
"ENSRNOG00000029095",539
"ENSRNOG00000029535",652
"ENSRNOG00000059955",0
"ENSRNOG00000006973",126
"ENSRNOG00000063732",3674
"ENSRNOG00000060120",431
"ENSRNOG00000004843",23
"ENSRNOG00000009302",257
"ENSRNOG00000057782",0
"ENSRNOG00000063471",0
"ENSRNOG00000032777",204
"ENSRNOG00000006028",391
"ENSRNOG00000029243",825
"ENSRNOG00000030264",213
"ENSRNOG00000069627",87
"ENSRNOG00000004457",95
"ENSRNOG00000064516",557
"ENSRNOG00000004353",0
"ENSRNOG00000009539",7
"ENSRNOG00000032419",0
"ENSRNOG00000026425",1016
"ENSRNOG00000029591",1
"ENSRNOG00000046044",0
"ENSRNOG00000002475",994
"ENSRNOG00000004448",120
"ENSRNOG00000069806",2631
"ENSRNOG00000064392",207
"ENSRNOG00000064488",0
"ENSRNOG00000057901",112
"ENSRNOG00000067761",2
"ENSRNOG00000029545",0
"ENSRNOG00000008392",2026
"ENSRNOG00000006426",1
"ENSRNOG00000031503",0
"ENSRNOG00000030416",101
"ENSRNOG00000033022",0
"ENSRNOG00000070196",0
"ENSRNOG00000070544",1
"ENSRNOG00000065585",0
"ENSRNOG00000004786",113
"ENSRNOG00000009614",6613
"ENSRNOG00000055530",5
"ENSRNOG00000032026",0
"ENSRNOG00000016100",20
"ENSRNOG00000063601",0
"ENSRNOG00000063518",0
"ENSRNOG00000013807",0
"ENSRNOG00000043233",193
"ENSRNOG00000008694",1
"ENSRNOG00000048201",0
"ENSRNOG00000063360",0
"ENSRNOG00000068259",19
"ENSRNOG00000064513",0
"ENSRNOG00000004572",71
"ENSRNOG00000029830",211
"ENSRNOG00000047521",0
"ENSRNOG00000064899",0
"ENSRNOG00000062310",0
"ENSRNOG00000021795",57
"ENSRNOG00000031269",851
"ENSRNOG00000067036",0
"ENSRNOG00000069189",0
"ENSRNOG00000029416",202
"ENSRNOG00000065582",0
"ENSRNOG00000004925",2731
"ENSRNOG00000009336",0
"ENSRNOG00000005332",434
"ENSRNOG00000057416",75
"ENSRNOG00000043026",1742
"ENSRNOG00000032311",0
"ENSRNOG00000068476",47
"ENSRNOG00000066966",0
"ENSRNOG00000026582",0
"ENSRNOG00000014058",1902
"ENSRNOG00000065522",0
"ENSRNOG00000062776",99
"ENSRNOG00000069078",0
"ENSRNOG00000065511",0
"ENSRNOG00000013947",564
"ENSRNOG00000042772",0
"ENSRNOG00000047264",0
"ENSRNOG00000068431",20
"ENSRNOG00000065705",0
"ENSRNOG00000005358",1136
"ENSRNOG00000065067",0
"ENSRNOG00000069974",0
"ENSRNOG00000023828",0
"ENSRNOG00000067859",0
"ENSRNOG00000014440",951
"ENSRNOG00000004947",2091
"ENSRNOG00000031915",172
"ENSRNOG00000049098",0
"ENSRNOG00000070129",0
"ENSRNOG00000007934",0
"ENSRNOG00000039448",0
"ENSRNOG00000056595",0
"ENSRNOG00000029762",0
"ENSRNOG00000050500",2102
"ENSRNOG00000043438",0
"ENSRNOG00000069548",0
"ENSRNOG00000043367",0
"ENSRNOG00000052064",0
"ENSRNOG00000014634",769
"ENSRNOG00000002333",0
"ENSRNOG00000026962",3266
"ENSRNOG00000063567",0
"ENSRNOG00000030633",2514
"ENSRNOG00000064972",0
"ENSRNOG00000023781",3574
"ENSRNOG00000006167",1
"ENSRNOG00000028911",0
"ENSRNOG00000012886",40
"ENSRNOG00000062798",637
"ENSRNOG00000068317",0
"ENSRNOG00000026913",186
"ENSRNOG00000067435",0
"ENSRNOG00000013076",1459
"ENSRNOG00000042318",5
"ENSRNOG00000022802",3915
"ENSRNOG00000063642",1
"ENSRNOG00000056930",6
"ENSRNOG00000023762",1
"ENSRNOG00000065704",1
"ENSRNOG00000063924",18
"ENSRNOG00000004149",0
"ENSRNOG00000064795",2
"ENSRNOG00000029698",195
"ENSRNOG00000068447",14
"ENSRNOG00000058406",44
"ENSRNOG00000062301",0
"ENSRNOG00000022844",0
"ENSRNOG00000029478",216
"ENSRNOG00000069732",17
"ENSRNOG00000064067",0
"ENSRNOG00000004583",1
"ENSRNOG00000007728",483
"ENSRNOG00000063063",0
"ENSRNOG00000067873",375
"ENSRNOG00000009598",790
"ENSRNOG00000067777",29
"ENSRNOG00000028214",0
"ENSRNOG00000066748",0
"ENSRNOG00000004361",267
"ENSRNOG00000070885",0
"ENSRNOG00000003890",5504
"ENSRNOG00000042496",177
"ENSRNOG00000003347",0
"ENSRNOG00000015538",4
"ENSRNOG00000011305",0
"ENSRNOG00000018920",2088
"ENSRNOG00000065865",0
"ENSRNOG00000029238",396
"ENSRNOG00000048450",25
"ENSRNOG00000069876",0
"ENSRNOG00000066458",11
"ENSRNOG00000067061",0
"ENSRNOG00000025369",0
"ENSRNOG00000068651",119
"ENSRNOG00000032394",0
"ENSRNOG00000066941",0
"ENSRNOG00000067067",2
"ENSRNOG00000014633",2077
"ENSRNOG00000037060",0
"ENSRNOG00000005577",1560
"ENSRNOG00000050212",0
"ENSRNOG00000004077",0
"ENSRNOG00000032682",0
"ENSRNOG00000061776",0
"ENSRNOG00000024170",604
"ENSRNOG00000063210",0
"ENSRNOG00000013753",1
"ENSRNOG00000062586",0
"ENSRNOG00000004438",0
"ENSRNOG00000069805",0
"ENSRNOG00000064377",0
"ENSRNOG00000026600",2
"ENSRNOG00000059733",0
"ENSRNOG00000008476",0
"ENSRNOG00000006392",353
"ENSRNOG00000068582",0
"ENSRNOG00000042056",0
"ENSRNOG00000031181",0
"ENSRNOG00000030355",1209
"ENSRNOG00000004019",1026
"ENSRNOG00000008499",0
"ENSRNOG00000063178",0
"ENSRNOG00000046472",1666
"ENSRNOG00000066452",0
"ENSRNOG00000004035",358
"ENSRNOG00000008449",4
"ENSRNOG00000067732",0
"ENSRNOG00000012953",1265
"ENSRNOG00000068277",0
"ENSRNOG00000021773",837
"ENSRNOG00000026644",913
"ENSRNOG00000015741",45
"ENSRNOG00000024128",6366
"ENSRNOG00000051152",45
"ENSRNOG00000068156",3
"ENSRNOG00000007300",3491
"ENSRNOG00000007648",5960
"ENSRNOG00000064308",223
"ENSRNOG00000069802",186
"ENSRNOG00000064426",0
"ENSRNOG00000065340",149
"ENSRNOG00000051928",0
"ENSRNOG00000029128",1
"ENSRNOG00000055573",9
"ENSRNOG00000006762",1876
"ENSRNOG00000000186",1528
"ENSRNOG00000065176",1
"ENSRNOG00000050274",0
"ENSRNOG00000062562",0
"ENSRNOG00000064810",0
"ENSRNOG00000000185",2651
"ENSRNOG00000065217",0
"ENSRNOG00000066372",340
"ENSRNOG00000065654",0
"ENSRNOG00000004773",770
"ENSRNOG00000064636",1
"ENSRNOG00000049053",0
"ENSRNOG00000064506",35
"ENSRNOG00000065277",0
"ENSRNOG00000021812",143
"ENSRNOG00000004471",395
"ENSRNOG00000064649",0
"ENSRNOG00000064446",0
"ENSRNOG00000067735",0
"ENSRNOG00000065149",0
"ENSRNOG00000068026",1353
"ENSRNOG00000016465",58
"ENSRNOG00000064949",0
"ENSRNOG00000062455",113
"ENSRNOG00000064715",1
"ENSRNOG00000026252",196
"ENSRNOG00000068241",33
"ENSRNOG00000068109",113
"ENSRNOG00000064395",0
"ENSRNOG00000067581",0
"ENSRNOG00000064149",29
"ENSRNOG00000070290",8
"ENSRNOG00000008988",0
"ENSRNOG00000065547",0
"ENSRNOG00000021732",1053
"ENSRNOG00000021285",782
"ENSRNOG00000008464",0
"ENSRNOG00000070351",0
"ENSRNOG00000042262",0
"ENSRNOG00000069818",25
"ENSRNOG00000065275",29
"ENSRNOG00000005378",0
"ENSRNOG00000025344",1
"ENSRNOG00000019857",54
"ENSRNOG00000007509",0
"ENSRNOG00000069272",0
"ENSRNOG00000062931",44
"ENSRNOG00000011104",20
"ENSRNOG00000009570",46
"ENSRNOG00000064557",0
"ENSRNOG00000019682",651
"ENSRNOG00000033583",61
"ENSRNOG00000007375",0
"ENSRNOG00000011214",561
"ENSRNOG00000068480",28
"ENSRNOG00000065526",31
"ENSRNOG00000055925",4343
"ENSRNOG00000007352",2
"ENSRNOG00000016952",0
"ENSRNOG00000069098",5
"ENSRNOG00000066130",5
"ENSRNOG00000008398",1
"ENSRNOG00000064418",0
"ENSRNOG00000052296",3
"ENSRNOG00000067887",23
"ENSRNOG00000007348",0
"ENSRNOG00000067221",1
"ENSRNOG00000067814",0
"ENSRNOG00000070186",0
"ENSRNOG00000050907",0
"ENSRNOG00000028711",834
"ENSRNOG00000010821",300
"ENSRNOG00000056018",5
"ENSRNOG00000026094",0
"ENSRNOG00000052157",67
"ENSRNOG00000067996",0
"ENSRNOG00000063997",0
"ENSRNOG00000071023",591
"ENSRNOG00000069203",0
"ENSRNOG00000070296",0
"ENSRNOG00000065381",0
"ENSRNOG00000066156",0
"ENSRNOG00000067411",1
"ENSRNOG00000011020",5277
"ENSRNOG00000066719",0
"ENSRNOG00000068608",111
"ENSRNOG00000050249",0
"ENSRNOG00000064881",0
"ENSRNOG00000064028",0
"ENSRNOG00000069936",0
"ENSRNOG00000007350",1
"ENSRNOG00000067346",0
"ENSRNOG00000070437",4
"ENSRNOG00000064416",19
"ENSRNOG00000058914",433
"ENSRNOG00000069149",0
"ENSRNOG00000071069",85
"ENSRNOG00000006759",155
"ENSRNOG00000062694",553
"ENSRNOG00000014511",531
"ENSRNOG00000070127",0
"ENSRNOG00000070978",148
"ENSRNOG00000064413",0
"ENSRNOG00000012090",1
"ENSRNOG00000062597",9
"ENSRNOG00000008857",2690
"ENSRNOG00000006393",681
"ENSRNOG00000063544",2
"ENSRNOG00000031233",27
"ENSRNOG00000062722",0
"ENSRNOG00000065097",486
"ENSRNOG00000005278",0
"ENSRNOG00000007597",66
"ENSRNOG00000070151",0
"ENSRNOG00000065442",6
"ENSRNOG00000064274",0
"ENSRNOG00000062841",0
"ENSRNOG00000006350",3
"ENSRNOG00000067044",21
"ENSRNOG00000018655",450
"ENSRNOG00000070493",0
"ENSRNOG00000066930",0
"ENSRNOG00000006984",13
"ENSRNOG00000008409",121
"ENSRNOG00000063668",0
"ENSRNOG00000015450",218
"ENSRNOG00000003889",1061
"ENSRNOG00000065717",0
"ENSRNOG00000066464",2
"ENSRNOG00000064036",336
"ENSRNOG00000067787",1
"ENSRNOG00000065659",4684
"ENSRNOG00000064728",0
"ENSRNOG00000005874",82
"ENSRNOG00000066781",2
"ENSRNOG00000008378",659
"ENSRNOG00000033915",1
"ENSRNOG00000068271",2
"ENSRNOG00000065265",0
"ENSRNOG00000000190",0
"ENSRNOG00000066167",1
"ENSRNOG00000003772",3596
"ENSRNOG00000067182",0
"ENSRNOG00000026212",750
"ENSRNOG00000007133",9668
"ENSRNOG00000068660",48
"ENSRNOG00000066565",212
"ENSRNOG00000071046",110
"ENSRNOG00000020601",1052
"ENSRNOG00000064117",3
"ENSRNOG00000008038",0
"ENSRNOG00000064910",2
"ENSRNOG00000007332",0
"ENSRNOG00000066622",4
"ENSRNOG00000007921",956
"ENSRNOG00000003803",550
"ENSRNOG00000065198",10
"ENSRNOG00000006885",0
"ENSRNOG00000069930",230
"ENSRNOG00000069570",0
"ENSRNOG00000052025",6036
"ENSRNOG00000054458",0
"ENSRNOG00000068679",324
"ENSRNOG00000029866",94
"ENSRNOG00000011170",80
"ENSRNOG00000005446",1798
"ENSRNOG00000067729",25
"ENSRNOG00000062671",0
"ENSRNOG00000024907",1058
"ENSRNOG00000007769",1797
"ENSRNOG00000020464",845
"ENSRNOG00000004221",0
"ENSRNOG00000069623",4
"ENSRNOG00000026128",6
"ENSRNOG00000062815",4
"ENSRNOG00000066534",5
"ENSRNOG00000070673",0
"ENSRNOG00000020431",14
"ENSRNOG00000054801",0
"ENSRNOG00000069026",10
"ENSRNOG00000064404",9
"ENSRNOG00000009884",16422
"ENSRNOG00000057981",0
"ENSRNOG00000069034",60
"ENSRNOG00000065676",92
"ENSRNOG00000071071",1
"ENSRNOG00000067261",0
"ENSRNOG00000039861",95
"ENSRNOG00000007664",0
"ENSRNOG00000065559",1
"ENSRNOG00000005758",0
"ENSRNOG00000053624",1
"ENSRNOG00000005234",301
"ENSRNOG00000039858",143
"ENSRNOG00000063593",3
"ENSRNOG00000032261",5
"ENSRNOG00000066749",101
"ENSRNOG00000067467",10
"ENSRNOG00000066189",2
"ENSRNOG00000062824",6
"ENSRNOG00000013577",2956
"ENSRNOG00000066348",219
"ENSRNOG00000068721",17
"ENSRNOG00000006940",0
"ENSRNOG00000020161",451
"ENSRNOG00000053060",1383
"ENSRNOG00000066006",0
"ENSRNOG00000027060",2
"ENSRNOG00000004588",281
"ENSRNOG00000062414",1518
"ENSRNOG00000004169",730
"ENSRNOG00000051170",7131
"ENSRNOG00000069255",68
"ENSRNOG00000006998",127
"ENSRNOG00000020383",394
"ENSRNOG00000021317",4390
"ENSRNOG00000006978",102
"ENSRNOG00000045524",282
"ENSRNOG00000049236",19638
"ENSRNOG00000067167",905
"ENSRNOG00000021833",0
"ENSRNOG00000033397",21
"ENSRNOG00000065932",74
"ENSRNOG00000016875",76
"ENSRNOG00000020266",58420
"ENSRNOG00000068522",0
"ENSRNOG00000067211",0
"ENSRNOG00000013869",21
"ENSRNOG00000030150",15
"ENSRNOG00000057162",0
"ENSRNOG00000004411",79
"ENSRNOG00000029738",16
"ENSRNOG00000048636",1
"ENSRNOG00000026866",88
"ENSRNOG00000005491",1
"ENSRNOG00000020230",384
"ENSRNOG00000004303",10528
"ENSRNOG00000009592",8975
"ENSRNOG00000012215",1
"ENSRNOG00000016968",404
"ENSRNOG00000004637",738
"ENSRNOG00000003880",0
"ENSRNOG00000042897",0
"ENSRNOG00000004831",3274
"ENSRNOG00000007587",393
"ENSRNOG00000026634",0
"ENSRNOG00000066999",5
"ENSRNOG00000000187",0
"ENSRNOG00000022772",2949
"ENSRNOG00000003923",367
"ENSRNOG00000067350",0
"ENSRNOG00000004259",185
"ENSRNOG00000063758",0
"ENSRNOG00000003985",386
"ENSRNOG00000029179",4
"ENSRNOG00000005370",0
"ENSRNOG00000039136",0
"ENSRNOG00000047414",1
"ENSRNOG00000022937",2
"ENSRNOG00000004793",1687
"ENSRNOG00000005927",2461
"ENSRNOG00000015583",591
"ENSRNOG00000018745",512
"ENSRNOG00000005350",435
"ENSRNOG00000008897",1388
"ENSRNOG00000007545",13
"ENSRNOG00000004314",112
"ENSRNOG00000006995",5149
"ENSRNOG00000019196",550
"ENSRNOG00000006622",337
"ENSRNOG00000020585",187
"ENSRNOG00000055293",0
"ENSRNOG00000039852",235
"ENSRNOG00000063265",0
"ENSRNOG00000004813",399
"ENSRNOG00000007839",255
"ENSRNOG00000000231",1490
"ENSRNOG00000029354",6
"ENSRNOG00000004483",0
"ENSRNOG00000020577",2227
"ENSRNOG00000009360",677
"ENSRNOG00000007323",588
"ENSRNOG00000004185",2442
"ENSRNOG00000018803",2813
"ENSRNOG00000027622",1973
"ENSRNOG00000004695",17
"ENSRNOG00000070482",1
"ENSRNOG00000006068",164
"ENSRNOG00000051536",3
"ENSRNOG00000042668",1538
"ENSRNOG00000020407",19
"ENSRNOG00000007432",586
"ENSRNOG00000000184",120
"ENSRNOG00000019187",5
"ENSRNOG00000004962",816
"ENSRNOG00000024027",341
"ENSRNOG00000004909",946
"ENSRNOG00000004505",7973
"ENSRNOG00000023262",633
"ENSRNOG00000006235",1
"ENSRNOG00000048230",0
"ENSRNOG00000008517",3673
"ENSRNOG00000008539",1
"ENSRNOG00000007400",1683
"ENSRNOG00000066159",192
"ENSRNOG00000071034",0
"ENSRNOG00000032569",1
"ENSRNOG00000007048",2647
"ENSRNOG00000065103",0
"ENSRNOG00000007088",6352
"ENSRNOG00000020501",35
"ENSRNOG00000067334",0
"ENSRNOG00000060407",8
"ENSRNOG00000042886",38
"ENSRNOG00000062386",39
"ENSRNOG00000063083",7
"ENSRNOG00000067692",0
"ENSRNOG00000070723",0
"ENSRNOG00000005642",3268
"ENSRNOG00000017197",105
"ENSRNOG00000004048",511
"ENSRNOG00000008061",842
"ENSRNOG00000020466",1095
"ENSRNOG00000006901",1707
"ENSRNOG00000069032",4
"ENSRNOG00000008696",258
"ENSRNOG00000005034",1504
"ENSRNOG00000060879",8
"ENSRNOG00000068725",0
"ENSRNOG00000032420",88
"ENSRNOG00000058647",3
"ENSRNOG00000043197",0
"ENSRNOG00000023122",0
"ENSRNOG00000029028",3769
"ENSRNOG00000067243",1
"ENSRNOG00000067417",0
"ENSRNOG00000005362",233
"ENSRNOG00000026976",0
"ENSRNOG00000010359",0
"ENSRNOG00000005129",1791
"ENSRNOG00000067407",2
"ENSRNOG00000033579",786
"ENSRNOG00000042771",7
"ENSRNOG00000007654",1280
"ENSRNOG00000014637",4869
"ENSRNOG00000022932",136
"ENSRNOG00000007468",1
"ENSRNOG00000012457",915
"ENSRNOG00000004476",62
"ENSRNOG00000027124",1055
"ENSRNOG00000010309",370
"ENSRNOG00000020416",106
"ENSRNOG00000007821",1214
"ENSRNOG00000022896",245
"ENSRNOG00000004996",392
"ENSRNOG00000067654",2
"ENSRNOG00000047782",1
"ENSRNOG00000018895",0
"ENSRNOG00000004229",50
"ENSRNOG00000004312",1027
"ENSRNOG00000008885",190
"ENSRNOG00000004306",12
"ENSRNOG00000049407",3
"ENSRNOG00000004316",38
"ENSRNOG00000008713",956
"ENSRNOG00000004517",47
"ENSRNOG00000004311",0
"ENSRNOG00000007365",0
"ENSRNOG00000012812",1405
"ENSRNOG00000009585",1512
"ENSRNOG00000019377",0
"ENSRNOG00000007230",31
"ENSRNOG00000022778",1303
"ENSRNOG00000007834",4884
"ENSRNOG00000029651",51
"ENSRNOG00000070111",2
"ENSRNOG00000022877",1103
"ENSRNOG00000019349",1630
"ENSRNOG00000026793",1305
"ENSRNOG00000013514",1892
"ENSRNOG00000022296",0
"ENSRNOG00000046214",40
"ENSRNOG00000056446",9
"ENSRNOG00000053510",693
"ENSRNOG00000006304",1736
"ENSRNOG00000010539",103
"ENSRNOG00000016156",2363
"ENSRNOG00000032546",1371
"ENSRNOG00000024967",261
"ENSRNOG00000025046",490
"ENSRNOG00000013593",0
"ENSRNOG00000004492",878
"ENSRNOG00000054624",0
"ENSRNOG00000046955",3467
"ENSRNOG00000004302",0
"ENSRNOG00000010141",272
"ENSRNOG00000052289",4871
"ENSRNOG00000055408",186
"ENSRNOG00000025742",190
"ENSRNOG00000007601",4
"ENSRNOG00000006541",410
"ENSRNOG00000005614",2260
"ENSRNOG00000004682",408
"ENSRNOG00000006946",1
"ENSRNOG00000032429",13
"ENSRNOG00000009756",1513
"ENSRNOG00000037025",0
"ENSRNOG00000025120",46
"ENSRNOG00000066777",0
"ENSRNOG00000012295",573
"ENSRNOG00000068896",6
"ENSRNOG00000019924",483
"ENSRNOG00000062542",24
"ENSRNOG00000022975",0
"ENSRNOG00000042460",15
"ENSRNOG00000004727",416
"ENSRNOG00000004839",71
"ENSRNOG00000050884",0
"ENSRNOG00000008064",1135
"ENSRNOG00000016896",28467
"ENSRNOG00000020005",2183
"ENSRNOG00000004226",585
"ENSRNOG00000054420",103
"ENSRNOG00000029465",23
"ENSRNOG00000005102",2669
"ENSRNOG00000019822",218
"ENSRNOG00000017108",13
"ENSRNOG00000011094",0
"ENSRNOG00000053269",453
"ENSRNOG00000018788",655
"ENSRNOG00000004177",2
"ENSRNOG00000022570",139
"ENSRNOG00000026963",8591
"ENSRNOG00000005965",502
"ENSRNOG00000057881",830
"ENSRNOG00000005931",989
"ENSRNOG00000007286",278
"ENSRNOG00000026982",182
"ENSRNOG00000071195",25
"ENSRNOG00000004688",6657
"ENSRNOG00000022507",743
"ENSRNOG00000017434",39
"ENSRNOG00000005437",350
"ENSRNOG00000066134",0
"ENSRNOG00000026807",26
"ENSRNOG00000005243",102
"ENSRNOG00000025898",0
"ENSRNOG00000019552",305
"ENSRNOG00000017285",4
"ENSRNOG00000004294",0
"ENSRNOG00000062462",0
"ENSRNOG00000066111",0
"ENSRNOG00000064198",0
"ENSRNOG00000070632",0
"ENSRNOG00000028956",730
"ENSRNOG00000017553",1822
"ENSRNOG00000005190",992
"ENSRNOG00000067109",0
"ENSRNOG00000005388",420
"ENSRNOG00000008174",606
"ENSRNOG00000067422",5
"ENSRNOG00000068220",9621
"ENSRNOG00000007686",2
"ENSRNOG00000017801",11460
"ENSRNOG00000033787",576
"ENSRNOG00000005528",565
"ENSRNOG00000050419",89
"ENSRNOG00000017847",355
"ENSRNOG00000017916",1022
"ENSRNOG00000008331",1505
"ENSRNOG00000048843",135
"ENSRNOG00000005689",915
"ENSRNOG00000042522",74
"ENSRNOG00000007679",20
"ENSRNOG00000047631",40
"ENSRNOG00000070907",284
"ENSRNOG00000005763",2042
"ENSRNOG00000008569",1523
"ENSRNOG00000047895",223
"ENSRNOG00000019891",2756
"ENSRNOG00000010834",0
"ENSRNOG00000005572",0
"ENSRNOG00000025059",46
"ENSRNOG00000018330",0
"ENSRNOG00000007197",0
"ENSRNOG00000025023",3
"ENSRNOG00000010209",192
"ENSRNOG00000068987",0
"ENSRNOG00000018529",2032
"ENSRNOG00000063755",381
"ENSRNOG00000055305",351
"ENSRNOG00000038943",0
"ENSRNOG00000068626",3
"ENSRNOG00000005720",0
"ENSRNOG00000004013",62
"ENSRNOG00000019383",2458
"ENSRNOG00000059015",287
"ENSRNOG00000046492",140
"ENSRNOG00000015916",297
"ENSRNOG00000008586",2666
"ENSRNOG00000013764",141
"ENSRNOG00000013423",933
"ENSRNOG00000025053",31333
"ENSRNOG00000005823",1099
"ENSRNOG00000005790",0
"ENSRNOG00000018316",0
"ENSRNOG00000011952",346
"ENSRNOG00000034139",0
"ENSRNOG00000066910",3
"ENSRNOG00000006367",0
"ENSRNOG00000005825",0
"ENSRNOG00000010549",1802
"ENSRNOG00000008415",651
"ENSRNOG00000008016",3209
"ENSRNOG00000004400",44
"ENSRNOG00000008050",3
"ENSRNOG00000052981",209
"ENSRNOG00000031851",8
"ENSRNOG00000004189",191
"ENSRNOG00000008022",845
"ENSRNOG00000064573",0
"ENSRNOG00000023410",54
"ENSRNOG00000008106",1806
"ENSRNOG00000064852",0
"ENSRNOG00000005228",3343
"ENSRNOG00000009736",0
"ENSRNOG00000023824",2
"ENSRNOG00000014844",124
"ENSRNOG00000069507",13
"ENSRNOG00000058271",415
"ENSRNOG00000004936",12061
"ENSRNOG00000023951",0
"ENSRNOG00000033570",1
"ENSRNOG00000028782",376
"ENSRNOG00000005956",0
"ENSRNOG00000013067",3
"ENSRNOG00000005270",28
"ENSRNOG00000054994",0
"ENSRNOG00000055497",0
"ENSRNOG00000057424",0
"ENSRNOG00000005138",1196
"ENSRNOG00000052986",0
"ENSRNOG00000023202",1109
"ENSRNOG00000060183",0
"ENSRNOG00000056776",0
"ENSRNOG00000056217",0
"ENSRNOG00000059833",1
"ENSRNOG00000059498",0
"ENSRNOG00000058093",0
"ENSRNOG00000025551",22
"ENSRNOG00000031789",496
"ENSRNOG00000057249",0
"ENSRNOG00000053801",0
"ENSRNOG00000057420",0
"ENSRNOG00000060548",0
"ENSRNOG00000063441",0
"ENSRNOG00000046159",7399
"ENSRNOG00000070649",0
"ENSRNOG00000059305",0
"ENSRNOG00000011278",513
"ENSRNOG00000051692",0
"ENSRNOG00000063694",0
"ENSRNOG00000069745",0
"ENSRNOG00000011136",738
"ENSRNOG00000016852",86
"ENSRNOG00000032335",0
"ENSRNOG00000031383",0
"ENSRNOG00000031425",0
"ENSRNOG00000007700",0
"ENSRNOG00000011507",76
"ENSRNOG00000045629",357
"ENSRNOG00000004459",4
"ENSRNOG00000053692",2
"ENSRNOG00000067950",0
"ENSRNOG00000032871",0
"ENSRNOG00000058099",0
"ENSRNOG00000065009",0
"ENSRNOG00000060257",1
"ENSRNOG00000059077",0
"ENSRNOG00000052214",0
"ENSRNOG00000068129",0
"ENSRNOG00000004603",189
"ENSRNOG00000059423",0
"ENSRNOG00000006870",1262
"ENSRNOG00000065099",0
"ENSRNOG00000004659",323
"ENSRNOG00000052580",0
"ENSRNOG00000058804",1
"ENSRNOG00000061681",2
"ENSRNOG00000065930",0
"ENSRNOG00000059977",0
"ENSRNOG00000004421",384
"ENSRNOG00000007003",3
"ENSRNOG00000055749",0
"ENSRNOG00000058828",0
"ENSRNOG00000054968",0
"ENSRNOG00000071082",0
"ENSRNOG00000007262",107
"ENSRNOG00000036516",0
"ENSRNOG00000010078",24
"ENSRNOG00000035457",5
"ENSRNOG00000041758",0
"ENSRNOG00000048399",0
"ENSRNOG00000052725",1
"ENSRNOG00000035529",0
"ENSRNOG00000004391",1
"ENSRNOG00000047216",0
"ENSRNOG00000056727",0
"ENSRNOG00000056493",0
"ENSRNOG00000041492",1
"ENSRNOG00000060956",2469
"ENSRNOG00000035461",19
"ENSRNOG00000035525",0
"ENSRNOG00000041450",0
"ENSRNOG00000035611",0
"ENSRNOG00000015177",2725
"ENSRNOG00000006766",5747
"ENSRNOG00000035543",8
"ENSRNOG00000064006",0
"ENSRNOG00000041348",0
"ENSRNOG00000053467",0
"ENSRNOG00000036514",0
"ENSRNOG00000009658",602
"ENSRNOG00000035614",0
"ENSRNOG00000035636",0
"ENSRNOG00000017022",1912
"ENSRNOG00000045781",0
"ENSRNOG00000066306",0
"ENSRNOG00000035642",0
"ENSRNOG00000035547",0
"ENSRNOG00000006578",1
"ENSRNOG00000014137",65
"ENSRNOG00000006060",1283
"ENSRNOG00000025504",1413
"ENSRNOG00000017057",619
"ENSRNOG00000066252",2425
"ENSRNOG00000057264",0
"ENSRNOG00000051838",119
"ENSRNOG00000054019",5
"ENSRNOG00000055844",0
"ENSRNOG00000010807",330
"ENSRNOG00000060779",0
"ENSRNOG00000052434",0
"ENSRNOG00000060170",0
"ENSRNOG00000061717",2
"ENSRNOG00000010588",13443
"ENSRNOG00000058707",1
"ENSRNOG00000007000",1
"ENSRNOG00000062476",0
"ENSRNOG00000055394",1
"ENSRNOG00000056800",0
"ENSRNOG00000055397",0
"ENSRNOG00000056599",1
"ENSRNOG00000057767",0
"ENSRNOG00000055237",0
"ENSRNOG00000057747",0
"ENSRNOG00000070036",0
"ENSRNOG00000063910",0
"ENSRNOG00000071132",0
"ENSRNOG00000068807",0
"ENSRNOG00000010793",593
"ENSRNOG00000056857",13
"ENSRNOG00000065332",1
"ENSRNOG00000008639",52106
"ENSRNOG00000007581",0
"ENSRNOG00000067202",0
"ENSRNOG00000058682",0
"ENSRNOG00000052381",0
"ENSRNOG00000063116",4
"ENSRNOG00000070636",13
"ENSRNOG00000052505",0
"ENSRNOG00000060456",5
"ENSRNOG00000057766",0
"ENSRNOG00000066702",0
"ENSRNOG00000061082",0
"ENSRNOG00000058376",0
"ENSRNOG00000055418",0
"ENSRNOG00000054193",1
"ENSRNOG00000030814",0
"ENSRNOG00000064830",0
"ENSRNOG00000006118",1045
"ENSRNOG00000066363",0
"ENSRNOG00000067345",0
"ENSRNOG00000062426",0
"ENSRNOG00000054025",0
"ENSRNOG00000056927",0
"ENSRNOG00000060330",0
"ENSRNOG00000025501",1
"ENSRNOG00000070142",0
"ENSRNOG00000068761",0
"ENSRNOG00000066308",1
"ENSRNOG00000063604",0
"ENSRNOG00000066043",0
"ENSRNOG00000061818",0
"ENSRNOG00000070821",0
"ENSRNOG00000069470",0
"ENSRNOG00000004578",3
"ENSRNOG00000066147",0
"ENSRNOG00000063468",0
"ENSRNOG00000058916",325
"ENSRNOG00000055183",0
"ENSRNOG00000051459",0
"ENSRNOG00000038948",5
"ENSRNOG00000054055",0
"ENSRNOG00000069608",0
"ENSRNOG00000004403",705
"ENSRNOG00000069747",0
"ENSRNOG00000070637",519
"ENSRNOG00000056340",0
"ENSRNOG00000052862",3
"ENSRNOG00000068939",1
"ENSRNOG00000042978",116
"ENSRNOG00000059857",41
"ENSRNOG00000054775",2961
"ENSRNOG00000034316",0
"ENSRNOG00000056530",0
"ENSRNOG00000015447",1023
"ENSRNOG00000056726",0
"ENSRNOG00000004301",1058
"ENSRNOG00000007032",1
"ENSRNOG00000052611",0
"ENSRNOG00000053843",0
"ENSRNOG00000057961",0
"ENSRNOG00000006653",9
"ENSRNOG00000010459",3
"ENSRNOG00000005263",1741
"ENSRNOG00000052218",0
"ENSRNOG00000038916",382
"ENSRNOG00000060638",0
"ENSRNOG00000058269",11
"ENSRNOG00000065976",41
"ENSRNOG00000061351",0
"ENSRNOG00000004502",3
"ENSRNOG00000058201",0
"ENSRNOG00000063448",0
"ENSRNOG00000055100",0
"ENSRNOG00000066564",0
"ENSRNOG00000057777",0
"ENSRNOG00000055395",0
"ENSRNOG00000007875",539
"ENSRNOG00000055833",0
"ENSRNOG00000032828",1
"ENSRNOG00000022807",352
"ENSRNOG00000058379",0
"ENSRNOG00000057004",0
"ENSRNOG00000008367",0
"ENSRNOG00000055582",2
"ENSRNOG00000060815",0
"ENSRNOG00000006816",8997
"ENSRNOG00000055214",0
"ENSRNOG00000059158",0
"ENSRNOG00000063628",0
"ENSRNOG00000053405",294
"ENSRNOG00000066150",0
"ENSRNOG00000067057",0
"ENSRNOG00000064494",0
"ENSRNOG00000052077",0
"ENSRNOG00000055273",0
"ENSRNOG00000053002",0
"ENSRNOG00000005291",241
"ENSRNOG00000064518",0
"ENSRNOG00000057900",0
"ENSRNOG00000065227",0
"ENSRNOG00000067964",0
"ENSRNOG00000070612",0
"ENSRNOG00000055884",2
"ENSRNOG00000053482",0
"ENSRNOG00000032447",14
"ENSRNOG00000058282",0
"ENSRNOG00000051798",0
"ENSRNOG00000063381",1
"ENSRNOG00000053921",0
"ENSRNOG00000066915",0
"ENSRNOG00000058303",0
"ENSRNOG00000064763",0
"ENSRNOG00000049733",0
"ENSRNOG00000067164",0
"ENSRNOG00000054300",0
"ENSRNOG00000052281",0
"ENSRNOG00000024494",11
"ENSRNOG00000016141",2
"ENSRNOG00000005299",13
"ENSRNOG00000028619",0
"ENSRNOG00000036865",0
"ENSRNOG00000022260",1514
"ENSRNOG00000014850",3
"ENSRNOG00000004109",2659
"ENSRNOG00000004298",0
"ENSRNOG00000036831",0
"ENSRNOG00000057988",522
"ENSRNOG00000070941",0
"ENSRNOG00000025994",41
"ENSRNOG00000025454",58
"ENSRNOG00000006305",14483
"ENSRNOG00000024955",1012
"ENSRNOG00000009779",217
"ENSRNOG00000069110",0
"ENSRNOG00000054757",1989
"ENSRNOG00000004148",534
"ENSRNOG00000011573",674
"ENSRNOG00000009088",1363
"ENSRNOG00000068023",5642
"ENSRNOG00000007859",69
"ENSRNOG00000056487",890
"ENSRNOG00000052880",15
"ENSRNOG00000012192",405
"ENSRNOG00000007970",6
"ENSRNOG00000045554",6
"ENSRNOG00000010811",0
"ENSRNOG00000014082",0
"ENSRNOG00000005637",1
"ENSRNOG00000012208",1
"ENSRNOG00000012499",2269
"ENSRNOG00000010408",80
"ENSRNOG00000058560",2
"ENSRNOG00000021881",374
"ENSRNOG00000008247",2374
"ENSRNOG00000007801",3741
"ENSRNOG00000021945",2
"ENSRNOG00000064461",0
"ENSRNOG00000008797",15101
"ENSRNOG00000060703",1049
"ENSRNOG00000025481",5747
"ENSRNOG00000052307",2242
"ENSRNOG00000064897",0
"ENSRNOG00000006841",3
"ENSRNOG00000059961",115
"ENSRNOG00000007713",104
"ENSRNOG00000004494",1652
"ENSRNOG00000065012",0
"ENSRNOG00000031099",0
"ENSRNOG00000004367",1857
"ENSRNOG00000053196",5403
"ENSRNOG00000004011",431
"ENSRNOG00000054515",1378
"ENSRNOG00000055597",2251
"ENSRNOG00000068255",0
"ENSRNOG00000005266",0
"ENSRNOG00000021892",1
"ENSRNOG00000005556",367
"ENSRNOG00000052990",3126
"ENSRNOG00000006514",648
"ENSRNOG00000007407",482
"ENSRNOG00000059801",4805
"ENSRNOG00000006983",1085
"ENSRNOG00000060020",7
"ENSRNOG00000058053",1140
"ENSRNOG00000056457",5
"ENSRNOG00000009094",4129
"ENSRNOG00000049033",897
"ENSRNOG00000005573",78
"ENSRNOG00000063295",0
"ENSRNOG00000065833",10
"ENSRNOG00000065049",1
"ENSRNOG00000032395",288
"ENSRNOG00000050317",1953
"ENSRNOG00000065389",74
"ENSRNOG00000060154",1035
"ENSRNOG00000008507",64
"ENSRNOG00000054274",1617
"ENSRNOG00000024450",587
"ENSRNOG00000002632",18482
"ENSRNOG00000010099",1888
"ENSRNOG00000068918",0
"ENSRNOG00000059765",17
"ENSRNOG00000005987",376
"ENSRNOG00000063627",0
"ENSRNOG00000016149",6
"ENSRNOG00000070604",0
"ENSRNOG00000031930",1
"ENSRNOG00000009160",0
"ENSRNOG00000059050",0
"ENSRNOG00000067545",0
"ENSRNOG00000024870",15
"ENSRNOG00000002642",4299
"ENSRNOG00000033059",0
"ENSRNOG00000008057",18
"ENSRNOG00000008819",0
"ENSRNOG00000002840",15715
"ENSRNOG00000067257",0
"ENSRNOG00000004628",3198
"ENSRNOG00000032859",0
"ENSRNOG00000062981",53
"ENSRNOG00000008965",36
"ENSRNOG00000053881",2149
"ENSRNOG00000004875",2
"ENSRNOG00000028713",1
"ENSRNOG00000032332",0
"ENSRNOG00000004554",4879
"ENSRNOG00000036830",1
"ENSRNOG00000008242",0
"ENSRNOG00000004610",31512
"ENSRNOG00000031785",0
"ENSRNOG00000003076",9731
"ENSRNOG00000004635",2
"ENSRNOG00000015320",13873
"ENSRNOG00000004284",3270
"ENSRNOG00000068905",11
"ENSRNOG00000040281",9747
"ENSRNOG00000005386",755
"ENSRNOG00000036829",5
"ENSRNOG00000004904",1752
"ENSRNOG00000036828",0
"ENSRNOG00000069509",0
"ENSRNOG00000036871",0
"ENSRNOG00000021681",317
"ENSRNOG00000036827",0
"ENSRNOG00000036826",0
"ENSRNOG00000042740",148
"ENSRNOG00000067092",7
"ENSRNOG00000019550",862
"ENSRNOG00000038574",307
"ENSRNOG00000023896",105
"ENSRNOG00000031612",176
"ENSRNOG00000004717",9417
"ENSRNOG00000027468",16
"ENSRNOG00000053498",802
"ENSRNOG00000004179",0
"ENSRNOG00000053802",0
"ENSRNOG00000047393",5
"ENSRNOG00000029855",1213
"ENSRNOG00000004026",548
"ENSRNOG00000019653",476
"ENSRNOG00000028679",3
"ENSRNOG00000007999",1
"ENSRNOG00000028879",0
"ENSRNOG00000016116",0
"ENSRNOG00000064464",0
"ENSRNOG00000004117",0
"ENSRNOG00000004390",227
"ENSRNOG00000012985",1463
"ENSRNOG00000003127",256
"ENSRNOG00000005048",0
"ENSRNOG00000032529",0
"ENSRNOG00000004878",0
"ENSRNOG00000046245",208
"ENSRNOG00000070470",0
"ENSRNOG00000013343",727
"ENSRNOG00000070314",0
"ENSRNOG00000004585",166
"ENSRNOG00000069543",0
"ENSRNOG00000068902",0
"ENSRNOG00000013445",685
"ENSRNOG00000053468",32408
"ENSRNOG00000067326",250
"ENSRNOG00000031135",2507
"ENSRNOG00000025602",10852
"ENSRNOG00000069814",25
"ENSRNOG00000070066",0
"ENSRNOG00000063136",0
"ENSRNOG00000066049",0
"ENSRNOG00000069400",0
"ENSRNOG00000007756",243
"ENSRNOG00000059605",2
"ENSRNOG00000069872",0
"ENSRNOG00000025592",1975
"ENSRNOG00000064054",4
"ENSRNOG00000068019",0
"ENSRNOG00000070332",0
"ENSRNOG00000070691",0
"ENSRNOG00000036841",1201
"ENSRNOG00000066421",0
"ENSRNOG00000068569",0
"ENSRNOG00000066872",2
"ENSRNOG00000025584",4
"ENSRNOG00000065129",402
"ENSRNOG00000064401",6
"ENSRNOG00000061499",6740
"ENSRNOG00000069308",18
"ENSRNOG00000036839",1685
"ENSRNOG00000068408",0
"ENSRNOG00000066841",1
"ENSRNOG00000063061",0
"ENSRNOG00000064491",0
"ENSRNOG00000068195",3
"ENSRNOG00000060017",0
"ENSRNOG00000036837",4
"ENSRNOG00000064195",31
"ENSRNOG00000070425",1
"ENSRNOG00000002597",0
"ENSRNOG00000025570",2103
"ENSRNOG00000066185",2
"ENSRNOG00000036836",0
"ENSRNOG00000064872",0
"ENSRNOG00000066132",0
"ENSRNOG00000063589",0
"ENSRNOG00000070666",28
"ENSRNOG00000066498",454
"ENSRNOG00000031993",460
"ENSRNOG00000070180",0
"ENSRNOG00000036835",6631
"ENSRNOG00000065284",0
"ENSRNOG00000043382",0
"ENSRNOG00000069689",0
"ENSRNOG00000004846",436
"ENSRNOG00000064864",0
"ENSRNOG00000016199",0
"ENSRNOG00000056878",363
"ENSRNOG00000067207",6
"ENSRNOG00000064226",0
"ENSRNOG00000064246",0
"ENSRNOG00000006209",1053
"ENSRNOG00000042094",2118
"ENSRNOG00000064691",0
"ENSRNOG00000061088",763
"ENSRNOG00000065531",0
"ENSRNOG00000069127",0
"ENSRNOG00000069679",5
"ENSRNOG00000068119",0
"ENSRNOG00000063228",0
"ENSRNOG00000068601",120
"ENSRNOG00000066635",55
"ENSRNOG00000070115",0
"ENSRNOG00000068009",1
"ENSRNOG00000063058",266
"ENSRNOG00000067620",100
"ENSRNOG00000069968",1
"ENSRNOG00000064133",0
"ENSRNOG00000067773",0
"ENSRNOG00000063760",5
"ENSRNOG00000056106",1516
"ENSRNOG00000036852",9325
"ENSRNOG00000054935",0
"ENSRNOG00000065975",0
"ENSRNOG00000065359",1
"ENSRNOG00000064169",0
"ENSRNOG00000000958",147
"ENSRNOG00000063922",20
"ENSRNOG00000062619",0
"ENSRNOG00000054385",37
"ENSRNOG00000043299",0
"ENSRNOG00000015134",486
"ENSRNOG00000053675",3
"ENSRNOG00000043334",0
"ENSRNOG00000064889",0
"ENSRNOG00000061607",108
"ENSRNOG00000043125",0
"ENSRNOG00000004398",6
"ENSRNOG00000065664",0
"ENSRNOG00000059545",52
"ENSRNOG00000042355",304
"ENSRNOG00000062651",83
"ENSRNOG00000063839",0
"ENSRNOG00000059790",0
"ENSRNOG00000066391",0
"ENSRNOG00000070619",0
"ENSRNOG00000007607",564
"ENSRNOG00000064438",0
"ENSRNOG00000070603",0
"ENSRNOG00000066225",0
"ENSRNOG00000015269",3048
"ENSRNOG00000021438",6202
"ENSRNOG00000070683",0
"ENSRNOG00000070022",0
"ENSRNOG00000065595",0
"ENSRNOG00000064209",182
"ENSRNOG00000060185",1991
"ENSRNOG00000067854",0
"ENSRNOG00000070615",0
"ENSRNOG00000005333",1495
"ENSRNOG00000003254",23
"ENSRNOG00000066587",0
"ENSRNOG00000057451",3685
"ENSRNOG00000067222",3
"ENSRNOG00000065752",0
"ENSRNOG00000067667",12
"ENSRNOG00000070152",12
"ENSRNOG00000032441",358
"ENSRNOG00000071048",0
"ENSRNOG00000069488",2
"ENSRNOG00000005309",0
"ENSRNOG00000057315",0
"ENSRNOG00000066441",44
"ENSRNOG00000070536",2
"ENSRNOG00000054838",1076
"ENSRNOG00000063363",2
"ENSRNOG00000039997",800
"ENSRNOG00000066873",2
"ENSRNOG00000043203",0
"ENSRNOG00000065094",0
"ENSRNOG00000001376",815
"ENSRNOG00000063812",0
"ENSRNOG00000063576",9
"ENSRNOG00000064471",0
"ENSRNOG00000063449",0
"ENSRNOG00000058125",0
"ENSRNOG00000062295",4
"ENSRNOG00000054250",1
"ENSRNOG00000060866",0
"ENSRNOG00000067703",0
"ENSRNOG00000012832",1712
"ENSRNOG00000065854",0
"ENSRNOG00000046069",0
"ENSRNOG00000025340",0
"ENSRNOG00000068846",1
"ENSRNOG00000053181",0
"ENSRNOG00000069328",0
"ENSRNOG00000066066",0
"ENSRNOG00000066478",12
"ENSRNOG00000054378",0
"ENSRNOG00000004201",112
"ENSRNOG00000052539",516
"ENSRNOG00000071151",0
"ENSRNOG00000051970",0
"ENSRNOG00000006130",7640
"ENSRNOG00000065252",0
"ENSRNOG00000065308",9
"ENSRNOG00000006934",245
"ENSRNOG00000070006",0
"ENSRNOG00000060993",0
"ENSRNOG00000058134",0
"ENSRNOG00000007346",156
"ENSRNOG00000057971",0
"ENSRNOG00000068482",0
"ENSRNOG00000056297",1238
"ENSRNOG00000056885",0
"ENSRNOG00000051638",0
"ENSRNOG00000051790",0
"ENSRNOG00000070769",579
"ENSRNOG00000060818",0
"ENSRNOG00000061721",0
"ENSRNOG00000065117",0
"ENSRNOG00000070176",0
"ENSRNOG00000004595",14
"ENSRNOG00000058435",0
"ENSRNOG00000063976",0
"ENSRNOG00000070294",0
"ENSRNOG00000067922",0
"ENSRNOG00000067324",5
"ENSRNOG00000006469",1053
"ENSRNOG00000068409",0
"ENSRNOG00000056678",1033
"ENSRNOG00000069080",0
"ENSRNOG00000067888",0
"ENSRNOG00000053419",0
"ENSRNOG00000055579",11437
"ENSRNOG00000061079",0
"ENSRNOG00000023085",99
"ENSRNOG00000053870",0
"ENSRNOG00000061572",969
"ENSRNOG00000063352",0
"ENSRNOG00000059070",0
"ENSRNOG00000057624",0
"ENSRNOG00000066337",0
"ENSRNOG00000058430",52
"ENSRNOG00000022943",521
"ENSRNOG00000058340",0
"ENSRNOG00000061238",1
"ENSRNOG00000050420",0
"ENSRNOG00000066475",114
"ENSRNOG00000049495",0
"ENSRNOG00000053769",3
"ENSRNOG00000024929",481
"ENSRNOG00000030876",0
"ENSRNOG00000058130",408
"ENSRNOG00000036833",1037
"ENSRNOG00000004681",805
"ENSRNOG00000006778",1172
"ENSRNOG00000008436",0
"ENSRNOG00000006827",201
"ENSRNOG00000006844",718
"ENSRNOG00000004220",486
"ENSRNOG00000036834",0
"ENSRNOG00000030120",405
"ENSRNOG00000062320",3
"ENSRNOG00000031081",1144
"ENSRNOG00000025087",0
"ENSRNOG00000030520",186
"ENSRNOG00000004200",39
"ENSRNOG00000007610",309
"ENSRNOG00000005535",528
"ENSRNOG00000006789",934
"ENSRNOG00000009563",0
"ENSRNOG00000024507",0
"ENSRNOG00000007650",4686
"ENSRNOG00000067469",2
"ENSRNOG00000010977",1013
"ENSRNOG00000025459",2118
"ENSRNOG00000028996",0
"ENSRNOG00000004964",6
"ENSRNOG00000007784",815
"ENSRNOG00000014084",2984
"ENSRNOG00000004708",0
"ENSRNOG00000024886",3152
"ENSRNOG00000007905",228
"ENSRNOG00000007927",1
"ENSRNOG00000068079",498
"ENSRNOG00000008195",14656
"ENSRNOG00000070116",0
"ENSRNOG00000048637",0
"ENSRNOG00000032428",0
"ENSRNOG00000067519",0
"ENSRNOG00000065300",1
"ENSRNOG00000023456",1982
"ENSRNOG00000030191",0
"ENSRNOG00000063559",0
"ENSRNOG00000037687",11
"ENSRNOG00000033466",1
"ENSRNOG00000066504",0
"ENSRNOG00000065281",0
"ENSRNOG00000068784",0
"ENSRNOG00000003549",2150
"ENSRNOG00000063653",0
"ENSRNOG00000068489",0
"ENSRNOG00000068586",0
"ENSRNOG00000027690",205
"ENSRNOG00000033263",0
"ENSRNOG00000053040",7125
"ENSRNOG00000023520",6317
"ENSRNOG00000039449",0
"ENSRNOG00000004697",10
"ENSRNOG00000060598",0
"ENSRNOG00000012835",418
"ENSRNOG00000004662",1725
"ENSRNOG00000029571",609
"ENSRNOG00000009072",122
"ENSRNOG00000049571",0
"ENSRNOG00000003132",2
"ENSRNOG00000063608",0
"ENSRNOG00000063956",3
"ENSRNOG00000011955",16
"ENSRNOG00000048787",0
"ENSRNOG00000042090",0
"ENSRNOG00000004937",2
"ENSRNOG00000031916",159
"ENSRNOG00000033403",0
"ENSRNOG00000031493",0
"ENSRNOG00000031205",2
"ENSRNOG00000061320",614
"ENSRNOG00000043412",9
"ENSRNOG00000064174",0
"ENSRNOG00000032424",4
"ENSRNOG00000063008",0
"ENSRNOG00000055726",0
"ENSRNOG00000016598",0
"ENSRNOG00000021688",425
"ENSRNOG00000016613",1
"ENSRNOG00000050393",302
"ENSRNOG00000069033",57
"ENSRNOG00000009105",0
"ENSRNOG00000005854",42
"ENSRNOG00000054140",4680
"ENSRNOG00000036842",307
"ENSRNOG00000004152",636
"ENSRNOG00000008697",3455
"ENSRNOG00000053054",509
"ENSRNOG00000008336",1559
"ENSRNOG00000028837",71
"ENSRNOG00000004660",643
"ENSRNOG00000030597",1274
"ENSRNOG00000034022",1224
"ENSRNOG00000060753",1462
"ENSRNOG00000033361",104
"ENSRNOG00000026502",100
"ENSRNOG00000004704",0
"ENSRNOG00000063314",103
"ENSRNOG00000023480",1737
"ENSRNOG00000065551",0
"ENSRNOG00000062664",0
"ENSRNOG00000004089",156
"ENSRNOG00000004420",5718
"ENSRNOG00000008615",216
"ENSRNOG00000005123",271
"ENSRNOG00000004821",237
"ENSRNOG00000005417",305
"ENSRNOG00000005551",1978
"ENSRNOG00000006103",203
"ENSRNOG00000071113",4
"ENSRNOG00000004854",8
"ENSRNOG00000069184",0
"ENSRNOG00000043390",0
"ENSRNOG00000069733",4
"ENSRNOG00000004328",1035
"ENSRNOG00000004252",5774
"ENSRNOG00000024998",1913
"ENSRNOG00000007980",0
"ENSRNOG00000009550",1454
"ENSRNOG00000009739",2755
"ENSRNOG00000003964",203
"ENSRNOG00000004844",608
"ENSRNOG00000025300",4
"ENSRNOG00000007896",23
"ENSRNOG00000004958",0
"ENSRNOG00000008934",484
"ENSRNOG00000008987",4370
"ENSRNOG00000047198",44
"ENSRNOG00000009001",1062
"ENSRNOG00000063076",222
"ENSRNOG00000004747",0
"ENSRNOG00000004692",1
"ENSRNOG00000062233",0
"ENSRNOG00000069501",1
"ENSRNOG00000054576",1
"ENSRNOG00000019459",8069
"ENSRNOG00000008209",919
"ENSRNOG00000004100",254
"ENSRNOG00000062947",302
"ENSRNOG00000032951",0
"ENSRNOG00000006738",116
"ENSRNOG00000037549",0
"ENSRNOG00000029292",0
"ENSRNOG00000063591",248
"ENSRNOG00000004744",221
"ENSRNOG00000018271",0
"ENSRNOG00000033584",0
"ENSRNOG00000018212",871
"ENSRNOG00000008591",12
"ENSRNOG00000006370",117
"ENSRNOG00000018977",4960
"ENSRNOG00000006412",1024
"ENSRNOG00000058733",3725
"ENSRNOG00000065001",0
"ENSRNOG00000031950",20
"ENSRNOG00000025604",634
"ENSRNOG00000018971",601
"ENSRNOG00000051499",1972
"ENSRNOG00000006700",259
"ENSRNOG00000070626",0
"ENSRNOG00000025460",32
"ENSRNOG00000006251",0
"ENSRNOG00000032202",1
"ENSRNOG00000004906",0
"ENSRNOG00000026435",51
"ENSRNOG00000005206",0
"ENSRNOG00000024975",102
"ENSRNOG00000005233",0
"ENSRNOG00000034102",9
"ENSRNOG00000033791",242
"ENSRNOG00000033694",261
"ENSRNOG00000011954",4
"ENSRNOG00000004500",1803
"ENSRNOG00000025140",165
"ENSRNOG00000014625",1735
"ENSRNOG00000024349",396
"ENSRNOG00000025528",2734
"ENSRNOG00000005486",972
"ENSRNOG00000014287",420
"ENSRNOG00000015434",2171
"ENSRNOG00000004401",866
"ENSRNOG00000068848",0
"ENSRNOG00000004412",200
"ENSRNOG00000011489",3601
"ENSRNOG00000065596",0
"ENSRNOG00000033262",110
"ENSRNOG00000016405",142
"ENSRNOG00000006104",63
"ENSRNOG00000025293",0
"ENSRNOG00000031387",906
"ENSRNOG00000024577",579
"ENSRNOG00000024568",1049
"ENSRNOG00000024549",189
"ENSRNOG00000016203",61
"ENSRNOG00000056714",0
"ENSRNOG00000008199",0
"ENSRNOG00000030830",699
"ENSRNOG00000013987",547
"ENSRNOG00000064283",190
"ENSRNOG00000067606",157
"ENSRNOG00000007393",558
"ENSRNOG00000013604",4339
"ENSRNOG00000024603",11439
"ENSRNOG00000010423",3
"ENSRNOG00000026415",3231
"ENSRNOG00000009760",2357
"ENSRNOG00000009311",493
"ENSRNOG00000009265",0
"ENSRNOG00000009028",625
"ENSRNOG00000008960",236
"ENSRNOG00000000175",89
"ENSRNOG00000008533",1496
"ENSRNOG00000070264",2
"ENSRNOG00000000177",710
"ENSRNOG00000025516",0
"ENSRNOG00000054588",0
"ENSRNOG00000011315",1118
"ENSRNOG00000065138",0
"ENSRNOG00000007730",0
"ENSRNOG00000004890",5
"ENSRNOG00000013545",1419
"ENSRNOG00000007078",7117
"ENSRNOG00000013220",0
"ENSRNOG00000008271",1535
"ENSRNOG00000007818",560
"ENSRNOG00000007795",0
"ENSRNOG00000009103",276
"ENSRNOG00000012939",229
"ENSRNOG00000027569",624
"ENSRNOG00000059240",2
"ENSRNOG00000061246",851
"ENSRNOG00000043044",4992
"ENSRNOG00000031474",87
"ENSRNOG00000012808",1077
"ENSRNOG00000010794",79
"ENSRNOG00000032827",0
"ENSRNOG00000012562",258
"ENSRNOG00000043465",32
"ENSRNOG00000047072",0
"ENSRNOG00000026133",0
"ENSRNOG00000012379",335
"ENSRNOG00000068978",0
"ENSRNOG00000062508",0
"ENSRNOG00000051563",94
"ENSRNOG00000069262",0
"ENSRNOG00000064163",0
"ENSRNOG00000008030",250
"ENSRNOG00000033564",2
"ENSRNOG00000033685",0
"ENSRNOG00000008296",255
"ENSRNOG00000008217",25
"ENSRNOG00000068909",0
"ENSRNOG00000007960",0
"ENSRNOG00000022871",492
"ENSRNOG00000031688",0
"ENSRNOG00000032895",0
"ENSRNOG00000065533",0
"ENSRNOG00000068204",0
"ENSRNOG00000032552",419
"ENSRNOG00000007091",302
"ENSRNOG00000067424",0
"ENSRNOG00000007307",1358
"ENSRNOG00000005382",0
"ENSRNOG00000028512",189
"ENSRNOG00000006086",0
"ENSRNOG00000024879",219
"ENSRNOG00000031437",0
"ENSRNOG00000008831",149
"ENSRNOG00000005159",0
"ENSRNOG00000051059",0
"ENSRNOG00000008414",13729
"ENSRNOG00000061813",0
"ENSRNOG00000007628",13
"ENSRNOG00000030530",2
"ENSRNOG00000060530",338
"ENSRNOG00000029450",0
"ENSRNOG00000004346",5195
"ENSRNOG00000027238",181
"ENSRNOG00000043344",0
"ENSRNOG00000061376",1
"ENSRNOG00000005929",4
"ENSRNOG00000005944",0
"ENSRNOG00000006217",3147
"ENSRNOG00000006058",0
"ENSRNOG00000007684",859
"ENSRNOG00000062903",0
"ENSRNOG00000008026",6
"ENSRNOG00000028146",1
"ENSRNOG00000024824",0
"ENSRNOG00000046224",0
"ENSRNOG00000048577",43
"ENSRNOG00000070877",0
"ENSRNOG00000037374",0
"ENSRNOG00000006770",7815
"ENSRNOG00000030111",0
"ENSRNOG00000025725",0
"ENSRNOG00000025641",0
"ENSRNOG00000014314",3
"ENSRNOG00000006559",463
"ENSRNOG00000006355",497
"ENSRNOG00000021638",3274
"ENSRNOG00000065304",0
"ENSRNOG00000004501",0
"ENSRNOG00000069530",141
"ENSRNOG00000066139",21
"ENSRNOG00000014811",1252
"ENSRNOG00000007076",53
"ENSRNOG00000029814",0
"ENSRNOG00000027940",31
"ENSRNOG00000007500",125
"ENSRNOG00000069136",0
"ENSRNOG00000037375",0
"ENSRNOG00000010448",13957
"ENSRNOG00000060123",87
"ENSRNOG00000027319",1
"ENSRNOG00000048850",0
"ENSRNOG00000007137",0
"ENSRNOG00000015371",1
"ENSRNOG00000029941",12465
"ENSRNOG00000048148",1
"ENSRNOG00000032231",14
"ENSRNOG00000034107",257
"ENSRNOG00000032574",1039
"ENSRNOG00000009960",1140
"ENSRNOG00000014703",64
"ENSRNOG00000064680",1
"ENSRNOG00000033520",4
"ENSRNOG00000070029",0
"ENSRNOG00000006440",779
"ENSRNOG00000025497",650
"ENSRNOG00000007939",200
"ENSRNOG00000032561",183
"ENSRNOG00000007916",3056
"ENSRNOG00000030308",470
"ENSRNOG00000004484",28
"ENSRNOG00000050695",227
"ENSRNOG00000008401",2
"ENSRNOG00000068956",1755
"ENSRNOG00000068661",59
"ENSRNOG00000069134",0
"ENSRNOG00000063626",193
"ENSRNOG00000006471",0
"ENSRNOG00000007489",799
"ENSRNOG00000005749",43
"ENSRNOG00000021765",376
"ENSRNOG00000007077",642
"ENSRNOG00000048924",3241
"ENSRNOG00000050714",5
"ENSRNOG00000043068",18
"ENSRNOG00000015994",0
"ENSRNOG00000008680",9007
"ENSRNOG00000069897",377
"ENSRNOG00000032364",507
"ENSRNOG00000008737",32
"ENSRNOG00000014340",109
"ENSRNOG00000016069",0
"ENSRNOG00000033496",397
"ENSRNOG00000026679",25
"ENSRNOG00000030800",2
"ENSRNOG00000018481",713
"ENSRNOG00000008620",842
"ENSRNOG00000063066",0
"ENSRNOG00000008340",85
"ENSRNOG00000012962",103
"ENSRNOG00000016397",0
"ENSRNOG00000018665",229
"ENSRNOG00000016412",0
"ENSRNOG00000043324",4
"ENSRNOG00000008353",1
"ENSRNOG00000045679",4
"ENSRNOG00000047503",25
"ENSRNOG00000055909",0
"ENSRNOG00000059084",0
"ENSRNOG00000018436",1
"ENSRNOG00000007164",850
"ENSRNOG00000015389",1055
"ENSRNOG00000038202",84
"ENSRNOG00000027730",4
"ENSRNOG00000013919",1979
"ENSRNOG00000008424",295
"ENSRNOG00000020659",1055
"ENSRNOG00000048394",93
"ENSRNOG00000009193",2
"ENSRNOG00000025937",532
"ENSRNOG00000006663",243
"ENSRNOG00000009303",340
"ENSRNOG00000005930",311
"ENSRNOG00000033624",209
"ENSRNOG00000016085",0
"ENSRNOG00000009378",6923
"ENSRNOG00000068913",50
"ENSRNOG00000042601",3
"ENSRNOG00000034037",3035
"ENSRNOG00000012650",812
"ENSRNOG00000039859",929
"ENSRNOG00000012420",2359
"ENSRNOG00000012015",420
"ENSRNOG00000042649",0
"ENSRNOG00000047625",181
"ENSRNOG00000012430",6
"ENSRNOG00000057447",169
"ENSRNOG00000014832",403
"ENSRNOG00000038867",0
"ENSRNOG00000064248",172
"ENSRNOG00000020901",48
"ENSRNOG00000053932",280
"ENSRNOG00000009253",133
"ENSRNOG00000007158",64
"ENSRNOG00000055680",0
"ENSRNOG00000015458",58
"ENSRNOG00000057102",1070
"ENSRNOG00000020653",1271
"ENSRNOG00000012868",337
"ENSRNOG00000067804",8
"ENSRNOG00000011789",2773
"ENSRNOG00000046243",0
"ENSRNOG00000022741",1662
"ENSRNOG00000011567",195
"ENSRNOG00000045931",1731
"ENSRNOG00000049489",529
"ENSRNOG00000042925",0
"ENSRNOG00000064478",0
"ENSRNOG00000052224",0
"ENSRNOG00000029980",0
"ENSRNOG00000005903",30
"ENSRNOG00000043093",0
"ENSRNOG00000008595",98
"ENSRNOG00000013959",0
"ENSRNOG00000025037",0
"ENSRNOG00000013201",995
"ENSRNOG00000009772",9
"ENSRNOG00000020525",372
"ENSRNOG00000015718",7
"ENSRNOG00000070107",0
"ENSRNOG00000067684",0
"ENSRNOG00000029826",604
"ENSRNOG00000033981",0
"ENSRNOG00000030225",366
"ENSRNOG00000070602",0
"ENSRNOG00000048441",2380
"ENSRNOG00000010643",1626
"ENSRNOG00000005578",423
"ENSRNOG00000042065",0
"ENSRNOG00000015133",3311
"ENSRNOG00000014065",148
"ENSRNOG00000049600",1
"ENSRNOG00000009198",234
"ENSRNOG00000025372",857
"ENSRNOG00000014128",721
"ENSRNOG00000024026",0
"ENSRNOG00000010537",359
"ENSRNOG00000011582",2241
"ENSRNOG00000030625",1005
"ENSRNOG00000016502",36
"ENSRNOG00000014719",1451
"ENSRNOG00000025979",8
"ENSRNOG00000031824",2720
"ENSRNOG00000021899",703
"ENSRNOG00000049218",0
"ENSRNOG00000063302",502
"ENSRNOG00000070114",2
"ENSRNOG00000021887",212
"ENSRNOG00000039445",0
"ENSRNOG00000029862",46
"ENSRNOG00000067077",521
"ENSRNOG00000018939",470
"ENSRNOG00000021660",821
"ENSRNOG00000009271",2649
"ENSRNOG00000017766",2
"ENSRNOG00000008709",801
"ENSRNOG00000016847",1688
"ENSRNOG00000009946",1363
"ENSRNOG00000069348",0
"ENSRNOG00000066040",0
"ENSRNOG00000017151",1068
"ENSRNOG00000049588",0
"ENSRNOG00000019105",3903
"ENSRNOG00000045799",0
"ENSRNOG00000009434",6
"ENSRNOG00000017478",320
"ENSRNOG00000031129",2620
"ENSRNOG00000065852",0
"ENSRNOG00000063923",0
"ENSRNOG00000017628",5521
"ENSRNOG00000027295",45
"ENSRNOG00000032180",104
"ENSRNOG00000021420",254
"ENSRNOG00000015953",1974
"ENSRNOG00000022043",172
"ENSRNOG00000017871",2824
"ENSRNOG00000033426",762
"ENSRNOG00000015019",3488
"ENSRNOG00000060379",233
"ENSRNOG00000015977",2394
"ENSRNOG00000046535",106
"ENSRNOG00000054479",411
"ENSRNOG00000010543",2604
"ENSRNOG00000011543",279
"ENSRNOG00000019400",8557
"ENSRNOG00000027847",8
"ENSRNOG00000011739",2061
"ENSRNOG00000020828",135
"ENSRNOG00000064617",0
"ENSRNOG00000008757",220
"ENSRNOG00000037289",0
"ENSRNOG00000070472",59
"ENSRNOG00000030391",1248
"ENSRNOG00000070382",163
"ENSRNOG00000029242",806
"ENSRNOG00000013164",0
"ENSRNOG00000012604",222
"ENSRNOG00000008058",3
"ENSRNOG00000030101",85
"ENSRNOG00000014331",351
"ENSRNOG00000039390",48
"ENSRNOG00000011747",153
"ENSRNOG00000010634",3
"ENSRNOG00000015858",0
"ENSRNOG00000050155",0
"ENSRNOG00000011799",100
"ENSRNOG00000008508",1
"ENSRNOG00000010899",0
"ENSRNOG00000025359",0
"ENSRNOG00000029911",55
"ENSRNOG00000018778",1
"ENSRNOG00000012164",444
"ENSRNOG00000022445",0
"ENSRNOG00000014846",1745
"ENSRNOG00000055496",1
"ENSRNOG00000031896",4074
"ENSRNOG00000012619",17
"ENSRNOG00000029127",791
"ENSRNOG00000054063",0
"ENSRNOG00000052010",0
"ENSRNOG00000014602",274
"ENSRNOG00000063092",101
"ENSRNOG00000070564",0
"ENSRNOG00000016150",341
"ENSRNOG00000046261",10
"ENSRNOG00000065325",0
"ENSRNOG00000052051",1
"ENSRNOG00000059163",35
"ENSRNOG00000000195",2085
"ENSRNOG00000059005",1
"ENSRNOG00000069976",42
"ENSRNOG00000046307",23
"ENSRNOG00000062683",115
"ENSRNOG00000047861",0
"ENSRNOG00000067838",0
"ENSRNOG00000023020",275
"ENSRNOG00000012469",819
"ENSRNOG00000058938",3
"ENSRNOG00000049187",0
"ENSRNOG00000020710",2752
"ENSRNOG00000062317",0
"ENSRNOG00000030232",1226
"ENSRNOG00000068126",0
"ENSRNOG00000068077",0
"ENSRNOG00000008904",74
"ENSRNOG00000064055",0
"ENSRNOG00000027736",771
"ENSRNOG00000065624",0
"ENSRNOG00000066698",0
"ENSRNOG00000066519",0
"ENSRNOG00000009950",415
"ENSRNOG00000065616",0
"ENSRNOG00000007926",585
"ENSRNOG00000014284",1366
"ENSRNOG00000069156",0
"ENSRNOG00000006075",1
"ENSRNOG00000065963",0
"ENSRNOG00000066207",3
"ENSRNOG00000010688",3
"ENSRNOG00000070638",0
"ENSRNOG00000026985",988
"ENSRNOG00000033217",1
"ENSRNOG00000067794",0
"ENSRNOG00000014521",637
"ENSRNOG00000068935",0
"ENSRNOG00000064114",0
"ENSRNOG00000015554",51
"ENSRNOG00000043131",0
"ENSRNOG00000070485",0
"ENSRNOG00000063953",0
"ENSRNOG00000071070",0
"ENSRNOG00000010652",204
"ENSRNOG00000009219",0
"ENSRNOG00000012260",74
"ENSRNOG00000012994",151
"ENSRNOG00000012980",92
"ENSRNOG00000066595",0
"ENSRNOG00000011199",990
"ENSRNOG00000063739",0
"ENSRNOG00000011490",0
"ENSRNOG00000016827",67
"ENSRNOG00000065779",0
"ENSRNOG00000069680",0
"ENSRNOG00000028856",68
"ENSRNOG00000008138",33
"ENSRNOG00000032948",293
"ENSRNOG00000017589",49
"ENSRNOG00000069826",0
"ENSRNOG00000053239",148
"ENSRNOG00000011329",3886
"ENSRNOG00000065790",0
"ENSRNOG00000062452",0
"ENSRNOG00000067250",0
"ENSRNOG00000007649",1508
"ENSRNOG00000015896",273
"ENSRNOG00000005960",14
"ENSRNOG00000009850",859
"ENSRNOG00000067474",0
"ENSRNOG00000032339",124
"ENSRNOG00000065608",0
"ENSRNOG00000068388",0
"ENSRNOG00000031890",4389
"ENSRNOG00000028889",0
"ENSRNOG00000008187",98
"ENSRNOG00000056024",980
"ENSRNOG00000069955",15
"ENSRNOG00000015863",0
"ENSRNOG00000069075",4
"ENSRNOG00000034066",989
"ENSRNOG00000015835",205
"ENSRNOG00000008037",161
"ENSRNOG00000066313",0
"ENSRNOG00000059540",0
"ENSRNOG00000058207",0
"ENSRNOG00000033256",4
"ENSRNOG00000049289",0
"ENSRNOG00000008428",0
"ENSRNOG00000063762",0
"ENSRNOG00000022245",623
"ENSRNOG00000021771",1
"ENSRNOG00000011228",192
"ENSRNOG00000066855",9
"ENSRNOG00000065944",612
"ENSRNOG00000045585",0
"ENSRNOG00000030910",0
"ENSRNOG00000024346",0
"ENSRNOG00000029876",0
"ENSRNOG00000062096",0
"ENSRNOG00000056662",0
"ENSRNOG00000011277",0
"ENSRNOG00000016181",2
"ENSRNOG00000063215",0
"ENSRNOG00000030016",0
"ENSRNOG00000007372",71
"ENSRNOG00000064634",210
"ENSRNOG00000061579",2592
"ENSRNOG00000030213",1733
"ENSRNOG00000055222",243
"ENSRNOG00000051416",1168
"ENSRNOG00000067468",0
"ENSRNOG00000005795",441
"ENSRNOG00000034128",48
"ENSRNOG00000069206",52
"ENSRNOG00000029843",694
"ENSRNOG00000029148",191
"ENSRNOG00000064876",0
"ENSRNOG00000009149",842
"ENSRNOG00000030296",117
"ENSRNOG00000045885",5677
"ENSRNOG00000010934",21
"ENSRNOG00000065876",6
"ENSRNOG00000065507",0
"ENSRNOG00000067755",0
"ENSRNOG00000011500",3
"ENSRNOG00000031266",180
"ENSRNOG00000031703",15
"ENSRNOG00000065152",1
"ENSRNOG00000070252",0
"ENSRNOG00000056701",65
"ENSRNOG00000029995",1708
"ENSRNOG00000022084",0
"ENSRNOG00000006957",0
"ENSRNOG00000008924",1267
"ENSRNOG00000023850",481
"ENSRNOG00000017190",0
"ENSRNOG00000005710",355
"ENSRNOG00000065862",3
"ENSRNOG00000032642",0
"ENSRNOG00000066352",0
"ENSRNOG00000020655",0
"ENSRNOG00000063216",191
"ENSRNOG00000068475",0
"ENSRNOG00000065079",0
"ENSRNOG00000025463",0
"ENSRNOG00000034052",9
"ENSRNOG00000032626",0
"ENSRNOG00000068773",0
"ENSRNOG00000031483",0
"ENSRNOG00000066381",0
"ENSRNOG00000032353",0
"ENSRNOG00000023086",435
"ENSRNOG00000016781",7773
"ENSRNOG00000071117",0
"ENSRNOG00000006920",0
"ENSRNOG00000037172",75
"ENSRNOG00000068485",0
"ENSRNOG00000008478",1
"ENSRNOG00000022567",1
"ENSRNOG00000022852",1
"ENSRNOG00000069423",0
"ENSRNOG00000043006",2906
"ENSRNOG00000066836",672
"ENSRNOG00000015189",401
"ENSRNOG00000043480",4
"ENSRNOG00000030962",2
"ENSRNOG00000033490",1
"ENSRNOG00000040208",0
"ENSRNOG00000010315",0
"ENSRNOG00000026759",0
"ENSRNOG00000033697",737
"ENSRNOG00000010743",122
"ENSRNOG00000031127",391
"ENSRNOG00000063084",0
"ENSRNOG00000016121",265
"ENSRNOG00000004757",403
"ENSRNOG00000031675",3
"ENSRNOG00000031912",0
"ENSRNOG00000070374",0
"ENSRNOG00000048164",153
"ENSRNOG00000016469",0
"ENSRNOG00000030187",0
"ENSRNOG00000052499",161
"ENSRNOG00000065044",291
"ENSRNOG00000065906",0
"ENSRNOG00000067690",0
"ENSRNOG00000018009",845
"ENSRNOG00000012022",0
"ENSRNOG00000062665",8
"ENSRNOG00000070764",0
"ENSRNOG00000064921",0
"ENSRNOG00000006403",12
"ENSRNOG00000064730",0
"ENSRNOG00000068136",2
"ENSRNOG00000031469",0
"ENSRNOG00000017029",290
"ENSRNOG00000008881",0
"ENSRNOG00000039627",26
"ENSRNOG00000054460",4
"ENSRNOG00000070070",0
"ENSRNOG00000068217",0
"ENSRNOG00000012758",1
"ENSRNOG00000000896",1
"ENSRNOG00000058932",208
"ENSRNOG00000065090",7
"ENSRNOG00000010877",605
"ENSRNOG00000063464",145
"ENSRNOG00000060750",990
"ENSRNOG00000067695",0
"ENSRNOG00000017119",218
"ENSRNOG00000048915",139
"ENSRNOG00000021793",4
"ENSRNOG00000065178",241
"ENSRNOG00000069716",0
"ENSRNOG00000065114",1032
"ENSRNOG00000009308",0
"ENSRNOG00000020580",81
"ENSRNOG00000062347",0
"ENSRNOG00000054355",1096
"ENSRNOG00000064440",0
"ENSRNOG00000065618",0
"ENSRNOG00000067723",25
"ENSRNOG00000050630",2721
"ENSRNOG00000068486",2
"ENSRNOG00000005933",2781
"ENSRNOG00000071145",0
"ENSRNOG00000065870",189
"ENSRNOG00000055049",10
"ENSRNOG00000048161",1
"ENSRNOG00000064689",0
"ENSRNOG00000031126",0
"ENSRNOG00000069438",0
"ENSRNOG00000064936",1
"ENSRNOG00000013027",181
"ENSRNOG00000059497",0
"ENSRNOG00000048237",392
"ENSRNOG00000068439",0
"ENSRNOG00000064399",2392
"ENSRNOG00000067375",9
"ENSRNOG00000061928",712
"ENSRNOG00000062775",0
"ENSRNOG00000067969",10
"ENSRNOG00000013263",5
"ENSRNOG00000070993",1
"ENSRNOG00000057221",5
"ENSRNOG00000056596",796
"ENSRNOG00000030000",0
"ENSRNOG00000067000",9
"ENSRNOG00000070140",4
"ENSRNOG00000069058",0
"ENSRNOG00000054446",709
"ENSRNOG00000066384",0
"ENSRNOG00000065274",0
"ENSRNOG00000068511",95
"ENSRNOG00000066848",0
"ENSRNOG00000064312",64
"ENSRNOG00000026589",1324
"ENSRNOG00000067959",248
"ENSRNOG00000065435",53
"ENSRNOG00000030188",0
"ENSRNOG00000051462",0
"ENSRNOG00000069457",0
"ENSRNOG00000064756",0
"ENSRNOG00000037295",133
"ENSRNOG00000010584",1490
"ENSRNOG00000020603",5
"ENSRNOG00000065520",0
"ENSRNOG00000068247",0
"ENSRNOG00000057660",0
"ENSRNOG00000065991",0
"ENSRNOG00000063118",998
"ENSRNOG00000010507",0
"ENSRNOG00000053577",459
"ENSRNOG00000031054",0
"ENSRNOG00000016620",190
"ENSRNOG00000064896",0
"ENSRNOG00000063458",0
"ENSRNOG00000055631",902
"ENSRNOG00000069817",0
"ENSRNOG00000010922",786
"ENSRNOG00000013360",7000
"ENSRNOG00000030714",2
"ENSRNOG00000066345",0
"ENSRNOG00000065318",0
"ENSRNOG00000066031",5
"ENSRNOG00000069820",0
"ENSRNOG00000069025",0
"ENSRNOG00000070943",0
"ENSRNOG00000063951",0
"ENSRNOG00000063350",0
"ENSRNOG00000069053",0
"ENSRNOG00000068753",0
"ENSRNOG00000033434",1452
"ENSRNOG00000066983",4
"ENSRNOG00000071086",13
"ENSRNOG00000063105",0
"ENSRNOG00000067847",0
"ENSRNOG00000070488",0
"ENSRNOG00000062331",0
"ENSRNOG00000065689",4
"ENSRNOG00000061337",34
"ENSRNOG00000026178",806
"ENSRNOG00000070740",26
"ENSRNOG00000052134",0
"ENSRNOG00000071030",82
"ENSRNOG00000013752",0
"ENSRNOG00000064818",6
"ENSRNOG00000067268",3
"ENSRNOG00000007726",918
"ENSRNOG00000051630",0
"ENSRNOG00000055251",7
"ENSRNOG00000066852",7
"ENSRNOG00000009907",0
"ENSRNOG00000026171",192
"ENSRNOG00000064526",6
"ENSRNOG00000067408",0
"ENSRNOG00000064892",2
"ENSRNOG00000020688",52
"ENSRNOG00000008862",77
"ENSRNOG00000062708",0
"ENSRNOG00000069154",0
"ENSRNOG00000007613",521
"ENSRNOG00000023809",0
"ENSRNOG00000071036",0
"ENSRNOG00000067656",0
"ENSRNOG00000066244",0
"ENSRNOG00000008526",0
"ENSRNOG00000010362",6477
"ENSRNOG00000031971",2
"ENSRNOG00000065505",2
"ENSRNOG00000007142",0
"ENSRNOG00000062369",159
"ENSRNOG00000052386",521
"ENSRNOG00000065036",1
"ENSRNOG00000032070",916
"ENSRNOG00000068636",8
"ENSRNOG00000043498",1831
"ENSRNOG00000047225",132
"ENSRNOG00000060221",0
"ENSRNOG00000063183",0
"ENSRNOG00000067304",0
"ENSRNOG00000060040",0
"ENSRNOG00000058898",53268
"ENSRNOG00000033234",46
"ENSRNOG00000059229",0
"ENSRNOG00000054080",391
"ENSRNOG00000009243",935
"ENSRNOG00000043383",2
"ENSRNOG00000054439",1
"ENSRNOG00000065544",3
"ENSRNOG00000021602",35
"ENSRNOG00000050979",14
"ENSRNOG00000008390",725
"ENSRNOG00000000196",7
"ENSRNOG00000008153",0
"ENSRNOG00000007561",44
"ENSRNOG00000010789",822
"ENSRNOG00000063146",18
"ENSRNOG00000005731",36
"ENSRNOG00000039107",178
"ENSRNOG00000063818",0
"ENSRNOG00000023870",3
"ENSRNOG00000020720",0
"ENSRNOG00000069074",0
"ENSRNOG00000043410",301
"ENSRNOG00000009799",1637
"ENSRNOG00000069631",0
"ENSRNOG00000029089",0
"ENSRNOG00000023633",16
"ENSRNOG00000021839",73
"ENSRNOG00000010390",526
"ENSRNOG00000006283",0
"ENSRNOG00000021548",316
"ENSRNOG00000015357",563
"ENSRNOG00000021896",0
"ENSRNOG00000062568",2
"ENSRNOG00000006595",0
"ENSRNOG00000010733",1041
"ENSRNOG00000006931",219
"ENSRNOG00000010602",385
"ENSRNOG00000066300",7
"ENSRNOG00000066437",0
"ENSRNOG00000010944",2272
"ENSRNOG00000032832",0
"ENSRNOG00000042165",156
"ENSRNOG00000013841",664
"ENSRNOG00000006831",627
"ENSRNOG00000018373",1068
"ENSRNOG00000013419",57
"ENSRNOG00000007177",2794
"ENSRNOG00000008444",1216
"ENSRNOG00000009047",0
"ENSRNOG00000066977",3
"ENSRNOG00000006545",687
"ENSRNOG00000021528",386
"ENSRNOG00000025624",4
"ENSRNOG00000006604",447
"ENSRNOG00000031420",572
"ENSRNOG00000026702",9
"ENSRNOG00000032134",1579
"ENSRNOG00000024438",0
"ENSRNOG00000009250",248
"ENSRNOG00000014218",54
"ENSRNOG00000029510",692
"ENSRNOG00000039086",0
"ENSRNOG00000009719",538
"ENSRNOG00000009499",231
"ENSRNOG00000007325",568
"ENSRNOG00000061108",7486
"ENSRNOG00000049531",1360
"ENSRNOG00000047053",885
"ENSRNOG00000009118",3
"ENSRNOG00000047235",1770
"ENSRNOG00000011361",387
"ENSRNOG00000009892",151
"ENSRNOG00000020833",14
"ENSRNOG00000024082",8
"ENSRNOG00000011904",388
"ENSRNOG00000008932",619
"ENSRNOG00000024230",131
"ENSRNOG00000027503",428
"ENSRNOG00000014161",556
"ENSRNOG00000008592",0
"ENSRNOG00000025115",218
"ENSRNOG00000010160",220
"ENSRNOG00000063771",0
"ENSRNOG00000012137",85
"ENSRNOG00000068150",0
"ENSRNOG00000026650",0
"ENSRNOG00000061883",0
"ENSRNOG00000016308",0
"ENSRNOG00000032461",0
"ENSRNOG00000009170",916
"ENSRNOG00000065921",19
"ENSRNOG00000063505",1
"ENSRNOG00000070052",17
"ENSRNOG00000028884",711
"ENSRNOG00000064519",0
"ENSRNOG00000031438",0
"ENSRNOG00000015780",1614
"ENSRNOG00000026833",2802
"ENSRNOG00000012500",268
"ENSRNOG00000069794",190
"ENSRNOG00000010663",0
"ENSRNOG00000015945",0
"ENSRNOG00000014427",40
"ENSRNOG00000008515",1
"ENSRNOG00000018184",4712
"ENSRNOG00000033796",0
"ENSRNOG00000014201",2
"ENSRNOG00000008039",303
"ENSRNOG00000014343",1056
"ENSRNOG00000026979",26
"ENSRNOG00000070532",0
"ENSRNOG00000015201",0
"ENSRNOG00000060367",1444
"ENSRNOG00000029456",105
"ENSRNOG00000034236",6
"ENSRNOG00000018081",100
"ENSRNOG00000012803",372
"ENSRNOG00000007853",353
"ENSRNOG00000014576",10
"ENSRNOG00000056612",2
"ENSRNOG00000008095",0
"ENSRNOG00000008941",253
"ENSRNOG00000038746",50
"ENSRNOG00000034226",0
"ENSRNOG00000057754",2060
"ENSRNOG00000005574",43
"ENSRNOG00000057501",6
"ENSRNOG00000009848",2
"ENSRNOG00000008278",1075
"ENSRNOG00000056409",0
"ENSRNOG00000049470",0
"ENSRNOG00000065914",0
"ENSRNOG00000015878",38
"ENSRNOG00000022980",758
"ENSRNOG00000017332",38
"ENSRNOG00000009888",244
"ENSRNOG00000047179",9056
"ENSRNOG00000054257",527
"ENSRNOG00000057867",10
"ENSRNOG00000031782",0
"ENSRNOG00000016474",3097
"ENSRNOG00000008356",5
"ENSRNOG00000059702",101
"ENSRNOG00000009958",517
"ENSRNOG00000018502",194
"ENSRNOG00000009965",75
"ENSRNOG00000009994",458
"ENSRNOG00000054889",0
"ENSRNOG00000057676",3652
"ENSRNOG00000018333",569
"ENSRNOG00000056654",53
"ENSRNOG00000060338",0
"ENSRNOG00000055361",1
"ENSRNOG00000052869",93
"ENSRNOG00000071199",0
"ENSRNOG00000052983",3
"ENSRNOG00000032436",675
"ENSRNOG00000069223",2
"ENSRNOG00000055594",1
"ENSRNOG00000059435",1
"ENSRNOG00000059039",0
"ENSRNOG00000038181",0
"ENSRNOG00000064292",0
"ENSRNOG00000064631",0
"ENSRNOG00000068974",0
"ENSRNOG00000066210",0
"ENSRNOG00000013669",695
"ENSRNOG00000055503",0
"ENSRNOG00000058522",796
"ENSRNOG00000053428",615
"ENSRNOG00000060576",0
"ENSRNOG00000053784",0
"ENSRNOG00000069892",1
"ENSRNOG00000069748",0
"ENSRNOG00000067497",0
"ENSRNOG00000006224",194
"ENSRNOG00000063162",1
"ENSRNOG00000052370",0
"ENSRNOG00000052158",0
"ENSRNOG00000066086",280
"ENSRNOG00000057260",0
"ENSRNOG00000051946",0
"ENSRNOG00000056719",0
"ENSRNOG00000054641",12
"ENSRNOG00000063103",2166
"ENSRNOG00000057248",0
"ENSRNOG00000066071",0
"ENSRNOG00000058231",0
"ENSRNOG00000059622",93
"ENSRNOG00000023007",20
"ENSRNOG00000066593",0
"ENSRNOG00000057712",0
"ENSRNOG00000052616",0
"ENSRNOG00000062396",0
"ENSRNOG00000067122",95
"ENSRNOG00000051411",2
"ENSRNOG00000067829",0
"ENSRNOG00000060922",0
"ENSRNOG00000066552",0
"ENSRNOG00000057457",0
"ENSRNOG00000037285",0
"ENSRNOG00000053289",0
"ENSRNOG00000064439",0
"ENSRNOG00000068232",0
"ENSRNOG00000051647",0
"ENSRNOG00000062332",0
"ENSRNOG00000052439",0
"ENSRNOG00000058866",1775
"ENSRNOG00000055465",2
"ENSRNOG00000058283",0
"ENSRNOG00000058614",0
"ENSRNOG00000056888",1
"ENSRNOG00000055263",0
"ENSRNOG00000033809",291
"ENSRNOG00000069442",1
"ENSRNOG00000062422",0
"ENSRNOG00000059888",0
"ENSRNOG00000060814",0
"ENSRNOG00000058443",0
"ENSRNOG00000055199",0
"ENSRNOG00000034938",0
"ENSRNOG00000063270",0
"ENSRNOG00000068219",0
"ENSRNOG00000066680",0
"ENSRNOG00000057236",2
"ENSRNOG00000057172",1
"ENSRNOG00000067770",0
"ENSRNOG00000067193",0
"ENSRNOG00000067210",0
"ENSRNOG00000062705",0
"ENSRNOG00000060204",2
"ENSRNOG00000053742",0
"ENSRNOG00000058998",0
"ENSRNOG00000055520",0
"ENSRNOG00000059346",0
"ENSRNOG00000057805",4
"ENSRNOG00000051997",6
"ENSRNOG00000058887",0
"ENSRNOG00000020847",145
"ENSRNOG00000055522",3
"ENSRNOG00000055808",0
"ENSRNOG00000059871",0
"ENSRNOG00000050473",571
"ENSRNOG00000060943",0
"ENSRNOG00000056523",0
"ENSRNOG00000056506",0
"ENSRNOG00000055172",0
"ENSRNOG00000020721",351
"ENSRNOG00000054821",0
"ENSRNOG00000068517",0
"ENSRNOG00000058120",0
"ENSRNOG00000065508",0
"ENSRNOG00000064419",0
"ENSRNOG00000064954",0
"ENSRNOG00000030073",0
"ENSRNOG00000067180",0
"ENSRNOG00000065588",1
"ENSRNOG00000057055",0
"ENSRNOG00000060841",0
"ENSRNOG00000055565",0
"ENSRNOG00000067492",0
"ENSRNOG00000024330",0
"ENSRNOG00000059993",0
"ENSRNOG00000066368",0
"ENSRNOG00000068372",0
"ENSRNOG00000011193",0
"ENSRNOG00000054357",0
"ENSRNOG00000066631",2
"ENSRNOG00000051738",0
"ENSRNOG00000060720",0
"ENSRNOG00000059989",0
"ENSRNOG00000068344",0
"ENSRNOG00000059831",0
"ENSRNOG00000066537",0
"ENSRNOG00000053889",7
"ENSRNOG00000054323",0
"ENSRNOG00000055949",2
"ENSRNOG00000047799",259
"ENSRNOG00000031816",164
"ENSRNOG00000006331",2371
"ENSRNOG00000069372",22
"ENSRNOG00000020450",154
"ENSRNOG00000008214",352
"ENSRNOG00000025957",0
"ENSRNOG00000031141",1
"ENSRNOG00000008691",629
"ENSRNOG00000011138",7233
"ENSRNOG00000064605",4
"ENSRNOG00000009381",827
"ENSRNOG00000050868",0
"ENSRNOG00000029861",0
"ENSRNOG00000011189",431
"ENSRNOG00000010447",54
"ENSRNOG00000030449",15
"ENSRNOG00000027145",123
"ENSRNOG00000011936",101
"ENSRNOG00000010917",0
"ENSRNOG00000010116",178
"ENSRNOG00000012073",1072
"ENSRNOG00000056051",0
"ENSRNOG00000009439",4
"ENSRNOG00000012406",1070
"ENSRNOG00000000201",0
"ENSRNOG00000052787",316
"ENSRNOG00000012865",838
"ENSRNOG00000010642",611
"ENSRNOG00000012927",109
"ENSRNOG00000010784",0
"ENSRNOG00000011521",80
"ENSRNOG00000060912",1825
"ENSRNOG00000032063",0
"ENSRNOG00000069906",0
"ENSRNOG00000007932",0
"ENSRNOG00000058470",5816
"ENSRNOG00000025071",1839
"ENSRNOG00000031965",0
"ENSRNOG00000046191",18
"ENSRNOG00000068670",0
"ENSRNOG00000020068",454
"ENSRNOG00000010657",12
"ENSRNOG00000037199",22
"ENSRNOG00000042903",22
"ENSRNOG00000020159",373
"ENSRNOG00000010895",1609
"ENSRNOG00000020185",849
"ENSRNOG00000008984",397
"ENSRNOG00000020249",101
"ENSRNOG00000066197",0
"ENSRNOG00000009580",75
"ENSRNOG00000021047",288
"ENSRNOG00000000199",0
"ENSRNOG00000069879",865
"ENSRNOG00000065247",291
"ENSRNOG00000066863",0
"ENSRNOG00000023794",0
"ENSRNOG00000020948",205
"ENSRNOG00000067842",753
"ENSRNOG00000007720",1005
"ENSRNOG00000065279",203
"ENSRNOG00000013042",3
"ENSRNOG00000057691",5
"ENSRNOG00000063493",12
"ENSRNOG00000025332",544
"ENSRNOG00000067811",917
"ENSRNOG00000068675",712
"ENSRNOG00000065943",0
"ENSRNOG00000070669",1
"ENSRNOG00000065586",1
"ENSRNOG00000020955",0
"ENSRNOG00000066974",94
"ENSRNOG00000068755",0
"ENSRNOG00000070980",1
"ENSRNOG00000063823",0
"ENSRNOG00000065033",150
"ENSRNOG00000031827",751
"ENSRNOG00000065901",14
"ENSRNOG00000065405",0
"ENSRNOG00000051671",1031
"ENSRNOG00000063535",658
"ENSRNOG00000064822",0
"ENSRNOG00000029543",48
"ENSRNOG00000010156",331
"ENSRNOG00000067175",2
"ENSRNOG00000064300",5
"ENSRNOG00000061650",0
"ENSRNOG00000064671",0
"ENSRNOG00000065802",7
"ENSRNOG00000067743",0
"ENSRNOG00000070021",0
"ENSRNOG00000067586",6
"ENSRNOG00000069347",6
"ENSRNOG00000065465",12
"ENSRNOG00000020288",816
"ENSRNOG00000067893",0
"ENSRNOG00000071079",7
"ENSRNOG00000069432",25
"ENSRNOG00000058012",0
"ENSRNOG00000031401",0
"ENSRNOG00000065759",0
"ENSRNOG00000042432",48
"ENSRNOG00000064745",47
"ENSRNOG00000017684",76
"ENSRNOG00000070705",0
"ENSRNOG00000070354",0
"ENSRNOG00000063500",0
"ENSRNOG00000037229",2
"ENSRNOG00000020284",550
"ENSRNOG00000070686",1
"ENSRNOG00000070739",0
"ENSRNOG00000017714",648
"ENSRNOG00000065882",0
"ENSRNOG00000013059",65
"ENSRNOG00000064430",0
"ENSRNOG00000027799",23
"ENSRNOG00000059167",0
"ENSRNOG00000067785",226
"ENSRNOG00000033921",368
"ENSRNOG00000011852",803
"ENSRNOG00000053916",0
"ENSRNOG00000061154",0
"ENSRNOG00000064183",254
"ENSRNOG00000067595",88
"ENSRNOG00000069880",35
"ENSRNOG00000033378",882
"ENSRNOG00000063882",7
"ENSRNOG00000062448",1
"ENSRNOG00000020804",1887
"ENSRNOG00000054131",0
"ENSRNOG00000068187",0
"ENSRNOG00000065458",6
"ENSRNOG00000070433",56
"ENSRNOG00000013399",6
"ENSRNOG00000059525",0
"ENSRNOG00000056472",0
"ENSRNOG00000055457",0
"ENSRNOG00000051955",0
"ENSRNOG00000005934",0
"ENSRNOG00000058213",0
"ENSRNOG00000037659",230
"ENSRNOG00000055883",0
"ENSRNOG00000057627",2
"ENSRNOG00000010004",0
"ENSRNOG00000013305",754
"ENSRNOG00000014644",0
"ENSRNOG00000034503",0
"ENSRNOG00000052416",0
"ENSRNOG00000010024",497
"ENSRNOG00000012479",2
"ENSRNOG00000070463",0
"ENSRNOG00000054911",0
"ENSRNOG00000059726",1
"ENSRNOG00000055825",1
"ENSRNOG00000066222",0
"ENSRNOG00000059194",0
"ENSRNOG00000053403",0
"ENSRNOG00000066485",0
"ENSRNOG00000005970",134
"ENSRNOG00000008519",4440
"ENSRNOG00000052126",0
"ENSRNOG00000061858",0
"ENSRNOG00000058872",0
"ENSRNOG00000061762",0
"ENSRNOG00000010685",1923
"ENSRNOG00000066329",2
"ENSRNOG00000065611",0
"ENSRNOG00000058445",0
"ENSRNOG00000063132",0
"ENSRNOG00000031032",608
"ENSRNOG00000059581",0
"ENSRNOG00000053157",0
"ENSRNOG00000059364",0
"ENSRNOG00000019680",4
"ENSRNOG00000009773",103
"ENSRNOG00000064465",0
"ENSRNOG00000058412",755
"ENSRNOG00000056584",0
"ENSRNOG00000059045",0
"ENSRNOG00000070515",0
"ENSRNOG00000057922",0
"ENSRNOG00000029572",436
"ENSRNOG00000052284",0
"ENSRNOG00000065714",0
"ENSRNOG00000008554",225
"ENSRNOG00000066730",22
"ENSRNOG00000059324",0
"ENSRNOG00000052988",0
"ENSRNOG00000064837",0
"ENSRNOG00000016592",9698
"ENSRNOG00000066326",0
"ENSRNOG00000067349",0
"ENSRNOG00000061033",0
"ENSRNOG00000016561",2
"ENSRNOG00000065323",0
"ENSRNOG00000014025",7
"ENSRNOG00000029055",451
"ENSRNOG00000047867",84
"ENSRNOG00000026821",975
"ENSRNOG00000008151",1863
"ENSRNOG00000048718",778
"ENSRNOG00000009928",426
"ENSRNOG00000014064",2385
"ENSRNOG00000032618",19
"ENSRNOG00000011251",0
"ENSRNOG00000014917",224
"ENSRNOG00000006302",1434
"ENSRNOG00000008173",6947
"ENSRNOG00000031132",0
"ENSRNOG00000042726",3
"ENSRNOG00000047768",1652
"ENSRNOG00000008652",538
"ENSRNOG00000063507",0
"ENSRNOG00000065246",1
"ENSRNOG00000030318",0
"ENSRNOG00000047606",0
"ENSRNOG00000009715",3738
"ENSRNOG00000046155",4
"ENSRNOG00000013229",188
"ENSRNOG00000024757",412
"ENSRNOG00000009233",276
"ENSRNOG00000065366",1137
"ENSRNOG00000046848",174
"ENSRNOG00000027728",746
"ENSRNOG00000030551",17
"ENSRNOG00000009506",453
"ENSRNOG00000008363",0
"ENSRNOG00000043223",74
"ENSRNOG00000010240",754
"ENSRNOG00000025184",310
"ENSRNOG00000054863",0
"ENSRNOG00000045905",9
"ENSRNOG00000010545",2
"ENSRNOG00000010060",218
"ENSRNOG00000048919",4
"ENSRNOG00000010608",159
"ENSRNOG00000028036",231
"ENSRNOG00000047468",0
"ENSRNOG00000056092",0
"ENSRNOG00000010694",855
"ENSRNOG00000010802",98
"ENSRNOG00000062992",80
"ENSRNOG00000011491",1542
"ENSRNOG00000008990",1139
"ENSRNOG00000024336",870
"ENSRNOG00000022456",0
"ENSRNOG00000014871",0
"ENSRNOG00000010942",118
"ENSRNOG00000007038",0
"ENSRNOG00000069443",38
"ENSRNOG00000010699",1
"ENSRNOG00000026951",945
"ENSRNOG00000013889",3839
"ENSRNOG00000030098",7
"ENSRNOG00000011241",277
"ENSRNOG00000011071",73
"ENSRNOG00000009043",0
"ENSRNOG00000009599",19
"ENSRNOG00000064384",0
"ENSRNOG00000008919",6
"ENSRNOG00000009203",1
"ENSRNOG00000009613",2
"ENSRNOG00000011348",600
"ENSRNOG00000005923",1982
"ENSRNOG00000014543",2003
"ENSRNOG00000011501",5426
"ENSRNOG00000008865",202
"ENSRNOG00000006792",368
"ENSRNOG00000022847",669
"ENSRNOG00000018153",2166
"ENSRNOG00000009515",290
"ENSRNOG00000020733",0
"ENSRNOG00000024863",277
"ENSRNOG00000037171",1
"ENSRNOG00000023330",6
"ENSRNOG00000029649",0
"ENSRNOG00000019894",0
"ENSRNOG00000023214",24
"ENSRNOG00000011162",50
"ENSRNOG00000067317",1115
"ENSRNOG00000061247",10
"ENSRNOG00000037175",3
"ENSRNOG00000023861",14
"ENSRNOG00000021091",17
"ENSRNOG00000031660",0
"ENSRNOG00000006324",40
"ENSRNOG00000008490",249
"ENSRNOG00000010480",6
"ENSRNOG00000010496",309
"ENSRNOG00000013937",0
"ENSRNOG00000020748",6491
"ENSRNOG00000011585",1
"ENSRNOG00000008607",278
"ENSRNOG00000010887",258
"ENSRNOG00000053034",1
"ENSRNOG00000010921",189
"ENSRNOG00000043085",0
"ENSRNOG00000031522",0
"ENSRNOG00000009729",772
"ENSRNOG00000013794",3
"ENSRNOG00000013932",0
"ENSRNOG00000052334",0
"ENSRNOG00000061716",0
"ENSRNOG00000060532",0
"ENSRNOG00000064258",79
"ENSRNOG00000069577",2613
"ENSRNOG00000069622",1
"ENSRNOG00000068297",0
"ENSRNOG00000009878",6400
"ENSRNOG00000065106",0
"ENSRNOG00000061167",0
"ENSRNOG00000030856",0
"ENSRNOG00000052850",0
"ENSRNOG00000016413",2
"ENSRNOG00000054859",0
"ENSRNOG00000059339",2
"ENSRNOG00000034283",0
"ENSRNOG00000064805",1
"ENSRNOG00000010999",220
"ENSRNOG00000061688",0
"ENSRNOG00000011922",1562
"ENSRNOG00000026489",0
"ENSRNOG00000067629",0
"ENSRNOG00000020579",0
"ENSRNOG00000014060",1961
"ENSRNOG00000058606",5
"ENSRNOG00000009054",3
"ENSRNOG00000065153",0
"ENSRNOG00000060736",0
"ENSRNOG00000055845",0
"ENSRNOG00000011455",529
"ENSRNOG00000031523",0
"ENSRNOG00000051847",0
"ENSRNOG00000057204",2
"ENSRNOG00000060932",0
"ENSRNOG00000054457",0
"ENSRNOG00000030845",0
"ENSRNOG00000033654",0
"ENSRNOG00000014477",9
"ENSRNOG00000015233",761
"ENSRNOG00000067864",6
"ENSRNOG00000026643",385
"ENSRNOG00000027099",77
"ENSRNOG00000052161",0
"ENSRNOG00000068004",0
"ENSRNOG00000057682",2
"ENSRNOG00000070154",70
"ENSRNOG00000070900",0
"ENSRNOG00000054837",0
"ENSRNOG00000039922",0
"ENSRNOG00000010277",1631
"ENSRNOG00000037167",0
"ENSRNOG00000030069",45
"ENSRNOG00000054664",0
"ENSRNOG00000065634",0
"ENSRNOG00000039919",0
"ENSRNOG00000052797",0
"ENSRNOG00000052063",0
"ENSRNOG00000052082",0
"ENSRNOG00000067805",0
"ENSRNOG00000055151",0
"ENSRNOG00000035561",0
"ENSRNOG00000006577",0
"ENSRNOG00000069451",0
"ENSRNOG00000005713",181
"ENSRNOG00000035484",0
"ENSRNOG00000070961",0
"ENSRNOG00000029029",2
"ENSRNOG00000035478",0
"ENSRNOG00000013265",4000
"ENSRNOG00000035502",0
"ENSRNOG00000069944",0
"ENSRNOG00000005879",2501
"ENSRNOG00000056387",0
"ENSRNOG00000011381",1
"ENSRNOG00000063093",0
"ENSRNOG00000035522",0
"ENSRNOG00000029054",0
"ENSRNOG00000036531",0
"ENSRNOG00000064567",0
"ENSRNOG00000035548",1
"ENSRNOG00000069547",0
"ENSRNOG00000050242",0
"ENSRNOG00000067642",0
"ENSRNOG00000035550",0
"ENSRNOG00000066551",0
"ENSRNOG00000050956",0
"ENSRNOG00000069259",0
"ENSRNOG00000035456",0
"ENSRNOG00000052305",623
"ENSRNOG00000035582",0
"ENSRNOG00000033025",0
"ENSRNOG00000065818",0
"ENSRNOG00000035607",0
"ENSRNOG00000033839",0
"ENSRNOG00000047361",0
"ENSRNOG00000066231",0
"ENSRNOG00000035641",0
"ENSRNOG00000010434",770
"ENSRNOG00000028864",0
"ENSRNOG00000069060",0
"ENSRNOG00000030569",0
"ENSRNOG00000065222",0
"ENSRNOG00000000204",1697
"ENSRNOG00000006428",0
"ENSRNOG00000013271",1863
"ENSRNOG00000030965",0
"ENSRNOG00000063435",0
"ENSRNOG00000006439",0
"ENSRNOG00000066216",0
"ENSRNOG00000064460",0
"ENSRNOG00000067509",0
"ENSRNOG00000037305",0
"ENSRNOG00000068702",1
"ENSRNOG00000028869",1
"ENSRNOG00000027052",2
"ENSRNOG00000012123",218
"ENSRNOG00000008487",1950
"ENSRNOG00000019390",3
"ENSRNOG00000062569",0
"ENSRNOG00000051142",0
"ENSRNOG00000005955",13
"ENSRNOG00000064642",0
"ENSRNOG00000071182",0
"ENSRNOG00000019404",3
"ENSRNOG00000066152",0
"ENSRNOG00000011563",0
"ENSRNOG00000013585",113
"ENSRNOG00000051115",0
"ENSRNOG00000063981",0
"ENSRNOG00000032884",0
"ENSRNOG00000020737",382
"ENSRNOG00000067160",0
"ENSRNOG00000064411",0
"ENSRNOG00000066589",0
"ENSRNOG00000063401",0
"ENSRNOG00000018645",10297
"ENSRNOG00000070596",0
"ENSRNOG00000024200",0
"ENSRNOG00000063172",0
"ENSRNOG00000012237",1590
"ENSRNOG00000026629",0
"ENSRNOG00000064467",0
"ENSRNOG00000008972",0
"ENSRNOG00000068253",0
"ENSRNOG00000067404",0
"ENSRNOG00000006713",40
"ENSRNOG00000018700",0
"ENSRNOG00000062318",0
"ENSRNOG00000012386",1833
"ENSRNOG00000006584",0
"ENSRNOG00000065961",0
"ENSRNOG00000020853",1237
"ENSRNOG00000063219",0
"ENSRNOG00000068805",0
"ENSRNOG00000063030",0
"ENSRNOG00000068293",0
"ENSRNOG00000042061",3
"ENSRNOG00000070365",0
"ENSRNOG00000068168",0
"ENSRNOG00000062711",0
"ENSRNOG00000020862",1587
"ENSRNOG00000019382",420
"ENSRNOG00000070533",0
"ENSRNOG00000012480",597
"ENSRNOG00000063967",0
"ENSRNOG00000031423",0
"ENSRNOG00000045713",0
"ENSRNOG00000067825",0
"ENSRNOG00000011446",1
"ENSRNOG00000017704",3298
"ENSRNOG00000064393",0
"ENSRNOG00000011663",259
"ENSRNOG00000006684",580
"ENSRNOG00000066528",0
"ENSRNOG00000067064",0
"ENSRNOG00000014588",371
"ENSRNOG00000067386",0
"ENSRNOG00000064893",0
"ENSRNOG00000047917",0
"ENSRNOG00000062368",0
"ENSRNOG00000033026",0
"ENSRNOG00000026232",0
"ENSRNOG00000067908",0
"ENSRNOG00000068076",0
"ENSRNOG00000039239",0
"ENSRNOG00000067226",0
"ENSRNOG00000065186",172
"ENSRNOG00000064473",0
"ENSRNOG00000010149",870
"ENSRNOG00000067711",0
"ENSRNOG00000032473",0
"ENSRNOG00000039238",0
"ENSRNOG00000063358",0
"ENSRNOG00000039236",0
"ENSRNOG00000025767",0
"ENSRNOG00000055420",0
"ENSRNOG00000068706",0
"ENSRNOG00000014746",346
"ENSRNOG00000070773",0
"ENSRNOG00000020981",1
"ENSRNOG00000038477",0
"ENSRNOG00000069258",0
"ENSRNOG00000071168",0
"ENSRNOG00000031942",0
"ENSRNOG00000066234",0
"ENSRNOG00000032238",869
"ENSRNOG00000067373",0
"ENSRNOG00000066601",0
"ENSRNOG00000015370",0
"ENSRNOG00000070792",0
"ENSRNOG00000069888",0
"ENSRNOG00000056873",0
"ENSRNOG00000012470",325
"ENSRNOG00000066959",0
"ENSRNOG00000011909",208
"ENSRNOG00000067945",74
"ENSRNOG00000056476",1
"ENSRNOG00000066696",0
"ENSRNOG00000047853",337
"ENSRNOG00000067592",0
"ENSRNOG00000052349",0
"ENSRNOG00000058082",0
"ENSRNOG00000013493",729
"ENSRNOG00000048802",0
"ENSRNOG00000064020",0
"ENSRNOG00000020356",444
"ENSRNOG00000018797",20
"ENSRNOG00000058978",0
"ENSRNOG00000069214",1
"ENSRNOG00000047382",0
"ENSRNOG00000070209",0
"ENSRNOG00000059611",0
"ENSRNOG00000053820",14
"ENSRNOG00000012106",106
"ENSRNOG00000069484",0
"ENSRNOG00000053238",0
"ENSRNOG00000069965",0
"ENSRNOG00000008048",161
"ENSRNOG00000010386",2235
"ENSRNOG00000010096",570
"ENSRNOG00000038864",115
"ENSRNOG00000059654",6
"ENSRNOG00000006363",0
"ENSRNOG00000057454",0
"ENSRNOG00000065164",1
"ENSRNOG00000007266",0
"ENSRNOG00000005918",113
"ENSRNOG00000068947",0
"ENSRNOG00000042259",0
"ENSRNOG00000022376",0
"ENSRNOG00000062517",217
"ENSRNOG00000020608",186
"ENSRNOG00000042940",1
"ENSRNOG00000018812",163
"ENSRNOG00000015333",27
"ENSRNOG00000014383",0
"ENSRNOG00000020519",411
"ENSRNOG00000054780",0
"ENSRNOG00000070028",48
"ENSRNOG00000061240",0
"ENSRNOG00000031779",0
"ENSRNOG00000051988",1
"ENSRNOG00000050216",0
"ENSRNOG00000053404",3
"ENSRNOG00000070285",2232
"ENSRNOG00000062056",1
"ENSRNOG00000020679",1538
"ENSRNOG00000020880",347
"ENSRNOG00000007865",0
"ENSRNOG00000049128",1489
"ENSRNOG00000042078",4
"ENSRNOG00000017600",989
"ENSRNOG00000020694",51
"ENSRNOG00000012862",115
"ENSRNOG00000065686",7
"ENSRNOG00000064920",0
"ENSRNOG00000020891",17
"ENSRNOG00000018711",0
"ENSRNOG00000015869",810
"ENSRNOG00000013829",0
"ENSRNOG00000064355",347
"ENSRNOG00000014801",124
"ENSRNOG00000017382",1727
"ENSRNOG00000069661",622
"ENSRNOG00000016173",0
"ENSRNOG00000029195",39
"ENSRNOG00000042140",3
"ENSRNOG00000016384",66
"ENSRNOG00000020474",256
"ENSRNOG00000029773",664
"ENSRNOG00000022704",21
"ENSRNOG00000019363",46
"ENSRNOG00000020619",2997
"ENSRNOG00000064941",32
"ENSRNOG00000054008",83
"ENSRNOG00000060723",2126
"ENSRNOG00000020361",344
"ENSRNOG00000020915",2367
"ENSRNOG00000042519",2533
"ENSRNOG00000020878",399
"ENSRNOG00000014168",633
"ENSRNOG00000016905",1091
"ENSRNOG00000030386",1
"ENSRNOG00000018577",116
"ENSRNOG00000015049",0
"ENSRNOG00000047984",363
"ENSRNOG00000029194",868
"ENSRNOG00000068932",0
"ENSRNOG00000064984",11
"ENSRNOG00000018786",49
"ENSRNOG00000054902",167
"ENSRNOG00000024934",846
"ENSRNOG00000019492",123
"ENSRNOG00000018848",403
"ENSRNOG00000009945",4
"ENSRNOG00000049083",0
"ENSRNOG00000066029",0
"ENSRNOG00000013634",937
"ENSRNOG00000010027",383
"ENSRNOG00000050214",187
"ENSRNOG00000009161",730
"ENSRNOG00000027109",12
"ENSRNOG00000066967",0
"ENSRNOG00000017208",19
"ENSRNOG00000032908",153
"ENSRNOG00000042951",455
"ENSRNOG00000019355",1
"ENSRNOG00000065187",12
"ENSRNOG00000015336",7
"ENSRNOG00000013802",867
"ENSRNOG00000006864",237
"ENSRNOG00000008210",0
"ENSRNOG00000064714",14
"ENSRNOG00000030183",7714
"ENSRNOG00000027880",73
"ENSRNOG00000007862",627
"ENSRNOG00000048978",265
"ENSRNOG00000008981",3059
"ENSRNOG00000014529",623
"ENSRNOG00000022702",667
"ENSRNOG00000032085",2
"ENSRNOG00000015149",4
"ENSRNOG00000069604",1
"ENSRNOG00000009014",44
"ENSRNOG00000008410",126
"ENSRNOG00000067803",22
"ENSRNOG00000008530",67
"ENSRNOG00000019374",1038
"ENSRNOG00000019321",0
"ENSRNOG00000048975",0
"ENSRNOG00000018509",0
"ENSRNOG00000010186",762
"ENSRNOG00000032919",209
"ENSRNOG00000050519",13213
"ENSRNOG00000008219",0
"ENSRNOG00000054172",4610
"ENSRNOG00000048812",5026
"ENSRNOG00000008459",159
"ENSRNOG00000047734",2150
"ENSRNOG00000020656",51
"ENSRNOG00000019271",57
"ENSRNOG00000011027",545
"ENSRNOG00000017460",355
"ENSRNOG00000009005",218
"ENSRNOG00000008312",4
"ENSRNOG00000020667",2701
"ENSRNOG00000000219",1024
"ENSRNOG00000008593",1015
"ENSRNOG00000020936",0
"ENSRNOG00000008074",7
"ENSRNOG00000020946",110
"ENSRNOG00000010940",656
"ENSRNOG00000022540",285
"ENSRNOG00000007442",1552
"ENSRNOG00000020670",163
"ENSRNOG00000050690",0
"ENSRNOG00000033433",152
"ENSRNOG00000010951",824
"ENSRNOG00000022845",23
"ENSRNOG00000042660",1
"ENSRNOG00000043167",40
"ENSRNOG00000010260",1013
"ENSRNOG00000025881",1256
"ENSRNOG00000011478",34
"ENSRNOG00000054635",0
"ENSRNOG00000052634",8
"ENSRNOG00000026577",0
"ENSRNOG00000016512",22
"ENSRNOG00000026455",512
"ENSRNOG00000023021",908
"ENSRNOG00000066638",161
"ENSRNOG00000022999",389
"ENSRNOG00000008400",1025
"ENSRNOG00000030688",13
"ENSRNOG00000010196",3859
"ENSRNOG00000009789",532
"ENSRNOG00000051792",1032
"ENSRNOG00000019317",0
"ENSRNOG00000011435",136
"ENSRNOG00000011820",99
"ENSRNOG00000010524",5024
"ENSRNOG00000018689",1006
"ENSRNOG00000018552",246
"ENSRNOG00000010911",891
"ENSRNOG00000018982",3
"ENSRNOG00000047873",212
"ENSRNOG00000004135",231
"ENSRNOG00000009887",1807
"ENSRNOG00000013171",0
"ENSRNOG00000060356",150
"ENSRNOG00000068525",0
"ENSRNOG00000013136",822
"ENSRNOG00000068374",254
"ENSRNOG00000005426",237
"ENSRNOG00000011201",50
"ENSRNOG00000054468",169
"ENSRNOG00000062699",0
"ENSRNOG00000025643",0
"ENSRNOG00000006490",4975
"ENSRNOG00000004050",453
"ENSRNOG00000004320",119
"ENSRNOG00000026112",3
"ENSRNOG00000011595",227
"ENSRNOG00000004344",2367
"ENSRNOG00000017193",169
"ENSRNOG00000060337",30
"ENSRNOG00000012438",22
"ENSRNOG00000019136",2289
"ENSRNOG00000037085",17
"ENSRNOG00000032027",189
"ENSRNOG00000038459",112
"ENSRNOG00000019262",934
"ENSRNOG00000018671",690
"ENSRNOG00000053687",4
"ENSRNOG00000019500",43
"ENSRNOG00000062710",69
"ENSRNOG00000063877",2
"ENSRNOG00000009450",3
"ENSRNOG00000019007",4928
"ENSRNOG00000033608",2831
"ENSRNOG00000018816",3913
"ENSRNOG00000019481",0
"ENSRNOG00000010252",2218
"ENSRNOG00000019472",0
"ENSRNOG00000019428",72
"ENSRNOG00000006311",1
"ENSRNOG00000009029",5841
"ENSRNOG00000006336",370
"ENSRNOG00000009332",5
"ENSRNOG00000019579",634
"ENSRNOG00000006319",10
"ENSRNOG00000070150",0
"ENSRNOG00000070499",277
"ENSRNOG00000006620",0
"ENSRNOG00000030126",493
"ENSRNOG00000019677",112
"ENSRNOG00000016942",863
"ENSRNOG00000018898",437
"ENSRNOG00000062987",66
"ENSRNOG00000070915",0
"ENSRNOG00000022382",1398
"ENSRNOG00000068642",0
"ENSRNOG00000032254",985
"ENSRNOG00000006244",129
"ENSRNOG00000006730",0
"ENSRNOG00000053753",95
"ENSRNOG00000006736",0
"ENSRNOG00000018047",355
"ENSRNOG00000030654",584
"ENSRNOG00000063127",0
"ENSRNOG00000049115",0
"ENSRNOG00000034089",4
"ENSRNOG00000063332",1
"ENSRNOG00000013013",1052
"ENSRNOG00000004760",376
"ENSRNOG00000004837",603
"ENSRNOG00000015257",1233
"ENSRNOG00000013874",8704
"ENSRNOG00000009173",217
"ENSRNOG00000063389",0
"ENSRNOG00000013610",1
"ENSRNOG00000005149",524
"ENSRNOG00000014080",1424
"ENSRNOG00000006010",0
"ENSRNOG00000047457",0
"ENSRNOG00000025676",12
"ENSRNOG00000068512",0
"ENSRNOG00000034272",941
"ENSRNOG00000004104",62
"ENSRNOG00000025554",529
"ENSRNOG00000004540",34
"ENSRNOG00000046257",565
"ENSRNOG00000010176",995
"ENSRNOG00000000221",324
"ENSRNOG00000019350",0
"ENSRNOG00000004085",448
"ENSRNOG00000011619",1456
"ENSRNOG00000004743",0
"ENSRNOG00000025601",0
"ENSRNOG00000022081",5
"ENSRNOG00000032531",0
"ENSRNOG00000009157",195
"ENSRNOG00000071140",1
"ENSRNOG00000047133",38
"ENSRNOG00000069781",0
"ENSRNOG00000014164",1
"ENSRNOG00000012119",59
"ENSRNOG00000011302",1226
"ENSRNOG00000007687",443
"ENSRNOG00000006723",648
"ENSRNOG00000071217",62
"ENSRNOG00000023129",129
"ENSRNOG00000003825",1184
"ENSRNOG00000018931",283
"ENSRNOG00000028330",977
"ENSRNOG00000021294",0
"ENSRNOG00000017256",9
"ENSRNOG00000016623",7
"ENSRNOG00000042889",5
"ENSRNOG00000011740",1277
"ENSRNOG00000022894",1190
"ENSRNOG00000064735",1
"ENSRNOG00000019476",2253
"ENSRNOG00000022812",518
"ENSRNOG00000012959",1412
"ENSRNOG00000019592",2
"ENSRNOG00000012502",1010
"ENSRNOG00000016866",132
"ENSRNOG00000019648",5740
"ENSRNOG00000024562",1026
"ENSRNOG00000013508",6652
"ENSRNOG00000019622",3041
"ENSRNOG00000013583",83
"ENSRNOG00000019495",0
"ENSRNOG00000003357",105217
"ENSRNOG00000019557",0
"ENSRNOG00000024688",55
"ENSRNOG00000052979",2
"ENSRNOG00000003736",13932
"ENSRNOG00000018185",1
"ENSRNOG00000023238",933
"ENSRNOG00000056246",1921
"ENSRNOG00000019635",557
"ENSRNOG00000038738",0
"ENSRNOG00000018998",1666
"ENSRNOG00000028557",139
"ENSRNOG00000019079",374
"ENSRNOG00000018395",998
"ENSRNOG00000019085",2368
"ENSRNOG00000019195",245
"ENSRNOG00000048320",2080
"ENSRNOG00000014079",4220
"ENSRNOG00000019332",779
"ENSRNOG00000016269",2967
"ENSRNOG00000012375",220
"ENSRNOG00000018863",137
"ENSRNOG00000015416",52
"ENSRNOG00000013388",526
"ENSRNOG00000018949",5
"ENSRNOG00000018740",2694
"ENSRNOG00000062384",10
"ENSRNOG00000068276",0
"ENSRNOG00000062838",0
"ENSRNOG00000066510",0
"ENSRNOG00000061867",0
"ENSRNOG00000019598",1468
"ENSRNOG00000060287",0
"ENSRNOG00000053138",0
"ENSRNOG00000068545",0
"ENSRNOG00000047247",7909
"ENSRNOG00000054342",0
"ENSRNOG00000056745",0
"ENSRNOG00000053344",0
"ENSRNOG00000065549",0
"ENSRNOG00000068629",0
"ENSRNOG00000057405",0
"ENSRNOG00000053170",0
"ENSRNOG00000061208",0
"ENSRNOG00000012663",113
"ENSRNOG00000068091",0
"ENSRNOG00000053211",0
"ENSRNOG00000059737",0
"ENSRNOG00000059892",0
"ENSRNOG00000058013",0
"ENSRNOG00000053280",0
"ENSRNOG00000061820",0
"ENSRNOG00000012924",236
"ENSRNOG00000052012",0
"ENSRNOG00000052890",0
"ENSRNOG00000025808",144
"ENSRNOG00000055876",0
"ENSRNOG00000063147",0
"ENSRNOG00000066032",6
"ENSRNOG00000065169",0
"ENSRNOG00000011677",936
"ENSRNOG00000060877",0
"ENSRNOG00000051613",0
"ENSRNOG00000057549",0
"ENSRNOG00000061387",0
"ENSRNOG00000019734",323
"ENSRNOG00000052748",0
"ENSRNOG00000053524",0
"ENSRNOG00000070942",0
"ENSRNOG00000060216",0
"ENSRNOG00000055464",0
"ENSRNOG00000053322",0
"ENSRNOG00000057259",1
"ENSRNOG00000062628",0
"ENSRNOG00000061323",0
"ENSRNOG00000019743",958
"ENSRNOG00000019871",0
"ENSRNOG00000052808",0
"ENSRNOG00000056414",0
"ENSRNOG00000065829",2
"ENSRNOG00000054221",0
"ENSRNOG00000059692",0
"ENSRNOG00000033672",0
"ENSRNOG00000057508",0
"ENSRNOG00000070445",1
"ENSRNOG00000067836",0
"ENSRNOG00000063837",0
"ENSRNOG00000054100",0
"ENSRNOG00000061136",0
"ENSRNOG00000071007",0
"ENSRNOG00000026025",0
"ENSRNOG00000051422",0
"ENSRNOG00000069585",0
"ENSRNOG00000056965",0
"ENSRNOG00000051703",8
"ENSRNOG00000056839",1
"ENSRNOG00000064550",0
"ENSRNOG00000042497",0
"ENSRNOG00000061680",48
"ENSRNOG00000070147",0
"ENSRNOG00000064914",0
"ENSRNOG00000019963",7
"ENSRNOG00000051910",0
"ENSRNOG00000066347",0
"ENSRNOG00000055077",0
"ENSRNOG00000064080",1352
"ENSRNOG00000057648",0
"ENSRNOG00000018273",2523
"ENSRNOG00000068501",0
"ENSRNOG00000051658",0
"ENSRNOG00000053713",0
"ENSRNOG00000054554",0
"ENSRNOG00000060984",14
"ENSRNOG00000054500",0
"ENSRNOG00000019975",1911
"ENSRNOG00000051493",1
"ENSRNOG00000052997",0
"ENSRNOG00000057694",0
"ENSRNOG00000064448",0
"ENSRNOG00000051685",0
"ENSRNOG00000053947",0
"ENSRNOG00000053750",0
"ENSRNOG00000019474",5
"ENSRNOG00000055019",0
"ENSRNOG00000058076",0
"ENSRNOG00000063445",0
"ENSRNOG00000052045",0
"ENSRNOG00000019511",1385
"ENSRNOG00000067176",0
"ENSRNOG00000056080",0
"ENSRNOG00000070466",0
"ENSRNOG00000056367",0
"ENSRNOG00000057725",0
"ENSRNOG00000058339",0
"ENSRNOG00000054529",8
"ENSRNOG00000053606",40
"ENSRNOG00000051897",0
"ENSRNOG00000055628",0
"ENSRNOG00000055016",0
"ENSRNOG00000059249",0
"ENSRNOG00000051992",1
"ENSRNOG00000019752",328
"ENSRNOG00000068294",0
"ENSRNOG00000019953",965
"ENSRNOG00000060945",0
"ENSRNOG00000061591",0
"ENSRNOG00000057331",0
"ENSRNOG00000061666",4
"ENSRNOG00000020083",605
"ENSRNOG00000010174",51
"ENSRNOG00000064727",218
"ENSRNOG00000066866",2164
"ENSRNOG00000019834",23163
"ENSRNOG00000071096",0
"ENSRNOG00000060095",0
"ENSRNOG00000020254",1017
"ENSRNOG00000066414",16
"ENSRNOG00000070018",322
"ENSRNOG00000064659",0
"ENSRNOG00000069232",97
"ENSRNOG00000068250",117
"ENSRNOG00000070710",0
"ENSRNOG00000019907",600
"ENSRNOG00000013257",11
"ENSRNOG00000065032",0
"ENSRNOG00000063606",0
"ENSRNOG00000063759",6
"ENSRNOG00000019900",88
"ENSRNOG00000064760",3
"ENSRNOG00000068790",0
"ENSRNOG00000064857",130
"ENSRNOG00000067557",0
"ENSRNOG00000049785",745
"ENSRNOG00000064017",89
"ENSRNOG00000047218",26
"ENSRNOG00000052844",0
"ENSRNOG00000064420",0
"ENSRNOG00000069207",6
"ENSRNOG00000062764",14
"ENSRNOG00000068669",0
"ENSRNOG00000003242",700
"ENSRNOG00000062818",0
"ENSRNOG00000068089",1
"ENSRNOG00000069708",8
"ENSRNOG00000019961",2
"ENSRNOG00000064695",217
"ENSRNOG00000071018",2
"ENSRNOG00000065569",0
"ENSRNOG00000069650",4
"ENSRNOG00000069108",67
"ENSRNOG00000010232",3
"ENSRNOG00000019892",1175
"ENSRNOG00000065393",2
"ENSRNOG00000065180",0
"ENSRNOG00000048651",2
"ENSRNOG00000066291",0
"ENSRNOG00000064678",0
"ENSRNOG00000063246",0
"ENSRNOG00000010592",46
"ENSRNOG00000067466",0
"ENSRNOG00000064625",2
"ENSRNOG00000064843",2314
"ENSRNOG00000068597",0
"ENSRNOG00000047223",0
"ENSRNOG00000066918",159
"ENSRNOG00000063871",6
"ENSRNOG00000068218",211
"ENSRNOG00000046479",141
"ENSRNOG00000067937",3
"ENSRNOG00000025693",0
"ENSRNOG00000063619",1931
"ENSRNOG00000067085",0
"ENSRNOG00000066608",31
"ENSRNOG00000064267",0
"ENSRNOG00000048509",1567
"ENSRNOG00000063382",2
"ENSRNOG00000067476",9
"ENSRNOG00000025691",0
"ENSRNOG00000067231",41
"ENSRNOG00000021384",93
"ENSRNOG00000019926",119
"ENSRNOG00000065512",5
"ENSRNOG00000065261",227
"ENSRNOG00000064212",0
"ENSRNOG00000069534",0
"ENSRNOG00000067510",46
"ENSRNOG00000062778",0
"ENSRNOG00000067543",0
"ENSRNOG00000012689",0
"ENSRNOG00000048411",275
"ENSRNOG00000066315",0
"ENSRNOG00000020355",658
"ENSRNOG00000070970",0
"ENSRNOG00000065623",0
"ENSRNOG00000064815",187
"ENSRNOG00000066163",0
"ENSRNOG00000065056",0
"ENSRNOG00000066640",1
"ENSRNOG00000057291",3
"ENSRNOG00000020115",562
"ENSRNOG00000063266",18
"ENSRNOG00000012331",127
"ENSRNOG00000020153",331
"ENSRNOG00000064128",1055
"ENSRNOG00000068999",74
"ENSRNOG00000070271",105
"ENSRNOG00000068041",0
"ENSRNOG00000069857",197
"ENSRNOG00000066727",0
"ENSRNOG00000070944",362
"ENSRNOG00000045605",941
"ENSRNOG00000064410",4
"ENSRNOG00000025079",260
"ENSRNOG00000066791",0
"ENSRNOG00000062524",0
"ENSRNOG00000058458",28
"ENSRNOG00000065709",0
"ENSRNOG00000063935",16
"ENSRNOG00000065023",4
"ENSRNOG00000020193",177
"ENSRNOG00000037402",244
"ENSRNOG00000063186",3
"ENSRNOG00000065880",0
"ENSRNOG00000064453",0
"ENSRNOG00000069449",58
"ENSRNOG00000065469",1
"ENSRNOG00000013516",5576
"ENSRNOG00000070837",0
"ENSRNOG00000065306",2
"ENSRNOG00000050509",5
"ENSRNOG00000065392",0
"ENSRNOG00000065407",0
"ENSRNOG00000047456",168
"ENSRNOG00000070735",33
"ENSRNOG00000063123",3
"ENSRNOG00000066026",27
"ENSRNOG00000057332",0
"ENSRNOG00000012708",0
"ENSRNOG00000024717",2
"ENSRNOG00000049983",4
"ENSRNOG00000065695",3
"ENSRNOG00000067328",3
"ENSRNOG00000010350",400
"ENSRNOG00000011825",57
"ENSRNOG00000065697",4
"ENSRNOG00000067920",3
"ENSRNOG00000069302",6
"ENSRNOG00000027091",671
"ENSRNOG00000066507",0
"ENSRNOG00000024878",0
"ENSRNOG00000027035",173
"ENSRNOG00000011022",0
"ENSRNOG00000049221",869
"ENSRNOG00000063386",0
"ENSRNOG00000010185",276
"ENSRNOG00000019316",1295
"ENSRNOG00000068801",50
"ENSRNOG00000067653",0
"ENSRNOG00000020105",43
"ENSRNOG00000063002",0
"ENSRNOG00000010188",592
"ENSRNOG00000066764",0
"ENSRNOG00000058900",0
"ENSRNOG00000017273",100
"ENSRNOG00000011154",0
"ENSRNOG00000066144",3
"ENSRNOG00000049142",700
"ENSRNOG00000070407",0
"ENSRNOG00000057874",0
"ENSRNOG00000047046",678
"ENSRNOG00000068766",1
"ENSRNOG00000062544",0
"ENSRNOG00000057873",0
"ENSRNOG00000067131",0
"ENSRNOG00000047860",0
"ENSRNOG00000052806",0
"ENSRNOG00000053594",0
"ENSRNOG00000013225",0
"ENSRNOG00000016470",764
"ENSRNOG00000054654",0
"ENSRNOG00000063556",4
"ENSRNOG00000049918",1
"ENSRNOG00000058449",2
"ENSRNOG00000052156",1
"ENSRNOG00000016012",4288
"ENSRNOG00000068211",0
"ENSRNOG00000010519",48
"ENSRNOG00000065625",2
"ENSRNOG00000065436",0
"ENSRNOG00000057872",2
"ENSRNOG00000066605",0
"ENSRNOG00000057673",0
"ENSRNOG00000045998",3
"ENSRNOG00000059410",0
"ENSRNOG00000063860",1
"ENSRNOG00000057084",0
"ENSRNOG00000063133",0
"ENSRNOG00000054491",0
"ENSRNOG00000011517",50
"ENSRNOG00000052875",0
"ENSRNOG00000058881",0
"ENSRNOG00000062887",0
"ENSRNOG00000056779",0
"ENSRNOG00000050990",0
"ENSRNOG00000053003",0
"ENSRNOG00000069635",124
"ENSRNOG00000051367",0
"ENSRNOG00000068915",0
"ENSRNOG00000014456",715
"ENSRNOG00000060578",1
"ENSRNOG00000051900",0
"ENSRNOG00000068858",0
"ENSRNOG00000061501",0
"ENSRNOG00000056167",0
"ENSRNOG00000014525",412
"ENSRNOG00000048967",51
"ENSRNOG00000054740",0
"ENSRNOG00000046883",1924
"ENSRNOG00000057108",0
"ENSRNOG00000019763",1
"ENSRNOG00000054171",0
"ENSRNOG00000069851",0
"ENSRNOG00000050121",0
"ENSRNOG00000051624",1770
"ENSRNOG00000064360",0
"ENSRNOG00000065289",0
"ENSRNOG00000065718",0
"ENSRNOG00000057288",0
"ENSRNOG00000004452",0
"ENSRNOG00000061512",0
"ENSRNOG00000012535",0
"ENSRNOG00000061161",0
"ENSRNOG00000070999",0
"ENSRNOG00000050748",2083
"ENSRNOG00000060171",1
"ENSRNOG00000012509",0
"ENSRNOG00000061150",0
"ENSRNOG00000014980",569
"ENSRNOG00000056470",0
"ENSRNOG00000046194",0
"ENSRNOG00000012543",186
"ENSRNOG00000035498",0
"ENSRNOG00000066151",1265
"ENSRNOG00000035455",0
"ENSRNOG00000035571",0
"ENSRNOG00000012467",0
"ENSRNOG00000050999",0
"ENSRNOG00000015594",856
"ENSRNOG00000035562",0
"ENSRNOG00000048462",1786
"ENSRNOG00000049078",0
"ENSRNOG00000035608",1
"ENSRNOG00000023577",622
"ENSRNOG00000055383",11
"ENSRNOG00000035646",0
"ENSRNOG00000013496",0
"ENSRNOG00000024917",0
"ENSRNOG00000013600",0
"ENSRNOG00000016057",2
"ENSRNOG00000066672",0
"ENSRNOG00000069389",100
"ENSRNOG00000049511",573
"ENSRNOG00000013046",1126
"ENSRNOG00000019012",228
"ENSRNOG00000054379",0
"ENSRNOG00000070509",1
"ENSRNOG00000050843",756
"ENSRNOG00000019031",0
"ENSRNOG00000010881",1305
"ENSRNOG00000023557",0
"ENSRNOG00000056226",104
"ENSRNOG00000070844",0
"ENSRNOG00000045623",215
"ENSRNOG00000050543",593
"ENSRNOG00000066154",0
"ENSRNOG00000010728",394
"ENSRNOG00000011987",1323
"ENSRNOG00000046002",869
"ENSRNOG00000020372",654
"ENSRNOG00000046502",1391
"ENSRNOG00000012637",1
"ENSRNOG00000067120",975
"ENSRNOG00000048818",98
"ENSRNOG00000042729",129
"ENSRNOG00000048061",226
"ENSRNOG00000065639",1440
"ENSRNOG00000030345",1270
"ENSRNOG00000013612",0
"ENSRNOG00000067303",0
"ENSRNOG00000000124",1
"ENSRNOG00000048291",185
"ENSRNOG00000046871",621
"ENSRNOG00000049311",0
"ENSRNOG00000064999",249
"ENSRNOG00000020166",0
"ENSRNOG00000069864",0
"ENSRNOG00000014123",0
"ENSRNOG00000063674",1181
"ENSRNOG00000045945",0
"ENSRNOG00000003872",482
"ENSRNOG00000070817",0
"ENSRNOG00000039663",0
"ENSRNOG00000045975",2
"ENSRNOG00000066520",0
"ENSRNOG00000003942",1600
"ENSRNOG00000011642",0
"ENSRNOG00000025603",0
"ENSRNOG00000003991",1
"ENSRNOG00000058742",18
"ENSRNOG00000004001",169
"ENSRNOG00000004076",222
"ENSRNOG00000011823",0
"ENSRNOG00000010100",78
"ENSRNOG00000066935",8
"ENSRNOG00000048329",0
"ENSRNOG00000015983",1051
"ENSRNOG00000024755",0
"ENSRNOG00000046593",1
"ENSRNOG00000013238",183
"ENSRNOG00000052878",0
"ENSRNOG00000048152",637
"ENSRNOG00000013781",650
"ENSRNOG00000052328",2
"ENSRNOG00000068665",0
"ENSRNOG00000033402",86
"ENSRNOG00000012473",415
"ENSRNOG00000025895",1767
"ENSRNOG00000012920",0
"ENSRNOG00000032108",1
"ENSRNOG00000022196",3447
"ENSRNOG00000039650",0
"ENSRNOG00000028595",0
"ENSRNOG00000026195",0
"ENSRNOG00000016446",0
"ENSRNOG00000013318",36
"ENSRNOG00000039651",0
"ENSRNOG00000067388",612
"ENSRNOG00000032740",237
"ENSRNOG00000012045",0
"ENSRNOG00000016119",2784
"ENSRNOG00000051528",133
"ENSRNOG00000015408",0
"ENSRNOG00000002091",930
"ENSRNOG00000012759",22
"ENSRNOG00000031795",0
"ENSRNOG00000065339",217
"ENSRNOG00000015080",418
"ENSRNOG00000064433",0
"ENSRNOG00000063752",2
"ENSRNOG00000055728",156
"ENSRNOG00000066953",579
"ENSRNOG00000068729",2
"ENSRNOG00000013484",2237
"ENSRNOG00000022720",319
"ENSRNOG00000017258",8
"ENSRNOG00000032947",549
"ENSRNOG00000023856",0
"ENSRNOG00000068995",0
"ENSRNOG00000046852",2
"ENSRNOG00000012733",1342
"ENSRNOG00000032289",40
"ENSRNOG00000032822",12070
"ENSRNOG00000016034",1525
"ENSRNOG00000032860",0
"ENSRNOG00000042503",2409
"ENSRNOG00000056847",13
"ENSRNOG00000033803",456
"ENSRNOG00000018904",407
"ENSRNOG00000016486",839
"ENSRNOG00000057499",21
"ENSRNOG00000045532",1
"ENSRNOG00000063618",0
"ENSRNOG00000064370",2
"ENSRNOG00000032306",0
"ENSRNOG00000016361",48
"ENSRNOG00000034177",238
"ENSRNOG00000049127",2767
"ENSRNOG00000037793",0
"ENSRNOG00000064010",0
"ENSRNOG00000032518",83
"ENSRNOG00000067128",3
"ENSRNOG00000013695",195
"ENSRNOG00000014142",538
"ENSRNOG00000022414",1854
"ENSRNOG00000067739",0
"ENSRNOG00000031146",0
"ENSRNOG00000066070",0
"ENSRNOG00000064063",17
"ENSRNOG00000048819",548
"ENSRNOG00000067340",0
"ENSRNOG00000018988",245
"ENSRNOG00000065168",0
"ENSRNOG00000069027",0
"ENSRNOG00000018559",0
"ENSRNOG00000016754",305
"ENSRNOG00000019295",1805
"ENSRNOG00000062529",0
"ENSRNOG00000013587",877
"ENSRNOG00000022614",43
"ENSRNOG00000023172",0
"ENSRNOG00000016886",1039
"ENSRNOG00000023427",13
"ENSRNOG00000021435",170
"ENSRNOG00000051180",881
"ENSRNOG00000016567",0
"ENSRNOG00000056259",0
"ENSRNOG00000065763",0
"ENSRNOG00000032765",228
"ENSRNOG00000064608",38
"ENSRNOG00000030045",0
"ENSRNOG00000020194",291
"ENSRNOG00000016913",377
"ENSRNOG00000012178",738
"ENSRNOG00000030389",0
"ENSRNOG00000014555",32
"ENSRNOG00000056280",0
"ENSRNOG00000062997",0
"ENSRNOG00000037230",97
"ENSRNOG00000069381",1
"ENSRNOG00000019087",411
"ENSRNOG00000002110",477
"ENSRNOG00000031479",18673
"ENSRNOG00000048875",0
"ENSRNOG00000019810",8
"ENSRNOG00000030679",10
"ENSRNOG00000022711",0
"ENSRNOG00000042034",0
"ENSRNOG00000060633",43
"ENSRNOG00000069634",3
"ENSRNOG00000070100",0
"ENSRNOG00000064156",0
"ENSRNOG00000069047",178
"ENSRNOG00000016957",1096
"ENSRNOG00000069191",0
"ENSRNOG00000032398",425
"ENSRNOG00000062796",102
"ENSRNOG00000065093",0
"ENSRNOG00000018351",1677
"ENSRNOG00000068035",21
"ENSRNOG00000011042",14
"ENSRNOG00000065967",0
"ENSRNOG00000070524",0
"ENSRNOG00000015055",50
"ENSRNOG00000052510",0
"ENSRNOG00000017952",9643
"ENSRNOG00000066376",7
"ENSRNOG00000064675",0
"ENSRNOG00000018403",699
"ENSRNOG00000013670",1
"ENSRNOG00000025797",0
"ENSRNOG00000013733",2243
"ENSRNOG00000019128",0
"ENSRNOG00000018639",365
"ENSRNOG00000013792",0
"ENSRNOG00000030738",11
"ENSRNOG00000018697",331
"ENSRNOG00000019043",0
"ENSRNOG00000018051",2224
"ENSRNOG00000022899",0
"ENSRNOG00000018975",3139
"ENSRNOG00000020322",71
"ENSRNOG00000019252",0
"ENSRNOG00000019107",31
"ENSRNOG00000019052",2017
"ENSRNOG00000013461",754
"ENSRNOG00000033923",29
"ENSRNOG00000016888",216
"ENSRNOG00000020138",157
"ENSRNOG00000025527",654
"ENSRNOG00000066227",114
"ENSRNOG00000032659",529
"ENSRNOG00000019243",2024
"ENSRNOG00000038569",0
"ENSRNOG00000018181",1368
"ENSRNOG00000019294",898
"ENSRNOG00000024085",545
"ENSRNOG00000016974",975
"ENSRNOG00000003597",572
"ENSRNOG00000014765",7865
"ENSRNOG00000066987",1
"ENSRNOG00000070697",0
"ENSRNOG00000067248",0
"ENSRNOG00000068571",0
"ENSRNOG00000002789",794
"ENSRNOG00000027916",1
"ENSRNOG00000014597",1157
"ENSRNOG00000067978",0
"ENSRNOG00000011962",160
"ENSRNOG00000010486",3
"ENSRNOG00000042189",6593
"ENSRNOG00000054416",0
"ENSRNOG00000017856",0
"ENSRNOG00000051198",0
"ENSRNOG00000062550",0
"ENSRNOG00000015528",1382
"ENSRNOG00000014119",1349
"ENSRNOG00000025273",0
"ENSRNOG00000012115",0
"ENSRNOG00000068893",3
"ENSRNOG00000014692",47
"ENSRNOG00000064088",1
"ENSRNOG00000023280",354
"ENSRNOG00000071060",3
"ENSRNOG00000011613",897
"ENSRNOG00000049880",0
"ENSRNOG00000066246",0
"ENSRNOG00000022576",263
"ENSRNOG00000015633",1061
"ENSRNOG00000063808",0
"ENSRNOG00000068134",0
"ENSRNOG00000049882",1
"ENSRNOG00000017065",158
"ENSRNOG00000015354",2175
"ENSRNOG00000016719",328
"ENSRNOG00000059237",1
"ENSRNOG00000013727",575
"ENSRNOG00000069721",2
"ENSRNOG00000022723",63
"ENSRNOG00000024468",98
"ENSRNOG00000026280",164
"ENSRNOG00000013977",5142
"ENSRNOG00000011700",2271
"ENSRNOG00000015428",4955
"ENSRNOG00000046714",0
"ENSRNOG00000062352",0
"ENSRNOG00000025768",1508
"ENSRNOG00000011871",876
"ENSRNOG00000031348",1
"ENSRNOG00000070592",10
"ENSRNOG00000033280",32640
"ENSRNOG00000037227",537
"ENSRNOG00000050325",0
"ENSRNOG00000016133",1524
"ENSRNOG00000037225",1281
"ENSRNOG00000023474",0
"ENSRNOG00000053306",1262
"ENSRNOG00000056996",0
"ENSRNOG00000015231",584
"ENSRNOG00000017707",2914
"ENSRNOG00000065530",5
"ENSRNOG00000018214",240
"ENSRNOG00000023993",0
"ENSRNOG00000067413",0
"ENSRNOG00000042111",0
"ENSRNOG00000046515",0
"ENSRNOG00000053200",2327
"ENSRNOG00000069656",1
"ENSRNOG00000017020",111
"ENSRNOG00000068175",0
"ENSRNOG00000011321",0
"ENSRNOG00000049437",2334
"ENSRNOG00000047439",64
"ENSRNOG00000016724",266
"ENSRNOG00000014722",1054
"ENSRNOG00000015460",2
"ENSRNOG00000045587",0
"ENSRNOG00000068934",6
"ENSRNOG00000063425",1
"ENSRNOG00000048567",34
"ENSRNOG00000010283",5
"ENSRNOG00000067240",8
"ENSRNOG00000069615",197
"ENSRNOG00000068779",0
"ENSRNOG00000019850",147
"ENSRNOG00000054129",0
"ENSRNOG00000011803",0
"ENSRNOG00000054699",0
"ENSRNOG00000045775",1160
"ENSRNOG00000062590",1
"ENSRNOG00000013636",177
"ENSRNOG00000013340",5182
"ENSRNOG00000061279",0
"ENSRNOG00000048686",0
"ENSRNOG00000013446",412
"ENSRNOG00000015439",2710
"ENSRNOG00000011453",21
"ENSRNOG00000014851",61
"ENSRNOG00000053945",1029
"ENSRNOG00000017237",0
"ENSRNOG00000019946",1059
"ENSRNOG00000011784",547
"ENSRNOG00000012558",515
"ENSRNOG00000015898",590
"ENSRNOG00000049443",0
"ENSRNOG00000050521",0
"ENSRNOG00000015365",20
"ENSRNOG00000022859",0
"ENSRNOG00000032086",0
"ENSRNOG00000024114",0
"ENSRNOG00000040109",0
"ENSRNOG00000066428",0
"ENSRNOG00000019985",11
"ENSRNOG00000014876",623
"ENSRNOG00000012303",14
"ENSRNOG00000013875",1280
"ENSRNOG00000012679",153
"ENSRNOG00000014837",169
"ENSRNOG00000023548",183
"ENSRNOG00000054963",551
"ENSRNOG00000018059",1
"ENSRNOG00000037376",143
"ENSRNOG00000015278",10322
"ENSRNOG00000012702",600
"ENSRNOG00000023765",0
"ENSRNOG00000031232",4215
"ENSRNOG00000042054",0
"ENSRNOG00000057701",48
"ENSRNOG00000016247",2
"ENSRNOG00000046242",518
"ENSRNOG00000057056",1217
"ENSRNOG00000004719",19
"ENSRNOG00000015992",5
"ENSRNOG00000013554",0
"ENSRNOG00000042360",0
"ENSRNOG00000023923",268
"ENSRNOG00000016196",228
"ENSRNOG00000042181",0
"ENSRNOG00000016388",3
"ENSRNOG00000013578",0
"ENSRNOG00000022066",1232
"ENSRNOG00000068281",0
"ENSRNOG00000027719",113
"ENSRNOG00000013748",0
"ENSRNOG00000017072",322
"ENSRNOG00000012891",4
"ENSRNOG00000069111",0
"ENSRNOG00000046601",1
"ENSRNOG00000063009",6
"ENSRNOG00000015619",1216
"ENSRNOG00000015906",1757
"ENSRNOG00000024272",589
"ENSRNOG00000014987",38
"ENSRNOG00000011849",930
"ENSRNOG00000067364",0
"ENSRNOG00000069638",0
"ENSRNOG00000014319",1265
"ENSRNOG00000024186",3281
"ENSRNOG00000066209",0
"ENSRNOG00000014950",0
"ENSRNOG00000042230",0
"ENSRNOG00000029735",1119
"ENSRNOG00000032926",0
"ENSRNOG00000015297",5
"ENSRNOG00000015386",4
"ENSRNOG00000012424",2
"ENSRNOG00000042581",0
"ENSRNOG00000018521",0
"ENSRNOG00000064739",3
"ENSRNOG00000015402",0
"ENSRNOG00000066469",205
"ENSRNOG00000068377",1
"ENSRNOG00000063607",4
"ENSRNOG00000018584",8155
"ENSRNOG00000014790",0
"ENSRNOG00000016229",1331
"ENSRNOG00000067344",165
"ENSRNOG00000015461",2394
"ENSRNOG00000040095",0
"ENSRNOG00000022804",2284
"ENSRNOG00000018854",2
"ENSRNOG00000018420",0
"ENSRNOG00000067790",8
"ENSRNOG00000049873",686
"ENSRNOG00000018397",20
"ENSRNOG00000070300",27
"ENSRNOG00000024345",610
"ENSRNOG00000069907",16
"ENSRNOG00000018610",890
"ENSRNOG00000017857",1216
"ENSRNOG00000018723",603
"ENSRNOG00000067845",60
"ENSRNOG00000067276",28
"ENSRNOG00000018057",192
"ENSRNOG00000068876",0
"ENSRNOG00000066827",0
"ENSRNOG00000018168",182
"ENSRNOG00000037221",25
"ENSRNOG00000067205",0
"ENSRNOG00000069319",2
"ENSRNOG00000063904",10
"ENSRNOG00000012966",1833
"ENSRNOG00000066982",6
"ENSRNOG00000016963",5098
"ENSRNOG00000062817",17
"ENSRNOG00000070049",7
"ENSRNOG00000069312",22
"ENSRNOG00000046196",9
"ENSRNOG00000068563",6
"ENSRNOG00000015813",3523
"ENSRNOG00000063563",53
"ENSRNOG00000068845",0
"ENSRNOG00000023760",835
"ENSRNOG00000063040",130
"ENSRNOG00000032869",0
"ENSRNOG00000017053",14
"ENSRNOG00000048282",356
"ENSRNOG00000017340",322
"ENSRNOG00000018267",85
"ENSRNOG00000017491",359
"ENSRNOG00000039976",3248
"ENSRNOG00000017297",1634
"ENSRNOG00000049683",2628
"ENSRNOG00000017359",6921
"ENSRNOG00000016349",7
"ENSRNOG00000058652",0
"ENSRNOG00000050318",28
"ENSRNOG00000018613",2
"ENSRNOG00000017521",0
"ENSRNOG00000047306",2
"ENSRNOG00000057256",0
"ENSRNOG00000021525",552
"ENSRNOG00000016655",150
"ENSRNOG00000065863",734
"ENSRNOG00000021159",1670
"ENSRNOG00000019447",0
"ENSRNOG00000016849",3542
"ENSRNOG00000015596",0
"ENSRNOG00000017144",1688
"ENSRNOG00000030020",0
"ENSRNOG00000017495",1256
"ENSRNOG00000016640",5
"ENSRNOG00000017836",236
"ENSRNOG00000033747",628
"ENSRNOG00000018416",2
"ENSRNOG00000016315",1241
"ENSRNOG00000017631",1864
"ENSRNOG00000042468",0
"ENSRNOG00000022800",508
"ENSRNOG00000018232",526
"ENSRNOG00000014212",81
"ENSRNOG00000014666",348
"ENSRNOG00000023807",847
"ENSRNOG00000014678",599
"ENSRNOG00000046343",1
"ENSRNOG00000022598",1454
"ENSRNOG00000013704",0
"ENSRNOG00000014492",2
"ENSRNOG00000032219",0
"ENSRNOG00000014328",153
"ENSRNOG00000014180",1306
"ENSRNOG00000019634",1253
"ENSRNOG00000013866",107
"ENSRNOG00000013557",1147
"ENSRNOG00000066397",4
"ENSRNOG00000015249",339
"ENSRNOG00000055670",0
"ENSRNOG00000013852",492
"ENSRNOG00000019527",0
"ENSRNOG00000014248",12
"ENSRNOG00000049121",443
"ENSRNOG00000050258",3077
"ENSRNOG00000015623",1
"ENSRNOG00000022934",2276
"ENSRNOG00000019463",390
"ENSRNOG00000018372",177
"ENSRNOG00000022769",2589
"ENSRNOG00000067280",0
"ENSRNOG00000027400",0
"ENSRNOG00000018980",1138
"ENSRNOG00000015259",0
"ENSRNOG00000017913",668
"ENSRNOG00000039856",92
"ENSRNOG00000013412",450
"ENSRNOG00000017540",0
"ENSRNOG00000019035",3
"ENSRNOG00000022609",131
"ENSRNOG00000013262",0
"ENSRNOG00000042182",15
"ENSRNOG00000018741",739
"ENSRNOG00000015511",2357
"ENSRNOG00000022911",693
"ENSRNOG00000054475",0
"ENSRNOG00000016653",5
"ENSRNOG00000026175",0
"ENSRNOG00000069358",0
"ENSRNOG00000012205",0
"ENSRNOG00000053030",0
"ENSRNOG00000011124",0
"ENSRNOG00000016962",2
"ENSRNOG00000017557",1
"ENSRNOG00000011841",671
"ENSRNOG00000025418",1287
"ENSRNOG00000011000",192
"ENSRNOG00000048736",1782
"ENSRNOG00000017730",2383
"ENSRNOG00000045947",0
"ENSRNOG00000017611",0
"ENSRNOG00000017206",1222
"ENSRNOG00000029865",0
"ENSRNOG00000045846",50
"ENSRNOG00000017625",13
"ENSRNOG00000053244",0
"ENSRNOG00000047549",16
"ENSRNOG00000027430",97
"ENSRNOG00000069663",43
"ENSRNOG00000016606",8
"ENSRNOG00000047781",59
"ENSRNOG00000070099",0
"ENSRNOG00000066303",5
"ENSRNOG00000050381",257
"ENSRNOG00000011756",1584
"ENSRNOG00000047295",21
"ENSRNOG00000045595",15
"ENSRNOG00000023603",0
"ENSRNOG00000065536",4
"ENSRNOG00000011771",835
"ENSRNOG00000046050",1
"ENSRNOG00000014960",310
"ENSRNOG00000014001",0
"ENSRNOG00000047368",5
"ENSRNOG00000012629",1655
"ENSRNOG00000047052",571
"ENSRNOG00000012709",1955
"ENSRNOG00000063848",2
"ENSRNOG00000023858",0
"ENSRNOG00000065109",31
"ENSRNOG00000013234",740
"ENSRNOG00000055295",296
"ENSRNOG00000046834",9
"ENSRNOG00000013285",860
"ENSRNOG00000016503",348
"ENSRNOG00000013415",5
"ENSRNOG00000047089",313
"ENSRNOG00000016472",0
"ENSRNOG00000063418",1415
"ENSRNOG00000071190",39
"ENSRNOG00000016091",12
"ENSRNOG00000016105",927
"ENSRNOG00000042646",0
"ENSRNOG00000047134",3
"ENSRNOG00000015774",4
"ENSRNOG00000012284",0
"ENSRNOG00000015020",1225
"ENSRNOG00000064877",22
"ENSRNOG00000047628",636
"ENSRNOG00000014162",5473
"ENSRNOG00000015158",2577
"ENSRNOG00000047505",10
"ENSRNOG00000016032",929
"ENSRNOG00000048853",0
"ENSRNOG00000014035",16
"ENSRNOG00000046128",1377
"ENSRNOG00000023467",2710
"ENSRNOG00000062645",2469
"ENSRNOG00000062772",0
"ENSRNOG00000012486",198
"ENSRNOG00000047337",0
"ENSRNOG00000015295",6399
"ENSRNOG00000051015",0
"ENSRNOG00000069918",4
"ENSRNOG00000047730",0
"ENSRNOG00000064862",0
"ENSRNOG00000070059",23
"ENSRNOG00000033341",0
"ENSRNOG00000066502",18
"ENSRNOG00000066561",3
"ENSRNOG00000067046",0
"ENSRNOG00000017265",3137
"ENSRNOG00000064783",0
"ENSRNOG00000014288",400911
"ENSRNOG00000047581",0
"ENSRNOG00000062425",0
"ENSRNOG00000066837",0
"ENSRNOG00000068213",0
"ENSRNOG00000070131",6
"ENSRNOG00000049503",0
"ENSRNOG00000070668",149
"ENSRNOG00000046104",16
"ENSRNOG00000063528",2
"ENSRNOG00000064269",0
"ENSRNOG00000037894",6
"ENSRNOG00000055524",1506
"ENSRNOG00000016995",0
"ENSRNOG00000017129",552
"ENSRNOG00000016660",865
"ENSRNOG00000017757",195
"ENSRNOG00000015366",30
"ENSRNOG00000017188",130
"ENSRNOG00000016151",14
"ENSRNOG00000037835",6
"ENSRNOG00000064008",159
"ENSRNOG00000052376",582
"ENSRNOG00000050430",5
"ENSRNOG00000014956",13
"ENSRNOG00000018162",282
"ENSRNOG00000017996",0
"ENSRNOG00000017248",2
"ENSRNOG00000046254",0
"ENSRNOG00000012207",12780
"ENSRNOG00000014182",9038
"ENSRNOG00000013368",6
"ENSRNOG00000010637",2350
"ENSRNOG00000012942",58
"ENSRNOG00000032991",2
"ENSRNOG00000017409",7
"ENSRNOG00000058626",0
"ENSRNOG00000058260",2
"ENSRNOG00000014399",566
"ENSRNOG00000012618",0
"ENSRNOG00000014806",2627
"ENSRNOG00000046576",1
"ENSRNOG00000022499",281
"ENSRNOG00000011269",0
"ENSRNOG00000010597",63
"ENSRNOG00000018266",9
"ENSRNOG00000015886",105
"ENSRNOG00000018325",758
"ENSRNOG00000063081",0
"ENSRNOG00000019506",478
"ENSRNOG00000012718",921
"ENSRNOG00000050591",1
"ENSRNOG00000023312",13
"ENSRNOG00000018586",977
"ENSRNOG00000023566",2
"ENSRNOG00000062745",0
"ENSRNOG00000014797",1657
"ENSRNOG00000019704",10
"ENSRNOG00000014901",2975
"ENSRNOG00000015248",0
"ENSRNOG00000013213",890
"ENSRNOG00000019587",127
"ENSRNOG00000052570",0
"ENSRNOG00000048239",0
"ENSRNOG00000018464",36
"ENSRNOG00000028362",0
"ENSRNOG00000018467",57
"ENSRNOG00000049330",401
"ENSRNOG00000038085",699
"ENSRNOG00000015382",14
"ENSRNOG00000020038",3300
"ENSRNOG00000020061",12
"ENSRNOG00000018366",21
"ENSRNOG00000028149",1136
"ENSRNOG00000015346",698
"ENSRNOG00000020097",79
"ENSRNOG00000020107",236
"ENSRNOG00000017660",647
"ENSRNOG00000019772",1410
"ENSRNOG00000069992",0
"ENSRNOG00000071002",409
"ENSRNOG00000063437",351
"ENSRNOG00000014718",495
"ENSRNOG00000014289",6635
"ENSRNOG00000014516",1038
"ENSRNOG00000031651",236
"ENSRNOG00000064457",191
"ENSRNOG00000018128",1058
"ENSRNOG00000018830",1057
"ENSRNOG00000018276",43
"ENSRNOG00000016789",1175
"ENSRNOG00000016254",274
"ENSRNOG00000023941",16
"ENSRNOG00000058681",36
"ENSRNOG00000018593",141
"ENSRNOG00000068018",0
"ENSRNOG00000023220",685
"ENSRNOG00000013946",455
"ENSRNOG00000023356",143
"ENSRNOG00000018623",967
"ENSRNOG00000013991",0
"ENSRNOG00000058243",113
"ENSRNOG00000051950",0
"ENSRNOG00000054218",4
"ENSRNOG00000014835",18
"ENSRNOG00000015027",0
"ENSRNOG00000038979",0
"ENSRNOG00000015417",745
"ENSRNOG00000014504",2514
"ENSRNOG00000014013",2507
"ENSRNOG00000028945",0
"ENSRNOG00000024201",25
"ENSRNOG00000015699",591
"ENSRNOG00000014683",87
"ENSRNOG00000012815",222
"ENSRNOG00000061227",0
"ENSRNOG00000013286",637
"ENSRNOG00000016201",461
"ENSRNOG00000013408",26
"ENSRNOG00000047233",0
"ENSRNOG00000023576",360
"ENSRNOG00000011591",4
"ENSRNOG00000038909",1
"ENSRNOG00000015306",0
"ENSRNOG00000067665",2130
"ENSRNOG00000015567",1
"ENSRNOG00000063478",1
"ENSRNOG00000011658",139
"ENSRNOG00000017155",348
"ENSRNOG00000022762",3
"ENSRNOG00000011194",1457
"ENSRNOG00000014378",0
"ENSRNOG00000016447",396
"ENSRNOG00000010370",788
"ENSRNOG00000010668",5341
"ENSRNOG00000059348",2213
"ENSRNOG00000064427",4652
"ENSRNOG00000059485",56
"ENSRNOG00000064621",48
"ENSRNOG00000008111",0
"ENSRNOG00000012840",219780
"ENSRNOG00000026745",0
"ENSRNOG00000009104",896
"ENSRNOG00000009995",434
"ENSRNOG00000042449",542
"ENSRNOG00000002423",490
"ENSRNOG00000002575",272
"ENSRNOG00000002443",904
"ENSRNOG00000012356",332
"ENSRNOG00000021370",0
"ENSRNOG00000002845",0
"ENSRNOG00000026844",0
"ENSRNOG00000066088",30925
"ENSRNOG00000027008",382
"ENSRNOG00000023143",617
"ENSRNOG00000038474",0
"ENSRNOG00000011892",0
"ENSRNOG00000064321",0
"ENSRNOG00000069020",3
"ENSRNOG00000069599",0
"ENSRNOG00000067008",0
"ENSRNOG00000026805",0
"ENSRNOG00000068229",0
"ENSRNOG00000002820",0
"ENSRNOG00000024553",28
"ENSRNOG00000013118",1273
"ENSRNOG00000024535",1572
"ENSRNOG00000068864",0
"ENSRNOG00000002827",0
"ENSRNOG00000013186",3284
"ENSRNOG00000010041",1718
"ENSRNOG00000067204",0
"ENSRNOG00000003815",1460
"ENSRNOG00000065351",0
"ENSRNOG00000068547",0
"ENSRNOG00000054400",278
"ENSRNOG00000071204",0
"ENSRNOG00000014081",0
"ENSRNOG00000070347",3
"ENSRNOG00000043116",0
"ENSRNOG00000038413",0
"ENSRNOG00000002488",1652
"ENSRNOG00000067499",0
"ENSRNOG00000067195",0
"ENSRNOG00000069306",0
"ENSRNOG00000067952",0
"ENSRNOG00000002630",340
"ENSRNOG00000002645",472
"ENSRNOG00000003879",547
"ENSRNOG00000019458",54
"ENSRNOG00000027039",191
"ENSRNOG00000045816",22
"ENSRNOG00000069086",0
"ENSRNOG00000062627",0
"ENSRNOG00000069462",0
"ENSRNOG00000047955",0
"ENSRNOG00000038422",0
"ENSRNOG00000002582",2
"ENSRNOG00000031544",1492
"ENSRNOG00000027259",949
"ENSRNOG00000051868",368
"ENSRNOG00000014712",90
"ENSRNOG00000003975",7241
"ENSRNOG00000033663",756
"ENSRNOG00000065470",0
"ENSRNOG00000062854",0
"ENSRNOG00000069068",0
"ENSRNOG00000002682",102
"ENSRNOG00000002713",576
"ENSRNOG00000070864",28
"ENSRNOG00000064507",0
"ENSRNOG00000064350",1
"ENSRNOG00000067217",33
"ENSRNOG00000070178",0
"ENSRNOG00000068756",26
"ENSRNOG00000069764",14
"ENSRNOG00000003847",335
"ENSRNOG00000062640",14
"ENSRNOG00000067459",9
"ENSRNOG00000063438",0
"ENSRNOG00000066378",68
"ENSRNOG00000055459",1
"ENSRNOG00000052088",0
"ENSRNOG00000065010",0
"ENSRNOG00000064285",1
"ENSRNOG00000026430",0
"ENSRNOG00000070207",0
"ENSRNOG00000070920",0
"ENSRNOG00000023431",142
"ENSRNOG00000066015",0
"ENSRNOG00000067151",372
"ENSRNOG00000069550",0
"ENSRNOG00000060247",0
"ENSRNOG00000022431",65
"ENSRNOG00000055640",0
"ENSRNOG00000065061",0
"ENSRNOG00000071012",220
"ENSRNOG00000057240",6
"ENSRNOG00000069370",0
"ENSRNOG00000062611",0
"ENSRNOG00000062948",0
"ENSRNOG00000069674",3
"ENSRNOG00000061633",0
"ENSRNOG00000065225",6
"ENSRNOG00000058899",0
"ENSRNOG00000002858",0
"ENSRNOG00000054015",0
"ENSRNOG00000065824",0
"ENSRNOG00000053082",0
"ENSRNOG00000068961",0
"ENSRNOG00000054755",0
"ENSRNOG00000068527",11
"ENSRNOG00000061482",0
"ENSRNOG00000064121",2
"ENSRNOG00000022472",114
"ENSRNOG00000052741",0
"ENSRNOG00000051656",0
"ENSRNOG00000064143",85
"ENSRNOG00000063978",114
"ENSRNOG00000055792",2
"ENSRNOG00000004078",139
"ENSRNOG00000065243",1006
"ENSRNOG00000070859",0
"ENSRNOG00000022438",42
"ENSRNOG00000071081",0
"ENSRNOG00000057885",1
"ENSRNOG00000068781",0
"ENSRNOG00000027891",133
"ENSRNOG00000052561",0
"ENSRNOG00000068928",438
"ENSRNOG00000043019",8
"ENSRNOG00000055961",1
"ENSRNOG00000062350",41
"ENSRNOG00000064716",94
"ENSRNOG00000052520",1
"ENSRNOG00000066541",0
"ENSRNOG00000070561",7
"ENSRNOG00000057669",0
"ENSRNOG00000066333",0
"ENSRNOG00000019486",15
"ENSRNOG00000057605",1
"ENSRNOG00000066693",0
"ENSRNOG00000049219",1126
"ENSRNOG00000066339",0
"ENSRNOG00000063383",0
"ENSRNOG00000063269",2
"ENSRNOG00000065502",2
"ENSRNOG00000067337",5
"ENSRNOG00000055550",0
"ENSRNOG00000053179",0
"ENSRNOG00000055743",2
"ENSRNOG00000063722",539
"ENSRNOG00000060659",0
"ENSRNOG00000062516",0
"ENSRNOG00000062916",0
"ENSRNOG00000068240",1
"ENSRNOG00000058532",0
"ENSRNOG00000067006",0
"ENSRNOG00000065892",446
"ENSRNOG00000057512",0
"ENSRNOG00000056543",0
"ENSRNOG00000052147",0
"ENSRNOG00000070989",1
"ENSRNOG00000003129",2397
"ENSRNOG00000061671",1
"ENSRNOG00000069686",0
"ENSRNOG00000063817",0
"ENSRNOG00000061622",0
"ENSRNOG00000043419",21
"ENSRNOG00000066434",0
"ENSRNOG00000054660",0
"ENSRNOG00000057083",0
"ENSRNOG00000067673",1
"ENSRNOG00000066138",0
"ENSRNOG00000056479",0
"ENSRNOG00000067463",0
"ENSRNOG00000002895",70
"ENSRNOG00000067537",2
"ENSRNOG00000069371",0
"ENSRNOG00000052554",1
"ENSRNOG00000062965",12
"ENSRNOG00000065881",0
"ENSRNOG00000060567",0
"ENSRNOG00000053830",0
"ENSRNOG00000069978",15
"ENSRNOG00000053545",0
"ENSRNOG00000059819",0
"ENSRNOG00000052344",0
"ENSRNOG00000055516",0
"ENSRNOG00000070850",271
"ENSRNOG00000056422",9
"ENSRNOG00000070353",0
"ENSRNOG00000052684",0
"ENSRNOG00000051234",0
"ENSRNOG00000003170",48
"ENSRNOG00000059048",0
"ENSRNOG00000056866",0
"ENSRNOG00000066341",1
"ENSRNOG00000054387",0
"ENSRNOG00000053961",164
"ENSRNOG00000059449",0
"ENSRNOG00000068321",0
"ENSRNOG00000055502",0
"ENSRNOG00000054649",0
"ENSRNOG00000020843",1232
"ENSRNOG00000004246",198
"ENSRNOG00000070019",0
"ENSRNOG00000070557",5
"ENSRNOG00000063452",0
"ENSRNOG00000061173",0
"ENSRNOG00000054307",0
"ENSRNOG00000052059",0
"ENSRNOG00000062630",0
"ENSRNOG00000065726",0
"ENSRNOG00000063603",0
"ENSRNOG00000059300",0
"ENSRNOG00000019384",136
"ENSRNOG00000054952",0
"ENSRNOG00000054629",0
"ENSRNOG00000066078",0
"ENSRNOG00000070350",0
"ENSRNOG00000045676",0
"ENSRNOG00000053018",0
"ENSRNOG00000058504",1
"ENSRNOG00000058244",0
"ENSRNOG00000055800",0
"ENSRNOG00000053796",0
"ENSRNOG00000068206",0
"ENSRNOG00000058369",0
"ENSRNOG00000062549",0
"ENSRNOG00000057969",0
"ENSRNOG00000052816",0
"ENSRNOG00000002873",0
"ENSRNOG00000059399",0
"ENSRNOG00000070743",0
"ENSRNOG00000063400",1
"ENSRNOG00000003039",0
"ENSRNOG00000021988",0
"ENSRNOG00000022548",2
"ENSRNOG00000002757",177
"ENSRNOG00000002876",145
"ENSRNOG00000070137",0
"ENSRNOG00000067635",0
"ENSRNOG00000058556",0
"ENSRNOG00000002883",125
"ENSRNOG00000059610",0
"ENSRNOG00000067616",3
"ENSRNOG00000003326",1892
"ENSRNOG00000062744",0
"ENSRNOG00000026647",499
"ENSRNOG00000060046",0
"ENSRNOG00000056736",0
"ENSRNOG00000021796",0
"ENSRNOG00000060616",2
"ENSRNOG00000053569",0
"ENSRNOG00000060220",0
"ENSRNOG00000054213",0
"ENSRNOG00000051730",0
"ENSRNOG00000027368",586
"ENSRNOG00000057012",1
"ENSRNOG00000061736",0
"ENSRNOG00000002928",503
"ENSRNOG00000060502",1
"ENSRNOG00000017907",1361
"ENSRNOG00000063532",0
"ENSRNOG00000057893",0
"ENSRNOG00000054619",0
"ENSRNOG00000056183",0
"ENSRNOG00000042579",5
"ENSRNOG00000052660",1
"ENSRNOG00000057898",0
"ENSRNOG00000062443",0
"ENSRNOG00000055444",0
"ENSRNOG00000058380",0
"ENSRNOG00000066694",1553
"ENSRNOG00000053313",0
"ENSRNOG00000055592",0
"ENSRNOG00000069404",0
"ENSRNOG00000057232",0
"ENSRNOG00000065576",0
"ENSRNOG00000056377",0
"ENSRNOG00000060493",0
"ENSRNOG00000055722",0
"ENSRNOG00000002943",390
"ENSRNOG00000003794",140
"ENSRNOG00000068007",2
"ENSRNOG00000060059",0
"ENSRNOG00000057978",10
"ENSRNOG00000004283",847
"ENSRNOG00000055210",0
"ENSRNOG00000055429",4
"ENSRNOG00000070988",0
"ENSRNOG00000053386",0
"ENSRNOG00000070720",0
"ENSRNOG00000056913",3
"ENSRNOG00000068504",0
"ENSRNOG00000040121",0
"ENSRNOG00000002303",1
"ENSRNOG00000068432",0
"ENSRNOG00000064295",0
"ENSRNOG00000057925",10
"ENSRNOG00000066495",12
"ENSRNOG00000054510",0
"ENSRNOG00000064126",1
"ENSRNOG00000002930",36
"ENSRNOG00000065662",0
"ENSRNOG00000068389",15
"ENSRNOG00000015118",643
"ENSRNOG00000061574",0
"ENSRNOG00000064162",0
"ENSRNOG00000068674",0
"ENSRNOG00000054243",0
"ENSRNOG00000056054",0
"ENSRNOG00000053534",0
"ENSRNOG00000055332",1
"ENSRNOG00000057905",3
"ENSRNOG00000012681",226
"ENSRNOG00000066008",1
"ENSRNOG00000060816",3
"ENSRNOG00000059404",0
"ENSRNOG00000003019",1091
"ENSRNOG00000056979",0
"ENSRNOG00000053152",0
"ENSRNOG00000019477",32
"ENSRNOG00000069639",1
"ENSRNOG00000054431",0
"ENSRNOG00000002912",567
"ENSRNOG00000052485",0
"ENSRNOG00000070400",0
"ENSRNOG00000071058",0
"ENSRNOG00000062553",0
"ENSRNOG00000059688",0
"ENSRNOG00000069935",0
"ENSRNOG00000003065",1451
"ENSRNOG00000066575",0
"ENSRNOG00000002612",351
"ENSRNOG00000003728",244
"ENSRNOG00000037418",6
"ENSRNOG00000029245",0
"ENSRNOG00000068333",0
"ENSRNOG00000003125",948
"ENSRNOG00000031364",1797
"ENSRNOG00000020937",2456
"ENSRNOG00000005009",21
"ENSRNOG00000049768",297
"ENSRNOG00000022771",1193
"ENSRNOG00000037409",0
"ENSRNOG00000020803",7
"ENSRNOG00000004146",545
"ENSRNOG00000055533",4
"ENSRNOG00000065698",0
"ENSRNOG00000024557",40
"ENSRNOG00000021953",0
"ENSRNOG00000004141",2293
"ENSRNOG00000068288",0
"ENSRNOG00000003273",3
"ENSRNOG00000053814",1546
"ENSRNOG00000004608",499
"ENSRNOG00000015210",3
"ENSRNOG00000033653",0
"ENSRNOG00000004766",2828
"ENSRNOG00000063096",0
"ENSRNOG00000068635",0
"ENSRNOG00000002768",0
"ENSRNOG00000021713",596
"ENSRNOG00000067764",0
"ENSRNOG00000015236",0
"ENSRNOG00000003328",1023
"ENSRNOG00000055010",18
"ENSRNOG00000010257",421
"ENSRNOG00000004072",9053
"ENSRNOG00000020970",60
"ENSRNOG00000057040",75
"ENSRNOG00000003773",651
"ENSRNOG00000010363",270
"ENSRNOG00000015873",3
"ENSRNOG00000066620",0
"ENSRNOG00000002407",1669
"ENSRNOG00000020994",1874
"ENSRNOG00000005227",199
"ENSRNOG00000058372",9
"ENSRNOG00000002944",218
"ENSRNOG00000028075",12
"ENSRNOG00000060229",4617
"ENSRNOG00000017912",2
"ENSRNOG00000003495",9755
"ENSRNOG00000012864",415
"ENSRNOG00000004900",0
"ENSRNOG00000003302",955
"ENSRNOG00000003186",147
"ENSRNOG00000062575",0
"ENSRNOG00000070390",2
"ENSRNOG00000042044",381
"ENSRNOG00000003137",0
"ENSRNOG00000002894",700
"ENSRNOG00000053943",1469
"ENSRNOG00000068106",1
"ENSRNOG00000060528",91
"ENSRNOG00000046057",0
"ENSRNOG00000003224",315
"ENSRNOG00000003233",2
"ENSRNOG00000066893",450
"ENSRNOG00000016212",1594
"ENSRNOG00000003332",110
"ENSRNOG00000009006",861
"ENSRNOG00000046143",57
"ENSRNOG00000003348",28
"ENSRNOG00000003873",1836
"ENSRNOG00000017325",0
"ENSRNOG00000006450",507
"ENSRNOG00000027628",882
"ENSRNOG00000009474",768
"ENSRNOG00000054423",77
"ENSRNOG00000009224",133
"ENSRNOG00000003234",2
"ENSRNOG00000017352",2544
"ENSRNOG00000009536",348
"ENSRNOG00000003066",44
"ENSRNOG00000009718",278
"ENSRNOG00000002669",2156
"ENSRNOG00000009611",0
"ENSRNOG00000003506",2152
"ENSRNOG00000009857",218
"ENSRNOG00000017417",14641
"ENSRNOG00000003517",55
"ENSRNOG00000060615",1245
"ENSRNOG00000009667",391
"ENSRNOG00000066553",0
"ENSRNOG00000003544",7
"ENSRNOG00000028341",704
"ENSRNOG00000007227",202
"ENSRNOG00000017657",761
"ENSRNOG00000022022",18
"ENSRNOG00000010038",556
"ENSRNOG00000002755",1965
"ENSRNOG00000028427",175
"ENSRNOG00000005269",0
"ENSRNOG00000017915",637
"ENSRNOG00000068462",0
"ENSRNOG00000003463",2038
"ENSRNOG00000042524",0
"ENSRNOG00000006990",5
"ENSRNOG00000063840",19
"ENSRNOG00000069823",0
"ENSRNOG00000018114",296
"ENSRNOG00000050057",587
"ENSRNOG00000005104",0
"ENSRNOG00000063987",0
"ENSRNOG00000067870",0
"ENSRNOG00000063600",0
"ENSRNOG00000007655",68
"ENSRNOG00000007200",1
"ENSRNOG00000063645",0
"ENSRNOG00000010557",738
"ENSRNOG00000069725",0
"ENSRNOG00000039773",0
"ENSRNOG00000007084",2
"ENSRNOG00000062803",0
"ENSRNOG00000007678",268
"ENSRNOG00000003384",121
"ENSRNOG00000010929",0
"ENSRNOG00000026783",68
"ENSRNOG00000006548",3658
"ENSRNOG00000003590",2913
"ENSRNOG00000008134",6
"ENSRNOG00000045565",0
"ENSRNOG00000004566",1
"ENSRNOG00000061543",2863
"ENSRNOG00000006136",582
"ENSRNOG00000006674",38
"ENSRNOG00000023628",151
"ENSRNOG00000049876",4773
"ENSRNOG00000005330",2210
"ENSRNOG00000004668",30
"ENSRNOG00000007054",1255
"ENSRNOG00000018526",1235
"ENSRNOG00000046799",265
"ENSRNOG00000005904",1630
"ENSRNOG00000004980",175
"ENSRNOG00000053437",0
"ENSRNOG00000071015",153
"ENSRNOG00000021303",73
"ENSRNOG00000063807",515
"ENSRNOG00000003566",2
"ENSRNOG00000050675",46
"ENSRNOG00000005193",494
"ENSRNOG00000023344",2980
"ENSRNOG00000013611",0
"ENSRNOG00000022664",1425
"ENSRNOG00000002997",951
"ENSRNOG00000024964",834
"ENSRNOG00000003719",425
"ENSRNOG00000005418",937
"ENSRNOG00000005357",1663
"ENSRNOG00000004147",295
"ENSRNOG00000020916",824
"ENSRNOG00000014672",0
"ENSRNOG00000008700",4
"ENSRNOG00000069630",578
"ENSRNOG00000012390",193
"ENSRNOG00000006873",2
"ENSRNOG00000015157",403
"ENSRNOG00000069998",447
"ENSRNOG00000069737",0
"ENSRNOG00000024661",1215
"ENSRNOG00000010492",611
"ENSRNOG00000020930",662
"ENSRNOG00000064298",0
"ENSRNOG00000046271",2595
"ENSRNOG00000062400",80
"ENSRNOG00000019352",274
"ENSRNOG00000021657",2
"ENSRNOG00000065165",0
"ENSRNOG00000026801",0
"ENSRNOG00000012434",876
"ENSRNOG00000065890",0
"ENSRNOG00000022964",0
"ENSRNOG00000066422",0
"ENSRNOG00000019357",1473
"ENSRNOG00000004092",22
"ENSRNOG00000004939",0
"ENSRNOG00000003948",1301
"ENSRNOG00000032439",0
"ENSRNOG00000012620",2
"ENSRNOG00000003855",468
"ENSRNOG00000042252",1
"ENSRNOG00000013370",461
"ENSRNOG00000028688",441
"ENSRNOG00000052840",837
"ENSRNOG00000070542",251
"ENSRNOG00000004417",378
"ENSRNOG00000070956",0
"ENSRNOG00000058393",153
"ENSRNOG00000063135",394
"ENSRNOG00000025117",0
"ENSRNOG00000067184",0
"ENSRNOG00000070925",0
"ENSRNOG00000063522",0
"ENSRNOG00000065977",0
"ENSRNOG00000002420",606
"ENSRNOG00000004159",1259
"ENSRNOG00000068367",0
"ENSRNOG00000004399",16
"ENSRNOG00000064369",0
"ENSRNOG00000013429",211
"ENSRNOG00000038328",33
"ENSRNOG00000019606",3
"ENSRNOG00000068012",9
"ENSRNOG00000021987",1
"ENSRNOG00000053680",2721
"ENSRNOG00000067378",0
"ENSRNOG00000005015",435
"ENSRNOG00000024445",866
"ENSRNOG00000062613",0
"ENSRNOG00000059008",331
"ENSRNOG00000004040",36
"ENSRNOG00000060934",3
"ENSRNOG00000003845",0
"ENSRNOG00000028208",128
"ENSRNOG00000000249",74
"ENSRNOG00000002520",4130
"ENSRNOG00000000248",2632
"ENSRNOG00000011207",0
"ENSRNOG00000014641",2
"ENSRNOG00000019659",54
"ENSRNOG00000065770",113
"ENSRNOG00000055314",1374
"ENSRNOG00000033617",0
"ENSRNOG00000064075",0
"ENSRNOG00000024210",3
"ENSRNOG00000015061",0
"ENSRNOG00000002539",0
"ENSRNOG00000021682",3426
"ENSRNOG00000024954",1
"ENSRNOG00000014743",186
"ENSRNOG00000037307",0
"ENSRNOG00000003213",1247
"ENSRNOG00000003226",6317
"ENSRNOG00000002989",2025
"ENSRNOG00000002452",792
"ENSRNOG00000000247",751
"ENSRNOG00000015090",392
"ENSRNOG00000020877",0
"ENSRNOG00000002749",1737
"ENSRNOG00000006532",5291
"ENSRNOG00000003846",2299
"ENSRNOG00000003116",482
"ENSRNOG00000058739",330
"ENSRNOG00000007280",2343
"ENSRNOG00000003278",541
"ENSRNOG00000004807",483
"ENSRNOG00000010083",1447
"ENSRNOG00000070139",1
"ENSRNOG00000034013",1782
"ENSRNOG00000002566",0
"ENSRNOG00000004437",154
"ENSRNOG00000002568",97
"ENSRNOG00000013169",392
"ENSRNOG00000066036",303
"ENSRNOG00000006600",628
"ENSRNOG00000007117",27
"ENSRNOG00000059326",545
"ENSRNOG00000008040",593
"ENSRNOG00000016976",855
"ENSRNOG00000010320",0
"ENSRNOG00000003172",12385
"ENSRNOG00000003262",0
"ENSRNOG00000058939",0
"ENSRNOG00000008256",343
"ENSRNOG00000007268",23
"ENSRNOG00000006126",1254
"ENSRNOG00000008323",208
"ENSRNOG00000042245",1426
"ENSRNOG00000004091",96
"ENSRNOG00000057378",1252
"ENSRNOG00000020441",1841
"ENSRNOG00000007576",107
"ENSRNOG00000007778",0
"ENSRNOG00000065251",0
"ENSRNOG00000003195",59
"ENSRNOG00000068785",0
"ENSRNOG00000008577",182
"ENSRNOG00000070737",1
"ENSRNOG00000067255",0
"ENSRNOG00000036880",0
"ENSRNOG00000002764",58
"ENSRNOG00000042258",28
"ENSRNOG00000011227",65
"ENSRNOG00000006913",80
"ENSRNOG00000004713",0
"ENSRNOG00000059219",37
"ENSRNOG00000004032",588
"ENSRNOG00000037718",1
"ENSRNOG00000003657",139
"ENSRNOG00000004686",335
"ENSRNOG00000014027",426
"ENSRNOG00000003105",0
"ENSRNOG00000069091",157
"ENSRNOG00000007439",13
"ENSRNOG00000006949",3439
"ENSRNOG00000003849",335
"ENSRNOG00000064191",0
"ENSRNOG00000003131",2576
"ENSRNOG00000064933",23
"ENSRNOG00000065343",2
"ENSRNOG00000039761",0
"ENSRNOG00000004310",574
"ENSRNOG00000005185",0
"ENSRNOG00000067475",757
"ENSRNOG00000003109",0
"ENSRNOG00000049151",0
"ENSRNOG00000003121",54
"ENSRNOG00000014618",0
"ENSRNOG00000010214",106
"ENSRNOG00000028116",1
"ENSRNOG00000020902",1168
"ENSRNOG00000006989",2037
"ENSRNOG00000021872",137
"ENSRNOG00000028255",505
"ENSRNOG00000007889",0
"ENSRNOG00000028417",0
"ENSRNOG00000005769",353
"ENSRNOG00000025792",567
"ENSRNOG00000061424",1015
"ENSRNOG00000003455",1
"ENSRNOG00000007454",3
"ENSRNOG00000042086",45
"ENSRNOG00000004107",560
"ENSRNOG00000006131",276
"ENSRNOG00000011357",20
"ENSRNOG00000002294",161
"ENSRNOG00000008921",316
"ENSRNOG00000067865",295
"ENSRNOG00000007823",22
"ENSRNOG00000009343",3
"ENSRNOG00000003546",415
"ENSRNOG00000014882",16
"ENSRNOG00000008010",42
"ENSRNOG00000010673",438
"ENSRNOG00000050323",1836
"ENSRNOG00000025448",483
"ENSRNOG00000008830",2102
"ENSRNOG00000003457",1
"ENSRNOG00000008755",2570
"ENSRNOG00000008703",2127
"ENSRNOG00000009819",2538
"ENSRNOG00000046890",0
"ENSRNOG00000046639",75
"ENSRNOG00000005290",8872
"ENSRNOG00000060307",64
"ENSRNOG00000004171",22
"ENSRNOG00000020905",660
"ENSRNOG00000042251",0
"ENSRNOG00000002812",1
"ENSRNOG00000002659",4
"ENSRNOG00000007585",15
"ENSRNOG00000010626",31
"ENSRNOG00000046121",0
"ENSRNOG00000003497",205
"ENSRNOG00000009225",1163
"ENSRNOG00000008422",0
"ENSRNOG00000007611",24
"ENSRNOG00000008843",1212
"ENSRNOG00000060054",0
"ENSRNOG00000028946",491
"ENSRNOG00000011007",697
"ENSRNOG00000007387",483
"ENSRNOG00000052113",1221
"ENSRNOG00000025545",346
"ENSRNOG00000007523",0
"ENSRNOG00000066106",296
"ENSRNOG00000061429",4
"ENSRNOG00000029415",186
"ENSRNOG00000011714",104
"ENSRNOG00000042915",243
"ENSRNOG00000003542",4236
"ENSRNOG00000033942",0
"ENSRNOG00000065020",90
"ENSRNOG00000030291",63
"ENSRNOG00000004155",21
"ENSRNOG00000030541",0
"ENSRNOG00000003654",1
"ENSRNOG00000042825",0
"ENSRNOG00000022210",0
"ENSRNOG00000014127",17
"ENSRNOG00000020908",78
"ENSRNOG00000037371",221
"ENSRNOG00000003563",612
"ENSRNOG00000057404",1
"ENSRNOG00000002664",2717
"ENSRNOG00000014179",3985
"ENSRNOG00000004172",913
"ENSRNOG00000048449",99
"ENSRNOG00000066902",428
"ENSRNOG00000065545",2
"ENSRNOG00000014568",1217
"ENSRNOG00000011876",583
"ENSRNOG00000002571",2
"ENSRNOG00000020275",4
"ENSRNOG00000003784",34
"ENSRNOG00000029012",0
"ENSRNOG00000027711",846
"ENSRNOG00000003673",318
"ENSRNOG00000014953",6
"ENSRNOG00000020277",225
"ENSRNOG00000038055",1
"ENSRNOG00000007391",12
"ENSRNOG00000002545",847
"ENSRNOG00000066611",0
"ENSRNOG00000059618",14
"ENSRNOG00000003947",15
"ENSRNOG00000052730",1305
"ENSRNOG00000050649",227
"ENSRNOG00000055413",0
"ENSRNOG00000010771",2966
"ENSRNOG00000069891",0
"ENSRNOG00000012162",1425
"ENSRNOG00000025287",0
"ENSRNOG00000020336",520
"ENSRNOG00000021782",0
"ENSRNOG00000003401",8543
"ENSRNOG00000004378",0
"ENSRNOG00000036888",1
"ENSRNOG00000003294",0
"ENSRNOG00000058663",454
"ENSRNOG00000027057",362
"ENSRNOG00000069756",98
"ENSRNOG00000015674",1
"ENSRNOG00000020487",0
"ENSRNOG00000024181",0
"ENSRNOG00000003215",169
"ENSRNOG00000013030",514
"ENSRNOG00000017606",1
"ENSRNOG00000005336",0
"ENSRNOG00000003218",12
"ENSRNOG00000069314",2
"ENSRNOG00000069734",4
"ENSRNOG00000020513",492
"ENSRNOG00000027194",649
"ENSRNOG00000029597",21
"ENSRNOG00000069739",8
"ENSRNOG00000058058",0
"ENSRNOG00000025496",2360
"ENSRNOG00000065691",0
"ENSRNOG00000066734",0
"ENSRNOG00000011375",1437
"ENSRNOG00000002358",3472
"ENSRNOG00000012155",8
"ENSRNOG00000002342",1491
"ENSRNOG00000028121",0
"ENSRNOG00000046276",0
"ENSRNOG00000063725",0
"ENSRNOG00000066047",11
"ENSRNOG00000006248",437
"ENSRNOG00000002980",305
"ENSRNOG00000003797",258
"ENSRNOG00000007491",10
"ENSRNOG00000058561",13927
"ENSRNOG00000037563",4
"ENSRNOG00000012213",171
"ENSRNOG00000002714",160
"ENSRNOG00000003918",375
"ENSRNOG00000006122",53
"ENSRNOG00000008637",442
"ENSRNOG00000039405",0
"ENSRNOG00000063289",20
"ENSRNOG00000024730",21
"ENSRNOG00000025522",2
"ENSRNOG00000003259",285
"ENSRNOG00000002991",335
"ENSRNOG00000004814",568
"ENSRNOG00000048113",75
"ENSRNOG00000002341",399
"ENSRNOG00000028926",0
"ENSRNOG00000029279",0
"ENSRNOG00000063043",376
"ENSRNOG00000008270",100
"ENSRNOG00000042255",0
"ENSRNOG00000032300",0
"ENSRNOG00000033690",0
"ENSRNOG00000010870",3
"ENSRNOG00000011541",5
"ENSRNOG00000003287",426
"ENSRNOG00000002373",721
"ENSRNOG00000018242",107
"ENSRNOG00000012134",22
"ENSRNOG00000029223",0
"ENSRNOG00000062933",0
"ENSRNOG00000002610",1140
"ENSRNOG00000047969",0
"ENSRNOG00000003041",176
"ENSRNOG00000037627",644
"ENSRNOG00000013659",584
"ENSRNOG00000011475",1
"ENSRNOG00000018611",0
"ENSRNOG00000004333",341
"ENSRNOG00000049862",771
"ENSRNOG00000067355",0
"ENSRNOG00000003104",40
"ENSRNOG00000004461",10
"ENSRNOG00000011917",0
"ENSRNOG00000016545",607
"ENSRNOG00000006970",95
"ENSRNOG00000008480",9
"ENSRNOG00000046001",2
"ENSRNOG00000028456",0
"ENSRNOG00000002899",431
"ENSRNOG00000016494",220
"ENSRNOG00000007433",4
"ENSRNOG00000004122",0
"ENSRNOG00000019510",0
"ENSRNOG00000007957",73
"ENSRNOG00000068966",0
"ENSRNOG00000003807",0
"ENSRNOG00000016774",147
"ENSRNOG00000025254",33
"ENSRNOG00000006895",522
"ENSRNOG00000006542",7857
"ENSRNOG00000057058",5
"ENSRNOG00000002615",512
"ENSRNOG00000027914",1612
"ENSRNOG00000065011",2
"ENSRNOG00000024972",278
"ENSRNOG00000024635",798
"ENSRNOG00000009427",0
"ENSRNOG00000007483",304
"ENSRNOG00000012083",28
"ENSRNOG00000027087",143
"ENSRNOG00000002364",10
"ENSRNOG00000048231",3
"ENSRNOG00000042736",0
"ENSRNOG00000006661",91
"ENSRNOG00000030628",5751
"ENSRNOG00000015300",461
"ENSRNOG00000036838",0
"ENSRNOG00000048771",0
"ENSRNOG00000049215",153
"ENSRNOG00000015578",18
"ENSRNOG00000057619",29
"ENSRNOG00000067188",0
"ENSRNOG00000002636",1
"ENSRNOG00000055309",731
"ENSRNOG00000052204",517
"ENSRNOG00000050974",0
"ENSRNOG00000070593",0
"ENSRNOG00000027498",56
"ENSRNOG00000029570",566
"ENSRNOG00000018550",334
"ENSRNOG00000023881",0
"ENSRNOG00000036819",5
"ENSRNOG00000024867",179
"ENSRNOG00000020749",257
"ENSRNOG00000021540",18
"ENSRNOG00000002436",2038
"ENSRNOG00000039698",0
"ENSRNOG00000019208",46
"ENSRNOG00000005377",474
"ENSRNOG00000020771",1136
"ENSRNOG00000015479",686
"ENSRNOG00000005133",10
"ENSRNOG00000058497",33
"ENSRNOG00000045791",1018
"ENSRNOG00000049929",138
"ENSRNOG00000071032",68
"ENSRNOG00000064673",0
"ENSRNOG00000012866",30
"ENSRNOG00000015749",0
"ENSRNOG00000007573",1
"ENSRNOG00000021962",5022
"ENSRNOG00000013746",758
"ENSRNOG00000007436",127
"ENSRNOG00000036695",601
"ENSRNOG00000028436",2
"ENSRNOG00000053055",0
"ENSRNOG00000005360",142
"ENSRNOG00000002828",1295
"ENSRNOG00000067471",116
"ENSRNOG00000002917",0
"ENSRNOG00000065925",0
"ENSRNOG00000011459",442
"ENSRNOG00000003203",279
"ENSRNOG00000002434",0
"ENSRNOG00000039656",0
"ENSRNOG00000052124",2
"ENSRNOG00000024446",0
"ENSRNOG00000066110",5
"ENSRNOG00000005606",1447
"ENSRNOG00000014171",23
"ENSRNOG00000030224",6
"ENSRNOG00000047367",111
"ENSRNOG00000033613",18
"ENSRNOG00000024523",6
"ENSRNOG00000005099",241
"ENSRNOG00000009722",2134
"ENSRNOG00000063632",139
"ENSRNOG00000033152",9768
"ENSRNOG00000005165",799
"ENSRNOG00000057186",312
"ENSRNOG00000064880",532
"ENSRNOG00000036726",0
"ENSRNOG00000032442",130
"ENSRNOG00000033568",795
"ENSRNOG00000036669",0
"ENSRNOG00000045670",289
"ENSRNOG00000069138",0
"ENSRNOG00000060561",158
"ENSRNOG00000005275",336
"ENSRNOG00000036681",0
"ENSRNOG00000008642",153
"ENSRNOG00000068337",95
"ENSRNOG00000003386",0
"ENSRNOG00000006460",113
"ENSRNOG00000059793",0
"ENSRNOG00000066995",0
"ENSRNOG00000062359",0
"ENSRNOG00000042335",0
"ENSRNOG00000070342",9
"ENSRNOG00000069522",19
"ENSRNOG00000064558",15
"ENSRNOG00000066900",3
"ENSRNOG00000002304",0
"ENSRNOG00000057127",0
"ENSRNOG00000069870",0
"ENSRNOG00000003741",2
"ENSRNOG00000008689",255
"ENSRNOG00000038735",386
"ENSRNOG00000036665",145
"ENSRNOG00000021424",0
"ENSRNOG00000006285",346
"ENSRNOG00000003981",204
"ENSRNOG00000002671",1279
"ENSRNOG00000069962",0
"ENSRNOG00000033266",1
"ENSRNOG00000050819",220
"ENSRNOG00000066160",0
"ENSRNOG00000051945",13
"ENSRNOG00000003998",69
"ENSRNOG00000068461",8
"ENSRNOG00000065992",1493
"ENSRNOG00000042352",7
"ENSRNOG00000069592",44
"ENSRNOG00000033101",571
"ENSRNOG00000002693",252
"ENSRNOG00000069121",18
"ENSRNOG00000006306",5
"ENSRNOG00000007235",7
"ENSRNOG00000064520",0
"ENSRNOG00000070316",22
"ENSRNOG00000030726",0
"ENSRNOG00000005580",46
"ENSRNOG00000054605",317
"ENSRNOG00000053285",391
"ENSRNOG00000000246",661
"ENSRNOG00000068789",0
"ENSRNOG00000052934",474
"ENSRNOG00000022983",9
"ENSRNOG00000063787",5
"ENSRNOG00000003123",434
"ENSRNOG00000071138",59
"ENSRNOG00000064047",4
"ENSRNOG00000071112",18
"ENSRNOG00000002915",175
"ENSRNOG00000070671",0
"ENSRNOG00000010665",1
"ENSRNOG00000015419",18
"ENSRNOG00000069887",0
"ENSRNOG00000024455",570
"ENSRNOG00000070404",32
"ENSRNOG00000069160",103
"ENSRNOG00000062812",0
"ENSRNOG00000000245",31
"ENSRNOG00000063680",10
"ENSRNOG00000015430",336
"ENSRNOG00000069213",0
"ENSRNOG00000017858",125
"ENSRNOG00000059401",8
"ENSRNOG00000062837",0
"ENSRNOG00000003835",91
"ENSRNOG00000067362",223
"ENSRNOG00000027271",12249
"ENSRNOG00000069533",219
"ENSRNOG00000002763",926
"ENSRNOG00000067823",375
"ENSRNOG00000064496",22
"ENSRNOG00000051284",0
"ENSRNOG00000053047",1365
"ENSRNOG00000065197",2
"ENSRNOG00000067377",0
"ENSRNOG00000071187",0
"ENSRNOG00000037540",90
"ENSRNOG00000067573",3
"ENSRNOG00000019814",0
"ENSRNOG00000003931",126
"ENSRNOG00000063207",142
"ENSRNOG00000017893",1
"ENSRNOG00000070401",0
"ENSRNOG00000067449",41
"ENSRNOG00000070446",0
"ENSRNOG00000048838",211
"ENSRNOG00000003397",271
"ENSRNOG00000065692",0
"ENSRNOG00000067529",0
"ENSRNOG00000067659",18
"ENSRNOG00000064407",0
"ENSRNOG00000065499",4
"ENSRNOG00000006359",500
"ENSRNOG00000067700",404
"ENSRNOG00000067327",0
"ENSRNOG00000008798",32
"ENSRNOG00000002599",1
"ENSRNOG00000028404",9
"ENSRNOG00000021041",224
"ENSRNOG00000070674",0
"ENSRNOG00000052688",10
"ENSRNOG00000062556",0
"ENSRNOG00000065985",0
"ENSRNOG00000018792",1
"ENSRNOG00000066916",0
"ENSRNOG00000065762",0
"ENSRNOG00000003827",2703
"ENSRNOG00000002949",342
"ENSRNOG00000002748",188
"ENSRNOG00000007367",102
"ENSRNOG00000068375",0
"ENSRNOG00000007053",228
"ENSRNOG00000070067",1
"ENSRNOG00000002616",0
"ENSRNOG00000010337",0
"ENSRNOG00000002635",0
"ENSRNOG00000010676",1382
"ENSRNOG00000064022",6
"ENSRNOG00000069490",4
"ENSRNOG00000066579",1544
"ENSRNOG00000028161",542
"ENSRNOG00000066275",199
"ENSRNOG00000021031",8049
"ENSRNOG00000068899",19
"ENSRNOG00000054891",623
"ENSRNOG00000067983",0
"ENSRNOG00000045888",0
"ENSRNOG00000065805",0
"ENSRNOG00000009823",621
"ENSRNOG00000039350",0
"ENSRNOG00000027924",0
"ENSRNOG00000066738",0
"ENSRNOG00000010839",4
"ENSRNOG00000009870",30
"ENSRNOG00000067002",0
"ENSRNOG00000070572",0
"ENSRNOG00000002724",527
"ENSRNOG00000003280",53
"ENSRNOG00000052620",38210
"ENSRNOG00000067886",2
"ENSRNOG00000068212",0
"ENSRNOG00000019174",60
"ENSRNOG00000003028",11
"ENSRNOG00000056582",1
"ENSRNOG00000009902",19
"ENSRNOG00000002388",255
"ENSRNOG00000062101",1
"ENSRNOG00000002652",17
"ENSRNOG00000023639",191
"ENSRNOG00000063443",0
"ENSRNOG00000037204",108
"ENSRNOG00000024578",113
"ENSRNOG00000002718",0
"ENSRNOG00000014711",0
"ENSRNOG00000068639",6
"ENSRNOG00000014135",1
"ENSRNOG00000004604",1095
"ENSRNOG00000068436",1
"ENSRNOG00000070927",0
"ENSRNOG00000070910",0
"ENSRNOG00000003232",1767
"ENSRNOG00000005081",391
"ENSRNOG00000053789",0
"ENSRNOG00000070177",0
"ENSRNOG00000070117",2
"ENSRNOG00000003424",405
"ENSRNOG00000006255",8
"ENSRNOG00000009979",0
"ENSRNOG00000007467",0
"ENSRNOG00000068523",14
"ENSRNOG00000063337",2
"ENSRNOG00000003264",279
"ENSRNOG00000065581",26
"ENSRNOG00000043102",519
"ENSRNOG00000066219",2
"ENSRNOG00000018701",0
"ENSRNOG00000002963",4
"ENSRNOG00000063730",0
"ENSRNOG00000061484",1639
"ENSRNOG00000065826",1
"ENSRNOG00000064660",27
"ENSRNOG00000009252",1282
"ENSRNOG00000002886",7563
"ENSRNOG00000066323",28
"ENSRNOG00000025669",338
"ENSRNOG00000045615",9
"ENSRNOG00000067479",0
"ENSRNOG00000064200",1745
"ENSRNOG00000007243",0
"ENSRNOG00000008078",0
"ENSRNOG00000008525",3
"ENSRNOG00000052564",24
"ENSRNOG00000070190",0
"ENSRNOG00000067610",0
"ENSRNOG00000009069",1602
"ENSRNOG00000070896",0
"ENSRNOG00000065424",354
"ENSRNOG00000068140",1467
"ENSRNOG00000003603",2124
"ENSRNOG00000007606",61
"ENSRNOG00000062540",40
"ENSRNOG00000002722",2654
"ENSRNOG00000011628",0
"ENSRNOG00000042980",2365
"ENSRNOG00000025815",1056
"ENSRNOG00000022239",0
"ENSRNOG00000009370",5
"ENSRNOG00000033893",1
"ENSRNOG00000037275",22
"ENSRNOG00000003464",562
"ENSRNOG00000009350",15
"ENSRNOG00000046216",0
"ENSRNOG00000002462",205
"ENSRNOG00000003207",4
"ENSRNOG00000067169",0
"ENSRNOG00000023095",2345
"ENSRNOG00000007722",324
"ENSRNOG00000018834",0
"ENSRNOG00000002607",222
"ENSRNOG00000002823",1593
"ENSRNOG00000007496",1093
"ENSRNOG00000063511",8
"ENSRNOG00000020029",60
"ENSRNOG00000003821",691
"ENSRNOG00000003266",0
"ENSRNOG00000007788",134
"ENSRNOG00000060550",827
"ENSRNOG00000058976",0
"ENSRNOG00000009567",976
"ENSRNOG00000007971",3064
"ENSRNOG00000003275",3
"ENSRNOG00000055236",0
"ENSRNOG00000039339",14
"ENSRNOG00000030537",224
"ENSRNOG00000037238",56
"ENSRNOG00000056793",0
"ENSRNOG00000003288",0
"ENSRNOG00000020874",0
"ENSRNOG00000033169",1025
"ENSRNOG00000003626",1206
"ENSRNOG00000065740",0
"ENSRNOG00000008215",203
"ENSRNOG00000009275",4019
"ENSRNOG00000019445",40
"ENSRNOG00000023764",392
"ENSRNOG00000008178",1062
"ENSRNOG00000052940",0
"ENSRNOG00000002511",6
"ENSRNOG00000058068",3
"ENSRNOG00000027350",3
"ENSRNOG00000011155",1424
"ENSRNOG00000018841",24
"ENSRNOG00000011182",2
"ENSRNOG00000020212",2
"ENSRNOG00000003967",873
"ENSRNOG00000014623",1914
"ENSRNOG00000003990",1219
"ENSRNOG00000036673",3
"ENSRNOG00000000230",511
"ENSRNOG00000006860",0
"ENSRNOG00000069007",0
"ENSRNOG00000004063",2502
"ENSRNOG00000009643",949
"ENSRNOG00000014285",394
"ENSRNOG00000036682",1076
"ENSRNOG00000018466",0
"ENSRNOG00000043293",0
"ENSRNOG00000024145",107
"ENSRNOG00000045683",9840
"ENSRNOG00000003284",1
"ENSRNOG00000059563",0
"ENSRNOG00000020239",237
"ENSRNOG00000011366",1248
"ENSRNOG00000047907",720
"ENSRNOG00000033143",38713
"ENSRNOG00000021380",1
"ENSRNOG00000046330",47
"ENSRNOG00000049695",2
"ENSRNOG00000028521",832
"ENSRNOG00000066310",5
"ENSRNOG00000004288",165
"ENSRNOG00000027606",121
"ENSRNOG00000000251",2
"ENSRNOG00000010540",606
"ENSRNOG00000032492",3613
"ENSRNOG00000069361",2
"ENSRNOG00000067554",673
"ENSRNOG00000014496",72
"ENSRNOG00000004602",2199
"ENSRNOG00000069024",305
"ENSRNOG00000003367",26
"ENSRNOG00000032780",389
"ENSRNOG00000003668",0
"ENSRNOG00000020626",141
"ENSRNOG00000062912",1
"ENSRNOG00000036698",1782
"ENSRNOG00000002810",1
"ENSRNOG00000020753",225
"ENSRNOG00000022071",11
"ENSRNOG00000014742",521
"ENSRNOG00000021615",219
"ENSRNOG00000027196",0
"ENSRNOG00000031213",262
"ENSRNOG00000003244",17
"ENSRNOG00000003669",1651
"ENSRNOG00000009473",211
"ENSRNOG00000004139",1040
"ENSRNOG00000021578",49
"ENSRNOG00000048389",171
"ENSRNOG00000004291",14026
"ENSRNOG00000061270",1551
"ENSRNOG00000003268",2150
"ENSRNOG00000020067",220
"ENSRNOG00000002793",0
"ENSRNOG00000010635",5343
"ENSRNOG00000003239",535
"ENSRNOG00000003343",8051
"ENSRNOG00000005659",638
"ENSRNOG00000020488",238
"ENSRNOG00000046076",0
"ENSRNOG00000020630",0
"ENSRNOG00000022244",0
"ENSRNOG00000065974",251
"ENSRNOG00000003068",87
"ENSRNOG00000003217",2878
"ENSRNOG00000023428",1
"ENSRNOG00000002795",837
"ENSRNOG00000036680",0
"ENSRNOG00000009681",1143
"ENSRNOG00000003785",15
"ENSRNOG00000003147",4102
"ENSRNOG00000020140",1185
"ENSRNOG00000003905",611
"ENSRNOG00000029886",0
"ENSRNOG00000004598",131
"ENSRNOG00000068010",0
"ENSRNOG00000036894",541
"ENSRNOG00000002851",539
"ENSRNOG00000067144",0
"ENSRNOG00000049062",218
"ENSRNOG00000067173",8
"ENSRNOG00000029205",190
"ENSRNOG00000020747",0
"ENSRNOG00000019930",206
"ENSRNOG00000030517",44
"ENSRNOG00000070249",0
"ENSRNOG00000002903",1953
"ENSRNOG00000002644",235
"ENSRNOG00000000233",0
"ENSRNOG00000047321",4
"ENSRNOG00000014070",1
"ENSRNOG00000004834",150
"ENSRNOG00000028114",0
"ENSRNOG00000022615",322
"ENSRNOG00000024780",141
"ENSRNOG00000020006",84
"ENSRNOG00000020717",127
"ENSRNOG00000012705",1110
"ENSRNOG00000068780",1
"ENSRNOG00000003235",1102
"ENSRNOG00000018693",0
"ENSRNOG00000015002",23
"ENSRNOG00000003033",251
"ENSRNOG00000004137",703
"ENSRNOG00000004225",2
"ENSRNOG00000015692",815
"ENSRNOG00000003834",486
"ENSRNOG00000020374",133
"ENSRNOG00000004142",2
"ENSRNOG00000003108",175
"ENSRNOG00000029678",61
"ENSRNOG00000006000",1188
"ENSRNOG00000021287",62
"ENSRNOG00000003144",1005
"ENSRNOG00000042720",491
"ENSRNOG00000049758",248
"ENSRNOG00000015975",336
"ENSRNOG00000004217",459
"ENSRNOG00000003671",0
"ENSRNOG00000056954",1176
"ENSRNOG00000060193",1
"ENSRNOG00000049988",389
"ENSRNOG00000054498",1
"ENSRNOG00000002922",38
"ENSRNOG00000030750",59
"ENSRNOG00000020541",433
"ENSRNOG00000025143",3
"ENSRNOG00000043381",94
"ENSRNOG00000028430",0
"ENSRNOG00000002970",79
"ENSRNOG00000015669",97
"ENSRNOG00000029930",0
"ENSRNOG00000068382",0
"ENSRNOG00000030344",0
"ENSRNOG00000043507",0
"ENSRNOG00000020571",131
"ENSRNOG00000024711",186
"ENSRNOG00000015057",0
"ENSRNOG00000002977",161
"ENSRNOG00000020536",0
"ENSRNOG00000042445",2
"ENSRNOG00000019268",496
"ENSRNOG00000005365",8
"ENSRNOG00000003050",1614
"ENSRNOG00000032768",293
"ENSRNOG00000020644",6
"ENSRNOG00000012818",628
"ENSRNOG00000011907",0
"ENSRNOG00000019551",148
"ENSRNOG00000028699",123
"ENSRNOG00000028812",1
"ENSRNOG00000027852",1
"ENSRNOG00000031422",0
"ENSRNOG00000005107",217
"ENSRNOG00000064091",0
"ENSRNOG00000003491",704
"ENSRNOG00000002486",0
"ENSRNOG00000034087",0
"ENSRNOG00000028834",6106
"ENSRNOG00000009896",306
"ENSRNOG00000052096",92
"ENSRNOG00000063155",0
"ENSRNOG00000049642",5
"ENSRNOG00000003661",6336
"ENSRNOG00000013896",0
"ENSRNOG00000007988",302
"ENSRNOG00000026508",1
"ENSRNOG00000069386",0
"ENSRNOG00000020594",1122
"ENSRNOG00000065101",1
"ENSRNOG00000014519",30
"ENSRNOG00000005482",623
"ENSRNOG00000031525",240
"ENSRNOG00000012657",0
"ENSRNOG00000002474",75
"ENSRNOG00000023476",0
"ENSRNOG00000068861",0
"ENSRNOG00000068424",0
"ENSRNOG00000014689",1209
"ENSRNOG00000005465",88
"ENSRNOG00000042691",297
"ENSRNOG00000066540",0
"ENSRNOG00000065244",0
"ENSRNOG00000012973",0
"ENSRNOG00000045669",1
"ENSRNOG00000003650",227
"ENSRNOG00000065399",0
"ENSRNOG00000005042",157
"ENSRNOG00000065268",0
"ENSRNOG00000014698",45
"ENSRNOG00000036688",8979
"ENSRNOG00000068465",0
"ENSRNOG00000032152",1078
"ENSRNOG00000026803",0
"ENSRNOG00000004049",686
"ENSRNOG00000004510",1680
"ENSRNOG00000008065",391
"ENSRNOG00000067675",0
"ENSRNOG00000066975",0
"ENSRNOG00000056837",692
"ENSRNOG00000055246",4812
"ENSRNOG00000009351",604
"ENSRNOG00000032417",71
"ENSRNOG00000067840",0
"ENSRNOG00000003536",211
"ENSRNOG00000066770",3
"ENSRNOG00000068575",3
"ENSRNOG00000004392",26
"ENSRNOG00000019604",397
"ENSRNOG00000063756",0
"ENSRNOG00000063867",0
"ENSRNOG00000061733",108
"ENSRNOG00000067153",0
"ENSRNOG00000002818",1012
"ENSRNOG00000036660",397
"ENSRNOG00000067043",0
"ENSRNOG00000003508",3014
"ENSRNOG00000045889",0
"ENSRNOG00000036678",402
"ENSRNOG00000062768",0
"ENSRNOG00000006557",17
"ENSRNOG00000071118",0
"ENSRNOG00000002918",0
"ENSRNOG00000070201",690
"ENSRNOG00000063936",82
"ENSRNOG00000050547",1278
"ENSRNOG00000002905",0
"ENSRNOG00000019522",147
"ENSRNOG00000005620",2
"ENSRNOG00000000237",256
"ENSRNOG00000013728",98
"ENSRNOG00000003070",168
"ENSRNOG00000003330",844
"ENSRNOG00000036687",233
"ENSRNOG00000019612",52
"ENSRNOG00000019074",0
"ENSRNOG00000047314",856
"ENSRNOG00000007943",0
"ENSRNOG00000057490",1
"ENSRNOG00000009716",588
"ENSRNOG00000036686",927
"ENSRNOG00000059827",2
"ENSRNOG00000000250",199
"ENSRNOG00000009566",1600
"ENSRNOG00000065571",0
"ENSRNOG00000052115",0
"ENSRNOG00000068310",0
"ENSRNOG00000022331",5
"ENSRNOG00000002331",117
"ENSRNOG00000000239",43
"ENSRNOG00000057120",0
"ENSRNOG00000033559",2
"ENSRNOG00000066039",0
"ENSRNOG00000050205",112
"ENSRNOG00000055390",1
"ENSRNOG00000066549",227
"ENSRNOG00000007335",0
"ENSRNOG00000028103",2200
"ENSRNOG00000057077",0
"ENSRNOG00000019308",62
"ENSRNOG00000003005",0
"ENSRNOG00000070608",0
"ENSRNOG00000019684",83
"ENSRNOG00000004214",360
"ENSRNOG00000027871",237
"ENSRNOG00000057538",1
"ENSRNOG00000062399",0
"ENSRNOG00000063001",0
"ENSRNOG00000066417",0
"ENSRNOG00000007931",5
"ENSRNOG00000069492",285
"ENSRNOG00000053353",3
"ENSRNOG00000011196",0
"ENSRNOG00000019692",143
"ENSRNOG00000066319",0
"ENSRNOG00000067236",0
"ENSRNOG00000003971",0
"ENSRNOG00000045636",6222
"ENSRNOG00000007869",0
"ENSRNOG00000069081",0
"ENSRNOG00000027849",306
"ENSRNOG00000029768",0
"ENSRNOG00000062670",0
"ENSRNOG00000030680",5294
"ENSRNOG00000066058",0
"ENSRNOG00000060666",0
"ENSRNOG00000022248",51
"ENSRNOG00000067059",0
"ENSRNOG00000006549",2
"ENSRNOG00000012929",1258
"ENSRNOG00000069600",5
"ENSRNOG00000055125",0
"ENSRNOG00000058960",0
"ENSRNOG00000003992",0
"ENSRNOG00000060944",0
"ENSRNOG00000065856",1
"ENSRNOG00000011846",0
"ENSRNOG00000006148",3908
"ENSRNOG00000036683",160
"ENSRNOG00000069565",0
"ENSRNOG00000021316",3961
"ENSRNOG00000062714",702
"ENSRNOG00000060061",0
"ENSRNOG00000010291",409
"ENSRNOG00000003897",534199
"ENSRNOG00000061486",0
"ENSRNOG00000045926",0
"ENSRNOG00000018247",13
"ENSRNOG00000035503",0
"ENSRNOG00000007255",11
"ENSRNOG00000004956",190
"ENSRNOG00000032825",15656
"ENSRNOG00000063769",0
"ENSRNOG00000043295",642
"ENSRNOG00000051159",2
"ENSRNOG00000035459",0
"ENSRNOG00000063310",2
"ENSRNOG00000036697",961
"ENSRNOG00000035466",0
"ENSRNOG00000005821",1
"ENSRNOG00000010244",127
"ENSRNOG00000035476",0
"ENSRNOG00000004395",1844
"ENSRNOG00000014209",453
"ENSRNOG00000035633",0
"ENSRNOG00000068707",0
"ENSRNOG00000027787",25
"ENSRNOG00000032902",8091
"ENSRNOG00000036693",988
"ENSRNOG00000068960",0
"ENSRNOG00000056356",0
"ENSRNOG00000064065",0
"ENSRNOG00000005389",625
"ENSRNOG00000035535",2
"ENSRNOG00000014354",231
"ENSRNOG00000038478",60
"ENSRNOG00000020729",430
"ENSRNOG00000046587",1
"ENSRNOG00000011060",645
"ENSRNOG00000049361",25
"ENSRNOG00000035481",0
"ENSRNOG00000055773",0
"ENSRNOG00000004518",55
"ENSRNOG00000047135",0
"ENSRNOG00000036701",7823
"ENSRNOG00000035658",0
"ENSRNOG00000069128",0
"ENSRNOG00000064064",0
"ENSRNOG00000005024",611
"ENSRNOG00000008711",909
"ENSRNOG00000035516",0
"ENSRNOG00000042869",709
"ENSRNOG00000035519",2
"ENSRNOG00000067979",3138
"ENSRNOG00000003243",598
"ENSRNOG00000003304",0
"ENSRNOG00000035480",8
"ENSRNOG00000070990",0
"ENSRNOG00000049542",0
"ENSRNOG00000036700",7
"ENSRNOG00000007301",1
"ENSRNOG00000003633",0
"ENSRNOG00000047814",0
"ENSRNOG00000003476",14
"ENSRNOG00000036672",0
"ENSRNOG00000064663",0
"ENSRNOG00000035537",0
"ENSRNOG00000003683",0
"ENSRNOG00000069468",0
"ENSRNOG00000011452",259
"ENSRNOG00000035539",0
"ENSRNOG00000017473",18
"ENSRNOG00000070746",0
"ENSRNOG00000004741",11284
"ENSRNOG00000043969",0
"ENSRNOG00000000244",82
"ENSRNOG00000069932",31
"ENSRNOG00000024591",27
"ENSRNOG00000065444",0
"ENSRNOG00000001512",0
"ENSRNOG00000049077",0
"ENSRNOG00000020769",321
"ENSRNOG00000050512",0
"ENSRNOG00000065345",1104
"ENSRNOG00000036692",19
"ENSRNOG00000033508",802
"ENSRNOG00000033492",0
"ENSRNOG00000035655",1
"ENSRNOG00000006375",576
"ENSRNOG00000071127",0
"ENSRNOG00000035586",1
"ENSRNOG00000050657",236
"ENSRNOG00000036258",0
"ENSRNOG00000036699",185
"ENSRNOG00000026714",0
"ENSRNOG00000004805",0
"ENSRNOG00000047763",0
"ENSRNOG00000009972",2692
"ENSRNOG00000002935",2383
"ENSRNOG00000026695",0
"ENSRNOG00000050490",19
"ENSRNOG00000035620",107
"ENSRNOG00000070328",118
"ENSRNOG00000067605",0
"ENSRNOG00000069117",353
"ENSRNOG00000002831",43
"ENSRNOG00000004616",3435
"ENSRNOG00000066919",38
"ENSRNOG00000047296",2132
"ENSRNOG00000008635",148
"ENSRNOG00000046598",5
"ENSRNOG00000027212",0
"ENSRNOG00000006500",95
"ENSRNOG00000003634",188
"ENSRNOG00000065739",574
"ENSRNOG00000023375",2509
"ENSRNOG00000003210",0
"ENSRNOG00000035638",0
"ENSRNOG00000068691",8
"ENSRNOG00000008707",2
"ENSRNOG00000050007",0
"ENSRNOG00000003338",5343
"ENSRNOG00000070061",0
"ENSRNOG00000035510",0
"ENSRNOG00000036661",67
"ENSRNOG00000035647",0
"ENSRNOG00000037712",0
"ENSRNOG00000035465",0
"ENSRNOG00000003269",875
"ENSRNOG00000020792",20
"ENSRNOG00000046282",7
"ENSRNOG00000064074",6
"ENSRNOG00000036260",0
"ENSRNOG00000026548",0
"ENSRNOG00000047717",0
"ENSRNOG00000061193",0
"ENSRNOG00000002338",113
"ENSRNOG00000016596",2922
"ENSRNOG00000010031",0
"ENSRNOG00000005975",11
"ENSRNOG00000004093",1285
"ENSRNOG00000006519",719
"ENSRNOG00000064962",0
"ENSRNOG00000064206",0
"ENSRNOG00000006513",122
"ENSRNOG00000068272",0
"ENSRNOG00000007292",73
"ENSRNOG00000002807",4708
"ENSRNOG00000031315",1153
"ENSRNOG00000007159",61
"ENSRNOG00000006868",1179
"ENSRNOG00000002626",0
"ENSRNOG00000004075",1
"ENSRNOG00000006943",50
"ENSRNOG00000067946",0
"ENSRNOG00000019713",423
"ENSRNOG00000027006",372
"ENSRNOG00000066270",0
"ENSRNOG00000005828",2770
"ENSRNOG00000066312",0
"ENSRNOG00000068958",0
"ENSRNOG00000066700",0
"ENSRNOG00000019729",1237
"ENSRNOG00000036668",213
"ENSRNOG00000017781",878
"ENSRNOG00000065934",0
"ENSRNOG00000003117",384
"ENSRNOG00000019798",511
"ENSRNOG00000005569",27
"ENSRNOG00000019898",0
"ENSRNOG00000062967",0
"ENSRNOG00000036667",141
"ENSRNOG00000005872",304
"ENSRNOG00000070741",0
"ENSRNOG00000019921",5
"ENSRNOG00000010302",71
"ENSRNOG00000024233",0
"ENSRNOG00000048660",182
"ENSRNOG00000005575",0
"ENSRNOG00000068508",0
"ENSRNOG00000008891",454
"ENSRNOG00000064827",0
"ENSRNOG00000015329",440
"ENSRNOG00000051302",0
"ENSRNOG00000022232",0
"ENSRNOG00000036666",488
"ENSRNOG00000070911",0
"ENSRNOG00000037613",1846
"ENSRNOG00000061008",0
"ENSRNOG00000008704",932
"ENSRNOG00000067583",0
"ENSRNOG00000002835",334
"ENSRNOG00000003245",0
"ENSRNOG00000003399",1984
"ENSRNOG00000067961",0
"ENSRNOG00000018095",687
"ENSRNOG00000061979",3
"ENSRNOG00000022582",173
"ENSRNOG00000008405",49
"ENSRNOG00000036658",679
"ENSRNOG00000034180",2402
"ENSRNOG00000006932",6
"ENSRNOG00000025370",5
"ENSRNOG00000068278",0
"ENSRNOG00000003969",13
"ENSRNOG00000050113",8
"ENSRNOG00000029115",5
"ENSRNOG00000005515",159
"ENSRNOG00000070367",0
"ENSRNOG00000019778",751
"ENSRNOG00000068243",24
"ENSRNOG00000016109",357
"ENSRNOG00000023182",96
"ENSRNOG00000030170",116
"ENSRNOG00000017001",468
"ENSRNOG00000030217",0
"ENSRNOG00000004563",4410
"ENSRNOG00000046482",4
"ENSRNOG00000037114",1
"ENSRNOG00000023381",45
"ENSRNOG00000062983",1
"ENSRNOG00000018364",1216
"ENSRNOG00000062464",0
"ENSRNOG00000067083",174
"ENSRNOG00000003800",2
"ENSRNOG00000031560",562
"ENSRNOG00000068230",0
"ENSRNOG00000020837",1
"ENSRNOG00000049724",123
"ENSRNOG00000006796",78
"ENSRNOG00000004820",998
"ENSRNOG00000029479",0
"ENSRNOG00000027511",115
"ENSRNOG00000021731",18
"ENSRNOG00000069860",0
"ENSRNOG00000016360",559
"ENSRNOG00000007578",108
"ENSRNOG00000020701",194
"ENSRNOG00000042912",44
"ENSRNOG00000023683",4
"ENSRNOG00000009066",1553
"ENSRNOG00000034060",0
"ENSRNOG00000007462",8572
"ENSRNOG00000036921",221
"ENSRNOG00000016478",1298
"ENSRNOG00000031579",3037
"ENSRNOG00000012240",2566
"ENSRNOG00000030491",1
"ENSRNOG00000056057",0
"ENSRNOG00000022375",81
"ENSRNOG00000036659",5
"ENSRNOG00000048187",96
"ENSRNOG00000017117",21
"ENSRNOG00000051691",0
"ENSRNOG00000067101",0
"ENSRNOG00000024041",0
"ENSRNOG00000020730",2818
"ENSRNOG00000042473",0
"ENSRNOG00000009329",978
"ENSRNOG00000045678",0
"ENSRNOG00000006565",0
"ENSRNOG00000049383",0
"ENSRNOG00000004430",108
"ENSRNOG00000060205",0
"ENSRNOG00000012544",0
"ENSRNOG00000017226",18
"ENSRNOG00000054186",0
"ENSRNOG00000012955",0
"ENSRNOG00000063373",202
"ENSRNOG00000052388",0
"ENSRNOG00000004132",4908
"ENSRNOG00000053283",0
"ENSRNOG00000007431",272
"ENSRNOG00000063772",0
"ENSRNOG00000006293",0
"ENSRNOG00000065269",0
"ENSRNOG00000036882",2
"ENSRNOG00000060847",0
"ENSRNOG00000022395",1115
"ENSRNOG00000003777",11
"ENSRNOG00000005392",1
"ENSRNOG00000061130",0
"ENSRNOG00000058172",0
"ENSRNOG00000027341",0
"ENSRNOG00000042847",2
"ENSRNOG00000034110",0
"ENSRNOG00000027139",0
"ENSRNOG00000064993",0
"ENSRNOG00000033065",565
"ENSRNOG00000042701",0
"ENSRNOG00000025959",0
"ENSRNOG00000002425",3
"ENSRNOG00000036662",1252
"ENSRNOG00000021536",96
"ENSRNOG00000014870",24
"ENSRNOG00000032329",0
"ENSRNOG00000036691",1278
"ENSRNOG00000066223",28
"ENSRNOG00000003256",4592
"ENSRNOG00000036690",0
"ENSRNOG00000020894",3131
"ENSRNOG00000047026",1
"ENSRNOG00000004976",0
"ENSRNOG00000007624",0
"ENSRNOG00000062373",37
"ENSRNOG00000025338",755
"ENSRNOG00000007652",0
"ENSRNOG00000007739",805
"ENSRNOG00000003349",2
"ENSRNOG00000066543",12
"ENSRNOG00000019183",0
"ENSRNOG00000007419",6278
"ENSRNOG00000071073",2
"ENSRNOG00000022555",17
"ENSRNOG00000036689",25125
"ENSRNOG00000012121",374
"ENSRNOG00000023551",12
"ENSRNOG00000070553",3
"ENSRNOG00000003714",173
"ENSRNOG00000036798",945
"ENSRNOG00000059894",299
"ENSRNOG00000046493",233
"ENSRNOG00000048125",2
"ENSRNOG00000011887",4025
"ENSRNOG00000053469",174
"ENSRNOG00000068705",0
"ENSRNOG00000014973",51
"ENSRNOG00000049162",11
"ENSRNOG00000011986",1
"ENSRNOG00000004278",0
"ENSRNOG00000052219",5763
"ENSRNOG00000046086",3
"ENSRNOG00000036796",3
"ENSRNOG00000066153",0
"ENSRNOG00000026786",0
"ENSRNOG00000013754",0
"ENSRNOG00000018829",4294
"ENSRNOG00000031805",0
"ENSRNOG00000003241",0
"ENSRNOG00000047656",7295
"ENSRNOG00000011777",239
"ENSRNOG00000047517",46
"ENSRNOG00000047933",238
"ENSRNOG00000020751",116
"ENSRNOG00000003781",0
"ENSRNOG00000010520",285
"ENSRNOG00000048712",165
"ENSRNOG00000049235",441
"ENSRNOG00000027037",8
"ENSRNOG00000021851",0
"ENSRNOG00000006494",56
"ENSRNOG00000007377",1940
"ENSRNOG00000007455",0
"ENSRNOG00000036696",2055
"ENSRNOG00000003645",1168
"ENSRNOG00000002948",299
"ENSRNOG00000003865",0
"ENSRNOG00000010756",3659
"ENSRNOG00000003802",358
"ENSRNOG00000063470",850
"ENSRNOG00000053448",4968
"ENSRNOG00000057443",1
"ENSRNOG00000047396",129
"ENSRNOG00000003822",314
"ENSRNOG00000036670",0
"ENSRNOG00000046946",0
"ENSRNOG00000050794",249
"ENSRNOG00000026596",0
"ENSRNOG00000003177",480
"ENSRNOG00000021310",2
"ENSRNOG00000018715",0
"ENSRNOG00000047531",206
"ENSRNOG00000008432",169
"ENSRNOG00000003870",352
"ENSRNOG00000018785",26
"ENSRNOG00000060087",256
"ENSRNOG00000069239",109
"ENSRNOG00000066879",0
"ENSRNOG00000036677",19
"ENSRNOG00000067425",38
"ENSRNOG00000070056",0
"ENSRNOG00000003893",26
"ENSRNOG00000046195",3
"ENSRNOG00000018748",19
"ENSRNOG00000036676",1347
"ENSRNOG00000003902",0
"ENSRNOG00000020238",280
"ENSRNOG00000003569",0
"ENSRNOG00000008144",398
"ENSRNOG00000037097",0
"ENSRNOG00000059956",1
"ENSRNOG00000003512",2
"ENSRNOG00000037100",0
"ENSRNOG00000046202",51
"ENSRNOG00000010970",0
"ENSRNOG00000003980",615
"ENSRNOG00000055466",1214
"ENSRNOG00000013588",5
"ENSRNOG00000021903",161
"ENSRNOG00000062661",34
"ENSRNOG00000020951",1
"ENSRNOG00000003086",282
"ENSRNOG00000003680",0
"ENSRNOG00000036674",0
"ENSRNOG00000006994",0
"ENSRNOG00000036664",342
"ENSRNOG00000004000",79
"ENSRNOG00000004380",0
"ENSRNOG00000004477",829
"ENSRNOG00000012557",0
"ENSRNOG00000060914",762
"ENSRNOG00000036684",206
"ENSRNOG00000005539",258
"ENSRNOG00000004404",0
"ENSRNOG00000005538",2692
"ENSRNOG00000005450",315
"ENSRNOG00000043422",0
"ENSRNOG00000003899",9
"ENSRNOG00000006098",0
"ENSRNOG00000021345",0
"ENSRNOG00000067141",60
"ENSRNOG00000007515",196
"ENSRNOG00000003276",4782
"ENSRNOG00000064511",4
"ENSRNOG00000028845",451
"ENSRNOG00000029658",1912
"ENSRNOG00000042265",0
"ENSRNOG00000059683",808
"ENSRNOG00000002372",14
"ENSRNOG00000014370",0
"ENSRNOG00000013780",1074
"ENSRNOG00000020770",67
"ENSRNOG00000003524",3449
"ENSRNOG00000067540",0
"ENSRNOG00000003936",296
"ENSRNOG00000026371",1
"ENSRNOG00000070607",0
"ENSRNOG00000012575",3
"ENSRNOG00000038894",0
"ENSRNOG00000062939",0
"ENSRNOG00000048747",171
"ENSRNOG00000031443",0
"ENSRNOG00000027803",0
"ENSRNOG00000019496",490
"ENSRNOG00000006965",4716
"ENSRNOG00000005406",1457
"ENSRNOG00000024420",14
"ENSRNOG00000002470",85
"ENSRNOG00000007218",1
"ENSRNOG00000068579",0
"ENSRNOG00000045961",93
"ENSRNOG00000031138",291
"ENSRNOG00000020772",621
"ENSRNOG00000014107",2
"ENSRNOG00000032396",0
"ENSRNOG00000021425",1
"ENSRNOG00000004276",1962
"ENSRNOG00000014125",2
"ENSRNOG00000065527",0
"ENSRNOG00000003699",146
"ENSRNOG00000022764",10
"ENSRNOG00000051084",0
"ENSRNOG00000070227",1
"ENSRNOG00000066744",0
"ENSRNOG00000002469",48
"ENSRNOG00000067505",0
"ENSRNOG00000065844",26
"ENSRNOG00000019742",5502
"ENSRNOG00000046186",66
"ENSRNOG00000004014",168
"ENSRNOG00000065754",0
"ENSRNOG00000010906",2
"ENSRNOG00000064581",0
"ENSRNOG00000058308",1
"ENSRNOG00000048210",0
"ENSRNOG00000036663",2532
"ENSRNOG00000068423",0
"ENSRNOG00000067203",6
"ENSRNOG00000046377",0
"ENSRNOG00000068274",3702
"ENSRNOG00000069777",0
"ENSRNOG00000069499",0
"ENSRNOG00000000236",5232
"ENSRNOG00000003724",172
"ENSRNOG00000020658",174
"ENSRNOG00000036671",0
"ENSRNOG00000028548",0
"ENSRNOG00000051756",358
"ENSRNOG00000050298",562
"ENSRNOG00000050347",127
"ENSRNOG00000064665",0
"ENSRNOG00000002778",147
"ENSRNOG00000023768",252
"ENSRNOG00000069495",1
"ENSRNOG00000020674",2572
"ENSRNOG00000063667",1
"ENSRNOG00000030021",0
"ENSRNOG00000046698",1719
"ENSRNOG00000068826",1542
"ENSRNOG00000022536",0
"ENSRNOG00000020678",188
"ENSRNOG00000011205",0
"ENSRNOG00000065390",2
"ENSRNOG00000047905",215
"ENSRNOG00000020684",4217
"ENSRNOG00000011406",0
"ENSRNOG00000020698",114
"ENSRNOG00000009709",0
"ENSRNOG00000036814",1780
"ENSRNOG00000065745",150
"ENSRNOG00000070851",34
"ENSRNOG00000037148",1
"ENSRNOG00000021044",1240
"ENSRNOG00000021412",812
"ENSRNOG00000033765",3770
"ENSRNOG00000014740",1
"ENSRNOG00000063847",247
"ENSRNOG00000014819",9
"ENSRNOG00000037113",205
"ENSRNOG00000003198",0
"ENSRNOG00000015380",6185
"ENSRNOG00000002916",0
"ENSRNOG00000065385",0
"ENSRNOG00000015787",1284
"ENSRNOG00000048053",6
"ENSRNOG00000057092",3
"ENSRNOG00000063541",0
"ENSRNOG00000015941",7513
"ENSRNOG00000030091",212
"ENSRNOG00000018568",4203
"ENSRNOG00000008191",28
"ENSRNOG00000032135",2
"ENSRNOG00000008313",122
"ENSRNOG00000021357",13
"ENSRNOG00000018790",0
"ENSRNOG00000021815",1161
"ENSRNOG00000016475",524
"ENSRNOG00000008365",157
"ENSRNOG00000008506",0
"ENSRNOG00000027901",206
"ENSRNOG00000016749",7
"ENSRNOG00000018892",0
"ENSRNOG00000018906",34
"ENSRNOG00000016921",500
"ENSRNOG00000007596",502
"ENSRNOG00000019075",572
"ENSRNOG00000056248",3554
"ENSRNOG00000029668",0
"ENSRNOG00000002497",0
"ENSRNOG00000066869",0
"ENSRNOG00000003285",26
"ENSRNOG00000027860",217
"ENSRNOG00000016924",2227
"ENSRNOG00000002598",5
"ENSRNOG00000027857",90
"ENSRNOG00000020879",2
"ENSRNOG00000002852",216
"ENSRNOG00000054581",216
"ENSRNOG00000063476",47
"ENSRNOG00000002753",4
"ENSRNOG00000021719",786
"ENSRNOG00000049757",0
"ENSRNOG00000042025",1
"ENSRNOG00000047940",77
"ENSRNOG00000057390",0
"ENSRNOG00000053230",559
"ENSRNOG00000070672",0
"ENSRNOG00000002919",7
"ENSRNOG00000004549",1057
"ENSRNOG00000036794",0
"ENSRNOG00000005447",687
"ENSRNOG00000042833",123
"ENSRNOG00000066876",61
"ENSRNOG00000030445",576
"ENSRNOG00000003679",2497
"ENSRNOG00000057880",63
"ENSRNOG00000017496",1115
"ENSRNOG00000047546",0
"ENSRNOG00000003501",0
"ENSRNOG00000059997",72
"ENSRNOG00000068963",109
"ENSRNOG00000032381",918
"ENSRNOG00000008264",8
"ENSRNOG00000019830",16
"ENSRNOG00000008287",152
"ENSRNOG00000058007",1443
"ENSRNOG00000019918",257
"ENSRNOG00000003576",388
"ENSRNOG00000027654",1370
"ENSRNOG00000003164",0
"ENSRNOG00000019983",763
"ENSRNOG00000006198",207
"ENSRNOG00000067470",121
"ENSRNOG00000003151",539
"ENSRNOG00000025981",40
"ENSRNOG00000053309",211
"ENSRNOG00000028569",4
"ENSRNOG00000023698",7
"ENSRNOG00000020022",89
"ENSRNOG00000002542",770
"ENSRNOG00000020056",960
"ENSRNOG00000020213",418
"ENSRNOG00000030521",0
"ENSRNOG00000022305",798
"ENSRNOG00000007845",744
"ENSRNOG00000003805",468
"ENSRNOG00000003919",569
"ENSRNOG00000008310",0
"ENSRNOG00000003143",0
"ENSRNOG00000003329",215
"ENSRNOG00000009466",0
"ENSRNOG00000064754",1935
"ENSRNOG00000032482",8
"ENSRNOG00000061035",0
"ENSRNOG00000033655",0
"ENSRNOG00000002564",0
"ENSRNOG00000069050",0
"ENSRNOG00000064553",862
"ENSRNOG00000028883",123
"ENSRNOG00000067846",0
"ENSRNOG00000070173",0
"ENSRNOG00000049118",0
"ENSRNOG00000065501",0
"ENSRNOG00000068615",0
"ENSRNOG00000069687",0
"ENSRNOG00000047259",0
"ENSRNOG00000014727",145
"ENSRNOG00000065484",0
"ENSRNOG00000017586",1338
"ENSRNOG00000064619",206
"ENSRNOG00000029706",3
"ENSRNOG00000015303",0
"ENSRNOG00000071157",0
"ENSRNOG00000051163",0
"ENSRNOG00000063521",0
"ENSRNOG00000064611",8
"ENSRNOG00000069394",56
"ENSRNOG00000031313",1124
"ENSRNOG00000058024",1
"ENSRNOG00000003635",1082
"ENSRNOG00000003515",1446
"ENSRNOG00000050163",21
"ENSRNOG00000003601",0
"ENSRNOG00000003468",0
"ENSRNOG00000008492",310
"ENSRNOG00000008425",3452
"ENSRNOG00000003629",332
"ENSRNOG00000064146",0
"ENSRNOG00000026400",2
"ENSRNOG00000003480",0
"ENSRNOG00000039568",1
"ENSRNOG00000060544",2980
"ENSRNOG00000003625",2255
"ENSRNOG00000056400",0
"ENSRNOG00000008937",2204
"ENSRNOG00000000053",0
"ENSRNOG00000028624",1647
"ENSRNOG00000005807",31
"ENSRNOG00000003717",1044
"ENSRNOG00000003884",0
"ENSRNOG00000005988",2331
"ENSRNOG00000064255",0
"ENSRNOG00000003723",2703
"ENSRNOG00000051548",1222
"ENSRNOG00000007369",3218
"ENSRNOG00000021586",3
"ENSRNOG00000003453",55
"ENSRNOG00000070301",0
"ENSRNOG00000070079",5
"ENSRNOG00000009144",0
"ENSRNOG00000025069",0
"ENSRNOG00000032490",0
"ENSRNOG00000006330",1
"ENSRNOG00000002414",14
"ENSRNOG00000069109",2
"ENSRNOG00000002595",0
"ENSRNOG00000009086",0
"ENSRNOG00000023209",1262
"ENSRNOG00000002319",976
"ENSRNOG00000033734",257
"ENSRNOG00000062700",0
"ENSRNOG00000025701",776
"ENSRNOG00000002841",9852
"ENSRNOG00000008054",56
"ENSRNOG00000006720",1724
"ENSRNOG00000007261",586
"ENSRNOG00000004678",0
"ENSRNOG00000059073",0
"ENSRNOG00000007040",385
"ENSRNOG00000003681",0
"ENSRNOG00000006237",6
"ENSRNOG00000022884",0
"ENSRNOG00000009068",1615
"ENSRNOG00000004099",6018
"ENSRNOG00000063881",0
"ENSRNOG00000042451",197
"ENSRNOG00000038286",0
"ENSRNOG00000003952",36
"ENSRNOG00000000055",0
"ENSRNOG00000002309",161
"ENSRNOG00000003403",627
"ENSRNOG00000003223",6229
"ENSRNOG00000002376",2246
"ENSRNOG00000010204",734
"ENSRNOG00000061764",0
"ENSRNOG00000003743",1037
"ENSRNOG00000034015",1711
"ENSRNOG00000062538",0
"ENSRNOG00000003211",376
"ENSRNOG00000067763",0
"ENSRNOG00000003614",153
"ENSRNOG00000068754",0
"ENSRNOG00000009073",0
"ENSRNOG00000009177",0
"ENSRNOG00000003979",170
"ENSRNOG00000049477",0
"ENSRNOG00000031934",1574
"ENSRNOG00000009141",0
"ENSRNOG00000004125",6
"ENSRNOG00000032352",0
"ENSRNOG00000003653",820
"ENSRNOG00000008736",58
"ENSRNOG00000004405",0
"ENSRNOG00000008741",1854
"ENSRNOG00000002440",381
"ENSRNOG00000023130",276
"ENSRNOG00000004441",0
"ENSRNOG00000003709",0
"ENSRNOG00000025948",7
"ENSRNOG00000004066",5
"ENSRNOG00000004003",406
"ENSRNOG00000058643",777
"ENSRNOG00000004470",0
"ENSRNOG00000002538",394
"ENSRNOG00000003237",1058
"ENSRNOG00000025571",2
"ENSRNOG00000064024",601
"ENSRNOG00000008668",2
"ENSRNOG00000046231",0
"ENSRNOG00000056781",0
"ENSRNOG00000003703",377
"ENSRNOG00000004737",1669
"ENSRNOG00000022387",0
"ENSRNOG00000002322",7
"ENSRNOG00000003866",0
"ENSRNOG00000025731",5779
"ENSRNOG00000004341",14
"ENSRNOG00000030059",0
"ENSRNOG00000002625",437
"ENSRNOG00000004062",0
"ENSRNOG00000066161",0
"ENSRNOG00000069658",0
"ENSRNOG00000026087",0
"ENSRNOG00000067369",56
"ENSRNOG00000025484",98
"ENSRNOG00000003878",0
"ENSRNOG00000003778",0
"ENSRNOG00000070618",0
"ENSRNOG00000060237",15
"ENSRNOG00000048522",4
"ENSRNOG00000056580",0
"ENSRNOG00000002393",8588
"ENSRNOG00000057116",1283
"ENSRNOG00000004633",0
"ENSRNOG00000046889",2224
"ENSRNOG00000056209",52
"ENSRNOG00000039754",99
"ENSRNOG00000025987",0
"ENSRNOG00000066050",0
"ENSRNOG00000045570",18
"ENSRNOG00000069163",1
"ENSRNOG00000006785",1326
"ENSRNOG00000046863",0
"ENSRNOG00000027702",0
"ENSRNOG00000003953",1188
"ENSRNOG00000003973",955
"ENSRNOG00000010076",158
"ENSRNOG00000049766",0
"ENSRNOG00000037850",1198
"ENSRNOG00000037211",333
"ENSRNOG00000046996",4055
"ENSRNOG00000002450",47
"ENSRNOG00000002418",4864
"ENSRNOG00000047714",0
"ENSRNOG00000006930",105
"ENSRNOG00000046240",0
"ENSRNOG00000004393",0
"ENSRNOG00000025430",1
"ENSRNOG00000032378",5
"ENSRNOG00000002478",70
"ENSRNOG00000039745",6
"ENSRNOG00000002339",131
"ENSRNOG00000069330",0
"ENSRNOG00000004726",2677
"ENSRNOG00000046165",0
"ENSRNOG00000002514",444
"ENSRNOG00000060325",0
"ENSRNOG00000002397",0
"ENSRNOG00000008471",4815
"ENSRNOG00000003365",0
"ENSRNOG00000002627",795
"ENSRNOG00000002549",64
"ENSRNOG00000002504",11
"ENSRNOG00000049303",0
"ENSRNOG00000065208",1
"ENSRNOG00000030481",0
"ENSRNOG00000065043",0
"ENSRNOG00000002512",822
"ENSRNOG00000004162",398
"ENSRNOG00000069878",0
"ENSRNOG00000003206",7304
"ENSRNOG00000064497",0
"ENSRNOG00000003486",0
"ENSRNOG00000052963",1025
"ENSRNOG00000003518",0
"ENSRNOG00000003521",0
"ENSRNOG00000058805",1577
"ENSRNOG00000021553",409
"ENSRNOG00000066569",0
"ENSRNOG00000057400",0
"ENSRNOG00000066401",0
"ENSRNOG00000029425",221
"ENSRNOG00000049471",1017
"ENSRNOG00000000653",0
"ENSRNOG00000059202",3422
"ENSRNOG00000003537",2
"ENSRNOG00000004756",3
"ENSRNOG00000017113",1294
"ENSRNOG00000068466",0
"ENSRNOG00000061139",99
"ENSRNOG00000064177",488
"ENSRNOG00000068839",0
"ENSRNOG00000003769",0
"ENSRNOG00000025704",217
"ENSRNOG00000003583",643
"ENSRNOG00000030374",102
"ENSRNOG00000022480",0
"ENSRNOG00000064078",0
"ENSRNOG00000042320",1435
"ENSRNOG00000021960",12
"ENSRNOG00000029514",1
"ENSRNOG00000010903",0
"ENSRNOG00000002353",1985
"ENSRNOG00000049641",280
"ENSRNOG00000000036",3
"ENSRNOG00000021984",10
"ENSRNOG00000006963",0
"ENSRNOG00000000657",1874
"ENSRNOG00000002368",1512
"ENSRNOG00000004870",10
"ENSRNOG00000059603",0
"ENSRNOG00000064502",0
"ENSRNOG00000056288",0
"ENSRNOG00000002378",181
"ENSRNOG00000051902",0
"ENSRNOG00000038083",3
"ENSRNOG00000063263",0
"ENSRNOG00000059556",0
"ENSRNOG00000068080",0
"ENSRNOG00000052318",0
"ENSRNOG00000004910",1081
"ENSRNOG00000061872",0
"ENSRNOG00000071135",0
"ENSRNOG00000011063",509
"ENSRNOG00000059085",0
"ENSRNOG00000052517",0
"ENSRNOG00000043201",94
"ENSRNOG00000067939",0
"ENSRNOG00000052399",0
"ENSRNOG00000057511",0
"ENSRNOG00000063797",0
"ENSRNOG00000002653",132
"ENSRNOG00000058901",0
"ENSRNOG00000052029",0
"ENSRNOG00000005342",378
"ENSRNOG00000053218",1
"ENSRNOG00000021411",3
"ENSRNOG00000054237",0
"ENSRNOG00000055999",6
"ENSRNOG00000043374",359
"ENSRNOG00000066200",1
"ENSRNOG00000032812",0
"ENSRNOG00000025100",278
"ENSRNOG00000052146",0
"ENSRNOG00000003185",553
"ENSRNOG00000060279",0
"ENSRNOG00000058188",0
"ENSRNOG00000012318",987
"ENSRNOG00000063090",0
"ENSRNOG00000053445",0
"ENSRNOG00000003738",1
"ENSRNOG00000053385",0
"ENSRNOG00000066304",193
"ENSRNOG00000060764",0
"ENSRNOG00000066591",530
"ENSRNOG00000061817",0
"ENSRNOG00000053634",0
"ENSRNOG00000052155",0
"ENSRNOG00000003388",1090
"ENSRNOG00000051737",1
"ENSRNOG00000057562",0
"ENSRNOG00000071166",0
"ENSRNOG00000052065",0
"ENSRNOG00000003716",0
"ENSRNOG00000013312",5
"ENSRNOG00000054095",0
"ENSRNOG00000006733",2262
"ENSRNOG00000051971",0
"ENSRNOG00000046460",148
"ENSRNOG00000059607",0
"ENSRNOG00000033790",3155
"ENSRNOG00000042747",24
"ENSRNOG00000042286",115
"ENSRNOG00000002969",671
"ENSRNOG00000062712",0
"ENSRNOG00000002352",399
"ENSRNOG00000056533",0
"ENSRNOG00000003745",47
"ENSRNOG00000055163",0
"ENSRNOG00000007887",1363
"ENSRNOG00000058390",0
"ENSRNOG00000059242",0
"ENSRNOG00000064320",0
"ENSRNOG00000049633",561
"ENSRNOG00000052815",0
"ENSRNOG00000070331",0
"ENSRNOG00000060068",0
"ENSRNOG00000053413",0
"ENSRNOG00000003895",0
"ENSRNOG00000002369",27
"ENSRNOG00000058078",0
"ENSRNOG00000062770",0
"ENSRNOG00000002593",0
"ENSRNOG00000064784",0
"ENSRNOG00000003722",0
"ENSRNOG00000062926",0
"ENSRNOG00000052543",0
"ENSRNOG00000057985",1
"ENSRNOG00000024657",29
"ENSRNOG00000058929",0
"ENSRNOG00000004524",811
"ENSRNOG00000055652",0
"ENSRNOG00000002680",16542
"ENSRNOG00000004263",835
"ENSRNOG00000003698",0
"ENSRNOG00000054347",0
"ENSRNOG00000021575",0
"ENSRNOG00000027017",9
"ENSRNOG00000060649",0
"ENSRNOG00000043014",0
"ENSRNOG00000055990",0
"ENSRNOG00000052013",0
"ENSRNOG00000051244",0
"ENSRNOG00000059509",0
"ENSRNOG00000000040",487
"ENSRNOG00000055952",0
"ENSRNOG00000057278",0
"ENSRNOG00000040595",0
"ENSRNOG00000068884",0
"ENSRNOG00000066077",0
"ENSRNOG00000052604",0
"ENSRNOG00000000034",175
"ENSRNOG00000003407",1577
"ENSRNOG00000066057",0
"ENSRNOG00000057270",0
"ENSRNOG00000003283",359
"ENSRNOG00000060253",1
"ENSRNOG00000066867",0
"ENSRNOG00000066388",0
"ENSRNOG00000058970",0
"ENSRNOG00000067954",0
"ENSRNOG00000064773",0
"ENSRNOG00000000033",274
"ENSRNOG00000067097",0
"ENSRNOG00000004481",1028
"ENSRNOG00000061131",4
"ENSRNOG00000066327",0
"ENSRNOG00000062601",0
"ENSRNOG00000002979",36
"ENSRNOG00000054606",0
"ENSRNOG00000063411",0
"ENSRNOG00000067680",0
"ENSRNOG00000042901",0
"ENSRNOG00000056067",0
"ENSRNOG00000057029",0
"ENSRNOG00000000655",1
"ENSRNOG00000021298",766
"ENSRNOG00000052250",0
"ENSRNOG00000060734",0
"ENSRNOG00000062491",0
"ENSRNOG00000052133",0
"ENSRNOG00000047957",192
"ENSRNOG00000069199",0
"ENSRNOG00000036364",0
"ENSRNOG00000035534",5
"ENSRNOG00000003038",2899
"ENSRNOG00000035482",0
"ENSRNOG00000056537",10
"ENSRNOG00000035513",157
"ENSRNOG00000068231",0
"ENSRNOG00000009033",225
"ENSRNOG00000036265",0
"ENSRNOG00000042369",0
"ENSRNOG00000068017",2
"ENSRNOG00000035520",0
"ENSRNOG00000035509",5
"ENSRNOG00000046719",0
"ENSRNOG00000003767",485
"ENSRNOG00000049021",1
"ENSRNOG00000050256",0
"ENSRNOG00000035637",3
"ENSRNOG00000035590",4
"ENSRNOG00000035494",4
"ENSRNOG00000035621",0
"ENSRNOG00000050602",0
"ENSRNOG00000064688",0
"ENSRNOG00000003402",551
"ENSRNOG00000071038",0
"ENSRNOG00000048659",0
"ENSRNOG00000066245",0
"ENSRNOG00000050766",3
"ENSRNOG00000059406",123
"ENSRNOG00000060773",1907
"ENSRNOG00000029556",0
"ENSRNOG00000002936",0
"ENSRNOG00000002544",1627
"ENSRNOG00000003694",1
"ENSRNOG00000030715",4
"ENSRNOG00000003927",175
"ENSRNOG00000003841",0
"ENSRNOG00000066712",873
"ENSRNOG00000027962",2135
"ENSRNOG00000046139",1
"ENSRNOG00000062084",598
"ENSRNOG00000025862",0
"ENSRNOG00000003925",181
"ENSRNOG00000004423",605
"ENSRNOG00000004402",772
"ENSRNOG00000009691",0
"ENSRNOG00000070926",3
"ENSRNOG00000003833",812
"ENSRNOG00000003048",656
"ENSRNOG00000003545",83
"ENSRNOG00000002937",1
"ENSRNOG00000003915",184
"ENSRNOG00000002723",0
"ENSRNOG00000070614",1
"ENSRNOG00000023541",2003
"ENSRNOG00000003120",17
"ENSRNOG00000003385",424
"ENSRNOG00000028368",3
"ENSRNOG00000000068",785
"ENSRNOG00000002776",0
"ENSRNOG00000028353",224
"ENSRNOG00000003434",821
"ENSRNOG00000004789",504
"ENSRNOG00000003959",0
"ENSRNOG00000070119",12955
"ENSRNOG00000005558",104
"ENSRNOG00000003687",92
"ENSRNOG00000008137",110
"ENSRNOG00000003997",8
"ENSRNOG00000046445",1549
"ENSRNOG00000070924",0
"ENSRNOG00000065694",152
"ENSRNOG00000003084",574
"ENSRNOG00000028493",1670
"ENSRNOG00000010357",5
"ENSRNOG00000002794",1
"ENSRNOG00000007591",8
"ENSRNOG00000005861",283
"ENSRNOG00000003267",188
"ENSRNOG00000003031",707
"ENSRNOG00000002811",0
"ENSRNOG00000023304",41
"ENSRNOG00000003258",418
"ENSRNOG00000005565",0
"ENSRNOG00000042201",21
"ENSRNOG00000003251",12
"ENSRNOG00000056369",0
"ENSRNOG00000002775",342
"ENSRNOG00000006019",159
"ENSRNOG00000003888",0
"ENSRNOG00000003263",7
"ENSRNOG00000009696",436
"ENSRNOG00000005082",1
"ENSRNOG00000002517",0
"ENSRNOG00000003176",0
"ENSRNOG00000059863",2
"ENSRNOG00000003616",192
"ENSRNOG00000004749",310
"ENSRNOG00000012613",0
"ENSRNOG00000003550",505
"ENSRNOG00000003078",1238
"ENSRNOG00000004195",182
"ENSRNOG00000003247",861
"ENSRNOG00000029938",1085
"ENSRNOG00000069939",2
"ENSRNOG00000002525",150
"ENSRNOG00000024825",0
"ENSRNOG00000022724",0
"ENSRNOG00000007324",15
"ENSRNOG00000047481",0
"ENSRNOG00000003522",301
"ENSRNOG00000002454",2099
"ENSRNOG00000029418",16
"ENSRNOG00000066965",173
"ENSRNOG00000027254",0
"ENSRNOG00000034164",0
"ENSRNOG00000070092",2
"ENSRNOG00000014556",0
"ENSRNOG00000057855",1
"ENSRNOG00000067587",59
"ENSRNOG00000045558",0
"ENSRNOG00000064103",0
"ENSRNOG00000026952",3
"ENSRNOG00000002657",398
"ENSRNOG00000006470",3
"ENSRNOG00000004647",3
"ENSRNOG00000066325",0
"ENSRNOG00000003059",3
"ENSRNOG00000002879",339
"ENSRNOG00000067791",1
"ENSRNOG00000030743",0
"ENSRNOG00000066803",0
"ENSRNOG00000068617",19
"ENSRNOG00000052574",948
"ENSRNOG00000069070",0
"ENSRNOG00000065816",788
"ENSRNOG00000053423",0
"ENSRNOG00000063579",0
"ENSRNOG00000008193",1351
"ENSRNOG00000028072",1
"ENSRNOG00000002705",803
"ENSRNOG00000066606",20
"ENSRNOG00000063514",14
"ENSRNOG00000066646",2
"ENSRNOG00000004127",6882
"ENSRNOG00000011100",395
"ENSRNOG00000063519",2
"ENSRNOG00000071025",5
"ENSRNOG00000026940",0
"ENSRNOG00000003150",1554
"ENSRNOG00000069730",0
"ENSRNOG00000069894",0
"ENSRNOG00000049560",1331
"ENSRNOG00000062600",0
"ENSRNOG00000070913",0
"ENSRNOG00000071154",0
"ENSRNOG00000062937",0
"ENSRNOG00000053410",3
"ENSRNOG00000021289",662
"ENSRNOG00000066582",101
"ENSRNOG00000003649",1228
"ENSRNOG00000068173",3
"ENSRNOG00000063731",191
"ENSRNOG00000069041",0
"ENSRNOG00000069455",24
"ENSRNOG00000068898",0
"ENSRNOG00000028627",3504
"ENSRNOG00000068708",0
"ENSRNOG00000028752",16
"ENSRNOG00000014866",663
"ENSRNOG00000004487",129
"ENSRNOG00000065580",122
"ENSRNOG00000067609",0
"ENSRNOG00000004111",3945
"ENSRNOG00000064188",3
"ENSRNOG00000051261",0
"ENSRNOG00000004193",233
"ENSRNOG00000067038",343
"ENSRNOG00000003248",922
"ENSRNOG00000070643",491
"ENSRNOG00000003795",874
"ENSRNOG00000070187",0
"ENSRNOG00000063348",8
"ENSRNOG00000063307",0
"ENSRNOG00000003832",622
"ENSRNOG00000064946",0
"ENSRNOG00000004424",831
"ENSRNOG00000028250",4
"ENSRNOG00000006025",6
"ENSRNOG00000056222",0
"ENSRNOG00000002947",32
"ENSRNOG00000004181",169
"ENSRNOG00000003300",473
"ENSRNOG00000064045",0
"ENSRNOG00000032307",588
"ENSRNOG00000064281",80
"ENSRNOG00000064211",0
"ENSRNOG00000062956",0
"ENSRNOG00000066881",138
"ENSRNOG00000070450",42
"ENSRNOG00000070805",0
"ENSRNOG00000004537",8
"ENSRNOG00000070711",24
"ENSRNOG00000065529",0
"ENSRNOG00000003494",21
"ENSRNOG00000066834",0
"ENSRNOG00000064682",19
"ENSRNOG00000067316",11
"ENSRNOG00000066173",35
"ENSRNOG00000068951",0
"ENSRNOG00000002964",0
"ENSRNOG00000066046",16
"ENSRNOG00000015508",861
"ENSRNOG00000062505",37
"ENSRNOG00000065995",5
"ENSRNOG00000004642",3
"ENSRNOG00000068336",0
"ENSRNOG00000062561",0
"ENSRNOG00000071040",619
"ENSRNOG00000066307",39
"ENSRNOG00000003790",0
"ENSRNOG00000068572",3
"ENSRNOG00000002863",14
"ENSRNOG00000067571",0
"ENSRNOG00000056279",0
"ENSRNOG00000069844",0
"ENSRNOG00000068762",0
"ENSRNOG00000068613",114
"ENSRNOG00000003220",460
"ENSRNOG00000025119",0
"ENSRNOG00000064023",0
"ENSRNOG00000069845",0
"ENSRNOG00000064342",0
"ENSRNOG00000064809",1
"ENSRNOG00000002730",2
"ENSRNOG00000069637",1
"ENSRNOG00000051440",871
"ENSRNOG00000021497",1017
"ENSRNOG00000064615",0
"ENSRNOG00000004356",0
"ENSRNOG00000071027",0
"ENSRNOG00000066845",0
"ENSRNOG00000069472",0
"ENSRNOG00000056214",0
"ENSRNOG00000003310",885
"ENSRNOG00000002602",0
"ENSRNOG00000003917",573
"ENSRNOG00000071122",20
"ENSRNOG00000002640",5
"ENSRNOG00000068257",3
"ENSRNOG00000002695",210
"ENSRNOG00000059225",10
"ENSRNOG00000003183",13137
"ENSRNOG00000015615",0
"ENSRNOG00000068751",64
"ENSRNOG00000066769",0
"ENSRNOG00000063055",1
"ENSRNOG00000002710",472
"ENSRNOG00000071159",0
"ENSRNOG00000070387",0
"ENSRNOG00000053272",0
"ENSRNOG00000003816",406
"ENSRNOG00000055995",0
"ENSRNOG00000003562",5
"ENSRNOG00000065753",45
"ENSRNOG00000051166",40
"ENSRNOG00000003336",0
"ENSRNOG00000002583",0
"ENSRNOG00000066143",0
"ENSRNOG00000032058",1552
"ENSRNOG00000067955",0
"ENSRNOG00000065784",11
"ENSRNOG00000003442",4
"ENSRNOG00000022067",149
"ENSRNOG00000003018",2165
"ENSRNOG00000028016",14
"ENSRNOG00000070620",0
"ENSRNOG00000002882",418
"ENSRNOG00000005093",11
"ENSRNOG00000071066",16
"ENSRNOG00000070089",0
"ENSRNOG00000002881",6214
"ENSRNOG00000066098",2
"ENSRNOG00000000066",610
"ENSRNOG00000028194",0
"ENSRNOG00000002403",15121
"ENSRNOG00000067674",0
"ENSRNOG00000054449",0
"ENSRNOG00000067693",377
"ENSRNOG00000067442",0
"ENSRNOG00000002907",406
"ENSRNOG00000051373",0
"ENSRNOG00000066175",154
"ENSRNOG00000053016",0
"ENSRNOG00000067488",3
"ENSRNOG00000059684",0
"ENSRNOG00000060375",0
"ENSRNOG00000052863",0
"ENSRNOG00000053352",0
"ENSRNOG00000063883",0
"ENSRNOG00000022174",4
"ENSRNOG00000002781",923
"ENSRNOG00000063003",0
"ENSRNOG00000002773",2
"ENSRNOG00000056434",0
"ENSRNOG00000052403",0
"ENSRNOG00000064602",41
"ENSRNOG00000057771",0
"ENSRNOG00000061551",0
"ENSRNOG00000052252",0
"ENSRNOG00000059630",0
"ENSRNOG00000047287",1882
"ENSRNOG00000032258",220
"ENSRNOG00000070195",0
"ENSRNOG00000059797",0
"ENSRNOG00000064093",0
"ENSRNOG00000054895",0
"ENSRNOG00000002926",105
"ENSRNOG00000005038",270
"ENSRNOG00000002580",896
"ENSRNOG00000002941",215
"ENSRNOG00000066913",0
"ENSRNOG00000003594",1474
"ENSRNOG00000002417",0
"ENSRNOG00000002618",1234
"ENSRNOG00000007418",4637
"ENSRNOG00000069420",9
"ENSRNOG00000002821",898
"ENSRNOG00000067862",0
"ENSRNOG00000024632",2665
"ENSRNOG00000004143",3045
"ENSRNOG00000014859",1
"ENSRNOG00000002347",910
"ENSRNOG00000034221",7
"ENSRNOG00000003163",3734
"ENSRNOG00000064462",0
"ENSRNOG00000002667",33
"ENSRNOG00000003740",0
"ENSRNOG00000028089",0
"ENSRNOG00000030515",0
"ENSRNOG00000038921",0
"ENSRNOG00000028062",2288
"ENSRNOG00000065155",4
"ENSRNOG00000028358",1571
"ENSRNOG00000025151",13
"ENSRNOG00000002691",0
"ENSRNOG00000002735",1430
"ENSRNOG00000004018",5
"ENSRNOG00000002396",80
"ENSRNOG00000002460",0
"ENSRNOG00000003595",15
"ENSRNOG00000064561",0
"ENSRNOG00000028236",534
"ENSRNOG00000063241",0
"ENSRNOG00000005277",17
"ENSRNOG00000064510",27
"ENSRNOG00000029841",0
"ENSRNOG00000002473",693
"ENSRNOG00000003882",1410
"ENSRNOG00000002555",0
"ENSRNOG00000070646",0
"ENSRNOG00000067956",1024
"ENSRNOG00000069572",11
"ENSRNOG00000029868",0
"ENSRNOG00000027593",106
"ENSRNOG00000033391",0
"ENSRNOG00000068309",0
"ENSRNOG00000028207",29
"ENSRNOG00000030278",310
"ENSRNOG00000025964",9
"ENSRNOG00000008603",0
"ENSRNOG00000053210",5250
"ENSRNOG00000003171",2
"ENSRNOG00000068606",0
"ENSRNOG00000066166",7
"ENSRNOG00000038205",0
"ENSRNOG00000031569",0
"ENSRNOG00000002394",2877
"ENSRNOG00000033515",27
"ENSRNOG00000063714",0
"ENSRNOG00000046786",0
"ENSRNOG00000004305",249
"ENSRNOG00000048614",0
"ENSRNOG00000042995",0
"ENSRNOG00000002826",151
"ENSRNOG00000029859",1988
"ENSRNOG00000029459",62
"ENSRNOG00000059957",23
"ENSRNOG00000063975",107
"ENSRNOG00000027697",147
"ENSRNOG00000007735",650
"ENSRNOG00000050941",0
"ENSRNOG00000004029",0
"ENSRNOG00000022063",0
"ENSRNOG00000022329",0
"ENSRNOG00000031864",5050
"ENSRNOG00000028939",2753
"ENSRNOG00000002385",2
"ENSRNOG00000038076",0
"ENSRNOG00000038347",964
"ENSRNOG00000027024",1
"ENSRNOG00000022717",0
"ENSRNOG00000003706",1332
"ENSRNOG00000005177",64
"ENSRNOG00000042929",449
"ENSRNOG00000004307",378
"ENSRNOG00000004337",1282
"ENSRNOG00000002972",6
"ENSRNOG00000064104",1
"ENSRNOG00000034300",3
"ENSRNOG00000003500",2
"ENSRNOG00000005229",755
"ENSRNOG00000058500",0
"ENSRNOG00000003135",0
"ENSRNOG00000003928",1742
"ENSRNOG00000005667",1
"ENSRNOG00000004027",3340
"ENSRNOG00000002750",1318
"ENSRNOG00000002548",105
"ENSRNOG00000004245",171
"ENSRNOG00000068856",189
"ENSRNOG00000004414",326
"ENSRNOG00000057677",25
"ENSRNOG00000002711",187
"ENSRNOG00000004917",2283
"ENSRNOG00000066932",257
"ENSRNOG00000003779",8
"ENSRNOG00000003881",66
"ENSRNOG00000000042",1025
"ENSRNOG00000004022",154
"ENSRNOG00000042860",4
"ENSRNOG00000003260",258
"ENSRNOG00000026797",2
"ENSRNOG00000002468",3
"ENSRNOG00000022104",0
"ENSRNOG00000025005",1
"ENSRNOG00000003209",303
"ENSRNOG00000002736",483
"ENSRNOG00000003398",119
"ENSRNOG00000023547",6
"ENSRNOG00000003100",313
"ENSRNOG00000053229",1
"ENSRNOG00000003298",7
"ENSRNOG00000055673",35
"ENSRNOG00000002890",3
"ENSRNOG00000002501",0
"ENSRNOG00000022144",547
"ENSRNOG00000029371",0
"ENSRNOG00000038786",0
"ENSRNOG00000003581",243
"ENSRNOG00000031098",0
"ENSRNOG00000069659",23
"ENSRNOG00000050463",15
"ENSRNOG00000069305",0
"ENSRNOG00000029410",411
"ENSRNOG00000028513",300
"ENSRNOG00000003946",2106
"ENSRNOG00000025794",0
"ENSRNOG00000063790",0
"ENSRNOG00000064271",32
"ENSRNOG00000063128",28
"ENSRNOG00000068226",0
"ENSRNOG00000062858",45
"ENSRNOG00000062982",19
"ENSRNOG00000024159",22
"ENSRNOG00000064014",0
"ENSRNOG00000064648",0
"ENSRNOG00000062361",49
"ENSRNOG00000048267",2151
"ENSRNOG00000070804",10
"ENSRNOG00000071020",5
"ENSRNOG00000065024",6
"ENSRNOG00000066782",0
"ENSRNOG00000024849",995
"ENSRNOG00000038372",1
"ENSRNOG00000002875",724
"ENSRNOG00000026917",1038
"ENSRNOG00000003567",398
"ENSRNOG00000004030",0
"ENSRNOG00000003538",49
"ENSRNOG00000003551",947
"ENSRNOG00000051405",8
"ENSRNOG00000007604",163
"ENSRNOG00000002968",0
"ENSRNOG00000007645",18
"ENSRNOG00000068444",7
"ENSRNOG00000004736",151
"ENSRNOG00000005166",0
"ENSRNOG00000004712",49
"ENSRNOG00000002569",481
"ENSRNOG00000002572",874
"ENSRNOG00000046663",54
"ENSRNOG00000002978",4
"ENSRNOG00000003071",339
"ENSRNOG00000003221",1
"ENSRNOG00000003136",0
"ENSRNOG00000038789",230
"ENSRNOG00000066215",0
"ENSRNOG00000046452",0
"ENSRNOG00000026497",1422
"ENSRNOG00000026523",3
"ENSRNOG00000024382",0
"ENSRNOG00000058710",286
"ENSRNOG00000049422",24
"ENSRNOG00000008045",0
"ENSRNOG00000031540",5178
"ENSRNOG00000026490",653
"ENSRNOG00000004255",2
"ENSRNOG00000004192",3
"ENSRNOG00000065645",27
"ENSRNOG00000066585",9868
"ENSRNOG00000003042",197
"ENSRNOG00000025415",1
"ENSRNOG00000026607",23
"ENSRNOG00000007290",82
"ENSRNOG00000070334",0
"ENSRNOG00000025189",130
"ENSRNOG00000003720",5986
"ENSRNOG00000002783",119
"ENSRNOG00000026907",801
"ENSRNOG00000002813",0
"ENSRNOG00000049537",441
"ENSRNOG00000004889",154
"ENSRNOG00000042492",1171
"ENSRNOG00000005592",0
"ENSRNOG00000005355",3691
"ENSRNOG00000069839",0
"ENSRNOG00000003861",379
"ENSRNOG00000034191",2
"ENSRNOG00000003510",38
"ENSRNOG00000049851",0
"ENSRNOG00000068743",1960
"ENSRNOG00000006247",8331
"ENSRNOG00000022143",87
"ENSRNOG00000003400",141
"ENSRNOG00000008301",13383
"ENSRNOG00000003291",52
"ENSRNOG00000026542",718
"ENSRNOG00000002860",85
"ENSRNOG00000003620",2
"ENSRNOG00000003073",73
"ENSRNOG00000002839",318
"ENSRNOG00000038499",0
"ENSRNOG00000025318",524
"ENSRNOG00000002884",361
"ENSRNOG00000059276",163
"ENSRNOG00000002898",626
"ENSRNOG00000002934",548
"ENSRNOG00000004140",52
"ENSRNOG00000003592",641
"ENSRNOG00000001967",0
"ENSRNOG00000003666",8
"ENSRNOG00000001957",0
"ENSRNOG00000003672",0
"ENSRNOG00000039331",0
"ENSRNOG00000003840",1734
"ENSRNOG00000003718",0
"ENSRNOG00000003776",0
"ENSRNOG00000055596",0
"ENSRNOG00000054677",0
"ENSRNOG00000001960",0
"ENSRNOG00000051190",654
"ENSRNOG00000001980",0
"ENSRNOG00000003205",279
"ENSRNOG00000070682",0
"ENSRNOG00000065137",0
"ENSRNOG00000001996",626
"ENSRNOG00000004473",1
"ENSRNOG00000069670",0
"ENSRNOG00000042588",0
"ENSRNOG00000067137",6
"ENSRNOG00000005094",1
"ENSRNOG00000002002",1
"ENSRNOG00000046540",0
"ENSRNOG00000064466",0
"ENSRNOG00000002005",0
"ENSRNOG00000005043",205
"ENSRNOG00000029964",0
"ENSRNOG00000055991",0
"ENSRNOG00000064759",0
"ENSRNOG00000001973",0
"ENSRNOG00000001990",0
"ENSRNOG00000062781",0
"ENSRNOG00000042714",0
"ENSRNOG00000022255",1
"ENSRNOG00000050437",494
"ENSRNOG00000033910",0
"ENSRNOG00000002011",1
"ENSRNOG00000021931",839
"ENSRNOG00000029064",174
"ENSRNOG00000003174",603
"ENSRNOG00000002014",0
"ENSRNOG00000068319",0
"ENSRNOG00000033207",6
"ENSRNOG00000003064",39
"ENSRNOG00000021776",235
"ENSRNOG00000046764",0
"ENSRNOG00000005261",555
"ENSRNOG00000004279",1514
"ENSRNOG00000002024",0
"ENSRNOG00000017074",1226
"ENSRNOG00000069695",0
"ENSRNOG00000069801",0
"ENSRNOG00000001912",0
"ENSRNOG00000003098",0
"ENSRNOG00000030149",22
"ENSRNOG00000003069",445
"ENSRNOG00000051169",0
"ENSRNOG00000028534",221
"ENSRNOG00000003095",1
"ENSRNOG00000027195",0
"ENSRNOG00000028423",1
"ENSRNOG00000060782",21
"ENSRNOG00000005700",0
"ENSRNOG00000024689",7
"ENSRNOG00000002216",756
"ENSRNOG00000006139",371
"ENSRNOG00000002139",14
"ENSRNOG00000002050",17306
"ENSRNOG00000024779",1699
"ENSRNOG00000005302",25
"ENSRNOG00000002055",329
"ENSRNOG00000028108",9
"ENSRNOG00000002137",143
"ENSRNOG00000002085",17
"ENSRNOG00000068566",134
"ENSRNOG00000029628",1
"ENSRNOG00000005108",750
"ENSRNOG00000066503",1
"ENSRNOG00000068895",0
"ENSRNOG00000061477",1
"ENSRNOG00000066390",0
"ENSRNOG00000061119",2
"ENSRNOG00000056048",0
"ENSRNOG00000057383",0
"ENSRNOG00000068537",47
"ENSRNOG00000064279",0
"ENSRNOG00000065016",1
"ENSRNOG00000059848",0
"ENSRNOG00000058481",0
"ENSRNOG00000053821",0
"ENSRNOG00000068477",0
"ENSRNOG00000069435",0
"ENSRNOG00000002100",1735
"ENSRNOG00000056287",13
"ENSRNOG00000070240",0
"ENSRNOG00000057388",0
"ENSRNOG00000067871",1
"ENSRNOG00000067348",0
"ENSRNOG00000062656",0
"ENSRNOG00000055205",0
"ENSRNOG00000052544",0
"ENSRNOG00000054232",0
"ENSRNOG00000059715",884
"ENSRNOG00000066435",0
"ENSRNOG00000068598",0
"ENSRNOG00000067623",0
"ENSRNOG00000070782",0
"ENSRNOG00000070282",0
"ENSRNOG00000068746",0
"ENSRNOG00000059932",0
"ENSRNOG00000005346",235
"ENSRNOG00000061566",0
"ENSRNOG00000055347",0
"ENSRNOG00000002101",632
"ENSRNOG00000055338",0
"ENSRNOG00000028498",2116
"ENSRNOG00000057361",0
"ENSRNOG00000067418",0
"ENSRNOG00000064187",0
"ENSRNOG00000069994",0
"ENSRNOG00000064908",0
"ENSRNOG00000068182",0
"ENSRNOG00000066690",0
"ENSRNOG00000058302",0
"ENSRNOG00000060890",0
"ENSRNOG00000059646",0
"ENSRNOG00000061258",0
"ENSRNOG00000066081",0
"ENSRNOG00000067453",0
"ENSRNOG00000005374",90
"ENSRNOG00000061332",0
"ENSRNOG00000057027",2
"ENSRNOG00000002128",495
"ENSRNOG00000051736",0
"ENSRNOG00000061029",0
"ENSRNOG00000065331",0
"ENSRNOG00000051998",0
"ENSRNOG00000052335",0
"ENSRNOG00000053119",0
"ENSRNOG00000060673",2
"ENSRNOG00000052658",0
"ENSRNOG00000056124",0
"ENSRNOG00000064599",0
"ENSRNOG00000062593",0
"ENSRNOG00000050100",0
"ENSRNOG00000068214",0
"ENSRNOG00000005633",67
"ENSRNOG00000070730",0
"ENSRNOG00000058679",0
"ENSRNOG00000002266",0
"ENSRNOG00000054969",0
"ENSRNOG00000068435",0
"ENSRNOG00000063428",0
"ENSRNOG00000055511",0
"ENSRNOG00000064802",2
"ENSRNOG00000048183",0
"ENSRNOG00000051435",0
"ENSRNOG00000036371",0
"ENSRNOG00000062913",0
"ENSRNOG00000035514",0
"ENSRNOG00000058492",0
"ENSRNOG00000035518",0
"ENSRNOG00000002153",124
"ENSRNOG00000059094",0
"ENSRNOG00000049999",0
"ENSRNOG00000068284",0
"ENSRNOG00000066772",1
"ENSRNOG00000059490",0
"ENSRNOG00000035486",0
"ENSRNOG00000056158",0
"ENSRNOG00000049481",0
"ENSRNOG00000058202",79
"ENSRNOG00000059213",0
"ENSRNOG00000061069",0
"ENSRNOG00000055559",0
"ENSRNOG00000065374",0
"ENSRNOG00000057962",0
"ENSRNOG00000059816",0
"ENSRNOG00000056966",0
"ENSRNOG00000060186",0
"ENSRNOG00000064005",0
"ENSRNOG00000068557",0
"ENSRNOG00000051642",0
"ENSRNOG00000061848",0
"ENSRNOG00000058945",0
"ENSRNOG00000064029",0
"ENSRNOG00000055752",0
"ENSRNOG00000070648",1
"ENSRNOG00000065069",0
"ENSRNOG00000054518",0
"ENSRNOG00000002144",610
"ENSRNOG00000031397",5
"ENSRNOG00000051641",0
"ENSRNOG00000054885",1
"ENSRNOG00000055902",1
"ENSRNOG00000060757",0
"ENSRNOG00000006575",6
"ENSRNOG00000055341",0
"ENSRNOG00000054570",0
"ENSRNOG00000068488",0
"ENSRNOG00000027326",539
"ENSRNOG00000068972",0
"ENSRNOG00000060039",0
"ENSRNOG00000067087",0
"ENSRNOG00000066135",0
"ENSRNOG00000066820",0
"ENSRNOG00000056117",0
"ENSRNOG00000006593",457
"ENSRNOG00000071000",0
"ENSRNOG00000002267",272
"ENSRNOG00000066661",0
"ENSRNOG00000060891",0
"ENSRNOG00000068463",0
"ENSRNOG00000068267",0
"ENSRNOG00000062625",0
"ENSRNOG00000002164",4
"ENSRNOG00000066752",0
"ENSRNOG00000007993",71
"ENSRNOG00000065384",0
"ENSRNOG00000058212",0
"ENSRNOG00000055664",0
"ENSRNOG00000065887",0
"ENSRNOG00000058706",0
"ENSRNOG00000060346",0
"ENSRNOG00000002169",1
"ENSRNOG00000052432",0
"ENSRNOG00000068144",0
"ENSRNOG00000055710",0
"ENSRNOG00000070791",0
"ENSRNOG00000055442",4
"ENSRNOG00000058433",0
"ENSRNOG00000070023",0
"ENSRNOG00000002175",793
"ENSRNOG00000069714",0
"ENSRNOG00000060665",3316
"ENSRNOG00000067980",0
"ENSRNOG00000061314",0
"ENSRNOG00000068811",0
"ENSRNOG00000059747",0
"ENSRNOG00000051515",1
"ENSRNOG00000052548",0
"ENSRNOG00000056459",0
"ENSRNOG00000057537",0
"ENSRNOG00000064750",2
"ENSRNOG00000057816",0
"ENSRNOG00000058788",0
"ENSRNOG00000057444",0
"ENSRNOG00000056382",0
"ENSRNOG00000060691",1
"ENSRNOG00000052288",0
"ENSRNOG00000002199",711
"ENSRNOG00000008947",41
"ENSRNOG00000046829",0
"ENSRNOG00000002097",330
"ENSRNOG00000026585",22
"ENSRNOG00000002120",10
"ENSRNOG00000026828",106
"ENSRNOG00000007882",4
"ENSRNOG00000063288",0
"ENSRNOG00000002106",819
"ENSRNOG00000002074",751
"ENSRNOG00000002135",896
"ENSRNOG00000002152",464
"ENSRNOG00000002227",1
"ENSRNOG00000038891",0
"ENSRNOG00000003134",192
"ENSRNOG00000002272",558
"ENSRNOG00000009154",0
"ENSRNOG00000002174",1
"ENSRNOG00000002275",491
"ENSRNOG00000002224",6
"ENSRNOG00000006400",1522
"ENSRNOG00000029734",0
"ENSRNOG00000025670",0
"ENSRNOG00000042041",0
"ENSRNOG00000004112",0
"ENSRNOG00000002278",371
"ENSRNOG00000023372",0
"ENSRNOG00000023342",0
"ENSRNOG00000024945",2356
"ENSRNOG00000022419",0
"ENSRNOG00000004168",109
"ENSRNOG00000002248",1589
"ENSRNOG00000005122",184
"ENSRNOG00000003392",1485
"ENSRNOG00000009572",0
"ENSRNOG00000005428",2125
"ENSRNOG00000023578",0
"ENSRNOG00000001951",0
"ENSRNOG00000070341",0
"ENSRNOG00000001949",0
"ENSRNOG00000067037",2
"ENSRNOG00000055684",0
"ENSRNOG00000004778",1
"ENSRNOG00000030568",214
"ENSRNOG00000027801",0
"ENSRNOG00000002911",0
"ENSRNOG00000037621",0
"ENSRNOG00000006033",217
"ENSRNOG00000067409",4
"ENSRNOG00000002254",1718
"ENSRNOG00000062451",0
"ENSRNOG00000002866",3
"ENSRNOG00000012534",750
"ENSRNOG00000046611",0
"ENSRNOG00000007349",492
"ENSRNOG00000067632",2162
"ENSRNOG00000009642",2142
"ENSRNOG00000064340",32
"ENSRNOG00000070153",2
"ENSRNOG00000070621",0
"ENSRNOG00000063159",7
"ENSRNOG00000066629",0
"ENSRNOG00000058588",1020
"ENSRNOG00000066030",13
"ENSRNOG00000070858",0
"ENSRNOG00000068765",1
"ENSRNOG00000070779",3
"ENSRNOG00000067494",0
"ENSRNOG00000025695",4367
"ENSRNOG00000007564",479
"ENSRNOG00000009881",0
"ENSRNOG00000066912",0
"ENSRNOG00000002196",445
"ENSRNOG00000007002",110
"ENSRNOG00000063895",0
"ENSRNOG00000070894",21
"ENSRNOG00000071035",78
"ENSRNOG00000070700",0
"ENSRNOG00000068701",160
"ENSRNOG00000065150",0
"ENSRNOG00000018709",715
"ENSRNOG00000057919",0
"ENSRNOG00000051571",0
"ENSRNOG00000002345",0
"ENSRNOG00000063814",0
"ENSRNOG00000003428",187
"ENSRNOG00000003553",3
"ENSRNOG00000065078",0
"ENSRNOG00000064361",48
"ENSRNOG00000070345",0
"ENSRNOG00000066289",0
"ENSRNOG00000065188",28
"ENSRNOG00000018859",341
"ENSRNOG00000067415",0
"ENSRNOG00000068335",5
"ENSRNOG00000002205",2794
"ENSRNOG00000065610",1
"ENSRNOG00000069616",0
"ENSRNOG00000066490",0
"ENSRNOG00000063894",0
"ENSRNOG00000065451",0
"ENSRNOG00000066221",0
"ENSRNOG00000062972",0
"ENSRNOG00000059479",16
"ENSRNOG00000019000",364
"ENSRNOG00000067014",1
"ENSRNOG00000069045",1
"ENSRNOG00000066877",92
"ENSRNOG00000068052",0
"ENSRNOG00000063179",0
"ENSRNOG00000034200",0
"ENSRNOG00000065960",197
"ENSRNOG00000069188",5
"ENSRNOG00000068536",1
"ENSRNOG00000066736",5
"ENSRNOG00000011073",1604
"ENSRNOG00000054706",0
"ENSRNOG00000068730",0
"ENSRNOG00000002057",22
"ENSRNOG00000067807",15
"ENSRNOG00000005141",399
"ENSRNOG00000064290",0
"ENSRNOG00000067991",4
"ENSRNOG00000068868",1
"ENSRNOG00000063529",2088
"ENSRNOG00000064981",0
"ENSRNOG00000068969",12
"ENSRNOG00000062706",152
"ENSRNOG00000008374",377
"ENSRNOG00000065386",0
"ENSRNOG00000002178",134
"ENSRNOG00000004290",8160
"ENSRNOG00000054053",0
"ENSRNOG00000067297",5
"ENSRNOG00000064050",0
"ENSRNOG00000000065",1
"ENSRNOG00000063198",7
"ENSRNOG00000062990",8
"ENSRNOG00000070093",5
"ENSRNOG00000004972",61
"ENSRNOG00000025925",7
"ENSRNOG00000068460",171
"ENSRNOG00000002165",105
"ENSRNOG00000069582",0
"ENSRNOG00000065832",24
"ENSRNOG00000018319",607
"ENSRNOG00000000035",0
"ENSRNOG00000064766",4
"ENSRNOG00000071196",0
"ENSRNOG00000054857",0
"ENSRNOG00000063710",0
"ENSRNOG00000070797",1
"ENSRNOG00000002181",208
"ENSRNOG00000004444",0
"ENSRNOG00000069051",0
"ENSRNOG00000065282",26
"ENSRNOG00000067460",0
"ENSRNOG00000000070",1263
"ENSRNOG00000070125",0
"ENSRNOG00000043210",1191
"ENSRNOG00000066365",17
"ENSRNOG00000062603",3
"ENSRNOG00000063408",0
"ENSRNOG00000000043",2089
"ENSRNOG00000063433",0
"ENSRNOG00000002129",600
"ENSRNOG00000068177",0
"ENSRNOG00000004090",3200
"ENSRNOG00000070162",2
"ENSRNOG00000027088",840
"ENSRNOG00000064219",7
"ENSRNOG00000068528",26
"ENSRNOG00000067267",27
"ENSRNOG00000005203",686
"ENSRNOG00000070904",58
"ENSRNOG00000002244",1433
"ENSRNOG00000065907",0
"ENSRNOG00000059010",0
"ENSRNOG00000023026",2
"ENSRNOG00000000041",47
"ENSRNOG00000063994",0
"ENSRNOG00000002754",5
"ENSRNOG00000063209",0
"ENSRNOG00000049527",320
"ENSRNOG00000067899",0
"ENSRNOG00000056561",0
"ENSRNOG00000024112",311
"ENSRNOG00000002154",0
"ENSRNOG00000018412",73
"ENSRNOG00000066377",4184
"ENSRNOG00000064574",0
"ENSRNOG00000005214",0
"ENSRNOG00000004781",3
"ENSRNOG00000063094",2
"ENSRNOG00000068298",3
"ENSRNOG00000056621",0
"ENSRNOG00000062871",137
"ENSRNOG00000002541",2440
"ENSRNOG00000002217",0
"ENSRNOG00000000044",749
"ENSRNOG00000066233",0
"ENSRNOG00000025882",49
"ENSRNOG00000022229",376
"ENSRNOG00000050047",0
"ENSRNOG00000063110",3
"ENSRNOG00000005326",7
"ENSRNOG00000002540",17
"ENSRNOG00000069738",0
"ENSRNOG00000026091",45
"ENSRNOG00000066418",0
"ENSRNOG00000002262",371
"ENSRNOG00000067919",1
"ENSRNOG00000065665",0
"ENSRNOG00000069726",0
"ENSRNOG00000057953",0
"ENSRNOG00000002271",2379
"ENSRNOG00000049351",0
"ENSRNOG00000062676",0
"ENSRNOG00000065688",0
"ENSRNOG00000040210",0
"ENSRNOG00000002270",1532
"ENSRNOG00000064666",0
"ENSRNOG00000026150",2
"ENSRNOG00000004332",672
"ENSRNOG00000064628",0
"ENSRNOG00000043130",0
"ENSRNOG00000002320",229
"ENSRNOG00000065647",0
"ENSRNOG00000063974",71
"ENSRNOG00000063375",0
"ENSRNOG00000013039",4195
"ENSRNOG00000022857",65
"ENSRNOG00000002360",0
"ENSRNOG00000026504",1772
"ENSRNOG00000068878",0
"ENSRNOG00000066747",24
"ENSRNOG00000067111",0
"ENSRNOG00000002292",418
"ENSRNOG00000067042",0
"ENSRNOG00000066624",15
"ENSRNOG00000013805",91
"ENSRNOG00000002039",677
"ENSRNOG00000069393",0
"ENSRNOG00000030258",0
"ENSRNOG00000004865",13
"ENSRNOG00000062754",0
"ENSRNOG00000018475",926
"ENSRNOG00000067406",0
"ENSRNOG00000063444",0
"ENSRNOG00000002302",1
"ENSRNOG00000013832",1627
"ENSRNOG00000063702",1
"ENSRNOG00000059285",0
"ENSRNOG00000065321",0
"ENSRNOG00000046931",0
"ENSRNOG00000063004",2
"ENSRNOG00000002251",6353
"ENSRNOG00000056604",3
"ENSRNOG00000068590",0
"ENSRNOG00000071149",0
"ENSRNOG00000060641",0
"ENSRNOG00000065680",0
"ENSRNOG00000068623",7
"ENSRNOG00000063388",4
"ENSRNOG00000067003",0
"ENSRNOG00000002318",179
"ENSRNOG00000067972",0
"ENSRNOG00000013930",4130
"ENSRNOG00000018590",714
"ENSRNOG00000006185",51
"ENSRNOG00000063585",0
"ENSRNOG00000024207",291
"ENSRNOG00000069538",2
"ENSRNOG00000058434",10
"ENSRNOG00000055083",0
"ENSRNOG00000002312",385
"ENSRNOG00000037162",993
"ENSRNOG00000023533",103
"ENSRNOG00000004281",1136
"ENSRNOG00000037421",43
"ENSRNOG00000055471",2003
"ENSRNOG00000002349",0
"ENSRNOG00000056162",4964
"ENSRNOG00000023529",5070
"ENSRNOG00000002121",583
"ENSRNOG00000002843",0
"ENSRNOG00000009313",1801
"ENSRNOG00000001950",0
"ENSRNOG00000005105",0
"ENSRNOG00000002035",131
"ENSRNOG00000023430",0
"ENSRNOG00000037632",0
"ENSRNOG00000029397",0
"ENSRNOG00000002889",0
"ENSRNOG00000017259",488
"ENSRNOG00000002031",0
"ENSRNOG00000024545",52
"ENSRNOG00000010996",1297
"ENSRNOG00000002040",761
"ENSRNOG00000005393",2270
"ENSRNOG00000002117",0
"ENSRNOG00000017548",316
"ENSRNOG00000063749",0
"ENSRNOG00000018144",307
"ENSRNOG00000000073",160
"ENSRNOG00000017329",581
"ENSRNOG00000002301",2665
"ENSRNOG00000002381",91
"ENSRNOG00000002246",561
"ENSRNOG00000007025",348
"ENSRNOG00000002093",1056
"ENSRNOG00000004327",12
"ENSRNOG00000001942",0
"ENSRNOG00000000075",150
"ENSRNOG00000066731",0
"ENSRNOG00000063633",0
"ENSRNOG00000016818",910
"ENSRNOG00000002327",0
"ENSRNOG00000001945",0
"ENSRNOG00000065981",0
"ENSRNOG00000002336",1
"ENSRNOG00000003606",46
"ENSRNOG00000066636",0
"ENSRNOG00000030665",0
"ENSRNOG00000068764",0
"ENSRNOG00000002070",61
"ENSRNOG00000042340",674
"ENSRNOG00000002163",3002
"ENSRNOG00000063582",1
"ENSRNOG00000062941",0
"ENSRNOG00000005464",1212
"ENSRNOG00000024829",818
"ENSRNOG00000068757",24
"ENSRNOG00000063124",0
"ENSRNOG00000004888",604
"ENSRNOG00000002932",737
"ENSRNOG00000065993",0
"ENSRNOG00000013747",246
"ENSRNOG00000002105",53
"ENSRNOG00000056900",0
"ENSRNOG00000029461",15
"ENSRNOG00000033214",0
"ENSRNOG00000031052",4147
"ENSRNOG00000032160",597
"ENSRNOG00000065000",417
"ENSRNOG00000043048",0
"ENSRNOG00000002161",85
"ENSRNOG00000004606",1798
"ENSRNOG00000027791",574
"ENSRNOG00000016427",1648
"ENSRNOG00000000081",1978
"ENSRNOG00000067114",3
"ENSRNOG00000002167",0
"ENSRNOG00000067336",0
"ENSRNOG00000063351",48
"ENSRNOG00000038722",17
"ENSRNOG00000064182",0
"ENSRNOG00000053017",0
"ENSRNOG00000055911",629
"ENSRNOG00000002158",1
"ENSRNOG00000025121",1
"ENSRNOG00000067138",0
"ENSRNOG00000048944",0
"ENSRNOG00000004959",2349
"ENSRNOG00000026046",0
"ENSRNOG00000005077",87
"ENSRNOG00000019361",3
"ENSRNOG00000029107",105
"ENSRNOG00000062595",407
"ENSRNOG00000002855",408
"ENSRNOG00000051648",0
"ENSRNOG00000064268",2
"ENSRNOG00000023299",0
"ENSRNOG00000038427",0
"ENSRNOG00000033640",0
"ENSRNOG00000070133",212
"ENSRNOG00000005338",0
"ENSRNOG00000069654",1
"ENSRNOG00000009299",0
"ENSRNOG00000062938",3
"ENSRNOG00000008182",1062
"ENSRNOG00000002177",32
"ENSRNOG00000030162",5
"ENSRNOG00000054224",176
"ENSRNOG00000004998",0
"ENSRNOG00000063344",0
"ENSRNOG00000006845",0
"ENSRNOG00000045749",30
"ENSRNOG00000064262",0
"ENSRNOG00000004992",1974
"ENSRNOG00000008474",637
"ENSRNOG00000069265",128
"ENSRNOG00000007033",9
"ENSRNOG00000002207",334
"ENSRNOG00000061438",0
"ENSRNOG00000058513",3
"ENSRNOG00000047761",397
"ENSRNOG00000061615",0
"ENSRNOG00000065022",5
"ENSRNOG00000008898",122
"ENSRNOG00000029052",709
"ENSRNOG00000042277",0
"ENSRNOG00000033686",59
"ENSRNOG00000004640",19
"ENSRNOG00000033346",143
"ENSRNOG00000027623",477
"ENSRNOG00000071093",311
"ENSRNOG00000052764",41
"ENSRNOG00000028222",0
"ENSRNOG00000004672",101
"ENSRNOG00000002191",2
"ENSRNOG00000015033",1816
"ENSRNOG00000004940",252
"ENSRNOG00000027282",664
"ENSRNOG00000015474",1778
"ENSRNOG00000005147",61
"ENSRNOG00000069481",125
"ENSRNOG00000006329",158
"ENSRNOG00000059061",1210
"ENSRNOG00000005218",1573
"ENSRNOG00000026518",0
"ENSRNOG00000038140",434
"ENSRNOG00000008103",2402
"ENSRNOG00000002146",2077
"ENSRNOG00000007849",106
"ENSRNOG00000002142",43
"ENSRNOG00000034289",0
"ENSRNOG00000050982",0
"ENSRNOG00000070225",0
"ENSRNOG00000064135",33
"ENSRNOG00000033575",1
"ENSRNOG00000031928",0
"ENSRNOG00000067394",0
"ENSRNOG00000066410",0
"ENSRNOG00000054331",90
"ENSRNOG00000069005",71
"ENSRNOG00000053303",17
"ENSRNOG00000057703",4
"ENSRNOG00000062367",8
"ENSRNOG00000002225",1824
"ENSRNOG00000071057",0
"ENSRNOG00000065081",111
"ENSRNOG00000006394",236
"ENSRNOG00000002200",250
"ENSRNOG00000058316",106
"ENSRNOG00000006740",1399
"ENSRNOG00000064883",0
"ENSRNOG00000002061",1627
"ENSRNOG00000005248",2709
"ENSRNOG00000002202",0
"ENSRNOG00000002247",181
"ENSRNOG00000019325",1429
"ENSRNOG00000059624",120
"ENSRNOG00000003599",120
"ENSRNOG00000063484",328
"ENSRNOG00000051135",1
"ENSRNOG00000048891",1209
"ENSRNOG00000002180",918
"ENSRNOG00000008917",616
"ENSRNOG00000019624",1335
"ENSRNOG00000024390",5
"ENSRNOG00000011847",80
"ENSRNOG00000002042",0
"ENSRNOG00000002075",946
"ENSRNOG00000010706",59
"ENSRNOG00000039989",333
"ENSRNOG00000009040",901
"ENSRNOG00000064381",248
"ENSRNOG00000002408",0
"ENSRNOG00000008951",0
"ENSRNOG00000005411",631
"ENSRNOG00000033251",12
"ENSRNOG00000065003",188
"ENSRNOG00000050580",0
"ENSRNOG00000019645",0
"ENSRNOG00000012147",466
"ENSRNOG00000015093",9
"ENSRNOG00000054437",87
"ENSRNOG00000061121",4303
"ENSRNOG00000027152",1513
"ENSRNOG00000065408",4
"ENSRNOG00000002134",2
"ENSRNOG00000005524",480
"ENSRNOG00000068954",0
"ENSRNOG00000002484",0
"ENSRNOG00000005982",155
"ENSRNOG00000070747",200
"ENSRNOG00000061231",893
"ENSRNOG00000009437",2103
"ENSRNOG00000066766",5
"ENSRNOG00000002073",7
"ENSRNOG00000054669",269
"ENSRNOG00000067007",861
"ENSRNOG00000070530",0
"ENSRNOG00000027032",227
"ENSRNOG00000008421",369
"ENSRNOG00000062465",1
"ENSRNOG00000069246",146
"ENSRNOG00000009281",337
"ENSRNOG00000002212",15
"ENSRNOG00000049446",7
"ENSRNOG00000019451",3091
"ENSRNOG00000009267",186
"ENSRNOG00000022631",0
"ENSRNOG00000000064",540
"ENSRNOG00000051929",0
"ENSRNOG00000064533",0
"ENSRNOG00000026134",216
"ENSRNOG00000007120",1326
"ENSRNOG00000002214",53
"ENSRNOG00000002089",583
"ENSRNOG00000024899",17
"ENSRNOG00000002343",236
"ENSRNOG00000002004",56
"ENSRNOG00000070774",0
"ENSRNOG00000009639",270
"ENSRNOG00000002771",11
"ENSRNOG00000002643",748
"ENSRNOG00000066604",0
"ENSRNOG00000022242",0
"ENSRNOG00000007125",249
"ENSRNOG00000002759",129
"ENSRNOG00000062477",0
"ENSRNOG00000059582",1
"ENSRNOG00000005113",0
"ENSRNOG00000026716",83
"ENSRNOG00000058724",220
"ENSRNOG00000008079",861
"ENSRNOG00000002834",5
"ENSRNOG00000068418",17
"ENSRNOG00000002546",657
"ENSRNOG00000067728",0
"ENSRNOG00000017775",1
"ENSRNOG00000002192",212
"ENSRNOG00000062888",0
"ENSRNOG00000010298",3133
"ENSRNOG00000062749",0
"ENSRNOG00000051837",0
"ENSRNOG00000069779",0
"ENSRNOG00000065159",4
"ENSRNOG00000009935",1956
"ENSRNOG00000064890",132
"ENSRNOG00000008456",1308
"ENSRNOG00000002433",1539
"ENSRNOG00000002232",2313
"ENSRNOG00000056826",7
"ENSRNOG00000004515",699
"ENSRNOG00000002506",188
"ENSRNOG00000004555",1
"ENSRNOG00000064777",9
"ENSRNOG00000002194",318
"ENSRNOG00000063717",1688
"ENSRNOG00000002829",0
"ENSRNOG00000005397",2465
"ENSRNOG00000063361",0
"ENSRNOG00000049782",338
"ENSRNOG00000060245",2
"ENSRNOG00000014874",46
"ENSRNOG00000051889",3670
"ENSRNOG00000002579",5387
"ENSRNOG00000049270",1
"ENSRNOG00000002956",575
"ENSRNOG00000012184",281
"ENSRNOG00000002782",0
"ENSRNOG00000049828",170
"ENSRNOG00000067305",212
"ENSRNOG00000069417",19
"ENSRNOG00000067702",0
"ENSRNOG00000002159",31
"ENSRNOG00000003003",432
"ENSRNOG00000008716",0
"ENSRNOG00000002188",57
"ENSRNOG00000021347",56
"ENSRNOG00000070232",0
"ENSRNOG00000002168",0
"ENSRNOG00000056767",0
"ENSRNOG00000002792",0
"ENSRNOG00000025494",7
"ENSRNOG00000071170",180
"ENSRNOG00000002802",44
"ENSRNOG00000065472",3
"ENSRNOG00000030988",458
"ENSRNOG00000002185",281
"ENSRNOG00000002273",38
"ENSRNOG00000000062",887
"ENSRNOG00000043124",0
"ENSRNOG00000069799",416
"ENSRNOG00000028043",2
"ENSRNOG00000070238",5
"ENSRNOG00000023937",33
"ENSRNOG00000054896",300
"ENSRNOG00000004280",4016
"ENSRNOG00000002149",1
"ENSRNOG00000028015",0
"ENSRNOG00000054151",202
"ENSRNOG00000004626",0
"ENSRNOG00000002112",525
"ENSRNOG00000009220",245
"ENSRNOG00000049955",0
"ENSRNOG00000052142",173
"ENSRNOG00000051590",0
"ENSRNOG00000002053",2549
"ENSRNOG00000066359",0
"ENSRNOG00000013647",370
"ENSRNOG00000046327",1863
"ENSRNOG00000055372",21
"ENSRNOG00000007049",0
"ENSRNOG00000002079",0
"ENSRNOG00000004932",0
"ENSRNOG00000005130",1932
"ENSRNOG00000023650",1439
"ENSRNOG00000064097",9
"ENSRNOG00000006261",241
"ENSRNOG00000013720",1938
"ENSRNOG00000063828",361
"ENSRNOG00000027249",159
"ENSRNOG00000058991",0
"ENSRNOG00000002182",7587
"ENSRNOG00000014098",309
"ENSRNOG00000012367",1
"ENSRNOG00000007864",140
"ENSRNOG00000066201",0
"ENSRNOG00000037865",0
"ENSRNOG00000024634",2
"ENSRNOG00000068459",18
"ENSRNOG00000011979",696
"ENSRNOG00000004057",1012
"ENSRNOG00000055015",0
"ENSRNOG00000056944",231
"ENSRNOG00000004145",22
"ENSRNOG00000024454",57
"ENSRNOG00000002186",102
"ENSRNOG00000004161",87
"ENSRNOG00000002210",1291
"ENSRNOG00000002203",421
"ENSRNOG00000051487",331
"ENSRNOG00000009240",544
"ENSRNOG00000004426",164
"ENSRNOG00000064588",0
"ENSRNOG00000014409",0
"ENSRNOG00000004456",7
"ENSRNOG00000004130",338
"ENSRNOG00000002878",2
"ENSRNOG00000061527",1
"ENSRNOG00000003374",0
"ENSRNOG00000023484",333
"ENSRNOG00000029004",0
"ENSRNOG00000068270",0
"ENSRNOG00000002125",5150
"ENSRNOG00000049244",132
"ENSRNOG00000042419",120
"ENSRNOG00000005016",554
"ENSRNOG00000002204",3
"ENSRNOG00000003844",2842
"ENSRNOG00000006356",1
"ENSRNOG00000002054",151
"ENSRNOG00000003600",327
"ENSRNOG00000003289",511
"ENSRNOG00000008786",1476
"ENSRNOG00000047876",1
"ENSRNOG00000003712",558
"ENSRNOG00000023446",45
"ENSRNOG00000002218",34
"ENSRNOG00000003901",296
"ENSRNOG00000003787",306
"ENSRNOG00000055849",0
"ENSRNOG00000002208",211
"ENSRNOG00000060825",523
"ENSRNOG00000005434",5011
"ENSRNOG00000023389",0
"ENSRNOG00000038572",234
"ENSRNOG00000002361",0
"ENSRNOG00000066757",4246
"ENSRNOG00000069412",170
"ENSRNOG00000053875",36
"ENSRNOG00000003704",6
"ENSRNOG00000064595",0
"ENSRNOG00000032471",337
"ENSRNOG00000064100",6
"ENSRNOG00000002045",336
"ENSRNOG00000014785",2644
"ENSRNOG00000022176",18
"ENSRNOG00000043451",6617
"ENSRNOG00000007283",735
"ENSRNOG00000053766",4
"ENSRNOG00000070799",219
"ENSRNOG00000058474",544
"ENSRNOG00000032350",2
"ENSRNOG00000064123",0
"ENSRNOG00000062922",0
"ENSRNOG00000012378",522
"ENSRNOG00000068086",15
"ENSRNOG00000063032",0
"ENSRNOG00000013532",96
"ENSRNOG00000004621",3475
"ENSRNOG00000002258",9
"ENSRNOG00000003924",153
"ENSRNOG00000059140",1
"ENSRNOG00000002256",1
"ENSRNOG00000003253",281
"ENSRNOG00000052477",433
"ENSRNOG00000067585",2
"ENSRNOG00000003869",6598
"ENSRNOG00000063380",1
"ENSRNOG00000037462",32
"ENSRNOG00000022298",0
"ENSRNOG00000025923",873
"ENSRNOG00000022256",6
"ENSRNOG00000003052",371
"ENSRNOG00000027864",737
"ENSRNOG00000052275",66
"ENSRNOG00000060340",3527
"ENSRNOG00000068472",0
"ENSRNOG00000000048",1406
"ENSRNOG00000007948",1481
"ENSRNOG00000065699",415
"ENSRNOG00000056148",1446
"ENSRNOG00000062321",0
"ENSRNOG00000049076",0
"ENSRNOG00000025645",0
"ENSRNOG00000002940",2340
"ENSRNOG00000058780",0
"ENSRNOG00000061910",0
"ENSRNOG00000067374",10
"ENSRNOG00000065388",0
"ENSRNOG00000062895",0
"ENSRNOG00000070590",0
"ENSRNOG00000069782",45
"ENSRNOG00000052061",1
"ENSRNOG00000004670",527
"ENSRNOG00000034011",0
"ENSRNOG00000003067",0
"ENSRNOG00000004440",19
"ENSRNOG00000002728",27
"ENSRNOG00000039548",0
"ENSRNOG00000039504",56
"ENSRNOG00000003296",377
"ENSRNOG00000063211",0
"ENSRNOG00000052080",10
"ENSRNOG00000039326",0
"ENSRNOG00000027463",75
"ENSRNOG00000065084",4
"ENSRNOG00000003119",2
"ENSRNOG00000005180",0
"ENSRNOG00000062649",0
"ENSRNOG00000064480",600
"ENSRNOG00000031307",0
"ENSRNOG00000065866",1
"ENSRNOG00000070218",0
"ENSRNOG00000050229",0
"ENSRNOG00000011704",399
"ENSRNOG00000009291",3
"ENSRNOG00000013353",630
"ENSRNOG00000018023",624
"ENSRNOG00000018295",689
"ENSRNOG00000008351",58
"ENSRNOG00000062766",0
"ENSRNOG00000070556",0
"ENSRNOG00000008543",411
"ENSRNOG00000062372",0
"ENSRNOG00000045711",0
"ENSRNOG00000065063",0
"ENSRNOG00000008829",1599
"ENSRNOG00000013804",799
"ENSRNOG00000011039",0
"ENSRNOG00000014148",608
"ENSRNOG00000009745",428
"ENSRNOG00000010178",483
"ENSRNOG00000015495",90
"ENSRNOG00000011167",124
"ENSRNOG00000010935",0
"ENSRNOG00000011237",481
"ENSRNOG00000031849",0
"ENSRNOG00000017170",58
"ENSRNOG00000011873",145
"ENSRNOG00000010645",338
"ENSRNOG00000047413",9
"ENSRNOG00000064161",0
"ENSRNOG00000010063",123
"ENSRNOG00000067178",0
"ENSRNOG00000070834",1
"ENSRNOG00000070976",10
"ENSRNOG00000012491",0
"ENSRNOG00000014982",0
"ENSRNOG00000067796",0
"ENSRNOG00000064001",0
"ENSRNOG00000000155",463
"ENSRNOG00000066061",0
"ENSRNOG00000012255",550
"ENSRNOG00000012515",0
"ENSRNOG00000067438",0
"ENSRNOG00000033642",0
"ENSRNOG00000001052",339
"ENSRNOG00000014192",269
"ENSRNOG00000066232",0
"ENSRNOG00000065899",0
"ENSRNOG00000016271",15096
"ENSRNOG00000069012",0
"ENSRNOG00000047419",0
"ENSRNOG00000015054",313
"ENSRNOG00000032368",0
"ENSRNOG00000012545",0
"ENSRNOG00000012526",0
"ENSRNOG00000008739",0
"ENSRNOG00000016029",665
"ENSRNOG00000030687",0
"ENSRNOG00000029613",0
"ENSRNOG00000008804",0
"ENSRNOG00000065218",0
"ENSRNOG00000039487",2
"ENSRNOG00000063079",0
"ENSRNOG00000025615",0
"ENSRNOG00000015577",238
"ENSRNOG00000054022",2
"ENSRNOG00000062920",0
"ENSRNOG00000030110",0
"ENSRNOG00000025562",0
"ENSRNOG00000066425",0
"ENSRNOG00000039500",0
"ENSRNOG00000062984",0
"ENSRNOG00000069587",0
"ENSRNOG00000064358",0
"ENSRNOG00000008800",0
"ENSRNOG00000063204",0
"ENSRNOG00000067511",0
"ENSRNOG00000069251",0
"ENSRNOG00000042103",0
"ENSRNOG00000014478",1860
"ENSRNOG00000039060",0
"ENSRNOG00000070633",1
"ENSRNOG00000020382",0
"ENSRNOG00000068095",0
"ENSRNOG00000063996",1
"ENSRNOG00000008850",282
"ENSRNOG00000057750",75
"ENSRNOG00000021843",3
"ENSRNOG00000067714",27
"ENSRNOG00000048585",36
"ENSRNOG00000058011",2227
"ENSRNOG00000025239",6
"ENSRNOG00000031532",462
"ENSRNOG00000013433",2
"ENSRNOG00000022760",10
"ENSRNOG00000008892",382
"ENSRNOG00000029077",76
"ENSRNOG00000021823",2
"ENSRNOG00000050996",1
"ENSRNOG00000011657",33
"ENSRNOG00000070802",1
"ENSRNOG00000026056",0
"ENSRNOG00000064764",230
"ENSRNOG00000038291",0
"ENSRNOG00000049650",0
"ENSRNOG00000029516",0
"ENSRNOG00000038122",0
"ENSRNOG00000030871",229
"ENSRNOG00000009333",182
"ENSRNOG00000045597",0
"ENSRNOG00000029520",26
"ENSRNOG00000038074",10234
"ENSRNOG00000062952",0
"ENSRNOG00000009663",826
"ENSRNOG00000038041",0
"ENSRNOG00000022492",9
"ENSRNOG00000001030",6768
"ENSRNOG00000009521",0
"ENSRNOG00000009948",739
"ENSRNOG00000065791",0
"ENSRNOG00000031960",143
"ENSRNOG00000063983",0
"ENSRNOG00000064722",0
"ENSRNOG00000064971",0
"ENSRNOG00000055266",0
"ENSRNOG00000067582",0
"ENSRNOG00000029824",0
"ENSRNOG00000068404",0
"ENSRNOG00000063454",1
"ENSRNOG00000010261",0
"ENSRNOG00000070732",6
"ENSRNOG00000042612",0
"ENSRNOG00000068233",0
"ENSRNOG00000068357",0
"ENSRNOG00000070440",2
"ENSRNOG00000025868",0
"ENSRNOG00000033030",897
"ENSRNOG00000031251",0
"ENSRNOG00000009982",680
"ENSRNOG00000029267",346
"ENSRNOG00000051066",1
"ENSRNOG00000009063",346
"ENSRNOG00000063800",665
"ENSRNOG00000065956",0
"ENSRNOG00000066653",2
"ENSRNOG00000070072",970
"ENSRNOG00000062868",1
"ENSRNOG00000065038",0
"ENSRNOG00000062313",4
"ENSRNOG00000043061",9
"ENSRNOG00000062503",8906
"ENSRNOG00000068647",351
"ENSRNOG00000059922",1
"ENSRNOG00000009471",0
"ENSRNOG00000051706",1524
"ENSRNOG00000068903",1
"ENSRNOG00000063033",14
"ENSRNOG00000067118",0
"ENSRNOG00000068308",0
"ENSRNOG00000062863",0
"ENSRNOG00000013236",256
"ENSRNOG00000009512",1381
"ENSRNOG00000010375",0
"ENSRNOG00000013287",576
"ENSRNOG00000025625",0
"ENSRNOG00000064609",102
"ENSRNOG00000025597",1
"ENSRNOG00000063584",0
"ENSRNOG00000065141",0
"ENSRNOG00000009412",251
"ENSRNOG00000069584",0
"ENSRNOG00000032133",0
"ENSRNOG00000070444",0
"ENSRNOG00000063957",0
"ENSRNOG00000064658",0
"ENSRNOG00000042960",200
"ENSRNOG00000071047",0
"ENSRNOG00000021943",0
"ENSRNOG00000001049",31456
"ENSRNOG00000029316",85
"ENSRNOG00000047106",60
"ENSRNOG00000009987",1406
"ENSRNOG00000022094",131
"ENSRNOG00000042404",7
"ENSRNOG00000047817",119
"ENSRNOG00000067430",7
"ENSRNOG00000010065",222
"ENSRNOG00000042253",429
"ENSRNOG00000013280",0
"ENSRNOG00000008970",1
"ENSRNOG00000024061",27
"ENSRNOG00000038228",39
"ENSRNOG00000068464",0
"ENSRNOG00000006751",1046
"ENSRNOG00000069429",0
"ENSRNOG00000062969",0
"ENSRNOG00000048927",328
"ENSRNOG00000007246",578
"ENSRNOG00000033366",0
"ENSRNOG00000045632",0
"ENSRNOG00000001037",246
"ENSRNOG00000064703",0
"ENSRNOG00000059044",0
"ENSRNOG00000001033",435
"ENSRNOG00000048795",2063
"ENSRNOG00000010389",236
"ENSRNOG00000064095",0
"ENSRNOG00000071004",0
"ENSRNOG00000031061",1217
"ENSRNOG00000064846",0
"ENSRNOG00000013306",11
"ENSRNOG00000062797",0
"ENSRNOG00000049976",0
"ENSRNOG00000062484",0
"ENSRNOG00000066180",0
"ENSRNOG00000045863",444
"ENSRNOG00000007701",461
"ENSRNOG00000062724",0
"ENSRNOG00000025473",0
"ENSRNOG00000039432",0
"ENSRNOG00000051907",0
"ENSRNOG00000069768",0
"ENSRNOG00000025512",165
"ENSRNOG00000064134",0
"ENSRNOG00000067574",0
"ENSRNOG00000053145",1030
"ENSRNOG00000061293",0
"ENSRNOG00000025640",1
"ENSRNOG00000066274",0
"ENSRNOG00000009075",92
"ENSRNOG00000056892",0
"ENSRNOG00000064043",0
"ENSRNOG00000027633",1
"ENSRNOG00000031304",0
"ENSRNOG00000021831",4
"ENSRNOG00000009074",3
"ENSRNOG00000064147",32
"ENSRNOG00000010696",0
"ENSRNOG00000020625",5
"ENSRNOG00000041381",0
"ENSRNOG00000068959",0
"ENSRNOG00000057109",0
"ENSRNOG00000067234",0
"ENSRNOG00000069849",0
"ENSRNOG00000046753",0
"ENSRNOG00000065233",0
"ENSRNOG00000052202",0
"ENSRNOG00000008024",1581
"ENSRNOG00000035462",0
"ENSRNOG00000012012",165
"ENSRNOG00000062626",0
"ENSRNOG00000060405",2
"ENSRNOG00000054276",0
"ENSRNOG00000035583",0
"ENSRNOG00000064640",0
"ENSRNOG00000057576",0
"ENSRNOG00000051849",0
"ENSRNOG00000063503",0
"ENSRNOG00000061287",0
"ENSRNOG00000035578",0
"ENSRNOG00000011678",137
"ENSRNOG00000069993",0
"ENSRNOG00000056893",0
"ENSRNOG00000035471",0
"ENSRNOG00000065455",1
"ENSRNOG00000060150",0
"ENSRNOG00000065085",0
"ENSRNOG00000035629",0
"ENSRNOG00000011560",680
"ENSRNOG00000066053",0
"ENSRNOG00000068227",0
"ENSRNOG00000068559",0
"ENSRNOG00000066538",0
"ENSRNOG00000060682",0
"ENSRNOG00000069181",3
"ENSRNOG00000052354",1619
"ENSRNOG00000057216",0
"ENSRNOG00000035649",0
"ENSRNOG00000064094",3
"ENSRNOG00000057812",0
"ENSRNOG00000065769",0
"ENSRNOG00000070936",12
"ENSRNOG00000038760",0
"ENSRNOG00000035657",0
"ENSRNOG00000065612",0
"ENSRNOG00000066005",13
"ENSRNOG00000065401",0
"ENSRNOG00000068082",0
"ENSRNOG00000068133",0
"ENSRNOG00000062371",3
"ENSRNOG00000064804",0
"ENSRNOG00000068621",0
"ENSRNOG00000068383",0
"ENSRNOG00000058865",0
"ENSRNOG00000063595",0
"ENSRNOG00000053976",0
"ENSRNOG00000065420",0
"ENSRNOG00000011316",286
"ENSRNOG00000070014",3
"ENSRNOG00000065060",0
"ENSRNOG00000066946",1
"ENSRNOG00000068304",0
"ENSRNOG00000069355",0
"ENSRNOG00000046326",1
"ENSRNOG00000053941",0
"ENSRNOG00000066682",0
"ENSRNOG00000070977",0
"ENSRNOG00000011762",876
"ENSRNOG00000065679",0
"ENSRNOG00000057970",1
"ENSRNOG00000071137",0
"ENSRNOG00000061759",0
"ENSRNOG00000033109",0
"ENSRNOG00000063561",0
"ENSRNOG00000014231",0
"ENSRNOG00000056328",0
"ENSRNOG00000062774",0
"ENSRNOG00000014282",0
"ENSRNOG00000063652",0
"ENSRNOG00000067698",0
"ENSRNOG00000066578",0
"ENSRNOG00000070214",0
"ENSRNOG00000013317",133
"ENSRNOG00000069194",0
"ENSRNOG00000065797",182
"ENSRNOG00000010708",1099
"ENSRNOG00000039871",284
"ENSRNOG00000051403",0
"ENSRNOG00000065194",0
"ENSRNOG00000071126",0
"ENSRNOG00000031618",0
"ENSRNOG00000061145",0
"ENSRNOG00000065144",18
"ENSRNOG00000065498",0
"ENSRNOG00000070830",0
"ENSRNOG00000063639",40
"ENSRNOG00000054735",0
"ENSRNOG00000024785",0
"ENSRNOG00000063200",0
"ENSRNOG00000069641",0
"ENSRNOG00000018238",0
"ENSRNOG00000065189",0
"ENSRNOG00000052938",0
"ENSRNOG00000066240",0
"ENSRNOG00000012046",821
"ENSRNOG00000056766",0
"ENSRNOG00000063430",0
"ENSRNOG00000056759",1
"ENSRNOG00000065395",0
"ENSRNOG00000055553",0
"ENSRNOG00000061833",0
"ENSRNOG00000064305",0
"ENSRNOG00000059530",0
"ENSRNOG00000065126",5
"ENSRNOG00000016414",256
"ENSRNOG00000070464",0
"ENSRNOG00000012594",506
"ENSRNOG00000068863",0
"ENSRNOG00000059767",0
"ENSRNOG00000055682",0
"ENSRNOG00000039297",1770
"ENSRNOG00000061838",0
"ENSRNOG00000059034",0
"ENSRNOG00000016177",989
"ENSRNOG00000068027",0
"ENSRNOG00000060960",0
"ENSRNOG00000058061",0
"ENSRNOG00000065230",0
"ENSRNOG00000054135",1
"ENSRNOG00000062363",0
"ENSRNOG00000058452",0
"ENSRNOG00000069957",1
"ENSRNOG00000071028",0
"ENSRNOG00000063250",185
"ENSRNOG00000011544",513
"ENSRNOG00000070015",0
"ENSRNOG00000061641",7
"ENSRNOG00000014311",119
"ENSRNOG00000058525",0
"ENSRNOG00000069144",1
"ENSRNOG00000029808",0
"ENSRNOG00000024504",0
"ENSRNOG00000062348",0
"ENSRNOG00000054577",0
"ENSRNOG00000070675",0
"ENSRNOG00000033141",2
"ENSRNOG00000057363",0
"ENSRNOG00000068645",0
"ENSRNOG00000016460",4078
"ENSRNOG00000063915",3
"ENSRNOG00000066360",4
"ENSRNOG00000039284",156
"ENSRNOG00000062007",0
"ENSRNOG00000039489",24
"ENSRNOG00000012821",0
"ENSRNOG00000070715",1
"ENSRNOG00000057277",0
"ENSRNOG00000070972",0
"ENSRNOG00000063028",0
"ENSRNOG00000057251",0
"ENSRNOG00000029860",0
"ENSRNOG00000018177",1
"ENSRNOG00000058584",0
"ENSRNOG00000065303",0
"ENSRNOG00000063385",0
"ENSRNOG00000011548",52
"ENSRNOG00000057837",7
"ENSRNOG00000054493",8
"ENSRNOG00000066516",0
"ENSRNOG00000065534",12
"ENSRNOG00000057709",0
"ENSRNOG00000069433",13
"ENSRNOG00000013386",716
"ENSRNOG00000019895",256
"ENSRNOG00000055787",0
"ENSRNOG00000068890",0
"ENSRNOG00000010479",2578
"ENSRNOG00000016648",0
"ENSRNOG00000058479",0
"ENSRNOG00000013503",203
"ENSRNOG00000067974",29
"ENSRNOG00000066692",6
"ENSRNOG00000060935",0
"ENSRNOG00000070476",14
"ENSRNOG00000008203",0
"ENSRNOG00000054159",0
"ENSRNOG00000012488",735
"ENSRNOG00000062755",0
"ENSRNOG00000065567",34
"ENSRNOG00000034535",0
"ENSRNOG00000061269",0
"ENSRNOG00000064445",0
"ENSRNOG00000020216",267
"ENSRNOG00000010319",35
"ENSRNOG00000061398",0
"ENSRNOG00000063536",3
"ENSRNOG00000061120",0
"ENSRNOG00000058181",0
"ENSRNOG00000070060",0
"ENSRNOG00000009449",3936
"ENSRNOG00000063234",0
"ENSRNOG00000052992",0
"ENSRNOG00000042029",3
"ENSRNOG00000059298",0
"ENSRNOG00000059939",0
"ENSRNOG00000067706",3
"ENSRNOG00000068103",1
"ENSRNOG00000059627",0
"ENSRNOG00000067726",0
"ENSRNOG00000057990",1
"ENSRNOG00000067953",0
"ENSRNOG00000054707",0
"ENSRNOG00000020189",406
"ENSRNOG00000066324",9
"ENSRNOG00000065267",0
"ENSRNOG00000012844",1061
"ENSRNOG00000056319",0
"ENSRNOG00000068534",0
"ENSRNOG00000011634",32
"ENSRNOG00000053495",0
"ENSRNOG00000070078",0
"ENSRNOG00000063907",0
"ENSRNOG00000071095",0
"ENSRNOG00000068458",0
"ENSRNOG00000053993",1
"ENSRNOG00000068783",367
"ENSRNOG00000013111",415
"ENSRNOG00000060347",0
"ENSRNOG00000029659",0
"ENSRNOG00000065894",0
"ENSRNOG00000064422",5
"ENSRNOG00000062832",0
"ENSRNOG00000063941",0
"ENSRNOG00000053120",0
"ENSRNOG00000066594",3
"ENSRNOG00000039543",1
"ENSRNOG00000063777",0
"ENSRNOG00000008059",1
"ENSRNOG00000060452",0
"ENSRNOG00000027839",193
"ENSRNOG00000070692",0
"ENSRNOG00000054386",0
"ENSRNOG00000054874",0
"ENSRNOG00000048980",59
"ENSRNOG00000052738",0
"ENSRNOG00000009034",468
"ENSRNOG00000053579",0
"ENSRNOG00000064280",0
"ENSRNOG00000067130",0
"ENSRNOG00000061336",0
"ENSRNOG00000013533",1954
"ENSRNOG00000065715",0
"ENSRNOG00000062908",0
"ENSRNOG00000027383",0
"ENSRNOG00000056821",0
"ENSRNOG00000069197",0
"ENSRNOG00000057947",0
"ENSRNOG00000069162",28
"ENSRNOG00000028810",0
"ENSRNOG00000015308",104
"ENSRNOG00000055587",1
"ENSRNOG00000035605",0
"ENSRNOG00000035645",0
"ENSRNOG00000063635",0
"ENSRNOG00000040381",0
"ENSRNOG00000064428",0
"ENSRNOG00000010798",0
"ENSRNOG00000011809",0
"ENSRNOG00000045973",0
"ENSRNOG00000062795",27
"ENSRNOG00000063486",0
"ENSRNOG00000009814",17
"ENSRNOG00000059279",0
"ENSRNOG00000063390",0
"ENSRNOG00000029146",314
"ENSRNOG00000020563",0
"ENSRNOG00000012402",0
"ENSRNOG00000066208",0
"ENSRNOG00000045641",0
"ENSRNOG00000057827",0
"ENSRNOG00000029220",537
"ENSRNOG00000064152",47
"ENSRNOG00000061157",5
"ENSRNOG00000008986",362
"ENSRNOG00000014904",5
"ENSRNOG00000069819",0
"ENSRNOG00000009873",591
"ENSRNOG00000018825",864
"ENSRNOG00000031100",0
"ENSRNOG00000008570",0
"ENSRNOG00000067125",5
"ENSRNOG00000025757",0
"ENSRNOG00000069044",0
"ENSRNOG00000065640",0
"ENSRNOG00000068573",0
"ENSRNOG00000064476",0
"ENSRNOG00000059188",0
"ENSRNOG00000022597",216
"ENSRNOG00000055101",0
"ENSRNOG00000065429",62
"ENSRNOG00000060835",0
"ENSRNOG00000056306",0
"ENSRNOG00000069953",0
"ENSRNOG00000069532",0
"ENSRNOG00000054766",0
"ENSRNOG00000010042",593
"ENSRNOG00000067762",500
"ENSRNOG00000015732",148
"ENSRNOG00000055932",0
"ENSRNOG00000051622",0
"ENSRNOG00000008814",2
"ENSRNOG00000054041",0
"ENSRNOG00000052692",0
"ENSRNOG00000063774",0
"ENSRNOG00000031449",0
"ENSRNOG00000042195",1201
"ENSRNOG00000017424",0
"ENSRNOG00000053065",0
"ENSRNOG00000052683",0
"ENSRNOG00000064523",0
"ENSRNOG00000067145",0
"ENSRNOG00000011953",795
"ENSRNOG00000008834",19
"ENSRNOG00000059046",0
"ENSRNOG00000057168",0
"ENSRNOG00000016983",0
"ENSRNOG00000014291",901
"ENSRNOG00000069783",0
"ENSRNOG00000061555",0
"ENSRNOG00000067671",0
"ENSRNOG00000068549",1
"ENSRNOG00000051646",0
"ENSRNOG00000061152",2163
"ENSRNOG00000061494",0
"ENSRNOG00000068487",321
"ENSRNOG00000069315",0
"ENSRNOG00000070994",0
"ENSRNOG00000056111",0
"ENSRNOG00000065418",0
"ENSRNOG00000059855",0
"ENSRNOG00000063420",0
"ENSRNOG00000024798",354
"ENSRNOG00000047005",0
"ENSRNOG00000025011",2267
"ENSRNOG00000017286",544
"ENSRNOG00000009125",644
"ENSRNOG00000018069",309
"ENSRNOG00000009208",93
"ENSRNOG00000016828",0
"ENSRNOG00000053494",5
"ENSRNOG00000016804",0
"ENSRNOG00000011592",4190
"ENSRNOG00000020782",523
"ENSRNOG00000053334",7
"ENSRNOG00000018399",0
"ENSRNOG00000011621",1983
"ENSRNOG00000020321",179
"ENSRNOG00000025634",327
"ENSRNOG00000020377",5
"ENSRNOG00000066806",0
"ENSRNOG00000018105",1054
"ENSRNOG00000065822",0
"ENSRNOG00000020685",0
"ENSRNOG00000060775",1802
"ENSRNOG00000067852",0
"ENSRNOG00000069821",0
"ENSRNOG00000025619",0
"ENSRNOG00000017027",0
"ENSRNOG00000062532",0
"ENSRNOG00000025589",0
"ENSRNOG00000066413",0
"ENSRNOG00000008989",96
"ENSRNOG00000020136",6
"ENSRNOG00000013968",222
"ENSRNOG00000063163",1
"ENSRNOG00000008785",57
"ENSRNOG00000039435",0
"ENSRNOG00000066673",0
"ENSRNOG00000062840",0
"ENSRNOG00000013089",369
"ENSRNOG00000060662",0
"ENSRNOG00000069519",0
"ENSRNOG00000022116",0
"ENSRNOG00000010947",11155
"ENSRNOG00000014887",181
"ENSRNOG00000020503",5
"ENSRNOG00000009431",30
"ENSRNOG00000032148",9
"ENSRNOG00000020506",105
"ENSRNOG00000019019",0
"ENSRNOG00000054269",0
"ENSRNOG00000018528",0
"ENSRNOG00000009090",1615
"ENSRNOG00000020544",464
"ENSRNOG00000038012",129
"ENSRNOG00000030483",527
"ENSRNOG00000009244",3626
"ENSRNOG00000013101",0
"ENSRNOG00000064786",0
"ENSRNOG00000013326",1162
"ENSRNOG00000068252",1
"ENSRNOG00000066973",0
"ENSRNOG00000070770",0
"ENSRNOG00000019840",134
"ENSRNOG00000011168",305
"ENSRNOG00000009713",3870
"ENSRNOG00000053522",0
"ENSRNOG00000013505",3133
"ENSRNOG00000008847",0
"ENSRNOG00000010296",310
"ENSRNOG00000018536",1541
"ENSRNOG00000065600",0
"ENSRNOG00000066599",0
"ENSRNOG00000049099",3527
"ENSRNOG00000008855",1
"ENSRNOG00000012791",708
"ENSRNOG00000018239",127
"ENSRNOG00000009145",277
"ENSRNOG00000050968",0
"ENSRNOG00000024509",0
"ENSRNOG00000069364",0
"ENSRNOG00000064504",0
"ENSRNOG00000066125",0
"ENSRNOG00000064194",0
"ENSRNOG00000063334",0
"ENSRNOG00000013459",799
"ENSRNOG00000005857",0
"ENSRNOG00000066711",0
"ENSRNOG00000025518",46
"ENSRNOG00000008734",2015
"ENSRNOG00000067381",0
"ENSRNOG00000070074",0
"ENSRNOG00000063931",0
"ENSRNOG00000067301",0
"ENSRNOG00000010137",714
"ENSRNOG00000009836",1056
"ENSRNOG00000067669",0
"ENSRNOG00000007895",274
"ENSRNOG00000011158",1846
"ENSRNOG00000021712",424
"ENSRNOG00000069095",1
"ENSRNOG00000020401",2
"ENSRNOG00000067709",0
"ENSRNOG00000061275",1
"ENSRNOG00000065912",0
"ENSRNOG00000068543",0
"ENSRNOG00000055238",0
"ENSRNOG00000009690",282
"ENSRNOG00000070979",0
"ENSRNOG00000024022",676
"ENSRNOG00000067681",4
"ENSRNOG00000068831",0
"ENSRNOG00000010997",0
"ENSRNOG00000065703",0
"ENSRNOG00000064184",6
"ENSRNOG00000020264",348
"ENSRNOG00000013581",1634
"ENSRNOG00000009649",0
"ENSRNOG00000065367",0
"ENSRNOG00000022337",0
"ENSRNOG00000009470",2547
"ENSRNOG00000064677",0
"ENSRNOG00000009209",0
"ENSRNOG00000047211",252
"ENSRNOG00000053891",7
"ENSRNOG00000065860",0
"ENSRNOG00000054569",0
"ENSRNOG00000009530",12
"ENSRNOG00000068772",0
"ENSRNOG00000071105",4
"ENSRNOG00000020465",150
"ENSRNOG00000065100",2
"ENSRNOG00000066775",0
"ENSRNOG00000009625",4847
"ENSRNOG00000068941",0
"ENSRNOG00000063247",0
"ENSRNOG00000010058",897
"ENSRNOG00000030018",0
"ENSRNOG00000049583",0
"ENSRNOG00000063938",0
"ENSRNOG00000062910",0
"ENSRNOG00000020482",860
"ENSRNOG00000067050",0
"ENSRNOG00000010085",5
"ENSRNOG00000011471",8
"ENSRNOG00000009919",0
"ENSRNOG00000069606",0
"ENSRNOG00000065955",0
"ENSRNOG00000042267",0
"ENSRNOG00000013623",0
"ENSRNOG00000070380",1
"ENSRNOG00000009694",1042
"ENSRNOG00000014003",4
"ENSRNOG00000066524",0
"ENSRNOG00000064315",2
"ENSRNOG00000009766",891
"ENSRNOG00000066720",0
"ENSRNOG00000038068",1
"ENSRNOG00000014191",412
"ENSRNOG00000019246",28
"ENSRNOG00000063695",0
"ENSRNOG00000038917",0
"ENSRNOG00000070366",0
"ENSRNOG00000012521",4
"ENSRNOG00000009815",54
"ENSRNOG00000063949",0
"ENSRNOG00000064694",106
"ENSRNOG00000063134",0
"ENSRNOG00000007206",35
"ENSRNOG00000065815",0
"ENSRNOG00000064531",0
"ENSRNOG00000019438",601
"ENSRNOG00000042156",0
"ENSRNOG00000012644",853
"ENSRNOG00000064939",7
"ENSRNOG00000011646",7
"ENSRNOG00000024237",23
"ENSRNOG00000025302",214
"ENSRNOG00000005883",1
"ENSRNOG00000063168",0
"ENSRNOG00000067749",0
"ENSRNOG00000005869",815
"ENSRNOG00000021847",228
"ENSRNOG00000067066",0
"ENSRNOG00000019478",4
"ENSRNOG00000067546",0
"ENSRNOG00000068832",0
"ENSRNOG00000062588",229
"ENSRNOG00000070952",7
"ENSRNOG00000064323",0
"ENSRNOG00000010064",677
"ENSRNOG00000065453",0
"ENSRNOG00000066847",40
"ENSRNOG00000048431",1187
"ENSRNOG00000011024",464
"ENSRNOG00000062279",218
"ENSRNOG00000019041",3671
"ENSRNOG00000059334",530
"ENSRNOG00000027012",982
"ENSRNOG00000012951",5
"ENSRNOG00000019162",7
"ENSRNOG00000012049",3
"ENSRNOG00000013793",0
"ENSRNOG00000049919",0
"ENSRNOG00000007320",0
"ENSRNOG00000068540",0
"ENSRNOG00000046301",0
"ENSRNOG00000064668",85
"ENSRNOG00000009820",1952
"ENSRNOG00000019503",6
"ENSRNOG00000047258",2
"ENSRNOG00000047637",1
"ENSRNOG00000019553",1850
"ENSRNOG00000047632",5
"ENSRNOG00000005957",230
"ENSRNOG00000019710",825
"ENSRNOG00000012440",111
"ENSRNOG00000019789",5
"ENSRNOG00000008053",12
"ENSRNOG00000020647",0
"ENSRNOG00000021910",0
"ENSRNOG00000031792",0
"ENSRNOG00000009522",1
"ENSRNOG00000014054",0
"ENSRNOG00000070413",0
"ENSRNOG00000069510",0
"ENSRNOG00000063482",0
"ENSRNOG00000008664",3223
"ENSRNOG00000046660",5846
"ENSRNOG00000033261",71
"ENSRNOG00000009661",283
"ENSRNOG00000008671",0
"ENSRNOG00000024703",644
"ENSRNOG00000058057",964
"ENSRNOG00000054782",1317
"ENSRNOG00000056343",1463
"ENSRNOG00000063112",0
"ENSRNOG00000012918",735
"ENSRNOG00000010352",965
"ENSRNOG00000024125",0
"ENSRNOG00000014398",105
"ENSRNOG00000013707",81
"ENSRNOG00000007378",3
"ENSRNOG00000015921",46
"ENSRNOG00000015939",140
"ENSRNOG00000014659",75
"ENSRNOG00000010737",4832
"ENSRNOG00000028821",0
"ENSRNOG00000067366",0
"ENSRNOG00000007632",38
"ENSRNOG00000062980",0
"ENSRNOG00000014509",709
"ENSRNOG00000017828",89
"ENSRNOG00000068885",0
"ENSRNOG00000066964",0
"ENSRNOG00000064732",0
"ENSRNOG00000067241",20
"ENSRNOG00000040007",0
"ENSRNOG00000031535",0
"ENSRNOG00000042281",0
"ENSRNOG00000066375",1
"ENSRNOG00000051564",733
"ENSRNOG00000070038",0
"ENSRNOG00000014518",0
"ENSRNOG00000037884",0
"ENSRNOG00000037886",1
"ENSRNOG00000009278",5
"ENSRNOG00000009481",350
"ENSRNOG00000066148",213
"ENSRNOG00000063586",0
"ENSRNOG00000010555",7
"ENSRNOG00000014603",292
"ENSRNOG00000031720",0
"ENSRNOG00000063939",3
"ENSRNOG00000000340",3129
"ENSRNOG00000009849",344
"ENSRNOG00000050211",30
"ENSRNOG00000010311",2127
"ENSRNOG00000017373",151
"ENSRNOG00000014653",4
"ENSRNOG00000015095",177
"ENSRNOG00000000341",6791
"ENSRNOG00000012912",0
"ENSRNOG00000013876",345
"ENSRNOG00000066389",7
"ENSRNOG00000026247",0
"ENSRNOG00000069977",0
"ENSRNOG00000009871",7
"ENSRNOG00000014265",4
"ENSRNOG00000063660",36
"ENSRNOG00000039829",0
"ENSRNOG00000011611",1736
"ENSRNOG00000011598",4
"ENSRNOG00000011427",36
"ENSRNOG00000008794",789
"ENSRNOG00000064141",3
"ENSRNOG00000021680",195
"ENSRNOG00000009102",4478
"ENSRNOG00000014358",0
"ENSRNOG00000004516",889
"ENSRNOG00000008565",181
"ENSRNOG00000009288",34
"ENSRNOG00000008140",4338
"ENSRNOG00000012751",4493
"ENSRNOG00000069746",1
"ENSRNOG00000013835",0
"ENSRNOG00000011831",125
"ENSRNOG00000014075",57
"ENSRNOG00000011603",506
"ENSRNOG00000012014",365
"ENSRNOG00000009419",1786
"ENSRNOG00000038762",0
"ENSRNOG00000066497",284
"ENSRNOG00000030724",0
"ENSRNOG00000011203",2126
"ENSRNOG00000010028",234
"ENSRNOG00000012209",283
"ENSRNOG00000011511",1262
"ENSRNOG00000011177",10
"ENSRNOG00000011323",2
"ENSRNOG00000014945",1546
"ENSRNOG00000010890",2949
"ENSRNOG00000065026",0
"ENSRNOG00000068183",524
"ENSRNOG00000015075",383
"ENSRNOG00000032690",1324
"ENSRNOG00000015477",0
"ENSRNOG00000011373",595
"ENSRNOG00000009181",0
"ENSRNOG00000007203",873
"ENSRNOG00000009192",150
"ENSRNOG00000038483",10
"ENSRNOG00000007956",80
"ENSRNOG00000009440",2
"ENSRNOG00000057042",304
"ENSRNOG00000009832",1341
"ENSRNOG00000009802",11
"ENSRNOG00000008641",209
"ENSRNOG00000038759",0
"ENSRNOG00000038758",0
"ENSRNOG00000006334",397
"ENSRNOG00000038757",0
"ENSRNOG00000013288",1207
"ENSRNOG00000010331",12653
"ENSRNOG00000026328",3
"ENSRNOG00000009785",446
"ENSRNOG00000021314",1368
"ENSRNOG00000013922",27
"ENSRNOG00000011342",0
"ENSRNOG00000006462",597
"ENSRNOG00000070558",0
"ENSRNOG00000026616",1
"ENSRNOG00000065077",26
"ENSRNOG00000013658",0
"ENSRNOG00000009811",5345
"ENSRNOG00000013916",0
"ENSRNOG00000027040",131
"ENSRNOG00000010721",395
"ENSRNOG00000067464",0
"ENSRNOG00000067330",252
"ENSRNOG00000012363",1
"ENSRNOG00000025638",0
"ENSRNOG00000014310",506
"ENSRNOG00000010489",258
"ENSRNOG00000052414",0
"ENSRNOG00000064068",1
"ENSRNOG00000054879",0
"ENSRNOG00000070489",3
"ENSRNOG00000012710",1136
"ENSRNOG00000012628",1
"ENSRNOG00000025094",1
"ENSRNOG00000012273",0
"ENSRNOG00000014010",2
"ENSRNOG00000017481",483
"ENSRNOG00000016321",531
"ENSRNOG00000011969",337
"ENSRNOG00000016758",6967
"ENSRNOG00000016777",169
"ENSRNOG00000016939",577
"ENSRNOG00000004752",15
"ENSRNOG00000010989",4186
"ENSRNOG00000012850",1166
"ENSRNOG00000064565",325
"ENSRNOG00000060401",11
"ENSRNOG00000070657",89
"ENSRNOG00000013034",0
"ENSRNOG00000005783",1408
"ENSRNOG00000069198",4
"ENSRNOG00000065677",2
"ENSRNOG00000014237",552
"ENSRNOG00000048195",62
"ENSRNOG00000006422",0
"ENSRNOG00000010516",3
"ENSRNOG00000071188",0
"ENSRNOG00000040122",1
"ENSRNOG00000014661",21
"ENSRNOG00000046912",975
"ENSRNOG00000064483",0
"ENSRNOG00000009274",460
"ENSRNOG00000009783",1727
"ENSRNOG00000009042",2071
"ENSRNOG00000062911",0
"ENSRNOG00000068637",0
"ENSRNOG00000011461",692
"ENSRNOG00000010765",7128
"ENSRNOG00000012325",709
"ENSRNOG00000057755",1048
"ENSRNOG00000056617",1670
"ENSRNOG00000007136",3465
"ENSRNOG00000009297",364
"ENSRNOG00000009206",0
"ENSRNOG00000006143",504
"ENSRNOG00000005985",42
"ENSRNOG00000005993",135
"ENSRNOG00000008949",49
"ENSRNOG00000008167",585
"ENSRNOG00000007817",198
"ENSRNOG00000006649",684
"ENSRNOG00000007046",42
"ENSRNOG00000064871",2
"ENSRNOG00000006898",362
"ENSRNOG00000006619",181
"ENSRNOG00000069647",1
"ENSRNOG00000006554",784
"ENSRNOG00000019232",485
"ENSRNOG00000018938",51
"ENSRNOG00000017820",1
"ENSRNOG00000018853",0
"ENSRNOG00000042120",0
"ENSRNOG00000069385",419
"ENSRNOG00000029549",1541
"ENSRNOG00000068518",0
"ENSRNOG00000064755",7
"ENSRNOG00000019519",31
"ENSRNOG00000070010",5
"ENSRNOG00000030925",133
"ENSRNOG00000027506",0
"ENSRNOG00000063738",0
"ENSRNOG00000033763",4
"ENSRNOG00000061359",158
"ENSRNOG00000039876",309
"ENSRNOG00000021752",0
"ENSRNOG00000038520",0
"ENSRNOG00000067437",69
"ENSRNOG00000018685",0
"ENSRNOG00000069521",640
"ENSRNOG00000017558",203
"ENSRNOG00000066822",30
"ENSRNOG00000019533",47
"ENSRNOG00000018698",1265
"ENSRNOG00000068870",0
"ENSRNOG00000063235",2
"ENSRNOG00000052320",0
"ENSRNOG00000017445",0
"ENSRNOG00000058811",0
"ENSRNOG00000051428",0
"ENSRNOG00000038047",1886
"ENSRNOG00000060985",0
"ENSRNOG00000017577",165
"ENSRNOG00000058895",0
"ENSRNOG00000064216",40
"ENSRNOG00000051566",0
"ENSRNOG00000038045",1249
"ENSRNOG00000063796",167
"ENSRNOG00000062940",0
"ENSRNOG00000068127",0
"ENSRNOG00000064431",0
"ENSRNOG00000054187",0
"ENSRNOG00000063460",0
"ENSRNOG00000064328",0
"ENSRNOG00000062394",0
"ENSRNOG00000017093",372
"ENSRNOG00000059499",0
"ENSRNOG00000070037",0
"ENSRNOG00000065074",0
"ENSRNOG00000069116",200
"ENSRNOG00000060417",0
"ENSRNOG00000062867",0
"ENSRNOG00000066580",0
"ENSRNOG00000063648",1
"ENSRNOG00000014834",600
"ENSRNOG00000067597",0
"ENSRNOG00000069741",0
"ENSRNOG00000016710",5
"ENSRNOG00000066957",0
"ENSRNOG00000065382",0
"ENSRNOG00000052457",0
"ENSRNOG00000062924",31
"ENSRNOG00000016950",103
"ENSRNOG00000012747",0
"ENSRNOG00000062851",5
"ENSRNOG00000064317",4
"ENSRNOG00000066463",30
"ENSRNOG00000067963",368
"ENSRNOG00000005017",194
"ENSRNOG00000062936",0
"ENSRNOG00000067121",26
"ENSRNOG00000064580",0
"ENSRNOG00000063944",2
"ENSRNOG00000059156",0
"ENSRNOG00000009861",22
"ENSRNOG00000058199",0
"ENSRNOG00000062456",0
"ENSRNOG00000055896",0
"ENSRNOG00000064004",1
"ENSRNOG00000066756",0
"ENSRNOG00000040101",139
"ENSRNOG00000018113",1762
"ENSRNOG00000051584",0
"ENSRNOG00000066301",43
"ENSRNOG00000051833",0
"ENSRNOG00000018489",0
"ENSRNOG00000018407",0
"ENSRNOG00000063546",3
"ENSRNOG00000068264",0
"ENSRNOG00000057631",0
"ENSRNOG00000064579",0
"ENSRNOG00000056514",0
"ENSRNOG00000042026",5
"ENSRNOG00000069244",0
"ENSRNOG00000019282",2687
"ENSRNOG00000064109",10
"ENSRNOG00000067485",10
"ENSRNOG00000063067",7
"ENSRNOG00000051410",0
"ENSRNOG00000070395",0
"ENSRNOG00000069114",3
"ENSRNOG00000056058",2
"ENSRNOG00000062734",0
"ENSRNOG00000068774",6
"ENSRNOG00000059319",15
"ENSRNOG00000054822",0
"ENSRNOG00000062647",14
"ENSRNOG00000067621",0
"ENSRNOG00000070359",3
"ENSRNOG00000065443",3
"ENSRNOG00000053558",0
"ENSRNOG00000067401",0
"ENSRNOG00000053330",1
"ENSRNOG00000056440",0
"ENSRNOG00000049410",0
"ENSRNOG00000069703",0
"ENSRNOG00000019272",113
"ENSRNOG00000068339",0
"ENSRNOG00000070722",0
"ENSRNOG00000069161",0
"ENSRNOG00000014165",3372
"ENSRNOG00000059165",0
"ENSRNOG00000066735",0
"ENSRNOG00000067481",0
"ENSRNOG00000061286",0
"ENSRNOG00000064357",27
"ENSRNOG00000051896",0
"ENSRNOG00000066037",0
"ENSRNOG00000064337",0
"ENSRNOG00000055595",0
"ENSRNOG00000016480",0
"ENSRNOG00000062432",0
"ENSRNOG00000018046",1222
"ENSRNOG00000064793",6
"ENSRNOG00000055463",0
"ENSRNOG00000070418",1
"ENSRNOG00000070714",0
"ENSRNOG00000067975",0
"ENSRNOG00000069575",0
"ENSRNOG00000067998",0
"ENSRNOG00000056205",0
"ENSRNOG00000063990",2
"ENSRNOG00000067009",0
"ENSRNOG00000055730",0
"ENSRNOG00000057581",0
"ENSRNOG00000012727",2
"ENSRNOG00000067275",0
"ENSRNOG00000017040",16
"ENSRNOG00000051874",0
"ENSRNOG00000057046",0
"ENSRNOG00000063699",0
"ENSRNOG00000067925",0
"ENSRNOG00000061790",0
"ENSRNOG00000068410",5
"ENSRNOG00000070020",0
"ENSRNOG00000064150",6
"ENSRNOG00000065466",0
"ENSRNOG00000067157",1
"ENSRNOG00000047594",529
"ENSRNOG00000064218",0
"ENSRNOG00000058085",0
"ENSRNOG00000035594",9
"ENSRNOG00000061070",0
"ENSRNOG00000051469",0
"ENSRNOG00000041319",0
"ENSRNOG00000067016",2
"ENSRNOG00000035467",6
"ENSRNOG00000035613",6
"ENSRNOG00000012040",0
"ENSRNOG00000070654",0
"ENSRNOG00000068467",0
"ENSRNOG00000061748",0
"ENSRNOG00000067410",10
"ENSRNOG00000069447",2
"ENSRNOG00000035568",0
"ENSRNOG00000070371",2
"ENSRNOG00000053995",0
"ENSRNOG00000064424",0
"ENSRNOG00000070587",1
"ENSRNOG00000067736",1
"ENSRNOG00000035538",1
"ENSRNOG00000067458",15
"ENSRNOG00000068005",3
"ENSRNOG00000046071",0
"ENSRNOG00000065080",23
"ENSRNOG00000068269",0
"ENSRNOG00000069869",0
"ENSRNOG00000063038",0
"ENSRNOG00000065398",204
"ENSRNOG00000041300",0
"ENSRNOG00000056515",0
"ENSRNOG00000063824",0
"ENSRNOG00000066868",0
"ENSRNOG00000041870",0
"ENSRNOG00000022870",1663
"ENSRNOG00000035632",0
"ENSRNOG00000069861",6
"ENSRNOG00000016135",223
"ENSRNOG00000035576",2
"ENSRNOG00000070126",0
"ENSRNOG00000067495",167
"ENSRNOG00000068888",14
"ENSRNOG00000066095",13
"ENSRNOG00000070726",0
"ENSRNOG00000065846",0
"ENSRNOG00000015888",1023
"ENSRNOG00000068481",6
"ENSRNOG00000064475",116
"ENSRNOG00000016410",3250
"ENSRNOG00000047970",329
"ENSRNOG00000066229",425
"ENSRNOG00000063744",0
"ENSRNOG00000068587",25
"ENSRNOG00000068596",0
"ENSRNOG00000016420",0
"ENSRNOG00000012216",361
"ENSRNOG00000062636",0
"ENSRNOG00000069931",0
"ENSRNOG00000068968",42
"ENSRNOG00000022139",0
"ENSRNOG00000068907",0
"ENSRNOG00000066586",0
"ENSRNOG00000063573",0
"ENSRNOG00000066568",12
"ENSRNOG00000067244",0
"ENSRNOG00000066129",0
"ENSRNOG00000071160",0
"ENSRNOG00000070855",0
"ENSRNOG00000067617",0
"ENSRNOG00000070577",0
"ENSRNOG00000068616",0
"ENSRNOG00000070510",0
"ENSRNOG00000068971",0
"ENSRNOG00000060680",7
"ENSRNOG00000070370",0
"ENSRNOG00000012189",0
"ENSRNOG00000029273",499
"ENSRNOG00000071193",0
"ENSRNOG00000065125",0
"ENSRNOG00000063920",15
"ENSRNOG00000014670",1862
"ENSRNOG00000063526",0
"ENSRNOG00000064869",0
"ENSRNOG00000065814",0
"ENSRNOG00000062512",127
"ENSRNOG00000012168",42
"ENSRNOG00000064546",3
"ENSRNOG00000069946",2
"ENSRNOG00000065771",60
"ENSRNOG00000067254",621
"ENSRNOG00000066675",0
"ENSRNOG00000069772",0
"ENSRNOG00000056376",84
"ENSRNOG00000064541",3
"ENSRNOG00000066454",0
"ENSRNOG00000067078",2
"ENSRNOG00000012131",0
"ENSRNOG00000064653",3
"ENSRNOG00000018346",74
"ENSRNOG00000071123",14
"ENSRNOG00000042749",0
"ENSRNOG00000065601",0
"ENSRNOG00000069115",1
"ENSRNOG00000063980",0
"ENSRNOG00000011984",0
"ENSRNOG00000062829",0
"ENSRNOG00000063506",0
"ENSRNOG00000068189",2
"ENSRNOG00000063015",14
"ENSRNOG00000063415",0
"ENSRNOG00000069500",0
"ENSRNOG00000070899",0
"ENSRNOG00000063934",0
"ENSRNOG00000069096",2
"ENSRNOG00000011947",0
"ENSRNOG00000064900",0
"ENSRNOG00000069395",0
"ENSRNOG00000068718",0
"ENSRNOG00000063665",7
"ENSRNOG00000058596",4
"ENSRNOG00000065837",0
"ENSRNOG00000065358",0
"ENSRNOG00000018381",223
"ENSRNOG00000070628",0
"ENSRNOG00000059042",0
"ENSRNOG00000066100",0
"ENSRNOG00000066583",0
"ENSRNOG00000066536",0
"ENSRNOG00000053214",0
"ENSRNOG00000068332",84
"ENSRNOG00000066256",0
"ENSRNOG00000068821",0
"ENSRNOG00000017833",28
"ENSRNOG00000000133",719
"ENSRNOG00000061758",0
"ENSRNOG00000069054",1
"ENSRNOG00000070253",0
"ENSRNOG00000063078",0
"ENSRNOG00000067325",0
"ENSRNOG00000071061",0
"ENSRNOG00000017770",204
"ENSRNOG00000059108",1
"ENSRNOG00000070693",0
"ENSRNOG00000055771",0
"ENSRNOG00000065541",3
"ENSRNOG00000051877",0
"ENSRNOG00000056220",0
"ENSRNOG00000051427",0
"ENSRNOG00000063300",2036
"ENSRNOG00000053933",0
"ENSRNOG00000066923",1
"ENSRNOG00000070973",0
"ENSRNOG00000062570",0
"ENSRNOG00000011423",0
"ENSRNOG00000053333",0
"ENSRNOG00000061452",0
"ENSRNOG00000057915",0
"ENSRNOG00000059477",0
"ENSRNOG00000069785",2
"ENSRNOG00000064651",0
"ENSRNOG00000021886",219
"ENSRNOG00000069902",0
"ENSRNOG00000052112",0
"ENSRNOG00000054406",0
"ENSRNOG00000061305",0
"ENSRNOG00000058961",0
"ENSRNOG00000051803",0
"ENSRNOG00000059985",0
"ENSRNOG00000017941",295
"ENSRNOG00000016581",8
"ENSRNOG00000054642",0
"ENSRNOG00000021911",530
"ENSRNOG00000068053",0
"ENSRNOG00000057268",0
"ENSRNOG00000016436",0
"ENSRNOG00000055073",0
"ENSRNOG00000067779",0
"ENSRNOG00000030775",0
"ENSRNOG00000016510",0
"ENSRNOG00000058270",0
"ENSRNOG00000053627",0
"ENSRNOG00000070235",2
"ENSRNOG00000069360",0
"ENSRNOG00000021637",807
"ENSRNOG00000017593",282
"ENSRNOG00000060266",2065
"ENSRNOG00000021584",373
"ENSRNOG00000048114",52
"ENSRNOG00000042036",0
"ENSRNOG00000016295",0
"ENSRNOG00000016534",208
"ENSRNOG00000021882",1518
"ENSRNOG00000017165",86
"ENSRNOG00000015139",0
"ENSRNOG00000026493",1
"ENSRNOG00000065772",44
"ENSRNOG00000016616",0
"ENSRNOG00000015262",0
"ENSRNOG00000015212",69
"ENSRNOG00000029844",0
"ENSRNOG00000015585",34
"ENSRNOG00000015980",49
"ENSRNOG00000063788",0
"ENSRNOG00000024843",1
"ENSRNOG00000011523",856
"ENSRNOG00000016885",455
"ENSRNOG00000017967",143
"ENSRNOG00000027125",180
"ENSRNOG00000033993",0
"ENSRNOG00000065643",1373
"ENSRNOG00000062441",0
"ENSRNOG00000018011",769
"ENSRNOG00000018122",53
"ENSRNOG00000017210",120
"ENSRNOG00000067402",0
"ENSRNOG00000062679",0
"ENSRNOG00000039265",243
"ENSRNOG00000018091",4566
"ENSRNOG00000049801",0
"ENSRNOG00000016307",0
"ENSRNOG00000013653",3721
"ENSRNOG00000033010",1
"ENSRNOG00000018087",37363
"ENSRNOG00000047649",0
"ENSRNOG00000064205",1
"ENSRNOG00000038319",17
"ENSRNOG00000033330",27
"ENSRNOG00000014170",1385
"ENSRNOG00000063889",19
"ENSRNOG00000039075",0
"ENSRNOG00000039058",0
"ENSRNOG00000016538",399
"ENSRNOG00000018123",2040
"ENSRNOG00000021447",266
"ENSRNOG00000017203",0
"ENSRNOG00000017103",0
"ENSRNOG00000066411",22
"ENSRNOG00000014615",476
"ENSRNOG00000017089",1
"ENSRNOG00000017163",120
"ENSRNOG00000045553",27
"ENSRNOG00000021735",159
"ENSRNOG00000064812",0
"ENSRNOG00000017374",0
"ENSRNOG00000060817",711
"ENSRNOG00000016463",0
"ENSRNOG00000012771",414
"ENSRNOG00000016955",420
"ENSRNOG00000016871",0
"ENSRNOG00000016403",2
"ENSRNOG00000013564",2
"ENSRNOG00000043192",305
"ENSRNOG00000016161",1018
"ENSRNOG00000016803",0
"ENSRNOG00000063181",116
"ENSRNOG00000016217",128
"ENSRNOG00000017185",0
"ENSRNOG00000015616",0
"ENSRNOG00000026248",267
"ENSRNOG00000016933",0
"ENSRNOG00000067434",12
"ENSRNOG00000031902",1
"ENSRNOG00000017933",0
"ENSRNOG00000064537",52
"ENSRNOG00000039807",249
"ENSRNOG00000037982",0
"ENSRNOG00000065671",6
"ENSRNOG00000043237",0
"ENSRNOG00000060749",0
"ENSRNOG00000052916",0
"ENSRNOG00000057180",0
"ENSRNOG00000011374",0
"ENSRNOG00000000150",222
"ENSRNOG00000025480",0
"ENSRNOG00000003094",1
"ENSRNOG00000017007",0
"ENSRNOG00000000142",1104
"ENSRNOG00000060141",1414
"ENSRNOG00000016383",1022
"ENSRNOG00000064489",0
"ENSRNOG00000069625",8
"ENSRNOG00000026235",0
"ENSRNOG00000050687",0
"ENSRNOG00000017048",0
"ENSRNOG00000069210",0
"ENSRNOG00000054964",0
"ENSRNOG00000062418",0
"ENSRNOG00000066336",0
"ENSRNOG00000066901",9
"ENSRNOG00000029047",12
"ENSRNOG00000054017",139
"ENSRNOG00000017605",443
"ENSRNOG00000055197",0
"ENSRNOG00000070527",32
"ENSRNOG00000018281",1481
"ENSRNOG00000059840",0
"ENSRNOG00000053635",510
"ENSRNOG00000016792",0
"ENSRNOG00000065338",39
"ENSRNOG00000051823",74
"ENSRNOG00000016763",2
"ENSRNOG00000053518",846
"ENSRNOG00000017511",33
"ENSRNOG00000018396",363
"ENSRNOG00000055000",459
"ENSRNOG00000017545",319
"ENSRNOG00000016670",351
"ENSRNOG00000017607",1029
"ENSRNOG00000052959",215
"ENSRNOG00000014900",115
"ENSRNOG00000000021",0
"ENSRNOG00000066484",0
"ENSRNOG00000017328",54
"ENSRNOG00000066799",0
"ENSRNOG00000065839",0
"ENSRNOG00000017974",4
"ENSRNOG00000017459",26
"ENSRNOG00000029126",0
"ENSRNOG00000066002",0
"ENSRNOG00000017917",26
"ENSRNOG00000052378",0
"ENSRNOG00000069612",0
"ENSRNOG00000061510",0
"ENSRNOG00000018039",0
"ENSRNOG00000061612",138
"ENSRNOG00000016742",0
"ENSRNOG00000018500",235
"ENSRNOG00000016867",644
"ENSRNOG00000017702",92
"ENSRNOG00000070356",0
"ENSRNOG00000052429",608
"ENSRNOG00000016891",231
"ENSRNOG00000014538",4
"ENSRNOG00000023538",86
"ENSRNOG00000063508",0
"ENSRNOG00000066063",0
"ENSRNOG00000057759",52
"ENSRNOG00000013806",330
"ENSRNOG00000027309",0
"ENSRNOG00000068380",24
"ENSRNOG00000016225",11
"ENSRNOG00000056519",0
"ENSRNOG00000017133",1654
"ENSRNOG00000059705",862
"ENSRNOG00000019354",458
"ENSRNOG00000018804",7266
"ENSRNOG00000067594",0
"ENSRNOG00000014524",2961
"ENSRNOG00000030638",1
"ENSRNOG00000017597",11
"ENSRNOG00000070051",0
"ENSRNOG00000016932",773
"ENSRNOG00000025639",0
"ENSRNOG00000013454",824
"ENSRNOG00000016889",46
"ENSRNOG00000065553",0
"ENSRNOG00000060132",4
"ENSRNOG00000066247",19
"ENSRNOG00000067140",0
"ENSRNOG00000066332",0
"ENSRNOG00000017637",0
"ENSRNOG00000017505",220
"ENSRNOG00000017765",630
"ENSRNOG00000017641",862
"ENSRNOG00000065205",151
"ENSRNOG00000016684",3
"ENSRNOG00000017672",1460
"ENSRNOG00000017506",355
"ENSRNOG00000032845",0
"ENSRNOG00000059510",236
"ENSRNOG00000068835",140
"ENSRNOG00000045948",111
"ENSRNOG00000016690",171
"ENSRNOG00000018378",107
"ENSRNOG00000018260",2
"ENSRNOG00000065594",0
"ENSRNOG00000070523",54
"ENSRNOG00000070106",55
"ENSRNOG00000017180",2
"ENSRNOG00000063737",4
"ENSRNOG00000016539",130
"ENSRNOG00000063205",218
"ENSRNOG00000065506",72
"ENSRNOG00000042692",0
"ENSRNOG00000055917",833
"ENSRNOG00000016834",109
"ENSRNOG00000068622",153
"ENSRNOG00000063621",104
"ENSRNOG00000038877",55
"ENSRNOG00000050474",0
"ENSRNOG00000016680",2886
"ENSRNOG00000013620",1350
"ENSRNOG00000018227",925
"ENSRNOG00000017514",2
"ENSRNOG00000018520",46
"ENSRNOG00000060029",0
"ENSRNOG00000065730",0
"ENSRNOG00000018028",0
"ENSRNOG00000064112",59
"ENSRNOG00000018706",6
"ENSRNOG00000016628",0
"ENSRNOG00000069145",1
"ENSRNOG00000016716",0
"ENSRNOG00000070916",29
"ENSRNOG00000069373",4
"ENSRNOG00000046476",0
"ENSRNOG00000069233",3
"ENSRNOG00000040024",2
"ENSRNOG00000065352",0
"ENSRNOG00000014616",2165
"ENSRNOG00000068602",10
"ENSRNOG00000060355",30
"ENSRNOG00000069905",0
"ENSRNOG00000000104",434
"ENSRNOG00000064540",42
"ENSRNOG00000017372",579
"ENSRNOG00000066473",3
"ENSRNOG00000022505",0
"ENSRNOG00000016629",676
"ENSRNOG00000017284",550
"ENSRNOG00000068034",4
"ENSRNOG00000022249",531
"ENSRNOG00000070346",1
"ENSRNOG00000023688",0
"ENSRNOG00000066521",17
"ENSRNOG00000017531",0
"ENSRNOG00000018782",55
"ENSRNOG00000069877",0
"ENSRNOG00000018279",2209
"ENSRNOG00000054957",727
"ENSRNOG00000042206",0
"ENSRNOG00000028997",94
"ENSRNOG00000018355",0
"ENSRNOG00000011668",109
"ENSRNOG00000056413",0
"ENSRNOG00000000105",278
"ENSRNOG00000016576",556
"ENSRNOG00000027014",2
"ENSRNOG00000039975",0
"ENSRNOG00000018911",539
"ENSRNOG00000062731",14
"ENSRNOG00000053232",423
"ENSRNOG00000058285",0
"ENSRNOG00000046968",266
"ENSRNOG00000039971",0
"ENSRNOG00000021898",0
"ENSRNOG00000046334",0
"ENSRNOG00000017585",176
"ENSRNOG00000018343",928
"ENSRNOG00000016779",5524
"ENSRNOG00000011684",163
"ENSRNOG00000052387",0
"ENSRNOG00000018400",253
"ENSRNOG00000018141",0
"ENSRNOG00000031461",0
"ENSRNOG00000029235",221
"ENSRNOG00000012160",0
"ENSRNOG00000018246",84
"ENSRNOG00000032745",0
"ENSRNOG00000018415",75
"ENSRNOG00000064708",0
"ENSRNOG00000018456",2439
"ENSRNOG00000018417",621
"ENSRNOG00000065161",0
"ENSRNOG00000008666",582
"ENSRNOG00000069771",0
"ENSRNOG00000067245",22
"ENSRNOG00000064118",86
"ENSRNOG00000018549",511
"ENSRNOG00000017444",0
"ENSRNOG00000010882",655
"ENSRNOG00000069712",0
"ENSRNOG00000028168",45
"ENSRNOG00000017318",356
"ENSRNOG00000013090",35
"ENSRNOG00000065006",0
"ENSRNOG00000017759",0
"ENSRNOG00000062525",0
"ENSRNOG00000019257",22
"ENSRNOG00000054976",0
"ENSRNOG00000047647",0
"ENSRNOG00000053439",283
"ENSRNOG00000027311",0
"ENSRNOG00000059328",0
"ENSRNOG00000068311",0
"ENSRNOG00000014395",2129
"ENSRNOG00000028750",0
"ENSRNOG00000039990",0
"ENSRNOG00000063490",0
"ENSRNOG00000068265",152
"ENSRNOG00000031955",0
"ENSRNOG00000062898",0
"ENSRNOG00000048693",0
"ENSRNOG00000028329",58
"ENSRNOG00000063185",112
"ENSRNOG00000065263",10
"ENSRNOG00000014366",4
"ENSRNOG00000062387",202
"ENSRNOG00000066835",49
"ENSRNOG00000040000",0
"ENSRNOG00000049920",998
"ENSRNOG00000046746",2
"ENSRNOG00000069288",0
"ENSRNOG00000061064",0
"ENSRNOG00000066214",0
"ENSRNOG00000016967",96
"ENSRNOG00000019175",746
"ENSRNOG00000015989",501
"ENSRNOG00000016511",1299
"ENSRNOG00000069318",0
"ENSRNOG00000014320",251
"ENSRNOG00000069578",17
"ENSRNOG00000067613",9
"ENSRNOG00000064986",973
"ENSRNOG00000013438",431
"ENSRNOG00000053025",0
"ENSRNOG00000067853",1
"ENSRNOG00000033540",0
"ENSRNOG00000053140",0
"ENSRNOG00000067310",3
"ENSRNOG00000068535",1
"ENSRNOG00000048264",78
"ENSRNOG00000039574",0
"ENSRNOG00000048372",0
"ENSRNOG00000018651",445
"ENSRNOG00000061738",0
"ENSRNOG00000029667",478
"ENSRNOG00000067284",2217
"ENSRNOG00000052567",0
"ENSRNOG00000016587",2448
"ENSRNOG00000019057",4
"ENSRNOG00000030027",217
"ENSRNOG00000065065",0
"ENSRNOG00000018198",0
"ENSRNOG00000017888",0
"ENSRNOG00000001066",4
"ENSRNOG00000049452",143
"ENSRNOG00000065532",0
"ENSRNOG00000026690",13
"ENSRNOG00000013679",1
"ENSRNOG00000062220",50
"ENSRNOG00000016046",3
"ENSRNOG00000017946",0
"ENSRNOG00000029792",5846
"ENSRNOG00000039954",0
"ENSRNOG00000019223",1469
"ENSRNOG00000039560",106
"ENSRNOG00000018839",2912
"ENSRNOG00000016855",471
"ENSRNOG00000016560",385
"ENSRNOG00000016873",14
"ENSRNOG00000016902",0
"ENSRNOG00000021292",3215
"ENSRNOG00000013773",270
"ENSRNOG00000016816",1888
"ENSRNOG00000064563",2
"ENSRNOG00000018251",0
"ENSRNOG00000016578",460
"ENSRNOG00000019108",537
"ENSRNOG00000019113",1070
"ENSRNOG00000027938",830
"ENSRNOG00000015523",165
"ENSRNOG00000048849",73
"ENSRNOG00000022405",0
"ENSRNOG00000016031",759
"ENSRNOG00000033625",6
"ENSRNOG00000057865",2
"ENSRNOG00000063656",0
"ENSRNOG00000068509",0
"ENSRNOG00000062272",34666
"ENSRNOG00000013237",0
"ENSRNOG00000055942",2752
"ENSRNOG00000015410",597
"ENSRNOG00000026286",75
"ENSRNOG00000051034",3
"ENSRNOG00000031325",1137
"ENSRNOG00000016066",671
"ENSRNOG00000031716",382
"ENSRNOG00000047910",0
"ENSRNOG00000031706",295
"ENSRNOG00000015631",101
"ENSRNOG00000016378",32
"ENSRNOG00000062314",30
"ENSRNOG00000070919",88
"ENSRNOG00000016915",0
"ENSRNOG00000016222",0
"ENSRNOG00000064794",71
"ENSRNOG00000062739",0
"ENSRNOG00000063362",22
"ENSRNOG00000068516",52
"ENSRNOG00000067427",0
"ENSRNOG00000070712",0
"ENSRNOG00000047459",47
"ENSRNOG00000012940",1347
"ENSRNOG00000068923",0
"ENSRNOG00000064025",13
"ENSRNOG00000017175",1
"ENSRNOG00000016525",0
"ENSRNOG00000068614",8
"ENSRNOG00000024874",314
"ENSRNOG00000065054",37
"ENSRNOG00000022146",15
"ENSRNOG00000067441",2667
"ENSRNOG00000070706",6
"ENSRNOG00000016468",145
"ENSRNOG00000061863",3
"ENSRNOG00000070513",1
"ENSRNOG00000017060",1
"ENSRNOG00000069245",9
"ENSRNOG00000017092",238
"ENSRNOG00000070362",6
"ENSRNOG00000070462",7
"ENSRNOG00000066706",1
"ENSRNOG00000066420",7
"ENSRNOG00000056708",0
"ENSRNOG00000008659",1300
"ENSRNOG00000060002",0
"ENSRNOG00000017863",1013
"ENSRNOG00000064521",42
"ENSRNOG00000043350",91
"ENSRNOG00000064011",1
"ENSRNOG00000067560",21
"ENSRNOG00000070055",3
"ENSRNOG00000063552",4
"ENSRNOG00000065377",0
"ENSRNOG00000063167",3
"ENSRNOG00000016123",93
"ENSRNOG00000016152",164
"ENSRNOG00000016391",540
"ENSRNOG00000017579",583
"ENSRNOG00000016519",166
"ENSRNOG00000001455",933
"ENSRNOG00000017642",100
"ENSRNOG00000016099",368
"ENSRNOG00000046547",0
"ENSRNOG00000017250",65
"ENSRNOG00000068607",0
"ENSRNOG00000018092",0
"ENSRNOG00000054474",110
"ENSRNOG00000024832",0
"ENSRNOG00000031595",1
"ENSRNOG00000018631",1
"ENSRNOG00000033076",5
"ENSRNOG00000016767",280
"ENSRNOG00000016585",620
"ENSRNOG00000048719",145
"ENSRNOG00000022021",34
"ENSRNOG00000045918",384
"ENSRNOG00000016992",0
"ENSRNOG00000001456",1165
"ENSRNOG00000026120",1551
"ENSRNOG00000068619",0
"ENSRNOG00000002624",0
"ENSRNOG00000018070",1
"ENSRNOG00000028913",0
"ENSRNOG00000068936",0
"ENSRNOG00000068312",0
"ENSRNOG00000016998",717
"ENSRNOG00000002609",64
"ENSRNOG00000014264",167
"ENSRNOG00000002480",184
"ENSRNOG00000062602",0
"ENSRNOG00000018200",0
"ENSRNOG00000014019",446
"ENSRNOG00000002461",7979
"ENSRNOG00000017803",189
"ENSRNOG00000014460",1610
"ENSRNOG00000018110",2488
"ENSRNOG00000049614",288
"ENSRNOG00000018478",0
"ENSRNOG00000017866",685
"ENSRNOG00000014007",11
"ENSRNOG00000014361",39
"ENSRNOG00000055012",746
"ENSRNOG00000015288",1042
"ENSRNOG00000014702",0
"ENSRNOG00000017988",105
"ENSRNOG00000058094",1212
"ENSRNOG00000023831",0
"ENSRNOG00000038331",0
"ENSRNOG00000050209",0
"ENSRNOG00000066344",620
"ENSRNOG00000018202",0
"ENSRNOG00000016497",124
"ENSRNOG00000067756",0
"ENSRNOG00000030442",5166
"ENSRNOG00000038361",0
"ENSRNOG00000040116",0
"ENSRNOG00000067517",191
"ENSRNOG00000017987",0
"ENSRNOG00000027229",299
"ENSRNOG00000019336",89
"ENSRNOG00000015522",788
"ENSRNOG00000017644",666
"ENSRNOG00000019096",3
"ENSRNOG00000014548",2150
"ENSRNOG00000018886",1139
"ENSRNOG00000069985",16
"ENSRNOG00000018999",319
"ENSRNOG00000063174",0
"ENSRNOG00000015101",0
"ENSRNOG00000019027",170
"ENSRNOG00000050332",0
"ENSRNOG00000023661",924
"ENSRNOG00000017991",355
"ENSRNOG00000018554",1308
"ENSRNOG00000018566",3635
"ENSRNOG00000015292",647
"ENSRNOG00000014481",0
"ENSRNOG00000027234",91
"ENSRNOG00000059415",0
"ENSRNOG00000064278",1
"ENSRNOG00000017466",1841
"ENSRNOG00000067224",0
"ENSRNOG00000018044",439
"ENSRNOG00000013469",5467
"ENSRNOG00000017981",37
"ENSRNOG00000016283",0
"ENSRNOG00000017791",237
"ENSRNOG00000013717",144
"ENSRNOG00000018125",414
"ENSRNOG00000017951",901
"ENSRNOG00000014886",417
"ENSRNOG00000062407",3
"ENSRNOG00000017904",738
"ENSRNOG00000067341",50
"ENSRNOG00000018905",0
"ENSRNOG00000016174",306
"ENSRNOG00000069645",1
"ENSRNOG00000059019",0
"ENSRNOG00000018767",169
"ENSRNOG00000026376",0
"ENSRNOG00000063512",0
"ENSRNOG00000022712",2
"ENSRNOG00000024499",0
"ENSRNOG00000065875",3
"ENSRNOG00000015701",1122
"ENSRNOG00000023593",191
"ENSRNOG00000018760",32
"ENSRNOG00000050767",152
"ENSRNOG00000017595",826
"ENSRNOG00000015437",424
"ENSRNOG00000023799",14
"ENSRNOG00000018972",771
"ENSRNOG00000039379",11
"ENSRNOG00000026132",116
"ENSRNOG00000023778",516
"ENSRNOG00000057362",0
"ENSRNOG00000017882",27
"ENSRNOG00000014049",224
"ENSRNOG00000023587",536
"ENSRNOG00000066940",0
"ENSRNOG00000024111",6
"ENSRNOG00000013928",588
"ENSRNOG00000023278",563
"ENSRNOG00000013756",235
"ENSRNOG00000031495",157
"ENSRNOG00000016672",6
"ENSRNOG00000017741",411
"ENSRNOG00000032215",500
"ENSRNOG00000017083",0
"ENSRNOG00000016705",733
"ENSRNOG00000034229",0
"ENSRNOG00000015008",0
"ENSRNOG00000000137",0
"ENSRNOG00000070083",0
"ENSRNOG00000016226",185
"ENSRNOG00000048576",13
"ENSRNOG00000017787",559
"ENSRNOG00000070025",0
"ENSRNOG00000033772",1182
"ENSRNOG00000015957",0
"ENSRNOG00000017962",793
"ENSRNOG00000066714",590
"ENSRNOG00000063669",0
"ENSRNOG00000038761",495
"ENSRNOG00000068561",0
"ENSRNOG00000068554",0
"ENSRNOG00000023334",610
"ENSRNOG00000039183",197
"ENSRNOG00000001792",8
"ENSRNOG00000001956",513
"ENSRNOG00000002241",132
"ENSRNOG00000003088",564
"ENSRNOG00000028005",0
"ENSRNOG00000032187",0
"ENSRNOG00000031653",138
"ENSRNOG00000001634",1
"ENSRNOG00000001633",3495
"ENSRNOG00000002255",721
"ENSRNOG00000001806",0
"ENSRNOG00000038370",0
"ENSRNOG00000051711",468
"ENSRNOG00000030387",1
"ENSRNOG00000021469",185
"ENSRNOG00000001809",0
"ENSRNOG00000001821",0
"ENSRNOG00000066346",52
"ENSRNOG00000023463",420
"ENSRNOG00000001816",188
"ENSRNOG00000001627",5069
"ENSRNOG00000021992",0
"ENSRNOG00000001789",1039
"ENSRNOG00000001815",2707
"ENSRNOG00000002701",1
"ENSRNOG00000001785",1050
"ENSRNOG00000001837",0
"ENSRNOG00000038355",0
"ENSRNOG00000023400",569
"ENSRNOG00000069473",0
"ENSRNOG00000026085",261
"ENSRNOG00000031669",5279
"ENSRNOG00000026008",371
"ENSRNOG00000066242",53
"ENSRNOG00000002238",2
"ENSRNOG00000033929",0
"ENSRNOG00000001827",2115
"ENSRNOG00000064199",0
"ENSRNOG00000002176",689
"ENSRNOG00000001770",34
"ENSRNOG00000001797",379
"ENSRNOG00000031801",1251
"ENSRNOG00000061038",0
"ENSRNOG00000002240",590
"ENSRNOG00000043069",355
"ENSRNOG00000047894",1
"ENSRNOG00000002229",493
"ENSRNOG00000001955",0
"ENSRNOG00000063811",886
"ENSRNOG00000001943",0
"ENSRNOG00000029564",0
"ENSRNOG00000042598",0
"ENSRNOG00000022110",0
"ENSRNOG00000002145",2
"ENSRNOG00000065935",18
"ENSRNOG00000022136",0
"ENSRNOG00000002215",783
"ENSRNOG00000046283",179
"ENSRNOG00000025423",20
"ENSRNOG00000001773",613
"ENSRNOG00000002171",1581
"ENSRNOG00000025055",0
"ENSRNOG00000032327",293
"ENSRNOG00000001708",3533
"ENSRNOG00000034233",1286
"ENSRNOG00000038160",660
"ENSRNOG00000023030",0
"ENSRNOG00000029178",574
"ENSRNOG00000059880",749
"ENSRNOG00000025404",1
"ENSRNOG00000023107",1473
"ENSRNOG00000066784",0
"ENSRNOG00000064614",0
"ENSRNOG00000066258",0
"ENSRNOG00000054334",118
"ENSRNOG00000055586",1
"ENSRNOG00000064186",3
"ENSRNOG00000001776",0
"ENSRNOG00000001764",574
"ENSRNOG00000001765",2
"ENSRNOG00000042289",14
"ENSRNOG00000001762",1649
"ENSRNOG00000054404",0
"ENSRNOG00000048434",0
"ENSRNOG00000001766",348
"ENSRNOG00000002094",706
"ENSRNOG00000001796",8
"ENSRNOG00000001758",158
"ENSRNOG00000002069",830
"ENSRNOG00000049950",0
"ENSRNOG00000001712",651
"ENSRNOG00000022007",0
"ENSRNOG00000001803",865
"ENSRNOG00000001707",12
"ENSRNOG00000053301",0
"ENSRNOG00000026458",405
"ENSRNOG00000056574",0
"ENSRNOG00000002141",858
"ENSRNOG00000001709",5325
"ENSRNOG00000001783",824
"ENSRNOG00000002013",0
"ENSRNOG00000001706",970
"ENSRNOG00000001710",299
"ENSRNOG00000002044",73
"ENSRNOG00000001911",2
"ENSRNOG00000001750",42
"ENSRNOG00000013721",288
"ENSRNOG00000060806",0
"ENSRNOG00000058590",0
"ENSRNOG00000042367",2
"ENSRNOG00000039048",165
"ENSRNOG00000002052",50713
"ENSRNOG00000059447",0
"ENSRNOG00000070163",0
"ENSRNOG00000064181",0
"ENSRNOG00000069249",0
"ENSRNOG00000064589",0
"ENSRNOG00000001748",94
"ENSRNOG00000053406",24
"ENSRNOG00000001658",0
"ENSRNOG00000001742",237
"ENSRNOG00000069912",1
"ENSRNOG00000001632",739
"ENSRNOG00000060348",3
"ENSRNOG00000001747",1295
"ENSRNOG00000067977",0
"ENSRNOG00000001757",41
"ENSRNOG00000030983",0
"ENSRNOG00000057815",36
"ENSRNOG00000039850",189
"ENSRNOG00000046969",518
"ENSRNOG00000001647",413
"ENSRNOG00000002046",3
"ENSRNOG00000064973",496
"ENSRNOG00000045770",813
"ENSRNOG00000002041",2363
"ENSRNOG00000001746",524
"ENSRNOG00000049686",199
"ENSRNOG00000048861",108
"ENSRNOG00000028077",2
"ENSRNOG00000063031",96
"ENSRNOG00000001786",895
"ENSRNOG00000001525",9
"ENSRNOG00000001682",2878
"ENSRNOG00000001795",2380
"ENSRNOG00000001738",2208
"ENSRNOG00000046836",4
"ENSRNOG00000039024",66
"ENSRNOG00000001736",255
"ENSRNOG00000046850",4
"ENSRNOG00000068165",0
"ENSRNOG00000003114",103
"ENSRNOG00000062641",0
"ENSRNOG00000001782",436
"ENSRNOG00000063137",0
"ENSRNOG00000067288",0
"ENSRNOG00000066479",0
"ENSRNOG00000028238",1
"ENSRNOG00000001781",71
"ENSRNOG00000042193",0
"ENSRNOG00000064222",19
"ENSRNOG00000039017",194
"ENSRNOG00000046258",0
"ENSRNOG00000028216",0
"ENSRNOG00000026420",1
"ENSRNOG00000022792",0
"ENSRNOG00000001992",1688
"ENSRNOG00000033372",960
"ENSRNOG00000049693",3
"ENSRNOG00000001953",43
"ENSRNOG00000001719",1968
"ENSRNOG00000057153",78
"ENSRNOG00000058752",573
"ENSRNOG00000001629",303
"ENSRNOG00000002976",2
"ENSRNOG00000001715",207
"ENSRNOG00000063024",0
"ENSRNOG00000027260",711
"ENSRNOG00000027380",2
"ENSRNOG00000001774",1983
"ENSRNOG00000060729",96
"ENSRNOG00000003014",2022
"ENSRNOG00000062944",0
"ENSRNOG00000029529",226
"ENSRNOG00000002999",219
"ENSRNOG00000029912",629
"ENSRNOG00000001527",288
"ENSRNOG00000038868",96
"ENSRNOG00000046981",0
"ENSRNOG00000001652",92
"ENSRNOG00000025946",717
"ENSRNOG00000002350",0
"ENSRNOG00000001908",0
"ENSRNOG00000038119",1
"ENSRNOG00000001892",0
"ENSRNOG00000031852",2
"ENSRNOG00000000282",0
"ENSRNOG00000000283",319
"ENSRNOG00000048226",1460
"ENSRNOG00000042555",0
"ENSRNOG00000061814",1989
"ENSRNOG00000001793",850
"ENSRNOG00000038987",0
"ENSRNOG00000001623",355
"ENSRNOG00000056716",897
"ENSRNOG00000001839",1
"ENSRNOG00000053435",0
"ENSRNOG00000001891",27
"ENSRNOG00000068521",0
"ENSRNOG00000062945",60
"ENSRNOG00000002721",1203
"ENSRNOG00000001890",105
"ENSRNOG00000002265",0
"ENSRNOG00000027992",0
"ENSRNOG00000001889",1983
"ENSRNOG00000002906",0
"ENSRNOG00000001794",0
"ENSRNOG00000002833",1398
"ENSRNOG00000001888",457
"ENSRNOG00000001733",1223
"ENSRNOG00000003075",1102
"ENSRNOG00000001752",0
"ENSRNOG00000001962",0
"ENSRNOG00000030246",0
"ENSRNOG00000024924",643
"ENSRNOG00000038881",0
"ENSRNOG00000001963",11
"ENSRNOG00000033623",783
"ENSRNOG00000002797",3
"ENSRNOG00000001875",828
"ENSRNOG00000001976",1
"ENSRNOG00000043345",240
"ENSRNOG00000001618",0
"ENSRNOG00000001754",84
"ENSRNOG00000002746",53311
"ENSRNOG00000067589",100
"ENSRNOG00000001628",0
"ENSRNOG00000001886",400
"ENSRNOG00000001739",0
"ENSRNOG00000070121",55
"ENSRNOG00000001885",278
"ENSRNOG00000001620",274
"ENSRNOG00000002289",0
"ENSRNOG00000001730",3264
"ENSRNOG00000027151",4657
"ENSRNOG00000000281",71
"ENSRNOG00000058687",0
"ENSRNOG00000001880",312
"ENSRNOG00000067813",0
"ENSRNOG00000054045",2
"ENSRNOG00000024960",0
"ENSRNOG00000068260",0
"ENSRNOG00000001621",687
"ENSRNOG00000060852",0
"ENSRNOG00000066140",0
"ENSRNOG00000001884",1051
"ENSRNOG00000002305",0
"ENSRNOG00000041535",0
"ENSRNOG00000040402",0
"ENSRNOG00000055598",34
"ENSRNOG00000001726",117
"ENSRNOG00000046478",0
"ENSRNOG00000050840",0
"ENSRNOG00000035524",3
"ENSRNOG00000049963",0
"ENSRNOG00000035536",0
"ENSRNOG00000037967",335
"ENSRNOG00000068993",1
"ENSRNOG00000035541",0
"ENSRNOG00000046846",0
"ENSRNOG00000035500",4
"ENSRNOG00000048889",0
"ENSRNOG00000001959",2
"ENSRNOG00000035585",0
"ENSRNOG00000040376",0
"ENSRNOG00000066681",1454
"ENSRNOG00000035526",1
"ENSRNOG00000049439",0
"ENSRNOG00000042711",1
"ENSRNOG00000041554",0
"ENSRNOG00000048273",1
"ENSRNOG00000064234",0
"ENSRNOG00000067575",0
"ENSRNOG00000064503",0
"ENSRNOG00000001870",1162
"ENSRNOG00000037983",0
"ENSRNOG00000030314",1350
"ENSRNOG00000061393",1
"ENSRNOG00000068242",0
"ENSRNOG00000040054",0
"ENSRNOG00000001867",631
"ENSRNOG00000051751",0
"ENSRNOG00000001592",1132
"ENSRNOG00000040039",0
"ENSRNOG00000054190",0
"ENSRNOG00000038001",1314
"ENSRNOG00000038835",0
"ENSRNOG00000067668",0
"ENSRNOG00000063259",0
"ENSRNOG00000058167",0
"ENSRNOG00000045728",278
"ENSRNOG00000070582",0
"ENSRNOG00000070808",0
"ENSRNOG00000070861",0
"ENSRNOG00000064806",0
"ENSRNOG00000028648",0
"ENSRNOG00000063723",59
"ENSRNOG00000061283",0
"ENSRNOG00000064720",0
"ENSRNOG00000030984",0
"ENSRNOG00000052338",0
"ENSRNOG00000069948",0
"ENSRNOG00000052562",0
"ENSRNOG00000043471",0
"ENSRNOG00000068634",0
"ENSRNOG00000056025",0
"ENSRNOG00000069664",0
"ENSRNOG00000037957",3
"ENSRNOG00000000288",2434
"ENSRNOG00000066648",0
"ENSRNOG00000068323",0
"ENSRNOG00000066199",9
"ENSRNOG00000056381",0
"ENSRNOG00000068197",0
"ENSRNOG00000054727",0
"ENSRNOG00000063779",0
"ENSRNOG00000001566",0
"ENSRNOG00000051729",0
"ENSRNOG00000059060",0
"ENSRNOG00000002471",53
"ENSRNOG00000001680",106
"ENSRNOG00000053621",1
"ENSRNOG00000050693",0
"ENSRNOG00000056026",1
"ENSRNOG00000001769",423
"ENSRNOG00000056834",0
"ENSRNOG00000069467",0
"ENSRNOG00000042848",17
"ENSRNOG00000052714",1
"ENSRNOG00000060539",0
"ENSRNOG00000023271",390
"ENSRNOG00000001528",0
"ENSRNOG00000056109",0
"ENSRNOG00000037851",344
"ENSRNOG00000054670",0
"ENSRNOG00000056085",0
"ENSRNOG00000064498",2
"ENSRNOG00000070595",0
"ENSRNOG00000065774",0
"ENSRNOG00000068143",0
"ENSRNOG00000063813",4
"ENSRNOG00000058090",0
"ENSRNOG00000071059",0
"ENSRNOG00000002459",15
"ENSRNOG00000065592",16
"ENSRNOG00000070665",0
"ENSRNOG00000001551",259
"ENSRNOG00000063735",0
"ENSRNOG00000068210",0
"ENSRNOG00000065035",3
"ENSRNOG00000040058",0
"ENSRNOG00000053125",0
"ENSRNOG00000062339",35
"ENSRNOG00000064477",0
"ENSRNOG00000030674",0
"ENSRNOG00000002496",1
"ENSRNOG00000056035",0
"ENSRNOG00000056964",373
"ENSRNOG00000064142",192
"ENSRNOG00000001849",3632
"ENSRNOG00000057066",3
"ENSRNOG00000053205",517
"ENSRNOG00000068775",2
"ENSRNOG00000001689",224
"ENSRNOG00000062950",2
"ENSRNOG00000068457",2
"ENSRNOG00000047394",980
"ENSRNOG00000069704",1
"ENSRNOG00000053629",1
"ENSRNOG00000058660",0
"ENSRNOG00000051434",0
"ENSRNOG00000066320",0
"ENSRNOG00000057568",0
"ENSRNOG00000060082",0
"ENSRNOG00000030920",435
"ENSRNOG00000063446",66
"ENSRNOG00000066003",342
"ENSRNOG00000063810",0
"ENSRNOG00000064256",0
"ENSRNOG00000062757",0
"ENSRNOG00000021891",1403
"ENSRNOG00000069220",2
"ENSRNOG00000027756",1055
"ENSRNOG00000052872",0
"ENSRNOG00000001679",6
"ENSRNOG00000070226",0
"ENSRNOG00000001727",307
"ENSRNOG00000070522",1
"ENSRNOG00000053246",0
"ENSRNOG00000070145",0
"ENSRNOG00000067986",83
"ENSRNOG00000056286",0
"ENSRNOG00000002187",0
"ENSRNOG00000068803",0
"ENSRNOG00000021569",104
"ENSRNOG00000063961",0
"ENSRNOG00000061734",0
"ENSRNOG00000066813",2255
"ENSRNOG00000066195",0
"ENSRNOG00000071064",13
"ENSRNOG00000052928",0
"ENSRNOG00000001829",157
"ENSRNOG00000033933",0
"ENSRNOG00000065454",0
"ENSRNOG00000063620",0
"ENSRNOG00000063692",0
"ENSRNOG00000061658",8
"ENSRNOG00000054745",2
"ENSRNOG00000063379",0
"ENSRNOG00000063237",0
"ENSRNOG00000062557",0
"ENSRNOG00000064530",276
"ENSRNOG00000064725",0
"ENSRNOG00000069380",0
"ENSRNOG00000058468",0
"ENSRNOG00000039689",0
"ENSRNOG00000063170",1778
"ENSRNOG00000057033",0
"ENSRNOG00000068345",3292
"ENSRNOG00000062535",2
"ENSRNOG00000065670",0
"ENSRNOG00000069898",0
"ENSRNOG00000058702",1
"ENSRNOG00000065174",0
"ENSRNOG00000066829",5
"ENSRNOG00000051453",0
"ENSRNOG00000053527",0
"ENSRNOG00000056037",0
"ENSRNOG00000068891",0
"ENSRNOG00000001714",9
"ENSRNOG00000069526",0
"ENSRNOG00000053625",0
"ENSRNOG00000057165",0
"ENSRNOG00000002032",804
"ENSRNOG00000062642",0
"ENSRNOG00000065291",0
"ENSRNOG00000068433",1
"ENSRNOG00000029184",0
"ENSRNOG00000068814",0
"ENSRNOG00000069760",0
"ENSRNOG00000002092",36
"ENSRNOG00000058396",0
"ENSRNOG00000045668",1086
"ENSRNOG00000069502",44
"ENSRNOG00000055491",0
"ENSRNOG00000067652",0
"ENSRNOG00000066937",0
"ENSRNOG00000050898",1
"ENSRNOG00000070389",5
"ENSRNOG00000056031",0
"ENSRNOG00000062985",0
"ENSRNOG00000051898",0
"ENSRNOG00000069619",6
"ENSRNOG00000060476",0
"ENSRNOG00000069129",1
"ENSRNOG00000028638",0
"ENSRNOG00000056119",0
"ENSRNOG00000063192",0
"ENSRNOG00000063822",0
"ENSRNOG00000070188",0
"ENSRNOG00000040063",0
"ENSRNOG00000052768",0
"ENSRNOG00000069048",0
"ENSRNOG00000026870",39
"ENSRNOG00000054228",0
"ENSRNOG00000067473",12
"ENSRNOG00000055311",0
"ENSRNOG00000063214",0
"ENSRNOG00000060986",0
"ENSRNOG00000070128",1
"ENSRNOG00000060264",0
"ENSRNOG00000066127",0
"ENSRNOG00000052026",0
"ENSRNOG00000068094",0
"ENSRNOG00000070046",47
"ENSRNOG00000058838",0
"ENSRNOG00000028670",2
"ENSRNOG00000067170",66
"ENSRNOG00000054912",1
"ENSRNOG00000067715",0
"ENSRNOG00000060035",1
"ENSRNOG00000070580",0
"ENSRNOG00000001704",592
"ENSRNOG00000063650",0
"ENSRNOG00000069387",0
"ENSRNOG00000068612",0
"ENSRNOG00000060275",0
"ENSRNOG00000068092",0
"ENSRNOG00000062566",0
"ENSRNOG00000001584",182
"ENSRNOG00000062978",0
"ENSRNOG00000070870",0
"ENSRNOG00000069234",0
"ENSRNOG00000060397",0
"ENSRNOG00000028658",0
"ENSRNOG00000052098",0
"ENSRNOG00000001979",294
"ENSRNOG00000070255",0
"ENSRNOG00000063020",0
"ENSRNOG00000056995",0
"ENSRNOG00000062680",0
"ENSRNOG00000038597",1138
"ENSRNOG00000067013",5
"ENSRNOG00000054940",0
"ENSRNOG00000065034",1
"ENSRNOG00000069118",2
"ENSRNOG00000061629",0
"ENSRNOG00000058294",0
"ENSRNOG00000002115",1769
"ENSRNOG00000070495",0
"ENSRNOG00000060895",0
"ENSRNOG00000066783",0
"ENSRNOG00000067550",0
"ENSRNOG00000068673",4
"ENSRNOG00000058239",0
"ENSRNOG00000028594",1008
"ENSRNOG00000063377",0
"ENSRNOG00000001825",106
"ENSRNOG00000056812",0
"ENSRNOG00000062427",0
"ENSRNOG00000063571",0
"ENSRNOG00000060372",0
"ENSRNOG00000055121",0
"ENSRNOG00000070084",0
"ENSRNOG00000063074",0
"ENSRNOG00000054363",0
"ENSRNOG00000066588",1
"ENSRNOG00000052779",0
"ENSRNOG00000001657",1262
"ENSRNOG00000060850",0
"ENSRNOG00000002104",881
"ENSRNOG00000067029",0
"ENSRNOG00000068576",0
"ENSRNOG00000070903",0
"ENSRNOG00000070458",0
"ENSRNOG00000067988",102
"ENSRNOG00000063218",1
"ENSRNOG00000066621",0
"ENSRNOG00000068065",2
"ENSRNOG00000065231",0
"ENSRNOG00000070902",0
"ENSRNOG00000065737",0
"ENSRNOG00000052206",0
"ENSRNOG00000029811",49
"ENSRNOG00000060551",0
"ENSRNOG00000001877",1880
"ENSRNOG00000064835",1
"ENSRNOG00000066663",1
"ENSRNOG00000067860",0
"ENSRNOG00000068560",750
"ENSRNOG00000059381",418
"ENSRNOG00000065755",0
"ENSRNOG00000021399",111
"ENSRNOG00000001720",751
"ENSRNOG00000066115",9
"ENSRNOG00000052102",0
"ENSRNOG00000001729",761
"ENSRNOG00000067747",0
"ENSRNOG00000068158",12
"ENSRNOG00000021555",39
"ENSRNOG00000001984",0
"ENSRNOG00000042975",115
"ENSRNOG00000063553",2
"ENSRNOG00000021524",0
"ENSRNOG00000038505",0
"ENSRNOG00000001876",40
"ENSRNOG00000039877",313
"ENSRNOG00000042474",0
"ENSRNOG00000050091",68
"ENSRNOG00000070616",6
"ENSRNOG00000039680",0
"ENSRNOG00000002028",1271
"ENSRNOG00000066465",38
"ENSRNOG00000067941",592
"ENSRNOG00000047699",1903
"ENSRNOG00000002080",461
"ENSRNOG00000069351",0
"ENSRNOG00000001986",0
"ENSRNOG00000001654",188
"ENSRNOG00000001868",1606
"ENSRNOG00000052428",0
"ENSRNOG00000002026",70
"ENSRNOG00000024127",2
"ENSRNOG00000067809",0
"ENSRNOG00000028292",581
"ENSRNOG00000025787",0
"ENSRNOG00000063126",11
"ENSRNOG00000068502",30
"ENSRNOG00000001642",661
"ENSRNOG00000002036",343
"ENSRNOG00000001878",1197
"ENSRNOG00000064931",0
"ENSRNOG00000062397",0
"ENSRNOG00000068346",0
"ENSRNOG00000001872",0
"ENSRNOG00000052008",0
"ENSRNOG00000068497",0
"ENSRNOG00000057748",0
"ENSRNOG00000002021",5545
"ENSRNOG00000056680",0
"ENSRNOG00000062424",0
"ENSRNOG00000057324",0
"ENSRNOG00000066842",485
"ENSRNOG00000056215",0
"ENSRNOG00000058009",2
"ENSRNOG00000062537",0
"ENSRNOG00000060760",0
"ENSRNOG00000001575",1
"ENSRNOG00000001717",780
"ENSRNOG00000027797",2168
"ENSRNOG00000001640",355
"ENSRNOG00000040050",0
"ENSRNOG00000002012",152
"ENSRNOG00000001644",0
"ENSRNOG00000025028",571
"ENSRNOG00000002072",155
"ENSRNOG00000001622",1
"ENSRNOG00000028014",60
"ENSRNOG00000001616",487
"ENSRNOG00000038540",3
"ENSRNOG00000024040",217
"ENSRNOG00000002051",1238
"ENSRNOG00000001928",92
"ENSRNOG00000039567",278
"ENSRNOG00000039517",0
"ENSRNOG00000001930",2273
"ENSRNOG00000027888",233
"ENSRNOG00000002001",1543
"ENSRNOG00000030462",0
"ENSRNOG00000063842",0
"ENSRNOG00000065104",1
"ENSRNOG00000046991",247
"ENSRNOG00000063970",1
"ENSRNOG00000065628",0
"ENSRNOG00000065413",0
"ENSRNOG00000022160",0
"ENSRNOG00000070451",0
"ENSRNOG00000068415",24
"ENSRNOG00000039649",0
"ENSRNOG00000064197",0
"ENSRNOG00000038512",0
"ENSRNOG00000069304",0
"ENSRNOG00000069990",0
"ENSRNOG00000001645",848
"ENSRNOG00000024384",0
"ENSRNOG00000046780",0
"ENSRNOG00000052348",0
"ENSRNOG00000001711",329
"ENSRNOG00000039562",25
"ENSRNOG00000068996",0
"ENSRNOG00000033321",175
"ENSRNOG00000025990",0
"ENSRNOG00000065215",464
"ENSRNOG00000065853",3442
"ENSRNOG00000028411",1412
"ENSRNOG00000055751",2
"ENSRNOG00000001833",566
"ENSRNOG00000062881",327
"ENSRNOG00000033603",296
"ENSRNOG00000064655",174
"ENSRNOG00000023917",251
"ENSRNOG00000070865",123
"ENSRNOG00000002253",67
"ENSRNOG00000037909",508
"ENSRNOG00000001613",321
"ENSRNOG00000001931",20
"ENSRNOG00000038610",2340
"ENSRNOG00000026991",5
"ENSRNOG00000001845",570
"ENSRNOG00000055138",0
"ENSRNOG00000067943",237
"ENSRNOG00000001611",509
"ENSRNOG00000001728",351
"ENSRNOG00000052877",0
"ENSRNOG00000001874",5
"ENSRNOG00000001713",1048
"ENSRNOG00000069996",0
"ENSRNOG00000067098",0
"ENSRNOG00000039668",1108
"ENSRNOG00000069169",5
"ENSRNOG00000048109",5539
"ENSRNOG00000001924",0
"ENSRNOG00000001873",2
"ENSRNOG00000031273",6937
"ENSRNOG00000001653",7
"ENSRNOG00000039674",57
"ENSRNOG00000032877",339
"ENSRNOG00000025014",128
"ENSRNOG00000055281",661
"ENSRNOG00000070540",0
"ENSRNOG00000033115",5
"ENSRNOG00000001893",612
"ENSRNOG00000050000",0
"ENSRNOG00000059491",27
"ENSRNOG00000025031",0
"ENSRNOG00000050071",0
"ENSRNOG00000001609",137
"ENSRNOG00000068894",8
"ENSRNOG00000001843",1288
"ENSRNOG00000066515",0
"ENSRNOG00000001991",4788
"ENSRNOG00000070676",0
"ENSRNOG00000001926",0
"ENSRNOG00000051418",0
"ENSRNOG00000030452",11
"ENSRNOG00000068299",1378
"ENSRNOG00000042967",0
"ENSRNOG00000050869",203
"ENSRNOG00000000716",0
"ENSRNOG00000063121",1
"ENSRNOG00000001823",730
"ENSRNOG00000001699",193
"ENSRNOG00000031163",93
"ENSRNOG00000001567",0
"ENSRNOG00000063483",0
"ENSRNOG00000040068",0
"ENSRNOG00000071041",0
"ENSRNOG00000070559",0
"ENSRNOG00000001608",74
"ENSRNOG00000040064",0
"ENSRNOG00000027997",0
"ENSRNOG00000055713",0
"ENSRNOG00000001813",1008
"ENSRNOG00000043017",0
"ENSRNOG00000039678",0
"ENSRNOG00000042680",0
"ENSRNOG00000049911",490
"ENSRNOG00000057156",0
"ENSRNOG00000027691",0
"ENSRNOG00000001982",803
"ENSRNOG00000061897",0
"ENSRNOG00000027478",0
"ENSRNOG00000055793",0
"ENSRNOG00000001571",0
"ENSRNOG00000048374",0
"ENSRNOG00000067486",3
"ENSRNOG00000066669",0
"ENSRNOG00000050096",0
"ENSRNOG00000067558",0
"ENSRNOG00000048212",0
"ENSRNOG00000047848",26
"ENSRNOG00000001570",0
"ENSRNOG00000042531",0
"ENSRNOG00000001971",873
"ENSRNOG00000065419",0
"ENSRNOG00000063617",0
"ENSRNOG00000001862",4167
"ENSRNOG00000001691",0
"ENSRNOG00000060045",1384
"ENSRNOG00000026236",413
"ENSRNOG00000001692",121
"ENSRNOG00000001861",70
"ENSRNOG00000001701",68
"ENSRNOG00000054203",221
"ENSRNOG00000001964",2017
"ENSRNOG00000001865",1
"ENSRNOG00000001860",1
"ENSRNOG00000001686",316
"ENSRNOG00000001864",93
"ENSRNOG00000025252",92
"ENSRNOG00000001684",0
"ENSRNOG00000051458",39
"ENSRNOG00000001958",418
"ENSRNOG00000001681",704
"ENSRNOG00000030245",260
"ENSRNOG00000001989",509
"ENSRNOG00000055545",0
"ENSRNOG00000070534",0
"ENSRNOG00000001662",1067
"ENSRNOG00000032101",5
"ENSRNOG00000001859",270
"ENSRNOG00000026918",0
"ENSRNOG00000026900",695
"ENSRNOG00000051204",477
"ENSRNOG00000021674",154
"ENSRNOG00000000720",147
"ENSRNOG00000001643",487
"ENSRNOG00000068003",0
"ENSRNOG00000050286",63
"ENSRNOG00000028248",1
"ENSRNOG00000047194",408
"ENSRNOG00000070368",136
"ENSRNOG00000068638",35
"ENSRNOG00000030285",43
"ENSRNOG00000028774",681
"ENSRNOG00000069240",1
"ENSRNOG00000029956",190
"ENSRNOG00000000718",1733
"ENSRNOG00000001585",424
"ENSRNOG00000009920",82
"ENSRNOG00000029147",0
"ENSRNOG00000069094",0
"ENSRNOG00000001554",222
"ENSRNOG00000000715",0
"ENSRNOG00000033441",0
"ENSRNOG00000029763",2
"ENSRNOG00000061099",86
"ENSRNOG00000001573",741
"ENSRNOG00000040257",1048
"ENSRNOG00000051232",213
"ENSRNOG00000030840",1
"ENSRNOG00000029598",201
"ENSRNOG00000047563",197
"ENSRNOG00000060979",915
"ENSRNOG00000030930",0
"ENSRNOG00000001916",0
"ENSRNOG00000001915",0
"ENSRNOG00000029614",1805
"ENSRNOG00000070402",0
"ENSRNOG00000070302",0
"ENSRNOG00000062450",0
"ENSRNOG00000048723",1645
"ENSRNOG00000064853",0
"ENSRNOG00000000713",16
"ENSRNOG00000001582",872
"ENSRNOG00000006997",16825
"ENSRNOG00000001607",3091
"ENSRNOG00000002126",0
"ENSRNOG00000057794",496
"ENSRNOG00000001603",327
"ENSRNOG00000001602",847
"ENSRNOG00000001557",549
"ENSRNOG00000001555",342
"ENSRNOG00000063701",0
"ENSRNOG00000001544",0
"ENSRNOG00000001599",84
"ENSRNOG00000001598",248
"ENSRNOG00000040057",0
"ENSRNOG00000038819",5
"ENSRNOG00000045697",2
"ENSRNOG00000042623",1
"ENSRNOG00000052858",0
"ENSRNOG00000011424",0
"ENSRNOG00000067705",54
"ENSRNOG00000055604",0
"ENSRNOG00000028744",0
"ENSRNOG00000011706",0
"ENSRNOG00000031879",1
"ENSRNOG00000046342",21
"ENSRNOG00000056001",0
"ENSRNOG00000061711",0
"ENSRNOG00000038458",4
"ENSRNOG00000013684",0
"ENSRNOG00000038375",1440
"ENSRNOG00000012270",119
"ENSRNOG00000070631",0
"ENSRNOG00000012287",696
"ENSRNOG00000064976",0
"ENSRNOG00000064130",0
"ENSRNOG00000014118",0
"ENSRNOG00000069339",0
"ENSRNOG00000056629",21
"ENSRNOG00000053893",20
"ENSRNOG00000046517",1
"ENSRNOG00000066386",0
"ENSRNOG00000012658",42
"ENSRNOG00000061026",0
"ENSRNOG00000069329",0
"ENSRNOG00000030299",802
"ENSRNOG00000062457",0
"ENSRNOG00000049047",510
"ENSRNOG00000022432",8
"ENSRNOG00000055042",1
"ENSRNOG00000028623",590
"ENSRNOG00000028958",5
"ENSRNOG00000052513",675
"ENSRNOG00000062357",27
"ENSRNOG00000011178",2
"ENSRNOG00000012174",1
"ENSRNOG00000063129",0
"ENSRNOG00000065913",0
"ENSRNOG00000019568",527
"ENSRNOG00000066408",0
"ENSRNOG00000019657",498
"ENSRNOG00000019277",954
"ENSRNOG00000068580",0
"ENSRNOG00000029606",79
"ENSRNOG00000070460",370
"ENSRNOG00000052647",0
"ENSRNOG00000069508",96
"ENSRNOG00000065365",0
"ENSRNOG00000066563",0
"ENSRNOG00000066481",0
"ENSRNOG00000070007",3
"ENSRNOG00000063316",0
"ENSRNOG00000063304",1
"ENSRNOG00000067165",1
"ENSRNOG00000056897",0
"ENSRNOG00000069841",0
"ENSRNOG00000031335",10
"ENSRNOG00000062412",221
"ENSRNOG00000013740",0
"ENSRNOG00000056463",0
"ENSRNOG00000063166",0
"ENSRNOG00000053759",0
"ENSRNOG00000064995",7
"ENSRNOG00000064072",0
"ENSRNOG00000069986",0
"ENSRNOG00000055781",0
"ENSRNOG00000022798",0
"ENSRNOG00000062866",0
"ENSRNOG00000012087",581
"ENSRNOG00000059357",0
"ENSRNOG00000068397",0
"ENSRNOG00000070563",16
"ENSRNOG00000051532",2
"ENSRNOG00000070600",0
"ENSRNOG00000068710",0
"ENSRNOG00000039624",0
"ENSRNOG00000033057",10
"ENSRNOG00000052164",0
"ENSRNOG00000068115",0
"ENSRNOG00000070698",5
"ENSRNOG00000065379",1
"ENSRNOG00000067559",0
"ENSRNOG00000058620",0
"ENSRNOG00000051457",0
"ENSRNOG00000065614",29
"ENSRNOG00000057479",0
"ENSRNOG00000065045",1
"ENSRNOG00000067448",0
"ENSRNOG00000056455",0
"ENSRNOG00000021726",281
"ENSRNOG00000067856",35
"ENSRNOG00000065919",0
"ENSRNOG00000070105",0
"ENSRNOG00000064791",0
"ENSRNOG00000070194",0
"ENSRNOG00000053083",0
"ENSRNOG00000066947",0
"ENSRNOG00000038157",0
"ENSRNOG00000047977",56
"ENSRNOG00000013502",1718
"ENSRNOG00000070573",0
"ENSRNOG00000016619",605
"ENSRNOG00000059595",0
"ENSRNOG00000021693",608
"ENSRNOG00000038155",0
"ENSRNOG00000067760",0
"ENSRNOG00000053887",0
"ENSRNOG00000066656",0
"ENSRNOG00000065276",0
"ENSRNOG00000063958",0
"ENSRNOG00000066600",0
"ENSRNOG00000010785",0
"ENSRNOG00000061907",0
"ENSRNOG00000069310",0
"ENSRNOG00000064031",0
"ENSRNOG00000068498",0
"ENSRNOG00000069693",0
"ENSRNOG00000064084",153
"ENSRNOG00000057503",0
"ENSRNOG00000066183",0
"ENSRNOG00000069277",0
"ENSRNOG00000038151",0
"ENSRNOG00000051587",0
"ENSRNOG00000067751",1
"ENSRNOG00000068977",0
"ENSRNOG00000052900",0
"ENSRNOG00000038135",0
"ENSRNOG00000066652",0
"ENSRNOG00000070344",0
"ENSRNOG00000065768",2
"ENSRNOG00000061751",0
"ENSRNOG00000067533",1
"ENSRNOG00000032575",296
"ENSRNOG00000070250",6
"ENSRNOG00000061766",0
"ENSRNOG00000022482",1096
"ENSRNOG00000038133",0
"ENSRNOG00000054711",0
"ENSRNOG00000016892",130
"ENSRNOG00000059895",0
"ENSRNOG00000054717",0
"ENSRNOG00000067439",0
"ENSRNOG00000063794",0
"ENSRNOG00000027245",480
"ENSRNOG00000067734",1
"ENSRNOG00000068819",0
"ENSRNOG00000068728",0
"ENSRNOG00000069702",1
"ENSRNOG00000051688",8
"ENSRNOG00000051984",0
"ENSRNOG00000056277",0
"ENSRNOG00000019727",429
"ENSRNOG00000060942",0
"ENSRNOG00000068105",0
"ENSRNOG00000066899",24
"ENSRNOG00000038743",0
"ENSRNOG00000063240",0
"ENSRNOG00000019394",473
"ENSRNOG00000068830",60
"ENSRNOG00000000111",162
"ENSRNOG00000011438",0
"ENSRNOG00000052584",0
"ENSRNOG00000067775",0
"ENSRNOG00000060263",1
"ENSRNOG00000010830",3627
"ENSRNOG00000051395",0
"ENSRNOG00000068570",0
"ENSRNOG00000058732",0
"ENSRNOG00000019433",293
"ENSRNOG00000064380",23
"ENSRNOG00000014624",144
"ENSRNOG00000066596",19
"ENSRNOG00000067215",0
"ENSRNOG00000066084",10
"ENSRNOG00000033351",331
"ENSRNOG00000068713",0
"ENSRNOG00000060710",0
"ENSRNOG00000015280",377
"ENSRNOG00000058362",0
"ENSRNOG00000067949",0
"ENSRNOG00000069662",0
"ENSRNOG00000055692",0
"ENSRNOG00000068505",5
"ENSRNOG00000063780",1
"ENSRNOG00000057559",0
"ENSRNOG00000017671",744
"ENSRNOG00000059650",2
"ENSRNOG00000051475",0
"ENSRNOG00000015498",8
"ENSRNOG00000067021",0
"ENSRNOG00000010633",217
"ENSRNOG00000061634",0
"ENSRNOG00000057492",0
"ENSRNOG00000065964",0
"ENSRNOG00000052855",0
"ENSRNOG00000013751",718
"ENSRNOG00000064560",0
"ENSRNOG00000063342",0
"ENSRNOG00000062336",0
"ENSRNOG00000054526",0
"ENSRNOG00000070948",0
"ENSRNOG00000066851",0
"ENSRNOG00000056004",0
"ENSRNOG00000063073",4
"ENSRNOG00000018543",0
"ENSRNOG00000034790",0
"ENSRNOG00000012674",0
"ENSRNOG00000066997",0
"ENSRNOG00000067194",9
"ENSRNOG00000063450",0
"ENSRNOG00000070525",0
"ENSRNOG00000063564",2
"ENSRNOG00000060940",0
"ENSRNOG00000022181",0
"ENSRNOG00000067772",1
"ENSRNOG00000057398",0
"ENSRNOG00000055658",3
"ENSRNOG00000070751",10
"ENSRNOG00000014199",1291
"ENSRNOG00000053586",1
"ENSRNOG00000026740",2
"ENSRNOG00000057346",0
"ENSRNOG00000063993",9
"ENSRNOG00000061440",4
"ENSRNOG00000054043",0
"ENSRNOG00000012582",2704
"ENSRNOG00000060692",0
"ENSRNOG00000063268",0
"ENSRNOG00000056664",0
"ENSRNOG00000056682",0
"ENSRNOG00000069705",0
"ENSRNOG00000052262",0
"ENSRNOG00000061709",4
"ENSRNOG00000058395",0
"ENSRNOG00000067837",11
"ENSRNOG00000058810",0
"ENSRNOG00000016256",3020
"ENSRNOG00000015859",0
"ENSRNOG00000018430",0
"ENSRNOG00000059879",0
"ENSRNOG00000069796",1036
"ENSRNOG00000061765",0
"ENSRNOG00000056874",19
"ENSRNOG00000059902",0
"ENSRNOG00000063984",0
"ENSRNOG00000012565",266
"ENSRNOG00000060560",0
"ENSRNOG00000055540",0
"ENSRNOG00000054601",0
"ENSRNOG00000066729",0
"ENSRNOG00000060283",0
"ENSRNOG00000064740",0
"ENSRNOG00000012108",27
"ENSRNOG00000063742",0
"ENSRNOG00000060595",0
"ENSRNOG00000058759",0
"ENSRNOG00000030954",22651
"ENSRNOG00000067252",6
"ENSRNOG00000014741",0
"ENSRNOG00000063369",0
"ENSRNOG00000068203",0
"ENSRNOG00000060537",0
"ENSRNOG00000059707",0
"ENSRNOG00000070763",3
"ENSRNOG00000057474",0
"ENSRNOG00000061090",0
"ENSRNOG00000070454",0
"ENSRNOG00000065107",0
"ENSRNOG00000031189",0
"ENSRNOG00000070981",0
"ENSRNOG00000052526",0
"ENSRNOG00000051550",0
"ENSRNOG00000019222",1422
"ENSRNOG00000066073",1
"ENSRNOG00000070818",33
"ENSRNOG00000058394",0
"ENSRNOG00000046554",0
"ENSRNOG00000062490",0
"ENSRNOG00000060161",0
"ENSRNOG00000066888",0
"ENSRNOG00000035589",0
"ENSRNOG00000052819",0
"ENSRNOG00000050405",0
"ENSRNOG00000059970",0
"ENSRNOG00000064049",1
"ENSRNOG00000016423",2056
"ENSRNOG00000018669",0
"ENSRNOG00000069561",17
"ENSRNOG00000042464",274
"ENSRNOG00000066250",0
"ENSRNOG00000066981",6
"ENSRNOG00000066732",0
"ENSRNOG00000057348",0
"ENSRNOG00000035975",0
"ENSRNOG00000012561",619
"ENSRNOG00000053224",0
"ENSRNOG00000017518",0
"ENSRNOG00000013147",2
"ENSRNOG00000067895",4
"ENSRNOG00000014454",1626
"ENSRNOG00000033444",0
"ENSRNOG00000000112",844
"ENSRNOG00000012333",12
"ENSRNOG00000017397",198
"ENSRNOG00000025365",9
"ENSRNOG00000066109",503
"ENSRNOG00000017536",1760
"ENSRNOG00000061160",19
"ENSRNOG00000020178",1520
"ENSRNOG00000016559",748
"ENSRNOG00000013391",1107
"ENSRNOG00000056956",282
"ENSRNOG00000069749",284
"ENSRNOG00000022368",135
"ENSRNOG00000028380",129
"ENSRNOG00000033585",1
"ENSRNOG00000068331",0
"ENSRNOG00000039749",0
"ENSRNOG00000049942",84
"ENSRNOG00000019700",5
"ENSRNOG00000014275",611
"ENSRNOG00000032737",0
"ENSRNOG00000020229",463
"ENSRNOG00000025222",504
"ENSRNOG00000020088",394
"ENSRNOG00000011826",50
"ENSRNOG00000014462",898
"ENSRNOG00000017689",3
"ENSRNOG00000042114",176
"ENSRNOG00000052038",42
"ENSRNOG00000014628",1437
"ENSRNOG00000018233",19701
"ENSRNOG00000012283",0
"ENSRNOG00000023317",2452
"ENSRNOG00000012448",4
"ENSRNOG00000058359",2068
"ENSRNOG00000017554",0
"ENSRNOG00000042867",0
"ENSRNOG00000009824",729
"ENSRNOG00000066883",0
"ENSRNOG00000012739",147
"ENSRNOG00000054006",0
"ENSRNOG00000028299",0
"ENSRNOG00000022686",21
"ENSRNOG00000012991",2224
"ENSRNOG00000017085",453
"ENSRNOG00000055677",0
"ENSRNOG00000011016",1214
"ENSRNOG00000018452",65
"ENSRNOG00000053136",6
"ENSRNOG00000042690",0
"ENSRNOG00000049442",3192
"ENSRNOG00000016645",596
"ENSRNOG00000017683",0
"ENSRNOG00000032192",273
"ENSRNOG00000016050",370
"ENSRNOG00000033386",0
"ENSRNOG00000017154",1190
"ENSRNOG00000011116",102
"ENSRNOG00000018167",3
"ENSRNOG00000042658",4
"ENSRNOG00000013763",558
"ENSRNOG00000057751",4
"ENSRNOG00000018170",955
"ENSRNOG00000020203",0
"ENSRNOG00000011276",981
"ENSRNOG00000026180",241
"ENSRNOG00000010748",1252
"ENSRNOG00000025433",0
"ENSRNOG00000014621",913
"ENSRNOG00000070644",0
"ENSRNOG00000020045",0
"ENSRNOG00000062821",185
"ENSRNOG00000025728",0
"ENSRNOG00000066340",0
"ENSRNOG00000051993",2044
"ENSRNOG00000009738",155
"ENSRNOG00000016015",1142
"ENSRNOG00000019073",434
"ENSRNOG00000023485",8
"ENSRNOG00000064616",762
"ENSRNOG00000020155",579
"ENSRNOG00000045729",0
"ENSRNOG00000010832",847
"ENSRNOG00000033703",1
"ENSRNOG00000059900",52
"ENSRNOG00000011397",0
"ENSRNOG00000018326",2171
"ENSRNOG00000014875",694
"ENSRNOG00000038671",0
"ENSRNOG00000019504",139
"ENSRNOG00000052469",1491
"ENSRNOG00000010714",0
"ENSRNOG00000019971",16220
"ENSRNOG00000065936",0
"ENSRNOG00000048769",0
"ENSRNOG00000068093",1
"ENSRNOG00000068852",0
"ENSRNOG00000019629",10697
"ENSRNOG00000014502",0
"ENSRNOG00000000054",769
"ENSRNOG00000015052",22
"ENSRNOG00000032376",153
"ENSRNOG00000015375",295
"ENSRNOG00000017552",564
"ENSRNOG00000019990",305
"ENSRNOG00000042560",407
"ENSRNOG00000039417",763
"ENSRNOG00000020030",622
"ENSRNOG00000015501",642
"ENSRNOG00000015148",2
"ENSRNOG00000010780",2165
"ENSRNOG00000019572",187
"ENSRNOG00000019649",1107
"ENSRNOG00000069017",1811
"ENSRNOG00000010758",4
"ENSRNOG00000058662",113
"ENSRNOG00000017071",913
"ENSRNOG00000019009",55
"ENSRNOG00000068301",0
"ENSRNOG00000020134",536
"ENSRNOG00000070518",225
"ENSRNOG00000009846",26
"ENSRNOG00000059091",1
"ENSRNOG00000015496",7785
"ENSRNOG00000012573",0
"ENSRNOG00000067124",0
"ENSRNOG00000067549",146
"ENSRNOG00000018241",0
"ENSRNOG00000064919",1
"ENSRNOG00000019824",475
"ENSRNOG00000011420",13
"ENSRNOG00000015751",7
"ENSRNOG00000014185",0
"ENSRNOG00000027257",183
"ENSRNOG00000067670",0
"ENSRNOG00000010189",1153
"ENSRNOG00000019216",1
"ENSRNOG00000010034",3895
"ENSRNOG00000049498",290
"ENSRNOG00000064081",2
"ENSRNOG00000067161",0
"ENSRNOG00000018823",10015
"ENSRNOG00000010776",1583
"ENSRNOG00000064603",0
"ENSRNOG00000064057",2
"ENSRNOG00000023509",632
"ENSRNOG00000011492",140
"ENSRNOG00000010984",2892
"ENSRNOG00000057966",0
"ENSRNOG00000064888",56
"ENSRNOG00000019955",27
"ENSRNOG00000067022",32
"ENSRNOG00000042580",66
"ENSRNOG00000049856",104
"ENSRNOG00000054322",0
"ENSRNOG00000010155",1087
"ENSRNOG00000015621",170
"ENSRNOG00000012181",422
"ENSRNOG00000014149",3
"ENSRNOG00000023403",87
"ENSRNOG00000015618",111
"ENSRNOG00000032297",1521
"ENSRNOG00000014188",21
"ENSRNOG00000011263",668
"ENSRNOG00000060701",117
"ENSRNOG00000026310",0
"ENSRNOG00000068058",84
"ENSRNOG00000043387",13227
"ENSRNOG00000016186",351
"ENSRNOG00000018943",200
"ENSRNOG00000029441",237
"ENSRNOG00000025012",0
"ENSRNOG00000061945",3
"ENSRNOG00000011992",0
"ENSRNOG00000033528",12
"ENSRNOG00000018147",0
"ENSRNOG00000043249",0
"ENSRNOG00000012001",366
"ENSRNOG00000032550",0
"ENSRNOG00000039786",0
"ENSRNOG00000019639",53
"ENSRNOG00000042628",0
"ENSRNOG00000051048",5376
"ENSRNOG00000012263",513
"ENSRNOG00000039357",0
"ENSRNOG00000028426",18
"ENSRNOG00000019768",0
"ENSRNOG00000017231",1770
"ENSRNOG00000067356",0
"ENSRNOG00000048622",1552
"ENSRNOG00000010558",279
"ENSRNOG00000030199",351
"ENSRNOG00000042426",517
"ENSRNOG00000011891",1253
"ENSRNOG00000025174",2392
"ENSRNOG00000040205",4233
"ENSRNOG00000018764",0
"ENSRNOG00000057716",0
"ENSRNOG00000052129",19
"ENSRNOG00000018650",211
"ENSRNOG00000068874",5
"ENSRNOG00000020078",0
"ENSRNOG00000029903",0
"ENSRNOG00000019018",1366
"ENSRNOG00000054809",1
"ENSRNOG00000018781",689
"ENSRNOG00000017156",120
"ENSRNOG00000030017",197
"ENSRNOG00000065627",42
"ENSRNOG00000017676",0
"ENSRNOG00000014172",0
"ENSRNOG00000062469",0
"ENSRNOG00000068146",0
"ENSRNOG00000012396",0
"ENSRNOG00000017956",2805
"ENSRNOG00000066954",0
"ENSRNOG00000018795",16206
"ENSRNOG00000051911",0
"ENSRNOG00000011407",787
"ENSRNOG00000014339",0
"ENSRNOG00000033912",24
"ENSRNOG00000018040",67
"ENSRNOG00000053706",358
"ENSRNOG00000059057",163
"ENSRNOG00000069283",23
"ENSRNOG00000032995",96
"ENSRNOG00000012841",244
"ENSRNOG00000019630",237
"ENSRNOG00000018822",0
"ENSRNOG00000069755",0
"ENSRNOG00000012779",0
"ENSRNOG00000018952",2
"ENSRNOG00000029522",0
"ENSRNOG00000066938",433
"ENSRNOG00000066630",400
"ENSRNOG00000028707",0
"ENSRNOG00000020427",275
"ENSRNOG00000064390",0
"ENSRNOG00000056947",0
"ENSRNOG00000067523",0
"ENSRNOG00000062395",0
"ENSRNOG00000033318",123
"ENSRNOG00000018996",320
"ENSRNOG00000030093",0
"ENSRNOG00000012767",61
"ENSRNOG00000019656",951
"ENSRNOG00000068468",0
"ENSRNOG00000030524",0
"ENSRNOG00000012790",0
"ENSRNOG00000022247",200
"ENSRNOG00000019273",610
"ENSRNOG00000017949",758
"ENSRNOG00000000109",0
"ENSRNOG00000012878",25
"ENSRNOG00000048036",0
"ENSRNOG00000011474",242
"ENSRNOG00000019097",1452
"ENSRNOG00000049949",57
"ENSRNOG00000011431",1137
"ENSRNOG00000042237",6
"ENSRNOG00000042504",51
"ENSRNOG00000011839",135
"ENSRNOG00000010107",2874
"ENSRNOG00000013061",1703
"ENSRNOG00000052111",411
"ENSRNOG00000019697",1049
"ENSRNOG00000011881",176
"ENSRNOG00000011448",287
"ENSRNOG00000031959",2
"ENSRNOG00000019698",156
"ENSRNOG00000013768",0
"ENSRNOG00000011625",2224
"ENSRNOG00000014520",551
"ENSRNOG00000018077",760
"ENSRNOG00000020526",441
"ENSRNOG00000011253",7
"ENSRNOG00000014526",206
"ENSRNOG00000050067",2043
"ENSRNOG00000038130",0
"ENSRNOG00000069920",0
"ENSRNOG00000019741",15
"ENSRNOG00000012329",1264
"ENSRNOG00000019490",1001
"ENSRNOG00000026914",72
"ENSRNOG00000022173",1244
"ENSRNOG00000015021",185
"ENSRNOG00000024930",629
"ENSRNOG00000015109",388
"ENSRNOG00000020599",47
"ENSRNOG00000015182",1031
"ENSRNOG00000014600",0
"ENSRNOG00000011754",0
"ENSRNOG00000012757",80
"ENSRNOG00000070947",0
"ENSRNOG00000020602",155
"ENSRNOG00000039191",2
"ENSRNOG00000022421",1063
"ENSRNOG00000010783",299
"ENSRNOG00000020622",3
"ENSRNOG00000026336",4
"ENSRNOG00000019387",1099
"ENSRNOG00000063036",0
"ENSRNOG00000064362",844
"ENSRNOG00000023494",163
"ENSRNOG00000031681",0
"ENSRNOG00000048472",70
"ENSRNOG00000011518",0
"ENSRNOG00000024142",121
"ENSRNOG00000022753",339
"ENSRNOG00000018932",345
"ENSRNOG00000050857",309
"ENSRNOG00000019150",607
"ENSRNOG00000029264",141
"ENSRNOG00000019267",16
"ENSRNOG00000013024",696
"ENSRNOG00000062701",0
"ENSRNOG00000015440",381
"ENSRNOG00000012934",1281
"ENSRNOG00000033972",0
"ENSRNOG00000017783",0
"ENSRNOG00000013939",0
"ENSRNOG00000047276",7033
"ENSRNOG00000012601",1212
"ENSRNOG00000033538",0
"ENSRNOG00000038149",0
"ENSRNOG00000030102",2
"ENSRNOG00000011351",32
"ENSRNOG00000038148",0
"ENSRNOG00000038147",0
"ENSRNOG00000046973",241
"ENSRNOG00000013254",1153
"ENSRNOG00000012654",505
"ENSRNOG00000013957",0
"ENSRNOG00000019473",126
"ENSRNOG00000034275",0
"ENSRNOG00000013884",1226
"ENSRNOG00000014915",625
"ENSRNOG00000019518",20
"ENSRNOG00000070256",0
"ENSRNOG00000023991",128
"ENSRNOG00000024650",569
"ENSRNOG00000065258",0
"ENSRNOG00000019661",20
"ENSRNOG00000028586",278
"ENSRNOG00000022565",0
"ENSRNOG00000010736",70
"ENSRNOG00000016696",95
"ENSRNOG00000032089",0
"ENSRNOG00000023972",5538
"ENSRNOG00000029462",0
"ENSRNOG00000038115",0
"ENSRNOG00000030719",0
"ENSRNOG00000010392",727
"ENSRNOG00000028636",64
"ENSRNOG00000016281",6866
"ENSRNOG00000021805",558
"ENSRNOG00000032304",0
"ENSRNOG00000024837",0
"ENSRNOG00000055499",0
"ENSRNOG00000013541",279
"ENSRNOG00000038129",0
"ENSRNOG00000066120",0
"ENSRNOG00000065076",0
"ENSRNOG00000038128",0
"ENSRNOG00000067812",73
"ENSRNOG00000038126",0
"ENSRNOG00000052152",0
"ENSRNOG00000065710",0
"ENSRNOG00000019228",824
"ENSRNOG00000038106",1429
"ENSRNOG00000028919",1
"ENSRNOG00000016483",0
"ENSRNOG00000066096",0
"ENSRNOG00000022781",1683
"ENSRNOG00000026403",105
"ENSRNOG00000055331",663
"ENSRNOG00000014745",1110
"ENSRNOG00000020269",159
"ENSRNOG00000007748",2
"ENSRNOG00000014464",0
"ENSRNOG00000020280",130
"ENSRNOG00000015426",80
"ENSRNOG00000055140",0
"ENSRNOG00000059166",141
"ENSRNOG00000020345",184
"ENSRNOG00000014598",507
"ENSRNOG00000020390",317
"ENSRNOG00000053026",130
"ENSRNOG00000011921",32
"ENSRNOG00000037753",0
"ENSRNOG00000020400",4
"ENSRNOG00000063117",0
"ENSRNOG00000011858",0
"ENSRNOG00000029977",1
"ENSRNOG00000062799",5
"ENSRNOG00000058908",743
"ENSRNOG00000062801",0
"ENSRNOG00000030889",10
"ENSRNOG00000031521",2
"ENSRNOG00000030778",0
"ENSRNOG00000057653",0
"ENSRNOG00000065368",0
"ENSRNOG00000038744",167
"ENSRNOG00000052883",0
"ENSRNOG00000014605",374
"ENSRNOG00000023473",523
"ENSRNOG00000029662",11
"ENSRNOG00000058940",701
"ENSRNOG00000011636",596
"ENSRNOG00000012623",8808
"ENSRNOG00000018358",1472
"ENSRNOG00000013328",2426
"ENSRNOG00000058006",0
"ENSRNOG00000025408",66
"ENSRNOG00000059442",181
"ENSRNOG00000065146",85
"ENSRNOG00000018434",7
"ENSRNOG00000059097",0
"ENSRNOG00000038473",6
"ENSRNOG00000059865",1
"ENSRNOG00000019718",3
"ENSRNOG00000014422",277
"ENSRNOG00000063991",0
"ENSRNOG00000020080",0
"ENSRNOG00000049689",2
"ENSRNOG00000021966",37
"ENSRNOG00000022726",0
"ENSRNOG00000070491",0
"ENSRNOG00000067462",0
"ENSRNOG00000017051",255
"ENSRNOG00000065891",0
"ENSRNOG00000020077",0
"ENSRNOG00000012218",0
"ENSRNOG00000017369",31
"ENSRNOG00000017997",151
"ENSRNOG00000060767",0
"ENSRNOG00000029131",0
"ENSRNOG00000018075",2808
"ENSRNOG00000011307",1152
"ENSRNOG00000010488",5627
"ENSRNOG00000014133",0
"ENSRNOG00000018179",623
"ENSRNOG00000019760",544
"ENSRNOG00000067867",0
"ENSRNOG00000028461",803
"ENSRNOG00000016064",4416
"ENSRNOG00000010008",426
"ENSRNOG00000013346",3
"ENSRNOG00000028227",1951
"ENSRNOG00000013574",478
"ENSRNOG00000019615",13
"ENSRNOG00000067370",1
"ENSRNOG00000052391",551
"ENSRNOG00000013961",3265
"ENSRNOG00000014363",121
"ENSRNOG00000019559",661
"ENSRNOG00000016346",1342
"ENSRNOG00000068020",472
"ENSRNOG00000014750",799
"ENSRNOG00000060949",62
"ENSRNOG00000031287",0
"ENSRNOG00000066342",0
"ENSRNOG00000067759",0
"ENSRNOG00000024728",95
"ENSRNOG00000051977",3
"ENSRNOG00000011140",119
"ENSRNOG00000055025",0
"ENSRNOG00000063161",0
"ENSRNOG00000010813",786
"ENSRNOG00000017381",4
"ENSRNOG00000005112",3
"ENSRNOG00000023614",5
"ENSRNOG00000063221",23
"ENSRNOG00000019811",141
"ENSRNOG00000019978",554
"ENSRNOG00000013330",92
"ENSRNOG00000043342",11
"ENSRNOG00000012323",2356
"ENSRNOG00000067535",0
"ENSRNOG00000011912",123
"ENSRNOG00000042037",809
"ENSRNOG00000057367",4703
"ENSRNOG00000023700",250
"ENSRNOG00000013260",122
"ENSRNOG00000039591",0
"ENSRNOG00000011165",0
"ENSRNOG00000057542",0
"ENSRNOG00000039601",0
"ENSRNOG00000065091",2
"ENSRNOG00000010358",664
"ENSRNOG00000024411",210
"ENSRNOG00000011861",0
"ENSRNOG00000010418",84
"ENSRNOG00000011775",8
"ENSRNOG00000010682",792
"ENSRNOG00000011293",58
"ENSRNOG00000060395",22
"ENSRNOG00000013167",26
"ENSRNOG00000067282",2
"ENSRNOG00000063109",0
"ENSRNOG00000069425",27
"ENSRNOG00000012037",201
"ENSRNOG00000066721",3364
"ENSRNOG00000067321",0
"ENSRNOG00000010610",0
"ENSRNOG00000069516",22
"ENSRNOG00000060448",216
"ENSRNOG00000063491",137
"ENSRNOG00000013218",77
"ENSRNOG00000010502",260
"ENSRNOG00000062690",2
"ENSRNOG00000010566",86
"ENSRNOG00000046132",0
"ENSRNOG00000046720",13
"ENSRNOG00000007402",929
"ENSRNOG00000048035",0
"ENSRNOG00000042630",9
"ENSRNOG00000038933",695
"ENSRNOG00000049792",0
"ENSRNOG00000070639",0
"ENSRNOG00000064359",1
"ENSRNOG00000000108",1399
"ENSRNOG00000011416",589
"ENSRNOG00000070483",1136
"ENSRNOG00000048847",2
"ENSRNOG00000059297",0
"ENSRNOG00000010731",38
"ENSRNOG00000070297",1
"ENSRNOG00000022736",217
"ENSRNOG00000011688",34
"ENSRNOG00000013215",186
"ENSRNOG00000012802",6028
"ENSRNOG00000065184",30
"ENSRNOG00000066202",0
"ENSRNOG00000013480",70
"ENSRNOG00000064469",3
"ENSRNOG00000009660",6
"ENSRNOG00000069013",0
"ENSRNOG00000013248",745
"ENSRNOG00000010475",339
"ENSRNOG00000022320",42
"ENSRNOG00000022261",69
"ENSRNOG00000022500",1249
"ENSRNOG00000033638",28
"ENSRNOG00000009590",44
"ENSRNOG00000053529",0
"ENSRNOG00000023034",2
"ENSRNOG00000015225",634
"ENSRNOG00000014645",530
"ENSRNOG00000065037",0
"ENSRNOG00000022957",0
"ENSRNOG00000015971",732
"ENSRNOG00000023013",76
"ENSRNOG00000013738",89
"ENSRNOG00000013774",296
"ENSRNOG00000070204",0
"ENSRNOG00000059142",124
"ENSRNOG00000069576",0
"ENSRNOG00000027066",2
"ENSRNOG00000024671",1010
"ENSRNOG00000070823",0
"ENSRNOG00000043219",236
"ENSRNOG00000067639",235
"ENSRNOG00000015834",0
"ENSRNOG00000025422",0
"ENSRNOG00000016087",440
"ENSRNOG00000015840",668
"ENSRNOG00000026136",312
"ENSRNOG00000020084",6
"ENSRNOG00000054953",5
"ENSRNOG00000046264",12
"ENSRNOG00000067520",0
"ENSRNOG00000019744",0
"ENSRNOG00000014426",10801
"ENSRNOG00000063843",1875
"ENSRNOG00000029244",25
"ENSRNOG00000018525",2
"ENSRNOG00000018724",1
"ENSRNOG00000066477",64
"ENSRNOG00000013674",7
"ENSRNOG00000067527",0
"ENSRNOG00000017091",492
"ENSRNOG00000066512",7
"ENSRNOG00000014808",440
"ENSRNOG00000058193",0
"ENSRNOG00000065460",0
"ENSRNOG00000016773",1520
"ENSRNOG00000015161",128
"ENSRNOG00000066074",0
"ENSRNOG00000026060",93
"ENSRNOG00000022429",0
"ENSRNOG00000039471",318
"ENSRNOG00000039470",342
"ENSRNOG00000019014",1854
"ENSRNOG00000018254",4
"ENSRNOG00000016250",1788
"ENSRNOG00000018774",163
"ENSRNOG00000016433",2414
"ENSRNOG00000030247",1332
"ENSRNOG00000019577",0
"ENSRNOG00000017832",886
"ENSRNOG00000033015",0
"ENSRNOG00000060334",3
"ENSRNOG00000067774",2
"ENSRNOG00000038211",17
"ENSRNOG00000064792",0
"ENSRNOG00000015591",545
"ENSRNOG00000016677",962
"ENSRNOG00000068672",67
"ENSRNOG00000016231",538
"ENSRNOG00000018461",37468
"ENSRNOG00000069464",22
"ENSRNOG00000011382",276
"ENSRNOG00000012795",187
"ENSRNOG00000018089",722
"ENSRNOG00000060410",117
"ENSRNOG00000023412",91
"ENSRNOG00000017488",448
"ENSRNOG00000023433",2753
"ENSRNOG00000017849",155
"ENSRNOG00000017416",5149
"ENSRNOG00000016887",0
"ENSRNOG00000030486",1948
"ENSRNOG00000029370",13
"ENSRNOG00000017035",773
"ENSRNOG00000019276",732
"ENSRNOG00000050152",17
"ENSRNOG00000019711",1130
"ENSRNOG00000013281",454
"ENSRNOG00000002908",1871
"ENSRNOG00000023197",1199
"ENSRNOG00000019235",952
"ENSRNOG00000015772",16
"ENSRNOG00000071008",11
"ENSRNOG00000016021",390
"ENSRNOG00000014459",193
"ENSRNOG00000016275",0
"ENSRNOG00000019181",4216
"ENSRNOG00000065480",3
"ENSRNOG00000050949",152
"ENSRNOG00000018304",1094
"ENSRNOG00000049345",0
"ENSRNOG00000019536",461
"ENSRNOG00000013714",154
"ENSRNOG00000064275",329
"ENSRNOG00000015383",51
"ENSRNOG00000019298",1624
"ENSRNOG00000016366",120
"ENSRNOG00000066369",4
"ENSRNOG00000019403",4
"ENSRNOG00000015035",1
"ENSRNOG00000030363",0
"ENSRNOG00000015418",2
"ENSRNOG00000062552",976
"ENSRNOG00000018082",330
"ENSRNOG00000031092",272
"ENSRNOG00000022156",0
"ENSRNOG00000057832",10
"ENSRNOG00000063070",5552
"ENSRNOG00000056258",1
"ENSRNOG00000015602",1068
"ENSRNOG00000018414",3
"ENSRNOG00000016874",1054
"ENSRNOG00000017159",0
"ENSRNOG00000064251",2
"ENSRNOG00000022202",1151
"ENSRNOG00000039260",0
"ENSRNOG00000018992",2189
"ENSRNOG00000066013",9410
"ENSRNOG00000011300",34
"ENSRNOG00000003541",183
"ENSRNOG00000052723",1
"ENSRNOG00000052312",2
"ENSRNOG00000068558",1
"ENSRNOG00000055349",0
"ENSRNOG00000019159",0
"ENSRNOG00000052888",0
"ENSRNOG00000015546",329
"ENSRNOG00000056958",0
"ENSRNOG00000057533",0
"ENSRNOG00000063255",0
"ENSRNOG00000054451",0
"ENSRNOG00000057432",0
"ENSRNOG00000054092",0
"ENSRNOG00000015645",328
"ENSRNOG00000065966",0
"ENSRNOG00000066739",0
"ENSRNOG00000068446",0
"ENSRNOG00000018371",1265
"ENSRNOG00000067228",0
"ENSRNOG00000069179",0
"ENSRNOG00000035474",0
"ENSRNOG00000035602",0
"ENSRNOG00000018780",4
"ENSRNOG00000043820",0
"ENSRNOG00000035521",0
"ENSRNOG00000017965",365
"ENSRNOG00000044615",2
"ENSRNOG00000035523",0
"ENSRNOG00000039969",0
"ENSRNOG00000035651",0
"ENSRNOG00000035603",0
"ENSRNOG00000003559",55
"ENSRNOG00000035517",0
"ENSRNOG00000017954",149
"ENSRNOG00000018820",1
"ENSRNOG00000016685",1
"ENSRNOG00000016675",0
"ENSRNOG00000016853",0
"ENSRNOG00000042070",28
"ENSRNOG00000003691",4152
"ENSRNOG00000016800",1473
"ENSRNOG00000016417",37
"ENSRNOG00000031421",693
"ENSRNOG00000049629",4
"ENSRNOG00000014775",0
"ENSRNOG00000018132",825
"ENSRNOG00000052952",4
"ENSRNOG00000027103",0
"ENSRNOG00000027355",433
"ENSRNOG00000020103",0
"ENSRNOG00000042879",2185
"ENSRNOG00000039476",15
"ENSRNOG00000017568",0
"ENSRNOG00000020095",20
"ENSRNOG00000064596",0
"ENSRNOG00000068550",0
"ENSRNOG00000020073",13
"ENSRNOG00000031060",0
"ENSRNOG00000020072",13
"ENSRNOG00000013867",328
"ENSRNOG00000015205",0
"ENSRNOG00000018676",740
"ENSRNOG00000020066",24
"ENSRNOG00000018644",111
"ENSRNOG00000033719",30
"ENSRNOG00000020062",17
"ENSRNOG00000000158",0
"ENSRNOG00000069290",0
"ENSRNOG00000020054",22
"ENSRNOG00000012899",313
"ENSRNOG00000039472",258
"ENSRNOG00000064758",0
"ENSRNOG00000058823",0
"ENSRNOG00000033123",67
"ENSRNOG00000065236",1
"ENSRNOG00000059289",0
"ENSRNOG00000033479",30
"ENSRNOG00000012597",690
"ENSRNOG00000063965",0
"ENSRNOG00000071175",0
"ENSRNOG00000051796",0
"ENSRNOG00000020028",217
"ENSRNOG00000070610",0
"ENSRNOG00000064492",0
"ENSRNOG00000038412",1
"ENSRNOG00000057382",0
"ENSRNOG00000016216",127
"ENSRNOG00000059918",0
"ENSRNOG00000069512",1
"ENSRNOG00000054066",0
"ENSRNOG00000050666",22
"ENSRNOG00000016612",135
"ENSRNOG00000051492",0
"ENSRNOG00000052686",0
"ENSRNOG00000003575",0
"ENSRNOG00000069260",1
"ENSRNOG00000052373",0
"ENSRNOG00000030301",0
"ENSRNOG00000064396",0
"ENSRNOG00000070001",0
"ENSRNOG00000063267",0
"ENSRNOG00000048101",112
"ENSRNOG00000070357",3
"ENSRNOG00000067352",0
"ENSRNOG00000066412",0
"ENSRNOG00000061296",0
"ENSRNOG00000060083",0
"ENSRNOG00000066272",0
"ENSRNOG00000064926",0
"ENSRNOG00000030131",189
"ENSRNOG00000065626",0
"ENSRNOG00000053664",0
"ENSRNOG00000068520",0
"ENSRNOG00000056053",0
"ENSRNOG00000058459",0
"ENSRNOG00000023492",79
"ENSRNOG00000064736",0
"ENSRNOG00000065378",31
"ENSRNOG00000056994",0
"ENSRNOG00000053926",0
"ENSRNOG00000057621",0
"ENSRNOG00000019542",663
"ENSRNOG00000027250",865
"ENSRNOG00000060362",14
"ENSRNOG00000070435",0
"ENSRNOG00000049137",132
"ENSRNOG00000069602",0
"ENSRNOG00000063364",0
"ENSRNOG00000067738",0
"ENSRNOG00000066354",0
"ENSRNOG00000016562",271
"ENSRNOG00000060360",2
"ENSRNOG00000068438",0
"ENSRNOG00000056317",0
"ENSRNOG00000038955",94
"ENSRNOG00000065120",784
"ENSRNOG00000063115",729
"ENSRNOG00000066709",0
"ENSRNOG00000063272",0
"ENSRNOG00000062623",0
"ENSRNOG00000070893",0
"ENSRNOG00000061115",0
"ENSRNOG00000012016",940
"ENSRNOG00000068584",0
"ENSRNOG00000058981",0
"ENSRNOG00000055852",0
"ENSRNOG00000060761",0
"ENSRNOG00000046787",0
"ENSRNOG00000060774",0
"ENSRNOG00000017503",42
"ENSRNOG00000067928",0
"ENSRNOG00000065803",0
"ENSRNOG00000014031",116
"ENSRNOG00000053670",1
"ENSRNOG00000018842",0
"ENSRNOG00000069327",4
"ENSRNOG00000034597",0
"ENSRNOG00000003578",476
"ENSRNOG00000065250",0
"ENSRNOG00000063554",0
"ENSRNOG00000065859",0
"ENSRNOG00000063765",0
"ENSRNOG00000061627",0
"ENSRNOG00000066649",24
"ENSRNOG00000066897",0
"ENSRNOG00000052137",0
"ENSRNOG00000025324",529
"ENSRNOG00000058986",0
"ENSRNOG00000066774",7
"ENSRNOG00000020423",2258
"ENSRNOG00000063799",19
"ENSRNOG00000057114",0
"ENSRNOG00000045895",361
"ENSRNOG00000069919",73
"ENSRNOG00000066317",0
"ENSRNOG00000066466",39
"ENSRNOG00000063313",4949
"ENSRNOG00000054381",0
"ENSRNOG00000063195",0
"ENSRNOG00000066439",5
"ENSRNOG00000052496",0
"ENSRNOG00000065652",0
"ENSRNOG00000056684",0
"ENSRNOG00000064669",8
"ENSRNOG00000065471",1
"ENSRNOG00000061030",0
"ENSRNOG00000064474",0
"ENSRNOG00000068178",0
"ENSRNOG00000071191",1
"ENSRNOG00000067429",5
"ENSRNOG00000070005",0
"ENSRNOG00000069653",292
"ENSRNOG00000056510",0
"ENSRNOG00000066321",28
"ENSRNOG00000056808",0
"ENSRNOG00000070403",0
"ENSRNOG00000069021",0
"ENSRNOG00000013180",471
"ENSRNOG00000070237",0
"ENSRNOG00000067322",0
"ENSRNOG00000028381",0
"ENSRNOG00000013116",0
"ENSRNOG00000061564",11
"ENSRNOG00000058384",0
"ENSRNOG00000019995",351
"ENSRNOG00000057317",0
"ENSRNOG00000031591",6
"ENSRNOG00000068747",303
"ENSRNOG00000051715",0
"ENSRNOG00000062559",12
"ENSRNOG00000011853",1335
"ENSRNOG00000061580",0
"ENSRNOG00000047436",12
"ENSRNOG00000019695",44
"ENSRNOG00000064788",1
"ENSRNOG00000053549",0
"ENSRNOG00000068478",4
"ENSRNOG00000061074",0
"ENSRNOG00000063634",19
"ENSRNOG00000063513",29
"ENSRNOG00000059171",1
"ENSRNOG00000039463",136
"ENSRNOG00000061205",0
"ENSRNOG00000019643",202
"ENSRNOG00000070478",3
"ENSRNOG00000058148",1
"ENSRNOG00000066492",0
"ENSRNOG00000055561",1
"ENSRNOG00000068149",5
"ENSRNOG00000054799",1
"ENSRNOG00000016879",615
"ENSRNOG00000066558",0
"ENSRNOG00000039593",17
"ENSRNOG00000051481",2
"ENSRNOG00000064107",17
"ENSRNOG00000011271",901
"ENSRNOG00000067754",5
"ENSRNOG00000060097",0
"ENSRNOG00000060797",0
"ENSRNOG00000062545",10
"ENSRNOG00000054058",521
"ENSRNOG00000048704",247
"ENSRNOG00000058091",0
"ENSRNOG00000069131",0
"ENSRNOG00000066114",0
"ENSRNOG00000059035",0
"ENSRNOG00000068859",304
"ENSRNOG00000053295",0
"ENSRNOG00000063977",0
"ENSRNOG00000056815",0
"ENSRNOG00000056920",0
"ENSRNOG00000032873",0
"ENSRNOG00000066933",49
"ENSRNOG00000056405",0
"ENSRNOG00000063673",25
"ENSRNOG00000052234",0
"ENSRNOG00000061285",0
"ENSRNOG00000035926",0
"ENSRNOG00000064751",0
"ENSRNOG00000064928",0
"ENSRNOG00000065577",0
"ENSRNOG00000018735",59
"ENSRNOG00000071215",0
"ENSRNOG00000060679",0
"ENSRNOG00000016698",355
"ENSRNOG00000019450",792
"ENSRNOG00000067206",2
"ENSRNOG00000068060",37
"ENSRNOG00000068154",0
"ENSRNOG00000064030",0
"ENSRNOG00000057068",0
"ENSRNOG00000062598",899
"ENSRNOG00000058936",0
"ENSRNOG00000068618",0
"ENSRNOG00000055927",0
"ENSRNOG00000042137",114
"ENSRNOG00000047186",0
"ENSRNOG00000053417",0
"ENSRNOG00000071083",8
"ENSRNOG00000066944",0
"ENSRNOG00000057598",1
"ENSRNOG00000054858",0
"ENSRNOG00000067857",1
"ENSRNOG00000070786",1
"ENSRNOG00000064768",0
"ENSRNOG00000045844",803
"ENSRNOG00000065428",0
"ENSRNOG00000053481",0
"ENSRNOG00000055276",0
"ENSRNOG00000039241",197
"ENSRNOG00000054926",0
"ENSRNOG00000061017",0
"ENSRNOG00000068742",0
"ENSRNOG00000026108",1361
"ENSRNOG00000069613",6
"ENSRNOG00000019525",4647
"ENSRNOG00000062470",167
"ENSRNOG00000039251",0
"ENSRNOG00000065879",0
"ENSRNOG00000066797",1
"ENSRNOG00000067687",343
"ENSRNOG00000066557",13
"ENSRNOG00000003950",11
"ENSRNOG00000019305",129
"ENSRNOG00000062995",0
"ENSRNOG00000064307",0
"ENSRNOG00000062721",649
"ENSRNOG00000060302",0
"ENSRNOG00000005796",4910
"ENSRNOG00000062510",0
"ENSRNOG00000069336",1
"ENSRNOG00000066854",359
"ENSRNOG00000000157",220
"ENSRNOG00000070938",99
"ENSRNOG00000020204",147
"ENSRNOG00000065669",0
"ENSRNOG00000019134",4
"ENSRNOG00000068121",8
"ENSRNOG00000062486",94
"ENSRNOG00000003829",667
"ENSRNOG00000047085",13
"ENSRNOG00000070699",2
"ENSRNOG00000020167",5926
"ENSRNOG00000064699",1
"ENSRNOG00000068881",0
"ENSRNOG00000022009",2
"ENSRNOG00000004033",156
"ENSRNOG00000020118",11
"ENSRNOG00000070011",473
"ENSRNOG00000014376",0
"ENSRNOG00000018646",339
"ENSRNOG00000062435",0
"ENSRNOG00000069808",6
"ENSRNOG00000070090",101
"ENSRNOG00000019826",130
"ENSRNOG00000019422",1834
"ENSRNOG00000018849",1419
"ENSRNOG00000042716",0
"ENSRNOG00000020024",127
"ENSRNOG00000052665",2
"ENSRNOG00000068493",0
"ENSRNOG00000038793",0
"ENSRNOG00000019177",2
"ENSRNOG00000043250",0
"ENSRNOG00000065920",0
"ENSRNOG00000017840",602
"ENSRNOG00000042727",0
"ENSRNOG00000018712",5
"ENSRNOG00000016467",415
"ENSRNOG00000010440",29
"ENSRNOG00000019217",36
"ENSRNOG00000002697",493
"ENSRNOG00000018851",63
"ENSRNOG00000068793",1
"ENSRNOG00000018648",234
"ENSRNOG00000055527",0
"ENSRNOG00000015777",781
"ENSRNOG00000019875",721
"ENSRNOG00000033099",0
"ENSRNOG00000038784",31
"ENSRNOG00000012852",553
"ENSRNOG00000069286",3372
"ENSRNOG00000015806",0
"ENSRNOG00000017816",0
"ENSRNOG00000020340",448
"ENSRNOG00000051965",2278
"ENSRNOG00000056435",169
"ENSRNOG00000063574",0
"ENSRNOG00000038592",9
"ENSRNOG00000024066",169
"ENSRNOG00000013073",0
"ENSRNOG00000018053",972
"ENSRNOG00000024426",3
"ENSRNOG00000058856",32
"ENSRNOG00000051817",0
"ENSRNOG00000030156",0
"ENSRNOG00000067712",0
"ENSRNOG00000014585",10
"ENSRNOG00000025590",0
"ENSRNOG00000022955",0
"ENSRNOG00000019934",262
"ENSRNOG00000015895",378
"ENSRNOG00000061695",11
"ENSRNOG00000024104",119
"ENSRNOG00000014503",1
"ENSRNOG00000017852",2298
"ENSRNOG00000003958",508
"ENSRNOG00000016043",0
"ENSRNOG00000023376",1227
"ENSRNOG00000028712",0
"ENSRNOG00000016532",468
"ENSRNOG00000018425",1368
"ENSRNOG00000020468",142
"ENSRNOG00000039325",0
"ENSRNOG00000016207",671
"ENSRNOG00000014988",0
"ENSRNOG00000029096",0
"ENSRNOG00000067741",23575
"ENSRNOG00000015332",524
"ENSRNOG00000038957",0
"ENSRNOG00000046744",94
"ENSRNOG00000028677",440
"ENSRNOG00000061507",2
"ENSRNOG00000018692",0
"ENSRNOG00000065095",519
"ENSRNOG00000063041",0
"ENSRNOG00000042387",195
"ENSRNOG00000015113",39
"ENSRNOG00000063575",5
"ENSRNOG00000050226",15
"ENSRNOG00000026324",76
"ENSRNOG00000033808",3
"ENSRNOG00000030321",43
"ENSRNOG00000013622",333
"ENSRNOG00000024428",1244
"ENSRNOG00000034073",0
"ENSRNOG00000025502",0
"ENSRNOG00000004661",1
"ENSRNOG00000016671",399
"ENSRNOG00000012111",89
"ENSRNOG00000014089",312
"ENSRNOG00000068190",128
"ENSRNOG00000017421",0
"ENSRNOG00000031244",3486
"ENSRNOG00000029958",3829
"ENSRNOG00000017036",284
"ENSRNOG00000016409",1
"ENSRNOG00000063474",0
"ENSRNOG00000030649",0
"ENSRNOG00000014614",803
"ENSRNOG00000030439",64
"ENSRNOG00000014981",1025
"ENSRNOG00000000113",55
"ENSRNOG00000030364",2024
"ENSRNOG00000039596",17
"ENSRNOG00000017116",1172
"ENSRNOG00000034237",4638
"ENSRNOG00000018359",514
"ENSRNOG00000049681",2233
"ENSRNOG00000018680",207
"ENSRNOG00000018914",802
"ENSRNOG00000024241",1141
"ENSRNOG00000015401",0
"ENSRNOG00000046154",273
"ENSRNOG00000069511",0
"ENSRNOG00000026023",208
"ENSRNOG00000015867",0
"ENSRNOG00000016036",539
"ENSRNOG00000018305",0
"ENSRNOG00000066011",0
"ENSRNOG00000025687",0
"ENSRNOG00000017333",0
"ENSRNOG00000018653",249
"ENSRNOG00000022364",0
"ENSRNOG00000018775",735
"ENSRNOG00000019365",61
"ENSRNOG00000020309",1
"ENSRNOG00000020478",1
"ENSRNOG00000012405",583
"ENSRNOG00000028703",1548
"ENSRNOG00000025489",7
"ENSRNOG00000015301",631
"ENSRNOG00000060281",1
"ENSRNOG00000061675",0
"ENSRNOG00000020492",11
"ENSRNOG00000024008",176
"ENSRNOG00000020384",1507
"ENSRNOG00000052628",0
"ENSRNOG00000020261",795
"ENSRNOG00000062351",0
"ENSRNOG00000068914",11036
"ENSRNOG00000017181",81
"ENSRNOG00000029939",1616
"ENSRNOG00000016632",0
"ENSRNOG00000043304",323
"ENSRNOG00000066505",3126
"ENSRNOG00000016928",2
"ENSRNOG00000050200",1392
"ENSRNOG00000024470",2607
"ENSRNOG00000062986",14
"ENSRNOG00000019093",0
"ENSRNOG00000024952",87
"ENSRNOG00000016526",0
"ENSRNOG00000019063",616
"ENSRNOG00000016944",0
"ENSRNOG00000067851",3
"ENSRNOG00000020157",0
"ENSRNOG00000018818",1358
"ENSRNOG00000047924",41
"ENSRNOG00000026050",104
"ENSRNOG00000018694",29
"ENSRNOG00000014630",271
"ENSRNOG00000018006",0
"ENSRNOG00000015582",313
"ENSRNOG00000069557",0
"ENSRNOG00000064875",13
"ENSRNOG00000017819",309
"ENSRNOG00000018387",818
"ENSRNOG00000014096",3634
"ENSRNOG00000016999",0
"ENSRNOG00000065110",2
"ENSRNOG00000024640",1
"ENSRNOG00000017410",0
"ENSRNOG00000069089",0
"ENSRNOG00000070983",2590
"ENSRNOG00000019618",1586
"ENSRNOG00000018505",64
"ENSRNOG00000017718",100
"ENSRNOG00000017571",283
"ENSRNOG00000019575",98
"ENSRNOG00000017788",0
"ENSRNOG00000017251",973
"ENSRNOG00000017493",1408
"ENSRNOG00000039415",62
"ENSRNOG00000067168",9
"ENSRNOG00000016894",0
"ENSRNOG00000028105",498
"ENSRNOG00000019976",29
"ENSRNOG00000066807",0
"ENSRNOG00000017610",655
"ENSRNOG00000045637",1679
"ENSRNOG00000047213",1856
"ENSRNOG00000014104",26
"ENSRNOG00000013562",3331
"ENSRNOG00000032878",3664
"ENSRNOG00000031197",310
"ENSRNOG00000068869",0
"ENSRNOG00000014564",1199
"ENSRNOG00000069221",0
"ENSRNOG00000013920",42
"ENSRNOG00000053112",0
"ENSRNOG00000014527",1
"ENSRNOG00000022691",2
"ENSRNOG00000019688",700
"ENSRNOG00000018140",656
"ENSRNOG00000050414",91
"ENSRNOG00000013851",795
"ENSRNOG00000021918",236
"ENSRNOG00000039250",0
"ENSRNOG00000013766",695
"ENSRNOG00000019265",1
"ENSRNOG00000028902",0
"ENSRNOG00000068205",0
"ENSRNOG00000017729",569
"ENSRNOG00000018342",282
"ENSRNOG00000018770",251
"ENSRNOG00000017453",483
"ENSRNOG00000043171",296
"ENSRNOG00000027230",2
"ENSRNOG00000018516",160
"ENSRNOG00000063768",5
"ENSRNOG00000067472",742
"ENSRNOG00000016681",0
"ENSRNOG00000017215",272
"ENSRNOG00000062247",1734
"ENSRNOG00000021381",13
"ENSRNOG00000033588",2
"ENSRNOG00000054118",960
"ENSRNOG00000012176",55
"ENSRNOG00000017067",167
"ENSRNOG00000048824",0
"ENSRNOG00000020119",22
"ENSRNOG00000017032",7522
"ENSRNOG00000016987",2
"ENSRNOG00000066960",2
"ENSRNOG00000011225",212
"ENSRNOG00000052894",762
"ENSRNOG00000029466",85
"ENSRNOG00000015275",158
"ENSRNOG00000017146",251
"ENSRNOG00000026912",0
"ENSRNOG00000065450",0
"ENSRNOG00000063467",0
"ENSRNOG00000016753",0
"ENSRNOG00000061474",500
"ENSRNOG00000061714",0
"ENSRNOG00000053370",954
"ENSRNOG00000016654",0
"ENSRNOG00000055157",620
"ENSRNOG00000016208",1707
"ENSRNOG00000055647",153
"ENSRNOG00000057774",773
"ENSRNOG00000059055",0
"ENSRNOG00000016246",1288
"ENSRNOG00000016239",426
"ENSRNOG00000016258",838
"ENSRNOG00000013654",0
"ENSRNOG00000027739",30
"ENSRNOG00000014006",0
"ENSRNOG00000015448",7
"ENSRNOG00000070068",761
"ENSRNOG00000015142",90
"ENSRNOG00000038225",11
"ENSRNOG00000067088",12
"ENSRNOG00000043357",229
"ENSRNOG00000063816",0
"ENSRNOG00000016516",17
"ENSRNOG00000038241",0
"ENSRNOG00000059215",176
"ENSRNOG00000053640",0
"ENSRNOG00000032039",759
"ENSRNOG00000038190",0
"ENSRNOG00000026116",0
"ENSRNOG00000045740",1405
"ENSRNOG00000038212",367
"ENSRNOG00000038197",0
"ENSRNOG00000016303",772
"ENSRNOG00000038200",165
"ENSRNOG00000039152",0
"ENSRNOG00000016695",881
"ENSRNOG00000063111",0
"ENSRNOG00000071201",0
"ENSRNOG00000025420",3
"ENSRNOG00000038766",1681
"ENSRNOG00000019931",0
"ENSRNOG00000035501",53
"ENSRNOG00000005911",1
"ENSRNOG00000035569",0
"ENSRNOG00000045722",0
"ENSRNOG00000036417",0
"ENSRNOG00000062839",31
"ENSRNOG00000012428",260
"ENSRNOG00000014097",782
"ENSRNOG00000049334",0
"ENSRNOG00000035597",0
"ENSRNOG00000041787",0
"ENSRNOG00000042983",1645
"ENSRNOG00000035609",0
"ENSRNOG00000045556",0
"ENSRNOG00000036416",0
"ENSRNOG00000070420",0
"ENSRNOG00000035643",1
"ENSRNOG00000016971",188
"ENSRNOG00000055568",151
"ENSRNOG00000035644",0
"ENSRNOG00000064690",14
"ENSRNOG00000062604",0
"ENSRNOG00000022593",1289
"ENSRNOG00000013216",221
"ENSRNOG00000070043",61
"ENSRNOG00000038741",1
"ENSRNOG00000005747",4
"ENSRNOG00000015690",0
"ENSRNOG00000062825",875
"ENSRNOG00000066493",0
"ENSRNOG00000005729",0
"ENSRNOG00000050034",2
"ENSRNOG00000055446",3131
"ENSRNOG00000003853",718
"ENSRNOG00000005619",0
"ENSRNOG00000005533",13
"ENSRNOG00000018884",1472
"ENSRNOG00000033226",31
"ENSRNOG00000003755",0
"ENSRNOG00000013465",21
"ENSRNOG00000064376",6
"ENSRNOG00000039001",4
"ENSRNOG00000014371",4752
"ENSRNOG00000019482",303
"ENSRNOG00000039079",1
"ENSRNOG00000017546",0
"ENSRNOG00000014124",0
"ENSRNOG00000016245",271
"ENSRNOG00000015253",126
"ENSRNOG00000016224",76
"ENSRNOG00000063609",158
"ENSRNOG00000018668",4240
"ENSRNOG00000014626",394
"ENSRNOG00000053623",2
"ENSRNOG00000065861",466
"ENSRNOG00000021521",4
"ENSRNOG00000003479",669
"ENSRNOG00000020129",3773
"ENSRNOG00000062467",3
"ENSRNOG00000028501",1015
"ENSRNOG00000034007",456
"ENSRNOG00000005257",1309
"ENSRNOG00000011728",1867
"ENSRNOG00000015063",84
"ENSRNOG00000011991",478
"ENSRNOG00000018296",303
"ENSRNOG00000069574",0
"ENSRNOG00000018345",2306
"ENSRNOG00000049784",629
"ENSRNOG00000015588",1122
"ENSRNOG00000014668",393
"ENSRNOG00000014658",0
"ENSRNOG00000068690",54
"ENSRNOG00000020344",159
"ENSRNOG00000014415",3608
"ENSRNOG00000005115",206
"ENSRNOG00000003439",150
"ENSRNOG00000016190",446
"ENSRNOG00000017953",50
"ENSRNOG00000028176",270
"ENSRNOG00000011296",312
"ENSRNOG00000015746",0
"ENSRNOG00000011829",307
"ENSRNOG00000052310",3
"ENSRNOG00000025796",175
"ENSRNOG00000019140",327
"ENSRNOG00000011422",499
"ENSRNOG00000000010",0
"ENSRNOG00000045541",10
"ENSRNOG00000066994",0
"ENSRNOG00000011535",893
"ENSRNOG00000006747",818
"ENSRNOG00000026964",39
"ENSRNOG00000024182",0
"ENSRNOG00000003461",333
"ENSRNOG00000053895",63
"ENSRNOG00000017209",20
"ENSRNOG00000015179",241
"ENSRNOG00000015242",314
"ENSRNOG00000011697",1286
"ENSRNOG00000013178",487
"ENSRNOG00000000262",230
"ENSRNOG00000006741",5
"ENSRNOG00000026791",0
"ENSRNOG00000016509",896
"ENSRNOG00000024101",1037
"ENSRNOG00000019859",197
"ENSRNOG00000049456",0
"ENSRNOG00000013152",406
"ENSRNOG00000031439",10378
"ENSRNOG00000051986",48
"ENSRNOG00000015077",140
"ENSRNOG00000019068",2
"ENSRNOG00000018228",425
"ENSRNOG00000003864",396
"ENSRNOG00000070954",1
"ENSRNOG00000018445",25
"ENSRNOG00000019098",0
"ENSRNOG00000015625",78
"ENSRNOG00000018480",0
"ENSRNOG00000019024",0
"ENSRNOG00000011618",47
"ENSRNOG00000017932",2420
"ENSRNOG00000027022",230
"ENSRNOG00000011671",15
"ENSRNOG00000042888",104
"ENSRNOG00000015666",0
"ENSRNOG00000016278",0
"ENSRNOG00000011879",6460
"ENSRNOG00000054284",562
"ENSRNOG00000013014",179
"ENSRNOG00000015121",1536
"ENSRNOG00000015641",19
"ENSRNOG00000012342",0
"ENSRNOG00000015708",1110
"ENSRNOG00000013376",294
"ENSRNOG00000015459",594
"ENSRNOG00000018033",867
"ENSRNOG00000015974",273
"ENSRNOG00000068583",1
"ENSRNOG00000062375",830
"ENSRNOG00000028904",425
"ENSRNOG00000019757",1
"ENSRNOG00000015335",1332
"ENSRNOG00000011180",111
"ENSRNOG00000051461",257
"ENSRNOG00000033133",186
"ENSRNOG00000015800",48
"ENSRNOG00000018836",7086
"ENSRNOG00000016631",116
"ENSRNOG00000017879",1113
"ENSRNOG00000064019",317
"ENSRNOG00000016706",145
"ENSRNOG00000045626",3
"ENSRNOG00000018404",3730
"ENSRNOG00000018784",2
"ENSRNOG00000015534",634
"ENSRNOG00000003496",257
"ENSRNOG00000042274",309
"ENSRNOG00000016920",2
"ENSRNOG00000055097",5
"ENSRNOG00000050028",0
"ENSRNOG00000055046",0
"ENSRNOG00000013007",1
"ENSRNOG00000033819",1
"ENSRNOG00000028320",0
"ENSRNOG00000015843",1789
"ENSRNOG00000033487",0
"ENSRNOG00000019817",152
"ENSRNOG00000020351",683
"ENSRNOG00000067274",220
"ENSRNOG00000023920",3
"ENSRNOG00000033224",270
"ENSRNOG00000013970",64
"ENSRNOG00000069342",0
"ENSRNOG00000017467",585
"ENSRNOG00000019109",503
"ENSRNOG00000015144",1195
"ENSRNOG00000015880",439
"ENSRNOG00000067354",0
"ENSRNOG00000029317",2
"ENSRNOG00000018582",58
"ENSRNOG00000038057",0
"ENSRNOG00000016422",7
"ENSRNOG00000059579",1015
"ENSRNOG00000017431",232
"ENSRNOG00000054625",562
"ENSRNOG00000032602",0
"ENSRNOG00000038193",0
"ENSRNOG00000033345",0
"ENSRNOG00000017690",21
"ENSRNOG00000028578",0
"ENSRNOG00000070694",201
"ENSRNOG00000028652",2
"ENSRNOG00000043077",673
"ENSRNOG00000016001",799
"ENSRNOG00000062740",0
"ENSRNOG00000029134",365
"ENSRNOG00000047446",1091
"ENSRNOG00000025231",36
"ENSRNOG00000019766",231
"ENSRNOG00000047125",13
"ENSRNOG00000062793",1440
"ENSRNOG00000019456",3072
"ENSRNOG00000051278",97
"ENSRNOG00000051482",62
"ENSRNOG00000065196",0
"ENSRNOG00000069493",0
"ENSRNOG00000027954",2
"ENSRNOG00000057392",0
"ENSRNOG00000067657",110
"ENSRNOG00000021714",4
"ENSRNOG00000069871",7
"ENSRNOG00000047294",1
"ENSRNOG00000068994",1
"ENSRNOG00000066450",0
"ENSRNOG00000071092",0
"ENSRNOG00000062849",199
"ENSRNOG00000068120",2
"ENSRNOG00000024043",31
"ENSRNOG00000062578",210
"ENSRNOG00000069883",8
"ENSRNOG00000062827",22
"ENSRNOG00000069609",3
"ENSRNOG00000012721",2486
"ENSRNOG00000069566",1
"ENSRNOG00000064451",273
"ENSRNOG00000017612",1744
"ENSRNOG00000066750",35
"ENSRNOG00000066423",0
"ENSRNOG00000010712",149
"ENSRNOG00000068744",0
"ENSRNOG00000024452",10
"ENSRNOG00000068191",3
"ENSRNOG00000071212",0
"ENSRNOG00000038239",36
"ENSRNOG00000055320",0
"ENSRNOG00000022303",174
"ENSRNOG00000066292",6
"ENSRNOG00000025860",0
"ENSRNOG00000065722",0
"ENSRNOG00000020379",623
"ENSRNOG00000067929",0
"ENSRNOG00000064167",1
"ENSRNOG00000065200",0
"ENSRNOG00000069101",12
"ENSRNOG00000065895",0
"ENSRNOG00000020391",113
"ENSRNOG00000064495",3
"ENSRNOG00000016088",433
"ENSRNOG00000014761",0
"ENSRNOG00000066992",6
"ENSRNOG00000069551",1
"ENSRNOG00000055482",1
"ENSRNOG00000016854",12
"ENSRNOG00000026211",758
"ENSRNOG00000062413",0
"ENSRNOG00000060758",0
"ENSRNOG00000016257",237
"ENSRNOG00000060296",0
"ENSRNOG00000070939",0
"ENSRNOG00000018382",109
"ENSRNOG00000065113",0
"ENSRNOG00000018909",188
"ENSRNOG00000069786",7
"ENSRNOG00000049906",462
"ENSRNOG00000016890",4
"ENSRNOG00000016535",0
"ENSRNOG00000038973",471
"ENSRNOG00000056643",0
"ENSRNOG00000066914",0
"ENSRNOG00000046443",72
"ENSRNOG00000065621",0
"ENSRNOG00000060858",0
"ENSRNOG00000017746",6
"ENSRNOG00000018483",563
"ENSRNOG00000016167",117
"ENSRNOG00000066293",5
"ENSRNOG00000052109",2
"ENSRNOG00000062472",0
"ENSRNOG00000049931",431
"ENSRNOG00000068727",0
"ENSRNOG00000019169",517
"ENSRNOG00000066795",0
"ENSRNOG00000033368",1
"ENSRNOG00000069560",5
"ENSRNOG00000062389",5
"ENSRNOG00000007582",41
"ENSRNOG00000017045",443
"ENSRNOG00000063177",1
"ENSRNOG00000070959",2
"ENSRNOG00000033611",2192
"ENSRNOG00000039252",0
"ENSRNOG00000024364",64
"ENSRNOG00000065682",0
"ENSRNOG00000008450",2
"ENSRNOG00000020406",0
"ENSRNOG00000019205",417
"ENSRNOG00000014202",2
"ENSRNOG00000011065",5
"ENSRNOG00000062428",0
"ENSRNOG00000069941",0
"ENSRNOG00000017867",3
"ENSRNOG00000066989",6
"ENSRNOG00000014419",579
"ENSRNOG00000019425",431
"ENSRNOG00000066804",6
"ENSRNOG00000068473",0
"ENSRNOG00000018027",192
"ENSRNOG00000065293",0
"ENSRNOG00000021330",322
"ENSRNOG00000014776",116
"ENSRNOG00000002983",6355
"ENSRNOG00000026853",222
"ENSRNOG00000064062",0
"ENSRNOG00000062316",0
"ENSRNOG00000022524",218
"ENSRNOG00000067822",2
"ENSRNOG00000051819",27
"ENSRNOG00000019253",1407
"ENSRNOG00000011933",1175
"ENSRNOG00000066480",98
"ENSRNOG00000018945",2009
"ENSRNOG00000070378",14
"ENSRNOG00000019434",59
"ENSRNOG00000014647",708
"ENSRNOG00000062673",346
"ENSRNOG00000070517",0
"ENSRNOG00000059362",17
"ENSRNOG00000024025",877
"ENSRNOG00000055053",2
"ENSRNOG00000067306",2
"ENSRNOG00000050191",0
"ENSRNOG00000068181",15
"ENSRNOG00000002950",2
"ENSRNOG00000067393",0
"ENSRNOG00000047246",1195
"ENSRNOG00000066908",0
"ENSRNOG00000063122",0
"ENSRNOG00000062717",0
"ENSRNOG00000062836",0
"ENSRNOG00000066012",0
"ENSRNOG00000011575",1
"ENSRNOG00000062349",19
"ENSRNOG00000068096",647
"ENSRNOG00000012772",1914
"ENSRNOG00000002914",954
"ENSRNOG00000013907",136
"ENSRNOG00000015397",17
"ENSRNOG00000014405",1967
"ENSRNOG00000049312",0
"ENSRNOG00000019290",833
"ENSRNOG00000015695",56
"ENSRNOG00000070794",0
"ENSRNOG00000021890",490
"ENSRNOG00000020333",699
"ENSRNOG00000027906",3438
"ENSRNOG00000019353",286
"ENSRNOG00000066574",6
"ENSRNOG00000065746",19
"ENSRNOG00000004094",528
"ENSRNOG00000017993",170
"ENSRNOG00000014257",0
"ENSRNOG00000064578",35
"ENSRNOG00000012937",504
"ENSRNOG00000064909",0
"ENSRNOG00000028844",57
"ENSRNOG00000065848",1237
"ENSRNOG00000046751",0
"ENSRNOG00000023910",2483
"ENSRNOG00000060931",248
"ENSRNOG00000015084",0
"ENSRNOG00000019937",0
"ENSRNOG00000017841",590
"ENSRNOG00000019573",80
"ENSRNOG00000013742",1774
"ENSRNOG00000020151",1
"ENSRNOG00000025503",6
"ENSRNOG00000019651",1169
"ENSRNOG00000019791",704
"ENSRNOG00000002864",2437
"ENSRNOG00000031593",0
"ENSRNOG00000017084",26
"ENSRNOG00000012167",0
"ENSRNOG00000014522",140
"ENSRNOG00000017235",4697
"ENSRNOG00000018477",503
"ENSRNOG00000014048",218
"ENSRNOG00000017868",0
"ENSRNOG00000031097",0
"ENSRNOG00000004287",71
"ENSRNOG00000017342",297
"ENSRNOG00000052151",0
"ENSRNOG00000004219",444
"ENSRNOG00000011552",25
"ENSRNOG00000023899",1
"ENSRNOG00000029744",0
"ENSRNOG00000004212",126
"ENSRNOG00000019059",171
"ENSRNOG00000014293",67
"ENSRNOG00000018000",996
"ENSRNOG00000066314",0
"ENSRNOG00000003970",2301
"ENSRNOG00000012343",260
"ENSRNOG00000019943",619
"ENSRNOG00000018954",1
"ENSRNOG00000020049",328
"ENSRNOG00000012752",27
"ENSRNOG00000012271",4548
"ENSRNOG00000024178",272
"ENSRNOG00000032437",904
"ENSRNOG00000017178",0
"ENSRNOG00000012853",161
"ENSRNOG00000014619",218
"ENSRNOG00000000258",424
"ENSRNOG00000011865",442
"ENSRNOG00000021379",195
"ENSRNOG00000063716",0
"ENSRNOG00000050087",99
"ENSRNOG00000013808",3
"ENSRNOG00000003695",0
"ENSRNOG00000048823",0
"ENSRNOG00000016752",194
"ENSRNOG00000068159",0
"ENSRNOG00000011635",0
"ENSRNOG00000012789",0
"ENSRNOG00000020087",108
"ENSRNOG00000070376",0
"ENSRNOG00000017786",67
"ENSRNOG00000012027",2
"ENSRNOG00000070383",1
"ENSRNOG00000013324",0
"ENSRNOG00000003029",16016
"ENSRNOG00000051557",0
"ENSRNOG00000000257",905
"ENSRNOG00000057394",0
"ENSRNOG00000052853",0
"ENSRNOG00000069119",0
"ENSRNOG00000051983",0
"ENSRNOG00000058366",1
"ENSRNOG00000069069",2
"ENSRNOG00000054933",0
"ENSRNOG00000060024",0
"ENSRNOG00000052072",0
"ENSRNOG00000017919",617
"ENSRNOG00000062322",0
"ENSRNOG00000003026",508
"ENSRNOG00000063138",0
"ENSRNOG00000011330",0
"ENSRNOG00000068827",0
"ENSRNOG00000058190",0
"ENSRNOG00000012447",68
"ENSRNOG00000014964",51
"ENSRNOG00000053426",0
"ENSRNOG00000026974",3
"ENSRNOG00000056909",0
"ENSRNOG00000056003",3
"ENSRNOG00000070477",0
"ENSRNOG00000058155",0
"ENSRNOG00000014723",26
"ENSRNOG00000003011",964
"ENSRNOG00000066118",0
"ENSRNOG00000065309",1
"ENSRNOG00000004489",162
"ENSRNOG00000055195",0
"ENSRNOG00000061297",0
"ENSRNOG00000028439",1
"ENSRNOG00000051781",2
"ENSRNOG00000017219",1244
"ENSRNOG00000061250",0
"ENSRNOG00000057652",0
"ENSRNOG00000064770",0
"ENSRNOG00000016251",987
"ENSRNOG00000069621",0
"ENSRNOG00000054434",0
"ENSRNOG00000016953",0
"ENSRNOG00000052172",0
"ENSRNOG00000026994",541
"ENSRNOG00000013586",3
"ENSRNOG00000058104",0
"ENSRNOG00000054310",0
"ENSRNOG00000021824",868
"ENSRNOG00000054676",0
"ENSRNOG00000054981",0
"ENSRNOG00000062355",0
"ENSRNOG00000062382",0
"ENSRNOG00000049019",179
"ENSRNOG00000067133",0
"ENSRNOG00000060531",0
"ENSRNOG00000017604",2284
"ENSRNOG00000059462",0
"ENSRNOG00000070143",0
"ENSRNOG00000057075",0
"ENSRNOG00000069545",0
"ENSRNOG00000055087",0
"ENSRNOG00000056152",0
"ENSRNOG00000015173",3895
"ENSRNOG00000071063",0
"ENSRNOG00000068202",0
"ENSRNOG00000055551",0
"ENSRNOG00000014505",0
"ENSRNOG00000054720",1
"ENSRNOG00000053645",8
"ENSRNOG00000062850",0
"ENSRNOG00000068693",0
"ENSRNOG00000056475",0
"ENSRNOG00000068873",0
"ENSRNOG00000060906",0
"ENSRNOG00000012482",444
"ENSRNOG00000052933",0
"ENSRNOG00000059926",0
"ENSRNOG00000017023",3141
"ENSRNOG00000061325",0
"ENSRNOG00000011142",1233
"ENSRNOG00000060911",0
"ENSRNOG00000060637",0
"ENSRNOG00000061333",1
"ENSRNOG00000011231",0
"ENSRNOG00000057770",0
"ENSRNOG00000019922",314
"ENSRNOG00000063202",0
"ENSRNOG00000060593",0
"ENSRNOG00000022721",0
"ENSRNOG00000051652",0
"ENSRNOG00000053462",3
"ENSRNOG00000054233",0
"ENSRNOG00000058844",0
"ENSRNOG00000067808",0
"ENSRNOG00000054701",0
"ENSRNOG00000065929",0
"ENSRNOG00000057937",0
"ENSRNOG00000065173",0
"ENSRNOG00000028580",0
"ENSRNOG00000063424",0
"ENSRNOG00000004373",445
"ENSRNOG00000068944",0
"ENSRNOG00000067783",1
"ENSRNOG00000070206",713
"ENSRNOG00000065950",0
"ENSRNOG00000069928",1
"ENSRNOG00000019022",1
"ENSRNOG00000063515",0
"ENSRNOG00000070248",3
"ENSRNOG00000070337",0
"ENSRNOG00000069430",0
"ENSRNOG00000018950",1
"ENSRNOG00000065593",0
"ENSRNOG00000066443",0
"ENSRNOG00000065132",0
"ENSRNOG00000067264",0
"ENSRNOG00000025710",0
"ENSRNOG00000070678",0
"ENSRNOG00000021808",3390
"ENSRNOG00000064514",0
"ENSRNOG00000017674",1110
"ENSRNOG00000071121",0
"ENSRNOG00000070259",0
"ENSRNOG00000065423",0
"ENSRNOG00000010744",3340
"ENSRNOG00000062813",0
"ENSRNOG00000056311",0
"ENSRNOG00000062794",0
"ENSRNOG00000063948",0
"ENSRNOG00000004131",299
"ENSRNOG00000066581",0
"ENSRNOG00000000264",607
"ENSRNOG00000069085",0
"ENSRNOG00000055727",0
"ENSRNOG00000012622",116
"ENSRNOG00000049508",0
"ENSRNOG00000036413",0
"ENSRNOG00000046739",0
"ENSRNOG00000041470",0
"ENSRNOG00000014117",2229
"ENSRNOG00000062808",93
"ENSRNOG00000058218",272
"ENSRNOG00000039725",0
"ENSRNOG00000053574",333
"ENSRNOG00000014948",114
"ENSRNOG00000066514",0
"ENSRNOG00000017102",320
"ENSRNOG00000028717",622
"ENSRNOG00000017090",377
"ENSRNOG00000019980",870
"ENSRNOG00000017724",1560
"ENSRNOG00000015143",579
"ENSRNOG00000017745",628
"ENSRNOG00000019143",2942
"ENSRNOG00000070220",5
"ENSRNOG00000059453",75
"ENSRNOG00000020093",4065
"ENSRNOG00000025843",610
"ENSRNOG00000026880",641
"ENSRNOG00000019779",1
"ENSRNOG00000020004",137
"ENSRNOG00000014452",2068
"ENSRNOG00000015162",971
"ENSRNOG00000023303",37
"ENSRNOG00000015150",357
"ENSRNOG00000066666",0
"ENSRNOG00000038254",0
"ENSRNOG00000012671",54
"ENSRNOG00000029558",0
"ENSRNOG00000049890",1
"ENSRNOG00000028649",61
"ENSRNOG00000015576",199
"ENSRNOG00000012222",7
"ENSRNOG00000019028",407
"ENSRNOG00000012860",1185
"ENSRNOG00000019326",428
"ENSRNOG00000016558",2
"ENSRNOG00000015590",5
"ENSRNOG00000012928",203
"ENSRNOG00000016348",0
"ENSRNOG00000016991",2319
"ENSRNOG00000015632",191
"ENSRNOG00000069458",1946
"ENSRNOG00000016479",6
"ENSRNOG00000068632",23
"ENSRNOG00000019036",119
"ENSRNOG00000018824",2841
"ENSRNOG00000016326",1368
"ENSRNOG00000013777",687
"ENSRNOG00000013826",41
"ENSRNOG00000051531",63
"ENSRNOG00000011863",27
"ENSRNOG00000069555",23
"ENSRNOG00000015904",8
"ENSRNOG00000016760",27
"ENSRNOG00000071216",31
"ENSRNOG00000023092",0
"ENSRNOG00000011989",0
"ENSRNOG00000056786",1684
"ENSRNOG00000016977",4
"ENSRNOG00000051510",0
"ENSRNOG00000016108",445
"ENSRNOG00000039891",0
"ENSRNOG00000042353",344
"ENSRNOG00000018801",104
"ENSRNOG00000070323",0
"ENSRNOG00000010966",9999
"ENSRNOG00000014963",1078
"ENSRNOG00000052707",13
"ENSRNOG00000016291",0
"ENSRNOG00000018967",309
"ENSRNOG00000003863",672
"ENSRNOG00000065872",0
"ENSRNOG00000012007",654
"ENSRNOG00000003747",1508
"ENSRNOG00000012450",4
"ENSRNOG00000011009",293
"ENSRNOG00000003737",1
"ENSRNOG00000020435",207
"ENSRNOG00000003682",71
"ENSRNOG00000010691",1901
"ENSRNOG00000067725",0
"ENSRNOG00000013982",0
"ENSRNOG00000054264",3157
"ENSRNOG00000003520",7110
"ENSRNOG00000011976",166
"ENSRNOG00000003504",0
"ENSRNOG00000069478",0
"ENSRNOG00000068063",4
"ENSRNOG00000043215",0
"ENSRNOG00000017500",699
"ENSRNOG00000031773",0
"ENSRNOG00000017869",37
"ENSRNOG00000023177",24
"ENSRNOG00000017602",2
"ENSRNOG00000003469",6
"ENSRNOG00000051265",1
"ENSRNOG00000017489",267
"ENSRNOG00000012030",108
"ENSRNOG00000057072",4
"ENSRNOG00000011037",0
"ENSRNOG00000023830",154
"ENSRNOG00000021517",664
"ENSRNOG00000014461",472
"ENSRNOG00000013878",602
"ENSRNOG00000003443",10
"ENSRNOG00000017905",623
"ENSRNOG00000011533",15
"ENSRNOG00000014581",134
"ENSRNOG00000065750",1
"ENSRNOG00000069589",1874
"ENSRNOG00000003307",151
"ENSRNOG00000018226",2819
"ENSRNOG00000012371",2
"ENSRNOG00000017654",283
"ENSRNOG00000017575",46
"ENSRNOG00000039808",0
"ENSRNOG00000017646",172
"ENSRNOG00000003149",614
"ENSRNOG00000014093",1548
"ENSRNOG00000017817",3634
"ENSRNOG00000011901",60
"ENSRNOG00000065182",0
"ENSRNOG00000042179",982
"ENSRNOG00000031076",30
"ENSRNOG00000060310",153
"ENSRNOG00000023805",61
"ENSRNOG00000033451",33
"ENSRNOG00000014336",88
"ENSRNOG00000067640",1
"ENSRNOG00000032666",133
"ENSRNOG00000013839",0
"ENSRNOG00000070405",0
"ENSRNOG00000018796",4430
"ENSRNOG00000070064",69
"ENSRNOG00000003580",0
"ENSRNOG00000018564",340
"ENSRNOG00000018268",0
"ENSRNOG00000048222",29
"ENSRNOG00000008319",210
"ENSRNOG00000025791",1039
"ENSRNOG00000069004",0
"ENSRNOG00000048039",0
"ENSRNOG00000018149",143
"ENSRNOG00000013481",7721
"ENSRNOG00000016234",585
"ENSRNOG00000016311",5
"ENSRNOG00000069573",51
"ENSRNOG00000066092",6
"ENSRNOG00000015519",0
"ENSRNOG00000019819",152
"ENSRNOG00000015679",141
"ENSRNOG00000068016",28
"ENSRNOG00000006551",195
"ENSRNOG00000049302",1381
"ENSRNOG00000057998",0
"ENSRNOG00000057711",0
"ENSRNOG00000015720",741
"ENSRNOG00000030174",5990
"ENSRNOG00000006049",533
"ENSRNOG00000011782",2476
"ENSRNOG00000067129",0
"ENSRNOG00000043286",274
"ENSRNOG00000025764",778
"ENSRNOG00000043098",1326
"ENSRNOG00000018958",0
"ENSRNOG00000019004",0
"ENSRNOG00000011956",485
"ENSRNOG00000012153",847
"ENSRNOG00000014087",344
"ENSRNOG00000069933",0
"ENSRNOG00000014896",0
"ENSRNOG00000015438",0
"ENSRNOG00000024212",356
"ENSRNOG00000019020",293
"ENSRNOG00000016643",169
"ENSRNOG00000019288",282
"ENSRNOG00000031607",6
"ENSRNOG00000054004",0
"ENSRNOG00000067649",0
"ENSRNOG00000026051",13
"ENSRNOG00000061849",0
"ENSRNOG00000055467",0
"ENSRNOG00000055815",0
"ENSRNOG00000029386",626
"ENSRNOG00000054248",0
"ENSRNOG00000052382",1
"ENSRNOG00000063327",0
"ENSRNOG00000032664",12
"ENSRNOG00000069465",0
"ENSRNOG00000025938",7
"ENSRNOG00000053555",0
"ENSRNOG00000029001",9
"ENSRNOG00000061642",0
"ENSRNOG00000062845",0
"ENSRNOG00000064607",0
"ENSRNOG00000031171",492
"ENSRNOG00000063612",0
"ENSRNOG00000058713",0
"ENSRNOG00000069910",15
"ENSRNOG00000053255",0
"ENSRNOG00000000473",122
"ENSRNOG00000071179",0
"ENSRNOG00000061396",0
"ENSRNOG00000053858",0
"ENSRNOG00000000795",318
"ENSRNOG00000057209",0
"ENSRNOG00000056074",0
"ENSRNOG00000026519",1
"ENSRNOG00000053958",0
"ENSRNOG00000052698",0
"ENSRNOG00000062411",0
"ENSRNOG00000000397",1773
"ENSRNOG00000059119",1
"ENSRNOG00000052793",0
"ENSRNOG00000062460",0
"ENSRNOG00000037604",1181
"ENSRNOG00000059933",0
"ENSRNOG00000053612",0
"ENSRNOG00000052415",206
"ENSRNOG00000051864",0
"ENSRNOG00000067841",0
"ENSRNOG00000054444",1
"ENSRNOG00000049580",0
"ENSRNOG00000054443",0
"ENSRNOG00000068882",0
"ENSRNOG00000053988",24
"ENSRNOG00000055027",0
"ENSRNOG00000058745",0
"ENSRNOG00000054091",0
"ENSRNOG00000061471",3
"ENSRNOG00000000588",8
"ENSRNOG00000042962",123
"ENSRNOG00000061767",18
"ENSRNOG00000001203",409
"ENSRNOG00000057680",0
"ENSRNOG00000058535",0
"ENSRNOG00000068798",0
"ENSRNOG00000052404",0
"ENSRNOG00000000777",119
"ENSRNOG00000000763",110
"ENSRNOG00000052780",0
"ENSRNOG00000056426",0
"ENSRNOG00000061360",0
"ENSRNOG00000054099",0
"ENSRNOG00000067147",0
"ENSRNOG00000064718",0
"ENSRNOG00000000867",2009
"ENSRNOG00000058368",2
"ENSRNOG00000059658",0
"ENSRNOG00000037765",1501
"ENSRNOG00000069970",0
"ENSRNOG00000059368",0
"ENSRNOG00000065111",0
"ENSRNOG00000041223",0
"ENSRNOG00000036441",0
"ENSRNOG00000000767",0
"ENSRNOG00000046573",0
"ENSRNOG00000035653",0
"ENSRNOG00000042905",176
"ENSRNOG00000000768",0
"ENSRNOG00000001228",2904
"ENSRNOG00000062729",0
"ENSRNOG00000000323",0
"ENSRNOG00000065421",0
"ENSRNOG00000049063",54
"ENSRNOG00000070009",0
"ENSRNOG00000065219",485
"ENSRNOG00000000585",481
"ENSRNOG00000045658",0
"ENSRNOG00000001315",1
"ENSRNOG00000000583",2612
"ENSRNOG00000000765",0
"ENSRNOG00000067843",0
"ENSRNOG00000065073",0
"ENSRNOG00000065633",10
"ENSRNOG00000050550",1
"ENSRNOG00000032596",353
"ENSRNOG00000066928",0
"ENSRNOG00000063048",0
"ENSRNOG00000024543",134
"ENSRNOG00000069105",0
"ENSRNOG00000001313",2
"ENSRNOG00000068471",1
"ENSRNOG00000000726",0
"ENSRNOG00000070471",0
"ENSRNOG00000037647",1085
"ENSRNOG00000001237",3314
"ENSRNOG00000028035",0
"ENSRNOG00000000299",1037
"ENSRNOG00000000579",3446
"ENSRNOG00000065272",0
"ENSRNOG00000058288",667
"ENSRNOG00000000605",0
"ENSRNOG00000046487",1
"ENSRNOG00000065072",0
"ENSRNOG00000000798",483
"ENSRNOG00000000811",1
"ENSRNOG00000063793",0
"ENSRNOG00000050389",0
"ENSRNOG00000053288",866
"ENSRNOG00000027859",277
"ENSRNOG00000068494",0
"ENSRNOG00000063264",0
"ENSRNOG00000066952",0
"ENSRNOG00000047118",77
"ENSRNOG00000025806",1297
"ENSRNOG00000067903",0
"ENSRNOG00000066890",0
"ENSRNOG00000065474",1161
"ENSRNOG00000000321",141
"ENSRNOG00000000746",0
"ENSRNOG00000000814",0
"ENSRNOG00000000799",977
"ENSRNOG00000000589",2
"ENSRNOG00000046355",0
"ENSRNOG00000043199",1019
"ENSRNOG00000000599",2249
"ENSRNOG00000046708",0
"ENSRNOG00000059268",1776
"ENSRNOG00000050316",3
"ENSRNOG00000065757",0
"ENSRNOG00000070745",0
"ENSRNOG00000051592",464
"ENSRNOG00000067694",0
"ENSRNOG00000070514",0
"ENSRNOG00000001212",0
"ENSRNOG00000069884",0
"ENSRNOG00000061040",751
"ENSRNOG00000070634",0
"ENSRNOG00000049590",0
"ENSRNOG00000065687",0
"ENSRNOG00000000572",68
"ENSRNOG00000048579",1
"ENSRNOG00000062763",0
"ENSRNOG00000000855",0
"ENSRNOG00000000383",3
"ENSRNOG00000000632",1110
"ENSRNOG00000042370",0
"ENSRNOG00000000316",0
"ENSRNOG00000000854",1
"ENSRNOG00000069773",0
"ENSRNOG00000054603",0
"ENSRNOG00000000587",198
"ENSRNOG00000001242",5
"ENSRNOG00000000774",1051
"ENSRNOG00000000586",86
"ENSRNOG00000000536",3
"ENSRNOG00000026049",117
"ENSRNOG00000000279",110
"ENSRNOG00000000804",1318
"ENSRNOG00000000405",2
"ENSRNOG00000000568",553
"ENSRNOG00000068887",2753
"ENSRNOG00000062554",3
"ENSRNOG00000026217",47
"ENSRNOG00000000809",1534
"ENSRNOG00000000785",211
"ENSRNOG00000000567",13939
"ENSRNOG00000062809",0
"ENSRNOG00000000488",858
"ENSRNOG00000000786",0
"ENSRNOG00000070997",0
"ENSRNOG00000065028",0
"ENSRNOG00000070408",0
"ENSRNOG00000047171",203
"ENSRNOG00000000846",0
"ENSRNOG00000000547",248
"ENSRNOG00000032844",22
"ENSRNOG00000000853",0
"ENSRNOG00000032964",0
"ENSRNOG00000025883",7
"ENSRNOG00000067001",0
"ENSRNOG00000000320",16
"ENSRNOG00000050215",203
"ENSRNOG00000026080",0
"ENSRNOG00000045908",0
"ENSRNOG00000037628",0
"ENSRNOG00000069043",0
"ENSRNOG00000025179",4487
"ENSRNOG00000033389",233
"ENSRNOG00000069418",1
"ENSRNOG00000071013",0
"ENSRNOG00000066416",0
"ENSRNOG00000071158",0
"ENSRNOG00000046891",1571
"ENSRNOG00000069834",0
"ENSRNOG00000069079",26
"ENSRNOG00000000407",420
"ENSRNOG00000066573",63
"ENSRNOG00000040183",0
"ENSRNOG00000070836",8
"ENSRNOG00000070605",5
"ENSRNOG00000030431",13
"ENSRNOG00000032548",0
"ENSRNOG00000064227",0
"ENSRNOG00000069426",11
"ENSRNOG00000070935",2920
"ENSRNOG00000071033",2
"ENSRNOG00000067553",0
"ENSRNOG00000064918",0
"ENSRNOG00000000432",183
"ENSRNOG00000000408",484
"ENSRNOG00000063819",7
"ENSRNOG00000064860",0
"ENSRNOG00000068689",0
"ENSRNOG00000030157",402
"ENSRNOG00000049045",1
"ENSRNOG00000066945",0
"ENSRNOG00000000431",2615
"ENSRNOG00000000549",481
"ENSRNOG00000063919",0
"ENSRNOG00000026936",12
"ENSRNOG00000052532",0
"ENSRNOG00000070789",2
"ENSRNOG00000063152",0
"ENSRNOG00000042918",1
"ENSRNOG00000046675",197
"ENSRNOG00000054538",2
"ENSRNOG00000065648",1
"ENSRNOG00000069059",547
"ENSRNOG00000025998",19
"ENSRNOG00000064944",37
"ENSRNOG00000033136",0
"ENSRNOG00000065439",0
"ENSRNOG00000067150",0
"ENSRNOG00000033215",18
"ENSRNOG00000067482",4
"ENSRNOG00000050998",1
"ENSRNOG00000069219",2
"ENSRNOG00000064309",417
"ENSRNOG00000027873",0
"ENSRNOG00000063520",0
"ENSRNOG00000043436",2162
"ENSRNOG00000071161",0
"ENSRNOG00000000546",441
"ENSRNOG00000000478",85
"ENSRNOG00000067733",0
"ENSRNOG00000070050",0
"ENSRNOG00000030676",0
"ENSRNOG00000063655",0
"ENSRNOG00000000818",1723
"ENSRNOG00000050233",136
"ENSRNOG00000065179",0
"ENSRNOG00000032942",972
"ENSRNOG00000065364",1
"ENSRNOG00000058987",6
"ENSRNOG00000054374",224
"ENSRNOG00000066691",11
"ENSRNOG00000000576",467
"ENSRNOG00000067697",0
"ENSRNOG00000000840",9
"ENSRNOG00000067213",194
"ENSRNOG00000000520",2812
"ENSRNOG00000050425",9
"ENSRNOG00000051399",47
"ENSRNOG00000029682",4301
"ENSRNOG00000000839",98
"ENSRNOG00000046365",4
"ENSRNOG00000025864",298
"ENSRNOG00000056647",829
"ENSRNOG00000000729",630
"ENSRNOG00000032813",588
"ENSRNOG00000062206",0
"ENSRNOG00000000574",333
"ENSRNOG00000000614",2486
"ENSRNOG00000069485",0
"ENSRNOG00000000838",0
"ENSRNOG00000000556",0
"ENSRNOG00000069463",56
"ENSRNOG00000000728",226
"ENSRNOG00000062843",0
"ENSRNOG00000061216",19518
"ENSRNOG00000071156",0
"ENSRNOG00000068137",9
"ENSRNOG00000043481",0
"ENSRNOG00000051612",0
"ENSRNOG00000056637",313
"ENSRNOG00000062631",0
"ENSRNOG00000029420",0
"ENSRNOG00000059445",137
"ENSRNOG00000000775",8
"ENSRNOG00000064656",203
"ENSRNOG00000065286",0
"ENSRNOG00000000826",524
"ENSRNOG00000064564",0
"ENSRNOG00000000842",1
"ENSRNOG00000038489",1
"ENSRNOG00000061930",0
"ENSRNOG00000062702",3
"ENSRNOG00000066268",0
"ENSRNOG00000062860",3
"ENSRNOG00000063421",26
"ENSRNOG00000029883",0
"ENSRNOG00000024751",113
"ENSRNOG00000065434",0
"ENSRNOG00000052839",0
"ENSRNOG00000069886",0
"ENSRNOG00000027225",0
"ENSRNOG00000066311",0
"ENSRNOG00000022730",1019
"ENSRNOG00000070701",0
"ENSRNOG00000070571",0
"ENSRNOG00000000827",473
"ENSRNOG00000030683",1314
"ENSRNOG00000064704",0
"ENSRNOG00000065653",10
"ENSRNOG00000067507",0
"ENSRNOG00000066383",0
"ENSRNOG00000069340",0
"ENSRNOG00000068943",0
"ENSRNOG00000000759",0
"ENSRNOG00000000451",21
"ENSRNOG00000069903",0
"ENSRNOG00000070750",13
"ENSRNOG00000065058",0
"ENSRNOG00000063245",0
"ENSRNOG00000064301",0
"ENSRNOG00000062730",0
"ENSRNOG00000027157",0
"ENSRNOG00000054048",0
"ENSRNOG00000063374",0
"ENSRNOG00000001229",5022
"ENSRNOG00000030426",945
"ENSRNOG00000067861",2
"ENSRNOG00000070267",0
"ENSRNOG00000056976",0
"ENSRNOG00000063854",687
"ENSRNOG00000001226",53
"ENSRNOG00000068088",0
"ENSRNOG00000068739",0
"ENSRNOG00000065684",0
"ENSRNOG00000000428",0
"ENSRNOG00000069553",0
"ENSRNOG00000067389",14
"ENSRNOG00000043302",0
"ENSRNOG00000068097",0
"ENSRNOG00000070968",73
"ENSRNOG00000000607",1
"ENSRNOG00000064738",0
"ENSRNOG00000070630",99
"ENSRNOG00000067041",0
"ENSRNOG00000033581",1034
"ENSRNOG00000064499",27
"ENSRNOG00000048073",452
"ENSRNOG00000001249",11879
"ENSRNOG00000070733",424
"ENSRNOG00000065948",1
"ENSRNOG00000048535",0
"ENSRNOG00000063651",2
"ENSRNOG00000051063",126
"ENSRNOG00000048758",156
"ENSRNOG00000062666",2
"ENSRNOG00000000446",0
"ENSRNOG00000000384",0
"ENSRNOG00000066710",0
"ENSRNOG00000024413",0
"ENSRNOG00000063343",1
"ENSRNOG00000052891",0
"ENSRNOG00000030242",30
"ENSRNOG00000051473",0
"ENSRNOG00000068671",0
"ENSRNOG00000033891",2494
"ENSRNOG00000060789",0
"ENSRNOG00000000557",4525
"ENSRNOG00000067902",2
"ENSRNOG00000058631",0
"ENSRNOG00000054239",0
"ENSRNOG00000070377",0
"ENSRNOG00000054580",0
"ENSRNOG00000061550",0
"ENSRNOG00000052710",0
"ENSRNOG00000032408",1
"ENSRNOG00000052210",0
"ENSRNOG00000056626",0
"ENSRNOG00000000630",0
"ENSRNOG00000055951",2
"ENSRNOG00000057911",0
"ENSRNOG00000047304",0
"ENSRNOG00000057485",0
"ENSRNOG00000022283",1
"ENSRNOG00000056879",0
"ENSRNOG00000000581",384
"ENSRNOG00000062340",0
"ENSRNOG00000060741",1
"ENSRNOG00000067781",1
"ENSRNOG00000052760",0
"ENSRNOG00000068592",0
"ENSRNOG00000051927",0
"ENSRNOG00000068589",0
"ENSRNOG00000057125",1204
"ENSRNOG00000026207",0
"ENSRNOG00000000376",893
"ENSRNOG00000000517",655
"ENSRNOG00000033652",32
"ENSRNOG00000000564",2
"ENSRNOG00000046494",0
"ENSRNOG00000049150",6
"ENSRNOG00000026813",25
"ENSRNOG00000048725",798
"ENSRNOG00000039398",1
"ENSRNOG00000065514",65
"ENSRNOG00000023210",1465
"ENSRNOG00000047966",34
"ENSRNOG00000024221",45
"ENSRNOG00000050647",101
"ENSRNOG00000043099",904
"ENSRNOG00000045654",6
"ENSRNOG00000039396",0
"ENSRNOG00000067018",5
"ENSRNOG00000001232",564
"ENSRNOG00000028581",56
"ENSRNOG00000000503",991
"ENSRNOG00000028541",0
"ENSRNOG00000070397",29
"ENSRNOG00000042287",0
"ENSRNOG00000001272",1399
"ENSRNOG00000000831",307
"ENSRNOG00000000596",735
"ENSRNOG00000028441",458
"ENSRNOG00000021365",139
"ENSRNOG00000000582",9
"ENSRNOG00000012714",15
"ENSRNOG00000000566",0
"ENSRNOG00000000442",87
"ENSRNOG00000000303",280
"ENSRNOG00000000495",640
"ENSRNOG00000000590",2
"ENSRNOG00000000606",0
"ENSRNOG00000040052",93
"ENSRNOG00000000327",506
"ENSRNOG00000000833",206
"ENSRNOG00000000502",139
"ENSRNOG00000000610",771
"ENSRNOG00000024839",278
"ENSRNOG00000046505",133
"ENSRNOG00000000302",426
"ENSRNOG00000000373",7
"ENSRNOG00000049990",1
"ENSRNOG00000053936",0
"ENSRNOG00000026466",436
"ENSRNOG00000069858",1
"ENSRNOG00000066776",26
"ENSRNOG00000001245",553
"ENSRNOG00000000314",1137
"ENSRNOG00000000778",46
"ENSRNOG00000001174",0
"ENSRNOG00000000563",186
"ENSRNOG00000064048",15
"ENSRNOG00000000779",399
"ENSRNOG00000000454",0
"ENSRNOG00000070102",2
"ENSRNOG00000000780",1485
"ENSRNOG00000000781",17
"ENSRNOG00000000571",26955
"ENSRNOG00000000519",2514
"ENSRNOG00000069836",0
"ENSRNOG00000067285",0
"ENSRNOG00000021518",0
"ENSRNOG00000000783",0
"ENSRNOG00000000638",509
"ENSRNOG00000000634",0
"ENSRNOG00000052795",483
"ENSRNOG00000068407",363
"ENSRNOG00000049937",86
"ENSRNOG00000000782",2
"ENSRNOG00000024601",274
"ENSRNOG00000067891",0
"ENSRNOG00000031689",374
"ENSRNOG00000025909",208
"ENSRNOG00000000455",433
"ENSRNOG00000000562",0
"ENSRNOG00000032930",1042
"ENSRNOG00000000498",474
"ENSRNOG00000066279",1
"ENSRNOG00000063767",0
"ENSRNOG00000000510",0
"ENSRNOG00000000543",350
"ENSRNOG00000000516",0
"ENSRNOG00000051398",0
"ENSRNOG00000000479",229
"ENSRNOG00000028622",8
"ENSRNOG00000000456",109
"ENSRNOG00000000796",4046
"ENSRNOG00000000507",7
"ENSRNOG00000033087",3
"ENSRNOG00000001223",5591
"ENSRNOG00000043212",1213
"ENSRNOG00000000457",388
"ENSRNOG00000064170",0
"ENSRNOG00000000500",903
"ENSRNOG00000050658",0
"ENSRNOG00000000459",312
"ENSRNOG00000067614",0
"ENSRNOG00000000504",92
"ENSRNOG00000049491",16
"ENSRNOG00000030109",295
"ENSRNOG00000001295",9
"ENSRNOG00000000505",1526
"ENSRNOG00000059659",3210
"ENSRNOG00000001297",380
"ENSRNOG00000029979",135
"ENSRNOG00000000501",466
"ENSRNOG00000066773",385
"ENSRNOG00000000569",9
"ENSRNOG00000029528",1
"ENSRNOG00000047102",49
"ENSRNOG00000000540",103
"ENSRNOG00000000541",1950
"ENSRNOG00000000506",1472
"ENSRNOG00000001201",1867
"ENSRNOG00000000604",1372
"ENSRNOG00000065441",9
"ENSRNOG00000000433",104
"ENSRNOG00000001217",6
"ENSRNOG00000001224",0
"ENSRNOG00000000480",269
"ENSRNOG00000001184",314
"ENSRNOG00000000648",3114
"ENSRNOG00000000435",721
"ENSRNOG00000000851",4032
"ENSRNOG00000000491",7
"ENSRNOG00000001210",450
"ENSRNOG00000026762",1
"ENSRNOG00000000481",2462
"ENSRNOG00000000487",1
"ENSRNOG00000000277",955
"ENSRNOG00000000441",66
"ENSRNOG00000000552",0
"ENSRNOG00000063880",2138
"ENSRNOG00000000857",23
"ENSRNOG00000000611",1043
"ENSRNOG00000028598",24
"ENSRNOG00000000436",12
"ENSRNOG00000000850",35
"ENSRNOG00000048929",46
"ENSRNOG00000039658",125
"ENSRNOG00000000437",3142
"ENSRNOG00000000641",195
"ENSRNOG00000061176",1347
"ENSRNOG00000000386",2
"ENSRNOG00000000438",491
"ENSRNOG00000000396",1140
"ENSRNOG00000051960",35
"ENSRNOG00000056298",0
"ENSRNOG00000001181",131
"ENSRNOG00000069854",45
"ENSRNOG00000001227",2458
"ENSRNOG00000000490",1189
"ENSRNOG00000000439",23
"ENSRNOG00000000645",8382
"ENSRNOG00000023712",2
"ENSRNOG00000000499",2
"ENSRNOG00000046791",551
"ENSRNOG00000068135",0
"ENSRNOG00000049507",834
"ENSRNOG00000028302",3490
"ENSRNOG00000000486",19
"ENSRNOG00000048193",156
"ENSRNOG00000000523",189
"ENSRNOG00000048987",0
"ENSRNOG00000000485",1782
"ENSRNOG00000028243",47
"ENSRNOG00000031065",0
"ENSRNOG00000063826",0
"ENSRNOG00000006589",4337
"ENSRNOG00000000461",4915
"ENSRNOG00000068033",0
"ENSRNOG00000069988",0
"ENSRNOG00000064749",83
"ENSRNOG00000000274",31
"ENSRNOG00000016997",49
"ENSRNOG00000065563",386
"ENSRNOG00000062695",0
"ENSRNOG00000001205",890
"ENSRNOG00000000636",0
"ENSRNOG00000045860",454
"ENSRNOG00000050410",235
"ENSRNOG00000070306",0
"ENSRNOG00000000275",908
"ENSRNOG00000047697",90
"ENSRNOG00000000524",2823
"ENSRNOG00000057862",3
"ENSRNOG00000049952",1116
"ENSRNOG00000000808",1191
"ENSRNOG00000046428",406
"ENSRNOG00000070531",0
"ENSRNOG00000000858",4
"ENSRNOG00000043033",126
"ENSRNOG00000000561",151
"ENSRNOG00000000860",5
"ENSRNOG00000000511",2130
"ENSRNOG00000029360",3654
"ENSRNOG00000001189",190
"ENSRNOG00000001169",49
"ENSRNOG00000000440",778
"ENSRNOG00000038300",0
"ENSRNOG00000042916",892
"ENSRNOG00000063338",0
"ENSRNOG00000001215",659
"ENSRNOG00000000565",2666
"ENSRNOG00000000542",0
"ENSRNOG00000000387",1259
"ENSRNOG00000000410",0
"ENSRNOG00000049696",0
"ENSRNOG00000001254",13351
"ENSRNOG00000001152",0
"ENSRNOG00000000852",17372
"ENSRNOG00000001261",9
"ENSRNOG00000000512",252
"ENSRNOG00000000398",234
"ENSRNOG00000001302",50
"ENSRNOG00000063538",0
"ENSRNOG00000000640",35
"ENSRNOG00000000394",124
"ENSRNOG00000000508",0
"ENSRNOG00000001225",181
"ENSRNOG00000022523",218
"ENSRNOG00000055391",4510
"ENSRNOG00000000493",464
"ENSRNOG00000066789",296
"ENSRNOG00000067849",106
"ENSRNOG00000001182",1045
"ENSRNOG00000000528",0
"ENSRNOG00000000560",136
"ENSRNOG00000000513",3087
"ENSRNOG00000000521",3120
"ENSRNOG00000069172",1
"ENSRNOG00000047175",0
"ENSRNOG00000001157",0
"ENSRNOG00000065254",962
"ENSRNOG00000001167",0
"ENSRNOG00000000412",8
"ENSRNOG00000028641",1073
"ENSRNOG00000070329",101
"ENSRNOG00000065780",19
"ENSRNOG00000046619",2
"ENSRNOG00000046705",5494
"ENSRNOG00000000515",1
"ENSRNOG00000066051",0
"ENSRNOG00000065311",2
"ENSRNOG00000000635",2564
"ENSRNOG00000046204",285
"ENSRNOG00000001193",5
"ENSRNOG00000001219",0
"ENSRNOG00000058912",51
"ENSRNOG00000045920",1641
"ENSRNOG00000000800",2666
"ENSRNOG00000001218",0
"ENSRNOG00000067436",0
"ENSRNOG00000000483",1931
"ENSRNOG00000042329",0
"ENSRNOG00000047532",0
"ENSRNOG00000048951",0
"ENSRNOG00000068042",0
"ENSRNOG00000000312",1092
"ENSRNOG00000000823",580
"ENSRNOG00000001303",2224
"ENSRNOG00000038883",2930
"ENSRNOG00000001214",138
"ENSRNOG00000049771",273
"ENSRNOG00000030408",1572
"ENSRNOG00000032530",0
"ENSRNOG00000000609",297
"ENSRNOG00000066181",453
"ENSRNOG00000046538",0
"ENSRNOG00000000878",0
"ENSRNOG00000067601",0
"ENSRNOG00000069480",277
"ENSRNOG00000065874",0
"ENSRNOG00000070409",0
"ENSRNOG00000000368",328
"ENSRNOG00000000529",42
"ENSRNOG00000026799",243
"ENSRNOG00000001216",0
"ENSRNOG00000042186",0
"ENSRNOG00000046758",4
"ENSRNOG00000064334",6
"ENSRNOG00000001311",86
"ENSRNOG00000066018",1
"ENSRNOG00000038999",869
"ENSRNOG00000059458",815
"ENSRNOG00000001158",33
"ENSRNOG00000000411",524
"ENSRNOG00000059770",832
"ENSRNOG00000037600",0
"ENSRNOG00000001194",823
"ENSRNOG00000000633",865
"ENSRNOG00000032708",2
"ENSRNOG00000051061",1476
"ENSRNOG00000001213",1
"ENSRNOG00000000308",331
"ENSRNOG00000026407",182
"ENSRNOG00000000307",733
"ENSRNOG00000023109",66
"ENSRNOG00000000401",0
"ENSRNOG00000031290",2
"ENSRNOG00000047476",779
"ENSRNOG00000000580",0
"ENSRNOG00000063872",1
"ENSRNOG00000000825",17
"ENSRNOG00000037757",0
"ENSRNOG00000000306",308
"ENSRNOG00000070199",1
"ENSRNOG00000070167",61
"ENSRNOG00000000532",839
"ENSRNOG00000047706",199
"ENSRNOG00000024918",109
"ENSRNOG00000037688",17
"ENSRNOG00000050655",5586
"ENSRNOG00000043186",37
"ENSRNOG00000000598",196
"ENSRNOG00000000597",12
"ENSRNOG00000030712",49
"ENSRNOG00000000815",48
"ENSRNOG00000000474",549
"ENSRNOG00000000304",11930
"ENSRNOG00000029500",1
"ENSRNOG00000058648",0
"ENSRNOG00000061936",1
"ENSRNOG00000000848",52
"ENSRNOG00000038807",0
"ENSRNOG00000000476",0
"ENSRNOG00000037668",9
"ENSRNOG00000000847",6033
"ENSRNOG00000000841",6149
"ENSRNOG00000001222",242
"ENSRNOG00000000824",1327
"ENSRNOG00000069363",6
"ENSRNOG00000069923",2
"ENSRNOG00000000477",570
"ENSRNOG00000057078",694
"ENSRNOG00000000551",76
"ENSRNOG00000026110",2
"ENSRNOG00000068717",85
"ENSRNOG00000027516",0
"ENSRNOG00000000414",309
"ENSRNOG00000067335",0
"ENSRNOG00000000805",15377
"ENSRNOG00000054549",1065
"ENSRNOG00000027949",0
"ENSRNOG00000000595",811
"ENSRNOG00000001298",4
"ENSRNOG00000049734",0
"ENSRNOG00000000593",2091
"ENSRNOG00000062276",148
"ENSRNOG00000001869",0
"ENSRNOG00000000395",814
"ENSRNOG00000001165",0
"ENSRNOG00000001211",638
"ENSRNOG00000000322",1002
"ENSRNOG00000030630",2147
"ENSRNOG00000000392",1236
"ENSRNOG00000048682",1241
"ENSRNOG00000000463",8
"ENSRNOG00000000613",510
"ENSRNOG00000051235",60
"ENSRNOG00000061544",92
"ENSRNOG00000000464",466
"ENSRNOG00000000465",1
"ENSRNOG00000001304",699
"ENSRNOG00000000466",25
"ENSRNOG00000068163",2
"ENSRNOG00000000467",616
"ENSRNOG00000003281",345
"ENSRNOG00000000559",1
"ENSRNOG00000038258",6
"ENSRNOG00000000406",3
"ENSRNOG00000000527",5467
"ENSRNOG00000064723",0
"ENSRNOG00000046314",0
"ENSRNOG00000000415",632
"ENSRNOG00000000525",198
"ENSRNOG00000065029",0
"ENSRNOG00000000802",194
"ENSRNOG00000000522",10
"ENSRNOG00000000470",1240
"ENSRNOG00000000420",809
"ENSRNOG00000069916",0
"ENSRNOG00000000421",555
"ENSRNOG00000068565",0
"ENSRNOG00000024019",1885
"ENSRNOG00000000422",347
"ENSRNOG00000000801",252
"ENSRNOG00000062487",226
"ENSRNOG00000069209",484
"ENSRNOG00000000471",604
"ENSRNOG00000028386",12
"ENSRNOG00000028356",11
"ENSRNOG00000028344",1207
"ENSRNOG00000001159",0
"ENSRNOG00000001162",0
"ENSRNOG00000001164",0
"ENSRNOG00000062067",2
"ENSRNOG00000001276",305
"ENSRNOG00000064836",40
"ENSRNOG00000001055",443
"ENSRNOG00000001060",123
"ENSRNOG00000000981",359
"ENSRNOG00000045574",21
"ENSRNOG00000001336",385
"ENSRNOG00000001337",1962
"ENSRNOG00000008673",4093
"ENSRNOG00000025702",1006
"ENSRNOG00000001331",598
"ENSRNOG00000001238",300
"ENSRNOG00000028523",999
"ENSRNOG00000001270",155
"ENSRNOG00000001316",4216
"ENSRNOG00000063517",7
"ENSRNOG00000001338",1
"ENSRNOG00000025936",4530
"ENSRNOG00000042607",46
"ENSRNOG00000001368",0
"ENSRNOG00000001278",230
"ENSRNOG00000048050",80
"ENSRNOG00000031731",1023
"ENSRNOG00000001274",1489
"ENSRNOG00000021480",88
"ENSRNOG00000021440",1245
"ENSRNOG00000001269",3172
"ENSRNOG00000001259",71
"ENSRNOG00000070135",0
"ENSRNOG00000034266",0
"ENSRNOG00000030848",0
"ENSRNOG00000001345",633
"ENSRNOG00000001391",2
"ENSRNOG00000001285",5383
"ENSRNOG00000067283",0
"ENSRNOG00000063614",0
"ENSRNOG00000055283",0
"ENSRNOG00000053770",0
"ENSRNOG00000063012",0
"ENSRNOG00000027480",12
"ENSRNOG00000051585",1
"ENSRNOG00000056264",0
"ENSRNOG00000063776",0
"ENSRNOG00000027028",490
"ENSRNOG00000062433",0
"ENSRNOG00000064748",0
"ENSRNOG00000037801",7
"ENSRNOG00000067454",0
"ENSRNOG00000067227",0
"ENSRNOG00000001348",690
"ENSRNOG00000067552",0
"ENSRNOG00000070719",0
"ENSRNOG00000065615",0
"ENSRNOG00000039214",211
"ENSRNOG00000065400",0
"ENSRNOG00000064405",0
"ENSRNOG00000064696",0
"ENSRNOG00000001350",532
"ENSRNOG00000063764",0
"ENSRNOG00000063697",0
"ENSRNOG00000069325",0
"ENSRNOG00000067994",0
"ENSRNOG00000067666",0
"ENSRNOG00000001375",146
"ENSRNOG00000071042",0
"ENSRNOG00000066865",0
"ENSRNOG00000067720",0
"ENSRNOG00000039282",0
"ENSRNOG00000064336",0
"ENSRNOG00000062902",0
"ENSRNOG00000067686",0
"ENSRNOG00000063472",0
"ENSRNOG00000067123",0
"ENSRNOG00000065467",0
"ENSRNOG00000069537",0
"ENSRNOG00000063492",0
"ENSRNOG00000063911",0
"ENSRNOG00000068030",0
"ENSRNOG00000063378",0
"ENSRNOG00000069873",0
"ENSRNOG00000065983",0
"ENSRNOG00000062974",0
"ENSRNOG00000064155",0
"ENSRNOG00000001329",19
"ENSRNOG00000065316",0
"ENSRNOG00000068354",0
"ENSRNOG00000067197",0
"ENSRNOG00000066211",0
"ENSRNOG00000065678",0
"ENSRNOG00000062634",0
"ENSRNOG00000066370",0
"ENSRNOG00000001333",6
"ENSRNOG00000068125",0
"ENSRNOG00000069307",0
"ENSRNOG00000068794",0
"ENSRNOG00000068925",0
"ENSRNOG00000064767",0
"ENSRNOG00000069603",0
"ENSRNOG00000067020",0
"ENSRNOG00000070262",0
"ENSRNOG00000066000",0
"ENSRNOG00000066264",0
"ENSRNOG00000064352",0
"ENSRNOG00000069008",0
"ENSRNOG00000001247",1832
"ENSRNOG00000065766",0
"ENSRNOG00000070995",0
"ENSRNOG00000063557",0
"ENSRNOG00000066614",10
"ENSRNOG00000064757",0
"ENSRNOG00000054522",0
"ENSRNOG00000060282",0
"ENSRNOG00000035479",3
"ENSRNOG00000035485",5
"ENSRNOG00000035540",0
"ENSRNOG00000063623",114
"ENSRNOG00000035531",0
"ENSRNOG00000036338",0
"ENSRNOG00000028965",0
"ENSRNOG00000047842",0
"ENSRNOG00000062779",0
"ENSRNOG00000051906",0
"ENSRNOG00000064916",0
"ENSRNOG00000001387",458
"ENSRNOG00000070325",0
"ENSRNOG00000050805",1858
"ENSRNOG00000030124",2693
"ENSRNOG00000050848",0
"ENSRNOG00000001374",2
"ENSRNOG00000001404",763
"ENSRNOG00000064009",1316
"ENSRNOG00000021691",172
"ENSRNOG00000063284",0
"ENSRNOG00000063533",0
"ENSRNOG00000052704",1425
"ENSRNOG00000070677",0
"ENSRNOG00000063820",0
"ENSRNOG00000066432",16
"ENSRNOG00000069357",0
"ENSRNOG00000048487",168
"ENSRNOG00000028198",1556
"ENSRNOG00000048580",735
"ENSRNOG00000001389",93
"ENSRNOG00000001256",2253
"ENSRNOG00000066351",13
"ENSRNOG00000001309",451
"ENSRNOG00000001402",4
"ENSRNOG00000001300",512
"ENSRNOG00000024922",10
"ENSRNOG00000025001",33374
"ENSRNOG00000056889",532
"ENSRNOG00000001396",1307
"ENSRNOG00000001407",1
"ENSRNOG00000001035",173
"ENSRNOG00000001283",611
"ENSRNOG00000001408",0
"ENSRNOG00000001039",979
"ENSRNOG00000045952",2060
"ENSRNOG00000001296",5
"ENSRNOG00000050059",0
"ENSRNOG00000001043",271
"ENSRNOG00000052199",36
"ENSRNOG00000069835",5
"ENSRNOG00000024462",0
"ENSRNOG00000025310",317
"ENSRNOG00000001369",3
"ENSRNOG00000068186",0
"ENSRNOG00000064228",0
"ENSRNOG00000057769",0
"ENSRNOG00000062810",0
"ENSRNOG00000068922",3
"ENSRNOG00000070312",0
"ENSRNOG00000001414",123
"ENSRNOG00000033220",1
"ENSRNOG00000001412",1
"ENSRNOG00000031726",0
"ENSRNOG00000048277",827
"ENSRNOG00000050841",30
"ENSRNOG00000062846",0
"ENSRNOG00000024641",27
"ENSRNOG00000059207",0
"ENSRNOG00000070500",0
"ENSRNOG00000049282",0
"ENSRNOG00000038896",2
"ENSRNOG00000028206",129
"ENSRNOG00000001392",0
"ENSRNOG00000001399",0
"ENSRNOG00000001385",5633
"ENSRNOG00000067638",1
"ENSRNOG00000001388",60
"ENSRNOG00000046497",610
"ENSRNOG00000063866",0
"ENSRNOG00000037815",5395
"ENSRNOG00000001409",4329
"ENSRNOG00000001070",3646
"ENSRNOG00000001073",127
"ENSRNOG00000001410",230
"ENSRNOG00000001074",577
"ENSRNOG00000001425",183
"ENSRNOG00000001251",0
"ENSRNOG00000070432",7
"ENSRNOG00000056407",0
"ENSRNOG00000001435",91
"ENSRNOG00000023686",3127
"ENSRNOG00000024277",0
"ENSRNOG00000071001",372
"ENSRNOG00000048699",45
"ENSRNOG00000001351",802
"ENSRNOG00000071009",7
"ENSRNOG00000063308",110
"ENSRNOG00000018910",340
"ENSRNOG00000025626",2
"ENSRNOG00000022767",0
"ENSRNOG00000020112",3
"ENSRNOG00000028981",0
"ENSRNOG00000001294",563
"ENSRNOG00000032705",451
"ENSRNOG00000066204",2
"ENSRNOG00000037500",106
"ENSRNOG00000037481",46
"ENSRNOG00000000909",400
"ENSRNOG00000055583",4666
"ENSRNOG00000068853",0
"ENSRNOG00000029165",54
"ENSRNOG00000001427",526
"ENSRNOG00000001141",5
"ENSRNOG00000001377",702
"ENSRNOG00000034215",0
"ENSRNOG00000070313",0
"ENSRNOG00000055795",0
"ENSRNOG00000062582",0
"ENSRNOG00000064613",194
"ENSRNOG00000069275",66
"ENSRNOG00000071077",1
"ENSRNOG00000001443",398
"ENSRNOG00000071056",0
"ENSRNOG00000064325",9
"ENSRNOG00000032684",0
"ENSRNOG00000069155",0
"ENSRNOG00000001428",152
"ENSRNOG00000069263",64
"ENSRNOG00000001250",397
"ENSRNOG00000047745",0
"ENSRNOG00000046252",376
"ENSRNOG00000071178",29
"ENSRNOG00000064620",0
"ENSRNOG00000069126",0
"ENSRNOG00000069788",1
"ENSRNOG00000001178",2359
"ENSRNOG00000001429",351
"ENSRNOG00000037720",296
"ENSRNOG00000001071",235
"ENSRNOG00000053768",0
"ENSRNOG00000066404",5
"ENSRNOG00000001103",2
"ENSRNOG00000064538",0
"ENSRNOG00000046171",2
"ENSRNOG00000070934",0
"ENSRNOG00000062589",0
"ENSRNOG00000037483",6008
"ENSRNOG00000069546",0
"ENSRNOG00000063908",0
"ENSRNOG00000062504",0
"ENSRNOG00000001430",792
"ENSRNOG00000032560",0
"ENSRNOG00000066843",0
"ENSRNOG00000068581",0
"ENSRNOG00000065057",0
"ENSRNOG00000070778",0
"ENSRNOG00000064850",0
"ENSRNOG00000065370",0
"ENSRNOG00000065050",0
"ENSRNOG00000068657",0
"ENSRNOG00000062638",0
"ENSRNOG00000069792",68
"ENSRNOG00000001130",0
"ENSRNOG00000063208",0
"ENSRNOG00000028544",0
"ENSRNOG00000064391",0
"ENSRNOG00000068237",0
"ENSRNOG00000050264",2
"ENSRNOG00000067017",0
"ENSRNOG00000001415",957
"ENSRNOG00000001439",9
"ENSRNOG00000065486",0
"ENSRNOG00000029560",14
"ENSRNOG00000069236",10
"ENSRNOG00000065030",0
"ENSRNOG00000064898",0
"ENSRNOG00000062654",0
"ENSRNOG00000059768",177
"ENSRNOG00000001273",448
"ENSRNOG00000069035",0
"ENSRNOG00000066373",0
"ENSRNOG00000001352",3014
"ENSRNOG00000068400",0
"ENSRNOG00000063095",10
"ENSRNOG00000062639",0
"ENSRNOG00000065789",2
"ENSRNOG00000068338",0
"ENSRNOG00000001416",0
"ENSRNOG00000067515",4
"ENSRNOG00000001253",2366
"ENSRNOG00000066427",0
"ENSRNOG00000064554",1
"ENSRNOG00000068924",0
"ENSRNOG00000064929",46
"ENSRNOG00000067049",0
"ENSRNOG00000029211",0
"ENSRNOG00000067727",0
"ENSRNOG00000068453",1
"ENSRNOG00000064343",0
"ENSRNOG00000066903",60
"ENSRNOG00000064863",0
"ENSRNOG00000063555",16
"ENSRNOG00000067099",0
"ENSRNOG00000056955",45
"ENSRNOG00000062894",0
"ENSRNOG00000067367",0
"ENSRNOG00000065496",0
"ENSRNOG00000069083",61
"ENSRNOG00000001417",1586
"ENSRNOG00000066725",2
"ENSRNOG00000064190",0
"ENSRNOG00000001258",74
"ENSRNOG00000067835",68
"ENSRNOG00000054311",0
"ENSRNOG00000071017",0
"ENSRNOG00000069064",0
"ENSRNOG00000066823",1
"ENSRNOG00000064618",0
"ENSRNOG00000064366",13
"ENSRNOG00000062342",0
"ENSRNOG00000070583",0
"ENSRNOG00000063893",0
"ENSRNOG00000047653",8
"ENSRNOG00000067532",0
"ENSRNOG00000065145",0
"ENSRNOG00000064185",0
"ENSRNOG00000001448",1916
"ENSRNOG00000067199",0
"ENSRNOG00000069003",16
"ENSRNOG00000043267",51
"ENSRNOG00000001418",220
"ENSRNOG00000063972",0
"ENSRNOG00000068379",1
"ENSRNOG00000066560",1
"ENSRNOG00000062914",0
"ENSRNOG00000049770",7
"ENSRNOG00000066518",0
"ENSRNOG00000070555",0
"ENSRNOG00000022014",1483
"ENSRNOG00000068031",0
"ENSRNOG00000066779",2
"ENSRNOG00000001260",62
"ENSRNOG00000001419",319
"ENSRNOG00000064906",0
"ENSRNOG00000071134",0
"ENSRNOG00000060790",1
"ENSRNOG00000067880",0
"ENSRNOG00000037509",133
"ENSRNOG00000063447",0
"ENSRNOG00000064125",6
"ENSRNOG00000001275",4
"ENSRNOG00000063862",0
"ENSRNOG00000062865",6
"ENSRNOG00000065096",409
"ENSRNOG00000069825",0
"ENSRNOG00000001420",1278
"ENSRNOG00000071110",25
"ENSRNOG00000069881",15
"ENSRNOG00000069057",0
"ENSRNOG00000001449",2159
"ENSRNOG00000069863",0
"ENSRNOG00000064577",0
"ENSRNOG00000001151",92
"ENSRNOG00000064576",0
"ENSRNOG00000001265",125
"ENSRNOG00000065712",0
"ENSRNOG00000066705",0
"ENSRNOG00000064624",0
"ENSRNOG00000001450",261
"ENSRNOG00000066022",0
"ENSRNOG00000001171",287
"ENSRNOG00000066249",0
"ENSRNOG00000064272",0
"ENSRNOG00000031346",354
"ENSRNOG00000056017",85
"ENSRNOG00000070992",0
"ENSRNOG00000063921",0
"ENSRNOG00000063728",0
"ENSRNOG00000023546",1854
"ENSRNOG00000054608",0
"ENSRNOG00000001342",80
"ENSRNOG00000066626",0
"ENSRNOG00000056379",0
"ENSRNOG00000022533",339
"ENSRNOG00000064841",5
"ENSRNOG00000001444",0
"ENSRNOG00000054746",3
"ENSRNOG00000069531",0
"ENSRNOG00000066921",0
"ENSRNOG00000037456",4
"ENSRNOG00000065089",0
"ENSRNOG00000051807",0
"ENSRNOG00000056456",0
"ENSRNOG00000031162",0
"ENSRNOG00000001397",235
"ENSRNOG00000066400",0
"ENSRNOG00000068850",1
"ENSRNOG00000068822",0
"ENSRNOG00000065749",0
"ENSRNOG00000066996",268
"ENSRNOG00000001469",85623
"ENSRNOG00000062773",0
"ENSRNOG00000065248",22
"ENSRNOG00000040652",0
"ENSRNOG00000070543",46
"ENSRNOG00000066839",0
"ENSRNOG00000065898",12
"ENSRNOG00000032917",678
"ENSRNOG00000001436",11809
"ENSRNOG00000065479",0
"ENSRNOG00000069469",7
"ENSRNOG00000056978",8
"ENSRNOG00000035103",0
"ENSRNOG00000069015",2
"ENSRNOG00000069182",3
"ENSRNOG00000071022",1
"ENSRNOG00000069011",0
"ENSRNOG00000056104",0
"ENSRNOG00000067247",56
"ENSRNOG00000056072",0
"ENSRNOG00000000921",1470
"ENSRNOG00000066251",4
"ENSRNOG00000001006",0
"ENSRNOG00000001123",307
"ENSRNOG00000060796",0
"ENSRNOG00000001432",348
"ENSRNOG00000001252",553
"ENSRNOG00000053637",2
"ENSRNOG00000067035",0
"ENSRNOG00000066145",0
"ENSRNOG00000069152",44
"ENSRNOG00000070742",7
"ENSRNOG00000053421",0
"ENSRNOG00000000968",400
"ENSRNOG00000064604",3
"ENSRNOG00000008706",38
"ENSRNOG00000001284",0
"ENSRNOG00000056133",0
"ENSRNOG00000068394",24
"ENSRNOG00000001120",3419
"ENSRNOG00000067802",11
"ENSRNOG00000058033",0
"ENSRNOG00000069694",32
"ENSRNOG00000059804",2
"ENSRNOG00000001457",231
"ENSRNOG00000060427",0
"ENSRNOG00000001434",2
"ENSRNOG00000065556",7
"ENSRNOG00000063770",0
"ENSRNOG00000064713",0
"ENSRNOG00000065794",25
"ENSRNOG00000001139",1227
"ENSRNOG00000057377",2
"ENSRNOG00000063046",0
"ENSRNOG00000064303",0
"ENSRNOG00000055445",0
"ENSRNOG00000047880",957
"ENSRNOG00000001277",0
"ENSRNOG00000053902",8
"ENSRNOG00000070246",273
"ENSRNOG00000035114",1
"ENSRNOG00000062742",3
"ENSRNOG00000067225",9
"ENSRNOG00000061095",0
"ENSRNOG00000001454",1253
"ENSRNOG00000062963",0
"ENSRNOG00000051549",0
"ENSRNOG00000055865",0
"ENSRNOG00000062376",409
"ENSRNOG00000061002",0
"ENSRNOG00000059344",2130
"ENSRNOG00000058537",0
"ENSRNOG00000037480",149
"ENSRNOG00000054687",0
"ENSRNOG00000067181",1
"ENSRNOG00000051870",0
"ENSRNOG00000068745",0
"ENSRNOG00000052482",1
"ENSRNOG00000069461",9
"ENSRNOG00000062719",0
"ENSRNOG00000068603",85
"ENSRNOG00000001453",2812
"ENSRNOG00000051006",107
"ENSRNOG00000065041",0
"ENSRNOG00000064330",2
"ENSRNOG00000037478",328
"ENSRNOG00000064839",0
"ENSRNOG00000065696",54
"ENSRNOG00000001312",714
"ENSRNOG00000071198",1
"ENSRNOG00000059673",264
"ENSRNOG00000000999",818
"ENSRNOG00000001440",7123
"ENSRNOG00000067286",352
"ENSRNOG00000051294",0
"ENSRNOG00000001383",382
"ENSRNOG00000030354",0
"ENSRNOG00000062811",0
"ENSRNOG00000001422",0
"ENSRNOG00000028259",1
"ENSRNOG00000028733",2
"ENSRNOG00000021611",583
"ENSRNOG00000039819",437
"ENSRNOG00000001003",732
"ENSRNOG00000001424",4915
"ENSRNOG00000000973",0
"ENSRNOG00000050672",0
"ENSRNOG00000021312",426
"ENSRNOG00000022698",294
"ENSRNOG00000000969",0
"ENSRNOG00000054013",0
"ENSRNOG00000001470",303
"ENSRNOG00000054033",7
"ENSRNOG00000001136",5173
"ENSRNOG00000040128",0
"ENSRNOG00000023366",86
"ENSRNOG00000022483",1
"ENSRNOG00000000978",0
"ENSRNOG00000001293",528
"ENSRNOG00000001138",464
"ENSRNOG00000028803",0
"ENSRNOG00000001451",0
"ENSRNOG00000001441",1037
"ENSRNOG00000001017",0
"ENSRNOG00000001289",228
"ENSRNOG00000031721",1133
"ENSRNOG00000028630",0
"ENSRNOG00000001287",2
"ENSRNOG00000022426",1
"ENSRNOG00000033700",375
"ENSRNOG00000001442",535
"ENSRNOG00000001288",275
"ENSRNOG00000029881",0
"ENSRNOG00000030813",3
"ENSRNOG00000001124",235
"ENSRNOG00000001474",19
"ENSRNOG00000028651",86
"ENSRNOG00000001129",945
"ENSRNOG00000063916",2
"ENSRNOG00000066613",0
"ENSRNOG00000032693",0
"ENSRNOG00000001126",704
"ENSRNOG00000001198",19
"ENSRNOG00000001431",59
"ENSRNOG00000051770",0
"ENSRNOG00000028814",138
"ENSRNOG00000000957",586
"ENSRNOG00000049220",0
"ENSRNOG00000001128",19
"ENSRNOG00000001148",126345
"ENSRNOG00000039296",0
"ENSRNOG00000000952",0
"ENSRNOG00000050052",523
"ENSRNOG00000028090",828
"ENSRNOG00000001153",4
"ENSRNOG00000001317",1065
"ENSRNOG00000001058",380
"ENSRNOG00000053974",0
"ENSRNOG00000022392",1526
"ENSRNOG00000001314",574
"ENSRNOG00000001149",4538
"ENSRNOG00000028100",33
"ENSRNOG00000054170",0
"ENSRNOG00000025155",1233
"ENSRNOG00000028323",250
"ENSRNOG00000001069",619
"ENSRNOG00000001479",8330
"ENSRNOG00000054096",140
"ENSRNOG00000066133",0
"ENSRNOG00000001324",6
"ENSRNOG00000028592",1739
"ENSRNOG00000000986",1
"ENSRNOG00000030927",1
"ENSRNOG00000001299",2207
"ENSRNOG00000021871",2676
"ENSRNOG00000028414",0
"ENSRNOG00000028211",105
"ENSRNOG00000028531",0
"ENSRNOG00000028166",116
"ENSRNOG00000001480",2
"ENSRNOG00000001001",0
"ENSRNOG00000001325",174
"ENSRNOG00000028892",613
"ENSRNOG00000027175",1
"ENSRNOG00000028460",193
"ENSRNOG00000071078",20
"ENSRNOG00000001482",349
"ENSRNOG00000068266",0
"ENSRNOG00000067426",12
"ENSRNOG00000001031",0
"ENSRNOG00000001483",198
"ENSRNOG00000029986",936
"ENSRNOG00000001323",331
"ENSRNOG00000038495",0
"ENSRNOG00000063766",0
"ENSRNOG00000000917",79
"ENSRNOG00000001032",1088
"ENSRNOG00000066802",0
"ENSRNOG00000042807",0
"ENSRNOG00000023536",25
"ENSRNOG00000008372",1289
"ENSRNOG00000069254",0
"ENSRNOG00000000954",3017
"ENSRNOG00000001379",6
"ENSRNOG00000000974",1295
"ENSRNOG00000001143",238
"ENSRNOG00000025212",1425
"ENSRNOG00000000885",258
"ENSRNOG00000062027",0
"ENSRNOG00000063231",0
"ENSRNOG00000000897",75
"ENSRNOG00000024605",292
"ENSRNOG00000069278",0
"ENSRNOG00000048898",1
"ENSRNOG00000065731",0
"ENSRNOG00000030579",17
"ENSRNOG00000025217",150
"ENSRNOG00000046643",3
"ENSRNOG00000000886",0
"ENSRNOG00000051699",1065
"ENSRNOG00000001083",7387
"ENSRNOG00000024567",877
"ENSRNOG00000000955",817
"ENSRNOG00000001088",278
"ENSRNOG00000001007",970
"ENSRNOG00000001478",1078
"ENSRNOG00000001346",1220
"ENSRNOG00000001111",353
"ENSRNOG00000001009",4644
"ENSRNOG00000001156",3
"ENSRNOG00000001040",392
"ENSRNOG00000001349",417
"ENSRNOG00000021364",0
"ENSRNOG00000001170",11245
"ENSRNOG00000001044",1197
"ENSRNOG00000001034",503
"ENSRNOG00000001160",123
"ENSRNOG00000045621",241
"ENSRNOG00000001050",1124
"ENSRNOG00000001163",434
"ENSRNOG00000063039",37
"ENSRNOG00000070660",2
"ENSRNOG00000060153",130
"ENSRNOG00000001048",16
"ENSRNOG00000001192",954
"ENSRNOG00000001353",342
"ENSRNOG00000059322",51
"ENSRNOG00000001183",2
"ENSRNOG00000001068",9296
"ENSRNOG00000001355",523
"ENSRNOG00000000895",516
"ENSRNOG00000001079",426
"ENSRNOG00000001185",609
"ENSRNOG00000001367",49
"ENSRNOG00000042384",400
"ENSRNOG00000001187",12
"ENSRNOG00000039832",1
"ENSRNOG00000049331",0
"ENSRNOG00000001108",930
"ENSRNOG00000067900",0
"ENSRNOG00000001099",186
"ENSRNOG00000065713",520
"ENSRNOG00000001094",116
"ENSRNOG00000001335",1702
"ENSRNOG00000000918",163
"ENSRNOG00000049604",485
"ENSRNOG00000006958",382
"ENSRNOG00000024435",515
"ENSRNOG00000039234",585
"ENSRNOG00000001072",497
"ENSRNOG00000024527",2
"ENSRNOG00000001360",2
"ENSRNOG00000051442",213
"ENSRNOG00000023643",8
"ENSRNOG00000058563",0
"ENSRNOG00000066069",0
"ENSRNOG00000063927",294
"ENSRNOG00000049426",344
"ENSRNOG00000000931",846
"ENSRNOG00000001059",902
"ENSRNOG00000069743",0
"ENSRNOG00000000994",395
"ENSRNOG00000001134",310
"ENSRNOG00000065220",0
"ENSRNOG00000068770",0
"ENSRNOG00000001065",843
"ENSRNOG00000048881",0
"ENSRNOG00000021856",1
"ENSRNOG00000001056",1413
"ENSRNOG00000052516",0
"ENSRNOG00000034254",78130
"ENSRNOG00000001135",2391
"ENSRNOG00000024352",238
"ENSRNOG00000070024",0
"ENSRNOG00000001027",0
"ENSRNOG00000001117",135
"ENSRNOG00000071084",0
"ENSRNOG00000000888",354
"ENSRNOG00000000700",1404
"ENSRNOG00000001113",0
"ENSRNOG00000000893",2039
"ENSRNOG00000000692",293
"ENSRNOG00000001047",862
"ENSRNOG00000000956",257
"ENSRNOG00000028584",61
"ENSRNOG00000000901",471
"ENSRNOG00000024482",4447
"ENSRNOG00000000904",11
"ENSRNOG00000001190",2317
"ENSRNOG00000046700",272
"ENSRNOG00000001010",167
"ENSRNOG00000001104",5337
"ENSRNOG00000000903",430
"ENSRNOG00000025164",3
"ENSRNOG00000050573",0
"ENSRNOG00000001115",75
"ENSRNOG00000068541",472
"ENSRNOG00000001101",2343
"ENSRNOG00000070545",107
"ENSRNOG00000065430",458
"ENSRNOG00000042213",331
"ENSRNOG00000069757",0
"ENSRNOG00000042296",0
"ENSRNOG00000000913",1569
"ENSRNOG00000000695",2768
"ENSRNOG00000000988",670
"ENSRNOG00000060129",1603
"ENSRNOG00000000701",1503
"ENSRNOG00000000702",509
"ENSRNOG00000000905",6
"ENSRNOG00000059552",408
"ENSRNOG00000000983",395
"ENSRNOG00000000697",1447
"ENSRNOG00000050169",72
"ENSRNOG00000027049",466
"ENSRNOG00000022893",5
"ENSRNOG00000000985",119
"ENSRNOG00000028556",425
"ENSRNOG00000000993",0
"ENSRNOG00000000987",156
"ENSRNOG00000000989",1318
"ENSRNOG00000000891",349
"ENSRNOG00000000693",24
"ENSRNOG00000000906",1899
"ENSRNOG00000000990",635
"ENSRNOG00000054962",3
"ENSRNOG00000000991",9010
"ENSRNOG00000000934",0
"ENSRNOG00000008447",0
"ENSRNOG00000001195",12
"ENSRNOG00000000996",1731
"ENSRNOG00000000699",20
"ENSRNOG00000000936",1829
"ENSRNOG00000000894",1477
"ENSRNOG00000011222",1842
"ENSRNOG00000068496",0
"ENSRNOG00000000704",1076
"ENSRNOG00000000920",41
"ENSRNOG00000025244",4432
"ENSRNOG00000000937",120
"ENSRNOG00000000922",385
"ENSRNOG00000068363",0
"ENSRNOG00000047219",2486
"ENSRNOG00000000961",0
"ENSRNOG00000047896",960
"ENSRNOG00000000962",243
"ENSRNOG00000000975",6
"ENSRNOG00000059799",512
"ENSRNOG00000000900",1403
"ENSRNOG00000038406",0
"ENSRNOG00000024456",77
"ENSRNOG00000047191",31
"ENSRNOG00000066445",559
"ENSRNOG00000000977",460
"ENSRNOG00000000963",0
"ENSRNOG00000000938",6814
"ENSRNOG00000058142",0
"ENSRNOG00000001236",554
"ENSRNOG00000000664",407
"ENSRNOG00000000923",1194
"ENSRNOG00000046458",0
"ENSRNOG00000069441",13
"ENSRNOG00000047618",219
"ENSRNOG00000001191",142
"ENSRNOG00000025235",0
"ENSRNOG00000000925",581
"ENSRNOG00000047673",0
"ENSRNOG00000001172",9144
"ENSRNOG00000023919",1116
"ENSRNOG00000001241",600
"ENSRNOG00000001199",163
"ENSRNOG00000066020",10
"ENSRNOG00000000926",0
"ENSRNOG00000001235",2024
"ENSRNOG00000001173",77
"ENSRNOG00000001036",7
"ENSRNOG00000001098",2082
"ENSRNOG00000056768",396
"ENSRNOG00000064318",1734
"ENSRNOG00000064601",2204
"ENSRNOG00000021725",935
"ENSRNOG00000001114",517
"ENSRNOG00000001061",360
"ENSRNOG00000056585",248
"ENSRNOG00000025612",9
"ENSRNOG00000024264",23
"ENSRNOG00000000967",526
"ENSRNOG00000063487",0
"ENSRNOG00000068025",2123
"ENSRNOG00000061371",9
"ENSRNOG00000001177",482
"ENSRNOG00000039249",11918
"ENSRNOG00000022171",821
"ENSRNOG00000063102",0
"ENSRNOG00000046007",0
"ENSRNOG00000001452",2
"ENSRNOG00000001476",1
"ENSRNOG00000053045",15
"ENSRNOG00000022784",0
"ENSRNOG00000057823",53745
"ENSRNOG00000001142",989
"ENSRNOG00000008521",956
"ENSRNOG00000060198",0
"ENSRNOG00000000964",112
"ENSRNOG00000051192",0
"ENSRNOG00000026661",3
"ENSRNOG00000063640",409
"ENSRNOG00000037978",2
"ENSRNOG00000026653",1
"ENSRNOG00000001347",53
"ENSRNOG00000029341",8
"ENSRNOG00000000665",3284
"ENSRNOG00000030948",0
"ENSRNOG00000029260",153
"ENSRNOG00000001005",0
"ENSRNOG00000066080",1
"ENSRNOG00000069648",78
"ENSRNOG00000001204",3006
"ENSRNOG00000001080",519
"ENSRNOG00000001081",102
"ENSRNOG00000048430",0
"ENSRNOG00000061346",1957
"ENSRNOG00000000708",2
"ENSRNOG00000001004",13575
"ENSRNOG00000054764",0
"ENSRNOG00000070811",440
"ENSRNOG00000050016",647
"ENSRNOG00000000691",0
"ENSRNOG00000059456",0
"ENSRNOG00000000940",302
"ENSRNOG00000052424",1152
"ENSRNOG00000001090",786
"ENSRNOG00000069956",120
"ENSRNOG00000033658",530
"ENSRNOG00000000907",2
"ENSRNOG00000042317",0
"ENSRNOG00000029197",44
"ENSRNOG00000029813",537
"ENSRNOG00000071128",41
"ENSRNOG00000000658",48
"ENSRNOG00000069961",25
"ENSRNOG00000008470",2
"ENSRNOG00000000902",1017
"ENSRNOG00000050360",0
"ENSRNOG00000000889",15
"ENSRNOG00000026192",0
"ENSRNOG00000000942",1488
"ENSRNOG00000000924",1430
"ENSRNOG00000062935",0
"ENSRNOG00000032759",0
"ENSRNOG00000000661",225
"ENSRNOG00000001243",1247
"ENSRNOG00000000662",151
"ENSRNOG00000033411",213
"ENSRNOG00000000663",323
"ENSRNOG00000050023",0
"ENSRNOG00000038002",231
"ENSRNOG00000037505",1885
"ENSRNOG00000037508",778
"ENSRNOG00000065641",0
"ENSRNOG00000001064",1307
"ENSRNOG00000037446",28
"ENSRNOG00000068194",0
"ENSRNOG00000049229",440
"ENSRNOG00000049866",3
"ENSRNOG00000061004",0
"ENSRNOG00000001092",0
"ENSRNOG00000037476",0
"ENSRNOG00000030410",0
"ENSRNOG00000001082",1
"ENSRNOG00000032410",834
"ENSRNOG00000030721",901
"ENSRNOG00000001086",399
"ENSRNOG00000037466",0
"ENSRNOG00000001091",142
"ENSRNOG00000001106",236
"ENSRNOG00000001255",1789
"ENSRNOG00000001053",5771
"ENSRNOG00000032590",2141
"ENSRNOG00000027489",260
"ENSRNOG00000037443",610
"ENSRNOG00000060144",1662
"ENSRNOG00000037437",15
"ENSRNOG00000037430",550
"ENSRNOG00000037428",69
"ENSRNOG00000062521",72
"ENSRNOG00000037449",335
"ENSRNOG00000062169",53
"ENSRNOG00000069052",35
"ENSRNOG00000057231",412
"ENSRNOG00000063560",10
"ENSRNOG00000070228",0
"ENSRNOG00000069552",0
"ENSRNOG00000063279",1
"ENSRNOG00000060496",792
"ENSRNOG00000060963",0
"ENSRNOG00000067676",0
"ENSRNOG00000062567",2
"ENSRNOG00000060048",479
"ENSRNOG00000060617",244
"ENSRNOG00000065605",0
"ENSRNOG00000058664",0
"ENSRNOG00000066858",0
"ENSRNOG00000069947",4
"ENSRNOG00000068692",0
"ENSRNOG00000066009",0
"ENSRNOG00000062115",24
"ENSRNOG00000069112",0
"ENSRNOG00000054002",0
"ENSRNOG00000067420",0
"ENSRNOG00000069298",7
"ENSRNOG00000066131",3
"ENSRNOG00000068239",1
"ENSRNOG00000052235",0
"ENSRNOG00000055282",0
"ENSRNOG00000063906",0
"ENSRNOG00000066266",0
"ENSRNOG00000031780",0
"ENSRNOG00000030478",25937
"ENSRNOG00000029171",0
"ENSRNOG00000043866",32235
"ENSRNOG00000032112",46
"ENSRNOG00000030644",60600
"ENSRNOG00000029301",0
"ENSRNOG00000033545",2
"ENSRNOG00000032274",14
"ENSRNOG00000031033",54867
"ENSRNOG00000029677",3
"ENSRNOG00000033932",2
"ENSRNOG00000032609",0
"ENSRNOG00000031333",72
"ENSRNOG00000029954",3
"ENSRNOG00000034234",919936
"ENSRNOG00000032882",67
"ENSRNOG00000031685",10
"ENSRNOG00000030371",63941
"ENSRNOG00000029070",14
"ENSRNOG00000033299",7598
"ENSRNOG00000031979",100847
"ENSRNOG00000030700",182058
"ENSRNOG00000029389",0
"ENSRNOG00000033615",1956
"ENSRNOG00000032320",2
"ENSRNOG00000031053",14252
"ENSRNOG00000029707",139523
"ENSRNOG00000033957",14
"ENSRNOG00000032578",0
"ENSRNOG00000031667",0
"ENSRNOG00000029971",53630
"ENSRNOG00000029042",6381
"ENSRNOG00000032997",17
"ENSRNOG00000031766",100990
"ENSRNOG00000030339",0
"ENSRNOG00000029145",143
"ENSRNOG00000069293",6
"ENSRNOG00000068786",0
"ENSRNOG00000063531",0
"ENSRNOG00000069890",3
"ENSRNOG00000062861",0
"ENSRNOG00000068930",0
"ENSRNOG00000070731",11
"ENSRNOG00000069942",0
"ENSRNOG00000054648",1
"ENSRNOG00000055562",557
"ENSRNOG00000064266",3
"ENSRNOG00000065685",28
"ENSRNOG00000060437",812
"ENSRNOG00000053042",0
"ENSRNOG00000064645",0
"ENSRNOG00000070071",0
"ENSRNOG00000064532",0
"ENSRNOG00000069646",0
"ENSRNOG00000062265",0
"ENSRNOG00000069391",25
"ENSRNOG00000070284",0
"ENSRNOG00000068039",3
"ENSRNOG00000062333",0
"ENSRNOG00000051956",0
"ENSRNOG00000067717",9
"ENSRNOG00000068405",0
"ENSRNOG00000065674",106685
"ENSRNOG00000063914",10
"ENSRNOG00000065904",0
"ENSRNOG00000066723",0
"ENSRNOG00000063315",0
"ENSRNOG00000065142",3
"ENSRNOG00000064260",0
"ENSRNOG00000046163",0
"ENSRNOG00000065987",126
"ENSRNOG00000068414",0
"ENSRNOG00000069780",0
"ENSRNOG00000065820",0
"ENSRNOG00000062494",0
"ENSRNOG00000068759",0
"ENSRNOG00000070707",0
"ENSRNOG00000063068",177
"ENSRNOG00000070158",327
"ENSRNOG00000068193",0
"ENSRNOG00000067957",0
"ENSRNOG00000065734",0
"ENSRNOG00000070738",0
"ENSRNOG00000070819",0
"ENSRNOG00000065867",6
"ENSRNOG00000063733",32
"ENSRNOG00000047746",410
"ENSRNOG00000065988",7624
"ENSRNOG00000068307",291836
"ENSRNOG00000070263",23
"ENSRNOG00000045737",0
"ENSRNOG00000065538",0
"ENSRNOG00000064571",0
"ENSRNOG00000070352",0
"ENSRNOG00000070549",0
"ENSRNOG00000064854",0
"ENSRNOG00000062720",0
"ENSRNOG00000064441",0
"ENSRNOG00000066531",0
"ENSRNOG00000067631",0
"ENSRNOG00000067878",0
"ENSRNOG00000070160",0
"ENSRNOG00000062463",0
"ENSRNOG00000069099",0
"ENSRNOG00000066740",0
"ENSRNOG00000066707",0
"ENSRNOG00000070130",0
"ENSRNOG00000069175",0
"ENSRNOG00000062970",0
"ENSRNOG00000070645",0
"ENSRNOG00000065804",0
"ENSRNOG00000068152",0
"ENSRNOG00000069019",0
"ENSRNOG00000065926",0
"ENSRNOG00000066592",0
"ENSRNOG00000065193",0
"ENSRNOG00000069132",0
"ENSRNOG00000070299",0
"ENSRNOG00000068736",0
"ENSRNOG00000065175",0
"ENSRNOG00000062672",0
"ENSRNOG00000062596",0
"ENSRNOG00000066684",0
"ENSRNOG00000067500",0
"ENSRNOG00000067927",0
"ENSRNOG00000062558",1570
"ENSRNOG00000069483",4
"ENSRNOG00000062942",5
"ENSRNOG00000070031",1
"ENSRNOG00000069827",1
"ENSRNOG00000069226",1
"ENSRNOG00000068289",0
"ENSRNOG00000062439",4
"ENSRNOG00000066356",0
"ENSRNOG00000068919",3
"ENSRNOG00000068656",0
"ENSRNOG00000064259",0
"ENSRNOG00000065062",1
"ENSRNOG00000062442",11
"ENSRNOG00000070895",3
"ENSRNOG00000066963",0
"ENSRNOG00000065223",0
"ENSRNOG00000069230",0
"ENSRNOG00000071103",8
