"","LHNS3_aligned.bam"
"ENSRNOG00000066169",1
"ENSRNOG00000070168",0
"ENSRNOG00000070901",539
"ENSRNOG00000018029",0
"ENSRNOG00000031391",0
"ENSRNOG00000055342",0
"ENSRNOG00000068698",156
"ENSRNOG00000067904",0
"ENSRNOG00000063979",0
"ENSRNOG00000064851",0
"ENSRNOG00000063562",0
"ENSRNOG00000050129",0
"ENSRNOG00000056886",0
"ENSRNOG00000032625",85
"ENSRNOG00000029315",52
"ENSRNOG00000016356",1278
"ENSRNOG00000028288",0
"ENSRNOG00000015810",51
"ENSRNOG00000017538",21
"ENSRNOG00000027204",1643
"ENSRNOG00000058651",1
"ENSRNOG00000070886",588
"ENSRNOG00000056005",0
"ENSRNOG00000035453",0
"ENSRNOG00000063396",0
"ENSRNOG00000068709",1
"ENSRNOG00000069410",0
"ENSRNOG00000014903",169
"ENSRNOG00000055477",0
"ENSRNOG00000066157",0
"ENSRNOG00000059537",0
"ENSRNOG00000064304",0
"ENSRNOG00000035530",0
"ENSRNOG00000021051",612
"ENSRNOG00000069804",0
"ENSRNOG00000055569",0
"ENSRNOG00000011160",3
"ENSRNOG00000063599",0
"ENSRNOG00000017748",0
"ENSRNOG00000067237",0
"ENSRNOG00000065307",0
"ENSRNOG00000016227",1357
"ENSRNOG00000070826",0
"ENSRNOG00000013395",19
"ENSRNOG00000016906",154
"ENSRNOG00000066860",1
"ENSRNOG00000069365",4
"ENSRNOG00000062499",0
"ENSRNOG00000067821",0
"ENSRNOG00000070448",0
"ENSRNOG00000063062",36
"ENSRNOG00000036303",0
"ENSRNOG00000067171",16
"ENSRNOG00000065290",0
"ENSRNOG00000055366",0
"ENSRNOG00000052293",0
"ENSRNOG00000027582",0
"ENSRNOG00000070096",0
"ENSRNOG00000064522",0
"ENSRNOG00000035532",0
"ENSRNOG00000009830",33
"ENSRNOG00000066257",0
"ENSRNOG00000012742",36
"ENSRNOG00000063184",0
"ENSRNOG00000069837",0
"ENSRNOG00000069135",3
"ENSRNOG00000064137",9
"ENSRNOG00000071210",0
"ENSRNOG00000067491",0
"ENSRNOG00000064435",0
"ENSRNOG00000065990",0
"ENSRNOG00000065939",0
"ENSRNOG00000013767",40
"ENSRNOG00000063387",0
"ENSRNOG00000052521",0
"ENSRNOG00000067619",9
"ENSRNOG00000062791",0
"ENSRNOG00000032699",13
"ENSRNOG00000035616",0
"ENSRNOG00000069698",0
"ENSRNOG00000063324",0
"ENSRNOG00000058041",0
"ENSRNOG00000063227",0
"ENSRNOG00000018408",327
"ENSRNOG00000064960",0
"ENSRNOG00000030782",0
"ENSRNOG00000016421",0
"ENSRNOG00000058299",0
"ENSRNOG00000018334",236
"ENSRNOG00000070685",0
"ENSRNOG00000060004",0
"ENSRNOG00000069399",0
"ENSRNOG00000067907",101
"ENSRNOG00000014726",4
"ENSRNOG00000063196",0
"ENSRNOG00000060273",0
"ENSRNOG00000070216",0
"ENSRNOG00000051969",0
"ENSRNOG00000023407",686
"ENSRNOG00000035654",0
"ENSRNOG00000061890",0
"ENSRNOG00000010529",154
"ENSRNOG00000012684",211
"ENSRNOG00000069040",0
"ENSRNOG00000014258",657
"ENSRNOG00000010918",93
"ENSRNOG00000066483",0
"ENSRNOG00000051780",16
"ENSRNOG00000067027",2177
"ENSRNOG00000035560",0
"ENSRNOG00000019416",200
"ENSRNOG00000017366",0
"ENSRNOG00000053012",0
"ENSRNOG00000059864",0
"ENSRNOG00000053838",0
"ENSRNOG00000068567",0
"ENSRNOG00000063945",0
"ENSRNOG00000066101",1
"ENSRNOG00000057261",0
"ENSRNOG00000070161",0
"ENSRNOG00000065242",0
"ENSRNOG00000063217",0
"ENSRNOG00000036631",0
"ENSRNOG00000066494",1
"ENSRNOG00000016659",1
"ENSRNOG00000059820",0
"ENSRNOG00000049846",0
"ENSRNOG00000014946",410
"ENSRNOG00000070965",0
"ENSRNOG00000065570",0
"ENSRNOG00000069390",0
"ENSRNOG00000020318",123
"ENSRNOG00000047406",0
"ENSRNOG00000070104",21
"ENSRNOG00000050445",1144
"ENSRNOG00000069614",0
"ENSRNOG00000069896",0
"ENSRNOG00000035565",0
"ENSRNOG00000031110",0
"ENSRNOG00000058224",0
"ENSRNOG00000067930",0
"ENSRNOG00000016597",32
"ENSRNOG00000064367",0
"ENSRNOG00000064092",0
"ENSRNOG00000067132",0
"ENSRNOG00000068454",0
"ENSRNOG00000018953",0
"ENSRNOG00000069628",2
"ENSRNOG00000062564",53
"ENSRNOG00000065292",0
"ENSRNOG00000018940",2
"ENSRNOG00000068976",10
"ENSRNOG00000013945",124
"ENSRNOG00000068368",0
"ENSRNOG00000070203",0
"ENSRNOG00000065397",2
"ENSRNOG00000040447",0
"ENSRNOG00000033706",0
"ENSRNOG00000031947",3115
"ENSRNOG00000016565",258
"ENSRNOG00000066104",0
"ENSRNOG00000066508",0
"ENSRNOG00000061455",0
"ENSRNOG00000019138",347
"ENSRNOG00000015424",0
"ENSRNOG00000013198",0
"ENSRNOG00000056351",0
"ENSRNOG00000065052",0
"ENSRNOG00000035572",0
"ENSRNOG00000069359",0
"ENSRNOG00000069866",0
"ENSRNOG00000068014",2
"ENSRNOG00000065728",0
"ENSRNOG00000065649",53
"ENSRNOG00000066961",3
"ENSRNOG00000068275",0
"ENSRNOG00000053559",0
"ENSRNOG00000035553",0
"ENSRNOG00000056667",0
"ENSRNOG00000064785",0
"ENSRNOG00000050663",0
"ENSRNOG00000064423",0
"ENSRNOG00000063455",0
"ENSRNOG00000016574",411
"ENSRNOG00000055971",1
"ENSRNOG00000068157",0
"ENSRNOG00000032137",0
"ENSRNOG00000050364",0
"ENSRNOG00000060473",0
"ENSRNOG00000068108",0
"ENSRNOG00000055608",6
"ENSRNOG00000064687",0
"ENSRNOG00000048436",0
"ENSRNOG00000013641",32
"ENSRNOG00000020347",2106
"ENSRNOG00000065259",10
"ENSRNOG00000035588",0
"ENSRNOG00000053464",0
"ENSRNOG00000016837",1
"ENSRNOG00000069139",0
"ENSRNOG00000068222",0
"ENSRNOG00000025953",0
"ENSRNOG00000066571",0
"ENSRNOG00000068350",0
"ENSRNOG00000061525",0
"ENSRNOG00000046704",0
"ENSRNOG00000034083",0
"ENSRNOG00000057516",0
"ENSRNOG00000053512",0
"ENSRNOG00000016608",252
"ENSRNOG00000027112",0
"ENSRNOG00000069192",0
"ENSRNOG00000012730",546
"ENSRNOG00000068539",1
"ENSRNOG00000052937",0
"ENSRNOG00000018117",429
"ENSRNOG00000049017",0
"ENSRNOG00000051561",0
"ENSRNOG00000067136",0
"ENSRNOG00000063952",0
"ENSRNOG00000068720",2
"ENSRNOG00000016362",2
"ENSRNOG00000056231",0
"ENSRNOG00000063054",0
"ENSRNOG00000013671",0
"ENSRNOG00000017307",3458
"ENSRNOG00000065133",0
"ENSRNOG00000066105",0
"ENSRNOG00000064098",0
"ENSRNOG00000035580",0
"ENSRNOG00000056252",0
"ENSRNOG00000067915",0
"ENSRNOG00000015649",0
"ENSRNOG00000054785",0
"ENSRNOG00000020942",33
"ENSRNOG00000069629",0
"ENSRNOG00000065481",0
"ENSRNOG00000032600",0
"ENSRNOG00000067951",0
"ENSRNOG00000067817",0
"ENSRNOG00000017749",0
"ENSRNOG00000061288",0
"ENSRNOG00000017079",211
"ENSRNOG00000017795",208
"ENSRNOG00000061338",0
"ENSRNOG00000065787",0
"ENSRNOG00000068787",0
"ENSRNOG00000015657",0
"ENSRNOG00000064243",0
"ENSRNOG00000052607",1
"ENSRNOG00000052788",0
"ENSRNOG00000063641",0
"ENSRNOG00000046320",0
"ENSRNOG00000042133",0
"ENSRNOG00000031648",0
"ENSRNOG00000064592",0
"ENSRNOG00000069350",0
"ENSRNOG00000054005",0
"ENSRNOG00000069982",0
"ENSRNOG00000052319",54
"ENSRNOG00000035639",0
"ENSRNOG00000027542",1
"ENSRNOG00000067371",0
"ENSRNOG00000065457",9
"ENSRNOG00000009748",0
"ENSRNOG00000037333",0
"ENSRNOG00000063106",0
"ENSRNOG00000061755",0
"ENSRNOG00000064493",0
"ENSRNOG00000021478",51
"ENSRNOG00000017330",6
"ENSRNOG00000062409",0
"ENSRNOG00000065302",0
"ENSRNOG00000018090",772
"ENSRNOG00000069157",23
"ENSRNOG00000068228",0
"ENSRNOG00000069767",0
"ENSRNOG00000070519",71
"ENSRNOG00000067269",0
"ENSRNOG00000057952",15
"ENSRNOG00000059329",0
"ENSRNOG00000015230",195
"ENSRNOG00000017069",244
"ENSRNOG00000021013",409
"ENSRNOG00000066830",0
"ENSRNOG00000033009",0
"ENSRNOG00000065333",0
"ENSRNOG00000067419",0
"ENSRNOG00000061678",1
"ENSRNOG00000059948",0
"ENSRNOG00000018677",1314
"ENSRNOG00000057111",0
"ENSRNOG00000069344",0
"ENSRNOG00000070554",24
"ENSRNOG00000054517",0
"ENSRNOG00000063145",0
"ENSRNOG00000069038",0
"ENSRNOG00000056439",0
"ENSRNOG00000069280",0
"ENSRNOG00000066733",0
"ENSRNOG00000064096",0
"ENSRNOG00000019207",16
"ENSRNOG00000018394",3
"ENSRNOG00000015760",0
"ENSRNOG00000070234",36
"ENSRNOG00000053284",0
"ENSRNOG00000068834",0
"ENSRNOG00000030326",0
"ENSRNOG00000063681",0
"ENSRNOG00000065437",0
"ENSRNOG00000063629",60
"ENSRNOG00000049574",0
"ENSRNOG00000016714",28
"ENSRNOG00000052956",0
"ENSRNOG00000070270",0
"ENSRNOG00000068102",0
"ENSRNOG00000035648",0
"ENSRNOG00000067645",4
"ENSRNOG00000062789",0
"ENSRNOG00000015764",0
"ENSRNOG00000067256",0
"ENSRNOG00000015734",452
"ENSRNOG00000067158",0
"ENSRNOG00000056404",0
"ENSRNOG00000063252",0
"ENSRNOG00000066619",0
"ENSRNOG00000052832",0
"ENSRNOG00000056469",0
"ENSRNOG00000068800",716
"ENSRNOG00000066170",0
"ENSRNOG00000066949",0
"ENSRNOG00000062681",16
"ENSRNOG00000067889",0
"ENSRNOG00000066931",0
"ENSRNOG00000066273",0
"ENSRNOG00000066991",0
"ENSRNOG00000069276",243
"ENSRNOG00000059393",0
"ENSRNOG00000015769",0
"ENSRNOG00000013711",0
"ENSRNOG00000062961",0
"ENSRNOG00000069666",0
"ENSRNOG00000056619",0
"ENSRNOG00000054452",4
"ENSRNOG00000051537",0
"ENSRNOG00000064145",31
"ENSRNOG00000057094",0
"ENSRNOG00000068142",0
"ENSRNOG00000055112",0
"ENSRNOG00000062973",0
"ENSRNOG00000062771",0
"ENSRNOG00000027808",4
"ENSRNOG00000033200",0
"ENSRNOG00000060056",0
"ENSRNOG00000055997",0
"ENSRNOG00000070611",0
"ENSRNOG00000069419",0
"ENSRNOG00000063442",0
"ENSRNOG00000069337",0
"ENSRNOG00000049772",529
"ENSRNOG00000053859",296
"ENSRNOG00000066647",563
"ENSRNOG00000054388",0
"ENSRNOG00000066887",2
"ENSRNOG00000053929",0
"ENSRNOG00000030275",0
"ENSRNOG00000018915",0
"ENSRNOG00000051409",0
"ENSRNOG00000020358",1559
"ENSRNOG00000068758",0
"ENSRNOG00000063955",0
"ENSRNOG00000066355",8
"ENSRNOG00000066028",1
"ENSRNOG00000064903",0
"ENSRNOG00000065819",0
"ENSRNOG00000054102",0
"ENSRNOG00000058869",0
"ENSRNOG00000064667",2
"ENSRNOG00000053502",3524
"ENSRNOG00000065888",0
"ENSRNOG00000021442",232
"ENSRNOG00000064160",0
"ENSRNOG00000015785",0
"ENSRNOG00000068866",0
"ENSRNOG00000066023",69
"ENSRNOG00000014278",180
"ENSRNOG00000049605",27
"ENSRNOG00000024016",0
"ENSRNOG00000055316",0
"ENSRNOG00000063802",0
"ENSRNOG00000057140",0
"ENSRNOG00000022921",0
"ENSRNOG00000054856",0
"ENSRNOG00000037360",3
"ENSRNOG00000015902",12
"ENSRNOG00000065017",0
"ENSRNOG00000020624",955
"ENSRNOG00000060363",0
"ENSRNOG00000065994",0
"ENSRNOG00000058025",0
"ENSRNOG00000013981",0
"ENSRNOG00000065346",0
"ENSRNOG00000021290",0
"ENSRNOG00000062884",0
"ENSRNOG00000019942",0
"ENSRNOG00000021912",0
"ENSRNOG00000059083",0
"ENSRNOG00000059239",0
"ENSRNOG00000030818",90
"ENSRNOG00000065632",0
"ENSRNOG00000070760",2
"ENSRNOG00000062307",0
"ENSRNOG00000071202",0
"ENSRNOG00000068808",0
"ENSRNOG00000056693",0
"ENSRNOG00000055223",1
"ENSRNOG00000064515",66
"ENSRNOG00000017930",364
"ENSRNOG00000043280",0
"ENSRNOG00000065092",0
"ENSRNOG00000060826",0
"ENSRNOG00000066535",0
"ENSRNOG00000068810",0
"ENSRNOG00000070274",0
"ENSRNOG00000063371",285
"ENSRNOG00000060965",0
"ENSRNOG00000052241",0
"ENSRNOG00000068809",121
"ENSRNOG00000058946",0
"ENSRNOG00000019869",33
"ENSRNOG00000062374",5
"ENSRNOG00000068664",0
"ENSRNOG00000063801",0
"ENSRNOG00000067318",41
"ENSRNOG00000013208",0
"ENSRNOG00000059321",1
"ENSRNOG00000052179",0
"ENSRNOG00000050189",0
"ENSRNOG00000067212",0
"ENSRNOG00000055161",0
"ENSRNOG00000065356",0
"ENSRNOG00000023411",148
"ENSRNOG00000046005",5877
"ENSRNOG00000054718",0
"ENSRNOG00000018686",2300
"ENSRNOG00000063261",113
"ENSRNOG00000068139",0
"ENSRNOG00000066980",0
"ENSRNOG00000070788",1
"ENSRNOG00000066529",1
"ENSRNOG00000058906",4
"ENSRNOG00000066097",0
"ENSRNOG00000069563",15
"ENSRNOG00000062703",2
"ENSRNOG00000070309",8
"ENSRNOG00000048810",0
"ENSRNOG00000053089",8
"ENSRNOG00000057890",0
"ENSRNOG00000052503",0
"ENSRNOG00000017408",315
"ENSRNOG00000037393",0
"ENSRNOG00000021794",240
"ENSRNOG00000069938",4
"ENSRNOG00000070568",0
"ENSRNOG00000013949",1854
"ENSRNOG00000064463",0
"ENSRNOG00000067383",0
"ENSRNOG00000052712",0
"ENSRNOG00000065858",7
"ENSRNOG00000016103",3371
"ENSRNOG00000034012",0
"ENSRNOG00000070335",0
"ENSRNOG00000065589",0
"ENSRNOG00000068668",0
"ENSRNOG00000033164",0
"ENSRNOG00000036811",0
"ENSRNOG00000055001",3
"ENSRNOG00000067782",0
"ENSRNOG00000020643",1055
"ENSRNOG00000018217",9
"ENSRNOG00000064778",0
"ENSRNOG00000058615",3
"ENSRNOG00000065642",0
"ENSRNOG00000070200",0
"ENSRNOG00000057923",0
"ENSRNOG00000058790",523
"ENSRNOG00000069125",0
"ENSRNOG00000063149",0
"ENSRNOG00000064646",0
"ENSRNOG00000020371",107
"ENSRNOG00000064021",0
"ENSRNOG00000061803",0
"ENSRNOG00000064115",1
"ENSRNOG00000014996",160
"ENSRNOG00000067296",171
"ENSRNOG00000064765",1
"ENSRNOG00000018742",0
"ENSRNOG00000067148",0
"ENSRNOG00000058967",0
"ENSRNOG00000017914",3499
"ENSRNOG00000071136",0
"ENSRNOG00000061806",0
"ENSRNOG00000014705",79
"ENSRNOG00000016993",0
"ENSRNOG00000055479",0
"ENSRNOG00000029732",1
"ENSRNOG00000063130",0
"ENSRNOG00000057436",0
"ENSRNOG00000070027",731
"ENSRNOG00000016812",0
"ENSRNOG00000009932",0
"ENSRNOG00000035046",0
"ENSRNOG00000071197",0
"ENSRNOG00000022353",0
"ENSRNOG00000026440",0
"ENSRNOG00000067997",0
"ENSRNOG00000067291",0
"ENSRNOG00000036807",0
"ENSRNOG00000020865",201
"ENSRNOG00000065706",0
"ENSRNOG00000058965",0
"ENSRNOG00000069287",0
"ENSRNOG00000020714",140
"ENSRNOG00000015825",249
"ENSRNOG00000062901",0
"ENSRNOG00000070787",0
"ENSRNOG00000058927",0
"ENSRNOG00000031086",0
"ENSRNOG00000057950",0
"ENSRNOG00000067561",0
"ENSRNOG00000017016",0
"ENSRNOG00000070889",0
"ENSRNOG00000064500",10
"ENSRNOG00000070820",0
"ENSRNOG00000014840",14
"ENSRNOG00000064970",10
"ENSRNOG00000058110",0
"ENSRNOG00000057480",0
"ENSRNOG00000059637",0
"ENSRNOG00000025060",27
"ENSRNOG00000063721",0
"ENSRNOG00000030127",193
"ENSRNOG00000069682",0
"ENSRNOG00000066099",57
"ENSRNOG00000027098",0
"ENSRNOG00000017138",0
"ENSRNOG00000058367",0
"ENSRNOG00000067414",0
"ENSRNOG00000017311",24
"ENSRNOG00000020131",0
"ENSRNOG00000066800",0
"ENSRNOG00000019270",143
"ENSRNOG00000066986",154
"ENSRNOG00000018762",44
"ENSRNOG00000057414",0
"ENSRNOG00000069528",13
"ENSRNOG00000067989",0
"ENSRNOG00000015956",69
"ENSRNOG00000018019",12
"ENSRNOG00000046036",396
"ENSRNOG00000051903",0
"ENSRNOG00000018541",0
"ENSRNOG00000070487",0
"ENSRNOG00000065449",0
"ENSRNOG00000015268",0
"ENSRNOG00000069855",0
"ENSRNOG00000065828",0
"ENSRNOG00000063461",5
"ENSRNOG00000064593",0
"ENSRNOG00000069644",1
"ENSRNOG00000064985",0
"ENSRNOG00000016372",695
"ENSRNOG00000067872",0
"ENSRNOG00000057858",31
"ENSRNOG00000063677",1
"ENSRNOG00000064099",0
"ENSRNOG00000060031",1
"ENSRNOG00000017143",0
"ENSRNOG00000058913",0
"ENSRNOG00000055560",0
"ENSRNOG00000058451",0
"ENSRNOG00000065835",17
"ENSRNOG00000063775",0
"ENSRNOG00000049759",0
"ENSRNOG00000070824",0
"ENSRNOG00000064277",0
"ENSRNOG00000068327",368
"ENSRNOG00000019812",685
"ENSRNOG00000013448",0
"ENSRNOG00000070842",16
"ENSRNOG00000050486",0
"ENSRNOG00000060311",0
"ENSRNOG00000064747",0
"ENSRNOG00000025940",1346
"ENSRNOG00000057115",0
"ENSRNOG00000059590",0
"ENSRNOG00000070257",10
"ENSRNOG00000053764",0
"ENSRNOG00000062436",1
"ENSRNOG00000062663",0
"ENSRNOG00000020393",1177
"ENSRNOG00000067076",26
"ENSRNOG00000060156",0
"ENSRNOG00000052300",3
"ENSRNOG00000063644",0
"ENSRNOG00000064992",0
"ENSRNOG00000066765",0
"ENSRNOG00000014969",675
"ENSRNOG00000054315",0
"ENSRNOG00000053158",0
"ENSRNOG00000010840",1507
"ENSRNOG00000070884",3
"ENSRNOG00000068967",0
"ENSRNOG00000065947",0
"ENSRNOG00000042927",0
"ENSRNOG00000067278",337
"ENSRNOG00000010308",2794
"ENSRNOG00000066280",0
"ENSRNOG00000064771",0
"ENSRNOG00000017277",44
"ENSRNOG00000046395",2
"ENSRNOG00000069063",0
"ENSRNOG00000061138",1
"ENSRNOG00000013426",223
"ENSRNOG00000017851",31
"ENSRNOG00000042465",0
"ENSRNOG00000062533",0
"ENSRNOG00000066205",1
"ENSRNOG00000068788",1
"ENSRNOG00000056942",6
"ENSRNOG00000065112",170
"ENSRNOG00000059323",0
"ENSRNOG00000068353",5
"ENSRNOG00000062431",0
"ENSRNOG00000065285",3
"ENSRNOG00000015058",0
"ENSRNOG00000061556",0
"ENSRNOG00000011439",256
"ENSRNOG00000017635",2118
"ENSRNOG00000056397",11
"ENSRNOG00000055386",0
"ENSRNOG00000038625",1
"ENSRNOG00000068081",161
"ENSRNOG00000065098",341
"ENSRNOG00000029394",273
"ENSRNOG00000065322",0
"ENSRNOG00000060079",0
"ENSRNOG00000017884",134
"ENSRNOG00000060321",0
"ENSRNOG00000067323",0
"ENSRNOG00000068609",0
"ENSRNOG00000069170",4
"ENSRNOG00000066570",0
"ENSRNOG00000064417",38
"ENSRNOG00000021082",5111
"ENSRNOG00000058132",0
"ENSRNOG00000053593",0
"ENSRNOG00000068507",0
"ENSRNOG00000063065",0
"ENSRNOG00000066269",39
"ENSRNOG00000020197",264
"ENSRNOG00000069291",0
"ENSRNOG00000016687",923
"ENSRNOG00000059273",0
"ENSRNOG00000059984",5
"ENSRNOG00000067834",0
"ENSRNOG00000053279",0
"ENSRNOG00000055124",0
"ENSRNOG00000022729",0
"ENSRNOG00000020363",1186
"ENSRNOG00000066299",1
"ENSRNOG00000056238",0
"ENSRNOG00000020871",2762
"ENSRNOG00000066283",0
"ENSRNOG00000033843",3528
"ENSRNOG00000029978",0
"ENSRNOG00000021151",272
"ENSRNOG00000053533",2
"ENSRNOG00000064808",0
"ENSRNOG00000017054",7
"ENSRNOG00000047429",0
"ENSRNOG00000018310",5
"ENSRNOG00000030404",29
"ENSRNOG00000052756",0
"ENSRNOG00000054533",10
"ENSRNOG00000069636",14
"ENSRNOG00000070724",0
"ENSRNOG00000021093",1
"ENSRNOG00000067564",429
"ENSRNOG00000069368",2
"ENSRNOG00000014004",352
"ENSRNOG00000047816",109
"ENSRNOG00000018433",165
"ENSRNOG00000032984",0
"ENSRNOG00000059173",0
"ENSRNOG00000063050",4
"ENSRNOG00000064276",0
"ENSRNOG00000055133",0
"ENSRNOG00000058564",0
"ENSRNOG00000055351",0
"ENSRNOG00000069212",0
"ENSRNOG00000063757",2
"ENSRNOG00000020925",948
"ENSRNOG00000068292",0
"ENSRNOG00000014327",1
"ENSRNOG00000046339",0
"ENSRNOG00000025163",0
"ENSRNOG00000063321",0
"ENSRNOG00000066499",1
"ENSRNOG00000060653",0
"ENSRNOG00000064594",3
"ENSRNOG00000063410",0
"ENSRNOG00000070917",29
"ENSRNOG00000055259",54
"ENSRNOG00000071167",0
"ENSRNOG00000055350",0
"ENSRNOG00000056883",0
"ENSRNOG00000062807",0
"ENSRNOG00000064168",0
"ENSRNOG00000043313",0
"ENSRNOG00000054059",0
"ENSRNOG00000069104",0
"ENSRNOG00000059438",0
"ENSRNOG00000051968",0
"ENSRNOG00000067201",0
"ENSRNOG00000062620",0
"ENSRNOG00000063405",0
"ENSRNOG00000012140",160
"ENSRNOG00000067084",0
"ENSRNOG00000014828",1362
"ENSRNOG00000065933",0
"ENSRNOG00000069668",0
"ENSRNOG00000020497",711
"ENSRNOG00000070030",15
"ENSRNOG00000063751",0
"ENSRNOG00000028982",0
"ENSRNOG00000024630",0
"ENSRNOG00000025154",1057
"ENSRNOG00000014448",465
"ENSRNOG00000061255",0
"ENSRNOG00000058387",0
"ENSRNOG00000064171",0
"ENSRNOG00000071133",0
"ENSRNOG00000067993",0
"ENSRNOG00000057415",0
"ENSRNOG00000014266",0
"ENSRNOG00000055387",0
"ENSRNOG00000059739",0
"ENSRNOG00000066060",0
"ENSRNOG00000070360",0
"ENSRNOG00000067359",0
"ENSRNOG00000015753",727
"ENSRNOG00000067461",8918
"ENSRNOG00000067992",0
"ENSRNOG00000052577",0
"ENSRNOG00000043392",0
"ENSRNOG00000053785",1
"ENSRNOG00000028781",0
"ENSRNOG00000053931",0
"ENSRNOG00000064547",0
"ENSRNOG00000070838",5
"ENSRNOG00000037156",0
"ENSRNOG00000046966",0
"ENSRNOG00000066001",0
"ENSRNOG00000056494",1
"ENSRNOG00000068067",0
"ENSRNOG00000054921",0
"ENSRNOG00000064885",24
"ENSRNOG00000054561",415
"ENSRNOG00000040387",0
"ENSRNOG00000052568",0
"ENSRNOG00000070839",10
"ENSRNOG00000065383",3
"ENSRNOG00000017351",0
"ENSRNOG00000070319",0
"ENSRNOG00000065720",0
"ENSRNOG00000011306",0
"ENSRNOG00000063169",6
"ENSRNOG00000069489",13
"ENSRNOG00000019491",145
"ENSRNOG00000051974",0
"ENSRNOG00000067353",0
"ENSRNOG00000019626",0
"ENSRNOG00000064994",33
"ENSRNOG00000031381",713
"ENSRNOG00000070650",0
"ENSRNOG00000021153",139
"ENSRNOG00000063499",0
"ENSRNOG00000068216",0
"ENSRNOG00000036246",0
"ENSRNOG00000055625",1
"ENSRNOG00000023081",0
"ENSRNOG00000065572",0
"ENSRNOG00000053871",0
"ENSRNOG00000037137",27
"ENSRNOG00000014380",67
"ENSRNOG00000031224",0
"ENSRNOG00000035472",0
"ENSRNOG00000061593",0
"ENSRNOG00000056864",0
"ENSRNOG00000065938",0
"ENSRNOG00000017150",181
"ENSRNOG00000069774",0
"ENSRNOG00000057453",0
"ENSRNOG00000070032",0
"ENSRNOG00000015168",1
"ENSRNOG00000063014",36
"ENSRNOG00000022308",0
"ENSRNOG00000069196",0
"ENSRNOG00000020517",23
"ENSRNOG00000062805",0
"ENSRNOG00000057697",2
"ENSRNOG00000040448",0
"ENSRNOG00000060169",0
"ENSRNOG00000015717",4
"ENSRNOG00000015914",1195
"ENSRNOG00000068371",1
"ENSRNOG00000019141",3
"ENSRNOG00000035477",0
"ENSRNOG00000070492",0
"ENSRNOG00000067799",107
"ENSRNOG00000065673",0
"ENSRNOG00000049297",0
"ENSRNOG00000062842",0
"ENSRNOG00000016964",0
"ENSRNOG00000062738",0
"ENSRNOG00000040350",0
"ENSRNOG00000019582",154
"ENSRNOG00000055924",0
"ENSRNOG00000060840",0
"ENSRNOG00000019440",2
"ENSRNOG00000053539",0
"ENSRNOG00000064213",0
"ENSRNOG00000065361",3
"ENSRNOG00000060727",0
"ENSRNOG00000051483",0
"ENSRNOG00000036711",0
"ENSRNOG00000013149",163
"ENSRNOG00000036588",14
"ENSRNOG00000016979",0
"ENSRNOG00000019660",0
"ENSRNOG00000069238",2
"ENSRNOG00000057399",0
"ENSRNOG00000059980",0
"ENSRNOG00000067431",3
"ENSRNOG00000018048",419
"ENSRNOG00000062528",0
"ENSRNOG00000066334",1
"ENSRNOG00000010224",202
"ENSRNOG00000035506",0
"ENSRNOG00000067877",0
"ENSRNOG00000061439",0
"ENSRNOG00000051496",1
"ENSRNOG00000048582",0
"ENSRNOG00000066659",2
"ENSRNOG00000063596",78
"ENSRNOG00000068107",0
"ENSRNOG00000064996",0
"ENSRNOG00000064379",0
"ENSRNOG00000029043",349
"ENSRNOG00000017095",253
"ENSRNOG00000063176",0
"ENSRNOG00000067938",0
"ENSRNOG00000068714",0
"ENSRNOG00000067440",0
"ENSRNOG00000065650",0
"ENSRNOG00000061383",0
"ENSRNOG00000069476",0
"ENSRNOG00000018421",79
"ENSRNOG00000063080",0
"ENSRNOG00000019681",71
"ENSRNOG00000068965",0
"ENSRNOG00000035601",0
"ENSRNOG00000054609",0
"ENSRNOG00000064548",3
"ENSRNOG00000065353",0
"ENSRNOG00000070419",0
"ENSRNOG00000020202",76
"ENSRNOG00000017613",1021
"ENSRNOG00000054831",0
"ENSRNOG00000064633",0
"ENSRNOG00000055519",31
"ENSRNOG00000065513",0
"ENSRNOG00000067923",0
"ENSRNOG00000066038",0
"ENSRNOG00000070260",0
"ENSRNOG00000011234",146
"ENSRNOG00000042706",0
"ENSRNOG00000059930",0
"ENSRNOG00000015997",116
"ENSRNOG00000066146",1
"ENSRNOG00000064983",45
"ENSRNOG00000015773",0
"ENSRNOG00000055020",20
"ENSRNOG00000062071",35
"ENSRNOG00000069729",11
"ENSRNOG00000068544",0
"ENSRNOG00000066969",57
"ENSRNOG00000069401",0
"ENSRNOG00000032990",0
"ENSRNOG00000063602",5
"ENSRNOG00000014251",419
"ENSRNOG00000046649",2
"ENSRNOG00000066794",581
"ENSRNOG00000017214",0
"ENSRNOG00000067780",0
"ENSRNOG00000025539",1135
"ENSRNOG00000066862",317
"ENSRNOG00000012716",307
"ENSRNOG00000066116",0
"ENSRNOG00000063182",23
"ENSRNOG00000050922",23
"ENSRNOG00000047479",0
"ENSRNOG00000069497",44
"ENSRNOG00000016011",1
"ENSRNOG00000020014",62
"ENSRNOG00000070094",0
"ENSRNOG00000055082",1247
"ENSRNOG00000068838",0
"ENSRNOG00000019129",0
"ENSRNOG00000017960",277
"ENSRNOG00000056062",9
"ENSRNOG00000070653",0
"ENSRNOG00000064289",0
"ENSRNOG00000046683",0
"ENSRNOG00000052256",712
"ENSRNOG00000062365",1
"ENSRNOG00000066972",0
"ENSRNOG00000065700",0
"ENSRNOG00000049190",0
"ENSRNOG00000065336",7
"ENSRNOG00000057889",0
"ENSRNOG00000019206",0
"ENSRNOG00000011931",1833
"ENSRNOG00000065087",0
"ENSRNOG00000071194",23
"ENSRNOG00000037556",203
"ENSRNOG00000069523",0
"ENSRNOG00000063248",0
"ENSRNOG00000069498",0
"ENSRNOG00000064406",0
"ENSRNOG00000068492",6
"ENSRNOG00000052236",47
"ENSRNOG00000064058",0
"ENSRNOG00000068138",0
"ENSRNOG00000062480",3
"ENSRNOG00000048219",0
"ENSRNOG00000063331",0
"ENSRNOG00000012301",0
"ENSRNOG00000070848",91
"ENSRNOG00000059992",0
"ENSRNOG00000042899",1
"ENSRNOG00000067858",0
"ENSRNOG00000013160",1274
"ENSRNOG00000024077",80
"ENSRNOG00000069496",1
"ENSRNOG00000020456",2126
"ENSRNOG00000019802",71
"ENSRNOG00000065781",48
"ENSRNOG00000061992",1
"ENSRNOG00000063059",0
"ENSRNOG00000062668",8
"ENSRNOG00000012806",977
"ENSRNOG00000070914",79
"ENSRNOG00000019497",2582
"ENSRNOG00000036784",4
"ENSRNOG00000045545",8
"ENSRNOG00000064214",98
"ENSRNOG00000037331",0
"ENSRNOG00000054403",0
"ENSRNOG00000063616",20
"ENSRNOG00000062784",15
"ENSRNOG00000020774",234
"ENSRNOG00000064412",29
"ENSRNOG00000037897",336
"ENSRNOG00000067637",2
"ENSRNOG00000062989",0
"ENSRNOG00000015557",0
"ENSRNOG00000070647",0
"ENSRNOG00000042528",0
"ENSRNOG00000065143",0
"ENSRNOG00000016831",15320
"ENSRNOG00000024280",4
"ENSRNOG00000062309",0
"ENSRNOG00000066149",1
"ENSRNOG00000038101",0
"ENSRNOG00000070762",0
"ENSRNOG00000063199",0
"ENSRNOG00000055683",417
"ENSRNOG00000056228",1544
"ENSRNOG00000068057",0
"ENSRNOG00000070110",0
"ENSRNOG00000067051",0
"ENSRNOG00000028743",0
"ENSRNOG00000067556",9
"ENSRNOG00000062923",0
"ENSRNOG00000065617",0
"ENSRNOG00000066584",0
"ENSRNOG00000071129",1
"ENSRNOG00000013925",427
"ENSRNOG00000028273",2
"ENSRNOG00000055310",0
"ENSRNOG00000070853",5
"ENSRNOG00000065047",0
"ENSRNOG00000023233",127
"ENSRNOG00000034075",0
"ENSRNOG00000055312",0
"ENSRNOG00000070548",0
"ENSRNOG00000014341",419
"ENSRNOG00000069950",0
"ENSRNOG00000020543",374
"ENSRNOG00000020298",2507
"ENSRNOG00000018255",2770
"ENSRNOG00000070075",0
"ENSRNOG00000066399",2297
"ENSRNOG00000060725",0
"ENSRNOG00000021000",11
"ENSRNOG00000062617",0
"ENSRNOG00000062327",170
"ENSRNOG00000015876",0
"ENSRNOG00000016286",0
"ENSRNOG00000070318",1
"ENSRNOG00000070963",12
"ENSRNOG00000034061",0
"ENSRNOG00000033729",176
"ENSRNOG00000052677",0
"ENSRNOG00000017386",0
"ENSRNOG00000063011",2
"ENSRNOG00000070623",0
"ENSRNOG00000067477",14
"ENSRNOG00000020716",5546
"ENSRNOG00000066188",0
"ENSRNOG00000065495",0
"ENSRNOG00000018402",0
"ENSRNOG00000011488",34
"ENSRNOG00000068145",39
"ENSRNOG00000067525",15
"ENSRNOG00000066657",0
"ENSRNOG00000015441",168
"ENSRNOG00000071003",47
"ENSRNOG00000067263",0
"ENSRNOG00000047057",0
"ENSRNOG00000049826",0
"ENSRNOG00000020412",2400
"ENSRNOG00000065957",172
"ENSRNOG00000016923",2511
"ENSRNOG00000066567",172
"ENSRNOG00000018405",0
"ENSRNOG00000010938",0
"ENSRNOG00000065260",81
"ENSRNOG00000068883",0
"ENSRNOG00000063165",0
"ENSRNOG00000065394",0
"ENSRNOG00000014318",0
"ENSRNOG00000011029",1606
"ENSRNOG00000069309",0
"ENSRNOG00000017331",0
"ENSRNOG00000015239",834
"ENSRNOG00000069539",194
"ENSRNOG00000016857",0
"ENSRNOG00000018426",0
"ENSRNOG00000020110",538
"ENSRNOG00000012084",2176
"ENSRNOG00000033813",0
"ENSRNOG00000068378",0
"ENSRNOG00000046652",492
"ENSRNOG00000013770",0
"ENSRNOG00000024961",44
"ENSRNOG00000017341",0
"ENSRNOG00000011672",0
"ENSRNOG00000017673",85
"ENSRNOG00000032150",1
"ENSRNOG00000066542",0
"ENSRNOG00000064968",0
"ENSRNOG00000018356",332
"ENSRNOG00000017344",0
"ENSRNOG00000018287",0
"ENSRNOG00000023753",496
"ENSRNOG00000068886",0
"ENSRNOG00000030932",30
"ENSRNOG00000018761",4952
"ENSRNOG00000066496",0
"ENSRNOG00000066261",0
"ENSRNOG00000062876",12
"ENSRNOG00000069274",43
"ENSRNOG00000070624",5
"ENSRNOG00000030160",14
"ENSRNOG00000069633",842
"ENSRNOG00000032946",6
"ENSRNOG00000055877",0
"ENSRNOG00000025088",0
"ENSRNOG00000020743",7
"ENSRNOG00000020281",1
"ENSRNOG00000066177",0
"ENSRNOG00000012362",0
"ENSRNOG00000014303",464
"ENSRNOG00000018454",45
"ENSRNOG00000052023",3
"ENSRNOG00000020531",132
"ENSRNOG00000019544",225
"ENSRNOG00000020477",87
"ENSRNOG00000033414",0
"ENSRNOG00000023549",234
"ENSRNOG00000063696",3
"ENSRNOG00000070385",8
"ENSRNOG00000021096",141
"ENSRNOG00000021149",0
"ENSRNOG00000064236",0
"ENSRNOG00000022796",15
"ENSRNOG00000029784",1041
"ENSRNOG00000018885",277
"ENSRNOG00000065743",0
"ENSRNOG00000068428",0
"ENSRNOG00000063852",103
"ENSRNOG00000048138",56
"ENSRNOG00000063320",0
"ENSRNOG00000017982",0
"ENSRNOG00000019306",18
"ENSRNOG00000018440",464
"ENSRNOG00000029082",479
"ENSRNOG00000021104",6686
"ENSRNOG00000011451",17
"ENSRNOG00000046080",0
"ENSRNOG00000017254",751
"ENSRNOG00000020117",251
"ENSRNOG00000050995",75
"ENSRNOG00000054854",344
"ENSRNOG00000015503",4
"ENSRNOG00000021003",310
"ENSRNOG00000020274",55
"ENSRNOG00000069173",2
"ENSRNOG00000068815",0
"ENSRNOG00000067287",0
"ENSRNOG00000065528",6821
"ENSRNOG00000020899",0
"ENSRNOG00000015919",0
"ENSRNOG00000022701",8
"ENSRNOG00000058039",276799
"ENSRNOG00000018556",219
"ENSRNOG00000065206",7
"ENSRNOG00000042741",1
"ENSRNOG00000028137",1551
"ENSRNOG00000051102",226
"ENSRNOG00000019770",242
"ENSRNOG00000010983",0
"ENSRNOG00000020296",116
"ENSRNOG00000022640",2
"ENSRNOG00000029805",101
"ENSRNOG00000066726",0
"ENSRNOG00000017601",71
"ENSRNOG00000027811",0
"ENSRNOG00000016090",579
"ENSRNOG00000045560",0
"ENSRNOG00000049596",1
"ENSRNOG00000020651",973
"ENSRNOG00000065330",12
"ENSRNOG00000016679",7
"ENSRNOG00000049445",0
"ENSRNOG00000017379",0
"ENSRNOG00000071114",0
"ENSRNOG00000018350",0
"ENSRNOG00000028992",14761
"ENSRNOG00000068837",0
"ENSRNOG00000036653",0
"ENSRNOG00000019838",167
"ENSRNOG00000068048",448
"ENSRNOG00000019549",1776
"ENSRNOG00000011151",64
"ENSRNOG00000022189",35
"ENSRNOG00000064154",0
"ENSRNOG00000062996",0
"ENSRNOG00000015526",0
"ENSRNOG00000020762",1135
"ENSRNOG00000023318",2
"ENSRNOG00000066701",37
"ENSRNOG00000053075",13
"ENSRNOG00000012874",314
"ENSRNOG00000068069",0
"ENSRNOG00000056069",282
"ENSRNOG00000048424",128
"ENSRNOG00000024257",23
"ENSRNOG00000065214",10
"ENSRNOG00000064813",0
"ENSRNOG00000067015",0
"ENSRNOG00000011895",166
"ENSRNOG00000023659",1
"ENSRNOG00000070807",0
"ENSRNOG00000065154",0
"ENSRNOG00000009791",0
"ENSRNOG00000017659",0
"ENSRNOG00000020777",224
"ENSRNOG00000016266",251
"ENSRNOG00000017839",521
"ENSRNOG00000018537",0
"ENSRNOG00000068551",0
"ENSRNOG00000017918",13
"ENSRNOG00000016381",391
"ENSRNOG00000020736",55
"ENSRNOG00000063010",0
"ENSRNOG00000069056",78
"ENSRNOG00000065375",0
"ENSRNOG00000023985",82
"ENSRNOG00000016041",0
"ENSRNOG00000019376",58
"ENSRNOG00000017456",0
"ENSRNOG00000008815",200
"ENSRNOG00000016722",2791
"ENSRNOG00000048397",177
"ENSRNOG00000017728",189
"ENSRNOG00000020783",6
"ENSRNOG00000067450",515
"ENSRNOG00000015552",265
"ENSRNOG00000025819",0
"ENSRNOG00000016919",1229
"ENSRNOG00000018955",1
"ENSRNOG00000064421",2
"ENSRNOG00000019106",998
"ENSRNOG00000064814",0
"ENSRNOG00000010959",71
"ENSRNOG00000021474",0
"ENSRNOG00000032940",0
"ENSRNOG00000043512",1
"ENSRNOG00000028274",2034
"ENSRNOG00000024410",121
"ENSRNOG00000015527",0
"ENSRNOG00000010017",201
"ENSRNOG00000050015",5
"ENSRNOG00000047692",53
"ENSRNOG00000060431",0
"ENSRNOG00000065271",0
"ENSRNOG00000070291",0
"ENSRNOG00000068975",0
"ENSRNOG00000020304",955
"ENSRNOG00000017418",3506
"ENSRNOG00000012369",2
"ENSRNOG00000036625",0
"ENSRNOG00000021946",0
"ENSRNOG00000038497",0
"ENSRNOG00000055424",3
"ENSRNOG00000024746",0
"ENSRNOG00000014450",747
"ENSRNOG00000067065",1891
"ENSRNOG00000037298",4
"ENSRNOG00000025247",0
"ENSRNOG00000062496",0
"ENSRNOG00000023151",0
"ENSRNOG00000048663",0
"ENSRNOG00000016825",150
"ENSRNOG00000024737",1374
"ENSRNOG00000013624",52
"ENSRNOG00000022610",0
"ENSRNOG00000065850",0
"ENSRNOG00000070456",0
"ENSRNOG00000020325",1310
"ENSRNOG00000019854",0
"ENSRNOG00000015413",159
"ENSRNOG00000016897",0
"ENSRNOG00000037690",124
"ENSRNOG00000067174",0
"ENSRNOG00000014330",742
"ENSRNOG00000069494",0
"ENSRNOG00000026419",2
"ENSRNOG00000013223",141
"ENSRNOG00000065958",0
"ENSRNOG00000046112",29
"ENSRNOG00000027264",160
"ENSRNOG00000032798",1020
"ENSRNOG00000019319",667
"ENSRNOG00000018603",172
"ENSRNOG00000032817",0
"ENSRNOG00000027422",252
"ENSRNOG00000020763",845
"ENSRNOG00000064249",0
"ENSRNOG00000049505",175
"ENSRNOG00000059408",793
"ENSRNOG00000048250",255
"ENSRNOG00000064870",0
"ENSRNOG00000028891",12
"ENSRNOG00000019959",5
"ENSRNOG00000020452",1100
"ENSRNOG00000050224",108
"ENSRNOG00000031562",0
"ENSRNOG00000013439",0
"ENSRNOG00000014916",1936
"ENSRNOG00000033196",0
"ENSRNOG00000020263",0
"ENSRNOG00000058277",3
"ENSRNOG00000051197",3322
"ENSRNOG00000071074",0
"ENSRNOG00000068712",0
"ENSRNOG00000020947",131
"ENSRNOG00000020597",121
"ENSRNOG00000068594",0
"ENSRNOG00000017826",259
"ENSRNOG00000013506",272
"ENSRNOG00000014277",483
"ENSRNOG00000012641",926
"ENSRNOG00000040300",1
"ENSRNOG00000015675",0
"ENSRNOG00000050206",0
"ENSRNOG00000063249",0
"ENSRNOG00000012002",10526
"ENSRNOG00000012788",732
"ENSRNOG00000070758",0
"ENSRNOG00000070086",0
"ENSRNOG00000017873",0
"ENSRNOG00000020532",71
"ENSRNOG00000019418",2
"ENSRNOG00000070971",9
"ENSRNOG00000031178",0
"ENSRNOG00000042308",30
"ENSRNOG00000012574",284
"ENSRNOG00000047040",1
"ENSRNOG00000001500",290
"ENSRNOG00000016737",0
"ENSRNOG00000019413",36
"ENSRNOG00000068445",931
"ENSRNOG00000015844",1116
"ENSRNOG00000068953",57
"ENSRNOG00000047703",0
"ENSRNOG00000038276",0
"ENSRNOG00000063034",0
"ENSRNOG00000067884",0
"ENSRNOG00000017963",118
"ENSRNOG00000064966",1
"ENSRNOG00000019532",1443
"ENSRNOG00000015217",398
"ENSRNOG00000016267",97
"ENSRNOG00000021510",1
"ENSRNOG00000059330",0
"ENSRNOG00000020425",381
"ENSRNOG00000064833",0
"ENSRNOG00000017383",413
"ENSRNOG00000019161",444
"ENSRNOG00000047526",299
"ENSRNOG00000069479",0
"ENSRNOG00000028041",0
"ENSRNOG00000016462",123
"ENSRNOG00000067828",4
"ENSRNOG00000010664",55
"ENSRNOG00000019424",0
"ENSRNOG00000016790",468
"ENSRNOG00000039730",356
"ENSRNOG00000014902",695
"ENSRNOG00000020949",1
"ENSRNOG00000066044",0
"ENSRNOG00000013358",5
"ENSRNOG00000049259",173
"ENSRNOG00000023091",45
"ENSRNOG00000015860",2
"ENSRNOG00000018517",201
"ENSRNOG00000001499",5
"ENSRNOG00000050554",14
"ENSRNOG00000021206",185
"ENSRNOG00000065183",0
"ENSRNOG00000050223",494
"ENSRNOG00000011191",0
"ENSRNOG00000030281",0
"ENSRNOG00000069921",177
"ENSRNOG00000018514",0
"ENSRNOG00000016054",3190
"ENSRNOG00000020956",372
"ENSRNOG00000001501",446
"ENSRNOG00000018512",0
"ENSRNOG00000020417",555
"ENSRNOG00000063413",0
"ENSRNOG00000069434",7
"ENSRNOG00000013877",321
"ENSRNOG00000064721",893
"ENSRNOG00000036648",0
"ENSRNOG00000018878",404
"ENSRNOG00000020410",1
"ENSRNOG00000014852",229
"ENSRNOG00000037715",157
"ENSRNOG00000065723",0
"ENSRNOG00000063597",0
"ENSRNOG00000064980",2
"ENSRNOG00000020793",482
"ENSRNOG00000047145",106
"ENSRNOG00000052304",0
"ENSRNOG00000065613",0
"ENSRNOG00000019442",127
"ENSRNOG00000015152",0
"ENSRNOG00000066612",0
"ENSRNOG00000016935",825
"ENSRNOG00000018531",279
"ENSRNOG00000020426",435
"ENSRNOG00000016038",506
"ENSRNOG00000016611",851
"ENSRNOG00000056118",1434
"ENSRNOG00000019127",58
"ENSRNOG00000046353",12
"ENSRNOG00000069874",0
"ENSRNOG00000023150",3670
"ENSRNOG00000047229",303
"ENSRNOG00000068940",0
"ENSRNOG00000062423",0
"ENSRNOG00000022313",0
"ENSRNOG00000015086",0
"ENSRNOG00000062741",7
"ENSRNOG00000069678",0
"ENSRNOG00000019280",3
"ENSRNOG00000020587",12567
"ENSRNOG00000065864",0
"ENSRNOG00000027240",1
"ENSRNOG00000020411",1957
"ENSRNOG00000065701",0
"ENSRNOG00000030331",2
"ENSRNOG00000062988",0
"ENSRNOG00000063917",0
"ENSRNOG00000063592",2
"ENSRNOG00000016973",117
"ENSRNOG00000018551",2
"ENSRNOG00000015293",4
"ENSRNOG00000049232",1702
"ENSRNOG00000063929",2
"ENSRNOG00000019318",2
"ENSRNOG00000018547",64
"ENSRNOG00000018580",0
"ENSRNOG00000042592",206
"ENSRNOG00000050831",0
"ENSRNOG00000064244",6
"ENSRNOG00000020481",146
"ENSRNOG00000043154",0
"ENSRNOG00000018606",8
"ENSRNOG00000018664",0
"ENSRNOG00000013823",7
"ENSRNOG00000019501",264
"ENSRNOG00000017897",9
"ENSRNOG00000016791",266
"ENSRNOG00000021058",169
"ENSRNOG00000012692",349
"ENSRNOG00000065121",0
"ENSRNOG00000013351",816
"ENSRNOG00000017509",242
"ENSRNOG00000018515",171
"ENSRNOG00000031927",0
"ENSRNOG00000063282",0
"ENSRNOG00000017147",4
"ENSRNOG00000032004",1
"ENSRNOG00000022164",22
"ENSRNOG00000021063",75
"ENSRNOG00000013407",0
"ENSRNOG00000065806",0
"ENSRNOG00000039076",128
"ENSRNOG00000019489",258
"ENSRNOG00000014951",0
"ENSRNOG00000031739",15
"ENSRNOG00000020235",5121
"ENSRNOG00000021130",0
"ENSRNOG00000046669",0
"ENSRNOG00000018612",0
"ENSRNOG00000019999",13
"ENSRNOG00000014925",2
"ENSRNOG00000021017",167
"ENSRNOG00000010994",39
"ENSRNOG00000070690",0
"ENSRNOG00000054336",0
"ENSRNOG00000015407",0
"ENSRNOG00000018831",0
"ENSRNOG00000015830",0
"ENSRNOG00000012988",2
"ENSRNOG00000021027",144
"ENSRNOG00000042686",111
"ENSRNOG00000009922",0
"ENSRNOG00000052287",0
"ENSRNOG00000014610",237
"ENSRNOG00000020882",244
"ENSRNOG00000067926",802
"ENSRNOG00000019627",8
"ENSRNOG00000016940",286
"ENSRNOG00000015488",1686
"ENSRNOG00000012034",0
"ENSRNOG00000015609",137
"ENSRNOG00000030776",78
"ENSRNOG00000020308",1012
"ENSRNOG00000021032",405
"ENSRNOG00000042705",0
"ENSRNOG00000068628",0
"ENSRNOG00000017191",1747
"ENSRNOG00000016624",5
"ENSRNOG00000070392",842
"ENSRNOG00000063151",0
"ENSRNOG00000018864",0
"ENSRNOG00000018369",203
"ENSRNOG00000025587",2228
"ENSRNOG00000023053",682
"ENSRNOG00000050257",14
"ENSRNOG00000071068",0
"ENSRNOG00000068373",0
"ENSRNOG00000069023",0
"ENSRNOG00000033498",513
"ENSRNOG00000042852",0
"ENSRNOG00000070184",142
"ENSRNOG00000065015",94
"ENSRNOG00000019432",0
"ENSRNOG00000012460",41
"ENSRNOG00000031202",0
"ENSRNOG00000068605",1
"ENSRNOG00000063141",0
"ENSRNOG00000020057",0
"ENSRNOG00000026163",264
"ENSRNOG00000061312",0
"ENSRNOG00000015982",2
"ENSRNOG00000068273",0
"ENSRNOG00000040242",22
"ENSRNOG00000021035",4113
"ENSRNOG00000020675",871
"ENSRNOG00000043455",0
"ENSRNOG00000012036",966
"ENSRNOG00000021800",1
"ENSRNOG00000015551",459
"ENSRNOG00000069813",0
"ENSRNOG00000020683",2380
"ENSRNOG00000019283",162
"ENSRNOG00000055650",0
"ENSRNOG00000064555",0
"ENSRNOG00000064293",495
"ENSRNOG00000070088",0
"ENSRNOG00000021039",2
"ENSRNOG00000014434",576
"ENSRNOG00000014290",0
"ENSRNOG00000066778",0
"ENSRNOG00000020812",1053
"ENSRNOG00000020546",54
"ENSRNOG00000065013",0
"ENSRNOG00000012524",1446
"ENSRNOG00000042777",133
"ENSRNOG00000012103",1
"ENSRNOG00000019728",0
"ENSRNOG00000063232",3
"ENSRNOG00000071080",0
"ENSRNOG00000046874",720
"ENSRNOG00000027405",204
"ENSRNOG00000068792",1
"ENSRNOG00000026109",322
"ENSRNOG00000020538",2
"ENSRNOG00000029766",0
"ENSRNOG00000021046",4
"ENSRNOG00000068685",0
"ENSRNOG00000015660",200
"ENSRNOG00000067569",0
"ENSRNOG00000068625",0
"ENSRNOG00000020098",0
"ENSRNOG00000017854",692
"ENSRNOG00000001488",2172
"ENSRNOG00000020713",1415
"ENSRNOG00000070095",17
"ENSRNOG00000067308",0
"ENSRNOG00000064385",1512
"ENSRNOG00000068117",0
"ENSRNOG00000046983",49
"ENSRNOG00000012611",53
"ENSRNOG00000018773",62
"ENSRNOG00000020109",0
"ENSRNOG00000031529",0
"ENSRNOG00000017508",138
"ENSRNOG00000010853",0
"ENSRNOG00000019555",355
"ENSRNOG00000020876",517
"ENSRNOG00000012092",0
"ENSRNOG00000037814",8
"ENSRNOG00000055972",0
"ENSRNOG00000034184",6
"ENSRNOG00000020233",2268
"ENSRNOG00000018808",7
"ENSRNOG00000020883",69
"ENSRNOG00000056362",0
"ENSRNOG00000001489",335
"ENSRNOG00000024414",1512
"ENSRNOG00000015593",0
"ENSRNOG00000046971",5
"ENSRNOG00000033906",2
"ENSRNOG00000027784",852
"ENSRNOG00000021048",4
"ENSRNOG00000013553",0
"ENSRNOG00000018690",172
"ENSRNOG00000011540",1064
"ENSRNOG00000020927",10
"ENSRNOG00000020063",303
"ENSRNOG00000023528",0
"ENSRNOG00000064702",0
"ENSRNOG00000017678",1112
"ENSRNOG00000011476",55
"ENSRNOG00000052220",0
"ENSRNOG00000049014",0
"ENSRNOG00000024460",167
"ENSRNOG00000020982",964
"ENSRNOG00000001490",153
"ENSRNOG00000022129",0
"ENSRNOG00000011480",493
"ENSRNOG00000020578",14
"ENSRNOG00000012872",258
"ENSRNOG00000010087",224
"ENSRNOG00000021493",0
"ENSRNOG00000020889",8261
"ENSRNOG00000064590",0
"ENSRNOG00000020695",295
"ENSRNOG00000047575",128
"ENSRNOG00000061450",12
"ENSRNOG00000020102",2640
"ENSRNOG00000068112",0
"ENSRNOG00000017429",2
"ENSRNOG00000010753",659
"ENSRNOG00000020605",94
"ENSRNOG00000066632",0
"ENSRNOG00000012576",750
"ENSRNOG00000015517",128
"ENSRNOG00000017030",1107
"ENSRNOG00000070869",0
"ENSRNOG00000067718",0
"ENSRNOG00000025644",100
"ENSRNOG00000013663",13
"ENSRNOG00000019599",0
"ENSRNOG00000020938",0
"ENSRNOG00000014166",334
"ENSRNOG00000047035",463
"ENSRNOG00000015658",2883
"ENSRNOG00000063891",0
"ENSRNOG00000024580",0
"ENSRNOG00000020686",2
"ENSRNOG00000066760",0
"ENSRNOG00000066678",0
"ENSRNOG00000021078",0
"ENSRNOG00000014791",1238
"ENSRNOG00000019249",1
"ENSRNOG00000069065",2
"ENSRNOG00000011290",274
"ENSRNOG00000019485",1979
"ENSRNOG00000020990",0
"ENSRNOG00000015822",426
"ENSRNOG00000047279",0
"ENSRNOG00000015456",62
"ENSRNOG00000015783",0
"ENSRNOG00000066654",0
"ENSRNOG00000020995",0
"ENSRNOG00000020310",278
"ENSRNOG00000020669",15
"ENSRNOG00000020699",1
"ENSRNOG00000069183",0
"ENSRNOG00000068514",0
"ENSRNOG00000021507",0
"ENSRNOG00000036981",0
"ENSRNOG00000002628",0
"ENSRNOG00000006962",2
"ENSRNOG00000018012",2447
"ENSRNOG00000069456",436
"ENSRNOG00000015180",86
"ENSRNOG00000025220",25
"ENSRNOG00000013123",11
"ENSRNOG00000064904",0
"ENSRNOG00000018858",217
"ENSRNOG00000020164",10
"ENSRNOG00000025354",0
"ENSRNOG00000016769",0
"ENSRNOG00000031662",0
"ENSRNOG00000065448",0
"ENSRNOG00000026861",0
"ENSRNOG00000014465",0
"ENSRNOG00000029049",624
"ENSRNOG00000017220",241
"ENSRNOG00000031073",0
"ENSRNOG00000014181",0
"ENSRNOG00000016490",0
"ENSRNOG00000014779",235
"ENSRNOG00000068871",0
"ENSRNOG00000018339",0
"ENSRNOG00000031459",224
"ENSRNOG00000017648",0
"ENSRNOG00000018336",4
"ENSRNOG00000021011",0
"ENSRNOG00000055761",592
"ENSRNOG00000009891",237
"ENSRNOG00000011058",2967
"ENSRNOG00000018321",5
"ENSRNOG00000031113",577
"ENSRNOG00000067810",1
"ENSRNOG00000015972",3
"ENSRNOG00000047019",191
"ENSRNOG00000045732",0
"ENSRNOG00000011077",4618
"ENSRNOG00000052687",352
"ENSRNOG00000019453",25712
"ENSRNOG00000014227",0
"ENSRNOG00000015339",1430
"ENSRNOG00000051208",0
"ENSRNOG00000037219",9
"ENSRNOG00000016697",14
"ENSRNOG00000064479",0
"ENSRNOG00000017756",0
"ENSRNOG00000070772",0
"ENSRNOG00000038445",5
"ENSRNOG00000020779",0
"ENSRNOG00000048014",0
"ENSRNOG00000019600",0
"ENSRNOG00000020206",4751
"ENSRNOG00000021014",0
"ENSRNOG00000068083",0
"ENSRNOG00000027436",211
"ENSRNOG00000064179",2
"ENSRNOG00000017357",0
"ENSRNOG00000062814",0
"ENSRNOG00000018524",1564
"ENSRNOG00000020530",0
"ENSRNOG00000016147",6
"ENSRNOG00000021056",26
"ENSRNOG00000037638",714
"ENSRNOG00000065638",0
"ENSRNOG00000019199",72
"ENSRNOG00000015218",159
"ENSRNOG00000050207",0
"ENSRNOG00000010763",2
"ENSRNOG00000069620",0
"ENSRNOG00000015030",1468
"ENSRNOG00000011015",855
"ENSRNOG00000014787",0
"ENSRNOG00000066679",0
"ENSRNOG00000021020",0
"ENSRNOG00000019338",1
"ENSRNOG00000021016",0
"ENSRNOG00000020700",126
"ENSRNOG00000064437",101
"ENSRNOG00000016327",92
"ENSRNOG00000023847",0
"ENSRNOG00000069949",0
"ENSRNOG00000014829",193
"ENSRNOG00000020044",449
"ENSRNOG00000016595",0
"ENSRNOG00000060021",1
"ENSRNOG00000065515",0
"ENSRNOG00000064196",0
"ENSRNOG00000037798",32
"ENSRNOG00000060610",0
"ENSRNOG00000052810",11
"ENSRNOG00000017681",0
"ENSRNOG00000019616",1
"ENSRNOG00000055176",4
"ENSRNOG00000056940",1610
"ENSRNOG00000063855",1
"ENSRNOG00000016102",7
"ENSRNOG00000055298",0
"ENSRNOG00000029490",203
"ENSRNOG00000009462",171
"ENSRNOG00000060429",143
"ENSRNOG00000021109",5
"ENSRNOG00000018986",2
"ENSRNOG00000008824",0
"ENSRNOG00000063416",2
"ENSRNOG00000070289",2
"ENSRNOG00000051450",538
"ENSRNOG00000062471",0
"ENSRNOG00000061012",1110
"ENSRNOG00000013241",0
"ENSRNOG00000021118",1731
"ENSRNOG00000053735",101
"ENSRNOG00000002332",3
"ENSRNOG00000054418",0
"ENSRNOG00000015911",775
"ENSRNOG00000032034",1367
"ENSRNOG00000061533",123
"ENSRNOG00000009664",53
"ENSRNOG00000033775",0
"ENSRNOG00000066079",0
"ENSRNOG00000065821",0
"ENSRNOG00000021025",370
"ENSRNOG00000001466",0
"ENSRNOG00000011994",0
"ENSRNOG00000026572",43
"ENSRNOG00000020719",31
"ENSRNOG00000019560",51
"ENSRNOG00000062718",2
"ENSRNOG00000046480",78
"ENSRNOG00000017365",0
"ENSRNOG00000016807",2529
"ENSRNOG00000015865",1555
"ENSRNOG00000018007",284
"ENSRNOG00000069231",0
"ENSRNOG00000056733",0
"ENSRNOG00000028753",150
"ENSRNOG00000025375",4
"ENSRNOG00000020182",227
"ENSRNOG00000013190",183
"ENSRNOG00000013795",212
"ENSRNOG00000060603",242
"ENSRNOG00000019970",390
"ENSRNOG00000061348",18
"ENSRNOG00000031003",65
"ENSRNOG00000020652",2829
"ENSRNOG00000058286",0
"ENSRNOG00000037541",0
"ENSRNOG00000062473",125
"ENSRNOG00000070704",0
"ENSRNOG00000060972",613
"ENSRNOG00000070441",0
"ENSRNOG00000011975",503
"ENSRNOG00000019132",130
"ENSRNOG00000047901",0
"ENSRNOG00000070198",0
"ENSRNOG00000016368",206
"ENSRNOG00000004273",1
"ENSRNOG00000066811",0
"ENSRNOG00000021145",65
"ENSRNOG00000054391",645
"ENSRNOG00000020731",3
"ENSRNOG00000033343",7
"ENSRNOG00000066108",0
"ENSRNOG00000032819",0
"ENSRNOG00000070349",36
"ENSRNOG00000019578",6724
"ENSRNOG00000011174",1
"ENSRNOG00000017137",59
"ENSRNOG00000020897",2585
"ENSRNOG00000014186",68
"ENSRNOG00000012055",813
"ENSRNOG00000017753",146
"ENSRNOG00000029945",0
"ENSRNOG00000017975",0
"ENSRNOG00000051915",209
"ENSRNOG00000020746",3
"ENSRNOG00000011411",771
"ENSRNOG00000068342",167
"ENSRNOG00000026517",446
"ENSRNOG00000020991",1
"ENSRNOG00000065978",0
"ENSRNOG00000021147",609
"ENSRNOG00000018106",50
"ENSRNOG00000017621",374
"ENSRNOG00000024056",145
"ENSRNOG00000010964",2432
"ENSRNOG00000018411",157
"ENSRNOG00000023931",17
"ENSRNOG00000054181",0
"ENSRNOG00000014530",2696
"ENSRNOG00000065256",0
"ENSRNOG00000055194",0
"ENSRNOG00000011675",69
"ENSRNOG00000017446",2278
"ENSRNOG00000016244",2862
"ENSRNOG00000063516",0
"ENSRNOG00000016815",276
"ENSRNOG00000018936",176
"ENSRNOG00000014193",356
"ENSRNOG00000021659",8
"ENSRNOG00000014908",969
"ENSRNOG00000065298",0
"ENSRNOG00000064302",129
"ENSRNOG00000018379",105
"ENSRNOG00000019706",0
"ENSRNOG00000053084",104
"ENSRNOG00000020405",0
"ENSRNOG00000012322",51
"ENSRNOG00000064816",0
"ENSRNOG00000019254",157
"ENSRNOG00000018101",2
"ENSRNOG00000017243",261
"ENSRNOG00000063417",0
"ENSRNOG00000064650",0
"ENSRNOG00000066763",16
"ENSRNOG00000011526",1640
"ENSRNOG00000053366",6
"ENSRNOG00000033805",0
"ENSRNOG00000011882",564
"ENSRNOG00000018766",222
"ENSRNOG00000021103",6
"ENSRNOG00000017050",6
"ENSRNOG00000046727",0
"ENSRNOG00000014706",0
"ENSRNOG00000049517",332
"ENSRNOG00000017512",15
"ENSRNOG00000017519",0
"ENSRNOG00000062546",0
"ENSRNOG00000018191",0
"ENSRNOG00000063236",0
"ENSRNOG00000037580",1153
"ENSRNOG00000070428",0
"ENSRNOG00000012074",1306
"ENSRNOG00000017012",25
"ENSRNOG00000068955",697
"ENSRNOG00000022537",74
"ENSRNOG00000017620",0
"ENSRNOG00000019730",1012
"ENSRNOG00000019776",12
"ENSRNOG00000014030",16
"ENSRNOG00000062678",0
"ENSRNOG00000049944",460
"ENSRNOG00000020338",0
"ENSRNOG00000023968",72
"ENSRNOG00000026243",1871
"ENSRNOG00000066277",199
"ENSRNOG00000016717",151
"ENSRNOG00000055371",2
"ENSRNOG00000020533",3826
"ENSRNOG00000059224",708
"ENSRNOG00000018960",5928
"ENSRNOG00000037080",53
"ENSRNOG00000050453",33
"ENSRNOG00000014061",69
"ENSRNOG00000018873",1675
"ENSRNOG00000042776",165
"ENSRNOG00000021004",1
"ENSRNOG00000063590",964
"ENSRNOG00000018994",1949
"ENSRNOG00000017703",110
"ENSRNOG00000013840",1
"ENSRNOG00000019746",1125
"ENSRNOG00000013836",1866
"ENSRNOG00000011945",2943
"ENSRNOG00000029366",141
"ENSRNOG00000058388",1001
"ENSRNOG00000028470",0
"ENSRNOG00000037339",7
"ENSRNOG00000063077",0
"ENSRNOG00000017006",0
"ENSRNOG00000020848",196
"ENSRNOG00000018518",1044
"ENSRNOG00000019702",385
"ENSRNOG00000066741",0
"ENSRNOG00000055142",2
"ENSRNOG00000015829",1
"ENSRNOG00000012690",609
"ENSRNOG00000017097",199
"ENSRNOG00000063091",0
"ENSRNOG00000018850",0
"ENSRNOG00000020486",178
"ENSRNOG00000060599",0
"ENSRNOG00000042702",503
"ENSRNOG00000019949",352
"ENSRNOG00000025126",79
"ENSRNOG00000042878",0
"ENSRNOG00000020867",891
"ENSRNOG00000033714",0
"ENSRNOG00000017878",1
"ENSRNOG00000015807",9
"ENSRNOG00000025651",603
"ENSRNOG00000020443",2
"ENSRNOG00000011282",6455
"ENSRNOG00000019962",160
"ENSRNOG00000023521",312
"ENSRNOG00000055028",1133
"ENSRNOG00000015560",1186
"ENSRNOG00000020035",0
"ENSRNOG00000071144",0
"ENSRNOG00000020827",0
"ENSRNOG00000032723",559
"ENSRNOG00000047616",0
"ENSRNOG00000056396",0
"ENSRNOG00000043388",233
"ENSRNOG00000020560",0
"ENSRNOG00000042728",1154
"ENSRNOG00000011460",0
"ENSRNOG00000013009",2425
"ENSRNOG00000066554",0
"ENSRNOG00000019409",0
"ENSRNOG00000046297",0
"ENSRNOG00000020615",1183
"ENSRNOG00000070579",0
"ENSRNOG00000011011",3
"ENSRNOG00000017109",87
"ENSRNOG00000065836",0
"ENSRNOG00000012286",0
"ENSRNOG00000021117",347
"ENSRNOG00000025378",1
"ENSRNOG00000020130",1544
"ENSRNOG00000019529",636
"ENSRNOG00000010803",0
"ENSRNOG00000068066",17
"ENSRNOG00000016374",888
"ENSRNOG00000026114",575
"ENSRNOG00000064082",0
"ENSRNOG00000026514",1
"ENSRNOG00000020557",2
"ENSRNOG00000056946",1007
"ENSRNOG00000058030",186
"ENSRNOG00000011313",5
"ENSRNOG00000049179",103
"ENSRNOG00000032246",24
"ENSRNOG00000020660",19776
"ENSRNOG00000025075",16
"ENSRNOG00000019426",177
"ENSRNOG00000068556",0
"ENSRNOG00000013718",1074
"ENSRNOG00000013739",0
"ENSRNOG00000062758",0
"ENSRNOG00000037247",1782
"ENSRNOG00000065597",11
"ENSRNOG00000012052",0
"ENSRNOG00000036703",17
"ENSRNOG00000052273",83
"ENSRNOG00000013969",300
"ENSRNOG00000020817",0
"ENSRNOG00000018462",91
"ENSRNOG00000019124",0
"ENSRNOG00000063481",1
"ENSRNOG00000066191",0
"ENSRNOG00000016429",0
"ENSRNOG00000012366",1204
"ENSRNOG00000019080",165
"ENSRNOG00000013103",1
"ENSRNOG00000019194",0
"ENSRNOG00000068986",0
"ENSRNOG00000019278",2
"ENSRNOG00000059492",329
"ENSRNOG00000020489",1
"ENSRNOG00000018993",5946
"ENSRNOG00000018916",432
"ENSRNOG00000066224",6
"ENSRNOG00000066488",0
"ENSRNOG00000042605",0
"ENSRNOG00000069320",0
"ENSRNOG00000020380",5
"ENSRNOG00000014673",168
"ENSRNOG00000016206",653
"ENSRNOG00000016210",21
"ENSRNOG00000019145",1970
"ENSRNOG00000019674",122
"ENSRNOG00000065238",0
"ENSRNOG00000020617",359
"ENSRNOG00000017021",12
"ENSRNOG00000066358",95
"ENSRNOG00000031331",0
"ENSRNOG00000024288",0
"ENSRNOG00000011932",108
"ENSRNOG00000013436",0
"ENSRNOG00000032805",2
"ENSRNOG00000065747",11
"ENSRNOG00000013381",2008
"ENSRNOG00000020479",2412
"ENSRNOG00000036859",129
"ENSRNOG00000019883",291
"ENSRNOG00000016683",95
"ENSRNOG00000051867",24
"ENSRNOG00000045741",37
"ENSRNOG00000057384",187
"ENSRNOG00000019685",0
"ENSRNOG00000011308",642
"ENSRNOG00000030266",2362
"ENSRNOG00000021140",6
"ENSRNOG00000068399",2
"ENSRNOG00000016573",191
"ENSRNOG00000051578",76
"ENSRNOG00000064148",0
"ENSRNOG00000025167",368
"ENSRNOG00000021763",0
"ENSRNOG00000066618",578
"ENSRNOG00000043056",0
"ENSRNOG00000020495",1597
"ENSRNOG00000060206",1196
"ENSRNOG00000020596",608
"ENSRNOG00000015520",105
"ENSRNOG00000056036",57
"ENSRNOG00000055531",169
"ENSRNOG00000045838",382
"ENSRNOG00000020904",705
"ENSRNOG00000020271",1096
"ENSRNOG00000055796",0
"ENSRNOG00000032668",99
"ENSRNOG00000068024",2
"ENSRNOG00000028113",144
"ENSRNOG00000047124",375
"ENSRNOG00000012067",31
"ENSRNOG00000047696",0
"ENSRNOG00000020125",3
"ENSRNOG00000026115",505
"ENSRNOG00000042347",48
"ENSRNOG00000026857",106
"ENSRNOG00000020607",304
"ENSRNOG00000013057",351
"ENSRNOG00000070288",0
"ENSRNOG00000063345",0
"ENSRNOG00000019861",1077
"ENSRNOG00000013194",58
"ENSRNOG00000020906",247
"ENSRNOG00000032077",0
"ENSRNOG00000036571",35
"ENSRNOG00000012360",877
"ENSRNOG00000058133",16
"ENSRNOG00000023496",4
"ENSRNOG00000019178",532
"ENSRNOG00000014373",16
"ENSRNOG00000014187",2471
"ENSRNOG00000016498",147
"ENSRNOG00000061795",392
"ENSRNOG00000064840",10
"ENSRNOG00000019212",4405
"ENSRNOG00000070202",2
"ENSRNOG00000069377",0
"ENSRNOG00000020635",89
"ENSRNOG00000047176",0
"ENSRNOG00000017120",1542
"ENSRNOG00000020369",1
"ENSRNOG00000020276",0
"ENSRNOG00000069701",4
"ENSRNOG00000053583",0
"ENSRNOG00000042059",6
"ENSRNOG00000026040",10
"ENSRNOG00000012683",1023
"ENSRNOG00000068180",16
"ENSRNOG00000021499",0
"ENSRNOG00000022822",108
"ENSRNOG00000026891",752
"ENSRNOG00000068324",0
"ENSRNOG00000014565",425
"ENSRNOG00000022669",0
"ENSRNOG00000051815",71
"ENSRNOG00000051782",0
"ENSRNOG00000034038",0
"ENSRNOG00000019193",42
"ENSRNOG00000024363",431
"ENSRNOG00000060707",699
"ENSRNOG00000012357",376
"ENSRNOG00000024000",1
"ENSRNOG00000016978",0
"ENSRNOG00000011659",0
"ENSRNOG00000018928",37
"ENSRNOG00000011599",10
"ENSRNOG00000052070",1
"ENSRNOG00000069477",1
"ENSRNOG00000019879",0
"ENSRNOG00000049295",0
"ENSRNOG00000050282",2595
"ENSRNOG00000024245",0
"ENSRNOG00000054506",1
"ENSRNOG00000020835",34
"ENSRNOG00000043007",1746
"ENSRNOG00000012442",322
"ENSRNOG00000012236",0
"ENSRNOG00000014513",71
"ENSRNOG00000066021",0
"ENSRNOG00000018158",905
"ENSRNOG00000021106",805
"ENSRNOG00000015540",1650
"ENSRNOG00000021108",0
"ENSRNOG00000050104",1636
"ENSRNOG00000018390",2183
"ENSRNOG00000021484",677
"ENSRNOG00000018683",936
"ENSRNOG00000013563",0
"ENSRNOG00000063992",0
"ENSRNOG00000026957",0
"ENSRNOG00000017716",0
"ENSRNOG00000020583",906
"ENSRNOG00000050828",2004
"ENSRNOG00000065151",0
"ENSRNOG00000018385",0
"ENSRNOG00000025216",144
"ENSRNOG00000020953",22
"ENSRNOG00000018083",232
"ENSRNOG00000019301",0
"ENSRNOG00000026408",209
"ENSRNOG00000015518",1
"ENSRNOG00000069809",0
"ENSRNOG00000017762",6
"ENSRNOG00000065783",37
"ENSRNOG00000055775",0
"ENSRNOG00000023274",203
"ENSRNOG00000021207",1
"ENSRNOG00000050024",0
"ENSRNOG00000071184",0
"ENSRNOG00000019666",623
"ENSRNOG00000049277",3
"ENSRNOG00000028909",0
"ENSRNOG00000020527",1066
"ENSRNOG00000047431",2
"ENSRNOG00000018207",492
"ENSRNOG00000033881",1
"ENSRNOG00000016358",0
"ENSRNOG00000069807",0
"ENSRNOG00000026527",36
"ENSRNOG00000019725",3438
"ENSRNOG00000019982",526
"ENSRNOG00000045568",856
"ENSRNOG00000016728",150
"ENSRNOG00000036649",103
"ENSRNOG00000070689",113
"ENSRNOG00000045561",194
"ENSRNOG00000020595",18343
"ENSRNOG00000018674",565
"ENSRNOG00000020389",3
"ENSRNOG00000055506",6
"ENSRNOG00000018322",8701
"ENSRNOG00000064559",0
"ENSRNOG00000019851",74
"ENSRNOG00000016120",0
"ENSRNOG00000019920",7
"ENSRNOG00000020839",69
"ENSRNOG00000064232",100
"ENSRNOG00000050180",1118
"ENSRNOG00000067792",0
"ENSRNOG00000019675",9
"ENSRNOG00000020551",1014
"ENSRNOG00000047756",2203
"ENSRNOG00000013374",0
"ENSRNOG00000020245",0
"ENSRNOG00000066875",204
"ENSRNOG00000018962",436
"ENSRNOG00000014486",90
"ENSRNOG00000024793",65
"ENSRNOG00000056223",249
"ENSRNOG00000012292",222
"ENSRNOG00000020433",21119
"ENSRNOG00000046635",143
"ENSRNOG00000020618",2356
"ENSRNOG00000012698",1195
"ENSRNOG00000050741",48
"ENSRNOG00000010775",131
"ENSRNOG00000019935",325
"ENSRNOG00000012383",976
"ENSRNOG00000020301",0
"ENSRNOG00000026296",4
"ENSRNOG00000019960",510
"ENSRNOG00000020614",43
"ENSRNOG00000012404",0
"ENSRNOG00000017487",2
"ENSRNOG00000016926",0
"ENSRNOG00000064709",0
"ENSRNOG00000046333",462
"ENSRNOG00000019461",71
"ENSRNOG00000063251",0
"ENSRNOG00000012494",55
"ENSRNOG00000050624",110
"ENSRNOG00000016751",365
"ENSRNOG00000067190",0
"ENSRNOG00000021050",1
"ENSRNOG00000019077",1376
"ENSRNOG00000021029",0
"ENSRNOG00000027505",0
"ENSRNOG00000030907",2
"ENSRNOG00000014862",0
"ENSRNOG00000013017",282
"ENSRNOG00000036604",600
"ENSRNOG00000019190",0
"ENSRNOG00000019439",1854
"ENSRNOG00000019358",55
"ENSRNOG00000017195",1113
"ENSRNOG00000016603",29
"ENSRNOG00000065273",2065
"ENSRNOG00000067633",0
"ENSRNOG00000069759",0
"ENSRNOG00000018987",290
"ENSRNOG00000068256",0
"ENSRNOG00000062262",0
"ENSRNOG00000027374",0
"ENSRNOG00000049161",0
"ENSRNOG00000022748",96
"ENSRNOG00000016689",149
"ENSRNOG00000018929",54
"ENSRNOG00000020623",188
"ENSRNOG00000018487",3039
"ENSRNOG00000019701",235
"ENSRNOG00000022386",0
"ENSRNOG00000033733",3
"ENSRNOG00000026005",673
"ENSRNOG00000060269",12
"ENSRNOG00000032293",252
"ENSRNOG00000020354",940
"ENSRNOG00000064201",0
"ENSRNOG00000024530",49
"ENSRNOG00000020637",3
"ENSRNOG00000015003",97
"ENSRNOG00000018725",740
"ENSRNOG00000030981",10
"ENSRNOG00000055401",1
"ENSRNOG00000054955",0
"ENSRNOG00000017118",2575
"ENSRNOG00000033507",0
"ENSRNOG00000070964",119
"ENSRNOG00000033744",0
"ENSRNOG00000022900",0
"ENSRNOG00000014783",259
"ENSRNOG00000020634",126
"ENSRNOG00000011637",0
"ENSRNOG00000050426",1
"ENSRNOG00000019724",7560
"ENSRNOG00000016496",1
"ENSRNOG00000048733",410
"ENSRNOG00000022839",6
"ENSRNOG00000014923",12
"ENSRNOG00000025142",202
"ENSRNOG00000020148",3
"ENSRNOG00000067262",3540
"ENSRNOG00000063548",0
"ENSRNOG00000025052",237
"ENSRNOG00000017842",2
"ENSRNOG00000033901",0
"ENSRNOG00000018815",313
"ENSRNOG00000020726",463
"ENSRNOG00000053015",50
"ENSRNOG00000068678",0
"ENSRNOG00000020650",5
"ENSRNOG00000047027",0
"ENSRNOG00000065380",1
"ENSRNOG00000019245",430
"ENSRNOG00000011680",120
"ENSRNOG00000036603",51
"ENSRNOG00000020060",367
"ENSRNOG00000020430",861
"ENSRNOG00000019687",0
"ENSRNOG00000017619",10
"ENSRNOG00000018163",25
"ENSRNOG00000017850",44
"ENSRNOG00000047401",0
"ENSRNOG00000064037",5
"ENSRNOG00000015078",4997
"ENSRNOG00000020505",6
"ENSRNOG00000014936",4087
"ENSRNOG00000018052",2349
"ENSRNOG00000019050",21
"ENSRNOG00000019342",3
"ENSRNOG00000022321",99
"ENSRNOG00000020191",375
"ENSRNOG00000018974",0
"ENSRNOG00000036645",0
"ENSRNOG00000018042",460
"ENSRNOG00000064039",0
"ENSRNOG00000059551",0
"ENSRNOG00000020903",154
"ENSRNOG00000018840",213
"ENSRNOG00000004144",9
"ENSRNOG00000018391",1281
"ENSRNOG00000020289",2520
"ENSRNOG00000017227",1335
"ENSRNOG00000020851",1540
"ENSRNOG00000011068",219
"ENSRNOG00000043141",113
"ENSRNOG00000015088",2103
"ENSRNOG00000064647",400
"ENSRNOG00000017114",582
"ENSRNOG00000060008",318
"ENSRNOG00000018176",2041
"ENSRNOG00000021724",2
"ENSRNOG00000020638",13
"ENSRNOG00000060693",86
"ENSRNOG00000051256",139
"ENSRNOG00000027228",0
"ENSRNOG00000029061",79
"ENSRNOG00000017510",637
"ENSRNOG00000018838",74
"ENSRNOG00000017222",920
"ENSRNOG00000065211",0
"ENSRNOG00000020918",1869
"ENSRNOG00000017889",141
"ENSRNOG00000070275",0
"ENSRNOG00000014589",108
"ENSRNOG00000017608",601
"ENSRNOG00000020864",0
"ENSRNOG00000017927",2
"ENSRNOG00000023360",399
"ENSRNOG00000068667",2
"ENSRNOG00000019873",990
"ENSRNOG00000030888",3786
"ENSRNOG00000011683",0
"ENSRNOG00000018599",939
"ENSRNOG00000021689",321
"ENSRNOG00000024036",82
"ENSRNOG00000066192",0
"ENSRNOG00000015727",680
"ENSRNOG00000069824",0
"ENSRNOG00000024625",571
"ENSRNOG00000011352",1767
"ENSRNOG00000017725",0
"ENSRNOG00000020484",0
"ENSRNOG00000020742",2083
"ENSRNOG00000018877",205
"ENSRNOG00000020922",1752
"ENSRNOG00000069778",0
"ENSRNOG00000011213",60
"ENSRNOG00000020929",336
"ENSRNOG00000018627",72
"ENSRNOG00000030180",0
"ENSRNOG00000019858",21
"ENSRNOG00000019813",874
"ENSRNOG00000019913",1279
"ENSRNOG00000067655",32
"ENSRNOG00000023530",0
"ENSRNOG00000019005",341
"ENSRNOG00000014234",404
"ENSRNOG00000016593",0
"ENSRNOG00000014471",1
"ENSRNOG00000021924",1
"ENSRNOG00000022521",45
"ENSRNOG00000052802",767
"ENSRNOG00000012196",108
"ENSRNOG00000010630",433
"ENSRNOG00000033195",0
"ENSRNOG00000067451",0
"ENSRNOG00000014078",1402
"ENSRNOG00000036866",719
"ENSRNOG00000014183",916
"ENSRNOG00000065313",1
"ENSRNOG00000014482",646
"ENSRNOG00000065825",0
"ENSRNOG00000012061",0
"ENSRNOG00000020076",540
"ENSRNOG00000059786",0
"ENSRNOG00000030689",17
"ENSRNOG00000020081",143
"ENSRNOG00000047986",0
"ENSRNOG00000014833",217
"ENSRNOG00000050742",237
"ENSRNOG00000012898",0
"ENSRNOG00000021405",0
"ENSRNOG00000016770",920
"ENSRNOG00000070398",0
"ENSRNOG00000067528",0
"ENSRNOG00000019914",35
"ENSRNOG00000028746",1364
"ENSRNOG00000063815",0
"ENSRNOG00000048028",252
"ENSRNOG00000069697",24
"ENSRNOG00000062869",0
"ENSRNOG00000066824",0
"ENSRNOG00000069311",80
"ENSRNOG00000046915",1
"ENSRNOG00000014276",758
"ENSRNOG00000031328",247
"ENSRNOG00000016701",209
"ENSRNOG00000027944",0
"ENSRNOG00000042679",759
"ENSRNOG00000027919",30
"ENSRNOG00000013890",0
"ENSRNOG00000068425",0
"ENSRNOG00000026432",14
"ENSRNOG00000011262",1263
"ENSRNOG00000026065",0
"ENSRNOG00000028617",0
"ENSRNOG00000064978",0
"ENSRNOG00000043503",1693
"ENSRNOG00000062534",1866
"ENSRNOG00000019464",256
"ENSRNOG00000001492",159
"ENSRNOG00000021916",376
"ENSRNOG00000064242",0
"ENSRNOG00000015304",90
"ENSRNOG00000062406",461
"ENSRNOG00000015376",10
"ENSRNOG00000020773",314
"ENSRNOG00000047204",0
"ENSRNOG00000020039",60
"ENSRNOG00000016907",571
"ENSRNOG00000025799",0
"ENSRNOG00000038251",0
"ENSRNOG00000053347",54
"ENSRNOG00000025110",20
"ENSRNOG00000040273",4727
"ENSRNOG00000021390",67
"ENSRNOG00000020144",303
"ENSRNOG00000062548",8
"ENSRNOG00000014531",1086
"ENSRNOG00000014256",2
"ENSRNOG00000020165",15
"ENSRNOG00000028832",0
"ENSRNOG00000020434",13
"ENSRNOG00000030788",0
"ENSRNOG00000071102",0
"ENSRNOG00000023314",0
"ENSRNOG00000020294",0
"ENSRNOG00000014353",601
"ENSRNOG00000069356",0
"ENSRNOG00000009482",261
"ENSRNOG00000068806",1
"ENSRNOG00000037415",83
"ENSRNOG00000036760",0
"ENSRNOG00000063830",1
"ENSRNOG00000062555",1
"ENSRNOG00000068225",0
"ENSRNOG00000042158",0
"ENSRNOG00000014768",2874
"ENSRNOG00000027936",143
"ENSRNOG00000058050",2415
"ENSRNOG00000021021",0
"ENSRNOG00000019973",222
"ENSRNOG00000060146",465
"ENSRNOG00000050395",0
"ENSRNOG00000020075",17614
"ENSRNOG00000067421",0
"ENSRNOG00000065857",0
"ENSRNOG00000021062",506
"ENSRNOG00000026039",2
"ENSRNOG00000030616",8
"ENSRNOG00000001494",1780
"ENSRNOG00000037467",0
"ENSRNOG00000014215",813
"ENSRNOG00000023296",317
"ENSRNOG00000069798",0
"ENSRNOG00000019142",673
"ENSRNOG00000039955",0
"ENSRNOG00000020776",226
"ENSRNOG00000053725",409
"ENSRNOG00000017198",0
"ENSRNOG00000012259",0
"ENSRNOG00000014979",0
"ENSRNOG00000063119",0
"ENSRNOG00000020705",22
"ENSRNOG00000011245",128
"ENSRNOG00000021113",438
"ENSRNOG00000062873",0
"ENSRNOG00000032677",3734
"ENSRNOG00000014907",0
"ENSRNOG00000015128",861
"ENSRNOG00000010861",941
"ENSRNOG00000063968",0
"ENSRNOG00000020457",1247
"ENSRNOG00000015229",779
"ENSRNOG00000021053",328
"ENSRNOG00000020692",440
"ENSRNOG00000063913",0
"ENSRNOG00000015473",191
"ENSRNOG00000021060",2
"ENSRNOG00000015948",949
"ENSRNOG00000020873",1
"ENSRNOG00000025350",966
"ENSRNOG00000064444",180
"ENSRNOG00000016055",628
"ENSRNOG00000012701",5
"ENSRNOG00000045677",1
"ENSRNOG00000016145",701
"ENSRNOG00000017955",77
"ENSRNOG00000020807",104
"ENSRNOG00000046667",140
"ENSRNOG00000013279",29
"ENSRNOG00000047605",28
"ENSRNOG00000010117",2708
"ENSRNOG00000018282",40
"ENSRNOG00000013456",196
"ENSRNOG00000070097",2
"ENSRNOG00000025111",17
"ENSRNOG00000049028",10
"ENSRNOG00000024931",0
"ENSRNOG00000067230",0
"ENSRNOG00000011720",444
"ENSRNOG00000066925",295
"ENSRNOG00000024278",727
"ENSRNOG00000014132",60
"ENSRNOG00000019507",651
"ENSRNOG00000012387",0
"ENSRNOG00000062787",0
"ENSRNOG00000070506",8
"ENSRNOG00000012311",0
"ENSRNOG00000020907",0
"ENSRNOG00000054568",0
"ENSRNOG00000062379",0
"ENSRNOG00000014254",1372
"ENSRNOG00000021085",3711
"ENSRNOG00000020451",50
"ENSRNOG00000027607",0
"ENSRNOG00000049951",455
"ENSRNOG00000055934",0
"ENSRNOG00000027288",0
"ENSRNOG00000020702",781
"ENSRNOG00000013422",1484
"ENSRNOG00000029485",0
"ENSRNOG00000021123",121
"ENSRNOG00000021052",1384
"ENSRNOG00000062949",0
"ENSRNOG00000019229",331
"ENSRNOG00000020845",0
"ENSRNOG00000020704",92
"ENSRNOG00000034000",0
"ENSRNOG00000020849",0
"ENSRNOG00000017225",1333
"ENSRNOG00000022737",0
"ENSRNOG00000013202",527
"ENSRNOG00000067501",417
"ENSRNOG00000024331",0
"ENSRNOG00000013791",377
"ENSRNOG00000021125",2914
"ENSRNOG00000046000",382
"ENSRNOG00000015036",54422
"ENSRNOG00000013239",415
"ENSRNOG00000009954",2151
"ENSRNOG00000033235",156
"ENSRNOG00000063281",0
"ENSRNOG00000025951",0
"ENSRNOG00000025890",452
"ENSRNOG00000016073",0
"ENSRNOG00000064373",16
"ENSRNOG00000013845",131
"ENSRNOG00000064229",2
"ENSRNOG00000055286",977
"ENSRNOG00000020872",1
"ENSRNOG00000016367",4077
"ENSRNOG00000045543",62
"ENSRNOG00000011134",16
"ENSRNOG00000016265",2809
"ENSRNOG00000069626",0
"ENSRNOG00000019260",0
"ENSRNOG00000019964",726
"ENSRNOG00000062857",0
"ENSRNOG00000069343",0
"ENSRNOG00000021023",0
"ENSRNOG00000063303",0
"ENSRNOG00000043416",32
"ENSRNOG00000012536",882
"ENSRNOG00000062338",0
"ENSRNOG00000054771",0
"ENSRNOG00000064016",0
"ENSRNOG00000058701",0
"ENSRNOG00000013023",1032
"ENSRNOG00000047783",0
"ENSRNOG00000059451",0
"ENSRNOG00000069415",0
"ENSRNOG00000064394",0
"ENSRNOG00000064313",0
"ENSRNOG00000064859",0
"ENSRNOG00000056651",2147
"ENSRNOG00000063075",0
"ENSRNOG00000053726",0
"ENSRNOG00000014671",0
"ENSRNOG00000016756",0
"ENSRNOG00000066430",0
"ENSRNOG00000066090",0
"ENSRNOG00000070373",0
"ENSRNOG00000068998",0
"ENSRNOG00000068164",0
"ENSRNOG00000026848",0
"ENSRNOG00000020636",364
"ENSRNOG00000066861",0
"ENSRNOG00000020715",7832
"ENSRNOG00000019220",562
"ENSRNOG00000058087",0
"ENSRNOG00000066787",0
"ENSRNOG00000029825",0
"ENSRNOG00000069284",0
"ENSRNOG00000066821",0
"ENSRNOG00000061657",0
"ENSRNOG00000064132",894
"ENSRNOG00000015852",1936
"ENSRNOG00000059226",0
"ENSRNOG00000020676",511
"ENSRNOG00000068933",0
"ENSRNOG00000020250",204
"ENSRNOG00000056605",0
"ENSRNOG00000052644",1
"ENSRNOG00000031700",158
"ENSRNOG00000020939",0
"ENSRNOG00000052375",0
"ENSRNOG00000070882",0
"ENSRNOG00000056383",0
"ENSRNOG00000018730",629
"ENSRNOG00000060033",0
"ENSRNOG00000014997",1652
"ENSRNOG00000051400",0
"ENSRNOG00000054845",0
"ENSRNOG00000020881",608
"ENSRNOG00000052274",0
"ENSRNOG00000057302",0
"ENSRNOG00000058048",0
"ENSRNOG00000054906",0
"ENSRNOG00000052529",0
"ENSRNOG00000049464",0
"ENSRNOG00000020201",993
"ENSRNOG00000056570",0
"ENSRNOG00000020687",42
"ENSRNOG00000057316",0
"ENSRNOG00000020021",5
"ENSRNOG00000069029",0
"ENSRNOG00000065477",0
"ENSRNOG00000066898",0
"ENSRNOG00000048848",180
"ENSRNOG00000054326",0
"ENSRNOG00000051415",0
"ENSRNOG00000062449",0
"ENSRNOG00000068699",0
"ENSRNOG00000054954",1
"ENSRNOG00000039865",2
"ENSRNOG00000066016",0
"ENSRNOG00000058518",0
"ENSRNOG00000058612",0
"ENSRNOG00000017294",220
"ENSRNOG00000016219",22
"ENSRNOG00000070599",0
"ENSRNOG00000055235",0
"ENSRNOG00000012591",0
"ENSRNOG00000020989",128
"ENSRNOG00000063019",0
"ENSRNOG00000063624",0
"ENSRNOG00000020890",0
"ENSRNOG00000013994",3069
"ENSRNOG00000071180",0
"ENSRNOG00000021057",1829
"ENSRNOG00000016337",0
"ENSRNOG00000057287",0
"ENSRNOG00000017699",0
"ENSRNOG00000057762",1
"ENSRNOG00000042330",3
"ENSRNOG00000063671",0
"ENSRNOG00000069014",0
"ENSRNOG00000018107",2170
"ENSRNOG00000069257",0
"ENSRNOG00000015868",0
"ENSRNOG00000065928",0
"ENSRNOG00000069776",8
"ENSRNOG00000015271",101
"ENSRNOG00000011346",5202
"ENSRNOG00000057595",0
"ENSRNOG00000054413",0
"ENSRNOG00000068160",0
"ENSRNOG00000064297",0
"ENSRNOG00000036576",1158
"ENSRNOG00000060256",0
"ENSRNOG00000020000",362
"ENSRNOG00000027161",92
"ENSRNOG00000070002",0
"ENSRNOG00000066094",11
"ENSRNOG00000045795",425
"ENSRNOG00000054919",0
"ENSRNOG00000061526",1
"ENSRNOG00000058441",0
"ENSRNOG00000021133",718
"ENSRNOG00000055858",1
"ENSRNOG00000056552",0
"ENSRNOG00000051330",0
"ENSRNOG00000016625",2
"ENSRNOG00000067944",1
"ENSRNOG00000025476",243
"ENSRNOG00000021174",152
"ENSRNOG00000056695",0
"ENSRNOG00000017002",0
"ENSRNOG00000023863",0
"ENSRNOG00000062946",14
"ENSRNOG00000051994",0
"ENSRNOG00000021139",44
"ENSRNOG00000055626",0
"ENSRNOG00000066467",0
"ENSRNOG00000027156",74
"ENSRNOG00000062785",0
"ENSRNOG00000014984",545
"ENSRNOG00000022946",0
"ENSRNOG00000013304",72
"ENSRNOG00000053994",0
"ENSRNOG00000018978",0
"ENSRNOG00000060119",0
"ENSRNOG00000056990",0
"ENSRNOG00000020703",535
"ENSRNOG00000068737",0
"ENSRNOG00000012514",284
"ENSRNOG00000014675",604
"ENSRNOG00000015598",35
"ENSRNOG00000055881",0
"ENSRNOG00000042786",584
"ENSRNOG00000059251",1
"ENSRNOG00000070315",0
"ENSRNOG00000069514",0
"ENSRNOG00000015085",12
"ENSRNOG00000068948",0
"ENSRNOG00000064681",0
"ENSRNOG00000021071",0
"ENSRNOG00000063530",0
"ENSRNOG00000059386",607
"ENSRNOG00000064306",0
"ENSRNOG00000017326",690
"ENSRNOG00000016411",471
"ENSRNOG00000063743",0
"ENSRNOG00000021090",18
"ENSRNOG00000071006",0
"ENSRNOG00000014173",482
"ENSRNOG00000020941",651
"ENSRNOG00000065738",0
"ENSRNOG00000029399",560
"ENSRNOG00000062905",0
"ENSRNOG00000018553",725
"ENSRNOG00000069190",0
"ENSRNOG00000020247",22
"ENSRNOG00000067483",100
"ENSRNOG00000017223",6
"ENSRNOG00000068769",0
"ENSRNOG00000064470",0
"ENSRNOG00000067484",0
"ENSRNOG00000043088",0
"ENSRNOG00000060933",0
"ENSRNOG00000067177",0
"ENSRNOG00000064817",0
"ENSRNOG00000016448",513
"ENSRNOG00000057912",0
"ENSRNOG00000015406",2587
"ENSRNOG00000027459",322
"ENSRNOG00000067875",0
"ENSRNOG00000015670",1012
"ENSRNOG00000022289",763
"ENSRNOG00000024497",11
"ENSRNOG00000061412",0
"ENSRNOG00000058715",0
"ENSRNOG00000020935",495
"ENSRNOG00000068343",0
"ENSRNOG00000019202",513
"ENSRNOG00000063140",0
"ENSRNOG00000062468",0
"ENSRNOG00000025245",975
"ENSRNOG00000018018",0
"ENSRNOG00000068901",0
"ENSRNOG00000020996",309
"ENSRNOG00000016089",0
"ENSRNOG00000062886",0
"ENSRNOG00000066651",1
"ENSRNOG00000067806",0
"ENSRNOG00000068836",0
"ENSRNOG00000067110",0
"ENSRNOG00000062579",0
"ENSRNOG00000027487",3208
"ENSRNOG00000067331",0
"ENSRNOG00000062847",0
"ENSRNOG00000020784",1
"ENSRNOG00000071174",0
"ENSRNOG00000068398",0
"ENSRNOG00000070897",658
"ENSRNOG00000065172",0
"ENSRNOG00000020957",4
"ENSRNOG00000052664",2494
"ENSRNOG00000069147",0
"ENSRNOG00000012782",108
"ENSRNOG00000022153",1357
"ENSRNOG00000043328",471
"ENSRNOG00000070833",0
"ENSRNOG00000012142",0
"ENSRNOG00000019771",4
"ENSRNOG00000012346",1129
"ENSRNOG00000020299",506
"ENSRNOG00000027514",1135
"ENSRNOG00000018847",1457
"ENSRNOG00000021179",507
"ENSRNOG00000055525",715
"ENSRNOG00000016058",73
"ENSRNOG00000027550",43
"ENSRNOG00000020620",2
"ENSRNOG00000018086",1
"ENSRNOG00000013387",117
"ENSRNOG00000064524",6
"ENSRNOG00000049821",0
"ENSRNOG00000015232",7
"ENSRNOG00000024309",648
"ENSRNOG00000019069",4125
"ENSRNOG00000048337",381
"ENSRNOG00000054618",0
"ENSRNOG00000017448",13
"ENSRNOG00000022428",6
"ENSRNOG00000068513",0
"ENSRNOG00000020350",1366
"ENSRNOG00000011815",197
"ENSRNOG00000017463",80
"ENSRNOG00000021573",2392
"ENSRNOG00000017468",91
"ENSRNOG00000019266",1621
"ENSRNOG00000043378",4
"ENSRNOG00000013565",455
"ENSRNOG00000020409",1
"ENSRNOG00000019341",690
"ENSRNOG00000063960",0
"ENSRNOG00000056208",0
"ENSRNOG00000070696",3
"ENSRNOG00000070767",16
"ENSRNOG00000022044",0
"ENSRNOG00000019965",14299
"ENSRNOG00000017692",456
"ENSRNOG00000017980",3
"ENSRNOG00000016371",131
"ENSRNOG00000036615",0
"ENSRNOG00000057645",13
"ENSRNOG00000019419",75
"ENSRNOG00000036622",0
"ENSRNOG00000020552",125
"ENSRNOG00000018215",0
"ENSRNOG00000021097",0
"ENSRNOG00000037931",560
"ENSRNOG00000047061",2
"ENSRNOG00000016627",14
"ENSRNOG00000021828",2291
"ENSRNOG00000017064",1
"ENSRNOG00000070113",0
"ENSRNOG00000070266",0
"ENSRNOG00000043486",4
"ENSRNOG00000016700",0
"ENSRNOG00000022742",62
"ENSRNOG00000016280",511
"ENSRNOG00000048688",0
"ENSRNOG00000046222",43
"ENSRNOG00000063861",0
"ENSRNOG00000016883",280
"ENSRNOG00000059513",0
"ENSRNOG00000024065",3
"ENSRNOG00000012122",0
"ENSRNOG00000017412",61
"ENSRNOG00000067391",0
"ENSRNOG00000063690",0
"ENSRNOG00000025581",0
"ENSRNOG00000013847",0
"ENSRNOG00000059500",4
"ENSRNOG00000048495",514
"ENSRNOG00000013323",455
"ENSRNOG00000067152",0
"ENSRNOG00000020388",336
"ENSRNOG00000013965",211
"ENSRNOG00000029608",0
"ENSRNOG00000026764",0
"ENSRNOG00000067512",12
"ENSRNOG00000017419",204
"ENSRNOG00000021102",4
"ENSRNOG00000063892",0
"ENSRNOG00000013192",0
"ENSRNOG00000014928",435
"ENSRNOG00000015465",67
"ENSRNOG00000058291",16
"ENSRNOG00000014786",77
"ENSRNOG00000019596",267
"ENSRNOG00000017230",724
"ENSRNOG00000014485",1225
"ENSRNOG00000021098",863
"ENSRNOG00000051051",468
"ENSRNOG00000011584",137
"ENSRNOG00000024243",180
"ENSRNOG00000015912",744
"ENSRNOG00000020598",214
"ENSRNOG00000023367",0
"ENSRNOG00000028247",48
"ENSRNOG00000016434",210
"ENSRNOG00000013331",943
"ENSRNOG00000036592",98
"ENSRNOG00000062907",0
"ENSRNOG00000021067",5
"ENSRNOG00000019862",79
"ENSRNOG00000021175",140
"ENSRNOG00000018137",450
"ENSRNOG00000021644",1
"ENSRNOG00000014163",0
"ENSRNOG00000057569",34339
"ENSRNOG00000019915",259
"ENSRNOG00000017164",843
"ENSRNOG00000020781",552
"ENSRNOG00000021338",842
"ENSRNOG00000032042",721
"ENSRNOG00000061774",0
"ENSRNOG00000066708",0
"ENSRNOG00000014190",87
"ENSRNOG00000018985",650
"ENSRNOG00000068291",0
"ENSRNOG00000020799",432
"ENSRNOG00000036641",1
"ENSRNOG00000022485",1107
"ENSRNOG00000062751",5
"ENSRNOG00000069113",2272
"ENSRNOG00000064819",0
"ENSRNOG00000066174",0
"ENSRNOG00000026501",0
"ENSRNOG00000018272",180
"ENSRNOG00000066988",59
"ENSRNOG00000024677",66
"ENSRNOG00000016416",1726
"ENSRNOG00000011114",6
"ENSRNOG00000030572",428
"ENSRNOG00000017731",208
"ENSRNOG00000020689",241
"ENSRNOG00000021202",2982
"ENSRNOG00000011161",144
"ENSRNOG00000042944",41
"ENSRNOG00000020997",6
"ENSRNOG00000017302",0
"ENSRNOG00000017298",50
"ENSRNOG00000046776",0
"ENSRNOG00000013364",2939
"ENSRNOG00000021137",337
"ENSRNOG00000020480",690
"ENSRNOG00000011568",9
"ENSRNOG00000036598",273
"ENSRNOG00000042397",0
"ENSRNOG00000014240",141
"ENSRNOG00000067478",0
"ENSRNOG00000020394",1317
"ENSRNOG00000057578",0
"ENSRNOG00000019968",567
"ENSRNOG00000063244",60
"ENSRNOG00000012720",1
"ENSRNOG00000021144",492
"ENSRNOG00000032706",0
"ENSRNOG00000027370",0
"ENSRNOG00000011588",349
"ENSRNOG00000018337",0
"ENSRNOG00000028017",1293
"ENSRNOG00000021018",0
"ENSRNOG00000020514",11
"ENSRNOG00000018237",2537
"ENSRNOG00000027724",273
"ENSRNOG00000011622",130
"ENSRNOG00000019112",0
"ENSRNOG00000021119",172
"ENSRNOG00000019311",733
"ENSRNOG00000067490",0
"ENSRNOG00000055547",14
"ENSRNOG00000021086",105
"ENSRNOG00000013938",50
"ENSRNOG00000016253",0
"ENSRNOG00000061597",14
"ENSRNOG00000012458",6
"ENSRNOG00000064485",15
"ENSRNOG00000019435",23
"ENSRNOG00000024266",71
"ENSRNOG00000017414",232
"ENSRNOG00000068028",0
"ENSRNOG00000066874",82
"ENSRNOG00000018860",111
"ENSRNOG00000037485",0
"ENSRNOG00000016960",620
"ENSRNOG00000042309",5
"ENSRNOG00000019509",29
"ENSRNOG00000016166",10048
"ENSRNOG00000012324",3
"ENSRNOG00000019574",241
"ENSRNOG00000017396",969
"ENSRNOG00000028261",36
"ENSRNOG00000020985",4
"ENSRNOG00000067971",0
"ENSRNOG00000013971",1229
"ENSRNOG00000019902",3
"ENSRNOG00000014721",571
"ENSRNOG00000069558",2
"ENSRNOG00000021054",1117
"ENSRNOG00000012581",0
"ENSRNOG00000025353",31
"ENSRNOG00000019936",164
"ENSRNOG00000021156",2015
"ENSRNOG00000028357",7
"ENSRNOG00000020888",0
"ENSRNOG00000066761",0
"ENSRNOG00000066093",413
"ENSRNOG00000023434",0
"ENSRNOG00000015051",4
"ENSRNOG00000021061",105
"ENSRNOG00000014966",333
"ENSRNOG00000020016",380
"ENSRNOG00000025327",21
"ENSRNOG00000016136",0
"ENSRNOG00000012344",1
"ENSRNOG00000018446",0
"ENSRNOG00000070172",1
"ENSRNOG00000063986",4
"ENSRNOG00000015220",0
"ENSRNOG00000020124",37
"ENSRNOG00000064947",1
"ENSRNOG00000062358",0
"ENSRNOG00000062531",149
"ENSRNOG00000020646",1137
"ENSRNOG00000043060",182
"ENSRNOG00000017938",1184
"ENSRNOG00000039776",564
"ENSRNOG00000066254",0
"ENSRNOG00000053659",729
"ENSRNOG00000070447",0
"ENSRNOG00000000417",935
"ENSRNOG00000018243",1483
"ENSRNOG00000012719",1
"ENSRNOG00000015159",130
"ENSRNOG00000064454",0
"ENSRNOG00000033609",0
"ENSRNOG00000022994",0
"ENSRNOG00000070229",0
"ENSRNOG00000015213",307
"ENSRNOG00000027590",3
"ENSRNOG00000036608",67
"ENSRNOG00000021203",1618
"ENSRNOG00000020150",42
"ENSRNOG00000019570",29
"ENSRNOG00000009146",0
"ENSRNOG00000021006",1128
"ENSRNOG00000066743",0
"ENSRNOG00000012609",0
"ENSRNOG00000024073",2
"ENSRNOG00000068261",1
"ENSRNOG00000020009",86
"ENSRNOG00000037380",2898
"ENSRNOG00000020175",145
"ENSRNOG00000018476",92
"ENSRNOG00000052393",386
"ENSRNOG00000048297",3440
"ENSRNOG00000062334",1
"ENSRNOG00000011074",0
"ENSRNOG00000039743",2
"ENSRNOG00000021164",3218
"ENSRNOG00000020188",17
"ENSRNOG00000021009",25
"ENSRNOG00000066713",4
"ENSRNOG00000020932",0
"ENSRNOG00000015676",251
"ENSRNOG00000018827",0
"ENSRNOG00000011243",0
"ENSRNOG00000020242",0
"ENSRNOG00000018129",1235
"ENSRNOG00000057173",0
"ENSRNOG00000021015",60
"ENSRNOG00000020668",1219
"ENSRNOG00000020251",0
"ENSRNOG00000014037",4
"ENSRNOG00000013443",4046
"ENSRNOG00000020293",0
"ENSRNOG00000019302",281
"ENSRNOG00000022673",6
"ENSRNOG00000021079",133
"ENSRNOG00000069673",1252
"ENSRNOG00000016301",1172
"ENSRNOG00000048275",2
"ENSRNOG00000021158",87
"ENSRNOG00000021087",0
"ENSRNOG00000017469",19616
"ENSRNOG00000011310",44
"ENSRNOG00000023023",71
"ENSRNOG00000021161",0
"ENSRNOG00000014463",633
"ENSRNOG00000020196",1
"ENSRNOG00000018367",682
"ENSRNOG00000015321",2
"ENSRNOG00000012229",0
"ENSRNOG00000027646",282
"ENSRNOG00000067737",27
"ENSRNOG00000013291",0
"ENSRNOG00000027102",0
"ENSRNOG00000014431",104
"ENSRNOG00000019846",0
"ENSRNOG00000014455",18
"ENSRNOG00000011399",10
"ENSRNOG00000024172",0
"ENSRNOG00000011885",131
"ENSRNOG00000068973",0
"ENSRNOG00000019807",927
"ENSRNOG00000064127",0
"ENSRNOG00000062966",0
"ENSRNOG00000066810",0
"ENSRNOG00000063903",9
"ENSRNOG00000070586",0
"ENSRNOG00000048904",0
"ENSRNOG00000048469",0
"ENSRNOG00000033517",18872
"ENSRNOG00000060849",65
"ENSRNOG00000055111",267
"ENSRNOG00000070755",0
"ENSRNOG00000052814",772
"ENSRNOG00000026462",18
"ENSRNOG00000024140",685
"ENSRNOG00000025982",0
"ENSRNOG00000024620",46
"ENSRNOG00000046438",0
"ENSRNOG00000068524",30
"ENSRNOG00000026096",0
"ENSRNOG00000069618",2
"ENSRNOG00000012415",675
"ENSRNOG00000022393",41
"ENSRNOG00000062917",0
"ENSRNOG00000070320",0
"ENSRNOG00000013309",2
"ENSRNOG00000063959",0
"ENSRNOG00000012964",0
"ENSRNOG00000021129",1925
"ENSRNOG00000064447",0
"ENSRNOG00000068797",0
"ENSRNOG00000066235",0
"ENSRNOG00000071165",0
"ENSRNOG00000068198",0
"ENSRNOG00000013053",4
"ENSRNOG00000071181",0
"ENSRNOG00000070215",0
"ENSRNOG00000039869",0
"ENSRNOG00000070245",1
"ENSRNOG00000065068",31
"ENSRNOG00000029877",0
"ENSRNOG00000016930",1231
"ENSRNOG00000061741",0
"ENSRNOG00000067750",0
"ENSRNOG00000046431",0
"ENSRNOG00000029336",450
"ENSRNOG00000064505",9
"ENSRNOG00000038600",22
"ENSRNOG00000033265",1
"ENSRNOG00000023531",3
"ENSRNOG00000053259",3
"ENSRNOG00000052093",0
"ENSRNOG00000018250",0
"ENSRNOG00000029022",46
"ENSRNOG00000064083",0
"ENSRNOG00000021184",662
"ENSRNOG00000012847",2
"ENSRNOG00000054409",0
"ENSRNOG00000065539",415
"ENSRNOG00000067600",0
"ENSRNOG00000012858",4
"ENSRNOG00000051237",19
"ENSRNOG00000069178",4
"ENSRNOG00000068768",0
"ENSRNOG00000026033",0
"ENSRNOG00000025949",0
"ENSRNOG00000033173",5
"ENSRNOG00000068100",43
"ENSRNOG00000066178",0
"ENSRNOG00000066405",0
"ENSRNOG00000020884",0
"ENSRNOG00000024376",150
"ENSRNOG00000068732",0
"ENSRNOG00000066645",0
"ENSRNOG00000066415",83
"ENSRNOG00000064905",24
"ENSRNOG00000063144",68
"ENSRNOG00000020020",1637
"ENSRNOG00000038647",0
"ENSRNOG00000071050",45
"ENSRNOG00000064652",29
"ENSRNOG00000063370",0
"ENSRNOG00000065440",1
"ENSRNOG00000032913",81
"ENSRNOG00000026387",0
"ENSRNOG00000052945",457
"ENSRNOG00000017367",2
"ENSRNOG00000046439",292
"ENSRNOG00000026569",1
"ENSRNOG00000047748",0
"ENSRNOG00000028767",0
"ENSRNOG00000033755",0
"ENSRNOG00000049810",0
"ENSRNOG00000070461",0
"ENSRNOG00000032062",0
"ENSRNOG00000010967",698
"ENSRNOG00000062629",18
"ENSRNOG00000049902",0
"ENSRNOG00000016218",1356
"ENSRNOG00000033146",555
"ENSRNOG00000057670",0
"ENSRNOG00000027855",0
"ENSRNOG00000017804",4
"ENSRNOG00000016284",2
"ENSRNOG00000066198",35
"ENSRNOG00000067742",3
"ENSRNOG00000027843",0
"ENSRNOG00000017299",897
"ENSRNOG00000060745",0
"ENSRNOG00000027096",2
"ENSRNOG00000016274",542
"ENSRNOG00000016023",3696
"ENSRNOG00000016829",224
"ENSRNOG00000013165",514
"ENSRNOG00000016877",18
"ENSRNOG00000015442",4633
"ENSRNOG00000067909",36
"ENSRNOG00000066409",0
"ENSRNOG00000065158",4
"ENSRNOG00000069688",0
"ENSRNOG00000017810",69
"ENSRNOG00000069979",0
"ENSRNOG00000015491",229
"ENSRNOG00000050348",74
"ENSRNOG00000064948",0
"ENSRNOG00000020945",0
"ENSRNOG00000068548",0
"ENSRNOG00000017127",9688
"ENSRNOG00000025857",0
"ENSRNOG00000069446",5
"ENSRNOG00000065923",0
"ENSRNOG00000017837",113
"ENSRNOG00000053536",0
"ENSRNOG00000032117",0
"ENSRNOG00000053828",307
"ENSRNOG00000063305",0
"ENSRNOG00000068574",302
"ENSRNOG00000038479",0
"ENSRNOG00000052506",2916
"ENSRNOG00000025061",303
"ENSRNOG00000013813",172
"ENSRNOG00000027942",0
"ENSRNOG00000012156",404
"ENSRNOG00000020723",837
"ENSRNOG00000030698",4
"ENSRNOG00000020857",902
"ENSRNOG00000069660",0
"ENSRNOG00000012665",46
"ENSRNOG00000018708",1274
"ENSRNOG00000038622",170
"ENSRNOG00000018561",2180
"ENSRNOG00000067958",0
"ENSRNOG00000059303",0
"ENSRNOG00000067320",0
"ENSRNOG00000015156",0
"ENSRNOG00000068676",0
"ENSRNOG00000016302",38
"ENSRNOG00000027733",0
"ENSRNOG00000017872",6
"ENSRNOG00000056753",408
"ENSRNOG00000069605",563
"ENSRNOG00000059074",0
"ENSRNOG00000018729",802
"ENSRNOG00000042441",0
"ENSRNOG00000016377",92
"ENSRNOG00000018642",805
"ENSRNOG00000018752",154
"ENSRNOG00000013256",893
"ENSRNOG00000031628",21
"ENSRNOG00000018718",306
"ENSRNOG00000067708",0
"ENSRNOG00000061147",381
"ENSRNOG00000030934",0
"ENSRNOG00000018765",349
"ENSRNOG00000016279",1
"ENSRNOG00000016656",1
"ENSRNOG00000013828",95
"ENSRNOG00000065524",0
"ENSRNOG00000013967",0
"ENSRNOG00000066970",0
"ENSRNOG00000028628",606
"ENSRNOG00000018066",206
"ENSRNOG00000046037",0
"ENSRNOG00000048166",136
"ENSRNOG00000013615",0
"ENSRNOG00000014891",374
"ENSRNOG00000069460",0
"ENSRNOG00000026048",5524
"ENSRNOG00000016635",482
"ENSRNOG00000016750",2
"ENSRNOG00000068064",0
"ENSRNOG00000060867",0
"ENSRNOG00000019448",0
"ENSRNOG00000064189",0
"ENSRNOG00000047349",1
"ENSRNOG00000015932",479
"ENSRNOG00000025781",2
"ENSRNOG00000020305",0
"ENSRNOG00000018119",171
"ENSRNOG00000016112",29
"ENSRNOG00000011287",1107
"ENSRNOG00000017944",26
"ENSRNOG00000014109",872
"ENSRNOG00000018598",2738
"ENSRNOG00000016456",23
"ENSRNOG00000013519",0
"ENSRNOG00000042826",25
"ENSRNOG00000017901",0
"ENSRNOG00000025805",3
"ENSRNOG00000028807",0
"ENSRNOG00000063577",157
"ENSRNOG00000018327",2
"ENSRNOG00000064335",0
"ENSRNOG00000058436",1
"ENSRNOG00000062591",27
"ENSRNOG00000043341",89
"ENSRNOG00000016075",0
"ENSRNOG00000042547",376
"ENSRNOG00000070251",0
"ENSRNOG00000017349",444
"ENSRNOG00000067912",0
"ENSRNOG00000064925",0
"ENSRNOG00000020567",1134
"ENSRNOG00000069718",0
"ENSRNOG00000024602",963
"ENSRNOG00000055996",0
"ENSRNOG00000070809",0
"ENSRNOG00000071097",0
"ENSRNOG00000017751",1591
"ENSRNOG00000036585",107
"ENSRNOG00000015707",0
"ENSRNOG00000063051",0
"ENSRNOG00000020455",4
"ENSRNOG00000018384",394
"ENSRNOG00000017645",3
"ENSRNOG00000065599",0
"ENSRNOG00000019721",412
"ENSRNOG00000046602",8
"ENSRNOG00000020460",1075
"ENSRNOG00000055581",0
"ENSRNOG00000027491",10188
"ENSRNOG00000020047",211
"ENSRNOG00000053450",15808
"ENSRNOG00000020813",9512
"ENSRNOG00000068980",0
"ENSRNOG00000020463",248
"ENSRNOG00000064987",0
"ENSRNOG00000017822",1265
"ENSRNOG00000027705",0
"ENSRNOG00000063376",0
"ENSRNOG00000056257",0
"ENSRNOG00000062727",0
"ENSRNOG00000068906",0
"ENSRNOG00000012566",0
"ENSRNOG00000070874",0
"ENSRNOG00000058842",56
"ENSRNOG00000065537",0
"ENSRNOG00000036624",0
"ENSRNOG00000064964",0
"ENSRNOG00000023668",1164
"ENSRNOG00000048635",0
"ENSRNOG00000066840",0
"ENSRNOG00000020998",1
"ENSRNOG00000046455",23
"ENSRNOG00000051262",4
"ENSRNOG00000029588",1
"ENSRNOG00000068723",0
"ENSRNOG00000015254",0
"ENSRNOG00000002641",0
"ENSRNOG00000042030",0
"ENSRNOG00000054417",3
"ENSRNOG00000047884",0
"ENSRNOG00000069076",0
"ENSRNOG00000068098",0
"ENSRNOG00000051570",10
"ENSRNOG00000016117",9699
"ENSRNOG00000029702",0
"ENSRNOG00000050994",1675
"ENSRNOG00000070857",6
"ENSRNOG00000069762",0
"ENSRNOG00000055229",4458
"ENSRNOG00000019170",1
"ENSRNOG00000067209",0
"ENSRNOG00000020475",275
"ENSRNOG00000020993",0
"ENSRNOG00000042620",7935
"ENSRNOG00000066489",1
"ENSRNOG00000014650",202
"ENSRNOG00000069067",3
"ENSRNOG00000027564",6
"ENSRNOG00000038674",0
"ENSRNOG00000021001",3
"ENSRNOG00000063294",0
"ENSRNOG00000067618",55
"ENSRNOG00000069466",0
"ENSRNOG00000062655",0
"ENSRNOG00000014890",1142
"ENSRNOG00000014041",68
"ENSRNOG00000015071",2
"ENSRNOG00000021150",832
"ENSRNOG00000057050",0
"ENSRNOG00000018944",182
"ENSRNOG00000021005",580
"ENSRNOG00000014935",242
"ENSRNOG00000058422",5
"ENSRNOG00000016833",3524
"ENSRNOG00000067452",0
"ENSRNOG00000054371",33
"ENSRNOG00000056038",1165
"ENSRNOG00000058909",2853
"ENSRNOG00000032891",0
"ENSRNOG00000059572",840
"ENSRNOG00000012110",3
"ENSRNOG00000052600",1029
"ENSRNOG00000059741",4
"ENSRNOG00000061893",125
"ENSRNOG00000053728",549
"ENSRNOG00000053234",935
"ENSRNOG00000025523",404
"ENSRNOG00000061039",140
"ENSRNOG00000020975",277
"ENSRNOG00000056098",169
"ENSRNOG00000060293",132
"ENSRNOG00000014816",2
"ENSRNOG00000069294",0
"ENSRNOG00000070866",0
"ENSRNOG00000017406",1051
"ENSRNOG00000057895",0
"ENSRNOG00000055716",4
"ENSRNOG00000025520",0
"ENSRNOG00000063395",214
"ENSRNOG00000070567",4
"ENSRNOG00000021996",0
"ENSRNOG00000022273",170
"ENSRNOG00000057848",0
"ENSRNOG00000034078",419
"ENSRNOG00000013552",255
"ENSRNOG00000054438",84
"ENSRNOG00000065831",0
"ENSRNOG00000069540",0
"ENSRNOG00000062686",41
"ENSRNOG00000021913",0
"ENSRNOG00000065082",0
"ENSRNOG00000064874",0
"ENSRNOG00000011130",0
"ENSRNOG00000064372",0
"ENSRNOG00000017136",10
"ENSRNOG00000054736",0
"ENSRNOG00000017321",323
"ENSRNOG00000065884",0
"ENSRNOG00000065811",0
"ENSRNOG00000055093",114
"ENSRNOG00000012258",1311
"ENSRNOG00000067119",0
"ENSRNOG00000066547",0
"ENSRNOG00000020950",3099
"ENSRNOG00000064803",0
"ENSRNOG00000013413",3
"ENSRNOG00000021727",0
"ENSRNOG00000067432",0
"ENSRNOG00000071139",0
"ENSRNOG00000070422",450
"ENSRNOG00000063336",0
"ENSRNOG00000067548",0
"ENSRNOG00000015124",1662
"ENSRNOG00000069535",0
"ENSRNOG00000068073",0
"ENSRNOG00000020562",139
"ENSRNOG00000066194",0
"ENSRNOG00000030210",52
"ENSRNOG00000070026",0
"ENSRNOG00000066085",0
"ENSRNOG00000018494",187
"ENSRNOG00000065915",0
"ENSRNOG00000063465",0
"ENSRNOG00000024239",1927
"ENSRNOG00000065984",0
"ENSRNOG00000069148",0
"ENSRNOG00000021007",521
"ENSRNOG00000069937",0
"ENSRNOG00000012736",437
"ENSRNOG00000027423",0
"ENSRNOG00000015137",34
"ENSRNOG00000010230",623
"ENSRNOG00000058003",3235
"ENSRNOG00000015743",1
"ENSRNOG00000020980",0
"ENSRNOG00000024712",1
"ENSRNOG00000019048",366
"ENSRNOG00000015671",0
"ENSRNOG00000008890",76
"ENSRNOG00000019091",709
"ENSRNOG00000019534",2159
"ENSRNOG00000015724",0
"ENSRNOG00000063495",0
"ENSRNOG00000032554",26
"ENSRNOG00000065646",0
"ENSRNOG00000009460",1565
"ENSRNOG00000068072",0
"ENSRNOG00000014253",0
"ENSRNOG00000021010",198
"ENSRNOG00000064951",0
"ENSRNOG00000019189",350
"ENSRNOG00000018532",1071
"ENSRNOG00000009812",1371
"ENSRNOG00000067757",0
"ENSRNOG00000010958",1168
"ENSRNOG00000014940",1
"ENSRNOG00000013975",48
"ENSRNOG00000062728",220
"ENSRNOG00000018704",2224
"ENSRNOG00000069754",0
"ENSRNOG00000062573",2476
"ENSRNOG00000014160",805
"ENSRNOG00000017908",0
"ENSRNOG00000042232",0
"ENSRNOG00000020892",4104
"ENSRNOG00000014582",346
"ENSRNOG00000013817",0
"ENSRNOG00000048562",854
"ENSRNOG00000060136",0
"ENSRNOG00000056817",0
"ENSRNOG00000023140",15
"ENSRNOG00000051680",575
"ENSRNOG00000014971",3
"ENSRNOG00000029810",1664
"ENSRNOG00000053141",2
"ENSRNOG00000061215",11
"ENSRNOG00000042084",4
"ENSRNOG00000020446",11
"ENSRNOG00000014590",0
"ENSRNOG00000019103",185
"ENSRNOG00000025793",419
"ENSRNOG00000020025",462
"ENSRNOG00000010427",1890
"ENSRNOG00000036647",0
"ENSRNOG00000027770",222
"ENSRNOG00000019890",0
"ENSRNOG00000043296",0
"ENSRNOG00000017403",36
"ENSRNOG00000017976",0
"ENSRNOG00000017964",0
"ENSRNOG00000036601",102
"ENSRNOG00000015516",51
"ENSRNOG00000018262",21
"ENSRNOG00000046181",7
"ENSRNOG00000047945",0
"ENSRNOG00000029501",0
"ENSRNOG00000025444",0
"ENSRNOG00000069966",5
"ENSRNOG00000063879",0
"ENSRNOG00000017158",3141
"ENSRNOG00000071021",0
"ENSRNOG00000018468",1908
"ENSRNOG00000036675",1
"ENSRNOG00000047386",2061
"ENSRNOG00000019372",208
"ENSRNOG00000017977",3325
"ENSRNOG00000063613",411
"ENSRNOG00000017767",3649
"ENSRNOG00000017524",0
"ENSRNOG00000018020",287
"ENSRNOG00000042552",0
"ENSRNOG00000013176",913
"ENSRNOG00000009523",369
"ENSRNOG00000018257",31
"ENSRNOG00000051957",110
"ENSRNOG00000016980",0
"ENSRNOG00000015368",0
"ENSRNOG00000031211",0
"ENSRNOG00000015894",2496
"ENSRNOG00000043225",401
"ENSRNOG00000013744",179
"ENSRNOG00000019356",465
"ENSRNOG00000013713",12
"ENSRNOG00000026579",1
"ENSRNOG00000013591",7
"ENSRNOG00000069185",932
"ENSRNOG00000019708",626
"ENSRNOG00000014652",0
"ENSRNOG00000026086",0
"ENSRNOG00000019745",3
"ENSRNOG00000013290",14
"ENSRNOG00000015716",0
"ENSRNOG00000019468",3
"ENSRNOG00000030682",0
"ENSRNOG00000019825",51
"ENSRNOG00000013934",2186
"ENSRNOG00000020300",66
"ENSRNOG00000019832",326
"ENSRNOG00000016063",1234
"ENSRNOG00000051534",5
"ENSRNOG00000012911",576
"ENSRNOG00000070529",14
"ENSRNOG00000059968",367
"ENSRNOG00000070112",711
"ENSRNOG00000031485",237
"ENSRNOG00000036758",30
"ENSRNOG00000020113",2462
"ENSRNOG00000016013",111
"ENSRNOG00000019693",257
"ENSRNOG00000070449",0
"ENSRNOG00000063290",0
"ENSRNOG00000020332",7
"ENSRNOG00000015444",0
"ENSRNOG00000018604",884
"ENSRNOG00000047871",0
"ENSRNOG00000060070",0
"ENSRNOG00000016986",0
"ENSRNOG00000049181",663
"ENSRNOG00000062507",0
"ENSRNOG00000069683",2
"ENSRNOG00000021766",0
"ENSRNOG00000062932",0
"ENSRNOG00000030215",0
"ENSRNOG00000015673",0
"ENSRNOG00000066644",0
"ENSRNOG00000069369",18
"ENSRNOG00000047528",0
"ENSRNOG00000042648",0
"ENSRNOG00000015689",0
"ENSRNOG00000036742",1711
"ENSRNOG00000015310",48
"ENSRNOG00000027456",27
"ENSRNOG00000067622",0
"ENSRNOG00000069448",0
"ENSRNOG00000016292",5
"ENSRNOG00000019950",69
"ENSRNOG00000019794",0
"ENSRNOG00000017260",1239
"ENSRNOG00000064034",0
"ENSRNOG00000020010",123
"ENSRNOG00000016343",4
"ENSRNOG00000032929",304
"ENSRNOG00000028473",0
"ENSRNOG00000021332",0
"ENSRNOG00000027213",3
"ENSRNOG00000019613",0
"ENSRNOG00000057003",0
"ENSRNOG00000015811",0
"ENSRNOG00000026942",850
"ENSRNOG00000066182",0
"ENSRNOG00000070041",0
"ENSRNOG00000024144",1916
"ENSRNOG00000011001",1
"ENSRNOG00000016748",231
"ENSRNOG00000064264",0
"ENSRNOG00000070311",0
"ENSRNOG00000017622",950
"ENSRNOG00000010752",235
"ENSRNOG00000062870",413
"ENSRNOG00000023833",0
"ENSRNOG00000019662",333
"ENSRNOG00000062971",0
"ENSRNOG00000017039",0
"ENSRNOG00000020179",828
"ENSRNOG00000064434",0
"ENSRNOG00000026754",1060
"ENSRNOG00000018164",1831
"ENSRNOG00000009910",218
"ENSRNOG00000029740",4
"ENSRNOG00000026503",1
"ENSRNOG00000019740",450
"ENSRNOG00000017241",202
"ENSRNOG00000036572",47
"ENSRNOG00000046211",199
"ENSRNOG00000022619",16210
"ENSRNOG00000022732",83
"ENSRNOG00000020248",1
"ENSRNOG00000020376",207
"ENSRNOG00000020339",24
"ENSRNOG00000047545",0
"ENSRNOG00000020346",0
"ENSRNOG00000036633",3
"ENSRNOG00000014574",238
"ENSRNOG00000015235",50
"ENSRNOG00000020349",53
"ENSRNOG00000020353",1938
"ENSRNOG00000050585",6089
"ENSRNOG00000048708",525
"ENSRNOG00000014758",0
"ENSRNOG00000020385",3272
"ENSRNOG00000016172",2180
"ENSRNOG00000046530",690
"ENSRNOG00000017438",3
"ENSRNOG00000045752",989
"ENSRNOG00000012552",895
"ENSRNOG00000066831",0
"ENSRNOG00000015082",0
"ENSRNOG00000022099",0
"ENSRNOG00000020440",917
"ENSRNOG00000012584",8
"ENSRNOG00000012820",328
"ENSRNOG00000053923",1056
"ENSRNOG00000057989",1
"ENSRNOG00000022635",19
"ENSRNOG00000046769",741
"ENSRNOG00000024194",387
"ENSRNOG00000026204",549
"ENSRNOG00000067387",7
"ENSRNOG00000015221",7697
"ENSRNOG00000010915",1551
"ENSRNOG00000066141",0
"ENSRNOG00000015713",7545
"ENSRNOG00000063805",0
"ENSRNOG00000016948",1089
"ENSRNOG00000068578",0
"ENSRNOG00000067647",0
"ENSRNOG00000020424",264
"ENSRNOG00000017656",0
"ENSRNOG00000046566",4
"ENSRNOG00000057623",3581
"ENSRNOG00000012763",367
"ENSRNOG00000017201",606
"ENSRNOG00000014691",20
"ENSRNOG00000056216",843
"ENSRNOG00000011745",1590
"ENSRNOG00000070303",184
"ENSRNOG00000056562",127
"ENSRNOG00000018917",0
"ENSRNOG00000065255",3
"ENSRNOG00000070494",0
"ENSRNOG00000011339",1319
"ENSRNOG00000018311",0
"ENSRNOG00000031643",2
"ENSRNOG00000019667",240
"ENSRNOG00000025122",2
"ENSRNOG00000019369",159
"ENSRNOG00000069983",0
"ENSRNOG00000027030",27
"ENSRNOG00000047988",292
"ENSRNOG00000019430",0
"ENSRNOG00000012206",2248
"ENSRNOG00000030807",4397
"ENSRNOG00000019751",9
"ENSRNOG00000014629",100
"ENSRNOG00000017609",0
"ENSRNOG00000017679",0
"ENSRNOG00000047098",0
"ENSRNOG00000064069",0
"ENSRNOG00000050846",130
"ENSRNOG00000066296",0
"ENSRNOG00000062356",0
"ENSRNOG00000051291",67
"ENSRNOG00000069200",0
"ENSRNOG00000069439",0
"ENSRNOG00000071029",0
"ENSRNOG00000061299",0
"ENSRNOG00000070394",0
"ENSRNOG00000030879",0
"ENSRNOG00000030784",0
"ENSRNOG00000029286",0
"ENSRNOG00000029051",0
"ENSRNOG00000016661",0
"ENSRNOG00000024877",0
"ENSRNOG00000024789",0
"ENSRNOG00000068326",0
"ENSRNOG00000042948",0
"ENSRNOG00000064922",0
"ENSRNOG00000017362",0
"ENSRNOG00000056658",198
"ENSRNOG00000016954",0
"ENSRNOG00000063047",0
"ENSRNOG00000018320",521
"ENSRNOG00000063164",0
"ENSRNOG00000068532",0
"ENSRNOG00000011417",166
"ENSRNOG00000017211",0
"ENSRNOG00000059092",2
"ENSRNOG00000064452",0
"ENSRNOG00000064059",1
"ENSRNOG00000011367",16
"ENSRNOG00000068910",0
"ENSRNOG00000050668",0
"ENSRNOG00000066322",0
"ENSRNOG00000068990",0
"ENSRNOG00000062615",0
"ENSRNOG00000062675",0
"ENSRNOG00000065560",0
"ENSRNOG00000067892",67
"ENSRNOG00000067218",114
"ENSRNOG00000062713",242
"ENSRNOG00000069975",0
"ENSRNOG00000068051",2
"ENSRNOG00000069981",0
"ENSRNOG00000069374",0
"ENSRNOG00000070940",0
"ENSRNOG00000065005",40
"ENSRNOG00000066426",315
"ENSRNOG00000063937",465
"ENSRNOG00000067172",455
"ENSRNOG00000064879",0
"ENSRNOG00000058035",0
"ENSRNOG00000070479",962
"ENSRNOG00000066155",330
"ENSRNOG00000065878",0
"ENSRNOG00000063114",0
"ENSRNOG00000067163",520
"ENSRNOG00000068841",2
"ENSRNOG00000070929",0
"ENSRNOG00000059944",1
"ENSRNOG00000068916",209
"ENSRNOG00000067570",0
"ENSRNOG00000070101",1
"ENSRNOG00000062328",1018
"ENSRNOG00000064552",0
"ENSRNOG00000067881",0
"ENSRNOG00000064807",24
"ENSRNOG00000069055",0
"ENSRNOG00000051306",0
"ENSRNOG00000067339",1
"ENSRNOG00000067663",58
"ENSRNOG00000064639",0
"ENSRNOG00000069106",15
"ENSRNOG00000069402",3
"ENSRNOG00000065123",0
"ENSRNOG00000062444",1
"ENSRNOG00000067329",15
"ENSRNOG00000071111",0
"ENSRNOG00000067102",0
"ENSRNOG00000055337",0
"ENSRNOG00000069973",0
"ENSRNOG00000064113",0
"ENSRNOG00000066818",6
"ENSRNOG00000065637",5
"ENSRNOG00000068440",0
"ENSRNOG00000067503",0
"ENSRNOG00000070062",25
"ENSRNOG00000068946",0
"ENSRNOG00000063598",2
"ENSRNOG00000062906",1
"ENSRNOG00000063366",1
"ENSRNOG00000062481",0
"ENSRNOG00000070843",0
"ENSRNOG00000069440",11
"ENSRNOG00000067183",10
"ENSRNOG00000066241",69
"ENSRNOG00000065487",10
"ENSRNOG00000062362",0
"ENSRNOG00000066597",1
"ENSRNOG00000065497",63
"ENSRNOG00000064891",0
"ENSRNOG00000064120",0
"ENSRNOG00000070679",0
"ENSRNOG00000071072",1
"ENSRNOG00000064798",0
"ENSRNOG00000064347",1
"ENSRNOG00000064053",1
"ENSRNOG00000065910",4
"ENSRNOG00000071115",1
"ENSRNOG00000069803",1
"ENSRNOG00000070123",2
"ENSRNOG00000068585",0
"ENSRNOG00000062831",0
"ENSRNOG00000030886",0
"ENSRNOG00000065190",17
"ENSRNOG00000028449",3124
"ENSRNOG00000063029",0
"ENSRNOG00000060587",178
"ENSRNOG00000070609",0
"ENSRNOG00000070852",0
"ENSRNOG00000063212",0
"ENSRNOG00000066091",8
"ENSRNOG00000060288",2609
"ENSRNOG00000038088",0
"ENSRNOG00000063173",0
"ENSRNOG00000014252",154
"ENSRNOG00000068867",0
"ENSRNOG00000063049",0
"ENSRNOG00000065203",0
"ENSRNOG00000038087",3
"ENSRNOG00000064934",1
"ENSRNOG00000016863",0
"ENSRNOG00000067457",0
"ENSRNOG00000063636",3465
"ENSRNOG00000059444",0
"ENSRNOG00000068957",2
"ENSRNOG00000065335",14
"ENSRNOG00000052871",0
"ENSRNOG00000034106",334
"ENSRNOG00000065598",0
"ENSRNOG00000050032",0
"ENSRNOG00000068627",0
"ENSRNOG00000064509",0
"ENSRNOG00000050758",249
"ENSRNOG00000070984",0
"ENSRNOG00000065473",0
"ENSRNOG00000066033",317
"ENSRNOG00000066907",0
"ENSRNOG00000065900",0
"ENSRNOG00000070975",0
"ENSRNOG00000066718",0
"ENSRNOG00000053202",0
"ENSRNOG00000047045",344
"ENSRNOG00000065136",0
"ENSRNOG00000002340",5
"ENSRNOG00000024009",0
"ENSRNOG00000032232",490
"ENSRNOG00000062485",6
"ENSRNOG00000030351",72
"ENSRNOG00000019427",0
"ENSRNOG00000065885",45
"ENSRNOG00000037364",42
"ENSRNOG00000012877",1
"ENSRNOG00000031859",1958
"ENSRNOG00000064044",0
"ENSRNOG00000058668",0
"ENSRNOG00000037348",109
"ENSRNOG00000068795",0
"ENSRNOG00000021128",0
"ENSRNOG00000033021",0
"ENSRNOG00000022703",0
"ENSRNOG00000021037",0
"ENSRNOG00000070585",0
"ENSRNOG00000014242",0
"ENSRNOG00000064327",0
"ENSRNOG00000010172",27
"ENSRNOG00000024429",202
"ENSRNOG00000010146",6
"ENSRNOG00000010158",0
"ENSRNOG00000056928",0
"ENSRNOG00000049257",0
"ENSRNOG00000070574",320
"ENSRNOG00000051333",1
"ENSRNOG00000070736",20
"ENSRNOG00000032204",41
"ENSRNOG00000034206",1
"ENSRNOG00000012349",293
"ENSRNOG00000069120",0
"ENSRNOG00000065989",0
"ENSRNOG00000029233",0
"ENSRNOG00000063878",0
"ENSRNOG00000065475",0
"ENSRNOG00000069657",0
"ENSRNOG00000048071",0
"ENSRNOG00000022941",319
"ENSRNOG00000063715",30
"ENSRNOG00000018078",0
"ENSRNOG00000071147",0
"ENSRNOG00000017922",0
"ENSRNOG00000042782",0
"ENSRNOG00000070801",0
"ENSRNOG00000030042",0
"ENSRNOG00000012071",0
"ENSRNOG00000015893",0
"ENSRNOG00000015901",0
"ENSRNOG00000015909",0
"ENSRNOG00000015924",0
"ENSRNOG00000062518",0
"ENSRNOG00000062378",0
"ENSRNOG00000064549",0
"ENSRNOG00000065494",0
"ENSRNOG00000015940",0
"ENSRNOG00000071019",0
"ENSRNOG00000063534",0
"ENSRNOG00000017387",0
"ENSRNOG00000049480",0
"ENSRNOG00000069450",0
"ENSRNOG00000070883",0
"ENSRNOG00000028802",0
"ENSRNOG00000064717",0
"ENSRNOG00000063203",0
"ENSRNOG00000018508",0
"ENSRNOG00000018506",0
"ENSRNOG00000018503",16
"ENSRNOG00000064536",0
"ENSRNOG00000070164",0
"ENSRNOG00000050377",0
"ENSRNOG00000047148",0
"ENSRNOG00000048369",1
"ENSRNOG00000069168",0
"ENSRNOG00000033350",0
"ENSRNOG00000071207",0
"ENSRNOG00000067982",1
"ENSRNOG00000064338",1
"ENSRNOG00000064173",0
"ENSRNOG00000013596",225
"ENSRNOG00000022863",0
"ENSRNOG00000069093",0
"ENSRNOG00000069847",0
"ENSRNOG00000062736",3
"ENSRNOG00000070280",0
"ENSRNOG00000062707",7
"ENSRNOG00000015691",34
"ENSRNOG00000067382",0
"ENSRNOG00000065902",8
"ENSRNOG00000063706",0
"ENSRNOG00000069617",28
"ENSRNOG00000070569",0
"ENSRNOG00000016408",964
"ENSRNOG00000019455",197
"ENSRNOG00000069092",29
"ENSRNOG00000013790",1305
"ENSRNOG00000020893",397
"ENSRNOG00000062446",0
"ENSRNOG00000062864",6
"ENSRNOG00000068207",818
"ENSRNOG00000068917",1
"ENSRNOG00000065221",0
"ENSRNOG00000053392",0
"ENSRNOG00000066968",0
"ENSRNOG00000066506",0
"ENSRNOG00000062875",73
"ENSRNOG00000009468",0
"ENSRNOG00000063736",15
"ENSRNOG00000069752",0
"ENSRNOG00000067200",0
"ENSRNOG00000064252",0
"ENSRNOG00000052649",0
"ENSRNOG00000067004",35
"ENSRNOG00000000096",148
"ENSRNOG00000014385",12
"ENSRNOG00000011135",341
"ENSRNOG00000022511",0
"ENSRNOG00000066793",161
"ENSRNOG00000066286",0
"ENSRNOG00000065871",3
"ENSRNOG00000065021",88
"ENSRNOG00000069279",7
"ENSRNOG00000062826",0
"ENSRNOG00000062622",0
"ENSRNOG00000068500",0
"ENSRNOG00000009792",0
"ENSRNOG00000052367",0
"ENSRNOG00000015821",0
"ENSRNOG00000052903",0
"ENSRNOG00000069848",1
"ENSRNOG00000067565",2
"ENSRNOG00000014000",354
"ENSRNOG00000067235",19
"ENSRNOG00000064348",0
"ENSRNOG00000070892",0
"ENSRNOG00000070333",1
"ENSRNOG00000028120",102
"ENSRNOG00000062674",146
"ENSRNOG00000016580",3762
"ENSRNOG00000065909",14
"ENSRNOG00000009548",133
"ENSRNOG00000066263",0
"ENSRNOG00000065748",0
"ENSRNOG00000059640",0
"ENSRNOG00000016878",158
"ENSRNOG00000020420",0
"ENSRNOG00000070241",146
"ENSRNOG00000063312",6
"ENSRNOG00000033028",0
"ENSRNOG00000065226",91
"ENSRNOG00000070625",0
"ENSRNOG00000064644",0
"ENSRNOG00000019023",876
"ENSRNOG00000068287",0
"ENSRNOG00000024213",1289
"ENSRNOG00000038176",0
"ENSRNOG00000067530",0
"ENSRNOG00000069285",0
"ENSRNOG00000064365",0
"ENSRNOG00000070468",3
"ENSRNOG00000050321",531
"ENSRNOG00000020307",2
"ENSRNOG00000065725",2
"ENSRNOG00000068643",0
"ENSRNOG00000069542",58
"ENSRNOG00000069696",0
"ENSRNOG00000067311",661
"ENSRNOG00000069031",3
"ENSRNOG00000000091",136
"ENSRNOG00000065363",3
"ENSRNOG00000053939",0
"ENSRNOG00000067758",253
"ENSRNOG00000009388",0
"ENSRNOG00000065468",5
"ENSRNOG00000066808",0
"ENSRNOG00000019671",208
"ENSRNOG00000066942",2473
"ENSRNOG00000010342",0
"ENSRNOG00000067397",3
"ENSRNOG00000065602",1970
"ENSRNOG00000069177",0
"ENSRNOG00000016387",715
"ENSRNOG00000013282",0
"ENSRNOG00000064826",13
"ENSRNOG00000009555",8
"ENSRNOG00000063292",0
"ENSRNOG00000063898",8
"ENSRNOG00000062616",0
"ENSRNOG00000063887",0
"ENSRNOG00000069709",298
"ENSRNOG00000062733",13
"ENSRNOG00000013886",1
"ENSRNOG00000047137",1297
"ENSRNOG00000000095",245
"ENSRNOG00000026059",31
"ENSRNOG00000058324",0
"ENSRNOG00000066623",12
"ENSRNOG00000064711",15
"ENSRNOG00000050343",241
"ENSRNOG00000067315",67
"ENSRNOG00000016872",1
"ENSRNOG00000065873",42
"ENSRNOG00000065683",24
"ENSRNOG00000067598",0
"ENSRNOG00000046947",70
"ENSRNOG00000069186",2
"ENSRNOG00000064998",22
"ENSRNOG00000071162",0
"ENSRNOG00000032002",0
"ENSRNOG00000042222",0
"ENSRNOG00000062522",0
"ENSRNOG00000010482",0
"ENSRNOG00000060538",78
"ENSRNOG00000015226",284
"ENSRNOG00000017376",0
"ENSRNOG00000019296",0
"ENSRNOG00000042814",9
"ENSRNOG00000069952",0
"ENSRNOG00000061414",0
"ENSRNOG00000065240",0
"ENSRNOG00000025219",0
"ENSRNOG00000042068",195
"ENSRNOG00000062390",0
"ENSRNOG00000070868",0
"ENSRNOG00000064965",5
"ENSRNOG00000048043",6774
"ENSRNOG00000065997",0
"ENSRNOG00000017998",0
"ENSRNOG00000009533",5
"ENSRNOG00000068387",1
"ENSRNOG00000067940",13
"ENSRNOG00000062438",186
"ENSRNOG00000063006",1
"ENSRNOG00000017105",4
"ENSRNOG00000064627",13
"ENSRNOG00000069885",0
"ENSRNOG00000062326",19
"ENSRNOG00000027089",1261
"ENSRNOG00000065278",9
"ENSRNOG00000021157",1
"ENSRNOG00000064828",45
"ENSRNOG00000031247",4
"ENSRNOG00000060329",84
"ENSRNOG00000066816",3
"ENSRNOG00000068223",0
"ENSRNOG00000069675",0
"ENSRNOG00000049523",12
"ENSRNOG00000054767",0
"ENSRNOG00000015925",249
"ENSRNOG00000062883",158
"ENSRNOG00000066664",0
"ENSRNOG00000060159",0
"ENSRNOG00000070570",0
"ENSRNOG00000042536",250
"ENSRNOG00000071119",98
"ENSRNOG00000011107",0
"ENSRNOG00000066610",0
"ENSRNOG00000021176",271
"ENSRNOG00000043478",0
"ENSRNOG00000059822",0
"ENSRNOG00000021110",1
"ENSRNOG00000065721",0
"ENSRNOG00000065245",0
"ENSRNOG00000018068",35
"ENSRNOG00000064913",0
"ENSRNOG00000061462",1
"ENSRNOG00000020330",198
"ENSRNOG00000057843",0
"ENSRNOG00000058131",0
"ENSRNOG00000017874",0
"ENSRNOG00000057642",0
"ENSRNOG00000040166",1
"ENSRNOG00000011973",25
"ENSRNOG00000051936",0
"ENSRNOG00000069295",0
"ENSRNOG00000024119",0
"ENSRNOG00000021216",299
"ENSRNOG00000021209",46
"ENSRNOG00000068641",0
"ENSRNOG00000063406",11
"ENSRNOG00000068490",0
"ENSRNOG00000067384",3
"ENSRNOG00000067753",202
"ENSRNOG00000051788",0
"ENSRNOG00000069895",48
"ENSRNOG00000063097",6
"ENSRNOG00000067563",11
"ENSRNOG00000054205",0
"ENSRNOG00000064855",28
"ENSRNOG00000020315",84
"ENSRNOG00000054960",0
"ENSRNOG00000064079",0
"ENSRNOG00000053777",0
"ENSRNOG00000033741",79
"ENSRNOG00000068985",60
"ENSRNOG00000011006",0
"ENSRNOG00000013055",515
"ENSRNOG00000065558",0
"ENSRNOG00000068929",0
"ENSRNOG00000058232",2
"ENSRNOG00000056816",0
"ENSRNOG00000063703",0
"ENSRNOG00000045617",0
"ENSRNOG00000028373",0
"ENSRNOG00000068820",1
"ENSRNOG00000055436",0
"ENSRNOG00000066523",1
"ENSRNOG00000021181",2068
"ENSRNOG00000069313",0
"ENSRNOG00000069153",0
"ENSRNOG00000010698",3
"ENSRNOG00000064070",35
"ENSRNOG00000069388",0
"ENSRNOG00000070873",0
"ENSRNOG00000068992",0
"ENSRNOG00000042477",0
"ENSRNOG00000070757",15
"ENSRNOG00000056329",0
"ENSRNOG00000055198",0
"ENSRNOG00000064202",1
"ENSRNOG00000067555",131
"ENSRNOG00000019785",204
"ENSRNOG00000056690",0
"ENSRNOG00000070421",0
"ENSRNOG00000068393",1
"ENSRNOG00000056646",0
"ENSRNOG00000032959",26
"ENSRNOG00000048440",0
"ENSRNOG00000061110",0
"ENSRNOG00000069077",0
"ENSRNOG00000069997",0
"ENSRNOG00000066880",4
"ENSRNOG00000070475",0
"ENSRNOG00000068330",43
"ENSRNOG00000060028",0
"ENSRNOG00000068040",16
"ENSRNOG00000054583",0
"ENSRNOG00000066083",0
"ENSRNOG00000021213",1804
"ENSRNOG00000016306",0
"ENSRNOG00000066136",7
"ENSRNOG00000070258",0
"ENSRNOG00000013217",209
"ENSRNOG00000067289",0
"ENSRNOG00000057368",0
"ENSRNOG00000021324",43
"ENSRNOG00000063809",0
"ENSRNOG00000021201",3648
"ENSRNOG00000011627",1954
"ENSRNOG00000063982",0
"ENSRNOG00000062497",0
"ENSRNOG00000065416",10
"ENSRNOG00000060411",0
"ENSRNOG00000013240",3
"ENSRNOG00000065216",0
"ENSRNOG00000056120",0
"ENSRNOG00000063403",1
"ENSRNOG00000054575",0
"ENSRNOG00000020444",2
"ENSRNOG00000070219",3
"ENSRNOG00000067677",0
"ENSRNOG00000071142",0
"ENSRNOG00000055120",0
"ENSRNOG00000065979",0
"ENSRNOG00000019780",0
"ENSRNOG00000038825",0
"ENSRNOG00000057342",0
"ENSRNOG00000012957",1163
"ENSRNOG00000065491",0
"ENSRNOG00000056100",0
"ENSRNOG00000019607",0
"ENSRNOG00000063429",0
"ENSRNOG00000031136",0
"ENSRNOG00000051599",0
"ENSRNOG00000021217",10
"ENSRNOG00000048118",66
"ENSRNOG00000067913",0
"ENSRNOG00000052781",0
"ENSRNOG00000010023",221
"ENSRNOG00000067456",1
"ENSRNOG00000061186",31
"ENSRNOG00000059078",0
"ENSRNOG00000062746",50
"ENSRNOG00000068782",1
"ENSRNOG00000069042",0
"ENSRNOG00000052362",0
"ENSRNOG00000009899",821
"ENSRNOG00000068875",0
"ENSRNOG00000067196",0
"ENSRNOG00000040201",2
"ENSRNOG00000066259",1
"ENSRNOG00000070273",0
"ENSRNOG00000060127",0
"ENSRNOG00000068448",341
"ENSRNOG00000052744",0
"ENSRNOG00000048363",3
"ENSRNOG00000060714",0
"ENSRNOG00000068328",0
"ENSRNOG00000071052",0
"ENSRNOG00000059759",1
"ENSRNOG00000069951",0
"ENSRNOG00000016298",89
"ENSRNOG00000068355",0
"ENSRNOG00000019465",1731
"ENSRNOG00000055500",0
"ENSRNOG00000051151",503
"ENSRNOG00000059152",0
"ENSRNOG00000052314",0
"ENSRNOG00000020360",260
"ENSRNOG00000052578",0
"ENSRNOG00000066052",0
"ENSRNOG00000014867",128
"ENSRNOG00000059800",0
"ENSRNOG00000053743",0
"ENSRNOG00000064002",8
"ENSRNOG00000054258",0
"ENSRNOG00000070560",0
"ENSRNOG00000018969",48
"ENSRNOG00000011951",294
"ENSRNOG00000070233",1
"ENSRNOG00000019201",360
"ENSRNOG00000009822",42
"ENSRNOG00000065347",1
"ENSRNOG00000012422",239
"ENSRNOG00000018656",1
"ENSRNOG00000064811",0
"ENSRNOG00000012149",277
"ENSRNOG00000024461",0
"ENSRNOG00000050877",121
"ENSRNOG00000016451",3
"ENSRNOG00000021170",178
"ENSRNOG00000028765",0
"ENSRNOG00000032580",0
"ENSRNOG00000024136",93
"ENSRNOG00000063890",0
"ENSRNOG00000063754",0
"ENSRNOG00000013703",257
"ENSRNOG00000061328",99
"ENSRNOG00000012183",422
"ENSRNOG00000064517",0
"ENSRNOG00000069607",0
"ENSRNOG00000030639",107
"ENSRNOG00000015472",0
"ENSRNOG00000043329",18
"ENSRNOG00000029749",0
"ENSRNOG00000017310",125
"ENSRNOG00000016591",417
"ENSRNOG00000014051",529
"ENSRNOG00000063678",407
"ENSRNOG00000009949",373
"ENSRNOG00000064861",1
"ENSRNOG00000033830",0
"ENSRNOG00000012471",3
"ENSRNOG00000028225",0
"ENSRNOG00000051480",390
"ENSRNOG00000012799",600
"ENSRNOG00000020923",194
"ENSRNOG00000018297",0
"ENSRNOG00000026845",0
"ENSRNOG00000033088",0
"ENSRNOG00000015449",0
"ENSRNOG00000057557",0
"ENSRNOG00000012414",977
"ENSRNOG00000063700",9
"ENSRNOG00000068038",0
"ENSRNOG00000011032",6
"ENSRNOG00000020952",6
"ENSRNOG00000027995",0
"ENSRNOG00000026937",265
"ENSRNOG00000018186",327
"ENSRNOG00000028328",22
"ENSRNOG00000013253",160
"ENSRNOG00000067658",0
"ENSRNOG00000018063",58
"ENSRNOG00000061151",0
"ENSRNOG00000018570",21
"ENSRNOG00000023322",1253
"ENSRNOG00000067445",0
"ENSRNOG00000010640",0
"ENSRNOG00000021173",196
"ENSRNOG00000011800",1668
"ENSRNOG00000018662",96
"ENSRNOG00000040297",305
"ENSRNOG00000036877",0
"ENSRNOG00000013683",143
"ENSRNOG00000011875",0
"ENSRNOG00000056177",0
"ENSRNOG00000023837",172
"ENSRNOG00000055433",126
"ENSRNOG00000012723",2
"ENSRNOG00000031588",1
"ENSRNOG00000028319",45
"ENSRNOG00000012660",39329
"ENSRNOG00000019120",23
"ENSRNOG00000018759",2
"ENSRNOG00000062856",75
"ENSRNOG00000022910",0
"ENSRNOG00000014528",237
"ENSRNOG00000049385",679
"ENSRNOG00000065504",0
"ENSRNOG00000017077",298
"ENSRNOG00000030704",3128
"ENSRNOG00000014153",982
"ENSRNOG00000049994",0
"ENSRNOG00000062828",94
"ENSRNOG00000011181",0
"ENSRNOG00000019046",0
"ENSRNOG00000061747",0
"ENSRNOG00000064672",25
"ENSRNOG00000033051",206
"ENSRNOG00000010888",0
"ENSRNOG00000013397",262
"ENSRNOG00000010560",0
"ENSRNOG00000023373",2294
"ENSRNOG00000065262",0
"ENSRNOG00000064597",0
"ENSRNOG00000011763",2869
"ENSRNOG00000013555",5
"ENSRNOG00000026953",134
"ENSRNOG00000018673",1319
"ENSRNOG00000057707",0
"ENSRNOG00000013393",432
"ENSRNOG00000009837",127
"ENSRNOG00000030904",0
"ENSRNOG00000018615",19
"ENSRNOG00000018946",426
"ENSRNOG00000020392",240
"ENSRNOG00000021323",5
"ENSRNOG00000012703",0
"ENSRNOG00000042105",0
"ENSRNOG00000057194",0
"ENSRNOG00000065741",0
"ENSRNOG00000065202",0
"ENSRNOG00000029191",2
"ENSRNOG00000068842",0
"ENSRNOG00000047014",98
"ENSRNOG00000069352",1
"ENSRNOG00000020421",0
"ENSRNOG00000065410",0
"ENSRNOG00000011133",2
"ENSRNOG00000066067",0
"ENSRNOG00000015622",136
"ENSRNOG00000011341",337
"ENSRNOG00000048209",0
"ENSRNOG00000013334",3
"ENSRNOG00000020542",1265
"ENSRNOG00000010556",48
"ENSRNOG00000008765",3
"ENSRNOG00000011261",162
"ENSRNOG00000069715",14
"ENSRNOG00000012481",1
"ENSRNOG00000020438",478
"ENSRNOG00000013313",393
"ENSRNOG00000010866",2
"ENSRNOG00000021012",419
"ENSRNOG00000014333",100
"ENSRNOG00000032224",0
"ENSRNOG00000009491",885
"ENSRNOG00000010084",1467
"ENSRNOG00000024046",0
"ENSRNOG00000015573",256
"ENSRNOG00000018236",0
"ENSRNOG00000021670",0
"ENSRNOG00000053325",13
"ENSRNOG00000068970",2
"ENSRNOG00000066474",1
"ENSRNOG00000015678",6
"ENSRNOG00000012199",0
"ENSRNOG00000016146",34
"ENSRNOG00000011383",164
"ENSRNOG00000016842",0
"ENSRNOG00000069649",68
"ENSRNOG00000013662",6
"ENSRNOG00000068087",1
"ENSRNOG00000011977",475
"ENSRNOG00000025462",176
"ENSRNOG00000016339",0
"ENSRNOG00000008721",0
"ENSRNOG00000053599",902
"ENSRNOG00000051068",0
"ENSRNOG00000011561",378
"ENSRNOG00000068715",866
"ENSRNOG00000009581",0
"ENSRNOG00000015969",150
"ENSRNOG00000011440",84
"ENSRNOG00000065357",5
"ENSRNOG00000016262",0
"ENSRNOG00000026989",0
"ENSRNOG00000049819",104
"ENSRNOG00000045649",297
"ENSRNOG00000017821",0
"ENSRNOG00000020744",580
"ENSRNOG00000011937",53
"ENSRNOG00000042359",2101
"ENSRNOG00000052116",418
"ENSRNOG00000009487",1
"ENSRNOG00000012478",79
"ENSRNOG00000021410",26
"ENSRNOG00000033162",0
"ENSRNOG00000042535",0
"ENSRNOG00000013411",308
"ENSRNOG00000020058",876
"ENSRNOG00000053086",275
"ENSRNOG00000060626",98
"ENSRNOG00000013719",29
"ENSRNOG00000010280",0
"ENSRNOG00000009057",806
"ENSRNOG00000016477",552
"ENSRNOG00000019614",2
"ENSRNOG00000013912",563
"ENSRNOG00000025371",400
"ENSRNOG00000019508",110
"ENSRNOG00000062002",0
"ENSRNOG00000063864",1692
"ENSRNOG00000014323",290
"ENSRNOG00000039473",0
"ENSRNOG00000057322",7
"ENSRNOG00000059842",0
"ENSRNOG00000049676",1
"ENSRNOG00000021088",13
"ENSRNOG00000017969",0
"ENSRNOG00000013692",43
"ENSRNOG00000018285",0
"ENSRNOG00000064164",0
"ENSRNOG00000052613",73
"ENSRNOG00000062777",144
"ENSRNOG00000066056",11
"ENSRNOG00000020778",2
"ENSRNOG00000009433",19
"ENSRNOG00000054294",1117
"ENSRNOG00000008971",0
"ENSRNOG00000042118",318
"ENSRNOG00000052873",1741
"ENSRNOG00000021160",0
"ENSRNOG00000012563",1103
"ENSRNOG00000031320",0
"ENSRNOG00000020979",1105
"ENSRNOG00000055986",0
"ENSRNOG00000011238",786
"ENSRNOG00000042327",0
"ENSRNOG00000029212",3617
"ENSRNOG00000028865",0
"ENSRNOG00000028025",0
"ENSRNOG00000011669",180
"ENSRNOG00000069904",0
"ENSRNOG00000012186",1184
"ENSRNOG00000056697",7
"ENSRNOG00000015089",3
"ENSRNOG00000027522",0
"ENSRNOG00000021092",190
"ENSRNOG00000011844",268
"ENSRNOG00000012124",269
"ENSRNOG00000048342",457
"ENSRNOG00000015250",111
"ENSRNOG00000055846",0
"ENSRNOG00000019737",41
"ENSRNOG00000010797",26
"ENSRNOG00000067644",0
"ENSRNOG00000061390",0
"ENSRNOG00000015279",10
"ENSRNOG00000064744",6
"ENSRNOG00000066555",15
"ENSRNOG00000029966",39
"ENSRNOG00000020791",989
"ENSRNOG00000037655",89
"ENSRNOG00000069452",5
"ENSRNOG00000014066",129
"ENSRNOG00000023908",0
"ENSRNOG00000014795",32
"ENSRNOG00000028097",3
"ENSRNOG00000018293",554
"ENSRNOG00000015686",594
"ENSRNOG00000011076",512
"ENSRNOG00000013389",65
"ENSRNOG00000020373",422
"ENSRNOG00000031656",425
"ENSRNOG00000067662",0
"ENSRNOG00000016686",492
"ENSRNOG00000014052",0
"ENSRNOG00000018003",126
"ENSRNOG00000022707",0
"ENSRNOG00000016260",52
"ENSRNOG00000068153",21
"ENSRNOG00000066128",146
"ENSRNOG00000047620",268
"ENSRNOG00000067576",4
"ENSRNOG00000064952",0
"ENSRNOG00000066501",0
"ENSRNOG00000064838",18
"ENSRNOG00000049662",30
"ENSRNOG00000014414",1
"ENSRNOG00000016252",47
"ENSRNOG00000064105",123
"ENSRNOG00000069130",2
"ENSRNOG00000021185",111
"ENSRNOG00000010697",621
"ENSRNOG00000038242",0
"ENSRNOG00000065249",19
"ENSRNOG00000013521",36
"ENSRNOG00000062479",0
"ENSRNOG00000061443",5
"ENSRNOG00000061707",2
"ENSRNOG00000064612",290
"ENSRNOG00000024115",0
"ENSRNOG00000029185",484
"ENSRNOG00000023851",178
"ENSRNOG00000054204",21
"ENSRNOG00000010124",88
"ENSRNOG00000021024",1190
"ENSRNOG00000021099",42
"ENSRNOG00000016163",608
"ENSRNOG00000029893",10
"ENSRNOG00000038044",415
"ENSRNOG00000021100",19
"ENSRNOG00000021026",332
"ENSRNOG00000062927",115
"ENSRNOG00000024521",0
"ENSRNOG00000021042",553
"ENSRNOG00000011859",453
"ENSRNOG00000014684",48
"ENSRNOG00000052775",712
"ENSRNOG00000010701",42
"ENSRNOG00000048256",29
"ENSRNOG00000013011",902
"ENSRNOG00000023365",2
"ENSRNOG00000016617",2930
"ENSRNOG00000067220",11
"ENSRNOG00000021168",375
"ENSRNOG00000016552",572
"ENSRNOG00000012892",21
"ENSRNOG00000069706",0
"ENSRNOG00000008748",345
"ENSRNOG00000015347",4
"ENSRNOG00000009652",828
"ENSRNOG00000049281",1516
"ENSRNOG00000066767",0
"ENSRNOG00000043370",630
"ENSRNOG00000069066",0
"ENSRNOG00000063139",0
"ENSRNOG00000058111",58
"ENSRNOG00000062474",9
"ENSRNOG00000042977",57
"ENSRNOG00000067968",0
"ENSRNOG00000064402",0
"ENSRNOG00000019638",3037
"ENSRNOG00000030204",0
"ENSRNOG00000016122",328
"ENSRNOG00000020797",0
"ENSRNOG00000063838",0
"ENSRNOG00000014937",42
"ENSRNOG00000063844",0
"ENSRNOG00000028582",0
"ENSRNOG00000009803",0
"ENSRNOG00000064545",316
"ENSRNOG00000068046",0
"ENSRNOG00000021105",64
"ENSRNOG00000056627",0
"ENSRNOG00000063834",0
"ENSRNOG00000067526",2
"ENSRNOG00000063384",2
"ENSRNOG00000009205",637
"ENSRNOG00000037341",0
"ENSRNOG00000020139",697
"ENSRNOG00000023148",171
"ENSRNOG00000010624",984
"ENSRNOG00000016336",60
"ENSRNOG00000066187",0
"ENSRNOG00000018021",131
"ENSRNOG00000066759",0
"ENSRNOG00000066927",0
"ENSRNOG00000070136",0
"ENSRNOG00000014243",209
"ENSRNOG00000064220",94
"ENSRNOG00000065517",0
"ENSRNOG00000070230",436
"ENSRNOG00000014155",255
"ENSRNOG00000046788",0
"ENSRNOG00000013140",25
"ENSRNOG00000063069",0
"ENSRNOG00000019996",476
"ENSRNOG00000012512",635
"ENSRNOG00000025629",385
"ENSRNOG00000015334",433
"ENSRNOG00000065808",0
"ENSRNOG00000068984",0
"ENSRNOG00000048082",0
"ENSRNOG00000010843",20
"ENSRNOG00000000082",174
"ENSRNOG00000031398",0
"ENSRNOG00000011148",2504
"ENSRNOG00000046703",0
"ENSRNOG00000020485",0
"ENSRNOG00000010980",498
"ENSRNOG00000001601",1
"ENSRNOG00000020696",31
"ENSRNOG00000050075",0
"ENSRNOG00000019412",0
"ENSRNOG00000048459",0
"ENSRNOG00000069431",1
"ENSRNOG00000037149",1
"ENSRNOG00000024848",0
"ENSRNOG00000015812",1380
"ENSRNOG00000010972",0
"ENSRNOG00000011200",0
"ENSRNOG00000056335",0
"ENSRNOG00000050090",0
"ENSRNOG00000055035",0
"ENSRNOG00000058886",0
"ENSRNOG00000020588",96
"ENSRNOG00000069216",0
"ENSRNOG00000018112",0
"ENSRNOG00000009730",0
"ENSRNOG00000000097",1
"ENSRNOG00000017669",53
"ENSRNOG00000067521",0
"ENSRNOG00000040120",0
"ENSRNOG00000067045",0
"ENSRNOG00000042721",0
"ENSRNOG00000056969",16
"ENSRNOG00000043375",1
"ENSRNOG00000065561",0
"ENSRNOG00000070776",0
"ENSRNOG00000016437",5
"ENSRNOG00000020590",700
"ENSRNOG00000023511",0
"ENSRNOG00000024089",6607
"ENSRNOG00000064953",0
"ENSRNOG00000067338",135
"ENSRNOG00000063005",0
"ENSRNOG00000053997",0
"ENSRNOG00000017664",0
"ENSRNOG00000011146",1066
"ENSRNOG00000069436",0
"ENSRNOG00000010681",3
"ENSRNOG00000070427",1
"ENSRNOG00000033134",475
"ENSRNOG00000024492",359
"ENSRNOG00000057761",117
"ENSRNOG00000057702",0
"ENSRNOG00000070945",16
"ENSRNOG00000007092",0
"ENSRNOG00000064741",1
"ENSRNOG00000066248",0
"ENSRNOG00000062440",0
"ENSRNOG00000021867",1
"ENSRNOG00000064254",1
"ENSRNOG00000065280",85
"ENSRNOG00000016419",10469
"ENSRNOG00000062874",1
"ENSRNOG00000062957",0
"ENSRNOG00000069202",14
"ENSRNOG00000020554",338
"ENSRNOG00000054429",521
"ENSRNOG00000061358",171
"ENSRNOG00000071016",2
"ENSRNOG00000031778",1641
"ENSRNOG00000028529",0
"ENSRNOG00000010960",560
"ENSRNOG00000066237",0
"ENSRNOG00000009903",0
"ENSRNOG00000014046",0
"ENSRNOG00000014154",438
"ENSRNOG00000055760",362
"ENSRNOG00000020860",12
"ENSRNOG00000064956",0
"ENSRNOG00000016544",109
"ENSRNOG00000051869",0
"ENSRNOG00000049213",0
"ENSRNOG00000047188",2
"ENSRNOG00000020621",5
"ENSRNOG00000063238",7
"ENSRNOG00000013035",338
"ENSRNOG00000011893",1641
"ENSRNOG00000070684",0
"ENSRNOG00000060844",0
"ENSRNOG00000058618",2
"ENSRNOG00000062458",0
"ENSRNOG00000065795",0
"ENSRNOG00000010431",1
"ENSRNOG00000058580",842
"ENSRNOG00000066532",0
"ENSRNOG00000020640",343
"ENSRNOG00000068402",0
"ENSRNOG00000069428",0
"ENSRNOG00000013737",499
"ENSRNOG00000063226",0
"ENSRNOG00000028768",0
"ENSRNOG00000018681",6
"ENSRNOG00000064487",2
"ENSRNOG00000062612",0
"ENSRNOG00000071053",0
"ENSRNOG00000017712",0
"ENSRNOG00000042389",387
"ENSRNOG00000063698",0
"ENSRNOG00000012608",1
"ENSRNOG00000067298",0
"ENSRNOG00000017945",17
"ENSRNOG00000064712",0
"ENSRNOG00000010325",393
"ENSRNOG00000018094",0
"ENSRNOG00000014076",3517
"ENSRNOG00000021359",404
"ENSRNOG00000020811",74
"ENSRNOG00000030253",0
"ENSRNOG00000063023",1
"ENSRNOG00000065793",0
"ENSRNOG00000055450",0
"ENSRNOG00000020573",214
"ENSRNOG00000033940",0
"ENSRNOG00000018835",3036
"ENSRNOG00000066716",0
"ENSRNOG00000018076",2
"ENSRNOG00000034230",0
"ENSRNOG00000070239",0
"ENSRNOG00000015788",0
"ENSRNOG00000065402",40
"ENSRNOG00000017581",53
"ENSRNOG00000029726",289
"ENSRNOG00000065840",0
"ENSRNOG00000068099",0
"ENSRNOG00000068515",1
"ENSRNOG00000018290",0
"ENSRNOG00000022407",0
"ENSRNOG00000062889",4
"ENSRNOG00000036816",2566
"ENSRNOG00000066598",0
"ENSRNOG00000068420",39
"ENSRNOG00000063930",41
"ENSRNOG00000070434",0
"ENSRNOG00000018903",986
"ENSRNOG00000062880",43
"ENSRNOG00000020386",2768
"ENSRNOG00000070905",1
"ENSRNOG00000015353",23
"ENSRNOG00000014453",9117
"ENSRNOG00000067984",0
"ENSRNOG00000063298",0
"ENSRNOG00000069403",0
"ENSRNOG00000052343",882
"ENSRNOG00000064329",0
"ENSRNOG00000011723",16
"ENSRNOG00000012017",34
"ENSRNOG00000063646",0
"ENSRNOG00000066527",0
"ENSRNOG00000047506",149
"ENSRNOG00000070065",12
"ENSRNOG00000037552",2
"ENSRNOG00000070098",4
"ENSRNOG00000065566",0
"ENSRNOG00000068235",0
"ENSRNOG00000063326",30
"ENSRNOG00000063000",278
"ENSRNOG00000030847",18
"ENSRNOG00000068945",0
"ENSRNOG00000064284",31
"ENSRNOG00000032247",0
"ENSRNOG00000069911",0
"ENSRNOG00000021218",643
"ENSRNOG00000021200",4
"ENSRNOG00000006655",276
"ENSRNOG00000064525",3
"ENSRNOG00000065234",16
"ENSRNOG00000032735",460
"ENSRNOG00000062698",0
"ENSRNOG00000070452",0
"ENSRNOG00000026162",6
"ENSRNOG00000063007",9
"ENSRNOG00000048989",65
"ENSRNOG00000068611",1
"ENSRNOG00000069775",9
"ENSRNOG00000011997",0
"ENSRNOG00000025321",0
"ENSRNOG00000042561",1105
"ENSRNOG00000019885",287
"ENSRNOG00000064959",0
"ENSRNOG00000018716",21
"ENSRNOG00000019090",2347
"ENSRNOG00000009851",60
"ENSRNOG00000063785",7
"ENSRNOG00000013048",140
"ENSRNOG00000017502",513
"ENSRNOG00000013736",0
"ENSRNOG00000014550",1
"ENSRNOG00000067624",0
"ENSRNOG00000011384",147
"ENSRNOG00000036980",36
"ENSRNOG00000062760",0
"ENSRNOG00000015781",51
"ENSRNOG00000031115",0
"ENSRNOG00000064129",1
"ENSRNOG00000013771",2
"ENSRNOG00000010695",393
"ENSRNOG00000054277",0
"ENSRNOG00000063027",2
"ENSRNOG00000032427",1
"ENSRNOG00000060831",0
"ENSRNOG00000024928",0
"ENSRNOG00000068263",98
"ENSRNOG00000065778",0
"ENSRNOG00000069536",0
"ENSRNOG00000059441",0
"ENSRNOG00000011454",114
"ENSRNOG00000042781",12
"ENSRNOG00000009602",0
"ENSRNOG00000017392",12
"ENSRNOG00000037196",0
"ENSRNOG00000066674",0
"ENSRNOG00000040279",94
"ENSRNOG00000066302",0
"ENSRNOG00000013356",808
"ENSRNOG00000070222",0
"ENSRNOG00000024733",5
"ENSRNOG00000020657",1633
"ENSRNOG00000001271",380
"ENSRNOG00000027540",452
"ENSRNOG00000064990",0
"ENSRNOG00000009310",227
"ENSRNOG00000070484",0
"ENSRNOG00000017249",0
"ENSRNOG00000019620",70
"ENSRNOG00000021186",0
"ENSRNOG00000009339",98
"ENSRNOG00000065693",0
"ENSRNOG00000017494",213
"ENSRNOG00000061582",1036
"ENSRNOG00000065310",0
"ENSRNOG00000019281",1499
"ENSRNOG00000063052",0
"ENSRNOG00000012760",528
"ENSRNOG00000012099",444
"ENSRNOG00000068872",0
"ENSRNOG00000014515",150
"ENSRNOG00000016351",334
"ENSRNOG00000020663",607
"ENSRNOG00000012410",29
"ENSRNOG00000019565",145
"ENSRNOG00000029071",303
"ENSRNOG00000069413",0
"ENSRNOG00000019414",3
"ENSRNOG00000018746",704
"ENSRNOG00000028310",0
"ENSRNOG00000031248",0
"ENSRNOG00000032463",253
"ENSRNOG00000023073",0
"ENSRNOG00000025269",581
"ENSRNOG00000070658",0
"ENSRNOG00000064486",11
"ENSRNOG00000012053",164
"ENSRNOG00000010827",219
"ENSRNOG00000010661",0
"ENSRNOG00000019670",157
"ENSRNOG00000012008",9
"ENSRNOG00000030171",0
"ENSRNOG00000016243",1923
"ENSRNOG00000011821",1581
"ENSRNOG00000065139",187
"ENSRNOG00000016164",0
"ENSRNOG00000011748",1
"ENSRNOG00000063101",0
"ENSRNOG00000011647",5899
"ENSRNOG00000066226",4
"ENSRNOG00000020500",2537
"ENSRNOG00000037082",3
"ENSRNOG00000033352",0
"ENSRNOG00000014479",1047
"ENSRNOG00000011557",0
"ENSRNOG00000046881",0
"ENSRNOG00000011483",0
"ENSRNOG00000012058",3
"ENSRNOG00000058609",3
"ENSRNOG00000060988",0
"ENSRNOG00000037217",4
"ENSRNOG00000013252",107
"ENSRNOG00000038366",246
"ENSRNOG00000020013",109
"ENSRNOG00000010603",0
"ENSRNOG00000011752",150
"ENSRNOG00000033560",248
"ENSRNOG00000011623",0
"ENSRNOG00000070759",0
"ENSRNOG00000064237",0
"ENSRNOG00000000098",550
"ENSRNOG00000065518",1
"ENSRNOG00000024039",417
"ENSRNOG00000012549",1358
"ENSRNOG00000025025",361
"ENSRNOG00000020518",583
"ENSRNOG00000060939",2683
"ENSRNOG00000025377",4
"ENSRNOG00000069195",0
"ENSRNOG00000030049",122
"ENSRNOG00000013940",7
"ENSRNOG00000038436",1368
"ENSRNOG00000023803",17
"ENSRNOG00000018937",156
"ENSRNOG00000048258",693
"ENSRNOG00000015117",217
"ENSRNOG00000068303",0
"ENSRNOG00000047108",0
"ENSRNOG00000019058",2
"ENSRNOG00000024208",0
"ENSRNOG00000064584",550
"ENSRNOG00000009990",403
"ENSRNOG00000031067",0
"ENSRNOG00000028930",1631
"ENSRNOG00000013953",0
"ENSRNOG00000013538",3283
"ENSRNOG00000015140",69
"ENSRNOG00000056325",128
"ENSRNOG00000038330",15
"ENSRNOG00000033693",1
"ENSRNOG00000014002",141
"ENSRNOG00000018193",90
"ENSRNOG00000016550",17
"ENSRNOG00000065128",1
"ENSRNOG00000031974",1
"ENSRNOG00000010575",82
"ENSRNOG00000016541",633
"ENSRNOG00000030237",310
"ENSRNOG00000020272",3
"ENSRNOG00000013660",467
"ENSRNOG00000009808",149
"ENSRNOG00000009980",1100
"ENSRNOG00000015211",21
"ENSRNOG00000071130",0
"ENSRNOG00000019328",422
"ENSRNOG00000010274",275
"ENSRNOG00000055839",0
"ENSRNOG00000069322",2
"ENSRNOG00000068300",0
"ENSRNOG00000059275",0
"ENSRNOG00000013741",4629
"ENSRNOG00000067967",0
"ENSRNOG00000062483",0
"ENSRNOG00000058654",68
"ENSRNOG00000057918",0
"ENSRNOG00000066745",0
"ENSRNOG00000056991",0
"ENSRNOG00000063017",0
"ENSRNOG00000070969",0
"ENSRNOG00000023640",4
"ENSRNOG00000029209",1295
"ENSRNOG00000070213",0
"ENSRNOG00000028749",114
"ENSRNOG00000053707",0
"ENSRNOG00000061349",1
"ENSRNOG00000050514",60
"ENSRNOG00000054199",0
"ENSRNOG00000059307",0
"ENSRNOG00000010515",152
"ENSRNOG00000014350",8401
"ENSRNOG00000051865",0
"ENSRNOG00000064800",0
"ENSRNOG00000064458",0
"ENSRNOG00000019908",147
"ENSRNOG00000066920",0
"ENSRNOG00000061123",0
"ENSRNOG00000051873",0
"ENSRNOG00000063407",1
"ENSRNOG00000057151",0
"ENSRNOG00000019933",1161
"ENSRNOG00000064856",0
"ENSRNOG00000056743",0
"ENSRNOG00000069816",0
"ENSRNOG00000064178",0
"ENSRNOG00000052763",2
"ENSRNOG00000054541",0
"ENSRNOG00000059609",0
"ENSRNOG00000020297",281
"ENSRNOG00000061529",0
"ENSRNOG00000052672",0
"ENSRNOG00000021068",1079
"ENSRNOG00000067493",0
"ENSRNOG00000070998",0
"ENSRNOG00000064698",0
"ENSRNOG00000036429",0
"ENSRNOG00000040385",0
"ENSRNOG00000047006",0
"ENSRNOG00000048716",0
"ENSRNOG00000035483",0
"ENSRNOG00000035504",0
"ENSRNOG00000050085",0
"ENSRNOG00000064834",0
"ENSRNOG00000020863",1
"ENSRNOG00000041792",0
"ENSRNOG00000036423",0
"ENSRNOG00000040434",0
"ENSRNOG00000035551",0
"ENSRNOG00000035617",9
"ENSRNOG00000035622",0
"ENSRNOG00000035628",0
"ENSRNOG00000035499",0
"ENSRNOG00000035491",0
"ENSRNOG00000043562",2
"ENSRNOG00000036435",0
"ENSRNOG00000041245",0
"ENSRNOG00000031174",813
"ENSRNOG00000069791",0
"ENSRNOG00000065319",0
"ENSRNOG00000058729",0
"ENSRNOG00000055084",0
"ENSRNOG00000055177",0
"ENSRNOG00000067398",0
"ENSRNOG00000055615",0
"ENSRNOG00000060780",0
"ENSRNOG00000053927",1
"ENSRNOG00000054350",0
"ENSRNOG00000053892",0
"ENSRNOG00000053050",0
"ENSRNOG00000055668",0
"ENSRNOG00000054318",0
"ENSRNOG00000058113",0
"ENSRNOG00000058966",0
"ENSRNOG00000054887",0
"ENSRNOG00000054477",0
"ENSRNOG00000051850",0
"ENSRNOG00000055556",0
"ENSRNOG00000052749",0
"ENSRNOG00000064165",1
"ENSRNOG00000059208",0
"ENSRNOG00000064706",0
"ENSRNOG00000069036",0
"ENSRNOG00000060967",0
"ENSRNOG00000053823",0
"ENSRNOG00000056549",0
"ENSRNOG00000058502",0
"ENSRNOG00000010533",735
"ENSRNOG00000056971",0
"ENSRNOG00000058747",0
"ENSRNOG00000057704",0
"ENSRNOG00000053898",20
"ENSRNOG00000051673",0
"ENSRNOG00000069812",7
"ENSRNOG00000070085",0
"ENSRNOG00000051930",0
"ENSRNOG00000058028",0
"ENSRNOG00000064110",0
"ENSRNOG00000069482",0
"ENSRNOG00000011696",132
"ENSRNOG00000058027",2
"ENSRNOG00000070871",0
"ENSRNOG00000067788",1
"ENSRNOG00000068568",1
"ENSRNOG00000066724",0
"ENSRNOG00000054271",0
"ENSRNOG00000065672",1
"ENSRNOG00000068833",0
"ENSRNOG00000067127",180
"ENSRNOG00000056349",0
"ENSRNOG00000070410",0
"ENSRNOG00000052247",181
"ENSRNOG00000070928",0
"ENSRNOG00000068384",0
"ENSRNOG00000070242",106
"ENSRNOG00000056961",0
"ENSRNOG00000060857",0
"ENSRNOG00000048993",0
"ENSRNOG00000053190",0
"ENSRNOG00000062782",0
"ENSRNOG00000051388",0
"ENSRNOG00000068650",0
"ENSRNOG00000061565",0
"ENSRNOG00000057328",0
"ENSRNOG00000071043",0
"ENSRNOG00000061427",0
"ENSRNOG00000070728",0
"ENSRNOG00000065295",0
"ENSRNOG00000071203",0
"ENSRNOG00000019470",0
"ENSRNOG00000053499",0
"ENSRNOG00000069691",0
"ENSRNOG00000066990",0
"ENSRNOG00000064425",0
"ENSRNOG00000056093",0
"ENSRNOG00000056123",0
"ENSRNOG00000065668",0
"ENSRNOG00000068654",0
"ENSRNOG00000060908",0
"ENSRNOG00000069677",0
"ENSRNOG00000062488",0
"ENSRNOG00000067795",0
"ENSRNOG00000067019",0
"ENSRNOG00000066699",0
"ENSRNOG00000051871",1
"ENSRNOG00000057841",0
"ENSRNOG00000064261",0
"ENSRNOG00000064924",0
"ENSRNOG00000055558",0
"ENSRNOG00000071164",0
"ENSRNOG00000068249",0
"ENSRNOG00000064733",0
"ENSRNOG00000069242",0
"ENSRNOG00000068704",1
"ENSRNOG00000068904",0
"ENSRNOG00000063349",0
"ENSRNOG00000061534",0
"ENSRNOG00000059407",5
"ENSRNOG00000042283",86
"ENSRNOG00000068155",0
"ENSRNOG00000058770",0
"ENSRNOG00000070453",0
"ENSRNOG00000067293",0
"ENSRNOG00000054062",0
"ENSRNOG00000020869",294
"ENSRNOG00000062689",0
"ENSRNOG00000062800",0
"ENSRNOG00000065482",0
"ENSRNOG00000066024",3
"ENSRNOG00000059573",0
"ENSRNOG00000057916",0
"ENSRNOG00000058807",0
"ENSRNOG00000020357",149
"ENSRNOG00000028350",141
"ENSRNOG00000009997",1153
"ENSRNOG00000068258",0
"ENSRNOG00000015553",260
"ENSRNOG00000059568",0
"ENSRNOG00000013372",0
"ENSRNOG00000059512",0
"ENSRNOG00000037310",1
"ENSRNOG00000013002",377
"ENSRNOG00000020875",39
"ENSRNOG00000010125",648
"ENSRNOG00000017516",308
"ENSRNOG00000019940",1819
"ENSRNOG00000037190",1
"ENSRNOG00000012770",15
"ENSRNOG00000070497",0
"ENSRNOG00000010147",357
"ENSRNOG00000023588",0
"ENSRNOG00000047158",209
"ENSRNOG00000011150",1756
"ENSRNOG00000068662",0
"ENSRNOG00000015502",575
"ENSRNOG00000019441",0
"ENSRNOG00000012819",1
"ENSRNOG00000010286",2050
"ENSRNOG00000029304",128
"ENSRNOG00000016835",0
"ENSRNOG00000012278",0
"ENSRNOG00000009582",0
"ENSRNOG00000061862",78
"ENSRNOG00000070749",476
"ENSRNOG00000019957",167
"ENSRNOG00000068483",0
"ENSRNOG00000013950",0
"ENSRNOG00000010263",3
"ENSRNOG00000058633",0
"ENSRNOG00000022101",9
"ENSRNOG00000070756",0
"ENSRNOG00000022929",162
"ENSRNOG00000060124",0
"ENSRNOG00000064400",0
"ENSRNOG00000059951",0
"ENSRNOG00000042332",0
"ENSRNOG00000070224",0
"ENSRNOG00000060497",0
"ENSRNOG00000058851",0
"ENSRNOG00000058175",0
"ENSRNOG00000016213",1098
"ENSRNOG00000053571",0
"ENSRNOG00000051368",0
"ENSRNOG00000052881",0
"ENSRNOG00000061379",0
"ENSRNOG00000068553",0
"ENSRNOG00000069719",0
"ENSRNOG00000066468",0
"ENSRNOG00000061066",0
"ENSRNOG00000060354",0
"ENSRNOG00000061089",0
"ENSRNOG00000053220",0
"ENSRNOG00000068791",0
"ENSRNOG00000033192",774
"ENSRNOG00000069141",0
"ENSRNOG00000070429",0
"ENSRNOG00000011360",0
"ENSRNOG00000059221",0
"ENSRNOG00000056460",0
"ENSRNOG00000010535",12
"ENSRNOG00000052892",0
"ENSRNOG00000057431",0
"ENSRNOG00000065070",0
"ENSRNOG00000020027",2556
"ENSRNOG00000059290",0
"ENSRNOG00000009577",0
"ENSRNOG00000017890",0
"ENSRNOG00000055118",1
"ENSRNOG00000053651",0
"ENSRNOG00000045639",36
"ENSRNOG00000065463",0
"ENSRNOG00000019738",0
"ENSRNOG00000055965",0
"ENSRNOG00000055509",0
"ENSRNOG00000061146",22
"ENSRNOG00000060162",3
"ENSRNOG00000012810",68
"ENSRNOG00000053550",1807
"ENSRNOG00000058079",0
"ENSRNOG00000069084",0
"ENSRNOG00000060964",0
"ENSRNOG00000065134",0
"ENSRNOG00000060747",0
"ENSRNOG00000069987",0
"ENSRNOG00000017876",44
"ENSRNOG00000054044",0
"ENSRNOG00000057801",0
"ENSRNOG00000056416",0
"ENSRNOG00000053400",4
"ENSRNOG00000062341",0
"ENSRNOG00000028872",2340
"ENSRNOG00000010369",357
"ENSRNOG00000061128",656
"ENSRNOG00000026392",0
"ENSRNOG00000059059",103
"ENSRNOG00000051682",92
"ENSRNOG00000053243",0
"ENSRNOG00000014443",115
"ENSRNOG00000052874",1
"ENSRNOG00000070358",0
"ENSRNOG00000010454",4
"ENSRNOG00000055813",0
"ENSRNOG00000012655",331
"ENSRNOG00000019037",0
"ENSRNOG00000070016",0
"ENSRNOG00000062872",0
"ENSRNOG00000014686",241
"ENSRNOG00000044194",0
"ENSRNOG00000054864",0
"ENSRNOG00000064710",5
"ENSRNOG00000065337",0
"ENSRNOG00000010824",273
"ENSRNOG00000062354",0
"ENSRNOG00000065986",0
"ENSRNOG00000054751",202
"ENSRNOG00000069913",0
"ENSRNOG00000053795",17
"ENSRNOG00000010081",34
"ENSRNOG00000056420",0
"ENSRNOG00000066462",12
"ENSRNOG00000060388",2
"ENSRNOG00000058700",0
"ENSRNOG00000009465",33
"ENSRNOG00000056880",0
"ENSRNOG00000064742",1333
"ENSRNOG00000055079",5
"ENSRNOG00000053556",0
"ENSRNOG00000061866",0
"ENSRNOG00000017864",552
"ENSRNOG00000067910",0
"ENSRNOG00000017484",96
"ENSRNOG00000061788",3
"ENSRNOG00000054881",0
"ENSRNOG00000038398",0
"ENSRNOG00000054369",0
"ENSRNOG00000068655",10
"ENSRNOG00000061021",0
"ENSRNOG00000066722",0
"ENSRNOG00000045665",15
"ENSRNOG00000059636",0
"ENSRNOG00000069685",0
"ENSRNOG00000068763",0
"ENSRNOG00000058275",0
"ENSRNOG00000012982",165
"ENSRNOG00000066126",0
"ENSRNOG00000068290",0
"ENSRNOG00000055772",0
"ENSRNOG00000057098",0
"ENSRNOG00000060403",0
"ENSRNOG00000064131",0
"ENSRNOG00000009514",12
"ENSRNOG00000060919",0
"ENSRNOG00000054088",0
"ENSRNOG00000018353",279
"ENSRNOG00000069934",1
"ENSRNOG00000029670",4696
"ENSRNOG00000058150",0
"ENSRNOG00000058255",0
"ENSRNOG00000024433",304
"ENSRNOG00000061362",0
"ENSRNOG00000045647",332
"ENSRNOG00000061190",0
"ENSRNOG00000056917",1
"ENSRNOG00000017420",69
"ENSRNOG00000012354",134
"ENSRNOG00000055905",0
"ENSRNOG00000012136",614
"ENSRNOG00000069742",0
"ENSRNOG00000068700",0
"ENSRNOG00000058816",0
"ENSRNOG00000061470",0
"ENSRNOG00000013038",68
"ENSRNOG00000052487",0
"ENSRNOG00000057752",0
"ENSRNOG00000066004",242
"ENSRNOG00000039848",985
"ENSRNOG00000056780",0
"ENSRNOG00000018166",219
"ENSRNOG00000011239",0
"ENSRNOG00000022636",181
"ENSRNOG00000056607",0
"ENSRNOG00000062697",0
"ENSRNOG00000054290",0
"ENSRNOG00000023579",627
"ENSRNOG00000066350",1
"ENSRNOG00000055857",0
"ENSRNOG00000063018",21
"ENSRNOG00000009968",143
"ENSRNOG00000054115",0
"ENSRNOG00000066403",0
"ENSRNOG00000067566",0
"ENSRNOG00000017462",103
"ENSRNOG00000002223",1
"ENSRNOG00000013535",0
"ENSRNOG00000057470",218
"ENSRNOG00000059004",0
"ENSRNOG00000070670",0
"ENSRNOG00000055382",0
"ENSRNOG00000016394",726
"ENSRNOG00000030104",3
"ENSRNOG00000012851",0
"ENSRNOG00000012060",3191
"ENSRNOG00000014999",1658
"ENSRNOG00000061058",900
"ENSRNOG00000047002",2
"ENSRNOG00000013844",184
"ENSRNOG00000017574",0
"ENSRNOG00000033837",0
"ENSRNOG00000014139",58
"ENSRNOG00000011631",806
"ENSRNOG00000067100",24
"ENSRNOG00000061213",136
"ENSRNOG00000016342",36
"ENSRNOG00000010079",13
"ENSRNOG00000010941",20
"ENSRNOG00000062530",0
"ENSRNOG00000066617",0
"ENSRNOG00000032414",42
"ENSRNOG00000031024",0
"ENSRNOG00000046941",3
"ENSRNOG00000012505",97
"ENSRNOG00000053292",0
"ENSRNOG00000066566",302
"ENSRNOG00000045778",32
"ENSRNOG00000046421",0
"ENSRNOG00000030039",0
"ENSRNOG00000009826",0
"ENSRNOG00000064787",76
"ENSRNOG00000068123",0
"ENSRNOG00000010805",2
"ENSRNOG00000023453",254
"ENSRNOG00000018230",183
"ENSRNOG00000016912",700
"ENSRNOG00000056907",1415
"ENSRNOG00000010450",30
"ENSRNOG00000010971",927
"ENSRNOG00000042471",0
"ENSRNOG00000051687",0
"ENSRNOG00000025823",0
"ENSRNOG00000009953",81
"ENSRNOG00000055439",14
"ENSRNOG00000026686",0
"ENSRNOG00000039740",5
"ENSRNOG00000024947",0
"ENSRNOG00000066236",0
"ENSRNOG00000023079",926
"ENSRNOG00000027908",3
"ENSRNOG00000025608",0
"ENSRNOG00000050263",0
"ENSRNOG00000014232",0
"ENSRNOG00000011082",0
"ENSRNOG00000026842",1244
"ENSRNOG00000068600",98
"ENSRNOG00000013294",0
"ENSRNOG00000014793",0
"ENSRNOG00000013507",1635
"ENSRNOG00000017990",3110
"ENSRNOG00000018865",6989
"ENSRNOG00000014039",0
"ENSRNOG00000043053",180
"ENSRNOG00000020706",0
"ENSRNOG00000033064",0
"ENSRNOG00000022356",1369
"ENSRNOG00000014654",193
"ENSRNOG00000013177",238
"ENSRNOG00000049743",227
"ENSRNOG00000013409",116
"ENSRNOG00000017427",454
"ENSRNOG00000021656",1
"ENSRNOG00000031995",236
"ENSRNOG00000021116",1
"ENSRNOG00000011553",441
"ENSRNOG00000056151",2
"ENSRNOG00000028052",25
"ENSRNOG00000030019",3787
"ENSRNOG00000064945",28
"ENSRNOG00000066826",0
"ENSRNOG00000065064",0
"ENSRNOG00000010760",16
"ENSRNOG00000011639",173
"ENSRNOG00000015654",181
"ENSRNOG00000023258",657
"ENSRNOG00000049075",476
"ENSRNOG00000010891",231
"ENSRNOG00000021120",429
"ENSRNOG00000011441",906
"ENSRNOG00000011949",835
"ENSRNOG00000038552",1
"ENSRNOG00000014549",260
"ENSRNOG00000053979",30
"ENSRNOG00000054361",0
"ENSRNOG00000012095",951
"ENSRNOG00000027410",29
"ENSRNOG00000017758",976
"ENSRNOG00000028156",1086
"ENSRNOG00000018510",325
"ENSRNOG00000037853",4
"ENSRNOG00000042717",40
"ENSRNOG00000038008",0
"ENSRNOG00000052173",1
"ENSRNOG00000021131",668
"ENSRNOG00000039582",30
"ENSRNOG00000032630",33
"ENSRNOG00000013045",164
"ENSRNOG00000009771",0
"ENSRNOG00000059903",239
"ENSRNOG00000010649",75
"ENSRNOG00000053969",33
"ENSRNOG00000067816",0
"ENSRNOG00000017428",3008
"ENSRNOG00000031378",132
"ENSRNOG00000059750",91
"ENSRNOG00000068920",565
"ENSRNOG00000033449",1
"ENSRNOG00000010461",1170
"ENSRNOG00000010747",4809
"ENSRNOG00000012734",601
"ENSRNOG00000054157",29
"ENSRNOG00000043502",0
"ENSRNOG00000012148",1570
"ENSRNOG00000010799",111
"ENSRNOG00000028335",2818
"ENSRNOG00000010815",813
"ENSRNOG00000062848",3
"ENSRNOG00000013963",4751
"ENSRNOG00000023816",858
"ENSRNOG00000050416",0
"ENSRNOG00000037406",0
"ENSRNOG00000017752",232
"ENSRNOG00000020539",11
"ENSRNOG00000055790",8
"ENSRNOG00000021134",0
"ENSRNOG00000048832",0
"ENSRNOG00000021081",332
"ENSRNOG00000067115",1
"ENSRNOG00000012933",490
"ENSRNOG00000021138",2937
"ENSRNOG00000013293",88
"ENSRNOG00000012091",122
"ENSRNOG00000013336",157
"ENSRNOG00000023162",73
"ENSRNOG00000017246",0
"ENSRNOG00000065396",30
"ENSRNOG00000062882",13
"ENSRNOG00000017348",0
"ENSRNOG00000042261",1632
"ENSRNOG00000016505",1
"ENSRNOG00000011705",0
"ENSRNOG00000016530",720
"ENSRNOG00000016961",1097
"ENSRNOG00000009629",0
"ENSRNOG00000011066",1342
"ENSRNOG00000000001",66
"ENSRNOG00000017441",2333
"ENSRNOG00000016733",154
"ENSRNOG00000010589",337
"ENSRNOG00000011586",543
"ENSRNOG00000016379",362
"ENSRNOG00000023493",0
"ENSRNOG00000025108",0
"ENSRNOG00000068776",21
"ENSRNOG00000011216",1016
"ENSRNOG00000032009",2
"ENSRNOG00000028941",324
"ENSRNOG00000021143",558
"ENSRNOG00000038095",0
"ENSRNOG00000027833",657
"ENSRNOG00000070034",908
"ENSRNOG00000070330",0
"ENSRNOG00000025285",179
"ENSRNOG00000015425",94
"ENSRNOG00000014599",200
"ENSRNOG00000046468",66
"ENSRNOG00000010238",302
"ENSRNOG00000029889",0
"ENSRNOG00000066871",3
"ENSRNOG00000032576",0
"ENSRNOG00000068443",0
"ENSRNOG00000043386",403
"ENSRNOG00000010266",717
"ENSRNOG00000021199",0
"ENSRNOG00000011923",0
"ENSRNOG00000058539",201
"ENSRNOG00000009882",241
"ENSRNOG00000012827",3
"ENSRNOG00000069676",1
"ENSRNOG00000009821",0
"ENSRNOG00000014660",435
"ENSRNOG00000010161",1321
"ENSRNOG00000071200",0
"ENSRNOG00000069800",1
"ENSRNOG00000010658",362
"ENSRNOG00000068741",3
"ENSRNOG00000032922",485
"ENSRNOG00000032240",13
"ENSRNOG00000020829",99
"ENSRNOG00000025274",1534
"ENSRNOG00000011340",314
"ENSRNOG00000019868",713
"ENSRNOG00000043094",976
"ENSRNOG00000043445",0
"ENSRNOG00000056371",729
"ENSRNOG00000010819",7
"ENSRNOG00000031814",4092
"ENSRNOG00000066065",1890
"ENSRNOG00000020832",8
"ENSRNOG00000009372",0
"ENSRNOG00000027971",0
"ENSRNOG00000027002",1577
"ENSRNOG00000024365",129
"ENSRNOG00000026186",907
"ENSRNOG00000009004",0
"ENSRNOG00000070835",200
"ENSRNOG00000010199",6
"ENSRNOG00000019163",0
"ENSRNOG00000013451",774
"ENSRNOG00000027836",0
"ENSRNOG00000011842",1
"ENSRNOG00000042080",0
"ENSRNOG00000014893",2
"ENSRNOG00000012873",309
"ENSRNOG00000027935",2
"ENSRNOG00000011260",2
"ENSRNOG00000020470",733
"ENSRNOG00000012385",334
"ENSRNOG00000011632",3808
"ENSRNOG00000027923",379
"ENSRNOG00000022347",59
"ENSRNOG00000063581",0
"ENSRNOG00000015024",12
"ENSRNOG00000018067",331
"ENSRNOG00000010094",0
"ENSRNOG00000013572",2527
"ENSRNOG00000013121",281
"ENSRNOG00000050563",0
"ENSRNOG00000043377",1044
"ENSRNOG00000012109",7
"ENSRNOG00000021798",0
"ENSRNOG00000042152",52
"ENSRNOG00000062377",2
"ENSRNOG00000025160",45
"ENSRNOG00000054426",427
"ENSRNOG00000031743",51
"ENSRNOG00000010121",8
"ENSRNOG00000050706",7
"ENSRNOG00000015913",1209
"ENSRNOG00000056894",8
"ENSRNOG00000023404",3
"ENSRNOG00000009992",354
"ENSRNOG00000011528",421
"ENSRNOG00000021215",137
"ENSRNOG00000062253",536
"ENSRNOG00000019221",187
"ENSRNOG00000026944",22
"ENSRNOG00000013050",0
"ENSRNOG00000017187",120
"ENSRNOG00000026928",158
"ENSRNOG00000038905",16
"ENSRNOG00000064230",7
"ENSRNOG00000061097",1
"ENSRNOG00000064398",0
"ENSRNOG00000029988",1760
"ENSRNOG00000063273",0
"ENSRNOG00000043332",0
"ENSRNOG00000066265",0
"ENSRNOG00000010254",0
"ENSRNOG00000031997",101
"ENSRNOG00000067789",259
"ENSRNOG00000064077",0
"ENSRNOG00000069122",0
"ENSRNOG00000068124",30
"ENSRNOG00000063925",0
"ENSRNOG00000017680",7
"ENSRNOG00000021745",0
"ENSRNOG00000028348",0
"ENSRNOG00000069632",8
"ENSRNOG00000023126",13
"ENSRNOG00000049010",0
"ENSRNOG00000062769",0
"ENSRNOG00000043292",0
"ENSRNOG00000016289",18
"ENSRNOG00000011963",0
"ENSRNOG00000069332",0
"ENSRNOG00000045818",0
"ENSRNOG00000010047",1
"ENSRNOG00000025157",176
"ENSRNOG00000059302",0
"ENSRNOG00000052207",1136
"ENSRNOG00000022373",360
"ENSRNOG00000070775",0
"ENSRNOG00000018045",237
"ENSRNOG00000061317",0
"ENSRNOG00000056337",0
"ENSRNOG00000011827",465
"ENSRNOG00000063475",0
"ENSRNOG00000034093",5896
"ENSRNOG00000009503",51
"ENSRNOG00000046368",89
"ENSRNOG00000065845",0
"ENSRNOG00000055370",0
"ENSRNOG00000029592",1409
"ENSRNOG00000033499",0
"ENSRNOG00000064528",0
"ENSRNOG00000024628",0
"ENSRNOG00000032941",5
"ENSRNOG00000033147",0
"ENSRNOG00000049530",4
"ENSRNOG00000067368",0
"ENSRNOG00000020279",225
"ENSRNOG00000011555",324
"ENSRNOG00000068362",44
"ENSRNOG00000070040",0
"ENSRNOG00000070781",0
"ENSRNOG00000067496",0
"ENSRNOG00000009168",0
"ENSRNOG00000014815",15
"ENSRNOG00000004978",1341
"ENSRNOG00000010992",0
"ENSRNOG00000067916",0
"ENSRNOG00000063016",3
"ENSRNOG00000070591",27
"ENSRNOG00000024623",0
"ENSRNOG00000047236",11
"ENSRNOG00000063309",12
"ENSRNOG00000030748",4
"ENSRNOG00000016214",592
"ENSRNOG00000066364",0
"ENSRNOG00000066603",0
"ENSRNOG00000070191",0
"ENSRNOG00000066407",0
"ENSRNOG00000062928",0
"ENSRNOG00000029493",0
"ENSRNOG00000030494",36
"ENSRNOG00000067699",0
"ENSRNOG00000063988",0
"ENSRNOG00000064397",0
"ENSRNOG00000038902",12
"ENSRNOG00000019044",0
"ENSRNOG00000068251",0
"ENSRNOG00000064598",0
"ENSRNOG00000068421",0
"ENSRNOG00000011980",1
"ENSRNOG00000042266",0
"ENSRNOG00000063985",0
"ENSRNOG00000010680",19
"ENSRNOG00000049827",5
"ENSRNOG00000070831",0
"ENSRNOG00000065118",0
"ENSRNOG00000065510",0
"ENSRNOG00000023892",0
"ENSRNOG00000037223",0
"ENSRNOG00000029339",304
"ENSRNOG00000067361",48
"ENSRNOG00000030747",424
"ENSRNOG00000070872",0
"ENSRNOG00000010741",13
"ENSRNOG00000021101",5
"ENSRNOG00000065432",145
"ENSRNOG00000065162",0
"ENSRNOG00000063704",1
"ENSRNOG00000069915",0
"ENSRNOG00000009314",0
"ENSRNOG00000065565",4
"ENSRNOG00000031144",0
"ENSRNOG00000009574",0
"ENSRNOG00000017695",2478
"ENSRNOG00000022745",112
"ENSRNOG00000071169",0
"ENSRNOG00000009383",0
"ENSRNOG00000065447",0
"ENSRNOG00000065886",20
"ENSRNOG00000021166",1573
"ENSRNOG00000011929",319
"ENSRNOG00000031358",459
"ENSRNOG00000016432",3
"ENSRNOG00000016044",0
"ENSRNOG00000017723",194
"ENSRNOG00000009326",0
"ENSRNOG00000011284",387
"ENSRNOG00000014143",17
"ENSRNOG00000014872",4842
"ENSRNOG00000020255",1636
"ENSRNOG00000064204",44
"ENSRNOG00000070921",17
"ENSRNOG00000015274",217
"ENSRNOG00000017744",220
"ENSRNOG00000025297",0
"ENSRNOG00000021182",162
"ENSRNOG00000009955",7
"ENSRNOG00000011317",895
"ENSRNOG00000037115",0
"ENSRNOG00000023965",0
"ENSRNOG00000019754",168
"ENSRNOG00000013798",173
"ENSRNOG00000022218",32
"ENSRNOG00000019240",429
"ENSRNOG00000053349",3
"ENSRNOG00000069596",0
"ENSRNOG00000065742",0
"ENSRNOG00000048949",87
"ENSRNOG00000036885",0
"ENSRNOG00000045743",0
"ENSRNOG00000069593",1
"ENSRNOG00000019211",867
"ENSRNOG00000013872",0
"ENSRNOG00000023943",0
"ENSRNOG00000013894",0
"ENSRNOG00000064223",0
"ENSRNOG00000029756",0
"ENSRNOG00000015655",2083
"ENSRNOG00000019333",3082
"ENSRNOG00000014490",259
"ENSRNOG00000070399",0
"ENSRNOG00000013902",0
"ENSRNOG00000043426",7
"ENSRNOG00000011025",90
"ENSRNOG00000013917",1
"ENSRNOG00000056332",11
"ENSRNOG00000015987",770
"ENSRNOG00000019367",250
"ENSRNOG00000069829",0
"ENSRNOG00000045764",0
"ENSRNOG00000011294",375
"ENSRNOG00000016571",224
"ENSRNOG00000067239",353
"ENSRNOG00000051854",304
"ENSRNOG00000021581",283
"ENSRNOG00000018798",0
"ENSRNOG00000018870",0
"ENSRNOG00000070442",41
"ENSRNOG00000055257",3078
"ENSRNOG00000010306",258
"ENSRNOG00000060107",149
"ENSRNOG00000018220",1086
"ENSRNOG00000025074",0
"ENSRNOG00000011589",1609
"ENSRNOG00000052232",34
"ENSRNOG00000014857",147
"ENSRNOG00000059604",0
"ENSRNOG00000063253",0
"ENSRNOG00000018131",73
"ENSRNOG00000010655",0
"ENSRNOG00000010552",352
"ENSRNOG00000047499",186
"ENSRNOG00000018783",176
"ENSRNOG00000067768",0
"ENSRNOG00000023457",0
"ENSRNOG00000009345",0
"ENSRNOG00000054375",0
"ENSRNOG00000019417",0
"ENSRNOG00000012508",1
"ENSRNOG00000012436",95
"ENSRNOG00000018569",1309
"ENSRNOG00000012281",0
"ENSRNOG00000011311",584
"ENSRNOG00000018201",0
"ENSRNOG00000065373",0
"ENSRNOG00000018659",1068
"ENSRNOG00000014575",370
"ENSRNOG00000069176",0
"ENSRNOG00000015029",759
"ENSRNOG00000046357",577
"ENSRNOG00000015026",900
"ENSRNOG00000014059",23
"ENSRNOG00000023338",297
"ENSRNOG00000012630",1132
"ENSRNOG00000012947",545
"ENSRNOG00000012946",87
"ENSRNOG00000016793",0
"ENSRNOG00000068931",76
"ENSRNOG00000028561",0
"ENSRNOG00000014613",2120
"ENSRNOG00000010875",102
"ENSRNOG00000032715",847
"ENSRNOG00000063693",0
"ENSRNOG00000011053",64
"ENSRNOG00000011559",7339
"ENSRNOG00000063905",0
"ENSRNOG00000017784",189
"ENSRNOG00000009845",287
"ENSRNOG00000070622",0
"ENSRNOG00000011654",77
"ENSRNOG00000010183",4354
"ENSRNOG00000011817",192
"ENSRNOG00000024120",13
"ENSRNOG00000012729",206
"ENSRNOG00000056545",0
"ENSRNOG00000011211",0
"ENSRNOG00000067850",2
"ENSRNOG00000070305",0
"ENSRNOG00000064106",0
"ENSRNOG00000011612",0
"ENSRNOG00000047473",2
"ENSRNOG00000014674",156
"ENSRNOG00000015423",433
"ENSRNOG00000020642",162
"ENSRNOG00000066838",40
"ENSRNOG00000049513",0
"ENSRNOG00000015816",200
"ENSRNOG00000051606",49
"ENSRNOG00000027894",197
"ENSRNOG00000020822",1595
"ENSRNOG00000015421",34
"ENSRNOG00000066453",0
"ENSRNOG00000015153",925
"ENSRNOG00000063260",1
"ENSRNOG00000043095",368
"ENSRNOG00000025406",74
"ENSRNOG00000066460",0
"ENSRNOG00000064316",0
"ENSRNOG00000011057",364
"ENSRNOG00000028403",73
"ENSRNOG00000017986",13
"ENSRNOG00000043511",1
"ENSRNOG00000017272",171
"ENSRNOG00000011070",139
"ENSRNOG00000031576",18
"ENSRNOG00000012645",720
"ENSRNOG00000065312",1030
"ENSRNOG00000057159",93
"ENSRNOG00000018054",8
"ENSRNOG00000067567",0
"ENSRNOG00000018679",0
"ENSRNOG00000010071",209
"ENSRNOG00000010889",30
"ENSRNOG00000059480",720
"ENSRNOG00000010210",25
"ENSRNOG00000043414",0
"ENSRNOG00000069289",0
"ENSRNOG00000051623",100
"ENSRNOG00000069082",0
"ENSRNOG00000056746",0
"ENSRNOG00000009610",0
"ENSRNOG00000058694",274
"ENSRNOG00000065314",32
"ENSRNOG00000010105",16157
"ENSRNOG00000012427",41
"ENSRNOG00000023226",1124
"ENSRNOG00000068452",0
"ENSRNOG00000069471",0
"ENSRNOG00000012280",25
"ENSRNOG00000014178",187
"ENSRNOG00000019590",334
"ENSRNOG00000024594",37
"ENSRNOG00000048617",340
"ENSRNOG00000011400",0
"ENSRNOG00000009276",570
"ENSRNOG00000039588",0
"ENSRNOG00000063783",3
"ENSRNOG00000012312",0
"ENSRNOG00000012556",66
"ENSRNOG00000022234",235
"ENSRNOG00000069382",0
"ENSRNOG00000024845",289
"ENSRNOG00000011645",85
"ENSRNOG00000024028",3
"ENSRNOG00000012019",234
"ENSRNOG00000021155",148
"ENSRNOG00000064586",0
"ENSRNOG00000011402",284
"ENSRNOG00000038091",0
"ENSRNOG00000016070",2
"ENSRNOG00000027408",175
"ENSRNOG00000059463",1390
"ENSRNOG00000010534",933
"ENSRNOG00000009538",420
"ENSRNOG00000019184",1018
"ENSRNOG00000016353",1
"ENSRNOG00000011913",71
"ENSRNOG00000061857",26
"ENSRNOG00000028345",0
"ENSRNOG00000020673",639
"ENSRNOG00000031406",131
"ENSRNOG00000010768",838
"ENSRNOG00000012302",8
"ENSRNOG00000063747",18
"ENSRNOG00000010248",62
"ENSRNOG00000020836",0
"ENSRNOG00000064641",0
"ENSRNOG00000010349",13
"ENSRNOG00000065199",446
"ENSRNOG00000008463",2
"ENSRNOG00000008121",0
"ENSRNOG00000069707",14
"ENSRNOG00000064203",0
"ENSRNOG00000014617",2877
"ENSRNOG00000008980",52
"ENSRNOG00000007608",0
"ENSRNOG00000067771",3
"ENSRNOG00000009135",3
"ENSRNOG00000010628",1356
"ENSRNOG00000067999",197
"ENSRNOG00000009172",2
"ENSRNOG00000021695",0
"ENSRNOG00000014753",1689
"ENSRNOG00000011052",4170
"ENSRNOG00000022837",135
"ENSRNOG00000026055",0
"ENSRNOG00000061080",2006
"ENSRNOG00000052745",557
"ENSRNOG00000009258",438
"ENSRNOG00000056660",28
"ENSRNOG00000011145",0
"ENSRNOG00000063850",0
"ENSRNOG00000013520",2655
"ENSRNOG00000061046",758
"ENSRNOG00000011653",1013
"ENSRNOG00000039466",0
"ENSRNOG00000052444",67
"ENSRNOG00000025214",1
"ENSRNOG00000069815",15
"ENSRNOG00000009571",292
"ENSRNOG00000064940",0
"ENSRNOG00000065843",15
"ENSRNOG00000043114",146
"ENSRNOG00000071163",0
"ENSRNOG00000049057",308
"ENSRNOG00000007234",956
"ENSRNOG00000067229",10
"ENSRNOG00000009176",572
"ENSRNOG00000069504",0
"ENSRNOG00000046734",0
"ENSRNOG00000067740",0
"ENSRNOG00000069797",33
"ENSRNOG00000006675",0
"ENSRNOG00000067894",0
"ENSRNOG00000070182",0
"ENSRNOG00000006030",0
"ENSRNOG00000013314",546
"ENSRNOG00000010153",1832
"ENSRNOG00000047571",0
"ENSRNOG00000010517",356
"ENSRNOG00000066577",0
"ENSRNOG00000047464",0
"ENSRNOG00000065201",0
"ENSRNOG00000071106",0
"ENSRNOG00000064534",0
"ENSRNOG00000064697",0
"ENSRNOG00000022182",569
"ENSRNOG00000002524",9
"ENSRNOG00000021817",69
"ENSRNOG00000026319",965
"ENSRNOG00000012165",0
"ENSRNOG00000009226",0
"ENSRNOG00000049829",0
"ENSRNOG00000062790",0
"ENSRNOG00000063497",0
"ENSRNOG00000063277",0
"ENSRNOG00000006802",0
"ENSRNOG00000068151",0
"ENSRNOG00000010930",712
"ENSRNOG00000051748",0
"ENSRNOG00000012764",507
"ENSRNOG00000000017",39
"ENSRNOG00000011713",441
"ENSRNOG00000010205",29
"ENSRNOG00000009153",0
"ENSRNOG00000068982",0
"ENSRNOG00000013383",203
"ENSRNOG00000065661",0
"ENSRNOG00000061100",1609
"ENSRNOG00000011250",0
"ENSRNOG00000063679",398
"ENSRNOG00000012035",1207
"ENSRNOG00000055103",1
"ENSRNOG00000014751",0
"ENSRNOG00000012659",45
"ENSRNOG00000011667",765
"ENSRNOG00000006486",0
"ENSRNOG00000066685",0
"ENSRNOG00000069229",0
"ENSRNOG00000006102",441
"ENSRNOG00000066243",0
"ENSRNOG00000067399",0
"ENSRNOG00000009894",334
"ENSRNOG00000070516",23
"ENSRNOG00000014347",905
"ENSRNOG00000070550",0
"ENSRNOG00000010761",0
"ENSRNOG00000007212",0
"ENSRNOG00000007412",112
"ENSRNOG00000011791",40
"ENSRNOG00000021729",11
"ENSRNOG00000008017",495
"ENSRNOG00000026196",0
"ENSRNOG00000009411",37
"ENSRNOG00000068631",1
"ENSRNOG00000013668",219
"ENSRNOG00000071062",306
"ENSRNOG00000007937",649
"ENSRNOG00000031671",0
"ENSRNOG00000008380",2
"ENSRNOG00000006579",0
"ENSRNOG00000014713",749
"ENSRNOG00000010546",0
"ENSRNOG00000065257",0
"ENSRNOG00000006975",1392
"ENSRNOG00000013605",0
"ENSRNOG00000026176",0
"ENSRNOG00000005502",883
"ENSRNOG00000010919",58
"ENSRNOG00000054176",376
"ENSRNOG00000058785",574
"ENSRNOG00000008020",0
"ENSRNOG00000010601",1044
"ENSRNOG00000007942",11
"ENSRNOG00000008720",424
"ENSRNOG00000063353",0
"ENSRNOG00000008873",150
"ENSRNOG00000010952",184
"ENSRNOG00000005496",270
"ENSRNOG00000008585",0
"ENSRNOG00000006151",0
"ENSRNOG00000042570",0
"ENSRNOG00000039388",1
"ENSRNOG00000008613",1437
"ENSRNOG00000006365",40
"ENSRNOG00000066798",1725
"ENSRNOG00000006888",169
"ENSRNOG00000042126",76
"ENSRNOG00000007231",0
"ENSRNOG00000021614",2772
"ENSRNOG00000045831",2
"ENSRNOG00000006360",0
"ENSRNOG00000006968",195
"ENSRNOG00000005478",3625
"ENSRNOG00000021866",281
"ENSRNOG00000063971",0
"ENSRNOG00000025991",372
"ENSRNOG00000010435",160
"ENSRNOG00000005981",112
"ENSRNOG00000010453",779
"ENSRNOG00000009711",0
"ENSRNOG00000070293",0
"ENSRNOG00000007486",146
"ENSRNOG00000015097",1136
"ENSRNOG00000051922",49
"ENSRNOG00000070012",0
"ENSRNOG00000011519",322
"ENSRNOG00000066936",0
"ENSRNOG00000068314",0
"ENSRNOG00000055188",0
"ENSRNOG00000066703",0
"ENSRNOG00000062900",0
"ENSRNOG00000010716",221
"ENSRNOG00000063291",0
"ENSRNOG00000069140",0
"ENSRNOG00000065666",25
"ENSRNOG00000068624",0
"ENSRNOG00000005853",0
"ENSRNOG00000065207",0
"ENSRNOG00000071146",32
"ENSRNOG00000011008",296
"ENSRNOG00000038449",127
"ENSRNOG00000007822",741
"ENSRNOG00000011616",0
"ENSRNOG00000034084",47
"ENSRNOG00000007118",16
"ENSRNOG00000069681",32
"ENSRNOG00000068844",0
"ENSRNOG00000007636",0
"ENSRNOG00000037251",71
"ENSRNOG00000023657",45
"ENSRNOG00000005587",624
"ENSRNOG00000011648",1739
"ENSRNOG00000066436",115
"ENSRNOG00000007874",210
"ENSRNOG00000006893",258
"ENSRNOG00000031486",0
"ENSRNOG00000046905",1053
"ENSRNOG00000070957",7
"ENSRNOG00000013809",515
"ENSRNOG00000007288",3
"ENSRNOG00000057158",0
"ENSRNOG00000010572",225
"ENSRNOG00000012227",550
"ENSRNOG00000063798",64
"ENSRNOG00000007356",754
"ENSRNOG00000010053",0
"ENSRNOG00000010430",0
"ENSRNOG00000013135",892
"ENSRNOG00000070481",48
"ENSRNOG00000012098",0
"ENSRNOG00000010513",0
"ENSRNOG00000009197",0
"ENSRNOG00000007814",576
"ENSRNOG00000011363",107
"ENSRNOG00000009565",34
"ENSRNOG00000012785",255
"ENSRNOG00000069335",0
"ENSRNOG00000013510",373
"ENSRNOG00000008168",7
"ENSRNOG00000013517",425
"ENSRNOG00000021855",1
"ENSRNOG00000065807",0
"ENSRNOG00000008869",46
"ENSRNOG00000010473",174
"ENSRNOG00000007041",7
"ENSRNOG00000007792",142
"ENSRNOG00000013431",275
"ENSRNOG00000050469",195
"ENSRNOG00000006858",567
"ENSRNOG00000007806",1971
"ENSRNOG00000012972",1
"ENSRNOG00000068395",0
"ENSRNOG00000010420",279
"ENSRNOG00000065130",0
"ENSRNOG00000062993",0
"ENSRNOG00000011283",55
"ENSRNOG00000005694",425
"ENSRNOG00000039383",7
"ENSRNOG00000010746",143
"ENSRNOG00000070667",0
"ENSRNOG00000008902",0
"ENSRNOG00000023969",21
"ENSRNOG00000051433",166
"ENSRNOG00000027376",405
"ENSRNOG00000038471",0
"ENSRNOG00000066853",0
"ENSRNOG00000006197",18272
"ENSRNOG00000062765",0
"ENSRNOG00000013261",121
"ENSRNOG00000009414",268
"ENSRNOG00000066882",0
"ENSRNOG00000069908",0
"ENSRNOG00000028801",17
"ENSRNOG00000069268",5
"ENSRNOG00000009863",4
"ENSRNOG00000068406",1
"ENSRNOG00000024986",0
"ENSRNOG00000013911",244
"ENSRNOG00000063021",707
"ENSRNOG00000007990",656
"ENSRNOG00000011292",94115
"ENSRNOG00000065235",0
"ENSRNOG00000008656",0
"ENSRNOG00000008157",2
"ENSRNOG00000063846",0
"ENSRNOG00000019986",210
"ENSRNOG00000061373",614
"ENSRNOG00000067395",0
"ENSRNOG00000008332",532
"ENSRNOG00000069227",0
"ENSRNOG00000007947",127
"ENSRNOG00000006874",1
"ENSRNOG00000007955",4
"ENSRNOG00000063630",0
"ENSRNOG00000068262",0
"ENSRNOG00000006576",592
"ENSRNOG00000021441",0
"ENSRNOG00000047453",312
"ENSRNOG00000015581",0
"ENSRNOG00000007100",124
"ENSRNOG00000007924",90
"ENSRNOG00000062430",0
"ENSRNOG00000064707",0
"ENSRNOG00000005268",0
"ENSRNOG00000007546",1867
"ENSRNOG00000028896",0
"ENSRNOG00000070702",0
"ENSRNOG00000008939",0
"ENSRNOG00000070617",0
"ENSRNOG00000065391",59
"ENSRNOG00000057096",65
"ENSRNOG00000022448",433
"ENSRNOG00000008524",390
"ENSRNOG00000020032",427
"ENSRNOG00000011808",1
"ENSRNOG00000006116",260
"ENSRNOG00000043035",26
"ENSRNOG00000008309",52
"ENSRNOG00000070386",280
"ENSRNOG00000045797",0
"ENSRNOG00000012817",20
"ENSRNOG00000007842",1559
"ENSRNOG00000021468",66
"ENSRNOG00000008062",22
"ENSRNOG00000030269",0
"ENSRNOG00000008628",25
"ENSRNOG00000008466",0
"ENSRNOG00000066158",0
"ENSRNOG00000048371",63
"ENSRNOG00000031173",3982
"ENSRNOG00000011617",352
"ENSRNOG00000070169",0
"ENSRNOG00000008098",8
"ENSRNOG00000011387",1254
"ENSRNOG00000068074",5
"ENSRNOG00000033618",1
"ENSRNOG00000037198",10
"ENSRNOG00000023679",305
"ENSRNOG00000015493",0
"ENSRNOG00000012932",0
"ENSRNOG00000011144",9
"ENSRNOG00000010345",7
"ENSRNOG00000030151",5
"ENSRNOG00000015076",6
"ENSRNOG00000011338",115
"ENSRNOG00000006132",0
"ENSRNOG00000007804",156
"ENSRNOG00000067962",0
"ENSRNOG00000012026",859
"ENSRNOG00000049269",795
"ENSRNOG00000007900",0
"ENSRNOG00000010905",0
"ENSRNOG00000042731",1
"ENSRNOG00000067502",0
"ENSRNOG00000007437",103
"ENSRNOG00000012392",186
"ENSRNOG00000014501",740
"ENSRNOG00000011153",938
"ENSRNOG00000006391",605
"ENSRNOG00000025209",1519
"ENSRNOG00000012881",2
"ENSRNOG00000021758",1355
"ENSRNOG00000050231",6881
"ENSRNOG00000006526",2101
"ENSRNOG00000006717",52
"ENSRNOG00000006583",0
"ENSRNOG00000068221",0
"ENSRNOG00000066686",0
"ENSRNOG00000009700",31
"ENSRNOG00000015768",0
"ENSRNOG00000009742",158
"ENSRNOG00000012693",454
"ENSRNOG00000069727",0
"ENSRNOG00000009000",1259
"ENSRNOG00000066361",0
"ENSRNOG00000063451",1
"ENSRNOG00000064111",1
"ENSRNOG00000006631",84
"ENSRNOG00000007544",0
"ENSRNOG00000008752",244
"ENSRNOG00000070192",0
"ENSRNOG00000015411",0
"ENSRNOG00000010378",0
"ENSRNOG00000048205",3742
"ENSRNOG00000022950",0
"ENSRNOG00000005906",34
"ENSRNOG00000015331",0
"ENSRNOG00000065131",0
"ENSRNOG00000048088",691
"ENSRNOG00000064705",0
"ENSRNOG00000009956",3733
"ENSRNOG00000008368",0
"ENSRNOG00000006206",1400
"ENSRNOG00000063398",0
"ENSRNOG00000007340",172
"ENSRNOG00000010833",530
"ENSRNOG00000067011",0
"ENSRNOG00000007224",278
"ENSRNOG00000007662",357
"ENSRNOG00000012337",1
"ENSRNOG00000008376",728
"ENSRNOG00000011014",517
"ENSRNOG00000009957",92
"ENSRNOG00000022343",262
"ENSRNOG00000070521",1
"ENSRNOG00000059474",2283
"ENSRNOG00000005512",1470
"ENSRNOG00000028219",364
"ENSRNOG00000012394",421
"ENSRNOG00000013962",152
"ENSRNOG00000060689",50
"ENSRNOG00000014083",0
"ENSRNOG00000012439",235
"ENSRNOG00000006003",0
"ENSRNOG00000012876",0
"ENSRNOG00000008142",676
"ENSRNOG00000010950",122
"ENSRNOG00000006093",0
"ENSRNOG00000011566",1
"ENSRNOG00000013573",21
"ENSRNOG00000014578",4
"ENSRNOG00000013712",870
"ENSRNOG00000052140",182
"ENSRNOG00000005775",302
"ENSRNOG00000045539",1122
"ENSRNOG00000017066",1019
"ENSRNOG00000057729",43
"ENSRNOG00000021781",312
"ENSRNOG00000001808",473
"ENSRNOG00000064930",0
"ENSRNOG00000010467",0
"ENSRNOG00000069710",0
"ENSRNOG00000014562",2020
"ENSRNOG00000021402",95
"ENSRNOG00000001811",705
"ENSRNOG00000010725",0
"ENSRNOG00000062723",0
"ENSRNOG00000070875",0
"ENSRNOG00000005695",24296
"ENSRNOG00000013589",1713
"ENSRNOG00000017710",0
"ENSRNOG00000065827",2
"ENSRNOG00000066393",1
"ENSRNOG00000068450",20
"ENSRNOG00000010278",41
"ENSRNOG00000069963",0
"ENSRNOG00000068926",0
"ENSRNOG00000066762",0
"ENSRNOG00000023065",479
"ENSRNOG00000009096",1
"ENSRNOG00000069795",33
"ENSRNOG00000017399",176
"ENSRNOG00000067309",0
"ENSRNOG00000009022",28
"ENSRNOG00000062434",0
"ENSRNOG00000007281",7856
"ENSRNOG00000042507",0
"ENSRNOG00000062492",641
"ENSRNOG00000009112",639
"ENSRNOG00000062405",0
"ENSRNOG00000047114",3
"ENSRNOG00000023363",0
"ENSRNOG00000062429",174
"ENSRNOG00000006476",0
"ENSRNOG00000023337",94
"ENSRNOG00000033695",172
"ENSRNOG00000005615",251
"ENSRNOG00000009324",105
"ENSRNOG00000029574",10293
"ENSRNOG00000068666",0
"ENSRNOG00000018453",571
"ENSRNOG00000027655",0
"ENSRNOG00000065557",1
"ENSRNOG00000054428",0
"ENSRNOG00000008962",75
"ENSRNOG00000006857",0
"ENSRNOG00000007027",0
"ENSRNOG00000064781",5
"ENSRNOG00000067883",0
"ENSRNOG00000024709",0
"ENSRNOG00000031707",1
"ENSRNOG00000047566",16
"ENSRNOG00000066643",0
"ENSRNOG00000059347",90
"ENSRNOG00000064041",0
"ENSRNOG00000059615",704
"ENSRNOG00000024685",0
"ENSRNOG00000067683",0
"ENSRNOG00000056052",0
"ENSRNOG00000058543",0
"ENSRNOG00000066785",0
"ENSRNOG00000067965",0
"ENSRNOG00000066267",0
"ENSRNOG00000070247",0
"ENSRNOG00000064825",0
"ENSRNOG00000010253",0
"ENSRNOG00000062896",0
"ENSRNOG00000039300",360
"ENSRNOG00000052702",29
"ENSRNOG00000033531",704
"ENSRNOG00000054508",718
"ENSRNOG00000021799",0
"ENSRNOG00000005890",1550
"ENSRNOG00000069945",0
"ENSRNOG00000053203",737
"ENSRNOG00000064958",0
"ENSRNOG00000019719",0
"ENSRNOG00000032847",73
"ENSRNOG00000024636",1
"ENSRNOG00000027557",0
"ENSRNOG00000064052",0
"ENSRNOG00000027445",276
"ENSRNOG00000005376",127
"ENSRNOG00000042494",0
"ENSRNOG00000056836",20511
"ENSRNOG00000012195",0
"ENSRNOG00000007270",4
"ENSRNOG00000026225",0
"ENSRNOG00000010048",718
"ENSRNOG00000030413",0
"ENSRNOG00000051905",0
"ENSRNOG00000032535",0
"ENSRNOG00000006782",0
"ENSRNOG00000034071",595
"ENSRNOG00000057290",478
"ENSRNOG00000066812",0
"ENSRNOG00000028135",0
"ENSRNOG00000047774",0
"ENSRNOG00000039626",0
"ENSRNOG00000066438",63
"ENSRNOG00000054505",0
"ENSRNOG00000061595",110
"ENSRNOG00000069828",0
"ENSRNOG00000052486",0
"ENSRNOG00000054514",556
"ENSRNOG00000008031",2
"ENSRNOG00000028130",0
"ENSRNOG00000064842",0
"ENSRNOG00000070946",201
"ENSRNOG00000017906",0
"ENSRNOG00000039863",0
"ENSRNOG00000005412",0
"ENSRNOG00000059350",2
"ENSRNOG00000066511",0
"ENSRNOG00000006646",396
"ENSRNOG00000007508",12
"ENSRNOG00000053213",1
"ENSRNOG00000013137",3
"ENSRNOG00000049982",154
"ENSRNOG00000026811",0
"ENSRNOG00000012495",2
"ENSRNOG00000051952",365
"ENSRNOG00000015719",0
"ENSRNOG00000017881",2
"ENSRNOG00000006779",344
"ENSRNOG00000048169",7
"ENSRNOG00000063432",0
"ENSRNOG00000006810",382
"ENSRNOG00000009583",2
"ENSRNOG00000028538",0
"ENSRNOG00000070474",446
"ENSRNOG00000057713",3140
"ENSRNOG00000018159",2719
"ENSRNOG00000033274",74
"ENSRNOG00000007304",268
"ENSRNOG00000034168",119
"ENSRNOG00000008839",88
"ENSRNOG00000026919",18
"ENSRNOG00000005519",0
"ENSRNOG00000065301",1992
"ENSRNOG00000007808",3
"ENSRNOG00000026941",420
"ENSRNOG00000063440",0
"ENSRNOG00000060808",0
"ENSRNOG00000033748",2542
"ENSRNOG00000067848",0
"ENSRNOG00000056243",525
"ENSRNOG00000067824",0
"ENSRNOG00000027055",0
"ENSRNOG00000057387",0
"ENSRNOG00000064582",0
"ENSRNOG00000047851",0
"ENSRNOG00000005818",28
"ENSRNOG00000061394",0
"ENSRNOG00000062606",0
"ENSRNOG00000046023",473
"ENSRNOG00000070044",0
"ENSRNOG00000065350",0
"ENSRNOG00000012822",2
"ENSRNOG00000007740",0
"ENSRNOG00000066271",0
"ENSRNOG00000068648",0
"ENSRNOG00000031207",0
"ENSRNOG00000008594",0
"ENSRNOG00000067721",0
"ENSRNOG00000067416",0
"ENSRNOG00000031306",0
"ENSRNOG00000006383",0
"ENSRNOG00000005468",166
"ENSRNOG00000010057",0
"ENSRNOG00000042954",1
"ENSRNOG00000060343",0
"ENSRNOG00000050482",101
"ENSRNOG00000063340",0
"ENSRNOG00000048888",0
"ENSRNOG00000063098",2
"ENSRNOG00000005630",933
"ENSRNOG00000023340",0
"ENSRNOG00000005781",1
"ENSRNOG00000065160",0
"ENSRNOG00000033938",0
"ENSRNOG00000063256",0
"ENSRNOG00000068988",0
"ENSRNOG00000053787",248
"ENSRNOG00000013211",365
"ENSRNOG00000069205",0
"ENSRNOG00000067934",0
"ENSRNOG00000062608",0
"ENSRNOG00000056207",1763
"ENSRNOG00000068649",0
"ENSRNOG00000062475",0
"ENSRNOG00000062633",314
"ENSRNOG00000062392",0
"ENSRNOG00000008775",3
"ENSRNOG00000061845",227
"ENSRNOG00000068381",0
"ENSRNOG00000068268",0
"ENSRNOG00000067685",0
"ENSRNOG00000064670",0
"ENSRNOG00000066470",0
"ENSRNOG00000013072",196
"ENSRNOG00000064086",0
"ENSRNOG00000060349",635
"ENSRNOG00000070721",0
"ENSRNOG00000069559",0
"ENSRNOG00000068118",0
"ENSRNOG00000053662",0
"ENSRNOG00000066019",0
"ENSRNOG00000055481",0
"ENSRNOG00000063615",0
"ENSRNOG00000009211",0
"ENSRNOG00000070183",0
"ENSRNOG00000027433",489
"ENSRNOG00000063419",0
"ENSRNOG00000006726",207
"ENSRNOG00000042478",1
"ENSRNOG00000021840",3146
"ENSRNOG00000009734",37
"ENSRNOG00000015505",655
"ENSRNOG00000039494",1
"ENSRNOG00000008851",944
"ENSRNOG00000063857",247
"ENSRNOG00000059016",534
"ENSRNOG00000010282",0
"ENSRNOG00000010045",0
"ENSRNOG00000064820",8
"ENSRNOG00000009875",8
"ENSRNOG00000010344",1
"ENSRNOG00000006527",0
"ENSRNOG00000069039",0
"ENSRNOG00000010573",0
"ENSRNOG00000010018",0
"ENSRNOG00000066609",1
"ENSRNOG00000053449",1
"ENSRNOG00000010133",472
"ENSRNOG00000011946",3
"ENSRNOG00000037206",41
"ENSRNOG00000070578",0
"ENSRNOG00000012826",5934
"ENSRNOG00000011857",4039
"ENSRNOG00000049780",674
"ENSRNOG00000012297",997
"ENSRNOG00000028092",11
"ENSRNOG00000014992",1846
"ENSRNOG00000010463",0
"ENSRNOG00000005726",2
"ENSRNOG00000010591",1170
"ENSRNOG00000015191",683
"ENSRNOG00000011750",88
"ENSRNOG00000026965",113
"ENSRNOG00000009236",806
"ENSRNOG00000007202",1363
"ENSRNOG00000061684",528
"ENSRNOG00000024604",0
"ENSRNOG00000009513",2856
"ENSRNOG00000030870",0
"ENSRNOG00000059227",1
"ENSRNOG00000042139",0
"ENSRNOG00000053804",0
"ENSRNOG00000039862",402
"ENSRNOG00000026958",23
"ENSRNOG00000062541",619
"ENSRNOG00000051816",127
"ENSRNOG00000010421",49
"ENSRNOG00000011905",783
"ENSRNOG00000007098",76
"ENSRNOG00000066556",0
"ENSRNOG00000008602",0
"ENSRNOG00000049203",253
"ENSRNOG00000011184",6
"ENSRNOG00000005908",289
"ENSRNOG00000011718",24
"ENSRNOG00000067026",0
"ENSRNOG00000065786",37
"ENSRNOG00000064282",4
"ENSRNOG00000064923",0
"ENSRNOG00000064556",0
"ENSRNOG00000042758",60
"ENSRNOG00000067104",0
"ENSRNOG00000063870",0
"ENSRNOG00000070261",7
"ENSRNOG00000011796",3733
"ENSRNOG00000064333",0
"ENSRNOG00000006076",499
"ENSRNOG00000068396",0
"ENSRNOG00000064991",45
"ENSRNOG00000070375",0
"ENSRNOG00000068722",0
"ENSRNOG00000010795",555
"ENSRNOG00000006114",24
"ENSRNOG00000068426",0
"ENSRNOG00000070496",0
"ENSRNOG00000011971",985
"ENSRNOG00000066396",6
"ENSRNOG00000069222",11
"ENSRNOG00000013004",0
"ENSRNOG00000069929",1
"ENSRNOG00000069594",49
"ENSRNOG00000007151",1290
"ENSRNOG00000068238",13
"ENSRNOG00000065327",0
"ENSRNOG00000019264",2349
"ENSRNOG00000033673",17
"ENSRNOG00000024560",0
"ENSRNOG00000070388",37
"ENSRNOG00000010880",2
"ENSRNOG00000039860",1
"ENSRNOG00000070520",0
"ENSRNOG00000062959",4111
"ENSRNOG00000064238",76
"ENSRNOG00000066290",1
"ENSRNOG00000009163",138
"ENSRNOG00000067905",0
"ENSRNOG00000019368",20
"ENSRNOG00000069100",0
"ENSRNOG00000058506",2
"ENSRNOG00000063037",7
"ENSRNOG00000007899",57
"ENSRNOG00000064449",14
"ENSRNOG00000051419",0
"ENSRNOG00000071085",0
"ENSRNOG00000010852",746
"ENSRNOG00000070814",0
"ENSRNOG00000067290",88
"ENSRNOG00000067539",0
"ENSRNOG00000070003",6
"ENSRNOG00000062607",0
"ENSRNOG00000066335",0
"ENSRNOG00000068001",4
"ENSRNOG00000065414",7
"ENSRNOG00000066998",0
"ENSRNOG00000067701",0
"ENSRNOG00000042804",6
"ENSRNOG00000064122",259
"ENSRNOG00000052718",0
"ENSRNOG00000071208",0
"ENSRNOG00000007090",1751
"ENSRNOG00000059964",26
"ENSRNOG00000064414",0
"ENSRNOG00000011606",89
"ENSRNOG00000065777",0
"ENSRNOG00000067312",2
"ENSRNOG00000007420",0
"ENSRNOG00000070828",398
"ENSRNOG00000070985",125
"ENSRNOG00000028826",359
"ENSRNOG00000005564",760
"ENSRNOG00000063180",0
"ENSRNOG00000023285",260
"ENSRNOG00000064175",0
"ENSRNOG00000029083",6
"ENSRNOG00000062885",0
"ENSRNOG00000057997",1
"ENSRNOG00000046851",7
"ENSRNOG00000063886",0
"ENSRNOG00000033439",0
"ENSRNOG00000060897",0
"ENSRNOG00000019689",8
"ENSRNOG00000070338",1
"ENSRNOG00000064887",0
"ENSRNOG00000068196",0
"ENSRNOG00000021401",0
"ENSRNOG00000038215",0
"ENSRNOG00000068892",1
"ENSRNOG00000066825",0
"ENSRNOG00000068644",295
"ENSRNOG00000066814",0
"ENSRNOG00000059360",0
"ENSRNOG00000062819",0
"ENSRNOG00000064217",0
"ENSRNOG00000006001",1649
"ENSRNOG00000038024",23
"ENSRNOG00000056741",0
"ENSRNOG00000064456",1
"ENSRNOG00000055703",0
"ENSRNOG00000060859",0
"ENSRNOG00000070785",0
"ENSRNOG00000066985",0
"ENSRNOG00000021723",24
"ENSRNOG00000063459",0
"ENSRNOG00000066068",0
"ENSRNOG00000008012",20
"ENSRNOG00000065548",0
"ENSRNOG00000027063",0
"ENSRNOG00000056402",0
"ENSRNOG00000028747",654
"ENSRNOG00000054678",0
"ENSRNOG00000063804",0
"ENSRNOG00000068090",0
"ENSRNOG00000069655",4
"ENSRNOG00000064761",0
"ENSRNOG00000058279",0
"ENSRNOG00000066305",0
"ENSRNOG00000052263",0
"ENSRNOG00000030902",2
"ENSRNOG00000060084",0
"ENSRNOG00000058512",0
"ENSRNOG00000032448",0
"ENSRNOG00000051445",0
"ENSRNOG00000013251",470
"ENSRNOG00000067082",0
"ENSRNOG00000063565",0
"ENSRNOG00000051840",0
"ENSRNOG00000005664",0
"ENSRNOG00000052417",0
"ENSRNOG00000058403",0
"ENSRNOG00000005692",0
"ENSRNOG00000054341",0
"ENSRNOG00000067641",0
"ENSRNOG00000067588",0
"ENSRNOG00000051717",0
"ENSRNOG00000061234",0
"ENSRNOG00000021366",0
"ENSRNOG00000070798",0
"ENSRNOG00000027722",72
"ENSRNOG00000066041",0
"ENSRNOG00000067918",0
"ENSRNOG00000054741",0
"ENSRNOG00000031185",0
"ENSRNOG00000058628",0
"ENSRNOG00000065349",0
"ENSRNOG00000013378",0
"ENSRNOG00000062417",0
"ENSRNOG00000021445",0
"ENSRNOG00000064566",0
"ENSRNOG00000062325",1463
"ENSRNOG00000021430",0
"ENSRNOG00000065660",0
"ENSRNOG00000064270",0
"ENSRNOG00000069224",0
"ENSRNOG00000030993",0
"ENSRNOG00000066792",0
"ENSRNOG00000052849",0
"ENSRNOG00000005732",0
"ENSRNOG00000009280",198
"ENSRNOG00000068562",0
"ENSRNOG00000029561",0
"ENSRNOG00000065008",0
"ENSRNOG00000066533",0
"ENSRNOG00000032724",0
"ENSRNOG00000061702",0
"ENSRNOG00000037036",0
"ENSRNOG00000062515",0
"ENSRNOG00000053912",0
"ENSRNOG00000031107",0
"ENSRNOG00000056608",0
"ENSRNOG00000066042",450
"ENSRNOG00000060430",1
"ENSRNOG00000070504",0
"ENSRNOG00000061624",0
"ENSRNOG00000055593",0
"ENSRNOG00000021397",0
"ENSRNOG00000056499",0
"ENSRNOG00000061081",0
"ENSRNOG00000030752",0
"ENSRNOG00000069842",0
"ENSRNOG00000055945",0
"ENSRNOG00000062370",0
"ENSRNOG00000061103",0
"ENSRNOG00000067648",2
"ENSRNOG00000061241",0
"ENSRNOG00000066655",21
"ENSRNOG00000067096",0
"ENSRNOG00000027617",479
"ENSRNOG00000008667",0
"ENSRNOG00000055249",0
"ENSRNOG00000005645",0
"ENSRNOG00000051914",0
"ENSRNOG00000063909",0
"ENSRNOG00000005646",0
"ENSRNOG00000060570",0
"ENSRNOG00000060457",0
"ENSRNOG00000001840",1
"ENSRNOG00000067392",1
"ENSRNOG00000053310",0
"ENSRNOG00000036910",13
"ENSRNOG00000064943",0
"ENSRNOG00000058680",1
"ENSRNOG00000033855",566
"ENSRNOG00000005618",97
"ENSRNOG00000059847",0
"ENSRNOG00000064845",0
"ENSRNOG00000068370",0
"ENSRNOG00000066190",0
"ENSRNOG00000062577",2
"ENSRNOG00000067251",1
"ENSRNOG00000063157",66
"ENSRNOG00000070825",0
"ENSRNOG00000011108",0
"ENSRNOG00000063158",0
"ENSRNOG00000068385",1
"ENSRNOG00000063686",0
"ENSRNOG00000071024",0
"ENSRNOG00000062583",0
"ENSRNOG00000069971",0
"ENSRNOG00000007034",549
"ENSRNOG00000067590",0
"ENSRNOG00000067819",0
"ENSRNOG00000052033",1
"ENSRNOG00000055888",0
"ENSRNOG00000054530",0
"ENSRNOG00000068356",77
"ENSRNOG00000055602",0
"ENSRNOG00000005867",0
"ENSRNOG00000059486",0
"ENSRNOG00000064443",6
"ENSRNOG00000060660",0
"ENSRNOG00000057550",33
"ENSRNOG00000057093",0
"ENSRNOG00000052747",0
"ENSRNOG00000069143",9
"ENSRNOG00000064124",0
"ENSRNOG00000065147",341
"ENSRNOG00000008725",866
"ENSRNOG00000064288",101
"ENSRNOG00000059320",0
"ENSRNOG00000069248",0
"ENSRNOG00000054987",0
"ENSRNOG00000067342",2
"ENSRNOG00000055890",0
"ENSRNOG00000070439",0
"ENSRNOG00000058704",0
"ENSRNOG00000056432",0
"ENSRNOG00000053476",3
"ENSRNOG00000053251",0
"ENSRNOG00000060415",0
"ENSRNOG00000066704",1
"ENSRNOG00000059547",0
"ENSRNOG00000069672",0
"ENSRNOG00000058905",0
"ENSRNOG00000067985",3
"ENSRNOG00000061585",0
"ENSRNOG00000063230",1
"ENSRNOG00000060592",0
"ENSRNOG00000053414",9
"ENSRNOG00000056544",0
"ENSRNOG00000052942",0
"ENSRNOG00000065999",0
"ENSRNOG00000060772",0
"ENSRNOG00000065270",0
"ENSRNOG00000058095",0
"ENSRNOG00000067947",277
"ENSRNOG00000057170",0
"ENSRNOG00000010233",19288
"ENSRNOG00000068167",36
"ENSRNOG00000069790",0
"ENSRNOG00000069103",0
"ENSRNOG00000059639",1
"ENSRNOG00000067095",20
"ENSRNOG00000056090",0
"ENSRNOG00000063013",0
"ENSRNOG00000066064",0
"ENSRNOG00000068828",3
"ENSRNOG00000057002",0
"ENSRNOG00000067428",0
"ENSRNOG00000053177",0
"ENSRNOG00000066929",50
"ENSRNOG00000059471",0
"ENSRNOG00000062437",0
"ENSRNOG00000059511",1
"ENSRNOG00000009264",490
"ENSRNOG00000061010",0
"ENSRNOG00000067713",3
"ENSRNOG00000054659",0
"ENSRNOG00000056565",0
"ENSRNOG00000061330",0
"ENSRNOG00000070695",20
"ENSRNOG00000065973",0
"ENSRNOG00000069010",1
"ENSRNOG00000053390",0
"ENSRNOG00000068188",0
"ENSRNOG00000010397",33
"ENSRNOG00000060424",0
"ENSRNOG00000059966",0
"ENSRNOG00000057018",0
"ENSRNOG00000055555",0
"ENSRNOG00000065433",0
"ENSRNOG00000056505",0
"ENSRNOG00000071211",0
"ENSRNOG00000065415",0
"ENSRNOG00000054884",0
"ENSRNOG00000058065",0
"ENSRNOG00000051749",0
"ENSRNOG00000054499",0
"ENSRNOG00000064686",0
"ENSRNOG00000052715",0
"ENSRNOG00000053685",1
"ENSRNOG00000069597",0
"ENSRNOG00000052674",0
"ENSRNOG00000059787",5
"ENSRNOG00000068282",2
"ENSRNOG00000026705",0
"ENSRNOG00000068295",0
"ENSRNOG00000067372",0
"ENSRNOG00000070879",0
"ENSRNOG00000066121",0
"ENSRNOG00000019556",1420
"ENSRNOG00000057606",0
"ENSRNOG00000051718",0
"ENSRNOG00000070120",0
"ENSRNOG00000069583",0
"ENSRNOG00000062571",0
"ENSRNOG00000069513",0
"ENSRNOG00000052131",0
"ENSRNOG00000012269",1503
"ENSRNOG00000051990",0
"ENSRNOG00000063849",0
"ENSRNOG00000057063",0
"ENSRNOG00000066909",0
"ENSRNOG00000012828",495
"ENSRNOG00000062380",0
"ENSRNOG00000059631",0
"ENSRNOG00000062539",0
"ENSRNOG00000057486",0
"ENSRNOG00000059571",0
"ENSRNOG00000068359",0
"ENSRNOG00000012999",1417
"ENSRNOG00000054211",0
"ENSRNOG00000061617",0
"ENSRNOG00000007918",1
"ENSRNOG00000008196",147
"ENSRNOG00000052445",148
"ENSRNOG00000011854",75
"ENSRNOG00000026446",6
"ENSRNOG00000012100",70
"ENSRNOG00000014294",1
"ENSRNOG00000013948",1317
"ENSRNOG00000067443",0
"ENSRNOG00000046972",0
"ENSRNOG00000014312",0
"ENSRNOG00000066406",0
"ENSRNOG00000070812",0
"ENSRNOG00000070244",0
"ENSRNOG00000010154",406
"ENSRNOG00000068055",0
"ENSRNOG00000067233",0
"ENSRNOG00000063329",0
"ENSRNOG00000010267",255
"ENSRNOG00000065675",0
"ENSRNOG00000066904",0
"ENSRNOG00000048468",0
"ENSRNOG00000066072",0
"ENSRNOG00000066955",0
"ENSRNOG00000065237",0
"ENSRNOG00000013428",0
"ENSRNOG00000064085",0
"ENSRNOG00000065629",0
"ENSRNOG00000023561",2
"ENSRNOG00000066082",0
"ENSRNOG00000067079",0
"ENSRNOG00000013729",78
"ENSRNOG00000070134",0
"ENSRNOG00000071026",0
"ENSRNOG00000010702",1331
"ENSRNOG00000015455",87
"ENSRNOG00000012916",0
"ENSRNOG00000012201",0
"ENSRNOG00000046959",0
"ENSRNOG00000060594",5004
"ENSRNOG00000006784",65
"ENSRNOG00000026528",108
"ENSRNOG00000029644",1
"ENSRNOG00000009347",0
"ENSRNOG00000059589",153
"ENSRNOG00000061420",82
"ENSRNOG00000026748",150
"ENSRNOG00000031408",2
"ENSRNOG00000005691",32
"ENSRNOG00000017708",5237
"ENSRNOG00000006814",8
"ENSRNOG00000015877",0
"ENSRNOG00000013203",0
"ENSRNOG00000069261",0
"ENSRNOG00000013141",472
"ENSRNOG00000016182",170
"ENSRNOG00000065167",0
"ENSRNOG00000006718",989
"ENSRNOG00000067295",0
"ENSRNOG00000043164",0
"ENSRNOG00000064192",0
"ENSRNOG00000056962",42
"ENSRNOG00000006846",0
"ENSRNOG00000013382",0
"ENSRNOG00000017720",241
"ENSRNOG00000008518",1
"ENSRNOG00000026309",12
"ENSRNOG00000065135",149
"ENSRNOG00000010957",385
"ENSRNOG00000014918",0
"ENSRNOG00000010353",261
"ENSRNOG00000017838",186
"ENSRNOG00000027592",91
"ENSRNOG00000059878",52
"ENSRNOG00000009316",0
"ENSRNOG00000067591",0
"ENSRNOG00000009256",1
"ENSRNOG00000036959",0
"ENSRNOG00000048969",268
"ENSRNOG00000055036",184
"ENSRNOG00000062962",3
"ENSRNOG00000067281",1
"ENSRNOG00000009030",2
"ENSRNOG00000015478",2
"ENSRNOG00000047635",0
"ENSRNOG00000006859",990
"ENSRNOG00000007249",1048
"ENSRNOG00000008678",12552
"ENSRNOG00000065521",12
"ENSRNOG00000067769",0
"ENSRNOG00000028311",0
"ENSRNOG00000063691",2
"ENSRNOG00000005787",0
"ENSRNOG00000070606",39
"ENSRNOG00000009787",7
"ENSRNOG00000011156",1
"ENSRNOG00000007493",97
"ENSRNOG00000068200",0
"ENSRNOG00000005809",40
"ENSRNOG00000010015",1
"ENSRNOG00000026306",0
"ENSRNOG00000037768",56
"ENSRNOG00000068192",0
"ENSRNOG00000031855",113
"ENSRNOG00000042164",0
"ENSRNOG00000066330",1
"ENSRNOG00000010021",207
"ENSRNOG00000007047",223
"ENSRNOG00000051942",0
"ENSRNOG00000063726",0
"ENSRNOG00000006120",0
"ENSRNOG00000008838",0
"ENSRNOG00000070336",0
"ENSRNOG00000030012",0
"ENSRNOG00000007066",0
"ENSRNOG00000059890",1
"ENSRNOG00000042112",0
"ENSRNOG00000018410",355
"ENSRNOG00000008929",212
"ENSRNOG00000063605",0
"ENSRNOG00000037076",2
"ENSRNOG00000065417",0
"ENSRNOG00000007830",37
"ENSRNOG00000018507",1760
"ENSRNOG00000019219",106
"ENSRNOG00000050493",0
"ENSRNOG00000047450",0
"ENSRNOG00000030547",0
"ENSRNOG00000065908",0
"ENSRNOG00000013222",0
"ENSRNOG00000013944",274
"ENSRNOG00000069744",23
"ENSRNOG00000037863",0
"ENSRNOG00000030538",0
"ENSRNOG00000064731",0
"ENSRNOG00000048726",191
"ENSRNOG00000011509",356
"ENSRNOG00000015589",498
"ENSRNOG00000013816",338
"ENSRNOG00000027466",0
"ENSRNOG00000064685",0
"ENSRNOG00000008766",0
"ENSRNOG00000068912",0
"ENSRNOG00000069899",68
"ENSRNOG00000013132",0
"ENSRNOG00000070827",2
"ENSRNOG00000029401",198
"ENSRNOG00000000024",224
"ENSRNOG00000028989",0
"ENSRNOG00000007866",7
"ENSRNOG00000050578",1697
"ENSRNOG00000010449",0
"ENSRNOG00000012954",248
"ENSRNOG00000030522",3
"ENSRNOG00000040301",2
"ENSRNOG00000062621",0
"ENSRNOG00000050483",88
"ENSRNOG00000034228",0
"ENSRNOG00000054360",0
"ENSRNOG00000009085",165
"ENSRNOG00000015903",0
"ENSRNOG00000026177",0
"ENSRNOG00000051620",1028
"ENSRNOG00000008439",0
"ENSRNOG00000015630",1251
"ENSRNOG00000012472",100
"ENSRNOG00000007131",556
"ENSRNOG00000012602",683
"ENSRNOG00000010474",5588
"ENSRNOG00000008117",383
"ENSRNOG00000058386",1827
"ENSRNOG00000007310",0
"ENSRNOG00000053553",0
"ENSRNOG00000034088",0
"ENSRNOG00000011092",0
"ENSRNOG00000036960",5652
"ENSRNOG00000046345",6753
"ENSRNOG00000013369",0
"ENSRNOG00000045819",151
"ENSRNOG00000024885",0
"ENSRNOG00000070887",0
"ENSRNOG00000053178",0
"ENSRNOG00000025735",0
"ENSRNOG00000037871",23
"ENSRNOG00000005505",1117
"ENSRNOG00000013245",0
"ENSRNOG00000025618",0
"ENSRNOG00000061739",0
"ENSRNOG00000015682",0
"ENSRNOG00000056009",529
"ENSRNOG00000009282",425
"ENSRNOG00000008514",2
"ENSRNOG00000071214",0
"ENSRNOG00000069072",0
"ENSRNOG00000028235",25
"ENSRNOG00000065053",1
"ENSRNOG00000016484",274
"ENSRNOG00000024508",0
"ENSRNOG00000063539",0
"ENSRNOG00000047067",12291
"ENSRNOG00000015799",12
"ENSRNOG00000027979",0
"ENSRNOG00000066165",0
"ENSRNOG00000066886",7
"ENSRNOG00000008557",217
"ENSRNOG00000001807",541
"ENSRNOG00000050645",287
"ENSRNOG00000005608",238
"ENSRNOG00000009740",0
"ENSRNOG00000057924",0
"ENSRNOG00000070501",0
"ENSRNOG00000010609",614
"ENSRNOG00000015394",0
"ENSRNOG00000055966",9
"ENSRNOG00000007134",1634
"ENSRNOG00000070849",0
"ENSRNOG00000017149",95
"ENSRNOG00000065813",0
"ENSRNOG00000009872",94
"ENSRNOG00000057142",0
"ENSRNOG00000012247",5446
"ENSRNOG00000007717",0
"ENSRNOG00000061864",0
"ENSRNOG00000070547",0
"ENSRNOG00000067628",11
"ENSRNOG00000068392",0
"ENSRNOG00000063154",0
"ENSRNOG00000031312",3498
"ENSRNOG00000069338",0
"ENSRNOG00000014367",0
"ENSRNOG00000069243",0
"ENSRNOG00000014018",1
"ENSRNOG00000060843",0
"ENSRNOG00000070958",0
"ENSRNOG00000033815",0
"ENSRNOG00000067272",0
"ENSRNOG00000026675",0
"ENSRNOG00000065801",0
"ENSRNOG00000014714",0
"ENSRNOG00000066559",0
"ENSRNOG00000064073",0
"ENSRNOG00000066164",0
"ENSRNOG00000063026",0
"ENSRNOG00000017911",363
"ENSRNOG00000021313",0
"ENSRNOG00000065086",0
"ENSRNOG00000059810",66
"ENSRNOG00000063570",0
"ENSRNOG00000019528",50
"ENSRNOG00000070063",0
"ENSRNOG00000062929",0
"ENSRNOG00000053111",0
"ENSRNOG00000060151",0
"ENSRNOG00000023449",0
"ENSRNOG00000038872",3
"ENSRNOG00000052408",0
"ENSRNOG00000067498",0
"ENSRNOG00000033202",1
"ENSRNOG00000067024",0
"ENSRNOG00000001854",391
"ENSRNOG00000054316",0
"ENSRNOG00000069474",0
"ENSRNOG00000070687",0
"ENSRNOG00000063206",0
"ENSRNOG00000053700",0
"ENSRNOG00000066894",32
"ENSRNOG00000051714",0
"ENSRNOG00000010077",1294
"ENSRNOG00000025848",0
"ENSRNOG00000063666",0
"ENSRNOG00000016316",476
"ENSRNOG00000069028",0
"ENSRNOG00000062514",0
"ENSRNOG00000013000",793
"ENSRNOG00000065462",0
"ENSRNOG00000060795",0
"ENSRNOG00000016076",0
"ENSRNOG00000052803",0
"ENSRNOG00000060744",2
"ENSRNOG00000058757",0
"ENSRNOG00000025541",0
"ENSRNOG00000055065",0
"ENSRNOG00000059753",1
"ENSRNOG00000053438",5
"ENSRNOG00000013547",0
"ENSRNOG00000070231",0
"ENSRNOG00000053237",0
"ENSRNOG00000070909",0
"ENSRNOG00000009348",3
"ENSRNOG00000031041",0
"ENSRNOG00000067876",0
"ENSRNOG00000052240",0
"ENSRNOG00000057643",0
"ENSRNOG00000053149",0
"ENSRNOG00000059101",0
"ENSRNOG00000067627",0
"ENSRNOG00000071005",0
"ENSRNOG00000055675",0
"ENSRNOG00000010466",747
"ENSRNOG00000069215",0
"ENSRNOG00000010005",484
"ENSRNOG00000060012",0
"ENSRNOG00000055353",0
"ENSRNOG00000018317",1572
"ENSRNOG00000019716",4
"ENSRNOG00000060246",0
"ENSRNOG00000066801",0
"ENSRNOG00000015514",6076
"ENSRNOG00000065485",0
"ENSRNOG00000025519",0
"ENSRNOG00000060861",0
"ENSRNOG00000053698",0
"ENSRNOG00000068417",0
"ENSRNOG00000020169",0
"ENSRNOG00000058052",0
"ENSRNOG00000065711",0
"ENSRNOG00000059990",0
"ENSRNOG00000058775",0
"ENSRNOG00000052655",0
"ENSRNOG00000026981",285
"ENSRNOG00000064632",0
"ENSRNOG00000007707",165
"ENSRNOG00000061810",0
"ENSRNOG00000054975",0
"ENSRNOG00000025720",13
"ENSRNOG00000063999",0
"ENSRNOG00000052213",0
"ENSRNOG00000052563",0
"ENSRNOG00000006711",159
"ENSRNOG00000062852",1
"ENSRNOG00000057743",0
"ENSRNOG00000060559",0
"ENSRNOG00000064339",1
"ENSRNOG00000070876",0
"ENSRNOG00000059598",0
"ENSRNOG00000016665",508
"ENSRNOG00000054983",0
"ENSRNOG00000067154",0
"ENSRNOG00000064635",0
"ENSRNOG00000067689",0
"ENSRNOG00000053772",0
"ENSRNOG00000026874",55
"ENSRNOG00000057090",2
"ENSRNOG00000057183",0
"ENSRNOG00000006617",4
"ENSRNOG00000010239",3853
"ENSRNOG00000068043",0
"ENSRNOG00000067403",0
"ENSRNOG00000006231",0
"ENSRNOG00000066911",0
"ENSRNOG00000009556",1
"ENSRNOG00000064606",0
"ENSRNOG00000006228",2787
"ENSRNOG00000007811",0
"ENSRNOG00000063335",0
"ENSRNOG00000035451",0
"ENSRNOG00000068663",0
"ENSRNOG00000016917",1
"ENSRNOG00000058714",0
"ENSRNOG00000063469",0
"ENSRNOG00000068719",0
"ENSRNOG00000067584",0
"ENSRNOG00000040346",0
"ENSRNOG00000053661",0
"ENSRNOG00000062877",0
"ENSRNOG00000036462",0
"ENSRNOG00000005506",1189
"ENSRNOG00000035458",0
"ENSRNOG00000036272",0
"ENSRNOG00000064957",0
"ENSRNOG00000017808",489
"ENSRNOG00000018309",3542
"ENSRNOG00000068116",0
"ENSRNOG00000035577",0
"ENSRNOG00000019158",0
"ENSRNOG00000035587",0
"ENSRNOG00000036271",0
"ENSRNOG00000061895",0
"ENSRNOG00000005947",0
"ENSRNOG00000035598",0
"ENSRNOG00000046475",0
"ENSRNOG00000043059",174
"ENSRNOG00000069174",12
"ENSRNOG00000035624",0
"ENSRNOG00000041321",0
"ENSRNOG00000060241",0
"ENSRNOG00000035463",1
"ENSRNOG00000048961",196
"ENSRNOG00000036461",0
"ENSRNOG00000010485",0
"ENSRNOG00000066572",1
"ENSRNOG00000063462",0
"ENSRNOG00000015762",64
"ENSRNOG00000014856",1018
"ENSRNOG00000068364",998
"ENSRNOG00000047309",0
"ENSRNOG00000051661",0
"ENSRNOG00000016255",91
"ENSRNOG00000007405",198
"ENSRNOG00000056783",0
"ENSRNOG00000013463",154
"ENSRNOG00000037782",0
"ENSRNOG00000066193",367
"ENSRNOG00000036913",486
"ENSRNOG00000008733",310
"ENSRNOG00000008218",525
"ENSRNOG00000053337",0
"ENSRNOG00000025934",0
"ENSRNOG00000005390",7
"ENSRNOG00000001847",359
"ENSRNOG00000051600",0
"ENSRNOG00000025818",568
"ENSRNOG00000056041",571
"ENSRNOG00000005310",1717
"ENSRNOG00000017959",101
"ENSRNOG00000051447",0
"ENSRNOG00000049645",0
"ENSRNOG00000047319",150
"ENSRNOG00000065051",0
"ENSRNOG00000065970",0
"ENSRNOG00000063089",0
"ENSRNOG00000066943",0
"ENSRNOG00000064643",0
"ENSRNOG00000016707",7
"ENSRNOG00000001820",255
"ENSRNOG00000062693",0
"ENSRNOG00000012831",59
"ENSRNOG00000067827",0
"ENSRNOG00000025042",1385
"ENSRNOG00000052467",0
"ENSRNOG00000069267",1
"ENSRNOG00000012952",338
"ENSRNOG00000053656",0
"ENSRNOG00000046899",0
"ENSRNOG00000063902",0
"ENSRNOG00000058136",0
"ENSRNOG00000006048",97
"ENSRNOG00000069959",151
"ENSRNOG00000006338",1206
"ENSRNOG00000008747",261
"ENSRNOG00000017003",2838
"ENSRNOG00000055196",0
"ENSRNOG00000033639",340
"ENSRNOG00000060248",16
"ENSRNOG00000057254",0
"ENSRNOG00000051489",0
"ENSRNOG00000043404",0
"ENSRNOG00000017354",13389
"ENSRNOG00000005858",0
"ENSRNOG00000070498",0
"ENSRNOG00000052128",4
"ENSRNOG00000013195",304
"ENSRNOG00000005480",4260
"ENSRNOG00000017525",44
"ENSRNOG00000026883",1
"ENSRNOG00000070076",0
"ENSRNOG00000001844",332
"ENSRNOG00000070281",0
"ENSRNOG00000009019",6418
"ENSRNOG00000006709",0
"ENSRNOG00000007247",0
"ENSRNOG00000047493",0
"ENSRNOG00000013743",5317
"ENSRNOG00000066539",0
"ENSRNOG00000009447",39
"ENSRNOG00000018533",424
"ENSRNOG00000018630",2675
"ENSRNOG00000007064",299
"ENSRNOG00000066889",0
"ENSRNOG00000066287",0
"ENSRNOG00000060350",3622
"ENSRNOG00000008676",5070
"ENSRNOG00000036984",0
"ENSRNOG00000066172",2
"ENSRNOG00000064375",0
"ENSRNOG00000029922",107
"ENSRNOG00000067300",189
"ENSRNOG00000064824",5
"ENSRNOG00000032443",8
"ENSRNOG00000055300",424
"ENSRNOG00000032432",0
"ENSRNOG00000061868",1
"ENSRNOG00000010388",0
"ENSRNOG00000030004",0
"ENSRNOG00000019165",351
"ENSRNOG00000010898",0
"ENSRNOG00000057554",0
"ENSRNOG00000007126",84
"ENSRNOG00000030894",0
"ENSRNOG00000031140",0
"ENSRNOG00000054860",0
"ENSRNOG00000011824",0
"ENSRNOG00000006925",37
"ENSRNOG00000058457",262
"ENSRNOG00000015910",0
"ENSRNOG00000025930",0
"ENSRNOG00000053638",0
"ENSRNOG00000010452",442
"ENSRNOG00000012417",0
"ENSRNOG00000057335",0
"ENSRNOG00000010594",44
"ENSRNOG00000008575",0
"ENSRNOG00000051690",0
"ENSRNOG00000008714",0
"ENSRNOG00000062297",0
"ENSRNOG00000062862",0
"ENSRNOG00000060460",0
"ENSRNOG00000006703",204
"ENSRNOG00000014382",155
"ENSRNOG00000054251",3
"ENSRNOG00000069416",1
"ENSRNOG00000008362",38
"ENSRNOG00000059538",1061
"ENSRNOG00000022060",750
"ENSRNOG00000065574",0
"ENSRNOG00000008239",76
"ENSRNOG00000043158",0
"ENSRNOG00000063869",0
"ENSRNOG00000023612",0
"ENSRNOG00000001817",547
"ENSRNOG00000052024",0
"ENSRNOG00000066615",0
"ENSRNOG00000008816",10862
"ENSRNOG00000015125",56
"ENSRNOG00000032788",2709
"ENSRNOG00000005984",380
"ENSRNOG00000009035",513
"ENSRNOG00000031709",4106
"ENSRNOG00000015290",1419
"ENSRNOG00000009052",686
"ENSRNOG00000008234",90
"ENSRNOG00000066387",0
"ENSRNOG00000029308",1
"ENSRNOG00000024705",10
"ENSRNOG00000015409",707
"ENSRNOG00000015529",394
"ENSRNOG00000026864",6
"ENSRNOG00000001842",337
"ENSRNOG00000015541",18
"ENSRNOG00000010011",793
"ENSRNOG00000027630",27
"ENSRNOG00000045821",140
"ENSRNOG00000021334",8
"ENSRNOG00000060098",4178
"ENSRNOG00000052174",961
"ENSRNOG00000060308",4
"ENSRNOG00000016589",2589
"ENSRNOG00000006824",0
"ENSRNOG00000063524",129
"ENSRNOG00000062587",0
"ENSRNOG00000055950",0
"ENSRNOG00000068610",0
"ENSRNOG00000055056",0
"ENSRNOG00000016778",1537
"ENSRNOG00000070412",0
"ENSRNOG00000010806",2
"ENSRNOG00000001830",194
"ENSRNOG00000051739",0
"ENSRNOG00000024533",1145
"ENSRNOG00000009322",197
"ENSRNOG00000005968",236
"ENSRNOG00000017052",12
"ENSRNOG00000046449",0
"ENSRNOG00000010213",1
"ENSRNOG00000069406",38
"ENSRNOG00000008465",0
"ENSRNOG00000068148",5
"ENSRNOG00000007743",0
"ENSRNOG00000006174",2
"ENSRNOG00000023708",0
"ENSRNOG00000028632",7
"ENSRNOG00000001828",351
"ENSRNOG00000064314",0
"ENSRNOG00000021579",193
"ENSRNOG00000059182",0
"ENSRNOG00000016273",196
"ENSRNOG00000016507",28
"ENSRNOG00000008870",970
"ENSRNOG00000008412",456
"ENSRNOG00000068847",0
"ENSRNOG00000005383",0
"ENSRNOG00000070810",0
"ENSRNOG00000068724",0
"ENSRNOG00000009970",24
"ENSRNOG00000016704",3510
"ENSRNOG00000068441",0
"ENSRNOG00000070768",0
"ENSRNOG00000066203",0
"ENSRNOG00000070369",0
"ENSRNOG00000032967",0
"ENSRNOG00000050564",9
"ENSRNOG00000007838",600
"ENSRNOG00000059870",40
"ENSRNOG00000036918",164
"ENSRNOG00000029321",0
"ENSRNOG00000008130",0
"ENSRNOG00000068499",0
"ENSRNOG00000036917",164
"ENSRNOG00000012228",598
"ENSRNOG00000063414",0
"ENSRNOG00000028526",648
"ENSRNOG00000016813",344
"ENSRNOG00000067025",0
"ENSRNOG00000064322",26
"ENSRNOG00000064061",0
"ENSRNOG00000030158",0
"ENSRNOG00000063572",0
"ENSRNOG00000009726",8
"ENSRNOG00000011944",724
"ENSRNOG00000006505",240
"ENSRNOG00000069193",0
"ENSRNOG00000070189",0
"ENSRNOG00000006628",256
"ENSRNOG00000017380",509
"ENSRNOG00000068824",0
"ENSRNOG00000049378",669
"ENSRNOG00000009156",453
"ENSRNOG00000063550",0
"ENSRNOG00000070159",0
"ENSRNOG00000009031",0
"ENSRNOG00000064847",1
"ENSRNOG00000065855",0
"ENSRNOG00000010090",93
"ENSRNOG00000063876",0
"ENSRNOG00000066922",0
"ENSRNOG00000008933",0
"ENSRNOG00000069491",0
"ENSRNOG00000057410",0
"ENSRNOG00000008622",616
"ENSRNOG00000063193",0
"ENSRNOG00000024647",709
"ENSRNOG00000063365",0
"ENSRNOG00000014508",624
"ENSRNOG00000036911",189
"ENSRNOG00000068688",0
"ENSRNOG00000005767",2013
"ENSRNOG00000069766",0
"ENSRNOG00000070208",0
"ENSRNOG00000024569",0
"ENSRNOG00000061757",1
"ENSRNOG00000063422",0
"ENSRNOG00000022155",36
"ENSRNOG00000010536",499
"ENSRNOG00000028517",238
"ENSRNOG00000071104",0
"ENSRNOG00000008369",0
"ENSRNOG00000065905",0
"ENSRNOG00000027869",78
"ENSRNOG00000062735",2
"ENSRNOG00000070091",0
"ENSRNOG00000010912",125
"ENSRNOG00000062853",0
"ENSRNOG00000033338",0
"ENSRNOG00000065025",0
"ENSRNOG00000011391",249
"ENSRNOG00000005936",0
"ENSRNOG00000067273",0
"ENSRNOG00000068469",0
"ENSRNOG00000069427",0
"ENSRNOG00000038740",0
"ENSRNOG00000049943",226
"ENSRNOG00000071189",0
"ENSRNOG00000063347",36
"ENSRNOG00000051667",0
"ENSRNOG00000069376",0
"ENSRNOG00000064389",0
"ENSRNOG00000007338",3435
"ENSRNOG00000042229",0
"ENSRNOG00000015986",1095
"ENSRNOG00000063859",0
"ENSRNOG00000071049",0
"ENSRNOG00000064832",0
"ENSRNOG00000063035",0
"ENSRNOG00000010886",18
"ENSRNOG00000005621",26
"ENSRNOG00000048541",0
"ENSRNOG00000068056",0
"ENSRNOG00000008416",0
"ENSRNOG00000022466",78
"ENSRNOG00000064789",0
"ENSRNOG00000006264",117
"ENSRNOG00000067679",0
"ENSRNOG00000006491",0
"ENSRNOG00000007570",506
"ENSRNOG00000023257",974
"ENSRNOG00000007272",223
"ENSRNOG00000007519",3478
"ENSRNOG00000011175",774
"ENSRNOG00000063659",0
"ENSRNOG00000064003",0
"ENSRNOG00000005670",11
"ENSRNOG00000070109",0
"ENSRNOG00000069414",0
"ENSRNOG00000066010",0
"ENSRNOG00000070575",1
"ENSRNOG00000061664",0
"ENSRNOG00000069088",0
"ENSRNOG00000008274",169
"ENSRNOG00000065775",283
"ENSRNOG00000006444",569
"ENSRNOG00000067056",0
"ENSRNOG00000011814",457
"ENSRNOG00000005576",102
"ENSRNOG00000056219",86
"ENSRNOG00000005628",140
"ENSRNOG00000053188",0
"ENSRNOG00000007178",0
"ENSRNOG00000066676",0
"ENSRNOG00000042018",0
"ENSRNOG00000064982",0
"ENSRNOG00000057061",72
"ENSRNOG00000062345",0
"ENSRNOG00000068921",0
"ENSRNOG00000058653",0
"ENSRNOG00000069235",0
"ENSRNOG00000001804",103
"ENSRNOG00000015328",10
"ENSRNOG00000009184",5056
"ENSRNOG00000069590",0
"ENSRNOG00000063932",558
"ENSRNOG00000068013",0
"ENSRNOG00000055734",0
"ENSRNOG00000059771",0
"ENSRNOG00000053362",708
"ENSRNOG00000070863",0
"ENSRNOG00000069405",0
"ENSRNOG00000067149",166
"ENSRNOG00000008063",415
"ENSRNOG00000064240",322
"ENSRNOG00000064662",0
"ENSRNOG00000064937",249
"ENSRNOG00000070930",252
"ENSRNOG00000062401",0
"ENSRNOG00000063863",0
"ENSRNOG00000033407",1
"ENSRNOG00000031515",0
"ENSRNOG00000062453",171
"ENSRNOG00000069030",644
"ENSRNOG00000043170",0
"ENSRNOG00000062391",0
"ENSRNOG00000066951",3
"ENSRNOG00000059195",2
"ENSRNOG00000067299",0
"ENSRNOG00000066392",2
"ENSRNOG00000066650",142
"ENSRNOG00000008481",0
"ENSRNOG00000067332",508
"ENSRNOG00000010316",24
"ENSRNOG00000067063",1
"ENSRNOG00000064988",0
"ENSRNOG00000008393",2396
"ENSRNOG00000066162",42
"ENSRNOG00000070651",0
"ENSRNOG00000010347",1
"ENSRNOG00000064409",0
"ENSRNOG00000066715",0
"ENSRNOG00000067911",0
"ENSRNOG00000068347",0
"ENSRNOG00000065619",0
"ENSRNOG00000071185",53
"ENSRNOG00000068422",0
"ENSRNOG00000065663",3
"ENSRNOG00000069445",0
"ENSRNOG00000008443",163
"ENSRNOG00000006281",234
"ENSRNOG00000012748",431
"ENSRNOG00000063346",0
"ENSRNOG00000068365",8
"ENSRNOG00000012364",679
"ENSRNOG00000068050",0
"ENSRNOG00000027365",128
"ENSRNOG00000063537",0
"ENSRNOG00000064040",0
"ENSRNOG00000064294",0
"ENSRNOG00000047951",103
"ENSRNOG00000062344",0
"ENSRNOG00000005353",683
"ENSRNOG00000006069",783
"ENSRNOG00000063803",0
"ENSRNOG00000048917",32
"ENSRNOG00000012347",23
"ENSRNOG00000065409",684
"ENSRNOG00000066385",3
"ENSRNOG00000027026",590
"ENSRNOG00000071067",0
"ENSRNOG00000068334",4
"ENSRNOG00000068552",0
"ENSRNOG00000057556",1532
"ENSRNOG00000064378",20
"ENSRNOG00000070662",0
"ENSRNOG00000068681",0
"ENSRNOG00000064013",3
"ENSRNOG00000064657",0
"ENSRNOG00000067696",78
"ENSRNOG00000008611",53
"ENSRNOG00000063527",7
"ENSRNOG00000070718",0
"ENSRNOG00000071037",2
"ENSRNOG00000010301",148
"ENSRNOG00000063884",1
"ENSRNOG00000065564",0
"ENSRNOG00000009564",37
"ENSRNOG00000069567",0
"ENSRNOG00000032820",8
"ENSRNOG00000068340",2
"ENSRNOG00000006508",23
"ENSRNOG00000009971",298
"ENSRNOG00000066402",15
"ENSRNOG00000068865",0
"ENSRNOG00000046361",152
"ENSRNOG00000067191",71
"ENSRNOG00000065931",0
"ENSRNOG00000067030",0
"ENSRNOG00000036925",0
"ENSRNOG00000070829",4
"ENSRNOG00000012235",0
"ENSRNOG00000069850",0
"ENSRNOG00000064090",5084
"ENSRNOG00000008658",81
"ENSRNOG00000065425",1
"ENSRNOG00000009636",1034
"ENSRNOG00000001851",4
"ENSRNOG00000065573",3
"ENSRNOG00000069964",6
"ENSRNOG00000069763",0
"ENSRNOG00000067480",0
"ENSRNOG00000009886",979
"ENSRNOG00000001852",231
"ENSRNOG00000008546",311
"ENSRNOG00000065102",23
"ENSRNOG00000066379",0
"ENSRNOG00000069297",2
"ENSRNOG00000070845",1
"ENSRNOG00000065171",0
"ENSRNOG00000066753",1
"ENSRNOG00000011530",103
"ENSRNOG00000063239",1
"ENSRNOG00000063394",0
"ENSRNOG00000070566",0
"ENSRNOG00000048782",0
"ENSRNOG00000067400",0
"ENSRNOG00000010629",148
"ENSRNOG00000070017",0
"ENSRNOG00000067625",0
"ENSRNOG00000068110",328
"ENSRNOG00000006806",62
"ENSRNOG00000063404",0
"ENSRNOG00000062416",19
"ENSRNOG00000064089",0
"ENSRNOG00000063045",0
"ENSRNOG00000063868",0
"ENSRNOG00000062677",0
"ENSRNOG00000006813",753
"ENSRNOG00000068748",0
"ENSRNOG00000009097",1882
"ENSRNOG00000069247",0
"ENSRNOG00000062780",7
"ENSRNOG00000069346",2
"ENSRNOG00000067260",3
"ENSRNOG00000053654",160
"ENSRNOG00000069862",1
"ENSRNOG00000066850",46
"ENSRNOG00000066817",0
"ENSRNOG00000068855",2
"ENSRNOG00000066550",0
"ENSRNOG00000062509",510
"ENSRNOG00000054974",0
"ENSRNOG00000054781",0
"ENSRNOG00000062979",0
"ENSRNOG00000062716",0
"ENSRNOG00000045771",0
"ENSRNOG00000063160",0
"ENSRNOG00000063874",0
"ENSRNOG00000068329",0
"ENSRNOG00000066751",17
"ENSRNOG00000065579",0
"ENSRNOG00000062584",0
"ENSRNOG00000007152",1097
"ENSRNOG00000005433",40
"ENSRNOG00000012975",2231
"ENSRNOG00000062691",1
"ENSRNOG00000005734",4
"ENSRNOG00000009484",434
"ENSRNOG00000056462",1207
"ENSRNOG00000005830",0
"ENSRNOG00000009545",507
"ENSRNOG00000005686",1597
"ENSRNOG00000069901",0
"ENSRNOG00000028422",411
"ENSRNOG00000006776",0
"ENSRNOG00000047023",0
"ENSRNOG00000007124",845
"ENSRNOG00000005652",0
"ENSRNOG00000007129",1
"ENSRNOG00000010284",411
"ENSRNOG00000066431",0
"ENSRNOG00000007881",173
"ENSRNOG00000038102",96
"ENSRNOG00000005798",288
"ENSRNOG00000021938",0
"ENSRNOG00000005806",5
"ENSRNOG00000006432",235
"ENSRNOG00000014090",989
"ENSRNOG00000006534",249
"ENSRNOG00000005954",0
"ENSRNOG00000005690",5775
"ENSRNOG00000007764",339
"ENSRNOG00000063676",2
"ENSRNOG00000005662",0
"ENSRNOG00000005697",0
"ENSRNOG00000006144",0
"ENSRNOG00000055860",3926
"ENSRNOG00000055365",2465
"ENSRNOG00000006221",645
"ENSRNOG00000006818",1682
"ENSRNOG00000013390",24
"ENSRNOG00000060175",118
"ENSRNOG00000010258",1063
"ENSRNOG00000009934",2165
"ENSRNOG00000009204",454
"ENSRNOG00000010184",859
"ENSRNOG00000007104",2459
"ENSRNOG00000065903",0
"ENSRNOG00000006941",106
"ENSRNOG00000007472",2990
"ENSRNOG00000011614",307
"ENSRNOG00000032517",2
"ENSRNOG00000068733",0
"ENSRNOG00000023077",12
"ENSRNOG00000009175",438
"ENSRNOG00000013526",12
"ENSRNOG00000023465",95
"ENSRNOG00000061085",137
"ENSRNOG00000070535",0
"ENSRNOG00000010177",0
"ENSRNOG00000005907",142
"ENSRNOG00000006509",306
"ENSRNOG00000067090",0
"ENSRNOG00000069624",0
"ENSRNOG00000008597",650
"ENSRNOG00000008994",3407
"ENSRNOG00000009032",64
"ENSRNOG00000013379",410
"ENSRNOG00000025251",0
"ENSRNOG00000009084",121
"ENSRNOG00000042482",403
"ENSRNOG00000071218",919
"ENSRNOG00000016143",30
"ENSRNOG00000071219",1
"ENSRNOG00000033395",0
"ENSRNOG00000066660",221
"ENSRNOG00000067593",0
"ENSRNOG00000029996",31348
"ENSRNOG00000062643",0
"ENSRNOG00000009377",248
"ENSRNOG00000015499",2
"ENSRNOG00000069518",0
"ENSRNOG00000004753",99
"ENSRNOG00000020317",1515
"ENSRNOG00000065800",9
"ENSRNOG00000010595",224
"ENSRNOG00000062311",0
"ENSRNOG00000020337",1
"ENSRNOG00000065122",211
"ENSRNOG00000070655",0
"ENSRNOG00000062759",0
"ENSRNOG00000015184",16
"ENSRNOG00000070996",376
"ENSRNOG00000027016",1973
"ENSRNOG00000065756",268
"ENSRNOG00000013074",15
"ENSRNOG00000004967",228
"ENSRNOG00000030825",0
"ENSRNOG00000063357",2
"ENSRNOG00000015294",190
"ENSRNOG00000056110",0
"ENSRNOG00000028721",1
"ENSRNOG00000067832",17
"ENSRNOG00000064622",0
"ENSRNOG00000067778",0
"ENSRNOG00000022491",48
"ENSRNOG00000051199",0
"ENSRNOG00000028095",0
"ENSRNOG00000068179",8
"ENSRNOG00000065362",0
"ENSRNOG00000065452",4
"ENSRNOG00000006731",76
"ENSRNOG00000067357",0
"ENSRNOG00000008282",0
"ENSRNOG00000064568",61
"ENSRNOG00000052014",0
"ENSRNOG00000011758",643
"ENSRNOG00000004679",157
"ENSRNOG00000037833",0
"ENSRNOG00000010616",166
"ENSRNOG00000069366",258
"ENSRNOG00000037356",98
"ENSRNOG00000070165",0
"ENSRNOG00000018441",72
"ENSRNOG00000008738",69
"ENSRNOG00000007979",167
"ENSRNOG00000040275",0
"ENSRNOG00000062792",0
"ENSRNOG00000069588",0
"ENSRNOG00000004852",0
"ENSRNOG00000016189",15
"ENSRNOG00000008758",149
"ENSRNOG00000009764",0
"ENSRNOG00000052180",0
"ENSRNOG00000011830",699
"ENSRNOG00000070507",0
"ENSRNOG00000066688",0
"ENSRNOG00000063734",0
"ENSRNOG00000065294",0
"ENSRNOG00000004645",2
"ENSRNOG00000058157",283
"ENSRNOG00000062953",0
"ENSRNOG00000018755",133
"ENSRNOG00000005921",0
"ENSRNOG00000070505",0
"ENSRNOG00000065842",0
"ENSRNOG00000021472",0
"ENSRNOG00000006753",0
"ENSRNOG00000060327",0
"ENSRNOG00000063784",0
"ENSRNOG00000001589",2
"ENSRNOG00000052091",0
"ENSRNOG00000052454",0
"ENSRNOG00000070396",0
"ENSRNOG00000068411",0
"ENSRNOG00000013102",1349
"ENSRNOG00000058310",0
"ENSRNOG00000063685",0
"ENSRNOG00000067379",0
"ENSRNOG00000058919",0
"ENSRNOG00000017291",470
"ENSRNOG00000062610",0
"ENSRNOG00000008663",281
"ENSRNOG00000063622",0
"ENSRNOG00000000009",0
"ENSRNOG00000069765",0
"ENSRNOG00000069407",0
"ENSRNOG00000015928",108
"ENSRNOG00000053212",0
"ENSRNOG00000068161",0
"ENSRNOG00000070663",0
"ENSRNOG00000006397",0
"ENSRNOG00000006803",1462
"ENSRNOG00000051665",0
"ENSRNOG00000006408",0
"ENSRNOG00000059732",0
"ENSRNOG00000062585",0
"ENSRNOG00000064878",0
"ENSRNOG00000055168",0
"ENSRNOG00000007416",102
"ENSRNOG00000016179",1
"ENSRNOG00000025141",131
"ENSRNOG00000057910",0
"ENSRNOG00000018964",252
"ENSRNOG00000033543",0
"ENSRNOG00000057796",0
"ENSRNOG00000069900",11
"ENSRNOG00000069943",0
"ENSRNOG00000033863",257
"ENSRNOG00000006419",51
"ENSRNOG00000064386",0
"ENSRNOG00000032712",0
"ENSRNOG00000047508",1
"ENSRNOG00000043106",0
"ENSRNOG00000058641",0
"ENSRNOG00000067830",11
"ENSRNOG00000069097",0
"ENSRNOG00000068071",0
"ENSRNOG00000066288",23
"ENSRNOG00000063143",0
"ENSRNOG00000011195",471
"ENSRNOG00000018997",13
"ENSRNOG00000013069",17
"ENSRNOG00000066089",0
"ENSRNOG00000009152",5135
"ENSRNOG00000069475",0
"ENSRNOG00000018491",161
"ENSRNOG00000068593",0
"ENSRNOG00000062632",0
"ENSRNOG00000004784",101
"ENSRNOG00000012580",160
"ENSRNOG00000065185",0
"ENSRNOG00000005162",0
"ENSRNOG00000067634",0
"ENSRNOG00000057196",0
"ENSRNOG00000070613",0
"ENSRNOG00000059436",0
"ENSRNOG00000065604",0
"ENSRNOG00000059616",0
"ENSRNOG00000061294",0
"ENSRNOG00000019152",1692
"ENSRNOG00000059349",0
"ENSRNOG00000070069",0
"ENSRNOG00000006645",7
"ENSRNOG00000067839",0
"ENSRNOG00000004783",91
"ENSRNOG00000062892",2
"ENSRNOG00000063356",0
"ENSRNOG00000060569",0
"ENSRNOG00000010131",624
"ENSRNOG00000070048",4
"ENSRNOG00000060756",0
"ENSRNOG00000021240",2777
"ENSRNOG00000067797",0
"ENSRNOG00000067541",0
"ENSRNOG00000062560",0
"ENSRNOG00000065360",3
"ENSRNOG00000058385",0
"ENSRNOG00000049721",0
"ENSRNOG00000070734",0
"ENSRNOG00000062547",3
"ENSRNOG00000052197",1
"ENSRNOG00000063688",0
"ENSRNOG00000051709",0
"ENSRNOG00000065630",444
"ENSRNOG00000012021",185
"ENSRNOG00000058806",0
"ENSRNOG00000005479",0
"ENSRNOG00000063131",0
"ENSRNOG00000052573",1
"ENSRNOG00000017063",0
"ENSRNOG00000004912",5721
"ENSRNOG00000063473",0
"ENSRNOG00000052463",0
"ENSRNOG00000031840",0
"ENSRNOG00000059132",0
"ENSRNOG00000070343",0
"ENSRNOG00000069671",0
"ENSRNOG00000068128",1
"ENSRNOG00000010896",117
"ENSRNOG00000005920",359
"ENSRNOG00000068849",0
"ENSRNOG00000060959",0
"ENSRNOG00000055244",0
"ENSRNOG00000069256",0
"ENSRNOG00000016551",219
"ENSRNOG00000063853",0
"ENSRNOG00000011093",394
"ENSRNOG00000070847",0
"ENSRNOG00000064364",0
"ENSRNOG00000066576",0
"ENSRNOG00000051908",0
"ENSRNOG00000024990",0
"ENSRNOG00000053738",0
"ENSRNOG00000011295",479
"ENSRNOG00000066788",0
"ENSRNOG00000056926",0
"ENSRNOG00000067143",0
"ENSRNOG00000046632",0
"ENSRNOG00000014836",1894
"ENSRNOG00000067970",0
"ENSRNOG00000054607",0
"ENSRNOG00000006238",122
"ENSRNOG00000068208",0
"ENSRNOG00000067040",48
"ENSRNOG00000064912",0
"ENSRNOG00000032579",0
"ENSRNOG00000012051",136
"ENSRNOG00000056535",0
"ENSRNOG00000066513",0
"ENSRNOG00000051605",3
"ENSRNOG00000005103",0
"ENSRNOG00000065299",3
"ENSRNOG00000008337",0
"ENSRNOG00000018225",2441
"ENSRNOG00000005742",0
"ENSRNOG00000053757",0
"ENSRNOG00000056237",1
"ENSRNOG00000005793",0
"ENSRNOG00000054739",1
"ENSRNOG00000012559",1070
"ENSRNOG00000054703",0
"ENSRNOG00000049572",0
"ENSRNOG00000007160",177
"ENSRNOG00000054973",9
"ENSRNOG00000012151",20
"ENSRNOG00000047028",28
"ENSRNOG00000054789",0
"ENSRNOG00000058143",0
"ENSRNOG00000068366",0
"ENSRNOG00000055104",0
"ENSRNOG00000047004",6
"ENSRNOG00000005865",530
"ENSRNOG00000069914",0
"ENSRNOG00000058773",0
"ENSRNOG00000004946",0
"ENSRNOG00000053070",358
"ENSRNOG00000012640",3390
"ENSRNOG00000056116",0
"ENSRNOG00000032521",0
"ENSRNOG00000064468",0
"ENSRNOG00000012647",0
"ENSRNOG00000049497",482
"ENSRNOG00000005404",0
"ENSRNOG00000066447",0
"ENSRNOG00000007128",512
"ENSRNOG00000056518",0
"ENSRNOG00000065019",0
"ENSRNOG00000058944",7
"ENSRNOG00000012960",206
"ENSRNOG00000056385",0
"ENSRNOG00000064575",0
"ENSRNOG00000059422",2
"ENSRNOG00000010523",332
"ENSRNOG00000010002",1
"ENSRNOG00000066449",0
"ENSRNOG00000069717",0
"ENSRNOG00000054116",0
"ENSRNOG00000007316",339
"ENSRNOG00000065500",0
"ENSRNOG00000054947",0
"ENSRNOG00000010019",1
"ENSRNOG00000057252",0
"ENSRNOG00000010587",68
"ENSRNOG00000052327",0
"ENSRNOG00000028267",0
"ENSRNOG00000056164",0
"ENSRNOG00000010170",1702
"ENSRNOG00000058734",0
"ENSRNOG00000070546",0
"ENSRNOG00000055243",0
"ENSRNOG00000008115",119
"ENSRNOG00000060026",0
"ENSRNOG00000055564",557
"ENSRNOG00000025295",498
"ENSRNOG00000068176",0
"ENSRNOG00000032900",236
"ENSRNOG00000056211",0
"ENSRNOG00000057817",624
"ENSRNOG00000058605",0
"ENSRNOG00000011028",0
"ENSRNOG00000069969",636
"ENSRNOG00000055303",0
"ENSRNOG00000010812",152
"ENSRNOG00000052201",1
"ENSRNOG00000005347",425
"ENSRNOG00000005971",2050
"ENSRNOG00000006094",1129
"ENSRNOG00000010607",0
"ENSRNOG00000021250",87
"ENSRNOG00000029262",91
"ENSRNOG00000063705",0
"ENSRNOG00000013133",216
"ENSRNOG00000004381",19
"ENSRNOG00000063753",0
"ENSRNOG00000021268",48
"ENSRNOG00000007529",256
"ENSRNOG00000010451",0
"ENSRNOG00000047487",0
"ENSRNOG00000068427",471
"ENSRNOG00000070122",0
"ENSRNOG00000031694",2
"ENSRNOG00000004699",94
"ENSRNOG00000026143",186
"ENSRNOG00000004544",906
"ENSRNOG00000010600",0
"ENSRNOG00000062660",0
"ENSRNOG00000042501",584
"ENSRNOG00000058337",1
"ENSRNOG00000067093",0
"ENSRNOG00000015468",1
"ENSRNOG00000071209",0
"ENSRNOG00000007752",203
"ENSRNOG00000004575",0
"ENSRNOG00000068316",0
"ENSRNOG00000029847",0
"ENSRNOG00000013834",0
"ENSRNOG00000008102",59
"ENSRNOG00000005100",0
"ENSRNOG00000069454",0
"ENSRNOG00000063489",224
"ENSRNOG00000021395",2785
"ENSRNOG00000013540",0
"ENSRNOG00000033119",906
"ENSRNOG00000047116",0
"ENSRNOG00000070629",0
"ENSRNOG00000065727",0
"ENSRNOG00000054212",15
"ENSRNOG00000070144",0
"ENSRNOG00000008536",0
"ENSRNOG00000070265",0
"ENSRNOG00000057149",4
"ENSRNOG00000063280",52
"ENSRNOG00000004763",728
"ENSRNOG00000031585",1
"ENSRNOG00000048309",182
"ENSRNOG00000008452",376
"ENSRNOG00000005256",152
"ENSRNOG00000060100",159
"ENSRNOG00000008190",56
"ENSRNOG00000031034",40
"ENSRNOG00000060618",2
"ENSRNOG00000037908",0
"ENSRNOG00000058163",0
"ENSRNOG00000013859",0
"ENSRNOG00000070080",2
"ENSRNOG00000054695",38
"ENSRNOG00000028910",215
"ENSRNOG00000013908",0
"ENSRNOG00000064299",0
"ENSRNOG00000033913",1318
"ENSRNOG00000021234",24
"ENSRNOG00000006947",160
"ENSRNOG00000013887",1
"ENSRNOG00000007044",0
"ENSRNOG00000070641",18
"ENSRNOG00000021269",0
"ENSRNOG00000021513",0
"ENSRNOG00000043002",0
"ENSRNOG00000069421",0
"ENSRNOG00000004571",45
"ENSRNOG00000069383",0
"ENSRNOG00000007765",57
"ENSRNOG00000023989",34
"ENSRNOG00000038259",33
"ENSRNOG00000004630",0
"ENSRNOG00000007925",1
"ENSRNOG00000021237",812
"ENSRNOG00000008394",0
"ENSRNOG00000029173",50
"ENSRNOG00000007446",26
"ENSRNOG00000006380",1633
"ENSRNOG00000045581",0
"ENSRNOG00000062526",11
"ENSRNOG00000030601",0
"ENSRNOG00000004641",0
"ENSRNOG00000008790",0
"ENSRNOG00000037231",0
"ENSRNOG00000065228",0
"ENSRNOG00000033100",6973
"ENSRNOG00000036964",268
"ENSRNOG00000021233",231
"ENSRNOG00000068937",0
"ENSRNOG00000060434",8
"ENSRNOG00000004687",181
"ENSRNOG00000007518",3272
"ENSRNOG00000012648",3
"ENSRNOG00000059043",1401
"ENSRNOG00000005457",0
"ENSRNOG00000008810",276
"ENSRNOG00000031736",3
"ENSRNOG00000012811",5
"ENSRNOG00000008529",1757
"ENSRNOG00000021231",26
"ENSRNOG00000065264",489
"ENSRNOG00000013689",160
"ENSRNOG00000011132",0
"ENSRNOG00000055182",0
"ENSRNOG00000004735",333
"ENSRNOG00000008868",68
"ENSRNOG00000021232",131
"ENSRNOG00000025715",1266
"ENSRNOG00000045829",66260
"ENSRNOG00000070856",0
"ENSRNOG00000025443",1518
"ENSRNOG00000060687",407
"ENSRNOG00000021244",10
"ENSRNOG00000009290",226
"ENSRNOG00000025181",358
"ENSRNOG00000005888",39
"ENSRNOG00000066451",2
"ENSRNOG00000028074",0
"ENSRNOG00000030184",0
"ENSRNOG00000016975",273
"ENSRNOG00000021245",230
"ENSRNOG00000008307",163
"ENSRNOG00000005039",783
"ENSRNOG00000030708",0
"ENSRNOG00000015614",0
"ENSRNOG00000069811",0
"ENSRNOG00000026787",17
"ENSRNOG00000005148",0
"ENSRNOG00000029227",2
"ENSRNOG00000066472",0
"ENSRNOG00000021270",127
"ENSRNOG00000070867",0
"ENSRNOG00000045686",212
"ENSRNOG00000007883",154
"ENSRNOG00000030508",0
"ENSRNOG00000064151",0
"ENSRNOG00000069123",0
"ENSRNOG00000018666",274
"ENSRNOG00000068068",0
"ENSRNOG00000021272",42
"ENSRNOG00000006783",27
"ENSRNOG00000042821",825
"ENSRNOG00000006378",1030
"ENSRNOG00000018791",82
"ENSRNOG00000030790",3893
"ENSRNOG00000011785",1330
"ENSRNOG00000004891",326
"ENSRNOG00000021273",254
"ENSRNOG00000069087",780
"ENSRNOG00000051470",0
"ENSRNOG00000032989",40
"ENSRNOG00000045555",421
"ENSRNOG00000062743",0
"ENSRNOG00000012089",297
"ENSRNOG00000068677",24
"ENSRNOG00000057284",249
"ENSRNOG00000019723",387
"ENSRNOG00000018845",73
"ENSRNOG00000021221",270
"ENSRNOG00000026346",0
"ENSRNOG00000021247",0
"ENSRNOG00000004730",1168
"ENSRNOG00000004863",70
"ENSRNOG00000010361",275
"ENSRNOG00000009195",658
"ENSRNOG00000067385",0
"ENSRNOG00000013760",0
"ENSRNOG00000042576",313
"ENSRNOG00000058597",0
"ENSRNOG00000069362",0
"ENSRNOG00000021248",401
"ENSRNOG00000032412",0
"ENSRNOG00000005884",577
"ENSRNOG00000021222",101
"ENSRNOG00000068047",0
"ENSRNOG00000053099",0
"ENSRNOG00000053696",0
"ENSRNOG00000045997",616
"ENSRNOG00000008170",634
"ENSRNOG00000028779",0
"ENSRNOG00000004755",334
"ENSRNOG00000005545",0
"ENSRNOG00000063191",196
"ENSRNOG00000009662",0
"ENSRNOG00000014483",363
"ENSRNOG00000066298",1
"ENSRNOG00000019948",339
"ENSRNOG00000004779",0
"ENSRNOG00000004918",0
"ENSRNOG00000027392",0
"ENSRNOG00000032769",0
"ENSRNOG00000007805",74
"ENSRNOG00000066683",23
"ENSRNOG00000025360",0
"ENSRNOG00000004808",0
"ENSRNOG00000036952",0
"ENSRNOG00000021223",1007
"ENSRNOG00000004742",1037
"ENSRNOG00000070752",0
"ENSRNOG00000005037",27
"ENSRNOG00000005195",5540
"ENSRNOG00000021229",0
"ENSRNOG00000063072",1
"ENSRNOG00000004989",0
"ENSRNOG00000008364",948
"ENSRNOG00000064942",0
"ENSRNOG00000021230",92
"ENSRNOG00000007525",0
"ENSRNOG00000047422",0
"ENSRNOG00000021264",842
"ENSRNOG00000006027",395
"ENSRNOG00000013437",48
"ENSRNOG00000067005",0
"ENSRNOG00000021259",32
"ENSRNOG00000033761",0
"ENSRNOG00000065354",12
"ENSRNOG00000018488",1
"ENSRNOG00000053270",157
"ENSRNOG00000033020",0
"ENSRNOG00000070982",2
"ENSRNOG00000022710",306
"ENSRNOG00000021241",10
"ENSRNOG00000048417",0
"ENSRNOG00000007427",35
"ENSRNOG00000064907",0
"ENSRNOG00000031536",12
"ENSRNOG00000012172",4
"ENSRNOG00000062998",0
"ENSRNOG00000069271",1
"ENSRNOG00000007102",7
"ENSRNOG00000046699",0
"ENSRNOG00000027900",0
"ENSRNOG00000042220",0
"ENSRNOG00000030857",0
"ENSRNOG00000027821",0
"ENSRNOG00000006921",147
"ENSRNOG00000021255",4
"ENSRNOG00000012307",0
"ENSRNOG00000005006",137
"ENSRNOG00000033983",0
"ENSRNOG00000017701",1
"ENSRNOG00000017161",0
"ENSRNOG00000027747",117
"ENSRNOG00000005483",263
"ENSRNOG00000010816",4
"ENSRNOG00000010868",0
"ENSRNOG00000059519",0
"ENSRNOG00000057458",43
"ENSRNOG00000021266",0
"ENSRNOG00000005438",1
"ENSRNOG00000051005",0
"ENSRNOG00000004920",0
"ENSRNOG00000057476",27
"ENSRNOG00000014021",24
"ENSRNOG00000004443",0
"ENSRNOG00000005183",578
"ENSRNOG00000007440",85
"ENSRNOG00000021260",26
"ENSRNOG00000028008",0
"ENSRNOG00000021224",210
"ENSRNOG00000026295",84
"ENSRNOG00000007548",279
"ENSRNOG00000021274",2
"ENSRNOG00000019330",20
"ENSRNOG00000007972",246
"ENSRNOG00000004921",171
"ENSRNOG00000007408",5
"ENSRNOG00000063588",0
"ENSRNOG00000068037",0
"ENSRNOG00000064038",0
"ENSRNOG00000025384",273
"ENSRNOG00000008411",1243
"ENSRNOG00000021265",460
"ENSRNOG00000009495",745
"ENSRNOG00000007457",2
"ENSRNOG00000007512",326
"ENSRNOG00000031085",1416
"ENSRNOG00000017283",3
"ENSRNOG00000012568",122
"ENSRNOG00000006795",220
"ENSRNOG00000011649",3
"ENSRNOG00000030467",102
"ENSRNOG00000050784",16
"ENSRNOG00000005058",278
"ENSRNOG00000014480",1996
"ENSRNOG00000007516",0
"ENSRNOG00000004777",247
"ENSRNOG00000071065",4
"ENSRNOG00000026215",6
"ENSRNOG00000024852",741
"ENSRNOG00000012290",0
"ENSRNOG00000009076",926
"ENSRNOG00000007584",556
"ENSRNOG00000006695",389
"ENSRNOG00000008243",228
"ENSRNOG00000004874",411
"ENSRNOG00000067071",28
"ENSRNOG00000016636",155
"ENSRNOG00000062960",0
"ENSRNOG00000012368",44
"ENSRNOG00000063431",0
"ENSRNOG00000022335",0
"ENSRNOG00000028266",0
"ENSRNOG00000006850",0
"ENSRNOG00000016734",1
"ENSRNOG00000067135",0
"ENSRNOG00000067506",0
"ENSRNOG00000069867",0
"ENSRNOG00000010035",0
"ENSRNOG00000006705",67
"ENSRNOG00000011059",243
"ENSRNOG00000008746",112
"ENSRNOG00000069397",0
"ENSRNOG00000010666",2482
"ENSRNOG00000067094",1
"ENSRNOG00000009969",0
"ENSRNOG00000013172",14
"ENSRNOG00000068185",0
"ENSRNOG00000007430",100
"ENSRNOG00000066616",2
"ENSRNOG00000056526",577
"ENSRNOG00000012528",108
"ENSRNOG00000013776",0
"ENSRNOG00000063104",0
"ENSRNOG00000036971",113
"ENSRNOG00000024882",246
"ENSRNOG00000018557",0
"ENSRNOG00000031356",0
"ENSRNOG00000058586",108
"ENSRNOG00000007319",686
"ENSRNOG00000013594",667
"ENSRNOG00000053201",60
"ENSRNOG00000013778",0
"ENSRNOG00000070361",0
"ENSRNOG00000053114",0
"ENSRNOG00000064867",0
"ENSRNOG00000012728",9
"ENSRNOG00000005111",6
"ENSRNOG00000062388",0
"ENSRNOG00000055769",31
"ENSRNOG00000047611",254
"ENSRNOG00000054563",435
"ENSRNOG00000009180",0
"ENSRNOG00000007443",4236
"ENSRNOG00000004787",54
"ENSRNOG00000007018",124
"ENSRNOG00000052603",1
"ENSRNOG00000005308",645
"ENSRNOG00000005276",2004
"ENSRNOG00000014071",54
"ENSRNOG00000010945",4561
"ENSRNOG00000021256",9
"ENSRNOG00000005284",1
"ENSRNOG00000006050",150
"ENSRNOG00000068997",0
"ENSRNOG00000012197",0
"ENSRNOG00000010472",125
"ENSRNOG00000021261",0
"ENSRNOG00000006832",1980
"ENSRNOG00000004829",87
"ENSRNOG00000059455",0
"ENSRNOG00000014102",1
"ENSRNOG00000063194",12
"ENSRNOG00000064429",299
"ENSRNOG00000038004",0
"ENSRNOG00000015550",2
"ENSRNOG00000021750",371
"ENSRNOG00000025130",19
"ENSRNOG00000030827",0
"ENSRNOG00000021249",140
"ENSRNOG00000014272",5407
"ENSRNOG00000060791",0
"ENSRNOG00000005715",261
"ENSRNOG00000036900",0
"ENSRNOG00000070953",0
"ENSRNOG00000007782",1
"ENSRNOG00000023195",0
"ENSRNOG00000014317",237
"ENSRNOG00000070171",0
"ENSRNOG00000010428",538
"ENSRNOG00000063262",0
"ENSRNOG00000005780",89
"ENSRNOG00000043043",0
"ENSRNOG00000010101",151
"ENSRNOG00000005184",394
"ENSRNOG00000015187",53
"ENSRNOG00000068011",16
"ENSRNOG00000062726",0
"ENSRNOG00000014338",88
"ENSRNOG00000066948",0
"ENSRNOG00000004601",0
"ENSRNOG00000028668",6
"ENSRNOG00000014204",286
"ENSRNOG00000009399",0
"ENSRNOG00000005840",0
"ENSRNOG00000071010",6
"ENSRNOG00000014493",255
"ENSRNOG00000005900",198
"ENSRNOG00000068950",0
"ENSRNOG00000032605",2411
"ENSRNOG00000004842",46
"ENSRNOG00000047530",0
"ENSRNOG00000008088",122
"ENSRNOG00000017044",1
"ENSRNOG00000069598",4
"ENSRNOG00000019118",0
"ENSRNOG00000055374",0
"ENSRNOG00000005902",65
"ENSRNOG00000000169",43
"ENSRNOG00000028254",62
"ENSRNOG00000069282",0
"ENSRNOG00000009461",2
"ENSRNOG00000056255",0
"ENSRNOG00000007738",1228
"ENSRNOG00000008316",696
"ENSRNOG00000054840",52
"ENSRNOG00000009586",0
"ENSRNOG00000015145",483
"ENSRNOG00000067107",0
"ENSRNOG00000009139",274
"ENSRNOG00000017983",179
"ENSRNOG00000033348",4
"ENSRNOG00000021262",615
"ENSRNOG00000022660",5
"ENSRNOG00000069487",0
"ENSRNOG00000056471",0
"ENSRNOG00000031763",0
"ENSRNOG00000005509",0
"ENSRNOG00000068352",0
"ENSRNOG00000030460",0
"ENSRNOG00000023384",0
"ENSRNOG00000009624",0
"ENSRNOG00000015525",266
"ENSRNOG00000010262",2
"ENSRNOG00000066486",0
"ENSRNOG00000060217",0
"ENSRNOG00000025713",0
"ENSRNOG00000017157",18
"ENSRNOG00000032700",474
"ENSRNOG00000061603",845
"ENSRNOG00000051431",0
"ENSRNOG00000008003",0
"ENSRNOG00000015735",286
"ENSRNOG00000009648",0
"ENSRNOG00000012738",1576
"ENSRNOG00000058755",0
"ENSRNOG00000010551",26
"ENSRNOG00000004700",122
"ENSRNOG00000015744",1
"ENSRNOG00000007242",470
"ENSRNOG00000037178",0
"ENSRNOG00000036782",0
"ENSRNOG00000037146",0
"ENSRNOG00000064442",54
"ENSRNOG00000025498",114
"ENSRNOG00000017883",651
"ENSRNOG00000063022",0
"ENSRNOG00000063950",0
"ENSRNOG00000013380",1
"ENSRNOG00000065847",0
"ENSRNOG00000006418",81
"ENSRNOG00000009640",635
"ENSRNOG00000005958",981
"ENSRNOG00000009670",0
"ENSRNOG00000051490",932
"ENSRNOG00000031598",3
"ENSRNOG00000065317",0
"ENSRNOG00000042374",62
"ENSRNOG00000063946",0
"ENSRNOG00000022178",3
"ENSRNOG00000025278",346
"ENSRNOG00000050190",4
"ENSRNOG00000005196",686
"ENSRNOG00000032635",15334
"ENSRNOG00000062572",0
"ENSRNOG00000014739",38
"ENSRNOG00000042407",0
"ENSRNOG00000009952",0
"ENSRNOG00000027988",331
"ENSRNOG00000000170",894
"ENSRNOG00000068653",0
"ENSRNOG00000052294",2
"ENSRNOG00000005719",436
"ENSRNOG00000070931",0
"ENSRNOG00000014268",646
"ENSRNOG00000008283",1034
"ENSRNOG00000042526",6
"ENSRNOG00000066461",0
"ENSRNOG00000070081",0
"ENSRNOG00000068036",2
"ENSRNOG00000066294",0
"ENSRNOG00000028908",15
"ENSRNOG00000068526",0
"ENSRNOG00000018005",3
"ENSRNOG00000063100",0
"ENSRNOG00000014771",2
"ENSRNOG00000006032",0
"ENSRNOG00000016795",686
"ENSRNOG00000070932",0
"ENSRNOG00000028685",13
"ENSRNOG00000008135",4
"ENSRNOG00000062543",453
"ENSRNOG00000016870",529
"ENSRNOG00000027955",66
"ENSRNOG00000062385",0
"ENSRNOG00000031823",1
"ENSRNOG00000065007",0
"ENSRNOG00000069793",0
"ENSRNOG00000027434",145
"ENSRNOG00000062364",0
"ENSRNOG00000069408",0
"ENSRNOG00000036777",0
"ENSRNOG00000019388",44
"ENSRNOG00000037514",1176
"ENSRNOG00000068989",0
"ENSRNOG00000004677",1213
"ENSRNOG00000031380",0
"ENSRNOG00000026067",0
"ENSRNOG00000010050",393
"ENSRNOG00000008146",1
"ENSRNOG00000004810",1
"ENSRNOG00000045801",0
"ENSRNOG00000065546",2
"ENSRNOG00000019466",347
"ENSRNOG00000004410",0
"ENSRNOG00000010477",485
"ENSRNOG00000045656",0
"ENSRNOG00000014794",0
"ENSRNOG00000004812",9
"ENSRNOG00000014807",0
"ENSRNOG00000011467",184
"ENSRNOG00000013452",3901
"ENSRNOG00000063397",23
"ENSRNOG00000025931",0
"ENSRNOG00000039906",0
"ENSRNOG00000046958",7
"ENSRNOG00000005707",0
"ENSRNOG00000062576",0
"ENSRNOG00000022586",420
"ENSRNOG00000042162",0
"ENSRNOG00000047427",338
"ENSRNOG00000070174",0
"ENSRNOG00000017290",519
"ENSRNOG00000062366",76
"ENSRNOG00000066433",0
"ENSRNOG00000050780",235
"ENSRNOG00000004951",202
"ENSRNOG00000065048",7
"ENSRNOG00000014933",414
"ENSRNOG00000031168",0
"ENSRNOG00000018574",579
"ENSRNOG00000064101",12
"ENSRNOG00000032177",0
"ENSRNOG00000009218",0
"ENSRNOG00000005031",119
"ENSRNOG00000065075",0
"ENSRNOG00000014156",0
"ENSRNOG00000014297",4211
"ENSRNOG00000005924",8065
"ENSRNOG00000031167",19
"ENSRNOG00000006142",0
"ENSRNOG00000070417",0
"ENSRNOG00000059507",0
"ENSRNOG00000024799",17
"ENSRNOG00000065733",0
"ENSRNOG00000027742",2
"ENSRNOG00000024904",0
"ENSRNOG00000019322",537
"ENSRNOG00000015131",272
"ENSRNOG00000014690",3764
"ENSRNOG00000063498",0
"ENSRNOG00000069651",0
"ENSRNOG00000015797",23
"ENSRNOG00000005247",0
"ENSRNOG00000046942",0
"ENSRNOG00000015155",0
"ENSRNOG00000066870",0
"ENSRNOG00000016272",1893
"ENSRNOG00000012157",1812
"ENSRNOG00000031038",77
"ENSRNOG00000015857",14299
"ENSRNOG00000016584",10
"ENSRNOG00000010528",113
"ENSRNOG00000037207",1162
"ENSRNOG00000053240",518
"ENSRNOG00000027432",0
"ENSRNOG00000027911",0
"ENSRNOG00000070414",0
"ENSRNOG00000047466",471
"ENSRNOG00000055534",0
"ENSRNOG00000005158",9
"ENSRNOG00000004532",104
"ENSRNOG00000013681",0
"ENSRNOG00000055829",0
"ENSRNOG00000018649",465
"ENSRNOG00000027867",213
"ENSRNOG00000007542",1
"ENSRNOG00000008895",0
"ENSRNOG00000049280",0
"ENSRNOG00000005258",188
"ENSRNOG00000064719",0
"ENSRNOG00000012638",276
"ENSRNOG00000007681",1194
"ENSRNOG00000005814",135
"ENSRNOG00000012762",341
"ENSRNOG00000008212",721
"ENSRNOG00000028701",48
"ENSRNOG00000013862",0
"ENSRNOG00000007461",279
"ENSRNOG00000011778",59
"ENSRNOG00000064354",0
"ENSRNOG00000030243",0
"ENSRNOG00000024335",232
"ENSRNOG00000004493",13
"ENSRNOG00000008744",1138
"ENSRNOG00000033573",0
"ENSRNOG00000029895",0
"ENSRNOG00000005792",0
"ENSRNOG00000023874",259
"ENSRNOG00000063286",0
"ENSRNOG00000007422",79
"ENSRNOG00000028674",336
"ENSRNOG00000016488",267
"ENSRNOG00000009289",620
"ENSRNOG00000071101",1472
"ENSRNOG00000015396",3534
"ENSRNOG00000024808",45
"ENSRNOG00000014387",512
"ENSRNOG00000018231",1105
"ENSRNOG00000007692",506
"ENSRNOG00000029799",755
"ENSRNOG00000009334",87
"ENSRNOG00000013479",1394
"ENSRNOG00000031760",198
"ENSRNOG00000037124",25
"ENSRNOG00000009421",665
"ENSRNOG00000025580",1394
"ENSRNOG00000018876",406
"ENSRNOG00000018111",22
"ENSRNOG00000005178",0
"ENSRNOG00000037203",0
"ENSRNOG00000004731",0
"ENSRNOG00000009425",126
"ENSRNOG00000006641",0
"ENSRNOG00000010574",683
"ENSRNOG00000006077",760
"ENSRNOG00000017123",10157
"ENSRNOG00000004703",0
"ENSRNOG00000009593",102
"ENSRNOG00000067444",19090
"ENSRNOG00000053122",6
"ENSRNOG00000007221",109
"ENSRNOG00000043037",109
"ENSRNOG00000009446",208
"ENSRNOG00000013529",475
"ENSRNOG00000065707",0
"ENSRNOG00000006037",0
"ENSRNOG00000065372",0
"ENSRNOG00000026775",437
"ENSRNOG00000014152",61
"ENSRNOG00000063085",0
"ENSRNOG00000037302",52
"ENSRNOG00000011353",0
"ENSRNOG00000009549",717
"ENSRNOG00000020086",423
"ENSRNOG00000028196",27
"ENSRNOG00000007906",135
"ENSRNOG00000006916",235
"ENSRNOG00000063276",0
"ENSRNOG00000066633",0
"ENSRNOG00000019039",263
"ENSRNOG00000010791",11
"ENSRNOG00000004898",1
"ENSRNOG00000005059",149
"ENSRNOG00000006639",0
"ENSRNOG00000014710",2
"ENSRNOG00000012262",28
"ENSRNOG00000028112",0
"ENSRNOG00000070974",399
"ENSRNOG00000054314",38
"ENSRNOG00000000172",1101
"ENSRNOG00000026053",3371
"ENSRNOG00000062398",0
"ENSRNOG00000000168",183
"ENSRNOG00000019122",4061
"ENSRNOG00000005334",95
"ENSRNOG00000011690",176
"ENSRNOG00000055449",0
"ENSRNOG00000029342",2
"ENSRNOG00000015599",18
"ENSRNOG00000060005",537
"ENSRNOG00000062684",0
"ENSRNOG00000064484",0
"ENSRNOG00000018747",1690
"ENSRNOG00000051627",268
"ENSRNOG00000066394",0
"ENSRNOG00000015636",64
"ENSRNOG00000064346",0
"ENSRNOG00000043494",0
"ENSRNOG00000016459",316
"ENSRNOG00000067536",0
"ENSRNOG00000067433",0
"ENSRNOG00000068386",0
"ENSRNOG00000070193",15
"ENSRNOG00000016357",980
"ENSRNOG00000017513",122
"ENSRNOG00000031478",0
"ENSRNOG00000065412",0
"ENSRNOG00000005021",191
"ENSRNOG00000070991",0
"ENSRNOG00000008297",443
"ENSRNOG00000050072",18
"ENSRNOG00000017663",137
"ENSRNOG00000062919",0
"ENSRNOG00000071011",0
"ENSRNOG00000066832",230
"ENSRNOG00000019099",156
"ENSRNOG00000021954",470
"ENSRNOG00000019110",1
"ENSRNOG00000007447",33
"ENSRNOG00000010883",300
"ENSRNOG00000018427",1
"ENSRNOG00000008912",1334
"ENSRNOG00000027596",651
"ENSRNOG00000068716",0
"ENSRNOG00000017550",148
"ENSRNOG00000059260",10
"ENSRNOG00000065438",0
"ENSRNOG00000032386",0
"ENSRNOG00000004938",0
"ENSRNOG00000004740",396
"ENSRNOG00000012175",20
"ENSRNOG00000012697",2
"ENSRNOG00000005018",52
"ENSRNOG00000005366",19
"ENSRNOG00000008629",1169
"ENSRNOG00000054560",9
"ENSRNOG00000071044",74
"ENSRNOG00000012761",2
"ENSRNOG00000015854",14
"ENSRNOG00000064432",21
"ENSRNOG00000010981",515
"ENSRNOG00000017061",0
"ENSRNOG00000068044",0
"ENSRNOG00000014011",0
"ENSRNOG00000046655",0
"ENSRNOG00000004614",0
"ENSRNOG00000033429",7
"ENSRNOG00000059243",18
"ENSRNOG00000009342",0
"ENSRNOG00000012906",2
"ENSRNOG00000064158",14
"ENSRNOG00000007981",142
"ENSRNOG00000065620",13
"ENSRNOG00000011652",685
"ENSRNOG00000063763",0
"ENSRNOG00000068416",1
"ENSRNOG00000013209",1
"ENSRNOG00000066103",0
"ENSRNOG00000062482",0
"ENSRNOG00000063885",7
"ENSRNOG00000022514",264
"ENSRNOG00000007127",68
"ENSRNOG00000067722",0
"ENSRNOG00000008484",3
"ENSRNOG00000060571",2094
"ENSRNOG00000013933",313
"ENSRNOG00000007285",43
"ENSRNOG00000009196",1329
"ENSRNOG00000048433",0
"ENSRNOG00000050650",31
"ENSRNOG00000062737",0
"ENSRNOG00000026604",20
"ENSRNOG00000009340",196
"ENSRNOG00000006952",1
"ENSRNOG00000005367",0
"ENSRNOG00000067798",0
"ENSRNOG00000057545",0
"ENSRNOG00000005679",0
"ENSRNOG00000018687",320
"ENSRNOG00000064408",0
"ENSRNOG00000009346",98
"ENSRNOG00000029508",0
"ENSRNOG00000010975",1499
"ENSRNOG00000049034",774
"ENSRNOG00000010219",233
"ENSRNOG00000010993",204
"ENSRNOG00000069270",2
"ENSRNOG00000010897",1181
"ENSRNOG00000039315",2
"ENSRNOG00000012750",1
"ENSRNOG00000023589",689
"ENSRNOG00000050262",1
"ENSRNOG00000043189",219
"ENSRNOG00000009402",916
"ENSRNOG00000006227",190
"ENSRNOG00000007302",8417
"ENSRNOG00000049484",51
"ENSRNOG00000026691",103
"ENSRNOG00000015420",657
"ENSRNOG00000011732",467
"ENSRNOG00000025296",626
"ENSRNOG00000042269",88
"ENSRNOG00000009403",179
"ENSRNOG00000029470",76
"ENSRNOG00000039777",124
"ENSRNOG00000047356",1893
"ENSRNOG00000050035",0
"ENSRNOG00000010150",219
"ENSRNOG00000008616",976
"ENSRNOG00000022603",0
"ENSRNOG00000017019",0
"ENSRNOG00000013491",309
"ENSRNOG00000017172",413
"ENSRNOG00000019203",1
"ENSRNOG00000011379",246
"ENSRNOG00000027502",49
"ENSRNOG00000030022",0
"ENSRNOG00000006839",1092
"ENSRNOG00000071171",0
"ENSRNOG00000013196",79
"ENSRNOG00000062624",9
"ENSRNOG00000017319",31
"ENSRNOG00000006829",0
"ENSRNOG00000057044",48
"ENSRNOG00000014316",867
"ENSRNOG00000008354",355
"ENSRNOG00000027447",1072
"ENSRNOG00000017395",4
"ENSRNOG00000009207",455
"ENSRNOG00000018294",5335
"ENSRNOG00000027193",281
"ENSRNOG00000005007",4
"ENSRNOG00000060821",789
"ENSRNOG00000005335",16
"ENSRNOG00000015445",0
"ENSRNOG00000009862",5
"ENSRNOG00000009594",772
"ENSRNOG00000018591",158
"ENSRNOG00000069269",0
"ENSRNOG00000017805",1
"ENSRNOG00000065543",1175
"ENSRNOG00000014532",105
"ENSRNOG00000050792",155
"ENSRNOG00000018349",125
"ENSRNOG00000009552",4099
"ENSRNOG00000008749",8499
"ENSRNOG00000010217",4209
"ENSRNOG00000056087",2
"ENSRNOG00000010659",183
"ENSRNOG00000010235",1141
"ENSRNOG00000010265",55
"ENSRNOG00000065817",25
"ENSRNOG00000028805",15
"ENSRNOG00000015845",1529
"ENSRNOG00000050932",217
"ENSRNOG00000010526",487
"ENSRNOG00000037134",21
"ENSRNOG00000023386",3399
"ENSRNOG00000011470",367
"ENSRNOG00000017539",1
"ENSRNOG00000026277",110
"ENSRNOG00000017017",174
"ENSRNOG00000005616",376
"ENSRNOG00000016794",158
"ENSRNOG00000068184",4
"ENSRNOG00000022312",70
"ENSRNOG00000054725",421
"ENSRNOG00000006052",3986
"ENSRNOG00000009300",849
"ENSRNOG00000013040",191
"ENSRNOG00000021295",696
"ENSRNOG00000007666",79
"ENSRNOG00000016910",187
"ENSRNOG00000010406",6
"ENSRNOG00000006420",198
"ENSRNOG00000057806",1357
"ENSRNOG00000065655",0
"ENSRNOG00000010152",0
"ENSRNOG00000010164",951
"ENSRNOG00000069016",0
"ENSRNOG00000016678",61
"ENSRNOG00000004680",15
"ENSRNOG00000006435",322
"ENSRNOG00000006894",516
"ENSRNOG00000016220",754
"ENSRNOG00000070709",195
"ENSRNOG00000004624",4503
"ENSRNOG00000019154",640
"ENSRNOG00000034258",5
"ENSRNOG00000022274",126
"ENSRNOG00000025185",1216
"ENSRNOG00000005600",47
"ENSRNOG00000017925",822
"ENSRNOG00000004372",0
"ENSRNOG00000007673",223
"ENSRNOG00000013906",2
"ENSRNOG00000050834",217
"ENSRNOG00000034195",7
"ENSRNOG00000017295",319
"ENSRNOG00000054901",218
"ENSRNOG00000048676",17
"ENSRNOG00000007998",340
"ENSRNOG00000013062",0
"ENSRNOG00000070298",2
"ENSRNOG00000013974",89
"ENSRNOG00000048870",620
"ENSRNOG00000040333",0
"ENSRNOG00000029447",81
"ENSRNOG00000018145",1103
"ENSRNOG00000018205",327
"ENSRNOG00000046984",325
"ENSRNOG00000008469",293
"ENSRNOG00000029993",0
"ENSRNOG00000049056",96
"ENSRNOG00000006611",22
"ENSRNOG00000008455",255
"ENSRNOG00000018457",658
"ENSRNOG00000019147",1472
"ENSRNOG00000055567",94
"ENSRNOG00000055886",1
"ENSRNOG00000024563",153
"ENSRNOG00000066367",0
"ENSRNOG00000022860",1002
"ENSRNOG00000000007",0
"ENSRNOG00000064166",0
"ENSRNOG00000070526",0
"ENSRNOG00000016744",862
"ENSRNOG00000004828",0
"ENSRNOG00000067882",0
"ENSRNOG00000004466",518
"ENSRNOG00000014369",378
"ENSRNOG00000050404",2928
"ENSRNOG00000018486",1
"ENSRNOG00000005070",278
"ENSRNOG00000001517",266
"ENSRNOG00000005369",0
"ENSRNOG00000024809",155
"ENSRNOG00000001519",22
"ENSRNOG00000011884",686
"ENSRNOG00000008609",0
"ENSRNOG00000048867",1
"ENSRNOG00000005743",0
"ENSRNOG00000069208",1
"ENSRNOG00000058329",127
"ENSRNOG00000004479",94
"ENSRNOG00000049619",0
"ENSRNOG00000007625",11
"ENSRNOG00000062930",0
"ENSRNOG00000004864",575
"ENSRNOG00000066218",0
"ENSRNOG00000024786",157
"ENSRNOG00000063301",0
"ENSRNOG00000001515",2799
"ENSRNOG00000005074",118
"ENSRNOG00000013694",33
"ENSRNOG00000005223",0
"ENSRNOG00000047241",0
"ENSRNOG00000010128",0
"ENSRNOG00000057996",0
"ENSRNOG00000018809",566
"ENSRNOG00000068640",2
"ENSRNOG00000033824",66
"ENSRNOG00000014584",492
"ENSRNOG00000052583",1483
"ENSRNOG00000001516",188
"ENSRNOG00000004775",645
"ENSRNOG00000064527",208
"ENSRNOG00000005701",0
"ENSRNOG00000048080",0
"ENSRNOG00000005235",0
"ENSRNOG00000043179",0
"ENSRNOG00000050552",283
"ENSRNOG00000049912",815
"ENSRNOG00000057740",3
"ENSRNOG00000009143",181
"ENSRNOG00000026203",3
"ENSRNOG00000028661",0
"ENSRNOG00000009382",48
"ENSRNOG00000032656",0
"ENSRNOG00000033835",83
"ENSRNOG00000067068",0
"ENSRNOG00000025892",520
"ENSRNOG00000005504",259
"ENSRNOG00000016965",1547
"ENSRNOG00000006732",0
"ENSRNOG00000009239",0
"ENSRNOG00000009781",2545
"ENSRNOG00000007485",524
"ENSRNOG00000009286",0
"ENSRNOG00000069922",0
"ENSRNOG00000005722",0
"ENSRNOG00000005331",823
"ENSRNOG00000048933",172
"ENSRNOG00000018832",0
"ENSRNOG00000061587",59
"ENSRNOG00000028384",300
"ENSRNOG00000070627",12
"ENSRNOG00000015791",145
"ENSRNOG00000064734",24
"ENSRNOG00000033682",0
"ENSRNOG00000018874",20
"ENSRNOG00000028533",0
"ENSRNOG00000008129",140
"ENSRNOG00000010729",675
"ENSRNOG00000007665",1347
"ENSRNOG00000057347",345
"ENSRNOG00000043323",0
"ENSRNOG00000015237",153
"ENSRNOG00000065606",605
"ENSRNOG00000001524",298
"ENSRNOG00000005751",0
"ENSRNOG00000069723",0
"ENSRNOG00000028440",0
"ENSRNOG00000013442",562
"ENSRNOG00000007012",4
"ENSRNOG00000005800",0
"ENSRNOG00000007017",0
"ENSRNOG00000007781",1677
"ENSRNOG00000005083",374
"ENSRNOG00000025832",837
"ENSRNOG00000001520",42
"ENSRNOG00000017443",566
"ENSRNOG00000063099",6
"ENSRNOG00000015970",385
"ENSRNOG00000009620",533
"ENSRNOG00000067313",0
"ENSRNOG00000005871",21
"ENSRNOG00000021225",0
"ENSRNOG00000046350",0
"ENSRNOG00000004772",3
"ENSRNOG00000008081",174
"ENSRNOG00000011401",11
"ENSRNOG00000043311",2
"ENSRNOG00000022162",897
"ENSRNOG00000005033",686
"ENSRNOG00000069241",0
"ENSRNOG00000022922",409
"ENSRNOG00000006079",4
"ENSRNOG00000008194",346
"ENSRNOG00000053384",0
"ENSRNOG00000071205",3
"ENSRNOG00000005341",0
"ENSRNOG00000022681",376
"ENSRNOG00000022141",601
"ENSRNOG00000059891",119
"ENSRNOG00000046949",24
"ENSRNOG00000017583",459
"ENSRNOG00000006314",0
"ENSRNOG00000017647",78
"ENSRNOG00000008258",1140
"ENSRNOG00000008245",740
"ENSRNOG00000008482",1585
"ENSRNOG00000009531",1
"ENSRNOG00000026036",0
"ENSRNOG00000001518",1079
"ENSRNOG00000021220",6
"ENSRNOG00000061199",0
"ENSRNOG00000009406",1078
"ENSRNOG00000019179",174
"ENSRNOG00000005246",0
"ENSRNOG00000064239",1
"ENSRNOG00000009936",876
"ENSRNOG00000070854",0
"ENSRNOG00000015192",182
"ENSRNOG00000050620",0
"ENSRNOG00000021787",211
"ENSRNOG00000063782",0
"ENSRNOG00000066179",0
"ENSRNOG00000007477",0
"ENSRNOG00000055021",0
"ENSRNOG00000023721",14
"ENSRNOG00000058297",0
"ENSRNOG00000056952",0
"ENSRNOG00000025394",2397
"ENSRNOG00000065334",0
"ENSRNOG00000066958",60
"ENSRNOG00000051455",0
"ENSRNOG00000037081",0
"ENSRNOG00000065702",0
"ENSRNOG00000057475",0
"ENSRNOG00000050860",4
"ENSRNOG00000055571",0
"ENSRNOG00000007946",407
"ENSRNOG00000005996",0
"ENSRNOG00000056181",0
"ENSRNOG00000058161",0
"ENSRNOG00000062893",0
"ENSRNOG00000061153",0
"ENSRNOG00000057546",0
"ENSRNOG00000018567",738
"ENSRNOG00000005762",1052
"ENSRNOG00000064287",0
"ENSRNOG00000062495",0
"ENSRNOG00000068900",4
"ENSRNOG00000055576",0
"ENSRNOG00000007415",106
"ENSRNOG00000067446",0
"ENSRNOG00000059024",0
"ENSRNOG00000005116",3111
"ENSRNOG00000053436",1
"ENSRNOG00000052617",0
"ENSRNOG00000064018",0
"ENSRNOG00000065927",3
"ENSRNOG00000018901",785
"ENSRNOG00000060842",11
"ENSRNOG00000056200",3
"ENSRNOG00000008859",590
"ENSRNOG00000005766",596
"ENSRNOG00000021242",454
"ENSRNOG00000054081",14
"ENSRNOG00000065735",352
"ENSRNOG00000062408",0
"ENSRNOG00000064779",0
"ENSRNOG00000023935",2
"ENSRNOG00000057313",23
"ENSRNOG00000064701",436
"ENSRNOG00000057048",0
"ENSRNOG00000035591",1
"ENSRNOG00000040429",0
"ENSRNOG00000062268",4
"ENSRNOG00000009191",0
"ENSRNOG00000006763",1031
"ENSRNOG00000036445",0
"ENSRNOG00000008552",22
"ENSRNOG00000041411",0
"ENSRNOG00000066687",0
"ENSRNOG00000015756",154
"ENSRNOG00000016033",25
"ENSRNOG00000035452",1
"ENSRNOG00000008346",1
"ENSRNOG00000035542",0
"ENSRNOG00000035554",0
"ENSRNOG00000035563",0
"ENSRNOG00000070181",0
"ENSRNOG00000056184",194
"ENSRNOG00000025711",112
"ENSRNOG00000005498",0
"ENSRNOG00000059414",1
"ENSRNOG00000025997",534
"ENSRNOG00000006767",2
"ENSRNOG00000035566",0
"ENSRNOG00000004560",1
"ENSRNOG00000068538",0
"ENSRNOG00000036443",0
"ENSRNOG00000004966",0
"ENSRNOG00000008825",1080
"ENSRNOG00000000012",0
"ENSRNOG00000035570",0
"ENSRNOG00000012987",0
"ENSRNOG00000032778",156
"ENSRNOG00000049532",0
"ENSRNOG00000018899",0
"ENSRNOG00000061850",0
"ENSRNOG00000048524",0
"ENSRNOG00000007359",339
"ENSRNOG00000053607",138
"ENSRNOG00000009588",0
"ENSRNOG00000049688",0
"ENSRNOG00000018286",0
"ENSRNOG00000035619",0
"ENSRNOG00000016097",0
"ENSRNOG00000035630",0
"ENSRNOG00000064324",0
"ENSRNOG00000006830",0
"ENSRNOG00000035496",3
"ENSRNOG00000001510",5
"ENSRNOG00000022033",0
"ENSRNOG00000005990",82
"ENSRNOG00000008091",36
"ENSRNOG00000035593",0
"ENSRNOG00000048914",4
"ENSRNOG00000001596",1810
"ENSRNOG00000009951",286
"ENSRNOG00000006961",1151
"ENSRNOG00000023393",1081
"ENSRNOG00000052954",0
"ENSRNOG00000008165",362
"ENSRNOG00000007528",0
"ENSRNOG00000028187",0
"ENSRNOG00000054086",0
"ENSRNOG00000023477",0
"ENSRNOG00000047374",8303
"ENSRNOG00000025286",245
"ENSRNOG00000008837",12
"ENSRNOG00000018991",1033
"ENSRNOG00000060479",486
"ENSRNOG00000008534",4
"ENSRNOG00000056984",335
"ENSRNOG00000010068",53
"ENSRNOG00000026061",2
"ENSRNOG00000009331",7
"ENSRNOG00000018485",17
"ENSRNOG00000042373",0
"ENSRNOG00000007532",454
"ENSRNOG00000008822",6894
"ENSRNOG00000069925",50
"ENSRNOG00000001580",47
"ENSRNOG00000025889",18
"ENSRNOG00000012166",2
"ENSRNOG00000022015",149
"ENSRNOG00000062644",0
"ENSRNOG00000066055",0
"ENSRNOG00000007710",175
"ENSRNOG00000050946",68
"ENSRNOG00000001559",203
"ENSRNOG00000022938",122
"ENSRNOG00000017824",336
"ENSRNOG00000012419",11
"ENSRNOG00000009528",0
"ENSRNOG00000050204",138
"ENSRNOG00000036898",0
"ENSRNOG00000005668",273
"ENSRNOG00000009735",0
"ENSRNOG00000012798",324
"ENSRNOG00000023154",0
"ENSRNOG00000024693",0
"ENSRNOG00000005307",8
"ENSRNOG00000009245",72
"ENSRNOG00000067863",0
"ENSRNOG00000005132",0
"ENSRNOG00000063156",0
"ENSRNOG00000026111",0
"ENSRNOG00000036897",0
"ENSRNOG00000013973",32
"ENSRNOG00000068771",0
"ENSRNOG00000021560",0
"ENSRNOG00000013837",498
"ENSRNOG00000014050",129
"ENSRNOG00000064796",1
"ENSRNOG00000058983",0
"ENSRNOG00000023352",3
"ENSRNOG00000031951",13
"ENSRNOG00000054405",0
"ENSRNOG00000001587",0
"ENSRNOG00000036870",0
"ENSRNOG00000069591",2
"ENSRNOG00000001581",32
"ENSRNOG00000005281",286
"ENSRNOG00000070431",0
"ENSRNOG00000014230",1566
"ENSRNOG00000007622",207
"ENSRNOG00000046585",151
"ENSRNOG00000067347",0
"ENSRNOG00000006241",640
"ENSRNOG00000011457",0
"ENSRNOG00000019047",887
"ENSRNOG00000057756",528
"ENSRNOG00000019299",168
"ENSRNOG00000021243",13
"ENSRNOG00000055226",1061
"ENSRNOG00000069524",6
"ENSRNOG00000048056",11
"ENSRNOG00000006623",284
"ENSRNOG00000011726",0
"ENSRNOG00000006002",465
"ENSRNOG00000005008",4
"ENSRNOG00000032195",4
"ENSRNOG00000043149",0
"ENSRNOG00000071098",0
"ENSRNOG00000017346",0
"ENSRNOG00000066809",0
"ENSRNOG00000063330",0
"ENSRNOG00000019467",2
"ENSRNOG00000062489",0
"ENSRNOG00000067142",0
"ENSRNOG00000065732",0
"ENSRNOG00000024412",1
"ENSRNOG00000009747",0
"ENSRNOG00000064071",0
"ENSRNOG00000009369",16
"ENSRNOG00000063708",0
"ENSRNOG00000066446",0
"ENSRNOG00000005359",0
"ENSRNOG00000065809",0
"ENSRNOG00000063795",0
"ENSRNOG00000069299",0
"ENSRNOG00000069133",0
"ENSRNOG00000014436",789
"ENSRNOG00000005950",0
"ENSRNOG00000018719",109
"ENSRNOG00000007911",0
"ENSRNOG00000062335",0
"ENSRNOG00000007816",17
"ENSRNOG00000069989",0
"ENSRNOG00000013243",0
"ENSRNOG00000062410",0
"ENSRNOG00000065893",140
"ENSRNOG00000018657",306
"ENSRNOG00000039210",0
"ENSRNOG00000067314",0
"ENSRNOG00000030763",1
"ENSRNOG00000047596",1
"ENSRNOG00000067265",0
"ENSRNOG00000066602",0
"ENSRNOG00000065951",0
"ENSRNOG00000065387",0
"ENSRNOG00000016352",890
"ENSRNOG00000004649",0
"ENSRNOG00000046644",511
"ENSRNOG00000067924",0
"ENSRNOG00000068962",0
"ENSRNOG00000052968",529
"ENSRNOG00000007954",0
"ENSRNOG00000065239",0
"ENSRNOG00000007962",0
"ENSRNOG00000014573",6
"ENSRNOG00000007965",0
"ENSRNOG00000065830",0
"ENSRNOG00000050899",745
"ENSRNOG00000059965",0
"ENSRNOG00000068403",1
"ENSRNOG00000062527",0
"ENSRNOG00000042248",0
"ENSRNOG00000010104",594
"ENSRNOG00000065937",219
"ENSRNOG00000014845",0
"ENSRNOG00000009355",161
"ENSRNOG00000067990",0
"ENSRNOG00000031803",0
"ENSRNOG00000070601",0
"ENSRNOG00000017777",572
"ENSRNOG00000001547",189
"ENSRNOG00000005868",231
"ENSRNOG00000067752",4
"ENSRNOG00000063740",0
"ENSRNOG00000023064",13
"ENSRNOG00000066366",0
"ENSRNOG00000068131",1
"ENSRNOG00000019339",8
"ENSRNOG00000068529",0
"ENSRNOG00000063044",14
"ENSRNOG00000004858",0
"ENSRNOG00000063189",32
"ENSRNOG00000052498",3040
"ENSRNOG00000064033",0
"ENSRNOG00000015018",7542
"ENSRNOG00000046772",0
"ENSRNOG00000014034",381
"ENSRNOG00000036719",60
"ENSRNOG00000007567",1
"ENSRNOG00000063409",0
"ENSRNOG00000027015",1396
"ENSRNOG00000007977",0
"ENSRNOG00000001593",398
"ENSRNOG00000022868",11
"ENSRNOG00000010086",554
"ENSRNOG00000066934",0
"ENSRNOG00000062761",0
"ENSRNOG00000061129",528
"ENSRNOG00000067572",0
"ENSRNOG00000064233",6935
"ENSRNOG00000063025",0
"ENSRNOG00000061690",4
"ENSRNOG00000017405",1505
"ENSRNOG00000069264",0
"ENSRNOG00000013232",89
"ENSRNOG00000005049",1
"ENSRNOG00000006433",0
"ENSRNOG00000056063",2
"ENSRNOG00000027221",0
"ENSRNOG00000012682",5
"ENSRNOG00000064193",0
"ENSRNOG00000005727",0
"ENSRNOG00000066844",0
"ENSRNOG00000063285",0
"ENSRNOG00000051498",929
"ENSRNOG00000064353",0
"ENSRNOG00000028708",0
"ENSRNOG00000071108",306
"ENSRNOG00000069830",15
"ENSRNOG00000017447",664
"ENSRNOG00000001578",28
"ENSRNOG00000067612",0
"ENSRNOG00000053144",0
"ENSRNOG00000070822",0
"ENSRNOG00000011202",0
"ENSRNOG00000001577",21
"ENSRNOG00000031834",12
"ENSRNOG00000063547",0
"ENSRNOG00000016708",62
"ENSRNOG00000018406",792
"ENSRNOG00000067081",0
"ENSRNOG00000028616",0
"ENSRNOG00000063082",0
"ENSRNOG00000070279",0
"ENSRNOG00000026770",0
"ENSRNOG00000067568",0
"ENSRNOG00000068313",0
"ENSRNOG00000016583",3
"ENSRNOG00000064529",0
"ENSRNOG00000053098",0
"ENSRNOG00000036896",0
"ENSRNOG00000062816",0
"ENSRNOG00000007558",0
"ENSRNOG00000062999",0
"ENSRNOG00000024457",1
"ENSRNOG00000054557",338
"ENSRNOG00000036895",0
"ENSRNOG00000011624",7
"ENSRNOG00000064774",0
"ENSRNOG00000019987",377
"ENSRNOG00000063995",0
"ENSRNOG00000019992",1825
"ENSRNOG00000065729",373
"ENSRNOG00000056853",1302
"ENSRNOG00000061768",1
"ENSRNOG00000024595",732
"ENSRNOG00000065798",0
"ENSRNOG00000060010",142
"ENSRNOG00000010326",21
"ENSRNOG00000066950",0
"ENSRNOG00000019848",1509
"ENSRNOG00000063125",0
"ENSRNOG00000059919",118
"ENSRNOG00000012651",290
"ENSRNOG00000063947",0
"ENSRNOG00000043258",0
"ENSRNOG00000016288",280
"ENSRNOG00000053332",2
"ENSRNOG00000070748",0
"ENSRNOG00000011798",1425
"ENSRNOG00000064674",0
"ENSRNOG00000016547",1055
"ENSRNOG00000032597",0
"ENSRNOG00000070703",0
"ENSRNOG00000008235",4
"ENSRNOG00000043150",7
"ENSRNOG00000016768",0
"ENSRNOG00000068000",0
"ENSRNOG00000008604",551
"ENSRNOG00000065767",0
"ENSRNOG00000001572",0
"ENSRNOG00000054245",0
"ENSRNOG00000070780",9
"ENSRNOG00000013339",132
"ENSRNOG00000065667",0
"ENSRNOG00000059153",0
"ENSRNOG00000012603",222
"ENSRNOG00000050277",547
"ENSRNOG00000020225",1391
"ENSRNOG00000013657",2
"ENSRNOG00000062899",0
"ENSRNOG00000065812",0
"ENSRNOG00000001597",636
"ENSRNOG00000064911",0
"ENSRNOG00000064654",0
"ENSRNOG00000053430",0
"ENSRNOG00000014424",0
"ENSRNOG00000064180",0
"ENSRNOG00000062312",0
"ENSRNOG00000008596",3
"ENSRNOG00000068113",0
"ENSRNOG00000019065",2
"ENSRNOG00000015067",365
"ENSRNOG00000063322",0
"ENSRNOG00000027513",525
"ENSRNOG00000063792",0
"ENSRNOG00000001588",225
"ENSRNOG00000063578",0
"ENSRNOG00000024815",4
"ENSRNOG00000038165",1
"ENSRNOG00000067615",0
"ENSRNOG00000062563",0
"ENSRNOG00000034174",0
"ENSRNOG00000001514",45
"ENSRNOG00000065210",0
"ENSRNOG00000069009",0
"ENSRNOG00000015558",1
"ENSRNOG00000004861",535
"ENSRNOG00000065773",0
"ENSRNOG00000013992",131
"ENSRNOG00000069927",0
"ENSRNOG00000015202",1913
"ENSRNOG00000064935",0
"ENSRNOG00000030212",132
"ENSRNOG00000067933",0
"ENSRNOG00000010275",48
"ENSRNOG00000005609",0
"ENSRNOG00000067390",0
"ENSRNOG00000006112",0
"ENSRNOG00000069529",0
"ENSRNOG00000066625",0
"ENSRNOG00000060449",138
"ENSRNOG00000015637",2
"ENSRNOG00000014235",90
"ENSRNOG00000054497",347
"ENSRNOG00000049336",23
"ENSRNOG00000017939",482
"ENSRNOG00000007341",28
"ENSRNOG00000051420",349
"ENSRNOG00000069601",0
"ENSRNOG00000014592",90
"ENSRNOG00000050123",0
"ENSRNOG00000006654",0
"ENSRNOG00000057245",2
"ENSRNOG00000061249",0
"ENSRNOG00000016062",90
"ENSRNOG00000052405",0
"ENSRNOG00000065177",0
"ENSRNOG00000064679",0
"ENSRNOG00000015359",0
"ENSRNOG00000062804",0
"ENSRNOG00000047874",336
"ENSRNOG00000009354",16
"ENSRNOG00000067869",0
"ENSRNOG00000010894",216
"ENSRNOG00000065868",0
"ENSRNOG00000040284",0
"ENSRNOG00000030476",2773
"ENSRNOG00000050697",0
"ENSRNOG00000042556",209
"ENSRNOG00000001548",2272
"ENSRNOG00000070103",0
"ENSRNOG00000046151",1
"ENSRNOG00000063457",0
"ENSRNOG00000022490",686
"ENSRNOG00000024846",167
"ENSRNOG00000016989",304
"ENSRNOG00000007492",7670
"ENSRNOG00000046473",0
"ENSRNOG00000067028",0
"ENSRNOG00000013267",145
"ENSRNOG00000069882",0
"ENSRNOG00000030143",106
"ENSRNOG00000046849",0
"ENSRNOG00000065516",0
"ENSRNOG00000067266",2
"ENSRNOG00000069995",0
"ENSRNOG00000033799",0
"ENSRNOG00000012722",464
"ENSRNOG00000049460",0
"ENSRNOG00000029787",0
"ENSRNOG00000055984",1576
"ENSRNOG00000032102",0
"ENSRNOG00000019340",130
"ENSRNOG00000029627",873
"ENSRNOG00000028690",2159
"ENSRNOG00000062692",0
"ENSRNOG00000013371",0
"ENSRNOG00000048601",0
"ENSRNOG00000027533",14
"ENSRNOG00000027510",0
"ENSRNOG00000053691",10947
"ENSRNOG00000064291",0
"ENSRNOG00000069831",4
"ENSRNOG00000018288",1560
"ENSRNOG00000068577",9
"ENSRNOG00000046568",31
"ENSRNOG00000069411",15
"ENSRNOG00000005109",0
"ENSRNOG00000029793",0
"ENSRNOG00000064950",136
"ENSRNOG00000005951",64
"ENSRNOG00000065751",0
"ENSRNOG00000067302",30
"ENSRNOG00000007605",1082
"ENSRNOG00000023181",30
"ENSRNOG00000065953",0
"ENSRNOG00000017404",428
"ENSRNOG00000028492",0
"ENSRNOG00000023090",0
"ENSRNOG00000028543",2083
"ENSRNOG00000017843",338
"ENSRNOG00000067031",0
"ENSRNOG00000016248",0
"ENSRNOG00000029423",786
"ENSRNOG00000069321",49
"ENSRNOG00000013003",0
"ENSRNOG00000031453",577
"ENSRNOG00000059460",145
"ENSRNOG00000052519",13
"ENSRNOG00000055484",0
"ENSRNOG00000070077",0
"ENSRNOG00000068234",0
"ENSRNOG00000009376",0
"ENSRNOG00000034115",0
"ENSRNOG00000030468",0
"ENSRNOG00000036813",182
"ENSRNOG00000009227",0
"ENSRNOG00000068114",0
"ENSRNOG00000067898",0
"ENSRNOG00000031811",0
"ENSRNOG00000064459",0
"ENSRNOG00000065446",0
"ENSRNOG00000066979",0
"ENSRNOG00000068209",0
"ENSRNOG00000034047",0
"ENSRNOG00000049954",0
"ENSRNOG00000065296",0
"ENSRNOG00000069515",0
"ENSRNOG00000007583",1148
"ENSRNOG00000037837",0
"ENSRNOG00000037834",0
"ENSRNOG00000009693",0
"ENSRNOG00000006395",2
"ENSRNOG00000010052",0
"ENSRNOG00000009526",0
"ENSRNOG00000036934",330
"ENSRNOG00000064583",0
"ENSRNOG00000061609",0
"ENSRNOG00000030662",0
"ENSRNOG00000006236",34
"ENSRNOG00000051828",0
"ENSRNOG00000058567",0
"ENSRNOG00000063901",3
"ENSRNOG00000060260",0
"ENSRNOG00000034031",0
"ENSRNOG00000049901",0
"ENSRNOG00000033994",0
"ENSRNOG00000007827",4
"ENSRNOG00000045634",0
"ENSRNOG00000015794",93
"ENSRNOG00000015393",0
"ENSRNOG00000015696",71
"ENSRNOG00000025238",0
"ENSRNOG00000010417",149
"ENSRNOG00000024437",1051
"ENSRNOG00000024923",101
"ENSRNOG00000063306",0
"ENSRNOG00000012880",251
"ENSRNOG00000010538",399
"ENSRNOG00000012923",449
"ENSRNOG00000020246",10278
"ENSRNOG00000010625",38
"ENSRNOG00000012956",44
"ENSRNOG00000017086",73
"ENSRNOG00000063087",2401
"ENSRNOG00000069424",0
"ENSRNOG00000066059",0
"ENSRNOG00000063436",0
"ENSRNOG00000070108",0
"ENSRNOG00000069317",0
"ENSRNOG00000069667",0
"ENSRNOG00000062823",0
"ENSRNOG00000068434",0
"ENSRNOG00000005898",0
"ENSRNOG00000063311",0
"ENSRNOG00000021949",0
"ENSRNOG00000021920",0
"ENSRNOG00000071089",0
"ENSRNOG00000010179",0
"ENSRNOG00000069875",0
"ENSRNOG00000021658",0
"ENSRNOG00000068369",0
"ENSRNOG00000014429",415
"ENSRNOG00000014798",537
"ENSRNOG00000058658",1800
"ENSRNOG00000028215",419
"ENSRNOG00000059846",0
"ENSRNOG00000065166",0
"ENSRNOG00000067074",0
"ENSRNOG00000053266",0
"ENSRNOG00000065851",0
"ENSRNOG00000062725",0
"ENSRNOG00000058802",0
"ENSRNOG00000067376",3
"ENSRNOG00000062330",0
"ENSRNOG00000056867",0
"ENSRNOG00000009155",284
"ENSRNOG00000066442",0
"ENSRNOG00000068132",0
"ENSRNOG00000067253",0
"ENSRNOG00000066113",0
"ENSRNOG00000062921",0
"ENSRNOG00000068952",0
"ENSRNOG00000060254",0
"ENSRNOG00000009397",263
"ENSRNOG00000056350",5
"ENSRNOG00000061517",0
"ENSRNOG00000069001",0
"ENSRNOG00000054178",0
"ENSRNOG00000067931",6
"ENSRNOG00000053758",0
"ENSRNOG00000057896",0
"ENSRNOG00000053318",0
"ENSRNOG00000009723",449
"ENSRNOG00000060304",0
"ENSRNOG00000069333",2
"ENSRNOG00000063509",0
"ENSRNOG00000057181",0
"ENSRNOG00000064895",0
"ENSRNOG00000052528",0
"ENSRNOG00000053730",0
"ENSRNOG00000057217",0
"ENSRNOG00000058017",0
"ENSRNOG00000061392",0
"ENSRNOG00000008467",2
"ENSRNOG00000065636",0
"ENSRNOG00000058635",2
"ENSRNOG00000060700",0
"ENSRNOG00000055165",0
"ENSRNOG00000064572",0
"ENSRNOG00000070539",0
"ENSRNOG00000065355",0
"ENSRNOG00000057737",1
"ENSRNOG00000061689",0
"ENSRNOG00000053257",0
"ENSRNOG00000051919",0
"ENSRNOG00000063274",0
"ENSRNOG00000056775",0
"ENSRNOG00000059287",0
"ENSRNOG00000056709",0
"ENSRNOG00000062752",0
"ENSRNOG00000054556",0
"ENSRNOG00000058974",0
"ENSRNOG00000069316",0
"ENSRNOG00000064743",8371
"ENSRNOG00000069960",5
"ENSRNOG00000062337",102392
"ENSRNOG00000064311",0
"ENSRNOG00000070537",0
"ENSRNOG00000015285",203
"ENSRNOG00000064600",2
"ENSRNOG00000053739",0
"ENSRNOG00000071124",0
"ENSRNOG00000051556",0
"ENSRNOG00000055988",0
"ENSRNOG00000052329",0
"ENSRNOG00000070840",0
"ENSRNOG00000051794",0
"ENSRNOG00000065344",0
"ENSRNOG00000061411",0
"ENSRNOG00000070340",0
"ENSRNOG00000070766",0
"ENSRNOG00000054047",0
"ENSRNOG00000056813",0
"ENSRNOG00000063896",0
"ENSRNOG00000054708",0
"ENSRNOG00000064326",0
"ENSRNOG00000060698",0
"ENSRNOG00000053336",0
"ENSRNOG00000059523",0
"ENSRNOG00000065124",0
"ENSRNOG00000053475",0
"ENSRNOG00000052086",0
"ENSRNOG00000062753",0
"ENSRNOG00000066102",0
"ENSRNOG00000059174",0
"ENSRNOG00000069379",0
"ENSRNOG00000065949",0
"ENSRNOG00000058281",0
"ENSRNOG00000066419",0
"ENSRNOG00000056973",12
"ENSRNOG00000065896",0
"ENSRNOG00000058689",0
"ENSRNOG00000053480",0
"ENSRNOG00000058037",0
"ENSRNOG00000053815",0
"ENSRNOG00000053851",0
"ENSRNOG00000056125",0
"ENSRNOG00000065708",0
"ENSRNOG00000068166",0
"ENSRNOG00000071177",0
"ENSRNOG00000057105",0
"ENSRNOG00000059003",0
"ENSRNOG00000006669",0
"ENSRNOG00000051675",0
"ENSRNOG00000065635",0
"ENSRNOG00000054461",0
"ENSRNOG00000052295",1
"ENSRNOG00000067981",3
"ENSRNOG00000006706",0
"ENSRNOG00000067405",0
"ENSRNOG00000070841",1
"ENSRNOG00000069917",4
"ENSRNOG00000006716",0
"ENSRNOG00000051785",0
"ENSRNOG00000060319",0
"ENSRNOG00000047981",0
"ENSRNOG00000069972",0
"ENSRNOG00000043148",0
"ENSRNOG00000016067",1175
"ENSRNOG00000016325",1
"ENSRNOG00000062667",0
"ENSRNOG00000005413",2429
"ENSRNOG00000007732",372
"ENSRNOG00000008674",59
"ENSRNOG00000068495",0
"ENSRNOG00000065980",0
"ENSRNOG00000068843",0
"ENSRNOG00000000047",278
"ENSRNOG00000008000",0
"ENSRNOG00000017422",408
"ENSRNOG00000017737",333
"ENSRNOG00000010495",619
"ENSRNOG00000034025",407
"ENSRNOG00000007241",949
"ENSRNOG00000007989",0
"ENSRNOG00000069579",2
"ENSRNOG00000029798",0
"ENSRNOG00000000008",0
"ENSRNOG00000008944",3135
"ENSRNOG00000070512",0
"ENSRNOG00000066316",0
"ENSRNOG00000009689",1165
"ENSRNOG00000017556",0
"ENSRNOG00000017560",0
"ENSRNOG00000037567",80
"ENSRNOG00000004623",1
"ENSRNOG00000006353",3
"ENSRNOG00000006539",147
"ENSRNOG00000006884",0
"ENSRNOG00000058478",233
"ENSRNOG00000010379",1904
"ENSRNOG00000007478",651
"ENSRNOG00000011208",21
"ENSRNOG00000011414",1460
"ENSRNOG00000031275",85
"ENSRNOG00000011981",1138
"ENSRNOG00000004639",173
"ENSRNOG00000021678",360
"ENSRNOG00000005191",840
"ENSRNOG00000009630",941
"ENSRNOG00000004666",11
"ENSRNOG00000036864",3
"ENSRNOG00000009199",140
"ENSRNOG00000068949",11
"ENSRNOG00000049208",2
"ENSRNOG00000042533",2
"ENSRNOG00000069924",0
"ENSRNOG00000070459",274
"ENSRNOG00000016037",0
"ENSRNOG00000048701",1587
"ENSRNOG00000016610",6156
"ENSRNOG00000050529",33
"ENSRNOG00000064257",1
"ENSRNOG00000025067",34
"ENSRNOG00000016984",1452
"ENSRNOG00000004451",0
"ENSRNOG00000068305",506
"ENSRNOG00000005348",9
"ENSRNOG00000053869",0
"ENSRNOG00000010312",0
"ENSRNOG00000064332",0
"ENSRNOG00000007484",0
"ENSRNOG00000067719",15
"ENSRNOG00000067055",1
"ENSRNOG00000063773",0
"ENSRNOG00000069165",0
"ENSRNOG00000062319",1
"ENSRNOG00000010963",0
"ENSRNOG00000069090",0
"ENSRNOG00000066343",0
"ENSRNOG00000067023",1
"ENSRNOG00000065376",4
"ENSRNOG00000069349",1
"ENSRNOG00000058055",0
"ENSRNOG00000066007",0
"ENSRNOG00000068825",128
"ENSRNOG00000069700",3
"ENSRNOG00000063761",16
"ENSRNOG00000006063",588
"ENSRNOG00000067544",0
"ENSRNOG00000067396",0
"ENSRNOG00000070205",0
"ENSRNOG00000067522",0
"ENSRNOG00000070744",0
"ENSRNOG00000065622",0
"ENSRNOG00000066142",0
"ENSRNOG00000065744",8
"ENSRNOG00000064637",0
"ENSRNOG00000063318",0
"ENSRNOG00000066238",0
"ENSRNOG00000067765",0
"ENSRNOG00000067455",0
"ENSRNOG00000062687",2
"ENSRNOG00000052005",0
"ENSRNOG00000067731",0
"ENSRNOG00000064969",10
"ENSRNOG00000070210",10
"ENSRNOG00000068169",0
"ENSRNOG00000067380",0
"ENSRNOG00000067089",225
"ENSRNOG00000070157",1
"ENSRNOG00000064136",5608
"ENSRNOG00000009401",1
"ENSRNOG00000064341",13
"ENSRNOG00000026636",0
"ENSRNOG00000062648",23
"ENSRNOG00000069159",6
"ENSRNOG00000008510",143
"ENSRNOG00000066737",5
"ENSRNOG00000068911",0
"ENSRNOG00000069378",1
"ENSRNOG00000069611",6
"ENSRNOG00000069146",0
"ENSRNOG00000065046",17
"ENSRNOG00000068078",8
"ENSRNOG00000068246",0
"ENSRNOG00000011358",1642
"ENSRNOG00000065681",0
"ENSRNOG00000063367",0
"ENSRNOG00000070813",0
"ENSRNOG00000061836",0
"ENSRNOG00000068032",0
"ENSRNOG00000063540",12
"ENSRNOG00000067112",1
"ENSRNOG00000066122",0
"ENSRNOG00000070761",0
"ENSRNOG00000067412",0
"ENSRNOG00000064915",183
"ENSRNOG00000063568",1
"ENSRNOG00000067896",0
"ENSRNOG00000070221",0
"ENSRNOG00000070795",0
"ENSRNOG00000062964",0
"ENSRNOG00000065897",193
"ENSRNOG00000052827",7
"ENSRNOG00000064762",65
"ENSRNOG00000065163",226
"ENSRNOG00000063354",1
"ENSRNOG00000068686",23
"ENSRNOG00000069326",0
"ENSRNOG00000068224",28
"ENSRNOG00000054061",0
"ENSRNOG00000070815",0
"ENSRNOG00000064472",0
"ENSRNOG00000070490",76
"ENSRNOG00000062511",0
"ENSRNOG00000068942",1
"ENSRNOG00000063325",11
"ENSRNOG00000062704",0
"ENSRNOG00000066285",0
"ENSRNOG00000070057",0
"ENSRNOG00000066525",0
"ENSRNOG00000067868",0
"ENSRNOG00000062925",0
"ENSRNOG00000063654",0
"ENSRNOG00000069787",123
"ENSRNOG00000068062",0
"ENSRNOG00000070411",9
"ENSRNOG00000064076",3
"ENSRNOG00000067710",1
"ENSRNOG00000053452",1
"ENSRNOG00000070254",0
"ENSRNOG00000063086",0
"ENSRNOG00000065083",0
"ENSRNOG00000068479",1
"ENSRNOG00000070295",0
"ENSRNOG00000064363",0
"ENSRNOG00000064963",0
"ENSRNOG00000070955",0
"ENSRNOG00000063662",0
"ENSRNOG00000070379",0
"ENSRNOG00000069367",1
"ENSRNOG00000064955",270
"ENSRNOG00000062419",2
"ENSRNOG00000065584",0
"ENSRNOG00000062501",0
"ENSRNOG00000063222",0
"ENSRNOG00000064512",3
"ENSRNOG00000063566",0
"ENSRNOG00000067277",0
"ENSRNOG00000068851",0
"ENSRNOG00000069642",3
"ENSRNOG00000066196",1
"ENSRNOG00000068429",0
"ENSRNOG00000069049",5
"ENSRNOG00000066025",3
"ENSRNOG00000069437",21
"ENSRNOG00000070640",0
"ENSRNOG00000070962",0
"ENSRNOG00000067626",0
"ENSRNOG00000070503",56
"ENSRNOG00000067060",0
"ENSRNOG00000050251",0
"ENSRNOG00000037160",36
"ENSRNOG00000069505",0
"ENSRNOG00000064610",5
"ENSRNOG00000065609",0
"ENSRNOG00000058578",0
"ENSRNOG00000064265",0
"ENSRNOG00000067465",6
"ENSRNOG00000070243",3
"ENSRNOG00000064821",13
"ENSRNOG00000062653",91
"ENSRNOG00000063658",0
"ENSRNOG00000066318",10
"ENSRNOG00000065212",0
"ENSRNOG00000068360",7
"ENSRNOG00000069833",2
"ENSRNOG00000070304",1
"ENSRNOG00000069580",1
"ENSRNOG00000070087",2
"ENSRNOG00000065411",661
"ENSRNOG00000067542",476
"ENSRNOG00000067833",1
"ENSRNOG00000070310",0
"ENSRNOG00000067192",83
"ENSRNOG00000069506",0
"ENSRNOG00000069954",0
"ENSRNOG00000070276",0
"ENSRNOG00000070155",0
"ENSRNOG00000071014",1
"ENSRNOG00000064629",0
"ENSRNOG00000064961",4480
"ENSRNOG00000064726",0
"ENSRNOG00000070322",0
"ENSRNOG00000068358",1
"ENSRNOG00000066754",22
"ENSRNOG00000063293",2
"ENSRNOG00000008845",1
"ENSRNOG00000056754",0
"ENSRNOG00000052433",0
"ENSRNOG00000069926",0
"ENSRNOG00000063989",1
"ENSRNOG00000067270",0
"ENSRNOG00000065838",5
"ENSRNOG00000064539",146
"ENSRNOG00000067187",100
"ENSRNOG00000063496",777
"ENSRNOG00000065916",1
"ENSRNOG00000066884",7
"ENSRNOG00000063689",2
"ENSRNOG00000065658",29
"ENSRNOG00000064296",0
"ENSRNOG00000063485",1
"ENSRNOG00000068542",1
"ENSRNOG00000063969",23
"ENSRNOG00000065889",0
"ENSRNOG00000067579",8
"ENSRNOG00000060921",0
"ENSRNOG00000062592",2
"ENSRNOG00000068361",0
"ENSRNOG00000060690",0
"ENSRNOG00000007189",10
"ENSRNOG00000010162",2
"ENSRNOG00000010169",215
"ENSRNOG00000043513",0
"ENSRNOG00000069046",0
"ENSRNOG00000062580",0
"ENSRNOG00000055704",0
"ENSRNOG00000059478",0
"ENSRNOG00000061098",0
"ENSRNOG00000063504",0
"ENSRNOG00000059967",0
"ENSRNOG00000061554",0
"ENSRNOG00000066362",0
"ENSRNOG00000070286",0
"ENSRNOG00000053078",0
"ENSRNOG00000030938",1
"ENSRNOG00000065607",1
"ENSRNOG00000061536",0
"ENSRNOG00000053163",2
"ENSRNOG00000061662",0
"ENSRNOG00000065760",10
"ENSRNOG00000061673",0
"ENSRNOG00000053219",0
"ENSRNOG00000058210",0
"ENSRNOG00000056999",0
"ENSRNOG00000058179",1
"ENSRNOG00000051842",0
"ENSRNOG00000054998",4
"ENSRNOG00000056882",0
"ENSRNOG00000053809",0
"ENSRNOG00000067577",0
"ENSRNOG00000060664",0
"ENSRNOG00000051511",0
"ENSRNOG00000057428",1
"ENSRNOG00000067580",5
"ENSRNOG00000067776",0
"ENSRNOG00000061368",0
"ENSRNOG00000013255",362
"ENSRNOG00000060425",0
"ENSRNOG00000055493",0
"ENSRNOG00000028841",0
"ENSRNOG00000070317",0
"ENSRNOG00000055928",0
"ENSRNOG00000066976",2
"ENSRNOG00000065002",0
"ENSRNOG00000067914",1
"ENSRNOG00000009983",547
"ENSRNOG00000040424",0
"ENSRNOG00000063875",0
"ENSRNOG00000051524",1
"ENSRNOG00000049006",0
"ENSRNOG00000064797",0
"ENSRNOG00000041219",0
"ENSRNOG00000009138",0
"ENSRNOG00000070223",0
"ENSRNOG00000035508",0
"ENSRNOG00000064967",0
"ENSRNOG00000045994",0
"ENSRNOG00000060316",0
"ENSRNOG00000055618",0
"ENSRNOG00000035512",1
"ENSRNOG00000056677",0
"ENSRNOG00000010241",28
"ENSRNOG00000035640",0
"ENSRNOG00000054684",0
"ENSRNOG00000036266",0
"ENSRNOG00000064979",0
"ENSRNOG00000052476",0
"ENSRNOG00000035596",0
"ENSRNOG00000058642",0
"ENSRNOG00000044314",0
"ENSRNOG00000013085",0
"ENSRNOG00000054528",0
"ENSRNOG00000041320",0
"ENSRNOG00000059917",1
"ENSRNOG00000048754",0
"ENSRNOG00000069225",0
"ENSRNOG00000006926",0
"ENSRNOG00000055018",0
"ENSRNOG00000035595",0
"ENSRNOG00000052786",0
"ENSRNOG00000046923",0
"ENSRNOG00000068752",0
"ENSRNOG00000068070",0
"ENSRNOG00000035650",0
"ENSRNOG00000056403",0
"ENSRNOG00000059914",0
"ENSRNOG00000035623",0
"ENSRNOG00000067103",0
"ENSRNOG00000054422",0
"ENSRNOG00000041305",0
"ENSRNOG00000066353",0
"ENSRNOG00000035567",0
"ENSRNOG00000061149",0
"ENSRNOG00000046115",0
"ENSRNOG00000061771",0
"ENSRNOG00000051720",386
"ENSRNOG00000053189",0
"ENSRNOG00000035606",10
"ENSRNOG00000008025",5
"ENSRNOG00000057640",0
"ENSRNOG00000035599",1
"ENSRNOG00000067716",0
"ENSRNOG00000060236",0
"ENSRNOG00000007675",39
"ENSRNOG00000063328",0
"ENSRNOG00000068470",0
"ENSRNOG00000007229",0
"ENSRNOG00000052195",0
"ENSRNOG00000064286",0
"ENSRNOG00000054051",0
"ENSRNOG00000053278",2
"ENSRNOG00000060871",0
"ENSRNOG00000012879",77
"ENSRNOG00000051940",0
"ENSRNOG00000060522",0
"ENSRNOG00000067562",0
"ENSRNOG00000054365",0
"ENSRNOG00000025145",16
"ENSRNOG00000049425",0
"ENSRNOG00000064116",0
"ENSRNOG00000052446",0
"ENSRNOG00000063781",98
"ENSRNOG00000060467",0
"ENSRNOG00000061397",0
"ENSRNOG00000068199",0
"ENSRNOG00000070443",0
"ENSRNOG00000064250",0
"ENSRNOG00000012266",171
"ENSRNOG00000006328",363
"ENSRNOG00000070552",1
"ENSRNOG00000025051",0
"ENSRNOG00000061361",4
"ENSRNOG00000067578",0
"ENSRNOG00000070652",0
"ENSRNOG00000071090",0
"ENSRNOG00000008161",1
"ENSRNOG00000060295",0
"ENSRNOG00000057993",0
"ENSRNOG00000056153",151
"ENSRNOG00000063748",0
"ENSRNOG00000054324",0
"ENSRNOG00000010531",0
"ENSRNOG00000059280",0
"ENSRNOG00000063402",0
"ENSRNOG00000068750",0
"ENSRNOG00000055378",0
"ENSRNOG00000059686",0
"ENSRNOG00000016183",104
"ENSRNOG00000065603",98
"ENSRNOG00000055936",252
"ENSRNOG00000064382",0
"ENSRNOG00000059798",0
"ENSRNOG00000066864",7
"ENSRNOG00000070292",0
"ENSRNOG00000008382",197
"ENSRNOG00000068236",1
"ENSRNOG00000062709",32
"ENSRNOG00000065785",0
"ENSRNOG00000063873",0
"ENSRNOG00000069586",0
"ENSRNOG00000065329",0
"ENSRNOG00000057838",0
"ENSRNOG00000067608",0
"ENSRNOG00000070149",0
"ENSRNOG00000063551",7
"ENSRNOG00000068006",0
"ENSRNOG00000056039",0
"ENSRNOG00000010381",328
"ENSRNOG00000068519",1
"ENSRNOG00000054425",0
"ENSRNOG00000007683",0
"ENSRNOG00000025040",0
"ENSRNOG00000060535",0
"ENSRNOG00000066962",0
"ENSRNOG00000066924",0
"ENSRNOG00000060848",0
"ENSRNOG00000065088",6
"ENSRNOG00000008516",1576
"ENSRNOG00000006110",36
"ENSRNOG00000053973",0
"ENSRNOG00000069758",14
"ENSRNOG00000011804",727
"ENSRNOG00000061024",3
"ENSRNOG00000066522",0
"ENSRNOG00000062403",0
"ENSRNOG00000055005",0
"ENSRNOG00000006681",45
"ENSRNOG00000070528",0
"ENSRNOG00000066444",16
"ENSRNOG00000064139",0
"ENSRNOG00000033165",0
"ENSRNOG00000059832",2
"ENSRNOG00000063319",33
"ENSRNOG00000007719",320
"ENSRNOG00000066993",0
"ENSRNOG00000007770",0
"ENSRNOG00000047310",0
"ENSRNOG00000068991",156
"ENSRNOG00000068451",0
"ENSRNOG00000066278",0
"ENSRNOG00000065788",0
"ENSRNOG00000063510",7
"ENSRNOG00000028991",0
"ENSRNOG00000063594",30
"ENSRNOG00000007759",10
"ENSRNOG00000068735",0
"ENSRNOG00000068879",0
"ENSRNOG00000018143",17
"ENSRNOG00000063580",0
"ENSRNOG00000066487",0
"ENSRNOG00000056532",143
"ENSRNOG00000028185",47
"ENSRNOG00000066671",4
"ENSRNOG00000068591",0
"ENSRNOG00000008600",1
"ENSRNOG00000069281",1
"ENSRNOG00000063479",0
"ENSRNOG00000066255",0
"ENSRNOG00000066634",0
"ENSRNOG00000067801",0
"ENSRNOG00000064000",0
"ENSRNOG00000007354",0
"ENSRNOG00000069384",1185
"ENSRNOG00000062975",0
"ENSRNOG00000009505",0
"ENSRNOG00000068880",0
"ENSRNOG00000067935",0
"ENSRNOG00000008688",124
"ENSRNOG00000068456",0
"ENSRNOG00000066045",0
"ENSRNOG00000065403",0
"ENSRNOG00000066878",0
"ENSRNOG00000069665",8
"ENSRNOG00000010910",233
"ENSRNOG00000069166",0
"ENSRNOG00000070508",0
"ENSRNOG00000062393",0
"ENSRNOG00000065940",0
"ENSRNOG00000063543",0
"ENSRNOG00000055591",0
"ENSRNOG00000008782",356
"ENSRNOG00000064374",0
"ENSRNOG00000069409",0
"ENSRNOG00000065324",0
"ENSRNOG00000008936",154
"ENSRNOG00000069541",2
"ENSRNOG00000032078",0
"ENSRNOG00000063242",0
"ENSRNOG00000063258",0
"ENSRNOG00000066220",63
"ENSRNOG00000046607",1
"ENSRNOG00000007258",0
"ENSRNOG00000066184",32
"ENSRNOG00000047686",2
"ENSRNOG00000063439",26
"ENSRNOG00000000121",210
"ENSRNOG00000034246",4481
"ENSRNOG00000032889",0
"ENSRNOG00000007441",0
"ENSRNOG00000054734",0
"ENSRNOG00000067062",0
"ENSRNOG00000029310",4
"ENSRNOG00000071125",1
"ENSRNOG00000067032",0
"ENSRNOG00000066117",3843
"ENSRNOG00000063856",1
"ENSRNOG00000017773",0
"ENSRNOG00000066395",0
"ENSRNOG00000008564",308
"ENSRNOG00000031506",1785
"ENSRNOG00000065404",0
"ENSRNOG00000007680",1
"ENSRNOG00000037680",0
"ENSRNOG00000070659",0
"ENSRNOG00000070457",1652
"ENSRNOG00000069843",3
"ENSRNOG00000049874",0
"ENSRNOG00000068341",1
"ENSRNOG00000008626",749
"ENSRNOG00000063257",0
"ENSRNOG00000049922",0
"ENSRNOG00000071094",1
"ENSRNOG00000067091",0
"ENSRNOG00000063071",0
"ENSRNOG00000060478",465
"ENSRNOG00000071192",0
"ENSRNOG00000046922",1246
"ENSRNOG00000008842",0
"ENSRNOG00000068391",721
"ENSRNOG00000071031",0
"ENSRNOG00000007831",307
"ENSRNOG00000062662",0
"ENSRNOG00000042458",200
"ENSRNOG00000071088",2
"ENSRNOG00000012038",0
"ENSRNOG00000063943",0
"ENSRNOG00000064932",0
"ENSRNOG00000043113",0
"ENSRNOG00000064700",1
"ENSRNOG00000064894",0
"ENSRNOG00000070717",0
"ENSRNOG00000012219",330
"ENSRNOG00000045949",5
"ENSRNOG00000062536",1
"ENSRNOG00000065776",31
"ENSRNOG00000017244",0
"ENSRNOG00000005641",127
"ENSRNOG00000071131",2245
"ENSRNOG00000065587",92
"ENSRNOG00000071148",6054
"ENSRNOG00000069669",0
"ENSRNOG00000068731",0
"ENSRNOG00000010835",0
"ENSRNOG00000051047",12
"ENSRNOG00000070278",1
"ENSRNOG00000021792",0
"ENSRNOG00000063719",0
"ENSRNOG00000033916",1582
"ENSRNOG00000007506",154
"ENSRNOG00000064157",0
"ENSRNOG00000012586",0
"ENSRNOG00000027694",5280
"ENSRNOG00000065568",3
"ENSRNOG00000042411",92
"ENSRNOG00000069740",6
"ENSRNOG00000006487",151
"ENSRNOG00000036856",0
"ENSRNOG00000042163",326
"ENSRNOG00000064108",2
"ENSRNOG00000007238",2597
"ENSRNOG00000019979",92
"ENSRNOG00000063187",273
"ENSRNOG00000062174",0
"ENSRNOG00000065116",1
"ENSRNOG00000007291",37
"ENSRNOG00000018463",1
"ENSRNOG00000063833",0
"ENSRNOG00000068683",0
"ENSRNOG00000063501",0
"ENSRNOG00000007030",14
"ENSRNOG00000070287",0
"ENSRNOG00000018484",128
"ENSRNOG00000065369",1
"ENSRNOG00000063569",0
"ENSRNOG00000070716",0
"ENSRNOG00000068829",0
"ENSRNOG00000067678",0
"ENSRNOG00000012020",29
"ENSRNOG00000069266",6
"ENSRNOG00000007540",0
"ENSRNOG00000062968",481
"ENSRNOG00000007331",74
"ENSRNOG00000062715",2
"ENSRNOG00000065287",17
"ENSRNOG00000046192",6
"ENSRNOG00000048439",423
"ENSRNOG00000069724",0
"ENSRNOG00000009451",174
"ENSRNOG00000064153",0
"ENSRNOG00000064042",4
"ENSRNOG00000007434",2356
"ENSRNOG00000066906",11
"ENSRNOG00000063477",36
"ENSRNOG00000007590",471
"ENSRNOG00000063488",0
"ENSRNOG00000066697",0
"ENSRNOG00000064176",132
"ENSRNOG00000068084",9
"ENSRNOG00000012550",1550
"ENSRNOG00000069958",0
"ENSRNOG00000058154",0
"ENSRNOG00000070888",0
"ENSRNOG00000064753",0
"ENSRNOG00000070541",0
"ENSRNOG00000070598",0
"ENSRNOG00000067358",23
"ENSRNOG00000032585",1416
"ENSRNOG00000011254",578
"ENSRNOG00000008841",51
"ENSRNOG00000065972",2
"ENSRNOG00000005724",702
"ENSRNOG00000064544",0
"ENSRNOG00000064551",0
"ENSRNOG00000007975",623
"ENSRNOG00000067611",0
"ENSRNOG00000062955",0
"ENSRNOG00000067704",1
"ENSRNOG00000052948",12
"ENSRNOG00000067333",0
"ENSRNOG00000013642",1533
"ENSRNOG00000064319",0
"ENSRNOG00000070584",5
"ENSRNOG00000011445",144
"ENSRNOG00000067238",0
"ENSRNOG00000068530",0
"ENSRNOG00000065945",1
"ENSRNOG00000059973",0
"ENSRNOG00000066780",0
"ENSRNOG00000065288",368
"ENSRNOG00000069893",131
"ENSRNOG00000066276",0
"ENSRNOG00000040289",0
"ENSRNOG00000007755",3
"ENSRNOG00000013148",22
"ENSRNOG00000062404",290
"ENSRNOG00000068376",0
"ENSRNOG00000007797",98
"ENSRNOG00000069984",3
"ENSRNOG00000068659",0
"ENSRNOG00000064858",0
"ENSRNOG00000023101",188
"ENSRNOG00000071116",0
"ENSRNOG00000068170",0
"ENSRNOG00000070502",0
"ENSRNOG00000071155",1
"ENSRNOG00000067292",0
"ENSRNOG00000008634",323
"ENSRNOG00000065105",0
"ENSRNOG00000070783",11
"ENSRNOG00000067855",7
"ENSRNOG00000063712",0
"ENSRNOG00000067636",0
"ENSRNOG00000047513",547
"ENSRNOG00000064562",29
"ENSRNOG00000062079",14
"ENSRNOG00000071173",0
"ENSRNOG00000060450",0
"ENSRNOG00000008966",12
"ENSRNOG00000064724",0
"ENSRNOG00000068740",0
"ENSRNOG00000067820",0
"ENSRNOG00000065982",2
"ENSRNOG00000059476",0
"ENSRNOG00000067531",1
"ENSRNOG00000027183",264
"ENSRNOG00000064331",12
"ENSRNOG00000006996",92
"ENSRNOG00000066491",38
"ENSRNOG00000043105",324
"ENSRNOG00000063463",0
"ENSRNOG00000007829",213
"ENSRNOG00000065799",56
"ENSRNOG00000068430",0
"ENSRNOG00000057956",0
"ENSRNOG00000057229",0
"ENSRNOG00000051643",0
"ENSRNOG00000007110",11
"ENSRNOG00000007892",3229
"ENSRNOG00000010037",641
"ENSRNOG00000007793",279
"ENSRNOG00000009478",132
"ENSRNOG00000023601",0
"ENSRNOG00000009037",8657
"ENSRNOG00000067966",37
"ENSRNOG00000007867",199
"ENSRNOG00000006608",160
"ENSRNOG00000031730",117
"ENSRNOG00000006478",1
"ENSRNOG00000007240",95
"ENSRNOG00000009269",0
"ENSRNOG00000007640",0
"ENSRNOG00000040219",0
"ENSRNOG00000066186",329
"ENSRNOG00000069967",436
"ENSRNOG00000008567",0
"ENSRNOG00000069142",0
"ENSRNOG00000033979",2496
"ENSRNOG00000005634",0
"ENSRNOG00000069549",481
"ENSRNOG00000071120",0
"ENSRNOG00000069171",0
"ENSRNOG00000009178",0
"ENSRNOG00000063836",0
"ENSRNOG00000023035",48
"ENSRNOG00000064371",0
"ENSRNOG00000049469",0
"ENSRNOG00000069296",0
"ENSRNOG00000067156",0
"ENSRNOG00000063545",0
"ENSRNOG00000006170",33
"ENSRNOG00000031494",0
"ENSRNOG00000048698",1375
"ENSRNOG00000070664",33
"ENSRNOG00000039336",511
"ENSRNOG00000070326",32
"ENSRNOG00000031031",316
"ENSRNOG00000070923",15
"ENSRNOG00000068697",0
"ENSRNOG00000014831",0
"ENSRNOG00000019186",62
"ENSRNOG00000009061",0
"ENSRNOG00000013579",4967
"ENSRNOG00000051615",844
"ENSRNOG00000023497",0
"ENSRNOG00000063372",0
"ENSRNOG00000007490",4
"ENSRNOG00000067730",0
"ENSRNOG00000018160",2
"ENSRNOG00000005666",0
"ENSRNOG00000065946",44
"ENSRNOG00000054142",0
"ENSRNOG00000029600",1
"ENSRNOG00000008232",0
"ENSRNOG00000034161",4
"ENSRNOG00000018211",182
"ENSRNOG00000063835",2
"ENSRNOG00000042246",0
"ENSRNOG00000016621",1
"ENSRNOG00000017640",601
"ENSRNOG00000009453",13
"ENSRNOG00000062493",0
"ENSRNOG00000014899",3
"ENSRNOG00000022990",0
"ENSRNOG00000016727",4406
"ENSRNOG00000047928",381
"ENSRNOG00000030383",16
"ENSRNOG00000031344",0
"ENSRNOG00000030914",2
"ENSRNOG00000005849",1113
"ENSRNOG00000022595",0
"ENSRNOG00000033024",8297
"ENSRNOG00000063583",0
"ENSRNOG00000017194",1334
"ENSRNOG00000006268",0
"ENSRNOG00000063201",0
"ENSRNOG00000014665",718
"ENSRNOG00000068703",0
"ENSRNOG00000006384",166
"ENSRNOG00000069770",0
"ENSRNOG00000019484",505
"ENSRNOG00000064351",0
"ENSRNOG00000050804",0
"ENSRNOG00000016491",0
"ENSRNOG00000063625",0
"ENSRNOG00000063142",11
"ENSRNOG00000066857",0
"ENSRNOG00000033600",0
"ENSRNOG00000065583",0
"ENSRNOG00000019586",0
"ENSRNOG00000008223",0
"ENSRNOG00000066328",6
"ENSRNOG00000050106",70
"ENSRNOG00000024197",86
"ENSRNOG00000017233",143
"ENSRNOG00000064831",92
"ENSRNOG00000070321",0
"ENSRNOG00000019609",448
"ENSRNOG00000065328",0
"ENSRNOG00000026293",551
"ENSRNOG00000055933",0
"ENSRNOG00000006485",364
"ENSRNOG00000032516",132
"ENSRNOG00000059550",239
"ENSRNOG00000056007",0
"ENSRNOG00000069822",397
"ENSRNOG00000030107",5123
"ENSRNOG00000022953",14
"ENSRNOG00000063150",23
"ENSRNOG00000024539",1233
"ENSRNOG00000064901",81
"ENSRNOG00000026234",0
"ENSRNOG00000022838",36
"ENSRNOG00000059461",770
"ENSRNOG00000019655",408
"ENSRNOG00000008252",3
"ENSRNOG00000016776",4
"ENSRNOG00000017282",35
"ENSRNOG00000008277",405
"ENSRNOG00000009805",968
"ENSRNOG00000008672",227
"ENSRNOG00000018229",1
"ENSRNOG00000067271",0
"ENSRNOG00000026676",0
"ENSRNOG00000017561",75
"ENSRNOG00000031013",0
"ENSRNOG00000010727",1575
"ENSRNOG00000022030",15
"ENSRNOG00000045913",964
"ENSRNOG00000016937",1100
"ENSRNOG00000017887",53
"ENSRNOG00000017078",5846
"ENSRNOG00000025034",310
"ENSRNOG00000067890",19
"ENSRNOG00000052368",1
"ENSRNOG00000057957",28
"ENSRNOG00000046803",10
"ENSRNOG00000019381",623
"ENSRNOG00000009015",1091
"ENSRNOG00000069459",2
"ENSRNOG00000015403",0
"ENSRNOG00000064482",0
"ENSRNOG00000019407",81
"ENSRNOG00000009595",72
"ENSRNOG00000016312",0
"ENSRNOG00000029079",123
"ENSRNOG00000023320",2
"ENSRNOG00000017523",256
"ENSRNOG00000062581",0
"ENSRNOG00000033984",126
"ENSRNOG00000019842",46
"ENSRNOG00000007982",657
"ENSRNOG00000063399",0
"ENSRNOG00000023452",2
"ENSRNOG00000030641",0
"ENSRNOG00000056156",335
"ENSRNOG00000019735",52
"ENSRNOG00000052087",1847
"ENSRNOG00000069856",1720
"ENSRNOG00000018602",29
"ENSRNOG00000037027",0
"ENSRNOG00000019100",104
"ENSRNOG00000016810",302
"ENSRNOG00000068711",1
"ENSRNOG00000007029",908
"ENSRNOG00000009422",93
"ENSRNOG00000014961",1056
"ENSRNOG00000007775",1207
"ENSRNOG00000024796",329
"ENSRNOG00000032994",0
"ENSRNOG00000037030",0
"ENSRNOG00000018749",0
"ENSRNOG00000024012",52
"ENSRNOG00000007671",292
"ENSRNOG00000033000",0
"ENSRNOG00000019236",250
"ENSRNOG00000014270",963
"ENSRNOG00000015736",36
"ENSRNOG00000039559",131
"ENSRNOG00000056358",5
"ENSRNOG00000019843",172
"ENSRNOG00000066331",18
"ENSRNOG00000055061",1
"ENSRNOG00000026124",2604
"ENSRNOG00000023208",132
"ENSRNOG00000025030",141
"ENSRNOG00000060597",233
"ENSRNOG00000062943",60
"ENSRNOG00000012004",303
"ENSRNOG00000026260",3972
"ENSRNOG00000014642",18
"ENSRNOG00000027278",130
"ENSRNOG00000019956",534
"ENSRNOG00000014970",1
"ENSRNOG00000016543",120
"ENSRNOG00000063317",0
"ENSRNOG00000012735",16
"ENSRNOG00000017087",322
"ENSRNOG00000034290",0
"ENSRNOG00000005655",19
"ENSRNOG00000007232",0
"ENSRNOG00000070725",2036
"ENSRNOG00000015476",4
"ENSRNOG00000000129",136
"ENSRNOG00000025000",614
"ENSRNOG00000007603",0
"ENSRNOG00000015967",1002
"ENSRNOG00000005703",717
"ENSRNOG00000037191",0
"ENSRNOG00000013734",0
"ENSRNOG00000043300",1
"ENSRNOG00000008288",517
"ENSRNOG00000009260",0
"ENSRNOG00000023455",909
"ENSRNOG00000023627",0
"ENSRNOG00000009325",1068
"ENSRNOG00000008314",203
"ENSRNOG00000017130",0
"ENSRNOG00000013820",0
"ENSRNOG00000029427",19
"ENSRNOG00000066284",0
"ENSRNOG00000022402",872
"ENSRNOG00000008643",54
"ENSRNOG00000006924",0
"ENSRNOG00000016536",69
"ENSRNOG00000021718",302
"ENSRNOG00000050636",249
"ENSRNOG00000007037",3
"ENSRNOG00000007992",1027
"ENSRNOG00000010270",0
"ENSRNOG00000027731",0
"ENSRNOG00000008908",193
"ENSRNOG00000016647",0
"ENSRNOG00000045760",451
"ENSRNOG00000016798",0
"ENSRNOG00000022372",742
"ENSRNOG00000000145",198
"ENSRNOG00000010409",563
"ENSRNOG00000070268",136
"ENSRNOG00000013825",20
"ENSRNOG00000013320",0
"ENSRNOG00000009248",0
"ENSRNOG00000006499",382
"ENSRNOG00000009686",0
"ENSRNOG00000012807",0
"ENSRNOG00000009797",1
"ENSRNOG00000014226",0
"ENSRNOG00000016826",0
"ENSRNOG00000011910",195
"ENSRNOG00000013416",0
"ENSRNOG00000042596",1
"ENSRNOG00000016838",0
"ENSRNOG00000000151",127
"ENSRNOG00000005391",86
"ENSRNOG00000022257",0
"ENSRNOG00000006582",67
"ENSRNOG00000016945",0
"ENSRNOG00000049714",104
"ENSRNOG00000047741",19
"ENSRNOG00000064027",70
"ENSRNOG00000058476",814
"ENSRNOG00000009535",445
"ENSRNOG00000013536",6150
"ENSRNOG00000052668",0
"ENSRNOG00000022288",37
"ENSRNOG00000014604",1251
"ENSRNOG00000015079",2911
"ENSRNOG00000006804",0
"ENSRNOG00000011258",44
"ENSRNOG00000017309",875
"ENSRNOG00000047307",0
"ENSRNOG00000017528",4
"ENSRNOG00000005375",4
"ENSRNOG00000042032",0
"ENSRNOG00000016782",0
"ENSRNOG00000015385",519
"ENSRNOG00000037165",50
"ENSRNOG00000000130",1166
"ENSRNOG00000022012",4
"ENSRNOG00000012455",596
"ENSRNOG00000022601",0
"ENSRNOG00000007294",0
"ENSRNOG00000013954",12
"ENSRNOG00000031448",3
"ENSRNOG00000014208",149
"ENSRNOG00000053729",412
"ENSRNOG00000012944",131
"ENSRNOG00000007097",18
"ENSRNOG00000015677",5
"ENSRNOG00000006980",289
"ENSRNOG00000007083",192
"ENSRNOG00000033153",14
"ENSRNOG00000013628",10
"ENSRNOG00000014445",1850
"ENSRNOG00000014986",1476
"ENSRNOG00000058156",290
"ENSRNOG00000021669",73
"ENSRNOG00000007763",2221
"ENSRNOG00000014909",0
"ENSRNOG00000054217",0
"ENSRNOG00000017024",4
"ENSRNOG00000037091",0
"ENSRNOG00000012531",2
"ENSRNOG00000021702",33
"ENSRNOG00000021619",0
"ENSRNOG00000013498",153
"ENSRNOG00000016010",153
"ENSRNOG00000049052",219
"ENSRNOG00000066137",4
"ENSRNOG00000067661",90
"ENSRNOG00000013566",1
"ENSRNOG00000007568",379
"ENSRNOG00000015264",0
"ENSRNOG00000011794",81
"ENSRNOG00000018118",201
"ENSRNOG00000013036",1
"ENSRNOG00000037039",0
"ENSRNOG00000017899",0
"ENSRNOG00000018338",33
"ENSRNOG00000070170",610
"ENSRNOG00000011078",2802
"ENSRNOG00000012804",0
"ENSRNOG00000067651",0
"ENSRNOG00000017979",171
"ENSRNOG00000012593",1
"ENSRNOG00000029152",395
"ENSRNOG00000024139",122
"ENSRNOG00000010902",1207
"ENSRNOG00000037595",102
"ENSRNOG00000006950",0
"ENSRNOG00000017075",94
"ENSRNOG00000018097",811
"ENSRNOG00000023216",83
"ENSRNOG00000022054",94
"ENSRNOG00000014044",150
"ENSRNOG00000018109",9719
"ENSRNOG00000017279",945
"ENSRNOG00000055340",2088
"ENSRNOG00000016454",228
"ENSRNOG00000016249",238
"ENSRNOG00000018183",3120
"ENSRNOG00000016638",2459
"ENSRNOG00000054155",0
"ENSRNOG00000015480",123
"ENSRNOG00000018194",2185
"ENSRNOG00000010953",351
"ENSRNOG00000033792",32
"ENSRNOG00000008489",75
"ENSRNOG00000033722",38
"ENSRNOG00000068760",0
"ENSRNOG00000062859",0
"ENSRNOG00000007330",2046
"ENSRNOG00000056374",108
"ENSRNOG00000046174",0
"ENSRNOG00000069581",126
"ENSRNOG00000059428",9
"ENSRNOG00000008625",5
"ENSRNOG00000019864",2
"ENSRNOG00000018576",48
"ENSRNOG00000012274",356
"ENSRNOG00000017829",589
"ENSRNOG00000065157",0
"ENSRNOG00000018375",142
"ENSRNOG00000036951",0
"ENSRNOG00000017212",460
"ENSRNOG00000033231",0
"ENSRNOG00000009615",910
"ENSRNOG00000014241",968
"ENSRNOG00000023786",787
"ENSRNOG00000008075",63
"ENSRNOG00000057616",2
"ENSRNOG00000009589",12
"ENSRNOG00000022225",0
"ENSRNOG00000016443",1308
"ENSRNOG00000037079",0
"ENSRNOG00000036876",48
"ENSRNOG00000042224",1
"ENSRNOG00000037977",0
"ENSRNOG00000019758",397
"ENSRNOG00000007779",15
"ENSRNOG00000046424",566
"ENSRNOG00000010719",762
"ENSRNOG00000016313",170
"ENSRNOG00000008907",22
"ENSRNOG00000012724",285
"ENSRNOG00000008553",569
"ENSRNOG00000016936",1185
"ENSRNOG00000014368",1461
"ENSRNOG00000023895",0
"ENSRNOG00000022039",62
"ENSRNOG00000017706",55
"ENSRNOG00000010109",601
"ENSRNOG00000026226",0
"ENSRNOG00000008619",126
"ENSRNOG00000007284",726
"ENSRNOG00000045738",62
"ENSRNOG00000017895",189
"ENSRNOG00000067146",0
"ENSRNOG00000006137",1409
"ENSRNOG00000007398",47
"ENSRNOG00000054188",0
"ENSRNOG00000016047",4610
"ENSRNOG00000000156",57
"ENSRNOG00000067831",1
"ENSRNOG00000049761",1
"ENSRNOG00000000335",0
"ENSRNOG00000009058",0
"ENSRNOG00000009116",40
"ENSRNOG00000007404",231
"ENSRNOG00000013745",0
"ENSRNOG00000008141",0
"ENSRNOG00000006658",1
"ENSRNOG00000008176",4
"ENSRNOG00000027455",66
"ENSRNOG00000009183",886
"ENSRNOG00000009782",33
"ENSRNOG00000063940",0
"ENSRNOG00000016949",99
"ENSRNOG00000017780",426
"ENSRNOG00000047967",10
"ENSRNOG00000043039",0
"ENSRNOG00000013474",240
"ENSRNOG00000009222",339
"ENSRNOG00000048139",0
"ENSRNOG00000050670",0
"ENSRNOG00000013166",5
"ENSRNOG00000069853",0
"ENSRNOG00000016392",89
"ENSRNOG00000007067",0
"ENSRNOG00000023346",27
"ENSRNOG00000065422",0
"ENSRNOG00000029449",400
"ENSRNOG00000007574",0
"ENSRNOG00000009708",11
"ENSRNOG00000070363",11
"ENSRNOG00000057626",2253
"ENSRNOG00000006855",0
"ENSRNOG00000063088",37
"ENSRNOG00000008767",85
"ENSRNOG00000070082",1
"ENSRNOG00000062461",48
"ENSRNOG00000023008",1
"ENSRNOG00000016553",0
"ENSRNOG00000049402",441
"ENSRNOG00000008802",473
"ENSRNOG00000063649",33
"ENSRNOG00000052887",2
"ENSRNOG00000010436",122
"ENSRNOG00000070045",5
"ENSRNOG00000017037",41
"ENSRNOG00000009712",124
"ENSRNOG00000050849",424
"ENSRNOG00000016398",2199
"ENSRNOG00000010067",339
"ENSRNOG00000026840",55
"ENSRNOG00000006357",103
"ENSRNOG00000009575",253
"ENSRNOG00000068633",0
"ENSRNOG00000016575",21
"ENSRNOG00000021437",17753
"ENSRNOG00000020199",47
"ENSRNOG00000016846",259
"ENSRNOG00000065066",0
"ENSRNOG00000015850",0
"ENSRNOG00000020205",1119
"ENSRNOG00000022406",0
"ENSRNOG00000010580",300
"ENSRNOG00000023664",39
"ENSRNOG00000064661",0
"ENSRNOG00000069527",0
"ENSRNOG00000005801",357
"ENSRNOG00000042808",0
"ENSRNOG00000017213",363
"ENSRNOG00000049025",62
"ENSRNOG00000012315",3
"ENSRNOG00000049788",0
"ENSRNOG00000069037",0
"ENSRNOG00000010873",358
"ENSRNOG00000068215",0
"ENSRNOG00000045614",0
"ENSRNOG00000012503",347
"ENSRNOG00000068816",178
"ENSRNOG00000014305",246
"ENSRNOG00000017564",134
"ENSRNOG00000006972",113
"ENSRNOG00000013783",421
"ENSRNOG00000022967",186
"ENSRNOG00000015962",209
"ENSRNOG00000012749",0
"ENSRNOG00000009046",129
"ENSRNOG00000033522",826
"ENSRNOG00000017477",55
"ENSRNOG00000008953",0
"ENSRNOG00000016200",270
"ENSRNOG00000033503",1
"ENSRNOG00000021355",0
"ENSRNOG00000010332",224
"ENSRNOG00000065253",535
"ENSRNOG00000009889",402
"ENSRNOG00000021814",10
"ENSRNOG00000010718",53
"ENSRNOG00000013602",661
"ENSRNOG00000028082",1
"ENSRNOG00000024707",2
"ENSRNOG00000007575",2
"ENSRNOG00000016725",494
"ENSRNOG00000068401",0
"ENSRNOG00000017693",0
"ENSRNOG00000014805",118
"ENSRNOG00000033271",104
"ENSRNOG00000006327",1014
"ENSRNOG00000062605",34
"ENSRNOG00000069151",0
"ENSRNOG00000051912",0
"ENSRNOG00000017401",43
"ENSRNOG00000010532",322
"ENSRNOG00000005905",107
"ENSRNOG00000051164",0
"ENSRNOG00000011970",5
"ENSRNOG00000046227",1145
"ENSRNOG00000053942",0
"ENSRNOG00000053013",0
"ENSRNOG00000010593",33
"ENSRNOG00000037035",0
"ENSRNOG00000006543",0
"ENSRNOG00000008345",260
"ENSRNOG00000049959",0
"ENSRNOG00000026594",1
"ENSRNOG00000018126",478
"ENSRNOG00000066917",0
"ENSRNOG00000036942",6
"ENSRNOG00000007967",697
"ENSRNOG00000018691",867
"ENSRNOG00000026299",300
"ENSRNOG00000069865",85
"ENSRNOG00000014197",39
"ENSRNOG00000056688",0
"ENSRNOG00000037795",10
"ENSRNOG00000023152",184
"ENSRNOG00000058186",451
"ENSRNOG00000005721",0
"ENSRNOG00000007214",55
"ENSRNOG00000010893",0
"ENSRNOG00000008052",128
"ENSRNOG00000070860",0
"ENSRNOG00000026271",448
"ENSRNOG00000019244",2834
"ENSRNOG00000023100",0
"ENSRNOG00000050137",0
"ENSRNOG00000052071",0
"ENSRNOG00000067134",0
"ENSRNOG00000070793",0
"ENSRNOG00000019423",160
"ENSRNOG00000008257",0
"ENSRNOG00000026782",1
"ENSRNOG00000064729",0
"ENSRNOG00000032048",296
"ENSRNOG00000013603",153
"ENSRNOG00000006999",41
"ENSRNOG00000012163",458
"ENSRNOG00000067901",4
"ENSRNOG00000018289",415
"ENSRNOG00000006644",387
"ENSRNOG00000022325",180
"ENSRNOG00000018413",271
"ENSRNOG00000008427",447
"ENSRNOG00000065119",0
"ENSRNOG00000030055",1209
"ENSRNOG00000007175",682
"ENSRNOG00000026613",0
"ENSRNOG00000019981",992
"ENSRNOG00000070661",0
"ENSRNOG00000024526",2
"ENSRNOG00000042820",0
"ENSRNOG00000003334",223
"ENSRNOG00000020106",5
"ENSRNOG00000033556",2085
"ENSRNOG00000011504",2838
"ENSRNOG00000007968",594
"ENSRNOG00000005802",1434
"ENSRNOG00000008911",0
"ENSRNOG00000060381",1482
"ENSRNOG00000022307",130
"ENSRNOG00000016618",0
"ENSRNOG00000067307",0
"ENSRNOG00000031641",163
"ENSRNOG00000006280",0
"ENSRNOG00000009134",253
"ENSRNOG00000062447",0
"ENSRNOG00000022890",0
"ENSRNOG00000023946",127
"ENSRNOG00000018393",0
"ENSRNOG00000011774",5807
"ENSRNOG00000019749",427
"ENSRNOG00000023812",41
"ENSRNOG00000007080",1
"ENSRNOG00000009217",339
"ENSRNOG00000065869",0
"ENSRNOG00000043331",0
"ENSRNOG00000027142",0
"ENSRNOG00000009298",32
"ENSRNOG00000069301",0
"ENSRNOG00000018647",309
"ENSRNOG00000014322",355
"ENSRNOG00000006087",371
"ENSRNOG00000058645",2570
"ENSRNOG00000009409",0
"ENSRNOG00000011157",4582
"ENSRNOG00000019589",2
"ENSRNOG00000022455",195
"ENSRNOG00000047341",0
"ENSRNOG00000065525",1
"ENSRNOG00000069832",0
"ENSRNOG00000066746",2775
"ENSRNOG00000059160",15
"ENSRNOG00000071075",0
"ENSRNOG00000065765",20
"ENSRNOG00000070308",0
"ENSRNOG00000043103",0
"ENSRNOG00000033740",236
"ENSRNOG00000068796",0
"ENSRNOG00000068147",0
"ENSRNOG00000010522",9
"ENSRNOG00000007799",1
"ENSRNOG00000008930",21
"ENSRNOG00000059876",42
"ENSRNOG00000062659",73
"ENSRNOG00000008334",7
"ENSRNOG00000033177",136
"ENSRNOG00000063954",1
"ENSRNOG00000007837",0
"ENSRNOG00000022694",146
"ENSRNOG00000028129",326
"ENSRNOG00000006503",0
"ENSRNOG00000065736",0
"ENSRNOG00000005932",672
"ENSRNOG00000007706",304
"ENSRNOG00000033567",2
"ENSRNOG00000010620",391
"ENSRNOG00000028063",380
"ENSRNOG00000061876",415
"ENSRNOG00000019712",293
"ENSRNOG00000007697",0
"ENSRNOG00000005882",171
"ENSRNOG00000011425",104
"ENSRNOG00000007410",0
"ENSRNOG00000016385",0
"ENSRNOG00000028064",0
"ENSRNOG00000007639",0
"ENSRNOG00000017485",2
"ENSRNOG00000022354",92
"ENSRNOG00000063741",4
"ENSRNOG00000050089",0
"ENSRNOG00000056550",1
"ENSRNOG00000027328",0
"ENSRNOG00000010490",0
"ENSRNOG00000066546",0
"ENSRNOG00000030447",128
"ENSRNOG00000018867",17
"ENSRNOG00000034242",5411
"ENSRNOG00000013850",0
"ENSRNOG00000027000",0
"ENSRNOG00000057945",47
"ENSRNOG00000007327",140
"ENSRNOG00000016137",2090
"ENSRNOG00000025261",24
"ENSRNOG00000061237",0
"ENSRNOG00000017940",2384
"ENSRNOG00000010636",56
"ENSRNOG00000065823",0
"ENSRNOG00000014263",0
"ENSRNOG00000009930",138
"ENSRNOG00000010859",335
"ENSRNOG00000018739",0
"ENSRNOG00000013656",12
"ENSRNOG00000009398",145
"ENSRNOG00000012081",2184
"ENSRNOG00000065031",1
"ENSRNOG00000021704",3
"ENSRNOG00000020132",6
"ENSRNOG00000009778",1991
"ENSRNOG00000016334",1150
"ENSRNOG00000015668",16
"ENSRNOG00000007890",191
"ENSRNOG00000036869",16
"ENSRNOG00000009897",4
"ENSRNOG00000020244",7
"ENSRNOG00000022751",0
"ENSRNOG00000042467",163
"ENSRNOG00000005788",147
"ENSRNOG00000015340",231
"ENSRNOG00000070391",12
"ENSRNOG00000020295",37
"ENSRNOG00000060520",0
"ENSRNOG00000025453",0
"ENSRNOG00000058870",1
"ENSRNOG00000020302",44
"ENSRNOG00000021392",366
"ENSRNOG00000016299",515
"ENSRNOG00000008116",387
"ENSRNOG00000026447",1
"ENSRNOG00000020342",117
"ENSRNOG00000008001",719
"ENSRNOG00000023213",0
"ENSRNOG00000055089",787
"ENSRNOG00000014777",243
"ENSRNOG00000005711",1919
"ENSRNOG00000008298",1511
"ENSRNOG00000008237",15
"ENSRNOG00000011268",1
"ENSRNOG00000064866",1
"ENSRNOG00000016692",135
"ENSRNOG00000016641",0
"ENSRNOG00000029073",0
"ENSRNOG00000013631",108
"ENSRNOG00000009751",1901
"ENSRNOG00000015105",1
"ENSRNOG00000064638",62
"ENSRNOG00000000138",12
"ENSRNOG00000033110",3186
"ENSRNOG00000015206",194
"ENSRNOG00000052062",675
"ENSRNOG00000011550",9
"ENSRNOG00000017132",211
"ENSRNOG00000055994",377
"ENSRNOG00000010512",591
"ENSRNOG00000024506",4
"ENSRNOG00000017324",1
"ENSRNOG00000008956",132
"ENSRNOG00000050790",488
"ENSRNOG00000070688",294
"ENSRNOG00000015652",0
"ENSRNOG00000012443",577
"ENSRNOG00000010518",4
"ENSRNOG00000066545",0
"ENSRNOG00000045733",0
"ENSRNOG00000015664",76
"ENSRNOG00000023112",4
"ENSRNOG00000009323",365
"ENSRNOG00000011644",7
"ENSRNOG00000011967",97
"ENSRNOG00000045843",1200
"ENSRNOG00000025076",1567
"ENSRNOG00000071172",2
"ENSRNOG00000065204",9
"ENSRNOG00000022709",82
"ENSRNOG00000005850",0
"ENSRNOG00000017686",71
"ENSRNOG00000033445",7
"ENSRNOG00000014365",405
"ENSRNOG00000053611",0
"ENSRNOG00000007920",387
"ENSRNOG00000055086",2
"ENSRNOG00000069810",0
"ENSRNOG00000063841",0
"ENSRNOG00000057518",0
"ENSRNOG00000062415",146
"ENSRNOG00000070327",0
"ENSRNOG00000061044",0
"ENSRNOG00000064241",0
"ENSRNOG00000067423",0
"ENSRNOG00000066014",0
"ENSRNOG00000061464",0
"ENSRNOG00000067108",0
"ENSRNOG00000054072",0
"ENSRNOG00000069331",0
"ENSRNOG00000067518",0
"ENSRNOG00000059874",0
"ENSRNOG00000052679",0
"ENSRNOG00000015644",230
"ENSRNOG00000067166",0
"ENSRNOG00000009078",700
"ENSRNOG00000054117",0
"ENSRNOG00000012068",1
"ENSRNOG00000059502",0
"ENSRNOG00000058032",0
"ENSRNOG00000024729",0
"ENSRNOG00000063466",0
"ENSRNOG00000056819",4
"ENSRNOG00000009148",9
"ENSRNOG00000061589",0
"ENSRNOG00000064587",0
"ENSRNOG00000059991",0
"ENSRNOG00000067185",0
"ENSRNOG00000058595",0
"ENSRNOG00000053132",0
"ENSRNOG00000056078",0
"ENSRNOG00000052030",0
"ENSRNOG00000067208",0
"ENSRNOG00000013110",180
"ENSRNOG00000069731",0
"ENSRNOG00000060290",4
"ENSRNOG00000011413",995
"ENSRNOG00000055057",0
"ENSRNOG00000024501",496
"ENSRNOG00000056467",0
"ENSRNOG00000060997",0
"ENSRNOG00000015991",497
"ENSRNOG00000052060",0
"ENSRNOG00000053492",0
"ENSRNOG00000066112",0
"ENSRNOG00000060510",0
"ENSRNOG00000062891",0
"ENSRNOG00000064501",0
"ENSRNOG00000012794",19
"ENSRNOG00000070680",0
"ENSRNOG00000052471",0
"ENSRNOG00000008638",0
"ENSRNOG00000069073",0
"ENSRNOG00000063197",861
"ENSRNOG00000052472",0
"ENSRNOG00000064056",0
"ENSRNOG00000032539",12
"ENSRNOG00000070918",0
"ENSRNOG00000059090",0
"ENSRNOG00000053733",0
"ENSRNOG00000054036",0
"ENSRNOG00000012726",204
"ENSRNOG00000056744",0
"ENSRNOG00000061141",0
"ENSRNOG00000070708",0
"ENSRNOG00000015866",126
"ENSRNOG00000033527",389
"ENSRNOG00000053139",0
"ENSRNOG00000047573",14
"ENSRNOG00000057202",0
"ENSRNOG00000062897",4
"ENSRNOG00000051370",0
"ENSRNOG00000052410",0
"ENSRNOG00000007894",456
"ENSRNOG00000070146",0
"ENSRNOG00000008712",95
"ENSRNOG00000064403",0
"ENSRNOG00000070211",0
"ENSRNOG00000052950",0
"ENSRNOG00000058607",0
"ENSRNOG00000042047",0
"ENSRNOG00000052605",0
"ENSRNOG00000065792",0
"ENSRNOG00000057589",836
"ENSRNOG00000067547",0
"ENSRNOG00000054162",0
"ENSRNOG00000014869",14
"ENSRNOG00000053071",6
"ENSRNOG00000063480",0
"ENSRNOG00000070465",0
"ENSRNOG00000068351",4
"ENSRNOG00000051625",0
"ENSRNOG00000063827",0
"ENSRNOG00000060805",0
"ENSRNOG00000062669",0
"ENSRNOG00000059204",0
"ENSRNOG00000070597",1
"ENSRNOG00000057829",1
"ENSRNOG00000066956",3
"ENSRNOG00000068171",0
"ENSRNOG00000070803",1
"ENSRNOG00000008512",152
"ENSRNOG00000053308",0
"ENSRNOG00000052221",0
"ENSRNOG00000060105",1
"ENSRNOG00000057632",0
"ENSRNOG00000058533",0
"ENSRNOG00000060810",0
"ENSRNOG00000014863",1565
"ENSRNOG00000065716",0
"ENSRNOG00000042950",0
"ENSRNOG00000060748",0
"ENSRNOG00000054380",0
"ENSRNOG00000056974",0
"ENSRNOG00000010303",412
"ENSRNOG00000053500",0
"ENSRNOG00000070166",0
"ENSRNOG00000058657",0
"ENSRNOG00000059557",0
"ENSRNOG00000059716",0
"ENSRNOG00000059446",101
"ENSRNOG00000013078",429
"ENSRNOG00000016780",136
"ENSRNOG00000054402",0
"ENSRNOG00000061712",0
"ENSRNOG00000058768",0
"ENSRNOG00000008090",125
"ENSRNOG00000066695",0
"ENSRNOG00000065108",0
"ENSRNOG00000013598",56
"ENSRNOG00000057527",0
"ENSRNOG00000051987",0
"ENSRNOG00000059526",0
"ENSRNOG00000069228",1
"ENSRNOG00000070073",248
"ENSRNOG00000051981",0
"ENSRNOG00000012546",9
"ENSRNOG00000069180",0
"ENSRNOG00000060400",0
"ENSRNOG00000058797",0
"ENSRNOG00000022988",2
"ENSRNOG00000062459",0
"ENSRNOG00000011655",268
"ENSRNOG00000070881",0
"ENSRNOG00000060957",0
"ENSRNOG00000054161",0
"ENSRNOG00000068857",0
"ENSRNOG00000006787",359
"ENSRNOG00000014766",618
"ENSRNOG00000029141",1323
"ENSRNOG00000062890",341
"ENSRNOG00000015068",529
"ENSRNOG00000066054",2
"ENSRNOG00000039530",3
"ENSRNOG00000069187",205
"ENSRNOG00000029318",2
"ENSRNOG00000065656",834
"ENSRNOG00000013064",75
"ENSRNOG00000021546",0
"ENSRNOG00000009266",1614
"ENSRNOG00000024663",409
"ENSRNOG00000043151",79
"ENSRNOG00000014838",294
"ENSRNOG00000010497",0
"ENSRNOG00000012778",425
"ENSRNOG00000014975",15
"ENSRNOG00000009221",0
"ENSRNOG00000015072",25
"ENSRNOG00000007060",289
"ENSRNOG00000005561",0
"ENSRNOG00000010412",0
"ENSRNOG00000014475",2359
"ENSRNOG00000008523",617
"ENSRNOG00000011320",0
"ENSRNOG00000062502",0
"ENSRNOG00000066212",0
"ENSRNOG00000009795",1340
"ENSRNOG00000014635",2027
"ENSRNOG00000006889",0
"ENSRNOG00000010091",1089
"ENSRNOG00000008099",56
"ENSRNOG00000064882",11
"ENSRNOG00000007886",0
"ENSRNOG00000057760",156
"ENSRNOG00000006761",4
"ENSRNOG00000039278",822
"ENSRNOG00000068045",42
"ENSRNOG00000010825",390
"ENSRNOG00000011503",89
"ENSRNOG00000008005",255
"ENSRNOG00000010885",0
"ENSRNOG00000048321",0
"ENSRNOG00000008431",2
"ENSRNOG00000006956",22
"ENSRNOG00000001700",169
"ENSRNOG00000017253",522
"ENSRNOG00000043194",0
"ENSRNOG00000021433",98
"ENSRNOG00000017073",5352
"ENSRNOG00000037618",0
"ENSRNOG00000011498",239
"ENSRNOG00000029333",2
"ENSRNOG00000016731",16266
"ENSRNOG00000067602",0
"ENSRNOG00000006553",202
"ENSRNOG00000016630",8191
"ENSRNOG00000024190",0
"ENSRNOG00000047278",209
"ENSRNOG00000007051",806
"ENSRNOG00000065969",0
"ENSRNOG00000065554",0
"ENSRNOG00000016452",650
"ENSRNOG00000051484",168
"ENSRNOG00000016364",95
"ENSRNOG00000063113",0
"ENSRNOG00000016309",838
"ENSRNOG00000009761",87
"ENSRNOG00000024402",178
"ENSRNOG00000046629",3
"ENSRNOG00000043023",0
"ENSRNOG00000047613",0
"ENSRNOG00000009724",226
"ENSRNOG00000048197",0
"ENSRNOG00000063042",0
"ENSRNOG00000005772",33
"ENSRNOG00000024204",5
"ENSRNOG00000007057",2
"ENSRNOG00000023605",850
"ENSRNOG00000011280",164
"ENSRNOG00000007657",87
"ENSRNOG00000022309",863
"ENSRNOG00000012454",175
"ENSRNOG00000008036",1161
"ENSRNOG00000069991",0
"ENSRNOG00000012409",24
"ENSRNOG00000010484",445
"ENSRNOG00000070480",0
"ENSRNOG00000046028",44
"ENSRNOG00000009576",20
"ENSRNOG00000007637",32
"ENSRNOG00000034269",299
"ENSRNOG00000013956",728
"ENSRNOG00000008169",0
"ENSRNOG00000046140",0
"ENSRNOG00000055779",503
"ENSRNOG00000006735",196
"ENSRNOG00000066642",5
"ENSRNOG00000062835",3
"ENSRNOG00000007663",8759
"ENSRNOG00000012664",149
"ENSRNOG00000024093",0
"ENSRNOG00000009309",233
"ENSRNOG00000009436",0
"ENSRNOG00000059837",117
"ENSRNOG00000065941",0
"ENSRNOG00000012634",341
"ENSRNOG00000033186",2
"ENSRNOG00000062108",179
"ENSRNOG00000023309",301
"ENSRNOG00000042603",94
"ENSRNOG00000043364",599
"ENSRNOG00000009492",61
"ENSRNOG00000006369",630
"ENSRNOG00000064066",7
"ENSRNOG00000006345",883
"ENSRNOG00000005841",1626
"ENSRNOG00000008632",90
"ENSRNOG00000055915",370
"ENSRNOG00000006966",1238
"ENSRNOG00000008618",369
"ENSRNOG00000006807",1
"ENSRNOG00000026169",0
"ENSRNOG00000008901",0
"ENSRNOG00000030466",0
"ENSRNOG00000025596",19
"ENSRNOG00000022488",0
"ENSRNOG00000023348",35
"ENSRNOG00000030963",0
"ENSRNOG00000007395",0
"ENSRNOG00000008945",368
"ENSRNOG00000008587",13
"ENSRNOG00000050983",3
"ENSRNOG00000008922",21
"ENSRNOG00000014302",0
"ENSRNOG00000011463",1694
"ENSRNOG00000006800",57
"ENSRNOG00000026323",8
"ENSRNOG00000011497",0
"ENSRNOG00000027595",0
"ENSRNOG00000070878",0
"ENSRNOG00000007036",751
"ENSRNOG00000008338",731
"ENSRNOG00000008159",194
"ENSRNOG00000009045",88
"ENSRNOG00000005964",104
"ENSRNOG00000008693",14
"ENSRNOG00000042787",3
"ENSRNOG00000008034",15
"ENSRNOG00000065127",0
"ENSRNOG00000008027",12
"ENSRNOG00000005723",0
"ENSRNOG00000007629",356
"ENSRNOG00000031004",18
"ENSRNOG00000006853",1
"ENSRNOG00000009705",5
"ENSRNOG00000008914",0
"ENSRNOG00000000123",173
"ENSRNOG00000006615",747
"ENSRNOG00000068296",151
"ENSRNOG00000025679",648
"ENSRNOG00000070364",20
"ENSRNOG00000007527",310
"ENSRNOG00000024259",0
"ENSRNOG00000010849",115
"ENSRNOG00000006979",0
"ENSRNOG00000007551",295
"ENSRNOG00000011033",2
"ENSRNOG00000051507",26
"ENSRNOG00000010514",433
"ENSRNOG00000067048",80
"ENSRNOG00000007299",36
"ENSRNOG00000007753",361
"ENSRNOG00000010237",1036
"ENSRNOG00000009113",223
"ENSRNOG00000009568",370
"ENSRNOG00000008548",202
"ENSRNOG00000013838",1
"ENSRNOG00000042455",0
"ENSRNOG00000008118",954
"ENSRNOG00000021492",207
"ENSRNOG00000008279",357
"ENSRNOG00000008226",46
"ENSRNOG00000026978",2114
"ENSRNOG00000008300",150
"ENSRNOG00000066371",0
"ENSRNOG00000026898",0
"ENSRNOG00000031475",210
"ENSRNOG00000024788",0
"ENSRNOG00000000122",195
"ENSRNOG00000013972",475
"ENSRNOG00000012989",64
"ENSRNOG00000059897",2
"ENSRNOG00000050044",1810
"ENSRNOG00000010007",716
"ENSRNOG00000046794",1191
"ENSRNOG00000013515",1
"ENSRNOG00000064683",0
"ENSRNOG00000008992",0
"ENSRNOG00000013865",120
"ENSRNOG00000053991",1652
"ENSRNOG00000028083",33
"ENSRNOG00000030238",4
"ENSRNOG00000020173",0
"ENSRNOG00000020259",0
"ENSRNOG00000010892",1006
"ENSRNOG00000008572",67
"ENSRNOG00000011751",340
"ENSRNOG00000022199",5
"ENSRNOG00000069006",0
"ENSRNOG00000012204",435
"ENSRNOG00000054626",311
"ENSRNOG00000013005",218
"ENSRNOG00000009597",0
"ENSRNOG00000055078",8
"ENSRNOG00000065071",2
"ENSRNOG00000007922",35
"ENSRNOG00000018363",172
"ENSRNOG00000037518",38
"ENSRNOG00000028659",357
"ENSRNOG00000012397",607
"ENSRNOG00000028477",237
"ENSRNOG00000028448",1255
"ENSRNOG00000028415",266
"ENSRNOG00000014357",46
"ENSRNOG00000067866",1
"ENSRNOG00000028377",0
"ENSRNOG00000014372",59
"ENSRNOG00000019479",0
"ENSRNOG00000062954",1171
"ENSRNOG00000037620",57
"ENSRNOG00000058461",1279
"ENSRNOG00000013855",106
"ENSRNOG00000007111",624
"ENSRNOG00000010932",0
"ENSRNOG00000007099",435
"ENSRNOG00000007213",724
"ENSRNOG00000008113",280
"ENSRNOG00000000127",270
"ENSRNOG00000033593",754
"ENSRNOG00000014375",17
"ENSRNOG00000055344",442
"ENSRNOG00000013231",10
"ENSRNOG00000047185",1530
"ENSRNOG00000049326",62
"ENSRNOG00000008560",23
"ENSRNOG00000064585",4
"ENSRNOG00000069453",0
"ENSRNOG00000048553",0
"ENSRNOG00000037710",3
"ENSRNOG00000047578",0
"ENSRNOG00000048242",1036
"ENSRNOG00000048288",163
"ENSRNOG00000010396",652
"ENSRNOG00000010299",1370
"ENSRNOG00000024312",32
"ENSRNOG00000042326",36
"ENSRNOG00000015318",9
"ENSRNOG00000009540",5
"ENSRNOG00000028047",57
"ENSRNOG00000011054",0
"ENSRNOG00000012965",7
"ENSRNOG00000066253",1
"ENSRNOG00000064455",0
"ENSRNOG00000070423",0
"ENSRNOG00000067973",0
"ENSRNOG00000008377",529
"ENSRNOG00000062918",0
"ENSRNOG00000013179",2938
"ENSRNOG00000064844",1
"ENSRNOG00000019977",980
"ENSRNOG00000063427",4
"ENSRNOG00000021663",13
"ENSRNOG00000042855",373
"ENSRNOG00000007069",109
"ENSRNOG00000032639",11
"ENSRNOG00000063845",1
"ENSRNOG00000067073",94
"ENSRNOG00000008979",0
"ENSRNOG00000005730",361
"ENSRNOG00000011171",0
"ENSRNOG00000006004",875
"ENSRNOG00000048703",1
"ENSRNOG00000011484",168
"ENSRNOG00000005935",922
"ENSRNOG00000059975",0
"ENSRNOG00000010735",934
"ENSRNOG00000012595",580
"ENSRNOG00000011709",1333
"ENSRNOG00000009341",678
"ENSRNOG00000008849",4
"ENSRNOG00000006200",0
"ENSRNOG00000014008",96
"ENSRNOG00000014274",115
"ENSRNOG00000011927",464
"ENSRNOG00000023746",204
"ENSRNOG00000015642",1634
"ENSRNOG00000009912",0
"ENSRNOG00000037432",33
"ENSRNOG00000033209",1
"ENSRNOG00000042785",1696
"ENSRNOG00000068555",0
"ENSRNOG00000013300",231
"ENSRNOG00000037340",1
"ENSRNOG00000006833",449
"ENSRNOG00000070053",5
"ENSRNOG00000030155",2
"ENSRNOG00000048506",446
"ENSRNOG00000065942",0
"ENSRNOG00000066500",10
"ENSRNOG00000025065",14
"ENSRNOG00000008807",0
"ENSRNOG00000060435",0
"ENSRNOG00000026646",58
"ENSRNOG00000008861",148
"ENSRNOG00000011421",1718
"ENSRNOG00000009390",0
"ENSRNOG00000014259",6
"ENSRNOG00000008320",2045
"ENSRNOG00000007541",930
"ENSRNOG00000026610",353
"ENSRNOG00000009430",321
"ENSRNOG00000024957",10
"ENSRNOG00000024889",159
"ENSRNOG00000012616",2326
"ENSRNOG00000030862",500
"ENSRNOG00000061851",671
"ENSRNOG00000013492",7084
"ENSRNOG00000008100",0
"ENSRNOG00000027276",0
"ENSRNOG00000022323",403
"ENSRNOG00000011502",9
"ENSRNOG00000007647",1
"ENSRNOG00000008555",159
"ENSRNOG00000008180",179
"ENSRNOG00000012054",688
"ENSRNOG00000012340",0
"ENSRNOG00000027357",0
"ENSRNOG00000008759",0
"ENSRNOG00000012088",0
"ENSRNOG00000040151",0
"ENSRNOG00000010841",798
"ENSRNOG00000067216",0
"ENSRNOG00000009656",261
"ENSRNOG00000008943",25
"ENSRNOG00000007174",382
"ENSRNOG00000026592",0
"ENSRNOG00000008566",355
"ENSRNOG00000069690",4
"ENSRNOG00000008871",0
"ENSRNOG00000065724",320
"ENSRNOG00000017426",1118
"ENSRNOG00000009114",399
"ENSRNOG00000069204",0
"ENSRNOG00000011332",55
"ENSRNOG00000008872",296
"ENSRNOG00000008846",61
"ENSRNOG00000021609",90
"ENSRNOG00000008156",172
"ENSRNOG00000031769",196
"ENSRNOG00000014352",25
"ENSRNOG00000009488",0
"ENSRNOG00000005886",45
"ENSRNOG00000028662",20
"ENSRNOG00000071045",81
"ENSRNOG00000009977",1096
"ENSRNOG00000046647",1223
"ENSRNOG00000048129",0
"ENSRNOG00000010550",166
"ENSRNOG00000063053",57
"ENSRNOG00000005669",0
"ENSRNOG00000032183",710
"ENSRNOG00000009683",1893
"ENSRNOG00000009963",714
"ENSRNOG00000009131",198
"ENSRNOG00000065971",0
"ENSRNOG00000014762",134
"ENSRNOG00000031431",151
"ENSRNOG00000010234",317
"ENSRNOG00000024818",582
"ENSRNOG00000024566",2
"ENSRNOG00000005963",817
"ENSRNOG00000027921",434
"ENSRNOG00000026910",1
"ENSRNOG00000010777",143
"ENSRNOG00000025724",184
"ENSRNOG00000042421",238
"ENSRNOG00000066526",8
"ENSRNOG00000025424",212
"ENSRNOG00000025349",0
"ENSRNOG00000063670",2
"ENSRNOG00000006689",125
"ENSRNOG00000006919",30
"ENSRNOG00000007445",565
"ENSRNOG00000026662",258
"ENSRNOG00000007964",618
"ENSRNOG00000008055",95
"ENSRNOG00000008124",273
"ENSRNOG00000026672",190
"ENSRNOG00000008184",0
"ENSRNOG00000048760",11
"ENSRNOG00000065922",20
"ENSRNOG00000067800",75
"ENSRNOG00000070765",0
"ENSRNOG00000040040",97
"ENSRNOG00000067162",6
"ENSRNOG00000016180",244
"ENSRNOG00000015160",18
"ENSRNOG00000070727",3
"ENSRNOG00000062635",0
"ENSRNOG00000015562",4
"ENSRNOG00000063229",0
"ENSRNOG00000055292",26
"ENSRNOG00000016330",73
"ENSRNOG00000016338",647
"ENSRNOG00000039924",70
"ENSRNOG00000014664",1186
"ENSRNOG00000005673",353
"ENSRNOG00000025416",139
"ENSRNOG00000008236",301
"ENSRNOG00000016187",166
"ENSRNOG00000007456",2
"ENSRNOG00000006697",1044
"ENSRNOG00000009358",51
"ENSRNOG00000006096",24
"ENSRNOG00000007426",38
"ENSRNOG00000006498",0
"ENSRNOG00000039949",14
"ENSRNOG00000006636",78
"ENSRNOG00000009389",187
"ENSRNOG00000008580",243
"ENSRNOG00000056330",0
"ENSRNOG00000007256",1
"ENSRNOG00000066027",0
"ENSRNOG00000006298",836
"ENSRNOG00000024903",0
"ENSRNOG00000005708",622
"ENSRNOG00000063190",0
"ENSRNOG00000006084",0
"ENSRNOG00000007139",6
"ENSRNOG00000007351",37
"ENSRNOG00000009974",24
"ENSRNOG00000010106",178
"ENSRNOG00000057692",0
"ENSRNOG00000068938",3
"ENSRNOG00000065492",0
"ENSRNOG00000056870",2519
"ENSRNOG00000061989",140
"ENSRNOG00000026157",10
"ENSRNOG00000063283",0
"ENSRNOG00000067249",0
"ENSRNOG00000025672",0
"ENSRNOG00000053456",598
"ENSRNOG00000027837",0
"ENSRNOG00000046548",0
"ENSRNOG00000003689",1692
"ENSRNOG00000069292",0
"ENSRNOG00000040427",0
"ENSRNOG00000070890",0
"ENSRNOG00000030048",33
"ENSRNOG00000035549",0
"ENSRNOG00000035555",0
"ENSRNOG00000050872",0
"ENSRNOG00000060063",233
"ENSRNOG00000003596",6
"ENSRNOG00000040404",0
"ENSRNOG00000013092",0
"ENSRNOG00000035544",0
"ENSRNOG00000064087",0
"ENSRNOG00000036245",0
"ENSRNOG00000066689",0
"ENSRNOG00000048556",0
"ENSRNOG00000035579",0
"ENSRNOG00000035581",0
"ENSRNOG00000054765",192
"ENSRNOG00000002800",5
"ENSRNOG00000035464",0
"ENSRNOG00000028899",292
"ENSRNOG00000040357",0
"ENSRNOG00000041260",0
"ENSRNOG00000070486",0
"ENSRNOG00000047862",0
"ENSRNOG00000041210",0
"ENSRNOG00000069684",0
"ENSRNOG00000041199",0
"ENSRNOG00000059675",0
"ENSRNOG00000026573",170
"ENSRNOG00000003782",209
"ENSRNOG00000060869",1833
"ENSRNOG00000036269",0
"ENSRNOG00000048590",0
"ENSRNOG00000060270",0
"ENSRNOG00000036273",0
"ENSRNOG00000028085",4
"ENSRNOG00000035652",0
"ENSRNOG00000022855",0
"ENSRNOG00000035631",1
"ENSRNOG00000035635",0
"ENSRNOG00000052097",0
"ENSRNOG00000046748",0
"ENSRNOG00000040422",0
"ENSRNOG00000035546",0
"ENSRNOG00000061073",1420
"ENSRNOG00000059766",0
"ENSRNOG00000035656",0
"ENSRNOG00000057814",370
"ENSRNOG00000028984",3
"ENSRNOG00000070777",95
"ENSRNOG00000067246",58
"ENSRNOG00000047872",0
"ENSRNOG00000039994",132
"ENSRNOG00000051836",0
"ENSRNOG00000003543",0
"ENSRNOG00000009049",308
"ENSRNOG00000025910",99
"ENSRNOG00000010365",12
"ENSRNOG00000054352",3963
"ENSRNOG00000070642",1
"ENSRNOG00000007682",165
"ENSRNOG00000066771",0
"ENSRNOG00000010208",2297
"ENSRNOG00000004016",604
"ENSRNOG00000054548",1
"ENSRNOG00000002904",1
"ENSRNOG00000010838",607
"ENSRNOG00000032472",1
"ENSRNOG00000013170",161
"ENSRNOG00000024298",0
"ENSRNOG00000031555",0
"ENSRNOG00000055572",939
"ENSRNOG00000000167",0
"ENSRNOG00000009609",281
"ENSRNOG00000068749",2
"ENSRNOG00000025428",92
"ENSRNOG00000052383",0
"ENSRNOG00000000166",133
"ENSRNOG00000013698",0
"ENSRNOG00000053172",2644
"ENSRNOG00000008578",2315
"ENSRNOG00000000165",10
"ENSRNOG00000029068",132
"ENSRNOG00000051948",3023
"ENSRNOG00000008472",454
"ENSRNOG00000063057",0
"ENSRNOG00000002767",106
"ENSRNOG00000053813",289
"ENSRNOG00000059697",1
"ENSRNOG00000056174",39
"ENSRNOG00000006899",0
"ENSRNOG00000029408",3
"ENSRNOG00000064345",1
"ENSRNOG00000002585",565
"ENSRNOG00000003686",619
"ENSRNOG00000030119",0
"ENSRNOG00000062551",0
"ENSRNOG00000050081",61
"ENSRNOG00000058423",0
"ENSRNOG00000002563",128
"ENSRNOG00000061441",180
"ENSRNOG00000048925",0
"ENSRNOG00000058820",0
"ENSRNOG00000070467",0
"ENSRNOG00000069353",179
"ENSRNOG00000039332",0
"ENSRNOG00000026044",119
"ENSRNOG00000045953",0
"ENSRNOG00000065232",0
"ENSRNOG00000067039",77
"ENSRNOG00000064664",0
"ENSRNOG00000063213",0
"ENSRNOG00000026969",4
"ENSRNOG00000061304",0
"ENSRNOG00000032487",117
"ENSRNOG00000070118",24
"ENSRNOG00000061262",4808
"ENSRNOG00000007059",2
"ENSRNOG00000033883",7
"ENSRNOG00000046012",3
"ENSRNOG00000051117",0
"ENSRNOG00000068491",184
"ENSRNOG00000060168",484
"ENSRNOG00000070922",0
"ENSRNOG00000065644",0
"ENSRNOG00000019164",2045
"ENSRNOG00000063587",0
"ENSRNOG00000026231",0
"ENSRNOG00000067214",1
"ENSRNOG00000062420",0
"ENSRNOG00000063851",1
"ENSRNOG00000063426",0
"ENSRNOG00000064140",7
"ENSRNOG00000070008",0
"ENSRNOG00000062688",2
"ENSRNOG00000003748",0
"ENSRNOG00000067047",0
"ENSRNOG00000038035",100
"ENSRNOG00000062747",0
"ENSRNOG00000070551",0
"ENSRNOG00000064865",0
"ENSRNOG00000023261",104
"ENSRNOG00000067487",0
"ENSRNOG00000068322",2
"ENSRNOG00000000164",3589
"ENSRNOG00000064974",6
"ENSRNOG00000032739",36
"ENSRNOG00000069713",0
"ENSRNOG00000066805",0
"ENSRNOG00000025200",0
"ENSRNOG00000061492",0
"ENSRNOG00000069137",342
"ENSRNOG00000068054",4
"ENSRNOG00000038369",0
"ENSRNOG00000069711",27
"ENSRNOG00000003201",1403
"ENSRNOG00000064310",73
"ENSRNOG00000062445",7
"ENSRNOG00000068684",27
"ENSRNOG00000066768",6
"ENSRNOG00000070511",0
"ENSRNOG00000065998",5
"ENSRNOG00000065014",8
"ENSRNOG00000037951",650
"ENSRNOG00000070283",0
"ENSRNOG00000063391",0
"ENSRNOG00000029663",0
"ENSRNOG00000051341",8
"ENSRNOG00000068862",1
"ENSRNOG00000065796",4
"ENSRNOG00000071206",0
"ENSRNOG00000064849",0
"ENSRNOG00000070269",3
"ENSRNOG00000051300",474
"ENSRNOG00000068564",1
"ENSRNOG00000067106",4
"ENSRNOG00000070042",0
"ENSRNOG00000068620",0
"ENSRNOG00000065954",3
"ENSRNOG00000060786",0
"ENSRNOG00000066627",3
"ENSRNOG00000045779",161
"ENSRNOG00000056659",190
"ENSRNOG00000049388",0
"ENSRNOG00000057517",166
"ENSRNOG00000029497",0
"ENSRNOG00000065962",0
"ENSRNOG00000050051",43
"ENSRNOG00000008329",963
"ENSRNOG00000043348",71
"ENSRNOG00000065341",1
"ENSRNOG00000067052",0
"ENSRNOG00000068802",0
"ENSRNOG00000064051",0
"ENSRNOG00000003208",29
"ENSRNOG00000034116",131
"ENSRNOG00000061692",0
"ENSRNOG00000004150",0
"ENSRNOG00000060464",157
"ENSRNOG00000022251",5
"ENSRNOG00000007315",649
"ENSRNOG00000069722",26
"ENSRNOG00000063392",12
"ENSRNOG00000063610",42
"ENSRNOG00000069564",0
"ENSRNOG00000002323",100
"ENSRNOG00000068588",0
"ENSRNOG00000004258",0
"ENSRNOG00000068854",0
"ENSRNOG00000071051",0
"ENSRNOG00000068646",0
"ENSRNOG00000067826",0
"ENSRNOG00000055641",218
"ENSRNOG00000071143",0
"ENSRNOG00000039837",62
"ENSRNOG00000023637",0
"ENSRNOG00000060462",0
"ENSRNOG00000028202",0
"ENSRNOG00000063225",2
"ENSRNOG00000066448",11
"ENSRNOG00000062506",1
"ENSRNOG00000023458",0
"ENSRNOG00000037770",0
"ENSRNOG00000062748",0
"ENSRNOG00000069736",0
"ENSRNOG00000062599",5
"ENSRNOG00000063687",70
"ENSRNOG00000007949",2
"ENSRNOG00000037827",0
"ENSRNOG00000065229",136
"ENSRNOG00000071176",295
"ENSRNOG00000003984",12
"ENSRNOG00000053023",188
"ENSRNOG00000064623",296
"ENSRNOG00000068694",2
"ENSRNOG00000059655",71
"ENSRNOG00000064884",0
"ENSRNOG00000066548",23
"ENSRNOG00000046832",86
"ENSRNOG00000004265",0
"ENSRNOG00000063611",0
"ENSRNOG00000067650",0
"ENSRNOG00000003359",1968
"ENSRNOG00000050457",0
"ENSRNOG00000038267",0
"ENSRNOG00000057469",0
"ENSRNOG00000038299",0
"ENSRNOG00000070967",5
"ENSRNOG00000061511",0
"ENSRNOG00000028179",0
"ENSRNOG00000064387",0
"ENSRNOG00000062454",0
"ENSRNOG00000070430",0
"ENSRNOG00000068315",1
"ENSRNOG00000003765",0
"ENSRNOG00000067012",5
"ENSRNOG00000066849",0
"ENSRNOG00000063899",11
"ENSRNOG00000070594",192
"ENSRNOG00000068449",127
"ENSRNOG00000055962",211085
"ENSRNOG00000003643",70
"ENSRNOG00000066309",36
"ENSRNOG00000070880",0
"ENSRNOG00000002960",0
"ENSRNOG00000037919",20
"ENSRNOG00000064015",32
"ENSRNOG00000029010",0
"ENSRNOG00000003762",28
"ENSRNOG00000048202",0
"ENSRNOG00000063359",34
"ENSRNOG00000029778",0
"ENSRNOG00000070004",1251
"ENSRNOG00000000161",290
"ENSRNOG00000069652",3
"ENSRNOG00000063832",0
"ENSRNOG00000037911",0
"ENSRNOG00000062833",0
"ENSRNOG00000071099",2
"ENSRNOG00000051529",0
"ENSRNOG00000003533",3
"ENSRNOG00000070562",2
"ENSRNOG00000070148",25
"ENSRNOG00000003470",131
"ENSRNOG00000048295",5
"ENSRNOG00000067054",0
"ENSRNOG00000051438",0
"ENSRNOG00000024271",0
"ENSRNOG00000051216",0
"ENSRNOG00000055557",0
"ENSRNOG00000023383",3454
"ENSRNOG00000002848",755
"ENSRNOG00000005352",355
"ENSRNOG00000067105",150
"ENSRNOG00000060839",0
"ENSRNOG00000064231",55
"ENSRNOG00000030819",1
"ENSRNOG00000029885",304
"ENSRNOG00000002986",0
"ENSRNOG00000068101",122
"ENSRNOG00000003305",1
"ENSRNOG00000060580",473
"ENSRNOG00000060262",201
"ENSRNOG00000065297",0
"ENSRNOG00000003956",330
"ENSRNOG00000024053",0
"ENSRNOG00000065493",0
"ENSRNOG00000070277",42
"ENSRNOG00000002974",0
"ENSRNOG00000004581",547
"ENSRNOG00000009646",0
"ENSRNOG00000004512",64
"ENSRNOG00000054219",0
"ENSRNOG00000003009",0
"ENSRNOG00000022267",0
"ENSRNOG00000062844",21
"ENSRNOG00000053061",0
"ENSRNOG00000028189",0
"ENSRNOG00000003189",6
"ENSRNOG00000055514",0
"ENSRNOG00000061191",0
"ENSRNOG00000060885",0
"ENSRNOG00000061731",0
"ENSRNOG00000024517",0
"ENSRNOG00000016622",94
"ENSRNOG00000056905",0
"ENSRNOG00000070236",2
"ENSRNOG00000053235",0
"ENSRNOG00000055256",0
"ENSRNOG00000022411",0
"ENSRNOG00000058942",0
"ENSRNOG00000003792",1321
"ENSRNOG00000055960",0
"ENSRNOG00000002389",4591
"ENSRNOG00000061257",0
"ENSRNOG00000003749",48
"ENSRNOG00000060096",0
"ENSRNOG00000005687",0
"ENSRNOG00000051820",0
"ENSRNOG00000063220",0
"ENSRNOG00000003756",36
"ENSRNOG00000052762",0
"ENSRNOG00000030118",7668
"ENSRNOG00000070588",0
"ENSRNOG00000056740",0
"ENSRNOG00000062381",0
"ENSRNOG00000059230",0
"ENSRNOG00000060982",0
"ENSRNOG00000002391",0
"ENSRNOG00000060623",509
"ENSRNOG00000053191",0
"ENSRNOG00000060754",0
"ENSRNOG00000065140",0
"ENSRNOG00000003611",258
"ENSRNOG00000069164",0
"ENSRNOG00000058253",0
"ENSRNOG00000007371",27
"ENSRNOG00000066338",0
"ENSRNOG00000046366",732
"ENSRNOG00000031294",0
"ENSRNOG00000063682",0
"ENSRNOG00000065192",0
"ENSRNOG00000023187",182
"ENSRNOG00000068085",0
"ENSRNOG00000063637",0
"ENSRNOG00000004776",455
"ENSRNOG00000002419",38
"ENSRNOG00000052095",0
"ENSRNOG00000064801",0
"ENSRNOG00000006698",7
"ENSRNOG00000060642",0
"ENSRNOG00000070436",0
"ENSRNOG00000061195",18
"ENSRNOG00000064902",0
"ENSRNOG00000060546",0
"ENSRNOG00000068390",0
"ENSRNOG00000038132",0
"ENSRNOG00000003858",560
"ENSRNOG00000063746",0
"ENSRNOG00000069840",4
"ENSRNOG00000068320",0
"ENSRNOG00000005012",225
"ENSRNOG00000070416",0
"ENSRNOG00000055265",0
"ENSRNOG00000031058",0
"ENSRNOG00000064543",0
"ENSRNOG00000057622",71
"ENSRNOG00000055812",0
"ENSRNOG00000061126",0
"ENSRNOG00000004133",0
"ENSRNOG00000059814",0
"ENSRNOG00000071055",0
"ENSRNOG00000069201",0
"ENSRNOG00000064676",0
"ENSRNOG00000063786",0
"ENSRNOG00000021972",0
"ENSRNOG00000064215",0
"ENSRNOG00000061787",0
"ENSRNOG00000058743",0
"ENSRNOG00000055721",4
"ENSRNOG00000032522",9
"ENSRNOG00000051644",0
"ENSRNOG00000063333",0
"ENSRNOG00000061252",0
"ENSRNOG00000021694",0
"ENSRNOG00000051827",0
"ENSRNOG00000069980",0
"ENSRNOG00000061196",0
"ENSRNOG00000060086",0
"ENSRNOG00000024250",572
"ENSRNOG00000034183",0
"ENSRNOG00000027850",7
"ENSRNOG00000060374",0
"ENSRNOG00000054868",0
"ENSRNOG00000054890",42248
"ENSRNOG00000054382",0
"ENSRNOG00000019180",369
"ENSRNOG00000064035",0
"ENSRNOG00000057593",0
"ENSRNOG00000066087",1
"ENSRNOG00000066017",0
"ENSRNOG00000050970",0
"ENSRNOG00000063729",1
"ENSRNOG00000070898",0
"ENSRNOG00000064772",0
"ENSRNOG00000062822",0
"ENSRNOG00000070754",0
"ENSRNOG00000001506",0
"ENSRNOG00000065849",0
"ENSRNOG00000063296",0
"ENSRNOG00000051544",0
"ENSRNOG00000037736",1
"ENSRNOG00000065426",0
"ENSRNOG00000019168",19
"ENSRNOG00000070581",0
"ENSRNOG00000012294",182
"ENSRNOG00000030722",0
"ENSRNOG00000057374",0
"ENSRNOG00000042394",0
"ENSRNOG00000060946",194
"ENSRNOG00000062498",0
"ENSRNOG00000003965",1
"ENSRNOG00000068840",0
"ENSRNOG00000069753",0
"ENSRNOG00000051769",0
"ENSRNOG00000056593",0
"ENSRNOG00000048738",868
"ENSRNOG00000070185",0
"ENSRNOG00000053894",0
"ENSRNOG00000054011",663
"ENSRNOG00000027239",5
"ENSRNOG00000056006",0
"ENSRNOG00000007600",0
"ENSRNOG00000067960",0
"ENSRNOG00000029038",219
"ENSRNOG00000042470",0
"ENSRNOG00000052001",0
"ENSRNOG00000053094",0
"ENSRNOG00000047663",0
"ENSRNOG00000003122",50
"ENSRNOG00000061101",1
"ENSRNOG00000061894",0
"ENSRNOG00000058963",0
"ENSRNOG00000055269",0
"ENSRNOG00000055648",182
"ENSRNOG00000062221",0
"ENSRNOG00000041327",0
"ENSRNOG00000050508",0
"ENSRNOG00000026712",0
"ENSRNOG00000064172",0
"ENSRNOG00000003875",398
"ENSRNOG00000036562",0
"ENSRNOG00000057826",39
"ENSRNOG00000041236",0
"ENSRNOG00000008880",21
"ENSRNOG00000059896",0
"ENSRNOG00000036264",0
"ENSRNOG00000004118",4
"ENSRNOG00000041288",0
"ENSRNOG00000036262",0
"ENSRNOG00000004819",110
"ENSRNOG00000011120",0
"ENSRNOG00000057982",0
"ENSRNOG00000048143",0
"ENSRNOG00000036268",0
"ENSRNOG00000041538",0
"ENSRNOG00000006797",147
"ENSRNOG00000035627",0
"ENSRNOG00000065509",0
"ENSRNOG00000036558",0
"ENSRNOG00000061112",0
"ENSRNOG00000057365",0
"ENSRNOG00000035505",0
"ENSRNOG00000035592",0
"ENSRNOG00000003063",133
"ENSRNOG00000036567",0
"ENSRNOG00000058545",13
"ENSRNOG00000067075",0
"ENSRNOG00000047712",0
"ENSRNOG00000041299",0
"ENSRNOG00000041334",0
"ENSRNOG00000006871",29
"ENSRNOG00000066786",0
"ENSRNOG00000040458",0
"ENSRNOG00000054747",0
"ENSRNOG00000039759",0
"ENSRNOG00000063664",244
"ENSRNOG00000069692",0
"ENSRNOG00000019086",0
"ENSRNOG00000067793",0
"ENSRNOG00000003227",0
"ENSRNOG00000002708",634
"ENSRNOG00000060970",0
"ENSRNOG00000024068",0
"ENSRNOG00000051669",104
"ENSRNOG00000039576",203
"ENSRNOG00000030880",1275
"ENSRNOG00000070635",0
"ENSRNOG00000004275",2
"ENSRNOG00000063657",0
"ENSRNOG00000039571",1
"ENSRNOG00000005076",290
"ENSRNOG00000052721",311
"ENSRNOG00000003929",76
"ENSRNOG00000057147",1068
"ENSRNOG00000050960",135
"ENSRNOG00000062696",0
"ENSRNOG00000059862",0
"ENSRNOG00000031956",0
"ENSRNOG00000004613",1498
"ENSRNOG00000056983",0
"ENSRNOG00000005215",0
"ENSRNOG00000006967",455
"ENSRNOG00000009749",419
"ENSRNOG00000026704",0
"ENSRNOG00000046484",5
"ENSRNOG00000003613",354
"ENSRNOG00000007879",207
"ENSRNOG00000003688",3
"ENSRNOG00000054495",0
"ENSRNOG00000003786",457
"ENSRNOG00000045992",1
"ENSRNOG00000061230",1
"ENSRNOG00000060846",158
"ENSRNOG00000064119",240
"ENSRNOG00000022166",192
"ENSRNOG00000052181",0
"ENSRNOG00000003228",174
"ENSRNOG00000032729",0
"ENSRNOG00000030443",388
"ENSRNOG00000002790",122
"ENSRNOG00000063684",0
"ENSRNOG00000004869",0
"ENSRNOG00000046790",0
"ENSRNOG00000002487",257
"ENSRNOG00000003229",422
"ENSRNOG00000004330",0
"ENSRNOG00000047931",16060
"ENSRNOG00000027601",0
"ENSRNOG00000065918",56
"ENSRNOG00000009071",130
"ENSRNOG00000024762",0
"ENSRNOG00000029582",31
"ENSRNOG00000042276",97
"ENSRNOG00000005639",91
"ENSRNOG00000034240",847
"ENSRNOG00000003960",0
"ENSRNOG00000002923",0
"ENSRNOG00000031638",0
"ENSRNOG00000003526",55
"ENSRNOG00000061102",54
"ENSRNOG00000067524",0
"ENSRNOG00000004574",173
"ENSRNOG00000067242",3
"ENSRNOG00000032858",0
"ENSRNOG00000030622",11
"ENSRNOG00000011081",0
"ENSRNOG00000050178",0
"ENSRNOG00000051287",0
"ENSRNOG00000051223",0
"ENSRNOG00000039544",91
"ENSRNOG00000023469",0
"ENSRNOG00000002832",285
"ENSRNOG00000029106",0
"ENSRNOG00000068510",0
"ENSRNOG00000069107",0
"ENSRNOG00000039587",409
"ENSRNOG00000003674",76
"ENSRNOG00000037684",0
"ENSRNOG00000030346",11
"ENSRNOG00000063829",0
"ENSRNOG00000026152",0
"ENSRNOG00000030418",829
"ENSRNOG00000058439",203
"ENSRNOG00000002662",267
"ENSRNOG00000037611",1
"ENSRNOG00000003345",0
"ENSRNOG00000066239",54
"ENSRNOG00000064977",0
"ENSRNOG00000065488",0
"ENSRNOG00000056728",2392
"ENSRNOG00000051281",0
"ENSRNOG00000070013",0
"ENSRNOG00000027972",6
"ENSRNOG00000003585",3
"ENSRNOG00000052407",3
"ENSRNOG00000022286",0
"ENSRNOG00000046280",1
"ENSRNOG00000002951",0
"ENSRNOG00000060936",160
"ENSRNOG00000003313",0
"ENSRNOG00000007552",0
"ENSRNOG00000069062",0
"ENSRNOG00000038230",0
"ENSRNOG00000057753",0
"ENSRNOG00000064026",0
"ENSRNOG00000009687",76
"ENSRNOG00000031719",0
"ENSRNOG00000069323",0
"ENSRNOG00000065059",0
"ENSRNOG00000054545",0
"ENSRNOG00000018951",2717
"ENSRNOG00000046702",0
"ENSRNOG00000003715",1629
"ENSRNOG00000053562",0
"ENSRNOG00000003370",1
"ENSRNOG00000049427",0
"ENSRNOG00000008764",755
"ENSRNOG00000029559",0
"ENSRNOG00000002529",184
"ENSRNOG00000043508",0
"ENSRNOG00000023733",549
"ENSRNOG00000068726",0
"ENSRNOG00000067365",0
"ENSRNOG00000047132",11
"ENSRNOG00000011494",113
"ENSRNOG00000003110",0
"ENSRNOG00000060179",2757
"ENSRNOG00000051408",767
"ENSRNOG00000011513",249
"ENSRNOG00000003452",0
"ENSRNOG00000055102",0
"ENSRNOG00000063233",3
"ENSRNOG00000046469",0
"ENSRNOG00000032038",0
"ENSRNOG00000002285",16
"ENSRNOG00000045622",3
"ENSRNOG00000003587",135
"ENSRNOG00000011034",0
"ENSRNOG00000011661",380
"ENSRNOG00000061530",4
"ENSRNOG00000064060",0
"ENSRNOG00000069520",1
"ENSRNOG00000066891",4
"ENSRNOG00000050006",4
"ENSRNOG00000010846",113
"ENSRNOG00000066471",15
"ENSRNOG00000063831",0
"ENSRNOG00000054900",0
"ENSRNOG00000058249",747
"ENSRNOG00000033176",76
"ENSRNOG00000046862",241
"ENSRNOG00000066217",0
"ENSRNOG00000009893",250
"ENSRNOG00000065464",0
"ENSRNOG00000063412",32
"ENSRNOG00000003346",18
"ENSRNOG00000010171",960
"ENSRNOG00000003013",825
"ENSRNOG00000043128",100
"ENSRNOG00000069699",8
"ENSRNOG00000028011",0
"ENSRNOG00000025811",26
"ENSRNOG00000070381",0
"ENSRNOG00000003350",558
"ENSRNOG00000032738",0
"ENSRNOG00000065924",67
"ENSRNOG00000055939",7
"ENSRNOG00000028993",7720
"ENSRNOG00000002276",182
"ENSRNOG00000024135",91
"ENSRNOG00000051319",0
"ENSRNOG00000064542",0
"ENSRNOG00000056703",868
"ENSRNOG00000056398",408
"ENSRNOG00000056772",1172
"ENSRNOG00000005624",889
"ENSRNOG00000063223",21
"ENSRNOG00000024138",0
"ENSRNOG00000069720",0
"ENSRNOG00000038686",369
"ENSRNOG00000063806",17
"ENSRNOG00000011702",1
"ENSRNOG00000023163",1
"ENSRNOG00000039762",1
"ENSRNOG00000004009",0
"ENSRNOG00000023094",0
"ENSRNOG00000005430",22
"ENSRNOG00000003342",3
"ENSRNOG00000063120",0
"ENSRNOG00000012513",232
"ENSRNOG00000065758",34
"ENSRNOG00000004124",21
"ENSRNOG00000063778",0
"ENSRNOG00000055454",4
"ENSRNOG00000039615",0
"ENSRNOG00000066456",0
"ENSRNOG00000031665",0
"ENSRNOG00000023269",542
"ENSRNOG00000059641",6
"ENSRNOG00000063709",0
"ENSRNOG00000005753",40
"ENSRNOG00000003261",4868
"ENSRNOG00000002844",33
"ENSRNOG00000062806",2
"ENSRNOG00000064782",0
"ENSRNOG00000006515",163
"ENSRNOG00000028611",361
"ENSRNOG00000004304",270
"ENSRNOG00000033844",3
"ENSRNOG00000030417",0
"ENSRNOG00000002975",68
"ENSRNOG00000006067",148
"ENSRNOG00000003085",0
"ENSRNOG00000043306",0
"ENSRNOG00000006459",147
"ENSRNOG00000028033",0
"ENSRNOG00000066885",0
"ENSRNOG00000013322",60
"ENSRNOG00000062513",0
"ENSRNOG00000027233",2
"ENSRNOG00000003099",1231
"ENSRNOG00000070576",0
"ENSRNOG00000025705",737
"ENSRNOG00000003158",385
"ENSRNOG00000052626",0
"ENSRNOG00000070906",0
"ENSRNOG00000003178",50
"ENSRNOG00000004257",484
"ENSRNOG00000057785",0
"ENSRNOG00000002751",42
"ENSRNOG00000030619",0
"ENSRNOG00000064823",0
"ENSRNOG00000068767",39
"ENSRNOG00000056492",0
"ENSRNOG00000038965",60
"ENSRNOG00000068658",0
"ENSRNOG00000056101",0
"ENSRNOG00000056547",0
"ENSRNOG00000030999",1
"ENSRNOG00000045695",509
"ENSRNOG00000053806",0
"ENSRNOG00000050562",74
"ENSRNOG00000033335",36
"ENSRNOG00000063926",0
"ENSRNOG00000024350",0
"ENSRNOG00000063064",0
"ENSRNOG00000070212",1
"ENSRNOG00000009605",495
"ENSRNOG00000066639",0
"ENSRNOG00000063299",0
"ENSRNOG00000012358",10
"ENSRNOG00000059086",0
"ENSRNOG00000066228",0
"ENSRNOG00000064102",0
"ENSRNOG00000061403",0
"ENSRNOG00000068302",0
"ENSRNOG00000063287",0
"ENSRNOG00000054339",20
"ENSRNOG00000056968",0
"ENSRNOG00000061586",0
"ENSRNOG00000065810",0
"ENSRNOG00000061686",0
"ENSRNOG00000064383",0
"ENSRNOG00000053780",0
"ENSRNOG00000049382",1533
"ENSRNOG00000062323",0
"ENSRNOG00000066895",0
"ENSRNOG00000031367",430
"ENSRNOG00000056300",0
"ENSRNOG00000065456",0
"ENSRNOG00000004120",2
"ENSRNOG00000042530",0
"ENSRNOG00000032970",0
"ENSRNOG00000057906",0
"ENSRNOG00000030228",1203
"ENSRNOG00000053153",0
"ENSRNOG00000004222",1
"ENSRNOG00000002365",7
"ENSRNOG00000028751",0
"ENSRNOG00000051365",0
"ENSRNOG00000065575",0
"ENSRNOG00000012787",245
"ENSRNOG00000065877",0
"ENSRNOG00000069354",0
"ENSRNOG00000066668",0
"ENSRNOG00000055009",0
"ENSRNOG00000004319",2721
"ENSRNOG00000065651",0
"ENSRNOG00000057745",0
"ENSRNOG00000004160",196
"ENSRNOG00000067660",28
"ENSRNOG00000057599",0
"ENSRNOG00000056159",0
"ENSRNOG00000002346",0
"ENSRNOG00000024479",1
"ENSRNOG00000061094",0
"ENSRNOG00000068889",0
"ENSRNOG00000067646",0
"ENSRNOG00000061385",0
"ENSRNOG00000062466",411
"ENSRNOG00000057375",0
"ENSRNOG00000004249",0
"ENSRNOG00000056135",191
"ENSRNOG00000060793",2087
"ENSRNOG00000066349",0
"ENSRNOG00000057784",0
"ENSRNOG00000037455",0
"ENSRNOG00000058350",0
"ENSRNOG00000026351",0
"ENSRNOG00000052132",1
"ENSRNOG00000047231",9
"ENSRNOG00000061703",0
"ENSRNOG00000025730",406
"ENSRNOG00000006670",16
"ENSRNOG00000063434",0
"ENSRNOG00000066429",0
"ENSRNOG00000005402",130
"ENSRNOG00000059253",0
"ENSRNOG00000051360",0
"ENSRNOG00000049853",3
"ENSRNOG00000064790",0
"ENSRNOG00000025211",0
"ENSRNOG00000057907",0
"ENSRNOG00000010348",0
"ENSRNOG00000003705",0
"ENSRNOG00000053117",0
"ENSRNOG00000037661",245
"ENSRNOG00000067126",0
"ENSRNOG00000070960",0
"ENSRNOG00000022848",0
"ENSRNOG00000055202",0
"ENSRNOG00000067179",0
"ENSRNOG00000037845",0
"ENSRNOG00000069728",0
"ENSRNOG00000049849",98
"ENSRNOG00000056042",0
"ENSRNOG00000022806",5
"ENSRNOG00000069345",0
"ENSRNOG00000029330",27
"ENSRNOG00000029078",1
"ENSRNOG00000065911",0
"ENSRNOG00000059358",0
"ENSRNOG00000002379",0
"ENSRNOG00000065371",0
"ENSRNOG00000023005",0
"ENSRNOG00000011729",68
"ENSRNOG00000065841",0
"ENSRNOG00000004676",111
"ENSRNOG00000066206",0
"ENSRNOG00000052694",0
"ENSRNOG00000060712",0
"ENSRNOG00000067906",0
"ENSRNOG00000068778",0
"ENSRNOG00000065427",0
"ENSRNOG00000069571",26
"ENSRNOG00000066440",0
"ENSRNOG00000048066",0
"ENSRNOG00000056924",0
"ENSRNOG00000065224",0
"ENSRNOG00000065883",478
"ENSRNOG00000037838",5
"ENSRNOG00000068927",0
"ENSRNOG00000002387",76
"ENSRNOG00000063107",0
"ENSRNOG00000062343",0
"ENSRNOG00000052123",0
"ENSRNOG00000053261",0
"ENSRNOG00000069846",0
"ENSRNOG00000064388",0
"ENSRNOG00000028822",572
"ENSRNOG00000054644",0
"ENSRNOG00000000879",285
"ENSRNOG00000067319",0
"ENSRNOG00000002451",0
"ENSRNOG00000062658",0
"ENSRNOG00000032973",2
"ENSRNOG00000053584",0
"ENSRNOG00000060856",0
"ENSRNOG00000011113",0
"ENSRNOG00000048817",32
"ENSRNOG00000063933",2
"ENSRNOG00000051310",0
"ENSRNOG00000002428",24
"ENSRNOG00000067786",217
"ENSRNOG00000065631",18
"ENSRNOG00000061508",368
"ENSRNOG00000029935",0
"ENSRNOG00000067513",0
"ENSRNOG00000011508",19
"ENSRNOG00000056326",0
"ENSRNOG00000002921",0
"ENSRNOG00000027520",8308
"ENSRNOG00000054559",0
"ENSRNOG00000052401",1
"ENSRNOG00000070035",241
"ENSRNOG00000053104",0
"ENSRNOG00000037839",0
"ENSRNOG00000052165",0
"ENSRNOG00000052635",0
"ENSRNOG00000070771",0
"ENSRNOG00000056635",0
"ENSRNOG00000057644",0
"ENSRNOG00000056858",0
"ENSRNOG00000058703",0
"ENSRNOG00000012786",1622
"ENSRNOG00000045577",0
"ENSRNOG00000049985",67
"ENSRNOG00000054689",250
"ENSRNOG00000059000",0
"ENSRNOG00000056735",116
"ENSRNOG00000056465",0
"ENSRNOG00000067534",0
"ENSRNOG00000009746",36
"ENSRNOG00000058792",0
"ENSRNOG00000066758",0
"ENSRNOG00000058540",0
"ENSRNOG00000055485",3
"ENSRNOG00000064032",5
"ENSRNOG00000057825",0
"ENSRNOG00000067447",0
"ENSRNOG00000054805",0
"ENSRNOG00000004903",196
"ENSRNOG00000058904",0
"ENSRNOG00000006756",4518
"ENSRNOG00000067672",0
"ENSRNOG00000068061",0
"ENSRNOG00000061367",437
"ENSRNOG00000063973",19
"ENSRNOG00000066168",1
"ENSRNOG00000068049",0
"ENSRNOG00000003187",69
"ENSRNOG00000066717",0
"ENSRNOG00000066062",0
"ENSRNOG00000058336",0
"ENSRNOG00000005303",245
"ENSRNOG00000056084",2
"ENSRNOG00000069859",0
"ENSRNOG00000003194",17
"ENSRNOG00000053885",0
"ENSRNOG00000059999",0
"ENSRNOG00000013162",2
"ENSRNOG00000070753",0
"ENSRNOG00000065170",0
"ENSRNOG00000022476",0
"ENSRNOG00000066034",0
"ENSRNOG00000070348",0
"ENSRNOG00000070790",0
"ENSRNOG00000060763",0
"ENSRNOG00000063275",542
"ENSRNOG00000003191",198
"ENSRNOG00000068964",0
"ENSRNOG00000005387",2813
"ENSRNOG00000007733",47
"ENSRNOG00000004036",794
"ENSRNOG00000027331",4
"ENSRNOG00000037658",64
"ENSRNOG00000030519",0
"ENSRNOG00000003622",0
"ENSRNOG00000047960",5
"ENSRNOG00000003836",1
"ENSRNOG00000014029",854
"ENSRNOG00000033316",161
"ENSRNOG00000034182",283
"ENSRNOG00000007984",537
"ENSRNOG00000027767",0
"ENSRNOG00000012995",0
"ENSRNOG00000067596",1
"ENSRNOG00000048025",533
"ENSRNOG00000057091",12
"ENSRNOG00000003954",0
"ENSRNOG00000062241",1
"ENSRNOG00000047339",240
"ENSRNOG00000003949",107
"ENSRNOG00000046021",9
"ENSRNOG00000027899",0
"ENSRNOG00000018923",778
"ENSRNOG00000067767",0
"ENSRNOG00000063456",4
"ENSRNOG00000032132",1
"ENSRNOG00000056845",0
"ENSRNOG00000069852",0
"ENSRNOG00000050510",1378
"ENSRNOG00000002429",1
"ENSRNOG00000053351",0
"ENSRNOG00000003783",0
"ENSRNOG00000069303",2607
"ENSRNOG00000030759",173
"ENSRNOG00000046918",79
"ENSRNOG00000038269",0
"ENSRNOG00000004882",4
"ENSRNOG00000023256",0
"ENSRNOG00000038257",4
"ENSRNOG00000042751",0
"ENSRNOG00000040008",0
"ENSRNOG00000058952",0
"ENSRNOG00000002862",166
"ENSRNOG00000043229",0
"ENSRNOG00000050041",0
"ENSRNOG00000038066",0
"ENSRNOG00000067987",0
"ENSRNOG00000003726",6
"ENSRNOG00000071183",0
"ENSRNOG00000038046",0
"ENSRNOG00000000875",26882
"ENSRNOG00000062756",0
"ENSRNOG00000003848",889
"ENSRNOG00000066828",0
"ENSRNOG00000054638",0
"ENSRNOG00000013018",109
"ENSRNOG00000038169",48
"ENSRNOG00000025383",558
"ENSRNOG00000002984",0
"ENSRNOG00000031534",0
"ENSRNOG00000031517",2659
"ENSRNOG00000004197",25
"ENSRNOG00000008177",44
"ENSRNOG00000042687",0
"ENSRNOG00000048706",4
"ENSRNOG00000039305",0
"ENSRNOG00000003025",0
"ENSRNOG00000026267",292
"ENSRNOG00000062879",2
"ENSRNOG00000033484",1
"ENSRNOG00000030877",0
"ENSRNOG00000042779",0
"ENSRNOG00000062360",558
"ENSRNOG00000003062",305
"ENSRNOG00000006877",232
"ENSRNOG00000021400",0
"ENSRNOG00000025290",0
"ENSRNOG00000031286",2
"ENSRNOG00000065591",19
"ENSRNOG00000003008",0
"ENSRNOG00000062346",0
"ENSRNOG00000027761",167
"ENSRNOG00000018301",128
"ENSRNOG00000048011",0
"ENSRNOG00000063494",0
"ENSRNOG00000002565",607
"ENSRNOG00000066262",0
"ENSRNOG00000002660",75
"ENSRNOG00000062951",0
"ENSRNOG00000000871",0
"ENSRNOG00000003812",54
"ENSRNOG00000068306",664
"ENSRNOG00000039323",0
"ENSRNOG00000028585",1147
"ENSRNOG00000031283",0
"ENSRNOG00000005736",1121
"ENSRNOG00000032807",383
"ENSRNOG00000028050",0
"ENSRNOG00000033458",0
"ENSRNOG00000042753",242
"ENSRNOG00000002784",0
"ENSRNOG00000040013",0
"ENSRNOG00000029090",0
"ENSRNOG00000037799",0
"ENSRNOG00000005135",66
"ENSRNOG00000066048",180
"ENSRNOG00000028044",0
"ENSRNOG00000021748",114
"ENSRNOG00000029736",0
"ENSRNOG00000065266",2
"ENSRNOG00000065209",0
"ENSRNOG00000032797",0
"ENSRNOG00000026315",0
"ENSRNOG00000027907",0
"ENSRNOG00000069568",260
"ENSRNOG00000069398",0
"ENSRNOG00000040033",0
"ENSRNOG00000003354",0
"ENSRNOG00000066859",0
"ENSRNOG00000053601",108
"ENSRNOG00000002592",0
"ENSRNOG00000046053",0
"ENSRNOG00000032390",1
"ENSRNOG00000003030",0
"ENSRNOG00000029850",0
"ENSRNOG00000002959",236
"ENSRNOG00000069000",0
"ENSRNOG00000054401",0
"ENSRNOG00000024884",0
"ENSRNOG00000021547",0
"ENSRNOG00000029087",89
"ENSRNOG00000048213",0
"ENSRNOG00000060542",131
"ENSRNOG00000029926",61
"ENSRNOG00000006642",228
"ENSRNOG00000007766",197
"ENSRNOG00000003377",0
"ENSRNOG00000067363",3
"ENSRNOG00000049355",2
"ENSRNOG00000046390",2
"ENSRNOG00000004322",2
"ENSRNOG00000028847",0
"ENSRNOG00000032208",0
"ENSRNOG00000037707",7
"ENSRNOG00000043182",41
"ENSRNOG00000058183",26
"ENSRNOG00000002291",97
"ENSRNOG00000049020",0
"ENSRNOG00000024801",348
"ENSRNOG00000000869",767
"ENSRNOG00000030475",108
"ENSRNOG00000045618",0
"ENSRNOG00000062353",484
"ENSRNOG00000046858",1
"ENSRNOG00000037610",0
"ENSRNOG00000039203",843
"ENSRNOG00000034198",385
"ENSRNOG00000021589",12
"ENSRNOG00000067072",340
"ENSRNOG00000026227",0
"ENSRNOG00000019176",0
"ENSRNOG00000022939",210
"ENSRNOG00000037711",0
"ENSRNOG00000047100",0
"ENSRNOG00000022391",6
"ENSRNOG00000066509",0
"ENSRNOG00000037645",0
"ENSRNOG00000039192",2
"ENSRNOG00000040026",0
"ENSRNOG00000026265",0
"ENSRNOG00000066297",47
"ENSRNOG00000050465",97
"ENSRNOG00000010092",23
"ENSRNOG00000004795",0
"ENSRNOG00000012756",0
"ENSRNOG00000029512",10
"ENSRNOG00000064591",0
"ENSRNOG00000003430",0
"ENSRNOG00000039496",5901
"ENSRNOG00000039980",626
"ENSRNOG00000030645",11
"ENSRNOG00000027658",0
"ENSRNOG00000049392",2
"ENSRNOG00000012564",125
"ENSRNOG00000069556",2
"ENSRNOG00000061620",0
"ENSRNOG00000022417",282
"ENSRNOG00000003554",113
"ENSRNOG00000031533",0
"ENSRNOG00000004409",0
"ENSRNOG00000070784",0
"ENSRNOG00000003707",396
"ENSRNOG00000063745",0
"ENSRNOG00000063942",3
"ENSRNOG00000003734",8
"ENSRNOG00000068286",7
"ENSRNOG00000023016",1
"ENSRNOG00000063278",307
"ENSRNOG00000021434",0
"ENSRNOG00000039985",870
"ENSRNOG00000048990",0
"ENSRNOG00000003456",0
"ENSRNOG00000037506",0
"ENSRNOG00000069375",0
"ENSRNOG00000071109",0
"ENSRNOG00000003742",261
"ENSRNOG00000063966",736
"ENSRNOG00000033413",0
"ENSRNOG00000065461",0
"ENSRNOG00000033628",0
"ENSRNOG00000065004",10
"ENSRNOG00000029322",0
"ENSRNOG00000067186",0
"ENSRNOG00000007345",45
"ENSRNOG00000049908",108
"ENSRNOG00000063711",0
"ENSRNOG00000062329",8
"ENSRNOG00000069341",1
"ENSRNOG00000062994",0
"ENSRNOG00000058089",0
"ENSRNOG00000034150",510
"ENSRNOG00000064868",0
"ENSRNOG00000030434",0
"ENSRNOG00000045535",421
"ENSRNOG00000062421",165
"ENSRNOG00000029788",0
"ENSRNOG00000066544",0
"ENSRNOG00000069643",0
"ENSRNOG00000058173",0
"ENSRNOG00000007688",54
"ENSRNOG00000067223",21
"ENSRNOG00000070469",0
"ENSRNOG00000066398",1
"ENSRNOG00000013321",601
"ENSRNOG00000070141",0
"ENSRNOG00000059783",0
"ENSRNOG00000043487",0
"ENSRNOG00000005176",3
"ENSRNOG00000003472",359
"ENSRNOG00000067844",0
"ENSRNOG00000067113",0
"ENSRNOG00000067936",0
"ENSRNOG00000063423",0
"ENSRNOG00000047491",0
"ENSRNOG00000063525",0
"ENSRNOG00000002509",707
"ENSRNOG00000060421",1
"ENSRNOG00000048356",693
"ENSRNOG00000040249",2
"ENSRNOG00000051885",2
"ENSRNOG00000058333",0
"ENSRNOG00000005681",1
"ENSRNOG00000070384",1
"ENSRNOG00000004971",115
"ENSRNOG00000052773",0
"ENSRNOG00000069211",0
"ENSRNOG00000050915",0
"ENSRNOG00000002449",457
"ENSRNOG00000059720",0
"ENSRNOG00000005157",3891
"ENSRNOG00000038970",346
"ENSRNOG00000064829",126
"ENSRNOG00000064917",218
"ENSRNOG00000007014",0
"ENSRNOG00000068201",0
"ENSRNOG00000062296",10
"ENSRNOG00000037399",0
"ENSRNOG00000062231",166
"ENSRNOG00000065027",0
"ENSRNOG00000023440",58
"ENSRNOG00000000873",0
"ENSRNOG00000003531",0
"ENSRNOG00000024763",22
"ENSRNOG00000068015",0
"ENSRNOG00000068349",4
"ENSRNOG00000046097",0
"ENSRNOG00000068897",0
"ENSRNOG00000051726",0
"ENSRNOG00000007495",20
"ENSRNOG00000065503",0
"ENSRNOG00000002537",82
"ENSRNOG00000003883",49
"ENSRNOG00000003532",0
"ENSRNOG00000071107",0
"ENSRNOG00000043402",0
"ENSRNOG00000071186",0
"ENSRNOG00000064144",0
"ENSRNOG00000070324",0
"ENSRNOG00000003809",1250
"ENSRNOG00000060137",143
"ENSRNOG00000071039",1
"ENSRNOG00000000866",562
"ENSRNOG00000003763",558
"ENSRNOG00000032418",0
"ENSRNOG00000024322",112
"ENSRNOG00000000861",0
"ENSRNOG00000032629",0
"ENSRNOG00000006632",565
"ENSRNOG00000011562",0
"ENSRNOG00000057706",674
"ENSRNOG00000002413",3311
"ENSRNOG00000070217",8
"ENSRNOG00000061782",149
"ENSRNOG00000049579",0
"ENSRNOG00000007644",263
"ENSRNOG00000003049",443
"ENSRNOG00000003409",0
"ENSRNOG00000003081",20
"ENSRNOG00000064007",1
"ENSRNOG00000069252",0
"ENSRNOG00000003139",637
"ENSRNOG00000003860",0
"ENSRNOG00000027831",37
"ENSRNOG00000029158",0
"ENSRNOG00000012560",0
"ENSRNOG00000003713",0
"ENSRNOG00000058975",651
"ENSRNOG00000046662",392
"ENSRNOG00000060486",43
"ENSRNOG00000063224",0
"ENSRNOG00000063647",1
"ENSRNOG00000058521",0
"ENSRNOG00000066658",0
"ENSRNOG00000001465",2697
"ENSRNOG00000070796",0
"ENSRNOG00000037381",0
"ENSRNOG00000031222",0
"ENSRNOG00000063675",0
"ENSRNOG00000058507",4
"ENSRNOG00000048059",0
"ENSRNOG00000011047",511
"ENSRNOG00000063254",110
"ENSRNOG00000011096",104
"ENSRNOG00000063631",5
"ENSRNOG00000067343",1
"ENSRNOG00000062315",0
"ENSRNOG00000069253",0
"ENSRNOG00000052572",0
"ENSRNOG00000022882",3479
"ENSRNOG00000064535",199
"ENSRNOG00000053397",5
"ENSRNOG00000003435",23
"ENSRNOG00000061428",0
"ENSRNOG00000056855",0
"ENSRNOG00000067514",28
"ENSRNOG00000069396",75
"ENSRNOG00000015544",587
"ENSRNOG00000011335",0
"ENSRNOG00000066670",0
"ENSRNOG00000057464",248
"ENSRNOG00000062783",0
"ENSRNOG00000059593",144
"ENSRNOG00000068777",0
"ENSRNOG00000053402",0
"ENSRNOG00000051704",20
"ENSRNOG00000048606",620
"ENSRNOG00000052022",0
"ENSRNOG00000058317",0
"ENSRNOG00000064273",0
"ENSRNOG00000056558",0
"ENSRNOG00000066176",0
"ENSRNOG00000069761",0
"ENSRNOG00000070033",306
"ENSRNOG00000068983",0
"ENSRNOG00000055822",0
"ENSRNOG00000068104",1
"ENSRNOG00000069789",0
"ENSRNOG00000056765",16552
"ENSRNOG00000066728",0
"ENSRNOG00000058882",1698
"ENSRNOG00000055185",0
"ENSRNOG00000061182",0
"ENSRNOG00000050177",1
"ENSRNOG00000055756",666
"ENSRNOG00000056524",123
"ENSRNOG00000064693",0
"ENSRNOG00000057620",1065
"ENSRNOG00000054272",387
"ENSRNOG00000006082",15
"ENSRNOG00000068860",0
"ENSRNOG00000006523",163
"ENSRNOG00000063707",0
"ENSRNOG00000062976",0
"ENSRNOG00000064245",0
"ENSRNOG00000006929",392
"ENSRNOG00000062682",0
"ENSRNOG00000063148",0
"ENSRNOG00000040287",1973
"ENSRNOG00000066971",0
"ENSRNOG00000065042",2
"ENSRNOG00000067603",0
"ENSRNOG00000032136",704
"ENSRNOG00000062915",0
"ENSRNOG00000033376",0
"ENSRNOG00000065459",0
"ENSRNOG00000004706",0
"ENSRNOG00000066380",0
"ENSRNOG00000069750",0
"ENSRNOG00000071091",0
"ENSRNOG00000066590",0
"ENSRNOG00000068696",0
"ENSRNOG00000070047",0
"ENSRNOG00000063672",0
"ENSRNOG00000025926",499
"ENSRNOG00000070891",0
"ENSRNOG00000068413",0
"ENSRNOG00000065690",0
"ENSRNOG00000004806",308
"ENSRNOG00000015796",75
"ENSRNOG00000007023",269
"ENSRNOG00000015667",0
"ENSRNOG00000005289",1199
"ENSRNOG00000015059",430
"ENSRNOG00000016110",2
"ENSRNOG00000067942",1
"ENSRNOG00000067086",830
"ENSRNOG00000068285",0
"ENSRNOG00000005279",116
"ENSRNOG00000040136",0
"ENSRNOG00000024372",56
"ENSRNOG00000005087",429
"ENSRNOG00000024525",96
"ENSRNOG00000014879",133
"ENSRNOG00000064368",20
"ENSRNOG00000066755",135
"ENSRNOG00000016528",185
"ENSRNOG00000015566",1
"ENSRNOG00000005705",0
"ENSRNOG00000028504",648
"ENSRNOG00000016703",1
"ENSRNOG00000005810",0
"ENSRNOG00000016688",1121
"ENSRNOG00000042932",263
"ENSRNOG00000015603",106
"ENSRNOG00000030328",498
"ENSRNOG00000062519",0
"ENSRNOG00000016712",0
"ENSRNOG00000015215",108
"ENSRNOG00000032703",371
"ENSRNOG00000062904",13
"ENSRNOG00000015325",257
"ENSRNOG00000005856",244
"ENSRNOG00000046926",0
"ENSRNOG00000016783",0
"ENSRNOG00000049335",2
"ENSRNOG00000070800",0
"ENSRNOG00000021318",569
"ENSRNOG00000040110",526
"ENSRNOG00000048315",202
"ENSRNOG00000002516",363
"ENSRNOG00000014720",200
"ENSRNOG00000068029",22
"ENSRNOG00000069334",0
"ENSRNOG00000050220",2
"ENSRNOG00000057031",14
"ENSRNOG00000007172",1229
"ENSRNOG00000005124",603
"ENSRNOG00000069544",0
"ENSRNOG00000070393",0
"ENSRNOG00000005420",0
"ENSRNOG00000066978",0
"ENSRNOG00000016396",445
"ENSRNOG00000005250",0
"ENSRNOG00000016134",172
"ENSRNOG00000063108",757
"ENSRNOG00000015559",0
"ENSRNOG00000030667",281
"ENSRNOG00000062020",0
"ENSRNOG00000068059",0
"ENSRNOG00000051000",0
"ENSRNOG00000069250",0
"ENSRNOG00000004188",0
"ENSRNOG00000029776",0
"ENSRNOG00000049398",0
"ENSRNOG00000062685",0
"ENSRNOG00000069124",0
"ENSRNOG00000040045",136
"ENSRNOG00000004577",463
"ENSRNOG00000052193",0
"ENSRNOG00000031342",187
"ENSRNOG00000005877",829
"ENSRNOG00000028518",0
"ENSRNOG00000002495",0
"ENSRNOG00000065320",0
"ENSRNOG00000031564",1
"ENSRNOG00000005067",1435
"ENSRNOG00000024310",7
"ENSRNOG00000050408",0
"ENSRNOG00000004208",3215
"ENSRNOG00000032523",10
"ENSRNOG00000030629",61
"ENSRNOG00000064208",0
"ENSRNOG00000062523",3
"ENSRNOG00000065148",432
"ENSRNOG00000064848",41
"ENSRNOG00000046279",4
"ENSRNOG00000063865",0
"ENSRNOG00000007744",351
"ENSRNOG00000068283",0
"ENSRNOG00000029871",2
"ENSRNOG00000068823",0
"ENSRNOG00000068981",0
"ENSRNOG00000030034",16
"ENSRNOG00000067080",0
"ENSRNOG00000039207",1
"ENSRNOG00000047115",99
"ENSRNOG00000007326",443
"ENSRNOG00000047877",0
"ENSRNOG00000056825",0
"ENSRNOG00000063683",0
"ENSRNOG00000007951",0
"ENSRNOG00000011091",0
"ENSRNOG00000065478",15
"ENSRNOG00000069569",14
"ENSRNOG00000032513",0
"ENSRNOG00000068008",0
"ENSRNOG00000066939",1
"ENSRNOG00000064210",7
"ENSRNOG00000006399",647
"ENSRNOG00000067232",126
"ENSRNOG00000068503",0
"ENSRNOG00000067053",0
"ENSRNOG00000069610",124
"ENSRNOG00000067921",3
"ENSRNOG00000062245",863
"ENSRNOG00000027136",276
"ENSRNOG00000070156",0
"ENSRNOG00000062594",0
"ENSRNOG00000029594",976
"ENSRNOG00000067976",397
"ENSRNOG00000064776",0
"ENSRNOG00000031317",0
"ENSRNOG00000007006",161
"ENSRNOG00000030058",1
"ENSRNOG00000066517",0
"ENSRNOG00000068318",1
"ENSRNOG00000002874",247
"ENSRNOG00000066790",0
"ENSRNOG00000065578",10
"ENSRNOG00000034026",527
"ENSRNOG00000030869",31
"ENSRNOG00000063393",0
"ENSRNOG00000068021",0
"ENSRNOG00000027126",0
"ENSRNOG00000062958",0
"ENSRNOG00000069324",0
"ENSRNOG00000031285",199
"ENSRNOG00000005151",105
"ENSRNOG00000066637",6172
"ENSRNOG00000004589",8
"ENSRNOG00000067538",0
"ENSRNOG00000022697",0
"ENSRNOG00000006340",1434
"ENSRNOG00000068506",0
"ENSRNOG00000008614",199
"ENSRNOG00000049817",0
"ENSRNOG00000068533",63
"ENSRNOG00000067189",1
"ENSRNOG00000069525",3
"ENSRNOG00000062652",17267
"ENSRNOG00000067745",7
"ENSRNOG00000064997",4
"ENSRNOG00000026742",531
"ENSRNOG00000038771",3
"ENSRNOG00000064247",1
"ENSRNOG00000066665",150
"ENSRNOG00000065542",3
"ENSRNOG00000008584",34
"ENSRNOG00000004163",0
"ENSRNOG00000066455",0
"ENSRNOG00000064012",0
"ENSRNOG00000067139",0
"ENSRNOG00000021403",1267
"ENSRNOG00000069562",0
"ENSRNOG00000025899",502
"ENSRNOG00000004509",239
"ENSRNOG00000069167",0
"ENSRNOG00000007459",2650
"ENSRNOG00000062786",11
"ENSRNOG00000028058",0
"ENSRNOG00000066124",0
"ENSRNOG00000067724",7
"ENSRNOG00000066295",1
"ENSRNOG00000063720",51
"ENSRNOG00000069486",0
"ENSRNOG00000067604",0
"ENSRNOG00000005053",4
"ENSRNOG00000069595",121
"ENSRNOG00000065782",0
"ENSRNOG00000062750",0
"ENSRNOG00000004499",4
"ENSRNOG00000065519",134
"ENSRNOG00000027042",1
"ENSRNOG00000008299",0
"ENSRNOG00000068248",1
"ENSRNOG00000069517",0
"ENSRNOG00000033058",84
"ENSRNOG00000031263",0
"ENSRNOG00000068280",0
"ENSRNOG00000070424",868
"ENSRNOG00000066530",0
"ENSRNOG00000029172",69
"ENSRNOG00000042697",6
"ENSRNOG00000065241",71
"ENSRNOG00000070862",0
"ENSRNOG00000065535",0
"ENSRNOG00000069422",0
"ENSRNOG00000068162",2
"ENSRNOG00000065552",0
"ENSRNOG00000007081",554
"ENSRNOG00000006599",0
"ENSRNOG00000004535",0
"ENSRNOG00000066075",0
"ENSRNOG00000007237",1403
"ENSRNOG00000029835",6
"ENSRNOG00000066896",0
"ENSRNOG00000008086",1
"ENSRNOG00000064224",0
"ENSRNOG00000069102",0
"ENSRNOG00000063453",0
"ENSRNOG00000004526",1223
"ENSRNOG00000009039",250
"ENSRNOG00000004582",24
"ENSRNOG00000063643",0
"ENSRNOG00000070058",0
"ENSRNOG00000070426",4
"ENSRNOG00000066119",24
"ENSRNOG00000067664",0
"ENSRNOG00000055777",1194
"ENSRNOG00000070307",1
"ENSRNOG00000063858",0
"ENSRNOG00000068442",0
"ENSRNOG00000010126",134
"ENSRNOG00000051551",0
"ENSRNOG00000009285",182
"ENSRNOG00000012062",4890
"ENSRNOG00000056011",211
"ENSRNOG00000038335",0
"ENSRNOG00000065489",0
"ENSRNOG00000068325",1
"ENSRNOG00000042752",22
"ENSRNOG00000068738",11
"ENSRNOG00000012085",158
"ENSRNOG00000053311",0
"ENSRNOG00000066833",0
"ENSRNOG00000042542",0
"ENSRNOG00000068002",2
"ENSRNOG00000033090",3654
"ENSRNOG00000063339",633
"ENSRNOG00000011026",527
"ENSRNOG00000063888",0
"ENSRNOG00000067219",0
"ENSRNOG00000066815",0
"ENSRNOG00000064769",148
"ENSRNOG00000062878",0
"ENSRNOG00000071076",0
"ENSRNOG00000009151",52
"ENSRNOG00000066282",65
"ENSRNOG00000050817",121
"ENSRNOG00000061911",0
"ENSRNOG00000012652",0
"ENSRNOG00000008644",0
"ENSRNOG00000070197",0
"ENSRNOG00000032375",0
"ENSRNOG00000068075",0
"ENSRNOG00000052017",0
"ENSRNOG00000063825",82
"ENSRNOG00000027317",1105
"ENSRNOG00000053429",0
"ENSRNOG00000005610",111
"ENSRNOG00000005249",465
"ENSRNOG00000069735",0
"ENSRNOG00000067643",0
"ENSRNOG00000030294",253
"ENSRNOG00000004269",0
"ENSRNOG00000004262",117
"ENSRNOG00000039902",2060
"ENSRNOG00000067034",0
"ENSRNOG00000066171",2
"ENSRNOG00000032348",77
"ENSRNOG00000005826",2035
"ENSRNOG00000004657",2194
"ENSRNOG00000066846",1
"ENSRNOG00000008683",10
"ENSRNOG00000067897",0
"ENSRNOG00000063718",13
"ENSRNOG00000006321",10
"ENSRNOG00000067198",0
"ENSRNOG00000070054",1
"ENSRNOG00000068419",5
"ENSRNOG00000071152",0
"ENSRNOG00000004360",67
"ENSRNOG00000066662",0
"ENSRNOG00000008806",1
"ENSRNOG00000068595",2
"ENSRNOG00000004696",648
"ENSRNOG00000008942",1
"ENSRNOG00000063663",0
"ENSRNOG00000007390",205
"ENSRNOG00000056792",0
"ENSRNOG00000071054",0
"ENSRNOG00000027191",2844
"ENSRNOG00000006976",297
"ENSRNOG00000065348",50
"ENSRNOG00000005144",238
"ENSRNOG00000006878",0
"ENSRNOG00000007254",2
"ENSRNOG00000008931",0
"ENSRNOG00000004205",179
"ENSRNOG00000060614",7111
"ENSRNOG00000004199",100
"ENSRNOG00000004103",79
"ENSRNOG00000007690",2
"ENSRNOG00000025317",66
"ENSRNOG00000065555",39
"ENSRNOG00000004646",0
"ENSRNOG00000004061",233
"ENSRNOG00000026316",443
"ENSRNOG00000008082",128
"ENSRNOG00000009385",1
"ENSRNOG00000009284",2
"ENSRNOG00000008479",807
"ENSRNOG00000004928",1
"ENSRNOG00000004612",1575
"ENSRNOG00000022791",0
"ENSRNOG00000007253",259
"ENSRNOG00000027305",0
"ENSRNOG00000068412",504
"ENSRNOG00000009790",0
"ENSRNOG00000062834",190
"ENSRNOG00000069769",350
"ENSRNOG00000058692",0
"ENSRNOG00000046262",0
"ENSRNOG00000066667",0
"ENSRNOG00000007907",8
"ENSRNOG00000005660",4
"ENSRNOG00000007646",736
"ENSRNOG00000066260",0
"ENSRNOG00000024905",0
"ENSRNOG00000006828",228
"ENSRNOG00000026037",2
"ENSRNOG00000009079",225
"ENSRNOG00000004382",584
"ENSRNOG00000005285",95
"ENSRNOG00000004723",381
"ENSRNOG00000005550",0
"ENSRNOG00000057813",89
"ENSRNOG00000007884",46
"ENSRNOG00000004685",376
"ENSRNOG00000046740",1418
"ENSRNOG00000067489",0
"ENSRNOG00000046896",0
"ENSRNOG00000005061",1070
"ENSRNOG00000068245",1
"ENSRNOG00000006986",34
"ENSRNOG00000004534",3
"ENSRNOG00000047941",2
"ENSRNOG00000006364",270
"ENSRNOG00000004901",87
"ENSRNOG00000032776",513
"ENSRNOG00000040266",13
"ENSRNOG00000026905",721
"ENSRNOG00000064975",311
"ENSRNOG00000005530",0
"ENSRNOG00000027332",25
"ENSRNOG00000050570",1099
"ENSRNOG00000004927",224
"ENSRNOG00000027343",0
"ENSRNOG00000023591",133
"ENSRNOG00000053460",1
"ENSRNOG00000008155",44
"ENSRNOG00000006090",0
"ENSRNOG00000029637",0
"ENSRNOG00000004941",170
"ENSRNOG00000006146",0
"ENSRNOG00000007043",58
"ENSRNOG00000009856",1764
"ENSRNOG00000049989",113
"ENSRNOG00000069218",0
"ENSRNOG00000051280",131
"ENSRNOG00000004364",708
"ENSRNOG00000067360",38
"ENSRNOG00000056610",214
"ENSRNOG00000058973",172
"ENSRNOG00000007114",221
"ENSRNOG00000006204",19
"ENSRNOG00000005998",4535
"ENSRNOG00000027360",543
"ENSRNOG00000008423",0
"ENSRNOG00000004710",8
"ENSRNOG00000008927",702
"ENSRNOG00000008961",435
"ENSRNOG00000008249",439
"ENSRNOG00000025388",41
"ENSRNOG00000063368",4
"ENSRNOG00000042333",54
"ENSRNOG00000055899",0
"ENSRNOG00000008996",1
"ENSRNOG00000047455",1
"ENSRNOG00000005298",234
"ENSRNOG00000008291",93
"ENSRNOG00000056721",199
"ENSRNOG00000010553",7
"ENSRNOG00000010800",2116
"ENSRNOG00000010653",282
"ENSRNOG00000009754",389
"ENSRNOG00000011918",15
"ENSRNOG00000026884",607
"ENSRNOG00000023093",50
"ENSRNOG00000007106",472
"ENSRNOG00000024629",1239
"ENSRNOG00000047312",0
"ENSRNOG00000048145",0
"ENSRNOG00000068687",131
"ENSRNOG00000032391",2695
"ENSRNOG00000065342",0
"ENSRNOG00000036490",0
"ENSRNOG00000022970",0
"ENSRNOG00000005260",140
"ENSRNOG00000003988",114
"ENSRNOG00000035618",1
"ENSRNOG00000068695",0
"ENSRNOG00000035634",0
"ENSRNOG00000026344",0
"ENSRNOG00000035612",0
"ENSRNOG00000007061",25
"ENSRNOG00000046172",730
"ENSRNOG00000023230",35
"ENSRNOG00000010194",119
"ENSRNOG00000046763",5
"ENSRNOG00000012094",2517
"ENSRNOG00000047143",49
"ENSRNOG00000045892",1194
"ENSRNOG00000005301",341
"ENSRNOG00000011040",240
"ENSRNOG00000063727",0
"ENSRNOG00000022738",1072
"ENSRNOG00000050114",0
"ENSRNOG00000049783",1189
"ENSRNOG00000069999",6
"ENSRNOG00000067033",6
"ENSRNOG00000005522",15
"ENSRNOG00000028650",456
"ENSRNOG00000049615",1
"ENSRNOG00000056904",718
"ENSRNOG00000010227",127
"ENSRNOG00000067279",0
"ENSRNOG00000000618",11
"ENSRNOG00000050386",0
"ENSRNOG00000011111",623
"ENSRNOG00000037436",0
"ENSRNOG00000064159",0
"ENSRNOG00000024766",0
"ENSRNOG00000003759",26
"ENSRNOG00000049430",386
"ENSRNOG00000047088",2609
"ENSRNOG00000004521",371
"ENSRNOG00000010646",23
"ENSRNOG00000004158",211
"ENSRNOG00000065590",0
"ENSRNOG00000012950",8
"ENSRNOG00000012146",326
"ENSRNOG00000005410",7
"ENSRNOG00000004629",194
"ENSRNOG00000047708",190
"ENSRNOG00000010750",154
"ENSRNOG00000003908",59
"ENSRNOG00000039815",167
"ENSRNOG00000062909",0
"ENSRNOG00000005371",409
"ENSRNOG00000070656",0
"ENSRNOG00000064799",202
"ENSRNOG00000004342",1260
"ENSRNOG00000004196",552
"ENSRNOG00000050413",4
"ENSRNOG00000003732",430
"ENSRNOG00000066482",0
"ENSRNOG00000007141",201
"ENSRNOG00000004218",81
"ENSRNOG00000005054",2
"ENSRNOG00000012264",362
"ENSRNOG00000004068",817
"ENSRNOG00000005451",0
"ENSRNOG00000025689",103
"ENSRNOG00000012314",73
"ENSRNOG00000010567",70
"ENSRNOG00000025736",1
"ENSRNOG00000005650",23
"ENSRNOG00000004415",530
"ENSRNOG00000037998",542
"ENSRNOG00000009898",0
"ENSRNOG00000027960",54
"ENSRNOG00000009905",0
"ENSRNOG00000067599",0
"ENSRNOG00000025726",0
"ENSRNOG00000005678",3820
"ENSRNOG00000005003",2
"ENSRNOG00000051056",76
"ENSRNOG00000011334",5
"ENSRNOG00000046741",339
"ENSRNOG00000008246",435
"ENSRNOG00000003955",175
"ENSRNOG00000008047",1
"ENSRNOG00000062802",0
"ENSRNOG00000028629",2217
"ENSRNOG00000067630",0
"ENSRNOG00000062500",29
"ENSRNOG00000009448",14
"ENSRNOG00000011101",184
"ENSRNOG00000064692",0
"ENSRNOG00000008612",1044
"ENSRNOG00000021751",9
"ENSRNOG00000010730",0
"ENSRNOG00000005154",1
"ENSRNOG00000010259",0
"ENSRNOG00000046256",770
"ENSRNOG00000004994",0
"ENSRNOG00000008501",0
"ENSRNOG00000009967",0
"ENSRNOG00000021475",408
"ENSRNOG00000009653",794
"ENSRNOG00000028640",281
"ENSRNOG00000006119",0
"ENSRNOG00000037562",65
"ENSRNOG00000048378",0
"ENSRNOG00000068680",1
"ENSRNOG00000006467",497
"ENSRNOG00000004186",292
"ENSRNOG00000014595",155
"ENSRNOG00000005542",0
"ENSRNOG00000011719",1
"ENSRNOG00000014693",326
"ENSRNOG00000004542",239
"ENSRNOG00000026474",1329
"ENSRNOG00000063964",183
"ENSRNOG00000009110",789
"ENSRNOG00000009459",577
"ENSRNOG00000011285",0
"ENSRNOG00000006046",1
"ENSRNOG00000056141",219
"ENSRNOG00000004300",448
"ENSRNOG00000048874",9
"ENSRNOG00000023508",1
"ENSRNOG00000033776",1473
"ENSRNOG00000049088",19
"ENSRNOG00000008610",94
"ENSRNOG00000012210",1087
"ENSRNOG00000057628",168
"ENSRNOG00000010415",415
"ENSRNOG00000063175",0
"ENSRNOG00000067159",12
"ENSRNOG00000034190",0
"ENSRNOG00000048981",257
"ENSRNOG00000059106",0
"ENSRNOG00000064221",0
"ENSRNOG00000028155",94
"ENSRNOG00000062788",0
"ENSRNOG00000028783",388
"ENSRNOG00000064356",0
"ENSRNOG00000054892",0
"ENSRNOG00000007923",319
"ENSRNOG00000066742",0
"ENSRNOG00000064938",60
"ENSRNOG00000050312",4
"ENSRNOG00000063558",0
"ENSRNOG00000005046",446
"ENSRNOG00000070473",0
"ENSRNOG00000070272",0
"ENSRNOG00000068546",0
"ENSRNOG00000004242",39
"ENSRNOG00000065483",0
"ENSRNOG00000008015",160
"ENSRNOG00000025049",0
"ENSRNOG00000066357",0
"ENSRNOG00000059947",928
"ENSRNOG00000067258",0
"ENSRNOG00000026578",0
"ENSRNOG00000004709",658
"ENSRNOG00000065959",0
"ENSRNOG00000010457",93
"ENSRNOG00000069158",0
"ENSRNOG00000051710",1
"ENSRNOG00000066107",0
"ENSRNOG00000065996",0
"ENSRNOG00000003999",128
"ENSRNOG00000005770",0
"ENSRNOG00000062991",0
"ENSRNOG00000008588",0
"ENSRNOG00000051976",0
"ENSRNOG00000059295",595
"ENSRNOG00000063789",0
"ENSRNOG00000068799",0
"ENSRNOG00000065834",0
"ENSRNOG00000061433",0
"ENSRNOG00000071213",0
"ENSRNOG00000004425",10
"ENSRNOG00000050111",31
"ENSRNOG00000008754",383
"ENSRNOG00000005470",81
"ENSRNOG00000067815",0
"ENSRNOG00000023116",5
"ENSRNOG00000067688",0
"ENSRNOG00000063638",0
"ENSRNOG00000004059",45
"ENSRNOG00000063750",0
"ENSRNOG00000008812",1431
"ENSRNOG00000053761",0
"ENSRNOG00000064450",0
"ENSRNOG00000070986",0
"ENSRNOG00000060721",0
"ENSRNOG00000068804",0
"ENSRNOG00000064737",6
"ENSRNOG00000063542",0
"ENSRNOG00000006062",426
"ENSRNOG00000027707",240
"ENSRNOG00000066035",8
"ENSRNOG00000004239",1
"ENSRNOG00000066457",0
"ENSRNOG00000030332",0
"ENSRNOG00000005718",59
"ENSRNOG00000062402",0
"ENSRNOG00000067691",0
"ENSRNOG00000068455",0
"ENSRNOG00000070538",0
"ENSRNOG00000006588",494
"ENSRNOG00000032178",95
"ENSRNOG00000063661",0
"ENSRNOG00000063928",0
"ENSRNOG00000069392",23
"ENSRNOG00000008781",246
"ENSRNOG00000070039",4
"ENSRNOG00000066459",0
"ENSRNOG00000005264",587
"ENSRNOG00000067294",0
"ENSRNOG00000065039",0
"ENSRNOG00000060568",772
"ENSRNOG00000068630",0
"ENSRNOG00000065917",0
"ENSRNOG00000067879",0
"ENSRNOG00000046064",10
"ENSRNOG00000053121",0
"ENSRNOG00000011394",56
"ENSRNOG00000005096",761
"ENSRNOG00000051923",0
"ENSRNOG00000004908",423
"ENSRNOG00000063188",131
"ENSRNOG00000054705",0
"ENSRNOG00000004234",837
"ENSRNOG00000061723",0
"ENSRNOG00000064344",0
"ENSRNOG00000063323",2
"ENSRNOG00000070565",0
"ENSRNOG00000059576",0
"ENSRNOG00000065018",0
"ENSRNOG00000057665",0
"ENSRNOG00000063791",0
"ENSRNOG00000005023",0
"ENSRNOG00000052171",0
"ENSRNOG00000036243",0
"ENSRNOG00000062520",0
"ENSRNOG00000036489",0
"ENSRNOG00000063060",61
"ENSRNOG00000011908",826
"ENSRNOG00000068022",0
"ENSRNOG00000059648",0
"ENSRNOG00000035409",0
"ENSRNOG00000005733",976
"ENSRNOG00000040386",0
"ENSRNOG00000060643",0
"ENSRNOG00000064481",0
"ENSRNOG00000045015",0
"ENSRNOG00000053020",0
"ENSRNOG00000066562",0
"ENSRNOG00000063355",5
"ENSRNOG00000005623",689
"ENSRNOG00000071087",0
"ENSRNOG00000004899",0
"ENSRNOG00000035574",0
"ENSRNOG00000070406",0
"ENSRNOG00000057513",0
"ENSRNOG00000036492",0
"ENSRNOG00000058165",0
"ENSRNOG00000062646",0
"ENSRNOG00000036496",0
"ENSRNOG00000056412",0
"ENSRNOG00000036499",0
"ENSRNOG00000061016",0
"ENSRNOG00000036493",0
"ENSRNOG00000065181",0
"ENSRNOG00000066677",0
"ENSRNOG00000035507",0
"ENSRNOG00000004474",346
"ENSRNOG00000065445",0
"ENSRNOG00000035490",0
"ENSRNOG00000009318",252
"ENSRNOG00000053799",0
"ENSRNOG00000035625",0
"ENSRNOG00000060052",0
"ENSRNOG00000069022",1
"ENSRNOG00000040354",0
"ENSRNOG00000062762",0
"ENSRNOG00000061364",0
"ENSRNOG00000050073",0
"ENSRNOG00000070846",0
"ENSRNOG00000036488",0
"ENSRNOG00000053000",0
"ENSRNOG00000040406",0
"ENSRNOG00000062609",0
"ENSRNOG00000004210",3805
"ENSRNOG00000036487",0
"ENSRNOG00000054621",0
"ENSRNOG00000004083",869
"ENSRNOG00000065055",0
"ENSRNOG00000040358",0
"ENSRNOG00000058196",0
"ENSRNOG00000035615",0
"ENSRNOG00000070589",0
"ENSRNOG00000036491",0
"ENSRNOG00000065156",0
"ENSRNOG00000057500",0
"ENSRNOG00000048292",0
"ENSRNOG00000059614",0
"ENSRNOG00000006199",27
"ENSRNOG00000067155",0
"ENSRNOG00000036497",0
"ENSRNOG00000053684",0
"ENSRNOG00000011914",293
"ENSRNOG00000006865",5790
"ENSRNOG00000041468",0
"ENSRNOG00000056761",0
"ENSRNOG00000065431",0
"ENSRNOG00000067516",0
"ENSRNOG00000036249",0
"ENSRNOG00000059872",0
"ENSRNOG00000035573",0
"ENSRNOG00000051602",0
"ENSRNOG00000064415",0
"ENSRNOG00000070132",0
"ENSRNOG00000070000",1
"ENSRNOG00000009867",8125
"ENSRNOG00000049586",0
"ENSRNOG00000059869",0
"ENSRNOG00000065476",0
"ENSRNOG00000036486",0
"ENSRNOG00000063963",0
"ENSRNOG00000035515",0
"ENSRNOG00000056128",89
"ENSRNOG00000066123",0
"ENSRNOG00000066281",0
"ENSRNOG00000059151",0
"ENSRNOG00000040384",0
"ENSRNOG00000059370",0
"ENSRNOG00000066796",0
"ENSRNOG00000035527",0
"ENSRNOG00000035557",0
"ENSRNOG00000058527",0
"ENSRNOG00000035489",0
"ENSRNOG00000056323",1
"ENSRNOG00000065406",0
"ENSRNOG00000035470",0
"ENSRNOG00000057539",0
"ENSRNOG00000004498",0
"ENSRNOG00000036498",0
"ENSRNOG00000066892",0
"ENSRNOG00000059972",0
"ENSRNOG00000052456",0
"ENSRNOG00000035473",0
"ENSRNOG00000062767",0
"ENSRNOG00000035487",0
"ENSRNOG00000058064",0
"ENSRNOG00000064349",0
"ENSRNOG00000065305",100
"ENSRNOG00000040355",0
"ENSRNOG00000064436",0
"ENSRNOG00000039110",6
"ENSRNOG00000035600",0
"ENSRNOG00000053107",0
"ENSRNOG00000065952",0
"ENSRNOG00000054823",0
"ENSRNOG00000048809",0
"ENSRNOG00000004207",16
"ENSRNOG00000065490",0
"ENSRNOG00000036244",0
"ENSRNOG00000067682",0
"ENSRNOG00000061206",0
"ENSRNOG00000026649",195
"ENSRNOG00000064746",0
"ENSRNOG00000052215",0
"ENSRNOG00000006180",1882
"ENSRNOG00000040351",0
"ENSRNOG00000035497",0
"ENSRNOG00000068244",0
"ENSRNOG00000068111",0
"ENSRNOG00000035556",0
"ENSRNOG00000055941",0
"ENSRNOG00000004826",350
"ENSRNOG00000055274",1
"ENSRNOG00000035454",0
"ENSRNOG00000030771",0
"ENSRNOG00000069018",0
"ENSRNOG00000012686",3
"ENSRNOG00000035528",0
"ENSRNOG00000069838",0
"ENSRNOG00000053907",0
"ENSRNOG00000050479",0
"ENSRNOG00000070179",0
"ENSRNOG00000036263",0
"ENSRNOG00000004464",1942
"ENSRNOG00000064775",0
"ENSRNOG00000054830",0
"ENSRNOG00000064207",0
"ENSRNOG00000048004",2
"ENSRNOG00000061087",0
"ENSRNOG00000051913",0
"ENSRNOG00000030812",0
"ENSRNOG00000055074",0
"ENSRNOG00000052438",0
"ENSRNOG00000029121",0
"ENSRNOG00000063897",0
"ENSRNOG00000050997",557
"ENSRNOG00000061746",0
"ENSRNOG00000027645",0
"ENSRNOG00000069444",0
"ENSRNOG00000070951",865
"ENSRNOG00000058769",0
"ENSRNOG00000052462",0
"ENSRNOG00000055167",0
"ENSRNOG00000062657",0
"ENSRNOG00000066819",2
"ENSRNOG00000066213",0
"ENSRNOG00000051985",0
"ENSRNOG00000063341",0
"ENSRNOG00000003972",0
"ENSRNOG00000059185",0
"ENSRNOG00000069784",12
"ENSRNOG00000067932",4
"ENSRNOG00000069940",0
"ENSRNOG00000054985",0
"ENSRNOG00000055656",0
"ENSRNOG00000065283",0
"ENSRNOG00000027300",800
"ENSRNOG00000006867",131
"ENSRNOG00000053080",0
"ENSRNOG00000061281",1
"ENSRNOG00000064886",0
"ENSRNOG00000058917",0
"ENSRNOG00000065968",14
"ENSRNOG00000049271",6
"ENSRNOG00000006333",0
"ENSRNOG00000065965",0
"ENSRNOG00000067948",7
"ENSRNOG00000068279",0
"ENSRNOG00000004667",14
"ENSRNOG00000067508",0
"ENSRNOG00000070729",0
"ENSRNOG00000056919",0
"ENSRNOG00000058397",0
"ENSRNOG00000045854",165
"ENSRNOG00000065040",0
"ENSRNOG00000056198",0
"ENSRNOG00000004923",747
"ENSRNOG00000051372",32
"ENSRNOG00000064570",0
"ENSRNOG00000068908",0
"ENSRNOG00000062565",0
"ENSRNOG00000049223",361
"ENSRNOG00000032866",3
"ENSRNOG00000055806",0
"ENSRNOG00000070415",0
"ENSRNOG00000056614",0
"ENSRNOG00000005811",0
"ENSRNOG00000058149",0
"ENSRNOG00000070455",0
"ENSRNOG00000058594",0
"ENSRNOG00000052758",93
"ENSRNOG00000067070",12
"ENSRNOG00000060184",0
"ENSRNOG00000056818",0
"ENSRNOG00000059317",0
"ENSRNOG00000053447",0
"ENSRNOG00000067259",0
"ENSRNOG00000006652",600
"ENSRNOG00000006368",0
"ENSRNOG00000070372",0
"ENSRNOG00000049870",0
"ENSRNOG00000005063",28
"ENSRNOG00000055908",4
"ENSRNOG00000067744",0
"ENSRNOG00000069909",0
"ENSRNOG00000050653",0
"ENSRNOG00000057749",0
"ENSRNOG00000058074",0
"ENSRNOG00000005345",58
"ENSRNOG00000031440",6
"ENSRNOG00000057283",0
"ENSRNOG00000070816",0
"ENSRNOG00000051376",0
"ENSRNOG00000064235",0
"ENSRNOG00000067607",0
"ENSRNOG00000055169",0
"ENSRNOG00000067885",0
"ENSRNOG00000066374",0
"ENSRNOG00000006727",53
"ENSRNOG00000060868",0
"ENSRNOG00000004084",0
"ENSRNOG00000008728",0
"ENSRNOG00000042319",0
"ENSRNOG00000063724",20
"ENSRNOG00000067766",0
"ENSRNOG00000069300",109
"ENSRNOG00000062820",0
"ENSRNOG00000066076",0
"ENSRNOG00000024503",1263
"ENSRNOG00000069751",0
"ENSRNOG00000063713",0
"ENSRNOG00000007031",0
"ENSRNOG00000063523",0
"ENSRNOG00000031203",485
"ENSRNOG00000046309",3
"ENSRNOG00000069071",0
"ENSRNOG00000064873",0
"ENSRNOG00000030235",0
"ENSRNOG00000053317",0
"ENSRNOG00000047574",0
"ENSRNOG00000004296",30
"ENSRNOG00000067551",0
"ENSRNOG00000070937",202
"ENSRNOG00000070949",0
"ENSRNOG00000039551",35
"ENSRNOG00000047891",0
"ENSRNOG00000008445",157
"ENSRNOG00000003831",77
"ENSRNOG00000004377",47
"ENSRNOG00000032924",0
"ENSRNOG00000004198",47
"ENSRNOG00000049054",0
"ENSRNOG00000004857",21
"ENSRNOG00000004520",68
"ENSRNOG00000042391",0
"ENSRNOG00000024651",21
"ENSRNOG00000063297",0
"ENSRNOG00000004893",28
"ENSRNOG00000069554",40
"ENSRNOG00000008598",816
"ENSRNOG00000062977",3
"ENSRNOG00000066641",0
"ENSRNOG00000024338",51
"ENSRNOG00000038720",5
"ENSRNOG00000051619",20
"ENSRNOG00000004110",483
"ENSRNOG00000004216",5
"ENSRNOG00000005424",886
"ENSRNOG00000038166",135
"ENSRNOG00000066926",0
"ENSRNOG00000050539",26030
"ENSRNOG00000069868",0
"ENSRNOG00000064490",0
"ENSRNOG00000060853",477
"ENSRNOG00000030420",0
"ENSRNOG00000064626",0
"ENSRNOG00000042634",0
"ENSRNOG00000070933",0
"ENSRNOG00000063171",0
"ENSRNOG00000004754",7
"ENSRNOG00000007504",1244
"ENSRNOG00000068813",0
"ENSRNOG00000010985",333
"ENSRNOG00000050810",0
"ENSRNOG00000004496",3104
"ENSRNOG00000062618",16
"ENSRNOG00000004823",723
"ENSRNOG00000011112",2
"ENSRNOG00000004362",95
"ENSRNOG00000011164",222
"ENSRNOG00000060694",396
"ENSRNOG00000067058",0
"ENSRNOG00000054259",161
"ENSRNOG00000064989",53
"ENSRNOG00000006296",0
"ENSRNOG00000033206",189
"ENSRNOG00000005589",107
"ENSRNOG00000005126",4236
"ENSRNOG00000025648",0
"ENSRNOG00000003813",1
"ENSRNOG00000005540",184
"ENSRNOG00000056012",0
"ENSRNOG00000051650",1947
"ENSRNOG00000007699",448
"ENSRNOG00000004449",1032
"ENSRNOG00000012685",73
"ENSRNOG00000026855",0
"ENSRNOG00000054989",14
"ENSRNOG00000027773",490
"ENSRNOG00000011376",6
"ENSRNOG00000006388",6
"ENSRNOG00000067995",60
"ENSRNOG00000008046",0
"ENSRNOG00000029253",0
"ENSRNOG00000061050",1
"ENSRNOG00000068437",92
"ENSRNOG00000057934",623
"ENSRNOG00000011419",460
"ENSRNOG00000031106",0
"ENSRNOG00000004503",48
"ENSRNOG00000031655",0
"ENSRNOG00000047363",0
"ENSRNOG00000006905",1804
"ENSRNOG00000006699",14
"ENSRNOG00000026297",0
"ENSRNOG00000004794",9
"ENSRNOG00000006744",29
"ENSRNOG00000005343",0
"ENSRNOG00000009788",0
"ENSRNOG00000050197",1508
"ENSRNOG00000043441",139
"ENSRNOG00000060335",754
"ENSRNOG00000004482",3
"ENSRNOG00000027115",4
"ENSRNOG00000007851",195
"ENSRNOG00000048412",0
"ENSRNOG00000058572",950
"ENSRNOG00000005765",56
"ENSRNOG00000062478",22
"ENSRNOG00000006729",3
"ENSRNOG00000007901",2600
"ENSRNOG00000004458",5
"ENSRNOG00000039091",291
"ENSRNOG00000005045",550
"ENSRNOG00000050553",13
"ENSRNOG00000010605",0
"ENSRNOG00000062383",0
"ENSRNOG00000026239",96
"ENSRNOG00000011044",38
"ENSRNOG00000004345",549
"ENSRNOG00000005409",0
"ENSRNOG00000061519",1246
"ENSRNOG00000069640",0
"ENSRNOG00000004060",7628
"ENSRNOG00000009542",0
"ENSRNOG00000063821",23
"ENSRNOG00000006441",143
"ENSRNOG00000005287",105
"ENSRNOG00000058593",357
"ENSRNOG00000059402",433
"ENSRNOG00000005568",168
"ENSRNOG00000063912",0
"ENSRNOG00000052418",572
"ENSRNOG00000006570",631
"ENSRNOG00000005101",479
"ENSRNOG00000032669",0
"ENSRNOG00000005344",250
"ENSRNOG00000025233",0
"ENSRNOG00000058891",55
"ENSRNOG00000060278",0
"ENSRNOG00000021628",36
"ENSRNOG00000065326",15
"ENSRNOG00000054286",121
"ENSRNOG00000004067",1
"ENSRNOG00000009855",0
"ENSRNOG00000007250",247
"ENSRNOG00000007370",237
"ENSRNOG00000009921",0
"ENSRNOG00000005492",2104
"ENSRNOG00000010410",0
"ENSRNOG00000055661",179
"ENSRNOG00000061415",89
"ENSRNOG00000006911",145
"ENSRNOG00000037743",0
"ENSRNOG00000065550",0
"ENSRNOG00000062637",0
"ENSRNOG00000048191",0
"ENSRNOG00000005916",761
"ENSRNOG00000067917",0
"ENSRNOG00000022777",104
"ENSRNOG00000007267",116
"ENSRNOG00000054663",1
"ENSRNOG00000007785",178
"ENSRNOG00000010478",0
"ENSRNOG00000007329",4273
"ENSRNOG00000023176",1204
"ENSRNOG00000008222",222
"ENSRNOG00000022622",100
"ENSRNOG00000008244",196
"ENSRNOG00000008451",530
"ENSRNOG00000009263",592
"ENSRNOG00000026605",79
"ENSRNOG00000004873",14
"ENSRNOG00000053811",21
"ENSRNOG00000054052",13
"ENSRNOG00000007539",1
"ENSRNOG00000060436",202
"ENSRNOG00000008950",103
"ENSRNOG00000038496",2
"ENSRNOG00000052549",0
"ENSRNOG00000008373",1773
"ENSRNOG00000052719",94
"ENSRNOG00000006472",87
"ENSRNOG00000050761",0
"ENSRNOG00000005286",2
"ENSRNOG00000059875",404
"ENSRNOG00000004232",131
"ENSRNOG00000008051",73
"ENSRNOG00000006971",5
"ENSRNOG00000004751",592
"ENSRNOG00000004165",408
"ENSRNOG00000029949",1
"ENSRNOG00000004774",0
"ENSRNOG00000009438",0
"ENSRNOG00000021885",0
"ENSRNOG00000009296",67
"ENSRNOG00000004006",163
"ENSRNOG00000005292",507
"ENSRNOG00000064508",48
"ENSRNOG00000066628",0
"ENSRNOG00000038990",0
"ENSRNOG00000006483",1348
"ENSRNOG00000004519",798
"ENSRNOG00000064630",0
"ENSRNOG00000027444",34
"ENSRNOG00000070950",7
"ENSRNOG00000004292",129
"ENSRNOG00000064752",0
"ENSRNOG00000004841",559
"ENSRNOG00000006410",389
"ENSRNOG00000042427",303
"ENSRNOG00000058646",922
"ENSRNOG00000007089",2346
"ENSRNOG00000021919",1947
"ENSRNOG00000006587",654
"ENSRNOG00000054770",270
"ENSRNOG00000071150",0
"ENSRNOG00000010711",633
"ENSRNOG00000008292",1737
"ENSRNOG00000037762",0
"ENSRNOG00000060851",5
"ENSRNOG00000033970",402
"ENSRNOG00000004556",637
"ENSRNOG00000008101",34
"ENSRNOG00000046085",27
"ENSRNOG00000038480",132
"ENSRNOG00000070438",1
"ENSRNOG00000008108",498
"ENSRNOG00000008915",49
"ENSRNOG00000009117",306
"ENSRNOG00000005323",1130
"ENSRNOG00000007062",738
"ENSRNOG00000009166",688
"ENSRNOG00000068348",0
"ENSRNOG00000059541",0
"ENSRNOG00000069503",0
"ENSRNOG00000069889",0
"ENSRNOG00000007660",460
"ENSRNOG00000062830",0
"ENSRNOG00000070912",1
"ENSRNOG00000063243",0
"ENSRNOG00000061659",0
"ENSRNOG00000067117",0
"ENSRNOG00000069150",0
"ENSRNOG00000068122",0
"ENSRNOG00000056430",0
"ENSRNOG00000055607",0
"ENSRNOG00000059105",0
"ENSRNOG00000055672",0
"ENSRNOG00000065761",0
"ENSRNOG00000054501",0
"ENSRNOG00000068877",0
"ENSRNOG00000007364",2
"ENSRNOG00000058915",12
"ENSRNOG00000004827",1350
"ENSRNOG00000055979",0
"ENSRNOG00000066905",0
"ENSRNOG00000059161",0
"ENSRNOG00000052079",0
"ENSRNOG00000008049",1467
"ENSRNOG00000052770",2
"ENSRNOG00000064684",0
"ENSRNOG00000058332",0
"ENSRNOG00000059409",0
"ENSRNOG00000005175",675
"ENSRNOG00000056681",0
"ENSRNOG00000058875",0
"ENSRNOG00000055217",2
"ENSRNOG00000063502",1
"ENSRNOG00000058754",0
"ENSRNOG00000058198",0
"ENSRNOG00000061903",0
"ENSRNOG00000010650",7
"ENSRNOG00000057491",0
"ENSRNOG00000052183",0
"ENSRNOG00000058488",0
"ENSRNOG00000060589",0
"ENSRNOG00000047300",19
"ENSRNOG00000054970",0
"ENSRNOG00000052285",0
"ENSRNOG00000070124",0
"ENSRNOG00000063271",0
"ENSRNOG00000053398",0
"ENSRNOG00000066856",0
"ENSRNOG00000004339",505
"ENSRNOG00000065540",0
"ENSRNOG00000010914",179
"ENSRNOG00000066230",0
"ENSRNOG00000057210",0
"ENSRNOG00000056178",0
"ENSRNOG00000058813",0
"ENSRNOG00000033423",0
"ENSRNOG00000066607",0
"ENSRNOG00000066424",0
"ENSRNOG00000059267",0
"ENSRNOG00000038297",3
"ENSRNOG00000059371",0
"ENSRNOG00000055363",0
"ENSRNOG00000056408",0
"ENSRNOG00000055690",0
"ENSRNOG00000068474",0
"ENSRNOG00000068652",0
"ENSRNOG00000059389",0
"ENSRNOG00000061830",0
"ENSRNOG00000060706",0
"ENSRNOG00000066382",0
"ENSRNOG00000067818",0
"ENSRNOG00000069273",0
"ENSRNOG00000067748",0
"ENSRNOG00000070138",0
"ENSRNOG00000067707",0
"ENSRNOG00000053854",0
"ENSRNOG00000066476",0
"ENSRNOG00000065657",0
"ENSRNOG00000070908",0
"ENSRNOG00000062574",0
"ENSRNOG00000068817",0
"ENSRNOG00000063962",0
"ENSRNOG00000067874",0
"ENSRNOG00000064253",0
"ENSRNOG00000067116",0
"ENSRNOG00000062732",0
"ENSRNOG00000068604",0
"ENSRNOG00000066984",0
"ENSRNOG00000005602",378
"ENSRNOG00000065315",0
"ENSRNOG00000070806",0
"ENSRNOG00000065719",0
"ENSRNOG00000068979",0
"ENSRNOG00000063998",0
"ENSRNOG00000057567",0
"ENSRNOG00000067784",0
"ENSRNOG00000068818",0
"ENSRNOG00000065764",0
"ENSRNOG00000064927",0
"ENSRNOG00000070175",0
"ENSRNOG00000064263",0
"ENSRNOG00000068531",0
"ENSRNOG00000068812",0
"ENSRNOG00000069002",0
"ENSRNOG00000062614",0
"ENSRNOG00000067351",0
"ENSRNOG00000068172",0
"ENSRNOG00000068141",0
"ENSRNOG00000070713",0
"ENSRNOG00000070339",0
"ENSRNOG00000067746",0
"ENSRNOG00000064046",0
"ENSRNOG00000047682",2
"ENSRNOG00000004883",1135
"ENSRNOG00000056553",0
"ENSRNOG00000056756",12875
"ENSRNOG00000005052",828
"ENSRNOG00000054817",5
"ENSRNOG00000059843",0
"ENSRNOG00000028351",0
"ENSRNOG00000008788",215
"ENSRNOG00000009080",960
"ENSRNOG00000009432",821
"ENSRNOG00000033973",4
"ENSRNOG00000010098",0
"ENSRNOG00000069217",0
"ENSRNOG00000045941",1509
"ENSRNOG00000008399",60
"ENSRNOG00000059245",6
"ENSRNOG00000070966",0
"ENSRNOG00000005513",715
"ENSRNOG00000005794",1
"ENSRNOG00000038183",21
"ENSRNOG00000046864",0
"ENSRNOG00000010134",163
"ENSRNOG00000032508",0
"ENSRNOG00000007271",19
"ENSRNOG00000055221",9
"ENSRNOG00000011964",95
"ENSRNOG00000031889",0
"ENSRNOG00000071141",0
"ENSRNOG00000004488",4
"ENSRNOG00000004206",141
"ENSRNOG00000055714",3
"ENSRNOG00000007147",14
"ENSRNOG00000004442",306
"ENSRNOG00000011141",1
"ENSRNOG00000028390",53
"ENSRNOG00000005776",0
"ENSRNOG00000005274",78
"ENSRNOG00000004650",0
"ENSRNOG00000003020",3
"ENSRNOG00000004351",94
"ENSRNOG00000068484",0
"ENSRNOG00000004733",16
"ENSRNOG00000009050",0
"ENSRNOG00000014476",278
"ENSRNOG00000062855",1
"ENSRNOG00000019584",0
"ENSRNOG00000008145",291
"ENSRNOG00000011716",0
"ENSRNOG00000006985",623
"ENSRNOG00000065213",280
"ENSRNOG00000043143",1098
"ENSRNOG00000031661",52
"ENSRNOG00000008035",111
"ENSRNOG00000021904",67
"ENSRNOG00000008056",97
"ENSRNOG00000003951",990
"ENSRNOG00000004004",104
"ENSRNOG00000048751",0
"ENSRNOG00000006178",4797
"ENSRNOG00000071100",1
"ENSRNOG00000043137",0
"ENSRNOG00000007184",1
"ENSRNOG00000004359",886
"ENSRNOG00000010165",438
"ENSRNOG00000013898",459
"ENSRNOG00000010111",1
"ENSRNOG00000013097",0
"ENSRNOG00000010330",690
"ENSRNOG00000013128",2
"ENSRNOG00000059714",1141
"ENSRNOG00000010218",1177
"ENSRNOG00000068734",0
"ENSRNOG00000004973",2133
"ENSRNOG00000007333",181
"ENSRNOG00000007850",67
"ENSRNOG00000011572",1285
"ENSRNOG00000012141",43
"ENSRNOG00000028566",3
"ENSRNOG00000005174",103
"ENSRNOG00000063056",0
"ENSRNOG00000033688",995
"ENSRNOG00000012843",0
"ENSRNOG00000063549",0
"ENSRNOG00000058841",357
"ENSRNOG00000011542",192
"ENSRNOG00000012185",372
"ENSRNOG00000012653",453
"ENSRNOG00000067504",0
"ENSRNOG00000009675",1014
"ENSRNOG00000053631",4
"ENSRNOG00000018224",21
"ENSRNOG00000014362",58
"ENSRNOG00000043031",1
"ENSRNOG00000065115",0
"ENSRNOG00000067010",0
"ENSRNOG00000068174",0
"ENSRNOG00000027990",27
"ENSRNOG00000014744",761
"ENSRNOG00000070355",35
"ENSRNOG00000006398",0
"ENSRNOG00000028158",3
"ENSRNOG00000062324",0
"ENSRNOG00000013661",43
"ENSRNOG00000005472",96
"ENSRNOG00000004317",28
"ENSRNOG00000013690",107
"ENSRNOG00000013914",0
"ENSRNOG00000005271",41
"ENSRNOG00000011398",179
"ENSRNOG00000068254",121
"ENSRNOG00000065195",2081
"ENSRNOG00000013927",1
"ENSRNOG00000005041",2857
"ENSRNOG00000004711",2101
"ENSRNOG00000004968",75
"ENSRNOG00000063918",0
"ENSRNOG00000065191",0
"ENSRNOG00000064569",4
"ENSRNOG00000004268",446
"ENSRNOG00000010872",653
"ENSRNOG00000037435",1
"ENSRNOG00000071153",1
"ENSRNOG00000006569",83
"ENSRNOG00000070832",0
"ENSRNOG00000009020",468
"ENSRNOG00000005917",1177
"ENSRNOG00000005804",1577
"ENSRNOG00000004768",0
"ENSRNOG00000030334",81
"ENSRNOG00000004564",0
"ENSRNOG00000060996",0
"ENSRNOG00000030705",461
"ENSRNOG00000022623",1602
"ENSRNOG00000056915",135
"ENSRNOG00000062934",1
"ENSRNOG00000069237",2
"ENSRNOG00000064225",0
"ENSRNOG00000029590",1
"ENSRNOG00000010617",3
"ENSRNOG00000005546",660
"ENSRNOG00000007334",0
"ENSRNOG00000059744",1956
"ENSRNOG00000022632",0
"ENSRNOG00000030316",78
"ENSRNOG00000005555",0
"ENSRNOG00000037299",15
"ENSRNOG00000026875",0
"ENSRNOG00000046975",0
"ENSRNOG00000025487",0
"ENSRNOG00000030441",10
"ENSRNOG00000015750",7
"ENSRNOG00000064138",0
"ENSRNOG00000068682",0
"ENSRNOG00000069061",0
"ENSRNOG00000011781",85
"ENSRNOG00000016148",767
"ENSRNOG00000065562",0
"ENSRNOG00000004527",2
"ENSRNOG00000070987",0
"ENSRNOG00000033161",1
"ENSRNOG00000033952",1
"ENSRNOG00000032570",0
"ENSRNOG00000064780",4
"ENSRNOG00000008133",0
"ENSRNOG00000014169",200
"ENSRNOG00000015685",93
"ENSRNOG00000033502",0
"ENSRNOG00000026873",3
"ENSRNOG00000049349",0
"ENSRNOG00000006278",4
"ENSRNOG00000032446",45
"ENSRNOG00000067069",97
"ENSRNOG00000024743",209
"ENSRNOG00000027451",37
"ENSRNOG00000025594",0
"ENSRNOG00000057824",11
"ENSRNOG00000024631",0
"ENSRNOG00000063900",27
"ENSRNOG00000016128",192
"ENSRNOG00000022268",0
"ENSRNOG00000065523",1
"ENSRNOG00000004183",46
"ENSRNOG00000004538",808
"ENSRNOG00000016204",29
"ENSRNOG00000028988",0
"ENSRNOG00000032401",3698
"ENSRNOG00000006749",795
"ENSRNOG00000068599",545
"ENSRNOG00000031093",0
"ENSRNOG00000013191",0
"ENSRNOG00000068130",0
"ENSRNOG00000016566",113
"ENSRNOG00000004591",146
"ENSRNOG00000062650",0
"ENSRNOG00000008978",83
"ENSRNOG00000012348",78
"ENSRNOG00000014296",0
"ENSRNOG00000004914",0
"ENSRNOG00000056458",33
"ENSRNOG00000029377",0
"ENSRNOG00000010438",26
"ENSRNOG00000070681",4
"ENSRNOG00000021463",27
"ENSRNOG00000029280",919
"ENSRNOG00000037401",0
"ENSRNOG00000011404",350
"ENSRNOG00000007668",8
"ENSRNOG00000063153",5
"ENSRNOG00000008686",42
"ENSRNOG00000032846",49
"ENSRNOG00000029095",271
"ENSRNOG00000029535",433
"ENSRNOG00000059955",0
"ENSRNOG00000006973",53
"ENSRNOG00000063732",1608
"ENSRNOG00000060120",253
"ENSRNOG00000004843",33
"ENSRNOG00000009302",110
"ENSRNOG00000057782",0
"ENSRNOG00000063471",0
"ENSRNOG00000032777",248
"ENSRNOG00000006028",257
"ENSRNOG00000029243",402
"ENSRNOG00000030264",111
"ENSRNOG00000069627",92
"ENSRNOG00000004457",69
"ENSRNOG00000064516",325
"ENSRNOG00000004353",0
"ENSRNOG00000009539",5
"ENSRNOG00000032419",0
"ENSRNOG00000026425",415
"ENSRNOG00000029591",0
"ENSRNOG00000046044",0
"ENSRNOG00000002475",553
"ENSRNOG00000004448",15
"ENSRNOG00000069806",2638
"ENSRNOG00000064392",106
"ENSRNOG00000064488",0
"ENSRNOG00000057901",58
"ENSRNOG00000067761",1
"ENSRNOG00000029545",0
"ENSRNOG00000008392",1253
"ENSRNOG00000006426",0
"ENSRNOG00000031503",0
"ENSRNOG00000030416",66
"ENSRNOG00000033022",0
"ENSRNOG00000070196",0
"ENSRNOG00000070544",0
"ENSRNOG00000065585",0
"ENSRNOG00000004786",5
"ENSRNOG00000009614",4306
"ENSRNOG00000055530",5
"ENSRNOG00000032026",0
"ENSRNOG00000016100",19
"ENSRNOG00000063601",0
"ENSRNOG00000063518",0
"ENSRNOG00000013807",1
"ENSRNOG00000043233",92
"ENSRNOG00000008694",0
"ENSRNOG00000048201",0
"ENSRNOG00000063360",0
"ENSRNOG00000068259",5
"ENSRNOG00000064513",0
"ENSRNOG00000004572",40
"ENSRNOG00000029830",81
"ENSRNOG00000047521",1
"ENSRNOG00000064899",0
"ENSRNOG00000062310",0
"ENSRNOG00000021795",45
"ENSRNOG00000031269",478
"ENSRNOG00000067036",0
"ENSRNOG00000069189",0
"ENSRNOG00000029416",114
"ENSRNOG00000065582",0
"ENSRNOG00000004925",2331
"ENSRNOG00000009336",0
"ENSRNOG00000005332",35
"ENSRNOG00000057416",50
"ENSRNOG00000043026",922
"ENSRNOG00000032311",0
"ENSRNOG00000068476",29
"ENSRNOG00000066966",0
"ENSRNOG00000026582",0
"ENSRNOG00000014058",959
"ENSRNOG00000065522",0
"ENSRNOG00000062776",57
"ENSRNOG00000069078",0
"ENSRNOG00000065511",0
"ENSRNOG00000013947",367
"ENSRNOG00000042772",0
"ENSRNOG00000047264",0
"ENSRNOG00000068431",24
"ENSRNOG00000065705",0
"ENSRNOG00000005358",516
"ENSRNOG00000065067",0
"ENSRNOG00000069974",0
"ENSRNOG00000023828",1
"ENSRNOG00000067859",0
"ENSRNOG00000014440",472
"ENSRNOG00000004947",1319
"ENSRNOG00000031915",97
"ENSRNOG00000049098",0
"ENSRNOG00000070129",0
"ENSRNOG00000007934",0
"ENSRNOG00000039448",0
"ENSRNOG00000056595",0
"ENSRNOG00000029762",0
"ENSRNOG00000050500",1195
"ENSRNOG00000043438",0
"ENSRNOG00000069548",0
"ENSRNOG00000043367",1
"ENSRNOG00000052064",0
"ENSRNOG00000014634",497
"ENSRNOG00000002333",0
"ENSRNOG00000026962",1593
"ENSRNOG00000063567",0
"ENSRNOG00000030633",1636
"ENSRNOG00000064972",0
"ENSRNOG00000023781",2831
"ENSRNOG00000006167",2
"ENSRNOG00000028911",0
"ENSRNOG00000012886",244
"ENSRNOG00000062798",424
"ENSRNOG00000068317",0
"ENSRNOG00000026913",234
"ENSRNOG00000067435",0
"ENSRNOG00000013076",989
"ENSRNOG00000042318",0
"ENSRNOG00000022802",2468
"ENSRNOG00000063642",1
"ENSRNOG00000056930",5
"ENSRNOG00000023762",4
"ENSRNOG00000065704",1
"ENSRNOG00000063924",7
"ENSRNOG00000004149",0
"ENSRNOG00000064795",0
"ENSRNOG00000029698",301
"ENSRNOG00000068447",14
"ENSRNOG00000058406",21
"ENSRNOG00000062301",0
"ENSRNOG00000022844",0
"ENSRNOG00000029478",81
"ENSRNOG00000069732",13
"ENSRNOG00000064067",0
"ENSRNOG00000004583",0
"ENSRNOG00000007728",317
"ENSRNOG00000063063",0
"ENSRNOG00000067873",321
"ENSRNOG00000009598",358
"ENSRNOG00000067777",12
"ENSRNOG00000028214",0
"ENSRNOG00000066748",0
"ENSRNOG00000004361",105
"ENSRNOG00000070885",0
"ENSRNOG00000003890",3273
"ENSRNOG00000042496",53
"ENSRNOG00000003347",0
"ENSRNOG00000015538",0
"ENSRNOG00000011305",0
"ENSRNOG00000018920",1149
"ENSRNOG00000065865",0
"ENSRNOG00000029238",284
"ENSRNOG00000048450",7
"ENSRNOG00000069876",0
"ENSRNOG00000066458",3
"ENSRNOG00000067061",0
"ENSRNOG00000025369",0
"ENSRNOG00000068651",62
"ENSRNOG00000032394",0
"ENSRNOG00000066941",0
"ENSRNOG00000067067",0
"ENSRNOG00000014633",1008
"ENSRNOG00000037060",0
"ENSRNOG00000005577",889
"ENSRNOG00000050212",0
"ENSRNOG00000004077",0
"ENSRNOG00000032682",0
"ENSRNOG00000061776",0
"ENSRNOG00000024170",704
"ENSRNOG00000063210",0
"ENSRNOG00000013753",0
"ENSRNOG00000062586",0
"ENSRNOG00000004438",0
"ENSRNOG00000069805",0
"ENSRNOG00000064377",0
"ENSRNOG00000026600",0
"ENSRNOG00000059733",0
"ENSRNOG00000008476",0
"ENSRNOG00000006392",215
"ENSRNOG00000068582",0
"ENSRNOG00000042056",0
"ENSRNOG00000031181",0
"ENSRNOG00000030355",491
"ENSRNOG00000004019",903
"ENSRNOG00000008499",0
"ENSRNOG00000063178",0
"ENSRNOG00000046472",1144
"ENSRNOG00000066452",0
"ENSRNOG00000004035",209
"ENSRNOG00000008449",4
"ENSRNOG00000067732",0
"ENSRNOG00000012953",760
"ENSRNOG00000068277",0
"ENSRNOG00000021773",566
"ENSRNOG00000026644",2352
"ENSRNOG00000015741",26
"ENSRNOG00000024128",3938
"ENSRNOG00000051152",31
"ENSRNOG00000068156",0
"ENSRNOG00000007300",1039
"ENSRNOG00000007648",3596
"ENSRNOG00000064308",209
"ENSRNOG00000069802",60
"ENSRNOG00000064426",0
"ENSRNOG00000065340",80
"ENSRNOG00000051928",0
"ENSRNOG00000029128",0
"ENSRNOG00000055573",0
"ENSRNOG00000006762",1404
"ENSRNOG00000000186",403
"ENSRNOG00000065176",0
"ENSRNOG00000050274",0
"ENSRNOG00000062562",0
"ENSRNOG00000064810",0
"ENSRNOG00000000185",942
"ENSRNOG00000065217",0
"ENSRNOG00000066372",195
"ENSRNOG00000065654",0
"ENSRNOG00000004773",611
"ENSRNOG00000064636",0
"ENSRNOG00000049053",0
"ENSRNOG00000064506",25
"ENSRNOG00000065277",0
"ENSRNOG00000021812",87
"ENSRNOG00000004471",254
"ENSRNOG00000064649",0
"ENSRNOG00000064446",0
"ENSRNOG00000067735",0
"ENSRNOG00000065149",0
"ENSRNOG00000068026",585
"ENSRNOG00000016465",32
"ENSRNOG00000064949",0
"ENSRNOG00000062455",78
"ENSRNOG00000064715",0
"ENSRNOG00000026252",96
"ENSRNOG00000068241",5
"ENSRNOG00000068109",65
"ENSRNOG00000064395",0
"ENSRNOG00000067581",0
"ENSRNOG00000064149",11
"ENSRNOG00000070290",4
"ENSRNOG00000008988",0
"ENSRNOG00000065547",0
"ENSRNOG00000021732",779
"ENSRNOG00000021285",388
"ENSRNOG00000008464",0
"ENSRNOG00000070351",0
"ENSRNOG00000042262",0
"ENSRNOG00000069818",11
"ENSRNOG00000065275",11
"ENSRNOG00000005378",0
"ENSRNOG00000025344",1
"ENSRNOG00000019857",5
"ENSRNOG00000007509",0
"ENSRNOG00000069272",0
"ENSRNOG00000062931",20
"ENSRNOG00000011104",27
"ENSRNOG00000009570",34
"ENSRNOG00000064557",0
"ENSRNOG00000019682",380
"ENSRNOG00000033583",39
"ENSRNOG00000007375",0
"ENSRNOG00000011214",817
"ENSRNOG00000068480",15
"ENSRNOG00000065526",14
"ENSRNOG00000055925",1848
"ENSRNOG00000007352",0
"ENSRNOG00000016952",0
"ENSRNOG00000069098",2
"ENSRNOG00000066130",6
"ENSRNOG00000008398",1
"ENSRNOG00000064418",0
"ENSRNOG00000052296",0
"ENSRNOG00000067887",14
"ENSRNOG00000007348",0
"ENSRNOG00000067221",0
"ENSRNOG00000067814",0
"ENSRNOG00000070186",0
"ENSRNOG00000050907",0
"ENSRNOG00000028711",539
"ENSRNOG00000010821",133
"ENSRNOG00000056018",0
"ENSRNOG00000026094",0
"ENSRNOG00000052157",175
"ENSRNOG00000067996",0
"ENSRNOG00000063997",0
"ENSRNOG00000071023",315
"ENSRNOG00000069203",0
"ENSRNOG00000070296",0
"ENSRNOG00000065381",0
"ENSRNOG00000066156",0
"ENSRNOG00000067411",0
"ENSRNOG00000011020",3826
"ENSRNOG00000066719",0
"ENSRNOG00000068608",80
"ENSRNOG00000050249",0
"ENSRNOG00000064881",0
"ENSRNOG00000064028",0
"ENSRNOG00000069936",0
"ENSRNOG00000007350",1
"ENSRNOG00000067346",0
"ENSRNOG00000070437",1
"ENSRNOG00000064416",7
"ENSRNOG00000058914",280
"ENSRNOG00000069149",0
"ENSRNOG00000071069",15
"ENSRNOG00000006759",94
"ENSRNOG00000062694",289
"ENSRNOG00000014511",334
"ENSRNOG00000070127",0
"ENSRNOG00000070978",104
"ENSRNOG00000064413",0
"ENSRNOG00000012090",2
"ENSRNOG00000062597",8
"ENSRNOG00000008857",1415
"ENSRNOG00000006393",284
"ENSRNOG00000063544",1
"ENSRNOG00000031233",26
"ENSRNOG00000062722",0
"ENSRNOG00000065097",417
"ENSRNOG00000005278",0
"ENSRNOG00000007597",22
"ENSRNOG00000070151",0
"ENSRNOG00000065442",1
"ENSRNOG00000064274",0
"ENSRNOG00000062841",0
"ENSRNOG00000006350",1
"ENSRNOG00000067044",13
"ENSRNOG00000018655",286
"ENSRNOG00000070493",0
"ENSRNOG00000066930",1
"ENSRNOG00000006984",5
"ENSRNOG00000008409",81
"ENSRNOG00000063668",0
"ENSRNOG00000015450",113
"ENSRNOG00000003889",632
"ENSRNOG00000065717",0
"ENSRNOG00000066464",0
"ENSRNOG00000064036",248
"ENSRNOG00000067787",1
"ENSRNOG00000065659",2566
"ENSRNOG00000064728",0
"ENSRNOG00000005874",13
"ENSRNOG00000066781",0
"ENSRNOG00000008378",312
"ENSRNOG00000033915",0
"ENSRNOG00000068271",0
"ENSRNOG00000065265",0
"ENSRNOG00000000190",0
"ENSRNOG00000066167",0
"ENSRNOG00000003772",1417
"ENSRNOG00000067182",0
"ENSRNOG00000026212",612
"ENSRNOG00000007133",6229
"ENSRNOG00000068660",31
"ENSRNOG00000066565",166
"ENSRNOG00000071046",72
"ENSRNOG00000020601",447
"ENSRNOG00000064117",1
"ENSRNOG00000008038",0
"ENSRNOG00000064910",0
"ENSRNOG00000007332",0
"ENSRNOG00000066622",2
"ENSRNOG00000007921",602
"ENSRNOG00000003803",370
"ENSRNOG00000065198",4
"ENSRNOG00000006885",0
"ENSRNOG00000069930",93
"ENSRNOG00000069570",0
"ENSRNOG00000052025",3122
"ENSRNOG00000054458",0
"ENSRNOG00000068679",287
"ENSRNOG00000029866",32
"ENSRNOG00000011170",34
"ENSRNOG00000005446",1019
"ENSRNOG00000067729",4
"ENSRNOG00000062671",0
"ENSRNOG00000024907",353
"ENSRNOG00000007769",902
"ENSRNOG00000020464",377
"ENSRNOG00000004221",1
"ENSRNOG00000069623",1
"ENSRNOG00000026128",8
"ENSRNOG00000062815",1
"ENSRNOG00000066534",13
"ENSRNOG00000070673",0
"ENSRNOG00000020431",6
"ENSRNOG00000054801",1
"ENSRNOG00000069026",6
"ENSRNOG00000064404",3
"ENSRNOG00000009884",13936
"ENSRNOG00000057981",0
"ENSRNOG00000069034",24
"ENSRNOG00000065676",86
"ENSRNOG00000071071",0
"ENSRNOG00000067261",0
"ENSRNOG00000039861",44
"ENSRNOG00000007664",0
"ENSRNOG00000065559",2
"ENSRNOG00000005758",0
"ENSRNOG00000053624",0
"ENSRNOG00000005234",234
"ENSRNOG00000039858",46
"ENSRNOG00000063593",0
"ENSRNOG00000032261",0
"ENSRNOG00000066749",59
"ENSRNOG00000067467",5
"ENSRNOG00000066189",1
"ENSRNOG00000062824",2
"ENSRNOG00000013577",2669
"ENSRNOG00000066348",94
"ENSRNOG00000068721",8
"ENSRNOG00000006940",0
"ENSRNOG00000020161",331
"ENSRNOG00000053060",834
"ENSRNOG00000066006",0
"ENSRNOG00000027060",0
"ENSRNOG00000004588",231
"ENSRNOG00000062414",1055
"ENSRNOG00000004169",282
"ENSRNOG00000051170",5125
"ENSRNOG00000069255",35
"ENSRNOG00000006998",60
"ENSRNOG00000020383",359
"ENSRNOG00000021317",2261
"ENSRNOG00000006978",70
"ENSRNOG00000045524",134
"ENSRNOG00000049236",24897
"ENSRNOG00000067167",474
"ENSRNOG00000021833",0
"ENSRNOG00000033397",15
"ENSRNOG00000065932",16
"ENSRNOG00000016875",55
"ENSRNOG00000020266",27079
"ENSRNOG00000068522",0
"ENSRNOG00000067211",0
"ENSRNOG00000013869",23
"ENSRNOG00000030150",0
"ENSRNOG00000057162",0
"ENSRNOG00000004411",81
"ENSRNOG00000029738",4
"ENSRNOG00000048636",0
"ENSRNOG00000026866",17
"ENSRNOG00000005491",1
"ENSRNOG00000020230",229
"ENSRNOG00000004303",8930
"ENSRNOG00000009592",5761
"ENSRNOG00000012215",2
"ENSRNOG00000016968",232
"ENSRNOG00000004637",452
"ENSRNOG00000003880",0
"ENSRNOG00000042897",0
"ENSRNOG00000004831",1532
"ENSRNOG00000007587",308
"ENSRNOG00000026634",0
"ENSRNOG00000066999",4
"ENSRNOG00000000187",0
"ENSRNOG00000022772",1277
"ENSRNOG00000003923",290
"ENSRNOG00000067350",0
"ENSRNOG00000004259",81
"ENSRNOG00000063758",0
"ENSRNOG00000003985",174
"ENSRNOG00000029179",0
"ENSRNOG00000005370",0
"ENSRNOG00000039136",0
"ENSRNOG00000047414",1
"ENSRNOG00000022937",1
"ENSRNOG00000004793",819
"ENSRNOG00000005927",1211
"ENSRNOG00000015583",216
"ENSRNOG00000018745",208
"ENSRNOG00000005350",289
"ENSRNOG00000008897",860
"ENSRNOG00000007545",17
"ENSRNOG00000004314",38
"ENSRNOG00000006995",4772
"ENSRNOG00000019196",263
"ENSRNOG00000006622",305
"ENSRNOG00000020585",76
"ENSRNOG00000055293",2
"ENSRNOG00000039852",132
"ENSRNOG00000063265",0
"ENSRNOG00000004813",427
"ENSRNOG00000007839",106
"ENSRNOG00000000231",404
"ENSRNOG00000029354",4
"ENSRNOG00000004483",0
"ENSRNOG00000020577",908
"ENSRNOG00000009360",316
"ENSRNOG00000007323",434
"ENSRNOG00000004185",1682
"ENSRNOG00000018803",3156
"ENSRNOG00000027622",997
"ENSRNOG00000004695",5
"ENSRNOG00000070482",0
"ENSRNOG00000006068",128
"ENSRNOG00000051536",3
"ENSRNOG00000042668",1988
"ENSRNOG00000020407",9
"ENSRNOG00000007432",365
"ENSRNOG00000000184",61
"ENSRNOG00000019187",3
"ENSRNOG00000004962",589
"ENSRNOG00000024027",263
"ENSRNOG00000004909",649
"ENSRNOG00000004505",2386
"ENSRNOG00000023262",125
"ENSRNOG00000006235",0
"ENSRNOG00000048230",0
"ENSRNOG00000008517",2024
"ENSRNOG00000008539",0
"ENSRNOG00000007400",879
"ENSRNOG00000066159",102
"ENSRNOG00000071034",0
"ENSRNOG00000032569",0
"ENSRNOG00000007048",1651
"ENSRNOG00000065103",0
"ENSRNOG00000007088",3038
"ENSRNOG00000020501",28
"ENSRNOG00000067334",0
"ENSRNOG00000060407",4
"ENSRNOG00000042886",46
"ENSRNOG00000062386",8
"ENSRNOG00000063083",25
"ENSRNOG00000067692",0
"ENSRNOG00000070723",0
"ENSRNOG00000005642",2058
"ENSRNOG00000017197",122
"ENSRNOG00000004048",530
"ENSRNOG00000008061",1372
"ENSRNOG00000020466",861
"ENSRNOG00000006901",1516
"ENSRNOG00000069032",0
"ENSRNOG00000008696",199
"ENSRNOG00000005034",1168
"ENSRNOG00000060879",45
"ENSRNOG00000068725",0
"ENSRNOG00000032420",10
"ENSRNOG00000058647",0
"ENSRNOG00000043197",0
"ENSRNOG00000023122",1
"ENSRNOG00000029028",737
"ENSRNOG00000067243",0
"ENSRNOG00000067417",0
"ENSRNOG00000005362",243
"ENSRNOG00000026976",0
"ENSRNOG00000010359",0
"ENSRNOG00000005129",1066
"ENSRNOG00000067407",0
"ENSRNOG00000033579",373
"ENSRNOG00000042771",0
"ENSRNOG00000007654",623
"ENSRNOG00000014637",2780
"ENSRNOG00000022932",14
"ENSRNOG00000007468",0
"ENSRNOG00000012457",659
"ENSRNOG00000004476",20
"ENSRNOG00000027124",534
"ENSRNOG00000010309",282
"ENSRNOG00000020416",34
"ENSRNOG00000007821",853
"ENSRNOG00000022896",122
"ENSRNOG00000004996",199
"ENSRNOG00000067654",0
"ENSRNOG00000047782",4
"ENSRNOG00000018895",0
"ENSRNOG00000004229",38
"ENSRNOG00000004312",842
"ENSRNOG00000008885",105
"ENSRNOG00000004306",15
"ENSRNOG00000049407",0
"ENSRNOG00000004316",32
"ENSRNOG00000008713",747
"ENSRNOG00000004517",38
"ENSRNOG00000004311",0
"ENSRNOG00000007365",0
"ENSRNOG00000012812",706
"ENSRNOG00000009585",885
"ENSRNOG00000019377",3
"ENSRNOG00000007230",18
"ENSRNOG00000022778",832
"ENSRNOG00000007834",3145
"ENSRNOG00000029651",34
"ENSRNOG00000070111",8
"ENSRNOG00000022877",706
"ENSRNOG00000019349",1248
"ENSRNOG00000026793",1506
"ENSRNOG00000013514",1024
"ENSRNOG00000022296",0
"ENSRNOG00000046214",26
"ENSRNOG00000056446",22
"ENSRNOG00000053510",532
"ENSRNOG00000006304",1055
"ENSRNOG00000010539",110
"ENSRNOG00000016156",1294
"ENSRNOG00000032546",1034
"ENSRNOG00000024967",233
"ENSRNOG00000025046",295
"ENSRNOG00000013593",0
"ENSRNOG00000004492",529
"ENSRNOG00000054624",0
"ENSRNOG00000046955",2021
"ENSRNOG00000004302",0
"ENSRNOG00000010141",113
"ENSRNOG00000052289",6592
"ENSRNOG00000055408",40
"ENSRNOG00000025742",115
"ENSRNOG00000007601",1
"ENSRNOG00000006541",316
"ENSRNOG00000005614",987
"ENSRNOG00000004682",76
"ENSRNOG00000006946",0
"ENSRNOG00000032429",6
"ENSRNOG00000009756",1065
"ENSRNOG00000037025",0
"ENSRNOG00000025120",4
"ENSRNOG00000066777",0
"ENSRNOG00000012295",184
"ENSRNOG00000068896",21
"ENSRNOG00000019924",179
"ENSRNOG00000062542",45
"ENSRNOG00000022975",0
"ENSRNOG00000042460",66
"ENSRNOG00000004727",245
"ENSRNOG00000004839",32
"ENSRNOG00000050884",0
"ENSRNOG00000008064",521
"ENSRNOG00000016896",19328
"ENSRNOG00000020005",754
"ENSRNOG00000004226",313
"ENSRNOG00000054420",108
"ENSRNOG00000029465",28
"ENSRNOG00000005102",726
"ENSRNOG00000019822",343
"ENSRNOG00000017108",1
"ENSRNOG00000011094",0
"ENSRNOG00000053269",251
"ENSRNOG00000018788",230
"ENSRNOG00000004177",0
"ENSRNOG00000022570",56
"ENSRNOG00000026963",4623
"ENSRNOG00000005965",253
"ENSRNOG00000057881",435
"ENSRNOG00000005931",1010
"ENSRNOG00000007286",53
"ENSRNOG00000026982",102
"ENSRNOG00000071195",17
"ENSRNOG00000004688",2764
"ENSRNOG00000022507",667
"ENSRNOG00000017434",29
"ENSRNOG00000005437",148
"ENSRNOG00000066134",0
"ENSRNOG00000026807",8
"ENSRNOG00000005243",68
"ENSRNOG00000025898",0
"ENSRNOG00000019552",229
"ENSRNOG00000017285",6
"ENSRNOG00000004294",0
"ENSRNOG00000062462",0
"ENSRNOG00000066111",0
"ENSRNOG00000064198",0
"ENSRNOG00000070632",0
"ENSRNOG00000028956",370
"ENSRNOG00000017553",1052
"ENSRNOG00000005190",712
"ENSRNOG00000067109",0
"ENSRNOG00000005388",357
"ENSRNOG00000008174",411
"ENSRNOG00000067422",0
"ENSRNOG00000068220",5914
"ENSRNOG00000007686",0
"ENSRNOG00000017801",8036
"ENSRNOG00000033787",379
"ENSRNOG00000005528",377
"ENSRNOG00000050419",63
"ENSRNOG00000017847",305
"ENSRNOG00000017916",629
"ENSRNOG00000008331",1145
"ENSRNOG00000048843",136
"ENSRNOG00000005689",277
"ENSRNOG00000042522",23
"ENSRNOG00000007679",1
"ENSRNOG00000047631",20
"ENSRNOG00000070907",169
"ENSRNOG00000005763",1020
"ENSRNOG00000008569",1276
"ENSRNOG00000047895",189
"ENSRNOG00000019891",1439
"ENSRNOG00000010834",0
"ENSRNOG00000005572",0
"ENSRNOG00000025059",7
"ENSRNOG00000018330",0
"ENSRNOG00000007197",0
"ENSRNOG00000025023",1
"ENSRNOG00000010209",158
"ENSRNOG00000068987",0
"ENSRNOG00000018529",1225
"ENSRNOG00000063755",114
"ENSRNOG00000055305",182
"ENSRNOG00000038943",0
"ENSRNOG00000068626",5
"ENSRNOG00000005720",0
"ENSRNOG00000004013",137
"ENSRNOG00000019383",592
"ENSRNOG00000059015",135
"ENSRNOG00000046492",64
"ENSRNOG00000015916",95
"ENSRNOG00000008586",711
"ENSRNOG00000013764",101
"ENSRNOG00000013423",624
"ENSRNOG00000025053",18038
"ENSRNOG00000005823",786
"ENSRNOG00000005790",0
"ENSRNOG00000018316",0
"ENSRNOG00000011952",181
"ENSRNOG00000034139",0
"ENSRNOG00000066910",0
"ENSRNOG00000006367",0
"ENSRNOG00000005825",0
"ENSRNOG00000010549",627
"ENSRNOG00000008415",516
"ENSRNOG00000008016",2548
"ENSRNOG00000004400",237
"ENSRNOG00000008050",2
"ENSRNOG00000052981",164
"ENSRNOG00000031851",2
"ENSRNOG00000004189",91
"ENSRNOG00000008022",543
"ENSRNOG00000064573",1
"ENSRNOG00000023410",17
"ENSRNOG00000008106",1133
"ENSRNOG00000064852",1
"ENSRNOG00000005228",1744
"ENSRNOG00000009736",0
"ENSRNOG00000023824",0
"ENSRNOG00000014844",79
"ENSRNOG00000069507",15
"ENSRNOG00000058271",151
"ENSRNOG00000004936",11500
"ENSRNOG00000023951",0
"ENSRNOG00000033570",0
"ENSRNOG00000028782",246
"ENSRNOG00000005956",0
"ENSRNOG00000013067",3
"ENSRNOG00000005270",7
"ENSRNOG00000054994",0
"ENSRNOG00000055497",0
"ENSRNOG00000057424",0
"ENSRNOG00000005138",688
"ENSRNOG00000052986",1
"ENSRNOG00000023202",710
"ENSRNOG00000060183",0
"ENSRNOG00000056776",0
"ENSRNOG00000056217",2
"ENSRNOG00000059833",2
"ENSRNOG00000059498",0
"ENSRNOG00000058093",0
"ENSRNOG00000025551",69
"ENSRNOG00000031789",317
"ENSRNOG00000057249",0
"ENSRNOG00000053801",0
"ENSRNOG00000057420",0
"ENSRNOG00000060548",0
"ENSRNOG00000063441",0
"ENSRNOG00000046159",4958
"ENSRNOG00000070649",1
"ENSRNOG00000059305",0
"ENSRNOG00000011278",323
"ENSRNOG00000051692",0
"ENSRNOG00000063694",0
"ENSRNOG00000069745",0
"ENSRNOG00000011136",333
"ENSRNOG00000016852",57
"ENSRNOG00000032335",0
"ENSRNOG00000031383",0
"ENSRNOG00000031425",0
"ENSRNOG00000007700",0
"ENSRNOG00000011507",96
"ENSRNOG00000045629",113
"ENSRNOG00000004459",1
"ENSRNOG00000053692",1
"ENSRNOG00000067950",0
"ENSRNOG00000032871",0
"ENSRNOG00000058099",0
"ENSRNOG00000065009",0
"ENSRNOG00000060257",0
"ENSRNOG00000059077",0
"ENSRNOG00000052214",0
"ENSRNOG00000068129",0
"ENSRNOG00000004603",90
"ENSRNOG00000059423",0
"ENSRNOG00000006870",813
"ENSRNOG00000065099",0
"ENSRNOG00000004659",289
"ENSRNOG00000052580",0
"ENSRNOG00000058804",0
"ENSRNOG00000061681",0
"ENSRNOG00000065930",0
"ENSRNOG00000059977",0
"ENSRNOG00000004421",303
"ENSRNOG00000007003",3
"ENSRNOG00000055749",0
"ENSRNOG00000058828",0
"ENSRNOG00000054968",0
"ENSRNOG00000071082",0
"ENSRNOG00000007262",49
"ENSRNOG00000036516",0
"ENSRNOG00000010078",9
"ENSRNOG00000035457",4
"ENSRNOG00000041758",0
"ENSRNOG00000048399",0
"ENSRNOG00000052725",2
"ENSRNOG00000035529",0
"ENSRNOG00000004391",0
"ENSRNOG00000047216",0
"ENSRNOG00000056727",0
"ENSRNOG00000056493",0
"ENSRNOG00000041492",2
"ENSRNOG00000060956",1647
"ENSRNOG00000035461",13
"ENSRNOG00000035525",0
"ENSRNOG00000041450",0
"ENSRNOG00000035611",0
"ENSRNOG00000015177",1861
"ENSRNOG00000006766",4011
"ENSRNOG00000035543",4
"ENSRNOG00000064006",0
"ENSRNOG00000041348",0
"ENSRNOG00000053467",0
"ENSRNOG00000036514",0
"ENSRNOG00000009658",552
"ENSRNOG00000035614",0
"ENSRNOG00000035636",0
"ENSRNOG00000017022",909
"ENSRNOG00000045781",0
"ENSRNOG00000066306",0
"ENSRNOG00000035642",0
"ENSRNOG00000035547",0
"ENSRNOG00000006578",2
"ENSRNOG00000014137",15
"ENSRNOG00000006060",394
"ENSRNOG00000025504",633
"ENSRNOG00000017057",313
"ENSRNOG00000066252",1750
"ENSRNOG00000057264",0
"ENSRNOG00000051838",68
"ENSRNOG00000054019",1
"ENSRNOG00000055844",0
"ENSRNOG00000010807",355
"ENSRNOG00000060779",0
"ENSRNOG00000052434",0
"ENSRNOG00000060170",0
"ENSRNOG00000061717",1
"ENSRNOG00000010588",6907
"ENSRNOG00000058707",0
"ENSRNOG00000007000",0
"ENSRNOG00000062476",0
"ENSRNOG00000055394",0
"ENSRNOG00000056800",0
"ENSRNOG00000055397",0
"ENSRNOG00000056599",1
"ENSRNOG00000057767",0
"ENSRNOG00000055237",0
"ENSRNOG00000057747",0
"ENSRNOG00000070036",0
"ENSRNOG00000063910",0
"ENSRNOG00000071132",0
"ENSRNOG00000068807",0
"ENSRNOG00000010793",350
"ENSRNOG00000056857",5
"ENSRNOG00000065332",0
"ENSRNOG00000008639",29411
"ENSRNOG00000007581",0
"ENSRNOG00000067202",0
"ENSRNOG00000058682",0
"ENSRNOG00000052381",0
"ENSRNOG00000063116",4
"ENSRNOG00000070636",8
"ENSRNOG00000052505",0
"ENSRNOG00000060456",0
"ENSRNOG00000057766",1
"ENSRNOG00000066702",0
"ENSRNOG00000061082",0
"ENSRNOG00000058376",0
"ENSRNOG00000055418",0
"ENSRNOG00000054193",0
"ENSRNOG00000030814",0
"ENSRNOG00000064830",0
"ENSRNOG00000006118",512
"ENSRNOG00000066363",0
"ENSRNOG00000067345",0
"ENSRNOG00000062426",0
"ENSRNOG00000054025",0
"ENSRNOG00000056927",0
"ENSRNOG00000060330",0
"ENSRNOG00000025501",0
"ENSRNOG00000070142",0
"ENSRNOG00000068761",0
"ENSRNOG00000066308",0
"ENSRNOG00000063604",0
"ENSRNOG00000066043",0
"ENSRNOG00000061818",0
"ENSRNOG00000070821",0
"ENSRNOG00000069470",0
"ENSRNOG00000004578",0
"ENSRNOG00000066147",0
"ENSRNOG00000063468",0
"ENSRNOG00000058916",315
"ENSRNOG00000055183",0
"ENSRNOG00000051459",0
"ENSRNOG00000038948",3
"ENSRNOG00000054055",0
"ENSRNOG00000069608",0
"ENSRNOG00000004403",464
"ENSRNOG00000069747",0
"ENSRNOG00000070637",289
"ENSRNOG00000056340",0
"ENSRNOG00000052862",0
"ENSRNOG00000068939",1
"ENSRNOG00000042978",58
"ENSRNOG00000059857",140
"ENSRNOG00000054775",1736
"ENSRNOG00000034316",0
"ENSRNOG00000056530",0
"ENSRNOG00000015447",879
"ENSRNOG00000056726",0
"ENSRNOG00000004301",668
"ENSRNOG00000007032",0
"ENSRNOG00000052611",0
"ENSRNOG00000053843",0
"ENSRNOG00000057961",0
"ENSRNOG00000006653",16
"ENSRNOG00000010459",1
"ENSRNOG00000005263",1050
"ENSRNOG00000052218",0
"ENSRNOG00000038916",765
"ENSRNOG00000060638",0
"ENSRNOG00000058269",12
"ENSRNOG00000065976",13
"ENSRNOG00000061351",0
"ENSRNOG00000004502",8
"ENSRNOG00000058201",2
"ENSRNOG00000063448",0
"ENSRNOG00000055100",0
"ENSRNOG00000066564",0
"ENSRNOG00000057777",0
"ENSRNOG00000055395",0
"ENSRNOG00000007875",262
"ENSRNOG00000055833",0
"ENSRNOG00000032828",0
"ENSRNOG00000022807",142
"ENSRNOG00000058379",0
"ENSRNOG00000057004",0
"ENSRNOG00000008367",0
"ENSRNOG00000055582",0
"ENSRNOG00000060815",0
"ENSRNOG00000006816",4472
"ENSRNOG00000055214",0
"ENSRNOG00000059158",0
"ENSRNOG00000063628",0
"ENSRNOG00000053405",194
"ENSRNOG00000066150",0
"ENSRNOG00000067057",0
"ENSRNOG00000064494",0
"ENSRNOG00000052077",0
"ENSRNOG00000055273",0
"ENSRNOG00000053002",0
"ENSRNOG00000005291",231
"ENSRNOG00000064518",0
"ENSRNOG00000057900",0
"ENSRNOG00000065227",0
"ENSRNOG00000067964",0
"ENSRNOG00000070612",0
"ENSRNOG00000055884",6
"ENSRNOG00000053482",1
"ENSRNOG00000032447",21
"ENSRNOG00000058282",0
"ENSRNOG00000051798",0
"ENSRNOG00000063381",1
"ENSRNOG00000053921",0
"ENSRNOG00000066915",0
"ENSRNOG00000058303",0
"ENSRNOG00000064763",0
"ENSRNOG00000049733",0
"ENSRNOG00000067164",0
"ENSRNOG00000054300",0
"ENSRNOG00000052281",0
"ENSRNOG00000024494",1
"ENSRNOG00000016141",1
"ENSRNOG00000005299",2
"ENSRNOG00000028619",0
"ENSRNOG00000036865",0
"ENSRNOG00000022260",851
"ENSRNOG00000014850",1
"ENSRNOG00000004109",1391
"ENSRNOG00000004298",0
"ENSRNOG00000036831",0
"ENSRNOG00000057988",179
"ENSRNOG00000070941",0
"ENSRNOG00000025994",103
"ENSRNOG00000025454",37
"ENSRNOG00000006305",14282
"ENSRNOG00000024955",610
"ENSRNOG00000009779",146
"ENSRNOG00000069110",0
"ENSRNOG00000054757",1572
"ENSRNOG00000004148",410
"ENSRNOG00000011573",265
"ENSRNOG00000009088",1152
"ENSRNOG00000068023",3423
"ENSRNOG00000007859",46
"ENSRNOG00000056487",494
"ENSRNOG00000052880",2
"ENSRNOG00000012192",216
"ENSRNOG00000007970",5
"ENSRNOG00000045554",3
"ENSRNOG00000010811",0
"ENSRNOG00000014082",0
"ENSRNOG00000005637",0
"ENSRNOG00000012208",1
"ENSRNOG00000012499",984
"ENSRNOG00000010408",48
"ENSRNOG00000058560",3
"ENSRNOG00000021881",296
"ENSRNOG00000008247",1576
"ENSRNOG00000007801",1827
"ENSRNOG00000021945",0
"ENSRNOG00000064461",0
"ENSRNOG00000008797",10247
"ENSRNOG00000060703",189
"ENSRNOG00000025481",2785
"ENSRNOG00000052307",1284
"ENSRNOG00000064897",0
"ENSRNOG00000006841",8
"ENSRNOG00000059961",138
"ENSRNOG00000007713",80
"ENSRNOG00000004494",778
"ENSRNOG00000065012",0
"ENSRNOG00000031099",0
"ENSRNOG00000004367",744
"ENSRNOG00000053196",2516
"ENSRNOG00000004011",262
"ENSRNOG00000054515",605
"ENSRNOG00000055597",1529
"ENSRNOG00000068255",0
"ENSRNOG00000005266",0
"ENSRNOG00000021892",0
"ENSRNOG00000005556",227
"ENSRNOG00000052990",1792
"ENSRNOG00000006514",435
"ENSRNOG00000007407",347
"ENSRNOG00000059801",4236
"ENSRNOG00000006983",479
"ENSRNOG00000060020",6
"ENSRNOG00000058053",857
"ENSRNOG00000056457",2
"ENSRNOG00000009094",2468
"ENSRNOG00000049033",301
"ENSRNOG00000005573",68
"ENSRNOG00000063295",0
"ENSRNOG00000065833",3
"ENSRNOG00000065049",0
"ENSRNOG00000032395",148
"ENSRNOG00000050317",2078
"ENSRNOG00000065389",18
"ENSRNOG00000060154",594
"ENSRNOG00000008507",34
"ENSRNOG00000054274",731
"ENSRNOG00000024450",310
"ENSRNOG00000002632",11401
"ENSRNOG00000010099",924
"ENSRNOG00000068918",0
"ENSRNOG00000059765",9
"ENSRNOG00000005987",173
"ENSRNOG00000063627",0
"ENSRNOG00000016149",0
"ENSRNOG00000070604",0
"ENSRNOG00000031930",0
"ENSRNOG00000009160",0
"ENSRNOG00000059050",0
"ENSRNOG00000067545",0
"ENSRNOG00000024870",214
"ENSRNOG00000002642",2320
"ENSRNOG00000033059",0
"ENSRNOG00000008057",18
"ENSRNOG00000008819",0
"ENSRNOG00000002840",8527
"ENSRNOG00000067257",1
"ENSRNOG00000004628",2261
"ENSRNOG00000032859",0
"ENSRNOG00000062981",110
"ENSRNOG00000008965",13
"ENSRNOG00000053881",1278
"ENSRNOG00000004875",0
"ENSRNOG00000028713",0
"ENSRNOG00000032332",0
"ENSRNOG00000004554",454
"ENSRNOG00000036830",0
"ENSRNOG00000008242",0
"ENSRNOG00000004610",4647
"ENSRNOG00000031785",0
"ENSRNOG00000003076",6107
"ENSRNOG00000004635",0
"ENSRNOG00000015320",5603
"ENSRNOG00000004284",4848
"ENSRNOG00000068905",4
"ENSRNOG00000040281",12167
"ENSRNOG00000005386",289
"ENSRNOG00000036829",0
"ENSRNOG00000004904",1181
"ENSRNOG00000036828",0
"ENSRNOG00000069509",0
"ENSRNOG00000036871",2
"ENSRNOG00000021681",304
"ENSRNOG00000036827",0
"ENSRNOG00000036826",0
"ENSRNOG00000042740",122
"ENSRNOG00000067092",0
"ENSRNOG00000019550",756
"ENSRNOG00000038574",286
"ENSRNOG00000023896",232
"ENSRNOG00000031612",243
"ENSRNOG00000004717",1007
"ENSRNOG00000027468",3
"ENSRNOG00000053498",334
"ENSRNOG00000004179",0
"ENSRNOG00000053802",0
"ENSRNOG00000047393",3
"ENSRNOG00000029855",620
"ENSRNOG00000004026",506
"ENSRNOG00000019653",295
"ENSRNOG00000028679",0
"ENSRNOG00000007999",5
"ENSRNOG00000028879",0
"ENSRNOG00000016116",0
"ENSRNOG00000064464",0
"ENSRNOG00000004117",0
"ENSRNOG00000004390",223
"ENSRNOG00000012985",1070
"ENSRNOG00000003127",180
"ENSRNOG00000005048",0
"ENSRNOG00000032529",0
"ENSRNOG00000004878",0
"ENSRNOG00000046245",123
"ENSRNOG00000070470",0
"ENSRNOG00000013343",232
"ENSRNOG00000070314",0
"ENSRNOG00000004585",140
"ENSRNOG00000069543",0
"ENSRNOG00000068902",0
"ENSRNOG00000013445",306
"ENSRNOG00000053468",19122
"ENSRNOG00000067326",228
"ENSRNOG00000031135",1195
"ENSRNOG00000025602",4097
"ENSRNOG00000069814",14
"ENSRNOG00000070066",0
"ENSRNOG00000063136",0
"ENSRNOG00000066049",0
"ENSRNOG00000069400",0
"ENSRNOG00000007756",160
"ENSRNOG00000059605",2
"ENSRNOG00000069872",0
"ENSRNOG00000025592",849
"ENSRNOG00000064054",5
"ENSRNOG00000068019",0
"ENSRNOG00000070332",0
"ENSRNOG00000070691",0
"ENSRNOG00000036841",495
"ENSRNOG00000066421",0
"ENSRNOG00000068569",0
"ENSRNOG00000066872",2
"ENSRNOG00000025584",1
"ENSRNOG00000065129",110
"ENSRNOG00000064401",1
"ENSRNOG00000061499",3669
"ENSRNOG00000069308",6
"ENSRNOG00000036839",1168
"ENSRNOG00000068408",0
"ENSRNOG00000066841",0
"ENSRNOG00000063061",0
"ENSRNOG00000064491",0
"ENSRNOG00000068195",8
"ENSRNOG00000060017",0
"ENSRNOG00000036837",0
"ENSRNOG00000064195",19
"ENSRNOG00000070425",0
"ENSRNOG00000002597",0
"ENSRNOG00000025570",1354
"ENSRNOG00000066185",0
"ENSRNOG00000036836",0
"ENSRNOG00000064872",0
"ENSRNOG00000066132",0
"ENSRNOG00000063589",0
"ENSRNOG00000070666",18
"ENSRNOG00000066498",325
"ENSRNOG00000031993",249
"ENSRNOG00000070180",0
"ENSRNOG00000036835",3521
"ENSRNOG00000065284",0
"ENSRNOG00000043382",0
"ENSRNOG00000069689",0
"ENSRNOG00000004846",393
"ENSRNOG00000064864",0
"ENSRNOG00000016199",2
"ENSRNOG00000056878",272
"ENSRNOG00000067207",11
"ENSRNOG00000064226",0
"ENSRNOG00000064246",0
"ENSRNOG00000006209",545
"ENSRNOG00000042094",2004
"ENSRNOG00000064691",0
"ENSRNOG00000061088",524
"ENSRNOG00000065531",0
"ENSRNOG00000069127",0
"ENSRNOG00000069679",4
"ENSRNOG00000068119",0
"ENSRNOG00000063228",2
"ENSRNOG00000068601",139
"ENSRNOG00000066635",32
"ENSRNOG00000070115",0
"ENSRNOG00000068009",0
"ENSRNOG00000063058",207
"ENSRNOG00000067620",45
"ENSRNOG00000069968",0
"ENSRNOG00000064133",0
"ENSRNOG00000067773",0
"ENSRNOG00000063760",1
"ENSRNOG00000056106",789
"ENSRNOG00000036852",4486
"ENSRNOG00000054935",0
"ENSRNOG00000065975",0
"ENSRNOG00000065359",0
"ENSRNOG00000064169",0
"ENSRNOG00000000958",155
"ENSRNOG00000063922",7
"ENSRNOG00000062619",0
"ENSRNOG00000054385",23
"ENSRNOG00000043299",0
"ENSRNOG00000015134",222
"ENSRNOG00000053675",3
"ENSRNOG00000043334",0
"ENSRNOG00000064889",0
"ENSRNOG00000061607",107
"ENSRNOG00000043125",0
"ENSRNOG00000004398",10
"ENSRNOG00000065664",0
"ENSRNOG00000059545",42
"ENSRNOG00000042355",173
"ENSRNOG00000062651",34
"ENSRNOG00000063839",0
"ENSRNOG00000059790",0
"ENSRNOG00000066391",0
"ENSRNOG00000070619",0
"ENSRNOG00000007607",588
"ENSRNOG00000064438",0
"ENSRNOG00000070603",0
"ENSRNOG00000066225",0
"ENSRNOG00000015269",1562
"ENSRNOG00000021438",4524
"ENSRNOG00000070683",0
"ENSRNOG00000070022",0
"ENSRNOG00000065595",0
"ENSRNOG00000064209",134
"ENSRNOG00000060185",1439
"ENSRNOG00000067854",0
"ENSRNOG00000070615",0
"ENSRNOG00000005333",1344
"ENSRNOG00000003254",7
"ENSRNOG00000066587",0
"ENSRNOG00000057451",3880
"ENSRNOG00000067222",0
"ENSRNOG00000065752",0
"ENSRNOG00000067667",9
"ENSRNOG00000070152",4
"ENSRNOG00000032441",217
"ENSRNOG00000071048",0
"ENSRNOG00000069488",0
"ENSRNOG00000005309",0
"ENSRNOG00000057315",0
"ENSRNOG00000066441",23
"ENSRNOG00000070536",0
"ENSRNOG00000054838",586
"ENSRNOG00000063363",0
"ENSRNOG00000039997",301
"ENSRNOG00000066873",2
"ENSRNOG00000043203",0
"ENSRNOG00000065094",0
"ENSRNOG00000001376",320
"ENSRNOG00000063812",0
"ENSRNOG00000063576",4
"ENSRNOG00000064471",0
"ENSRNOG00000063449",0
"ENSRNOG00000058125",0
"ENSRNOG00000062295",3
"ENSRNOG00000054250",0
"ENSRNOG00000060866",0
"ENSRNOG00000067703",0
"ENSRNOG00000012832",1157
"ENSRNOG00000065854",0
"ENSRNOG00000046069",0
"ENSRNOG00000025340",0
"ENSRNOG00000068846",0
"ENSRNOG00000053181",0
"ENSRNOG00000069328",0
"ENSRNOG00000066066",0
"ENSRNOG00000066478",9
"ENSRNOG00000054378",0
"ENSRNOG00000004201",82
"ENSRNOG00000052539",234
"ENSRNOG00000071151",0
"ENSRNOG00000051970",0
"ENSRNOG00000006130",4347
"ENSRNOG00000065252",1
"ENSRNOG00000065308",0
"ENSRNOG00000006934",120
"ENSRNOG00000070006",0
"ENSRNOG00000060993",0
"ENSRNOG00000058134",0
"ENSRNOG00000007346",52
"ENSRNOG00000057971",0
"ENSRNOG00000068482",0
"ENSRNOG00000056297",974
"ENSRNOG00000056885",0
"ENSRNOG00000051638",0
"ENSRNOG00000051790",0
"ENSRNOG00000070769",204
"ENSRNOG00000060818",0
"ENSRNOG00000061721",0
"ENSRNOG00000065117",0
"ENSRNOG00000070176",0
"ENSRNOG00000004595",4
"ENSRNOG00000058435",0
"ENSRNOG00000063976",0
"ENSRNOG00000070294",0
"ENSRNOG00000067922",0
"ENSRNOG00000067324",2
"ENSRNOG00000006469",613
"ENSRNOG00000068409",0
"ENSRNOG00000056678",435
"ENSRNOG00000069080",0
"ENSRNOG00000067888",0
"ENSRNOG00000053419",0
"ENSRNOG00000055579",6453
"ENSRNOG00000061079",0
"ENSRNOG00000023085",32
"ENSRNOG00000053870",0
"ENSRNOG00000061572",504
"ENSRNOG00000063352",0
"ENSRNOG00000059070",0
"ENSRNOG00000057624",0
"ENSRNOG00000066337",0
"ENSRNOG00000058430",55
"ENSRNOG00000022943",299
"ENSRNOG00000058340",0
"ENSRNOG00000061238",0
"ENSRNOG00000050420",0
"ENSRNOG00000066475",114
"ENSRNOG00000049495",0
"ENSRNOG00000053769",0
"ENSRNOG00000024929",276
"ENSRNOG00000030876",0
"ENSRNOG00000058130",189
"ENSRNOG00000036833",427
"ENSRNOG00000004681",516
"ENSRNOG00000006778",561
"ENSRNOG00000008436",0
"ENSRNOG00000006827",83
"ENSRNOG00000006844",396
"ENSRNOG00000004220",321
"ENSRNOG00000036834",0
"ENSRNOG00000030120",240
"ENSRNOG00000062320",0
"ENSRNOG00000031081",350
"ENSRNOG00000025087",0
"ENSRNOG00000030520",158
"ENSRNOG00000004200",10
"ENSRNOG00000007610",99
"ENSRNOG00000005535",389
"ENSRNOG00000006789",390
"ENSRNOG00000009563",0
"ENSRNOG00000024507",0
"ENSRNOG00000007650",4320
"ENSRNOG00000067469",1
"ENSRNOG00000010977",356
"ENSRNOG00000025459",1189
"ENSRNOG00000028996",0
"ENSRNOG00000004964",4
"ENSRNOG00000007784",571
"ENSRNOG00000014084",1833
"ENSRNOG00000004708",0
"ENSRNOG00000024886",2749
"ENSRNOG00000007905",767
"ENSRNOG00000007927",2
"ENSRNOG00000068079",393
"ENSRNOG00000008195",11015
"ENSRNOG00000070116",0
"ENSRNOG00000048637",0
"ENSRNOG00000032428",0
"ENSRNOG00000067519",0
"ENSRNOG00000065300",1
"ENSRNOG00000023456",1321
"ENSRNOG00000030191",0
"ENSRNOG00000063559",0
"ENSRNOG00000037687",1
"ENSRNOG00000033466",0
"ENSRNOG00000066504",0
"ENSRNOG00000065281",0
"ENSRNOG00000068784",0
"ENSRNOG00000003549",1087
"ENSRNOG00000063653",0
"ENSRNOG00000068489",0
"ENSRNOG00000068586",0
"ENSRNOG00000027690",111
"ENSRNOG00000033263",0
"ENSRNOG00000053040",1650
"ENSRNOG00000023520",4781
"ENSRNOG00000039449",0
"ENSRNOG00000004697",4
"ENSRNOG00000060598",0
"ENSRNOG00000012835",113
"ENSRNOG00000004662",741
"ENSRNOG00000029571",280
"ENSRNOG00000009072",107
"ENSRNOG00000049571",1
"ENSRNOG00000003132",2
"ENSRNOG00000063608",0
"ENSRNOG00000063956",1
"ENSRNOG00000011955",23
"ENSRNOG00000048787",0
"ENSRNOG00000042090",0
"ENSRNOG00000004937",0
"ENSRNOG00000031916",96
"ENSRNOG00000033403",0
"ENSRNOG00000031493",0
"ENSRNOG00000031205",3
"ENSRNOG00000061320",475
"ENSRNOG00000043412",6
"ENSRNOG00000064174",1
"ENSRNOG00000032424",1
"ENSRNOG00000063008",0
"ENSRNOG00000055726",0
"ENSRNOG00000016598",0
"ENSRNOG00000021688",242
"ENSRNOG00000016613",0
"ENSRNOG00000050393",184
"ENSRNOG00000069033",29
"ENSRNOG00000009105",0
"ENSRNOG00000005854",6
"ENSRNOG00000054140",7966
"ENSRNOG00000036842",240
"ENSRNOG00000004152",336
"ENSRNOG00000008697",7869
"ENSRNOG00000053054",347
"ENSRNOG00000008336",8156
"ENSRNOG00000028837",60
"ENSRNOG00000004660",441
"ENSRNOG00000030597",723
"ENSRNOG00000034022",861
"ENSRNOG00000060753",1324
"ENSRNOG00000033361",81
"ENSRNOG00000026502",54
"ENSRNOG00000004704",0
"ENSRNOG00000063314",58
"ENSRNOG00000023480",685
"ENSRNOG00000065551",0
"ENSRNOG00000062664",0
"ENSRNOG00000004089",10
"ENSRNOG00000004420",2515
"ENSRNOG00000008615",127
"ENSRNOG00000005123",125
"ENSRNOG00000004821",449
"ENSRNOG00000005417",178
"ENSRNOG00000005551",1023
"ENSRNOG00000006103",94
"ENSRNOG00000071113",0
"ENSRNOG00000004854",0
"ENSRNOG00000069184",0
"ENSRNOG00000043390",1
"ENSRNOG00000069733",3
"ENSRNOG00000004328",742
"ENSRNOG00000004252",4689
"ENSRNOG00000024998",562
"ENSRNOG00000007980",0
"ENSRNOG00000009550",724
"ENSRNOG00000009739",1784
"ENSRNOG00000003964",147
"ENSRNOG00000004844",267
"ENSRNOG00000025300",2
"ENSRNOG00000007896",41
"ENSRNOG00000004958",0
"ENSRNOG00000008934",435
"ENSRNOG00000008987",1930
"ENSRNOG00000047198",31
"ENSRNOG00000009001",1391
"ENSRNOG00000063076",120
"ENSRNOG00000004747",0
"ENSRNOG00000004692",1
"ENSRNOG00000062233",1
"ENSRNOG00000069501",0
"ENSRNOG00000054576",0
"ENSRNOG00000019459",4882
"ENSRNOG00000008209",1211
"ENSRNOG00000004100",496
"ENSRNOG00000062947",146
"ENSRNOG00000032951",0
"ENSRNOG00000006738",106
"ENSRNOG00000037549",1
"ENSRNOG00000029292",0
"ENSRNOG00000063591",107
"ENSRNOG00000004744",96
"ENSRNOG00000018271",0
"ENSRNOG00000033584",0
"ENSRNOG00000018212",379
"ENSRNOG00000008591",12
"ENSRNOG00000006370",39
"ENSRNOG00000018977",2838
"ENSRNOG00000006412",506
"ENSRNOG00000058733",2263
"ENSRNOG00000065001",0
"ENSRNOG00000031950",6
"ENSRNOG00000025604",361
"ENSRNOG00000018971",842
"ENSRNOG00000051499",621
"ENSRNOG00000006700",154
"ENSRNOG00000070626",0
"ENSRNOG00000025460",11
"ENSRNOG00000006251",0
"ENSRNOG00000032202",0
"ENSRNOG00000004906",0
"ENSRNOG00000026435",41
"ENSRNOG00000005206",0
"ENSRNOG00000024975",24
"ENSRNOG00000005233",0
"ENSRNOG00000034102",5
"ENSRNOG00000033791",54
"ENSRNOG00000033694",121
"ENSRNOG00000011954",0
"ENSRNOG00000004500",1229
"ENSRNOG00000025140",84
"ENSRNOG00000014625",1264
"ENSRNOG00000024349",307
"ENSRNOG00000025528",1344
"ENSRNOG00000005486",591
"ENSRNOG00000014287",253
"ENSRNOG00000015434",1213
"ENSRNOG00000004401",600
"ENSRNOG00000068848",0
"ENSRNOG00000004412",106
"ENSRNOG00000011489",1738
"ENSRNOG00000065596",0
"ENSRNOG00000033262",16
"ENSRNOG00000016405",55
"ENSRNOG00000006104",47
"ENSRNOG00000025293",0
"ENSRNOG00000031387",446
"ENSRNOG00000024577",54
"ENSRNOG00000024568",645
"ENSRNOG00000024549",112
"ENSRNOG00000016203",21
"ENSRNOG00000056714",0
"ENSRNOG00000008199",0
"ENSRNOG00000030830",313
"ENSRNOG00000013987",463
"ENSRNOG00000064283",121
"ENSRNOG00000067606",99
"ENSRNOG00000007393",668
"ENSRNOG00000013604",2236
"ENSRNOG00000024603",9083
"ENSRNOG00000010423",3
"ENSRNOG00000026415",2040
"ENSRNOG00000009760",659
"ENSRNOG00000009311",1119
"ENSRNOG00000009265",0
"ENSRNOG00000009028",383
"ENSRNOG00000008960",138
"ENSRNOG00000000175",49
"ENSRNOG00000008533",1320
"ENSRNOG00000070264",0
"ENSRNOG00000000177",428
"ENSRNOG00000025516",0
"ENSRNOG00000054588",0
"ENSRNOG00000011315",431
"ENSRNOG00000065138",0
"ENSRNOG00000007730",0
"ENSRNOG00000004890",2
"ENSRNOG00000013545",992
"ENSRNOG00000007078",8101
"ENSRNOG00000013220",0
"ENSRNOG00000008271",1063
"ENSRNOG00000007818",203
"ENSRNOG00000007795",0
"ENSRNOG00000009103",232
"ENSRNOG00000012939",86
"ENSRNOG00000027569",322
"ENSRNOG00000059240",0
"ENSRNOG00000061246",663
"ENSRNOG00000043044",5333
"ENSRNOG00000031474",26
"ENSRNOG00000012808",847
"ENSRNOG00000010794",42
"ENSRNOG00000032827",0
"ENSRNOG00000012562",209
"ENSRNOG00000043465",58
"ENSRNOG00000047072",0
"ENSRNOG00000026133",0
"ENSRNOG00000012379",145
"ENSRNOG00000068978",0
"ENSRNOG00000062508",0
"ENSRNOG00000051563",43
"ENSRNOG00000069262",0
"ENSRNOG00000064163",0
"ENSRNOG00000008030",129
"ENSRNOG00000033564",0
"ENSRNOG00000033685",0
"ENSRNOG00000008296",127
"ENSRNOG00000008217",9
"ENSRNOG00000068909",0
"ENSRNOG00000007960",0
"ENSRNOG00000022871",271
"ENSRNOG00000031688",0
"ENSRNOG00000032895",0
"ENSRNOG00000065533",0
"ENSRNOG00000068204",0
"ENSRNOG00000032552",202
"ENSRNOG00000007091",86
"ENSRNOG00000067424",0
"ENSRNOG00000007307",1406
"ENSRNOG00000005382",0
"ENSRNOG00000028512",81
"ENSRNOG00000006086",0
"ENSRNOG00000024879",171
"ENSRNOG00000031437",0
"ENSRNOG00000008831",69
"ENSRNOG00000005159",0
"ENSRNOG00000051059",0
"ENSRNOG00000008414",10378
"ENSRNOG00000061813",0
"ENSRNOG00000007628",50
"ENSRNOG00000030530",0
"ENSRNOG00000060530",214
"ENSRNOG00000029450",0
"ENSRNOG00000004346",2826
"ENSRNOG00000027238",125
"ENSRNOG00000043344",0
"ENSRNOG00000061376",3
"ENSRNOG00000005929",4
"ENSRNOG00000005944",0
"ENSRNOG00000006217",1208
"ENSRNOG00000006058",0
"ENSRNOG00000007684",585
"ENSRNOG00000062903",0
"ENSRNOG00000008026",0
"ENSRNOG00000028146",0
"ENSRNOG00000024824",0
"ENSRNOG00000046224",0
"ENSRNOG00000048577",29
"ENSRNOG00000070877",0
"ENSRNOG00000037374",0
"ENSRNOG00000006770",4134
"ENSRNOG00000030111",0
"ENSRNOG00000025725",0
"ENSRNOG00000025641",0
"ENSRNOG00000014314",0
"ENSRNOG00000006559",370
"ENSRNOG00000006355",247
"ENSRNOG00000021638",3009
"ENSRNOG00000065304",0
"ENSRNOG00000004501",0
"ENSRNOG00000069530",110
"ENSRNOG00000066139",21
"ENSRNOG00000014811",652
"ENSRNOG00000007076",25
"ENSRNOG00000029814",0
"ENSRNOG00000027940",31
"ENSRNOG00000007500",60
"ENSRNOG00000069136",0
"ENSRNOG00000037375",0
"ENSRNOG00000010448",9217
"ENSRNOG00000060123",34
"ENSRNOG00000027319",1
"ENSRNOG00000048850",0
"ENSRNOG00000007137",0
"ENSRNOG00000015371",1
"ENSRNOG00000029941",6194
"ENSRNOG00000048148",0
"ENSRNOG00000032231",8
"ENSRNOG00000034107",152
"ENSRNOG00000032574",485
"ENSRNOG00000009960",848
"ENSRNOG00000014703",52
"ENSRNOG00000064680",0
"ENSRNOG00000033520",1
"ENSRNOG00000070029",0
"ENSRNOG00000006440",233
"ENSRNOG00000025497",280
"ENSRNOG00000007939",123
"ENSRNOG00000032561",77
"ENSRNOG00000007916",2438
"ENSRNOG00000030308",293
"ENSRNOG00000004484",24
"ENSRNOG00000050695",135
"ENSRNOG00000008401",0
"ENSRNOG00000068956",2157
"ENSRNOG00000068661",18
"ENSRNOG00000069134",0
"ENSRNOG00000063626",79
"ENSRNOG00000006471",0
"ENSRNOG00000007489",298
"ENSRNOG00000005749",14
"ENSRNOG00000021765",170
"ENSRNOG00000007077",572
"ENSRNOG00000048924",455
"ENSRNOG00000050714",1
"ENSRNOG00000043068",27
"ENSRNOG00000015994",0
"ENSRNOG00000008680",5228
"ENSRNOG00000069897",394
"ENSRNOG00000032364",265
"ENSRNOG00000008737",22
"ENSRNOG00000014340",75
"ENSRNOG00000016069",0
"ENSRNOG00000033496",17
"ENSRNOG00000026679",1
"ENSRNOG00000030800",0
"ENSRNOG00000018481",509
"ENSRNOG00000008620",840
"ENSRNOG00000063066",1
"ENSRNOG00000008340",49
"ENSRNOG00000012962",63
"ENSRNOG00000016397",0
"ENSRNOG00000018665",168
"ENSRNOG00000016412",0
"ENSRNOG00000043324",0
"ENSRNOG00000008353",0
"ENSRNOG00000045679",3
"ENSRNOG00000047503",19
"ENSRNOG00000055909",0
"ENSRNOG00000059084",0
"ENSRNOG00000018436",0
"ENSRNOG00000007164",530
"ENSRNOG00000015389",686
"ENSRNOG00000038202",19
"ENSRNOG00000027730",5
"ENSRNOG00000013919",841
"ENSRNOG00000008424",207
"ENSRNOG00000020659",657
"ENSRNOG00000048394",85
"ENSRNOG00000009193",4
"ENSRNOG00000025937",362
"ENSRNOG00000006663",67
"ENSRNOG00000009303",172
"ENSRNOG00000005930",84
"ENSRNOG00000033624",95
"ENSRNOG00000016085",0
"ENSRNOG00000009378",5008
"ENSRNOG00000068913",25
"ENSRNOG00000042601",5
"ENSRNOG00000034037",1450
"ENSRNOG00000012650",600
"ENSRNOG00000039859",576
"ENSRNOG00000012420",1103
"ENSRNOG00000012015",185
"ENSRNOG00000042649",0
"ENSRNOG00000047625",89
"ENSRNOG00000012430",2
"ENSRNOG00000057447",157
"ENSRNOG00000014832",229
"ENSRNOG00000038867",0
"ENSRNOG00000064248",74
"ENSRNOG00000020901",26
"ENSRNOG00000053932",264
"ENSRNOG00000009253",64
"ENSRNOG00000007158",74
"ENSRNOG00000055680",0
"ENSRNOG00000015458",28
"ENSRNOG00000057102",749
"ENSRNOG00000020653",1006
"ENSRNOG00000012868",314
"ENSRNOG00000067804",4
"ENSRNOG00000011789",724
"ENSRNOG00000046243",0
"ENSRNOG00000022741",561
"ENSRNOG00000011567",87
"ENSRNOG00000045931",1062
"ENSRNOG00000049489",273
"ENSRNOG00000042925",0
"ENSRNOG00000064478",0
"ENSRNOG00000052224",0
"ENSRNOG00000029980",2
"ENSRNOG00000005903",24
"ENSRNOG00000043093",0
"ENSRNOG00000008595",34
"ENSRNOG00000013959",0
"ENSRNOG00000025037",0
"ENSRNOG00000013201",634
"ENSRNOG00000009772",4
"ENSRNOG00000020525",240
"ENSRNOG00000015718",2
"ENSRNOG00000070107",0
"ENSRNOG00000067684",0
"ENSRNOG00000029826",282
"ENSRNOG00000033981",0
"ENSRNOG00000030225",206
"ENSRNOG00000070602",0
"ENSRNOG00000048441",1073
"ENSRNOG00000010643",1076
"ENSRNOG00000005578",207
"ENSRNOG00000042065",0
"ENSRNOG00000015133",1986
"ENSRNOG00000014065",100
"ENSRNOG00000049600",0
"ENSRNOG00000009198",457
"ENSRNOG00000025372",409
"ENSRNOG00000014128",363
"ENSRNOG00000024026",0
"ENSRNOG00000010537",189
"ENSRNOG00000011582",918
"ENSRNOG00000030625",678
"ENSRNOG00000016502",9
"ENSRNOG00000014719",1040
"ENSRNOG00000025979",7
"ENSRNOG00000031824",1318
"ENSRNOG00000021899",627
"ENSRNOG00000049218",0
"ENSRNOG00000063302",309
"ENSRNOG00000070114",0
"ENSRNOG00000021887",70
"ENSRNOG00000039445",0
"ENSRNOG00000029862",14
"ENSRNOG00000067077",287
"ENSRNOG00000018939",519
"ENSRNOG00000021660",393
"ENSRNOG00000009271",1343
"ENSRNOG00000017766",1
"ENSRNOG00000008709",667
"ENSRNOG00000016847",1060
"ENSRNOG00000009946",900
"ENSRNOG00000069348",0
"ENSRNOG00000066040",0
"ENSRNOG00000017151",611
"ENSRNOG00000049588",0
"ENSRNOG00000019105",2519
"ENSRNOG00000045799",0
"ENSRNOG00000009434",9
"ENSRNOG00000017478",244
"ENSRNOG00000031129",1901
"ENSRNOG00000065852",0
"ENSRNOG00000063923",0
"ENSRNOG00000017628",31610
"ENSRNOG00000027295",36
"ENSRNOG00000032180",42
"ENSRNOG00000021420",153
"ENSRNOG00000015953",1282
"ENSRNOG00000022043",112
"ENSRNOG00000017871",2628
"ENSRNOG00000033426",538
"ENSRNOG00000015019",1399
"ENSRNOG00000060379",137
"ENSRNOG00000015977",1529
"ENSRNOG00000046535",42
"ENSRNOG00000054479",362
"ENSRNOG00000010543",2334
"ENSRNOG00000011543",115
"ENSRNOG00000019400",5951
"ENSRNOG00000027847",2
"ENSRNOG00000011739",750
"ENSRNOG00000020828",78
"ENSRNOG00000064617",0
"ENSRNOG00000008757",51
"ENSRNOG00000037289",0
"ENSRNOG00000070472",19
"ENSRNOG00000030391",681
"ENSRNOG00000070382",81
"ENSRNOG00000029242",844
"ENSRNOG00000013164",0
"ENSRNOG00000012604",152
"ENSRNOG00000008058",0
"ENSRNOG00000030101",42
"ENSRNOG00000014331",216
"ENSRNOG00000039390",6
"ENSRNOG00000011747",44
"ENSRNOG00000010634",1
"ENSRNOG00000015858",0
"ENSRNOG00000050155",0
"ENSRNOG00000011799",44
"ENSRNOG00000008508",0
"ENSRNOG00000010899",0
"ENSRNOG00000025359",2
"ENSRNOG00000029911",115
"ENSRNOG00000018778",5
"ENSRNOG00000012164",176
"ENSRNOG00000022445",0
"ENSRNOG00000014846",1016
"ENSRNOG00000055496",1
"ENSRNOG00000031896",2497
"ENSRNOG00000012619",3
"ENSRNOG00000029127",440
"ENSRNOG00000054063",0
"ENSRNOG00000052010",0
"ENSRNOG00000014602",143
"ENSRNOG00000063092",64
"ENSRNOG00000070564",0
"ENSRNOG00000016150",252
"ENSRNOG00000046261",3
"ENSRNOG00000065325",0
"ENSRNOG00000052051",3
"ENSRNOG00000059163",12
"ENSRNOG00000000195",746
"ENSRNOG00000059005",0
"ENSRNOG00000069976",27
"ENSRNOG00000046307",6
"ENSRNOG00000062683",68
"ENSRNOG00000047861",0
"ENSRNOG00000067838",0
"ENSRNOG00000023020",288
"ENSRNOG00000012469",581
"ENSRNOG00000058938",2
"ENSRNOG00000049187",0
"ENSRNOG00000020710",1304
"ENSRNOG00000062317",0
"ENSRNOG00000030232",700
"ENSRNOG00000068126",1
"ENSRNOG00000068077",0
"ENSRNOG00000008904",48
"ENSRNOG00000064055",0
"ENSRNOG00000027736",3738
"ENSRNOG00000065624",0
"ENSRNOG00000066698",0
"ENSRNOG00000066519",0
"ENSRNOG00000009950",517
"ENSRNOG00000065616",0
"ENSRNOG00000007926",309
"ENSRNOG00000014284",854
"ENSRNOG00000069156",1
"ENSRNOG00000006075",0
"ENSRNOG00000065963",0
"ENSRNOG00000066207",6
"ENSRNOG00000010688",9
"ENSRNOG00000070638",0
"ENSRNOG00000026985",732
"ENSRNOG00000033217",3
"ENSRNOG00000067794",0
"ENSRNOG00000014521",576
"ENSRNOG00000068935",0
"ENSRNOG00000064114",0
"ENSRNOG00000015554",14
"ENSRNOG00000043131",0
"ENSRNOG00000070485",0
"ENSRNOG00000063953",0
"ENSRNOG00000071070",0
"ENSRNOG00000010652",129
"ENSRNOG00000009219",0
"ENSRNOG00000012260",54
"ENSRNOG00000012994",89
"ENSRNOG00000012980",32
"ENSRNOG00000066595",0
"ENSRNOG00000011199",528
"ENSRNOG00000063739",0
"ENSRNOG00000011490",1
"ENSRNOG00000016827",5
"ENSRNOG00000065779",0
"ENSRNOG00000069680",0
"ENSRNOG00000028856",6
"ENSRNOG00000008138",42
"ENSRNOG00000032948",188
"ENSRNOG00000017589",34
"ENSRNOG00000069826",0
"ENSRNOG00000053239",7
"ENSRNOG00000011329",1616
"ENSRNOG00000065790",0
"ENSRNOG00000062452",0
"ENSRNOG00000067250",0
"ENSRNOG00000007649",853
"ENSRNOG00000015896",258
"ENSRNOG00000005960",1
"ENSRNOG00000009850",382
"ENSRNOG00000067474",0
"ENSRNOG00000032339",61
"ENSRNOG00000065608",0
"ENSRNOG00000068388",0
"ENSRNOG00000031890",769
"ENSRNOG00000028889",4
"ENSRNOG00000008187",44
"ENSRNOG00000056024",788
"ENSRNOG00000069955",13
"ENSRNOG00000015863",0
"ENSRNOG00000069075",0
"ENSRNOG00000034066",1493
"ENSRNOG00000015835",90
"ENSRNOG00000008037",84
"ENSRNOG00000066313",0
"ENSRNOG00000059540",0
"ENSRNOG00000058207",0
"ENSRNOG00000033256",9
"ENSRNOG00000049289",0
"ENSRNOG00000008428",0
"ENSRNOG00000063762",0
"ENSRNOG00000022245",356
"ENSRNOG00000021771",0
"ENSRNOG00000011228",108
"ENSRNOG00000066855",6
"ENSRNOG00000065944",436
"ENSRNOG00000045585",0
"ENSRNOG00000030910",0
"ENSRNOG00000024346",0
"ENSRNOG00000029876",0
"ENSRNOG00000062096",0
"ENSRNOG00000056662",0
"ENSRNOG00000011277",0
"ENSRNOG00000016181",0
"ENSRNOG00000063215",0
"ENSRNOG00000030016",0
"ENSRNOG00000007372",25
"ENSRNOG00000064634",131
"ENSRNOG00000061579",2162
"ENSRNOG00000030213",668
"ENSRNOG00000055222",139
"ENSRNOG00000051416",967
"ENSRNOG00000067468",0
"ENSRNOG00000005795",216
"ENSRNOG00000034128",19
"ENSRNOG00000069206",45
"ENSRNOG00000029843",490
"ENSRNOG00000029148",124
"ENSRNOG00000064876",0
"ENSRNOG00000009149",659
"ENSRNOG00000030296",98
"ENSRNOG00000045885",5831
"ENSRNOG00000010934",4
"ENSRNOG00000065876",5
"ENSRNOG00000065507",0
"ENSRNOG00000067755",0
"ENSRNOG00000011500",0
"ENSRNOG00000031266",77
"ENSRNOG00000031703",18
"ENSRNOG00000065152",2
"ENSRNOG00000070252",0
"ENSRNOG00000056701",53
"ENSRNOG00000029995",1259
"ENSRNOG00000022084",0
"ENSRNOG00000006957",0
"ENSRNOG00000008924",747
"ENSRNOG00000023850",545
"ENSRNOG00000017190",1
"ENSRNOG00000005710",313
"ENSRNOG00000065862",3
"ENSRNOG00000032642",0
"ENSRNOG00000066352",0
"ENSRNOG00000020655",0
"ENSRNOG00000063216",59
"ENSRNOG00000068475",0
"ENSRNOG00000065079",0
"ENSRNOG00000025463",0
"ENSRNOG00000034052",3
"ENSRNOG00000032626",0
"ENSRNOG00000068773",0
"ENSRNOG00000031483",0
"ENSRNOG00000066381",0
"ENSRNOG00000032353",0
"ENSRNOG00000023086",305
"ENSRNOG00000016781",4901
"ENSRNOG00000071117",0
"ENSRNOG00000006920",0
"ENSRNOG00000037172",29
"ENSRNOG00000068485",0
"ENSRNOG00000008478",0
"ENSRNOG00000022567",0
"ENSRNOG00000022852",0
"ENSRNOG00000069423",0
"ENSRNOG00000043006",1673
"ENSRNOG00000066836",555
"ENSRNOG00000015189",192
"ENSRNOG00000043480",3
"ENSRNOG00000030962",1
"ENSRNOG00000033490",8
"ENSRNOG00000040208",0
"ENSRNOG00000010315",0
"ENSRNOG00000026759",0
"ENSRNOG00000033697",314
"ENSRNOG00000010743",88
"ENSRNOG00000031127",337
"ENSRNOG00000063084",0
"ENSRNOG00000016121",159
"ENSRNOG00000004757",24
"ENSRNOG00000031675",6
"ENSRNOG00000031912",4
"ENSRNOG00000070374",0
"ENSRNOG00000048164",72
"ENSRNOG00000016469",0
"ENSRNOG00000030187",0
"ENSRNOG00000052499",410
"ENSRNOG00000065044",201
"ENSRNOG00000065906",0
"ENSRNOG00000067690",0
"ENSRNOG00000018009",501
"ENSRNOG00000012022",0
"ENSRNOG00000062665",2
"ENSRNOG00000070764",0
"ENSRNOG00000064921",0
"ENSRNOG00000006403",6
"ENSRNOG00000064730",0
"ENSRNOG00000068136",1
"ENSRNOG00000031469",0
"ENSRNOG00000017029",188
"ENSRNOG00000008881",0
"ENSRNOG00000039627",4
"ENSRNOG00000054460",1
"ENSRNOG00000070070",0
"ENSRNOG00000068217",0
"ENSRNOG00000012758",1
"ENSRNOG00000000896",2
"ENSRNOG00000058932",96
"ENSRNOG00000065090",8
"ENSRNOG00000010877",411
"ENSRNOG00000063464",127
"ENSRNOG00000060750",654
"ENSRNOG00000067695",1
"ENSRNOG00000017119",139
"ENSRNOG00000048915",27
"ENSRNOG00000021793",6
"ENSRNOG00000065178",142
"ENSRNOG00000069716",0
"ENSRNOG00000065114",498
"ENSRNOG00000009308",0
"ENSRNOG00000020580",46
"ENSRNOG00000062347",2
"ENSRNOG00000054355",375
"ENSRNOG00000064440",0
"ENSRNOG00000065618",0
"ENSRNOG00000067723",9
"ENSRNOG00000050630",1502
"ENSRNOG00000068486",0
"ENSRNOG00000005933",1685
"ENSRNOG00000071145",0
"ENSRNOG00000065870",160
"ENSRNOG00000055049",10
"ENSRNOG00000048161",0
"ENSRNOG00000064689",0
"ENSRNOG00000031126",0
"ENSRNOG00000069438",0
"ENSRNOG00000064936",2
"ENSRNOG00000013027",80
"ENSRNOG00000059497",0
"ENSRNOG00000048237",295
"ENSRNOG00000068439",0
"ENSRNOG00000064399",1076
"ENSRNOG00000067375",2
"ENSRNOG00000061928",1068
"ENSRNOG00000062775",0
"ENSRNOG00000067969",12
"ENSRNOG00000013263",2
"ENSRNOG00000070993",1
"ENSRNOG00000057221",17
"ENSRNOG00000056596",523
"ENSRNOG00000030000",0
"ENSRNOG00000067000",7
"ENSRNOG00000070140",4
"ENSRNOG00000069058",0
"ENSRNOG00000054446",420
"ENSRNOG00000066384",0
"ENSRNOG00000065274",0
"ENSRNOG00000068511",73
"ENSRNOG00000066848",0
"ENSRNOG00000064312",59
"ENSRNOG00000026589",715
"ENSRNOG00000067959",297
"ENSRNOG00000065435",41
"ENSRNOG00000030188",0
"ENSRNOG00000051462",1
"ENSRNOG00000069457",0
"ENSRNOG00000064756",0
"ENSRNOG00000037295",44
"ENSRNOG00000010584",1884
"ENSRNOG00000020603",4
"ENSRNOG00000065520",0
"ENSRNOG00000068247",0
"ENSRNOG00000057660",0
"ENSRNOG00000065991",0
"ENSRNOG00000063118",459
"ENSRNOG00000010507",0
"ENSRNOG00000053577",82
"ENSRNOG00000031054",0
"ENSRNOG00000016620",89
"ENSRNOG00000064896",0
"ENSRNOG00000063458",1
"ENSRNOG00000055631",479
"ENSRNOG00000069817",0
"ENSRNOG00000010922",496
"ENSRNOG00000013360",4519
"ENSRNOG00000030714",1
"ENSRNOG00000066345",0
"ENSRNOG00000065318",0
"ENSRNOG00000066031",0
"ENSRNOG00000069820",0
"ENSRNOG00000069025",0
"ENSRNOG00000070943",0
"ENSRNOG00000063951",0
"ENSRNOG00000063350",0
"ENSRNOG00000069053",0
"ENSRNOG00000068753",0
"ENSRNOG00000033434",707
"ENSRNOG00000066983",5
"ENSRNOG00000071086",17
"ENSRNOG00000063105",0
"ENSRNOG00000067847",0
"ENSRNOG00000070488",0
"ENSRNOG00000062331",0
"ENSRNOG00000065689",1
"ENSRNOG00000061337",27
"ENSRNOG00000026178",573
"ENSRNOG00000070740",29
"ENSRNOG00000052134",0
"ENSRNOG00000071030",25
"ENSRNOG00000013752",0
"ENSRNOG00000064818",3
"ENSRNOG00000067268",2
"ENSRNOG00000007726",2275
"ENSRNOG00000051630",0
"ENSRNOG00000055251",2
"ENSRNOG00000066852",0
"ENSRNOG00000009907",0
"ENSRNOG00000026171",115
"ENSRNOG00000064526",2
"ENSRNOG00000067408",0
"ENSRNOG00000064892",1
"ENSRNOG00000020688",25
"ENSRNOG00000008862",39
"ENSRNOG00000062708",0
"ENSRNOG00000069154",0
"ENSRNOG00000007613",218
"ENSRNOG00000023809",0
"ENSRNOG00000071036",0
"ENSRNOG00000067656",0
"ENSRNOG00000066244",1
"ENSRNOG00000008526",3
"ENSRNOG00000010362",6899
"ENSRNOG00000031971",1
"ENSRNOG00000065505",1
"ENSRNOG00000007142",1
"ENSRNOG00000062369",26
"ENSRNOG00000052386",188
"ENSRNOG00000065036",0
"ENSRNOG00000032070",400
"ENSRNOG00000068636",26
"ENSRNOG00000043498",1133
"ENSRNOG00000047225",178
"ENSRNOG00000060221",0
"ENSRNOG00000063183",0
"ENSRNOG00000067304",0
"ENSRNOG00000060040",0
"ENSRNOG00000058898",27429
"ENSRNOG00000033234",12
"ENSRNOG00000059229",0
"ENSRNOG00000054080",292
"ENSRNOG00000009243",335
"ENSRNOG00000043383",0
"ENSRNOG00000054439",0
"ENSRNOG00000065544",0
"ENSRNOG00000021602",17
"ENSRNOG00000050979",7
"ENSRNOG00000008390",391
"ENSRNOG00000000196",3
"ENSRNOG00000008153",0
"ENSRNOG00000007561",32
"ENSRNOG00000010789",422
"ENSRNOG00000063146",13
"ENSRNOG00000005731",31
"ENSRNOG00000039107",38
"ENSRNOG00000063818",0
"ENSRNOG00000023870",1
"ENSRNOG00000020720",0
"ENSRNOG00000069074",0
"ENSRNOG00000043410",98
"ENSRNOG00000009799",862
"ENSRNOG00000069631",0
"ENSRNOG00000029089",0
"ENSRNOG00000023633",4
"ENSRNOG00000021839",28
"ENSRNOG00000010390",216
"ENSRNOG00000006283",0
"ENSRNOG00000021548",283
"ENSRNOG00000015357",1037
"ENSRNOG00000021896",0
"ENSRNOG00000062568",0
"ENSRNOG00000006595",0
"ENSRNOG00000010733",646
"ENSRNOG00000006931",73
"ENSRNOG00000010602",202
"ENSRNOG00000066300",4
"ENSRNOG00000066437",0
"ENSRNOG00000010944",1490
"ENSRNOG00000032832",0
"ENSRNOG00000042165",68
"ENSRNOG00000013841",466
"ENSRNOG00000006831",402
"ENSRNOG00000018373",485
"ENSRNOG00000013419",16
"ENSRNOG00000007177",2014
"ENSRNOG00000008444",827
"ENSRNOG00000009047",1
"ENSRNOG00000066977",2
"ENSRNOG00000006545",798
"ENSRNOG00000021528",261
"ENSRNOG00000025624",0
"ENSRNOG00000006604",246
"ENSRNOG00000031420",319
"ENSRNOG00000026702",8
"ENSRNOG00000032134",1162
"ENSRNOG00000024438",1
"ENSRNOG00000009250",117
"ENSRNOG00000014218",4
"ENSRNOG00000029510",266
"ENSRNOG00000039086",1
"ENSRNOG00000009719",355
"ENSRNOG00000009499",144
"ENSRNOG00000007325",353
"ENSRNOG00000061108",4746
"ENSRNOG00000049531",865
"ENSRNOG00000047053",485
"ENSRNOG00000009118",2
"ENSRNOG00000047235",1247
"ENSRNOG00000011361",97
"ENSRNOG00000009892",83
"ENSRNOG00000020833",6
"ENSRNOG00000024082",2
"ENSRNOG00000011904",178
"ENSRNOG00000008932",469
"ENSRNOG00000024230",8
"ENSRNOG00000027503",412
"ENSRNOG00000014161",288
"ENSRNOG00000008592",0
"ENSRNOG00000025115",298
"ENSRNOG00000010160",115
"ENSRNOG00000063771",0
"ENSRNOG00000012137",40
"ENSRNOG00000068150",0
"ENSRNOG00000026650",0
"ENSRNOG00000061883",0
"ENSRNOG00000016308",0
"ENSRNOG00000032461",0
"ENSRNOG00000009170",854
"ENSRNOG00000065921",15
"ENSRNOG00000063505",0
"ENSRNOG00000070052",17
"ENSRNOG00000028884",694
"ENSRNOG00000064519",0
"ENSRNOG00000031438",0
"ENSRNOG00000015780",1110
"ENSRNOG00000026833",1721
"ENSRNOG00000012500",195
"ENSRNOG00000069794",235
"ENSRNOG00000010663",0
"ENSRNOG00000015945",0
"ENSRNOG00000014427",29
"ENSRNOG00000008515",0
"ENSRNOG00000018184",17065
"ENSRNOG00000033796",0
"ENSRNOG00000014201",4
"ENSRNOG00000008039",166
"ENSRNOG00000014343",513
"ENSRNOG00000026979",26
"ENSRNOG00000070532",0
"ENSRNOG00000015201",0
"ENSRNOG00000060367",628
"ENSRNOG00000029456",52
"ENSRNOG00000034236",1
"ENSRNOG00000018081",81
"ENSRNOG00000012803",322
"ENSRNOG00000007853",242
"ENSRNOG00000014576",9
"ENSRNOG00000056612",1
"ENSRNOG00000008095",0
"ENSRNOG00000008941",557
"ENSRNOG00000038746",42
"ENSRNOG00000034226",0
"ENSRNOG00000057754",1021
"ENSRNOG00000005574",41
"ENSRNOG00000057501",0
"ENSRNOG00000009848",1
"ENSRNOG00000008278",713
"ENSRNOG00000056409",0
"ENSRNOG00000049470",1
"ENSRNOG00000065914",0
"ENSRNOG00000015878",11
"ENSRNOG00000022980",591
"ENSRNOG00000017332",27
"ENSRNOG00000009888",246
"ENSRNOG00000047179",7172
"ENSRNOG00000054257",341
"ENSRNOG00000057867",6
"ENSRNOG00000031782",0
"ENSRNOG00000016474",1923
"ENSRNOG00000008356",10
"ENSRNOG00000059702",32
"ENSRNOG00000009958",294
"ENSRNOG00000018502",102
"ENSRNOG00000009965",46
"ENSRNOG00000009994",411
"ENSRNOG00000054889",0
"ENSRNOG00000057676",1622
"ENSRNOG00000018333",341
"ENSRNOG00000056654",21
"ENSRNOG00000060338",1
"ENSRNOG00000055361",5
"ENSRNOG00000052869",41
"ENSRNOG00000071199",0
"ENSRNOG00000052983",0
"ENSRNOG00000032436",612
"ENSRNOG00000069223",0
"ENSRNOG00000055594",0
"ENSRNOG00000059435",3
"ENSRNOG00000059039",0
"ENSRNOG00000038181",0
"ENSRNOG00000064292",0
"ENSRNOG00000064631",0
"ENSRNOG00000068974",0
"ENSRNOG00000066210",0
"ENSRNOG00000013669",440
"ENSRNOG00000055503",0
"ENSRNOG00000058522",250
"ENSRNOG00000053428",561
"ENSRNOG00000060576",0
"ENSRNOG00000053784",0
"ENSRNOG00000069892",0
"ENSRNOG00000069748",0
"ENSRNOG00000067497",0
"ENSRNOG00000006224",208
"ENSRNOG00000063162",1
"ENSRNOG00000052370",0
"ENSRNOG00000052158",0
"ENSRNOG00000066086",119
"ENSRNOG00000057260",0
"ENSRNOG00000051946",0
"ENSRNOG00000056719",0
"ENSRNOG00000054641",3
"ENSRNOG00000063103",1590
"ENSRNOG00000057248",1
"ENSRNOG00000066071",0
"ENSRNOG00000058231",0
"ENSRNOG00000059622",43
"ENSRNOG00000023007",15
"ENSRNOG00000066593",0
"ENSRNOG00000057712",0
"ENSRNOG00000052616",0
"ENSRNOG00000062396",0
"ENSRNOG00000067122",77
"ENSRNOG00000051411",1
"ENSRNOG00000067829",0
"ENSRNOG00000060922",1
"ENSRNOG00000066552",0
"ENSRNOG00000057457",0
"ENSRNOG00000037285",0
"ENSRNOG00000053289",0
"ENSRNOG00000064439",4
"ENSRNOG00000068232",0
"ENSRNOG00000051647",0
"ENSRNOG00000062332",0
"ENSRNOG00000052439",3
"ENSRNOG00000058866",1275
"ENSRNOG00000055465",0
"ENSRNOG00000058283",0
"ENSRNOG00000058614",0
"ENSRNOG00000056888",1
"ENSRNOG00000055263",0
"ENSRNOG00000033809",137
"ENSRNOG00000069442",2
"ENSRNOG00000062422",0
"ENSRNOG00000059888",0
"ENSRNOG00000060814",0
"ENSRNOG00000058443",0
"ENSRNOG00000055199",0
"ENSRNOG00000034938",0
"ENSRNOG00000063270",0
"ENSRNOG00000068219",0
"ENSRNOG00000066680",0
"ENSRNOG00000057236",0
"ENSRNOG00000057172",1
"ENSRNOG00000067770",0
"ENSRNOG00000067193",0
"ENSRNOG00000067210",0
"ENSRNOG00000062705",0
"ENSRNOG00000060204",2
"ENSRNOG00000053742",0
"ENSRNOG00000058998",0
"ENSRNOG00000055520",0
"ENSRNOG00000059346",0
"ENSRNOG00000057805",0
"ENSRNOG00000051997",2
"ENSRNOG00000058887",0
"ENSRNOG00000020847",68
"ENSRNOG00000055522",2
"ENSRNOG00000055808",0
"ENSRNOG00000059871",0
"ENSRNOG00000050473",421
"ENSRNOG00000060943",0
"ENSRNOG00000056523",0
"ENSRNOG00000056506",0
"ENSRNOG00000055172",0
"ENSRNOG00000020721",126
"ENSRNOG00000054821",0
"ENSRNOG00000068517",0
"ENSRNOG00000058120",0
"ENSRNOG00000065508",0
"ENSRNOG00000064419",0
"ENSRNOG00000064954",0
"ENSRNOG00000030073",0
"ENSRNOG00000067180",0
"ENSRNOG00000065588",1
"ENSRNOG00000057055",0
"ENSRNOG00000060841",0
"ENSRNOG00000055565",0
"ENSRNOG00000067492",0
"ENSRNOG00000024330",1
"ENSRNOG00000059993",0
"ENSRNOG00000066368",0
"ENSRNOG00000068372",0
"ENSRNOG00000011193",0
"ENSRNOG00000054357",0
"ENSRNOG00000066631",1
"ENSRNOG00000051738",1
"ENSRNOG00000060720",0
"ENSRNOG00000059989",0
"ENSRNOG00000068344",0
"ENSRNOG00000059831",0
"ENSRNOG00000066537",0
"ENSRNOG00000053889",4
"ENSRNOG00000054323",0
"ENSRNOG00000055949",1
"ENSRNOG00000047799",183
"ENSRNOG00000031816",132
"ENSRNOG00000006331",1463
"ENSRNOG00000069372",20
"ENSRNOG00000020450",72
"ENSRNOG00000008214",243
"ENSRNOG00000025957",0
"ENSRNOG00000031141",0
"ENSRNOG00000008691",375
"ENSRNOG00000011138",5915
"ENSRNOG00000064605",3
"ENSRNOG00000009381",696
"ENSRNOG00000050868",3
"ENSRNOG00000029861",0
"ENSRNOG00000011189",170
"ENSRNOG00000010447",15
"ENSRNOG00000030449",1
"ENSRNOG00000027145",66
"ENSRNOG00000011936",51
"ENSRNOG00000010917",0
"ENSRNOG00000010116",151
"ENSRNOG00000012073",338
"ENSRNOG00000056051",0
"ENSRNOG00000009439",4
"ENSRNOG00000012406",439
"ENSRNOG00000000201",0
"ENSRNOG00000052787",225
"ENSRNOG00000012865",494
"ENSRNOG00000010642",306
"ENSRNOG00000012927",85
"ENSRNOG00000010784",0
"ENSRNOG00000011521",64
"ENSRNOG00000060912",913
"ENSRNOG00000032063",0
"ENSRNOG00000069906",0
"ENSRNOG00000007932",0
"ENSRNOG00000058470",1930
"ENSRNOG00000025071",1095
"ENSRNOG00000031965",0
"ENSRNOG00000046191",17
"ENSRNOG00000068670",0
"ENSRNOG00000020068",327
"ENSRNOG00000010657",4
"ENSRNOG00000037199",18
"ENSRNOG00000042903",28
"ENSRNOG00000020159",239
"ENSRNOG00000010895",1247
"ENSRNOG00000020185",228
"ENSRNOG00000008984",127
"ENSRNOG00000020249",65
"ENSRNOG00000066197",0
"ENSRNOG00000009580",13
"ENSRNOG00000021047",239
"ENSRNOG00000000199",0
"ENSRNOG00000069879",409
"ENSRNOG00000065247",145
"ENSRNOG00000066863",0
"ENSRNOG00000023794",0
"ENSRNOG00000020948",142
"ENSRNOG00000067842",420
"ENSRNOG00000007720",520
"ENSRNOG00000065279",175
"ENSRNOG00000013042",22
"ENSRNOG00000057691",1
"ENSRNOG00000063493",11
"ENSRNOG00000025332",207
"ENSRNOG00000067811",403
"ENSRNOG00000068675",473
"ENSRNOG00000065943",0
"ENSRNOG00000070669",0
"ENSRNOG00000065586",0
"ENSRNOG00000020955",0
"ENSRNOG00000066974",42
"ENSRNOG00000068755",0
"ENSRNOG00000070980",0
"ENSRNOG00000063823",0
"ENSRNOG00000065033",94
"ENSRNOG00000031827",520
"ENSRNOG00000065901",13
"ENSRNOG00000065405",0
"ENSRNOG00000051671",665
"ENSRNOG00000063535",417
"ENSRNOG00000064822",0
"ENSRNOG00000029543",24
"ENSRNOG00000010156",195
"ENSRNOG00000067175",2
"ENSRNOG00000064300",5
"ENSRNOG00000061650",0
"ENSRNOG00000064671",0
"ENSRNOG00000065802",7
"ENSRNOG00000067743",0
"ENSRNOG00000070021",0
"ENSRNOG00000067586",1
"ENSRNOG00000069347",1
"ENSRNOG00000065465",11
"ENSRNOG00000020288",351
"ENSRNOG00000067893",0
"ENSRNOG00000071079",10
"ENSRNOG00000069432",12
"ENSRNOG00000058012",0
"ENSRNOG00000031401",1
"ENSRNOG00000065759",0
"ENSRNOG00000042432",12
"ENSRNOG00000064745",35
"ENSRNOG00000017684",412
"ENSRNOG00000070705",0
"ENSRNOG00000070354",0
"ENSRNOG00000063500",1
"ENSRNOG00000037229",5
"ENSRNOG00000020284",449
"ENSRNOG00000070686",1
"ENSRNOG00000070739",0
"ENSRNOG00000017714",353
"ENSRNOG00000065882",0
"ENSRNOG00000013059",33
"ENSRNOG00000064430",0
"ENSRNOG00000027799",17
"ENSRNOG00000059167",0
"ENSRNOG00000067785",155
"ENSRNOG00000033921",360
"ENSRNOG00000011852",357
"ENSRNOG00000053916",0
"ENSRNOG00000061154",0
"ENSRNOG00000064183",164
"ENSRNOG00000067595",21
"ENSRNOG00000069880",9
"ENSRNOG00000033378",575
"ENSRNOG00000063882",3
"ENSRNOG00000062448",0
"ENSRNOG00000020804",874
"ENSRNOG00000054131",0
"ENSRNOG00000068187",0
"ENSRNOG00000065458",4
"ENSRNOG00000070433",48
"ENSRNOG00000013399",0
"ENSRNOG00000059525",0
"ENSRNOG00000056472",0
"ENSRNOG00000055457",0
"ENSRNOG00000051955",0
"ENSRNOG00000005934",0
"ENSRNOG00000058213",0
"ENSRNOG00000037659",181
"ENSRNOG00000055883",0
"ENSRNOG00000057627",0
"ENSRNOG00000010004",0
"ENSRNOG00000013305",529
"ENSRNOG00000014644",0
"ENSRNOG00000034503",0
"ENSRNOG00000052416",0
"ENSRNOG00000010024",267
"ENSRNOG00000012479",0
"ENSRNOG00000070463",0
"ENSRNOG00000054911",0
"ENSRNOG00000059726",0
"ENSRNOG00000055825",0
"ENSRNOG00000066222",0
"ENSRNOG00000059194",0
"ENSRNOG00000053403",0
"ENSRNOG00000066485",0
"ENSRNOG00000005970",129
"ENSRNOG00000008519",1911
"ENSRNOG00000052126",0
"ENSRNOG00000061858",0
"ENSRNOG00000058872",0
"ENSRNOG00000061762",0
"ENSRNOG00000010685",918
"ENSRNOG00000066329",1
"ENSRNOG00000065611",0
"ENSRNOG00000058445",2
"ENSRNOG00000063132",3
"ENSRNOG00000031032",585
"ENSRNOG00000059581",0
"ENSRNOG00000053157",0
"ENSRNOG00000059364",0
"ENSRNOG00000019680",1
"ENSRNOG00000009773",61
"ENSRNOG00000064465",0
"ENSRNOG00000058412",580
"ENSRNOG00000056584",0
"ENSRNOG00000059045",0
"ENSRNOG00000070515",0
"ENSRNOG00000057922",0
"ENSRNOG00000029572",230
"ENSRNOG00000052284",0
"ENSRNOG00000065714",0
"ENSRNOG00000008554",97
"ENSRNOG00000066730",9
"ENSRNOG00000059324",0
"ENSRNOG00000052988",0
"ENSRNOG00000064837",0
"ENSRNOG00000016592",5427
"ENSRNOG00000066326",0
"ENSRNOG00000067349",0
"ENSRNOG00000061033",0
"ENSRNOG00000016561",0
"ENSRNOG00000065323",1
"ENSRNOG00000014025",14
"ENSRNOG00000029055",134
"ENSRNOG00000047867",47
"ENSRNOG00000026821",478
"ENSRNOG00000008151",702
"ENSRNOG00000048718",431
"ENSRNOG00000009928",100
"ENSRNOG00000014064",1425
"ENSRNOG00000032618",22
"ENSRNOG00000011251",2
"ENSRNOG00000014917",97
"ENSRNOG00000006302",1278
"ENSRNOG00000008173",763
"ENSRNOG00000031132",0
"ENSRNOG00000042726",1
"ENSRNOG00000047768",1701
"ENSRNOG00000008652",419
"ENSRNOG00000063507",0
"ENSRNOG00000065246",0
"ENSRNOG00000030318",1
"ENSRNOG00000047606",0
"ENSRNOG00000009715",1895
"ENSRNOG00000046155",6
"ENSRNOG00000013229",100
"ENSRNOG00000024757",467
"ENSRNOG00000009233",230
"ENSRNOG00000065366",887
"ENSRNOG00000046848",184
"ENSRNOG00000027728",484
"ENSRNOG00000030551",0
"ENSRNOG00000009506",202
"ENSRNOG00000008363",1
"ENSRNOG00000043223",46
"ENSRNOG00000010240",582
"ENSRNOG00000025184",301
"ENSRNOG00000054863",0
"ENSRNOG00000045905",1
"ENSRNOG00000010545",2
"ENSRNOG00000010060",111
"ENSRNOG00000048919",4
"ENSRNOG00000010608",66
"ENSRNOG00000028036",42
"ENSRNOG00000047468",0
"ENSRNOG00000056092",0
"ENSRNOG00000010694",495
"ENSRNOG00000010802",49
"ENSRNOG00000062992",47
"ENSRNOG00000011491",999
"ENSRNOG00000008990",764
"ENSRNOG00000024336",612
"ENSRNOG00000022456",0
"ENSRNOG00000014871",0
"ENSRNOG00000010942",66
"ENSRNOG00000007038",0
"ENSRNOG00000069443",29
"ENSRNOG00000010699",0
"ENSRNOG00000026951",4482
"ENSRNOG00000013889",2298
"ENSRNOG00000030098",3
"ENSRNOG00000011241",78
"ENSRNOG00000011071",170
"ENSRNOG00000009043",0
"ENSRNOG00000009599",8
"ENSRNOG00000064384",0
"ENSRNOG00000008919",32
"ENSRNOG00000009203",0
"ENSRNOG00000009613",0
"ENSRNOG00000011348",391
"ENSRNOG00000005923",1162
"ENSRNOG00000014543",862
"ENSRNOG00000011501",2963
"ENSRNOG00000008865",487
"ENSRNOG00000006792",178
"ENSRNOG00000022847",510
"ENSRNOG00000018153",1515
"ENSRNOG00000009515",193
"ENSRNOG00000020733",0
"ENSRNOG00000024863",151
"ENSRNOG00000037171",1
"ENSRNOG00000023330",5
"ENSRNOG00000029649",0
"ENSRNOG00000019894",0
"ENSRNOG00000023214",8
"ENSRNOG00000011162",29
"ENSRNOG00000067317",957
"ENSRNOG00000061247",5
"ENSRNOG00000037175",0
"ENSRNOG00000023861",8
"ENSRNOG00000021091",23
"ENSRNOG00000031660",0
"ENSRNOG00000006324",374
"ENSRNOG00000008490",228
"ENSRNOG00000010480",3
"ENSRNOG00000010496",228
"ENSRNOG00000013937",0
"ENSRNOG00000020748",4277
"ENSRNOG00000011585",8
"ENSRNOG00000008607",168
"ENSRNOG00000010887",93
"ENSRNOG00000053034",0
"ENSRNOG00000010921",184
"ENSRNOG00000043085",0
"ENSRNOG00000031522",0
"ENSRNOG00000009729",367
"ENSRNOG00000013794",0
"ENSRNOG00000013932",0
"ENSRNOG00000052334",0
"ENSRNOG00000061716",0
"ENSRNOG00000060532",0
"ENSRNOG00000064258",153
"ENSRNOG00000069577",1148
"ENSRNOG00000069622",1
"ENSRNOG00000068297",0
"ENSRNOG00000009878",3699
"ENSRNOG00000065106",0
"ENSRNOG00000061167",0
"ENSRNOG00000030856",0
"ENSRNOG00000052850",0
"ENSRNOG00000016413",3
"ENSRNOG00000054859",0
"ENSRNOG00000059339",0
"ENSRNOG00000034283",0
"ENSRNOG00000064805",0
"ENSRNOG00000010999",134
"ENSRNOG00000061688",0
"ENSRNOG00000011922",830
"ENSRNOG00000026489",0
"ENSRNOG00000067629",1
"ENSRNOG00000020579",0
"ENSRNOG00000014060",803
"ENSRNOG00000058606",1
"ENSRNOG00000009054",0
"ENSRNOG00000065153",0
"ENSRNOG00000060736",0
"ENSRNOG00000055845",0
"ENSRNOG00000011455",361
"ENSRNOG00000031523",0
"ENSRNOG00000051847",0
"ENSRNOG00000057204",1
"ENSRNOG00000060932",0
"ENSRNOG00000054457",2
"ENSRNOG00000030845",0
"ENSRNOG00000033654",0
"ENSRNOG00000014477",7
"ENSRNOG00000015233",539
"ENSRNOG00000067864",2
"ENSRNOG00000026643",213
"ENSRNOG00000027099",97
"ENSRNOG00000052161",0
"ENSRNOG00000068004",0
"ENSRNOG00000057682",2
"ENSRNOG00000070154",43
"ENSRNOG00000070900",0
"ENSRNOG00000054837",0
"ENSRNOG00000039922",0
"ENSRNOG00000010277",1162
"ENSRNOG00000037167",0
"ENSRNOG00000030069",29
"ENSRNOG00000054664",0
"ENSRNOG00000065634",0
"ENSRNOG00000039919",0
"ENSRNOG00000052797",0
"ENSRNOG00000052063",0
"ENSRNOG00000052082",0
"ENSRNOG00000067805",0
"ENSRNOG00000055151",1
"ENSRNOG00000035561",0
"ENSRNOG00000006577",0
"ENSRNOG00000069451",0
"ENSRNOG00000005713",66
"ENSRNOG00000035484",0
"ENSRNOG00000070961",0
"ENSRNOG00000029029",1
"ENSRNOG00000035478",0
"ENSRNOG00000013265",2160
"ENSRNOG00000035502",0
"ENSRNOG00000069944",0
"ENSRNOG00000005879",1955
"ENSRNOG00000056387",0
"ENSRNOG00000011381",0
"ENSRNOG00000063093",0
"ENSRNOG00000035522",0
"ENSRNOG00000029054",0
"ENSRNOG00000036531",0
"ENSRNOG00000064567",0
"ENSRNOG00000035548",1
"ENSRNOG00000069547",0
"ENSRNOG00000050242",0
"ENSRNOG00000067642",0
"ENSRNOG00000035550",0
"ENSRNOG00000066551",0
"ENSRNOG00000050956",0
"ENSRNOG00000069259",0
"ENSRNOG00000035456",1
"ENSRNOG00000052305",438
"ENSRNOG00000035582",0
"ENSRNOG00000033025",0
"ENSRNOG00000065818",0
"ENSRNOG00000035607",0
"ENSRNOG00000033839",0
"ENSRNOG00000047361",0
"ENSRNOG00000066231",0
"ENSRNOG00000035641",0
"ENSRNOG00000010434",597
"ENSRNOG00000028864",0
"ENSRNOG00000069060",0
"ENSRNOG00000030569",0
"ENSRNOG00000065222",0
"ENSRNOG00000000204",847
"ENSRNOG00000006428",0
"ENSRNOG00000013271",830
"ENSRNOG00000030965",0
"ENSRNOG00000063435",0
"ENSRNOG00000006439",0
"ENSRNOG00000066216",0
"ENSRNOG00000064460",0
"ENSRNOG00000067509",0
"ENSRNOG00000037305",0
"ENSRNOG00000068702",0
"ENSRNOG00000028869",4
"ENSRNOG00000027052",3
"ENSRNOG00000012123",149
"ENSRNOG00000008487",3538
"ENSRNOG00000019390",24
"ENSRNOG00000062569",0
"ENSRNOG00000051142",0
"ENSRNOG00000005955",2
"ENSRNOG00000064642",0
"ENSRNOG00000071182",0
"ENSRNOG00000019404",2
"ENSRNOG00000066152",0
"ENSRNOG00000011563",0
"ENSRNOG00000013585",27
"ENSRNOG00000051115",0
"ENSRNOG00000063981",0
"ENSRNOG00000032884",0
"ENSRNOG00000020737",210
"ENSRNOG00000067160",0
"ENSRNOG00000064411",0
"ENSRNOG00000066589",0
"ENSRNOG00000063401",0
"ENSRNOG00000018645",8733
"ENSRNOG00000070596",0
"ENSRNOG00000024200",0
"ENSRNOG00000063172",0
"ENSRNOG00000012237",884
"ENSRNOG00000026629",0
"ENSRNOG00000064467",0
"ENSRNOG00000008972",0
"ENSRNOG00000068253",0
"ENSRNOG00000067404",0
"ENSRNOG00000006713",12
"ENSRNOG00000018700",0
"ENSRNOG00000062318",0
"ENSRNOG00000012386",1169
"ENSRNOG00000006584",0
"ENSRNOG00000065961",0
"ENSRNOG00000020853",752
"ENSRNOG00000063219",0
"ENSRNOG00000068805",0
"ENSRNOG00000063030",0
"ENSRNOG00000068293",0
"ENSRNOG00000042061",2
"ENSRNOG00000070365",0
"ENSRNOG00000068168",0
"ENSRNOG00000062711",0
"ENSRNOG00000020862",951
"ENSRNOG00000019382",282
"ENSRNOG00000070533",0
"ENSRNOG00000012480",187
"ENSRNOG00000063967",0
"ENSRNOG00000031423",0
"ENSRNOG00000045713",0
"ENSRNOG00000067825",0
"ENSRNOG00000011446",1
"ENSRNOG00000017704",2065
"ENSRNOG00000064393",0
"ENSRNOG00000011663",209
"ENSRNOG00000006684",352
"ENSRNOG00000066528",0
"ENSRNOG00000067064",0
"ENSRNOG00000014588",246
"ENSRNOG00000067386",0
"ENSRNOG00000064893",0
"ENSRNOG00000047917",0
"ENSRNOG00000062368",0
"ENSRNOG00000033026",0
"ENSRNOG00000026232",0
"ENSRNOG00000067908",1
"ENSRNOG00000068076",0
"ENSRNOG00000039239",0
"ENSRNOG00000067226",0
"ENSRNOG00000065186",82
"ENSRNOG00000064473",0
"ENSRNOG00000010149",348
"ENSRNOG00000067711",0
"ENSRNOG00000032473",0
"ENSRNOG00000039238",0
"ENSRNOG00000063358",0
"ENSRNOG00000039236",0
"ENSRNOG00000025767",0
"ENSRNOG00000055420",0
"ENSRNOG00000068706",0
"ENSRNOG00000014746",358
"ENSRNOG00000070773",0
"ENSRNOG00000020981",4
"ENSRNOG00000038477",0
"ENSRNOG00000069258",0
"ENSRNOG00000071168",0
"ENSRNOG00000031942",0
"ENSRNOG00000066234",0
"ENSRNOG00000032238",530
"ENSRNOG00000067373",0
"ENSRNOG00000066601",0
"ENSRNOG00000015370",1
"ENSRNOG00000070792",0
"ENSRNOG00000069888",0
"ENSRNOG00000056873",0
"ENSRNOG00000012470",199
"ENSRNOG00000066959",0
"ENSRNOG00000011909",241
"ENSRNOG00000067945",20
"ENSRNOG00000056476",2
"ENSRNOG00000066696",0
"ENSRNOG00000047853",312
"ENSRNOG00000067592",0
"ENSRNOG00000052349",0
"ENSRNOG00000058082",0
"ENSRNOG00000013493",454
"ENSRNOG00000048802",0
"ENSRNOG00000064020",0
"ENSRNOG00000020356",183
"ENSRNOG00000018797",0
"ENSRNOG00000058978",0
"ENSRNOG00000069214",3
"ENSRNOG00000047382",0
"ENSRNOG00000070209",0
"ENSRNOG00000059611",0
"ENSRNOG00000053820",10
"ENSRNOG00000012106",52
"ENSRNOG00000069484",0
"ENSRNOG00000053238",0
"ENSRNOG00000069965",0
"ENSRNOG00000008048",129
"ENSRNOG00000010386",1059
"ENSRNOG00000010096",430
"ENSRNOG00000038864",116
"ENSRNOG00000059654",0
"ENSRNOG00000006363",0
"ENSRNOG00000057454",0
"ENSRNOG00000065164",0
"ENSRNOG00000007266",0
"ENSRNOG00000005918",53
"ENSRNOG00000068947",0
"ENSRNOG00000042259",0
"ENSRNOG00000022376",0
"ENSRNOG00000062517",74
"ENSRNOG00000020608",173
"ENSRNOG00000042940",3
"ENSRNOG00000018812",67
"ENSRNOG00000015333",20
"ENSRNOG00000014383",0
"ENSRNOG00000020519",319
"ENSRNOG00000054780",0
"ENSRNOG00000070028",32
"ENSRNOG00000061240",0
"ENSRNOG00000031779",0
"ENSRNOG00000051988",0
"ENSRNOG00000050216",0
"ENSRNOG00000053404",0
"ENSRNOG00000070285",1025
"ENSRNOG00000062056",0
"ENSRNOG00000020679",2510
"ENSRNOG00000020880",241
"ENSRNOG00000007865",0
"ENSRNOG00000049128",953
"ENSRNOG00000042078",3
"ENSRNOG00000017600",1106
"ENSRNOG00000020694",24
"ENSRNOG00000012862",78
"ENSRNOG00000065686",8
"ENSRNOG00000064920",0
"ENSRNOG00000020891",8
"ENSRNOG00000018711",0
"ENSRNOG00000015869",300
"ENSRNOG00000013829",0
"ENSRNOG00000064355",209
"ENSRNOG00000014801",55
"ENSRNOG00000017382",911
"ENSRNOG00000069661",565
"ENSRNOG00000016173",0
"ENSRNOG00000029195",7
"ENSRNOG00000042140",3
"ENSRNOG00000016384",90
"ENSRNOG00000020474",142
"ENSRNOG00000029773",294
"ENSRNOG00000022704",3
"ENSRNOG00000019363",27
"ENSRNOG00000020619",2304
"ENSRNOG00000064941",13
"ENSRNOG00000054008",43
"ENSRNOG00000060723",1550
"ENSRNOG00000020361",152
"ENSRNOG00000020915",1408
"ENSRNOG00000042519",4883
"ENSRNOG00000020878",224
"ENSRNOG00000014168",294
"ENSRNOG00000016905",630
"ENSRNOG00000030386",3
"ENSRNOG00000018577",55
"ENSRNOG00000015049",0
"ENSRNOG00000047984",247
"ENSRNOG00000029194",523
"ENSRNOG00000068932",0
"ENSRNOG00000064984",10
"ENSRNOG00000018786",31
"ENSRNOG00000054902",189
"ENSRNOG00000024934",613
"ENSRNOG00000019492",60
"ENSRNOG00000018848",284
"ENSRNOG00000009945",3
"ENSRNOG00000049083",0
"ENSRNOG00000066029",0
"ENSRNOG00000013634",582
"ENSRNOG00000010027",166
"ENSRNOG00000050214",92
"ENSRNOG00000009161",547
"ENSRNOG00000027109",88
"ENSRNOG00000066967",0
"ENSRNOG00000017208",15
"ENSRNOG00000032908",68
"ENSRNOG00000042951",349
"ENSRNOG00000019355",0
"ENSRNOG00000065187",1
"ENSRNOG00000015336",2
"ENSRNOG00000013802",516
"ENSRNOG00000006864",171
"ENSRNOG00000008210",0
"ENSRNOG00000064714",14
"ENSRNOG00000030183",8339
"ENSRNOG00000027880",24
"ENSRNOG00000007862",481
"ENSRNOG00000048978",224
"ENSRNOG00000008981",2985
"ENSRNOG00000014529",403
"ENSRNOG00000022702",361
"ENSRNOG00000032085",0
"ENSRNOG00000015149",0
"ENSRNOG00000069604",0
"ENSRNOG00000009014",42
"ENSRNOG00000008410",90
"ENSRNOG00000067803",12
"ENSRNOG00000008530",34
"ENSRNOG00000019374",448
"ENSRNOG00000019321",0
"ENSRNOG00000048975",0
"ENSRNOG00000018509",0
"ENSRNOG00000010186",533
"ENSRNOG00000032919",115
"ENSRNOG00000050519",8987
"ENSRNOG00000008219",0
"ENSRNOG00000054172",2499
"ENSRNOG00000048812",5125
"ENSRNOG00000008459",106
"ENSRNOG00000047734",535
"ENSRNOG00000020656",19
"ENSRNOG00000019271",27
"ENSRNOG00000011027",539
"ENSRNOG00000017460",437
"ENSRNOG00000009005",481
"ENSRNOG00000008312",0
"ENSRNOG00000020667",1658
"ENSRNOG00000000219",500
"ENSRNOG00000008593",838
"ENSRNOG00000020936",0
"ENSRNOG00000008074",4
"ENSRNOG00000020946",84
"ENSRNOG00000010940",491
"ENSRNOG00000022540",183
"ENSRNOG00000007442",844
"ENSRNOG00000020670",91
"ENSRNOG00000050690",0
"ENSRNOG00000033433",194
"ENSRNOG00000010951",760
"ENSRNOG00000022845",7
"ENSRNOG00000042660",2
"ENSRNOG00000043167",22
"ENSRNOG00000010260",370
"ENSRNOG00000025881",870
"ENSRNOG00000011478",31
"ENSRNOG00000054635",0
"ENSRNOG00000052634",20
"ENSRNOG00000026577",0
"ENSRNOG00000016512",19
"ENSRNOG00000026455",270
"ENSRNOG00000023021",504
"ENSRNOG00000066638",132
"ENSRNOG00000022999",197
"ENSRNOG00000008400",464
"ENSRNOG00000030688",17
"ENSRNOG00000010196",2173
"ENSRNOG00000009789",351
"ENSRNOG00000051792",711
"ENSRNOG00000019317",0
"ENSRNOG00000011435",98
"ENSRNOG00000011820",52
"ENSRNOG00000010524",7887
"ENSRNOG00000018689",516
"ENSRNOG00000018552",174
"ENSRNOG00000010911",1053
"ENSRNOG00000018982",1
"ENSRNOG00000047873",100
"ENSRNOG00000004135",115
"ENSRNOG00000009887",1469
"ENSRNOG00000013171",0
"ENSRNOG00000060356",41
"ENSRNOG00000068525",0
"ENSRNOG00000013136",1054
"ENSRNOG00000068374",43
"ENSRNOG00000005426",140
"ENSRNOG00000011201",18
"ENSRNOG00000054468",136
"ENSRNOG00000062699",0
"ENSRNOG00000025643",1
"ENSRNOG00000006490",2752
"ENSRNOG00000004050",278
"ENSRNOG00000004320",88
"ENSRNOG00000026112",5
"ENSRNOG00000011595",99
"ENSRNOG00000004344",1424
"ENSRNOG00000017193",224
"ENSRNOG00000060337",39
"ENSRNOG00000012438",21
"ENSRNOG00000019136",1436
"ENSRNOG00000037085",221
"ENSRNOG00000032027",98
"ENSRNOG00000038459",112
"ENSRNOG00000019262",728
"ENSRNOG00000018671",386
"ENSRNOG00000053687",1
"ENSRNOG00000019500",4
"ENSRNOG00000062710",19
"ENSRNOG00000063877",3
"ENSRNOG00000009450",2
"ENSRNOG00000019007",5375
"ENSRNOG00000033608",1568
"ENSRNOG00000018816",2100
"ENSRNOG00000019481",0
"ENSRNOG00000010252",1599
"ENSRNOG00000019472",0
"ENSRNOG00000019428",81
"ENSRNOG00000006311",1
"ENSRNOG00000009029",5685
"ENSRNOG00000006336",217
"ENSRNOG00000009332",2
"ENSRNOG00000019579",298
"ENSRNOG00000006319",15
"ENSRNOG00000070150",0
"ENSRNOG00000070499",189
"ENSRNOG00000006620",0
"ENSRNOG00000030126",363
"ENSRNOG00000019677",68
"ENSRNOG00000016942",615
"ENSRNOG00000018898",300
"ENSRNOG00000062987",13
"ENSRNOG00000070915",0
"ENSRNOG00000022382",333
"ENSRNOG00000068642",0
"ENSRNOG00000032254",482
"ENSRNOG00000006244",98
"ENSRNOG00000006730",0
"ENSRNOG00000053753",129
"ENSRNOG00000006736",0
"ENSRNOG00000018047",182
"ENSRNOG00000030654",266
"ENSRNOG00000063127",0
"ENSRNOG00000049115",0
"ENSRNOG00000034089",2
"ENSRNOG00000063332",0
"ENSRNOG00000013013",764
"ENSRNOG00000004760",142
"ENSRNOG00000004837",313
"ENSRNOG00000015257",330
"ENSRNOG00000013874",8071
"ENSRNOG00000009173",150
"ENSRNOG00000063389",0
"ENSRNOG00000013610",1
"ENSRNOG00000005149",379
"ENSRNOG00000014080",488
"ENSRNOG00000006010",3
"ENSRNOG00000047457",0
"ENSRNOG00000025676",0
"ENSRNOG00000068512",0
"ENSRNOG00000034272",644
"ENSRNOG00000004104",24
"ENSRNOG00000025554",355
"ENSRNOG00000004540",2
"ENSRNOG00000046257",357
"ENSRNOG00000010176",679
"ENSRNOG00000000221",297
"ENSRNOG00000019350",0
"ENSRNOG00000004085",189
"ENSRNOG00000011619",1025
"ENSRNOG00000004743",0
"ENSRNOG00000025601",1
"ENSRNOG00000022081",1
"ENSRNOG00000032531",0
"ENSRNOG00000009157",140
"ENSRNOG00000071140",1
"ENSRNOG00000047133",35
"ENSRNOG00000069781",0
"ENSRNOG00000014164",2
"ENSRNOG00000012119",18
"ENSRNOG00000011302",645
"ENSRNOG00000007687",305
"ENSRNOG00000006723",1814
"ENSRNOG00000071217",33
"ENSRNOG00000023129",38
"ENSRNOG00000003825",799
"ENSRNOG00000018931",163
"ENSRNOG00000028330",431
"ENSRNOG00000021294",0
"ENSRNOG00000017256",18
"ENSRNOG00000016623",2
"ENSRNOG00000042889",2
"ENSRNOG00000011740",506
"ENSRNOG00000022894",453
"ENSRNOG00000064735",4
"ENSRNOG00000019476",995
"ENSRNOG00000022812",266
"ENSRNOG00000012959",923
"ENSRNOG00000019592",1
"ENSRNOG00000012502",514
"ENSRNOG00000016866",874
"ENSRNOG00000019648",1635
"ENSRNOG00000024562",730
"ENSRNOG00000013508",4484
"ENSRNOG00000019622",1678
"ENSRNOG00000013583",85
"ENSRNOG00000019495",1
"ENSRNOG00000003357",27619
"ENSRNOG00000019557",0
"ENSRNOG00000024688",21
"ENSRNOG00000052979",1
"ENSRNOG00000003736",7424
"ENSRNOG00000018185",2
"ENSRNOG00000023238",877
"ENSRNOG00000056246",2038
"ENSRNOG00000019635",524
"ENSRNOG00000038738",0
"ENSRNOG00000018998",1129
"ENSRNOG00000028557",73
"ENSRNOG00000019079",293
"ENSRNOG00000018395",503
"ENSRNOG00000019085",1576
"ENSRNOG00000019195",155
"ENSRNOG00000048320",1251
"ENSRNOG00000014079",1898
"ENSRNOG00000019332",436
"ENSRNOG00000016269",1383
"ENSRNOG00000012375",90
"ENSRNOG00000018863",56
"ENSRNOG00000015416",16
"ENSRNOG00000013388",178
"ENSRNOG00000018949",7
"ENSRNOG00000018740",1792
"ENSRNOG00000062384",9
"ENSRNOG00000068276",0
"ENSRNOG00000062838",0
"ENSRNOG00000066510",0
"ENSRNOG00000061867",0
"ENSRNOG00000019598",937
"ENSRNOG00000060287",0
"ENSRNOG00000053138",0
"ENSRNOG00000068545",0
"ENSRNOG00000047247",3366
"ENSRNOG00000054342",1
"ENSRNOG00000056745",0
"ENSRNOG00000053344",0
"ENSRNOG00000065549",0
"ENSRNOG00000068629",0
"ENSRNOG00000057405",0
"ENSRNOG00000053170",0
"ENSRNOG00000061208",0
"ENSRNOG00000012663",103
"ENSRNOG00000068091",0
"ENSRNOG00000053211",0
"ENSRNOG00000059737",0
"ENSRNOG00000059892",0
"ENSRNOG00000058013",0
"ENSRNOG00000053280",0
"ENSRNOG00000061820",0
"ENSRNOG00000012924",108
"ENSRNOG00000052012",0
"ENSRNOG00000052890",0
"ENSRNOG00000025808",85
"ENSRNOG00000055876",0
"ENSRNOG00000063147",0
"ENSRNOG00000066032",4
"ENSRNOG00000065169",0
"ENSRNOG00000011677",674
"ENSRNOG00000060877",0
"ENSRNOG00000051613",0
"ENSRNOG00000057549",0
"ENSRNOG00000061387",0
"ENSRNOG00000019734",176
"ENSRNOG00000052748",1
"ENSRNOG00000053524",0
"ENSRNOG00000070942",0
"ENSRNOG00000060216",0
"ENSRNOG00000055464",0
"ENSRNOG00000053322",0
"ENSRNOG00000057259",0
"ENSRNOG00000062628",0
"ENSRNOG00000061323",0
"ENSRNOG00000019743",620
"ENSRNOG00000019871",0
"ENSRNOG00000052808",0
"ENSRNOG00000056414",0
"ENSRNOG00000065829",0
"ENSRNOG00000054221",0
"ENSRNOG00000059692",0
"ENSRNOG00000033672",0
"ENSRNOG00000057508",0
"ENSRNOG00000070445",0
"ENSRNOG00000067836",0
"ENSRNOG00000063837",0
"ENSRNOG00000054100",0
"ENSRNOG00000061136",0
"ENSRNOG00000071007",0
"ENSRNOG00000026025",0
"ENSRNOG00000051422",0
"ENSRNOG00000069585",0
"ENSRNOG00000056965",0
"ENSRNOG00000051703",2
"ENSRNOG00000056839",0
"ENSRNOG00000064550",0
"ENSRNOG00000042497",0
"ENSRNOG00000061680",26
"ENSRNOG00000070147",0
"ENSRNOG00000064914",0
"ENSRNOG00000019963",2
"ENSRNOG00000051910",1
"ENSRNOG00000066347",0
"ENSRNOG00000055077",0
"ENSRNOG00000064080",582
"ENSRNOG00000057648",0
"ENSRNOG00000018273",1290
"ENSRNOG00000068501",0
"ENSRNOG00000051658",0
"ENSRNOG00000053713",0
"ENSRNOG00000054554",0
"ENSRNOG00000060984",0
"ENSRNOG00000054500",0
"ENSRNOG00000019975",1185
"ENSRNOG00000051493",2
"ENSRNOG00000052997",0
"ENSRNOG00000057694",0
"ENSRNOG00000064448",0
"ENSRNOG00000051685",0
"ENSRNOG00000053947",0
"ENSRNOG00000053750",0
"ENSRNOG00000019474",8
"ENSRNOG00000055019",0
"ENSRNOG00000058076",0
"ENSRNOG00000063445",0
"ENSRNOG00000052045",0
"ENSRNOG00000019511",644
"ENSRNOG00000067176",0
"ENSRNOG00000056080",0
"ENSRNOG00000070466",0
"ENSRNOG00000056367",0
"ENSRNOG00000057725",0
"ENSRNOG00000058339",0
"ENSRNOG00000054529",5
"ENSRNOG00000053606",7
"ENSRNOG00000051897",0
"ENSRNOG00000055628",0
"ENSRNOG00000055016",0
"ENSRNOG00000059249",0
"ENSRNOG00000051992",0
"ENSRNOG00000019752",46
"ENSRNOG00000068294",1
"ENSRNOG00000019953",753
"ENSRNOG00000060945",0
"ENSRNOG00000061591",0
"ENSRNOG00000057331",0
"ENSRNOG00000061666",4
"ENSRNOG00000020083",137
"ENSRNOG00000010174",72
"ENSRNOG00000064727",167
"ENSRNOG00000066866",1577
"ENSRNOG00000019834",9401
"ENSRNOG00000071096",0
"ENSRNOG00000060095",0
"ENSRNOG00000020254",547
"ENSRNOG00000066414",16
"ENSRNOG00000070018",194
"ENSRNOG00000064659",0
"ENSRNOG00000069232",61
"ENSRNOG00000068250",34
"ENSRNOG00000070710",0
"ENSRNOG00000019907",379
"ENSRNOG00000013257",3
"ENSRNOG00000065032",0
"ENSRNOG00000063606",0
"ENSRNOG00000063759",2
"ENSRNOG00000019900",39
"ENSRNOG00000064760",5
"ENSRNOG00000068790",0
"ENSRNOG00000064857",85
"ENSRNOG00000067557",6
"ENSRNOG00000049785",467
"ENSRNOG00000064017",45
"ENSRNOG00000047218",33
"ENSRNOG00000052844",0
"ENSRNOG00000064420",0
"ENSRNOG00000069207",4
"ENSRNOG00000062764",9
"ENSRNOG00000068669",0
"ENSRNOG00000003242",234
"ENSRNOG00000062818",0
"ENSRNOG00000068089",0
"ENSRNOG00000069708",2
"ENSRNOG00000019961",0
"ENSRNOG00000064695",52
"ENSRNOG00000071018",4
"ENSRNOG00000065569",0
"ENSRNOG00000069650",0
"ENSRNOG00000069108",39
"ENSRNOG00000010232",3
"ENSRNOG00000019892",3712
"ENSRNOG00000065393",3
"ENSRNOG00000065180",0
"ENSRNOG00000048651",0
"ENSRNOG00000066291",0
"ENSRNOG00000064678",0
"ENSRNOG00000063246",0
"ENSRNOG00000010592",24
"ENSRNOG00000067466",0
"ENSRNOG00000064625",3
"ENSRNOG00000064843",1901
"ENSRNOG00000068597",0
"ENSRNOG00000047223",0
"ENSRNOG00000066918",41
"ENSRNOG00000063871",5
"ENSRNOG00000068218",107
"ENSRNOG00000046479",101
"ENSRNOG00000067937",3
"ENSRNOG00000025693",0
"ENSRNOG00000063619",795
"ENSRNOG00000067085",0
"ENSRNOG00000066608",26
"ENSRNOG00000064267",0
"ENSRNOG00000048509",677
"ENSRNOG00000063382",1
"ENSRNOG00000067476",3
"ENSRNOG00000025691",0
"ENSRNOG00000067231",44
"ENSRNOG00000021384",77
"ENSRNOG00000019926",100
"ENSRNOG00000065512",5
"ENSRNOG00000065261",232
"ENSRNOG00000064212",1
"ENSRNOG00000069534",0
"ENSRNOG00000067510",16
"ENSRNOG00000062778",2
"ENSRNOG00000067543",0
"ENSRNOG00000012689",0
"ENSRNOG00000048411",151
"ENSRNOG00000066315",1
"ENSRNOG00000020355",511
"ENSRNOG00000070970",2
"ENSRNOG00000065623",0
"ENSRNOG00000064815",55
"ENSRNOG00000066163",0
"ENSRNOG00000065056",0
"ENSRNOG00000066640",0
"ENSRNOG00000057291",0
"ENSRNOG00000020115",293
"ENSRNOG00000063266",8
"ENSRNOG00000012331",70
"ENSRNOG00000020153",82
"ENSRNOG00000064128",699
"ENSRNOG00000068999",47
"ENSRNOG00000070271",96
"ENSRNOG00000068041",0
"ENSRNOG00000069857",162
"ENSRNOG00000066727",0
"ENSRNOG00000070944",321
"ENSRNOG00000045605",798
"ENSRNOG00000064410",4
"ENSRNOG00000025079",181
"ENSRNOG00000066791",3
"ENSRNOG00000062524",0
"ENSRNOG00000058458",17
"ENSRNOG00000065709",0
"ENSRNOG00000063935",5
"ENSRNOG00000065023",2
"ENSRNOG00000020193",119
"ENSRNOG00000037402",347
"ENSRNOG00000063186",0
"ENSRNOG00000065880",0
"ENSRNOG00000064453",0
"ENSRNOG00000069449",34
"ENSRNOG00000065469",3
"ENSRNOG00000013516",4447
"ENSRNOG00000070837",0
"ENSRNOG00000065306",0
"ENSRNOG00000050509",2
"ENSRNOG00000065392",0
"ENSRNOG00000065407",0
"ENSRNOG00000047456",121
"ENSRNOG00000070735",71
"ENSRNOG00000063123",7
"ENSRNOG00000066026",15
"ENSRNOG00000057332",0
"ENSRNOG00000012708",0
"ENSRNOG00000024717",2
"ENSRNOG00000049983",3
"ENSRNOG00000065695",1
"ENSRNOG00000067328",1
"ENSRNOG00000010350",1343
"ENSRNOG00000011825",68
"ENSRNOG00000065697",0
"ENSRNOG00000067920",0
"ENSRNOG00000069302",1
"ENSRNOG00000027091",348
"ENSRNOG00000066507",0
"ENSRNOG00000024878",1
"ENSRNOG00000027035",39
"ENSRNOG00000011022",0
"ENSRNOG00000049221",445
"ENSRNOG00000063386",0
"ENSRNOG00000010185",87
"ENSRNOG00000019316",1469
"ENSRNOG00000068801",33
"ENSRNOG00000067653",0
"ENSRNOG00000020105",36
"ENSRNOG00000063002",0
"ENSRNOG00000010188",216
"ENSRNOG00000066764",0
"ENSRNOG00000058900",0
"ENSRNOG00000017273",26
"ENSRNOG00000011154",1
"ENSRNOG00000066144",1
"ENSRNOG00000049142",396
"ENSRNOG00000070407",0
"ENSRNOG00000057874",0
"ENSRNOG00000047046",488
"ENSRNOG00000068766",0
"ENSRNOG00000062544",0
"ENSRNOG00000057873",0
"ENSRNOG00000067131",0
"ENSRNOG00000047860",0
"ENSRNOG00000052806",0
"ENSRNOG00000053594",0
"ENSRNOG00000013225",0
"ENSRNOG00000016470",587
"ENSRNOG00000054654",0
"ENSRNOG00000063556",1
"ENSRNOG00000049918",0
"ENSRNOG00000058449",1
"ENSRNOG00000052156",0
"ENSRNOG00000016012",3481
"ENSRNOG00000068211",0
"ENSRNOG00000010519",8
"ENSRNOG00000065625",1
"ENSRNOG00000065436",0
"ENSRNOG00000057872",0
"ENSRNOG00000066605",0
"ENSRNOG00000057673",0
"ENSRNOG00000045998",0
"ENSRNOG00000059410",0
"ENSRNOG00000063860",0
"ENSRNOG00000057084",0
"ENSRNOG00000063133",0
"ENSRNOG00000054491",4
"ENSRNOG00000011517",25
"ENSRNOG00000052875",0
"ENSRNOG00000058881",0
"ENSRNOG00000062887",0
"ENSRNOG00000056779",2
"ENSRNOG00000050990",0
"ENSRNOG00000053003",0
"ENSRNOG00000069635",38
"ENSRNOG00000051367",0
"ENSRNOG00000068915",0
"ENSRNOG00000014456",835
"ENSRNOG00000060578",6
"ENSRNOG00000051900",0
"ENSRNOG00000068858",0
"ENSRNOG00000061501",0
"ENSRNOG00000056167",0
"ENSRNOG00000014525",366
"ENSRNOG00000048967",60
"ENSRNOG00000054740",0
"ENSRNOG00000046883",1224
"ENSRNOG00000057108",0
"ENSRNOG00000019763",0
"ENSRNOG00000054171",0
"ENSRNOG00000069851",0
"ENSRNOG00000050121",0
"ENSRNOG00000051624",1085
"ENSRNOG00000064360",1
"ENSRNOG00000065289",3
"ENSRNOG00000065718",0
"ENSRNOG00000057288",0
"ENSRNOG00000004452",0
"ENSRNOG00000061512",0
"ENSRNOG00000012535",0
"ENSRNOG00000061161",0
"ENSRNOG00000070999",0
"ENSRNOG00000050748",1539
"ENSRNOG00000060171",0
"ENSRNOG00000012509",1
"ENSRNOG00000061150",0
"ENSRNOG00000014980",416
"ENSRNOG00000056470",0
"ENSRNOG00000046194",0
"ENSRNOG00000012543",143
"ENSRNOG00000035498",0
"ENSRNOG00000066151",1085
"ENSRNOG00000035455",0
"ENSRNOG00000035571",0
"ENSRNOG00000012467",0
"ENSRNOG00000050999",0
"ENSRNOG00000015594",161
"ENSRNOG00000035562",1
"ENSRNOG00000048462",823
"ENSRNOG00000049078",0
"ENSRNOG00000035608",2
"ENSRNOG00000023577",411
"ENSRNOG00000055383",4
"ENSRNOG00000035646",0
"ENSRNOG00000013496",0
"ENSRNOG00000024917",0
"ENSRNOG00000013600",0
"ENSRNOG00000016057",3
"ENSRNOG00000066672",0
"ENSRNOG00000069389",81
"ENSRNOG00000049511",362
"ENSRNOG00000013046",845
"ENSRNOG00000019012",67
"ENSRNOG00000054379",0
"ENSRNOG00000070509",1
"ENSRNOG00000050843",323
"ENSRNOG00000019031",0
"ENSRNOG00000010881",796
"ENSRNOG00000023557",0
"ENSRNOG00000056226",32
"ENSRNOG00000070844",0
"ENSRNOG00000045623",106
"ENSRNOG00000050543",315
"ENSRNOG00000066154",0
"ENSRNOG00000010728",255
"ENSRNOG00000011987",1317
"ENSRNOG00000046002",700
"ENSRNOG00000020372",356
"ENSRNOG00000046502",717
"ENSRNOG00000012637",0
"ENSRNOG00000067120",375
"ENSRNOG00000048818",41
"ENSRNOG00000042729",58
"ENSRNOG00000048061",143
"ENSRNOG00000065639",1614
"ENSRNOG00000030345",1948
"ENSRNOG00000013612",0
"ENSRNOG00000067303",0
"ENSRNOG00000000124",0
"ENSRNOG00000048291",117
"ENSRNOG00000046871",356
"ENSRNOG00000049311",0
"ENSRNOG00000064999",112
"ENSRNOG00000020166",0
"ENSRNOG00000069864",0
"ENSRNOG00000014123",1
"ENSRNOG00000063674",800
"ENSRNOG00000045945",0
"ENSRNOG00000003872",232
"ENSRNOG00000070817",0
"ENSRNOG00000039663",0
"ENSRNOG00000045975",3
"ENSRNOG00000066520",0
"ENSRNOG00000003942",774
"ENSRNOG00000011642",0
"ENSRNOG00000025603",0
"ENSRNOG00000003991",2
"ENSRNOG00000058742",10
"ENSRNOG00000004001",113
"ENSRNOG00000004076",113
"ENSRNOG00000011823",0
"ENSRNOG00000010100",57
"ENSRNOG00000066935",8
"ENSRNOG00000048329",2
"ENSRNOG00000015983",404
"ENSRNOG00000024755",0
"ENSRNOG00000046593",0
"ENSRNOG00000013238",33
"ENSRNOG00000052878",0
"ENSRNOG00000048152",208
"ENSRNOG00000013781",234
"ENSRNOG00000052328",1
"ENSRNOG00000068665",0
"ENSRNOG00000033402",15
"ENSRNOG00000012473",437
"ENSRNOG00000025895",293
"ENSRNOG00000012920",2
"ENSRNOG00000032108",3
"ENSRNOG00000022196",2140
"ENSRNOG00000039650",0
"ENSRNOG00000028595",0
"ENSRNOG00000026195",0
"ENSRNOG00000016446",0
"ENSRNOG00000013318",14
"ENSRNOG00000039651",0
"ENSRNOG00000067388",502
"ENSRNOG00000032740",222
"ENSRNOG00000012045",0
"ENSRNOG00000016119",2461
"ENSRNOG00000051528",43
"ENSRNOG00000015408",1
"ENSRNOG00000002091",594
"ENSRNOG00000012759",73
"ENSRNOG00000031795",0
"ENSRNOG00000065339",116
"ENSRNOG00000015080",350
"ENSRNOG00000064433",0
"ENSRNOG00000063752",0
"ENSRNOG00000055728",190
"ENSRNOG00000066953",537
"ENSRNOG00000068729",1
"ENSRNOG00000013484",625
"ENSRNOG00000022720",184
"ENSRNOG00000017258",7
"ENSRNOG00000032947",299
"ENSRNOG00000023856",0
"ENSRNOG00000068995",0
"ENSRNOG00000046852",2
"ENSRNOG00000012733",1035
"ENSRNOG00000032289",31
"ENSRNOG00000032822",5963
"ENSRNOG00000016034",936
"ENSRNOG00000032860",1
"ENSRNOG00000042503",1954
"ENSRNOG00000056847",3
"ENSRNOG00000033803",586
"ENSRNOG00000018904",287
"ENSRNOG00000016486",822
"ENSRNOG00000057499",9
"ENSRNOG00000045532",1
"ENSRNOG00000063618",0
"ENSRNOG00000064370",0
"ENSRNOG00000032306",0
"ENSRNOG00000016361",35
"ENSRNOG00000034177",161
"ENSRNOG00000049127",1897
"ENSRNOG00000037793",0
"ENSRNOG00000064010",0
"ENSRNOG00000032518",20
"ENSRNOG00000067128",0
"ENSRNOG00000013695",111
"ENSRNOG00000014142",385
"ENSRNOG00000022414",1717
"ENSRNOG00000067739",0
"ENSRNOG00000031146",0
"ENSRNOG00000066070",0
"ENSRNOG00000064063",20
"ENSRNOG00000048819",239
"ENSRNOG00000067340",1
"ENSRNOG00000018988",181
"ENSRNOG00000065168",0
"ENSRNOG00000069027",0
"ENSRNOG00000018559",0
"ENSRNOG00000016754",186
"ENSRNOG00000019295",1355
"ENSRNOG00000062529",0
"ENSRNOG00000013587",709
"ENSRNOG00000022614",56
"ENSRNOG00000023172",2
"ENSRNOG00000016886",863
"ENSRNOG00000023427",0
"ENSRNOG00000021435",131
"ENSRNOG00000051180",412
"ENSRNOG00000016567",0
"ENSRNOG00000056259",0
"ENSRNOG00000065763",0
"ENSRNOG00000032765",281
"ENSRNOG00000064608",12
"ENSRNOG00000030045",0
"ENSRNOG00000020194",107
"ENSRNOG00000016913",165
"ENSRNOG00000012178",630
"ENSRNOG00000030389",0
"ENSRNOG00000014555",0
"ENSRNOG00000056280",0
"ENSRNOG00000062997",0
"ENSRNOG00000037230",62
"ENSRNOG00000069381",1
"ENSRNOG00000019087",490
"ENSRNOG00000002110",348
"ENSRNOG00000031479",13019
"ENSRNOG00000048875",1
"ENSRNOG00000019810",24
"ENSRNOG00000030679",8
"ENSRNOG00000022711",0
"ENSRNOG00000042034",0
"ENSRNOG00000060633",6
"ENSRNOG00000069634",4
"ENSRNOG00000070100",0
"ENSRNOG00000064156",0
"ENSRNOG00000069047",79
"ENSRNOG00000016957",636
"ENSRNOG00000069191",0
"ENSRNOG00000032398",311
"ENSRNOG00000062796",46
"ENSRNOG00000065093",0
"ENSRNOG00000018351",783
"ENSRNOG00000068035",12
"ENSRNOG00000011042",1
"ENSRNOG00000065967",0
"ENSRNOG00000070524",0
"ENSRNOG00000015055",12
"ENSRNOG00000052510",1
"ENSRNOG00000017952",6328
"ENSRNOG00000066376",8
"ENSRNOG00000064675",0
"ENSRNOG00000018403",572
"ENSRNOG00000013670",2
"ENSRNOG00000025797",0
"ENSRNOG00000013733",1119
"ENSRNOG00000019128",0
"ENSRNOG00000018639",164
"ENSRNOG00000013792",0
"ENSRNOG00000030738",12
"ENSRNOG00000018697",157
"ENSRNOG00000019043",0
"ENSRNOG00000018051",2522
"ENSRNOG00000022899",1
"ENSRNOG00000018975",1664
"ENSRNOG00000020322",48
"ENSRNOG00000019252",0
"ENSRNOG00000019107",11
"ENSRNOG00000019052",1194
"ENSRNOG00000013461",597
"ENSRNOG00000033923",5
"ENSRNOG00000016888",85
"ENSRNOG00000020138",116
"ENSRNOG00000025527",383
"ENSRNOG00000066227",60
"ENSRNOG00000032659",134
"ENSRNOG00000019243",1216
"ENSRNOG00000038569",0
"ENSRNOG00000018181",1001
"ENSRNOG00000019294",544
"ENSRNOG00000024085",307
"ENSRNOG00000016974",559
"ENSRNOG00000003597",708
"ENSRNOG00000014765",4667
"ENSRNOG00000066987",2
"ENSRNOG00000070697",0
"ENSRNOG00000067248",4
"ENSRNOG00000068571",0
"ENSRNOG00000002789",335
"ENSRNOG00000027916",0
"ENSRNOG00000014597",741
"ENSRNOG00000067978",0
"ENSRNOG00000011962",118
"ENSRNOG00000010486",1
"ENSRNOG00000042189",3793
"ENSRNOG00000054416",0
"ENSRNOG00000017856",0
"ENSRNOG00000051198",1
"ENSRNOG00000062550",0
"ENSRNOG00000015528",1385
"ENSRNOG00000014119",841
"ENSRNOG00000025273",0
"ENSRNOG00000012115",0
"ENSRNOG00000068893",0
"ENSRNOG00000014692",23
"ENSRNOG00000064088",1
"ENSRNOG00000023280",233
"ENSRNOG00000071060",0
"ENSRNOG00000011613",470
"ENSRNOG00000049880",0
"ENSRNOG00000066246",0
"ENSRNOG00000022576",86
"ENSRNOG00000015633",577
"ENSRNOG00000063808",1
"ENSRNOG00000068134",1
"ENSRNOG00000049882",0
"ENSRNOG00000017065",174
"ENSRNOG00000015354",431
"ENSRNOG00000016719",206
"ENSRNOG00000059237",0
"ENSRNOG00000013727",141
"ENSRNOG00000069721",0
"ENSRNOG00000022723",26
"ENSRNOG00000024468",75
"ENSRNOG00000026280",66
"ENSRNOG00000013977",3124
"ENSRNOG00000011700",1587
"ENSRNOG00000015428",2682
"ENSRNOG00000046714",0
"ENSRNOG00000062352",1
"ENSRNOG00000025768",1316
"ENSRNOG00000011871",932
"ENSRNOG00000031348",0
"ENSRNOG00000070592",13
"ENSRNOG00000033280",32465
"ENSRNOG00000037227",357
"ENSRNOG00000050325",0
"ENSRNOG00000016133",956
"ENSRNOG00000037225",474
"ENSRNOG00000023474",0
"ENSRNOG00000053306",513
"ENSRNOG00000056996",0
"ENSRNOG00000015231",228
"ENSRNOG00000017707",1454
"ENSRNOG00000065530",1
"ENSRNOG00000018214",182
"ENSRNOG00000023993",1
"ENSRNOG00000067413",0
"ENSRNOG00000042111",0
"ENSRNOG00000046515",0
"ENSRNOG00000053200",1650
"ENSRNOG00000069656",0
"ENSRNOG00000017020",25
"ENSRNOG00000068175",0
"ENSRNOG00000011321",9
"ENSRNOG00000049437",707
"ENSRNOG00000047439",27
"ENSRNOG00000016724",151
"ENSRNOG00000014722",1053
"ENSRNOG00000015460",0
"ENSRNOG00000045587",0
"ENSRNOG00000068934",6
"ENSRNOG00000063425",0
"ENSRNOG00000048567",13
"ENSRNOG00000010283",11
"ENSRNOG00000067240",3
"ENSRNOG00000069615",117
"ENSRNOG00000068779",0
"ENSRNOG00000019850",84
"ENSRNOG00000054129",0
"ENSRNOG00000011803",0
"ENSRNOG00000054699",0
"ENSRNOG00000045775",1092
"ENSRNOG00000062590",2
"ENSRNOG00000013636",131
"ENSRNOG00000013340",3882
"ENSRNOG00000061279",0
"ENSRNOG00000048686",0
"ENSRNOG00000013446",264
"ENSRNOG00000015439",1796
"ENSRNOG00000011453",27
"ENSRNOG00000014851",38
"ENSRNOG00000053945",680
"ENSRNOG00000017237",0
"ENSRNOG00000019946",473
"ENSRNOG00000011784",187
"ENSRNOG00000012558",355
"ENSRNOG00000015898",285
"ENSRNOG00000049443",0
"ENSRNOG00000050521",0
"ENSRNOG00000015365",27
"ENSRNOG00000022859",0
"ENSRNOG00000032086",0
"ENSRNOG00000024114",0
"ENSRNOG00000040109",0
"ENSRNOG00000066428",0
"ENSRNOG00000019985",13
"ENSRNOG00000014876",425
"ENSRNOG00000012303",5
"ENSRNOG00000013875",623
"ENSRNOG00000012679",68
"ENSRNOG00000014837",55
"ENSRNOG00000023548",52
"ENSRNOG00000054963",554
"ENSRNOG00000018059",2
"ENSRNOG00000037376",112
"ENSRNOG00000015278",15151
"ENSRNOG00000012702",363
"ENSRNOG00000023765",0
"ENSRNOG00000031232",3879
"ENSRNOG00000042054",0
"ENSRNOG00000057701",235
"ENSRNOG00000016247",0
"ENSRNOG00000046242",405
"ENSRNOG00000057056",709
"ENSRNOG00000004719",18
"ENSRNOG00000015992",5
"ENSRNOG00000013554",0
"ENSRNOG00000042360",0
"ENSRNOG00000023923",154
"ENSRNOG00000016196",34
"ENSRNOG00000042181",0
"ENSRNOG00000016388",0
"ENSRNOG00000013578",0
"ENSRNOG00000022066",731
"ENSRNOG00000068281",0
"ENSRNOG00000027719",76
"ENSRNOG00000013748",0
"ENSRNOG00000017072",14
"ENSRNOG00000012891",0
"ENSRNOG00000069111",0
"ENSRNOG00000046601",0
"ENSRNOG00000063009",3
"ENSRNOG00000015619",1302
"ENSRNOG00000015906",1106
"ENSRNOG00000024272",417
"ENSRNOG00000014987",1
"ENSRNOG00000011849",642
"ENSRNOG00000067364",0
"ENSRNOG00000069638",0
"ENSRNOG00000014319",813
"ENSRNOG00000024186",2604
"ENSRNOG00000066209",0
"ENSRNOG00000014950",0
"ENSRNOG00000042230",0
"ENSRNOG00000029735",441
"ENSRNOG00000032926",0
"ENSRNOG00000015297",6
"ENSRNOG00000015386",1
"ENSRNOG00000012424",2
"ENSRNOG00000042581",0
"ENSRNOG00000018521",0
"ENSRNOG00000064739",3
"ENSRNOG00000015402",0
"ENSRNOG00000066469",132
"ENSRNOG00000068377",0
"ENSRNOG00000063607",1
"ENSRNOG00000018584",5552
"ENSRNOG00000014790",0
"ENSRNOG00000016229",818
"ENSRNOG00000067344",60
"ENSRNOG00000015461",2394
"ENSRNOG00000040095",0
"ENSRNOG00000022804",740
"ENSRNOG00000018854",4
"ENSRNOG00000018420",0
"ENSRNOG00000067790",0
"ENSRNOG00000049873",305
"ENSRNOG00000018397",5
"ENSRNOG00000070300",5
"ENSRNOG00000024345",318
"ENSRNOG00000069907",7
"ENSRNOG00000018610",349
"ENSRNOG00000017857",474
"ENSRNOG00000018723",367
"ENSRNOG00000067845",22
"ENSRNOG00000067276",14
"ENSRNOG00000018057",124
"ENSRNOG00000068876",0
"ENSRNOG00000066827",0
"ENSRNOG00000018168",132
"ENSRNOG00000037221",20
"ENSRNOG00000067205",0
"ENSRNOG00000069319",0
"ENSRNOG00000063904",0
"ENSRNOG00000012966",1082
"ENSRNOG00000066982",1
"ENSRNOG00000016963",2974
"ENSRNOG00000062817",4
"ENSRNOG00000070049",3
"ENSRNOG00000069312",8
"ENSRNOG00000046196",0
"ENSRNOG00000068563",2
"ENSRNOG00000015813",2179
"ENSRNOG00000063563",19
"ENSRNOG00000068845",0
"ENSRNOG00000023760",433
"ENSRNOG00000063040",39
"ENSRNOG00000032869",0
"ENSRNOG00000017053",4
"ENSRNOG00000048282",125
"ENSRNOG00000017340",212
"ENSRNOG00000018267",62
"ENSRNOG00000017491",165
"ENSRNOG00000039976",1647
"ENSRNOG00000017297",905
"ENSRNOG00000049683",1683
"ENSRNOG00000017359",4335
"ENSRNOG00000016349",0
"ENSRNOG00000058652",0
"ENSRNOG00000050318",5
"ENSRNOG00000018613",1
"ENSRNOG00000017521",0
"ENSRNOG00000047306",2
"ENSRNOG00000057256",0
"ENSRNOG00000021525",479
"ENSRNOG00000016655",69
"ENSRNOG00000065863",249
"ENSRNOG00000021159",1954
"ENSRNOG00000019447",0
"ENSRNOG00000016849",1487
"ENSRNOG00000015596",0
"ENSRNOG00000017144",896
"ENSRNOG00000030020",0
"ENSRNOG00000017495",900
"ENSRNOG00000016640",4
"ENSRNOG00000017836",169
"ENSRNOG00000033747",312
"ENSRNOG00000018416",2
"ENSRNOG00000016315",453
"ENSRNOG00000017631",1240
"ENSRNOG00000042468",0
"ENSRNOG00000022800",421
"ENSRNOG00000018232",934
"ENSRNOG00000014212",61
"ENSRNOG00000014666",126
"ENSRNOG00000023807",1062
"ENSRNOG00000014678",454
"ENSRNOG00000046343",0
"ENSRNOG00000022598",391
"ENSRNOG00000013704",1
"ENSRNOG00000014492",1
"ENSRNOG00000032219",0
"ENSRNOG00000014328",103
"ENSRNOG00000014180",1166
"ENSRNOG00000019634",940
"ENSRNOG00000013866",62
"ENSRNOG00000013557",477
"ENSRNOG00000066397",3
"ENSRNOG00000015249",271
"ENSRNOG00000055670",1
"ENSRNOG00000013852",273
"ENSRNOG00000019527",0
"ENSRNOG00000014248",45
"ENSRNOG00000049121",492
"ENSRNOG00000050258",1794
"ENSRNOG00000015623",1
"ENSRNOG00000022934",1113
"ENSRNOG00000019463",415
"ENSRNOG00000018372",67
"ENSRNOG00000022769",1324
"ENSRNOG00000067280",0
"ENSRNOG00000027400",0
"ENSRNOG00000018980",812
"ENSRNOG00000015259",0
"ENSRNOG00000017913",416
"ENSRNOG00000039856",55
"ENSRNOG00000013412",238
"ENSRNOG00000017540",0
"ENSRNOG00000019035",1
"ENSRNOG00000022609",117
"ENSRNOG00000013262",0
"ENSRNOG00000042182",14
"ENSRNOG00000018741",382
"ENSRNOG00000015511",1540
"ENSRNOG00000022911",179
"ENSRNOG00000054475",0
"ENSRNOG00000016653",0
"ENSRNOG00000026175",0
"ENSRNOG00000069358",0
"ENSRNOG00000012205",0
"ENSRNOG00000053030",0
"ENSRNOG00000011124",0
"ENSRNOG00000016962",0
"ENSRNOG00000017557",0
"ENSRNOG00000011841",151
"ENSRNOG00000025418",900
"ENSRNOG00000011000",460
"ENSRNOG00000048736",904
"ENSRNOG00000017730",1680
"ENSRNOG00000045947",0
"ENSRNOG00000017611",0
"ENSRNOG00000017206",46
"ENSRNOG00000029865",0
"ENSRNOG00000045846",17
"ENSRNOG00000017625",11
"ENSRNOG00000053244",0
"ENSRNOG00000047549",8
"ENSRNOG00000027430",51
"ENSRNOG00000069663",42
"ENSRNOG00000016606",7
"ENSRNOG00000047781",67
"ENSRNOG00000070099",0
"ENSRNOG00000066303",2
"ENSRNOG00000050381",178
"ENSRNOG00000011756",1051
"ENSRNOG00000047295",13
"ENSRNOG00000045595",6
"ENSRNOG00000023603",0
"ENSRNOG00000065536",2
"ENSRNOG00000011771",575
"ENSRNOG00000046050",1
"ENSRNOG00000014960",98
"ENSRNOG00000014001",0
"ENSRNOG00000047368",2
"ENSRNOG00000012629",1449
"ENSRNOG00000047052",324
"ENSRNOG00000012709",3624
"ENSRNOG00000063848",0
"ENSRNOG00000023858",0
"ENSRNOG00000065109",19
"ENSRNOG00000013234",524
"ENSRNOG00000055295",114
"ENSRNOG00000046834",10
"ENSRNOG00000013285",716
"ENSRNOG00000016503",180
"ENSRNOG00000013415",4
"ENSRNOG00000047089",114
"ENSRNOG00000016472",1
"ENSRNOG00000063418",1970
"ENSRNOG00000071190",32
"ENSRNOG00000016091",2
"ENSRNOG00000016105",458
"ENSRNOG00000042646",0
"ENSRNOG00000047134",1
"ENSRNOG00000015774",3
"ENSRNOG00000012284",0
"ENSRNOG00000015020",786
"ENSRNOG00000064877",10
"ENSRNOG00000047628",300
"ENSRNOG00000014162",8992
"ENSRNOG00000015158",1266
"ENSRNOG00000047505",0
"ENSRNOG00000016032",535
"ENSRNOG00000048853",0
"ENSRNOG00000014035",7
"ENSRNOG00000046128",752
"ENSRNOG00000023467",1989
"ENSRNOG00000062645",1210
"ENSRNOG00000062772",0
"ENSRNOG00000012486",178
"ENSRNOG00000047337",0
"ENSRNOG00000015295",2964
"ENSRNOG00000051015",0
"ENSRNOG00000069918",2
"ENSRNOG00000047730",0
"ENSRNOG00000064862",0
"ENSRNOG00000070059",7
"ENSRNOG00000033341",0
"ENSRNOG00000066502",7
"ENSRNOG00000066561",0
"ENSRNOG00000067046",0
"ENSRNOG00000017265",1925
"ENSRNOG00000064783",0
"ENSRNOG00000014288",554296
"ENSRNOG00000047581",0
"ENSRNOG00000062425",0
"ENSRNOG00000066837",0
"ENSRNOG00000068213",0
"ENSRNOG00000070131",6
"ENSRNOG00000049503",0
"ENSRNOG00000070668",53
"ENSRNOG00000046104",6
"ENSRNOG00000063528",1
"ENSRNOG00000064269",0
"ENSRNOG00000037894",1
"ENSRNOG00000055524",927
"ENSRNOG00000016995",0
"ENSRNOG00000017129",380
"ENSRNOG00000016660",817
"ENSRNOG00000017757",96
"ENSRNOG00000015366",31
"ENSRNOG00000017188",49
"ENSRNOG00000016151",12
"ENSRNOG00000037835",3
"ENSRNOG00000064008",69
"ENSRNOG00000052376",435
"ENSRNOG00000050430",3
"ENSRNOG00000014956",5
"ENSRNOG00000018162",30
"ENSRNOG00000017996",0
"ENSRNOG00000017248",5
"ENSRNOG00000046254",0
"ENSRNOG00000012207",14426
"ENSRNOG00000014182",11179
"ENSRNOG00000013368",3
"ENSRNOG00000010637",865
"ENSRNOG00000012942",20
"ENSRNOG00000032991",3
"ENSRNOG00000017409",6
"ENSRNOG00000058626",0
"ENSRNOG00000058260",2
"ENSRNOG00000014399",400
"ENSRNOG00000012618",0
"ENSRNOG00000014806",1653
"ENSRNOG00000046576",0
"ENSRNOG00000022499",77
"ENSRNOG00000011269",0
"ENSRNOG00000010597",1
"ENSRNOG00000018266",8
"ENSRNOG00000015886",48
"ENSRNOG00000018325",538
"ENSRNOG00000063081",0
"ENSRNOG00000019506",275
"ENSRNOG00000012718",590
"ENSRNOG00000050591",0
"ENSRNOG00000023312",3
"ENSRNOG00000018586",487
"ENSRNOG00000023566",5
"ENSRNOG00000062745",1
"ENSRNOG00000014797",1724
"ENSRNOG00000019704",3
"ENSRNOG00000014901",1488
"ENSRNOG00000015248",0
"ENSRNOG00000013213",385
"ENSRNOG00000019587",80
"ENSRNOG00000052570",0
"ENSRNOG00000048239",0
"ENSRNOG00000018464",21
"ENSRNOG00000028362",1
"ENSRNOG00000018467",50
"ENSRNOG00000049330",242
"ENSRNOG00000038085",305
"ENSRNOG00000015382",44
"ENSRNOG00000020038",2164
"ENSRNOG00000020061",6
"ENSRNOG00000018366",32
"ENSRNOG00000028149",483
"ENSRNOG00000015346",589
"ENSRNOG00000020097",59
"ENSRNOG00000020107",173
"ENSRNOG00000017660",358
"ENSRNOG00000019772",1028
"ENSRNOG00000069992",0
"ENSRNOG00000071002",108
"ENSRNOG00000063437",181
"ENSRNOG00000014718",238
"ENSRNOG00000014289",6711
"ENSRNOG00000014516",1139
"ENSRNOG00000031651",128
"ENSRNOG00000064457",89
"ENSRNOG00000018128",719
"ENSRNOG00000018830",435
"ENSRNOG00000018276",23
"ENSRNOG00000016789",877
"ENSRNOG00000016254",107
"ENSRNOG00000023941",10
"ENSRNOG00000058681",30
"ENSRNOG00000018593",88
"ENSRNOG00000068018",0
"ENSRNOG00000023220",479
"ENSRNOG00000013946",359
"ENSRNOG00000023356",96
"ENSRNOG00000018623",577
"ENSRNOG00000013991",3
"ENSRNOG00000058243",74
"ENSRNOG00000051950",0
"ENSRNOG00000054218",2
"ENSRNOG00000014835",688
"ENSRNOG00000015027",5
"ENSRNOG00000038979",0
"ENSRNOG00000015417",612
"ENSRNOG00000014504",1369
"ENSRNOG00000014013",1775
"ENSRNOG00000028945",0
"ENSRNOG00000024201",16
"ENSRNOG00000015699",309
"ENSRNOG00000014683",306
"ENSRNOG00000012815",82
"ENSRNOG00000061227",0
"ENSRNOG00000013286",716
"ENSRNOG00000016201",241
"ENSRNOG00000013408",132
"ENSRNOG00000047233",0
"ENSRNOG00000023576",23
"ENSRNOG00000011591",2
"ENSRNOG00000038909",2
"ENSRNOG00000015306",1
"ENSRNOG00000067665",1090
"ENSRNOG00000015567",2
"ENSRNOG00000063478",1
"ENSRNOG00000011658",96
"ENSRNOG00000017155",227
"ENSRNOG00000022762",0
"ENSRNOG00000011194",995
"ENSRNOG00000014378",3
"ENSRNOG00000016447",246
"ENSRNOG00000010370",436
"ENSRNOG00000010668",3492
"ENSRNOG00000059348",1337
"ENSRNOG00000064427",3266
"ENSRNOG00000059485",22
"ENSRNOG00000064621",25
"ENSRNOG00000008111",0
"ENSRNOG00000012840",154678
"ENSRNOG00000026745",0
"ENSRNOG00000009104",442
"ENSRNOG00000009995",335
"ENSRNOG00000042449",427
"ENSRNOG00000002423",253
"ENSRNOG00000002575",147
"ENSRNOG00000002443",602
"ENSRNOG00000012356",180
"ENSRNOG00000021370",0
"ENSRNOG00000002845",0
"ENSRNOG00000026844",0
"ENSRNOG00000066088",19879
"ENSRNOG00000027008",123
"ENSRNOG00000023143",308
"ENSRNOG00000038474",0
"ENSRNOG00000011892",0
"ENSRNOG00000064321",0
"ENSRNOG00000069020",0
"ENSRNOG00000069599",0
"ENSRNOG00000067008",0
"ENSRNOG00000026805",0
"ENSRNOG00000068229",0
"ENSRNOG00000002820",0
"ENSRNOG00000024553",18
"ENSRNOG00000013118",921
"ENSRNOG00000024535",1320
"ENSRNOG00000068864",0
"ENSRNOG00000002827",0
"ENSRNOG00000013186",2201
"ENSRNOG00000010041",797
"ENSRNOG00000067204",0
"ENSRNOG00000003815",619
"ENSRNOG00000065351",0
"ENSRNOG00000068547",0
"ENSRNOG00000054400",199
"ENSRNOG00000071204",0
"ENSRNOG00000014081",0
"ENSRNOG00000070347",1
"ENSRNOG00000043116",0
"ENSRNOG00000038413",0
"ENSRNOG00000002488",655
"ENSRNOG00000067499",0
"ENSRNOG00000067195",0
"ENSRNOG00000069306",0
"ENSRNOG00000067952",0
"ENSRNOG00000002630",267
"ENSRNOG00000002645",318
"ENSRNOG00000003879",287
"ENSRNOG00000019458",22
"ENSRNOG00000027039",139
"ENSRNOG00000045816",3
"ENSRNOG00000069086",0
"ENSRNOG00000062627",0
"ENSRNOG00000069462",0
"ENSRNOG00000047955",0
"ENSRNOG00000038422",0
"ENSRNOG00000002582",0
"ENSRNOG00000031544",876
"ENSRNOG00000027259",423
"ENSRNOG00000051868",203
"ENSRNOG00000014712",27
"ENSRNOG00000003975",4902
"ENSRNOG00000033663",360
"ENSRNOG00000065470",0
"ENSRNOG00000062854",0
"ENSRNOG00000069068",0
"ENSRNOG00000002682",43
"ENSRNOG00000002713",349
"ENSRNOG00000070864",19
"ENSRNOG00000064507",0
"ENSRNOG00000064350",2
"ENSRNOG00000067217",35
"ENSRNOG00000070178",1
"ENSRNOG00000068756",17
"ENSRNOG00000069764",3
"ENSRNOG00000003847",201
"ENSRNOG00000062640",11
"ENSRNOG00000067459",6
"ENSRNOG00000063438",0
"ENSRNOG00000066378",36
"ENSRNOG00000055459",0
"ENSRNOG00000052088",2
"ENSRNOG00000065010",0
"ENSRNOG00000064285",1
"ENSRNOG00000026430",0
"ENSRNOG00000070207",0
"ENSRNOG00000070920",0
"ENSRNOG00000023431",68
"ENSRNOG00000066015",0
"ENSRNOG00000067151",590
"ENSRNOG00000069550",0
"ENSRNOG00000060247",1
"ENSRNOG00000022431",23
"ENSRNOG00000055640",0
"ENSRNOG00000065061",1
"ENSRNOG00000071012",121
"ENSRNOG00000057240",5
"ENSRNOG00000069370",0
"ENSRNOG00000062611",0
"ENSRNOG00000062948",0
"ENSRNOG00000069674",0
"ENSRNOG00000061633",0
"ENSRNOG00000065225",3
"ENSRNOG00000058899",0
"ENSRNOG00000002858",0
"ENSRNOG00000054015",0
"ENSRNOG00000065824",0
"ENSRNOG00000053082",0
"ENSRNOG00000068961",0
"ENSRNOG00000054755",0
"ENSRNOG00000068527",5
"ENSRNOG00000061482",0
"ENSRNOG00000064121",1
"ENSRNOG00000022472",102
"ENSRNOG00000052741",0
"ENSRNOG00000051656",0
"ENSRNOG00000064143",86
"ENSRNOG00000063978",137
"ENSRNOG00000055792",0
"ENSRNOG00000004078",97
"ENSRNOG00000065243",594
"ENSRNOG00000070859",0
"ENSRNOG00000022438",20
"ENSRNOG00000071081",0
"ENSRNOG00000057885",0
"ENSRNOG00000068781",0
"ENSRNOG00000027891",88
"ENSRNOG00000052561",0
"ENSRNOG00000068928",277
"ENSRNOG00000043019",5
"ENSRNOG00000055961",0
"ENSRNOG00000062350",23
"ENSRNOG00000064716",49
"ENSRNOG00000052520",1
"ENSRNOG00000066541",0
"ENSRNOG00000070561",1
"ENSRNOG00000057669",0
"ENSRNOG00000066333",0
"ENSRNOG00000019486",2
"ENSRNOG00000057605",0
"ENSRNOG00000066693",0
"ENSRNOG00000049219",629
"ENSRNOG00000066339",0
"ENSRNOG00000063383",0
"ENSRNOG00000063269",0
"ENSRNOG00000065502",0
"ENSRNOG00000067337",3
"ENSRNOG00000055550",0
"ENSRNOG00000053179",0
"ENSRNOG00000055743",0
"ENSRNOG00000063722",187
"ENSRNOG00000060659",0
"ENSRNOG00000062516",0
"ENSRNOG00000062916",0
"ENSRNOG00000068240",0
"ENSRNOG00000058532",0
"ENSRNOG00000067006",0
"ENSRNOG00000065892",288
"ENSRNOG00000057512",0
"ENSRNOG00000056543",0
"ENSRNOG00000052147",0
"ENSRNOG00000070989",0
"ENSRNOG00000003129",710
"ENSRNOG00000061671",1
"ENSRNOG00000069686",0
"ENSRNOG00000063817",0
"ENSRNOG00000061622",1
"ENSRNOG00000043419",1
"ENSRNOG00000066434",0
"ENSRNOG00000054660",0
"ENSRNOG00000057083",0
"ENSRNOG00000067673",3
"ENSRNOG00000066138",0
"ENSRNOG00000056479",0
"ENSRNOG00000067463",0
"ENSRNOG00000002895",33
"ENSRNOG00000067537",0
"ENSRNOG00000069371",0
"ENSRNOG00000052554",1
"ENSRNOG00000062965",4
"ENSRNOG00000065881",0
"ENSRNOG00000060567",0
"ENSRNOG00000053830",0
"ENSRNOG00000069978",6
"ENSRNOG00000053545",0
"ENSRNOG00000059819",0
"ENSRNOG00000052344",0
"ENSRNOG00000055516",0
"ENSRNOG00000070850",125
"ENSRNOG00000056422",6
"ENSRNOG00000070353",0
"ENSRNOG00000052684",0
"ENSRNOG00000051234",0
"ENSRNOG00000003170",42
"ENSRNOG00000059048",0
"ENSRNOG00000056866",0
"ENSRNOG00000066341",3
"ENSRNOG00000054387",0
"ENSRNOG00000053961",86
"ENSRNOG00000059449",0
"ENSRNOG00000068321",0
"ENSRNOG00000055502",0
"ENSRNOG00000054649",0
"ENSRNOG00000020843",451
"ENSRNOG00000004246",198
"ENSRNOG00000070019",0
"ENSRNOG00000070557",7
"ENSRNOG00000063452",0
"ENSRNOG00000061173",0
"ENSRNOG00000054307",0
"ENSRNOG00000052059",0
"ENSRNOG00000062630",0
"ENSRNOG00000065726",0
"ENSRNOG00000063603",0
"ENSRNOG00000059300",0
"ENSRNOG00000019384",97
"ENSRNOG00000054952",0
"ENSRNOG00000054629",0
"ENSRNOG00000066078",1
"ENSRNOG00000070350",0
"ENSRNOG00000045676",0
"ENSRNOG00000053018",0
"ENSRNOG00000058504",0
"ENSRNOG00000058244",0
"ENSRNOG00000055800",0
"ENSRNOG00000053796",0
"ENSRNOG00000068206",0
"ENSRNOG00000058369",0
"ENSRNOG00000062549",0
"ENSRNOG00000057969",0
"ENSRNOG00000052816",0
"ENSRNOG00000002873",0
"ENSRNOG00000059399",0
"ENSRNOG00000070743",0
"ENSRNOG00000063400",2
"ENSRNOG00000003039",0
"ENSRNOG00000021988",0
"ENSRNOG00000022548",4
"ENSRNOG00000002757",163
"ENSRNOG00000002876",76
"ENSRNOG00000070137",0
"ENSRNOG00000067635",0
"ENSRNOG00000058556",0
"ENSRNOG00000002883",80
"ENSRNOG00000059610",0
"ENSRNOG00000067616",0
"ENSRNOG00000003326",1101
"ENSRNOG00000062744",0
"ENSRNOG00000026647",473
"ENSRNOG00000060046",0
"ENSRNOG00000056736",0
"ENSRNOG00000021796",5
"ENSRNOG00000060616",2
"ENSRNOG00000053569",0
"ENSRNOG00000060220",0
"ENSRNOG00000054213",0
"ENSRNOG00000051730",0
"ENSRNOG00000027368",556
"ENSRNOG00000057012",2
"ENSRNOG00000061736",0
"ENSRNOG00000002928",440
"ENSRNOG00000060502",1
"ENSRNOG00000017907",770
"ENSRNOG00000063532",0
"ENSRNOG00000057893",0
"ENSRNOG00000054619",0
"ENSRNOG00000056183",1
"ENSRNOG00000042579",9
"ENSRNOG00000052660",1
"ENSRNOG00000057898",0
"ENSRNOG00000062443",0
"ENSRNOG00000055444",0
"ENSRNOG00000058380",0
"ENSRNOG00000066694",1278
"ENSRNOG00000053313",0
"ENSRNOG00000055592",0
"ENSRNOG00000069404",0
"ENSRNOG00000057232",0
"ENSRNOG00000065576",1
"ENSRNOG00000056377",2
"ENSRNOG00000060493",0
"ENSRNOG00000055722",0
"ENSRNOG00000002943",242
"ENSRNOG00000003794",56
"ENSRNOG00000068007",0
"ENSRNOG00000060059",0
"ENSRNOG00000057978",15
"ENSRNOG00000004283",664
"ENSRNOG00000055210",0
"ENSRNOG00000055429",6
"ENSRNOG00000070988",0
"ENSRNOG00000053386",0
"ENSRNOG00000070720",0
"ENSRNOG00000056913",3
"ENSRNOG00000068504",3
"ENSRNOG00000040121",0
"ENSRNOG00000002303",0
"ENSRNOG00000068432",0
"ENSRNOG00000064295",0
"ENSRNOG00000057925",2
"ENSRNOG00000066495",1
"ENSRNOG00000054510",0
"ENSRNOG00000064126",0
"ENSRNOG00000002930",36
"ENSRNOG00000065662",0
"ENSRNOG00000068389",4
"ENSRNOG00000015118",181
"ENSRNOG00000061574",0
"ENSRNOG00000064162",0
"ENSRNOG00000068674",0
"ENSRNOG00000054243",0
"ENSRNOG00000056054",0
"ENSRNOG00000053534",2
"ENSRNOG00000055332",0
"ENSRNOG00000057905",1
"ENSRNOG00000012681",212
"ENSRNOG00000066008",0
"ENSRNOG00000060816",3
"ENSRNOG00000059404",0
"ENSRNOG00000003019",682
"ENSRNOG00000056979",0
"ENSRNOG00000053152",0
"ENSRNOG00000019477",12
"ENSRNOG00000069639",0
"ENSRNOG00000054431",0
"ENSRNOG00000002912",367
"ENSRNOG00000052485",0
"ENSRNOG00000070400",0
"ENSRNOG00000071058",0
"ENSRNOG00000062553",0
"ENSRNOG00000059688",0
"ENSRNOG00000069935",0
"ENSRNOG00000003065",858
"ENSRNOG00000066575",0
"ENSRNOG00000002612",237
"ENSRNOG00000003728",98
"ENSRNOG00000037418",0
"ENSRNOG00000029245",0
"ENSRNOG00000068333",0
"ENSRNOG00000003125",328
"ENSRNOG00000031364",1243
"ENSRNOG00000020937",1094
"ENSRNOG00000005009",20
"ENSRNOG00000049768",106
"ENSRNOG00000022771",718
"ENSRNOG00000037409",0
"ENSRNOG00000020803",4
"ENSRNOG00000004146",168
"ENSRNOG00000055533",2
"ENSRNOG00000065698",0
"ENSRNOG00000024557",25
"ENSRNOG00000021953",0
"ENSRNOG00000004141",2722
"ENSRNOG00000068288",0
"ENSRNOG00000003273",1
"ENSRNOG00000053814",1077
"ENSRNOG00000004608",189
"ENSRNOG00000015210",1
"ENSRNOG00000033653",1
"ENSRNOG00000004766",2053
"ENSRNOG00000063096",0
"ENSRNOG00000068635",0
"ENSRNOG00000002768",0
"ENSRNOG00000021713",184
"ENSRNOG00000067764",0
"ENSRNOG00000015236",0
"ENSRNOG00000003328",560
"ENSRNOG00000055010",14
"ENSRNOG00000010257",181
"ENSRNOG00000004072",10703
"ENSRNOG00000020970",18
"ENSRNOG00000057040",49
"ENSRNOG00000003773",528
"ENSRNOG00000010363",208
"ENSRNOG00000015873",0
"ENSRNOG00000066620",0
"ENSRNOG00000002407",983
"ENSRNOG00000020994",640
"ENSRNOG00000005227",94
"ENSRNOG00000058372",5
"ENSRNOG00000002944",165
"ENSRNOG00000028075",2
"ENSRNOG00000060229",3162
"ENSRNOG00000017912",2
"ENSRNOG00000003495",7032
"ENSRNOG00000012864",286
"ENSRNOG00000004900",0
"ENSRNOG00000003302",670
"ENSRNOG00000003186",93
"ENSRNOG00000062575",0
"ENSRNOG00000070390",1
"ENSRNOG00000042044",268
"ENSRNOG00000003137",0
"ENSRNOG00000002894",358
"ENSRNOG00000053943",1109
"ENSRNOG00000068106",2
"ENSRNOG00000060528",29
"ENSRNOG00000046057",1
"ENSRNOG00000003224",163
"ENSRNOG00000003233",0
"ENSRNOG00000066893",333
"ENSRNOG00000016212",976
"ENSRNOG00000003332",40
"ENSRNOG00000009006",559
"ENSRNOG00000046143",37
"ENSRNOG00000003348",13
"ENSRNOG00000003873",1222
"ENSRNOG00000017325",0
"ENSRNOG00000006450",290
"ENSRNOG00000027628",656
"ENSRNOG00000009474",557
"ENSRNOG00000054423",17
"ENSRNOG00000009224",92
"ENSRNOG00000003234",0
"ENSRNOG00000017352",952
"ENSRNOG00000009536",262
"ENSRNOG00000003066",28
"ENSRNOG00000009718",105
"ENSRNOG00000002669",976
"ENSRNOG00000009611",0
"ENSRNOG00000003506",1506
"ENSRNOG00000009857",235
"ENSRNOG00000017417",6261
"ENSRNOG00000003517",32
"ENSRNOG00000060615",573
"ENSRNOG00000009667",174
"ENSRNOG00000066553",0
"ENSRNOG00000003544",2
"ENSRNOG00000028341",357
"ENSRNOG00000007227",100
"ENSRNOG00000017657",431
"ENSRNOG00000022022",13
"ENSRNOG00000010038",314
"ENSRNOG00000002755",1415
"ENSRNOG00000028427",57
"ENSRNOG00000005269",0
"ENSRNOG00000017915",237
"ENSRNOG00000068462",0
"ENSRNOG00000003463",406
"ENSRNOG00000042524",0
"ENSRNOG00000006990",0
"ENSRNOG00000063840",21
"ENSRNOG00000069823",0
"ENSRNOG00000018114",161
"ENSRNOG00000050057",431
"ENSRNOG00000005104",0
"ENSRNOG00000063987",0
"ENSRNOG00000067870",0
"ENSRNOG00000063600",0
"ENSRNOG00000007655",48
"ENSRNOG00000007200",1
"ENSRNOG00000063645",0
"ENSRNOG00000010557",319
"ENSRNOG00000069725",0
"ENSRNOG00000039773",0
"ENSRNOG00000007084",0
"ENSRNOG00000062803",0
"ENSRNOG00000007678",169
"ENSRNOG00000003384",63
"ENSRNOG00000010929",0
"ENSRNOG00000026783",47
"ENSRNOG00000006548",960
"ENSRNOG00000003590",1747
"ENSRNOG00000008134",16
"ENSRNOG00000045565",0
"ENSRNOG00000004566",0
"ENSRNOG00000061543",2313
"ENSRNOG00000006136",319
"ENSRNOG00000006674",41
"ENSRNOG00000023628",113
"ENSRNOG00000049876",2913
"ENSRNOG00000005330",1161
"ENSRNOG00000004668",15
"ENSRNOG00000007054",764
"ENSRNOG00000018526",554
"ENSRNOG00000046799",280
"ENSRNOG00000005904",1210
"ENSRNOG00000004980",100
"ENSRNOG00000053437",0
"ENSRNOG00000071015",33
"ENSRNOG00000021303",42
"ENSRNOG00000063807",461
"ENSRNOG00000003566",0
"ENSRNOG00000050675",46
"ENSRNOG00000005193",220
"ENSRNOG00000023344",3689
"ENSRNOG00000013611",0
"ENSRNOG00000022664",814
"ENSRNOG00000002997",483
"ENSRNOG00000024964",599
"ENSRNOG00000003719",234
"ENSRNOG00000005418",614
"ENSRNOG00000005357",797
"ENSRNOG00000004147",72
"ENSRNOG00000020916",416
"ENSRNOG00000014672",0
"ENSRNOG00000008700",3
"ENSRNOG00000069630",322
"ENSRNOG00000012390",105
"ENSRNOG00000006873",2
"ENSRNOG00000015157",135
"ENSRNOG00000069998",250
"ENSRNOG00000069737",0
"ENSRNOG00000024661",1194
"ENSRNOG00000010492",581
"ENSRNOG00000020930",387
"ENSRNOG00000064298",0
"ENSRNOG00000046271",2541
"ENSRNOG00000062400",77
"ENSRNOG00000019352",218
"ENSRNOG00000021657",1
"ENSRNOG00000065165",0
"ENSRNOG00000026801",0
"ENSRNOG00000012434",477
"ENSRNOG00000065890",0
"ENSRNOG00000022964",0
"ENSRNOG00000066422",0
"ENSRNOG00000019357",812
"ENSRNOG00000004092",15
"ENSRNOG00000004939",0
"ENSRNOG00000003948",839
"ENSRNOG00000032439",0
"ENSRNOG00000012620",3
"ENSRNOG00000003855",315
"ENSRNOG00000042252",0
"ENSRNOG00000013370",198
"ENSRNOG00000028688",209
"ENSRNOG00000052840",213
"ENSRNOG00000070542",132
"ENSRNOG00000004417",120
"ENSRNOG00000070956",0
"ENSRNOG00000058393",102
"ENSRNOG00000063135",182
"ENSRNOG00000025117",0
"ENSRNOG00000067184",0
"ENSRNOG00000070925",0
"ENSRNOG00000063522",0
"ENSRNOG00000065977",0
"ENSRNOG00000002420",513
"ENSRNOG00000004159",1392
"ENSRNOG00000068367",0
"ENSRNOG00000004399",12
"ENSRNOG00000064369",0
"ENSRNOG00000013429",172
"ENSRNOG00000038328",24
"ENSRNOG00000019606",0
"ENSRNOG00000068012",2
"ENSRNOG00000021987",0
"ENSRNOG00000053680",1484
"ENSRNOG00000067378",10
"ENSRNOG00000005015",233
"ENSRNOG00000024445",601
"ENSRNOG00000062613",0
"ENSRNOG00000059008",191
"ENSRNOG00000004040",18
"ENSRNOG00000060934",4
"ENSRNOG00000003845",0
"ENSRNOG00000028208",79
"ENSRNOG00000000249",29
"ENSRNOG00000002520",4982
"ENSRNOG00000000248",1839
"ENSRNOG00000011207",0
"ENSRNOG00000014641",3
"ENSRNOG00000019659",50
"ENSRNOG00000065770",55
"ENSRNOG00000055314",1553
"ENSRNOG00000033617",0
"ENSRNOG00000064075",0
"ENSRNOG00000024210",3
"ENSRNOG00000015061",3
"ENSRNOG00000002539",0
"ENSRNOG00000021682",1840
"ENSRNOG00000024954",3
"ENSRNOG00000014743",138
"ENSRNOG00000037307",0
"ENSRNOG00000003213",818
"ENSRNOG00000003226",5652
"ENSRNOG00000002989",1768
"ENSRNOG00000002452",724
"ENSRNOG00000000247",385
"ENSRNOG00000015090",249
"ENSRNOG00000020877",0
"ENSRNOG00000002749",2056
"ENSRNOG00000006532",2720
"ENSRNOG00000003846",1916
"ENSRNOG00000003116",366
"ENSRNOG00000058739",101
"ENSRNOG00000007280",1067
"ENSRNOG00000003278",262
"ENSRNOG00000004807",365
"ENSRNOG00000010083",976
"ENSRNOG00000070139",0
"ENSRNOG00000034013",626
"ENSRNOG00000002566",1
"ENSRNOG00000004437",3
"ENSRNOG00000002568",12
"ENSRNOG00000013169",138
"ENSRNOG00000066036",239
"ENSRNOG00000006600",311
"ENSRNOG00000007117",14
"ENSRNOG00000059326",243
"ENSRNOG00000008040",122
"ENSRNOG00000016976",515
"ENSRNOG00000010320",1
"ENSRNOG00000003172",4539
"ENSRNOG00000003262",0
"ENSRNOG00000058939",0
"ENSRNOG00000008256",341
"ENSRNOG00000007268",16
"ENSRNOG00000006126",725
"ENSRNOG00000008323",31
"ENSRNOG00000042245",840
"ENSRNOG00000004091",81
"ENSRNOG00000057378",800
"ENSRNOG00000020441",792
"ENSRNOG00000007576",72
"ENSRNOG00000007778",0
"ENSRNOG00000065251",0
"ENSRNOG00000003195",28
"ENSRNOG00000068785",0
"ENSRNOG00000008577",75
"ENSRNOG00000070737",0
"ENSRNOG00000067255",0
"ENSRNOG00000036880",0
"ENSRNOG00000002764",60
"ENSRNOG00000042258",14
"ENSRNOG00000011227",31
"ENSRNOG00000006913",64
"ENSRNOG00000004713",0
"ENSRNOG00000059219",10
"ENSRNOG00000004032",299
"ENSRNOG00000037718",3
"ENSRNOG00000003657",48
"ENSRNOG00000004686",262
"ENSRNOG00000014027",210
"ENSRNOG00000003105",0
"ENSRNOG00000069091",115
"ENSRNOG00000007439",4
"ENSRNOG00000006949",1602
"ENSRNOG00000003849",219
"ENSRNOG00000064191",0
"ENSRNOG00000003131",1582
"ENSRNOG00000064933",1
"ENSRNOG00000065343",0
"ENSRNOG00000039761",0
"ENSRNOG00000004310",259
"ENSRNOG00000005185",0
"ENSRNOG00000067475",461
"ENSRNOG00000003109",0
"ENSRNOG00000049151",0
"ENSRNOG00000003121",34
"ENSRNOG00000014618",0
"ENSRNOG00000010214",35
"ENSRNOG00000028116",1
"ENSRNOG00000020902",996
"ENSRNOG00000006989",1205
"ENSRNOG00000021872",48
"ENSRNOG00000028255",394
"ENSRNOG00000007889",0
"ENSRNOG00000028417",0
"ENSRNOG00000005769",251
"ENSRNOG00000025792",379
"ENSRNOG00000061424",630
"ENSRNOG00000003455",0
"ENSRNOG00000007454",2
"ENSRNOG00000042086",14
"ENSRNOG00000004107",890
"ENSRNOG00000006131",180
"ENSRNOG00000011357",4
"ENSRNOG00000002294",109
"ENSRNOG00000008921",184
"ENSRNOG00000067865",174
"ENSRNOG00000007823",11
"ENSRNOG00000009343",1
"ENSRNOG00000003546",1215
"ENSRNOG00000014882",4
"ENSRNOG00000008010",14
"ENSRNOG00000010673",198
"ENSRNOG00000050323",1035
"ENSRNOG00000025448",58
"ENSRNOG00000008830",1196
"ENSRNOG00000003457",0
"ENSRNOG00000008755",1377
"ENSRNOG00000008703",1671
"ENSRNOG00000009819",1175
"ENSRNOG00000046890",0
"ENSRNOG00000046639",31
"ENSRNOG00000005290",6556
"ENSRNOG00000060307",36
"ENSRNOG00000004171",7
"ENSRNOG00000020905",449
"ENSRNOG00000042251",0
"ENSRNOG00000002812",0
"ENSRNOG00000002659",23
"ENSRNOG00000007585",0
"ENSRNOG00000010626",34
"ENSRNOG00000046121",0
"ENSRNOG00000003497",130
"ENSRNOG00000009225",884
"ENSRNOG00000008422",0
"ENSRNOG00000007611",5
"ENSRNOG00000008843",424
"ENSRNOG00000060054",0
"ENSRNOG00000028946",175
"ENSRNOG00000011007",324
"ENSRNOG00000007387",253
"ENSRNOG00000052113",531
"ENSRNOG00000025545",204
"ENSRNOG00000007523",1
"ENSRNOG00000066106",166
"ENSRNOG00000061429",1
"ENSRNOG00000029415",90
"ENSRNOG00000011714",52
"ENSRNOG00000042915",235
"ENSRNOG00000003542",2615
"ENSRNOG00000033942",0
"ENSRNOG00000065020",45
"ENSRNOG00000030291",30
"ENSRNOG00000004155",5
"ENSRNOG00000030541",4
"ENSRNOG00000003654",1
"ENSRNOG00000042825",0
"ENSRNOG00000022210",0
"ENSRNOG00000014127",13
"ENSRNOG00000020908",39
"ENSRNOG00000037371",67
"ENSRNOG00000003563",264
"ENSRNOG00000057404",2
"ENSRNOG00000002664",2424
"ENSRNOG00000014179",2806
"ENSRNOG00000004172",490
"ENSRNOG00000048449",73
"ENSRNOG00000066902",283
"ENSRNOG00000065545",1
"ENSRNOG00000014568",1013
"ENSRNOG00000011876",456
"ENSRNOG00000002571",0
"ENSRNOG00000020275",2
"ENSRNOG00000003784",15
"ENSRNOG00000029012",0
"ENSRNOG00000027711",588
"ENSRNOG00000003673",270
"ENSRNOG00000014953",2
"ENSRNOG00000020277",62
"ENSRNOG00000038055",1
"ENSRNOG00000007391",1
"ENSRNOG00000002545",584
"ENSRNOG00000066611",0
"ENSRNOG00000059618",3
"ENSRNOG00000003947",27
"ENSRNOG00000052730",871
"ENSRNOG00000050649",144
"ENSRNOG00000055413",0
"ENSRNOG00000010771",2719
"ENSRNOG00000069891",0
"ENSRNOG00000012162",677
"ENSRNOG00000025287",0
"ENSRNOG00000020336",303
"ENSRNOG00000021782",0
"ENSRNOG00000003401",4304
"ENSRNOG00000004378",0
"ENSRNOG00000036888",0
"ENSRNOG00000003294",0
"ENSRNOG00000058663",296
"ENSRNOG00000027057",270
"ENSRNOG00000069756",39
"ENSRNOG00000015674",1
"ENSRNOG00000020487",0
"ENSRNOG00000024181",0
"ENSRNOG00000003215",90
"ENSRNOG00000013030",239
"ENSRNOG00000017606",6
"ENSRNOG00000005336",0
"ENSRNOG00000003218",6
"ENSRNOG00000069314",0
"ENSRNOG00000069734",1
"ENSRNOG00000020513",315
"ENSRNOG00000027194",239
"ENSRNOG00000029597",16
"ENSRNOG00000069739",1
"ENSRNOG00000058058",0
"ENSRNOG00000025496",1579
"ENSRNOG00000065691",0
"ENSRNOG00000066734",0
"ENSRNOG00000011375",646
"ENSRNOG00000002358",2374
"ENSRNOG00000012155",5
"ENSRNOG00000002342",763
"ENSRNOG00000028121",0
"ENSRNOG00000046276",14
"ENSRNOG00000063725",0
"ENSRNOG00000066047",11
"ENSRNOG00000006248",196
"ENSRNOG00000002980",298
"ENSRNOG00000003797",165
"ENSRNOG00000007491",2
"ENSRNOG00000058561",8849
"ENSRNOG00000037563",1
"ENSRNOG00000012213",73
"ENSRNOG00000002714",99
"ENSRNOG00000003918",211
"ENSRNOG00000006122",23
"ENSRNOG00000008637",268
"ENSRNOG00000039405",0
"ENSRNOG00000063289",15
"ENSRNOG00000024730",33
"ENSRNOG00000025522",0
"ENSRNOG00000003259",64
"ENSRNOG00000002991",167
"ENSRNOG00000004814",454
"ENSRNOG00000048113",56
"ENSRNOG00000002341",255
"ENSRNOG00000028926",0
"ENSRNOG00000029279",0
"ENSRNOG00000063043",199
"ENSRNOG00000008270",30
"ENSRNOG00000042255",0
"ENSRNOG00000032300",0
"ENSRNOG00000033690",0
"ENSRNOG00000010870",20
"ENSRNOG00000011541",3
"ENSRNOG00000003287",281
"ENSRNOG00000002373",772
"ENSRNOG00000018242",29
"ENSRNOG00000012134",13
"ENSRNOG00000029223",0
"ENSRNOG00000062933",0
"ENSRNOG00000002610",589
"ENSRNOG00000047969",0
"ENSRNOG00000003041",100
"ENSRNOG00000037627",539
"ENSRNOG00000013659",322
"ENSRNOG00000011475",0
"ENSRNOG00000018611",0
"ENSRNOG00000004333",148
"ENSRNOG00000049862",310
"ENSRNOG00000067355",0
"ENSRNOG00000003104",29
"ENSRNOG00000004461",2
"ENSRNOG00000011917",0
"ENSRNOG00000016545",201
"ENSRNOG00000006970",23
"ENSRNOG00000008480",3
"ENSRNOG00000046001",2
"ENSRNOG00000028456",0
"ENSRNOG00000002899",313
"ENSRNOG00000016494",747
"ENSRNOG00000007433",2
"ENSRNOG00000004122",0
"ENSRNOG00000019510",0
"ENSRNOG00000007957",37
"ENSRNOG00000068966",0
"ENSRNOG00000003807",0
"ENSRNOG00000016774",74
"ENSRNOG00000025254",17
"ENSRNOG00000006895",333
"ENSRNOG00000006542",5773
"ENSRNOG00000057058",4
"ENSRNOG00000002615",400
"ENSRNOG00000027914",534
"ENSRNOG00000065011",3
"ENSRNOG00000024972",142
"ENSRNOG00000024635",561
"ENSRNOG00000009427",0
"ENSRNOG00000007483",105
"ENSRNOG00000012083",13
"ENSRNOG00000027087",53
"ENSRNOG00000002364",1
"ENSRNOG00000048231",0
"ENSRNOG00000042736",0
"ENSRNOG00000006661",27
"ENSRNOG00000030628",4278
"ENSRNOG00000015300",297
"ENSRNOG00000036838",0
"ENSRNOG00000048771",0
"ENSRNOG00000049215",103
"ENSRNOG00000015578",4
"ENSRNOG00000057619",17
"ENSRNOG00000067188",0
"ENSRNOG00000002636",2
"ENSRNOG00000055309",407
"ENSRNOG00000052204",238
"ENSRNOG00000050974",0
"ENSRNOG00000070593",0
"ENSRNOG00000027498",16
"ENSRNOG00000029570",383
"ENSRNOG00000018550",193
"ENSRNOG00000023881",0
"ENSRNOG00000036819",1
"ENSRNOG00000024867",96
"ENSRNOG00000020749",111
"ENSRNOG00000021540",17
"ENSRNOG00000002436",3302
"ENSRNOG00000039698",2
"ENSRNOG00000019208",40
"ENSRNOG00000005377",349
"ENSRNOG00000020771",982
"ENSRNOG00000015479",334
"ENSRNOG00000005133",3
"ENSRNOG00000058497",5
"ENSRNOG00000045791",1098
"ENSRNOG00000049929",66
"ENSRNOG00000071032",14
"ENSRNOG00000064673",0
"ENSRNOG00000012866",23
"ENSRNOG00000015749",0
"ENSRNOG00000007573",0
"ENSRNOG00000021962",2227
"ENSRNOG00000013746",498
"ENSRNOG00000007436",73
"ENSRNOG00000036695",493
"ENSRNOG00000028436",1
"ENSRNOG00000053055",0
"ENSRNOG00000005360",119
"ENSRNOG00000002828",715
"ENSRNOG00000067471",130
"ENSRNOG00000002917",0
"ENSRNOG00000065925",0
"ENSRNOG00000011459",347
"ENSRNOG00000003203",243
"ENSRNOG00000002434",0
"ENSRNOG00000039656",1
"ENSRNOG00000052124",3
"ENSRNOG00000024446",0
"ENSRNOG00000066110",3
"ENSRNOG00000005606",967
"ENSRNOG00000014171",6
"ENSRNOG00000030224",4
"ENSRNOG00000047367",40
"ENSRNOG00000033613",14
"ENSRNOG00000024523",1
"ENSRNOG00000005099",170
"ENSRNOG00000009722",804
"ENSRNOG00000063632",80
"ENSRNOG00000033152",8162
"ENSRNOG00000005165",568
"ENSRNOG00000057186",233
"ENSRNOG00000064880",222
"ENSRNOG00000036726",0
"ENSRNOG00000032442",107
"ENSRNOG00000033568",544
"ENSRNOG00000036669",0
"ENSRNOG00000045670",182
"ENSRNOG00000069138",1
"ENSRNOG00000060561",63
"ENSRNOG00000005275",305
"ENSRNOG00000036681",0
"ENSRNOG00000008642",92
"ENSRNOG00000068337",81
"ENSRNOG00000003386",0
"ENSRNOG00000006460",35
"ENSRNOG00000059793",0
"ENSRNOG00000066995",0
"ENSRNOG00000062359",0
"ENSRNOG00000042335",0
"ENSRNOG00000070342",1
"ENSRNOG00000069522",11
"ENSRNOG00000064558",8
"ENSRNOG00000066900",0
"ENSRNOG00000002304",0
"ENSRNOG00000057127",0
"ENSRNOG00000069870",0
"ENSRNOG00000003741",2
"ENSRNOG00000008689",174
"ENSRNOG00000038735",283
"ENSRNOG00000036665",104
"ENSRNOG00000021424",0
"ENSRNOG00000006285",247
"ENSRNOG00000003981",104
"ENSRNOG00000002671",771
"ENSRNOG00000069962",0
"ENSRNOG00000033266",0
"ENSRNOG00000050819",48
"ENSRNOG00000066160",0
"ENSRNOG00000051945",8
"ENSRNOG00000003998",33
"ENSRNOG00000068461",2
"ENSRNOG00000065992",1072
"ENSRNOG00000042352",8
"ENSRNOG00000069592",8
"ENSRNOG00000033101",323
"ENSRNOG00000002693",192
"ENSRNOG00000069121",7
"ENSRNOG00000006306",1
"ENSRNOG00000007235",7
"ENSRNOG00000064520",0
"ENSRNOG00000070316",7
"ENSRNOG00000030726",0
"ENSRNOG00000005580",10
"ENSRNOG00000054605",231
"ENSRNOG00000053285",193
"ENSRNOG00000000246",361
"ENSRNOG00000068789",0
"ENSRNOG00000052934",376
"ENSRNOG00000022983",1
"ENSRNOG00000063787",17
"ENSRNOG00000003123",273
"ENSRNOG00000071138",54
"ENSRNOG00000064047",1
"ENSRNOG00000071112",7
"ENSRNOG00000002915",131
"ENSRNOG00000070671",0
"ENSRNOG00000010665",1
"ENSRNOG00000015419",3
"ENSRNOG00000069887",0
"ENSRNOG00000024455",324
"ENSRNOG00000070404",15
"ENSRNOG00000069160",28
"ENSRNOG00000062812",0
"ENSRNOG00000000245",11
"ENSRNOG00000063680",12
"ENSRNOG00000015430",143
"ENSRNOG00000069213",0
"ENSRNOG00000017858",80
"ENSRNOG00000059401",4
"ENSRNOG00000062837",0
"ENSRNOG00000003835",37
"ENSRNOG00000067362",142
"ENSRNOG00000027271",5308
"ENSRNOG00000069533",159
"ENSRNOG00000002763",658
"ENSRNOG00000067823",250
"ENSRNOG00000064496",4
"ENSRNOG00000051284",0
"ENSRNOG00000053047",365
"ENSRNOG00000065197",0
"ENSRNOG00000067377",0
"ENSRNOG00000071187",0
"ENSRNOG00000037540",59
"ENSRNOG00000067573",1
"ENSRNOG00000019814",0
"ENSRNOG00000003931",64
"ENSRNOG00000063207",70
"ENSRNOG00000017893",1
"ENSRNOG00000070401",0
"ENSRNOG00000067449",33
"ENSRNOG00000070446",0
"ENSRNOG00000048838",208
"ENSRNOG00000003397",173
"ENSRNOG00000065692",0
"ENSRNOG00000067529",0
"ENSRNOG00000067659",16
"ENSRNOG00000064407",0
"ENSRNOG00000065499",0
"ENSRNOG00000006359",177
"ENSRNOG00000067700",287
"ENSRNOG00000067327",0
"ENSRNOG00000008798",0
"ENSRNOG00000002599",1
"ENSRNOG00000028404",3
"ENSRNOG00000021041",64
"ENSRNOG00000070674",0
"ENSRNOG00000052688",1
"ENSRNOG00000062556",0
"ENSRNOG00000065985",1
"ENSRNOG00000018792",0
"ENSRNOG00000066916",0
"ENSRNOG00000065762",0
"ENSRNOG00000003827",2087
"ENSRNOG00000002949",183
"ENSRNOG00000002748",107
"ENSRNOG00000007367",153
"ENSRNOG00000068375",0
"ENSRNOG00000007053",129
"ENSRNOG00000070067",0
"ENSRNOG00000002616",0
"ENSRNOG00000010337",0
"ENSRNOG00000002635",0
"ENSRNOG00000010676",830
"ENSRNOG00000064022",7
"ENSRNOG00000069490",2
"ENSRNOG00000066579",871
"ENSRNOG00000028161",286
"ENSRNOG00000066275",117
"ENSRNOG00000021031",6046
"ENSRNOG00000068899",10
"ENSRNOG00000054891",377
"ENSRNOG00000067983",0
"ENSRNOG00000045888",0
"ENSRNOG00000065805",0
"ENSRNOG00000009823",420
"ENSRNOG00000039350",0
"ENSRNOG00000027924",0
"ENSRNOG00000066738",0
"ENSRNOG00000010839",1
"ENSRNOG00000009870",18
"ENSRNOG00000067002",0
"ENSRNOG00000070572",0
"ENSRNOG00000002724",259
"ENSRNOG00000003280",33
"ENSRNOG00000052620",24510
"ENSRNOG00000067886",1
"ENSRNOG00000068212",0
"ENSRNOG00000019174",12
"ENSRNOG00000003028",6
"ENSRNOG00000056582",1
"ENSRNOG00000009902",5
"ENSRNOG00000002388",215
"ENSRNOG00000062101",0
"ENSRNOG00000002652",11
"ENSRNOG00000023639",134
"ENSRNOG00000063443",0
"ENSRNOG00000037204",50
"ENSRNOG00000024578",16
"ENSRNOG00000002718",0
"ENSRNOG00000014711",0
"ENSRNOG00000068639",1
"ENSRNOG00000014135",1
"ENSRNOG00000004604",573
"ENSRNOG00000068436",1
"ENSRNOG00000070927",0
"ENSRNOG00000070910",0
"ENSRNOG00000003232",605
"ENSRNOG00000005081",222
"ENSRNOG00000053789",0
"ENSRNOG00000070177",0
"ENSRNOG00000070117",0
"ENSRNOG00000003424",220
"ENSRNOG00000006255",55
"ENSRNOG00000009979",0
"ENSRNOG00000007467",0
"ENSRNOG00000068523",10
"ENSRNOG00000063337",1
"ENSRNOG00000003264",184
"ENSRNOG00000065581",24
"ENSRNOG00000043102",331
"ENSRNOG00000066219",1
"ENSRNOG00000018701",0
"ENSRNOG00000002963",1
"ENSRNOG00000063730",0
"ENSRNOG00000061484",746
"ENSRNOG00000065826",0
"ENSRNOG00000064660",8
"ENSRNOG00000009252",524
"ENSRNOG00000002886",6085
"ENSRNOG00000066323",16
"ENSRNOG00000025669",254
"ENSRNOG00000045615",3
"ENSRNOG00000067479",0
"ENSRNOG00000064200",1261
"ENSRNOG00000007243",0
"ENSRNOG00000008078",0
"ENSRNOG00000008525",2
"ENSRNOG00000052564",2
"ENSRNOG00000070190",0
"ENSRNOG00000067610",0
"ENSRNOG00000009069",1502
"ENSRNOG00000070896",0
"ENSRNOG00000065424",193
"ENSRNOG00000068140",984
"ENSRNOG00000003603",1199
"ENSRNOG00000007606",19
"ENSRNOG00000062540",20
"ENSRNOG00000002722",1161
"ENSRNOG00000011628",0
"ENSRNOG00000042980",1679
"ENSRNOG00000025815",457
"ENSRNOG00000022239",0
"ENSRNOG00000009370",6
"ENSRNOG00000033893",0
"ENSRNOG00000037275",12
"ENSRNOG00000003464",361
"ENSRNOG00000009350",4
"ENSRNOG00000046216",0
"ENSRNOG00000002462",112
"ENSRNOG00000003207",0
"ENSRNOG00000067169",0
"ENSRNOG00000023095",1365
"ENSRNOG00000007722",331
"ENSRNOG00000018834",0
"ENSRNOG00000002607",356
"ENSRNOG00000002823",1189
"ENSRNOG00000007496",616
"ENSRNOG00000063511",4
"ENSRNOG00000020029",36
"ENSRNOG00000003821",488
"ENSRNOG00000003266",0
"ENSRNOG00000007788",63
"ENSRNOG00000060550",707
"ENSRNOG00000058976",0
"ENSRNOG00000009567",333
"ENSRNOG00000007971",2294
"ENSRNOG00000003275",0
"ENSRNOG00000055236",0
"ENSRNOG00000039339",22
"ENSRNOG00000030537",80
"ENSRNOG00000037238",26
"ENSRNOG00000056793",1
"ENSRNOG00000003288",0
"ENSRNOG00000020874",0
"ENSRNOG00000033169",881
"ENSRNOG00000003626",1080
"ENSRNOG00000065740",69
"ENSRNOG00000008215",196
"ENSRNOG00000009275",2166
"ENSRNOG00000019445",42
"ENSRNOG00000023764",231
"ENSRNOG00000008178",415
"ENSRNOG00000052940",0
"ENSRNOG00000002511",7
"ENSRNOG00000058068",12
"ENSRNOG00000027350",4
"ENSRNOG00000011155",1459
"ENSRNOG00000018841",0
"ENSRNOG00000011182",0
"ENSRNOG00000020212",0
"ENSRNOG00000003967",866
"ENSRNOG00000014623",2334
"ENSRNOG00000003990",861
"ENSRNOG00000036673",0
"ENSRNOG00000000230",241
"ENSRNOG00000006860",0
"ENSRNOG00000069007",0
"ENSRNOG00000004063",820
"ENSRNOG00000009643",539
"ENSRNOG00000014285",133
"ENSRNOG00000036682",407
"ENSRNOG00000018466",0
"ENSRNOG00000043293",0
"ENSRNOG00000024145",77
"ENSRNOG00000045683",4502
"ENSRNOG00000003284",2
"ENSRNOG00000059563",0
"ENSRNOG00000020239",138
"ENSRNOG00000011366",915
"ENSRNOG00000047907",444
"ENSRNOG00000033143",19646
"ENSRNOG00000021380",0
"ENSRNOG00000046330",24
"ENSRNOG00000049695",642
"ENSRNOG00000028521",460
"ENSRNOG00000066310",2
"ENSRNOG00000004288",111
"ENSRNOG00000027606",33
"ENSRNOG00000000251",1
"ENSRNOG00000010540",339
"ENSRNOG00000032492",1777
"ENSRNOG00000069361",4
"ENSRNOG00000067554",279
"ENSRNOG00000014496",59
"ENSRNOG00000004602",1267
"ENSRNOG00000069024",2276
"ENSRNOG00000003367",6
"ENSRNOG00000032780",245
"ENSRNOG00000003668",0
"ENSRNOG00000020626",54
"ENSRNOG00000062912",0
"ENSRNOG00000036698",1370
"ENSRNOG00000002810",0
"ENSRNOG00000020753",139
"ENSRNOG00000022071",2
"ENSRNOG00000014742",202
"ENSRNOG00000021615",69
"ENSRNOG00000027196",0
"ENSRNOG00000031213",170
"ENSRNOG00000003244",4
"ENSRNOG00000003669",2333
"ENSRNOG00000009473",89
"ENSRNOG00000004139",770
"ENSRNOG00000021578",26
"ENSRNOG00000048389",256
"ENSRNOG00000004291",8478
"ENSRNOG00000061270",785
"ENSRNOG00000003268",892
"ENSRNOG00000020067",120
"ENSRNOG00000002793",1
"ENSRNOG00000010635",409
"ENSRNOG00000003239",242
"ENSRNOG00000003343",4535
"ENSRNOG00000005659",180
"ENSRNOG00000020488",174
"ENSRNOG00000046076",0
"ENSRNOG00000020630",1
"ENSRNOG00000022244",0
"ENSRNOG00000065974",144
"ENSRNOG00000003068",54
"ENSRNOG00000003217",1343
"ENSRNOG00000023428",0
"ENSRNOG00000002795",660
"ENSRNOG00000036680",0
"ENSRNOG00000009681",666
"ENSRNOG00000003785",6
"ENSRNOG00000003147",2296
"ENSRNOG00000020140",604
"ENSRNOG00000003905",467
"ENSRNOG00000029886",0
"ENSRNOG00000004598",56
"ENSRNOG00000068010",5
"ENSRNOG00000036894",360
"ENSRNOG00000002851",507
"ENSRNOG00000067144",0
"ENSRNOG00000049062",210
"ENSRNOG00000067173",1
"ENSRNOG00000029205",90
"ENSRNOG00000020747",1
"ENSRNOG00000019930",95
"ENSRNOG00000030517",12
"ENSRNOG00000070249",0
"ENSRNOG00000002903",2122
"ENSRNOG00000002644",137
"ENSRNOG00000000233",0
"ENSRNOG00000047321",0
"ENSRNOG00000014070",2
"ENSRNOG00000004834",104
"ENSRNOG00000028114",0
"ENSRNOG00000022615",204
"ENSRNOG00000024780",69
"ENSRNOG00000020006",25
"ENSRNOG00000020717",138
"ENSRNOG00000012705",574
"ENSRNOG00000068780",0
"ENSRNOG00000003235",649
"ENSRNOG00000018693",0
"ENSRNOG00000015002",11
"ENSRNOG00000003033",276
"ENSRNOG00000004137",387
"ENSRNOG00000004225",0
"ENSRNOG00000015692",562
"ENSRNOG00000003834",374
"ENSRNOG00000020374",85
"ENSRNOG00000004142",0
"ENSRNOG00000003108",98
"ENSRNOG00000029678",20
"ENSRNOG00000006000",701
"ENSRNOG00000021287",27
"ENSRNOG00000003144",408
"ENSRNOG00000042720",239
"ENSRNOG00000049758",66
"ENSRNOG00000015975",71
"ENSRNOG00000004217",423
"ENSRNOG00000003671",0
"ENSRNOG00000056954",1148
"ENSRNOG00000060193",0
"ENSRNOG00000049988",265
"ENSRNOG00000054498",3
"ENSRNOG00000002922",7
"ENSRNOG00000030750",34
"ENSRNOG00000020541",203
"ENSRNOG00000025143",2
"ENSRNOG00000043381",62
"ENSRNOG00000028430",0
"ENSRNOG00000002970",33
"ENSRNOG00000015669",55
"ENSRNOG00000029930",0
"ENSRNOG00000068382",0
"ENSRNOG00000030344",0
"ENSRNOG00000043507",0
"ENSRNOG00000020571",52
"ENSRNOG00000024711",119
"ENSRNOG00000015057",0
"ENSRNOG00000002977",156
"ENSRNOG00000020536",0
"ENSRNOG00000042445",1
"ENSRNOG00000019268",324
"ENSRNOG00000005365",6
"ENSRNOG00000003050",714
"ENSRNOG00000032768",86
"ENSRNOG00000020644",3
"ENSRNOG00000012818",497
"ENSRNOG00000011907",0
"ENSRNOG00000019551",117
"ENSRNOG00000028699",69
"ENSRNOG00000028812",0
"ENSRNOG00000027852",0
"ENSRNOG00000031422",0
"ENSRNOG00000005107",109
"ENSRNOG00000064091",0
"ENSRNOG00000003491",447
"ENSRNOG00000002486",0
"ENSRNOG00000034087",0
"ENSRNOG00000028834",3103
"ENSRNOG00000009896",271
"ENSRNOG00000052096",85
"ENSRNOG00000063155",0
"ENSRNOG00000049642",2
"ENSRNOG00000003661",2975
"ENSRNOG00000013896",0
"ENSRNOG00000007988",215
"ENSRNOG00000026508",0
"ENSRNOG00000069386",0
"ENSRNOG00000020594",988
"ENSRNOG00000065101",0
"ENSRNOG00000014519",11
"ENSRNOG00000005482",356
"ENSRNOG00000031525",194
"ENSRNOG00000012657",0
"ENSRNOG00000002474",45
"ENSRNOG00000023476",0
"ENSRNOG00000068861",0
"ENSRNOG00000068424",0
"ENSRNOG00000014689",603
"ENSRNOG00000005465",180
"ENSRNOG00000042691",159
"ENSRNOG00000066540",0
"ENSRNOG00000065244",0
"ENSRNOG00000012973",0
"ENSRNOG00000045669",2
"ENSRNOG00000003650",105
"ENSRNOG00000065399",0
"ENSRNOG00000005042",109
"ENSRNOG00000065268",0
"ENSRNOG00000014698",53
"ENSRNOG00000036688",6060
"ENSRNOG00000068465",0
"ENSRNOG00000032152",568
"ENSRNOG00000026803",0
"ENSRNOG00000004049",235
"ENSRNOG00000004510",1132
"ENSRNOG00000008065",324
"ENSRNOG00000067675",0
"ENSRNOG00000066975",0
"ENSRNOG00000056837",646
"ENSRNOG00000055246",3190
"ENSRNOG00000009351",545
"ENSRNOG00000032417",43
"ENSRNOG00000067840",0
"ENSRNOG00000003536",196
"ENSRNOG00000066770",2
"ENSRNOG00000068575",1
"ENSRNOG00000004392",1
"ENSRNOG00000019604",163
"ENSRNOG00000063756",0
"ENSRNOG00000063867",0
"ENSRNOG00000061733",54
"ENSRNOG00000067153",0
"ENSRNOG00000002818",615
"ENSRNOG00000036660",130
"ENSRNOG00000067043",0
"ENSRNOG00000003508",2870
"ENSRNOG00000045889",0
"ENSRNOG00000036678",154
"ENSRNOG00000062768",0
"ENSRNOG00000006557",7
"ENSRNOG00000071118",0
"ENSRNOG00000002918",0
"ENSRNOG00000070201",396
"ENSRNOG00000063936",34
"ENSRNOG00000050547",1162
"ENSRNOG00000002905",0
"ENSRNOG00000019522",122
"ENSRNOG00000005620",7
"ENSRNOG00000000237",116
"ENSRNOG00000013728",53
"ENSRNOG00000003070",89
"ENSRNOG00000003330",240
"ENSRNOG00000036687",177
"ENSRNOG00000019612",18
"ENSRNOG00000019074",0
"ENSRNOG00000047314",244
"ENSRNOG00000007943",1
"ENSRNOG00000057490",0
"ENSRNOG00000009716",316
"ENSRNOG00000036686",527
"ENSRNOG00000059827",1
"ENSRNOG00000000250",176
"ENSRNOG00000009566",979
"ENSRNOG00000065571",0
"ENSRNOG00000052115",0
"ENSRNOG00000068310",0
"ENSRNOG00000022331",1
"ENSRNOG00000002331",49
"ENSRNOG00000000239",26
"ENSRNOG00000057120",0
"ENSRNOG00000033559",2
"ENSRNOG00000066039",0
"ENSRNOG00000050205",9
"ENSRNOG00000055390",2
"ENSRNOG00000066549",127
"ENSRNOG00000007335",0
"ENSRNOG00000028103",1250
"ENSRNOG00000057077",0
"ENSRNOG00000019308",17
"ENSRNOG00000003005",0
"ENSRNOG00000070608",0
"ENSRNOG00000019684",58
"ENSRNOG00000004214",622
"ENSRNOG00000027871",70
"ENSRNOG00000057538",0
"ENSRNOG00000062399",0
"ENSRNOG00000063001",0
"ENSRNOG00000066417",0
"ENSRNOG00000007931",1
"ENSRNOG00000069492",144
"ENSRNOG00000053353",3
"ENSRNOG00000011196",0
"ENSRNOG00000019692",22
"ENSRNOG00000066319",0
"ENSRNOG00000067236",0
"ENSRNOG00000003971",0
"ENSRNOG00000045636",2613
"ENSRNOG00000007869",0
"ENSRNOG00000069081",0
"ENSRNOG00000027849",160
"ENSRNOG00000029768",0
"ENSRNOG00000062670",0
"ENSRNOG00000030680",4138
"ENSRNOG00000066058",0
"ENSRNOG00000060666",0
"ENSRNOG00000022248",19
"ENSRNOG00000067059",0
"ENSRNOG00000006549",0
"ENSRNOG00000012929",1348
"ENSRNOG00000069600",1
"ENSRNOG00000055125",0
"ENSRNOG00000058960",0
"ENSRNOG00000003992",1
"ENSRNOG00000060944",0
"ENSRNOG00000065856",0
"ENSRNOG00000011846",0
"ENSRNOG00000006148",2439
"ENSRNOG00000036683",54
"ENSRNOG00000069565",0
"ENSRNOG00000021316",2390
"ENSRNOG00000062714",404
"ENSRNOG00000060061",0
"ENSRNOG00000010291",136
"ENSRNOG00000003897",209040
"ENSRNOG00000061486",0
"ENSRNOG00000045926",0
"ENSRNOG00000018247",6
"ENSRNOG00000035503",0
"ENSRNOG00000007255",7
"ENSRNOG00000004956",84
"ENSRNOG00000032825",11291
"ENSRNOG00000063769",0
"ENSRNOG00000043295",451
"ENSRNOG00000051159",1
"ENSRNOG00000035459",0
"ENSRNOG00000063310",0
"ENSRNOG00000036697",724
"ENSRNOG00000035466",0
"ENSRNOG00000005821",1
"ENSRNOG00000010244",34
"ENSRNOG00000035476",0
"ENSRNOG00000004395",1126
"ENSRNOG00000014209",308
"ENSRNOG00000035633",0
"ENSRNOG00000068707",0
"ENSRNOG00000027787",42
"ENSRNOG00000032902",4794
"ENSRNOG00000036693",210
"ENSRNOG00000068960",0
"ENSRNOG00000056356",0
"ENSRNOG00000064065",0
"ENSRNOG00000005389",511
"ENSRNOG00000035535",0
"ENSRNOG00000014354",115
"ENSRNOG00000038478",8
"ENSRNOG00000020729",126
"ENSRNOG00000046587",0
"ENSRNOG00000011060",366
"ENSRNOG00000049361",6
"ENSRNOG00000035481",0
"ENSRNOG00000055773",0
"ENSRNOG00000004518",28
"ENSRNOG00000047135",0
"ENSRNOG00000036701",12577
"ENSRNOG00000035658",0
"ENSRNOG00000069128",0
"ENSRNOG00000064064",0
"ENSRNOG00000005024",247
"ENSRNOG00000008711",496
"ENSRNOG00000035516",0
"ENSRNOG00000042869",418
"ENSRNOG00000035519",0
"ENSRNOG00000067979",2329
"ENSRNOG00000003243",324
"ENSRNOG00000003304",0
"ENSRNOG00000035480",25
"ENSRNOG00000070990",0
"ENSRNOG00000049542",0
"ENSRNOG00000036700",3
"ENSRNOG00000007301",0
"ENSRNOG00000003633",0
"ENSRNOG00000047814",0
"ENSRNOG00000003476",7
"ENSRNOG00000036672",1
"ENSRNOG00000064663",0
"ENSRNOG00000035537",0
"ENSRNOG00000003683",0
"ENSRNOG00000069468",0
"ENSRNOG00000011452",57
"ENSRNOG00000035539",0
"ENSRNOG00000017473",3
"ENSRNOG00000070746",0
"ENSRNOG00000004741",10819
"ENSRNOG00000043969",0
"ENSRNOG00000000244",62
"ENSRNOG00000069932",11
"ENSRNOG00000024591",12
"ENSRNOG00000065444",0
"ENSRNOG00000001512",0
"ENSRNOG00000049077",0
"ENSRNOG00000020769",285
"ENSRNOG00000050512",0
"ENSRNOG00000065345",567
"ENSRNOG00000036692",30
"ENSRNOG00000033508",498
"ENSRNOG00000033492",0
"ENSRNOG00000035655",0
"ENSRNOG00000006375",543
"ENSRNOG00000071127",0
"ENSRNOG00000035586",0
"ENSRNOG00000050657",157
"ENSRNOG00000036258",0
"ENSRNOG00000036699",69
"ENSRNOG00000026714",0
"ENSRNOG00000004805",0
"ENSRNOG00000047763",0
"ENSRNOG00000009972",788
"ENSRNOG00000002935",1431
"ENSRNOG00000026695",0
"ENSRNOG00000050490",37
"ENSRNOG00000035620",123
"ENSRNOG00000070328",66
"ENSRNOG00000067605",0
"ENSRNOG00000069117",149
"ENSRNOG00000002831",22
"ENSRNOG00000004616",2856
"ENSRNOG00000066919",18
"ENSRNOG00000047296",1306
"ENSRNOG00000008635",51
"ENSRNOG00000046598",17
"ENSRNOG00000027212",0
"ENSRNOG00000006500",58
"ENSRNOG00000003634",107
"ENSRNOG00000065739",365
"ENSRNOG00000023375",748
"ENSRNOG00000003210",0
"ENSRNOG00000035638",0
"ENSRNOG00000068691",3
"ENSRNOG00000008707",1
"ENSRNOG00000050007",0
"ENSRNOG00000003338",1627
"ENSRNOG00000070061",0
"ENSRNOG00000035510",0
"ENSRNOG00000036661",10
"ENSRNOG00000035647",0
"ENSRNOG00000037712",1
"ENSRNOG00000035465",0
"ENSRNOG00000003269",762
"ENSRNOG00000020792",80
"ENSRNOG00000046282",3
"ENSRNOG00000064074",7
"ENSRNOG00000036260",0
"ENSRNOG00000026548",0
"ENSRNOG00000047717",0
"ENSRNOG00000061193",1
"ENSRNOG00000002338",81
"ENSRNOG00000016596",2382
"ENSRNOG00000010031",1
"ENSRNOG00000005975",4
"ENSRNOG00000004093",788
"ENSRNOG00000006519",312
"ENSRNOG00000064962",0
"ENSRNOG00000064206",0
"ENSRNOG00000006513",74
"ENSRNOG00000068272",0
"ENSRNOG00000007292",35
"ENSRNOG00000002807",3422
"ENSRNOG00000031315",1581
"ENSRNOG00000007159",96
"ENSRNOG00000006868",990
"ENSRNOG00000002626",0
"ENSRNOG00000004075",0
"ENSRNOG00000006943",38
"ENSRNOG00000067946",0
"ENSRNOG00000019713",244
"ENSRNOG00000027006",295
"ENSRNOG00000066270",0
"ENSRNOG00000005828",2009
"ENSRNOG00000066312",0
"ENSRNOG00000068958",0
"ENSRNOG00000066700",0
"ENSRNOG00000019729",725
"ENSRNOG00000036668",93
"ENSRNOG00000017781",534
"ENSRNOG00000065934",0
"ENSRNOG00000003117",343
"ENSRNOG00000019798",245
"ENSRNOG00000005569",9
"ENSRNOG00000019898",0
"ENSRNOG00000062967",0
"ENSRNOG00000036667",65
"ENSRNOG00000005872",81
"ENSRNOG00000070741",0
"ENSRNOG00000019921",2
"ENSRNOG00000010302",42
"ENSRNOG00000024233",0
"ENSRNOG00000048660",77
"ENSRNOG00000005575",0
"ENSRNOG00000068508",0
"ENSRNOG00000008891",410
"ENSRNOG00000064827",0
"ENSRNOG00000015329",352
"ENSRNOG00000051302",0
"ENSRNOG00000022232",0
"ENSRNOG00000036666",337
"ENSRNOG00000070911",0
"ENSRNOG00000037613",525
"ENSRNOG00000061008",2
"ENSRNOG00000008704",513
"ENSRNOG00000067583",0
"ENSRNOG00000002835",201
"ENSRNOG00000003245",0
"ENSRNOG00000003399",1076
"ENSRNOG00000067961",0
"ENSRNOG00000018095",341
"ENSRNOG00000061979",2
"ENSRNOG00000022582",125
"ENSRNOG00000008405",28
"ENSRNOG00000036658",369
"ENSRNOG00000034180",3021
"ENSRNOG00000006932",0
"ENSRNOG00000025370",2
"ENSRNOG00000068278",0
"ENSRNOG00000003969",1
"ENSRNOG00000050113",3
"ENSRNOG00000029115",4
"ENSRNOG00000005515",89
"ENSRNOG00000070367",0
"ENSRNOG00000019778",423
"ENSRNOG00000068243",17
"ENSRNOG00000016109",276
"ENSRNOG00000023182",183
"ENSRNOG00000030170",91
"ENSRNOG00000017001",242
"ENSRNOG00000030217",0
"ENSRNOG00000004563",3435
"ENSRNOG00000046482",0
"ENSRNOG00000037114",0
"ENSRNOG00000023381",15
"ENSRNOG00000062983",1
"ENSRNOG00000018364",513
"ENSRNOG00000062464",0
"ENSRNOG00000067083",310
"ENSRNOG00000003800",1
"ENSRNOG00000031560",369
"ENSRNOG00000068230",0
"ENSRNOG00000020837",0
"ENSRNOG00000049724",81
"ENSRNOG00000006796",52
"ENSRNOG00000004820",703
"ENSRNOG00000029479",0
"ENSRNOG00000027511",56
"ENSRNOG00000021731",19
"ENSRNOG00000069860",0
"ENSRNOG00000016360",344
"ENSRNOG00000007578",107
"ENSRNOG00000020701",93
"ENSRNOG00000042912",21
"ENSRNOG00000023683",3
"ENSRNOG00000009066",447
"ENSRNOG00000034060",0
"ENSRNOG00000007462",4029
"ENSRNOG00000036921",143
"ENSRNOG00000016478",839
"ENSRNOG00000031579",3291
"ENSRNOG00000012240",1836
"ENSRNOG00000030491",1
"ENSRNOG00000056057",1
"ENSRNOG00000022375",16
"ENSRNOG00000036659",0
"ENSRNOG00000048187",25
"ENSRNOG00000017117",4
"ENSRNOG00000051691",0
"ENSRNOG00000067101",0
"ENSRNOG00000024041",0
"ENSRNOG00000020730",1640
"ENSRNOG00000042473",0
"ENSRNOG00000009329",445
"ENSRNOG00000045678",0
"ENSRNOG00000006565",0
"ENSRNOG00000049383",0
"ENSRNOG00000004430",31
"ENSRNOG00000060205",0
"ENSRNOG00000012544",1
"ENSRNOG00000017226",42
"ENSRNOG00000054186",6
"ENSRNOG00000012955",0
"ENSRNOG00000063373",90
"ENSRNOG00000052388",0
"ENSRNOG00000004132",3720
"ENSRNOG00000053283",0
"ENSRNOG00000007431",175
"ENSRNOG00000063772",0
"ENSRNOG00000006293",0
"ENSRNOG00000065269",0
"ENSRNOG00000036882",0
"ENSRNOG00000060847",0
"ENSRNOG00000022395",613
"ENSRNOG00000003777",6
"ENSRNOG00000005392",0
"ENSRNOG00000061130",0
"ENSRNOG00000058172",0
"ENSRNOG00000027341",1
"ENSRNOG00000042847",2
"ENSRNOG00000034110",0
"ENSRNOG00000027139",0
"ENSRNOG00000064993",0
"ENSRNOG00000033065",310
"ENSRNOG00000042701",0
"ENSRNOG00000025959",1
"ENSRNOG00000002425",4
"ENSRNOG00000036662",602
"ENSRNOG00000021536",5
"ENSRNOG00000014870",2
"ENSRNOG00000032329",0
"ENSRNOG00000036691",639
"ENSRNOG00000066223",11
"ENSRNOG00000003256",2475
"ENSRNOG00000036690",2
"ENSRNOG00000020894",2148
"ENSRNOG00000047026",0
"ENSRNOG00000004976",0
"ENSRNOG00000007624",1
"ENSRNOG00000062373",31
"ENSRNOG00000025338",418
"ENSRNOG00000007652",0
"ENSRNOG00000007739",710
"ENSRNOG00000003349",0
"ENSRNOG00000066543",3
"ENSRNOG00000019183",0
"ENSRNOG00000007419",2411
"ENSRNOG00000071073",1
"ENSRNOG00000022555",8
"ENSRNOG00000036689",11036
"ENSRNOG00000012121",361
"ENSRNOG00000023551",9
"ENSRNOG00000070553",2
"ENSRNOG00000003714",109
"ENSRNOG00000036798",1036
"ENSRNOG00000059894",91
"ENSRNOG00000046493",160
"ENSRNOG00000048125",0
"ENSRNOG00000011887",1881
"ENSRNOG00000053469",87
"ENSRNOG00000068705",0
"ENSRNOG00000014973",10
"ENSRNOG00000049162",11
"ENSRNOG00000011986",0
"ENSRNOG00000004278",0
"ENSRNOG00000052219",4151
"ENSRNOG00000046086",3
"ENSRNOG00000036796",0
"ENSRNOG00000066153",0
"ENSRNOG00000026786",0
"ENSRNOG00000013754",0
"ENSRNOG00000018829",2623
"ENSRNOG00000031805",0
"ENSRNOG00000003241",0
"ENSRNOG00000047656",3776
"ENSRNOG00000011777",63
"ENSRNOG00000047517",19
"ENSRNOG00000047933",130
"ENSRNOG00000020751",27
"ENSRNOG00000003781",0
"ENSRNOG00000010520",143
"ENSRNOG00000048712",151
"ENSRNOG00000049235",281
"ENSRNOG00000027037",2
"ENSRNOG00000021851",0
"ENSRNOG00000006494",26
"ENSRNOG00000007377",1086
"ENSRNOG00000007455",1
"ENSRNOG00000036696",1404
"ENSRNOG00000003645",1071
"ENSRNOG00000002948",182
"ENSRNOG00000003865",0
"ENSRNOG00000010756",2443
"ENSRNOG00000003802",112
"ENSRNOG00000063470",682
"ENSRNOG00000053448",4617
"ENSRNOG00000057443",3
"ENSRNOG00000047396",85
"ENSRNOG00000003822",276
"ENSRNOG00000036670",0
"ENSRNOG00000046946",0
"ENSRNOG00000050794",114
"ENSRNOG00000026596",0
"ENSRNOG00000003177",462
"ENSRNOG00000021310",0
"ENSRNOG00000018715",0
"ENSRNOG00000047531",135
"ENSRNOG00000008432",70
"ENSRNOG00000003870",330
"ENSRNOG00000018785",19
"ENSRNOG00000060087",117
"ENSRNOG00000069239",21
"ENSRNOG00000066879",0
"ENSRNOG00000036677",12
"ENSRNOG00000067425",10
"ENSRNOG00000070056",0
"ENSRNOG00000003893",6
"ENSRNOG00000046195",0
"ENSRNOG00000018748",11
"ENSRNOG00000036676",1036
"ENSRNOG00000003902",0
"ENSRNOG00000020238",92
"ENSRNOG00000003569",0
"ENSRNOG00000008144",166
"ENSRNOG00000037097",0
"ENSRNOG00000059956",0
"ENSRNOG00000003512",2
"ENSRNOG00000037100",4
"ENSRNOG00000046202",41
"ENSRNOG00000010970",1
"ENSRNOG00000003980",385
"ENSRNOG00000055466",627
"ENSRNOG00000013588",4
"ENSRNOG00000021903",63
"ENSRNOG00000062661",10
"ENSRNOG00000020951",1
"ENSRNOG00000003086",86
"ENSRNOG00000003680",0
"ENSRNOG00000036674",0
"ENSRNOG00000006994",0
"ENSRNOG00000036664",179
"ENSRNOG00000004000",52
"ENSRNOG00000004380",0
"ENSRNOG00000004477",628
"ENSRNOG00000012557",0
"ENSRNOG00000060914",346
"ENSRNOG00000036684",151
"ENSRNOG00000005539",167
"ENSRNOG00000004404",1
"ENSRNOG00000005538",1586
"ENSRNOG00000005450",285
"ENSRNOG00000043422",0
"ENSRNOG00000003899",8
"ENSRNOG00000006098",0
"ENSRNOG00000021345",0
"ENSRNOG00000067141",47
"ENSRNOG00000007515",157
"ENSRNOG00000003276",4426
"ENSRNOG00000064511",2
"ENSRNOG00000028845",795
"ENSRNOG00000029658",623
"ENSRNOG00000042265",0
"ENSRNOG00000059683",249
"ENSRNOG00000002372",5
"ENSRNOG00000014370",0
"ENSRNOG00000013780",655
"ENSRNOG00000020770",46
"ENSRNOG00000003524",2929
"ENSRNOG00000067540",0
"ENSRNOG00000003936",178
"ENSRNOG00000026371",0
"ENSRNOG00000070607",0
"ENSRNOG00000012575",0
"ENSRNOG00000038894",0
"ENSRNOG00000062939",0
"ENSRNOG00000048747",124
"ENSRNOG00000031443",0
"ENSRNOG00000027803",0
"ENSRNOG00000019496",155
"ENSRNOG00000006965",3263
"ENSRNOG00000005406",842
"ENSRNOG00000024420",17
"ENSRNOG00000002470",29
"ENSRNOG00000007218",0
"ENSRNOG00000068579",0
"ENSRNOG00000045961",19
"ENSRNOG00000031138",153
"ENSRNOG00000020772",484
"ENSRNOG00000014107",0
"ENSRNOG00000032396",0
"ENSRNOG00000021425",0
"ENSRNOG00000004276",1884
"ENSRNOG00000014125",3
"ENSRNOG00000065527",0
"ENSRNOG00000003699",51
"ENSRNOG00000022764",11
"ENSRNOG00000051084",0
"ENSRNOG00000070227",0
"ENSRNOG00000066744",0
"ENSRNOG00000002469",52
"ENSRNOG00000067505",0
"ENSRNOG00000065844",18
"ENSRNOG00000019742",4356
"ENSRNOG00000046186",39
"ENSRNOG00000004014",103
"ENSRNOG00000065754",0
"ENSRNOG00000010906",2
"ENSRNOG00000064581",0
"ENSRNOG00000058308",2
"ENSRNOG00000048210",0
"ENSRNOG00000036663",1431
"ENSRNOG00000068423",0
"ENSRNOG00000067203",1
"ENSRNOG00000046377",0
"ENSRNOG00000068274",553
"ENSRNOG00000069777",0
"ENSRNOG00000069499",0
"ENSRNOG00000000236",2982
"ENSRNOG00000003724",137
"ENSRNOG00000020658",112
"ENSRNOG00000036671",0
"ENSRNOG00000028548",4
"ENSRNOG00000051756",216
"ENSRNOG00000050298",228
"ENSRNOG00000050347",159
"ENSRNOG00000064665",0
"ENSRNOG00000002778",102
"ENSRNOG00000023768",202
"ENSRNOG00000069495",0
"ENSRNOG00000020674",3133
"ENSRNOG00000063667",0
"ENSRNOG00000030021",0
"ENSRNOG00000046698",952
"ENSRNOG00000068826",1971
"ENSRNOG00000022536",0
"ENSRNOG00000020678",79
"ENSRNOG00000011205",0
"ENSRNOG00000065390",1
"ENSRNOG00000047905",137
"ENSRNOG00000020684",3118
"ENSRNOG00000011406",0
"ENSRNOG00000020698",41
"ENSRNOG00000009709",2
"ENSRNOG00000036814",818
"ENSRNOG00000065745",85
"ENSRNOG00000070851",7
"ENSRNOG00000037148",0
"ENSRNOG00000021044",805
"ENSRNOG00000021412",288
"ENSRNOG00000033765",3688
"ENSRNOG00000014740",0
"ENSRNOG00000063847",84
"ENSRNOG00000014819",7
"ENSRNOG00000037113",93
"ENSRNOG00000003198",0
"ENSRNOG00000015380",3721
"ENSRNOG00000002916",0
"ENSRNOG00000065385",0
"ENSRNOG00000015787",713
"ENSRNOG00000048053",4
"ENSRNOG00000057092",5
"ENSRNOG00000063541",0
"ENSRNOG00000015941",2926
"ENSRNOG00000030091",255
"ENSRNOG00000018568",2082
"ENSRNOG00000008191",30
"ENSRNOG00000032135",0
"ENSRNOG00000008313",49
"ENSRNOG00000021357",10
"ENSRNOG00000018790",0
"ENSRNOG00000021815",671
"ENSRNOG00000016475",297
"ENSRNOG00000008365",72
"ENSRNOG00000008506",0
"ENSRNOG00000027901",91
"ENSRNOG00000016749",2
"ENSRNOG00000018892",0
"ENSRNOG00000018906",17
"ENSRNOG00000016921",260
"ENSRNOG00000007596",252
"ENSRNOG00000019075",447
"ENSRNOG00000056248",2050
"ENSRNOG00000029668",2
"ENSRNOG00000002497",0
"ENSRNOG00000066869",0
"ENSRNOG00000003285",14
"ENSRNOG00000027860",182
"ENSRNOG00000016924",1065
"ENSRNOG00000002598",4
"ENSRNOG00000027857",68
"ENSRNOG00000020879",0
"ENSRNOG00000002852",160
"ENSRNOG00000054581",121
"ENSRNOG00000063476",26
"ENSRNOG00000002753",0
"ENSRNOG00000021719",269
"ENSRNOG00000049757",0
"ENSRNOG00000042025",0
"ENSRNOG00000047940",164
"ENSRNOG00000057390",0
"ENSRNOG00000053230",354
"ENSRNOG00000070672",0
"ENSRNOG00000002919",1
"ENSRNOG00000004549",518
"ENSRNOG00000036794",0
"ENSRNOG00000005447",607
"ENSRNOG00000042833",49
"ENSRNOG00000066876",24
"ENSRNOG00000030445",308
"ENSRNOG00000003679",1744
"ENSRNOG00000057880",169
"ENSRNOG00000017496",344
"ENSRNOG00000047546",0
"ENSRNOG00000003501",0
"ENSRNOG00000059997",46
"ENSRNOG00000068963",14
"ENSRNOG00000032381",425
"ENSRNOG00000008264",6
"ENSRNOG00000019830",11
"ENSRNOG00000008287",98
"ENSRNOG00000058007",616
"ENSRNOG00000019918",147
"ENSRNOG00000003576",265
"ENSRNOG00000027654",855
"ENSRNOG00000003164",1
"ENSRNOG00000019983",563
"ENSRNOG00000006198",69
"ENSRNOG00000067470",105
"ENSRNOG00000003151",489
"ENSRNOG00000025981",33
"ENSRNOG00000053309",75
"ENSRNOG00000028569",1
"ENSRNOG00000023698",17
"ENSRNOG00000020022",58
"ENSRNOG00000002542",590
"ENSRNOG00000020056",617
"ENSRNOG00000020213",234
"ENSRNOG00000030521",0
"ENSRNOG00000022305",638
"ENSRNOG00000007845",500
"ENSRNOG00000003805",503
"ENSRNOG00000003919",450
"ENSRNOG00000008310",0
"ENSRNOG00000003143",0
"ENSRNOG00000003329",103
"ENSRNOG00000009466",1
"ENSRNOG00000064754",1634
"ENSRNOG00000032482",4
"ENSRNOG00000061035",0
"ENSRNOG00000033655",0
"ENSRNOG00000002564",0
"ENSRNOG00000069050",0
"ENSRNOG00000064553",512
"ENSRNOG00000028883",141
"ENSRNOG00000067846",0
"ENSRNOG00000070173",0
"ENSRNOG00000049118",0
"ENSRNOG00000065501",0
"ENSRNOG00000068615",0
"ENSRNOG00000069687",0
"ENSRNOG00000047259",0
"ENSRNOG00000014727",139
"ENSRNOG00000065484",0
"ENSRNOG00000017586",812
"ENSRNOG00000064619",404
"ENSRNOG00000029706",3
"ENSRNOG00000015303",0
"ENSRNOG00000071157",0
"ENSRNOG00000051163",0
"ENSRNOG00000063521",0
"ENSRNOG00000064611",5
"ENSRNOG00000069394",66
"ENSRNOG00000031313",575
"ENSRNOG00000058024",0
"ENSRNOG00000003635",570
"ENSRNOG00000003515",604
"ENSRNOG00000050163",16
"ENSRNOG00000003601",1
"ENSRNOG00000003468",0
"ENSRNOG00000008492",92
"ENSRNOG00000008425",947
"ENSRNOG00000003629",270
"ENSRNOG00000064146",0
"ENSRNOG00000026400",0
"ENSRNOG00000003480",0
"ENSRNOG00000039568",0
"ENSRNOG00000060544",1639
"ENSRNOG00000003625",2125
"ENSRNOG00000056400",0
"ENSRNOG00000008937",8263
"ENSRNOG00000000053",0
"ENSRNOG00000028624",259
"ENSRNOG00000005807",14
"ENSRNOG00000003717",683
"ENSRNOG00000003884",0
"ENSRNOG00000005988",1858
"ENSRNOG00000064255",0
"ENSRNOG00000003723",2104
"ENSRNOG00000051548",2674
"ENSRNOG00000007369",1716
"ENSRNOG00000021586",2
"ENSRNOG00000003453",11
"ENSRNOG00000070301",0
"ENSRNOG00000070079",5
"ENSRNOG00000009144",0
"ENSRNOG00000025069",0
"ENSRNOG00000032490",0
"ENSRNOG00000006330",0
"ENSRNOG00000002414",9
"ENSRNOG00000069109",0
"ENSRNOG00000002595",0
"ENSRNOG00000009086",0
"ENSRNOG00000023209",818
"ENSRNOG00000002319",643
"ENSRNOG00000033734",403
"ENSRNOG00000062700",0
"ENSRNOG00000025701",653
"ENSRNOG00000002841",6182
"ENSRNOG00000008054",13
"ENSRNOG00000006720",620
"ENSRNOG00000007261",208
"ENSRNOG00000004678",0
"ENSRNOG00000059073",1
"ENSRNOG00000007040",328
"ENSRNOG00000003681",0
"ENSRNOG00000006237",1
"ENSRNOG00000022884",0
"ENSRNOG00000009068",866
"ENSRNOG00000004099",2636
"ENSRNOG00000063881",0
"ENSRNOG00000042451",169
"ENSRNOG00000038286",0
"ENSRNOG00000003952",6
"ENSRNOG00000000055",0
"ENSRNOG00000002309",99
"ENSRNOG00000003403",1081
"ENSRNOG00000003223",6027
"ENSRNOG00000002376",1699
"ENSRNOG00000010204",470
"ENSRNOG00000061764",0
"ENSRNOG00000003743",683
"ENSRNOG00000034015",1566
"ENSRNOG00000062538",0
"ENSRNOG00000003211",268
"ENSRNOG00000067763",0
"ENSRNOG00000003614",69
"ENSRNOG00000068754",0
"ENSRNOG00000009073",0
"ENSRNOG00000009177",0
"ENSRNOG00000003979",78
"ENSRNOG00000049477",0
"ENSRNOG00000031934",1860
"ENSRNOG00000009141",0
"ENSRNOG00000004125",5
"ENSRNOG00000032352",0
"ENSRNOG00000003653",623
"ENSRNOG00000008736",36
"ENSRNOG00000004405",0
"ENSRNOG00000008741",1196
"ENSRNOG00000002440",325
"ENSRNOG00000023130",103
"ENSRNOG00000004441",0
"ENSRNOG00000003709",0
"ENSRNOG00000025948",1
"ENSRNOG00000004066",3
"ENSRNOG00000004003",86
"ENSRNOG00000058643",731
"ENSRNOG00000004470",0
"ENSRNOG00000002538",459
"ENSRNOG00000003237",524
"ENSRNOG00000025571",4
"ENSRNOG00000064024",414
"ENSRNOG00000008668",1
"ENSRNOG00000046231",1
"ENSRNOG00000056781",0
"ENSRNOG00000003703",288
"ENSRNOG00000004737",1197
"ENSRNOG00000022387",0
"ENSRNOG00000002322",39
"ENSRNOG00000003866",0
"ENSRNOG00000025731",2514
"ENSRNOG00000004341",12
"ENSRNOG00000030059",0
"ENSRNOG00000002625",238
"ENSRNOG00000004062",2
"ENSRNOG00000066161",0
"ENSRNOG00000069658",0
"ENSRNOG00000026087",0
"ENSRNOG00000067369",49
"ENSRNOG00000025484",76
"ENSRNOG00000003878",0
"ENSRNOG00000003778",0
"ENSRNOG00000070618",0
"ENSRNOG00000060237",30
"ENSRNOG00000048522",2
"ENSRNOG00000056580",0
"ENSRNOG00000002393",3884
"ENSRNOG00000057116",860
"ENSRNOG00000004633",0
"ENSRNOG00000046889",866
"ENSRNOG00000056209",40
"ENSRNOG00000039754",14
"ENSRNOG00000025987",0
"ENSRNOG00000066050",1
"ENSRNOG00000045570",21
"ENSRNOG00000069163",0
"ENSRNOG00000006785",817
"ENSRNOG00000046863",0
"ENSRNOG00000027702",0
"ENSRNOG00000003953",800
"ENSRNOG00000003973",855
"ENSRNOG00000010076",315
"ENSRNOG00000049766",0
"ENSRNOG00000037850",598
"ENSRNOG00000037211",83
"ENSRNOG00000046996",4363
"ENSRNOG00000002450",66
"ENSRNOG00000002418",7770
"ENSRNOG00000047714",0
"ENSRNOG00000006930",122
"ENSRNOG00000046240",0
"ENSRNOG00000004393",0
"ENSRNOG00000025430",1
"ENSRNOG00000032378",3
"ENSRNOG00000002478",75
"ENSRNOG00000039745",1
"ENSRNOG00000002339",498
"ENSRNOG00000069330",0
"ENSRNOG00000004726",2417
"ENSRNOG00000046165",0
"ENSRNOG00000002514",279
"ENSRNOG00000060325",0
"ENSRNOG00000002397",0
"ENSRNOG00000008471",1576
"ENSRNOG00000003365",0
"ENSRNOG00000002627",720
"ENSRNOG00000002549",41
"ENSRNOG00000002504",0
"ENSRNOG00000049303",0
"ENSRNOG00000065208",0
"ENSRNOG00000030481",0
"ENSRNOG00000065043",1
"ENSRNOG00000002512",511
"ENSRNOG00000004162",335
"ENSRNOG00000069878",0
"ENSRNOG00000003206",11674
"ENSRNOG00000064497",0
"ENSRNOG00000003486",1
"ENSRNOG00000052963",704
"ENSRNOG00000003518",0
"ENSRNOG00000003521",0
"ENSRNOG00000058805",1337
"ENSRNOG00000021553",232
"ENSRNOG00000066569",0
"ENSRNOG00000057400",0
"ENSRNOG00000066401",0
"ENSRNOG00000029425",50
"ENSRNOG00000049471",354
"ENSRNOG00000000653",0
"ENSRNOG00000059202",1909
"ENSRNOG00000003537",5
"ENSRNOG00000004756",1
"ENSRNOG00000017113",831
"ENSRNOG00000068466",0
"ENSRNOG00000061139",73
"ENSRNOG00000064177",205
"ENSRNOG00000068839",0
"ENSRNOG00000003769",0
"ENSRNOG00000025704",144
"ENSRNOG00000003583",428
"ENSRNOG00000030374",82
"ENSRNOG00000022480",0
"ENSRNOG00000064078",0
"ENSRNOG00000042320",996
"ENSRNOG00000021960",3
"ENSRNOG00000029514",1
"ENSRNOG00000010903",1
"ENSRNOG00000002353",2282
"ENSRNOG00000049641",145
"ENSRNOG00000000036",4
"ENSRNOG00000021984",30
"ENSRNOG00000006963",2
"ENSRNOG00000000657",854
"ENSRNOG00000002368",931
"ENSRNOG00000004870",6
"ENSRNOG00000059603",0
"ENSRNOG00000064502",0
"ENSRNOG00000056288",0
"ENSRNOG00000002378",186
"ENSRNOG00000051902",0
"ENSRNOG00000038083",0
"ENSRNOG00000063263",0
"ENSRNOG00000059556",1
"ENSRNOG00000068080",0
"ENSRNOG00000052318",0
"ENSRNOG00000004910",516
"ENSRNOG00000061872",0
"ENSRNOG00000071135",0
"ENSRNOG00000011063",362
"ENSRNOG00000059085",0
"ENSRNOG00000052517",0
"ENSRNOG00000043201",39
"ENSRNOG00000067939",0
"ENSRNOG00000052399",0
"ENSRNOG00000057511",0
"ENSRNOG00000063797",0
"ENSRNOG00000002653",874
"ENSRNOG00000058901",0
"ENSRNOG00000052029",0
"ENSRNOG00000005342",262
"ENSRNOG00000053218",1
"ENSRNOG00000021411",0
"ENSRNOG00000054237",0
"ENSRNOG00000055999",1
"ENSRNOG00000043374",125
"ENSRNOG00000066200",0
"ENSRNOG00000032812",0
"ENSRNOG00000025100",108
"ENSRNOG00000052146",0
"ENSRNOG00000003185",537
"ENSRNOG00000060279",0
"ENSRNOG00000058188",0
"ENSRNOG00000012318",176
"ENSRNOG00000063090",0
"ENSRNOG00000053445",0
"ENSRNOG00000003738",0
"ENSRNOG00000053385",0
"ENSRNOG00000066304",90
"ENSRNOG00000060764",0
"ENSRNOG00000066591",147
"ENSRNOG00000061817",0
"ENSRNOG00000053634",0
"ENSRNOG00000052155",0
"ENSRNOG00000003388",226
"ENSRNOG00000051737",0
"ENSRNOG00000057562",0
"ENSRNOG00000071166",0
"ENSRNOG00000052065",0
"ENSRNOG00000003716",0
"ENSRNOG00000013312",2
"ENSRNOG00000054095",0
"ENSRNOG00000006733",1236
"ENSRNOG00000051971",0
"ENSRNOG00000046460",54
"ENSRNOG00000059607",0
"ENSRNOG00000033790",2162
"ENSRNOG00000042747",12
"ENSRNOG00000042286",43
"ENSRNOG00000002969",248
"ENSRNOG00000062712",0
"ENSRNOG00000002352",180
"ENSRNOG00000056533",0
"ENSRNOG00000003745",117
"ENSRNOG00000055163",0
"ENSRNOG00000007887",860
"ENSRNOG00000058390",0
"ENSRNOG00000059242",0
"ENSRNOG00000064320",0
"ENSRNOG00000049633",428
"ENSRNOG00000052815",0
"ENSRNOG00000070331",0
"ENSRNOG00000060068",0
"ENSRNOG00000053413",0
"ENSRNOG00000003895",0
"ENSRNOG00000002369",163
"ENSRNOG00000058078",1
"ENSRNOG00000062770",0
"ENSRNOG00000002593",1
"ENSRNOG00000064784",0
"ENSRNOG00000003722",4
"ENSRNOG00000062926",0
"ENSRNOG00000052543",0
"ENSRNOG00000057985",0
"ENSRNOG00000024657",5
"ENSRNOG00000058929",0
"ENSRNOG00000004524",484
"ENSRNOG00000055652",0
"ENSRNOG00000002680",18414
"ENSRNOG00000004263",317
"ENSRNOG00000003698",0
"ENSRNOG00000054347",0
"ENSRNOG00000021575",0
"ENSRNOG00000027017",11
"ENSRNOG00000060649",0
"ENSRNOG00000043014",0
"ENSRNOG00000055990",0
"ENSRNOG00000052013",0
"ENSRNOG00000051244",0
"ENSRNOG00000059509",0
"ENSRNOG00000000040",183
"ENSRNOG00000055952",0
"ENSRNOG00000057278",0
"ENSRNOG00000040595",0
"ENSRNOG00000068884",0
"ENSRNOG00000066077",0
"ENSRNOG00000052604",0
"ENSRNOG00000000034",255
"ENSRNOG00000003407",1008
"ENSRNOG00000066057",0
"ENSRNOG00000057270",0
"ENSRNOG00000003283",228
"ENSRNOG00000060253",1
"ENSRNOG00000066867",0
"ENSRNOG00000066388",0
"ENSRNOG00000058970",0
"ENSRNOG00000067954",0
"ENSRNOG00000064773",0
"ENSRNOG00000000033",118
"ENSRNOG00000067097",0
"ENSRNOG00000004481",718
"ENSRNOG00000061131",0
"ENSRNOG00000066327",0
"ENSRNOG00000062601",0
"ENSRNOG00000002979",22
"ENSRNOG00000054606",0
"ENSRNOG00000063411",0
"ENSRNOG00000067680",0
"ENSRNOG00000042901",0
"ENSRNOG00000056067",0
"ENSRNOG00000057029",0
"ENSRNOG00000000655",0
"ENSRNOG00000021298",381
"ENSRNOG00000052250",0
"ENSRNOG00000060734",0
"ENSRNOG00000062491",0
"ENSRNOG00000052133",0
"ENSRNOG00000047957",239
"ENSRNOG00000069199",0
"ENSRNOG00000036364",0
"ENSRNOG00000035534",0
"ENSRNOG00000003038",1464
"ENSRNOG00000035482",0
"ENSRNOG00000056537",4
"ENSRNOG00000035513",48
"ENSRNOG00000068231",0
"ENSRNOG00000009033",18
"ENSRNOG00000036265",0
"ENSRNOG00000042369",0
"ENSRNOG00000068017",1
"ENSRNOG00000035520",0
"ENSRNOG00000035509",4
"ENSRNOG00000046719",0
"ENSRNOG00000003767",346
"ENSRNOG00000049021",0
"ENSRNOG00000050256",0
"ENSRNOG00000035637",0
"ENSRNOG00000035590",0
"ENSRNOG00000035494",0
"ENSRNOG00000035621",0
"ENSRNOG00000050602",0
"ENSRNOG00000064688",0
"ENSRNOG00000003402",288
"ENSRNOG00000071038",0
"ENSRNOG00000048659",0
"ENSRNOG00000066245",0
"ENSRNOG00000050766",3
"ENSRNOG00000059406",114
"ENSRNOG00000060773",377
"ENSRNOG00000029556",0
"ENSRNOG00000002936",0
"ENSRNOG00000002544",707
"ENSRNOG00000003694",0
"ENSRNOG00000030715",4
"ENSRNOG00000003927",353
"ENSRNOG00000003841",0
"ENSRNOG00000066712",482
"ENSRNOG00000027962",1131
"ENSRNOG00000046139",2
"ENSRNOG00000062084",761
"ENSRNOG00000025862",1
"ENSRNOG00000003925",53
"ENSRNOG00000004423",322
"ENSRNOG00000004402",586
"ENSRNOG00000009691",0
"ENSRNOG00000070926",0
"ENSRNOG00000003833",723
"ENSRNOG00000003048",549
"ENSRNOG00000003545",37
"ENSRNOG00000002937",1
"ENSRNOG00000003915",84
"ENSRNOG00000002723",0
"ENSRNOG00000070614",1
"ENSRNOG00000023541",1248
"ENSRNOG00000003120",18
"ENSRNOG00000003385",264
"ENSRNOG00000028368",0
"ENSRNOG00000000068",433
"ENSRNOG00000002776",0
"ENSRNOG00000028353",127
"ENSRNOG00000003434",477
"ENSRNOG00000004789",390
"ENSRNOG00000003959",0
"ENSRNOG00000070119",8438
"ENSRNOG00000005558",43
"ENSRNOG00000003687",83
"ENSRNOG00000008137",70
"ENSRNOG00000003997",0
"ENSRNOG00000046445",679
"ENSRNOG00000070924",0
"ENSRNOG00000065694",106
"ENSRNOG00000003084",453
"ENSRNOG00000028493",1063
"ENSRNOG00000010357",4
"ENSRNOG00000002794",1
"ENSRNOG00000007591",2
"ENSRNOG00000005861",257
"ENSRNOG00000003267",109
"ENSRNOG00000003031",716
"ENSRNOG00000002811",0
"ENSRNOG00000023304",27
"ENSRNOG00000003258",273
"ENSRNOG00000005565",2
"ENSRNOG00000042201",13
"ENSRNOG00000003251",6
"ENSRNOG00000056369",0
"ENSRNOG00000002775",484
"ENSRNOG00000006019",7
"ENSRNOG00000003888",0
"ENSRNOG00000003263",0
"ENSRNOG00000009696",284
"ENSRNOG00000005082",0
"ENSRNOG00000002517",0
"ENSRNOG00000003176",0
"ENSRNOG00000059863",0
"ENSRNOG00000003616",149
"ENSRNOG00000004749",191
"ENSRNOG00000012613",0
"ENSRNOG00000003550",183
"ENSRNOG00000003078",816
"ENSRNOG00000004195",85
"ENSRNOG00000003247",513
"ENSRNOG00000029938",1055
"ENSRNOG00000069939",0
"ENSRNOG00000002525",465
"ENSRNOG00000024825",0
"ENSRNOG00000022724",1
"ENSRNOG00000007324",14
"ENSRNOG00000047481",0
"ENSRNOG00000003522",96
"ENSRNOG00000002454",1183
"ENSRNOG00000029418",8
"ENSRNOG00000066965",31
"ENSRNOG00000027254",1
"ENSRNOG00000034164",0
"ENSRNOG00000070092",0
"ENSRNOG00000014556",0
"ENSRNOG00000057855",0
"ENSRNOG00000067587",27
"ENSRNOG00000045558",0
"ENSRNOG00000064103",0
"ENSRNOG00000026952",10
"ENSRNOG00000002657",393
"ENSRNOG00000006470",1
"ENSRNOG00000004647",1
"ENSRNOG00000066325",0
"ENSRNOG00000003059",4
"ENSRNOG00000002879",634
"ENSRNOG00000067791",0
"ENSRNOG00000030743",0
"ENSRNOG00000066803",0
"ENSRNOG00000068617",11
"ENSRNOG00000052574",691
"ENSRNOG00000069070",0
"ENSRNOG00000065816",351
"ENSRNOG00000053423",0
"ENSRNOG00000063579",0
"ENSRNOG00000008193",1384
"ENSRNOG00000028072",0
"ENSRNOG00000002705",534
"ENSRNOG00000066606",16
"ENSRNOG00000063514",0
"ENSRNOG00000066646",0
"ENSRNOG00000004127",3081
"ENSRNOG00000011100",301
"ENSRNOG00000063519",30
"ENSRNOG00000071025",2
"ENSRNOG00000026940",1
"ENSRNOG00000003150",552
"ENSRNOG00000069730",0
"ENSRNOG00000069894",0
"ENSRNOG00000049560",1727
"ENSRNOG00000062600",0
"ENSRNOG00000070913",0
"ENSRNOG00000071154",0
"ENSRNOG00000062937",0
"ENSRNOG00000053410",5
"ENSRNOG00000021289",441
"ENSRNOG00000066582",38
"ENSRNOG00000003649",688
"ENSRNOG00000068173",1
"ENSRNOG00000063731",79
"ENSRNOG00000069041",0
"ENSRNOG00000069455",16
"ENSRNOG00000068898",0
"ENSRNOG00000028627",1085
"ENSRNOG00000068708",0
"ENSRNOG00000028752",13
"ENSRNOG00000014866",314
"ENSRNOG00000004487",35
"ENSRNOG00000065580",77
"ENSRNOG00000067609",0
"ENSRNOG00000004111",2616
"ENSRNOG00000064188",6
"ENSRNOG00000051261",0
"ENSRNOG00000004193",186
"ENSRNOG00000067038",167
"ENSRNOG00000003248",511
"ENSRNOG00000070643",283
"ENSRNOG00000003795",469
"ENSRNOG00000070187",0
"ENSRNOG00000063348",3
"ENSRNOG00000063307",2
"ENSRNOG00000003832",96
"ENSRNOG00000064946",0
"ENSRNOG00000004424",525
"ENSRNOG00000028250",1
"ENSRNOG00000006025",3
"ENSRNOG00000056222",0
"ENSRNOG00000002947",4
"ENSRNOG00000004181",62
"ENSRNOG00000003300",1281
"ENSRNOG00000064045",0
"ENSRNOG00000032307",325
"ENSRNOG00000064281",46
"ENSRNOG00000064211",0
"ENSRNOG00000062956",0
"ENSRNOG00000066881",87
"ENSRNOG00000070450",34
"ENSRNOG00000070805",0
"ENSRNOG00000004537",0
"ENSRNOG00000070711",10
"ENSRNOG00000065529",0
"ENSRNOG00000003494",19
"ENSRNOG00000066834",0
"ENSRNOG00000064682",6
"ENSRNOG00000067316",8
"ENSRNOG00000066173",23
"ENSRNOG00000068951",0
"ENSRNOG00000002964",0
"ENSRNOG00000066046",31
"ENSRNOG00000015508",510
"ENSRNOG00000062505",21
"ENSRNOG00000065995",6
"ENSRNOG00000004642",1
"ENSRNOG00000068336",0
"ENSRNOG00000062561",0
"ENSRNOG00000071040",456
"ENSRNOG00000066307",7
"ENSRNOG00000003790",0
"ENSRNOG00000068572",4
"ENSRNOG00000002863",21
"ENSRNOG00000067571",1
"ENSRNOG00000056279",1
"ENSRNOG00000069844",0
"ENSRNOG00000068762",0
"ENSRNOG00000068613",144
"ENSRNOG00000003220",384
"ENSRNOG00000025119",0
"ENSRNOG00000064023",0
"ENSRNOG00000069845",0
"ENSRNOG00000064342",0
"ENSRNOG00000064809",0
"ENSRNOG00000002730",0
"ENSRNOG00000069637",1
"ENSRNOG00000051440",995
"ENSRNOG00000021497",1045
"ENSRNOG00000064615",0
"ENSRNOG00000004356",0
"ENSRNOG00000071027",0
"ENSRNOG00000066845",0
"ENSRNOG00000069472",0
"ENSRNOG00000056214",0
"ENSRNOG00000003310",830
"ENSRNOG00000002602",0
"ENSRNOG00000003917",531
"ENSRNOG00000071122",6
"ENSRNOG00000002640",1
"ENSRNOG00000068257",4
"ENSRNOG00000002695",115
"ENSRNOG00000059225",0
"ENSRNOG00000003183",12054
"ENSRNOG00000015615",1
"ENSRNOG00000068751",42
"ENSRNOG00000066769",0
"ENSRNOG00000063055",0
"ENSRNOG00000002710",362
"ENSRNOG00000071159",0
"ENSRNOG00000070387",0
"ENSRNOG00000053272",0
"ENSRNOG00000003816",206
"ENSRNOG00000055995",0
"ENSRNOG00000003562",2
"ENSRNOG00000065753",11
"ENSRNOG00000051166",23
"ENSRNOG00000003336",0
"ENSRNOG00000002583",0
"ENSRNOG00000066143",0
"ENSRNOG00000032058",1085
"ENSRNOG00000067955",0
"ENSRNOG00000065784",1
"ENSRNOG00000003442",0
"ENSRNOG00000022067",51
"ENSRNOG00000003018",8002
"ENSRNOG00000028016",16
"ENSRNOG00000070620",0
"ENSRNOG00000002882",246
"ENSRNOG00000005093",16
"ENSRNOG00000071066",1
"ENSRNOG00000070089",0
"ENSRNOG00000002881",3384
"ENSRNOG00000066098",0
"ENSRNOG00000000066",421
"ENSRNOG00000028194",0
"ENSRNOG00000002403",10133
"ENSRNOG00000067674",3
"ENSRNOG00000054449",0
"ENSRNOG00000067693",423
"ENSRNOG00000067442",0
"ENSRNOG00000002907",110
"ENSRNOG00000051373",0
"ENSRNOG00000066175",105
"ENSRNOG00000053016",0
"ENSRNOG00000067488",0
"ENSRNOG00000059684",0
"ENSRNOG00000060375",0
"ENSRNOG00000052863",0
"ENSRNOG00000053352",0
"ENSRNOG00000063883",0
"ENSRNOG00000022174",3
"ENSRNOG00000002781",691
"ENSRNOG00000063003",0
"ENSRNOG00000002773",24
"ENSRNOG00000056434",1
"ENSRNOG00000052403",0
"ENSRNOG00000064602",19
"ENSRNOG00000057771",0
"ENSRNOG00000061551",0
"ENSRNOG00000052252",0
"ENSRNOG00000059630",0
"ENSRNOG00000047287",561
"ENSRNOG00000032258",201
"ENSRNOG00000070195",0
"ENSRNOG00000059797",0
"ENSRNOG00000064093",0
"ENSRNOG00000054895",0
"ENSRNOG00000002926",174
"ENSRNOG00000005038",96
"ENSRNOG00000002580",534
"ENSRNOG00000002941",178
"ENSRNOG00000066913",0
"ENSRNOG00000003594",924
"ENSRNOG00000002417",0
"ENSRNOG00000002618",831
"ENSRNOG00000007418",2517
"ENSRNOG00000069420",6
"ENSRNOG00000002821",710
"ENSRNOG00000067862",0
"ENSRNOG00000024632",2465
"ENSRNOG00000004143",2472
"ENSRNOG00000014859",1
"ENSRNOG00000002347",164
"ENSRNOG00000034221",9
"ENSRNOG00000003163",2418
"ENSRNOG00000064462",0
"ENSRNOG00000002667",168
"ENSRNOG00000003740",0
"ENSRNOG00000028089",0
"ENSRNOG00000030515",0
"ENSRNOG00000038921",0
"ENSRNOG00000028062",2439
"ENSRNOG00000065155",1
"ENSRNOG00000028358",1538
"ENSRNOG00000025151",15
"ENSRNOG00000002691",2
"ENSRNOG00000002735",838
"ENSRNOG00000004018",3
"ENSRNOG00000002396",15
"ENSRNOG00000002460",8
"ENSRNOG00000003595",3
"ENSRNOG00000064561",0
"ENSRNOG00000028236",561
"ENSRNOG00000063241",0
"ENSRNOG00000005277",4
"ENSRNOG00000064510",10
"ENSRNOG00000029841",0
"ENSRNOG00000002473",255
"ENSRNOG00000003882",868
"ENSRNOG00000002555",1
"ENSRNOG00000070646",0
"ENSRNOG00000067956",745
"ENSRNOG00000069572",5
"ENSRNOG00000029868",0
"ENSRNOG00000027593",62
"ENSRNOG00000033391",0
"ENSRNOG00000068309",0
"ENSRNOG00000028207",0
"ENSRNOG00000030278",102
"ENSRNOG00000025964",5
"ENSRNOG00000008603",0
"ENSRNOG00000053210",4236
"ENSRNOG00000003171",0
"ENSRNOG00000068606",0
"ENSRNOG00000066166",2
"ENSRNOG00000038205",0
"ENSRNOG00000031569",0
"ENSRNOG00000002394",1885
"ENSRNOG00000033515",9
"ENSRNOG00000063714",0
"ENSRNOG00000046786",0
"ENSRNOG00000004305",178
"ENSRNOG00000048614",0
"ENSRNOG00000042995",1
"ENSRNOG00000002826",74
"ENSRNOG00000029859",1541
"ENSRNOG00000029459",27
"ENSRNOG00000059957",34
"ENSRNOG00000063975",146
"ENSRNOG00000027697",219
"ENSRNOG00000007735",434
"ENSRNOG00000050941",0
"ENSRNOG00000004029",0
"ENSRNOG00000022063",0
"ENSRNOG00000022329",0
"ENSRNOG00000031864",1714
"ENSRNOG00000028939",3084
"ENSRNOG00000002385",3
"ENSRNOG00000038076",0
"ENSRNOG00000038347",393
"ENSRNOG00000027024",58
"ENSRNOG00000022717",0
"ENSRNOG00000003706",752
"ENSRNOG00000005177",30
"ENSRNOG00000042929",203
"ENSRNOG00000004307",168
"ENSRNOG00000004337",796
"ENSRNOG00000002972",0
"ENSRNOG00000064104",0
"ENSRNOG00000034300",0
"ENSRNOG00000003500",0
"ENSRNOG00000005229",338
"ENSRNOG00000058500",0
"ENSRNOG00000003135",0
"ENSRNOG00000003928",1123
"ENSRNOG00000005667",0
"ENSRNOG00000004027",2212
"ENSRNOG00000002750",771
"ENSRNOG00000002548",67
"ENSRNOG00000004245",105
"ENSRNOG00000068856",154
"ENSRNOG00000004414",306
"ENSRNOG00000057677",20
"ENSRNOG00000002711",67
"ENSRNOG00000004917",2756
"ENSRNOG00000066932",175
"ENSRNOG00000003779",1
"ENSRNOG00000003881",29
"ENSRNOG00000000042",445
"ENSRNOG00000004022",77
"ENSRNOG00000042860",11
"ENSRNOG00000003260",168
"ENSRNOG00000026797",0
"ENSRNOG00000002468",2
"ENSRNOG00000022104",0
"ENSRNOG00000025005",0
"ENSRNOG00000003209",221
"ENSRNOG00000002736",272
"ENSRNOG00000003398",79
"ENSRNOG00000023547",3
"ENSRNOG00000003100",139
"ENSRNOG00000053229",1
"ENSRNOG00000003298",0
"ENSRNOG00000055673",20
"ENSRNOG00000002890",0
"ENSRNOG00000002501",1
"ENSRNOG00000022144",259
"ENSRNOG00000029371",0
"ENSRNOG00000038786",0
"ENSRNOG00000003581",117
"ENSRNOG00000031098",5
"ENSRNOG00000069659",21
"ENSRNOG00000050463",45
"ENSRNOG00000069305",0
"ENSRNOG00000029410",503
"ENSRNOG00000028513",227
"ENSRNOG00000003946",1395
"ENSRNOG00000025794",0
"ENSRNOG00000063790",0
"ENSRNOG00000064271",23
"ENSRNOG00000063128",15
"ENSRNOG00000068226",0
"ENSRNOG00000062858",39
"ENSRNOG00000062982",7
"ENSRNOG00000024159",22
"ENSRNOG00000064014",0
"ENSRNOG00000064648",0
"ENSRNOG00000062361",22
"ENSRNOG00000048267",1443
"ENSRNOG00000070804",4
"ENSRNOG00000071020",2
"ENSRNOG00000065024",0
"ENSRNOG00000066782",0
"ENSRNOG00000024849",546
"ENSRNOG00000038372",0
"ENSRNOG00000002875",449
"ENSRNOG00000026917",2145
"ENSRNOG00000003567",128
"ENSRNOG00000004030",0
"ENSRNOG00000003538",11
"ENSRNOG00000003551",405
"ENSRNOG00000051405",6
"ENSRNOG00000007604",80
"ENSRNOG00000002968",0
"ENSRNOG00000007645",12
"ENSRNOG00000068444",5
"ENSRNOG00000004736",74
"ENSRNOG00000005166",0
"ENSRNOG00000004712",13
"ENSRNOG00000002569",306
"ENSRNOG00000002572",656
"ENSRNOG00000046663",40
"ENSRNOG00000002978",1
"ENSRNOG00000003071",152
"ENSRNOG00000003221",0
"ENSRNOG00000003136",0
"ENSRNOG00000038789",113
"ENSRNOG00000066215",0
"ENSRNOG00000046452",0
"ENSRNOG00000026497",664
"ENSRNOG00000026523",0
"ENSRNOG00000024382",0
"ENSRNOG00000058710",246
"ENSRNOG00000049422",10
"ENSRNOG00000008045",0
"ENSRNOG00000031540",2468
"ENSRNOG00000026490",98
"ENSRNOG00000004255",2
"ENSRNOG00000004192",4
"ENSRNOG00000065645",23
"ENSRNOG00000066585",6447
"ENSRNOG00000003042",136
"ENSRNOG00000025415",0
"ENSRNOG00000026607",57
"ENSRNOG00000007290",19
"ENSRNOG00000070334",0
"ENSRNOG00000025189",29
"ENSRNOG00000003720",1321
"ENSRNOG00000002783",69
"ENSRNOG00000026907",473
"ENSRNOG00000002813",0
"ENSRNOG00000049537",652
"ENSRNOG00000004889",12
"ENSRNOG00000042492",695
"ENSRNOG00000005592",0
"ENSRNOG00000005355",2613
"ENSRNOG00000069839",0
"ENSRNOG00000003861",170
"ENSRNOG00000034191",0
"ENSRNOG00000003510",4
"ENSRNOG00000049851",0
"ENSRNOG00000068743",1458
"ENSRNOG00000006247",5586
"ENSRNOG00000022143",35
"ENSRNOG00000003400",48
"ENSRNOG00000008301",10286
"ENSRNOG00000003291",28
"ENSRNOG00000026542",536
"ENSRNOG00000002860",47
"ENSRNOG00000003620",0
"ENSRNOG00000003073",59
"ENSRNOG00000002839",230
"ENSRNOG00000038499",0
"ENSRNOG00000025318",231
"ENSRNOG00000002884",274
"ENSRNOG00000059276",100
"ENSRNOG00000002898",311
"ENSRNOG00000002934",805
"ENSRNOG00000004140",34
"ENSRNOG00000003592",271
"ENSRNOG00000001967",0
"ENSRNOG00000003666",6
"ENSRNOG00000001957",0
"ENSRNOG00000003672",0
"ENSRNOG00000039331",0
"ENSRNOG00000003840",1034
"ENSRNOG00000003718",0
"ENSRNOG00000003776",0
"ENSRNOG00000055596",0
"ENSRNOG00000054677",0
"ENSRNOG00000001960",0
"ENSRNOG00000051190",256
"ENSRNOG00000001980",0
"ENSRNOG00000003205",67
"ENSRNOG00000070682",0
"ENSRNOG00000065137",0
"ENSRNOG00000001996",685
"ENSRNOG00000004473",0
"ENSRNOG00000069670",0
"ENSRNOG00000042588",0
"ENSRNOG00000067137",11
"ENSRNOG00000005094",3
"ENSRNOG00000002002",3
"ENSRNOG00000046540",0
"ENSRNOG00000064466",0
"ENSRNOG00000002005",0
"ENSRNOG00000005043",160
"ENSRNOG00000029964",0
"ENSRNOG00000055991",0
"ENSRNOG00000064759",0
"ENSRNOG00000001973",0
"ENSRNOG00000001990",0
"ENSRNOG00000062781",0
"ENSRNOG00000042714",0
"ENSRNOG00000022255",0
"ENSRNOG00000050437",294
"ENSRNOG00000033910",2
"ENSRNOG00000002011",0
"ENSRNOG00000021931",416
"ENSRNOG00000029064",95
"ENSRNOG00000003174",440
"ENSRNOG00000002014",0
"ENSRNOG00000068319",0
"ENSRNOG00000033207",1
"ENSRNOG00000003064",6
"ENSRNOG00000021776",131
"ENSRNOG00000046764",0
"ENSRNOG00000005261",446
"ENSRNOG00000004279",790
"ENSRNOG00000002024",0
"ENSRNOG00000017074",583
"ENSRNOG00000069695",0
"ENSRNOG00000069801",0
"ENSRNOG00000001912",0
"ENSRNOG00000003098",0
"ENSRNOG00000030149",14
"ENSRNOG00000003069",226
"ENSRNOG00000051169",0
"ENSRNOG00000028534",112
"ENSRNOG00000003095",0
"ENSRNOG00000027195",0
"ENSRNOG00000028423",0
"ENSRNOG00000060782",2
"ENSRNOG00000005700",1
"ENSRNOG00000024689",13
"ENSRNOG00000002216",477
"ENSRNOG00000006139",307
"ENSRNOG00000002139",9
"ENSRNOG00000002050",12028
"ENSRNOG00000024779",1104
"ENSRNOG00000005302",8
"ENSRNOG00000002055",156
"ENSRNOG00000028108",18
"ENSRNOG00000002137",69
"ENSRNOG00000002085",4
"ENSRNOG00000068566",116
"ENSRNOG00000029628",0
"ENSRNOG00000005108",815
"ENSRNOG00000066503",0
"ENSRNOG00000068895",2
"ENSRNOG00000061477",0
"ENSRNOG00000066390",0
"ENSRNOG00000061119",0
"ENSRNOG00000056048",0
"ENSRNOG00000057383",0
"ENSRNOG00000068537",13
"ENSRNOG00000064279",0
"ENSRNOG00000065016",0
"ENSRNOG00000059848",0
"ENSRNOG00000058481",0
"ENSRNOG00000053821",0
"ENSRNOG00000068477",0
"ENSRNOG00000069435",0
"ENSRNOG00000002100",1037
"ENSRNOG00000056287",11
"ENSRNOG00000070240",0
"ENSRNOG00000057388",0
"ENSRNOG00000067871",0
"ENSRNOG00000067348",0
"ENSRNOG00000062656",0
"ENSRNOG00000055205",1
"ENSRNOG00000052544",0
"ENSRNOG00000054232",0
"ENSRNOG00000059715",336
"ENSRNOG00000066435",0
"ENSRNOG00000068598",0
"ENSRNOG00000067623",0
"ENSRNOG00000070782",0
"ENSRNOG00000070282",0
"ENSRNOG00000068746",0
"ENSRNOG00000059932",0
"ENSRNOG00000005346",230
"ENSRNOG00000061566",0
"ENSRNOG00000055347",0
"ENSRNOG00000002101",430
"ENSRNOG00000055338",0
"ENSRNOG00000028498",3584
"ENSRNOG00000057361",0
"ENSRNOG00000067418",0
"ENSRNOG00000064187",0
"ENSRNOG00000069994",0
"ENSRNOG00000064908",0
"ENSRNOG00000068182",0
"ENSRNOG00000066690",0
"ENSRNOG00000058302",0
"ENSRNOG00000060890",0
"ENSRNOG00000059646",0
"ENSRNOG00000061258",0
"ENSRNOG00000066081",0
"ENSRNOG00000067453",0
"ENSRNOG00000005374",94
"ENSRNOG00000061332",0
"ENSRNOG00000057027",0
"ENSRNOG00000002128",314
"ENSRNOG00000051736",0
"ENSRNOG00000061029",0
"ENSRNOG00000065331",0
"ENSRNOG00000051998",0
"ENSRNOG00000052335",0
"ENSRNOG00000053119",0
"ENSRNOG00000060673",0
"ENSRNOG00000052658",0
"ENSRNOG00000056124",0
"ENSRNOG00000064599",0
"ENSRNOG00000062593",0
"ENSRNOG00000050100",0
"ENSRNOG00000068214",0
"ENSRNOG00000005633",74
"ENSRNOG00000070730",0
"ENSRNOG00000058679",0
"ENSRNOG00000002266",0
"ENSRNOG00000054969",0
"ENSRNOG00000068435",0
"ENSRNOG00000063428",0
"ENSRNOG00000055511",0
"ENSRNOG00000064802",1
"ENSRNOG00000048183",0
"ENSRNOG00000051435",0
"ENSRNOG00000036371",0
"ENSRNOG00000062913",0
"ENSRNOG00000035514",0
"ENSRNOG00000058492",0
"ENSRNOG00000035518",0
"ENSRNOG00000002153",64
"ENSRNOG00000059094",0
"ENSRNOG00000049999",0
"ENSRNOG00000068284",0
"ENSRNOG00000066772",0
"ENSRNOG00000059490",0
"ENSRNOG00000035486",0
"ENSRNOG00000056158",0
"ENSRNOG00000049481",0
"ENSRNOG00000058202",61
"ENSRNOG00000059213",0
"ENSRNOG00000061069",0
"ENSRNOG00000055559",0
"ENSRNOG00000065374",0
"ENSRNOG00000057962",0
"ENSRNOG00000059816",0
"ENSRNOG00000056966",0
"ENSRNOG00000060186",0
"ENSRNOG00000064005",0
"ENSRNOG00000068557",0
"ENSRNOG00000051642",0
"ENSRNOG00000061848",0
"ENSRNOG00000058945",0
"ENSRNOG00000064029",0
"ENSRNOG00000055752",0
"ENSRNOG00000070648",0
"ENSRNOG00000065069",0
"ENSRNOG00000054518",0
"ENSRNOG00000002144",358
"ENSRNOG00000031397",3
"ENSRNOG00000051641",0
"ENSRNOG00000054885",0
"ENSRNOG00000055902",3
"ENSRNOG00000060757",0
"ENSRNOG00000006575",4
"ENSRNOG00000055341",0
"ENSRNOG00000054570",0
"ENSRNOG00000068488",0
"ENSRNOG00000027326",374
"ENSRNOG00000068972",0
"ENSRNOG00000060039",0
"ENSRNOG00000067087",0
"ENSRNOG00000066135",0
"ENSRNOG00000066820",0
"ENSRNOG00000056117",0
"ENSRNOG00000006593",426
"ENSRNOG00000071000",0
"ENSRNOG00000002267",188
"ENSRNOG00000066661",0
"ENSRNOG00000060891",0
"ENSRNOG00000068463",1
"ENSRNOG00000068267",0
"ENSRNOG00000062625",0
"ENSRNOG00000002164",2
"ENSRNOG00000066752",0
"ENSRNOG00000007993",56
"ENSRNOG00000065384",0
"ENSRNOG00000058212",0
"ENSRNOG00000055664",0
"ENSRNOG00000065887",0
"ENSRNOG00000058706",0
"ENSRNOG00000060346",0
"ENSRNOG00000002169",2
"ENSRNOG00000052432",0
"ENSRNOG00000068144",0
"ENSRNOG00000055710",0
"ENSRNOG00000070791",0
"ENSRNOG00000055442",2
"ENSRNOG00000058433",0
"ENSRNOG00000070023",0
"ENSRNOG00000002175",592
"ENSRNOG00000069714",0
"ENSRNOG00000060665",2790
"ENSRNOG00000067980",0
"ENSRNOG00000061314",0
"ENSRNOG00000068811",0
"ENSRNOG00000059747",0
"ENSRNOG00000051515",3
"ENSRNOG00000052548",0
"ENSRNOG00000056459",0
"ENSRNOG00000057537",0
"ENSRNOG00000064750",1
"ENSRNOG00000057816",0
"ENSRNOG00000058788",0
"ENSRNOG00000057444",1
"ENSRNOG00000056382",0
"ENSRNOG00000060691",0
"ENSRNOG00000052288",0
"ENSRNOG00000002199",579
"ENSRNOG00000008947",14
"ENSRNOG00000046829",0
"ENSRNOG00000002097",470
"ENSRNOG00000026585",12
"ENSRNOG00000002120",5
"ENSRNOG00000026828",98
"ENSRNOG00000007882",1
"ENSRNOG00000063288",0
"ENSRNOG00000002106",474
"ENSRNOG00000002074",467
"ENSRNOG00000002135",715
"ENSRNOG00000002152",180
"ENSRNOG00000002227",1
"ENSRNOG00000038891",0
"ENSRNOG00000003134",152
"ENSRNOG00000002272",186
"ENSRNOG00000009154",0
"ENSRNOG00000002174",0
"ENSRNOG00000002275",317
"ENSRNOG00000002224",1
"ENSRNOG00000006400",723
"ENSRNOG00000029734",0
"ENSRNOG00000025670",0
"ENSRNOG00000042041",1
"ENSRNOG00000004112",3
"ENSRNOG00000002278",452
"ENSRNOG00000023372",0
"ENSRNOG00000023342",0
"ENSRNOG00000024945",1393
"ENSRNOG00000022419",2
"ENSRNOG00000004168",88
"ENSRNOG00000002248",1540
"ENSRNOG00000005122",83
"ENSRNOG00000003392",984
"ENSRNOG00000009572",0
"ENSRNOG00000005428",1384
"ENSRNOG00000023578",0
"ENSRNOG00000001951",0
"ENSRNOG00000070341",1
"ENSRNOG00000001949",0
"ENSRNOG00000067037",1
"ENSRNOG00000055684",0
"ENSRNOG00000004778",0
"ENSRNOG00000030568",57
"ENSRNOG00000027801",0
"ENSRNOG00000002911",0
"ENSRNOG00000037621",0
"ENSRNOG00000006033",86
"ENSRNOG00000067409",3
"ENSRNOG00000002254",970
"ENSRNOG00000062451",0
"ENSRNOG00000002866",1
"ENSRNOG00000012534",460
"ENSRNOG00000046611",0
"ENSRNOG00000007349",317
"ENSRNOG00000067632",1525
"ENSRNOG00000009642",1255
"ENSRNOG00000064340",28
"ENSRNOG00000070153",0
"ENSRNOG00000070621",0
"ENSRNOG00000063159",0
"ENSRNOG00000066629",0
"ENSRNOG00000058588",551
"ENSRNOG00000066030",3
"ENSRNOG00000070858",0
"ENSRNOG00000068765",0
"ENSRNOG00000070779",4
"ENSRNOG00000067494",0
"ENSRNOG00000025695",2883
"ENSRNOG00000007564",172
"ENSRNOG00000009881",0
"ENSRNOG00000066912",0
"ENSRNOG00000002196",190
"ENSRNOG00000007002",62
"ENSRNOG00000063895",0
"ENSRNOG00000070894",8
"ENSRNOG00000071035",25
"ENSRNOG00000070700",0
"ENSRNOG00000068701",89
"ENSRNOG00000065150",0
"ENSRNOG00000018709",365
"ENSRNOG00000057919",0
"ENSRNOG00000051571",0
"ENSRNOG00000002345",0
"ENSRNOG00000063814",0
"ENSRNOG00000003428",103
"ENSRNOG00000003553",3
"ENSRNOG00000065078",0
"ENSRNOG00000064361",34
"ENSRNOG00000070345",0
"ENSRNOG00000066289",0
"ENSRNOG00000065188",22
"ENSRNOG00000018859",171
"ENSRNOG00000067415",0
"ENSRNOG00000068335",1
"ENSRNOG00000002205",1318
"ENSRNOG00000065610",1
"ENSRNOG00000069616",0
"ENSRNOG00000066490",0
"ENSRNOG00000063894",0
"ENSRNOG00000065451",1
"ENSRNOG00000066221",0
"ENSRNOG00000062972",3
"ENSRNOG00000059479",19
"ENSRNOG00000019000",247
"ENSRNOG00000067014",0
"ENSRNOG00000069045",0
"ENSRNOG00000066877",46
"ENSRNOG00000068052",0
"ENSRNOG00000063179",0
"ENSRNOG00000034200",0
"ENSRNOG00000065960",121
"ENSRNOG00000069188",3
"ENSRNOG00000068536",0
"ENSRNOG00000066736",2
"ENSRNOG00000011073",1007
"ENSRNOG00000054706",0
"ENSRNOG00000068730",0
"ENSRNOG00000002057",12
"ENSRNOG00000067807",11
"ENSRNOG00000005141",250
"ENSRNOG00000064290",0
"ENSRNOG00000067991",1
"ENSRNOG00000068868",1
"ENSRNOG00000063529",2078
"ENSRNOG00000064981",0
"ENSRNOG00000068969",14
"ENSRNOG00000062706",72
"ENSRNOG00000008374",87
"ENSRNOG00000065386",0
"ENSRNOG00000002178",109
"ENSRNOG00000004290",3309
"ENSRNOG00000054053",0
"ENSRNOG00000067297",3
"ENSRNOG00000064050",0
"ENSRNOG00000000065",0
"ENSRNOG00000063198",1
"ENSRNOG00000062990",6
"ENSRNOG00000070093",2
"ENSRNOG00000004972",70
"ENSRNOG00000025925",14
"ENSRNOG00000068460",130
"ENSRNOG00000002165",55
"ENSRNOG00000069582",0
"ENSRNOG00000065832",19
"ENSRNOG00000018319",403
"ENSRNOG00000000035",0
"ENSRNOG00000064766",4
"ENSRNOG00000071196",0
"ENSRNOG00000054857",0
"ENSRNOG00000063710",0
"ENSRNOG00000070797",6
"ENSRNOG00000002181",100
"ENSRNOG00000004444",0
"ENSRNOG00000069051",0
"ENSRNOG00000065282",6
"ENSRNOG00000067460",0
"ENSRNOG00000000070",856
"ENSRNOG00000070125",0
"ENSRNOG00000043210",964
"ENSRNOG00000066365",9
"ENSRNOG00000062603",1
"ENSRNOG00000063408",0
"ENSRNOG00000000043",1520
"ENSRNOG00000063433",0
"ENSRNOG00000002129",245
"ENSRNOG00000068177",0
"ENSRNOG00000004090",1823
"ENSRNOG00000070162",0
"ENSRNOG00000027088",549
"ENSRNOG00000064219",4
"ENSRNOG00000068528",7
"ENSRNOG00000067267",12
"ENSRNOG00000005203",372
"ENSRNOG00000070904",39
"ENSRNOG00000002244",559
"ENSRNOG00000065907",0
"ENSRNOG00000059010",0
"ENSRNOG00000023026",2
"ENSRNOG00000000041",28
"ENSRNOG00000063994",0
"ENSRNOG00000002754",25
"ENSRNOG00000063209",0
"ENSRNOG00000049527",211
"ENSRNOG00000067899",0
"ENSRNOG00000056561",0
"ENSRNOG00000024112",229
"ENSRNOG00000002154",0
"ENSRNOG00000018412",24
"ENSRNOG00000066377",4581
"ENSRNOG00000064574",0
"ENSRNOG00000005214",0
"ENSRNOG00000004781",0
"ENSRNOG00000063094",3
"ENSRNOG00000068298",9
"ENSRNOG00000056621",0
"ENSRNOG00000062871",38
"ENSRNOG00000002541",1160
"ENSRNOG00000002217",0
"ENSRNOG00000000044",432
"ENSRNOG00000066233",0
"ENSRNOG00000025882",59
"ENSRNOG00000022229",354
"ENSRNOG00000050047",0
"ENSRNOG00000063110",1
"ENSRNOG00000005326",2
"ENSRNOG00000002540",7
"ENSRNOG00000069738",0
"ENSRNOG00000026091",10
"ENSRNOG00000066418",0
"ENSRNOG00000002262",300
"ENSRNOG00000067919",0
"ENSRNOG00000065665",0
"ENSRNOG00000069726",0
"ENSRNOG00000057953",0
"ENSRNOG00000002271",2022
"ENSRNOG00000049351",0
"ENSRNOG00000062676",0
"ENSRNOG00000065688",0
"ENSRNOG00000040210",0
"ENSRNOG00000002270",864
"ENSRNOG00000064666",0
"ENSRNOG00000026150",0
"ENSRNOG00000004332",193
"ENSRNOG00000064628",0
"ENSRNOG00000043130",0
"ENSRNOG00000002320",169
"ENSRNOG00000065647",0
"ENSRNOG00000063974",49
"ENSRNOG00000063375",0
"ENSRNOG00000013039",2941
"ENSRNOG00000022857",42
"ENSRNOG00000002360",0
"ENSRNOG00000026504",1517
"ENSRNOG00000068878",0
"ENSRNOG00000066747",18
"ENSRNOG00000067111",0
"ENSRNOG00000002292",354
"ENSRNOG00000067042",0
"ENSRNOG00000066624",7
"ENSRNOG00000013805",80
"ENSRNOG00000002039",525
"ENSRNOG00000069393",0
"ENSRNOG00000030258",0
"ENSRNOG00000004865",4
"ENSRNOG00000062754",0
"ENSRNOG00000018475",595
"ENSRNOG00000067406",0
"ENSRNOG00000063444",0
"ENSRNOG00000002302",2
"ENSRNOG00000013832",876
"ENSRNOG00000063702",4
"ENSRNOG00000059285",0
"ENSRNOG00000065321",0
"ENSRNOG00000046931",0
"ENSRNOG00000063004",1
"ENSRNOG00000002251",4368
"ENSRNOG00000056604",2
"ENSRNOG00000068590",0
"ENSRNOG00000071149",0
"ENSRNOG00000060641",0
"ENSRNOG00000065680",0
"ENSRNOG00000068623",4
"ENSRNOG00000063388",5
"ENSRNOG00000067003",0
"ENSRNOG00000002318",101
"ENSRNOG00000067972",0
"ENSRNOG00000013930",2897
"ENSRNOG00000018590",360
"ENSRNOG00000006185",42
"ENSRNOG00000063585",0
"ENSRNOG00000024207",253
"ENSRNOG00000069538",0
"ENSRNOG00000058434",19
"ENSRNOG00000055083",0
"ENSRNOG00000002312",319
"ENSRNOG00000037162",726
"ENSRNOG00000023533",43
"ENSRNOG00000004281",823
"ENSRNOG00000037421",9
"ENSRNOG00000055471",2778
"ENSRNOG00000002349",0
"ENSRNOG00000056162",3130
"ENSRNOG00000023529",4890
"ENSRNOG00000002121",167
"ENSRNOG00000002843",0
"ENSRNOG00000009313",942
"ENSRNOG00000001950",0
"ENSRNOG00000005105",1
"ENSRNOG00000002035",73
"ENSRNOG00000023430",0
"ENSRNOG00000037632",1
"ENSRNOG00000029397",0
"ENSRNOG00000002889",0
"ENSRNOG00000017259",176
"ENSRNOG00000002031",0
"ENSRNOG00000024545",8
"ENSRNOG00000010996",612
"ENSRNOG00000002040",543
"ENSRNOG00000005393",1190
"ENSRNOG00000002117",0
"ENSRNOG00000017548",224
"ENSRNOG00000063749",0
"ENSRNOG00000018144",144
"ENSRNOG00000000073",159
"ENSRNOG00000017329",541
"ENSRNOG00000002301",2212
"ENSRNOG00000002381",507
"ENSRNOG00000002246",497
"ENSRNOG00000007025",149
"ENSRNOG00000002093",369
"ENSRNOG00000004327",3
"ENSRNOG00000001942",0
"ENSRNOG00000000075",90
"ENSRNOG00000066731",0
"ENSRNOG00000063633",0
"ENSRNOG00000016818",437
"ENSRNOG00000002327",0
"ENSRNOG00000001945",0
"ENSRNOG00000065981",0
"ENSRNOG00000002336",0
"ENSRNOG00000003606",28
"ENSRNOG00000066636",0
"ENSRNOG00000030665",0
"ENSRNOG00000068764",0
"ENSRNOG00000002070",29
"ENSRNOG00000042340",373
"ENSRNOG00000002163",1434
"ENSRNOG00000063582",1
"ENSRNOG00000062941",0
"ENSRNOG00000005464",1858
"ENSRNOG00000024829",341
"ENSRNOG00000068757",10
"ENSRNOG00000063124",0
"ENSRNOG00000004888",560
"ENSRNOG00000002932",327
"ENSRNOG00000065993",0
"ENSRNOG00000013747",92
"ENSRNOG00000002105",45
"ENSRNOG00000056900",0
"ENSRNOG00000029461",16
"ENSRNOG00000033214",0
"ENSRNOG00000031052",1899
"ENSRNOG00000032160",413
"ENSRNOG00000065000",395
"ENSRNOG00000043048",0
"ENSRNOG00000002161",62
"ENSRNOG00000004606",836
"ENSRNOG00000027791",906
"ENSRNOG00000016427",1207
"ENSRNOG00000000081",886
"ENSRNOG00000067114",2
"ENSRNOG00000002167",0
"ENSRNOG00000067336",0
"ENSRNOG00000063351",12
"ENSRNOG00000038722",10
"ENSRNOG00000064182",0
"ENSRNOG00000053017",0
"ENSRNOG00000055911",476
"ENSRNOG00000002158",4
"ENSRNOG00000025121",0
"ENSRNOG00000067138",0
"ENSRNOG00000048944",0
"ENSRNOG00000004959",1772
"ENSRNOG00000026046",0
"ENSRNOG00000005077",76
"ENSRNOG00000019361",1
"ENSRNOG00000029107",58
"ENSRNOG00000062595",231
"ENSRNOG00000002855",234
"ENSRNOG00000051648",0
"ENSRNOG00000064268",2
"ENSRNOG00000023299",0
"ENSRNOG00000038427",0
"ENSRNOG00000033640",0
"ENSRNOG00000070133",107
"ENSRNOG00000005338",0
"ENSRNOG00000069654",0
"ENSRNOG00000009299",0
"ENSRNOG00000062938",1
"ENSRNOG00000008182",96
"ENSRNOG00000002177",28
"ENSRNOG00000030162",1
"ENSRNOG00000054224",131
"ENSRNOG00000004998",0
"ENSRNOG00000063344",1
"ENSRNOG00000006845",0
"ENSRNOG00000045749",35
"ENSRNOG00000064262",0
"ENSRNOG00000004992",1769
"ENSRNOG00000008474",318
"ENSRNOG00000069265",73
"ENSRNOG00000007033",3
"ENSRNOG00000002207",157
"ENSRNOG00000061438",0
"ENSRNOG00000058513",0
"ENSRNOG00000047761",176
"ENSRNOG00000061615",0
"ENSRNOG00000065022",2
"ENSRNOG00000008898",52
"ENSRNOG00000029052",952
"ENSRNOG00000042277",0
"ENSRNOG00000033686",72
"ENSRNOG00000004640",6
"ENSRNOG00000033346",92
"ENSRNOG00000027623",293
"ENSRNOG00000071093",213
"ENSRNOG00000052764",45
"ENSRNOG00000028222",0
"ENSRNOG00000004672",41
"ENSRNOG00000002191",3
"ENSRNOG00000015033",659
"ENSRNOG00000004940",130
"ENSRNOG00000027282",399
"ENSRNOG00000015474",957
"ENSRNOG00000005147",21
"ENSRNOG00000069481",56
"ENSRNOG00000006329",109
"ENSRNOG00000059061",1201
"ENSRNOG00000005218",992
"ENSRNOG00000026518",0
"ENSRNOG00000038140",263
"ENSRNOG00000008103",1355
"ENSRNOG00000002146",2048
"ENSRNOG00000007849",49
"ENSRNOG00000002142",136
"ENSRNOG00000034289",1
"ENSRNOG00000050982",0
"ENSRNOG00000070225",0
"ENSRNOG00000064135",21
"ENSRNOG00000033575",0
"ENSRNOG00000031928",0
"ENSRNOG00000067394",0
"ENSRNOG00000066410",0
"ENSRNOG00000054331",48
"ENSRNOG00000069005",22
"ENSRNOG00000053303",10
"ENSRNOG00000057703",5
"ENSRNOG00000062367",1
"ENSRNOG00000002225",972
"ENSRNOG00000071057",0
"ENSRNOG00000065081",52
"ENSRNOG00000006394",204
"ENSRNOG00000002200",109
"ENSRNOG00000058316",57
"ENSRNOG00000006740",378
"ENSRNOG00000064883",1
"ENSRNOG00000002061",737
"ENSRNOG00000005248",2372
"ENSRNOG00000002202",0
"ENSRNOG00000002247",195
"ENSRNOG00000019325",510
"ENSRNOG00000059624",84
"ENSRNOG00000003599",104
"ENSRNOG00000063484",199
"ENSRNOG00000051135",0
"ENSRNOG00000048891",679
"ENSRNOG00000002180",867
"ENSRNOG00000008917",444
"ENSRNOG00000019624",782
"ENSRNOG00000024390",1
"ENSRNOG00000011847",47
"ENSRNOG00000002042",0
"ENSRNOG00000002075",564
"ENSRNOG00000010706",48
"ENSRNOG00000039989",99
"ENSRNOG00000009040",524
"ENSRNOG00000064381",84
"ENSRNOG00000002408",0
"ENSRNOG00000008951",0
"ENSRNOG00000005411",432
"ENSRNOG00000033251",24
"ENSRNOG00000065003",94
"ENSRNOG00000050580",0
"ENSRNOG00000019645",0
"ENSRNOG00000012147",303
"ENSRNOG00000015093",0
"ENSRNOG00000054437",69
"ENSRNOG00000061121",3268
"ENSRNOG00000027152",654
"ENSRNOG00000065408",1
"ENSRNOG00000002134",0
"ENSRNOG00000005524",364
"ENSRNOG00000068954",0
"ENSRNOG00000002484",0
"ENSRNOG00000005982",84
"ENSRNOG00000070747",135
"ENSRNOG00000061231",729
"ENSRNOG00000009437",1437
"ENSRNOG00000066766",2
"ENSRNOG00000002073",2
"ENSRNOG00000054669",248
"ENSRNOG00000067007",578
"ENSRNOG00000070530",0
"ENSRNOG00000027032",89
"ENSRNOG00000008421",167
"ENSRNOG00000062465",0
"ENSRNOG00000069246",63
"ENSRNOG00000009281",178
"ENSRNOG00000002212",5
"ENSRNOG00000049446",2
"ENSRNOG00000019451",3103
"ENSRNOG00000009267",322
"ENSRNOG00000022631",0
"ENSRNOG00000000064",394
"ENSRNOG00000051929",0
"ENSRNOG00000064533",0
"ENSRNOG00000026134",74
"ENSRNOG00000007120",774
"ENSRNOG00000002214",35
"ENSRNOG00000002089",173
"ENSRNOG00000024899",0
"ENSRNOG00000002343",147
"ENSRNOG00000002004",38
"ENSRNOG00000070774",0
"ENSRNOG00000009639",260
"ENSRNOG00000002771",62
"ENSRNOG00000002643",706
"ENSRNOG00000066604",0
"ENSRNOG00000022242",0
"ENSRNOG00000007125",226
"ENSRNOG00000002759",46
"ENSRNOG00000062477",0
"ENSRNOG00000059582",1
"ENSRNOG00000005113",0
"ENSRNOG00000026716",74
"ENSRNOG00000058724",167
"ENSRNOG00000008079",391
"ENSRNOG00000002834",0
"ENSRNOG00000068418",11
"ENSRNOG00000002546",379
"ENSRNOG00000067728",0
"ENSRNOG00000017775",0
"ENSRNOG00000002192",154
"ENSRNOG00000062888",0
"ENSRNOG00000010298",2215
"ENSRNOG00000062749",0
"ENSRNOG00000051837",0
"ENSRNOG00000069779",0
"ENSRNOG00000065159",1
"ENSRNOG00000009935",863
"ENSRNOG00000064890",79
"ENSRNOG00000008456",614
"ENSRNOG00000002433",917
"ENSRNOG00000002232",1330
"ENSRNOG00000056826",16
"ENSRNOG00000004515",564
"ENSRNOG00000002506",147
"ENSRNOG00000004555",0
"ENSRNOG00000064777",5
"ENSRNOG00000002194",191
"ENSRNOG00000063717",1010
"ENSRNOG00000002829",0
"ENSRNOG00000005397",1728
"ENSRNOG00000063361",0
"ENSRNOG00000049782",176
"ENSRNOG00000060245",0
"ENSRNOG00000014874",23
"ENSRNOG00000051889",2088
"ENSRNOG00000002579",4909
"ENSRNOG00000049270",0
"ENSRNOG00000002956",231
"ENSRNOG00000012184",185
"ENSRNOG00000002782",0
"ENSRNOG00000049828",88
"ENSRNOG00000067305",115
"ENSRNOG00000069417",14
"ENSRNOG00000067702",0
"ENSRNOG00000002159",29
"ENSRNOG00000003003",200
"ENSRNOG00000008716",0
"ENSRNOG00000002188",35
"ENSRNOG00000021347",43
"ENSRNOG00000070232",0
"ENSRNOG00000002168",0
"ENSRNOG00000056767",0
"ENSRNOG00000002792",0
"ENSRNOG00000025494",3
"ENSRNOG00000071170",159
"ENSRNOG00000002802",52
"ENSRNOG00000065472",5
"ENSRNOG00000030988",296
"ENSRNOG00000002185",199
"ENSRNOG00000002273",10
"ENSRNOG00000000062",559
"ENSRNOG00000043124",0
"ENSRNOG00000069799",146
"ENSRNOG00000028043",1
"ENSRNOG00000070238",0
"ENSRNOG00000023937",13
"ENSRNOG00000054896",251
"ENSRNOG00000004280",1776
"ENSRNOG00000002149",1
"ENSRNOG00000028015",0
"ENSRNOG00000054151",129
"ENSRNOG00000004626",0
"ENSRNOG00000002112",383
"ENSRNOG00000009220",129
"ENSRNOG00000049955",0
"ENSRNOG00000052142",91
"ENSRNOG00000051590",0
"ENSRNOG00000002053",2274
"ENSRNOG00000066359",0
"ENSRNOG00000013647",195
"ENSRNOG00000046327",1164
"ENSRNOG00000055372",15
"ENSRNOG00000007049",0
"ENSRNOG00000002079",0
"ENSRNOG00000004932",0
"ENSRNOG00000005130",1505
"ENSRNOG00000023650",1097
"ENSRNOG00000064097",10
"ENSRNOG00000006261",161
"ENSRNOG00000013720",1066
"ENSRNOG00000063828",389
"ENSRNOG00000027249",61
"ENSRNOG00000058991",0
"ENSRNOG00000002182",6911
"ENSRNOG00000014098",173
"ENSRNOG00000012367",1
"ENSRNOG00000007864",46
"ENSRNOG00000066201",0
"ENSRNOG00000037865",0
"ENSRNOG00000024634",2
"ENSRNOG00000068459",5
"ENSRNOG00000011979",569
"ENSRNOG00000004057",305
"ENSRNOG00000055015",0
"ENSRNOG00000056944",349
"ENSRNOG00000004145",14
"ENSRNOG00000024454",52
"ENSRNOG00000002186",77
"ENSRNOG00000004161",53
"ENSRNOG00000002210",746
"ENSRNOG00000002203",241
"ENSRNOG00000051487",156
"ENSRNOG00000009240",416
"ENSRNOG00000004426",181
"ENSRNOG00000064588",3
"ENSRNOG00000014409",0
"ENSRNOG00000004456",1
"ENSRNOG00000004130",211
"ENSRNOG00000002878",1
"ENSRNOG00000061527",0
"ENSRNOG00000003374",0
"ENSRNOG00000023484",179
"ENSRNOG00000029004",0
"ENSRNOG00000068270",0
"ENSRNOG00000002125",1620
"ENSRNOG00000049244",99
"ENSRNOG00000042419",64
"ENSRNOG00000005016",573
"ENSRNOG00000002204",2
"ENSRNOG00000003844",2141
"ENSRNOG00000006356",0
"ENSRNOG00000002054",56
"ENSRNOG00000003600",154
"ENSRNOG00000003289",390
"ENSRNOG00000008786",753
"ENSRNOG00000047876",2
"ENSRNOG00000003712",312
"ENSRNOG00000023446",21
"ENSRNOG00000002218",53
"ENSRNOG00000003901",88
"ENSRNOG00000003787",106
"ENSRNOG00000055849",0
"ENSRNOG00000002208",192
"ENSRNOG00000060825",447
"ENSRNOG00000005434",4523
"ENSRNOG00000023389",0
"ENSRNOG00000038572",85
"ENSRNOG00000002361",0
"ENSRNOG00000066757",4684
"ENSRNOG00000069412",204
"ENSRNOG00000053875",42
"ENSRNOG00000003704",3
"ENSRNOG00000064595",0
"ENSRNOG00000032471",203
"ENSRNOG00000064100",7
"ENSRNOG00000002045",870
"ENSRNOG00000014785",1435
"ENSRNOG00000022176",12
"ENSRNOG00000043451",6368
"ENSRNOG00000007283",694
"ENSRNOG00000053766",11
"ENSRNOG00000070799",87
"ENSRNOG00000058474",551
"ENSRNOG00000032350",0
"ENSRNOG00000064123",0
"ENSRNOG00000062922",1
"ENSRNOG00000012378",330
"ENSRNOG00000068086",6
"ENSRNOG00000063032",0
"ENSRNOG00000013532",62
"ENSRNOG00000004621",1803
"ENSRNOG00000002258",3
"ENSRNOG00000003924",145
"ENSRNOG00000059140",1
"ENSRNOG00000002256",0
"ENSRNOG00000003253",125
"ENSRNOG00000052477",292
"ENSRNOG00000067585",3
"ENSRNOG00000003869",3033
"ENSRNOG00000063380",0
"ENSRNOG00000037462",16
"ENSRNOG00000022298",0
"ENSRNOG00000025923",381
"ENSRNOG00000022256",8
"ENSRNOG00000003052",213
"ENSRNOG00000027864",679
"ENSRNOG00000052275",38
"ENSRNOG00000060340",1864
"ENSRNOG00000068472",0
"ENSRNOG00000000048",1006
"ENSRNOG00000007948",825
"ENSRNOG00000065699",325
"ENSRNOG00000056148",1033
"ENSRNOG00000062321",0
"ENSRNOG00000049076",0
"ENSRNOG00000025645",0
"ENSRNOG00000002940",1557
"ENSRNOG00000058780",0
"ENSRNOG00000061910",1
"ENSRNOG00000067374",7
"ENSRNOG00000065388",0
"ENSRNOG00000062895",0
"ENSRNOG00000070590",0
"ENSRNOG00000069782",45
"ENSRNOG00000052061",0
"ENSRNOG00000004670",361
"ENSRNOG00000034011",0
"ENSRNOG00000003067",0
"ENSRNOG00000004440",7
"ENSRNOG00000002728",46
"ENSRNOG00000039548",0
"ENSRNOG00000039504",36
"ENSRNOG00000003296",146
"ENSRNOG00000063211",0
"ENSRNOG00000052080",3
"ENSRNOG00000039326",0
"ENSRNOG00000027463",32
"ENSRNOG00000065084",3
"ENSRNOG00000003119",0
"ENSRNOG00000005180",0
"ENSRNOG00000062649",0
"ENSRNOG00000064480",545
"ENSRNOG00000031307",0
"ENSRNOG00000065866",0
"ENSRNOG00000070218",0
"ENSRNOG00000050229",1
"ENSRNOG00000011704",194
"ENSRNOG00000009291",1
"ENSRNOG00000013353",318
"ENSRNOG00000018023",300
"ENSRNOG00000018295",377
"ENSRNOG00000008351",24
"ENSRNOG00000062766",0
"ENSRNOG00000070556",0
"ENSRNOG00000008543",153
"ENSRNOG00000062372",0
"ENSRNOG00000045711",0
"ENSRNOG00000065063",0
"ENSRNOG00000008829",605
"ENSRNOG00000013804",498
"ENSRNOG00000011039",6
"ENSRNOG00000014148",293
"ENSRNOG00000009745",255
"ENSRNOG00000010178",285
"ENSRNOG00000015495",72
"ENSRNOG00000011167",53
"ENSRNOG00000010935",0
"ENSRNOG00000011237",400
"ENSRNOG00000031849",0
"ENSRNOG00000017170",42
"ENSRNOG00000011873",108
"ENSRNOG00000010645",687
"ENSRNOG00000047413",3
"ENSRNOG00000064161",0
"ENSRNOG00000010063",142
"ENSRNOG00000067178",0
"ENSRNOG00000070834",0
"ENSRNOG00000070976",5
"ENSRNOG00000012491",0
"ENSRNOG00000014982",0
"ENSRNOG00000067796",1
"ENSRNOG00000064001",0
"ENSRNOG00000000155",427
"ENSRNOG00000066061",0
"ENSRNOG00000012255",552
"ENSRNOG00000012515",0
"ENSRNOG00000067438",0
"ENSRNOG00000033642",0
"ENSRNOG00000001052",160
"ENSRNOG00000014192",143
"ENSRNOG00000066232",0
"ENSRNOG00000065899",0
"ENSRNOG00000016271",6826
"ENSRNOG00000069012",0
"ENSRNOG00000047419",0
"ENSRNOG00000015054",142
"ENSRNOG00000032368",0
"ENSRNOG00000012545",0
"ENSRNOG00000012526",0
"ENSRNOG00000008739",0
"ENSRNOG00000016029",448
"ENSRNOG00000030687",0
"ENSRNOG00000029613",0
"ENSRNOG00000008804",0
"ENSRNOG00000065218",0
"ENSRNOG00000039487",0
"ENSRNOG00000063079",0
"ENSRNOG00000025615",1
"ENSRNOG00000015577",264
"ENSRNOG00000054022",1
"ENSRNOG00000062920",0
"ENSRNOG00000030110",0
"ENSRNOG00000025562",1
"ENSRNOG00000066425",0
"ENSRNOG00000039500",0
"ENSRNOG00000062984",0
"ENSRNOG00000069587",0
"ENSRNOG00000064358",0
"ENSRNOG00000008800",0
"ENSRNOG00000063204",0
"ENSRNOG00000067511",0
"ENSRNOG00000069251",0
"ENSRNOG00000042103",0
"ENSRNOG00000014478",1184
"ENSRNOG00000039060",0
"ENSRNOG00000070633",2
"ENSRNOG00000020382",0
"ENSRNOG00000068095",0
"ENSRNOG00000063996",0
"ENSRNOG00000008850",140
"ENSRNOG00000057750",48
"ENSRNOG00000021843",2
"ENSRNOG00000067714",10
"ENSRNOG00000048585",17
"ENSRNOG00000058011",2584
"ENSRNOG00000025239",2
"ENSRNOG00000031532",254
"ENSRNOG00000013433",0
"ENSRNOG00000022760",1
"ENSRNOG00000008892",179
"ENSRNOG00000029077",67
"ENSRNOG00000021823",1
"ENSRNOG00000050996",1
"ENSRNOG00000011657",17
"ENSRNOG00000070802",2
"ENSRNOG00000026056",0
"ENSRNOG00000064764",106
"ENSRNOG00000038291",0
"ENSRNOG00000049650",0
"ENSRNOG00000029516",0
"ENSRNOG00000038122",0
"ENSRNOG00000030871",186
"ENSRNOG00000009333",122
"ENSRNOG00000045597",0
"ENSRNOG00000029520",8
"ENSRNOG00000038074",5939
"ENSRNOG00000062952",0
"ENSRNOG00000009663",536
"ENSRNOG00000038041",3
"ENSRNOG00000022492",7
"ENSRNOG00000001030",4640
"ENSRNOG00000009521",0
"ENSRNOG00000009948",531
"ENSRNOG00000065791",0
"ENSRNOG00000031960",323
"ENSRNOG00000063983",0
"ENSRNOG00000064722",0
"ENSRNOG00000064971",0
"ENSRNOG00000055266",0
"ENSRNOG00000067582",0
"ENSRNOG00000029824",0
"ENSRNOG00000068404",0
"ENSRNOG00000063454",0
"ENSRNOG00000010261",1
"ENSRNOG00000070732",8
"ENSRNOG00000042612",0
"ENSRNOG00000068233",0
"ENSRNOG00000068357",0
"ENSRNOG00000070440",0
"ENSRNOG00000025868",0
"ENSRNOG00000033030",802
"ENSRNOG00000031251",0
"ENSRNOG00000009982",788
"ENSRNOG00000029267",150
"ENSRNOG00000051066",0
"ENSRNOG00000009063",186
"ENSRNOG00000063800",564
"ENSRNOG00000065956",0
"ENSRNOG00000066653",1
"ENSRNOG00000070072",431
"ENSRNOG00000062868",0
"ENSRNOG00000065038",1
"ENSRNOG00000062313",7
"ENSRNOG00000043061",3
"ENSRNOG00000062503",6749
"ENSRNOG00000068647",388
"ENSRNOG00000059922",0
"ENSRNOG00000009471",0
"ENSRNOG00000051706",713
"ENSRNOG00000068903",0
"ENSRNOG00000063033",5
"ENSRNOG00000067118",0
"ENSRNOG00000068308",0
"ENSRNOG00000062863",0
"ENSRNOG00000013236",181
"ENSRNOG00000009512",535
"ENSRNOG00000010375",0
"ENSRNOG00000013287",192
"ENSRNOG00000025625",0
"ENSRNOG00000064609",32
"ENSRNOG00000025597",0
"ENSRNOG00000063584",6
"ENSRNOG00000065141",0
"ENSRNOG00000009412",362
"ENSRNOG00000069584",0
"ENSRNOG00000032133",0
"ENSRNOG00000070444",0
"ENSRNOG00000063957",0
"ENSRNOG00000064658",0
"ENSRNOG00000042960",289
"ENSRNOG00000071047",0
"ENSRNOG00000021943",0
"ENSRNOG00000001049",11510
"ENSRNOG00000029316",49
"ENSRNOG00000047106",31
"ENSRNOG00000009987",841
"ENSRNOG00000022094",63
"ENSRNOG00000042404",6
"ENSRNOG00000047817",93
"ENSRNOG00000067430",7
"ENSRNOG00000010065",138
"ENSRNOG00000042253",228
"ENSRNOG00000013280",0
"ENSRNOG00000008970",0
"ENSRNOG00000024061",1
"ENSRNOG00000038228",20
"ENSRNOG00000068464",0
"ENSRNOG00000006751",699
"ENSRNOG00000069429",0
"ENSRNOG00000062969",0
"ENSRNOG00000048927",426
"ENSRNOG00000007246",400
"ENSRNOG00000033366",0
"ENSRNOG00000045632",0
"ENSRNOG00000001037",189
"ENSRNOG00000064703",0
"ENSRNOG00000059044",0
"ENSRNOG00000001033",320
"ENSRNOG00000048795",1330
"ENSRNOG00000010389",125
"ENSRNOG00000064095",0
"ENSRNOG00000071004",0
"ENSRNOG00000031061",978
"ENSRNOG00000064846",0
"ENSRNOG00000013306",65
"ENSRNOG00000062797",0
"ENSRNOG00000049976",0
"ENSRNOG00000062484",0
"ENSRNOG00000066180",0
"ENSRNOG00000045863",253
"ENSRNOG00000007701",429
"ENSRNOG00000062724",0
"ENSRNOG00000025473",0
"ENSRNOG00000039432",0
"ENSRNOG00000051907",0
"ENSRNOG00000069768",0
"ENSRNOG00000025512",112
"ENSRNOG00000064134",0
"ENSRNOG00000067574",0
"ENSRNOG00000053145",385
"ENSRNOG00000061293",0
"ENSRNOG00000025640",0
"ENSRNOG00000066274",0
"ENSRNOG00000009075",37
"ENSRNOG00000056892",0
"ENSRNOG00000064043",0
"ENSRNOG00000027633",0
"ENSRNOG00000031304",0
"ENSRNOG00000021831",2
"ENSRNOG00000009074",7
"ENSRNOG00000064147",18
"ENSRNOG00000010696",0
"ENSRNOG00000020625",1
"ENSRNOG00000041381",0
"ENSRNOG00000068959",0
"ENSRNOG00000057109",0
"ENSRNOG00000067234",0
"ENSRNOG00000069849",0
"ENSRNOG00000046753",0
"ENSRNOG00000065233",0
"ENSRNOG00000052202",0
"ENSRNOG00000008024",849
"ENSRNOG00000035462",0
"ENSRNOG00000012012",143
"ENSRNOG00000062626",0
"ENSRNOG00000060405",2
"ENSRNOG00000054276",0
"ENSRNOG00000035583",0
"ENSRNOG00000064640",0
"ENSRNOG00000057576",0
"ENSRNOG00000051849",0
"ENSRNOG00000063503",0
"ENSRNOG00000061287",0
"ENSRNOG00000035578",0
"ENSRNOG00000011678",105
"ENSRNOG00000069993",0
"ENSRNOG00000056893",0
"ENSRNOG00000035471",0
"ENSRNOG00000065455",0
"ENSRNOG00000060150",0
"ENSRNOG00000065085",0
"ENSRNOG00000035629",0
"ENSRNOG00000011560",354
"ENSRNOG00000066053",1
"ENSRNOG00000068227",0
"ENSRNOG00000068559",0
"ENSRNOG00000066538",0
"ENSRNOG00000060682",0
"ENSRNOG00000069181",1
"ENSRNOG00000052354",567
"ENSRNOG00000057216",0
"ENSRNOG00000035649",0
"ENSRNOG00000064094",1
"ENSRNOG00000057812",0
"ENSRNOG00000065769",0
"ENSRNOG00000070936",8
"ENSRNOG00000038760",0
"ENSRNOG00000035657",0
"ENSRNOG00000065612",0
"ENSRNOG00000066005",4
"ENSRNOG00000065401",0
"ENSRNOG00000068082",0
"ENSRNOG00000068133",0
"ENSRNOG00000062371",2
"ENSRNOG00000064804",0
"ENSRNOG00000068621",0
"ENSRNOG00000068383",0
"ENSRNOG00000058865",0
"ENSRNOG00000063595",0
"ENSRNOG00000053976",0
"ENSRNOG00000065420",0
"ENSRNOG00000011316",53
"ENSRNOG00000070014",0
"ENSRNOG00000065060",0
"ENSRNOG00000066946",0
"ENSRNOG00000068304",0
"ENSRNOG00000069355",0
"ENSRNOG00000046326",0
"ENSRNOG00000053941",0
"ENSRNOG00000066682",0
"ENSRNOG00000070977",0
"ENSRNOG00000011762",551
"ENSRNOG00000065679",0
"ENSRNOG00000057970",3
"ENSRNOG00000071137",0
"ENSRNOG00000061759",0
"ENSRNOG00000033109",0
"ENSRNOG00000063561",0
"ENSRNOG00000014231",0
"ENSRNOG00000056328",0
"ENSRNOG00000062774",0
"ENSRNOG00000014282",0
"ENSRNOG00000063652",0
"ENSRNOG00000067698",0
"ENSRNOG00000066578",0
"ENSRNOG00000070214",0
"ENSRNOG00000013317",52
"ENSRNOG00000069194",0
"ENSRNOG00000065797",157
"ENSRNOG00000010708",501
"ENSRNOG00000039871",110
"ENSRNOG00000051403",0
"ENSRNOG00000065194",0
"ENSRNOG00000071126",0
"ENSRNOG00000031618",0
"ENSRNOG00000061145",0
"ENSRNOG00000065144",15
"ENSRNOG00000065498",0
"ENSRNOG00000070830",0
"ENSRNOG00000063639",11
"ENSRNOG00000054735",0
"ENSRNOG00000024785",0
"ENSRNOG00000063200",0
"ENSRNOG00000069641",0
"ENSRNOG00000018238",0
"ENSRNOG00000065189",0
"ENSRNOG00000052938",0
"ENSRNOG00000066240",0
"ENSRNOG00000012046",521
"ENSRNOG00000056766",0
"ENSRNOG00000063430",0
"ENSRNOG00000056759",0
"ENSRNOG00000065395",0
"ENSRNOG00000055553",0
"ENSRNOG00000061833",0
"ENSRNOG00000064305",0
"ENSRNOG00000059530",0
"ENSRNOG00000065126",2
"ENSRNOG00000016414",97
"ENSRNOG00000070464",0
"ENSRNOG00000012594",296
"ENSRNOG00000068863",0
"ENSRNOG00000059767",0
"ENSRNOG00000055682",0
"ENSRNOG00000039297",1133
"ENSRNOG00000061838",0
"ENSRNOG00000059034",0
"ENSRNOG00000016177",340
"ENSRNOG00000068027",0
"ENSRNOG00000060960",0
"ENSRNOG00000058061",0
"ENSRNOG00000065230",0
"ENSRNOG00000054135",0
"ENSRNOG00000062363",0
"ENSRNOG00000058452",0
"ENSRNOG00000069957",1
"ENSRNOG00000071028",0
"ENSRNOG00000063250",59
"ENSRNOG00000011544",208
"ENSRNOG00000070015",0
"ENSRNOG00000061641",17
"ENSRNOG00000014311",152
"ENSRNOG00000058525",0
"ENSRNOG00000069144",1
"ENSRNOG00000029808",0
"ENSRNOG00000024504",2
"ENSRNOG00000062348",0
"ENSRNOG00000054577",0
"ENSRNOG00000070675",0
"ENSRNOG00000033141",0
"ENSRNOG00000057363",0
"ENSRNOG00000068645",0
"ENSRNOG00000016460",3717
"ENSRNOG00000063915",2
"ENSRNOG00000066360",0
"ENSRNOG00000039284",49
"ENSRNOG00000062007",0
"ENSRNOG00000039489",17
"ENSRNOG00000012821",0
"ENSRNOG00000070715",1
"ENSRNOG00000057277",0
"ENSRNOG00000070972",0
"ENSRNOG00000063028",0
"ENSRNOG00000057251",0
"ENSRNOG00000029860",0
"ENSRNOG00000018177",0
"ENSRNOG00000058584",0
"ENSRNOG00000065303",2
"ENSRNOG00000063385",0
"ENSRNOG00000011548",22
"ENSRNOG00000057837",8
"ENSRNOG00000054493",3
"ENSRNOG00000066516",0
"ENSRNOG00000065534",2
"ENSRNOG00000057709",0
"ENSRNOG00000069433",3
"ENSRNOG00000013386",536
"ENSRNOG00000019895",282
"ENSRNOG00000055787",0
"ENSRNOG00000068890",0
"ENSRNOG00000010479",1642
"ENSRNOG00000016648",0
"ENSRNOG00000058479",0
"ENSRNOG00000013503",63
"ENSRNOG00000067974",2
"ENSRNOG00000066692",2
"ENSRNOG00000060935",0
"ENSRNOG00000070476",10
"ENSRNOG00000008203",0
"ENSRNOG00000054159",0
"ENSRNOG00000012488",541
"ENSRNOG00000062755",0
"ENSRNOG00000065567",19
"ENSRNOG00000034535",1
"ENSRNOG00000061269",0
"ENSRNOG00000064445",0
"ENSRNOG00000020216",152
"ENSRNOG00000010319",106
"ENSRNOG00000061398",0
"ENSRNOG00000063536",0
"ENSRNOG00000061120",0
"ENSRNOG00000058181",0
"ENSRNOG00000070060",2
"ENSRNOG00000009449",1699
"ENSRNOG00000063234",0
"ENSRNOG00000052992",0
"ENSRNOG00000042029",0
"ENSRNOG00000059298",0
"ENSRNOG00000059939",0
"ENSRNOG00000067706",1
"ENSRNOG00000068103",2
"ENSRNOG00000059627",0
"ENSRNOG00000067726",1
"ENSRNOG00000057990",0
"ENSRNOG00000067953",0
"ENSRNOG00000054707",0
"ENSRNOG00000020189",249
"ENSRNOG00000066324",0
"ENSRNOG00000065267",0
"ENSRNOG00000012844",610
"ENSRNOG00000056319",0
"ENSRNOG00000068534",0
"ENSRNOG00000011634",37
"ENSRNOG00000053495",0
"ENSRNOG00000070078",0
"ENSRNOG00000063907",1
"ENSRNOG00000071095",0
"ENSRNOG00000068458",0
"ENSRNOG00000053993",0
"ENSRNOG00000068783",163
"ENSRNOG00000013111",271
"ENSRNOG00000060347",0
"ENSRNOG00000029659",0
"ENSRNOG00000065894",0
"ENSRNOG00000064422",0
"ENSRNOG00000062832",0
"ENSRNOG00000063941",0
"ENSRNOG00000053120",0
"ENSRNOG00000066594",2
"ENSRNOG00000039543",1
"ENSRNOG00000063777",0
"ENSRNOG00000008059",0
"ENSRNOG00000060452",2
"ENSRNOG00000027839",165
"ENSRNOG00000070692",0
"ENSRNOG00000054386",0
"ENSRNOG00000054874",0
"ENSRNOG00000048980",19
"ENSRNOG00000052738",0
"ENSRNOG00000009034",193
"ENSRNOG00000053579",0
"ENSRNOG00000064280",0
"ENSRNOG00000067130",0
"ENSRNOG00000061336",0
"ENSRNOG00000013533",1222
"ENSRNOG00000065715",0
"ENSRNOG00000062908",0
"ENSRNOG00000027383",0
"ENSRNOG00000056821",0
"ENSRNOG00000069197",0
"ENSRNOG00000057947",0
"ENSRNOG00000069162",16
"ENSRNOG00000028810",0
"ENSRNOG00000015308",47
"ENSRNOG00000055587",0
"ENSRNOG00000035605",0
"ENSRNOG00000035645",0
"ENSRNOG00000063635",0
"ENSRNOG00000040381",0
"ENSRNOG00000064428",0
"ENSRNOG00000010798",1
"ENSRNOG00000011809",2
"ENSRNOG00000045973",0
"ENSRNOG00000062795",19
"ENSRNOG00000063486",0
"ENSRNOG00000009814",9
"ENSRNOG00000059279",0
"ENSRNOG00000063390",0
"ENSRNOG00000029146",209
"ENSRNOG00000020563",0
"ENSRNOG00000012402",0
"ENSRNOG00000066208",1
"ENSRNOG00000045641",0
"ENSRNOG00000057827",0
"ENSRNOG00000029220",348
"ENSRNOG00000064152",19
"ENSRNOG00000061157",0
"ENSRNOG00000008986",380
"ENSRNOG00000014904",2
"ENSRNOG00000069819",0
"ENSRNOG00000009873",320
"ENSRNOG00000018825",486
"ENSRNOG00000031100",0
"ENSRNOG00000008570",0
"ENSRNOG00000067125",2
"ENSRNOG00000025757",0
"ENSRNOG00000069044",0
"ENSRNOG00000065640",0
"ENSRNOG00000068573",0
"ENSRNOG00000064476",0
"ENSRNOG00000059188",0
"ENSRNOG00000022597",92
"ENSRNOG00000055101",0
"ENSRNOG00000065429",52
"ENSRNOG00000060835",0
"ENSRNOG00000056306",0
"ENSRNOG00000069953",0
"ENSRNOG00000069532",0
"ENSRNOG00000054766",0
"ENSRNOG00000010042",335
"ENSRNOG00000067762",337
"ENSRNOG00000015732",160
"ENSRNOG00000055932",0
"ENSRNOG00000051622",0
"ENSRNOG00000008814",2
"ENSRNOG00000054041",1
"ENSRNOG00000052692",0
"ENSRNOG00000063774",0
"ENSRNOG00000031449",0
"ENSRNOG00000042195",825
"ENSRNOG00000017424",2
"ENSRNOG00000053065",0
"ENSRNOG00000052683",0
"ENSRNOG00000064523",0
"ENSRNOG00000067145",0
"ENSRNOG00000011953",529
"ENSRNOG00000008834",75
"ENSRNOG00000059046",0
"ENSRNOG00000057168",0
"ENSRNOG00000016983",0
"ENSRNOG00000014291",618
"ENSRNOG00000069783",0
"ENSRNOG00000061555",0
"ENSRNOG00000067671",0
"ENSRNOG00000068549",0
"ENSRNOG00000051646",0
"ENSRNOG00000061152",1514
"ENSRNOG00000061494",0
"ENSRNOG00000068487",199
"ENSRNOG00000069315",0
"ENSRNOG00000070994",0
"ENSRNOG00000056111",0
"ENSRNOG00000065418",0
"ENSRNOG00000059855",0
"ENSRNOG00000063420",0
"ENSRNOG00000024798",107
"ENSRNOG00000047005",0
"ENSRNOG00000025011",1386
"ENSRNOG00000017286",71
"ENSRNOG00000009125",373
"ENSRNOG00000018069",183
"ENSRNOG00000009208",34
"ENSRNOG00000016828",0
"ENSRNOG00000053494",1
"ENSRNOG00000016804",0
"ENSRNOG00000011592",2727
"ENSRNOG00000020782",315
"ENSRNOG00000053334",1
"ENSRNOG00000018399",0
"ENSRNOG00000011621",1883
"ENSRNOG00000020321",155
"ENSRNOG00000025634",168
"ENSRNOG00000020377",2
"ENSRNOG00000066806",0
"ENSRNOG00000018105",401
"ENSRNOG00000065822",0
"ENSRNOG00000020685",1
"ENSRNOG00000060775",1304
"ENSRNOG00000067852",0
"ENSRNOG00000069821",0
"ENSRNOG00000025619",0
"ENSRNOG00000017027",0
"ENSRNOG00000062532",0
"ENSRNOG00000025589",0
"ENSRNOG00000066413",0
"ENSRNOG00000008989",23
"ENSRNOG00000020136",8
"ENSRNOG00000013968",111
"ENSRNOG00000063163",1
"ENSRNOG00000008785",92
"ENSRNOG00000039435",0
"ENSRNOG00000066673",0
"ENSRNOG00000062840",0
"ENSRNOG00000013089",175
"ENSRNOG00000060662",0
"ENSRNOG00000069519",0
"ENSRNOG00000022116",0
"ENSRNOG00000010947",3579
"ENSRNOG00000014887",91
"ENSRNOG00000020503",2
"ENSRNOG00000009431",14
"ENSRNOG00000032148",14
"ENSRNOG00000020506",87
"ENSRNOG00000019019",0
"ENSRNOG00000054269",0
"ENSRNOG00000018528",0
"ENSRNOG00000009090",1588
"ENSRNOG00000020544",185
"ENSRNOG00000038012",62
"ENSRNOG00000030483",341
"ENSRNOG00000009244",1887
"ENSRNOG00000013101",0
"ENSRNOG00000064786",0
"ENSRNOG00000013326",631
"ENSRNOG00000068252",1
"ENSRNOG00000066973",0
"ENSRNOG00000070770",0
"ENSRNOG00000019840",57
"ENSRNOG00000011168",163
"ENSRNOG00000009713",1415
"ENSRNOG00000053522",0
"ENSRNOG00000013505",2041
"ENSRNOG00000008847",6
"ENSRNOG00000010296",112
"ENSRNOG00000018536",643
"ENSRNOG00000065600",0
"ENSRNOG00000066599",0
"ENSRNOG00000049099",2631
"ENSRNOG00000008855",0
"ENSRNOG00000012791",861
"ENSRNOG00000018239",63
"ENSRNOG00000009145",112
"ENSRNOG00000050968",0
"ENSRNOG00000024509",0
"ENSRNOG00000069364",0
"ENSRNOG00000064504",0
"ENSRNOG00000066125",0
"ENSRNOG00000064194",0
"ENSRNOG00000063334",0
"ENSRNOG00000013459",460
"ENSRNOG00000005857",0
"ENSRNOG00000066711",0
"ENSRNOG00000025518",13
"ENSRNOG00000008734",1188
"ENSRNOG00000067381",0
"ENSRNOG00000070074",0
"ENSRNOG00000063931",0
"ENSRNOG00000067301",0
"ENSRNOG00000010137",490
"ENSRNOG00000009836",693
"ENSRNOG00000067669",0
"ENSRNOG00000007895",356
"ENSRNOG00000011158",1031
"ENSRNOG00000021712",216
"ENSRNOG00000069095",2
"ENSRNOG00000020401",1
"ENSRNOG00000067709",0
"ENSRNOG00000061275",0
"ENSRNOG00000065912",0
"ENSRNOG00000068543",0
"ENSRNOG00000055238",0
"ENSRNOG00000009690",219
"ENSRNOG00000070979",0
"ENSRNOG00000024022",561
"ENSRNOG00000067681",1
"ENSRNOG00000068831",0
"ENSRNOG00000010997",1
"ENSRNOG00000065703",0
"ENSRNOG00000064184",4
"ENSRNOG00000020264",297
"ENSRNOG00000013581",1069
"ENSRNOG00000009649",0
"ENSRNOG00000065367",0
"ENSRNOG00000022337",0
"ENSRNOG00000009470",1225
"ENSRNOG00000064677",0
"ENSRNOG00000009209",0
"ENSRNOG00000047211",123
"ENSRNOG00000053891",0
"ENSRNOG00000065860",0
"ENSRNOG00000054569",0
"ENSRNOG00000009530",13
"ENSRNOG00000068772",0
"ENSRNOG00000071105",5
"ENSRNOG00000020465",192
"ENSRNOG00000065100",0
"ENSRNOG00000066775",0
"ENSRNOG00000009625",1660
"ENSRNOG00000068941",0
"ENSRNOG00000063247",0
"ENSRNOG00000010058",840
"ENSRNOG00000030018",0
"ENSRNOG00000049583",0
"ENSRNOG00000063938",0
"ENSRNOG00000062910",0
"ENSRNOG00000020482",239
"ENSRNOG00000067050",0
"ENSRNOG00000010085",5
"ENSRNOG00000011471",1
"ENSRNOG00000009919",0
"ENSRNOG00000069606",0
"ENSRNOG00000065955",0
"ENSRNOG00000042267",0
"ENSRNOG00000013623",0
"ENSRNOG00000070380",3
"ENSRNOG00000009694",2015
"ENSRNOG00000014003",0
"ENSRNOG00000066524",0
"ENSRNOG00000064315",0
"ENSRNOG00000009766",820
"ENSRNOG00000066720",0
"ENSRNOG00000038068",0
"ENSRNOG00000014191",122
"ENSRNOG00000019246",22
"ENSRNOG00000063695",0
"ENSRNOG00000038917",0
"ENSRNOG00000070366",0
"ENSRNOG00000012521",2
"ENSRNOG00000009815",61
"ENSRNOG00000063949",0
"ENSRNOG00000064694",110
"ENSRNOG00000063134",0
"ENSRNOG00000007206",7
"ENSRNOG00000065815",0
"ENSRNOG00000064531",0
"ENSRNOG00000019438",297
"ENSRNOG00000042156",0
"ENSRNOG00000012644",512
"ENSRNOG00000064939",2
"ENSRNOG00000011646",6
"ENSRNOG00000024237",4
"ENSRNOG00000025302",78
"ENSRNOG00000005883",0
"ENSRNOG00000063168",0
"ENSRNOG00000067749",0
"ENSRNOG00000005869",469
"ENSRNOG00000021847",116
"ENSRNOG00000067066",0
"ENSRNOG00000019478",0
"ENSRNOG00000067546",0
"ENSRNOG00000068832",0
"ENSRNOG00000062588",163
"ENSRNOG00000070952",0
"ENSRNOG00000064323",0
"ENSRNOG00000010064",103
"ENSRNOG00000065453",0
"ENSRNOG00000066847",22
"ENSRNOG00000048431",402
"ENSRNOG00000011024",334
"ENSRNOG00000062279",116
"ENSRNOG00000019041",1715
"ENSRNOG00000059334",419
"ENSRNOG00000027012",456
"ENSRNOG00000012951",6
"ENSRNOG00000019162",12
"ENSRNOG00000012049",1
"ENSRNOG00000013793",0
"ENSRNOG00000049919",0
"ENSRNOG00000007320",0
"ENSRNOG00000068540",0
"ENSRNOG00000046301",0
"ENSRNOG00000064668",76
"ENSRNOG00000009820",1021
"ENSRNOG00000019503",1
"ENSRNOG00000047258",0
"ENSRNOG00000047637",0
"ENSRNOG00000019553",1220
"ENSRNOG00000047632",0
"ENSRNOG00000005957",145
"ENSRNOG00000019710",740
"ENSRNOG00000012440",59
"ENSRNOG00000019789",1
"ENSRNOG00000008053",12
"ENSRNOG00000020647",0
"ENSRNOG00000021910",0
"ENSRNOG00000031792",0
"ENSRNOG00000009522",0
"ENSRNOG00000014054",0
"ENSRNOG00000070413",0
"ENSRNOG00000069510",0
"ENSRNOG00000063482",0
"ENSRNOG00000008664",1688
"ENSRNOG00000046660",4082
"ENSRNOG00000033261",11
"ENSRNOG00000009661",249
"ENSRNOG00000008671",1
"ENSRNOG00000024703",803
"ENSRNOG00000058057",891
"ENSRNOG00000054782",726
"ENSRNOG00000056343",1722
"ENSRNOG00000063112",0
"ENSRNOG00000012918",667
"ENSRNOG00000010352",923
"ENSRNOG00000024125",0
"ENSRNOG00000014398",45
"ENSRNOG00000013707",90
"ENSRNOG00000007378",1
"ENSRNOG00000015921",15
"ENSRNOG00000015939",143
"ENSRNOG00000014659",24
"ENSRNOG00000010737",4234
"ENSRNOG00000028821",1
"ENSRNOG00000067366",0
"ENSRNOG00000007632",42
"ENSRNOG00000062980",0
"ENSRNOG00000014509",764
"ENSRNOG00000017828",39
"ENSRNOG00000068885",0
"ENSRNOG00000066964",0
"ENSRNOG00000064732",0
"ENSRNOG00000067241",13
"ENSRNOG00000040007",0
"ENSRNOG00000031535",0
"ENSRNOG00000042281",0
"ENSRNOG00000066375",5
"ENSRNOG00000051564",407
"ENSRNOG00000070038",0
"ENSRNOG00000014518",0
"ENSRNOG00000037884",0
"ENSRNOG00000037886",1
"ENSRNOG00000009278",3
"ENSRNOG00000009481",248
"ENSRNOG00000066148",110
"ENSRNOG00000063586",0
"ENSRNOG00000010555",0
"ENSRNOG00000014603",313
"ENSRNOG00000031720",0
"ENSRNOG00000063939",0
"ENSRNOG00000000340",1797
"ENSRNOG00000009849",152
"ENSRNOG00000050211",8
"ENSRNOG00000010311",638
"ENSRNOG00000017373",84
"ENSRNOG00000014653",1
"ENSRNOG00000015095",102
"ENSRNOG00000000341",2422
"ENSRNOG00000012912",0
"ENSRNOG00000013876",133
"ENSRNOG00000066389",4
"ENSRNOG00000026247",0
"ENSRNOG00000069977",0
"ENSRNOG00000009871",4
"ENSRNOG00000014265",1
"ENSRNOG00000063660",26
"ENSRNOG00000039829",0
"ENSRNOG00000011611",1061
"ENSRNOG00000011598",5
"ENSRNOG00000011427",15
"ENSRNOG00000008794",449
"ENSRNOG00000064141",0
"ENSRNOG00000021680",102
"ENSRNOG00000009102",5425
"ENSRNOG00000014358",0
"ENSRNOG00000004516",886
"ENSRNOG00000008565",133
"ENSRNOG00000009288",29
"ENSRNOG00000008140",3237
"ENSRNOG00000012751",2903
"ENSRNOG00000069746",2
"ENSRNOG00000013835",0
"ENSRNOG00000011831",63
"ENSRNOG00000014075",12
"ENSRNOG00000011603",178
"ENSRNOG00000012014",182
"ENSRNOG00000009419",822
"ENSRNOG00000038762",0
"ENSRNOG00000066497",88
"ENSRNOG00000030724",0
"ENSRNOG00000011203",1175
"ENSRNOG00000010028",143
"ENSRNOG00000012209",182
"ENSRNOG00000011511",860
"ENSRNOG00000011177",3
"ENSRNOG00000011323",0
"ENSRNOG00000014945",969
"ENSRNOG00000010890",1307
"ENSRNOG00000065026",0
"ENSRNOG00000068183",305
"ENSRNOG00000015075",29
"ENSRNOG00000032690",609
"ENSRNOG00000015477",0
"ENSRNOG00000011373",205
"ENSRNOG00000009181",0
"ENSRNOG00000007203",462
"ENSRNOG00000009192",88
"ENSRNOG00000038483",10
"ENSRNOG00000007956",65
"ENSRNOG00000009440",0
"ENSRNOG00000057042",145
"ENSRNOG00000009832",992
"ENSRNOG00000009802",49
"ENSRNOG00000008641",138
"ENSRNOG00000038759",0
"ENSRNOG00000038758",0
"ENSRNOG00000006334",217
"ENSRNOG00000038757",0
"ENSRNOG00000013288",713
"ENSRNOG00000010331",8066
"ENSRNOG00000026328",1
"ENSRNOG00000009785",78
"ENSRNOG00000021314",592
"ENSRNOG00000013922",12
"ENSRNOG00000011342",1
"ENSRNOG00000006462",506
"ENSRNOG00000070558",0
"ENSRNOG00000026616",0
"ENSRNOG00000065077",15
"ENSRNOG00000013658",0
"ENSRNOG00000009811",2726
"ENSRNOG00000013916",0
"ENSRNOG00000027040",58
"ENSRNOG00000010721",105
"ENSRNOG00000067464",0
"ENSRNOG00000067330",112
"ENSRNOG00000012363",5
"ENSRNOG00000025638",0
"ENSRNOG00000014310",127
"ENSRNOG00000010489",451
"ENSRNOG00000052414",0
"ENSRNOG00000064068",0
"ENSRNOG00000054879",0
"ENSRNOG00000070489",0
"ENSRNOG00000012710",752
"ENSRNOG00000012628",3
"ENSRNOG00000025094",1
"ENSRNOG00000012273",0
"ENSRNOG00000014010",2
"ENSRNOG00000017481",358
"ENSRNOG00000016321",363
"ENSRNOG00000011969",341
"ENSRNOG00000016758",3716
"ENSRNOG00000016777",99
"ENSRNOG00000016939",338
"ENSRNOG00000004752",32
"ENSRNOG00000010989",2020
"ENSRNOG00000012850",592
"ENSRNOG00000064565",257
"ENSRNOG00000060401",2
"ENSRNOG00000070657",56
"ENSRNOG00000013034",0
"ENSRNOG00000005783",424
"ENSRNOG00000069198",2
"ENSRNOG00000065677",2
"ENSRNOG00000014237",87
"ENSRNOG00000048195",34
"ENSRNOG00000006422",0
"ENSRNOG00000010516",2
"ENSRNOG00000071188",0
"ENSRNOG00000040122",1
"ENSRNOG00000014661",26
"ENSRNOG00000046912",365
"ENSRNOG00000064483",1
"ENSRNOG00000009274",305
"ENSRNOG00000009783",1808
"ENSRNOG00000009042",1461
"ENSRNOG00000062911",0
"ENSRNOG00000068637",0
"ENSRNOG00000011461",358
"ENSRNOG00000010765",18872
"ENSRNOG00000012325",477
"ENSRNOG00000057755",915
"ENSRNOG00000056617",1004
"ENSRNOG00000007136",2641
"ENSRNOG00000009297",283
"ENSRNOG00000009206",0
"ENSRNOG00000006143",252
"ENSRNOG00000005985",9
"ENSRNOG00000005993",93
"ENSRNOG00000008949",245
"ENSRNOG00000008167",397
"ENSRNOG00000007817",117
"ENSRNOG00000006649",754
"ENSRNOG00000007046",23
"ENSRNOG00000064871",1
"ENSRNOG00000006898",231
"ENSRNOG00000006619",101
"ENSRNOG00000069647",0
"ENSRNOG00000006554",483
"ENSRNOG00000019232",314
"ENSRNOG00000018938",37
"ENSRNOG00000017820",0
"ENSRNOG00000018853",0
"ENSRNOG00000042120",0
"ENSRNOG00000069385",365
"ENSRNOG00000029549",631
"ENSRNOG00000068518",0
"ENSRNOG00000064755",2
"ENSRNOG00000019519",7
"ENSRNOG00000070010",1
"ENSRNOG00000030925",40
"ENSRNOG00000027506",0
"ENSRNOG00000063738",3
"ENSRNOG00000033763",3
"ENSRNOG00000061359",140
"ENSRNOG00000039876",188
"ENSRNOG00000021752",0
"ENSRNOG00000038520",1
"ENSRNOG00000067437",85
"ENSRNOG00000018685",0
"ENSRNOG00000069521",488
"ENSRNOG00000017558",108
"ENSRNOG00000066822",26
"ENSRNOG00000019533",25
"ENSRNOG00000018698",916
"ENSRNOG00000068870",0
"ENSRNOG00000063235",5
"ENSRNOG00000052320",0
"ENSRNOG00000017445",0
"ENSRNOG00000058811",0
"ENSRNOG00000051428",0
"ENSRNOG00000038047",535
"ENSRNOG00000060985",0
"ENSRNOG00000017577",35
"ENSRNOG00000058895",0
"ENSRNOG00000064216",9
"ENSRNOG00000051566",0
"ENSRNOG00000038045",1295
"ENSRNOG00000063796",97
"ENSRNOG00000062940",0
"ENSRNOG00000068127",0
"ENSRNOG00000064431",0
"ENSRNOG00000054187",0
"ENSRNOG00000063460",0
"ENSRNOG00000064328",3
"ENSRNOG00000062394",0
"ENSRNOG00000017093",397
"ENSRNOG00000059499",0
"ENSRNOG00000070037",0
"ENSRNOG00000065074",0
"ENSRNOG00000069116",139
"ENSRNOG00000060417",0
"ENSRNOG00000062867",0
"ENSRNOG00000066580",1
"ENSRNOG00000063648",0
"ENSRNOG00000014834",386
"ENSRNOG00000067597",0
"ENSRNOG00000069741",0
"ENSRNOG00000016710",1
"ENSRNOG00000066957",0
"ENSRNOG00000065382",0
"ENSRNOG00000052457",0
"ENSRNOG00000062924",26
"ENSRNOG00000016950",283
"ENSRNOG00000012747",0
"ENSRNOG00000062851",3
"ENSRNOG00000064317",0
"ENSRNOG00000066463",35
"ENSRNOG00000067963",83
"ENSRNOG00000005017",150
"ENSRNOG00000062936",0
"ENSRNOG00000067121",16
"ENSRNOG00000064580",0
"ENSRNOG00000063944",4
"ENSRNOG00000059156",0
"ENSRNOG00000009861",12
"ENSRNOG00000058199",0
"ENSRNOG00000062456",0
"ENSRNOG00000055896",0
"ENSRNOG00000064004",1
"ENSRNOG00000066756",0
"ENSRNOG00000040101",350
"ENSRNOG00000018113",902
"ENSRNOG00000051584",0
"ENSRNOG00000066301",46
"ENSRNOG00000051833",0
"ENSRNOG00000018489",0
"ENSRNOG00000018407",0
"ENSRNOG00000063546",1
"ENSRNOG00000068264",0
"ENSRNOG00000057631",0
"ENSRNOG00000064579",1
"ENSRNOG00000056514",0
"ENSRNOG00000042026",0
"ENSRNOG00000069244",0
"ENSRNOG00000019282",1630
"ENSRNOG00000064109",0
"ENSRNOG00000067485",7
"ENSRNOG00000063067",3
"ENSRNOG00000051410",0
"ENSRNOG00000070395",0
"ENSRNOG00000069114",0
"ENSRNOG00000056058",0
"ENSRNOG00000062734",0
"ENSRNOG00000068774",1
"ENSRNOG00000059319",7
"ENSRNOG00000054822",0
"ENSRNOG00000062647",7
"ENSRNOG00000067621",0
"ENSRNOG00000070359",1
"ENSRNOG00000065443",1
"ENSRNOG00000053558",0
"ENSRNOG00000067401",0
"ENSRNOG00000053330",1
"ENSRNOG00000056440",0
"ENSRNOG00000049410",12
"ENSRNOG00000069703",0
"ENSRNOG00000019272",100
"ENSRNOG00000068339",0
"ENSRNOG00000070722",0
"ENSRNOG00000069161",0
"ENSRNOG00000014165",1960
"ENSRNOG00000059165",0
"ENSRNOG00000066735",0
"ENSRNOG00000067481",0
"ENSRNOG00000061286",0
"ENSRNOG00000064357",36
"ENSRNOG00000051896",0
"ENSRNOG00000066037",0
"ENSRNOG00000064337",0
"ENSRNOG00000055595",0
"ENSRNOG00000016480",0
"ENSRNOG00000062432",0
"ENSRNOG00000018046",618
"ENSRNOG00000064793",5
"ENSRNOG00000055463",0
"ENSRNOG00000070418",0
"ENSRNOG00000070714",0
"ENSRNOG00000067975",0
"ENSRNOG00000069575",0
"ENSRNOG00000067998",0
"ENSRNOG00000056205",0
"ENSRNOG00000063990",0
"ENSRNOG00000067009",0
"ENSRNOG00000055730",0
"ENSRNOG00000057581",0
"ENSRNOG00000012727",1
"ENSRNOG00000067275",0
"ENSRNOG00000017040",16
"ENSRNOG00000051874",0
"ENSRNOG00000057046",0
"ENSRNOG00000063699",0
"ENSRNOG00000067925",0
"ENSRNOG00000061790",0
"ENSRNOG00000068410",3
"ENSRNOG00000070020",0
"ENSRNOG00000064150",2
"ENSRNOG00000065466",0
"ENSRNOG00000067157",0
"ENSRNOG00000047594",417
"ENSRNOG00000064218",0
"ENSRNOG00000058085",0
"ENSRNOG00000035594",8
"ENSRNOG00000061070",0
"ENSRNOG00000051469",0
"ENSRNOG00000041319",0
"ENSRNOG00000067016",0
"ENSRNOG00000035467",4
"ENSRNOG00000035613",10
"ENSRNOG00000012040",1
"ENSRNOG00000070654",0
"ENSRNOG00000068467",0
"ENSRNOG00000061748",0
"ENSRNOG00000067410",2
"ENSRNOG00000069447",0
"ENSRNOG00000035568",0
"ENSRNOG00000070371",0
"ENSRNOG00000053995",0
"ENSRNOG00000064424",0
"ENSRNOG00000070587",0
"ENSRNOG00000067736",0
"ENSRNOG00000035538",0
"ENSRNOG00000067458",18
"ENSRNOG00000068005",1
"ENSRNOG00000046071",0
"ENSRNOG00000065080",11
"ENSRNOG00000068269",0
"ENSRNOG00000069869",0
"ENSRNOG00000063038",0
"ENSRNOG00000065398",12
"ENSRNOG00000041300",1
"ENSRNOG00000056515",0
"ENSRNOG00000063824",0
"ENSRNOG00000066868",0
"ENSRNOG00000041870",0
"ENSRNOG00000022870",837
"ENSRNOG00000035632",1
"ENSRNOG00000069861",6
"ENSRNOG00000016135",107
"ENSRNOG00000035576",4
"ENSRNOG00000070126",0
"ENSRNOG00000067495",87
"ENSRNOG00000068888",0
"ENSRNOG00000066095",9
"ENSRNOG00000070726",0
"ENSRNOG00000065846",0
"ENSRNOG00000015888",838
"ENSRNOG00000068481",3
"ENSRNOG00000064475",97
"ENSRNOG00000016410",1960
"ENSRNOG00000047970",175
"ENSRNOG00000066229",245
"ENSRNOG00000063744",0
"ENSRNOG00000068587",9
"ENSRNOG00000068596",0
"ENSRNOG00000016420",0
"ENSRNOG00000012216",40
"ENSRNOG00000062636",0
"ENSRNOG00000069931",0
"ENSRNOG00000068968",59
"ENSRNOG00000022139",0
"ENSRNOG00000068907",0
"ENSRNOG00000066586",0
"ENSRNOG00000063573",0
"ENSRNOG00000066568",1
"ENSRNOG00000067244",0
"ENSRNOG00000066129",0
"ENSRNOG00000071160",0
"ENSRNOG00000070855",1
"ENSRNOG00000067617",0
"ENSRNOG00000070577",0
"ENSRNOG00000068616",0
"ENSRNOG00000070510",0
"ENSRNOG00000068971",0
"ENSRNOG00000060680",3
"ENSRNOG00000070370",0
"ENSRNOG00000012189",0
"ENSRNOG00000029273",283
"ENSRNOG00000071193",0
"ENSRNOG00000065125",0
"ENSRNOG00000063920",14
"ENSRNOG00000014670",1155
"ENSRNOG00000063526",0
"ENSRNOG00000064869",0
"ENSRNOG00000065814",0
"ENSRNOG00000062512",74
"ENSRNOG00000012168",7
"ENSRNOG00000064546",1
"ENSRNOG00000069946",0
"ENSRNOG00000065771",64
"ENSRNOG00000067254",212
"ENSRNOG00000066675",0
"ENSRNOG00000069772",0
"ENSRNOG00000056376",46
"ENSRNOG00000064541",1
"ENSRNOG00000066454",0
"ENSRNOG00000067078",2
"ENSRNOG00000012131",0
"ENSRNOG00000064653",1
"ENSRNOG00000018346",19
"ENSRNOG00000071123",10
"ENSRNOG00000042749",0
"ENSRNOG00000065601",0
"ENSRNOG00000069115",0
"ENSRNOG00000063980",0
"ENSRNOG00000011984",0
"ENSRNOG00000062829",0
"ENSRNOG00000063506",0
"ENSRNOG00000068189",2
"ENSRNOG00000063015",4
"ENSRNOG00000063415",0
"ENSRNOG00000069500",0
"ENSRNOG00000070899",0
"ENSRNOG00000063934",1
"ENSRNOG00000069096",0
"ENSRNOG00000011947",0
"ENSRNOG00000064900",0
"ENSRNOG00000069395",0
"ENSRNOG00000068718",0
"ENSRNOG00000063665",1
"ENSRNOG00000058596",0
"ENSRNOG00000065837",0
"ENSRNOG00000065358",0
"ENSRNOG00000018381",130
"ENSRNOG00000070628",0
"ENSRNOG00000059042",0
"ENSRNOG00000066100",0
"ENSRNOG00000066583",0
"ENSRNOG00000066536",0
"ENSRNOG00000053214",0
"ENSRNOG00000068332",297
"ENSRNOG00000066256",0
"ENSRNOG00000068821",0
"ENSRNOG00000017833",53
"ENSRNOG00000000133",340
"ENSRNOG00000061758",0
"ENSRNOG00000069054",0
"ENSRNOG00000070253",0
"ENSRNOG00000063078",0
"ENSRNOG00000067325",0
"ENSRNOG00000071061",0
"ENSRNOG00000017770",169
"ENSRNOG00000059108",0
"ENSRNOG00000070693",0
"ENSRNOG00000055771",0
"ENSRNOG00000065541",0
"ENSRNOG00000051877",0
"ENSRNOG00000056220",0
"ENSRNOG00000051427",0
"ENSRNOG00000063300",1435
"ENSRNOG00000053933",0
"ENSRNOG00000066923",3
"ENSRNOG00000070973",0
"ENSRNOG00000062570",0
"ENSRNOG00000011423",0
"ENSRNOG00000053333",0
"ENSRNOG00000061452",0
"ENSRNOG00000057915",0
"ENSRNOG00000059477",0
"ENSRNOG00000069785",0
"ENSRNOG00000064651",0
"ENSRNOG00000021886",111
"ENSRNOG00000069902",0
"ENSRNOG00000052112",0
"ENSRNOG00000054406",0
"ENSRNOG00000061305",0
"ENSRNOG00000058961",0
"ENSRNOG00000051803",0
"ENSRNOG00000059985",0
"ENSRNOG00000017941",241
"ENSRNOG00000016581",2
"ENSRNOG00000054642",0
"ENSRNOG00000021911",265
"ENSRNOG00000068053",0
"ENSRNOG00000057268",0
"ENSRNOG00000016436",0
"ENSRNOG00000055073",0
"ENSRNOG00000067779",0
"ENSRNOG00000030775",0
"ENSRNOG00000016510",0
"ENSRNOG00000058270",0
"ENSRNOG00000053627",0
"ENSRNOG00000070235",1
"ENSRNOG00000069360",0
"ENSRNOG00000021637",642
"ENSRNOG00000017593",194
"ENSRNOG00000060266",805
"ENSRNOG00000021584",263
"ENSRNOG00000048114",25
"ENSRNOG00000042036",0
"ENSRNOG00000016295",0
"ENSRNOG00000016534",256
"ENSRNOG00000021882",935
"ENSRNOG00000017165",24
"ENSRNOG00000015139",1
"ENSRNOG00000026493",2
"ENSRNOG00000065772",27
"ENSRNOG00000016616",0
"ENSRNOG00000015262",0
"ENSRNOG00000015212",65
"ENSRNOG00000029844",0
"ENSRNOG00000015585",9
"ENSRNOG00000015980",37
"ENSRNOG00000063788",0
"ENSRNOG00000024843",0
"ENSRNOG00000011523",516
"ENSRNOG00000016885",938
"ENSRNOG00000017967",72
"ENSRNOG00000027125",123
"ENSRNOG00000033993",0
"ENSRNOG00000065643",293
"ENSRNOG00000062441",0
"ENSRNOG00000018011",538
"ENSRNOG00000018122",29
"ENSRNOG00000017210",65
"ENSRNOG00000067402",0
"ENSRNOG00000062679",0
"ENSRNOG00000039265",105
"ENSRNOG00000018091",1892
"ENSRNOG00000049801",0
"ENSRNOG00000016307",0
"ENSRNOG00000013653",4840
"ENSRNOG00000033010",1
"ENSRNOG00000018087",38480
"ENSRNOG00000047649",0
"ENSRNOG00000064205",1
"ENSRNOG00000038319",19
"ENSRNOG00000033330",15
"ENSRNOG00000014170",448
"ENSRNOG00000063889",17
"ENSRNOG00000039075",0
"ENSRNOG00000039058",0
"ENSRNOG00000016538",2185
"ENSRNOG00000018123",1053
"ENSRNOG00000021447",80
"ENSRNOG00000017203",0
"ENSRNOG00000017103",0
"ENSRNOG00000066411",20
"ENSRNOG00000014615",344
"ENSRNOG00000017089",0
"ENSRNOG00000017163",132
"ENSRNOG00000045553",25
"ENSRNOG00000021735",63
"ENSRNOG00000064812",0
"ENSRNOG00000017374",0
"ENSRNOG00000060817",610
"ENSRNOG00000016463",0
"ENSRNOG00000012771",250
"ENSRNOG00000016955",481
"ENSRNOG00000016871",0
"ENSRNOG00000016403",0
"ENSRNOG00000013564",0
"ENSRNOG00000043192",472
"ENSRNOG00000016161",831
"ENSRNOG00000016803",0
"ENSRNOG00000063181",97
"ENSRNOG00000016217",85
"ENSRNOG00000017185",0
"ENSRNOG00000015616",0
"ENSRNOG00000026248",297
"ENSRNOG00000016933",0
"ENSRNOG00000067434",6
"ENSRNOG00000031902",0
"ENSRNOG00000017933",0
"ENSRNOG00000064537",36
"ENSRNOG00000039807",141
"ENSRNOG00000037982",0
"ENSRNOG00000065671",1
"ENSRNOG00000043237",0
"ENSRNOG00000060749",0
"ENSRNOG00000052916",0
"ENSRNOG00000057180",0
"ENSRNOG00000011374",1
"ENSRNOG00000000150",118
"ENSRNOG00000025480",0
"ENSRNOG00000003094",2
"ENSRNOG00000017007",0
"ENSRNOG00000000142",667
"ENSRNOG00000060141",646
"ENSRNOG00000016383",492
"ENSRNOG00000064489",0
"ENSRNOG00000069625",8
"ENSRNOG00000026235",0
"ENSRNOG00000050687",0
"ENSRNOG00000017048",0
"ENSRNOG00000069210",0
"ENSRNOG00000054964",0
"ENSRNOG00000062418",0
"ENSRNOG00000066336",0
"ENSRNOG00000066901",2
"ENSRNOG00000029047",12
"ENSRNOG00000054017",69
"ENSRNOG00000017605",247
"ENSRNOG00000055197",0
"ENSRNOG00000070527",17
"ENSRNOG00000018281",795
"ENSRNOG00000059840",0
"ENSRNOG00000053635",228
"ENSRNOG00000016792",0
"ENSRNOG00000065338",13
"ENSRNOG00000051823",33
"ENSRNOG00000016763",0
"ENSRNOG00000053518",600
"ENSRNOG00000017511",47
"ENSRNOG00000018396",181
"ENSRNOG00000055000",216
"ENSRNOG00000017545",145
"ENSRNOG00000016670",295
"ENSRNOG00000017607",675
"ENSRNOG00000052959",118
"ENSRNOG00000014900",79
"ENSRNOG00000000021",0
"ENSRNOG00000066484",0
"ENSRNOG00000017328",44
"ENSRNOG00000066799",0
"ENSRNOG00000065839",0
"ENSRNOG00000017974",1
"ENSRNOG00000017459",26
"ENSRNOG00000029126",0
"ENSRNOG00000066002",0
"ENSRNOG00000017917",3
"ENSRNOG00000052378",0
"ENSRNOG00000069612",0
"ENSRNOG00000061510",0
"ENSRNOG00000018039",0
"ENSRNOG00000061612",44
"ENSRNOG00000016742",0
"ENSRNOG00000018500",405
"ENSRNOG00000016867",263
"ENSRNOG00000017702",52
"ENSRNOG00000070356",0
"ENSRNOG00000052429",352
"ENSRNOG00000016891",113
"ENSRNOG00000014538",1
"ENSRNOG00000023538",15
"ENSRNOG00000063508",0
"ENSRNOG00000066063",0
"ENSRNOG00000057759",63
"ENSRNOG00000013806",198
"ENSRNOG00000027309",0
"ENSRNOG00000068380",27
"ENSRNOG00000016225",12
"ENSRNOG00000056519",0
"ENSRNOG00000017133",1185
"ENSRNOG00000059705",154
"ENSRNOG00000019354",167
"ENSRNOG00000018804",2486
"ENSRNOG00000067594",0
"ENSRNOG00000014524",1205
"ENSRNOG00000030638",0
"ENSRNOG00000017597",4
"ENSRNOG00000070051",0
"ENSRNOG00000016932",392
"ENSRNOG00000025639",0
"ENSRNOG00000013454",317
"ENSRNOG00000016889",24
"ENSRNOG00000065553",0
"ENSRNOG00000060132",0
"ENSRNOG00000066247",7
"ENSRNOG00000067140",0
"ENSRNOG00000066332",0
"ENSRNOG00000017637",0
"ENSRNOG00000017505",290
"ENSRNOG00000017765",626
"ENSRNOG00000017641",570
"ENSRNOG00000065205",74
"ENSRNOG00000016684",2
"ENSRNOG00000017672",163
"ENSRNOG00000017506",436
"ENSRNOG00000032845",0
"ENSRNOG00000059510",267
"ENSRNOG00000068835",77
"ENSRNOG00000045948",94
"ENSRNOG00000016690",86
"ENSRNOG00000018378",89
"ENSRNOG00000018260",1
"ENSRNOG00000065594",0
"ENSRNOG00000070523",15
"ENSRNOG00000070106",38
"ENSRNOG00000017180",1
"ENSRNOG00000063737",2
"ENSRNOG00000016539",103
"ENSRNOG00000063205",124
"ENSRNOG00000065506",58
"ENSRNOG00000042692",0
"ENSRNOG00000055917",477
"ENSRNOG00000016834",81
"ENSRNOG00000068622",104
"ENSRNOG00000063621",52
"ENSRNOG00000038877",22
"ENSRNOG00000050474",0
"ENSRNOG00000016680",1239
"ENSRNOG00000013620",874
"ENSRNOG00000018227",596
"ENSRNOG00000017514",1
"ENSRNOG00000018520",35
"ENSRNOG00000060029",0
"ENSRNOG00000065730",0
"ENSRNOG00000018028",0
"ENSRNOG00000064112",62
"ENSRNOG00000018706",1
"ENSRNOG00000016628",1
"ENSRNOG00000069145",2
"ENSRNOG00000016716",2
"ENSRNOG00000070916",10
"ENSRNOG00000069373",4
"ENSRNOG00000046476",0
"ENSRNOG00000069233",1
"ENSRNOG00000040024",0
"ENSRNOG00000065352",0
"ENSRNOG00000014616",1511
"ENSRNOG00000068602",4
"ENSRNOG00000060355",6
"ENSRNOG00000069905",0
"ENSRNOG00000000104",229
"ENSRNOG00000064540",15
"ENSRNOG00000017372",528
"ENSRNOG00000066473",2
"ENSRNOG00000022505",0
"ENSRNOG00000016629",423
"ENSRNOG00000017284",421
"ENSRNOG00000068034",0
"ENSRNOG00000022249",304
"ENSRNOG00000070346",0
"ENSRNOG00000023688",0
"ENSRNOG00000066521",9
"ENSRNOG00000017531",0
"ENSRNOG00000018782",19
"ENSRNOG00000069877",0
"ENSRNOG00000018279",785
"ENSRNOG00000054957",63
"ENSRNOG00000042206",0
"ENSRNOG00000028997",65
"ENSRNOG00000018355",3
"ENSRNOG00000011668",195
"ENSRNOG00000056413",0
"ENSRNOG00000000105",100
"ENSRNOG00000016576",300
"ENSRNOG00000027014",3
"ENSRNOG00000039975",0
"ENSRNOG00000018911",279
"ENSRNOG00000062731",12
"ENSRNOG00000053232",451
"ENSRNOG00000058285",0
"ENSRNOG00000046968",182
"ENSRNOG00000039971",0
"ENSRNOG00000021898",0
"ENSRNOG00000046334",0
"ENSRNOG00000017585",96
"ENSRNOG00000018343",559
"ENSRNOG00000016779",3152
"ENSRNOG00000011684",78
"ENSRNOG00000052387",0
"ENSRNOG00000018400",156
"ENSRNOG00000018141",0
"ENSRNOG00000031461",0
"ENSRNOG00000029235",113
"ENSRNOG00000012160",0
"ENSRNOG00000018246",77
"ENSRNOG00000032745",0
"ENSRNOG00000018415",25
"ENSRNOG00000064708",0
"ENSRNOG00000018456",1166
"ENSRNOG00000018417",441
"ENSRNOG00000065161",0
"ENSRNOG00000008666",907
"ENSRNOG00000069771",0
"ENSRNOG00000067245",28
"ENSRNOG00000064118",29
"ENSRNOG00000018549",374
"ENSRNOG00000017444",0
"ENSRNOG00000010882",394
"ENSRNOG00000069712",0
"ENSRNOG00000028168",28
"ENSRNOG00000017318",252
"ENSRNOG00000013090",104
"ENSRNOG00000065006",0
"ENSRNOG00000017759",0
"ENSRNOG00000062525",0
"ENSRNOG00000019257",4
"ENSRNOG00000054976",0
"ENSRNOG00000047647",0
"ENSRNOG00000053439",177
"ENSRNOG00000027311",0
"ENSRNOG00000059328",0
"ENSRNOG00000068311",0
"ENSRNOG00000014395",640
"ENSRNOG00000028750",0
"ENSRNOG00000039990",0
"ENSRNOG00000063490",0
"ENSRNOG00000068265",98
"ENSRNOG00000031955",0
"ENSRNOG00000062898",0
"ENSRNOG00000048693",0
"ENSRNOG00000028329",36
"ENSRNOG00000063185",66
"ENSRNOG00000065263",2
"ENSRNOG00000014366",4
"ENSRNOG00000062387",83
"ENSRNOG00000066835",14
"ENSRNOG00000040000",0
"ENSRNOG00000049920",1000
"ENSRNOG00000046746",2
"ENSRNOG00000069288",0
"ENSRNOG00000061064",0
"ENSRNOG00000066214",4
"ENSRNOG00000016967",34
"ENSRNOG00000019175",257
"ENSRNOG00000015989",246
"ENSRNOG00000016511",774
"ENSRNOG00000069318",0
"ENSRNOG00000014320",560
"ENSRNOG00000069578",17
"ENSRNOG00000067613",8
"ENSRNOG00000064986",629
"ENSRNOG00000013438",366
"ENSRNOG00000053025",0
"ENSRNOG00000067853",1
"ENSRNOG00000033540",0
"ENSRNOG00000053140",0
"ENSRNOG00000067310",1
"ENSRNOG00000068535",0
"ENSRNOG00000048264",24
"ENSRNOG00000039574",0
"ENSRNOG00000048372",0
"ENSRNOG00000018651",353
"ENSRNOG00000061738",0
"ENSRNOG00000029667",340
"ENSRNOG00000067284",1054
"ENSRNOG00000052567",0
"ENSRNOG00000016587",1942
"ENSRNOG00000019057",3
"ENSRNOG00000030027",105
"ENSRNOG00000065065",0
"ENSRNOG00000018198",0
"ENSRNOG00000017888",0
"ENSRNOG00000001066",1
"ENSRNOG00000049452",108
"ENSRNOG00000065532",0
"ENSRNOG00000026690",20
"ENSRNOG00000013679",0
"ENSRNOG00000062220",12
"ENSRNOG00000016046",2
"ENSRNOG00000017946",0
"ENSRNOG00000029792",4540
"ENSRNOG00000039954",0
"ENSRNOG00000019223",1143
"ENSRNOG00000039560",104
"ENSRNOG00000018839",1192
"ENSRNOG00000016855",480
"ENSRNOG00000016560",238
"ENSRNOG00000016873",7
"ENSRNOG00000016902",0
"ENSRNOG00000021292",1539
"ENSRNOG00000013773",210
"ENSRNOG00000016816",1143
"ENSRNOG00000064563",2
"ENSRNOG00000018251",0
"ENSRNOG00000016578",250
"ENSRNOG00000019108",497
"ENSRNOG00000019113",1095
"ENSRNOG00000027938",359
"ENSRNOG00000015523",88
"ENSRNOG00000048849",49
"ENSRNOG00000022405",0
"ENSRNOG00000016031",491
"ENSRNOG00000033625",10
"ENSRNOG00000057865",0
"ENSRNOG00000063656",0
"ENSRNOG00000068509",0
"ENSRNOG00000062272",33314
"ENSRNOG00000013237",0
"ENSRNOG00000055942",1961
"ENSRNOG00000015410",621
"ENSRNOG00000026286",44
"ENSRNOG00000051034",2
"ENSRNOG00000031325",855
"ENSRNOG00000016066",199
"ENSRNOG00000031716",261
"ENSRNOG00000047910",0
"ENSRNOG00000031706",369
"ENSRNOG00000015631",114
"ENSRNOG00000016378",25
"ENSRNOG00000062314",28
"ENSRNOG00000070919",41
"ENSRNOG00000016915",0
"ENSRNOG00000016222",0
"ENSRNOG00000064794",22
"ENSRNOG00000062739",2
"ENSRNOG00000063362",28
"ENSRNOG00000068516",10
"ENSRNOG00000067427",0
"ENSRNOG00000070712",0
"ENSRNOG00000047459",6
"ENSRNOG00000012940",811
"ENSRNOG00000068923",0
"ENSRNOG00000064025",2
"ENSRNOG00000017175",1
"ENSRNOG00000016525",0
"ENSRNOG00000068614",1
"ENSRNOG00000024874",272
"ENSRNOG00000065054",12
"ENSRNOG00000022146",5
"ENSRNOG00000067441",1239
"ENSRNOG00000070706",3
"ENSRNOG00000016468",44
"ENSRNOG00000061863",1
"ENSRNOG00000070513",0
"ENSRNOG00000017060",7
"ENSRNOG00000069245",2
"ENSRNOG00000017092",132
"ENSRNOG00000070362",2
"ENSRNOG00000070462",3
"ENSRNOG00000066706",0
"ENSRNOG00000066420",0
"ENSRNOG00000056708",0
"ENSRNOG00000008659",1586
"ENSRNOG00000060002",0
"ENSRNOG00000017863",1398
"ENSRNOG00000064521",5
"ENSRNOG00000043350",42
"ENSRNOG00000064011",3
"ENSRNOG00000067560",11
"ENSRNOG00000070055",1
"ENSRNOG00000063552",3
"ENSRNOG00000065377",0
"ENSRNOG00000063167",2
"ENSRNOG00000016123",54
"ENSRNOG00000016152",118
"ENSRNOG00000016391",285
"ENSRNOG00000017579",668
"ENSRNOG00000016519",88
"ENSRNOG00000001455",840
"ENSRNOG00000017642",62
"ENSRNOG00000016099",106
"ENSRNOG00000046547",0
"ENSRNOG00000017250",88
"ENSRNOG00000068607",0
"ENSRNOG00000018092",0
"ENSRNOG00000054474",45
"ENSRNOG00000024832",0
"ENSRNOG00000031595",3
"ENSRNOG00000018631",3
"ENSRNOG00000033076",8
"ENSRNOG00000016767",169
"ENSRNOG00000016585",415
"ENSRNOG00000048719",92
"ENSRNOG00000022021",15
"ENSRNOG00000045918",178
"ENSRNOG00000016992",0
"ENSRNOG00000001456",933
"ENSRNOG00000026120",1313
"ENSRNOG00000068619",0
"ENSRNOG00000002624",0
"ENSRNOG00000018070",0
"ENSRNOG00000028913",0
"ENSRNOG00000068936",0
"ENSRNOG00000068312",0
"ENSRNOG00000016998",696
"ENSRNOG00000002609",31
"ENSRNOG00000014264",103
"ENSRNOG00000002480",147
"ENSRNOG00000062602",0
"ENSRNOG00000018200",0
"ENSRNOG00000014019",247
"ENSRNOG00000002461",6202
"ENSRNOG00000017803",95
"ENSRNOG00000014460",1144
"ENSRNOG00000018110",784
"ENSRNOG00000049614",457
"ENSRNOG00000018478",0
"ENSRNOG00000017866",399
"ENSRNOG00000014007",47
"ENSRNOG00000014361",258
"ENSRNOG00000055012",384
"ENSRNOG00000015288",608
"ENSRNOG00000014702",0
"ENSRNOG00000017988",92
"ENSRNOG00000058094",684
"ENSRNOG00000023831",0
"ENSRNOG00000038331",0
"ENSRNOG00000050209",0
"ENSRNOG00000066344",496
"ENSRNOG00000018202",0
"ENSRNOG00000016497",69
"ENSRNOG00000067756",0
"ENSRNOG00000030442",3002
"ENSRNOG00000038361",0
"ENSRNOG00000040116",0
"ENSRNOG00000067517",87
"ENSRNOG00000017987",0
"ENSRNOG00000027229",234
"ENSRNOG00000019336",63
"ENSRNOG00000015522",359
"ENSRNOG00000017644",470
"ENSRNOG00000019096",2
"ENSRNOG00000014548",3053
"ENSRNOG00000018886",2200
"ENSRNOG00000069985",11
"ENSRNOG00000018999",210
"ENSRNOG00000063174",0
"ENSRNOG00000015101",0
"ENSRNOG00000019027",106
"ENSRNOG00000050332",0
"ENSRNOG00000023661",944
"ENSRNOG00000017991",146
"ENSRNOG00000018554",905
"ENSRNOG00000018566",3060
"ENSRNOG00000015292",427
"ENSRNOG00000014481",1
"ENSRNOG00000027234",110
"ENSRNOG00000059415",0
"ENSRNOG00000064278",0
"ENSRNOG00000017466",2065
"ENSRNOG00000067224",0
"ENSRNOG00000018044",116
"ENSRNOG00000013469",5480
"ENSRNOG00000017981",21
"ENSRNOG00000016283",0
"ENSRNOG00000017791",128
"ENSRNOG00000013717",328
"ENSRNOG00000018125",249
"ENSRNOG00000017951",700
"ENSRNOG00000014886",404
"ENSRNOG00000062407",5
"ENSRNOG00000017904",377
"ENSRNOG00000067341",22
"ENSRNOG00000018905",0
"ENSRNOG00000016174",160
"ENSRNOG00000069645",0
"ENSRNOG00000059019",0
"ENSRNOG00000018767",154
"ENSRNOG00000026376",0
"ENSRNOG00000063512",0
"ENSRNOG00000022712",8
"ENSRNOG00000024499",0
"ENSRNOG00000065875",3
"ENSRNOG00000015701",609
"ENSRNOG00000023593",112
"ENSRNOG00000018760",20
"ENSRNOG00000050767",84
"ENSRNOG00000017595",1305
"ENSRNOG00000015437",218
"ENSRNOG00000023799",32
"ENSRNOG00000018972",568
"ENSRNOG00000039379",10
"ENSRNOG00000026132",65
"ENSRNOG00000023778",923
"ENSRNOG00000057362",0
"ENSRNOG00000017882",120
"ENSRNOG00000014049",195
"ENSRNOG00000023587",296
"ENSRNOG00000066940",0
"ENSRNOG00000024111",5
"ENSRNOG00000013928",585
"ENSRNOG00000023278",352
"ENSRNOG00000013756",154
"ENSRNOG00000031495",149
"ENSRNOG00000016672",1
"ENSRNOG00000017741",163
"ENSRNOG00000032215",245
"ENSRNOG00000017083",0
"ENSRNOG00000016705",566
"ENSRNOG00000034229",0
"ENSRNOG00000015008",0
"ENSRNOG00000000137",0
"ENSRNOG00000070083",0
"ENSRNOG00000016226",57
"ENSRNOG00000048576",3
"ENSRNOG00000017787",315
"ENSRNOG00000070025",0
"ENSRNOG00000033772",623
"ENSRNOG00000015957",0
"ENSRNOG00000017962",772
"ENSRNOG00000066714",278
"ENSRNOG00000063669",0
"ENSRNOG00000038761",269
"ENSRNOG00000068561",0
"ENSRNOG00000068554",0
"ENSRNOG00000023334",208
"ENSRNOG00000039183",66
"ENSRNOG00000001792",5
"ENSRNOG00000001956",201
"ENSRNOG00000002241",80
"ENSRNOG00000003088",262
"ENSRNOG00000028005",0
"ENSRNOG00000032187",0
"ENSRNOG00000031653",67
"ENSRNOG00000001634",1
"ENSRNOG00000001633",2273
"ENSRNOG00000002255",408
"ENSRNOG00000001806",0
"ENSRNOG00000038370",0
"ENSRNOG00000051711",360
"ENSRNOG00000030387",0
"ENSRNOG00000021469",104
"ENSRNOG00000001809",0
"ENSRNOG00000001821",0
"ENSRNOG00000066346",46
"ENSRNOG00000023463",175
"ENSRNOG00000001816",82
"ENSRNOG00000001627",11334
"ENSRNOG00000021992",0
"ENSRNOG00000001789",598
"ENSRNOG00000001815",2274
"ENSRNOG00000002701",1
"ENSRNOG00000001785",1064
"ENSRNOG00000001837",0
"ENSRNOG00000038355",3
"ENSRNOG00000023400",156
"ENSRNOG00000069473",0
"ENSRNOG00000026085",155
"ENSRNOG00000031669",3971
"ENSRNOG00000026008",197
"ENSRNOG00000066242",5
"ENSRNOG00000002238",3
"ENSRNOG00000033929",0
"ENSRNOG00000001827",955
"ENSRNOG00000064199",0
"ENSRNOG00000002176",549
"ENSRNOG00000001770",42
"ENSRNOG00000001797",264
"ENSRNOG00000031801",629
"ENSRNOG00000061038",0
"ENSRNOG00000002240",384
"ENSRNOG00000043069",250
"ENSRNOG00000047894",1
"ENSRNOG00000002229",438
"ENSRNOG00000001955",0
"ENSRNOG00000063811",478
"ENSRNOG00000001943",0
"ENSRNOG00000029564",0
"ENSRNOG00000042598",0
"ENSRNOG00000022110",0
"ENSRNOG00000002145",2
"ENSRNOG00000065935",12
"ENSRNOG00000022136",0
"ENSRNOG00000002215",667
"ENSRNOG00000046283",164
"ENSRNOG00000025423",13
"ENSRNOG00000001773",363
"ENSRNOG00000002171",1982
"ENSRNOG00000025055",0
"ENSRNOG00000032327",215
"ENSRNOG00000001708",1963
"ENSRNOG00000034233",1021
"ENSRNOG00000038160",442
"ENSRNOG00000023030",0
"ENSRNOG00000029178",370
"ENSRNOG00000059880",533
"ENSRNOG00000025404",0
"ENSRNOG00000023107",616
"ENSRNOG00000066784",0
"ENSRNOG00000064614",0
"ENSRNOG00000066258",0
"ENSRNOG00000054334",83
"ENSRNOG00000055586",0
"ENSRNOG00000064186",0
"ENSRNOG00000001776",0
"ENSRNOG00000001764",273
"ENSRNOG00000001765",4
"ENSRNOG00000042289",6
"ENSRNOG00000001762",1493
"ENSRNOG00000054404",0
"ENSRNOG00000048434",0
"ENSRNOG00000001766",338
"ENSRNOG00000002094",341
"ENSRNOG00000001796",178
"ENSRNOG00000001758",63
"ENSRNOG00000002069",395
"ENSRNOG00000049950",0
"ENSRNOG00000001712",543
"ENSRNOG00000022007",0
"ENSRNOG00000001803",666
"ENSRNOG00000001707",4
"ENSRNOG00000053301",0
"ENSRNOG00000026458",279
"ENSRNOG00000056574",0
"ENSRNOG00000002141",1531
"ENSRNOG00000001709",3061
"ENSRNOG00000001783",453
"ENSRNOG00000002013",0
"ENSRNOG00000001706",1102
"ENSRNOG00000001710",188
"ENSRNOG00000002044",56
"ENSRNOG00000001911",0
"ENSRNOG00000001750",24
"ENSRNOG00000013721",137
"ENSRNOG00000060806",0
"ENSRNOG00000058590",1
"ENSRNOG00000042367",0
"ENSRNOG00000039048",36
"ENSRNOG00000002052",22357
"ENSRNOG00000059447",0
"ENSRNOG00000070163",0
"ENSRNOG00000064181",0
"ENSRNOG00000069249",0
"ENSRNOG00000064589",0
"ENSRNOG00000001748",124
"ENSRNOG00000053406",53
"ENSRNOG00000001658",0
"ENSRNOG00000001742",86
"ENSRNOG00000069912",1
"ENSRNOG00000001632",476
"ENSRNOG00000060348",4
"ENSRNOG00000001747",1229
"ENSRNOG00000067977",1
"ENSRNOG00000001757",18
"ENSRNOG00000030983",0
"ENSRNOG00000057815",11
"ENSRNOG00000039850",104
"ENSRNOG00000046969",350
"ENSRNOG00000001647",250
"ENSRNOG00000002046",0
"ENSRNOG00000064973",391
"ENSRNOG00000045770",477
"ENSRNOG00000002041",415
"ENSRNOG00000001746",283
"ENSRNOG00000049686",95
"ENSRNOG00000048861",39
"ENSRNOG00000028077",0
"ENSRNOG00000063031",80
"ENSRNOG00000001786",670
"ENSRNOG00000001525",3
"ENSRNOG00000001682",1580
"ENSRNOG00000001795",2238
"ENSRNOG00000001738",1778
"ENSRNOG00000046836",0
"ENSRNOG00000039024",29
"ENSRNOG00000001736",155
"ENSRNOG00000046850",4
"ENSRNOG00000068165",0
"ENSRNOG00000003114",59
"ENSRNOG00000062641",0
"ENSRNOG00000001782",251
"ENSRNOG00000063137",0
"ENSRNOG00000067288",0
"ENSRNOG00000066479",0
"ENSRNOG00000028238",0
"ENSRNOG00000001781",53
"ENSRNOG00000042193",0
"ENSRNOG00000064222",21
"ENSRNOG00000039017",111
"ENSRNOG00000046258",0
"ENSRNOG00000028216",0
"ENSRNOG00000026420",1
"ENSRNOG00000022792",0
"ENSRNOG00000001992",1292
"ENSRNOG00000033372",573
"ENSRNOG00000049693",1
"ENSRNOG00000001953",27
"ENSRNOG00000001719",1383
"ENSRNOG00000057153",83
"ENSRNOG00000058752",660
"ENSRNOG00000001629",230
"ENSRNOG00000002976",3
"ENSRNOG00000001715",107
"ENSRNOG00000063024",0
"ENSRNOG00000027260",286
"ENSRNOG00000027380",0
"ENSRNOG00000001774",1514
"ENSRNOG00000060729",73
"ENSRNOG00000003014",1563
"ENSRNOG00000062944",0
"ENSRNOG00000029529",142
"ENSRNOG00000002999",102
"ENSRNOG00000029912",680
"ENSRNOG00000001527",217
"ENSRNOG00000038868",66
"ENSRNOG00000046981",0
"ENSRNOG00000001652",137
"ENSRNOG00000025946",685
"ENSRNOG00000002350",1
"ENSRNOG00000001908",1
"ENSRNOG00000038119",0
"ENSRNOG00000001892",0
"ENSRNOG00000031852",2
"ENSRNOG00000000282",0
"ENSRNOG00000000283",146
"ENSRNOG00000048226",1015
"ENSRNOG00000042555",0
"ENSRNOG00000061814",870
"ENSRNOG00000001793",578
"ENSRNOG00000038987",0
"ENSRNOG00000001623",251
"ENSRNOG00000056716",406
"ENSRNOG00000001839",0
"ENSRNOG00000053435",0
"ENSRNOG00000001891",14
"ENSRNOG00000068521",0
"ENSRNOG00000062945",38
"ENSRNOG00000002721",722
"ENSRNOG00000001890",108
"ENSRNOG00000002265",0
"ENSRNOG00000027992",0
"ENSRNOG00000001889",1264
"ENSRNOG00000002906",0
"ENSRNOG00000001794",0
"ENSRNOG00000002833",737
"ENSRNOG00000001888",151
"ENSRNOG00000001733",776
"ENSRNOG00000003075",1025
"ENSRNOG00000001752",0
"ENSRNOG00000001962",0
"ENSRNOG00000030246",1
"ENSRNOG00000024924",358
"ENSRNOG00000038881",1
"ENSRNOG00000001963",2
"ENSRNOG00000033623",254
"ENSRNOG00000002797",1
"ENSRNOG00000001875",481
"ENSRNOG00000001976",1
"ENSRNOG00000043345",122
"ENSRNOG00000001618",0
"ENSRNOG00000001754",55
"ENSRNOG00000002746",50624
"ENSRNOG00000067589",102
"ENSRNOG00000001628",0
"ENSRNOG00000001886",380
"ENSRNOG00000001739",0
"ENSRNOG00000070121",25
"ENSRNOG00000001885",187
"ENSRNOG00000001620",194
"ENSRNOG00000002289",0
"ENSRNOG00000001730",1510
"ENSRNOG00000027151",2984
"ENSRNOG00000000281",26
"ENSRNOG00000058687",0
"ENSRNOG00000001880",188
"ENSRNOG00000067813",0
"ENSRNOG00000054045",0
"ENSRNOG00000024960",0
"ENSRNOG00000068260",1
"ENSRNOG00000001621",776
"ENSRNOG00000060852",0
"ENSRNOG00000066140",1
"ENSRNOG00000001884",815
"ENSRNOG00000002305",0
"ENSRNOG00000041535",0
"ENSRNOG00000040402",0
"ENSRNOG00000055598",31
"ENSRNOG00000001726",4
"ENSRNOG00000046478",0
"ENSRNOG00000050840",3
"ENSRNOG00000035524",0
"ENSRNOG00000049963",0
"ENSRNOG00000035536",0
"ENSRNOG00000037967",171
"ENSRNOG00000068993",0
"ENSRNOG00000035541",0
"ENSRNOG00000046846",0
"ENSRNOG00000035500",0
"ENSRNOG00000048889",0
"ENSRNOG00000001959",1
"ENSRNOG00000035585",0
"ENSRNOG00000040376",0
"ENSRNOG00000066681",1652
"ENSRNOG00000035526",0
"ENSRNOG00000049439",0
"ENSRNOG00000042711",0
"ENSRNOG00000041554",0
"ENSRNOG00000048273",0
"ENSRNOG00000064234",0
"ENSRNOG00000067575",0
"ENSRNOG00000064503",0
"ENSRNOG00000001870",651
"ENSRNOG00000037983",0
"ENSRNOG00000030314",1053
"ENSRNOG00000061393",0
"ENSRNOG00000068242",2
"ENSRNOG00000040054",0
"ENSRNOG00000001867",420
"ENSRNOG00000051751",0
"ENSRNOG00000001592",841
"ENSRNOG00000040039",0
"ENSRNOG00000054190",0
"ENSRNOG00000038001",487
"ENSRNOG00000038835",0
"ENSRNOG00000067668",0
"ENSRNOG00000063259",0
"ENSRNOG00000058167",0
"ENSRNOG00000045728",174
"ENSRNOG00000070582",0
"ENSRNOG00000070808",0
"ENSRNOG00000070861",0
"ENSRNOG00000064806",0
"ENSRNOG00000028648",0
"ENSRNOG00000063723",36
"ENSRNOG00000061283",0
"ENSRNOG00000064720",0
"ENSRNOG00000030984",0
"ENSRNOG00000052338",1
"ENSRNOG00000069948",0
"ENSRNOG00000052562",0
"ENSRNOG00000043471",0
"ENSRNOG00000068634",0
"ENSRNOG00000056025",0
"ENSRNOG00000069664",0
"ENSRNOG00000037957",0
"ENSRNOG00000000288",1181
"ENSRNOG00000066648",0
"ENSRNOG00000068323",0
"ENSRNOG00000066199",5
"ENSRNOG00000056381",0
"ENSRNOG00000068197",0
"ENSRNOG00000054727",0
"ENSRNOG00000063779",0
"ENSRNOG00000001566",0
"ENSRNOG00000051729",0
"ENSRNOG00000059060",0
"ENSRNOG00000002471",17
"ENSRNOG00000001680",46
"ENSRNOG00000053621",0
"ENSRNOG00000050693",0
"ENSRNOG00000056026",1
"ENSRNOG00000001769",256
"ENSRNOG00000056834",0
"ENSRNOG00000069467",0
"ENSRNOG00000042848",1
"ENSRNOG00000052714",1
"ENSRNOG00000060539",0
"ENSRNOG00000023271",252
"ENSRNOG00000001528",0
"ENSRNOG00000056109",0
"ENSRNOG00000037851",176
"ENSRNOG00000054670",0
"ENSRNOG00000056085",0
"ENSRNOG00000064498",2
"ENSRNOG00000070595",0
"ENSRNOG00000065774",0
"ENSRNOG00000068143",0
"ENSRNOG00000063813",5
"ENSRNOG00000058090",0
"ENSRNOG00000071059",0
"ENSRNOG00000002459",35
"ENSRNOG00000065592",10
"ENSRNOG00000070665",0
"ENSRNOG00000001551",158
"ENSRNOG00000063735",0
"ENSRNOG00000068210",0
"ENSRNOG00000065035",2
"ENSRNOG00000040058",0
"ENSRNOG00000053125",0
"ENSRNOG00000062339",28
"ENSRNOG00000064477",0
"ENSRNOG00000030674",0
"ENSRNOG00000002496",2
"ENSRNOG00000056035",0
"ENSRNOG00000056964",163
"ENSRNOG00000064142",251
"ENSRNOG00000001849",2419
"ENSRNOG00000057066",1
"ENSRNOG00000053205",257
"ENSRNOG00000068775",0
"ENSRNOG00000001689",88
"ENSRNOG00000062950",6
"ENSRNOG00000068457",2
"ENSRNOG00000047394",793
"ENSRNOG00000069704",0
"ENSRNOG00000053629",0
"ENSRNOG00000058660",0
"ENSRNOG00000051434",0
"ENSRNOG00000066320",0
"ENSRNOG00000057568",0
"ENSRNOG00000060082",0
"ENSRNOG00000030920",210
"ENSRNOG00000063446",81
"ENSRNOG00000066003",150
"ENSRNOG00000063810",0
"ENSRNOG00000064256",0
"ENSRNOG00000062757",0
"ENSRNOG00000021891",1220
"ENSRNOG00000069220",0
"ENSRNOG00000027756",764
"ENSRNOG00000052872",0
"ENSRNOG00000001679",3
"ENSRNOG00000070226",0
"ENSRNOG00000001727",194
"ENSRNOG00000070522",3
"ENSRNOG00000053246",0
"ENSRNOG00000070145",0
"ENSRNOG00000067986",182
"ENSRNOG00000056286",0
"ENSRNOG00000002187",1
"ENSRNOG00000068803",0
"ENSRNOG00000021569",34
"ENSRNOG00000063961",0
"ENSRNOG00000061734",0
"ENSRNOG00000066813",992
"ENSRNOG00000066195",0
"ENSRNOG00000071064",4
"ENSRNOG00000052928",0
"ENSRNOG00000001829",101
"ENSRNOG00000033933",0
"ENSRNOG00000065454",0
"ENSRNOG00000063620",0
"ENSRNOG00000063692",0
"ENSRNOG00000061658",2
"ENSRNOG00000054745",1
"ENSRNOG00000063379",0
"ENSRNOG00000063237",0
"ENSRNOG00000062557",0
"ENSRNOG00000064530",128
"ENSRNOG00000064725",0
"ENSRNOG00000069380",0
"ENSRNOG00000058468",0
"ENSRNOG00000039689",0
"ENSRNOG00000063170",1567
"ENSRNOG00000057033",0
"ENSRNOG00000068345",2564
"ENSRNOG00000062535",4
"ENSRNOG00000065670",0
"ENSRNOG00000069898",0
"ENSRNOG00000058702",0
"ENSRNOG00000065174",0
"ENSRNOG00000066829",1
"ENSRNOG00000051453",0
"ENSRNOG00000053527",0
"ENSRNOG00000056037",0
"ENSRNOG00000068891",0
"ENSRNOG00000001714",3
"ENSRNOG00000069526",0
"ENSRNOG00000053625",0
"ENSRNOG00000057165",0
"ENSRNOG00000002032",581
"ENSRNOG00000062642",0
"ENSRNOG00000065291",0
"ENSRNOG00000068433",1
"ENSRNOG00000029184",0
"ENSRNOG00000068814",0
"ENSRNOG00000069760",0
"ENSRNOG00000002092",16
"ENSRNOG00000058396",0
"ENSRNOG00000045668",657
"ENSRNOG00000069502",56
"ENSRNOG00000055491",0
"ENSRNOG00000067652",0
"ENSRNOG00000066937",0
"ENSRNOG00000050898",0
"ENSRNOG00000070389",16
"ENSRNOG00000056031",0
"ENSRNOG00000062985",0
"ENSRNOG00000051898",0
"ENSRNOG00000069619",4
"ENSRNOG00000060476",0
"ENSRNOG00000069129",0
"ENSRNOG00000028638",0
"ENSRNOG00000056119",0
"ENSRNOG00000063192",0
"ENSRNOG00000063822",0
"ENSRNOG00000070188",0
"ENSRNOG00000040063",0
"ENSRNOG00000052768",0
"ENSRNOG00000069048",0
"ENSRNOG00000026870",2
"ENSRNOG00000054228",0
"ENSRNOG00000067473",7
"ENSRNOG00000055311",0
"ENSRNOG00000063214",0
"ENSRNOG00000060986",0
"ENSRNOG00000070128",0
"ENSRNOG00000060264",0
"ENSRNOG00000066127",0
"ENSRNOG00000052026",1
"ENSRNOG00000068094",0
"ENSRNOG00000070046",32
"ENSRNOG00000058838",0
"ENSRNOG00000028670",0
"ENSRNOG00000067170",12
"ENSRNOG00000054912",0
"ENSRNOG00000067715",0
"ENSRNOG00000060035",0
"ENSRNOG00000070580",0
"ENSRNOG00000001704",759
"ENSRNOG00000063650",0
"ENSRNOG00000069387",0
"ENSRNOG00000068612",0
"ENSRNOG00000060275",0
"ENSRNOG00000068092",0
"ENSRNOG00000062566",0
"ENSRNOG00000001584",663
"ENSRNOG00000062978",0
"ENSRNOG00000070870",0
"ENSRNOG00000069234",0
"ENSRNOG00000060397",0
"ENSRNOG00000028658",0
"ENSRNOG00000052098",0
"ENSRNOG00000001979",633
"ENSRNOG00000070255",0
"ENSRNOG00000063020",0
"ENSRNOG00000056995",0
"ENSRNOG00000062680",0
"ENSRNOG00000038597",1193
"ENSRNOG00000067013",0
"ENSRNOG00000054940",0
"ENSRNOG00000065034",1
"ENSRNOG00000069118",0
"ENSRNOG00000061629",0
"ENSRNOG00000058294",0
"ENSRNOG00000002115",1378
"ENSRNOG00000070495",0
"ENSRNOG00000060895",0
"ENSRNOG00000066783",0
"ENSRNOG00000067550",0
"ENSRNOG00000068673",0
"ENSRNOG00000058239",0
"ENSRNOG00000028594",697
"ENSRNOG00000063377",0
"ENSRNOG00000001825",261
"ENSRNOG00000056812",0
"ENSRNOG00000062427",0
"ENSRNOG00000063571",0
"ENSRNOG00000060372",0
"ENSRNOG00000055121",0
"ENSRNOG00000070084",1
"ENSRNOG00000063074",0
"ENSRNOG00000054363",0
"ENSRNOG00000066588",0
"ENSRNOG00000052779",0
"ENSRNOG00000001657",1016
"ENSRNOG00000060850",0
"ENSRNOG00000002104",661
"ENSRNOG00000067029",0
"ENSRNOG00000068576",0
"ENSRNOG00000070903",0
"ENSRNOG00000070458",0
"ENSRNOG00000067988",84
"ENSRNOG00000063218",0
"ENSRNOG00000066621",0
"ENSRNOG00000068065",0
"ENSRNOG00000065231",0
"ENSRNOG00000070902",0
"ENSRNOG00000065737",0
"ENSRNOG00000052206",0
"ENSRNOG00000029811",19
"ENSRNOG00000060551",0
"ENSRNOG00000001877",1882
"ENSRNOG00000064835",1
"ENSRNOG00000066663",2
"ENSRNOG00000067860",0
"ENSRNOG00000068560",618
"ENSRNOG00000059381",244
"ENSRNOG00000065755",0
"ENSRNOG00000021399",52
"ENSRNOG00000001720",315
"ENSRNOG00000066115",3
"ENSRNOG00000052102",0
"ENSRNOG00000001729",488
"ENSRNOG00000067747",0
"ENSRNOG00000068158",5
"ENSRNOG00000021555",12
"ENSRNOG00000001984",0
"ENSRNOG00000042975",59
"ENSRNOG00000063553",1
"ENSRNOG00000021524",1
"ENSRNOG00000038505",0
"ENSRNOG00000001876",20
"ENSRNOG00000039877",281
"ENSRNOG00000042474",0
"ENSRNOG00000050091",3
"ENSRNOG00000070616",11
"ENSRNOG00000039680",0
"ENSRNOG00000002028",627
"ENSRNOG00000066465",16
"ENSRNOG00000067941",347
"ENSRNOG00000047699",563
"ENSRNOG00000002080",323
"ENSRNOG00000069351",2
"ENSRNOG00000001986",0
"ENSRNOG00000001654",104
"ENSRNOG00000001868",981
"ENSRNOG00000052428",0
"ENSRNOG00000002026",36
"ENSRNOG00000024127",2
"ENSRNOG00000067809",0
"ENSRNOG00000028292",425
"ENSRNOG00000025787",0
"ENSRNOG00000063126",1
"ENSRNOG00000068502",21
"ENSRNOG00000001642",666
"ENSRNOG00000002036",272
"ENSRNOG00000001878",566
"ENSRNOG00000064931",0
"ENSRNOG00000062397",0
"ENSRNOG00000068346",0
"ENSRNOG00000001872",0
"ENSRNOG00000052008",1
"ENSRNOG00000068497",0
"ENSRNOG00000057748",0
"ENSRNOG00000002021",3768
"ENSRNOG00000056680",0
"ENSRNOG00000062424",0
"ENSRNOG00000057324",0
"ENSRNOG00000066842",218
"ENSRNOG00000056215",0
"ENSRNOG00000058009",2
"ENSRNOG00000062537",0
"ENSRNOG00000060760",0
"ENSRNOG00000001575",0
"ENSRNOG00000001717",471
"ENSRNOG00000027797",696
"ENSRNOG00000001640",246
"ENSRNOG00000040050",0
"ENSRNOG00000002012",92
"ENSRNOG00000001644",0
"ENSRNOG00000025028",193
"ENSRNOG00000002072",85
"ENSRNOG00000001622",4
"ENSRNOG00000028014",33
"ENSRNOG00000001616",189
"ENSRNOG00000038540",1
"ENSRNOG00000024040",214
"ENSRNOG00000002051",899
"ENSRNOG00000001928",153
"ENSRNOG00000039567",134
"ENSRNOG00000039517",0
"ENSRNOG00000001930",1754
"ENSRNOG00000027888",91
"ENSRNOG00000002001",729
"ENSRNOG00000030462",0
"ENSRNOG00000063842",0
"ENSRNOG00000065104",0
"ENSRNOG00000046991",142
"ENSRNOG00000063970",0
"ENSRNOG00000065628",0
"ENSRNOG00000065413",0
"ENSRNOG00000022160",0
"ENSRNOG00000070451",0
"ENSRNOG00000068415",4
"ENSRNOG00000039649",0
"ENSRNOG00000064197",0
"ENSRNOG00000038512",0
"ENSRNOG00000069304",0
"ENSRNOG00000069990",0
"ENSRNOG00000001645",1274
"ENSRNOG00000024384",0
"ENSRNOG00000046780",0
"ENSRNOG00000052348",0
"ENSRNOG00000001711",230
"ENSRNOG00000039562",23
"ENSRNOG00000068996",0
"ENSRNOG00000033321",82
"ENSRNOG00000025990",0
"ENSRNOG00000065215",792
"ENSRNOG00000065853",1899
"ENSRNOG00000028411",893
"ENSRNOG00000055751",7
"ENSRNOG00000001833",410
"ENSRNOG00000062881",122
"ENSRNOG00000033603",374
"ENSRNOG00000064655",146
"ENSRNOG00000023917",145
"ENSRNOG00000070865",94
"ENSRNOG00000002253",40
"ENSRNOG00000037909",378
"ENSRNOG00000001613",191
"ENSRNOG00000001931",14
"ENSRNOG00000038610",1182
"ENSRNOG00000026991",10
"ENSRNOG00000001845",298
"ENSRNOG00000055138",0
"ENSRNOG00000067943",151
"ENSRNOG00000001611",620
"ENSRNOG00000001728",140
"ENSRNOG00000052877",0
"ENSRNOG00000001874",0
"ENSRNOG00000001713",437
"ENSRNOG00000069996",0
"ENSRNOG00000067098",0
"ENSRNOG00000039668",1117
"ENSRNOG00000069169",2
"ENSRNOG00000048109",5373
"ENSRNOG00000001924",0
"ENSRNOG00000001873",1
"ENSRNOG00000031273",3758
"ENSRNOG00000001653",10
"ENSRNOG00000039674",12
"ENSRNOG00000032877",382
"ENSRNOG00000025014",73
"ENSRNOG00000055281",628
"ENSRNOG00000070540",0
"ENSRNOG00000033115",12
"ENSRNOG00000001893",503
"ENSRNOG00000050000",0
"ENSRNOG00000059491",19
"ENSRNOG00000025031",0
"ENSRNOG00000050071",0
"ENSRNOG00000001609",47
"ENSRNOG00000068894",5
"ENSRNOG00000001843",957
"ENSRNOG00000066515",0
"ENSRNOG00000001991",2561
"ENSRNOG00000070676",0
"ENSRNOG00000001926",0
"ENSRNOG00000051418",0
"ENSRNOG00000030452",4
"ENSRNOG00000068299",1361
"ENSRNOG00000042967",0
"ENSRNOG00000050869",199
"ENSRNOG00000000716",0
"ENSRNOG00000063121",0
"ENSRNOG00000001823",686
"ENSRNOG00000001699",110
"ENSRNOG00000031163",65
"ENSRNOG00000001567",0
"ENSRNOG00000063483",0
"ENSRNOG00000040068",0
"ENSRNOG00000071041",0
"ENSRNOG00000070559",0
"ENSRNOG00000001608",45
"ENSRNOG00000040064",0
"ENSRNOG00000027997",0
"ENSRNOG00000055713",0
"ENSRNOG00000001813",801
"ENSRNOG00000043017",0
"ENSRNOG00000039678",0
"ENSRNOG00000042680",0
"ENSRNOG00000049911",334
"ENSRNOG00000057156",0
"ENSRNOG00000027691",0
"ENSRNOG00000001982",695
"ENSRNOG00000061897",0
"ENSRNOG00000027478",0
"ENSRNOG00000055793",0
"ENSRNOG00000001571",0
"ENSRNOG00000048374",0
"ENSRNOG00000067486",3
"ENSRNOG00000066669",0
"ENSRNOG00000050096",0
"ENSRNOG00000067558",0
"ENSRNOG00000048212",0
"ENSRNOG00000047848",22
"ENSRNOG00000001570",0
"ENSRNOG00000042531",0
"ENSRNOG00000001971",362
"ENSRNOG00000065419",0
"ENSRNOG00000063617",0
"ENSRNOG00000001862",2885
"ENSRNOG00000001691",0
"ENSRNOG00000060045",681
"ENSRNOG00000026236",383
"ENSRNOG00000001692",51
"ENSRNOG00000001861",32
"ENSRNOG00000001701",41
"ENSRNOG00000054203",163
"ENSRNOG00000001964",1367
"ENSRNOG00000001865",0
"ENSRNOG00000001860",0
"ENSRNOG00000001686",137
"ENSRNOG00000001864",41
"ENSRNOG00000025252",55
"ENSRNOG00000001684",0
"ENSRNOG00000051458",14
"ENSRNOG00000001958",212
"ENSRNOG00000001681",505
"ENSRNOG00000030245",151
"ENSRNOG00000001989",417
"ENSRNOG00000055545",0
"ENSRNOG00000070534",0
"ENSRNOG00000001662",758
"ENSRNOG00000032101",0
"ENSRNOG00000001859",144
"ENSRNOG00000026918",0
"ENSRNOG00000026900",386
"ENSRNOG00000051204",357
"ENSRNOG00000021674",192
"ENSRNOG00000000720",74
"ENSRNOG00000001643",377
"ENSRNOG00000068003",0
"ENSRNOG00000050286",53
"ENSRNOG00000028248",0
"ENSRNOG00000047194",156
"ENSRNOG00000070368",37
"ENSRNOG00000068638",23
"ENSRNOG00000030285",9
"ENSRNOG00000028774",1328
"ENSRNOG00000069240",3
"ENSRNOG00000029956",97
"ENSRNOG00000000718",913
"ENSRNOG00000001585",201
"ENSRNOG00000009920",57
"ENSRNOG00000029147",1
"ENSRNOG00000069094",0
"ENSRNOG00000001554",164
"ENSRNOG00000000715",0
"ENSRNOG00000033441",0
"ENSRNOG00000029763",6
"ENSRNOG00000061099",51
"ENSRNOG00000001573",477
"ENSRNOG00000040257",482
"ENSRNOG00000051232",218
"ENSRNOG00000030840",0
"ENSRNOG00000029598",296
"ENSRNOG00000047563",141
"ENSRNOG00000060979",663
"ENSRNOG00000030930",0
"ENSRNOG00000001916",0
"ENSRNOG00000001915",0
"ENSRNOG00000029614",605
"ENSRNOG00000070402",0
"ENSRNOG00000070302",0
"ENSRNOG00000062450",2
"ENSRNOG00000048723",521
"ENSRNOG00000064853",0
"ENSRNOG00000000713",34
"ENSRNOG00000001582",391
"ENSRNOG00000006997",11628
"ENSRNOG00000001607",2767
"ENSRNOG00000002126",0
"ENSRNOG00000057794",190
"ENSRNOG00000001603",117
"ENSRNOG00000001602",707
"ENSRNOG00000001557",549
"ENSRNOG00000001555",349
"ENSRNOG00000063701",0
"ENSRNOG00000001544",0
"ENSRNOG00000001599",59
"ENSRNOG00000001598",247
"ENSRNOG00000040057",0
"ENSRNOG00000038819",3
"ENSRNOG00000045697",8
"ENSRNOG00000042623",2
"ENSRNOG00000052858",1
"ENSRNOG00000011424",1
"ENSRNOG00000067705",80
"ENSRNOG00000055604",0
"ENSRNOG00000028744",0
"ENSRNOG00000011706",0
"ENSRNOG00000031879",1
"ENSRNOG00000046342",33
"ENSRNOG00000056001",0
"ENSRNOG00000061711",0
"ENSRNOG00000038458",6
"ENSRNOG00000013684",0
"ENSRNOG00000038375",566
"ENSRNOG00000012270",64
"ENSRNOG00000070631",0
"ENSRNOG00000012287",448
"ENSRNOG00000064976",0
"ENSRNOG00000064130",0
"ENSRNOG00000014118",0
"ENSRNOG00000069339",0
"ENSRNOG00000056629",20
"ENSRNOG00000053893",5
"ENSRNOG00000046517",3
"ENSRNOG00000066386",0
"ENSRNOG00000012658",212
"ENSRNOG00000061026",0
"ENSRNOG00000069329",0
"ENSRNOG00000030299",392
"ENSRNOG00000062457",0
"ENSRNOG00000049047",485
"ENSRNOG00000022432",3
"ENSRNOG00000055042",0
"ENSRNOG00000028623",325
"ENSRNOG00000028958",3
"ENSRNOG00000052513",461
"ENSRNOG00000062357",34
"ENSRNOG00000011178",0
"ENSRNOG00000012174",3
"ENSRNOG00000063129",0
"ENSRNOG00000065913",0
"ENSRNOG00000019568",457
"ENSRNOG00000066408",0
"ENSRNOG00000019657",225
"ENSRNOG00000019277",718
"ENSRNOG00000068580",0
"ENSRNOG00000029606",75
"ENSRNOG00000070460",195
"ENSRNOG00000052647",0
"ENSRNOG00000069508",94
"ENSRNOG00000065365",0
"ENSRNOG00000066563",0
"ENSRNOG00000066481",0
"ENSRNOG00000070007",1
"ENSRNOG00000063316",0
"ENSRNOG00000063304",1
"ENSRNOG00000067165",2
"ENSRNOG00000056897",0
"ENSRNOG00000069841",0
"ENSRNOG00000031335",14
"ENSRNOG00000062412",89
"ENSRNOG00000013740",0
"ENSRNOG00000056463",0
"ENSRNOG00000063166",0
"ENSRNOG00000053759",0
"ENSRNOG00000064995",4
"ENSRNOG00000064072",0
"ENSRNOG00000069986",0
"ENSRNOG00000055781",0
"ENSRNOG00000022798",0
"ENSRNOG00000062866",0
"ENSRNOG00000012087",345
"ENSRNOG00000059357",0
"ENSRNOG00000068397",0
"ENSRNOG00000070563",11
"ENSRNOG00000051532",4
"ENSRNOG00000070600",0
"ENSRNOG00000068710",0
"ENSRNOG00000039624",0
"ENSRNOG00000033057",4
"ENSRNOG00000052164",0
"ENSRNOG00000068115",0
"ENSRNOG00000070698",0
"ENSRNOG00000065379",0
"ENSRNOG00000067559",0
"ENSRNOG00000058620",0
"ENSRNOG00000051457",0
"ENSRNOG00000065614",14
"ENSRNOG00000057479",0
"ENSRNOG00000065045",3
"ENSRNOG00000067448",0
"ENSRNOG00000056455",0
"ENSRNOG00000021726",84
"ENSRNOG00000067856",17
"ENSRNOG00000065919",1
"ENSRNOG00000070105",0
"ENSRNOG00000064791",0
"ENSRNOG00000070194",0
"ENSRNOG00000053083",0
"ENSRNOG00000066947",0
"ENSRNOG00000038157",0
"ENSRNOG00000047977",96
"ENSRNOG00000013502",914
"ENSRNOG00000070573",0
"ENSRNOG00000016619",392
"ENSRNOG00000059595",0
"ENSRNOG00000021693",368
"ENSRNOG00000038155",0
"ENSRNOG00000067760",0
"ENSRNOG00000053887",0
"ENSRNOG00000066656",0
"ENSRNOG00000065276",0
"ENSRNOG00000063958",0
"ENSRNOG00000066600",0
"ENSRNOG00000010785",0
"ENSRNOG00000061907",0
"ENSRNOG00000069310",0
"ENSRNOG00000064031",0
"ENSRNOG00000068498",0
"ENSRNOG00000069693",0
"ENSRNOG00000064084",107
"ENSRNOG00000057503",0
"ENSRNOG00000066183",0
"ENSRNOG00000069277",1
"ENSRNOG00000038151",0
"ENSRNOG00000051587",0
"ENSRNOG00000067751",0
"ENSRNOG00000068977",1
"ENSRNOG00000052900",0
"ENSRNOG00000038135",0
"ENSRNOG00000066652",1
"ENSRNOG00000070344",0
"ENSRNOG00000065768",0
"ENSRNOG00000061751",0
"ENSRNOG00000067533",0
"ENSRNOG00000032575",137
"ENSRNOG00000070250",1
"ENSRNOG00000061766",0
"ENSRNOG00000022482",648
"ENSRNOG00000038133",0
"ENSRNOG00000054711",0
"ENSRNOG00000016892",82
"ENSRNOG00000059895",0
"ENSRNOG00000054717",0
"ENSRNOG00000067439",0
"ENSRNOG00000063794",0
"ENSRNOG00000027245",516
"ENSRNOG00000067734",1
"ENSRNOG00000068819",0
"ENSRNOG00000068728",0
"ENSRNOG00000069702",1
"ENSRNOG00000051688",3
"ENSRNOG00000051984",0
"ENSRNOG00000056277",0
"ENSRNOG00000019727",348
"ENSRNOG00000060942",0
"ENSRNOG00000068105",0
"ENSRNOG00000066899",12
"ENSRNOG00000038743",0
"ENSRNOG00000063240",0
"ENSRNOG00000019394",186
"ENSRNOG00000068830",28
"ENSRNOG00000000111",146
"ENSRNOG00000011438",0
"ENSRNOG00000052584",0
"ENSRNOG00000067775",0
"ENSRNOG00000060263",1
"ENSRNOG00000010830",2048
"ENSRNOG00000051395",0
"ENSRNOG00000068570",0
"ENSRNOG00000058732",0
"ENSRNOG00000019433",151
"ENSRNOG00000064380",12
"ENSRNOG00000014624",97
"ENSRNOG00000066596",34
"ENSRNOG00000067215",0
"ENSRNOG00000066084",1
"ENSRNOG00000033351",174
"ENSRNOG00000068713",0
"ENSRNOG00000060710",0
"ENSRNOG00000015280",365
"ENSRNOG00000058362",0
"ENSRNOG00000067949",0
"ENSRNOG00000069662",0
"ENSRNOG00000055692",0
"ENSRNOG00000068505",1
"ENSRNOG00000063780",0
"ENSRNOG00000057559",0
"ENSRNOG00000017671",358
"ENSRNOG00000059650",0
"ENSRNOG00000051475",0
"ENSRNOG00000015498",13
"ENSRNOG00000067021",2
"ENSRNOG00000010633",206
"ENSRNOG00000061634",0
"ENSRNOG00000057492",0
"ENSRNOG00000065964",0
"ENSRNOG00000052855",0
"ENSRNOG00000013751",476
"ENSRNOG00000064560",0
"ENSRNOG00000063342",0
"ENSRNOG00000062336",0
"ENSRNOG00000054526",0
"ENSRNOG00000070948",2
"ENSRNOG00000066851",0
"ENSRNOG00000056004",0
"ENSRNOG00000063073",3
"ENSRNOG00000018543",1
"ENSRNOG00000034790",0
"ENSRNOG00000012674",0
"ENSRNOG00000066997",0
"ENSRNOG00000067194",3
"ENSRNOG00000063450",0
"ENSRNOG00000070525",0
"ENSRNOG00000063564",7
"ENSRNOG00000060940",1
"ENSRNOG00000022181",0
"ENSRNOG00000067772",2
"ENSRNOG00000057398",0
"ENSRNOG00000055658",6
"ENSRNOG00000070751",6
"ENSRNOG00000014199",529
"ENSRNOG00000053586",1
"ENSRNOG00000026740",0
"ENSRNOG00000057346",0
"ENSRNOG00000063993",28
"ENSRNOG00000061440",0
"ENSRNOG00000054043",0
"ENSRNOG00000012582",1460
"ENSRNOG00000060692",0
"ENSRNOG00000063268",0
"ENSRNOG00000056664",0
"ENSRNOG00000056682",0
"ENSRNOG00000069705",0
"ENSRNOG00000052262",0
"ENSRNOG00000061709",4
"ENSRNOG00000058395",0
"ENSRNOG00000067837",10
"ENSRNOG00000058810",1
"ENSRNOG00000016256",1521
"ENSRNOG00000015859",0
"ENSRNOG00000018430",0
"ENSRNOG00000059879",0
"ENSRNOG00000069796",562
"ENSRNOG00000061765",0
"ENSRNOG00000056874",11
"ENSRNOG00000059902",0
"ENSRNOG00000063984",0
"ENSRNOG00000012565",150
"ENSRNOG00000060560",0
"ENSRNOG00000055540",0
"ENSRNOG00000054601",0
"ENSRNOG00000066729",0
"ENSRNOG00000060283",0
"ENSRNOG00000064740",0
"ENSRNOG00000012108",11
"ENSRNOG00000063742",0
"ENSRNOG00000060595",0
"ENSRNOG00000058759",0
"ENSRNOG00000030954",27692
"ENSRNOG00000067252",9
"ENSRNOG00000014741",0
"ENSRNOG00000063369",0
"ENSRNOG00000068203",0
"ENSRNOG00000060537",0
"ENSRNOG00000059707",0
"ENSRNOG00000070763",0
"ENSRNOG00000057474",0
"ENSRNOG00000061090",0
"ENSRNOG00000070454",0
"ENSRNOG00000065107",0
"ENSRNOG00000031189",0
"ENSRNOG00000070981",0
"ENSRNOG00000052526",0
"ENSRNOG00000051550",0
"ENSRNOG00000019222",1393
"ENSRNOG00000066073",1
"ENSRNOG00000070818",28
"ENSRNOG00000058394",0
"ENSRNOG00000046554",0
"ENSRNOG00000062490",0
"ENSRNOG00000060161",0
"ENSRNOG00000066888",0
"ENSRNOG00000035589",0
"ENSRNOG00000052819",0
"ENSRNOG00000050405",0
"ENSRNOG00000059970",0
"ENSRNOG00000064049",2
"ENSRNOG00000016423",1503
"ENSRNOG00000018669",0
"ENSRNOG00000069561",15
"ENSRNOG00000042464",127
"ENSRNOG00000066250",0
"ENSRNOG00000066981",1
"ENSRNOG00000066732",0
"ENSRNOG00000057348",0
"ENSRNOG00000035975",0
"ENSRNOG00000012561",560
"ENSRNOG00000053224",0
"ENSRNOG00000017518",0
"ENSRNOG00000013147",0
"ENSRNOG00000067895",3
"ENSRNOG00000014454",1111
"ENSRNOG00000033444",0
"ENSRNOG00000000112",707
"ENSRNOG00000012333",3
"ENSRNOG00000017397",82
"ENSRNOG00000025365",27
"ENSRNOG00000066109",319
"ENSRNOG00000017536",1056
"ENSRNOG00000061160",10
"ENSRNOG00000020178",1327
"ENSRNOG00000016559",535
"ENSRNOG00000013391",2915
"ENSRNOG00000056956",149
"ENSRNOG00000069749",126
"ENSRNOG00000022368",198
"ENSRNOG00000028380",102
"ENSRNOG00000033585",0
"ENSRNOG00000068331",0
"ENSRNOG00000039749",0
"ENSRNOG00000049942",42
"ENSRNOG00000019700",2
"ENSRNOG00000014275",369
"ENSRNOG00000032737",0
"ENSRNOG00000020229",415
"ENSRNOG00000025222",360
"ENSRNOG00000020088",186
"ENSRNOG00000011826",15
"ENSRNOG00000014462",439
"ENSRNOG00000017689",7
"ENSRNOG00000042114",110
"ENSRNOG00000052038",23
"ENSRNOG00000014628",581
"ENSRNOG00000018233",8302
"ENSRNOG00000012283",0
"ENSRNOG00000023317",1675
"ENSRNOG00000012448",1
"ENSRNOG00000058359",815
"ENSRNOG00000017554",0
"ENSRNOG00000042867",0
"ENSRNOG00000009824",497
"ENSRNOG00000066883",0
"ENSRNOG00000012739",111
"ENSRNOG00000054006",0
"ENSRNOG00000028299",0
"ENSRNOG00000022686",32
"ENSRNOG00000012991",1328
"ENSRNOG00000017085",327
"ENSRNOG00000055677",0
"ENSRNOG00000011016",1696
"ENSRNOG00000018452",90
"ENSRNOG00000053136",0
"ENSRNOG00000042690",0
"ENSRNOG00000049442",4586
"ENSRNOG00000016645",324
"ENSRNOG00000017683",0
"ENSRNOG00000032192",201
"ENSRNOG00000016050",392
"ENSRNOG00000033386",0
"ENSRNOG00000017154",1085
"ENSRNOG00000011116",95
"ENSRNOG00000018167",0
"ENSRNOG00000042658",0
"ENSRNOG00000013763",341
"ENSRNOG00000057751",0
"ENSRNOG00000018170",321
"ENSRNOG00000020203",0
"ENSRNOG00000011276",520
"ENSRNOG00000026180",90
"ENSRNOG00000010748",757
"ENSRNOG00000025433",0
"ENSRNOG00000014621",665
"ENSRNOG00000070644",0
"ENSRNOG00000020045",1
"ENSRNOG00000062821",182
"ENSRNOG00000025728",0
"ENSRNOG00000066340",0
"ENSRNOG00000051993",1553
"ENSRNOG00000009738",193
"ENSRNOG00000016015",987
"ENSRNOG00000019073",341
"ENSRNOG00000023485",2
"ENSRNOG00000064616",399
"ENSRNOG00000020155",393
"ENSRNOG00000045729",0
"ENSRNOG00000010832",574
"ENSRNOG00000033703",2
"ENSRNOG00000059900",21
"ENSRNOG00000011397",0
"ENSRNOG00000018326",875
"ENSRNOG00000014875",364
"ENSRNOG00000038671",0
"ENSRNOG00000019504",507
"ENSRNOG00000052469",1215
"ENSRNOG00000010714",0
"ENSRNOG00000019971",14129
"ENSRNOG00000065936",0
"ENSRNOG00000048769",0
"ENSRNOG00000068093",0
"ENSRNOG00000068852",0
"ENSRNOG00000019629",7050
"ENSRNOG00000014502",0
"ENSRNOG00000000054",135
"ENSRNOG00000015052",19
"ENSRNOG00000032376",71
"ENSRNOG00000015375",237
"ENSRNOG00000017552",365
"ENSRNOG00000019990",108
"ENSRNOG00000042560",293
"ENSRNOG00000039417",642
"ENSRNOG00000020030",95
"ENSRNOG00000015501",338
"ENSRNOG00000015148",3
"ENSRNOG00000010780",2340
"ENSRNOG00000019572",126
"ENSRNOG00000019649",806
"ENSRNOG00000069017",1216
"ENSRNOG00000010758",3
"ENSRNOG00000058662",64
"ENSRNOG00000017071",567
"ENSRNOG00000019009",38
"ENSRNOG00000068301",0
"ENSRNOG00000020134",310
"ENSRNOG00000070518",65
"ENSRNOG00000009846",13
"ENSRNOG00000059091",0
"ENSRNOG00000015496",13373
"ENSRNOG00000012573",0
"ENSRNOG00000067124",0
"ENSRNOG00000067549",64
"ENSRNOG00000018241",1
"ENSRNOG00000064919",0
"ENSRNOG00000019824",406
"ENSRNOG00000011420",5
"ENSRNOG00000015751",24
"ENSRNOG00000014185",0
"ENSRNOG00000027257",117
"ENSRNOG00000067670",0
"ENSRNOG00000010189",1178
"ENSRNOG00000019216",0
"ENSRNOG00000010034",2812
"ENSRNOG00000049498",146
"ENSRNOG00000064081",1
"ENSRNOG00000067161",0
"ENSRNOG00000018823",6654
"ENSRNOG00000010776",931
"ENSRNOG00000064603",0
"ENSRNOG00000064057",1
"ENSRNOG00000023509",1740
"ENSRNOG00000011492",104
"ENSRNOG00000010984",1844
"ENSRNOG00000057966",0
"ENSRNOG00000064888",22
"ENSRNOG00000019955",7
"ENSRNOG00000067022",4
"ENSRNOG00000042580",23
"ENSRNOG00000049856",79
"ENSRNOG00000054322",1
"ENSRNOG00000010155",495
"ENSRNOG00000015621",80
"ENSRNOG00000012181",332
"ENSRNOG00000014149",1
"ENSRNOG00000023403",58
"ENSRNOG00000015618",46
"ENSRNOG00000032297",1223
"ENSRNOG00000014188",27
"ENSRNOG00000011263",1612
"ENSRNOG00000060701",78
"ENSRNOG00000026310",0
"ENSRNOG00000068058",38
"ENSRNOG00000043387",17618
"ENSRNOG00000016186",134
"ENSRNOG00000018943",380
"ENSRNOG00000029441",679
"ENSRNOG00000025012",0
"ENSRNOG00000061945",4
"ENSRNOG00000011992",3
"ENSRNOG00000033528",107
"ENSRNOG00000018147",0
"ENSRNOG00000043249",0
"ENSRNOG00000012001",220
"ENSRNOG00000032550",0
"ENSRNOG00000039786",0
"ENSRNOG00000019639",39
"ENSRNOG00000042628",0
"ENSRNOG00000051048",3055
"ENSRNOG00000012263",332
"ENSRNOG00000039357",0
"ENSRNOG00000028426",53
"ENSRNOG00000019768",0
"ENSRNOG00000017231",997
"ENSRNOG00000067356",0
"ENSRNOG00000048622",1129
"ENSRNOG00000010558",175
"ENSRNOG00000030199",311
"ENSRNOG00000042426",216
"ENSRNOG00000011891",937
"ENSRNOG00000025174",1547
"ENSRNOG00000040205",1043
"ENSRNOG00000018764",0
"ENSRNOG00000057716",0
"ENSRNOG00000052129",0
"ENSRNOG00000018650",131
"ENSRNOG00000068874",5
"ENSRNOG00000020078",0
"ENSRNOG00000029903",0
"ENSRNOG00000019018",704
"ENSRNOG00000054809",0
"ENSRNOG00000018781",400
"ENSRNOG00000017156",34
"ENSRNOG00000030017",111
"ENSRNOG00000065627",33
"ENSRNOG00000017676",1
"ENSRNOG00000014172",0
"ENSRNOG00000062469",0
"ENSRNOG00000068146",0
"ENSRNOG00000012396",0
"ENSRNOG00000017956",1704
"ENSRNOG00000066954",0
"ENSRNOG00000018795",11344
"ENSRNOG00000051911",0
"ENSRNOG00000011407",877
"ENSRNOG00000014339",0
"ENSRNOG00000033912",5
"ENSRNOG00000018040",45
"ENSRNOG00000053706",185
"ENSRNOG00000059057",89
"ENSRNOG00000069283",16
"ENSRNOG00000032995",49
"ENSRNOG00000012841",218
"ENSRNOG00000019630",105
"ENSRNOG00000018822",0
"ENSRNOG00000069755",0
"ENSRNOG00000012779",0
"ENSRNOG00000018952",1
"ENSRNOG00000029522",0
"ENSRNOG00000066938",334
"ENSRNOG00000066630",386
"ENSRNOG00000028707",0
"ENSRNOG00000020427",180
"ENSRNOG00000064390",0
"ENSRNOG00000056947",0
"ENSRNOG00000067523",0
"ENSRNOG00000062395",0
"ENSRNOG00000033318",60
"ENSRNOG00000018996",147
"ENSRNOG00000030093",0
"ENSRNOG00000012767",32
"ENSRNOG00000019656",471
"ENSRNOG00000068468",0
"ENSRNOG00000030524",0
"ENSRNOG00000012790",0
"ENSRNOG00000022247",110
"ENSRNOG00000019273",402
"ENSRNOG00000017949",499
"ENSRNOG00000000109",0
"ENSRNOG00000012878",7
"ENSRNOG00000048036",0
"ENSRNOG00000011474",38
"ENSRNOG00000019097",753
"ENSRNOG00000049949",9
"ENSRNOG00000011431",1066
"ENSRNOG00000042237",5
"ENSRNOG00000042504",21
"ENSRNOG00000011839",100
"ENSRNOG00000010107",2817
"ENSRNOG00000013061",830
"ENSRNOG00000052111",267
"ENSRNOG00000019697",748
"ENSRNOG00000011881",54
"ENSRNOG00000011448",156
"ENSRNOG00000031959",1
"ENSRNOG00000019698",37
"ENSRNOG00000013768",0
"ENSRNOG00000011625",1273
"ENSRNOG00000014520",281
"ENSRNOG00000018077",524
"ENSRNOG00000020526",284
"ENSRNOG00000011253",3
"ENSRNOG00000014526",92
"ENSRNOG00000050067",632
"ENSRNOG00000038130",0
"ENSRNOG00000069920",0
"ENSRNOG00000019741",15
"ENSRNOG00000012329",1365
"ENSRNOG00000019490",1625
"ENSRNOG00000026914",28
"ENSRNOG00000022173",796
"ENSRNOG00000015021",94
"ENSRNOG00000024930",408
"ENSRNOG00000015109",160
"ENSRNOG00000020599",48
"ENSRNOG00000015182",911
"ENSRNOG00000014600",0
"ENSRNOG00000011754",0
"ENSRNOG00000012757",51
"ENSRNOG00000070947",0
"ENSRNOG00000020602",101
"ENSRNOG00000039191",0
"ENSRNOG00000022421",399
"ENSRNOG00000010783",294
"ENSRNOG00000020622",1
"ENSRNOG00000026336",3
"ENSRNOG00000019387",525
"ENSRNOG00000063036",0
"ENSRNOG00000064362",366
"ENSRNOG00000023494",142
"ENSRNOG00000031681",0
"ENSRNOG00000048472",24
"ENSRNOG00000011518",0
"ENSRNOG00000024142",67
"ENSRNOG00000022753",181
"ENSRNOG00000018932",230
"ENSRNOG00000050857",76
"ENSRNOG00000019150",235
"ENSRNOG00000029264",45
"ENSRNOG00000019267",7
"ENSRNOG00000013024",789
"ENSRNOG00000062701",0
"ENSRNOG00000015440",282
"ENSRNOG00000012934",677
"ENSRNOG00000033972",0
"ENSRNOG00000017783",0
"ENSRNOG00000013939",0
"ENSRNOG00000047276",3308
"ENSRNOG00000012601",1324
"ENSRNOG00000033538",0
"ENSRNOG00000038149",0
"ENSRNOG00000030102",1
"ENSRNOG00000011351",19
"ENSRNOG00000038148",0
"ENSRNOG00000038147",0
"ENSRNOG00000046973",216
"ENSRNOG00000013254",883
"ENSRNOG00000012654",377
"ENSRNOG00000013957",0
"ENSRNOG00000019473",162
"ENSRNOG00000034275",0
"ENSRNOG00000013884",401
"ENSRNOG00000014915",415
"ENSRNOG00000019518",10
"ENSRNOG00000070256",0
"ENSRNOG00000023991",227
"ENSRNOG00000024650",186
"ENSRNOG00000065258",0
"ENSRNOG00000019661",6
"ENSRNOG00000028586",111
"ENSRNOG00000022565",0
"ENSRNOG00000010736",24
"ENSRNOG00000016696",33
"ENSRNOG00000032089",0
"ENSRNOG00000023972",3479
"ENSRNOG00000029462",0
"ENSRNOG00000038115",0
"ENSRNOG00000030719",0
"ENSRNOG00000010392",700
"ENSRNOG00000028636",15
"ENSRNOG00000016281",4910
"ENSRNOG00000021805",187
"ENSRNOG00000032304",0
"ENSRNOG00000024837",0
"ENSRNOG00000055499",0
"ENSRNOG00000013541",138
"ENSRNOG00000038129",0
"ENSRNOG00000066120",0
"ENSRNOG00000065076",0
"ENSRNOG00000038128",0
"ENSRNOG00000067812",55
"ENSRNOG00000038126",0
"ENSRNOG00000052152",0
"ENSRNOG00000065710",0
"ENSRNOG00000019228",258
"ENSRNOG00000038106",915
"ENSRNOG00000028919",0
"ENSRNOG00000016483",0
"ENSRNOG00000066096",0
"ENSRNOG00000022781",1504
"ENSRNOG00000026403",57
"ENSRNOG00000055331",493
"ENSRNOG00000014745",684
"ENSRNOG00000020269",79
"ENSRNOG00000007748",0
"ENSRNOG00000014464",3
"ENSRNOG00000020280",84
"ENSRNOG00000015426",21
"ENSRNOG00000055140",0
"ENSRNOG00000059166",126
"ENSRNOG00000020345",91
"ENSRNOG00000014598",429
"ENSRNOG00000020390",156
"ENSRNOG00000053026",49
"ENSRNOG00000011921",15
"ENSRNOG00000037753",0
"ENSRNOG00000020400",6
"ENSRNOG00000063117",0
"ENSRNOG00000011858",0
"ENSRNOG00000029977",0
"ENSRNOG00000062799",3
"ENSRNOG00000058908",274
"ENSRNOG00000062801",0
"ENSRNOG00000030889",8
"ENSRNOG00000031521",1
"ENSRNOG00000030778",0
"ENSRNOG00000057653",0
"ENSRNOG00000065368",0
"ENSRNOG00000038744",77
"ENSRNOG00000052883",0
"ENSRNOG00000014605",249
"ENSRNOG00000023473",318
"ENSRNOG00000029662",2
"ENSRNOG00000058940",621
"ENSRNOG00000011636",504
"ENSRNOG00000012623",7805
"ENSRNOG00000018358",714
"ENSRNOG00000013328",4755
"ENSRNOG00000058006",0
"ENSRNOG00000025408",26
"ENSRNOG00000059442",106
"ENSRNOG00000065146",126
"ENSRNOG00000018434",7
"ENSRNOG00000059097",0
"ENSRNOG00000038473",10
"ENSRNOG00000059865",0
"ENSRNOG00000019718",28
"ENSRNOG00000014422",139
"ENSRNOG00000063991",0
"ENSRNOG00000020080",0
"ENSRNOG00000049689",1
"ENSRNOG00000021966",16
"ENSRNOG00000022726",0
"ENSRNOG00000070491",0
"ENSRNOG00000067462",0
"ENSRNOG00000017051",107
"ENSRNOG00000065891",0
"ENSRNOG00000020077",0
"ENSRNOG00000012218",1
"ENSRNOG00000017369",37
"ENSRNOG00000017997",58
"ENSRNOG00000060767",0
"ENSRNOG00000029131",0
"ENSRNOG00000018075",2158
"ENSRNOG00000011307",1146
"ENSRNOG00000010488",1722
"ENSRNOG00000014133",0
"ENSRNOG00000018179",541
"ENSRNOG00000019760",351
"ENSRNOG00000067867",0
"ENSRNOG00000028461",587
"ENSRNOG00000016064",1949
"ENSRNOG00000010008",342
"ENSRNOG00000013346",5
"ENSRNOG00000028227",1351
"ENSRNOG00000013574",270
"ENSRNOG00000019615",59
"ENSRNOG00000067370",0
"ENSRNOG00000052391",326
"ENSRNOG00000013961",2523
"ENSRNOG00000014363",71
"ENSRNOG00000019559",476
"ENSRNOG00000016346",1196
"ENSRNOG00000068020",334
"ENSRNOG00000014750",385
"ENSRNOG00000060949",24
"ENSRNOG00000031287",0
"ENSRNOG00000066342",0
"ENSRNOG00000067759",0
"ENSRNOG00000024728",44
"ENSRNOG00000051977",0
"ENSRNOG00000011140",37
"ENSRNOG00000055025",1
"ENSRNOG00000063161",0
"ENSRNOG00000010813",340
"ENSRNOG00000017381",0
"ENSRNOG00000005112",3
"ENSRNOG00000023614",1
"ENSRNOG00000063221",12
"ENSRNOG00000019811",143
"ENSRNOG00000019978",308
"ENSRNOG00000013330",268
"ENSRNOG00000043342",31
"ENSRNOG00000012323",1510
"ENSRNOG00000067535",0
"ENSRNOG00000011912",66
"ENSRNOG00000042037",991
"ENSRNOG00000057367",2820
"ENSRNOG00000023700",98
"ENSRNOG00000013260",42
"ENSRNOG00000039591",0
"ENSRNOG00000011165",0
"ENSRNOG00000057542",0
"ENSRNOG00000039601",0
"ENSRNOG00000065091",1
"ENSRNOG00000010358",312
"ENSRNOG00000024411",67
"ENSRNOG00000011861",0
"ENSRNOG00000010418",46
"ENSRNOG00000011775",6
"ENSRNOG00000010682",432
"ENSRNOG00000011293",42
"ENSRNOG00000060395",11
"ENSRNOG00000013167",12
"ENSRNOG00000067282",0
"ENSRNOG00000063109",0
"ENSRNOG00000069425",7
"ENSRNOG00000012037",115
"ENSRNOG00000066721",1012
"ENSRNOG00000067321",0
"ENSRNOG00000010610",0
"ENSRNOG00000069516",0
"ENSRNOG00000060448",140
"ENSRNOG00000063491",71
"ENSRNOG00000013218",21
"ENSRNOG00000010502",180
"ENSRNOG00000062690",0
"ENSRNOG00000010566",57
"ENSRNOG00000046132",0
"ENSRNOG00000046720",4
"ENSRNOG00000007402",969
"ENSRNOG00000048035",0
"ENSRNOG00000042630",9
"ENSRNOG00000038933",736
"ENSRNOG00000049792",0
"ENSRNOG00000070639",0
"ENSRNOG00000064359",2
"ENSRNOG00000000108",729
"ENSRNOG00000011416",645
"ENSRNOG00000070483",693
"ENSRNOG00000048847",0
"ENSRNOG00000059297",0
"ENSRNOG00000010731",22
"ENSRNOG00000070297",0
"ENSRNOG00000022736",192
"ENSRNOG00000011688",13
"ENSRNOG00000013215",69
"ENSRNOG00000012802",2599
"ENSRNOG00000065184",32
"ENSRNOG00000066202",0
"ENSRNOG00000013480",53
"ENSRNOG00000064469",0
"ENSRNOG00000009660",3
"ENSRNOG00000069013",0
"ENSRNOG00000013248",875
"ENSRNOG00000010475",162
"ENSRNOG00000022320",19
"ENSRNOG00000022261",28
"ENSRNOG00000022500",779
"ENSRNOG00000033638",16
"ENSRNOG00000009590",23
"ENSRNOG00000053529",0
"ENSRNOG00000023034",1
"ENSRNOG00000015225",262
"ENSRNOG00000014645",404
"ENSRNOG00000065037",0
"ENSRNOG00000022957",3
"ENSRNOG00000015971",515
"ENSRNOG00000023013",123
"ENSRNOG00000013738",59
"ENSRNOG00000013774",132
"ENSRNOG00000070204",0
"ENSRNOG00000059142",71
"ENSRNOG00000069576",0
"ENSRNOG00000027066",1
"ENSRNOG00000024671",707
"ENSRNOG00000070823",0
"ENSRNOG00000043219",118
"ENSRNOG00000067639",82
"ENSRNOG00000015834",1
"ENSRNOG00000025422",0
"ENSRNOG00000016087",242
"ENSRNOG00000015840",510
"ENSRNOG00000026136",210
"ENSRNOG00000020084",2
"ENSRNOG00000054953",6
"ENSRNOG00000046264",5
"ENSRNOG00000067520",0
"ENSRNOG00000019744",1
"ENSRNOG00000014426",7463
"ENSRNOG00000063843",1674
"ENSRNOG00000029244",11
"ENSRNOG00000018525",1
"ENSRNOG00000018724",1
"ENSRNOG00000066477",37
"ENSRNOG00000013674",5
"ENSRNOG00000067527",0
"ENSRNOG00000017091",356
"ENSRNOG00000066512",1
"ENSRNOG00000014808",238
"ENSRNOG00000058193",0
"ENSRNOG00000065460",0
"ENSRNOG00000016773",994
"ENSRNOG00000015161",99
"ENSRNOG00000066074",0
"ENSRNOG00000026060",294
"ENSRNOG00000022429",0
"ENSRNOG00000039471",95
"ENSRNOG00000039470",152
"ENSRNOG00000019014",1290
"ENSRNOG00000018254",1
"ENSRNOG00000016250",1020
"ENSRNOG00000018774",212
"ENSRNOG00000016433",2086
"ENSRNOG00000030247",781
"ENSRNOG00000019577",0
"ENSRNOG00000017832",519
"ENSRNOG00000033015",0
"ENSRNOG00000060334",2
"ENSRNOG00000067774",2
"ENSRNOG00000038211",13
"ENSRNOG00000064792",1
"ENSRNOG00000015591",608
"ENSRNOG00000016677",576
"ENSRNOG00000068672",38
"ENSRNOG00000016231",422
"ENSRNOG00000018461",18170
"ENSRNOG00000069464",26
"ENSRNOG00000011382",214
"ENSRNOG00000012795",162
"ENSRNOG00000018089",272
"ENSRNOG00000060410",94
"ENSRNOG00000023412",84
"ENSRNOG00000017488",268
"ENSRNOG00000023433",1463
"ENSRNOG00000017849",89
"ENSRNOG00000017416",2544
"ENSRNOG00000016887",0
"ENSRNOG00000030486",939
"ENSRNOG00000029370",4
"ENSRNOG00000017035",409
"ENSRNOG00000019276",318
"ENSRNOG00000050152",6
"ENSRNOG00000019711",244
"ENSRNOG00000013281",389
"ENSRNOG00000002908",1537
"ENSRNOG00000023197",403
"ENSRNOG00000019235",620
"ENSRNOG00000015772",10
"ENSRNOG00000071008",9
"ENSRNOG00000016021",2084
"ENSRNOG00000014459",147
"ENSRNOG00000016275",0
"ENSRNOG00000019181",2607
"ENSRNOG00000065480",17
"ENSRNOG00000050949",65
"ENSRNOG00000018304",724
"ENSRNOG00000049345",0
"ENSRNOG00000019536",266
"ENSRNOG00000013714",170
"ENSRNOG00000064275",192
"ENSRNOG00000015383",27
"ENSRNOG00000019298",961
"ENSRNOG00000016366",47
"ENSRNOG00000066369",2
"ENSRNOG00000019403",2
"ENSRNOG00000015035",0
"ENSRNOG00000030363",0
"ENSRNOG00000015418",2
"ENSRNOG00000062552",537
"ENSRNOG00000018082",128
"ENSRNOG00000031092",708
"ENSRNOG00000022156",0
"ENSRNOG00000057832",1
"ENSRNOG00000063070",2187
"ENSRNOG00000056258",0
"ENSRNOG00000015602",732
"ENSRNOG00000018414",6
"ENSRNOG00000016874",337
"ENSRNOG00000017159",0
"ENSRNOG00000064251",0
"ENSRNOG00000022202",760
"ENSRNOG00000039260",0
"ENSRNOG00000018992",912
"ENSRNOG00000066013",13764
"ENSRNOG00000011300",19
"ENSRNOG00000003541",120
"ENSRNOG00000052723",0
"ENSRNOG00000052312",1
"ENSRNOG00000068558",4
"ENSRNOG00000055349",0
"ENSRNOG00000019159",0
"ENSRNOG00000052888",0
"ENSRNOG00000015546",190
"ENSRNOG00000056958",0
"ENSRNOG00000057533",0
"ENSRNOG00000063255",0
"ENSRNOG00000054451",0
"ENSRNOG00000057432",0
"ENSRNOG00000054092",0
"ENSRNOG00000015645",203
"ENSRNOG00000065966",0
"ENSRNOG00000066739",0
"ENSRNOG00000068446",0
"ENSRNOG00000018371",1674
"ENSRNOG00000067228",0
"ENSRNOG00000069179",0
"ENSRNOG00000035474",0
"ENSRNOG00000035602",0
"ENSRNOG00000018780",0
"ENSRNOG00000043820",0
"ENSRNOG00000035521",0
"ENSRNOG00000017965",350
"ENSRNOG00000044615",1
"ENSRNOG00000035523",1
"ENSRNOG00000039969",2
"ENSRNOG00000035651",0
"ENSRNOG00000035603",0
"ENSRNOG00000003559",36
"ENSRNOG00000035517",0
"ENSRNOG00000017954",84
"ENSRNOG00000018820",3
"ENSRNOG00000016685",0
"ENSRNOG00000016675",0
"ENSRNOG00000016853",0
"ENSRNOG00000042070",12
"ENSRNOG00000003691",2405
"ENSRNOG00000016800",1363
"ENSRNOG00000016417",16
"ENSRNOG00000031421",688
"ENSRNOG00000049629",3
"ENSRNOG00000014775",0
"ENSRNOG00000018132",629
"ENSRNOG00000052952",3
"ENSRNOG00000027103",0
"ENSRNOG00000027355",298
"ENSRNOG00000020103",0
"ENSRNOG00000042879",1198
"ENSRNOG00000039476",3
"ENSRNOG00000017568",0
"ENSRNOG00000020095",9
"ENSRNOG00000064596",0
"ENSRNOG00000068550",0
"ENSRNOG00000020073",0
"ENSRNOG00000031060",0
"ENSRNOG00000020072",5
"ENSRNOG00000013867",360
"ENSRNOG00000015205",0
"ENSRNOG00000018676",421
"ENSRNOG00000020066",9
"ENSRNOG00000018644",66
"ENSRNOG00000033719",13
"ENSRNOG00000020062",16
"ENSRNOG00000000158",2
"ENSRNOG00000069290",0
"ENSRNOG00000020054",8
"ENSRNOG00000012899",216
"ENSRNOG00000039472",54
"ENSRNOG00000064758",0
"ENSRNOG00000058823",0
"ENSRNOG00000033123",17
"ENSRNOG00000065236",0
"ENSRNOG00000059289",0
"ENSRNOG00000033479",18
"ENSRNOG00000012597",588
"ENSRNOG00000063965",0
"ENSRNOG00000071175",1
"ENSRNOG00000051796",0
"ENSRNOG00000020028",135
"ENSRNOG00000070610",0
"ENSRNOG00000064492",0
"ENSRNOG00000038412",2
"ENSRNOG00000057382",0
"ENSRNOG00000016216",79
"ENSRNOG00000059918",0
"ENSRNOG00000069512",0
"ENSRNOG00000054066",0
"ENSRNOG00000050666",19
"ENSRNOG00000016612",253
"ENSRNOG00000051492",0
"ENSRNOG00000052686",0
"ENSRNOG00000003575",0
"ENSRNOG00000069260",0
"ENSRNOG00000052373",0
"ENSRNOG00000030301",0
"ENSRNOG00000064396",0
"ENSRNOG00000070001",0
"ENSRNOG00000063267",0
"ENSRNOG00000048101",51
"ENSRNOG00000070357",0
"ENSRNOG00000067352",0
"ENSRNOG00000066412",0
"ENSRNOG00000061296",0
"ENSRNOG00000060083",0
"ENSRNOG00000066272",0
"ENSRNOG00000064926",0
"ENSRNOG00000030131",106
"ENSRNOG00000065626",0
"ENSRNOG00000053664",0
"ENSRNOG00000068520",0
"ENSRNOG00000056053",0
"ENSRNOG00000058459",0
"ENSRNOG00000023492",25
"ENSRNOG00000064736",0
"ENSRNOG00000065378",13
"ENSRNOG00000056994",0
"ENSRNOG00000053926",0
"ENSRNOG00000057621",0
"ENSRNOG00000019542",114
"ENSRNOG00000027250",515
"ENSRNOG00000060362",4
"ENSRNOG00000070435",0
"ENSRNOG00000049137",84
"ENSRNOG00000069602",0
"ENSRNOG00000063364",0
"ENSRNOG00000067738",0
"ENSRNOG00000066354",0
"ENSRNOG00000016562",189
"ENSRNOG00000060360",3
"ENSRNOG00000068438",0
"ENSRNOG00000056317",0
"ENSRNOG00000038955",53
"ENSRNOG00000065120",539
"ENSRNOG00000063115",527
"ENSRNOG00000066709",0
"ENSRNOG00000063272",0
"ENSRNOG00000062623",0
"ENSRNOG00000070893",0
"ENSRNOG00000061115",0
"ENSRNOG00000012016",632
"ENSRNOG00000068584",0
"ENSRNOG00000058981",2
"ENSRNOG00000055852",0
"ENSRNOG00000060761",0
"ENSRNOG00000046787",0
"ENSRNOG00000060774",0
"ENSRNOG00000017503",32
"ENSRNOG00000067928",0
"ENSRNOG00000065803",0
"ENSRNOG00000014031",75
"ENSRNOG00000053670",0
"ENSRNOG00000018842",0
"ENSRNOG00000069327",0
"ENSRNOG00000034597",0
"ENSRNOG00000003578",280
"ENSRNOG00000065250",0
"ENSRNOG00000063554",0
"ENSRNOG00000065859",0
"ENSRNOG00000063765",1
"ENSRNOG00000061627",0
"ENSRNOG00000066649",20
"ENSRNOG00000066897",0
"ENSRNOG00000052137",0
"ENSRNOG00000025324",452
"ENSRNOG00000058986",0
"ENSRNOG00000066774",9
"ENSRNOG00000020423",1311
"ENSRNOG00000063799",15
"ENSRNOG00000057114",0
"ENSRNOG00000045895",250
"ENSRNOG00000069919",35
"ENSRNOG00000066317",0
"ENSRNOG00000066466",31
"ENSRNOG00000063313",2838
"ENSRNOG00000054381",0
"ENSRNOG00000063195",0
"ENSRNOG00000066439",4
"ENSRNOG00000052496",0
"ENSRNOG00000065652",0
"ENSRNOG00000056684",0
"ENSRNOG00000064669",5
"ENSRNOG00000065471",0
"ENSRNOG00000061030",0
"ENSRNOG00000064474",0
"ENSRNOG00000068178",0
"ENSRNOG00000071191",0
"ENSRNOG00000067429",4
"ENSRNOG00000070005",0
"ENSRNOG00000069653",257
"ENSRNOG00000056510",0
"ENSRNOG00000066321",15
"ENSRNOG00000056808",0
"ENSRNOG00000070403",0
"ENSRNOG00000069021",0
"ENSRNOG00000013180",341
"ENSRNOG00000070237",0
"ENSRNOG00000067322",0
"ENSRNOG00000028381",0
"ENSRNOG00000013116",0
"ENSRNOG00000061564",4
"ENSRNOG00000058384",0
"ENSRNOG00000019995",173
"ENSRNOG00000057317",0
"ENSRNOG00000031591",1
"ENSRNOG00000068747",164
"ENSRNOG00000051715",0
"ENSRNOG00000062559",1
"ENSRNOG00000011853",1216
"ENSRNOG00000061580",0
"ENSRNOG00000047436",9
"ENSRNOG00000019695",75
"ENSRNOG00000064788",0
"ENSRNOG00000053549",0
"ENSRNOG00000068478",28
"ENSRNOG00000061074",0
"ENSRNOG00000063634",27
"ENSRNOG00000063513",9
"ENSRNOG00000059171",0
"ENSRNOG00000039463",47
"ENSRNOG00000061205",0
"ENSRNOG00000019643",131
"ENSRNOG00000070478",1
"ENSRNOG00000058148",4
"ENSRNOG00000066492",0
"ENSRNOG00000055561",0
"ENSRNOG00000068149",1
"ENSRNOG00000054799",0
"ENSRNOG00000016879",405
"ENSRNOG00000066558",0
"ENSRNOG00000039593",7
"ENSRNOG00000051481",1
"ENSRNOG00000064107",23
"ENSRNOG00000011271",528
"ENSRNOG00000067754",4
"ENSRNOG00000060097",0
"ENSRNOG00000060797",0
"ENSRNOG00000062545",3
"ENSRNOG00000054058",407
"ENSRNOG00000048704",106
"ENSRNOG00000058091",0
"ENSRNOG00000069131",0
"ENSRNOG00000066114",0
"ENSRNOG00000059035",0
"ENSRNOG00000068859",213
"ENSRNOG00000053295",0
"ENSRNOG00000063977",0
"ENSRNOG00000056815",0
"ENSRNOG00000056920",0
"ENSRNOG00000032873",0
"ENSRNOG00000066933",28
"ENSRNOG00000056405",0
"ENSRNOG00000063673",9
"ENSRNOG00000052234",0
"ENSRNOG00000061285",0
"ENSRNOG00000035926",0
"ENSRNOG00000064751",0
"ENSRNOG00000064928",0
"ENSRNOG00000065577",0
"ENSRNOG00000018735",84
"ENSRNOG00000071215",0
"ENSRNOG00000060679",0
"ENSRNOG00000016698",302
"ENSRNOG00000019450",564
"ENSRNOG00000067206",0
"ENSRNOG00000068060",29
"ENSRNOG00000068154",0
"ENSRNOG00000064030",0
"ENSRNOG00000057068",0
"ENSRNOG00000062598",515
"ENSRNOG00000058936",0
"ENSRNOG00000068618",0
"ENSRNOG00000055927",0
"ENSRNOG00000042137",62
"ENSRNOG00000047186",1
"ENSRNOG00000053417",0
"ENSRNOG00000071083",5
"ENSRNOG00000066944",0
"ENSRNOG00000057598",0
"ENSRNOG00000054858",0
"ENSRNOG00000067857",0
"ENSRNOG00000070786",0
"ENSRNOG00000064768",0
"ENSRNOG00000045844",642
"ENSRNOG00000065428",0
"ENSRNOG00000053481",0
"ENSRNOG00000055276",0
"ENSRNOG00000039241",147
"ENSRNOG00000054926",0
"ENSRNOG00000061017",0
"ENSRNOG00000068742",0
"ENSRNOG00000026108",1311
"ENSRNOG00000069613",5
"ENSRNOG00000019525",2516
"ENSRNOG00000062470",73
"ENSRNOG00000039251",0
"ENSRNOG00000065879",0
"ENSRNOG00000066797",0
"ENSRNOG00000067687",160
"ENSRNOG00000066557",22
"ENSRNOG00000003950",8
"ENSRNOG00000019305",82
"ENSRNOG00000062995",0
"ENSRNOG00000064307",0
"ENSRNOG00000062721",562
"ENSRNOG00000060302",0
"ENSRNOG00000005796",3367
"ENSRNOG00000062510",0
"ENSRNOG00000069336",1
"ENSRNOG00000066854",203
"ENSRNOG00000000157",185
"ENSRNOG00000070938",55
"ENSRNOG00000020204",131
"ENSRNOG00000065669",2
"ENSRNOG00000019134",2
"ENSRNOG00000068121",16
"ENSRNOG00000062486",68
"ENSRNOG00000003829",418
"ENSRNOG00000047085",4
"ENSRNOG00000070699",0
"ENSRNOG00000020167",3334
"ENSRNOG00000064699",1
"ENSRNOG00000068881",0
"ENSRNOG00000022009",0
"ENSRNOG00000004033",60
"ENSRNOG00000020118",4
"ENSRNOG00000070011",967
"ENSRNOG00000014376",0
"ENSRNOG00000018646",810
"ENSRNOG00000062435",0
"ENSRNOG00000069808",6
"ENSRNOG00000070090",86
"ENSRNOG00000019826",95
"ENSRNOG00000019422",1670
"ENSRNOG00000018849",1067
"ENSRNOG00000042716",0
"ENSRNOG00000020024",99
"ENSRNOG00000052665",0
"ENSRNOG00000068493",0
"ENSRNOG00000038793",0
"ENSRNOG00000019177",0
"ENSRNOG00000043250",0
"ENSRNOG00000065920",0
"ENSRNOG00000017840",367
"ENSRNOG00000042727",2
"ENSRNOG00000018712",5
"ENSRNOG00000016467",214
"ENSRNOG00000010440",37
"ENSRNOG00000019217",20
"ENSRNOG00000002697",294
"ENSRNOG00000018851",27
"ENSRNOG00000068793",1
"ENSRNOG00000018648",190
"ENSRNOG00000055527",2
"ENSRNOG00000015777",615
"ENSRNOG00000019875",412
"ENSRNOG00000033099",0
"ENSRNOG00000038784",7
"ENSRNOG00000012852",271
"ENSRNOG00000069286",1651
"ENSRNOG00000015806",0
"ENSRNOG00000017816",0
"ENSRNOG00000020340",276
"ENSRNOG00000051965",1416
"ENSRNOG00000056435",94
"ENSRNOG00000063574",0
"ENSRNOG00000038592",3
"ENSRNOG00000024066",173
"ENSRNOG00000013073",0
"ENSRNOG00000018053",452
"ENSRNOG00000024426",0
"ENSRNOG00000058856",94
"ENSRNOG00000051817",0
"ENSRNOG00000030156",0
"ENSRNOG00000067712",0
"ENSRNOG00000014585",7
"ENSRNOG00000025590",0
"ENSRNOG00000022955",0
"ENSRNOG00000019934",220
"ENSRNOG00000015895",227
"ENSRNOG00000061695",2
"ENSRNOG00000024104",82
"ENSRNOG00000014503",0
"ENSRNOG00000017852",1542
"ENSRNOG00000003958",232
"ENSRNOG00000016043",0
"ENSRNOG00000023376",716
"ENSRNOG00000028712",0
"ENSRNOG00000016532",267
"ENSRNOG00000018425",609
"ENSRNOG00000020468",67
"ENSRNOG00000039325",0
"ENSRNOG00000016207",529
"ENSRNOG00000014988",0
"ENSRNOG00000029096",0
"ENSRNOG00000067741",14031
"ENSRNOG00000015332",269
"ENSRNOG00000038957",0
"ENSRNOG00000046744",82
"ENSRNOG00000028677",279
"ENSRNOG00000061507",0
"ENSRNOG00000018692",0
"ENSRNOG00000065095",432
"ENSRNOG00000063041",0
"ENSRNOG00000042387",153
"ENSRNOG00000015113",15
"ENSRNOG00000063575",4
"ENSRNOG00000050226",10
"ENSRNOG00000026324",17
"ENSRNOG00000033808",0
"ENSRNOG00000030321",36
"ENSRNOG00000013622",165
"ENSRNOG00000024428",296
"ENSRNOG00000034073",0
"ENSRNOG00000025502",0
"ENSRNOG00000004661",1
"ENSRNOG00000016671",689
"ENSRNOG00000012111",52
"ENSRNOG00000014089",189
"ENSRNOG00000068190",101
"ENSRNOG00000017421",0
"ENSRNOG00000031244",2822
"ENSRNOG00000029958",1762
"ENSRNOG00000017036",139
"ENSRNOG00000016409",0
"ENSRNOG00000063474",0
"ENSRNOG00000030649",0
"ENSRNOG00000014614",459
"ENSRNOG00000030439",102
"ENSRNOG00000014981",480
"ENSRNOG00000000113",37
"ENSRNOG00000030364",1869
"ENSRNOG00000039596",9
"ENSRNOG00000017116",623
"ENSRNOG00000034237",3516
"ENSRNOG00000018359",389
"ENSRNOG00000049681",1054
"ENSRNOG00000018680",173
"ENSRNOG00000018914",575
"ENSRNOG00000024241",719
"ENSRNOG00000015401",0
"ENSRNOG00000046154",112
"ENSRNOG00000069511",0
"ENSRNOG00000026023",155
"ENSRNOG00000015867",0
"ENSRNOG00000016036",374
"ENSRNOG00000018305",0
"ENSRNOG00000066011",0
"ENSRNOG00000025687",0
"ENSRNOG00000017333",0
"ENSRNOG00000018653",277
"ENSRNOG00000022364",0
"ENSRNOG00000018775",901
"ENSRNOG00000019365",26
"ENSRNOG00000020309",0
"ENSRNOG00000020478",1
"ENSRNOG00000012405",282
"ENSRNOG00000028703",1003
"ENSRNOG00000025489",3
"ENSRNOG00000015301",404
"ENSRNOG00000060281",0
"ENSRNOG00000061675",0
"ENSRNOG00000020492",13
"ENSRNOG00000024008",71
"ENSRNOG00000020384",1114
"ENSRNOG00000052628",2
"ENSRNOG00000020261",320
"ENSRNOG00000062351",0
"ENSRNOG00000068914",5382
"ENSRNOG00000017181",69
"ENSRNOG00000029939",2175
"ENSRNOG00000016632",0
"ENSRNOG00000043304",136
"ENSRNOG00000066505",2373
"ENSRNOG00000016928",0
"ENSRNOG00000050200",742
"ENSRNOG00000024470",2161
"ENSRNOG00000062986",0
"ENSRNOG00000019093",0
"ENSRNOG00000024952",249
"ENSRNOG00000016526",0
"ENSRNOG00000019063",393
"ENSRNOG00000016944",0
"ENSRNOG00000067851",3
"ENSRNOG00000020157",0
"ENSRNOG00000018818",792
"ENSRNOG00000047924",16
"ENSRNOG00000026050",82
"ENSRNOG00000018694",16
"ENSRNOG00000014630",179
"ENSRNOG00000018006",0
"ENSRNOG00000015582",192
"ENSRNOG00000069557",0
"ENSRNOG00000064875",25
"ENSRNOG00000017819",245
"ENSRNOG00000018387",436
"ENSRNOG00000014096",2007
"ENSRNOG00000016999",0
"ENSRNOG00000065110",1
"ENSRNOG00000024640",1
"ENSRNOG00000017410",0
"ENSRNOG00000069089",0
"ENSRNOG00000070983",961
"ENSRNOG00000019618",779
"ENSRNOG00000018505",47
"ENSRNOG00000017718",61
"ENSRNOG00000017571",329
"ENSRNOG00000019575",66
"ENSRNOG00000017788",0
"ENSRNOG00000017251",851
"ENSRNOG00000017493",784
"ENSRNOG00000039415",43
"ENSRNOG00000067168",2
"ENSRNOG00000016894",0
"ENSRNOG00000028105",417
"ENSRNOG00000019976",11
"ENSRNOG00000066807",0
"ENSRNOG00000017610",401
"ENSRNOG00000045637",1111
"ENSRNOG00000047213",718
"ENSRNOG00000014104",16
"ENSRNOG00000013562",1440
"ENSRNOG00000032878",951
"ENSRNOG00000031197",150
"ENSRNOG00000068869",0
"ENSRNOG00000014564",893
"ENSRNOG00000069221",0
"ENSRNOG00000013920",34
"ENSRNOG00000053112",0
"ENSRNOG00000014527",0
"ENSRNOG00000022691",1
"ENSRNOG00000019688",560
"ENSRNOG00000018140",467
"ENSRNOG00000050414",102
"ENSRNOG00000013851",1348
"ENSRNOG00000021918",185
"ENSRNOG00000039250",0
"ENSRNOG00000013766",425
"ENSRNOG00000019265",0
"ENSRNOG00000028902",0
"ENSRNOG00000068205",0
"ENSRNOG00000017729",338
"ENSRNOG00000018342",406
"ENSRNOG00000018770",313
"ENSRNOG00000017453",344
"ENSRNOG00000043171",193
"ENSRNOG00000027230",5
"ENSRNOG00000018516",78
"ENSRNOG00000063768",13
"ENSRNOG00000067472",300
"ENSRNOG00000016681",0
"ENSRNOG00000017215",214
"ENSRNOG00000062247",1500
"ENSRNOG00000021381",8
"ENSRNOG00000033588",0
"ENSRNOG00000054118",288
"ENSRNOG00000012176",22
"ENSRNOG00000017067",109
"ENSRNOG00000048824",0
"ENSRNOG00000020119",11
"ENSRNOG00000017032",5030
"ENSRNOG00000016987",3
"ENSRNOG00000066960",2
"ENSRNOG00000011225",74
"ENSRNOG00000052894",520
"ENSRNOG00000029466",47
"ENSRNOG00000015275",48
"ENSRNOG00000017146",160
"ENSRNOG00000026912",0
"ENSRNOG00000065450",0
"ENSRNOG00000063467",0
"ENSRNOG00000016753",0
"ENSRNOG00000061474",424
"ENSRNOG00000061714",0
"ENSRNOG00000053370",489
"ENSRNOG00000016654",0
"ENSRNOG00000055157",178
"ENSRNOG00000016208",921
"ENSRNOG00000055647",102
"ENSRNOG00000057774",556
"ENSRNOG00000059055",0
"ENSRNOG00000016246",426
"ENSRNOG00000016239",173
"ENSRNOG00000016258",390
"ENSRNOG00000013654",0
"ENSRNOG00000027739",0
"ENSRNOG00000014006",0
"ENSRNOG00000015448",2
"ENSRNOG00000070068",547
"ENSRNOG00000015142",59
"ENSRNOG00000038225",5
"ENSRNOG00000067088",6
"ENSRNOG00000043357",124
"ENSRNOG00000063816",0
"ENSRNOG00000016516",16
"ENSRNOG00000038241",0
"ENSRNOG00000059215",108
"ENSRNOG00000053640",0
"ENSRNOG00000032039",492
"ENSRNOG00000038190",0
"ENSRNOG00000026116",0
"ENSRNOG00000045740",781
"ENSRNOG00000038212",222
"ENSRNOG00000038197",0
"ENSRNOG00000016303",464
"ENSRNOG00000038200",77
"ENSRNOG00000039152",0
"ENSRNOG00000016695",70
"ENSRNOG00000063111",0
"ENSRNOG00000071201",0
"ENSRNOG00000025420",2
"ENSRNOG00000038766",969
"ENSRNOG00000019931",0
"ENSRNOG00000035501",37
"ENSRNOG00000005911",1
"ENSRNOG00000035569",0
"ENSRNOG00000045722",0
"ENSRNOG00000036417",0
"ENSRNOG00000062839",10
"ENSRNOG00000012428",135
"ENSRNOG00000014097",448
"ENSRNOG00000049334",1
"ENSRNOG00000035597",3
"ENSRNOG00000041787",0
"ENSRNOG00000042983",824
"ENSRNOG00000035609",0
"ENSRNOG00000045556",0
"ENSRNOG00000036416",0
"ENSRNOG00000070420",0
"ENSRNOG00000035643",0
"ENSRNOG00000016971",131
"ENSRNOG00000055568",199
"ENSRNOG00000035644",0
"ENSRNOG00000064690",17
"ENSRNOG00000062604",0
"ENSRNOG00000022593",776
"ENSRNOG00000013216",117
"ENSRNOG00000070043",7
"ENSRNOG00000038741",0
"ENSRNOG00000005747",3
"ENSRNOG00000015690",0
"ENSRNOG00000062825",451
"ENSRNOG00000066493",1
"ENSRNOG00000005729",0
"ENSRNOG00000050034",1
"ENSRNOG00000055446",2378
"ENSRNOG00000003853",374
"ENSRNOG00000005619",0
"ENSRNOG00000005533",5
"ENSRNOG00000018884",881
"ENSRNOG00000033226",35
"ENSRNOG00000003755",0
"ENSRNOG00000013465",12
"ENSRNOG00000064376",1
"ENSRNOG00000039001",2
"ENSRNOG00000014371",4302
"ENSRNOG00000019482",159
"ENSRNOG00000039079",0
"ENSRNOG00000017546",8
"ENSRNOG00000014124",1
"ENSRNOG00000016245",141
"ENSRNOG00000015253",37
"ENSRNOG00000016224",40
"ENSRNOG00000063609",158
"ENSRNOG00000018668",3113
"ENSRNOG00000014626",226
"ENSRNOG00000053623",2
"ENSRNOG00000065861",280
"ENSRNOG00000021521",1
"ENSRNOG00000003479",578
"ENSRNOG00000020129",2359
"ENSRNOG00000062467",2
"ENSRNOG00000028501",551
"ENSRNOG00000034007",261
"ENSRNOG00000005257",756
"ENSRNOG00000011728",1129
"ENSRNOG00000015063",69
"ENSRNOG00000011991",228
"ENSRNOG00000018296",207
"ENSRNOG00000069574",0
"ENSRNOG00000018345",1977
"ENSRNOG00000049784",534
"ENSRNOG00000015588",278
"ENSRNOG00000014668",256
"ENSRNOG00000014658",0
"ENSRNOG00000068690",27
"ENSRNOG00000020344",99
"ENSRNOG00000014415",3270
"ENSRNOG00000005115",68
"ENSRNOG00000003439",108
"ENSRNOG00000016190",220
"ENSRNOG00000017953",24
"ENSRNOG00000028176",96
"ENSRNOG00000011296",87
"ENSRNOG00000015746",0
"ENSRNOG00000011829",107
"ENSRNOG00000052310",5
"ENSRNOG00000025796",81
"ENSRNOG00000019140",188
"ENSRNOG00000011422",291
"ENSRNOG00000000010",0
"ENSRNOG00000045541",2
"ENSRNOG00000066994",0
"ENSRNOG00000011535",263
"ENSRNOG00000006747",461
"ENSRNOG00000026964",19
"ENSRNOG00000024182",0
"ENSRNOG00000003461",161
"ENSRNOG00000053895",26
"ENSRNOG00000017209",9
"ENSRNOG00000015179",126
"ENSRNOG00000015242",124
"ENSRNOG00000011697",786
"ENSRNOG00000013178",422
"ENSRNOG00000000262",152
"ENSRNOG00000006741",1
"ENSRNOG00000026791",0
"ENSRNOG00000016509",629
"ENSRNOG00000024101",360
"ENSRNOG00000019859",125
"ENSRNOG00000049456",0
"ENSRNOG00000013152",166
"ENSRNOG00000031439",11390
"ENSRNOG00000051986",24
"ENSRNOG00000015077",61
"ENSRNOG00000019068",1
"ENSRNOG00000018228",302
"ENSRNOG00000003864",265
"ENSRNOG00000070954",0
"ENSRNOG00000018445",9
"ENSRNOG00000019098",0
"ENSRNOG00000015625",28
"ENSRNOG00000018480",2
"ENSRNOG00000019024",0
"ENSRNOG00000011618",25
"ENSRNOG00000017932",1467
"ENSRNOG00000027022",124
"ENSRNOG00000011671",9
"ENSRNOG00000042888",113
"ENSRNOG00000015666",0
"ENSRNOG00000016278",0
"ENSRNOG00000011879",3922
"ENSRNOG00000054284",298
"ENSRNOG00000013014",87
"ENSRNOG00000015121",1073
"ENSRNOG00000015641",12
"ENSRNOG00000012342",0
"ENSRNOG00000015708",840
"ENSRNOG00000013376",91
"ENSRNOG00000015459",405
"ENSRNOG00000018033",586
"ENSRNOG00000015974",149
"ENSRNOG00000068583",0
"ENSRNOG00000062375",598
"ENSRNOG00000028904",162
"ENSRNOG00000019757",0
"ENSRNOG00000015335",869
"ENSRNOG00000011180",69
"ENSRNOG00000051461",166
"ENSRNOG00000033133",94
"ENSRNOG00000015800",40
"ENSRNOG00000018836",12854
"ENSRNOG00000016631",123
"ENSRNOG00000017879",881
"ENSRNOG00000064019",218
"ENSRNOG00000016706",53
"ENSRNOG00000045626",2
"ENSRNOG00000018404",2078
"ENSRNOG00000018784",1
"ENSRNOG00000015534",406
"ENSRNOG00000003496",204
"ENSRNOG00000042274",122
"ENSRNOG00000016920",0
"ENSRNOG00000055097",1
"ENSRNOG00000050028",2
"ENSRNOG00000055046",0
"ENSRNOG00000013007",0
"ENSRNOG00000033819",0
"ENSRNOG00000028320",0
"ENSRNOG00000015843",1252
"ENSRNOG00000033487",0
"ENSRNOG00000019817",95
"ENSRNOG00000020351",450
"ENSRNOG00000067274",247
"ENSRNOG00000023920",0
"ENSRNOG00000033224",124
"ENSRNOG00000013970",60
"ENSRNOG00000069342",0
"ENSRNOG00000017467",345
"ENSRNOG00000019109",259
"ENSRNOG00000015144",904
"ENSRNOG00000015880",152
"ENSRNOG00000067354",1
"ENSRNOG00000029317",1
"ENSRNOG00000018582",9
"ENSRNOG00000038057",1
"ENSRNOG00000016422",5
"ENSRNOG00000059579",293
"ENSRNOG00000017431",142
"ENSRNOG00000054625",530
"ENSRNOG00000032602",0
"ENSRNOG00000038193",0
"ENSRNOG00000033345",0
"ENSRNOG00000017690",8
"ENSRNOG00000028578",0
"ENSRNOG00000070694",120
"ENSRNOG00000028652",1
"ENSRNOG00000043077",221
"ENSRNOG00000016001",554
"ENSRNOG00000062740",0
"ENSRNOG00000029134",189
"ENSRNOG00000047446",1073
"ENSRNOG00000025231",18
"ENSRNOG00000019766",217
"ENSRNOG00000047125",10
"ENSRNOG00000062793",942
"ENSRNOG00000019456",1752
"ENSRNOG00000051278",34
"ENSRNOG00000051482",21
"ENSRNOG00000065196",0
"ENSRNOG00000069493",0
"ENSRNOG00000027954",0
"ENSRNOG00000057392",0
"ENSRNOG00000067657",61
"ENSRNOG00000021714",0
"ENSRNOG00000069871",9
"ENSRNOG00000047294",0
"ENSRNOG00000068994",0
"ENSRNOG00000066450",0
"ENSRNOG00000071092",0
"ENSRNOG00000062849",245
"ENSRNOG00000068120",0
"ENSRNOG00000024043",44
"ENSRNOG00000062578",146
"ENSRNOG00000069883",0
"ENSRNOG00000062827",2
"ENSRNOG00000069609",2
"ENSRNOG00000012721",255
"ENSRNOG00000069566",3
"ENSRNOG00000064451",163
"ENSRNOG00000017612",1331
"ENSRNOG00000066750",31
"ENSRNOG00000066423",0
"ENSRNOG00000010712",113
"ENSRNOG00000068744",0
"ENSRNOG00000024452",3
"ENSRNOG00000068191",0
"ENSRNOG00000071212",0
"ENSRNOG00000038239",18
"ENSRNOG00000055320",2
"ENSRNOG00000022303",104
"ENSRNOG00000066292",2
"ENSRNOG00000025860",0
"ENSRNOG00000065722",0
"ENSRNOG00000020379",389
"ENSRNOG00000067929",0
"ENSRNOG00000064167",1
"ENSRNOG00000065200",0
"ENSRNOG00000069101",8
"ENSRNOG00000065895",0
"ENSRNOG00000020391",102
"ENSRNOG00000064495",2
"ENSRNOG00000016088",305
"ENSRNOG00000014761",1
"ENSRNOG00000066992",8
"ENSRNOG00000069551",0
"ENSRNOG00000055482",0
"ENSRNOG00000016854",4
"ENSRNOG00000026211",344
"ENSRNOG00000062413",0
"ENSRNOG00000060758",0
"ENSRNOG00000016257",32
"ENSRNOG00000060296",0
"ENSRNOG00000070939",0
"ENSRNOG00000018382",182
"ENSRNOG00000065113",0
"ENSRNOG00000018909",142
"ENSRNOG00000069786",0
"ENSRNOG00000049906",141
"ENSRNOG00000016890",3
"ENSRNOG00000016535",0
"ENSRNOG00000038973",304
"ENSRNOG00000056643",0
"ENSRNOG00000066914",0
"ENSRNOG00000046443",33
"ENSRNOG00000065621",0
"ENSRNOG00000060858",0
"ENSRNOG00000017746",5
"ENSRNOG00000018483",429
"ENSRNOG00000016167",46
"ENSRNOG00000066293",0
"ENSRNOG00000052109",0
"ENSRNOG00000062472",0
"ENSRNOG00000049931",209
"ENSRNOG00000068727",0
"ENSRNOG00000019169",371
"ENSRNOG00000066795",0
"ENSRNOG00000033368",0
"ENSRNOG00000069560",0
"ENSRNOG00000062389",3
"ENSRNOG00000007582",49
"ENSRNOG00000017045",179
"ENSRNOG00000063177",0
"ENSRNOG00000070959",0
"ENSRNOG00000033611",1491
"ENSRNOG00000039252",0
"ENSRNOG00000024364",26
"ENSRNOG00000065682",0
"ENSRNOG00000008450",0
"ENSRNOG00000020406",0
"ENSRNOG00000019205",199
"ENSRNOG00000014202",1
"ENSRNOG00000011065",8
"ENSRNOG00000062428",0
"ENSRNOG00000069941",0
"ENSRNOG00000017867",1
"ENSRNOG00000066989",12
"ENSRNOG00000014419",353
"ENSRNOG00000019425",307
"ENSRNOG00000066804",2
"ENSRNOG00000068473",1
"ENSRNOG00000018027",271
"ENSRNOG00000065293",0
"ENSRNOG00000021330",263
"ENSRNOG00000014776",49
"ENSRNOG00000002983",1537
"ENSRNOG00000026853",240
"ENSRNOG00000064062",0
"ENSRNOG00000062316",1
"ENSRNOG00000022524",84
"ENSRNOG00000067822",1
"ENSRNOG00000051819",19
"ENSRNOG00000019253",968
"ENSRNOG00000011933",630
"ENSRNOG00000066480",58
"ENSRNOG00000018945",1382
"ENSRNOG00000070378",4
"ENSRNOG00000019434",44
"ENSRNOG00000014647",417
"ENSRNOG00000062673",119
"ENSRNOG00000070517",0
"ENSRNOG00000059362",12
"ENSRNOG00000024025",586
"ENSRNOG00000055053",1
"ENSRNOG00000067306",1
"ENSRNOG00000050191",0
"ENSRNOG00000068181",3
"ENSRNOG00000002950",1
"ENSRNOG00000067393",0
"ENSRNOG00000047246",625
"ENSRNOG00000066908",2
"ENSRNOG00000063122",0
"ENSRNOG00000062717",0
"ENSRNOG00000062836",0
"ENSRNOG00000066012",1
"ENSRNOG00000011575",2
"ENSRNOG00000062349",13
"ENSRNOG00000068096",195
"ENSRNOG00000012772",832
"ENSRNOG00000002914",576
"ENSRNOG00000013907",37
"ENSRNOG00000015397",18
"ENSRNOG00000014405",1038
"ENSRNOG00000049312",0
"ENSRNOG00000019290",551
"ENSRNOG00000015695",18
"ENSRNOG00000070794",0
"ENSRNOG00000021890",321
"ENSRNOG00000020333",685
"ENSRNOG00000027906",1926
"ENSRNOG00000019353",131
"ENSRNOG00000066574",2
"ENSRNOG00000065746",3
"ENSRNOG00000004094",302
"ENSRNOG00000017993",146
"ENSRNOG00000014257",0
"ENSRNOG00000064578",21
"ENSRNOG00000012937",332
"ENSRNOG00000064909",0
"ENSRNOG00000028844",12
"ENSRNOG00000065848",1001
"ENSRNOG00000046751",0
"ENSRNOG00000023910",1759
"ENSRNOG00000060931",158
"ENSRNOG00000015084",2
"ENSRNOG00000019937",0
"ENSRNOG00000017841",301
"ENSRNOG00000019573",100
"ENSRNOG00000013742",1641
"ENSRNOG00000020151",1
"ENSRNOG00000025503",3
"ENSRNOG00000019651",1034
"ENSRNOG00000019791",811
"ENSRNOG00000002864",1213
"ENSRNOG00000031593",1
"ENSRNOG00000017084",2
"ENSRNOG00000012167",0
"ENSRNOG00000014522",147
"ENSRNOG00000017235",2857
"ENSRNOG00000018477",387
"ENSRNOG00000014048",137
"ENSRNOG00000017868",0
"ENSRNOG00000031097",0
"ENSRNOG00000004287",72
"ENSRNOG00000017342",229
"ENSRNOG00000052151",0
"ENSRNOG00000004219",278
"ENSRNOG00000011552",10
"ENSRNOG00000023899",0
"ENSRNOG00000029744",0
"ENSRNOG00000004212",50
"ENSRNOG00000019059",68
"ENSRNOG00000014293",22
"ENSRNOG00000018000",526
"ENSRNOG00000066314",0
"ENSRNOG00000003970",1417
"ENSRNOG00000012343",189
"ENSRNOG00000019943",588
"ENSRNOG00000018954",0
"ENSRNOG00000020049",248
"ENSRNOG00000012752",10
"ENSRNOG00000012271",2474
"ENSRNOG00000024178",83
"ENSRNOG00000032437",512
"ENSRNOG00000017178",0
"ENSRNOG00000012853",81
"ENSRNOG00000014619",178
"ENSRNOG00000000258",224
"ENSRNOG00000011865",482
"ENSRNOG00000021379",136
"ENSRNOG00000063716",1
"ENSRNOG00000050087",82
"ENSRNOG00000013808",2
"ENSRNOG00000003695",0
"ENSRNOG00000048823",0
"ENSRNOG00000016752",78
"ENSRNOG00000068159",0
"ENSRNOG00000011635",0
"ENSRNOG00000012789",0
"ENSRNOG00000020087",50
"ENSRNOG00000070376",0
"ENSRNOG00000017786",1888
"ENSRNOG00000012027",2
"ENSRNOG00000070383",0
"ENSRNOG00000013324",0
"ENSRNOG00000003029",7990
"ENSRNOG00000051557",0
"ENSRNOG00000000257",511
"ENSRNOG00000057394",0
"ENSRNOG00000052853",0
"ENSRNOG00000069119",0
"ENSRNOG00000051983",0
"ENSRNOG00000058366",0
"ENSRNOG00000069069",3
"ENSRNOG00000054933",0
"ENSRNOG00000060024",0
"ENSRNOG00000052072",0
"ENSRNOG00000017919",331
"ENSRNOG00000062322",0
"ENSRNOG00000003026",364
"ENSRNOG00000063138",0
"ENSRNOG00000011330",0
"ENSRNOG00000068827",0
"ENSRNOG00000058190",0
"ENSRNOG00000012447",45
"ENSRNOG00000014964",40
"ENSRNOG00000053426",0
"ENSRNOG00000026974",6
"ENSRNOG00000056909",0
"ENSRNOG00000056003",1
"ENSRNOG00000070477",0
"ENSRNOG00000058155",0
"ENSRNOG00000014723",7
"ENSRNOG00000003011",413
"ENSRNOG00000066118",2
"ENSRNOG00000065309",0
"ENSRNOG00000004489",190
"ENSRNOG00000055195",0
"ENSRNOG00000061297",0
"ENSRNOG00000028439",0
"ENSRNOG00000051781",0
"ENSRNOG00000017219",784
"ENSRNOG00000061250",0
"ENSRNOG00000057652",0
"ENSRNOG00000064770",0
"ENSRNOG00000016251",609
"ENSRNOG00000069621",0
"ENSRNOG00000054434",0
"ENSRNOG00000016953",0
"ENSRNOG00000052172",0
"ENSRNOG00000026994",450
"ENSRNOG00000013586",1
"ENSRNOG00000058104",0
"ENSRNOG00000054310",1
"ENSRNOG00000021824",661
"ENSRNOG00000054676",0
"ENSRNOG00000054981",0
"ENSRNOG00000062355",0
"ENSRNOG00000062382",0
"ENSRNOG00000049019",110
"ENSRNOG00000067133",0
"ENSRNOG00000060531",0
"ENSRNOG00000017604",1786
"ENSRNOG00000059462",0
"ENSRNOG00000070143",0
"ENSRNOG00000057075",0
"ENSRNOG00000069545",0
"ENSRNOG00000055087",0
"ENSRNOG00000056152",0
"ENSRNOG00000015173",2573
"ENSRNOG00000071063",0
"ENSRNOG00000068202",0
"ENSRNOG00000055551",0
"ENSRNOG00000014505",11
"ENSRNOG00000054720",1
"ENSRNOG00000053645",3
"ENSRNOG00000062850",0
"ENSRNOG00000068693",0
"ENSRNOG00000056475",1
"ENSRNOG00000068873",0
"ENSRNOG00000060906",0
"ENSRNOG00000012482",256
"ENSRNOG00000052933",0
"ENSRNOG00000059926",0
"ENSRNOG00000017023",2057
"ENSRNOG00000061325",0
"ENSRNOG00000011142",700
"ENSRNOG00000060911",0
"ENSRNOG00000060637",0
"ENSRNOG00000061333",0
"ENSRNOG00000011231",0
"ENSRNOG00000057770",0
"ENSRNOG00000019922",96
"ENSRNOG00000063202",0
"ENSRNOG00000060593",0
"ENSRNOG00000022721",0
"ENSRNOG00000051652",0
"ENSRNOG00000053462",2
"ENSRNOG00000054233",0
"ENSRNOG00000058844",0
"ENSRNOG00000067808",0
"ENSRNOG00000054701",0
"ENSRNOG00000065929",0
"ENSRNOG00000057937",0
"ENSRNOG00000065173",0
"ENSRNOG00000028580",1
"ENSRNOG00000063424",0
"ENSRNOG00000004373",432
"ENSRNOG00000068944",0
"ENSRNOG00000067783",0
"ENSRNOG00000070206",408
"ENSRNOG00000065950",0
"ENSRNOG00000069928",1
"ENSRNOG00000019022",0
"ENSRNOG00000063515",0
"ENSRNOG00000070248",2
"ENSRNOG00000070337",0
"ENSRNOG00000069430",0
"ENSRNOG00000018950",0
"ENSRNOG00000065593",0
"ENSRNOG00000066443",0
"ENSRNOG00000065132",0
"ENSRNOG00000067264",0
"ENSRNOG00000025710",0
"ENSRNOG00000070678",0
"ENSRNOG00000021808",1329
"ENSRNOG00000064514",0
"ENSRNOG00000017674",584
"ENSRNOG00000071121",0
"ENSRNOG00000070259",0
"ENSRNOG00000065423",0
"ENSRNOG00000010744",1084
"ENSRNOG00000062813",1
"ENSRNOG00000056311",0
"ENSRNOG00000062794",0
"ENSRNOG00000063948",0
"ENSRNOG00000004131",192
"ENSRNOG00000066581",0
"ENSRNOG00000000264",281
"ENSRNOG00000069085",0
"ENSRNOG00000055727",0
"ENSRNOG00000012622",8
"ENSRNOG00000049508",0
"ENSRNOG00000036413",0
"ENSRNOG00000046739",0
"ENSRNOG00000041470",0
"ENSRNOG00000014117",502
"ENSRNOG00000062808",36
"ENSRNOG00000058218",325
"ENSRNOG00000039725",0
"ENSRNOG00000053574",270
"ENSRNOG00000014948",24
"ENSRNOG00000066514",0
"ENSRNOG00000017102",208
"ENSRNOG00000028717",674
"ENSRNOG00000017090",186
"ENSRNOG00000019980",567
"ENSRNOG00000017724",1204
"ENSRNOG00000015143",280
"ENSRNOG00000017745",361
"ENSRNOG00000019143",1351
"ENSRNOG00000070220",1
"ENSRNOG00000059453",40
"ENSRNOG00000020093",4128
"ENSRNOG00000025843",389
"ENSRNOG00000026880",454
"ENSRNOG00000019779",0
"ENSRNOG00000020004",115
"ENSRNOG00000014452",2270
"ENSRNOG00000015162",706
"ENSRNOG00000023303",12
"ENSRNOG00000015150",254
"ENSRNOG00000066666",0
"ENSRNOG00000038254",0
"ENSRNOG00000012671",39
"ENSRNOG00000029558",0
"ENSRNOG00000049890",0
"ENSRNOG00000028649",54
"ENSRNOG00000015576",164
"ENSRNOG00000012222",10
"ENSRNOG00000019028",259
"ENSRNOG00000012860",586
"ENSRNOG00000019326",292
"ENSRNOG00000016558",1
"ENSRNOG00000015590",6
"ENSRNOG00000012928",104
"ENSRNOG00000016348",0
"ENSRNOG00000016991",1598
"ENSRNOG00000015632",151
"ENSRNOG00000069458",1539
"ENSRNOG00000016479",0
"ENSRNOG00000068632",13
"ENSRNOG00000019036",40
"ENSRNOG00000018824",1751
"ENSRNOG00000016326",579
"ENSRNOG00000013777",405
"ENSRNOG00000013826",20
"ENSRNOG00000051531",45
"ENSRNOG00000011863",12
"ENSRNOG00000069555",10
"ENSRNOG00000015904",17
"ENSRNOG00000016760",1
"ENSRNOG00000071216",21
"ENSRNOG00000023092",0
"ENSRNOG00000011989",0
"ENSRNOG00000056786",1065
"ENSRNOG00000016977",4
"ENSRNOG00000051510",0
"ENSRNOG00000016108",302
"ENSRNOG00000039891",0
"ENSRNOG00000042353",114
"ENSRNOG00000018801",60
"ENSRNOG00000070323",1
"ENSRNOG00000010966",12635
"ENSRNOG00000014963",198
"ENSRNOG00000052707",4
"ENSRNOG00000016291",0
"ENSRNOG00000018967",203
"ENSRNOG00000003863",696
"ENSRNOG00000065872",0
"ENSRNOG00000012007",456
"ENSRNOG00000003747",845
"ENSRNOG00000012450",8
"ENSRNOG00000011009",376
"ENSRNOG00000003737",1
"ENSRNOG00000020435",145
"ENSRNOG00000003682",34
"ENSRNOG00000010691",617
"ENSRNOG00000067725",0
"ENSRNOG00000013982",0
"ENSRNOG00000054264",1553
"ENSRNOG00000003520",3540
"ENSRNOG00000011976",39
"ENSRNOG00000003504",0
"ENSRNOG00000069478",0
"ENSRNOG00000068063",0
"ENSRNOG00000043215",0
"ENSRNOG00000017500",697
"ENSRNOG00000031773",2
"ENSRNOG00000017869",33
"ENSRNOG00000023177",36
"ENSRNOG00000017602",0
"ENSRNOG00000003469",2
"ENSRNOG00000051265",0
"ENSRNOG00000017489",110
"ENSRNOG00000012030",66
"ENSRNOG00000057072",0
"ENSRNOG00000011037",0
"ENSRNOG00000023830",125
"ENSRNOG00000021517",192
"ENSRNOG00000014461",118
"ENSRNOG00000013878",339
"ENSRNOG00000003443",4
"ENSRNOG00000017905",521
"ENSRNOG00000011533",4
"ENSRNOG00000014581",81
"ENSRNOG00000065750",0
"ENSRNOG00000069589",1130
"ENSRNOG00000003307",78
"ENSRNOG00000018226",1358
"ENSRNOG00000012371",0
"ENSRNOG00000017654",295
"ENSRNOG00000017575",23
"ENSRNOG00000039808",0
"ENSRNOG00000017646",39
"ENSRNOG00000003149",467
"ENSRNOG00000014093",792
"ENSRNOG00000017817",3694
"ENSRNOG00000011901",107
"ENSRNOG00000065182",0
"ENSRNOG00000042179",493
"ENSRNOG00000031076",23
"ENSRNOG00000060310",170
"ENSRNOG00000023805",59
"ENSRNOG00000033451",40
"ENSRNOG00000014336",67
"ENSRNOG00000067640",4
"ENSRNOG00000032666",78
"ENSRNOG00000013839",0
"ENSRNOG00000070405",0
"ENSRNOG00000018796",2331
"ENSRNOG00000070064",28
"ENSRNOG00000003580",0
"ENSRNOG00000018564",224
"ENSRNOG00000018268",0
"ENSRNOG00000048222",7
"ENSRNOG00000008319",206
"ENSRNOG00000025791",991
"ENSRNOG00000069004",0
"ENSRNOG00000048039",0
"ENSRNOG00000018149",91
"ENSRNOG00000013481",3589
"ENSRNOG00000016234",348
"ENSRNOG00000016311",1
"ENSRNOG00000069573",23
"ENSRNOG00000066092",2
"ENSRNOG00000015519",0
"ENSRNOG00000019819",94
"ENSRNOG00000015679",90
"ENSRNOG00000068016",6
"ENSRNOG00000006551",115
"ENSRNOG00000049302",831
"ENSRNOG00000057998",1
"ENSRNOG00000057711",0
"ENSRNOG00000015720",499
"ENSRNOG00000030174",3738
"ENSRNOG00000006049",252
"ENSRNOG00000011782",1193
"ENSRNOG00000067129",0
"ENSRNOG00000043286",224
"ENSRNOG00000025764",294
"ENSRNOG00000043098",791
"ENSRNOG00000018958",0
"ENSRNOG00000019004",0
"ENSRNOG00000011956",358
"ENSRNOG00000012153",357
"ENSRNOG00000014087",317
"ENSRNOG00000069933",0
"ENSRNOG00000014896",0
"ENSRNOG00000015438",1
"ENSRNOG00000024212",296
"ENSRNOG00000019020",144
"ENSRNOG00000016643",25
"ENSRNOG00000019288",262
"ENSRNOG00000031607",3
"ENSRNOG00000054004",0
"ENSRNOG00000067649",0
"ENSRNOG00000026051",12
"ENSRNOG00000061849",0
"ENSRNOG00000055467",0
"ENSRNOG00000055815",0
"ENSRNOG00000029386",142
"ENSRNOG00000054248",0
"ENSRNOG00000052382",0
"ENSRNOG00000063327",0
"ENSRNOG00000032664",0
"ENSRNOG00000069465",0
"ENSRNOG00000025938",2
"ENSRNOG00000053555",0
"ENSRNOG00000029001",4
"ENSRNOG00000061642",0
"ENSRNOG00000062845",0
"ENSRNOG00000064607",0
"ENSRNOG00000031171",285
"ENSRNOG00000063612",0
"ENSRNOG00000058713",1
"ENSRNOG00000069910",3
"ENSRNOG00000053255",0
"ENSRNOG00000000473",43
"ENSRNOG00000071179",0
"ENSRNOG00000061396",0
"ENSRNOG00000053858",0
"ENSRNOG00000000795",79
"ENSRNOG00000057209",0
"ENSRNOG00000056074",0
"ENSRNOG00000026519",0
"ENSRNOG00000053958",0
"ENSRNOG00000052698",0
"ENSRNOG00000062411",0
"ENSRNOG00000000397",1013
"ENSRNOG00000059119",1
"ENSRNOG00000052793",0
"ENSRNOG00000062460",0
"ENSRNOG00000037604",861
"ENSRNOG00000059933",0
"ENSRNOG00000053612",0
"ENSRNOG00000052415",75
"ENSRNOG00000051864",0
"ENSRNOG00000067841",0
"ENSRNOG00000054444",2
"ENSRNOG00000049580",0
"ENSRNOG00000054443",0
"ENSRNOG00000068882",0
"ENSRNOG00000053988",35
"ENSRNOG00000055027",0
"ENSRNOG00000058745",0
"ENSRNOG00000054091",0
"ENSRNOG00000061471",3
"ENSRNOG00000000588",3
"ENSRNOG00000042962",82
"ENSRNOG00000061767",8
"ENSRNOG00000001203",320
"ENSRNOG00000057680",0
"ENSRNOG00000058535",0
"ENSRNOG00000068798",0
"ENSRNOG00000052404",0
"ENSRNOG00000000777",42
"ENSRNOG00000000763",64
"ENSRNOG00000052780",0
"ENSRNOG00000056426",0
"ENSRNOG00000061360",0
"ENSRNOG00000054099",0
"ENSRNOG00000067147",1
"ENSRNOG00000064718",0
"ENSRNOG00000000867",1029
"ENSRNOG00000058368",1
"ENSRNOG00000059658",0
"ENSRNOG00000037765",1206
"ENSRNOG00000069970",0
"ENSRNOG00000059368",0
"ENSRNOG00000065111",0
"ENSRNOG00000041223",0
"ENSRNOG00000036441",0
"ENSRNOG00000000767",0
"ENSRNOG00000046573",0
"ENSRNOG00000035653",0
"ENSRNOG00000042905",82
"ENSRNOG00000000768",0
"ENSRNOG00000001228",2509
"ENSRNOG00000062729",0
"ENSRNOG00000000323",21
"ENSRNOG00000065421",0
"ENSRNOG00000049063",9
"ENSRNOG00000070009",0
"ENSRNOG00000065219",467
"ENSRNOG00000000585",422
"ENSRNOG00000045658",0
"ENSRNOG00000001315",1
"ENSRNOG00000000583",1346
"ENSRNOG00000000765",0
"ENSRNOG00000067843",0
"ENSRNOG00000065073",0
"ENSRNOG00000065633",3
"ENSRNOG00000050550",1
"ENSRNOG00000032596",185
"ENSRNOG00000066928",0
"ENSRNOG00000063048",0
"ENSRNOG00000024543",81
"ENSRNOG00000069105",0
"ENSRNOG00000001313",2
"ENSRNOG00000068471",0
"ENSRNOG00000000726",0
"ENSRNOG00000070471",0
"ENSRNOG00000037647",868
"ENSRNOG00000001237",1447
"ENSRNOG00000028035",0
"ENSRNOG00000000299",401
"ENSRNOG00000000579",1315
"ENSRNOG00000065272",0
"ENSRNOG00000058288",257
"ENSRNOG00000000605",0
"ENSRNOG00000046487",0
"ENSRNOG00000065072",0
"ENSRNOG00000000798",252
"ENSRNOG00000000811",3
"ENSRNOG00000063793",0
"ENSRNOG00000050389",0
"ENSRNOG00000053288",341
"ENSRNOG00000027859",12
"ENSRNOG00000068494",0
"ENSRNOG00000063264",0
"ENSRNOG00000066952",0
"ENSRNOG00000047118",48
"ENSRNOG00000025806",993
"ENSRNOG00000067903",0
"ENSRNOG00000066890",0
"ENSRNOG00000065474",1750
"ENSRNOG00000000321",120
"ENSRNOG00000000746",0
"ENSRNOG00000000814",0
"ENSRNOG00000000799",727
"ENSRNOG00000000589",1
"ENSRNOG00000046355",0
"ENSRNOG00000043199",1357
"ENSRNOG00000000599",1191
"ENSRNOG00000046708",0
"ENSRNOG00000059268",1154
"ENSRNOG00000050316",0
"ENSRNOG00000065757",0
"ENSRNOG00000070745",0
"ENSRNOG00000051592",294
"ENSRNOG00000067694",0
"ENSRNOG00000070514",0
"ENSRNOG00000001212",0
"ENSRNOG00000069884",0
"ENSRNOG00000061040",411
"ENSRNOG00000070634",0
"ENSRNOG00000049590",0
"ENSRNOG00000065687",0
"ENSRNOG00000000572",41
"ENSRNOG00000048579",0
"ENSRNOG00000062763",0
"ENSRNOG00000000855",0
"ENSRNOG00000000383",3
"ENSRNOG00000000632",396
"ENSRNOG00000042370",0
"ENSRNOG00000000316",0
"ENSRNOG00000000854",0
"ENSRNOG00000069773",0
"ENSRNOG00000054603",0
"ENSRNOG00000000587",143
"ENSRNOG00000001242",3
"ENSRNOG00000000774",1020
"ENSRNOG00000000586",73
"ENSRNOG00000000536",3
"ENSRNOG00000026049",74
"ENSRNOG00000000279",64
"ENSRNOG00000000804",1067
"ENSRNOG00000000405",2
"ENSRNOG00000000568",192
"ENSRNOG00000068887",1408
"ENSRNOG00000062554",1
"ENSRNOG00000026217",16
"ENSRNOG00000000809",751
"ENSRNOG00000000785",102
"ENSRNOG00000000567",4503
"ENSRNOG00000062809",0
"ENSRNOG00000000488",609
"ENSRNOG00000000786",0
"ENSRNOG00000070997",0
"ENSRNOG00000065028",0
"ENSRNOG00000070408",0
"ENSRNOG00000047171",114
"ENSRNOG00000000846",0
"ENSRNOG00000000547",74
"ENSRNOG00000032844",48
"ENSRNOG00000000853",0
"ENSRNOG00000032964",2
"ENSRNOG00000025883",5
"ENSRNOG00000067001",0
"ENSRNOG00000000320",21
"ENSRNOG00000050215",257
"ENSRNOG00000026080",0
"ENSRNOG00000045908",0
"ENSRNOG00000037628",0
"ENSRNOG00000069043",0
"ENSRNOG00000025179",3161
"ENSRNOG00000033389",118
"ENSRNOG00000069418",0
"ENSRNOG00000071013",0
"ENSRNOG00000066416",0
"ENSRNOG00000071158",0
"ENSRNOG00000046891",1083
"ENSRNOG00000069834",0
"ENSRNOG00000069079",9
"ENSRNOG00000000407",224
"ENSRNOG00000066573",53
"ENSRNOG00000040183",0
"ENSRNOG00000070836",2
"ENSRNOG00000070605",3
"ENSRNOG00000030431",8
"ENSRNOG00000032548",0
"ENSRNOG00000064227",1
"ENSRNOG00000069426",12
"ENSRNOG00000070935",1405
"ENSRNOG00000071033",1
"ENSRNOG00000067553",0
"ENSRNOG00000064918",0
"ENSRNOG00000000432",71
"ENSRNOG00000000408",470
"ENSRNOG00000063819",1
"ENSRNOG00000064860",0
"ENSRNOG00000068689",0
"ENSRNOG00000030157",285
"ENSRNOG00000049045",1
"ENSRNOG00000066945",0
"ENSRNOG00000000431",1167
"ENSRNOG00000000549",303
"ENSRNOG00000063919",0
"ENSRNOG00000026936",8
"ENSRNOG00000052532",0
"ENSRNOG00000070789",1
"ENSRNOG00000063152",0
"ENSRNOG00000042918",0
"ENSRNOG00000046675",109
"ENSRNOG00000054538",1
"ENSRNOG00000065648",0
"ENSRNOG00000069059",256
"ENSRNOG00000025998",10
"ENSRNOG00000064944",28
"ENSRNOG00000033136",0
"ENSRNOG00000065439",1
"ENSRNOG00000067150",0
"ENSRNOG00000033215",9
"ENSRNOG00000067482",2
"ENSRNOG00000050998",1
"ENSRNOG00000069219",0
"ENSRNOG00000064309",297
"ENSRNOG00000027873",0
"ENSRNOG00000063520",0
"ENSRNOG00000043436",995
"ENSRNOG00000071161",2
"ENSRNOG00000000546",209
"ENSRNOG00000000478",32
"ENSRNOG00000067733",0
"ENSRNOG00000070050",0
"ENSRNOG00000030676",0
"ENSRNOG00000063655",0
"ENSRNOG00000000818",1400
"ENSRNOG00000050233",62
"ENSRNOG00000065179",1
"ENSRNOG00000032942",1736
"ENSRNOG00000065364",0
"ENSRNOG00000058987",3
"ENSRNOG00000054374",104
"ENSRNOG00000066691",7
"ENSRNOG00000000576",276
"ENSRNOG00000067697",0
"ENSRNOG00000000840",4
"ENSRNOG00000067213",97
"ENSRNOG00000000520",2036
"ENSRNOG00000050425",3
"ENSRNOG00000051399",13
"ENSRNOG00000029682",3116
"ENSRNOG00000000839",36
"ENSRNOG00000046365",5
"ENSRNOG00000025864",187
"ENSRNOG00000056647",367
"ENSRNOG00000000729",308
"ENSRNOG00000032813",353
"ENSRNOG00000062206",0
"ENSRNOG00000000574",340
"ENSRNOG00000000614",1631
"ENSRNOG00000069485",1
"ENSRNOG00000000838",0
"ENSRNOG00000000556",0
"ENSRNOG00000069463",23
"ENSRNOG00000000728",103
"ENSRNOG00000062843",0
"ENSRNOG00000061216",10645
"ENSRNOG00000071156",0
"ENSRNOG00000068137",15
"ENSRNOG00000043481",0
"ENSRNOG00000051612",0
"ENSRNOG00000056637",212
"ENSRNOG00000062631",0
"ENSRNOG00000029420",0
"ENSRNOG00000059445",87
"ENSRNOG00000000775",3
"ENSRNOG00000064656",157
"ENSRNOG00000065286",0
"ENSRNOG00000000826",574
"ENSRNOG00000064564",0
"ENSRNOG00000000842",1
"ENSRNOG00000038489",0
"ENSRNOG00000061930",0
"ENSRNOG00000062702",2
"ENSRNOG00000066268",1
"ENSRNOG00000062860",0
"ENSRNOG00000063421",8
"ENSRNOG00000029883",0
"ENSRNOG00000024751",42
"ENSRNOG00000065434",0
"ENSRNOG00000052839",0
"ENSRNOG00000069886",0
"ENSRNOG00000027225",0
"ENSRNOG00000066311",0
"ENSRNOG00000022730",662
"ENSRNOG00000070701",0
"ENSRNOG00000070571",0
"ENSRNOG00000000827",884
"ENSRNOG00000030683",857
"ENSRNOG00000064704",0
"ENSRNOG00000065653",4
"ENSRNOG00000067507",0
"ENSRNOG00000066383",0
"ENSRNOG00000069340",0
"ENSRNOG00000068943",0
"ENSRNOG00000000759",0
"ENSRNOG00000000451",36
"ENSRNOG00000069903",0
"ENSRNOG00000070750",9
"ENSRNOG00000065058",0
"ENSRNOG00000063245",0
"ENSRNOG00000064301",0
"ENSRNOG00000062730",0
"ENSRNOG00000027157",0
"ENSRNOG00000054048",0
"ENSRNOG00000063374",0
"ENSRNOG00000001229",1984
"ENSRNOG00000030426",297
"ENSRNOG00000067861",0
"ENSRNOG00000070267",1
"ENSRNOG00000056976",0
"ENSRNOG00000063854",628
"ENSRNOG00000001226",18
"ENSRNOG00000068088",0
"ENSRNOG00000068739",0
"ENSRNOG00000065684",0
"ENSRNOG00000000428",0
"ENSRNOG00000069553",0
"ENSRNOG00000067389",4
"ENSRNOG00000043302",0
"ENSRNOG00000068097",0
"ENSRNOG00000070968",38
"ENSRNOG00000000607",2
"ENSRNOG00000064738",0
"ENSRNOG00000070630",72
"ENSRNOG00000067041",0
"ENSRNOG00000033581",135
"ENSRNOG00000064499",11
"ENSRNOG00000048073",282
"ENSRNOG00000001249",4103
"ENSRNOG00000070733",327
"ENSRNOG00000065948",2
"ENSRNOG00000048535",0
"ENSRNOG00000063651",1
"ENSRNOG00000051063",99
"ENSRNOG00000048758",85
"ENSRNOG00000062666",1
"ENSRNOG00000000446",0
"ENSRNOG00000000384",0
"ENSRNOG00000066710",0
"ENSRNOG00000024413",0
"ENSRNOG00000063343",1
"ENSRNOG00000052891",0
"ENSRNOG00000030242",43
"ENSRNOG00000051473",0
"ENSRNOG00000068671",0
"ENSRNOG00000033891",2130
"ENSRNOG00000060789",0
"ENSRNOG00000000557",3869
"ENSRNOG00000067902",0
"ENSRNOG00000058631",0
"ENSRNOG00000054239",0
"ENSRNOG00000070377",0
"ENSRNOG00000054580",0
"ENSRNOG00000061550",0
"ENSRNOG00000052710",0
"ENSRNOG00000032408",0
"ENSRNOG00000052210",0
"ENSRNOG00000056626",0
"ENSRNOG00000000630",0
"ENSRNOG00000055951",0
"ENSRNOG00000057911",0
"ENSRNOG00000047304",0
"ENSRNOG00000057485",0
"ENSRNOG00000022283",1
"ENSRNOG00000056879",2
"ENSRNOG00000000581",238
"ENSRNOG00000062340",0
"ENSRNOG00000060741",2
"ENSRNOG00000067781",0
"ENSRNOG00000052760",0
"ENSRNOG00000068592",0
"ENSRNOG00000051927",0
"ENSRNOG00000068589",0
"ENSRNOG00000057125",797
"ENSRNOG00000026207",0
"ENSRNOG00000000376",260
"ENSRNOG00000000517",426
"ENSRNOG00000033652",39
"ENSRNOG00000000564",1
"ENSRNOG00000046494",0
"ENSRNOG00000049150",5
"ENSRNOG00000026813",32
"ENSRNOG00000048725",630
"ENSRNOG00000039398",0
"ENSRNOG00000065514",47
"ENSRNOG00000023210",1018
"ENSRNOG00000047966",28
"ENSRNOG00000024221",12
"ENSRNOG00000050647",380
"ENSRNOG00000043099",689
"ENSRNOG00000045654",42
"ENSRNOG00000039396",0
"ENSRNOG00000067018",17
"ENSRNOG00000001232",340
"ENSRNOG00000028581",25
"ENSRNOG00000000503",478
"ENSRNOG00000028541",0
"ENSRNOG00000070397",22
"ENSRNOG00000042287",0
"ENSRNOG00000001272",753
"ENSRNOG00000000831",128
"ENSRNOG00000000596",301
"ENSRNOG00000028441",190
"ENSRNOG00000021365",81
"ENSRNOG00000000582",0
"ENSRNOG00000012714",10
"ENSRNOG00000000566",0
"ENSRNOG00000000442",14
"ENSRNOG00000000303",135
"ENSRNOG00000000495",252
"ENSRNOG00000000590",0
"ENSRNOG00000000606",0
"ENSRNOG00000040052",47
"ENSRNOG00000000327",359
"ENSRNOG00000000833",105
"ENSRNOG00000000502",70
"ENSRNOG00000000610",646
"ENSRNOG00000024839",135
"ENSRNOG00000046505",61
"ENSRNOG00000000302",122
"ENSRNOG00000000373",7
"ENSRNOG00000049990",0
"ENSRNOG00000053936",0
"ENSRNOG00000026466",868
"ENSRNOG00000069858",0
"ENSRNOG00000066776",16
"ENSRNOG00000001245",440
"ENSRNOG00000000314",924
"ENSRNOG00000000778",23
"ENSRNOG00000001174",0
"ENSRNOG00000000563",48
"ENSRNOG00000064048",13
"ENSRNOG00000000779",213
"ENSRNOG00000000454",0
"ENSRNOG00000070102",0
"ENSRNOG00000000780",906
"ENSRNOG00000000781",32
"ENSRNOG00000000571",20157
"ENSRNOG00000000519",1350
"ENSRNOG00000069836",0
"ENSRNOG00000067285",1
"ENSRNOG00000021518",0
"ENSRNOG00000000783",0
"ENSRNOG00000000638",462
"ENSRNOG00000000634",2
"ENSRNOG00000052795",182
"ENSRNOG00000068407",99
"ENSRNOG00000049937",28
"ENSRNOG00000000782",3
"ENSRNOG00000024601",156
"ENSRNOG00000067891",0
"ENSRNOG00000031689",210
"ENSRNOG00000025909",111
"ENSRNOG00000000455",176
"ENSRNOG00000000562",0
"ENSRNOG00000032930",528
"ENSRNOG00000000498",317
"ENSRNOG00000066279",1
"ENSRNOG00000063767",0
"ENSRNOG00000000510",0
"ENSRNOG00000000543",133
"ENSRNOG00000000516",0
"ENSRNOG00000051398",0
"ENSRNOG00000000479",73
"ENSRNOG00000028622",3
"ENSRNOG00000000456",26
"ENSRNOG00000000796",2352
"ENSRNOG00000000507",4
"ENSRNOG00000033087",6
"ENSRNOG00000001223",3531
"ENSRNOG00000043212",727
"ENSRNOG00000000457",143
"ENSRNOG00000064170",0
"ENSRNOG00000000500",1375
"ENSRNOG00000050658",0
"ENSRNOG00000000459",71
"ENSRNOG00000067614",0
"ENSRNOG00000000504",56
"ENSRNOG00000049491",12
"ENSRNOG00000030109",103
"ENSRNOG00000001295",7
"ENSRNOG00000000505",1269
"ENSRNOG00000059659",1891
"ENSRNOG00000001297",280
"ENSRNOG00000029979",3
"ENSRNOG00000000501",206
"ENSRNOG00000066773",61
"ENSRNOG00000000569",9
"ENSRNOG00000029528",1
"ENSRNOG00000047102",30
"ENSRNOG00000000540",73
"ENSRNOG00000000541",1346
"ENSRNOG00000000506",1315
"ENSRNOG00000001201",1527
"ENSRNOG00000000604",978
"ENSRNOG00000065441",1
"ENSRNOG00000000433",11
"ENSRNOG00000001217",5
"ENSRNOG00000001224",0
"ENSRNOG00000000480",165
"ENSRNOG00000001184",141
"ENSRNOG00000000648",1521
"ENSRNOG00000000435",286
"ENSRNOG00000000851",2087
"ENSRNOG00000000491",0
"ENSRNOG00000001210",377
"ENSRNOG00000026762",0
"ENSRNOG00000000481",1236
"ENSRNOG00000000487",0
"ENSRNOG00000000277",219
"ENSRNOG00000000441",23
"ENSRNOG00000000552",0
"ENSRNOG00000063880",2262
"ENSRNOG00000000857",3
"ENSRNOG00000000611",532
"ENSRNOG00000028598",11
"ENSRNOG00000000436",5
"ENSRNOG00000000850",18
"ENSRNOG00000048929",23
"ENSRNOG00000039658",87
"ENSRNOG00000000437",1712
"ENSRNOG00000000641",122
"ENSRNOG00000061176",698
"ENSRNOG00000000386",0
"ENSRNOG00000000438",242
"ENSRNOG00000000396",644
"ENSRNOG00000051960",13
"ENSRNOG00000056298",0
"ENSRNOG00000001181",71
"ENSRNOG00000069854",20
"ENSRNOG00000001227",7853
"ENSRNOG00000000490",1384
"ENSRNOG00000000439",13
"ENSRNOG00000000645",4725
"ENSRNOG00000023712",1
"ENSRNOG00000000499",0
"ENSRNOG00000046791",1102
"ENSRNOG00000068135",1
"ENSRNOG00000049507",493
"ENSRNOG00000028302",2199
"ENSRNOG00000000486",9
"ENSRNOG00000048193",65
"ENSRNOG00000000523",95
"ENSRNOG00000048987",0
"ENSRNOG00000000485",947
"ENSRNOG00000028243",19
"ENSRNOG00000031065",0
"ENSRNOG00000063826",0
"ENSRNOG00000006589",2023
"ENSRNOG00000000461",2929
"ENSRNOG00000068033",0
"ENSRNOG00000069988",0
"ENSRNOG00000064749",30
"ENSRNOG00000000274",18
"ENSRNOG00000016997",5
"ENSRNOG00000065563",214
"ENSRNOG00000062695",0
"ENSRNOG00000001205",539
"ENSRNOG00000000636",0
"ENSRNOG00000045860",658
"ENSRNOG00000050410",176
"ENSRNOG00000070306",0
"ENSRNOG00000000275",430
"ENSRNOG00000047697",22
"ENSRNOG00000000524",998
"ENSRNOG00000057862",3
"ENSRNOG00000049952",399
"ENSRNOG00000000808",549
"ENSRNOG00000046428",104
"ENSRNOG00000070531",0
"ENSRNOG00000000858",0
"ENSRNOG00000043033",63
"ENSRNOG00000000561",138
"ENSRNOG00000000860",4
"ENSRNOG00000000511",1173
"ENSRNOG00000029360",3757
"ENSRNOG00000001189",83
"ENSRNOG00000001169",41
"ENSRNOG00000000440",326
"ENSRNOG00000038300",0
"ENSRNOG00000042916",794
"ENSRNOG00000063338",0
"ENSRNOG00000001215",209
"ENSRNOG00000000565",1072
"ENSRNOG00000000542",0
"ENSRNOG00000000387",720
"ENSRNOG00000000410",0
"ENSRNOG00000049696",0
"ENSRNOG00000001254",3890
"ENSRNOG00000001152",0
"ENSRNOG00000000852",7044
"ENSRNOG00000001261",5
"ENSRNOG00000000512",133
"ENSRNOG00000000398",125
"ENSRNOG00000001302",0
"ENSRNOG00000063538",0
"ENSRNOG00000000640",104
"ENSRNOG00000000394",77
"ENSRNOG00000000508",0
"ENSRNOG00000001225",99
"ENSRNOG00000022523",77
"ENSRNOG00000055391",2101
"ENSRNOG00000000493",321
"ENSRNOG00000066789",106
"ENSRNOG00000067849",96
"ENSRNOG00000001182",562
"ENSRNOG00000000528",0
"ENSRNOG00000000560",52
"ENSRNOG00000000513",1793
"ENSRNOG00000000521",1230
"ENSRNOG00000069172",1
"ENSRNOG00000047175",0
"ENSRNOG00000001157",0
"ENSRNOG00000065254",767
"ENSRNOG00000001167",0
"ENSRNOG00000000412",15
"ENSRNOG00000028641",490
"ENSRNOG00000070329",43
"ENSRNOG00000065780",11
"ENSRNOG00000046619",0
"ENSRNOG00000046705",3350
"ENSRNOG00000000515",0
"ENSRNOG00000066051",0
"ENSRNOG00000065311",0
"ENSRNOG00000000635",6296
"ENSRNOG00000046204",131
"ENSRNOG00000001193",1
"ENSRNOG00000001219",0
"ENSRNOG00000058912",31
"ENSRNOG00000045920",1432
"ENSRNOG00000000800",2376
"ENSRNOG00000001218",0
"ENSRNOG00000067436",0
"ENSRNOG00000000483",785
"ENSRNOG00000042329",0
"ENSRNOG00000047532",0
"ENSRNOG00000048951",0
"ENSRNOG00000068042",0
"ENSRNOG00000000312",490
"ENSRNOG00000000823",256
"ENSRNOG00000001303",1057
"ENSRNOG00000038883",1555
"ENSRNOG00000001214",52
"ENSRNOG00000049771",85
"ENSRNOG00000030408",1166
"ENSRNOG00000032530",0
"ENSRNOG00000000609",181
"ENSRNOG00000066181",208
"ENSRNOG00000046538",0
"ENSRNOG00000000878",0
"ENSRNOG00000067601",0
"ENSRNOG00000069480",178
"ENSRNOG00000065874",0
"ENSRNOG00000070409",0
"ENSRNOG00000000368",836
"ENSRNOG00000000529",49
"ENSRNOG00000026799",144
"ENSRNOG00000001216",0
"ENSRNOG00000042186",0
"ENSRNOG00000046758",0
"ENSRNOG00000064334",10
"ENSRNOG00000001311",12
"ENSRNOG00000066018",0
"ENSRNOG00000038999",376
"ENSRNOG00000059458",522
"ENSRNOG00000001158",63
"ENSRNOG00000000411",576
"ENSRNOG00000059770",600
"ENSRNOG00000037600",0
"ENSRNOG00000001194",637
"ENSRNOG00000000633",338
"ENSRNOG00000032708",7
"ENSRNOG00000051061",989
"ENSRNOG00000001213",0
"ENSRNOG00000000308",190
"ENSRNOG00000026407",207
"ENSRNOG00000000307",544
"ENSRNOG00000023109",123
"ENSRNOG00000000401",0
"ENSRNOG00000031290",0
"ENSRNOG00000047476",326
"ENSRNOG00000000580",0
"ENSRNOG00000063872",0
"ENSRNOG00000000825",19
"ENSRNOG00000037757",0
"ENSRNOG00000000306",185
"ENSRNOG00000070199",0
"ENSRNOG00000070167",14
"ENSRNOG00000000532",490
"ENSRNOG00000047706",172
"ENSRNOG00000024918",32
"ENSRNOG00000037688",36
"ENSRNOG00000050655",3604
"ENSRNOG00000043186",13
"ENSRNOG00000000598",52
"ENSRNOG00000000597",0
"ENSRNOG00000030712",37
"ENSRNOG00000000815",29
"ENSRNOG00000000474",234
"ENSRNOG00000000304",6500
"ENSRNOG00000029500",0
"ENSRNOG00000058648",0
"ENSRNOG00000061936",0
"ENSRNOG00000000848",16
"ENSRNOG00000038807",0
"ENSRNOG00000000476",0
"ENSRNOG00000037668",4
"ENSRNOG00000000847",3545
"ENSRNOG00000000841",3513
"ENSRNOG00000001222",249
"ENSRNOG00000000824",893
"ENSRNOG00000069363",0
"ENSRNOG00000069923",5
"ENSRNOG00000000477",316
"ENSRNOG00000057078",127
"ENSRNOG00000000551",32
"ENSRNOG00000026110",0
"ENSRNOG00000068717",25
"ENSRNOG00000027516",0
"ENSRNOG00000000414",342
"ENSRNOG00000067335",0
"ENSRNOG00000000805",22152
"ENSRNOG00000054549",545
"ENSRNOG00000027949",0
"ENSRNOG00000000595",405
"ENSRNOG00000001298",0
"ENSRNOG00000049734",1
"ENSRNOG00000000593",1097
"ENSRNOG00000062276",51
"ENSRNOG00000001869",0
"ENSRNOG00000000395",679
"ENSRNOG00000001165",0
"ENSRNOG00000001211",448
"ENSRNOG00000000322",588
"ENSRNOG00000030630",726
"ENSRNOG00000000392",608
"ENSRNOG00000048682",1234
"ENSRNOG00000000463",0
"ENSRNOG00000000613",376
"ENSRNOG00000051235",26
"ENSRNOG00000061544",40
"ENSRNOG00000000464",188
"ENSRNOG00000000465",0
"ENSRNOG00000001304",414
"ENSRNOG00000000466",24
"ENSRNOG00000068163",1
"ENSRNOG00000000467",353
"ENSRNOG00000003281",241
"ENSRNOG00000000559",0
"ENSRNOG00000038258",0
"ENSRNOG00000000406",2
"ENSRNOG00000000527",2674
"ENSRNOG00000064723",0
"ENSRNOG00000046314",0
"ENSRNOG00000000415",505
"ENSRNOG00000000525",59
"ENSRNOG00000065029",0
"ENSRNOG00000000802",49
"ENSRNOG00000000522",28
"ENSRNOG00000000470",839
"ENSRNOG00000000420",383
"ENSRNOG00000069916",1
"ENSRNOG00000000421",272
"ENSRNOG00000068565",0
"ENSRNOG00000024019",1551
"ENSRNOG00000000422",124
"ENSRNOG00000000801",114
"ENSRNOG00000062487",159
"ENSRNOG00000069209",247
"ENSRNOG00000000471",959
"ENSRNOG00000028386",3
"ENSRNOG00000028356",8
"ENSRNOG00000028344",294
"ENSRNOG00000001159",0
"ENSRNOG00000001162",0
"ENSRNOG00000001164",0
"ENSRNOG00000062067",1
"ENSRNOG00000001276",173
"ENSRNOG00000064836",10
"ENSRNOG00000001055",177
"ENSRNOG00000001060",82
"ENSRNOG00000000981",158
"ENSRNOG00000045574",21
"ENSRNOG00000001336",304
"ENSRNOG00000001337",960
"ENSRNOG00000008673",2802
"ENSRNOG00000025702",535
"ENSRNOG00000001331",366
"ENSRNOG00000001238",245
"ENSRNOG00000028523",424
"ENSRNOG00000001270",18
"ENSRNOG00000001316",2315
"ENSRNOG00000063517",1
"ENSRNOG00000001338",2
"ENSRNOG00000025936",3503
"ENSRNOG00000042607",38
"ENSRNOG00000001368",0
"ENSRNOG00000001278",137
"ENSRNOG00000048050",54
"ENSRNOG00000031731",646
"ENSRNOG00000001274",988
"ENSRNOG00000021480",39
"ENSRNOG00000021440",664
"ENSRNOG00000001269",1469
"ENSRNOG00000001259",39
"ENSRNOG00000070135",0
"ENSRNOG00000034266",0
"ENSRNOG00000030848",0
"ENSRNOG00000001345",472
"ENSRNOG00000001391",1
"ENSRNOG00000001285",5645
"ENSRNOG00000067283",0
"ENSRNOG00000063614",0
"ENSRNOG00000055283",0
"ENSRNOG00000053770",1
"ENSRNOG00000063012",0
"ENSRNOG00000027480",9
"ENSRNOG00000051585",1
"ENSRNOG00000056264",0
"ENSRNOG00000063776",0
"ENSRNOG00000027028",266
"ENSRNOG00000062433",0
"ENSRNOG00000064748",0
"ENSRNOG00000037801",5
"ENSRNOG00000067454",0
"ENSRNOG00000067227",0
"ENSRNOG00000001348",391
"ENSRNOG00000067552",0
"ENSRNOG00000070719",0
"ENSRNOG00000065615",0
"ENSRNOG00000039214",139
"ENSRNOG00000065400",0
"ENSRNOG00000064405",0
"ENSRNOG00000064696",0
"ENSRNOG00000001350",510
"ENSRNOG00000063764",0
"ENSRNOG00000063697",0
"ENSRNOG00000069325",0
"ENSRNOG00000067994",0
"ENSRNOG00000067666",0
"ENSRNOG00000001375",60
"ENSRNOG00000071042",0
"ENSRNOG00000066865",0
"ENSRNOG00000067720",0
"ENSRNOG00000039282",0
"ENSRNOG00000064336",0
"ENSRNOG00000062902",0
"ENSRNOG00000067686",0
"ENSRNOG00000063472",0
"ENSRNOG00000067123",0
"ENSRNOG00000065467",0
"ENSRNOG00000069537",0
"ENSRNOG00000063492",0
"ENSRNOG00000063911",0
"ENSRNOG00000068030",0
"ENSRNOG00000063378",0
"ENSRNOG00000069873",0
"ENSRNOG00000065983",0
"ENSRNOG00000062974",0
"ENSRNOG00000064155",0
"ENSRNOG00000001329",5
"ENSRNOG00000065316",0
"ENSRNOG00000068354",0
"ENSRNOG00000067197",0
"ENSRNOG00000066211",0
"ENSRNOG00000065678",0
"ENSRNOG00000062634",0
"ENSRNOG00000066370",0
"ENSRNOG00000001333",0
"ENSRNOG00000068125",0
"ENSRNOG00000069307",0
"ENSRNOG00000068794",0
"ENSRNOG00000068925",0
"ENSRNOG00000064767",0
"ENSRNOG00000069603",0
"ENSRNOG00000067020",0
"ENSRNOG00000070262",0
"ENSRNOG00000066000",0
"ENSRNOG00000066264",0
"ENSRNOG00000064352",0
"ENSRNOG00000069008",0
"ENSRNOG00000001247",1502
"ENSRNOG00000065766",0
"ENSRNOG00000070995",0
"ENSRNOG00000063557",0
"ENSRNOG00000066614",3
"ENSRNOG00000064757",0
"ENSRNOG00000054522",0
"ENSRNOG00000060282",0
"ENSRNOG00000035479",0
"ENSRNOG00000035485",1
"ENSRNOG00000035540",0
"ENSRNOG00000063623",51
"ENSRNOG00000035531",2
"ENSRNOG00000036338",0
"ENSRNOG00000028965",0
"ENSRNOG00000047842",0
"ENSRNOG00000062779",0
"ENSRNOG00000051906",0
"ENSRNOG00000064916",0
"ENSRNOG00000001387",254
"ENSRNOG00000070325",0
"ENSRNOG00000050805",1069
"ENSRNOG00000030124",2236
"ENSRNOG00000050848",0
"ENSRNOG00000001374",1
"ENSRNOG00000001404",270
"ENSRNOG00000064009",984
"ENSRNOG00000021691",136
"ENSRNOG00000063284",0
"ENSRNOG00000063533",0
"ENSRNOG00000052704",1020
"ENSRNOG00000070677",0
"ENSRNOG00000063820",0
"ENSRNOG00000066432",10
"ENSRNOG00000069357",0
"ENSRNOG00000048487",83
"ENSRNOG00000028198",1277
"ENSRNOG00000048580",380
"ENSRNOG00000001389",24
"ENSRNOG00000001256",1697
"ENSRNOG00000066351",8
"ENSRNOG00000001309",324
"ENSRNOG00000001402",1
"ENSRNOG00000001300",334
"ENSRNOG00000024922",4
"ENSRNOG00000025001",19074
"ENSRNOG00000056889",303
"ENSRNOG00000001396",569
"ENSRNOG00000001407",1
"ENSRNOG00000001035",132
"ENSRNOG00000001283",452
"ENSRNOG00000001408",0
"ENSRNOG00000001039",1015
"ENSRNOG00000045952",982
"ENSRNOG00000001296",3
"ENSRNOG00000050059",0
"ENSRNOG00000001043",203
"ENSRNOG00000052199",15
"ENSRNOG00000069835",0
"ENSRNOG00000024462",0
"ENSRNOG00000025310",203
"ENSRNOG00000001369",1
"ENSRNOG00000068186",0
"ENSRNOG00000064228",0
"ENSRNOG00000057769",0
"ENSRNOG00000062810",0
"ENSRNOG00000068922",1
"ENSRNOG00000070312",0
"ENSRNOG00000001414",4854
"ENSRNOG00000033220",0
"ENSRNOG00000001412",1
"ENSRNOG00000031726",0
"ENSRNOG00000048277",592
"ENSRNOG00000050841",24
"ENSRNOG00000062846",0
"ENSRNOG00000024641",25
"ENSRNOG00000059207",0
"ENSRNOG00000070500",0
"ENSRNOG00000049282",1
"ENSRNOG00000038896",13
"ENSRNOG00000028206",45
"ENSRNOG00000001392",0
"ENSRNOG00000001399",0
"ENSRNOG00000001385",2468
"ENSRNOG00000067638",2
"ENSRNOG00000001388",41
"ENSRNOG00000046497",511
"ENSRNOG00000063866",0
"ENSRNOG00000037815",2418
"ENSRNOG00000001409",2090
"ENSRNOG00000001070",2745
"ENSRNOG00000001073",69
"ENSRNOG00000001410",147
"ENSRNOG00000001074",241
"ENSRNOG00000001425",58
"ENSRNOG00000001251",0
"ENSRNOG00000070432",2
"ENSRNOG00000056407",1
"ENSRNOG00000001435",49
"ENSRNOG00000023686",2350
"ENSRNOG00000024277",0
"ENSRNOG00000071001",264
"ENSRNOG00000048699",19
"ENSRNOG00000001351",378
"ENSRNOG00000071009",1
"ENSRNOG00000063308",84
"ENSRNOG00000018910",145
"ENSRNOG00000025626",1
"ENSRNOG00000022767",0
"ENSRNOG00000020112",2
"ENSRNOG00000028981",0
"ENSRNOG00000001294",242
"ENSRNOG00000032705",340
"ENSRNOG00000066204",1
"ENSRNOG00000037500",73
"ENSRNOG00000037481",35
"ENSRNOG00000000909",301
"ENSRNOG00000055583",842
"ENSRNOG00000068853",0
"ENSRNOG00000029165",37
"ENSRNOG00000001427",102
"ENSRNOG00000001141",4
"ENSRNOG00000001377",426
"ENSRNOG00000034215",0
"ENSRNOG00000070313",0
"ENSRNOG00000055795",1
"ENSRNOG00000062582",0
"ENSRNOG00000064613",169
"ENSRNOG00000069275",15
"ENSRNOG00000071077",1
"ENSRNOG00000001443",239
"ENSRNOG00000071056",0
"ENSRNOG00000064325",7
"ENSRNOG00000032684",0
"ENSRNOG00000069155",0
"ENSRNOG00000001428",69
"ENSRNOG00000069263",35
"ENSRNOG00000001250",106
"ENSRNOG00000047745",0
"ENSRNOG00000046252",230
"ENSRNOG00000071178",10
"ENSRNOG00000064620",0
"ENSRNOG00000069126",0
"ENSRNOG00000069788",0
"ENSRNOG00000001178",1378
"ENSRNOG00000001429",172
"ENSRNOG00000037720",123
"ENSRNOG00000001071",151
"ENSRNOG00000053768",0
"ENSRNOG00000066404",8
"ENSRNOG00000001103",8
"ENSRNOG00000064538",0
"ENSRNOG00000046171",0
"ENSRNOG00000070934",0
"ENSRNOG00000062589",0
"ENSRNOG00000037483",3143
"ENSRNOG00000069546",0
"ENSRNOG00000063908",0
"ENSRNOG00000062504",0
"ENSRNOG00000001430",611
"ENSRNOG00000032560",0
"ENSRNOG00000066843",0
"ENSRNOG00000068581",0
"ENSRNOG00000065057",0
"ENSRNOG00000070778",0
"ENSRNOG00000064850",0
"ENSRNOG00000065370",0
"ENSRNOG00000065050",0
"ENSRNOG00000068657",0
"ENSRNOG00000062638",0
"ENSRNOG00000069792",44
"ENSRNOG00000001130",0
"ENSRNOG00000063208",0
"ENSRNOG00000028544",0
"ENSRNOG00000064391",0
"ENSRNOG00000068237",0
"ENSRNOG00000050264",1
"ENSRNOG00000067017",0
"ENSRNOG00000001415",530
"ENSRNOG00000001439",0
"ENSRNOG00000065486",0
"ENSRNOG00000029560",9
"ENSRNOG00000069236",0
"ENSRNOG00000065030",0
"ENSRNOG00000064898",0
"ENSRNOG00000062654",0
"ENSRNOG00000059768",23
"ENSRNOG00000001273",242
"ENSRNOG00000069035",0
"ENSRNOG00000066373",0
"ENSRNOG00000001352",1723
"ENSRNOG00000068400",0
"ENSRNOG00000063095",30
"ENSRNOG00000062639",0
"ENSRNOG00000065789",2
"ENSRNOG00000068338",0
"ENSRNOG00000001416",3
"ENSRNOG00000067515",2
"ENSRNOG00000001253",1880
"ENSRNOG00000066427",0
"ENSRNOG00000064554",0
"ENSRNOG00000068924",0
"ENSRNOG00000064929",55
"ENSRNOG00000067049",0
"ENSRNOG00000029211",0
"ENSRNOG00000067727",0
"ENSRNOG00000068453",0
"ENSRNOG00000064343",0
"ENSRNOG00000066903",26
"ENSRNOG00000064863",0
"ENSRNOG00000063555",15
"ENSRNOG00000067099",0
"ENSRNOG00000056955",48
"ENSRNOG00000062894",0
"ENSRNOG00000067367",0
"ENSRNOG00000065496",0
"ENSRNOG00000069083",33
"ENSRNOG00000001417",1458
"ENSRNOG00000066725",5
"ENSRNOG00000064190",0
"ENSRNOG00000001258",47
"ENSRNOG00000067835",26
"ENSRNOG00000054311",0
"ENSRNOG00000071017",0
"ENSRNOG00000069064",0
"ENSRNOG00000066823",1
"ENSRNOG00000064618",0
"ENSRNOG00000064366",4
"ENSRNOG00000062342",0
"ENSRNOG00000070583",0
"ENSRNOG00000063893",0
"ENSRNOG00000047653",5
"ENSRNOG00000067532",0
"ENSRNOG00000065145",0
"ENSRNOG00000064185",0
"ENSRNOG00000001448",4157
"ENSRNOG00000067199",0
"ENSRNOG00000069003",5
"ENSRNOG00000043267",39
"ENSRNOG00000001418",177
"ENSRNOG00000063972",0
"ENSRNOG00000068379",4
"ENSRNOG00000066560",0
"ENSRNOG00000062914",0
"ENSRNOG00000049770",4
"ENSRNOG00000066518",0
"ENSRNOG00000070555",0
"ENSRNOG00000022014",910
"ENSRNOG00000068031",0
"ENSRNOG00000066779",2
"ENSRNOG00000001260",21
"ENSRNOG00000001419",294
"ENSRNOG00000064906",0
"ENSRNOG00000071134",0
"ENSRNOG00000060790",2
"ENSRNOG00000067880",0
"ENSRNOG00000037509",45
"ENSRNOG00000063447",0
"ENSRNOG00000064125",6
"ENSRNOG00000001275",3
"ENSRNOG00000063862",0
"ENSRNOG00000062865",1
"ENSRNOG00000065096",225
"ENSRNOG00000069825",0
"ENSRNOG00000001420",821
"ENSRNOG00000071110",20
"ENSRNOG00000069881",14
"ENSRNOG00000069057",0
"ENSRNOG00000001449",1568
"ENSRNOG00000069863",0
"ENSRNOG00000064577",1
"ENSRNOG00000001151",55
"ENSRNOG00000064576",0
"ENSRNOG00000001265",70
"ENSRNOG00000065712",0
"ENSRNOG00000066705",0
"ENSRNOG00000064624",0
"ENSRNOG00000001450",181
"ENSRNOG00000066022",0
"ENSRNOG00000001171",146
"ENSRNOG00000066249",0
"ENSRNOG00000064272",0
"ENSRNOG00000031346",199
"ENSRNOG00000056017",25
"ENSRNOG00000070992",0
"ENSRNOG00000063921",0
"ENSRNOG00000063728",0
"ENSRNOG00000023546",4122
"ENSRNOG00000054608",0
"ENSRNOG00000001342",24
"ENSRNOG00000066626",0
"ENSRNOG00000056379",0
"ENSRNOG00000022533",320
"ENSRNOG00000064841",0
"ENSRNOG00000001444",0
"ENSRNOG00000054746",1
"ENSRNOG00000069531",0
"ENSRNOG00000066921",0
"ENSRNOG00000037456",1
"ENSRNOG00000065089",2
"ENSRNOG00000051807",1
"ENSRNOG00000056456",0
"ENSRNOG00000031162",0
"ENSRNOG00000001397",151
"ENSRNOG00000066400",0
"ENSRNOG00000068850",0
"ENSRNOG00000068822",0
"ENSRNOG00000065749",0
"ENSRNOG00000066996",114
"ENSRNOG00000001469",58365
"ENSRNOG00000062773",0
"ENSRNOG00000065248",10
"ENSRNOG00000040652",0
"ENSRNOG00000070543",32
"ENSRNOG00000066839",0
"ENSRNOG00000065898",15
"ENSRNOG00000032917",480
"ENSRNOG00000001436",8877
"ENSRNOG00000065479",0
"ENSRNOG00000069469",1
"ENSRNOG00000056978",5
"ENSRNOG00000035103",0
"ENSRNOG00000069015",1
"ENSRNOG00000069182",0
"ENSRNOG00000071022",1
"ENSRNOG00000069011",0
"ENSRNOG00000056104",0
"ENSRNOG00000067247",28
"ENSRNOG00000056072",0
"ENSRNOG00000000921",1032
"ENSRNOG00000066251",0
"ENSRNOG00000001006",0
"ENSRNOG00000001123",170
"ENSRNOG00000060796",0
"ENSRNOG00000001432",229
"ENSRNOG00000001252",594
"ENSRNOG00000053637",2
"ENSRNOG00000067035",0
"ENSRNOG00000066145",0
"ENSRNOG00000069152",47
"ENSRNOG00000070742",4
"ENSRNOG00000053421",0
"ENSRNOG00000000968",302
"ENSRNOG00000064604",8
"ENSRNOG00000008706",25
"ENSRNOG00000001284",0
"ENSRNOG00000056133",0
"ENSRNOG00000068394",9
"ENSRNOG00000001120",1929
"ENSRNOG00000067802",13
"ENSRNOG00000058033",7
"ENSRNOG00000069694",19
"ENSRNOG00000059804",1
"ENSRNOG00000001457",137
"ENSRNOG00000060427",1
"ENSRNOG00000001434",0
"ENSRNOG00000065556",4
"ENSRNOG00000063770",0
"ENSRNOG00000064713",0
"ENSRNOG00000065794",77
"ENSRNOG00000001139",603
"ENSRNOG00000057377",0
"ENSRNOG00000063046",0
"ENSRNOG00000064303",0
"ENSRNOG00000055445",0
"ENSRNOG00000047880",448
"ENSRNOG00000001277",0
"ENSRNOG00000053902",1
"ENSRNOG00000070246",319
"ENSRNOG00000035114",0
"ENSRNOG00000062742",1
"ENSRNOG00000067225",2
"ENSRNOG00000061095",0
"ENSRNOG00000001454",863
"ENSRNOG00000062963",0
"ENSRNOG00000051549",0
"ENSRNOG00000055865",0
"ENSRNOG00000062376",196
"ENSRNOG00000061002",0
"ENSRNOG00000059344",1264
"ENSRNOG00000058537",0
"ENSRNOG00000037480",106
"ENSRNOG00000054687",0
"ENSRNOG00000067181",0
"ENSRNOG00000051870",0
"ENSRNOG00000068745",0
"ENSRNOG00000052482",2
"ENSRNOG00000069461",3
"ENSRNOG00000062719",0
"ENSRNOG00000068603",46
"ENSRNOG00000001453",1338
"ENSRNOG00000051006",54
"ENSRNOG00000065041",0
"ENSRNOG00000064330",5
"ENSRNOG00000037478",281
"ENSRNOG00000064839",1
"ENSRNOG00000065696",22
"ENSRNOG00000001312",1019
"ENSRNOG00000071198",1
"ENSRNOG00000059673",288
"ENSRNOG00000000999",722
"ENSRNOG00000001440",5748
"ENSRNOG00000067286",182
"ENSRNOG00000051294",0
"ENSRNOG00000001383",186
"ENSRNOG00000030354",0
"ENSRNOG00000062811",0
"ENSRNOG00000001422",0
"ENSRNOG00000028259",0
"ENSRNOG00000028733",1
"ENSRNOG00000021611",243
"ENSRNOG00000039819",347
"ENSRNOG00000001003",398
"ENSRNOG00000001424",3623
"ENSRNOG00000000973",0
"ENSRNOG00000050672",0
"ENSRNOG00000021312",312
"ENSRNOG00000022698",625
"ENSRNOG00000000969",0
"ENSRNOG00000054013",0
"ENSRNOG00000001470",106
"ENSRNOG00000054033",2
"ENSRNOG00000001136",3132
"ENSRNOG00000040128",0
"ENSRNOG00000023366",55
"ENSRNOG00000022483",0
"ENSRNOG00000000978",0
"ENSRNOG00000001293",352
"ENSRNOG00000001138",278
"ENSRNOG00000028803",0
"ENSRNOG00000001451",0
"ENSRNOG00000001441",584
"ENSRNOG00000001017",0
"ENSRNOG00000001289",84
"ENSRNOG00000031721",528
"ENSRNOG00000028630",0
"ENSRNOG00000001287",1
"ENSRNOG00000022426",0
"ENSRNOG00000033700",291
"ENSRNOG00000001442",306
"ENSRNOG00000001288",61
"ENSRNOG00000029881",0
"ENSRNOG00000030813",1
"ENSRNOG00000001124",82
"ENSRNOG00000001474",3
"ENSRNOG00000028651",33
"ENSRNOG00000001129",547
"ENSRNOG00000063916",3
"ENSRNOG00000066613",0
"ENSRNOG00000032693",0
"ENSRNOG00000001126",521
"ENSRNOG00000001198",3
"ENSRNOG00000001431",35
"ENSRNOG00000051770",0
"ENSRNOG00000028814",79
"ENSRNOG00000000957",437
"ENSRNOG00000049220",0
"ENSRNOG00000001128",3
"ENSRNOG00000001148",88128
"ENSRNOG00000039296",0
"ENSRNOG00000000952",0
"ENSRNOG00000050052",296
"ENSRNOG00000028090",458
"ENSRNOG00000001153",1
"ENSRNOG00000001317",378
"ENSRNOG00000001058",233
"ENSRNOG00000053974",0
"ENSRNOG00000022392",508
"ENSRNOG00000001314",295
"ENSRNOG00000001149",3298
"ENSRNOG00000028100",8
"ENSRNOG00000054170",0
"ENSRNOG00000025155",1024
"ENSRNOG00000028323",146
"ENSRNOG00000001069",372
"ENSRNOG00000001479",3405
"ENSRNOG00000054096",108
"ENSRNOG00000066133",0
"ENSRNOG00000001324",2
"ENSRNOG00000028592",846
"ENSRNOG00000000986",1
"ENSRNOG00000030927",0
"ENSRNOG00000001299",2037
"ENSRNOG00000021871",1636
"ENSRNOG00000028414",0
"ENSRNOG00000028211",56
"ENSRNOG00000028531",0
"ENSRNOG00000028166",74
"ENSRNOG00000001480",2
"ENSRNOG00000001001",0
"ENSRNOG00000001325",99
"ENSRNOG00000028892",250
"ENSRNOG00000027175",1
"ENSRNOG00000028460",128
"ENSRNOG00000071078",20
"ENSRNOG00000001482",159
"ENSRNOG00000068266",0
"ENSRNOG00000067426",17
"ENSRNOG00000001031",0
"ENSRNOG00000001483",122
"ENSRNOG00000029986",579
"ENSRNOG00000001323",164
"ENSRNOG00000038495",0
"ENSRNOG00000063766",1
"ENSRNOG00000000917",26
"ENSRNOG00000001032",584
"ENSRNOG00000066802",0
"ENSRNOG00000042807",0
"ENSRNOG00000023536",4
"ENSRNOG00000008372",696
"ENSRNOG00000069254",0
"ENSRNOG00000000954",1844
"ENSRNOG00000001379",2
"ENSRNOG00000000974",408
"ENSRNOG00000001143",39
"ENSRNOG00000025212",378
"ENSRNOG00000000885",296
"ENSRNOG00000062027",0
"ENSRNOG00000063231",0
"ENSRNOG00000000897",113
"ENSRNOG00000024605",139
"ENSRNOG00000069278",0
"ENSRNOG00000048898",1
"ENSRNOG00000065731",0
"ENSRNOG00000030579",10
"ENSRNOG00000025217",79
"ENSRNOG00000046643",0
"ENSRNOG00000000886",0
"ENSRNOG00000051699",600
"ENSRNOG00000001083",6783
"ENSRNOG00000024567",424
"ENSRNOG00000000955",399
"ENSRNOG00000001088",87
"ENSRNOG00000001007",499
"ENSRNOG00000001478",394
"ENSRNOG00000001346",712
"ENSRNOG00000001111",129
"ENSRNOG00000001009",2337
"ENSRNOG00000001156",3
"ENSRNOG00000001040",314
"ENSRNOG00000001349",263
"ENSRNOG00000021364",0
"ENSRNOG00000001170",5920
"ENSRNOG00000001044",1145
"ENSRNOG00000001034",245
"ENSRNOG00000001160",105
"ENSRNOG00000045621",84
"ENSRNOG00000001050",1139
"ENSRNOG00000001163",282
"ENSRNOG00000063039",23
"ENSRNOG00000070660",0
"ENSRNOG00000060153",41
"ENSRNOG00000001048",16
"ENSRNOG00000001192",668
"ENSRNOG00000001353",150
"ENSRNOG00000059322",10
"ENSRNOG00000001183",0
"ENSRNOG00000001068",6160
"ENSRNOG00000001355",273
"ENSRNOG00000000895",383
"ENSRNOG00000001079",279
"ENSRNOG00000001185",464
"ENSRNOG00000001367",9
"ENSRNOG00000042384",230
"ENSRNOG00000001187",1
"ENSRNOG00000039832",2
"ENSRNOG00000049331",0
"ENSRNOG00000001108",572
"ENSRNOG00000067900",0
"ENSRNOG00000001099",95
"ENSRNOG00000065713",327
"ENSRNOG00000001094",60
"ENSRNOG00000001335",671
"ENSRNOG00000000918",90
"ENSRNOG00000049604",138
"ENSRNOG00000006958",212
"ENSRNOG00000024435",1153
"ENSRNOG00000039234",267
"ENSRNOG00000001072",231
"ENSRNOG00000024527",0
"ENSRNOG00000001360",0
"ENSRNOG00000051442",138
"ENSRNOG00000023643",11
"ENSRNOG00000058563",0
"ENSRNOG00000066069",0
"ENSRNOG00000063927",90
"ENSRNOG00000049426",154
"ENSRNOG00000000931",614
"ENSRNOG00000001059",613
"ENSRNOG00000069743",0
"ENSRNOG00000000994",107
"ENSRNOG00000001134",148
"ENSRNOG00000065220",0
"ENSRNOG00000068770",0
"ENSRNOG00000001065",535
"ENSRNOG00000048881",0
"ENSRNOG00000021856",0
"ENSRNOG00000001056",574
"ENSRNOG00000052516",0
"ENSRNOG00000034254",123324
"ENSRNOG00000001135",3977
"ENSRNOG00000024352",92
"ENSRNOG00000070024",0
"ENSRNOG00000001027",0
"ENSRNOG00000001117",74
"ENSRNOG00000071084",0
"ENSRNOG00000000888",479
"ENSRNOG00000000700",833
"ENSRNOG00000001113",0
"ENSRNOG00000000893",1824
"ENSRNOG00000000692",181
"ENSRNOG00000001047",499
"ENSRNOG00000000956",1309
"ENSRNOG00000028584",9
"ENSRNOG00000000901",268
"ENSRNOG00000024482",1834
"ENSRNOG00000000904",15
"ENSRNOG00000001190",1867
"ENSRNOG00000046700",64
"ENSRNOG00000001010",69
"ENSRNOG00000001104",1110
"ENSRNOG00000000903",221
"ENSRNOG00000025164",1
"ENSRNOG00000050573",0
"ENSRNOG00000001115",13
"ENSRNOG00000068541",270
"ENSRNOG00000001101",1261
"ENSRNOG00000070545",44
"ENSRNOG00000065430",336
"ENSRNOG00000042213",240
"ENSRNOG00000069757",0
"ENSRNOG00000042296",0
"ENSRNOG00000000913",657
"ENSRNOG00000000695",1728
"ENSRNOG00000000988",466
"ENSRNOG00000060129",951
"ENSRNOG00000000701",1192
"ENSRNOG00000000702",351
"ENSRNOG00000000905",3
"ENSRNOG00000059552",270
"ENSRNOG00000000983",207
"ENSRNOG00000000697",2315
"ENSRNOG00000050169",75
"ENSRNOG00000027049",544
"ENSRNOG00000022893",4
"ENSRNOG00000000985",100
"ENSRNOG00000028556",268
"ENSRNOG00000000993",1
"ENSRNOG00000000987",71
"ENSRNOG00000000989",848
"ENSRNOG00000000891",274
"ENSRNOG00000000693",7
"ENSRNOG00000000906",1181
"ENSRNOG00000000990",580
"ENSRNOG00000054962",2
"ENSRNOG00000000991",4613
"ENSRNOG00000000934",0
"ENSRNOG00000008447",0
"ENSRNOG00000001195",5
"ENSRNOG00000000996",1415
"ENSRNOG00000000699",4
"ENSRNOG00000000936",1085
"ENSRNOG00000000894",2209
"ENSRNOG00000011222",2722
"ENSRNOG00000068496",1
"ENSRNOG00000000704",1107
"ENSRNOG00000000920",13
"ENSRNOG00000025244",1948
"ENSRNOG00000000937",97
"ENSRNOG00000000922",203
"ENSRNOG00000068363",0
"ENSRNOG00000047219",1518
"ENSRNOG00000000961",0
"ENSRNOG00000047896",1151
"ENSRNOG00000000962",206
"ENSRNOG00000000975",2
"ENSRNOG00000059799",623
"ENSRNOG00000000900",776
"ENSRNOG00000038406",0
"ENSRNOG00000024456",46
"ENSRNOG00000047191",50
"ENSRNOG00000066445",763
"ENSRNOG00000000977",159
"ENSRNOG00000000963",0
"ENSRNOG00000000938",5829
"ENSRNOG00000058142",0
"ENSRNOG00000001236",225
"ENSRNOG00000000664",588
"ENSRNOG00000000923",1304
"ENSRNOG00000046458",0
"ENSRNOG00000069441",2
"ENSRNOG00000047618",118
"ENSRNOG00000001191",85
"ENSRNOG00000025235",0
"ENSRNOG00000000925",251
"ENSRNOG00000047673",0
"ENSRNOG00000001172",4447
"ENSRNOG00000023919",650
"ENSRNOG00000001241",181
"ENSRNOG00000001199",120
"ENSRNOG00000066020",6
"ENSRNOG00000000926",3
"ENSRNOG00000001235",1147
"ENSRNOG00000001173",95
"ENSRNOG00000001036",4
"ENSRNOG00000001098",1291
"ENSRNOG00000056768",217
"ENSRNOG00000064318",1475
"ENSRNOG00000064601",1184
"ENSRNOG00000021725",544
"ENSRNOG00000001114",331
"ENSRNOG00000001061",160
"ENSRNOG00000056585",195
"ENSRNOG00000025612",4
"ENSRNOG00000024264",25
"ENSRNOG00000000967",293
"ENSRNOG00000063487",0
"ENSRNOG00000068025",656
"ENSRNOG00000061371",4
"ENSRNOG00000001177",148
"ENSRNOG00000039249",6311
"ENSRNOG00000022171",432
"ENSRNOG00000063102",0
"ENSRNOG00000046007",0
"ENSRNOG00000001452",4
"ENSRNOG00000001476",0
"ENSRNOG00000053045",42
"ENSRNOG00000022784",0
"ENSRNOG00000057823",32102
"ENSRNOG00000001142",716
"ENSRNOG00000008521",1992
"ENSRNOG00000060198",0
"ENSRNOG00000000964",45
"ENSRNOG00000051192",0
"ENSRNOG00000026661",0
"ENSRNOG00000063640",184
"ENSRNOG00000037978",15
"ENSRNOG00000026653",3
"ENSRNOG00000001347",18
"ENSRNOG00000029341",11
"ENSRNOG00000000665",2486
"ENSRNOG00000030948",0
"ENSRNOG00000029260",200
"ENSRNOG00000001005",1
"ENSRNOG00000066080",1
"ENSRNOG00000069648",74
"ENSRNOG00000001204",1961
"ENSRNOG00000001080",305
"ENSRNOG00000001081",56
"ENSRNOG00000048430",0
"ENSRNOG00000061346",1568
"ENSRNOG00000000708",0
"ENSRNOG00000001004",4771
"ENSRNOG00000054764",0
"ENSRNOG00000070811",229
"ENSRNOG00000050016",253
"ENSRNOG00000000691",0
"ENSRNOG00000059456",0
"ENSRNOG00000000940",1705
"ENSRNOG00000052424",1691
"ENSRNOG00000001090",742
"ENSRNOG00000069956",113
"ENSRNOG00000033658",211
"ENSRNOG00000000907",0
"ENSRNOG00000042317",0
"ENSRNOG00000029197",14
"ENSRNOG00000029813",190
"ENSRNOG00000071128",16
"ENSRNOG00000000658",19
"ENSRNOG00000069961",5
"ENSRNOG00000008470",0
"ENSRNOG00000000902",1392
"ENSRNOG00000050360",0
"ENSRNOG00000000889",17
"ENSRNOG00000026192",0
"ENSRNOG00000000942",1188
"ENSRNOG00000000924",1756
"ENSRNOG00000062935",0
"ENSRNOG00000032759",0
"ENSRNOG00000000661",104
"ENSRNOG00000001243",859
"ENSRNOG00000000662",95
"ENSRNOG00000033411",209
"ENSRNOG00000000663",190
"ENSRNOG00000050023",0
"ENSRNOG00000038002",160
"ENSRNOG00000037505",651
"ENSRNOG00000037508",325
"ENSRNOG00000065641",0
"ENSRNOG00000001064",713
"ENSRNOG00000037446",21
"ENSRNOG00000068194",0
"ENSRNOG00000049229",494
"ENSRNOG00000049866",0
"ENSRNOG00000061004",0
"ENSRNOG00000001092",0
"ENSRNOG00000037476",0
"ENSRNOG00000030410",0
"ENSRNOG00000001082",1
"ENSRNOG00000032410",928
"ENSRNOG00000030721",528
"ENSRNOG00000001086",436
"ENSRNOG00000037466",2
"ENSRNOG00000001091",230
"ENSRNOG00000001106",144
"ENSRNOG00000001255",1498
"ENSRNOG00000001053",4659
"ENSRNOG00000032590",1290
"ENSRNOG00000027489",97
"ENSRNOG00000037443",459
"ENSRNOG00000060144",1135
"ENSRNOG00000037437",13
"ENSRNOG00000037430",488
"ENSRNOG00000037428",44
"ENSRNOG00000062521",28
"ENSRNOG00000037449",259
"ENSRNOG00000062169",23
"ENSRNOG00000069052",2
"ENSRNOG00000057231",324
"ENSRNOG00000063560",5
"ENSRNOG00000070228",1
"ENSRNOG00000069552",0
"ENSRNOG00000063279",0
"ENSRNOG00000060496",371
"ENSRNOG00000060963",0
"ENSRNOG00000067676",0
"ENSRNOG00000062567",0
"ENSRNOG00000060048",202
"ENSRNOG00000060617",144
"ENSRNOG00000065605",0
"ENSRNOG00000058664",0
"ENSRNOG00000066858",0
"ENSRNOG00000069947",1
"ENSRNOG00000068692",0
"ENSRNOG00000066009",0
"ENSRNOG00000062115",24
"ENSRNOG00000069112",0
"ENSRNOG00000054002",0
"ENSRNOG00000067420",0
"ENSRNOG00000069298",5
"ENSRNOG00000066131",7
"ENSRNOG00000068239",5
"ENSRNOG00000052235",0
"ENSRNOG00000055282",0
"ENSRNOG00000063906",0
"ENSRNOG00000066266",0
"ENSRNOG00000031780",0
"ENSRNOG00000030478",8475
"ENSRNOG00000029171",0
"ENSRNOG00000043866",10559
"ENSRNOG00000032112",101
"ENSRNOG00000030644",51488
"ENSRNOG00000029301",0
"ENSRNOG00000033545",1
"ENSRNOG00000032274",37
"ENSRNOG00000031033",41620
"ENSRNOG00000029677",3
"ENSRNOG00000033932",1
"ENSRNOG00000032609",3
"ENSRNOG00000031333",80
"ENSRNOG00000029954",8
"ENSRNOG00000034234",509988
"ENSRNOG00000032882",74
"ENSRNOG00000031685",12
"ENSRNOG00000030371",48088
"ENSRNOG00000029070",13
"ENSRNOG00000033299",3932
"ENSRNOG00000031979",73355
"ENSRNOG00000030700",137922
"ENSRNOG00000029389",1
"ENSRNOG00000033615",2367
"ENSRNOG00000032320",0
"ENSRNOG00000031053",8967
"ENSRNOG00000029707",76214
"ENSRNOG00000033957",52
"ENSRNOG00000032578",0
"ENSRNOG00000031667",0
"ENSRNOG00000029971",36088
"ENSRNOG00000029042",4432
"ENSRNOG00000032997",14
"ENSRNOG00000031766",77540
"ENSRNOG00000030339",0
"ENSRNOG00000029145",108
"ENSRNOG00000069293",0
"ENSRNOG00000068786",0
"ENSRNOG00000063531",0
"ENSRNOG00000069890",1
"ENSRNOG00000062861",0
"ENSRNOG00000068930",0
"ENSRNOG00000070731",11
"ENSRNOG00000069942",0
"ENSRNOG00000054648",1
"ENSRNOG00000055562",292
"ENSRNOG00000064266",0
"ENSRNOG00000065685",12
"ENSRNOG00000060437",521
"ENSRNOG00000053042",0
"ENSRNOG00000064645",0
"ENSRNOG00000070071",0
"ENSRNOG00000064532",1
"ENSRNOG00000069646",0
"ENSRNOG00000062265",0
"ENSRNOG00000069391",12
"ENSRNOG00000070284",0
"ENSRNOG00000068039",0
"ENSRNOG00000062333",0
"ENSRNOG00000051956",0
"ENSRNOG00000067717",1
"ENSRNOG00000068405",0
"ENSRNOG00000065674",26526
"ENSRNOG00000063914",10
"ENSRNOG00000065904",0
"ENSRNOG00000066723",0
"ENSRNOG00000063315",0
"ENSRNOG00000065142",1
"ENSRNOG00000064260",0
"ENSRNOG00000046163",0
"ENSRNOG00000065987",180
"ENSRNOG00000068414",0
"ENSRNOG00000069780",0
"ENSRNOG00000065820",0
"ENSRNOG00000062494",0
"ENSRNOG00000068759",0
"ENSRNOG00000070707",0
"ENSRNOG00000063068",124
"ENSRNOG00000070158",178
"ENSRNOG00000068193",0
"ENSRNOG00000067957",0
"ENSRNOG00000065734",0
"ENSRNOG00000070738",0
"ENSRNOG00000070819",1
"ENSRNOG00000065867",1
"ENSRNOG00000063733",4
"ENSRNOG00000047746",166
"ENSRNOG00000065988",1455
"ENSRNOG00000068307",69473
"ENSRNOG00000070263",9
"ENSRNOG00000045737",0
"ENSRNOG00000065538",0
"ENSRNOG00000064571",0
"ENSRNOG00000070352",0
"ENSRNOG00000070549",0
"ENSRNOG00000064854",0
"ENSRNOG00000062720",0
"ENSRNOG00000064441",0
"ENSRNOG00000066531",0
"ENSRNOG00000067631",0
"ENSRNOG00000067878",0
"ENSRNOG00000070160",0
"ENSRNOG00000062463",0
"ENSRNOG00000069099",0
"ENSRNOG00000066740",0
"ENSRNOG00000066707",0
"ENSRNOG00000070130",0
"ENSRNOG00000069175",0
"ENSRNOG00000062970",0
"ENSRNOG00000070645",0
"ENSRNOG00000065804",0
"ENSRNOG00000068152",0
"ENSRNOG00000069019",0
"ENSRNOG00000065926",0
"ENSRNOG00000066592",0
"ENSRNOG00000065193",0
"ENSRNOG00000069132",0
"ENSRNOG00000070299",0
"ENSRNOG00000068736",0
"ENSRNOG00000065175",0
"ENSRNOG00000062672",0
"ENSRNOG00000062596",0
"ENSRNOG00000066684",0
"ENSRNOG00000067500",0
"ENSRNOG00000067927",0
"ENSRNOG00000062558",1026
"ENSRNOG00000069483",1
"ENSRNOG00000062942",0
"ENSRNOG00000070031",0
"ENSRNOG00000069827",1
"ENSRNOG00000069226",0
"ENSRNOG00000068289",0
"ENSRNOG00000062439",0
"ENSRNOG00000066356",0
"ENSRNOG00000068919",5
"ENSRNOG00000068656",0
"ENSRNOG00000064259",0
"ENSRNOG00000065062",3
"ENSRNOG00000062442",4
"ENSRNOG00000070895",2
"ENSRNOG00000066963",0
"ENSRNOG00000065223",0
"ENSRNOG00000069230",0
"ENSRNOG00000071103",4
