"","PDGFNS3_aligned.bam"
"ENSRNOG00000066169",1
"ENSRNOG00000070168",0
"ENSRNOG00000070901",966
"ENSRNOG00000018029",8
"ENSRNOG00000031391",0
"ENSRNOG00000055342",0
"ENSRNOG00000068698",140
"ENSRNOG00000067904",0
"ENSRNOG00000063979",0
"ENSRNOG00000064851",6
"ENSRNOG00000063562",0
"ENSRNOG00000050129",0
"ENSRNOG00000056886",0
"ENSRNOG00000032625",170
"ENSRNOG00000029315",83
"ENSRNOG00000016356",2346
"ENSRNOG00000028288",2
"ENSRNOG00000015810",86
"ENSRNOG00000017538",174
"ENSRNOG00000027204",2955
"ENSRNOG00000058651",4
"ENSRNOG00000070886",1083
"ENSRNOG00000056005",0
"ENSRNOG00000035453",0
"ENSRNOG00000063396",0
"ENSRNOG00000068709",1
"ENSRNOG00000069410",0
"ENSRNOG00000014903",345
"ENSRNOG00000055477",0
"ENSRNOG00000066157",0
"ENSRNOG00000059537",0
"ENSRNOG00000064304",0
"ENSRNOG00000035530",0
"ENSRNOG00000021051",1694
"ENSRNOG00000069804",0
"ENSRNOG00000055569",0
"ENSRNOG00000011160",0
"ENSRNOG00000063599",0
"ENSRNOG00000017748",0
"ENSRNOG00000067237",0
"ENSRNOG00000065307",0
"ENSRNOG00000016227",2954
"ENSRNOG00000070826",0
"ENSRNOG00000013395",114
"ENSRNOG00000016906",136
"ENSRNOG00000066860",0
"ENSRNOG00000069365",6
"ENSRNOG00000062499",0
"ENSRNOG00000067821",0
"ENSRNOG00000070448",0
"ENSRNOG00000063062",71
"ENSRNOG00000036303",0
"ENSRNOG00000067171",17
"ENSRNOG00000065290",0
"ENSRNOG00000055366",0
"ENSRNOG00000052293",1
"ENSRNOG00000027582",0
"ENSRNOG00000070096",0
"ENSRNOG00000064522",0
"ENSRNOG00000035532",0
"ENSRNOG00000009830",56
"ENSRNOG00000066257",0
"ENSRNOG00000012742",42
"ENSRNOG00000063184",0
"ENSRNOG00000069837",0
"ENSRNOG00000069135",7
"ENSRNOG00000064137",29
"ENSRNOG00000071210",0
"ENSRNOG00000067491",0
"ENSRNOG00000064435",0
"ENSRNOG00000065990",0
"ENSRNOG00000065939",0
"ENSRNOG00000013767",88
"ENSRNOG00000063387",0
"ENSRNOG00000052521",0
"ENSRNOG00000067619",39
"ENSRNOG00000062791",0
"ENSRNOG00000032699",18
"ENSRNOG00000035616",0
"ENSRNOG00000069698",0
"ENSRNOG00000063324",0
"ENSRNOG00000058041",0
"ENSRNOG00000063227",0
"ENSRNOG00000018408",447
"ENSRNOG00000064960",0
"ENSRNOG00000030782",0
"ENSRNOG00000016421",0
"ENSRNOG00000058299",0
"ENSRNOG00000018334",400
"ENSRNOG00000070685",0
"ENSRNOG00000060004",0
"ENSRNOG00000069399",0
"ENSRNOG00000067907",260
"ENSRNOG00000014726",2
"ENSRNOG00000063196",0
"ENSRNOG00000060273",0
"ENSRNOG00000070216",0
"ENSRNOG00000051969",0
"ENSRNOG00000023407",1743
"ENSRNOG00000035654",0
"ENSRNOG00000061890",0
"ENSRNOG00000010529",1429
"ENSRNOG00000012684",503
"ENSRNOG00000069040",0
"ENSRNOG00000014258",1136
"ENSRNOG00000010918",211
"ENSRNOG00000066483",0
"ENSRNOG00000051780",30
"ENSRNOG00000067027",3032
"ENSRNOG00000035560",0
"ENSRNOG00000019416",328
"ENSRNOG00000017366",0
"ENSRNOG00000053012",0
"ENSRNOG00000059864",0
"ENSRNOG00000053838",0
"ENSRNOG00000068567",0
"ENSRNOG00000063945",0
"ENSRNOG00000066101",7
"ENSRNOG00000057261",0
"ENSRNOG00000070161",0
"ENSRNOG00000065242",0
"ENSRNOG00000063217",3
"ENSRNOG00000036631",0
"ENSRNOG00000066494",0
"ENSRNOG00000016659",0
"ENSRNOG00000059820",3
"ENSRNOG00000049846",0
"ENSRNOG00000014946",492
"ENSRNOG00000070965",0
"ENSRNOG00000065570",0
"ENSRNOG00000069390",0
"ENSRNOG00000020318",439
"ENSRNOG00000047406",0
"ENSRNOG00000070104",19
"ENSRNOG00000050445",2411
"ENSRNOG00000069614",0
"ENSRNOG00000069896",3
"ENSRNOG00000035565",0
"ENSRNOG00000031110",0
"ENSRNOG00000058224",0
"ENSRNOG00000067930",0
"ENSRNOG00000016597",111
"ENSRNOG00000064367",0
"ENSRNOG00000064092",0
"ENSRNOG00000067132",0
"ENSRNOG00000068454",0
"ENSRNOG00000018953",0
"ENSRNOG00000069628",8
"ENSRNOG00000062564",232
"ENSRNOG00000065292",0
"ENSRNOG00000018940",10
"ENSRNOG00000068976",16
"ENSRNOG00000013945",403
"ENSRNOG00000068368",0
"ENSRNOG00000070203",0
"ENSRNOG00000065397",6
"ENSRNOG00000040447",0
"ENSRNOG00000033706",0
"ENSRNOG00000031947",5960
"ENSRNOG00000016565",440
"ENSRNOG00000066104",0
"ENSRNOG00000066508",1
"ENSRNOG00000061455",0
"ENSRNOG00000019138",767
"ENSRNOG00000015424",0
"ENSRNOG00000013198",0
"ENSRNOG00000056351",0
"ENSRNOG00000065052",0
"ENSRNOG00000035572",1
"ENSRNOG00000069359",0
"ENSRNOG00000069866",0
"ENSRNOG00000068014",11
"ENSRNOG00000065728",0
"ENSRNOG00000065649",114
"ENSRNOG00000066961",4
"ENSRNOG00000068275",0
"ENSRNOG00000053559",0
"ENSRNOG00000035553",0
"ENSRNOG00000056667",0
"ENSRNOG00000064785",1
"ENSRNOG00000050663",0
"ENSRNOG00000064423",0
"ENSRNOG00000063455",0
"ENSRNOG00000016574",623
"ENSRNOG00000055971",2
"ENSRNOG00000068157",0
"ENSRNOG00000032137",0
"ENSRNOG00000050364",0
"ENSRNOG00000060473",1
"ENSRNOG00000068108",0
"ENSRNOG00000055608",16
"ENSRNOG00000064687",0
"ENSRNOG00000048436",0
"ENSRNOG00000013641",150
"ENSRNOG00000020347",4114
"ENSRNOG00000065259",8
"ENSRNOG00000035588",0
"ENSRNOG00000053464",0
"ENSRNOG00000016837",0
"ENSRNOG00000069139",0
"ENSRNOG00000068222",0
"ENSRNOG00000025953",0
"ENSRNOG00000066571",0
"ENSRNOG00000068350",1
"ENSRNOG00000061525",0
"ENSRNOG00000046704",0
"ENSRNOG00000034083",0
"ENSRNOG00000057516",0
"ENSRNOG00000053512",0
"ENSRNOG00000016608",335
"ENSRNOG00000027112",0
"ENSRNOG00000069192",0
"ENSRNOG00000012730",1116
"ENSRNOG00000068539",2
"ENSRNOG00000052937",0
"ENSRNOG00000018117",792
"ENSRNOG00000049017",0
"ENSRNOG00000051561",0
"ENSRNOG00000067136",0
"ENSRNOG00000063952",0
"ENSRNOG00000068720",1
"ENSRNOG00000016362",0
"ENSRNOG00000056231",0
"ENSRNOG00000063054",0
"ENSRNOG00000013671",0
"ENSRNOG00000017307",1392
"ENSRNOG00000065133",0
"ENSRNOG00000066105",0
"ENSRNOG00000064098",0
"ENSRNOG00000035580",0
"ENSRNOG00000056252",0
"ENSRNOG00000067915",0
"ENSRNOG00000015649",0
"ENSRNOG00000054785",0
"ENSRNOG00000020942",157
"ENSRNOG00000069629",0
"ENSRNOG00000065481",0
"ENSRNOG00000032600",0
"ENSRNOG00000067951",0
"ENSRNOG00000067817",0
"ENSRNOG00000017749",0
"ENSRNOG00000061288",0
"ENSRNOG00000017079",397
"ENSRNOG00000017795",287
"ENSRNOG00000061338",0
"ENSRNOG00000065787",0
"ENSRNOG00000068787",0
"ENSRNOG00000015657",0
"ENSRNOG00000064243",0
"ENSRNOG00000052607",6
"ENSRNOG00000052788",0
"ENSRNOG00000063641",0
"ENSRNOG00000046320",0
"ENSRNOG00000042133",0
"ENSRNOG00000031648",0
"ENSRNOG00000064592",0
"ENSRNOG00000069350",0
"ENSRNOG00000054005",0
"ENSRNOG00000069982",0
"ENSRNOG00000052319",37
"ENSRNOG00000035639",0
"ENSRNOG00000027542",10
"ENSRNOG00000067371",0
"ENSRNOG00000065457",2
"ENSRNOG00000009748",0
"ENSRNOG00000037333",0
"ENSRNOG00000063106",0
"ENSRNOG00000061755",0
"ENSRNOG00000064493",2
"ENSRNOG00000021478",89
"ENSRNOG00000017330",20
"ENSRNOG00000062409",0
"ENSRNOG00000065302",0
"ENSRNOG00000018090",1331
"ENSRNOG00000069157",27
"ENSRNOG00000068228",0
"ENSRNOG00000069767",0
"ENSRNOG00000070519",97
"ENSRNOG00000067269",0
"ENSRNOG00000057952",20
"ENSRNOG00000059329",0
"ENSRNOG00000015230",334
"ENSRNOG00000017069",440
"ENSRNOG00000021013",1061
"ENSRNOG00000066830",0
"ENSRNOG00000033009",0
"ENSRNOG00000065333",0
"ENSRNOG00000067419",0
"ENSRNOG00000061678",1
"ENSRNOG00000059948",0
"ENSRNOG00000018677",2426
"ENSRNOG00000057111",0
"ENSRNOG00000069344",0
"ENSRNOG00000070554",97
"ENSRNOG00000054517",1
"ENSRNOG00000063145",0
"ENSRNOG00000069038",0
"ENSRNOG00000056439",0
"ENSRNOG00000069280",0
"ENSRNOG00000066733",0
"ENSRNOG00000064096",0
"ENSRNOG00000019207",23
"ENSRNOG00000018394",32
"ENSRNOG00000015760",0
"ENSRNOG00000070234",55
"ENSRNOG00000053284",0
"ENSRNOG00000068834",0
"ENSRNOG00000030326",0
"ENSRNOG00000063681",0
"ENSRNOG00000065437",0
"ENSRNOG00000063629",131
"ENSRNOG00000049574",0
"ENSRNOG00000016714",19
"ENSRNOG00000052956",0
"ENSRNOG00000070270",0
"ENSRNOG00000068102",0
"ENSRNOG00000035648",0
"ENSRNOG00000067645",11
"ENSRNOG00000062789",0
"ENSRNOG00000015764",0
"ENSRNOG00000067256",0
"ENSRNOG00000015734",1051
"ENSRNOG00000067158",0
"ENSRNOG00000056404",0
"ENSRNOG00000063252",1
"ENSRNOG00000066619",0
"ENSRNOG00000052832",0
"ENSRNOG00000056469",0
"ENSRNOG00000068800",607
"ENSRNOG00000066170",0
"ENSRNOG00000066949",0
"ENSRNOG00000062681",40
"ENSRNOG00000067889",0
"ENSRNOG00000066931",0
"ENSRNOG00000066273",0
"ENSRNOG00000066991",0
"ENSRNOG00000069276",629
"ENSRNOG00000059393",0
"ENSRNOG00000015769",0
"ENSRNOG00000013711",0
"ENSRNOG00000062961",0
"ENSRNOG00000069666",0
"ENSRNOG00000056619",0
"ENSRNOG00000054452",6
"ENSRNOG00000051537",0
"ENSRNOG00000064145",84
"ENSRNOG00000057094",0
"ENSRNOG00000068142",0
"ENSRNOG00000055112",0
"ENSRNOG00000062973",0
"ENSRNOG00000062771",0
"ENSRNOG00000027808",4
"ENSRNOG00000033200",0
"ENSRNOG00000060056",0
"ENSRNOG00000055997",0
"ENSRNOG00000070611",0
"ENSRNOG00000069419",0
"ENSRNOG00000063442",0
"ENSRNOG00000069337",0
"ENSRNOG00000049772",468
"ENSRNOG00000053859",562
"ENSRNOG00000066647",1034
"ENSRNOG00000054388",0
"ENSRNOG00000066887",1
"ENSRNOG00000053929",1
"ENSRNOG00000030275",0
"ENSRNOG00000018915",0
"ENSRNOG00000051409",0
"ENSRNOG00000020358",3279
"ENSRNOG00000068758",0
"ENSRNOG00000063955",0
"ENSRNOG00000066355",1
"ENSRNOG00000066028",2
"ENSRNOG00000064903",0
"ENSRNOG00000065819",0
"ENSRNOG00000054102",0
"ENSRNOG00000058869",0
"ENSRNOG00000064667",12
"ENSRNOG00000053502",4507
"ENSRNOG00000065888",0
"ENSRNOG00000021442",612
"ENSRNOG00000064160",0
"ENSRNOG00000015785",0
"ENSRNOG00000068866",0
"ENSRNOG00000066023",279
"ENSRNOG00000014278",546
"ENSRNOG00000049605",39
"ENSRNOG00000024016",0
"ENSRNOG00000055316",1
"ENSRNOG00000063802",0
"ENSRNOG00000057140",0
"ENSRNOG00000022921",0
"ENSRNOG00000054856",0
"ENSRNOG00000037360",18
"ENSRNOG00000015902",11
"ENSRNOG00000065017",0
"ENSRNOG00000020624",2007
"ENSRNOG00000060363",0
"ENSRNOG00000065994",0
"ENSRNOG00000058025",0
"ENSRNOG00000013981",150
"ENSRNOG00000065346",0
"ENSRNOG00000021290",0
"ENSRNOG00000062884",0
"ENSRNOG00000019942",1
"ENSRNOG00000021912",0
"ENSRNOG00000059083",0
"ENSRNOG00000059239",0
"ENSRNOG00000030818",87
"ENSRNOG00000065632",0
"ENSRNOG00000070760",2
"ENSRNOG00000062307",0
"ENSRNOG00000071202",0
"ENSRNOG00000068808",0
"ENSRNOG00000056693",0
"ENSRNOG00000055223",0
"ENSRNOG00000064515",242
"ENSRNOG00000017930",673
"ENSRNOG00000043280",0
"ENSRNOG00000065092",1
"ENSRNOG00000060826",0
"ENSRNOG00000066535",0
"ENSRNOG00000068810",0
"ENSRNOG00000070274",0
"ENSRNOG00000063371",532
"ENSRNOG00000060965",0
"ENSRNOG00000052241",0
"ENSRNOG00000068809",403
"ENSRNOG00000058946",0
"ENSRNOG00000019869",41
"ENSRNOG00000062374",23
"ENSRNOG00000068664",0
"ENSRNOG00000063801",1
"ENSRNOG00000067318",96
"ENSRNOG00000013208",0
"ENSRNOG00000059321",1
"ENSRNOG00000052179",0
"ENSRNOG00000050189",0
"ENSRNOG00000067212",1
"ENSRNOG00000055161",3
"ENSRNOG00000065356",0
"ENSRNOG00000023411",386
"ENSRNOG00000046005",47236
"ENSRNOG00000054718",0
"ENSRNOG00000018686",4589
"ENSRNOG00000063261",169
"ENSRNOG00000068139",0
"ENSRNOG00000066980",0
"ENSRNOG00000070788",0
"ENSRNOG00000066529",0
"ENSRNOG00000058906",3
"ENSRNOG00000066097",0
"ENSRNOG00000069563",36
"ENSRNOG00000062703",6
"ENSRNOG00000070309",14
"ENSRNOG00000048810",0
"ENSRNOG00000053089",7
"ENSRNOG00000057890",0
"ENSRNOG00000052503",0
"ENSRNOG00000017408",425
"ENSRNOG00000037393",0
"ENSRNOG00000021794",307
"ENSRNOG00000069938",2
"ENSRNOG00000070568",1
"ENSRNOG00000013949",3586
"ENSRNOG00000064463",2
"ENSRNOG00000067383",0
"ENSRNOG00000052712",0
"ENSRNOG00000065858",36
"ENSRNOG00000016103",304
"ENSRNOG00000034012",0
"ENSRNOG00000070335",0
"ENSRNOG00000065589",0
"ENSRNOG00000068668",0
"ENSRNOG00000033164",0
"ENSRNOG00000036811",0
"ENSRNOG00000055001",11
"ENSRNOG00000067782",0
"ENSRNOG00000020643",1269
"ENSRNOG00000018217",6
"ENSRNOG00000064778",0
"ENSRNOG00000058615",2
"ENSRNOG00000065642",0
"ENSRNOG00000070200",0
"ENSRNOG00000057923",0
"ENSRNOG00000058790",779
"ENSRNOG00000069125",0
"ENSRNOG00000063149",0
"ENSRNOG00000064646",0
"ENSRNOG00000020371",243
"ENSRNOG00000064021",0
"ENSRNOG00000061803",0
"ENSRNOG00000064115",0
"ENSRNOG00000014996",229
"ENSRNOG00000067296",341
"ENSRNOG00000064765",3
"ENSRNOG00000018742",0
"ENSRNOG00000067148",0
"ENSRNOG00000058967",0
"ENSRNOG00000017914",5917
"ENSRNOG00000071136",0
"ENSRNOG00000061806",0
"ENSRNOG00000014705",164
"ENSRNOG00000016993",0
"ENSRNOG00000055479",0
"ENSRNOG00000029732",0
"ENSRNOG00000063130",0
"ENSRNOG00000057436",0
"ENSRNOG00000070027",582
"ENSRNOG00000016812",0
"ENSRNOG00000009932",3
"ENSRNOG00000035046",0
"ENSRNOG00000071197",0
"ENSRNOG00000022353",0
"ENSRNOG00000026440",0
"ENSRNOG00000067997",0
"ENSRNOG00000067291",0
"ENSRNOG00000036807",0
"ENSRNOG00000020865",1939
"ENSRNOG00000065706",0
"ENSRNOG00000058965",0
"ENSRNOG00000069287",0
"ENSRNOG00000020714",522
"ENSRNOG00000015825",492
"ENSRNOG00000062901",2
"ENSRNOG00000070787",0
"ENSRNOG00000058927",0
"ENSRNOG00000031086",1
"ENSRNOG00000057950",0
"ENSRNOG00000067561",0
"ENSRNOG00000017016",0
"ENSRNOG00000070889",0
"ENSRNOG00000064500",15
"ENSRNOG00000070820",0
"ENSRNOG00000014840",49
"ENSRNOG00000064970",17
"ENSRNOG00000058110",3
"ENSRNOG00000057480",0
"ENSRNOG00000059637",0
"ENSRNOG00000025060",15
"ENSRNOG00000063721",0
"ENSRNOG00000030127",191
"ENSRNOG00000069682",0
"ENSRNOG00000066099",189
"ENSRNOG00000027098",1
"ENSRNOG00000017138",0
"ENSRNOG00000058367",0
"ENSRNOG00000067414",2
"ENSRNOG00000017311",20
"ENSRNOG00000020131",0
"ENSRNOG00000066800",0
"ENSRNOG00000019270",189
"ENSRNOG00000066986",265
"ENSRNOG00000018762",129
"ENSRNOG00000057414",0
"ENSRNOG00000069528",15
"ENSRNOG00000067989",0
"ENSRNOG00000015956",168
"ENSRNOG00000018019",17
"ENSRNOG00000046036",389
"ENSRNOG00000051903",0
"ENSRNOG00000018541",0
"ENSRNOG00000070487",0
"ENSRNOG00000065449",4
"ENSRNOG00000015268",0
"ENSRNOG00000069855",0
"ENSRNOG00000065828",0
"ENSRNOG00000063461",5
"ENSRNOG00000064593",0
"ENSRNOG00000069644",1
"ENSRNOG00000064985",0
"ENSRNOG00000016372",976
"ENSRNOG00000067872",0
"ENSRNOG00000057858",49
"ENSRNOG00000063677",2
"ENSRNOG00000064099",0
"ENSRNOG00000060031",1
"ENSRNOG00000017143",0
"ENSRNOG00000058913",0
"ENSRNOG00000055560",2
"ENSRNOG00000058451",4
"ENSRNOG00000065835",22
"ENSRNOG00000063775",0
"ENSRNOG00000049759",0
"ENSRNOG00000070824",0
"ENSRNOG00000064277",0
"ENSRNOG00000068327",855
"ENSRNOG00000019812",1689
"ENSRNOG00000013448",0
"ENSRNOG00000070842",27
"ENSRNOG00000050486",0
"ENSRNOG00000060311",2
"ENSRNOG00000064747",0
"ENSRNOG00000025940",5106
"ENSRNOG00000057115",0
"ENSRNOG00000059590",0
"ENSRNOG00000070257",42
"ENSRNOG00000053764",0
"ENSRNOG00000062436",2
"ENSRNOG00000062663",0
"ENSRNOG00000020393",2263
"ENSRNOG00000067076",45
"ENSRNOG00000060156",6
"ENSRNOG00000052300",3
"ENSRNOG00000063644",0
"ENSRNOG00000064992",2
"ENSRNOG00000066765",0
"ENSRNOG00000014969",1072
"ENSRNOG00000054315",0
"ENSRNOG00000053158",0
"ENSRNOG00000010840",1385
"ENSRNOG00000070884",4
"ENSRNOG00000068967",0
"ENSRNOG00000065947",0
"ENSRNOG00000042927",0
"ENSRNOG00000067278",902
"ENSRNOG00000010308",2422
"ENSRNOG00000066280",0
"ENSRNOG00000064771",0
"ENSRNOG00000017277",115
"ENSRNOG00000046395",2
"ENSRNOG00000069063",0
"ENSRNOG00000061138",1
"ENSRNOG00000013426",268
"ENSRNOG00000017851",104
"ENSRNOG00000042465",0
"ENSRNOG00000062533",0
"ENSRNOG00000066205",2
"ENSRNOG00000068788",7
"ENSRNOG00000056942",5
"ENSRNOG00000065112",342
"ENSRNOG00000059323",1
"ENSRNOG00000068353",9
"ENSRNOG00000062431",0
"ENSRNOG00000065285",3
"ENSRNOG00000015058",1
"ENSRNOG00000061556",2
"ENSRNOG00000011439",463
"ENSRNOG00000017635",3914
"ENSRNOG00000056397",6
"ENSRNOG00000055386",0
"ENSRNOG00000038625",0
"ENSRNOG00000068081",360
"ENSRNOG00000065098",569
"ENSRNOG00000029394",53
"ENSRNOG00000065322",0
"ENSRNOG00000060079",0
"ENSRNOG00000017884",269
"ENSRNOG00000060321",0
"ENSRNOG00000067323",0
"ENSRNOG00000068609",0
"ENSRNOG00000069170",5
"ENSRNOG00000066570",0
"ENSRNOG00000064417",93
"ENSRNOG00000021082",7891
"ENSRNOG00000058132",0
"ENSRNOG00000053593",0
"ENSRNOG00000068507",0
"ENSRNOG00000063065",0
"ENSRNOG00000066269",143
"ENSRNOG00000020197",1359
"ENSRNOG00000069291",0
"ENSRNOG00000016687",3671
"ENSRNOG00000059273",0
"ENSRNOG00000059984",83
"ENSRNOG00000067834",0
"ENSRNOG00000053279",0
"ENSRNOG00000055124",5
"ENSRNOG00000022729",0
"ENSRNOG00000020363",2427
"ENSRNOG00000066299",5
"ENSRNOG00000056238",0
"ENSRNOG00000020871",2330
"ENSRNOG00000066283",1
"ENSRNOG00000033843",6424
"ENSRNOG00000029978",0
"ENSRNOG00000021151",562
"ENSRNOG00000053533",4
"ENSRNOG00000064808",0
"ENSRNOG00000017054",24
"ENSRNOG00000047429",0
"ENSRNOG00000018310",4
"ENSRNOG00000030404",30
"ENSRNOG00000052756",0
"ENSRNOG00000054533",11
"ENSRNOG00000069636",33
"ENSRNOG00000070724",3
"ENSRNOG00000021093",5
"ENSRNOG00000067564",634
"ENSRNOG00000069368",1
"ENSRNOG00000014004",597
"ENSRNOG00000047816",267
"ENSRNOG00000018433",314
"ENSRNOG00000032984",0
"ENSRNOG00000059173",0
"ENSRNOG00000063050",12
"ENSRNOG00000064276",0
"ENSRNOG00000055133",0
"ENSRNOG00000058564",0
"ENSRNOG00000055351",0
"ENSRNOG00000069212",0
"ENSRNOG00000063757",0
"ENSRNOG00000020925",956
"ENSRNOG00000068292",0
"ENSRNOG00000014327",0
"ENSRNOG00000046339",0
"ENSRNOG00000025163",0
"ENSRNOG00000063321",0
"ENSRNOG00000066499",1
"ENSRNOG00000060653",0
"ENSRNOG00000064594",2
"ENSRNOG00000063410",0
"ENSRNOG00000070917",149
"ENSRNOG00000055259",95
"ENSRNOG00000071167",5
"ENSRNOG00000055350",0
"ENSRNOG00000056883",0
"ENSRNOG00000062807",1
"ENSRNOG00000064168",1
"ENSRNOG00000043313",0
"ENSRNOG00000054059",0
"ENSRNOG00000069104",0
"ENSRNOG00000059438",0
"ENSRNOG00000051968",0
"ENSRNOG00000067201",0
"ENSRNOG00000062620",0
"ENSRNOG00000063405",0
"ENSRNOG00000012140",344
"ENSRNOG00000067084",0
"ENSRNOG00000014828",2671
"ENSRNOG00000065933",0
"ENSRNOG00000069668",0
"ENSRNOG00000020497",1073
"ENSRNOG00000070030",20
"ENSRNOG00000063751",0
"ENSRNOG00000028982",0
"ENSRNOG00000024630",1
"ENSRNOG00000025154",1115
"ENSRNOG00000014448",474
"ENSRNOG00000061255",0
"ENSRNOG00000058387",0
"ENSRNOG00000064171",0
"ENSRNOG00000071133",0
"ENSRNOG00000067993",0
"ENSRNOG00000057415",0
"ENSRNOG00000014266",0
"ENSRNOG00000055387",3
"ENSRNOG00000059739",0
"ENSRNOG00000066060",0
"ENSRNOG00000070360",0
"ENSRNOG00000067359",2
"ENSRNOG00000015753",1392
"ENSRNOG00000067461",17413
"ENSRNOG00000067992",0
"ENSRNOG00000052577",0
"ENSRNOG00000043392",0
"ENSRNOG00000053785",2
"ENSRNOG00000028781",0
"ENSRNOG00000053931",0
"ENSRNOG00000064547",0
"ENSRNOG00000070838",6
"ENSRNOG00000037156",0
"ENSRNOG00000046966",0
"ENSRNOG00000066001",0
"ENSRNOG00000056494",2
"ENSRNOG00000068067",0
"ENSRNOG00000054921",1
"ENSRNOG00000064885",38
"ENSRNOG00000054561",472
"ENSRNOG00000040387",0
"ENSRNOG00000052568",0
"ENSRNOG00000070839",8
"ENSRNOG00000065383",17
"ENSRNOG00000017351",0
"ENSRNOG00000070319",0
"ENSRNOG00000065720",0
"ENSRNOG00000011306",0
"ENSRNOG00000063169",29
"ENSRNOG00000069489",47
"ENSRNOG00000019491",704
"ENSRNOG00000051974",0
"ENSRNOG00000067353",0
"ENSRNOG00000019626",5
"ENSRNOG00000064994",58
"ENSRNOG00000031381",1167
"ENSRNOG00000070650",0
"ENSRNOG00000021153",291
"ENSRNOG00000063499",0
"ENSRNOG00000068216",0
"ENSRNOG00000036246",0
"ENSRNOG00000055625",1
"ENSRNOG00000023081",0
"ENSRNOG00000065572",0
"ENSRNOG00000053871",0
"ENSRNOG00000037137",33
"ENSRNOG00000014380",235
"ENSRNOG00000031224",0
"ENSRNOG00000035472",0
"ENSRNOG00000061593",0
"ENSRNOG00000056864",0
"ENSRNOG00000065938",0
"ENSRNOG00000017150",385
"ENSRNOG00000069774",0
"ENSRNOG00000057453",0
"ENSRNOG00000070032",0
"ENSRNOG00000015168",1
"ENSRNOG00000063014",35
"ENSRNOG00000022308",3
"ENSRNOG00000069196",0
"ENSRNOG00000020517",33
"ENSRNOG00000062805",0
"ENSRNOG00000057697",1
"ENSRNOG00000040448",0
"ENSRNOG00000060169",0
"ENSRNOG00000015717",90
"ENSRNOG00000015914",1771
"ENSRNOG00000068371",1
"ENSRNOG00000019141",5
"ENSRNOG00000035477",0
"ENSRNOG00000070492",0
"ENSRNOG00000067799",143
"ENSRNOG00000065673",0
"ENSRNOG00000049297",0
"ENSRNOG00000062842",0
"ENSRNOG00000016964",0
"ENSRNOG00000062738",0
"ENSRNOG00000040350",0
"ENSRNOG00000019582",478
"ENSRNOG00000055924",0
"ENSRNOG00000060840",0
"ENSRNOG00000019440",3
"ENSRNOG00000053539",0
"ENSRNOG00000064213",0
"ENSRNOG00000065361",16
"ENSRNOG00000060727",0
"ENSRNOG00000051483",0
"ENSRNOG00000036711",0
"ENSRNOG00000013149",343
"ENSRNOG00000036588",12
"ENSRNOG00000016979",0
"ENSRNOG00000019660",0
"ENSRNOG00000069238",0
"ENSRNOG00000057399",0
"ENSRNOG00000059980",0
"ENSRNOG00000067431",11
"ENSRNOG00000018048",734
"ENSRNOG00000062528",0
"ENSRNOG00000066334",0
"ENSRNOG00000010224",547
"ENSRNOG00000035506",0
"ENSRNOG00000067877",0
"ENSRNOG00000061439",0
"ENSRNOG00000051496",0
"ENSRNOG00000048582",0
"ENSRNOG00000066659",9
"ENSRNOG00000063596",21
"ENSRNOG00000068107",0
"ENSRNOG00000064996",0
"ENSRNOG00000064379",0
"ENSRNOG00000029043",491
"ENSRNOG00000017095",323
"ENSRNOG00000063176",1
"ENSRNOG00000067938",5
"ENSRNOG00000068714",0
"ENSRNOG00000067440",0
"ENSRNOG00000065650",0
"ENSRNOG00000061383",0
"ENSRNOG00000069476",0
"ENSRNOG00000018421",179
"ENSRNOG00000063080",0
"ENSRNOG00000019681",113
"ENSRNOG00000068965",0
"ENSRNOG00000035601",0
"ENSRNOG00000054609",5
"ENSRNOG00000064548",10
"ENSRNOG00000065353",0
"ENSRNOG00000070419",4
"ENSRNOG00000020202",378
"ENSRNOG00000017613",846
"ENSRNOG00000054831",0
"ENSRNOG00000064633",0
"ENSRNOG00000055519",72
"ENSRNOG00000065513",0
"ENSRNOG00000067923",1
"ENSRNOG00000066038",0
"ENSRNOG00000070260",0
"ENSRNOG00000011234",94
"ENSRNOG00000042706",0
"ENSRNOG00000059930",0
"ENSRNOG00000015997",122
"ENSRNOG00000066146",0
"ENSRNOG00000064983",77
"ENSRNOG00000015773",1
"ENSRNOG00000055020",69
"ENSRNOG00000062071",83
"ENSRNOG00000069729",2
"ENSRNOG00000068544",0
"ENSRNOG00000066969",116
"ENSRNOG00000069401",0
"ENSRNOG00000032990",0
"ENSRNOG00000063602",3
"ENSRNOG00000014251",1318
"ENSRNOG00000046649",0
"ENSRNOG00000066794",961
"ENSRNOG00000017214",0
"ENSRNOG00000067780",0
"ENSRNOG00000025539",2738
"ENSRNOG00000066862",459
"ENSRNOG00000012716",613
"ENSRNOG00000066116",0
"ENSRNOG00000063182",87
"ENSRNOG00000050922",41
"ENSRNOG00000047479",0
"ENSRNOG00000069497",118
"ENSRNOG00000016011",1
"ENSRNOG00000020014",122
"ENSRNOG00000070094",0
"ENSRNOG00000055082",2498
"ENSRNOG00000068838",14
"ENSRNOG00000019129",28
"ENSRNOG00000017960",400
"ENSRNOG00000056062",18
"ENSRNOG00000070653",0
"ENSRNOG00000064289",1
"ENSRNOG00000046683",0
"ENSRNOG00000052256",1536
"ENSRNOG00000062365",3
"ENSRNOG00000066972",0
"ENSRNOG00000065700",0
"ENSRNOG00000049190",0
"ENSRNOG00000065336",24
"ENSRNOG00000057889",0
"ENSRNOG00000019206",1
"ENSRNOG00000011931",2492
"ENSRNOG00000065087",0
"ENSRNOG00000071194",59
"ENSRNOG00000037556",240
"ENSRNOG00000069523",0
"ENSRNOG00000063248",0
"ENSRNOG00000069498",0
"ENSRNOG00000064406",0
"ENSRNOG00000068492",10
"ENSRNOG00000052236",80
"ENSRNOG00000064058",0
"ENSRNOG00000068138",1
"ENSRNOG00000062480",2
"ENSRNOG00000048219",0
"ENSRNOG00000063331",0
"ENSRNOG00000012301",6
"ENSRNOG00000070848",185
"ENSRNOG00000059992",0
"ENSRNOG00000042899",3
"ENSRNOG00000067858",0
"ENSRNOG00000013160",2690
"ENSRNOG00000024077",117
"ENSRNOG00000069496",0
"ENSRNOG00000020456",2036
"ENSRNOG00000019802",190
"ENSRNOG00000065781",47
"ENSRNOG00000061992",1
"ENSRNOG00000063059",0
"ENSRNOG00000062668",12
"ENSRNOG00000012806",1589
"ENSRNOG00000070914",119
"ENSRNOG00000019497",4167
"ENSRNOG00000036784",3
"ENSRNOG00000045545",13
"ENSRNOG00000064214",161
"ENSRNOG00000037331",0
"ENSRNOG00000054403",0
"ENSRNOG00000063616",47
"ENSRNOG00000062784",28
"ENSRNOG00000020774",491
"ENSRNOG00000064412",55
"ENSRNOG00000037897",350
"ENSRNOG00000067637",9
"ENSRNOG00000062989",5
"ENSRNOG00000015557",0
"ENSRNOG00000070647",0
"ENSRNOG00000042528",0
"ENSRNOG00000065143",0
"ENSRNOG00000016831",14488
"ENSRNOG00000024280",2
"ENSRNOG00000062309",0
"ENSRNOG00000066149",2
"ENSRNOG00000038101",0
"ENSRNOG00000070762",0
"ENSRNOG00000063199",0
"ENSRNOG00000055683",742
"ENSRNOG00000056228",1342
"ENSRNOG00000068057",0
"ENSRNOG00000070110",0
"ENSRNOG00000067051",0
"ENSRNOG00000028743",0
"ENSRNOG00000067556",10
"ENSRNOG00000062923",0
"ENSRNOG00000065617",0
"ENSRNOG00000066584",2
"ENSRNOG00000071129",14
"ENSRNOG00000013925",396
"ENSRNOG00000028273",9
"ENSRNOG00000055310",0
"ENSRNOG00000070853",2
"ENSRNOG00000065047",1
"ENSRNOG00000023233",230
"ENSRNOG00000034075",0
"ENSRNOG00000055312",0
"ENSRNOG00000070548",0
"ENSRNOG00000014341",608
"ENSRNOG00000069950",1
"ENSRNOG00000020543",740
"ENSRNOG00000020298",6169
"ENSRNOG00000018255",4316
"ENSRNOG00000070075",0
"ENSRNOG00000066399",3024
"ENSRNOG00000060725",0
"ENSRNOG00000021000",11
"ENSRNOG00000062617",0
"ENSRNOG00000062327",400
"ENSRNOG00000015876",0
"ENSRNOG00000016286",1
"ENSRNOG00000070318",20
"ENSRNOG00000070963",33
"ENSRNOG00000034061",0
"ENSRNOG00000033729",281
"ENSRNOG00000052677",0
"ENSRNOG00000017386",2
"ENSRNOG00000063011",0
"ENSRNOG00000070623",0
"ENSRNOG00000067477",23
"ENSRNOG00000020716",7061
"ENSRNOG00000066188",0
"ENSRNOG00000065495",0
"ENSRNOG00000018402",0
"ENSRNOG00000011488",134
"ENSRNOG00000068145",28
"ENSRNOG00000067525",17
"ENSRNOG00000066657",0
"ENSRNOG00000015441",762
"ENSRNOG00000071003",58
"ENSRNOG00000067263",0
"ENSRNOG00000047057",0
"ENSRNOG00000049826",0
"ENSRNOG00000020412",3744
"ENSRNOG00000065957",181
"ENSRNOG00000016923",3465
"ENSRNOG00000066567",341
"ENSRNOG00000018405",0
"ENSRNOG00000010938",1
"ENSRNOG00000065260",130
"ENSRNOG00000068883",0
"ENSRNOG00000063165",0
"ENSRNOG00000065394",2
"ENSRNOG00000014318",0
"ENSRNOG00000011029",2706
"ENSRNOG00000069309",0
"ENSRNOG00000017331",0
"ENSRNOG00000015239",1556
"ENSRNOG00000069539",254
"ENSRNOG00000016857",0
"ENSRNOG00000018426",5
"ENSRNOG00000020110",1648
"ENSRNOG00000012084",5449
"ENSRNOG00000033813",0
"ENSRNOG00000068378",0
"ENSRNOG00000046652",303
"ENSRNOG00000013770",2
"ENSRNOG00000024961",113
"ENSRNOG00000017341",0
"ENSRNOG00000011672",0
"ENSRNOG00000017673",149
"ENSRNOG00000032150",2
"ENSRNOG00000066542",3
"ENSRNOG00000064968",0
"ENSRNOG00000018356",395
"ENSRNOG00000017344",0
"ENSRNOG00000018287",2
"ENSRNOG00000023753",262
"ENSRNOG00000068886",0
"ENSRNOG00000030932",84
"ENSRNOG00000018761",7346
"ENSRNOG00000066496",0
"ENSRNOG00000066261",0
"ENSRNOG00000062876",38
"ENSRNOG00000069274",70
"ENSRNOG00000070624",3
"ENSRNOG00000030160",46
"ENSRNOG00000069633",993
"ENSRNOG00000032946",14
"ENSRNOG00000055877",0
"ENSRNOG00000025088",0
"ENSRNOG00000020743",39
"ENSRNOG00000020281",4
"ENSRNOG00000066177",0
"ENSRNOG00000012362",0
"ENSRNOG00000014303",865
"ENSRNOG00000018454",22
"ENSRNOG00000052023",3
"ENSRNOG00000020531",119
"ENSRNOG00000019544",374
"ENSRNOG00000020477",201
"ENSRNOG00000033414",0
"ENSRNOG00000023549",750
"ENSRNOG00000063696",0
"ENSRNOG00000070385",41
"ENSRNOG00000021096",330
"ENSRNOG00000021149",0
"ENSRNOG00000064236",0
"ENSRNOG00000022796",47
"ENSRNOG00000029784",839
"ENSRNOG00000018885",608
"ENSRNOG00000065743",0
"ENSRNOG00000068428",0
"ENSRNOG00000063852",117
"ENSRNOG00000048138",96
"ENSRNOG00000063320",0
"ENSRNOG00000017982",0
"ENSRNOG00000019306",7
"ENSRNOG00000018440",562
"ENSRNOG00000029082",1096
"ENSRNOG00000021104",13341
"ENSRNOG00000011451",19
"ENSRNOG00000046080",0
"ENSRNOG00000017254",993
"ENSRNOG00000020117",534
"ENSRNOG00000050995",131
"ENSRNOG00000054854",588
"ENSRNOG00000015503",2
"ENSRNOG00000021003",371
"ENSRNOG00000020274",103
"ENSRNOG00000069173",2
"ENSRNOG00000068815",0
"ENSRNOG00000067287",0
"ENSRNOG00000065528",112
"ENSRNOG00000020899",0
"ENSRNOG00000015919",0
"ENSRNOG00000022701",21
"ENSRNOG00000058039",25536
"ENSRNOG00000018556",340
"ENSRNOG00000065206",18
"ENSRNOG00000042741",0
"ENSRNOG00000028137",2818
"ENSRNOG00000051102",430
"ENSRNOG00000019770",170
"ENSRNOG00000010983",0
"ENSRNOG00000020296",355
"ENSRNOG00000022640",3
"ENSRNOG00000029805",195
"ENSRNOG00000066726",0
"ENSRNOG00000017601",130
"ENSRNOG00000027811",0
"ENSRNOG00000016090",1763
"ENSRNOG00000045560",2
"ENSRNOG00000049596",2
"ENSRNOG00000020651",1078
"ENSRNOG00000065330",16
"ENSRNOG00000016679",1
"ENSRNOG00000049445",0
"ENSRNOG00000017379",0
"ENSRNOG00000071114",0
"ENSRNOG00000018350",0
"ENSRNOG00000028992",40495
"ENSRNOG00000068837",0
"ENSRNOG00000036653",0
"ENSRNOG00000019838",556
"ENSRNOG00000068048",875
"ENSRNOG00000019549",749
"ENSRNOG00000011151",315
"ENSRNOG00000022189",241
"ENSRNOG00000064154",1
"ENSRNOG00000062996",0
"ENSRNOG00000015526",0
"ENSRNOG00000020762",2127
"ENSRNOG00000023318",4
"ENSRNOG00000066701",64
"ENSRNOG00000053075",16
"ENSRNOG00000012874",610
"ENSRNOG00000068069",0
"ENSRNOG00000056069",464
"ENSRNOG00000048424",259
"ENSRNOG00000024257",50
"ENSRNOG00000065214",8
"ENSRNOG00000064813",0
"ENSRNOG00000067015",0
"ENSRNOG00000011895",426
"ENSRNOG00000023659",0
"ENSRNOG00000070807",0
"ENSRNOG00000065154",0
"ENSRNOG00000009791",0
"ENSRNOG00000017659",0
"ENSRNOG00000020777",303
"ENSRNOG00000016266",314
"ENSRNOG00000017839",970
"ENSRNOG00000018537",0
"ENSRNOG00000068551",0
"ENSRNOG00000017918",24
"ENSRNOG00000016381",150
"ENSRNOG00000020736",120
"ENSRNOG00000063010",0
"ENSRNOG00000069056",137
"ENSRNOG00000065375",0
"ENSRNOG00000023985",174
"ENSRNOG00000016041",0
"ENSRNOG00000019376",155
"ENSRNOG00000017456",0
"ENSRNOG00000008815",311
"ENSRNOG00000016722",3761
"ENSRNOG00000048397",313
"ENSRNOG00000017728",339
"ENSRNOG00000020783",30
"ENSRNOG00000067450",642
"ENSRNOG00000015552",444
"ENSRNOG00000025819",1
"ENSRNOG00000016919",1901
"ENSRNOG00000018955",0
"ENSRNOG00000064421",3
"ENSRNOG00000019106",2021
"ENSRNOG00000064814",0
"ENSRNOG00000010959",159
"ENSRNOG00000021474",0
"ENSRNOG00000032940",0
"ENSRNOG00000043512",0
"ENSRNOG00000028274",1328
"ENSRNOG00000024410",567
"ENSRNOG00000015527",0
"ENSRNOG00000010017",329
"ENSRNOG00000050015",11
"ENSRNOG00000047692",170
"ENSRNOG00000060431",0
"ENSRNOG00000065271",0
"ENSRNOG00000070291",0
"ENSRNOG00000068975",0
"ENSRNOG00000020304",1474
"ENSRNOG00000017418",7189
"ENSRNOG00000012369",0
"ENSRNOG00000036625",0
"ENSRNOG00000021946",0
"ENSRNOG00000038497",0
"ENSRNOG00000055424",8
"ENSRNOG00000024746",0
"ENSRNOG00000014450",1070
"ENSRNOG00000067065",2134
"ENSRNOG00000037298",9
"ENSRNOG00000025247",1
"ENSRNOG00000062496",0
"ENSRNOG00000023151",2
"ENSRNOG00000048663",0
"ENSRNOG00000016825",131
"ENSRNOG00000024737",1885
"ENSRNOG00000013624",143
"ENSRNOG00000022610",0
"ENSRNOG00000065850",0
"ENSRNOG00000070456",0
"ENSRNOG00000020325",1320
"ENSRNOG00000019854",0
"ENSRNOG00000015413",332
"ENSRNOG00000016897",1
"ENSRNOG00000037690",494
"ENSRNOG00000067174",0
"ENSRNOG00000014330",1130
"ENSRNOG00000069494",0
"ENSRNOG00000026419",0
"ENSRNOG00000013223",308
"ENSRNOG00000065958",0
"ENSRNOG00000046112",128
"ENSRNOG00000027264",205
"ENSRNOG00000032798",311
"ENSRNOG00000019319",2034
"ENSRNOG00000018603",152
"ENSRNOG00000032817",0
"ENSRNOG00000027422",531
"ENSRNOG00000020763",1138
"ENSRNOG00000064249",0
"ENSRNOG00000049505",316
"ENSRNOG00000059408",1182
"ENSRNOG00000048250",635
"ENSRNOG00000064870",0
"ENSRNOG00000028891",23
"ENSRNOG00000019959",2
"ENSRNOG00000020452",2009
"ENSRNOG00000050224",439
"ENSRNOG00000031562",0
"ENSRNOG00000013439",0
"ENSRNOG00000014916",2995
"ENSRNOG00000033196",1
"ENSRNOG00000020263",0
"ENSRNOG00000058277",1
"ENSRNOG00000051197",5457
"ENSRNOG00000071074",0
"ENSRNOG00000068712",0
"ENSRNOG00000020947",265
"ENSRNOG00000020597",186
"ENSRNOG00000068594",0
"ENSRNOG00000017826",541
"ENSRNOG00000013506",545
"ENSRNOG00000014277",396
"ENSRNOG00000012641",2061
"ENSRNOG00000040300",0
"ENSRNOG00000015675",0
"ENSRNOG00000050206",7
"ENSRNOG00000063249",0
"ENSRNOG00000012002",12140
"ENSRNOG00000012788",1576
"ENSRNOG00000070758",0
"ENSRNOG00000070086",0
"ENSRNOG00000017873",0
"ENSRNOG00000020532",155
"ENSRNOG00000019418",0
"ENSRNOG00000070971",34
"ENSRNOG00000031178",0
"ENSRNOG00000042308",50
"ENSRNOG00000012574",177
"ENSRNOG00000047040",3
"ENSRNOG00000001500",558
"ENSRNOG00000016737",0
"ENSRNOG00000019413",107
"ENSRNOG00000068445",2252
"ENSRNOG00000015844",2038
"ENSRNOG00000068953",122
"ENSRNOG00000047703",0
"ENSRNOG00000038276",0
"ENSRNOG00000063034",0
"ENSRNOG00000067884",0
"ENSRNOG00000017963",306
"ENSRNOG00000064966",0
"ENSRNOG00000019532",1980
"ENSRNOG00000015217",607
"ENSRNOG00000016267",231
"ENSRNOG00000021510",16
"ENSRNOG00000059330",0
"ENSRNOG00000020425",967
"ENSRNOG00000064833",1
"ENSRNOG00000017383",684
"ENSRNOG00000019161",612
"ENSRNOG00000047526",545
"ENSRNOG00000069479",0
"ENSRNOG00000028041",0
"ENSRNOG00000016462",312
"ENSRNOG00000067828",4
"ENSRNOG00000010664",125
"ENSRNOG00000019424",0
"ENSRNOG00000016790",780
"ENSRNOG00000039730",816
"ENSRNOG00000014902",220
"ENSRNOG00000020949",2
"ENSRNOG00000066044",0
"ENSRNOG00000013358",20
"ENSRNOG00000049259",239
"ENSRNOG00000023091",139
"ENSRNOG00000015860",6
"ENSRNOG00000018517",276
"ENSRNOG00000001499",9
"ENSRNOG00000050554",54
"ENSRNOG00000021206",137
"ENSRNOG00000065183",0
"ENSRNOG00000050223",1369
"ENSRNOG00000011191",0
"ENSRNOG00000030281",0
"ENSRNOG00000069921",238
"ENSRNOG00000018514",0
"ENSRNOG00000016054",4097
"ENSRNOG00000020956",589
"ENSRNOG00000001501",516
"ENSRNOG00000018512",0
"ENSRNOG00000020417",880
"ENSRNOG00000063413",0
"ENSRNOG00000069434",62
"ENSRNOG00000013877",795
"ENSRNOG00000064721",1266
"ENSRNOG00000036648",0
"ENSRNOG00000018878",783
"ENSRNOG00000020410",2
"ENSRNOG00000014852",392
"ENSRNOG00000037715",394
"ENSRNOG00000065723",0
"ENSRNOG00000063597",0
"ENSRNOG00000064980",1
"ENSRNOG00000020793",475
"ENSRNOG00000047145",267
"ENSRNOG00000052304",0
"ENSRNOG00000065613",0
"ENSRNOG00000019442",279
"ENSRNOG00000015152",0
"ENSRNOG00000066612",1
"ENSRNOG00000016935",1389
"ENSRNOG00000018531",412
"ENSRNOG00000020426",839
"ENSRNOG00000016038",1629
"ENSRNOG00000016611",1000
"ENSRNOG00000056118",3756
"ENSRNOG00000019127",156
"ENSRNOG00000046353",33
"ENSRNOG00000069874",0
"ENSRNOG00000023150",13127
"ENSRNOG00000047229",292
"ENSRNOG00000068940",0
"ENSRNOG00000062423",0
"ENSRNOG00000022313",0
"ENSRNOG00000015086",2
"ENSRNOG00000062741",13
"ENSRNOG00000069678",0
"ENSRNOG00000019280",11
"ENSRNOG00000020587",17571
"ENSRNOG00000065864",0
"ENSRNOG00000027240",1
"ENSRNOG00000020411",2329
"ENSRNOG00000065701",0
"ENSRNOG00000030331",0
"ENSRNOG00000062988",0
"ENSRNOG00000063917",0
"ENSRNOG00000063592",22
"ENSRNOG00000016973",361
"ENSRNOG00000018551",1
"ENSRNOG00000015293",6
"ENSRNOG00000049232",2996
"ENSRNOG00000063929",0
"ENSRNOG00000019318",5
"ENSRNOG00000018547",146
"ENSRNOG00000018580",0
"ENSRNOG00000042592",876
"ENSRNOG00000050831",0
"ENSRNOG00000064244",13
"ENSRNOG00000020481",192
"ENSRNOG00000043154",1
"ENSRNOG00000018606",1
"ENSRNOG00000018664",0
"ENSRNOG00000013823",1
"ENSRNOG00000019501",603
"ENSRNOG00000017897",14
"ENSRNOG00000016791",911
"ENSRNOG00000021058",186
"ENSRNOG00000012692",589
"ENSRNOG00000065121",0
"ENSRNOG00000013351",2785
"ENSRNOG00000017509",468
"ENSRNOG00000018515",251
"ENSRNOG00000031927",0
"ENSRNOG00000063282",0
"ENSRNOG00000017147",9
"ENSRNOG00000032004",0
"ENSRNOG00000022164",48
"ENSRNOG00000021063",81
"ENSRNOG00000013407",0
"ENSRNOG00000065806",0
"ENSRNOG00000039076",207
"ENSRNOG00000019489",532
"ENSRNOG00000014951",6
"ENSRNOG00000031739",25
"ENSRNOG00000020235",7730
"ENSRNOG00000021130",0
"ENSRNOG00000046669",0
"ENSRNOG00000018612",0
"ENSRNOG00000019999",58
"ENSRNOG00000014925",19
"ENSRNOG00000021017",299
"ENSRNOG00000010994",71
"ENSRNOG00000070690",0
"ENSRNOG00000054336",1
"ENSRNOG00000015407",0
"ENSRNOG00000018831",0
"ENSRNOG00000015830",0
"ENSRNOG00000012988",7
"ENSRNOG00000021027",1488
"ENSRNOG00000042686",412
"ENSRNOG00000009922",3
"ENSRNOG00000052287",0
"ENSRNOG00000014610",11687
"ENSRNOG00000020882",423
"ENSRNOG00000067926",1147
"ENSRNOG00000019627",18
"ENSRNOG00000016940",608
"ENSRNOG00000015488",1102
"ENSRNOG00000012034",0
"ENSRNOG00000015609",333
"ENSRNOG00000030776",239
"ENSRNOG00000020308",1385
"ENSRNOG00000021032",886
"ENSRNOG00000042705",0
"ENSRNOG00000068628",0
"ENSRNOG00000017191",3789
"ENSRNOG00000016624",4
"ENSRNOG00000070392",1083
"ENSRNOG00000063151",0
"ENSRNOG00000018864",0
"ENSRNOG00000018369",221
"ENSRNOG00000025587",582
"ENSRNOG00000023053",1049
"ENSRNOG00000050257",75
"ENSRNOG00000071068",0
"ENSRNOG00000068373",0
"ENSRNOG00000069023",0
"ENSRNOG00000033498",1522
"ENSRNOG00000042852",0
"ENSRNOG00000070184",243
"ENSRNOG00000065015",166
"ENSRNOG00000019432",0
"ENSRNOG00000012460",83
"ENSRNOG00000031202",0
"ENSRNOG00000068605",3
"ENSRNOG00000063141",0
"ENSRNOG00000020057",0
"ENSRNOG00000026163",966
"ENSRNOG00000061312",0
"ENSRNOG00000015982",2
"ENSRNOG00000068273",0
"ENSRNOG00000040242",74
"ENSRNOG00000021035",7417
"ENSRNOG00000020675",1698
"ENSRNOG00000043455",0
"ENSRNOG00000012036",244
"ENSRNOG00000021800",2
"ENSRNOG00000015551",647
"ENSRNOG00000069813",0
"ENSRNOG00000020683",4325
"ENSRNOG00000019283",129
"ENSRNOG00000055650",0
"ENSRNOG00000064555",0
"ENSRNOG00000064293",1268
"ENSRNOG00000070088",0
"ENSRNOG00000021039",5
"ENSRNOG00000014434",911
"ENSRNOG00000014290",0
"ENSRNOG00000066778",0
"ENSRNOG00000020812",2178
"ENSRNOG00000020546",74
"ENSRNOG00000065013",0
"ENSRNOG00000012524",2987
"ENSRNOG00000042777",284
"ENSRNOG00000012103",0
"ENSRNOG00000019728",0
"ENSRNOG00000063232",1
"ENSRNOG00000071080",0
"ENSRNOG00000046874",1882
"ENSRNOG00000027405",433
"ENSRNOG00000068792",5
"ENSRNOG00000026109",560
"ENSRNOG00000020538",0
"ENSRNOG00000029766",0
"ENSRNOG00000021046",2
"ENSRNOG00000068685",0
"ENSRNOG00000015660",441
"ENSRNOG00000067569",0
"ENSRNOG00000068625",0
"ENSRNOG00000020098",0
"ENSRNOG00000017854",434
"ENSRNOG00000001488",5455
"ENSRNOG00000020713",1568
"ENSRNOG00000070095",41
"ENSRNOG00000067308",1
"ENSRNOG00000064385",3511
"ENSRNOG00000068117",0
"ENSRNOG00000046983",130
"ENSRNOG00000012611",90
"ENSRNOG00000018773",151
"ENSRNOG00000020109",0
"ENSRNOG00000031529",2
"ENSRNOG00000017508",290
"ENSRNOG00000010853",0
"ENSRNOG00000019555",784
"ENSRNOG00000020876",1200
"ENSRNOG00000012092",1
"ENSRNOG00000037814",5
"ENSRNOG00000055972",0
"ENSRNOG00000034184",15
"ENSRNOG00000020233",2711
"ENSRNOG00000018808",32
"ENSRNOG00000020883",234
"ENSRNOG00000056362",0
"ENSRNOG00000001489",484
"ENSRNOG00000024414",1897
"ENSRNOG00000015593",0
"ENSRNOG00000046971",0
"ENSRNOG00000033906",12
"ENSRNOG00000027784",1480
"ENSRNOG00000021048",5
"ENSRNOG00000013553",0
"ENSRNOG00000018690",319
"ENSRNOG00000011540",1645
"ENSRNOG00000020927",9
"ENSRNOG00000020063",495
"ENSRNOG00000023528",8
"ENSRNOG00000064702",0
"ENSRNOG00000017678",1714
"ENSRNOG00000011476",128
"ENSRNOG00000052220",0
"ENSRNOG00000049014",0
"ENSRNOG00000024460",366
"ENSRNOG00000020982",1319
"ENSRNOG00000001490",729
"ENSRNOG00000022129",0
"ENSRNOG00000011480",862
"ENSRNOG00000020578",35
"ENSRNOG00000012872",427
"ENSRNOG00000010087",340
"ENSRNOG00000021493",6
"ENSRNOG00000020889",13059
"ENSRNOG00000064590",0
"ENSRNOG00000020695",598
"ENSRNOG00000047575",198
"ENSRNOG00000061450",33
"ENSRNOG00000020102",5985
"ENSRNOG00000068112",0
"ENSRNOG00000017429",6
"ENSRNOG00000010753",1467
"ENSRNOG00000020605",337
"ENSRNOG00000066632",0
"ENSRNOG00000012576",1526
"ENSRNOG00000015517",222
"ENSRNOG00000017030",1699
"ENSRNOG00000070869",0
"ENSRNOG00000067718",0
"ENSRNOG00000025644",125
"ENSRNOG00000013663",51
"ENSRNOG00000019599",0
"ENSRNOG00000020938",0
"ENSRNOG00000014166",166
"ENSRNOG00000047035",980
"ENSRNOG00000015658",3153
"ENSRNOG00000063891",0
"ENSRNOG00000024580",0
"ENSRNOG00000020686",1
"ENSRNOG00000066760",0
"ENSRNOG00000066678",0
"ENSRNOG00000021078",1
"ENSRNOG00000014791",2695
"ENSRNOG00000019249",3
"ENSRNOG00000069065",14
"ENSRNOG00000011290",484
"ENSRNOG00000019485",2767
"ENSRNOG00000020990",0
"ENSRNOG00000015822",1373
"ENSRNOG00000047279",1
"ENSRNOG00000015456",167
"ENSRNOG00000015783",0
"ENSRNOG00000066654",0
"ENSRNOG00000020995",0
"ENSRNOG00000020310",532
"ENSRNOG00000020669",14
"ENSRNOG00000020699",3
"ENSRNOG00000069183",0
"ENSRNOG00000068514",0
"ENSRNOG00000021507",0
"ENSRNOG00000036981",0
"ENSRNOG00000002628",0
"ENSRNOG00000006962",4
"ENSRNOG00000018012",2488
"ENSRNOG00000069456",1096
"ENSRNOG00000015180",119
"ENSRNOG00000025220",23
"ENSRNOG00000013123",12
"ENSRNOG00000064904",0
"ENSRNOG00000018858",120
"ENSRNOG00000020164",38
"ENSRNOG00000025354",0
"ENSRNOG00000016769",1
"ENSRNOG00000031662",0
"ENSRNOG00000065448",0
"ENSRNOG00000026861",0
"ENSRNOG00000014465",1
"ENSRNOG00000029049",390
"ENSRNOG00000017220",609
"ENSRNOG00000031073",0
"ENSRNOG00000014181",0
"ENSRNOG00000016490",0
"ENSRNOG00000014779",1145
"ENSRNOG00000068871",0
"ENSRNOG00000018339",0
"ENSRNOG00000031459",352
"ENSRNOG00000017648",0
"ENSRNOG00000018336",5
"ENSRNOG00000021011",1
"ENSRNOG00000055761",988
"ENSRNOG00000009891",691
"ENSRNOG00000011058",2885
"ENSRNOG00000018321",15
"ENSRNOG00000031113",724
"ENSRNOG00000067810",1
"ENSRNOG00000015972",1
"ENSRNOG00000047019",408
"ENSRNOG00000045732",0
"ENSRNOG00000011077",7716
"ENSRNOG00000052687",735
"ENSRNOG00000019453",55111
"ENSRNOG00000014227",0
"ENSRNOG00000015339",2483
"ENSRNOG00000051208",1
"ENSRNOG00000037219",1
"ENSRNOG00000016697",64
"ENSRNOG00000064479",0
"ENSRNOG00000017756",0
"ENSRNOG00000070772",0
"ENSRNOG00000038445",6
"ENSRNOG00000020779",3
"ENSRNOG00000048014",0
"ENSRNOG00000019600",0
"ENSRNOG00000020206",9390
"ENSRNOG00000021014",1
"ENSRNOG00000068083",0
"ENSRNOG00000027436",257
"ENSRNOG00000064179",2
"ENSRNOG00000017357",0
"ENSRNOG00000062814",2
"ENSRNOG00000018524",1417
"ENSRNOG00000020530",0
"ENSRNOG00000016147",9
"ENSRNOG00000021056",35
"ENSRNOG00000037638",1123
"ENSRNOG00000065638",1
"ENSRNOG00000019199",151
"ENSRNOG00000015218",382
"ENSRNOG00000050207",0
"ENSRNOG00000010763",3
"ENSRNOG00000069620",0
"ENSRNOG00000015030",1284
"ENSRNOG00000011015",1122
"ENSRNOG00000014787",0
"ENSRNOG00000066679",0
"ENSRNOG00000021020",1
"ENSRNOG00000019338",0
"ENSRNOG00000021016",0
"ENSRNOG00000020700",243
"ENSRNOG00000064437",166
"ENSRNOG00000016327",374
"ENSRNOG00000023847",0
"ENSRNOG00000069949",0
"ENSRNOG00000014829",428
"ENSRNOG00000020044",751
"ENSRNOG00000016595",0
"ENSRNOG00000060021",9
"ENSRNOG00000065515",0
"ENSRNOG00000064196",0
"ENSRNOG00000037798",38
"ENSRNOG00000060610",0
"ENSRNOG00000052810",13
"ENSRNOG00000017681",0
"ENSRNOG00000019616",1
"ENSRNOG00000055176",14
"ENSRNOG00000056940",2125
"ENSRNOG00000063855",0
"ENSRNOG00000016102",6
"ENSRNOG00000055298",0
"ENSRNOG00000029490",402
"ENSRNOG00000009462",539
"ENSRNOG00000060429",295
"ENSRNOG00000021109",20
"ENSRNOG00000018986",13
"ENSRNOG00000008824",0
"ENSRNOG00000063416",2
"ENSRNOG00000070289",0
"ENSRNOG00000051450",919
"ENSRNOG00000062471",0
"ENSRNOG00000061012",2017
"ENSRNOG00000013241",0
"ENSRNOG00000021118",1541
"ENSRNOG00000053735",634
"ENSRNOG00000002332",13
"ENSRNOG00000054418",0
"ENSRNOG00000015911",2047
"ENSRNOG00000032034",2216
"ENSRNOG00000061533",328
"ENSRNOG00000009664",204
"ENSRNOG00000033775",0
"ENSRNOG00000066079",0
"ENSRNOG00000065821",0
"ENSRNOG00000021025",603
"ENSRNOG00000001466",0
"ENSRNOG00000011994",0
"ENSRNOG00000026572",42
"ENSRNOG00000020719",184
"ENSRNOG00000019560",10
"ENSRNOG00000062718",4
"ENSRNOG00000046480",69
"ENSRNOG00000017365",3
"ENSRNOG00000016807",3233
"ENSRNOG00000015865",3567
"ENSRNOG00000018007",471
"ENSRNOG00000069231",0
"ENSRNOG00000056733",0
"ENSRNOG00000028753",328
"ENSRNOG00000025375",2
"ENSRNOG00000020182",489
"ENSRNOG00000013190",386
"ENSRNOG00000013795",558
"ENSRNOG00000060603",222
"ENSRNOG00000019970",638
"ENSRNOG00000061348",71
"ENSRNOG00000031003",84
"ENSRNOG00000020652",9326
"ENSRNOG00000058286",0
"ENSRNOG00000037541",0
"ENSRNOG00000062473",320
"ENSRNOG00000070704",0
"ENSRNOG00000060972",948
"ENSRNOG00000070441",6
"ENSRNOG00000011975",1011
"ENSRNOG00000019132",124
"ENSRNOG00000047901",0
"ENSRNOG00000070198",0
"ENSRNOG00000016368",435
"ENSRNOG00000004273",84
"ENSRNOG00000066811",0
"ENSRNOG00000021145",141
"ENSRNOG00000054391",463
"ENSRNOG00000020731",13
"ENSRNOG00000033343",20
"ENSRNOG00000066108",0
"ENSRNOG00000032819",0
"ENSRNOG00000070349",52
"ENSRNOG00000019578",10921
"ENSRNOG00000011174",2
"ENSRNOG00000017137",214
"ENSRNOG00000020897",3053
"ENSRNOG00000014186",100
"ENSRNOG00000012055",2216
"ENSRNOG00000017753",151
"ENSRNOG00000029945",0
"ENSRNOG00000017975",0
"ENSRNOG00000051915",1215
"ENSRNOG00000020746",7
"ENSRNOG00000011411",754
"ENSRNOG00000068342",290
"ENSRNOG00000026517",1234
"ENSRNOG00000020991",0
"ENSRNOG00000065978",0
"ENSRNOG00000021147",1464
"ENSRNOG00000018106",139
"ENSRNOG00000017621",589
"ENSRNOG00000024056",209
"ENSRNOG00000010964",4420
"ENSRNOG00000018411",328
"ENSRNOG00000023931",89
"ENSRNOG00000054181",0
"ENSRNOG00000014530",1715
"ENSRNOG00000065256",0
"ENSRNOG00000055194",0
"ENSRNOG00000011675",122
"ENSRNOG00000017446",4082
"ENSRNOG00000016244",4680
"ENSRNOG00000063516",0
"ENSRNOG00000016815",593
"ENSRNOG00000018936",447
"ENSRNOG00000014193",752
"ENSRNOG00000021659",11
"ENSRNOG00000014908",1152
"ENSRNOG00000065298",0
"ENSRNOG00000064302",238
"ENSRNOG00000018379",250
"ENSRNOG00000019706",0
"ENSRNOG00000053084",288
"ENSRNOG00000020405",0
"ENSRNOG00000012322",127
"ENSRNOG00000064816",0
"ENSRNOG00000019254",505
"ENSRNOG00000018101",6
"ENSRNOG00000017243",1434
"ENSRNOG00000063417",0
"ENSRNOG00000064650",0
"ENSRNOG00000066763",3
"ENSRNOG00000011526",1136
"ENSRNOG00000053366",13
"ENSRNOG00000033805",0
"ENSRNOG00000011882",785
"ENSRNOG00000018766",248
"ENSRNOG00000021103",11
"ENSRNOG00000017050",15
"ENSRNOG00000046727",1
"ENSRNOG00000014706",0
"ENSRNOG00000049517",428
"ENSRNOG00000017512",56
"ENSRNOG00000017519",0
"ENSRNOG00000062546",0
"ENSRNOG00000018191",0
"ENSRNOG00000063236",0
"ENSRNOG00000037580",1834
"ENSRNOG00000070428",0
"ENSRNOG00000012074",1837
"ENSRNOG00000017012",54
"ENSRNOG00000068955",1162
"ENSRNOG00000022537",58
"ENSRNOG00000017620",0
"ENSRNOG00000019730",2026
"ENSRNOG00000019776",29
"ENSRNOG00000014030",64
"ENSRNOG00000062678",0
"ENSRNOG00000049944",703
"ENSRNOG00000020338",2
"ENSRNOG00000023968",66
"ENSRNOG00000026243",3926
"ENSRNOG00000066277",322
"ENSRNOG00000016717",477
"ENSRNOG00000055371",8
"ENSRNOG00000020533",10139
"ENSRNOG00000059224",1048
"ENSRNOG00000018960",6159
"ENSRNOG00000037080",21
"ENSRNOG00000050453",78
"ENSRNOG00000014061",1374
"ENSRNOG00000018873",2512
"ENSRNOG00000042776",186
"ENSRNOG00000021004",0
"ENSRNOG00000063590",889
"ENSRNOG00000018994",2985
"ENSRNOG00000017703",406
"ENSRNOG00000013840",4
"ENSRNOG00000019746",1497
"ENSRNOG00000013836",2625
"ENSRNOG00000011945",4947
"ENSRNOG00000029366",366
"ENSRNOG00000058388",4451
"ENSRNOG00000028470",0
"ENSRNOG00000037339",12
"ENSRNOG00000063077",0
"ENSRNOG00000017006",0
"ENSRNOG00000020848",707
"ENSRNOG00000018518",2065
"ENSRNOG00000019702",919
"ENSRNOG00000066741",0
"ENSRNOG00000055142",5
"ENSRNOG00000015829",8
"ENSRNOG00000012690",1749
"ENSRNOG00000017097",507
"ENSRNOG00000063091",0
"ENSRNOG00000018850",0
"ENSRNOG00000020486",340
"ENSRNOG00000060599",0
"ENSRNOG00000042702",965
"ENSRNOG00000019949",587
"ENSRNOG00000025126",144
"ENSRNOG00000042878",0
"ENSRNOG00000020867",1484
"ENSRNOG00000033714",0
"ENSRNOG00000017878",7
"ENSRNOG00000015807",12
"ENSRNOG00000025651",1025
"ENSRNOG00000020443",9
"ENSRNOG00000011282",10093
"ENSRNOG00000019962",236
"ENSRNOG00000023521",383
"ENSRNOG00000055028",1826
"ENSRNOG00000015560",1954
"ENSRNOG00000020035",0
"ENSRNOG00000071144",0
"ENSRNOG00000020827",0
"ENSRNOG00000032723",834
"ENSRNOG00000047616",0
"ENSRNOG00000056396",0
"ENSRNOG00000043388",495
"ENSRNOG00000020560",0
"ENSRNOG00000042728",1969
"ENSRNOG00000011460",2
"ENSRNOG00000013009",6239
"ENSRNOG00000066554",0
"ENSRNOG00000019409",0
"ENSRNOG00000046297",0
"ENSRNOG00000020615",1710
"ENSRNOG00000070579",0
"ENSRNOG00000011011",1
"ENSRNOG00000017109",34
"ENSRNOG00000065836",0
"ENSRNOG00000012286",0
"ENSRNOG00000021117",789
"ENSRNOG00000025378",7
"ENSRNOG00000020130",2500
"ENSRNOG00000019529",1648
"ENSRNOG00000010803",0
"ENSRNOG00000068066",19
"ENSRNOG00000016374",503
"ENSRNOG00000026114",587
"ENSRNOG00000064082",0
"ENSRNOG00000026514",14
"ENSRNOG00000020557",0
"ENSRNOG00000056946",1478
"ENSRNOG00000058030",325
"ENSRNOG00000011313",17
"ENSRNOG00000049179",219
"ENSRNOG00000032246",16
"ENSRNOG00000020660",22106
"ENSRNOG00000025075",28
"ENSRNOG00000019426",300
"ENSRNOG00000068556",0
"ENSRNOG00000013718",1767
"ENSRNOG00000013739",0
"ENSRNOG00000062758",0
"ENSRNOG00000037247",1689
"ENSRNOG00000065597",13
"ENSRNOG00000012052",0
"ENSRNOG00000036703",51
"ENSRNOG00000052273",120
"ENSRNOG00000013969",823
"ENSRNOG00000020817",0
"ENSRNOG00000018462",217
"ENSRNOG00000019124",2
"ENSRNOG00000063481",3
"ENSRNOG00000066191",0
"ENSRNOG00000016429",0
"ENSRNOG00000012366",2767
"ENSRNOG00000019080",906
"ENSRNOG00000013103",27
"ENSRNOG00000019194",0
"ENSRNOG00000068986",0
"ENSRNOG00000019278",0
"ENSRNOG00000059492",307
"ENSRNOG00000020489",0
"ENSRNOG00000018993",5003
"ENSRNOG00000018916",574
"ENSRNOG00000066224",8
"ENSRNOG00000066488",0
"ENSRNOG00000042605",1
"ENSRNOG00000069320",1
"ENSRNOG00000020380",8
"ENSRNOG00000014673",170
"ENSRNOG00000016206",1192
"ENSRNOG00000016210",25
"ENSRNOG00000019145",3718
"ENSRNOG00000019674",378
"ENSRNOG00000065238",0
"ENSRNOG00000020617",492
"ENSRNOG00000017021",127
"ENSRNOG00000066358",241
"ENSRNOG00000031331",0
"ENSRNOG00000024288",0
"ENSRNOG00000011932",193
"ENSRNOG00000013436",0
"ENSRNOG00000032805",0
"ENSRNOG00000065747",23
"ENSRNOG00000013381",2630
"ENSRNOG00000020479",2734
"ENSRNOG00000036859",55
"ENSRNOG00000019883",398
"ENSRNOG00000016683",129
"ENSRNOG00000051867",91
"ENSRNOG00000045741",112
"ENSRNOG00000057384",232
"ENSRNOG00000019685",7
"ENSRNOG00000011308",2776
"ENSRNOG00000030266",1378
"ENSRNOG00000021140",68
"ENSRNOG00000068399",25
"ENSRNOG00000016573",774
"ENSRNOG00000051578",166
"ENSRNOG00000064148",0
"ENSRNOG00000025167",1593
"ENSRNOG00000021763",0
"ENSRNOG00000066618",584
"ENSRNOG00000043056",0
"ENSRNOG00000020495",1861
"ENSRNOG00000060206",1929
"ENSRNOG00000020596",1190
"ENSRNOG00000015520",99
"ENSRNOG00000056036",155
"ENSRNOG00000055531",221
"ENSRNOG00000045838",1503
"ENSRNOG00000020904",448
"ENSRNOG00000020271",2120
"ENSRNOG00000055796",0
"ENSRNOG00000032668",321
"ENSRNOG00000068024",12
"ENSRNOG00000028113",232
"ENSRNOG00000047124",84
"ENSRNOG00000012067",48
"ENSRNOG00000047696",0
"ENSRNOG00000020125",1
"ENSRNOG00000026115",715
"ENSRNOG00000042347",70
"ENSRNOG00000026857",221
"ENSRNOG00000020607",752
"ENSRNOG00000013057",393
"ENSRNOG00000070288",0
"ENSRNOG00000063345",0
"ENSRNOG00000019861",1384
"ENSRNOG00000013194",129
"ENSRNOG00000020906",265
"ENSRNOG00000032077",0
"ENSRNOG00000036571",12
"ENSRNOG00000012360",2001
"ENSRNOG00000058133",70
"ENSRNOG00000023496",12
"ENSRNOG00000019178",942
"ENSRNOG00000014373",4
"ENSRNOG00000014187",1755
"ENSRNOG00000016498",417
"ENSRNOG00000061795",875
"ENSRNOG00000064840",25
"ENSRNOG00000019212",6993
"ENSRNOG00000070202",5
"ENSRNOG00000069377",0
"ENSRNOG00000020635",342
"ENSRNOG00000047176",0
"ENSRNOG00000017120",1785
"ENSRNOG00000020369",0
"ENSRNOG00000020276",2
"ENSRNOG00000069701",4
"ENSRNOG00000053583",0
"ENSRNOG00000042059",25
"ENSRNOG00000026040",26
"ENSRNOG00000012683",939
"ENSRNOG00000068180",21
"ENSRNOG00000021499",0
"ENSRNOG00000022822",166
"ENSRNOG00000026891",769
"ENSRNOG00000068324",0
"ENSRNOG00000014565",890
"ENSRNOG00000022669",0
"ENSRNOG00000051815",93
"ENSRNOG00000051782",0
"ENSRNOG00000034038",0
"ENSRNOG00000019193",61
"ENSRNOG00000024363",1052
"ENSRNOG00000060707",1457
"ENSRNOG00000012357",770
"ENSRNOG00000024000",0
"ENSRNOG00000016978",1
"ENSRNOG00000011659",1
"ENSRNOG00000018928",94
"ENSRNOG00000011599",46
"ENSRNOG00000052070",10
"ENSRNOG00000069477",2
"ENSRNOG00000019879",0
"ENSRNOG00000049295",0
"ENSRNOG00000050282",3204
"ENSRNOG00000024245",0
"ENSRNOG00000054506",0
"ENSRNOG00000020835",56
"ENSRNOG00000043007",2147
"ENSRNOG00000012442",200
"ENSRNOG00000012236",2
"ENSRNOG00000014513",131
"ENSRNOG00000066021",0
"ENSRNOG00000018158",1961
"ENSRNOG00000021106",2222
"ENSRNOG00000015540",2944
"ENSRNOG00000021108",0
"ENSRNOG00000050104",4058
"ENSRNOG00000018390",5175
"ENSRNOG00000021484",1486
"ENSRNOG00000018683",2048
"ENSRNOG00000013563",0
"ENSRNOG00000063992",0
"ENSRNOG00000026957",0
"ENSRNOG00000017716",0
"ENSRNOG00000020583",1631
"ENSRNOG00000050828",2007
"ENSRNOG00000065151",0
"ENSRNOG00000018385",0
"ENSRNOG00000025216",281
"ENSRNOG00000020953",118
"ENSRNOG00000018083",705
"ENSRNOG00000019301",0
"ENSRNOG00000026408",417
"ENSRNOG00000015518",1
"ENSRNOG00000069809",0
"ENSRNOG00000017762",9
"ENSRNOG00000065783",125
"ENSRNOG00000055775",0
"ENSRNOG00000023274",302
"ENSRNOG00000021207",0
"ENSRNOG00000050024",0
"ENSRNOG00000071184",0
"ENSRNOG00000019666",1424
"ENSRNOG00000049277",2
"ENSRNOG00000028909",0
"ENSRNOG00000020527",2292
"ENSRNOG00000047431",0
"ENSRNOG00000018207",715
"ENSRNOG00000033881",6
"ENSRNOG00000016358",1
"ENSRNOG00000069807",0
"ENSRNOG00000026527",75
"ENSRNOG00000019725",5303
"ENSRNOG00000019982",562
"ENSRNOG00000045568",1158
"ENSRNOG00000016728",205
"ENSRNOG00000036649",430
"ENSRNOG00000070689",1109
"ENSRNOG00000045561",463
"ENSRNOG00000020595",24106
"ENSRNOG00000018674",253
"ENSRNOG00000020389",2
"ENSRNOG00000055506",10
"ENSRNOG00000018322",9348
"ENSRNOG00000064559",0
"ENSRNOG00000019851",471
"ENSRNOG00000016120",0
"ENSRNOG00000019920",9
"ENSRNOG00000020839",124
"ENSRNOG00000064232",198
"ENSRNOG00000050180",1382
"ENSRNOG00000067792",0
"ENSRNOG00000019675",112
"ENSRNOG00000020551",1513
"ENSRNOG00000047756",2401
"ENSRNOG00000013374",0
"ENSRNOG00000020245",2
"ENSRNOG00000066875",349
"ENSRNOG00000018962",336
"ENSRNOG00000014486",201
"ENSRNOG00000024793",122
"ENSRNOG00000056223",443
"ENSRNOG00000012292",413
"ENSRNOG00000020433",9510
"ENSRNOG00000046635",119
"ENSRNOG00000020618",4501
"ENSRNOG00000012698",2666
"ENSRNOG00000050741",67
"ENSRNOG00000010775",524
"ENSRNOG00000019935",487
"ENSRNOG00000012383",3448
"ENSRNOG00000020301",0
"ENSRNOG00000026296",11
"ENSRNOG00000019960",784
"ENSRNOG00000020614",58
"ENSRNOG00000012404",1
"ENSRNOG00000017487",1
"ENSRNOG00000016926",21
"ENSRNOG00000064709",0
"ENSRNOG00000046333",378
"ENSRNOG00000019461",171
"ENSRNOG00000063251",3
"ENSRNOG00000012494",105
"ENSRNOG00000050624",199
"ENSRNOG00000016751",646
"ENSRNOG00000067190",0
"ENSRNOG00000021050",0
"ENSRNOG00000019077",2659
"ENSRNOG00000021029",1
"ENSRNOG00000027505",0
"ENSRNOG00000030907",6
"ENSRNOG00000014862",0
"ENSRNOG00000013017",365
"ENSRNOG00000036604",1061
"ENSRNOG00000019190",0
"ENSRNOG00000019439",4156
"ENSRNOG00000019358",164
"ENSRNOG00000017195",2807
"ENSRNOG00000016603",63
"ENSRNOG00000065273",9805
"ENSRNOG00000067633",0
"ENSRNOG00000069759",0
"ENSRNOG00000018987",488
"ENSRNOG00000068256",0
"ENSRNOG00000062262",0
"ENSRNOG00000027374",0
"ENSRNOG00000049161",0
"ENSRNOG00000022748",316
"ENSRNOG00000016689",245
"ENSRNOG00000018929",101
"ENSRNOG00000020623",489
"ENSRNOG00000018487",5570
"ENSRNOG00000019701",481
"ENSRNOG00000022386",1
"ENSRNOG00000033733",2
"ENSRNOG00000026005",1068
"ENSRNOG00000060269",7
"ENSRNOG00000032293",243
"ENSRNOG00000020354",1489
"ENSRNOG00000064201",0
"ENSRNOG00000024530",103
"ENSRNOG00000020637",7
"ENSRNOG00000015003",360
"ENSRNOG00000018725",1203
"ENSRNOG00000030981",7
"ENSRNOG00000055401",0
"ENSRNOG00000054955",0
"ENSRNOG00000017118",1157
"ENSRNOG00000033507",0
"ENSRNOG00000070964",121
"ENSRNOG00000033744",0
"ENSRNOG00000022900",0
"ENSRNOG00000014783",338
"ENSRNOG00000020634",333
"ENSRNOG00000011637",0
"ENSRNOG00000050426",3
"ENSRNOG00000019724",13779
"ENSRNOG00000016496",3
"ENSRNOG00000048733",653
"ENSRNOG00000022839",60
"ENSRNOG00000014923",36
"ENSRNOG00000025142",315
"ENSRNOG00000020148",8
"ENSRNOG00000067262",2426
"ENSRNOG00000063548",0
"ENSRNOG00000025052",411
"ENSRNOG00000017842",0
"ENSRNOG00000033901",0
"ENSRNOG00000018815",341
"ENSRNOG00000020726",833
"ENSRNOG00000053015",201
"ENSRNOG00000068678",0
"ENSRNOG00000020650",37
"ENSRNOG00000047027",0
"ENSRNOG00000065380",7
"ENSRNOG00000019245",426
"ENSRNOG00000011680",821
"ENSRNOG00000036603",95
"ENSRNOG00000020060",432
"ENSRNOG00000020430",1526
"ENSRNOG00000019687",1
"ENSRNOG00000017619",11
"ENSRNOG00000018163",45
"ENSRNOG00000017850",71
"ENSRNOG00000047401",1
"ENSRNOG00000064037",2
"ENSRNOG00000015078",15175
"ENSRNOG00000020505",37
"ENSRNOG00000014936",10912
"ENSRNOG00000018052",918
"ENSRNOG00000019050",21
"ENSRNOG00000019342",1
"ENSRNOG00000022321",145
"ENSRNOG00000020191",849
"ENSRNOG00000018974",0
"ENSRNOG00000036645",1
"ENSRNOG00000018042",843
"ENSRNOG00000064039",1
"ENSRNOG00000059551",0
"ENSRNOG00000020903",247
"ENSRNOG00000018840",332
"ENSRNOG00000004144",7
"ENSRNOG00000018391",2772
"ENSRNOG00000020289",6291
"ENSRNOG00000017227",1773
"ENSRNOG00000020851",1215
"ENSRNOG00000011068",941
"ENSRNOG00000043141",451
"ENSRNOG00000015088",6846
"ENSRNOG00000064647",1270
"ENSRNOG00000017114",1292
"ENSRNOG00000060008",454
"ENSRNOG00000018176",3260
"ENSRNOG00000021724",3
"ENSRNOG00000020638",23
"ENSRNOG00000060693",46
"ENSRNOG00000051256",354
"ENSRNOG00000027228",10
"ENSRNOG00000029061",80
"ENSRNOG00000017510",1230
"ENSRNOG00000018838",220
"ENSRNOG00000017222",1755
"ENSRNOG00000065211",0
"ENSRNOG00000020918",3797
"ENSRNOG00000017889",297
"ENSRNOG00000070275",0
"ENSRNOG00000014589",340
"ENSRNOG00000017608",840
"ENSRNOG00000020864",1
"ENSRNOG00000017927",2
"ENSRNOG00000023360",783
"ENSRNOG00000068667",1
"ENSRNOG00000019873",2767
"ENSRNOG00000030888",3973
"ENSRNOG00000011683",24
"ENSRNOG00000018599",2108
"ENSRNOG00000021689",400
"ENSRNOG00000024036",225
"ENSRNOG00000066192",0
"ENSRNOG00000015727",1278
"ENSRNOG00000069824",0
"ENSRNOG00000024625",1484
"ENSRNOG00000011352",8291
"ENSRNOG00000017725",0
"ENSRNOG00000020484",1
"ENSRNOG00000020742",4409
"ENSRNOG00000018877",417
"ENSRNOG00000020922",4697
"ENSRNOG00000069778",0
"ENSRNOG00000011213",327
"ENSRNOG00000020929",870
"ENSRNOG00000018627",106
"ENSRNOG00000030180",2
"ENSRNOG00000019858",125
"ENSRNOG00000019813",1221
"ENSRNOG00000019913",2133
"ENSRNOG00000067655",61
"ENSRNOG00000023530",0
"ENSRNOG00000019005",1282
"ENSRNOG00000014234",645
"ENSRNOG00000016593",1
"ENSRNOG00000014471",1
"ENSRNOG00000021924",0
"ENSRNOG00000022521",56
"ENSRNOG00000052802",952
"ENSRNOG00000012196",296
"ENSRNOG00000010630",3226
"ENSRNOG00000033195",1
"ENSRNOG00000067451",0
"ENSRNOG00000014078",2795
"ENSRNOG00000036866",1217
"ENSRNOG00000014183",1446
"ENSRNOG00000065313",1
"ENSRNOG00000014482",1591
"ENSRNOG00000065825",0
"ENSRNOG00000012061",0
"ENSRNOG00000020076",1030
"ENSRNOG00000059786",0
"ENSRNOG00000030689",72
"ENSRNOG00000020081",408
"ENSRNOG00000047986",0
"ENSRNOG00000014833",473
"ENSRNOG00000050742",424
"ENSRNOG00000012898",0
"ENSRNOG00000021405",0
"ENSRNOG00000016770",1204
"ENSRNOG00000070398",0
"ENSRNOG00000067528",0
"ENSRNOG00000019914",57
"ENSRNOG00000028746",5922
"ENSRNOG00000063815",0
"ENSRNOG00000048028",528
"ENSRNOG00000069697",31
"ENSRNOG00000062869",1
"ENSRNOG00000066824",0
"ENSRNOG00000069311",177
"ENSRNOG00000046915",23
"ENSRNOG00000014276",450
"ENSRNOG00000031328",521
"ENSRNOG00000016701",1012
"ENSRNOG00000027944",0
"ENSRNOG00000042679",1069
"ENSRNOG00000027919",39
"ENSRNOG00000013890",0
"ENSRNOG00000068425",1
"ENSRNOG00000026432",10
"ENSRNOG00000011262",1274
"ENSRNOG00000026065",3
"ENSRNOG00000028617",1
"ENSRNOG00000064978",0
"ENSRNOG00000043503",1437
"ENSRNOG00000062534",3477
"ENSRNOG00000019464",454
"ENSRNOG00000001492",297
"ENSRNOG00000021916",862
"ENSRNOG00000064242",0
"ENSRNOG00000015304",149
"ENSRNOG00000062406",726
"ENSRNOG00000015376",13
"ENSRNOG00000020773",364
"ENSRNOG00000047204",0
"ENSRNOG00000020039",69
"ENSRNOG00000016907",889
"ENSRNOG00000025799",0
"ENSRNOG00000038251",0
"ENSRNOG00000053347",210
"ENSRNOG00000025110",70
"ENSRNOG00000040273",8445
"ENSRNOG00000021390",107
"ENSRNOG00000020144",678
"ENSRNOG00000062548",19
"ENSRNOG00000014531",1968
"ENSRNOG00000014256",2
"ENSRNOG00000020165",71
"ENSRNOG00000028832",0
"ENSRNOG00000020434",24
"ENSRNOG00000030788",0
"ENSRNOG00000071102",0
"ENSRNOG00000023314",0
"ENSRNOG00000020294",0
"ENSRNOG00000014353",1045
"ENSRNOG00000069356",0
"ENSRNOG00000009482",243
"ENSRNOG00000068806",4
"ENSRNOG00000037415",148
"ENSRNOG00000036760",0
"ENSRNOG00000063830",0
"ENSRNOG00000062555",0
"ENSRNOG00000068225",0
"ENSRNOG00000042158",0
"ENSRNOG00000014768",5032
"ENSRNOG00000027936",224
"ENSRNOG00000058050",4754
"ENSRNOG00000021021",0
"ENSRNOG00000019973",408
"ENSRNOG00000060146",697
"ENSRNOG00000050395",0
"ENSRNOG00000020075",41492
"ENSRNOG00000067421",1
"ENSRNOG00000065857",0
"ENSRNOG00000021062",2007
"ENSRNOG00000026039",3
"ENSRNOG00000030616",43
"ENSRNOG00000001494",2519
"ENSRNOG00000037467",0
"ENSRNOG00000014215",936
"ENSRNOG00000023296",315
"ENSRNOG00000069798",0
"ENSRNOG00000019142",1508
"ENSRNOG00000039955",0
"ENSRNOG00000020776",749
"ENSRNOG00000053725",919
"ENSRNOG00000017198",0
"ENSRNOG00000012259",0
"ENSRNOG00000014979",0
"ENSRNOG00000063119",0
"ENSRNOG00000020705",99
"ENSRNOG00000011245",487
"ENSRNOG00000021113",534
"ENSRNOG00000062873",1
"ENSRNOG00000032677",5919
"ENSRNOG00000014907",1
"ENSRNOG00000015128",1371
"ENSRNOG00000010861",1572
"ENSRNOG00000063968",0
"ENSRNOG00000020457",1666
"ENSRNOG00000015229",1124
"ENSRNOG00000021053",221
"ENSRNOG00000020692",601
"ENSRNOG00000063913",0
"ENSRNOG00000015473",237
"ENSRNOG00000021060",5
"ENSRNOG00000015948",1502
"ENSRNOG00000020873",0
"ENSRNOG00000025350",866
"ENSRNOG00000064444",178
"ENSRNOG00000016055",755
"ENSRNOG00000012701",57
"ENSRNOG00000045677",1
"ENSRNOG00000016145",1170
"ENSRNOG00000017955",244
"ENSRNOG00000020807",228
"ENSRNOG00000046667",120
"ENSRNOG00000013279",220
"ENSRNOG00000047605",41
"ENSRNOG00000010117",6053
"ENSRNOG00000018282",352
"ENSRNOG00000013456",256
"ENSRNOG00000070097",6
"ENSRNOG00000025111",21
"ENSRNOG00000049028",45
"ENSRNOG00000024931",3
"ENSRNOG00000067230",0
"ENSRNOG00000011720",945
"ENSRNOG00000066925",189
"ENSRNOG00000024278",1581
"ENSRNOG00000014132",151
"ENSRNOG00000019507",953
"ENSRNOG00000012387",0
"ENSRNOG00000062787",0
"ENSRNOG00000070506",4
"ENSRNOG00000012311",0
"ENSRNOG00000020907",0
"ENSRNOG00000054568",0
"ENSRNOG00000062379",0
"ENSRNOG00000014254",1248
"ENSRNOG00000021085",4776
"ENSRNOG00000020451",106
"ENSRNOG00000027607",0
"ENSRNOG00000049951",610
"ENSRNOG00000055934",0
"ENSRNOG00000027288",0
"ENSRNOG00000020702",1445
"ENSRNOG00000013422",2860
"ENSRNOG00000029485",0
"ENSRNOG00000021123",295
"ENSRNOG00000021052",2179
"ENSRNOG00000062949",1
"ENSRNOG00000019229",267
"ENSRNOG00000020845",0
"ENSRNOG00000020704",165
"ENSRNOG00000034000",0
"ENSRNOG00000020849",0
"ENSRNOG00000017225",1530
"ENSRNOG00000022737",0
"ENSRNOG00000013202",519
"ENSRNOG00000067501",579
"ENSRNOG00000024331",1
"ENSRNOG00000013791",7118
"ENSRNOG00000021125",8659
"ENSRNOG00000046000",542
"ENSRNOG00000015036",7514
"ENSRNOG00000013239",478
"ENSRNOG00000009954",4247
"ENSRNOG00000033235",220
"ENSRNOG00000063281",0
"ENSRNOG00000025951",0
"ENSRNOG00000025890",586
"ENSRNOG00000016073",0
"ENSRNOG00000064373",32
"ENSRNOG00000013845",218
"ENSRNOG00000064229",5
"ENSRNOG00000055286",1558
"ENSRNOG00000020872",1
"ENSRNOG00000016367",4179
"ENSRNOG00000045543",108
"ENSRNOG00000011134",64
"ENSRNOG00000016265",6762
"ENSRNOG00000069626",0
"ENSRNOG00000019260",0
"ENSRNOG00000019964",1113
"ENSRNOG00000062857",0
"ENSRNOG00000069343",0
"ENSRNOG00000021023",0
"ENSRNOG00000063303",0
"ENSRNOG00000043416",617
"ENSRNOG00000012536",1089
"ENSRNOG00000062338",0
"ENSRNOG00000054771",0
"ENSRNOG00000064016",0
"ENSRNOG00000058701",0
"ENSRNOG00000013023",2735
"ENSRNOG00000047783",0
"ENSRNOG00000059451",0
"ENSRNOG00000069415",0
"ENSRNOG00000064394",0
"ENSRNOG00000064313",0
"ENSRNOG00000064859",0
"ENSRNOG00000056651",2421
"ENSRNOG00000063075",0
"ENSRNOG00000053726",0
"ENSRNOG00000014671",0
"ENSRNOG00000016756",7
"ENSRNOG00000066430",0
"ENSRNOG00000066090",0
"ENSRNOG00000070373",0
"ENSRNOG00000068998",0
"ENSRNOG00000068164",0
"ENSRNOG00000026848",0
"ENSRNOG00000020636",363
"ENSRNOG00000066861",0
"ENSRNOG00000020715",10597
"ENSRNOG00000019220",1069
"ENSRNOG00000058087",0
"ENSRNOG00000066787",0
"ENSRNOG00000029825",1
"ENSRNOG00000069284",0
"ENSRNOG00000066821",0
"ENSRNOG00000061657",1
"ENSRNOG00000064132",1825
"ENSRNOG00000015852",3499
"ENSRNOG00000059226",0
"ENSRNOG00000020676",432
"ENSRNOG00000068933",2
"ENSRNOG00000020250",340
"ENSRNOG00000056605",0
"ENSRNOG00000052644",0
"ENSRNOG00000031700",355
"ENSRNOG00000020939",0
"ENSRNOG00000052375",0
"ENSRNOG00000070882",0
"ENSRNOG00000056383",0
"ENSRNOG00000018730",617
"ENSRNOG00000060033",0
"ENSRNOG00000014997",7002
"ENSRNOG00000051400",0
"ENSRNOG00000054845",0
"ENSRNOG00000020881",1363
"ENSRNOG00000052274",0
"ENSRNOG00000057302",0
"ENSRNOG00000058048",0
"ENSRNOG00000054906",0
"ENSRNOG00000052529",0
"ENSRNOG00000049464",0
"ENSRNOG00000020201",1220
"ENSRNOG00000056570",0
"ENSRNOG00000020687",73
"ENSRNOG00000057316",0
"ENSRNOG00000020021",2
"ENSRNOG00000069029",1
"ENSRNOG00000065477",1
"ENSRNOG00000066898",0
"ENSRNOG00000048848",440
"ENSRNOG00000054326",0
"ENSRNOG00000051415",0
"ENSRNOG00000062449",0
"ENSRNOG00000068699",0
"ENSRNOG00000054954",1
"ENSRNOG00000039865",1
"ENSRNOG00000066016",0
"ENSRNOG00000058518",0
"ENSRNOG00000058612",0
"ENSRNOG00000017294",365
"ENSRNOG00000016219",10
"ENSRNOG00000070599",0
"ENSRNOG00000055235",0
"ENSRNOG00000012591",0
"ENSRNOG00000020989",370
"ENSRNOG00000063019",0
"ENSRNOG00000063624",0
"ENSRNOG00000020890",0
"ENSRNOG00000013994",9208
"ENSRNOG00000071180",0
"ENSRNOG00000021057",2433
"ENSRNOG00000016337",0
"ENSRNOG00000057287",0
"ENSRNOG00000017699",0
"ENSRNOG00000057762",6
"ENSRNOG00000042330",1
"ENSRNOG00000063671",0
"ENSRNOG00000069014",3
"ENSRNOG00000018107",3559
"ENSRNOG00000069257",0
"ENSRNOG00000015868",0
"ENSRNOG00000065928",0
"ENSRNOG00000069776",13
"ENSRNOG00000015271",176
"ENSRNOG00000011346",5026
"ENSRNOG00000057595",0
"ENSRNOG00000054413",0
"ENSRNOG00000068160",0
"ENSRNOG00000064297",0
"ENSRNOG00000036576",1786
"ENSRNOG00000060256",2
"ENSRNOG00000020000",668
"ENSRNOG00000027161",230
"ENSRNOG00000070002",0
"ENSRNOG00000066094",27
"ENSRNOG00000045795",966
"ENSRNOG00000054919",0
"ENSRNOG00000061526",3
"ENSRNOG00000058441",0
"ENSRNOG00000021133",960
"ENSRNOG00000055858",0
"ENSRNOG00000056552",0
"ENSRNOG00000051330",0
"ENSRNOG00000016625",0
"ENSRNOG00000067944",5
"ENSRNOG00000025476",267
"ENSRNOG00000021174",252
"ENSRNOG00000056695",2
"ENSRNOG00000017002",3
"ENSRNOG00000023863",0
"ENSRNOG00000062946",25
"ENSRNOG00000051994",0
"ENSRNOG00000021139",149
"ENSRNOG00000055626",0
"ENSRNOG00000066467",0
"ENSRNOG00000027156",333
"ENSRNOG00000062785",0
"ENSRNOG00000014984",671
"ENSRNOG00000022946",0
"ENSRNOG00000013304",160
"ENSRNOG00000053994",0
"ENSRNOG00000018978",0
"ENSRNOG00000060119",0
"ENSRNOG00000056990",0
"ENSRNOG00000020703",819
"ENSRNOG00000068737",0
"ENSRNOG00000012514",384
"ENSRNOG00000014675",1258
"ENSRNOG00000015598",34
"ENSRNOG00000055881",0
"ENSRNOG00000042786",1412
"ENSRNOG00000059251",2
"ENSRNOG00000070315",0
"ENSRNOG00000069514",0
"ENSRNOG00000015085",21
"ENSRNOG00000068948",0
"ENSRNOG00000064681",0
"ENSRNOG00000021071",0
"ENSRNOG00000063530",0
"ENSRNOG00000059386",1032
"ENSRNOG00000064306",0
"ENSRNOG00000017326",1096
"ENSRNOG00000016411",714
"ENSRNOG00000063743",0
"ENSRNOG00000021090",29
"ENSRNOG00000071006",0
"ENSRNOG00000014173",959
"ENSRNOG00000020941",1678
"ENSRNOG00000065738",0
"ENSRNOG00000029399",136
"ENSRNOG00000062905",0
"ENSRNOG00000018553",1368
"ENSRNOG00000069190",0
"ENSRNOG00000020247",66
"ENSRNOG00000067483",167
"ENSRNOG00000017223",11
"ENSRNOG00000068769",0
"ENSRNOG00000064470",0
"ENSRNOG00000067484",0
"ENSRNOG00000043088",1
"ENSRNOG00000060933",0
"ENSRNOG00000067177",0
"ENSRNOG00000064817",0
"ENSRNOG00000016448",893
"ENSRNOG00000057912",0
"ENSRNOG00000015406",1194
"ENSRNOG00000027459",498
"ENSRNOG00000067875",0
"ENSRNOG00000015670",2392
"ENSRNOG00000022289",1315
"ENSRNOG00000024497",7
"ENSRNOG00000061412",0
"ENSRNOG00000058715",0
"ENSRNOG00000020935",1264
"ENSRNOG00000068343",0
"ENSRNOG00000019202",504
"ENSRNOG00000063140",0
"ENSRNOG00000062468",0
"ENSRNOG00000025245",963
"ENSRNOG00000018018",3
"ENSRNOG00000068901",0
"ENSRNOG00000020996",1024
"ENSRNOG00000016089",0
"ENSRNOG00000062886",0
"ENSRNOG00000066651",0
"ENSRNOG00000067806",0
"ENSRNOG00000068836",0
"ENSRNOG00000067110",0
"ENSRNOG00000062579",0
"ENSRNOG00000027487",3897
"ENSRNOG00000067331",0
"ENSRNOG00000062847",0
"ENSRNOG00000020784",1
"ENSRNOG00000071174",0
"ENSRNOG00000068398",0
"ENSRNOG00000070897",933
"ENSRNOG00000065172",0
"ENSRNOG00000020957",23
"ENSRNOG00000052664",5293
"ENSRNOG00000069147",0
"ENSRNOG00000012782",963
"ENSRNOG00000022153",2417
"ENSRNOG00000043328",1037
"ENSRNOG00000070833",0
"ENSRNOG00000012142",0
"ENSRNOG00000019771",16
"ENSRNOG00000012346",1311
"ENSRNOG00000020299",521
"ENSRNOG00000027514",1862
"ENSRNOG00000018847",3348
"ENSRNOG00000021179",545
"ENSRNOG00000055525",886
"ENSRNOG00000016058",421
"ENSRNOG00000027550",133
"ENSRNOG00000020620",6
"ENSRNOG00000018086",0
"ENSRNOG00000013387",148
"ENSRNOG00000064524",3
"ENSRNOG00000049821",0
"ENSRNOG00000015232",110
"ENSRNOG00000024309",831
"ENSRNOG00000019069",7007
"ENSRNOG00000048337",527
"ENSRNOG00000054618",0
"ENSRNOG00000017448",137
"ENSRNOG00000022428",26
"ENSRNOG00000068513",0
"ENSRNOG00000020350",2454
"ENSRNOG00000011815",559
"ENSRNOG00000017463",169
"ENSRNOG00000021573",3333
"ENSRNOG00000017468",166
"ENSRNOG00000019266",3806
"ENSRNOG00000043378",2
"ENSRNOG00000013565",641
"ENSRNOG00000020409",3
"ENSRNOG00000019341",1277
"ENSRNOG00000063960",1
"ENSRNOG00000056208",0
"ENSRNOG00000070696",1
"ENSRNOG00000070767",23
"ENSRNOG00000022044",1
"ENSRNOG00000019965",16635
"ENSRNOG00000017692",720
"ENSRNOG00000017980",4
"ENSRNOG00000016371",367
"ENSRNOG00000036615",0
"ENSRNOG00000057645",17
"ENSRNOG00000019419",211
"ENSRNOG00000036622",0
"ENSRNOG00000020552",609
"ENSRNOG00000018215",0
"ENSRNOG00000021097",0
"ENSRNOG00000037931",1240
"ENSRNOG00000047061",2
"ENSRNOG00000016627",3
"ENSRNOG00000021828",5317
"ENSRNOG00000017064",4
"ENSRNOG00000070113",0
"ENSRNOG00000070266",0
"ENSRNOG00000043486",245
"ENSRNOG00000016700",0
"ENSRNOG00000022742",100
"ENSRNOG00000016280",991
"ENSRNOG00000048688",0
"ENSRNOG00000046222",27
"ENSRNOG00000063861",0
"ENSRNOG00000016883",358
"ENSRNOG00000059513",0
"ENSRNOG00000024065",13
"ENSRNOG00000012122",0
"ENSRNOG00000017412",77
"ENSRNOG00000067391",0
"ENSRNOG00000063690",0
"ENSRNOG00000025581",0
"ENSRNOG00000013847",5
"ENSRNOG00000059500",2
"ENSRNOG00000048495",289
"ENSRNOG00000013323",975
"ENSRNOG00000067152",0
"ENSRNOG00000020388",765
"ENSRNOG00000013965",370
"ENSRNOG00000029608",0
"ENSRNOG00000026764",0
"ENSRNOG00000067512",20
"ENSRNOG00000017419",441
"ENSRNOG00000021102",64
"ENSRNOG00000063892",0
"ENSRNOG00000013192",0
"ENSRNOG00000014928",191
"ENSRNOG00000015465",67
"ENSRNOG00000058291",36
"ENSRNOG00000014786",183
"ENSRNOG00000019596",509
"ENSRNOG00000017230",1626
"ENSRNOG00000014485",2991
"ENSRNOG00000021098",690
"ENSRNOG00000051051",883
"ENSRNOG00000011584",246
"ENSRNOG00000024243",1603
"ENSRNOG00000015912",1564
"ENSRNOG00000020598",151
"ENSRNOG00000023367",0
"ENSRNOG00000028247",122
"ENSRNOG00000016434",529
"ENSRNOG00000013331",1695
"ENSRNOG00000036592",197
"ENSRNOG00000062907",6
"ENSRNOG00000021067",0
"ENSRNOG00000019862",107
"ENSRNOG00000021175",169
"ENSRNOG00000018137",843
"ENSRNOG00000021644",4
"ENSRNOG00000014163",1
"ENSRNOG00000057569",49611
"ENSRNOG00000019915",528
"ENSRNOG00000017164",259
"ENSRNOG00000020781",990
"ENSRNOG00000021338",1647
"ENSRNOG00000032042",1017
"ENSRNOG00000061774",0
"ENSRNOG00000066708",0
"ENSRNOG00000014190",268
"ENSRNOG00000018985",929
"ENSRNOG00000068291",0
"ENSRNOG00000020799",544
"ENSRNOG00000036641",2
"ENSRNOG00000022485",1552
"ENSRNOG00000062751",7
"ENSRNOG00000069113",4028
"ENSRNOG00000064819",0
"ENSRNOG00000066174",7
"ENSRNOG00000026501",0
"ENSRNOG00000018272",352
"ENSRNOG00000066988",243
"ENSRNOG00000024677",139
"ENSRNOG00000016416",3592
"ENSRNOG00000011114",15
"ENSRNOG00000030572",835
"ENSRNOG00000017731",566
"ENSRNOG00000020689",421
"ENSRNOG00000021202",6295
"ENSRNOG00000011161",1314
"ENSRNOG00000042944",99
"ENSRNOG00000020997",0
"ENSRNOG00000017302",0
"ENSRNOG00000017298",96
"ENSRNOG00000046776",0
"ENSRNOG00000013364",755
"ENSRNOG00000021137",450
"ENSRNOG00000020480",5424
"ENSRNOG00000011568",34
"ENSRNOG00000036598",437
"ENSRNOG00000042397",0
"ENSRNOG00000014240",260
"ENSRNOG00000067478",0
"ENSRNOG00000020394",1524
"ENSRNOG00000057578",0
"ENSRNOG00000019968",1510
"ENSRNOG00000063244",241
"ENSRNOG00000012720",0
"ENSRNOG00000021144",942
"ENSRNOG00000032706",0
"ENSRNOG00000027370",0
"ENSRNOG00000011588",673
"ENSRNOG00000018337",0
"ENSRNOG00000028017",2481
"ENSRNOG00000021018",4
"ENSRNOG00000020514",11
"ENSRNOG00000018237",7559
"ENSRNOG00000027724",447
"ENSRNOG00000011622",476
"ENSRNOG00000019112",0
"ENSRNOG00000021119",229
"ENSRNOG00000019311",1172
"ENSRNOG00000067490",0
"ENSRNOG00000055547",18
"ENSRNOG00000021086",447
"ENSRNOG00000013938",278
"ENSRNOG00000016253",0
"ENSRNOG00000061597",30
"ENSRNOG00000012458",5
"ENSRNOG00000064485",43
"ENSRNOG00000019435",107
"ENSRNOG00000024266",117
"ENSRNOG00000017414",706
"ENSRNOG00000068028",2
"ENSRNOG00000066874",208
"ENSRNOG00000018860",311
"ENSRNOG00000037485",0
"ENSRNOG00000016960",622
"ENSRNOG00000042309",55
"ENSRNOG00000019509",98
"ENSRNOG00000016166",2641
"ENSRNOG00000012324",19
"ENSRNOG00000019574",576
"ENSRNOG00000017396",1865
"ENSRNOG00000028261",19
"ENSRNOG00000020985",5
"ENSRNOG00000067971",1
"ENSRNOG00000013971",2546
"ENSRNOG00000019902",7
"ENSRNOG00000014721",1092
"ENSRNOG00000069558",9
"ENSRNOG00000021054",1581
"ENSRNOG00000012581",1
"ENSRNOG00000025353",48
"ENSRNOG00000019936",217
"ENSRNOG00000021156",5111
"ENSRNOG00000028357",25
"ENSRNOG00000020888",0
"ENSRNOG00000066761",0
"ENSRNOG00000066093",863
"ENSRNOG00000023434",1
"ENSRNOG00000015051",4
"ENSRNOG00000021061",183
"ENSRNOG00000014966",743
"ENSRNOG00000020016",845
"ENSRNOG00000025327",53
"ENSRNOG00000016136",0
"ENSRNOG00000012344",5
"ENSRNOG00000018446",0
"ENSRNOG00000070172",1
"ENSRNOG00000063986",8
"ENSRNOG00000015220",0
"ENSRNOG00000020124",71
"ENSRNOG00000064947",2
"ENSRNOG00000062358",11
"ENSRNOG00000062531",184
"ENSRNOG00000020646",2545
"ENSRNOG00000043060",417
"ENSRNOG00000017938",1618
"ENSRNOG00000039776",682
"ENSRNOG00000066254",10
"ENSRNOG00000053659",1426
"ENSRNOG00000070447",0
"ENSRNOG00000000417",1800
"ENSRNOG00000018243",2341
"ENSRNOG00000012719",2
"ENSRNOG00000015159",28
"ENSRNOG00000064454",0
"ENSRNOG00000033609",0
"ENSRNOG00000022994",1
"ENSRNOG00000070229",0
"ENSRNOG00000015213",521
"ENSRNOG00000027590",1
"ENSRNOG00000036608",115
"ENSRNOG00000021203",5320
"ENSRNOG00000020150",133
"ENSRNOG00000019570",145
"ENSRNOG00000009146",0
"ENSRNOG00000021006",1328
"ENSRNOG00000066743",0
"ENSRNOG00000012609",0
"ENSRNOG00000024073",4
"ENSRNOG00000068261",3
"ENSRNOG00000020009",34
"ENSRNOG00000037380",7085
"ENSRNOG00000020175",271
"ENSRNOG00000018476",357
"ENSRNOG00000052393",1149
"ENSRNOG00000048297",5190
"ENSRNOG00000062334",1
"ENSRNOG00000011074",0
"ENSRNOG00000039743",0
"ENSRNOG00000021164",5070
"ENSRNOG00000020188",44
"ENSRNOG00000021009",26
"ENSRNOG00000066713",4
"ENSRNOG00000020932",0
"ENSRNOG00000015676",475
"ENSRNOG00000018827",0
"ENSRNOG00000011243",0
"ENSRNOG00000020242",0
"ENSRNOG00000018129",3045
"ENSRNOG00000057173",0
"ENSRNOG00000021015",99
"ENSRNOG00000020668",2059
"ENSRNOG00000020251",0
"ENSRNOG00000014037",22
"ENSRNOG00000013443",7307
"ENSRNOG00000020293",0
"ENSRNOG00000019302",635
"ENSRNOG00000022673",16
"ENSRNOG00000021079",77
"ENSRNOG00000069673",1330
"ENSRNOG00000016301",267
"ENSRNOG00000048275",5
"ENSRNOG00000021158",334
"ENSRNOG00000021087",0
"ENSRNOG00000017469",23526
"ENSRNOG00000011310",217
"ENSRNOG00000023023",255
"ENSRNOG00000021161",1
"ENSRNOG00000014463",1812
"ENSRNOG00000020196",1
"ENSRNOG00000018367",1951
"ENSRNOG00000015321",1
"ENSRNOG00000012229",0
"ENSRNOG00000027646",407
"ENSRNOG00000067737",36
"ENSRNOG00000013291",2
"ENSRNOG00000027102",0
"ENSRNOG00000014431",259
"ENSRNOG00000019846",0
"ENSRNOG00000014455",47
"ENSRNOG00000011399",41
"ENSRNOG00000024172",0
"ENSRNOG00000011885",104
"ENSRNOG00000068973",0
"ENSRNOG00000019807",2182
"ENSRNOG00000064127",0
"ENSRNOG00000062966",0
"ENSRNOG00000066810",0
"ENSRNOG00000063903",16
"ENSRNOG00000070586",1
"ENSRNOG00000048904",0
"ENSRNOG00000048469",0
"ENSRNOG00000033517",37429
"ENSRNOG00000060849",321
"ENSRNOG00000055111",491
"ENSRNOG00000070755",0
"ENSRNOG00000052814",981
"ENSRNOG00000026462",36
"ENSRNOG00000024140",1314
"ENSRNOG00000025982",0
"ENSRNOG00000024620",18
"ENSRNOG00000046438",0
"ENSRNOG00000068524",32
"ENSRNOG00000026096",0
"ENSRNOG00000069618",7
"ENSRNOG00000012415",1323
"ENSRNOG00000022393",170
"ENSRNOG00000062917",0
"ENSRNOG00000070320",0
"ENSRNOG00000013309",4
"ENSRNOG00000063959",0
"ENSRNOG00000012964",0
"ENSRNOG00000021129",1559
"ENSRNOG00000064447",0
"ENSRNOG00000068797",0
"ENSRNOG00000066235",0
"ENSRNOG00000071165",0
"ENSRNOG00000068198",0
"ENSRNOG00000013053",22
"ENSRNOG00000071181",0
"ENSRNOG00000070215",0
"ENSRNOG00000039869",0
"ENSRNOG00000070245",1
"ENSRNOG00000065068",108
"ENSRNOG00000029877",0
"ENSRNOG00000016930",1357
"ENSRNOG00000061741",0
"ENSRNOG00000067750",0
"ENSRNOG00000046431",0
"ENSRNOG00000029336",562
"ENSRNOG00000064505",10
"ENSRNOG00000038600",43
"ENSRNOG00000033265",2
"ENSRNOG00000023531",4
"ENSRNOG00000053259",5
"ENSRNOG00000052093",0
"ENSRNOG00000018250",4
"ENSRNOG00000029022",55
"ENSRNOG00000064083",0
"ENSRNOG00000021184",887
"ENSRNOG00000012847",13
"ENSRNOG00000054409",0
"ENSRNOG00000065539",616
"ENSRNOG00000067600",0
"ENSRNOG00000012858",8
"ENSRNOG00000051237",20
"ENSRNOG00000069178",4
"ENSRNOG00000068768",0
"ENSRNOG00000026033",0
"ENSRNOG00000025949",0
"ENSRNOG00000033173",18
"ENSRNOG00000068100",42
"ENSRNOG00000066178",0
"ENSRNOG00000066405",0
"ENSRNOG00000020884",18
"ENSRNOG00000024376",228
"ENSRNOG00000068732",0
"ENSRNOG00000066645",0
"ENSRNOG00000066415",128
"ENSRNOG00000064905",35
"ENSRNOG00000063144",107
"ENSRNOG00000020020",3934
"ENSRNOG00000038647",0
"ENSRNOG00000071050",114
"ENSRNOG00000064652",41
"ENSRNOG00000063370",0
"ENSRNOG00000065440",2
"ENSRNOG00000032913",166
"ENSRNOG00000026387",2
"ENSRNOG00000052945",1071
"ENSRNOG00000017367",6
"ENSRNOG00000046439",423
"ENSRNOG00000026569",4
"ENSRNOG00000047748",0
"ENSRNOG00000028767",1
"ENSRNOG00000033755",0
"ENSRNOG00000049810",0
"ENSRNOG00000070461",0
"ENSRNOG00000032062",0
"ENSRNOG00000010967",1403
"ENSRNOG00000062629",65
"ENSRNOG00000049902",0
"ENSRNOG00000016218",2898
"ENSRNOG00000033146",880
"ENSRNOG00000057670",0
"ENSRNOG00000027855",0
"ENSRNOG00000017804",16
"ENSRNOG00000016284",0
"ENSRNOG00000066198",50
"ENSRNOG00000067742",10
"ENSRNOG00000027843",0
"ENSRNOG00000017299",1169
"ENSRNOG00000060745",0
"ENSRNOG00000027096",5
"ENSRNOG00000016274",626
"ENSRNOG00000016023",4579
"ENSRNOG00000016829",727
"ENSRNOG00000013165",581
"ENSRNOG00000016877",20
"ENSRNOG00000015442",6045
"ENSRNOG00000067909",60
"ENSRNOG00000066409",5
"ENSRNOG00000065158",7
"ENSRNOG00000069688",0
"ENSRNOG00000017810",224
"ENSRNOG00000069979",1
"ENSRNOG00000015491",411
"ENSRNOG00000050348",205
"ENSRNOG00000064948",0
"ENSRNOG00000020945",0
"ENSRNOG00000068548",0
"ENSRNOG00000017127",16352
"ENSRNOG00000025857",0
"ENSRNOG00000069446",4
"ENSRNOG00000065923",0
"ENSRNOG00000017837",192
"ENSRNOG00000053536",0
"ENSRNOG00000032117",0
"ENSRNOG00000053828",501
"ENSRNOG00000063305",0
"ENSRNOG00000068574",533
"ENSRNOG00000038479",0
"ENSRNOG00000052506",4123
"ENSRNOG00000025061",360
"ENSRNOG00000013813",506
"ENSRNOG00000027942",4
"ENSRNOG00000012156",922
"ENSRNOG00000020723",2307
"ENSRNOG00000030698",23
"ENSRNOG00000020857",1463
"ENSRNOG00000069660",0
"ENSRNOG00000012665",335
"ENSRNOG00000018708",3052
"ENSRNOG00000038622",382
"ENSRNOG00000018561",1694
"ENSRNOG00000067958",1
"ENSRNOG00000059303",0
"ENSRNOG00000067320",0
"ENSRNOG00000015156",1
"ENSRNOG00000068676",0
"ENSRNOG00000016302",467
"ENSRNOG00000027733",1
"ENSRNOG00000017872",8
"ENSRNOG00000056753",1222
"ENSRNOG00000069605",558
"ENSRNOG00000059074",0
"ENSRNOG00000018729",1254
"ENSRNOG00000042441",0
"ENSRNOG00000016377",99
"ENSRNOG00000018642",996
"ENSRNOG00000018752",289
"ENSRNOG00000013256",1468
"ENSRNOG00000031628",46
"ENSRNOG00000018718",444
"ENSRNOG00000067708",0
"ENSRNOG00000061147",171
"ENSRNOG00000030934",0
"ENSRNOG00000018765",771
"ENSRNOG00000016279",5
"ENSRNOG00000016656",2
"ENSRNOG00000013828",226
"ENSRNOG00000065524",0
"ENSRNOG00000013967",1
"ENSRNOG00000066970",0
"ENSRNOG00000028628",991
"ENSRNOG00000018066",399
"ENSRNOG00000046037",0
"ENSRNOG00000048166",181
"ENSRNOG00000013615",0
"ENSRNOG00000014891",618
"ENSRNOG00000069460",0
"ENSRNOG00000026048",6700
"ENSRNOG00000016635",821
"ENSRNOG00000016750",5
"ENSRNOG00000068064",0
"ENSRNOG00000060867",0
"ENSRNOG00000019448",2
"ENSRNOG00000064189",0
"ENSRNOG00000047349",1
"ENSRNOG00000015932",710
"ENSRNOG00000025781",3
"ENSRNOG00000020305",0
"ENSRNOG00000018119",228
"ENSRNOG00000016112",54
"ENSRNOG00000011287",2011
"ENSRNOG00000017944",67
"ENSRNOG00000014109",1789
"ENSRNOG00000018598",448
"ENSRNOG00000016456",37
"ENSRNOG00000013519",2
"ENSRNOG00000042826",77
"ENSRNOG00000017901",0
"ENSRNOG00000025805",10
"ENSRNOG00000028807",0
"ENSRNOG00000063577",355
"ENSRNOG00000018327",0
"ENSRNOG00000064335",0
"ENSRNOG00000058436",1
"ENSRNOG00000062591",17
"ENSRNOG00000043341",151
"ENSRNOG00000016075",0
"ENSRNOG00000042547",489
"ENSRNOG00000070251",0
"ENSRNOG00000017349",719
"ENSRNOG00000067912",0
"ENSRNOG00000064925",0
"ENSRNOG00000020567",3109
"ENSRNOG00000069718",0
"ENSRNOG00000024602",808
"ENSRNOG00000055996",1
"ENSRNOG00000070809",0
"ENSRNOG00000071097",0
"ENSRNOG00000017751",3345
"ENSRNOG00000036585",447
"ENSRNOG00000015707",0
"ENSRNOG00000063051",0
"ENSRNOG00000020455",8
"ENSRNOG00000018384",3707
"ENSRNOG00000017645",0
"ENSRNOG00000065599",0
"ENSRNOG00000019721",1161
"ENSRNOG00000046602",11
"ENSRNOG00000020460",1553
"ENSRNOG00000055581",0
"ENSRNOG00000027491",6854
"ENSRNOG00000020047",294
"ENSRNOG00000053450",14855
"ENSRNOG00000020813",11304
"ENSRNOG00000068980",0
"ENSRNOG00000020463",294
"ENSRNOG00000064987",0
"ENSRNOG00000017822",3989
"ENSRNOG00000027705",0
"ENSRNOG00000063376",0
"ENSRNOG00000056257",10
"ENSRNOG00000062727",0
"ENSRNOG00000068906",0
"ENSRNOG00000012566",0
"ENSRNOG00000070874",0
"ENSRNOG00000058842",89
"ENSRNOG00000065537",0
"ENSRNOG00000036624",0
"ENSRNOG00000064964",0
"ENSRNOG00000023668",1445
"ENSRNOG00000048635",0
"ENSRNOG00000066840",2
"ENSRNOG00000020998",3
"ENSRNOG00000046455",43
"ENSRNOG00000051262",1
"ENSRNOG00000029588",2
"ENSRNOG00000068723",0
"ENSRNOG00000015254",0
"ENSRNOG00000002641",0
"ENSRNOG00000042030",0
"ENSRNOG00000054417",10
"ENSRNOG00000047884",0
"ENSRNOG00000069076",0
"ENSRNOG00000068098",0
"ENSRNOG00000051570",50
"ENSRNOG00000016117",18308
"ENSRNOG00000029702",0
"ENSRNOG00000050994",2931
"ENSRNOG00000070857",0
"ENSRNOG00000069762",0
"ENSRNOG00000055229",13369
"ENSRNOG00000019170",1
"ENSRNOG00000067209",0
"ENSRNOG00000020475",384
"ENSRNOG00000020993",0
"ENSRNOG00000042620",7938
"ENSRNOG00000066489",2
"ENSRNOG00000014650",340
"ENSRNOG00000069067",0
"ENSRNOG00000027564",3
"ENSRNOG00000038674",0
"ENSRNOG00000021001",7
"ENSRNOG00000063294",0
"ENSRNOG00000067618",119
"ENSRNOG00000069466",0
"ENSRNOG00000062655",0
"ENSRNOG00000014890",2319
"ENSRNOG00000014041",169
"ENSRNOG00000015071",0
"ENSRNOG00000021150",1386
"ENSRNOG00000057050",0
"ENSRNOG00000018944",260
"ENSRNOG00000021005",1185
"ENSRNOG00000014935",689
"ENSRNOG00000058422",41
"ENSRNOG00000016833",6174
"ENSRNOG00000067452",0
"ENSRNOG00000054371",37
"ENSRNOG00000056038",2074
"ENSRNOG00000058909",4569
"ENSRNOG00000032891",0
"ENSRNOG00000059572",1635
"ENSRNOG00000012110",14
"ENSRNOG00000052600",1776
"ENSRNOG00000059741",8
"ENSRNOG00000061893",264
"ENSRNOG00000053728",955
"ENSRNOG00000053234",1307
"ENSRNOG00000025523",778
"ENSRNOG00000061039",206
"ENSRNOG00000020975",513
"ENSRNOG00000056098",383
"ENSRNOG00000060293",149
"ENSRNOG00000014816",8
"ENSRNOG00000069294",0
"ENSRNOG00000070866",0
"ENSRNOG00000017406",2223
"ENSRNOG00000057895",0
"ENSRNOG00000055716",7
"ENSRNOG00000025520",0
"ENSRNOG00000063395",336
"ENSRNOG00000070567",4
"ENSRNOG00000021996",0
"ENSRNOG00000022273",613
"ENSRNOG00000057848",0
"ENSRNOG00000034078",1789
"ENSRNOG00000013552",3668
"ENSRNOG00000054438",25
"ENSRNOG00000065831",0
"ENSRNOG00000069540",0
"ENSRNOG00000062686",481
"ENSRNOG00000021913",0
"ENSRNOG00000065082",0
"ENSRNOG00000064874",0
"ENSRNOG00000011130",0
"ENSRNOG00000064372",0
"ENSRNOG00000017136",6
"ENSRNOG00000054736",0
"ENSRNOG00000017321",498
"ENSRNOG00000065884",0
"ENSRNOG00000065811",0
"ENSRNOG00000055093",240
"ENSRNOG00000012258",680
"ENSRNOG00000067119",0
"ENSRNOG00000066547",0
"ENSRNOG00000020950",3155
"ENSRNOG00000064803",0
"ENSRNOG00000013413",9
"ENSRNOG00000021727",0
"ENSRNOG00000067432",0
"ENSRNOG00000071139",0
"ENSRNOG00000070422",866
"ENSRNOG00000063336",0
"ENSRNOG00000067548",0
"ENSRNOG00000015124",3121
"ENSRNOG00000069535",0
"ENSRNOG00000068073",0
"ENSRNOG00000020562",400
"ENSRNOG00000066194",0
"ENSRNOG00000030210",70
"ENSRNOG00000070026",0
"ENSRNOG00000066085",0
"ENSRNOG00000018494",1302
"ENSRNOG00000065915",0
"ENSRNOG00000063465",0
"ENSRNOG00000024239",6577
"ENSRNOG00000065984",0
"ENSRNOG00000069148",0
"ENSRNOG00000021007",848
"ENSRNOG00000069937",0
"ENSRNOG00000012736",540
"ENSRNOG00000027423",0
"ENSRNOG00000015137",64
"ENSRNOG00000010230",1380
"ENSRNOG00000058003",8601
"ENSRNOG00000015743",1
"ENSRNOG00000020980",0
"ENSRNOG00000024712",0
"ENSRNOG00000019048",1272
"ENSRNOG00000015671",0
"ENSRNOG00000008890",82
"ENSRNOG00000019091",1720
"ENSRNOG00000019534",4087
"ENSRNOG00000015724",16
"ENSRNOG00000063495",0
"ENSRNOG00000032554",123
"ENSRNOG00000065646",0
"ENSRNOG00000009460",2102
"ENSRNOG00000068072",0
"ENSRNOG00000014253",0
"ENSRNOG00000021010",531
"ENSRNOG00000064951",0
"ENSRNOG00000019189",1150
"ENSRNOG00000018532",748
"ENSRNOG00000009812",2442
"ENSRNOG00000067757",0
"ENSRNOG00000010958",2856
"ENSRNOG00000014940",1
"ENSRNOG00000013975",84
"ENSRNOG00000062728",390
"ENSRNOG00000018704",2458
"ENSRNOG00000069754",0
"ENSRNOG00000062573",3592
"ENSRNOG00000014160",979
"ENSRNOG00000017908",0
"ENSRNOG00000042232",1
"ENSRNOG00000020892",5278
"ENSRNOG00000014582",924
"ENSRNOG00000013817",0
"ENSRNOG00000048562",907
"ENSRNOG00000060136",0
"ENSRNOG00000056817",1
"ENSRNOG00000023140",10
"ENSRNOG00000051680",920
"ENSRNOG00000014971",4
"ENSRNOG00000029810",3969
"ENSRNOG00000053141",11
"ENSRNOG00000061215",16
"ENSRNOG00000042084",13
"ENSRNOG00000020446",23
"ENSRNOG00000014590",0
"ENSRNOG00000019103",471
"ENSRNOG00000025793",384
"ENSRNOG00000020025",784
"ENSRNOG00000010427",3885
"ENSRNOG00000036647",0
"ENSRNOG00000027770",2121
"ENSRNOG00000019890",3
"ENSRNOG00000043296",0
"ENSRNOG00000017403",77
"ENSRNOG00000017976",0
"ENSRNOG00000017964",0
"ENSRNOG00000036601",103
"ENSRNOG00000015516",171
"ENSRNOG00000018262",83
"ENSRNOG00000046181",11
"ENSRNOG00000047945",0
"ENSRNOG00000029501",0
"ENSRNOG00000025444",0
"ENSRNOG00000069966",7
"ENSRNOG00000063879",0
"ENSRNOG00000017158",9396
"ENSRNOG00000071021",0
"ENSRNOG00000018468",3961
"ENSRNOG00000036675",6
"ENSRNOG00000047386",4517
"ENSRNOG00000019372",749
"ENSRNOG00000017977",4902
"ENSRNOG00000063613",767
"ENSRNOG00000017767",5051
"ENSRNOG00000017524",0
"ENSRNOG00000018020",426
"ENSRNOG00000042552",0
"ENSRNOG00000013176",1338
"ENSRNOG00000009523",685
"ENSRNOG00000018257",30
"ENSRNOG00000051957",321
"ENSRNOG00000016980",1
"ENSRNOG00000015368",0
"ENSRNOG00000031211",0
"ENSRNOG00000015894",3075
"ENSRNOG00000043225",900
"ENSRNOG00000013744",267
"ENSRNOG00000019356",755
"ENSRNOG00000013713",0
"ENSRNOG00000026579",12
"ENSRNOG00000013591",13
"ENSRNOG00000069185",1583
"ENSRNOG00000019708",1227
"ENSRNOG00000014652",2
"ENSRNOG00000026086",0
"ENSRNOG00000019745",13
"ENSRNOG00000013290",26
"ENSRNOG00000015716",0
"ENSRNOG00000019468",2
"ENSRNOG00000030682",0
"ENSRNOG00000019825",172
"ENSRNOG00000013934",1505
"ENSRNOG00000020300",462
"ENSRNOG00000019832",890
"ENSRNOG00000016063",2624
"ENSRNOG00000051534",27
"ENSRNOG00000012911",1409
"ENSRNOG00000070529",2
"ENSRNOG00000059968",991
"ENSRNOG00000070112",817
"ENSRNOG00000031485",374
"ENSRNOG00000036758",46
"ENSRNOG00000020113",1053
"ENSRNOG00000016013",261
"ENSRNOG00000019693",309
"ENSRNOG00000070449",0
"ENSRNOG00000063290",0
"ENSRNOG00000020332",95
"ENSRNOG00000015444",0
"ENSRNOG00000018604",1462
"ENSRNOG00000047871",0
"ENSRNOG00000060070",0
"ENSRNOG00000016986",0
"ENSRNOG00000049181",816
"ENSRNOG00000062507",0
"ENSRNOG00000069683",4
"ENSRNOG00000021766",0
"ENSRNOG00000062932",0
"ENSRNOG00000030215",0
"ENSRNOG00000015673",0
"ENSRNOG00000066644",0
"ENSRNOG00000069369",35
"ENSRNOG00000047528",0
"ENSRNOG00000042648",0
"ENSRNOG00000015689",0
"ENSRNOG00000036742",4404
"ENSRNOG00000015310",103
"ENSRNOG00000027456",31
"ENSRNOG00000067622",0
"ENSRNOG00000069448",0
"ENSRNOG00000016292",7
"ENSRNOG00000019950",202
"ENSRNOG00000019794",0
"ENSRNOG00000017260",540
"ENSRNOG00000064034",0
"ENSRNOG00000020010",171
"ENSRNOG00000016343",185
"ENSRNOG00000032929",354
"ENSRNOG00000028473",0
"ENSRNOG00000021332",0
"ENSRNOG00000027213",1
"ENSRNOG00000019613",0
"ENSRNOG00000057003",0
"ENSRNOG00000015811",0
"ENSRNOG00000026942",1578
"ENSRNOG00000066182",0
"ENSRNOG00000070041",0
"ENSRNOG00000024144",1573
"ENSRNOG00000011001",0
"ENSRNOG00000016748",712
"ENSRNOG00000064264",0
"ENSRNOG00000070311",0
"ENSRNOG00000017622",1598
"ENSRNOG00000010752",616
"ENSRNOG00000062870",892
"ENSRNOG00000023833",0
"ENSRNOG00000019662",163
"ENSRNOG00000062971",0
"ENSRNOG00000017039",0
"ENSRNOG00000020179",1628
"ENSRNOG00000064434",0
"ENSRNOG00000026754",2281
"ENSRNOG00000018164",3593
"ENSRNOG00000009910",528
"ENSRNOG00000029740",10
"ENSRNOG00000026503",3
"ENSRNOG00000019740",1033
"ENSRNOG00000017241",428
"ENSRNOG00000036572",126
"ENSRNOG00000046211",371
"ENSRNOG00000022619",31283
"ENSRNOG00000022732",365
"ENSRNOG00000020248",0
"ENSRNOG00000020376",810
"ENSRNOG00000020339",45
"ENSRNOG00000047545",6
"ENSRNOG00000020346",0
"ENSRNOG00000036633",9
"ENSRNOG00000014574",95
"ENSRNOG00000015235",79
"ENSRNOG00000020349",158
"ENSRNOG00000020353",2564
"ENSRNOG00000050585",12965
"ENSRNOG00000048708",688
"ENSRNOG00000014758",0
"ENSRNOG00000020385",2123
"ENSRNOG00000016172",2394
"ENSRNOG00000046530",758
"ENSRNOG00000017438",8
"ENSRNOG00000045752",1343
"ENSRNOG00000012552",1617
"ENSRNOG00000066831",0
"ENSRNOG00000015082",14
"ENSRNOG00000022099",0
"ENSRNOG00000020440",2412
"ENSRNOG00000012584",32
"ENSRNOG00000012820",2139
"ENSRNOG00000053923",1672
"ENSRNOG00000057989",6
"ENSRNOG00000022635",369
"ENSRNOG00000046769",1377
"ENSRNOG00000024194",967
"ENSRNOG00000026204",2452
"ENSRNOG00000067387",11
"ENSRNOG00000015221",16749
"ENSRNOG00000010915",3406
"ENSRNOG00000066141",0
"ENSRNOG00000015713",6263
"ENSRNOG00000063805",0
"ENSRNOG00000016948",2733
"ENSRNOG00000068578",0
"ENSRNOG00000067647",0
"ENSRNOG00000020424",247
"ENSRNOG00000017656",0
"ENSRNOG00000046566",5
"ENSRNOG00000057623",5304
"ENSRNOG00000012763",567
"ENSRNOG00000017201",1226
"ENSRNOG00000014691",49
"ENSRNOG00000056216",1237
"ENSRNOG00000011745",2895
"ENSRNOG00000070303",395
"ENSRNOG00000056562",293
"ENSRNOG00000018917",0
"ENSRNOG00000065255",13
"ENSRNOG00000070494",0
"ENSRNOG00000011339",3084
"ENSRNOG00000018311",0
"ENSRNOG00000031643",6
"ENSRNOG00000019667",319
"ENSRNOG00000025122",4
"ENSRNOG00000019369",412
"ENSRNOG00000069983",0
"ENSRNOG00000027030",127
"ENSRNOG00000047988",576
"ENSRNOG00000019430",1
"ENSRNOG00000012206",3453
"ENSRNOG00000030807",8629
"ENSRNOG00000019751",6
"ENSRNOG00000014629",278
"ENSRNOG00000017609",0
"ENSRNOG00000017679",1
"ENSRNOG00000047098",0
"ENSRNOG00000064069",0
"ENSRNOG00000050846",238
"ENSRNOG00000066296",0
"ENSRNOG00000062356",0
"ENSRNOG00000051291",198
"ENSRNOG00000069200",0
"ENSRNOG00000069439",0
"ENSRNOG00000071029",0
"ENSRNOG00000061299",0
"ENSRNOG00000070394",0
"ENSRNOG00000030879",0
"ENSRNOG00000030784",0
"ENSRNOG00000029286",0
"ENSRNOG00000029051",0
"ENSRNOG00000016661",0
"ENSRNOG00000024877",0
"ENSRNOG00000024789",0
"ENSRNOG00000068326",0
"ENSRNOG00000042948",0
"ENSRNOG00000064922",0
"ENSRNOG00000017362",0
"ENSRNOG00000056658",95
"ENSRNOG00000016954",0
"ENSRNOG00000063047",0
"ENSRNOG00000018320",634
"ENSRNOG00000063164",0
"ENSRNOG00000068532",0
"ENSRNOG00000011417",260
"ENSRNOG00000017211",1
"ENSRNOG00000059092",0
"ENSRNOG00000064452",0
"ENSRNOG00000064059",0
"ENSRNOG00000011367",60
"ENSRNOG00000068910",0
"ENSRNOG00000050668",0
"ENSRNOG00000066322",0
"ENSRNOG00000068990",0
"ENSRNOG00000062615",1
"ENSRNOG00000062675",0
"ENSRNOG00000065560",0
"ENSRNOG00000067892",145
"ENSRNOG00000067218",327
"ENSRNOG00000062713",339
"ENSRNOG00000069975",7
"ENSRNOG00000068051",8
"ENSRNOG00000069981",0
"ENSRNOG00000069374",0
"ENSRNOG00000070940",0
"ENSRNOG00000065005",85
"ENSRNOG00000066426",757
"ENSRNOG00000063937",996
"ENSRNOG00000067172",1400
"ENSRNOG00000064879",0
"ENSRNOG00000058035",0
"ENSRNOG00000070479",1775
"ENSRNOG00000066155",153
"ENSRNOG00000065878",0
"ENSRNOG00000063114",2
"ENSRNOG00000067163",225
"ENSRNOG00000068841",0
"ENSRNOG00000070929",0
"ENSRNOG00000059944",0
"ENSRNOG00000068916",438
"ENSRNOG00000067570",0
"ENSRNOG00000070101",10
"ENSRNOG00000062328",3577
"ENSRNOG00000064552",0
"ENSRNOG00000067881",2
"ENSRNOG00000064807",20
"ENSRNOG00000069055",0
"ENSRNOG00000051306",0
"ENSRNOG00000067339",1
"ENSRNOG00000067663",109
"ENSRNOG00000064639",0
"ENSRNOG00000069106",8
"ENSRNOG00000069402",1
"ENSRNOG00000065123",11
"ENSRNOG00000062444",0
"ENSRNOG00000067329",59
"ENSRNOG00000071111",0
"ENSRNOG00000067102",4
"ENSRNOG00000055337",0
"ENSRNOG00000069973",0
"ENSRNOG00000064113",0
"ENSRNOG00000066818",13
"ENSRNOG00000065637",0
"ENSRNOG00000068440",0
"ENSRNOG00000067503",0
"ENSRNOG00000070062",30
"ENSRNOG00000068946",0
"ENSRNOG00000063598",0
"ENSRNOG00000062906",2
"ENSRNOG00000063366",0
"ENSRNOG00000062481",0
"ENSRNOG00000070843",0
"ENSRNOG00000069440",7
"ENSRNOG00000067183",28
"ENSRNOG00000066241",125
"ENSRNOG00000065487",21
"ENSRNOG00000062362",0
"ENSRNOG00000066597",3
"ENSRNOG00000065497",73
"ENSRNOG00000064891",2
"ENSRNOG00000064120",0
"ENSRNOG00000070679",0
"ENSRNOG00000071072",4
"ENSRNOG00000064798",1
"ENSRNOG00000064347",0
"ENSRNOG00000064053",0
"ENSRNOG00000065910",7
"ENSRNOG00000071115",3
"ENSRNOG00000069803",2
"ENSRNOG00000070123",8
"ENSRNOG00000068585",0
"ENSRNOG00000062831",0
"ENSRNOG00000030886",0
"ENSRNOG00000065190",23
"ENSRNOG00000028449",7585
"ENSRNOG00000063029",0
"ENSRNOG00000060587",327
"ENSRNOG00000070609",0
"ENSRNOG00000070852",0
"ENSRNOG00000063212",0
"ENSRNOG00000066091",23
"ENSRNOG00000060288",8738
"ENSRNOG00000038088",0
"ENSRNOG00000063173",0
"ENSRNOG00000014252",286
"ENSRNOG00000068867",0
"ENSRNOG00000063049",0
"ENSRNOG00000065203",0
"ENSRNOG00000038087",7
"ENSRNOG00000064934",0
"ENSRNOG00000016863",5
"ENSRNOG00000067457",0
"ENSRNOG00000063636",5579
"ENSRNOG00000059444",0
"ENSRNOG00000068957",3
"ENSRNOG00000065335",12
"ENSRNOG00000052871",0
"ENSRNOG00000034106",1056
"ENSRNOG00000065598",0
"ENSRNOG00000050032",4
"ENSRNOG00000068627",0
"ENSRNOG00000064509",0
"ENSRNOG00000050758",405
"ENSRNOG00000070984",0
"ENSRNOG00000065473",0
"ENSRNOG00000066033",387
"ENSRNOG00000066907",0
"ENSRNOG00000065900",0
"ENSRNOG00000070975",0
"ENSRNOG00000066718",1
"ENSRNOG00000053202",0
"ENSRNOG00000047045",384
"ENSRNOG00000065136",0
"ENSRNOG00000002340",6
"ENSRNOG00000024009",0
"ENSRNOG00000032232",950
"ENSRNOG00000062485",18
"ENSRNOG00000030351",145
"ENSRNOG00000019427",0
"ENSRNOG00000065885",132
"ENSRNOG00000037364",44
"ENSRNOG00000012877",0
"ENSRNOG00000031859",3606
"ENSRNOG00000064044",0
"ENSRNOG00000058668",0
"ENSRNOG00000037348",138
"ENSRNOG00000068795",0
"ENSRNOG00000021128",0
"ENSRNOG00000033021",0
"ENSRNOG00000022703",0
"ENSRNOG00000021037",0
"ENSRNOG00000070585",0
"ENSRNOG00000014242",0
"ENSRNOG00000064327",0
"ENSRNOG00000010172",46
"ENSRNOG00000024429",233
"ENSRNOG00000010146",10
"ENSRNOG00000010158",0
"ENSRNOG00000056928",0
"ENSRNOG00000049257",0
"ENSRNOG00000070574",579
"ENSRNOG00000051333",1
"ENSRNOG00000070736",70
"ENSRNOG00000032204",39
"ENSRNOG00000034206",1
"ENSRNOG00000012349",488
"ENSRNOG00000069120",2
"ENSRNOG00000065989",0
"ENSRNOG00000029233",0
"ENSRNOG00000063878",0
"ENSRNOG00000065475",0
"ENSRNOG00000069657",0
"ENSRNOG00000048071",2
"ENSRNOG00000022941",744
"ENSRNOG00000063715",50
"ENSRNOG00000018078",0
"ENSRNOG00000071147",0
"ENSRNOG00000017922",0
"ENSRNOG00000042782",0
"ENSRNOG00000070801",0
"ENSRNOG00000030042",0
"ENSRNOG00000012071",0
"ENSRNOG00000015893",0
"ENSRNOG00000015901",0
"ENSRNOG00000015909",0
"ENSRNOG00000015924",0
"ENSRNOG00000062518",0
"ENSRNOG00000062378",0
"ENSRNOG00000064549",0
"ENSRNOG00000065494",0
"ENSRNOG00000015940",0
"ENSRNOG00000071019",0
"ENSRNOG00000063534",0
"ENSRNOG00000017387",0
"ENSRNOG00000049480",1
"ENSRNOG00000069450",0
"ENSRNOG00000070883",0
"ENSRNOG00000028802",0
"ENSRNOG00000064717",0
"ENSRNOG00000063203",0
"ENSRNOG00000018508",0
"ENSRNOG00000018506",0
"ENSRNOG00000018503",20
"ENSRNOG00000064536",0
"ENSRNOG00000070164",0
"ENSRNOG00000050377",0
"ENSRNOG00000047148",0
"ENSRNOG00000048369",1
"ENSRNOG00000069168",0
"ENSRNOG00000033350",0
"ENSRNOG00000071207",0
"ENSRNOG00000067982",0
"ENSRNOG00000064338",3
"ENSRNOG00000064173",2
"ENSRNOG00000013596",377
"ENSRNOG00000022863",0
"ENSRNOG00000069093",0
"ENSRNOG00000069847",0
"ENSRNOG00000062736",0
"ENSRNOG00000070280",0
"ENSRNOG00000062707",25
"ENSRNOG00000015691",34
"ENSRNOG00000067382",0
"ENSRNOG00000065902",47
"ENSRNOG00000063706",0
"ENSRNOG00000069617",29
"ENSRNOG00000070569",0
"ENSRNOG00000016408",1391
"ENSRNOG00000019455",318
"ENSRNOG00000069092",53
"ENSRNOG00000013790",3161
"ENSRNOG00000020893",726
"ENSRNOG00000062446",0
"ENSRNOG00000062864",6
"ENSRNOG00000068207",102
"ENSRNOG00000068917",2
"ENSRNOG00000065221",0
"ENSRNOG00000053392",0
"ENSRNOG00000066968",0
"ENSRNOG00000066506",0
"ENSRNOG00000062875",49
"ENSRNOG00000009468",0
"ENSRNOG00000063736",21
"ENSRNOG00000069752",0
"ENSRNOG00000067200",0
"ENSRNOG00000064252",2
"ENSRNOG00000052649",10
"ENSRNOG00000067004",92
"ENSRNOG00000000096",280
"ENSRNOG00000014385",14
"ENSRNOG00000011135",577
"ENSRNOG00000022511",0
"ENSRNOG00000066793",633
"ENSRNOG00000066286",0
"ENSRNOG00000065871",0
"ENSRNOG00000065021",122
"ENSRNOG00000069279",27
"ENSRNOG00000062826",5
"ENSRNOG00000062622",0
"ENSRNOG00000068500",0
"ENSRNOG00000009792",0
"ENSRNOG00000052367",0
"ENSRNOG00000015821",0
"ENSRNOG00000052903",0
"ENSRNOG00000069848",0
"ENSRNOG00000067565",6
"ENSRNOG00000014000",694
"ENSRNOG00000067235",90
"ENSRNOG00000064348",0
"ENSRNOG00000070892",0
"ENSRNOG00000070333",1
"ENSRNOG00000028120",210
"ENSRNOG00000062674",76
"ENSRNOG00000016580",6779
"ENSRNOG00000065909",50
"ENSRNOG00000009548",174
"ENSRNOG00000066263",0
"ENSRNOG00000065748",0
"ENSRNOG00000059640",0
"ENSRNOG00000016878",69
"ENSRNOG00000020420",0
"ENSRNOG00000070241",186
"ENSRNOG00000063312",62
"ENSRNOG00000033028",0
"ENSRNOG00000065226",264
"ENSRNOG00000070625",1
"ENSRNOG00000064644",0
"ENSRNOG00000019023",1132
"ENSRNOG00000068287",0
"ENSRNOG00000024213",1416
"ENSRNOG00000038176",4
"ENSRNOG00000067530",0
"ENSRNOG00000069285",0
"ENSRNOG00000064365",0
"ENSRNOG00000070468",2
"ENSRNOG00000050321",787
"ENSRNOG00000020307",0
"ENSRNOG00000065725",3
"ENSRNOG00000068643",0
"ENSRNOG00000069542",56
"ENSRNOG00000069696",1
"ENSRNOG00000067311",1284
"ENSRNOG00000069031",3
"ENSRNOG00000000091",285
"ENSRNOG00000065363",14
"ENSRNOG00000053939",0
"ENSRNOG00000067758",454
"ENSRNOG00000009388",0
"ENSRNOG00000065468",4
"ENSRNOG00000066808",0
"ENSRNOG00000019671",437
"ENSRNOG00000066942",4593
"ENSRNOG00000010342",0
"ENSRNOG00000067397",11
"ENSRNOG00000065602",6822
"ENSRNOG00000069177",1
"ENSRNOG00000016387",1052
"ENSRNOG00000013282",0
"ENSRNOG00000064826",20
"ENSRNOG00000009555",27
"ENSRNOG00000063292",0
"ENSRNOG00000063898",11
"ENSRNOG00000062616",0
"ENSRNOG00000063887",0
"ENSRNOG00000069709",609
"ENSRNOG00000062733",37
"ENSRNOG00000013886",7
"ENSRNOG00000047137",3131
"ENSRNOG00000000095",433
"ENSRNOG00000026059",22
"ENSRNOG00000058324",0
"ENSRNOG00000066623",35
"ENSRNOG00000064711",35
"ENSRNOG00000050343",500
"ENSRNOG00000067315",107
"ENSRNOG00000016872",11
"ENSRNOG00000065873",138
"ENSRNOG00000065683",39
"ENSRNOG00000067598",1
"ENSRNOG00000046947",8
"ENSRNOG00000069186",3
"ENSRNOG00000064998",39
"ENSRNOG00000071162",0
"ENSRNOG00000032002",4
"ENSRNOG00000042222",0
"ENSRNOG00000062522",0
"ENSRNOG00000010482",0
"ENSRNOG00000060538",165
"ENSRNOG00000015226",585
"ENSRNOG00000017376",0
"ENSRNOG00000019296",1
"ENSRNOG00000042814",20
"ENSRNOG00000069952",0
"ENSRNOG00000061414",0
"ENSRNOG00000065240",0
"ENSRNOG00000025219",0
"ENSRNOG00000042068",233
"ENSRNOG00000062390",0
"ENSRNOG00000070868",3
"ENSRNOG00000064965",22
"ENSRNOG00000048043",3935
"ENSRNOG00000065997",0
"ENSRNOG00000017998",0
"ENSRNOG00000009533",5
"ENSRNOG00000068387",5
"ENSRNOG00000067940",22
"ENSRNOG00000062438",270
"ENSRNOG00000063006",1
"ENSRNOG00000017105",0
"ENSRNOG00000064627",8
"ENSRNOG00000069885",0
"ENSRNOG00000062326",13
"ENSRNOG00000027089",934
"ENSRNOG00000065278",32
"ENSRNOG00000021157",1
"ENSRNOG00000064828",332
"ENSRNOG00000031247",13
"ENSRNOG00000060329",293
"ENSRNOG00000066816",0
"ENSRNOG00000068223",0
"ENSRNOG00000069675",0
"ENSRNOG00000049523",6
"ENSRNOG00000054767",1
"ENSRNOG00000015925",429
"ENSRNOG00000062883",315
"ENSRNOG00000066664",0
"ENSRNOG00000060159",0
"ENSRNOG00000070570",0
"ENSRNOG00000042536",532
"ENSRNOG00000071119",73
"ENSRNOG00000011107",0
"ENSRNOG00000066610",0
"ENSRNOG00000021176",1088
"ENSRNOG00000043478",0
"ENSRNOG00000059822",0
"ENSRNOG00000021110",0
"ENSRNOG00000065721",0
"ENSRNOG00000065245",0
"ENSRNOG00000018068",55
"ENSRNOG00000064913",0
"ENSRNOG00000061462",3
"ENSRNOG00000020330",292
"ENSRNOG00000057843",0
"ENSRNOG00000058131",0
"ENSRNOG00000017874",4
"ENSRNOG00000057642",0
"ENSRNOG00000040166",1
"ENSRNOG00000011973",123
"ENSRNOG00000051936",0
"ENSRNOG00000069295",0
"ENSRNOG00000024119",0
"ENSRNOG00000021216",576
"ENSRNOG00000021209",152
"ENSRNOG00000068641",0
"ENSRNOG00000063406",78
"ENSRNOG00000068490",0
"ENSRNOG00000067384",6
"ENSRNOG00000067753",264
"ENSRNOG00000051788",0
"ENSRNOG00000069895",93
"ENSRNOG00000063097",10
"ENSRNOG00000067563",16
"ENSRNOG00000054205",0
"ENSRNOG00000064855",66
"ENSRNOG00000020315",176
"ENSRNOG00000054960",0
"ENSRNOG00000064079",0
"ENSRNOG00000053777",0
"ENSRNOG00000033741",183
"ENSRNOG00000068985",136
"ENSRNOG00000011006",0
"ENSRNOG00000013055",631
"ENSRNOG00000065558",0
"ENSRNOG00000068929",0
"ENSRNOG00000058232",0
"ENSRNOG00000056816",0
"ENSRNOG00000063703",0
"ENSRNOG00000045617",0
"ENSRNOG00000028373",0
"ENSRNOG00000068820",0
"ENSRNOG00000055436",0
"ENSRNOG00000066523",0
"ENSRNOG00000021181",2434
"ENSRNOG00000069313",0
"ENSRNOG00000069153",0
"ENSRNOG00000010698",0
"ENSRNOG00000064070",122
"ENSRNOG00000069388",0
"ENSRNOG00000070873",0
"ENSRNOG00000068992",0
"ENSRNOG00000042477",0
"ENSRNOG00000070757",40
"ENSRNOG00000056329",0
"ENSRNOG00000055198",0
"ENSRNOG00000064202",1
"ENSRNOG00000067555",321
"ENSRNOG00000019785",533
"ENSRNOG00000056690",0
"ENSRNOG00000070421",0
"ENSRNOG00000068393",0
"ENSRNOG00000056646",0
"ENSRNOG00000032959",389
"ENSRNOG00000048440",0
"ENSRNOG00000061110",0
"ENSRNOG00000069077",0
"ENSRNOG00000069997",0
"ENSRNOG00000066880",5
"ENSRNOG00000070475",0
"ENSRNOG00000068330",56
"ENSRNOG00000060028",0
"ENSRNOG00000068040",16
"ENSRNOG00000054583",0
"ENSRNOG00000066083",0
"ENSRNOG00000021213",3591
"ENSRNOG00000016306",13
"ENSRNOG00000066136",3
"ENSRNOG00000070258",0
"ENSRNOG00000013217",558
"ENSRNOG00000067289",0
"ENSRNOG00000057368",0
"ENSRNOG00000021324",82
"ENSRNOG00000063809",0
"ENSRNOG00000021201",9277
"ENSRNOG00000011627",3371
"ENSRNOG00000063982",0
"ENSRNOG00000062497",0
"ENSRNOG00000065416",8
"ENSRNOG00000060411",0
"ENSRNOG00000013240",4
"ENSRNOG00000065216",1
"ENSRNOG00000056120",0
"ENSRNOG00000063403",1
"ENSRNOG00000054575",0
"ENSRNOG00000020444",7
"ENSRNOG00000070219",10
"ENSRNOG00000067677",0
"ENSRNOG00000071142",0
"ENSRNOG00000055120",0
"ENSRNOG00000065979",0
"ENSRNOG00000019780",1
"ENSRNOG00000038825",1
"ENSRNOG00000057342",0
"ENSRNOG00000012957",3137
"ENSRNOG00000065491",0
"ENSRNOG00000056100",0
"ENSRNOG00000019607",7
"ENSRNOG00000063429",0
"ENSRNOG00000031136",0
"ENSRNOG00000051599",0
"ENSRNOG00000021217",71
"ENSRNOG00000048118",161
"ENSRNOG00000067913",0
"ENSRNOG00000052781",0
"ENSRNOG00000010023",370
"ENSRNOG00000067456",0
"ENSRNOG00000061186",14
"ENSRNOG00000059078",0
"ENSRNOG00000062746",33
"ENSRNOG00000068782",1
"ENSRNOG00000069042",0
"ENSRNOG00000052362",0
"ENSRNOG00000009899",982
"ENSRNOG00000068875",0
"ENSRNOG00000067196",0
"ENSRNOG00000040201",9
"ENSRNOG00000066259",1
"ENSRNOG00000070273",0
"ENSRNOG00000060127",0
"ENSRNOG00000068448",564
"ENSRNOG00000052744",0
"ENSRNOG00000048363",0
"ENSRNOG00000060714",0
"ENSRNOG00000068328",1
"ENSRNOG00000071052",0
"ENSRNOG00000059759",1
"ENSRNOG00000069951",0
"ENSRNOG00000016298",173
"ENSRNOG00000068355",0
"ENSRNOG00000019465",3327
"ENSRNOG00000055500",0
"ENSRNOG00000051151",884
"ENSRNOG00000059152",0
"ENSRNOG00000052314",0
"ENSRNOG00000020360",597
"ENSRNOG00000052578",0
"ENSRNOG00000066052",0
"ENSRNOG00000014867",198
"ENSRNOG00000059800",0
"ENSRNOG00000053743",0
"ENSRNOG00000064002",15
"ENSRNOG00000054258",0
"ENSRNOG00000070560",0
"ENSRNOG00000018969",44
"ENSRNOG00000011951",1346
"ENSRNOG00000070233",8
"ENSRNOG00000019201",672
"ENSRNOG00000009822",285
"ENSRNOG00000065347",2
"ENSRNOG00000012422",95
"ENSRNOG00000018656",5
"ENSRNOG00000064811",0
"ENSRNOG00000012149",249
"ENSRNOG00000024461",0
"ENSRNOG00000050877",180
"ENSRNOG00000016451",12
"ENSRNOG00000021170",301
"ENSRNOG00000028765",0
"ENSRNOG00000032580",0
"ENSRNOG00000024136",224
"ENSRNOG00000063890",0
"ENSRNOG00000063754",0
"ENSRNOG00000013703",223
"ENSRNOG00000061328",274
"ENSRNOG00000012183",1014
"ENSRNOG00000064517",0
"ENSRNOG00000069607",0
"ENSRNOG00000030639",280
"ENSRNOG00000015472",0
"ENSRNOG00000043329",6
"ENSRNOG00000029749",0
"ENSRNOG00000017310",228
"ENSRNOG00000016591",680
"ENSRNOG00000014051",1130
"ENSRNOG00000063678",1727
"ENSRNOG00000009949",312
"ENSRNOG00000064861",0
"ENSRNOG00000033830",1
"ENSRNOG00000012471",2
"ENSRNOG00000028225",0
"ENSRNOG00000051480",908
"ENSRNOG00000012799",1321
"ENSRNOG00000020923",265
"ENSRNOG00000018297",5
"ENSRNOG00000026845",6
"ENSRNOG00000033088",0
"ENSRNOG00000015449",0
"ENSRNOG00000057557",0
"ENSRNOG00000012414",1310
"ENSRNOG00000063700",14
"ENSRNOG00000068038",1
"ENSRNOG00000011032",20
"ENSRNOG00000020952",9
"ENSRNOG00000027995",0
"ENSRNOG00000026937",672
"ENSRNOG00000018186",852
"ENSRNOG00000028328",51
"ENSRNOG00000013253",341
"ENSRNOG00000067658",0
"ENSRNOG00000018063",109
"ENSRNOG00000061151",0
"ENSRNOG00000018570",5
"ENSRNOG00000023322",2916
"ENSRNOG00000067445",0
"ENSRNOG00000010640",0
"ENSRNOG00000021173",359
"ENSRNOG00000011800",902
"ENSRNOG00000018662",136
"ENSRNOG00000040297",729
"ENSRNOG00000036877",8
"ENSRNOG00000013683",574
"ENSRNOG00000011875",0
"ENSRNOG00000056177",0
"ENSRNOG00000023837",387
"ENSRNOG00000055433",214
"ENSRNOG00000012723",27
"ENSRNOG00000031588",1
"ENSRNOG00000028319",133
"ENSRNOG00000012660",77390
"ENSRNOG00000019120",36
"ENSRNOG00000018759",0
"ENSRNOG00000062856",302
"ENSRNOG00000022910",0
"ENSRNOG00000014528",171
"ENSRNOG00000049385",849
"ENSRNOG00000065504",0
"ENSRNOG00000017077",766
"ENSRNOG00000030704",3050
"ENSRNOG00000014153",1332
"ENSRNOG00000049994",4
"ENSRNOG00000062828",202
"ENSRNOG00000011181",0
"ENSRNOG00000019046",1
"ENSRNOG00000061747",0
"ENSRNOG00000064672",3
"ENSRNOG00000033051",238
"ENSRNOG00000010888",0
"ENSRNOG00000013397",343
"ENSRNOG00000010560",0
"ENSRNOG00000023373",2504
"ENSRNOG00000065262",0
"ENSRNOG00000064597",0
"ENSRNOG00000011763",4165
"ENSRNOG00000013555",0
"ENSRNOG00000026953",2038
"ENSRNOG00000018673",1740
"ENSRNOG00000057707",0
"ENSRNOG00000013393",1048
"ENSRNOG00000009837",231
"ENSRNOG00000030904",2
"ENSRNOG00000018615",46
"ENSRNOG00000018946",840
"ENSRNOG00000020392",401
"ENSRNOG00000021323",91
"ENSRNOG00000012703",0
"ENSRNOG00000042105",0
"ENSRNOG00000057194",0
"ENSRNOG00000065741",0
"ENSRNOG00000065202",0
"ENSRNOG00000029191",25
"ENSRNOG00000068842",0
"ENSRNOG00000047014",135
"ENSRNOG00000069352",3
"ENSRNOG00000020421",0
"ENSRNOG00000065410",0
"ENSRNOG00000011133",0
"ENSRNOG00000066067",0
"ENSRNOG00000015622",376
"ENSRNOG00000011341",609
"ENSRNOG00000048209",0
"ENSRNOG00000013334",2
"ENSRNOG00000020542",2543
"ENSRNOG00000010556",106
"ENSRNOG00000008765",0
"ENSRNOG00000011261",283
"ENSRNOG00000069715",24
"ENSRNOG00000012481",14
"ENSRNOG00000020438",724
"ENSRNOG00000013313",1590
"ENSRNOG00000010866",28
"ENSRNOG00000021012",769
"ENSRNOG00000014333",478
"ENSRNOG00000032224",1
"ENSRNOG00000009491",1127
"ENSRNOG00000010084",2675
"ENSRNOG00000024046",0
"ENSRNOG00000015573",960
"ENSRNOG00000018236",0
"ENSRNOG00000021670",0
"ENSRNOG00000053325",11
"ENSRNOG00000068970",4
"ENSRNOG00000066474",2
"ENSRNOG00000015678",29
"ENSRNOG00000012199",0
"ENSRNOG00000016146",49
"ENSRNOG00000011383",326
"ENSRNOG00000016842",0
"ENSRNOG00000069649",55
"ENSRNOG00000013662",5
"ENSRNOG00000068087",0
"ENSRNOG00000011977",2202
"ENSRNOG00000025462",243
"ENSRNOG00000016339",3
"ENSRNOG00000008721",0
"ENSRNOG00000053599",1130
"ENSRNOG00000051068",0
"ENSRNOG00000011561",864
"ENSRNOG00000068715",1369
"ENSRNOG00000009581",0
"ENSRNOG00000015969",314
"ENSRNOG00000011440",183
"ENSRNOG00000065357",10
"ENSRNOG00000016262",0
"ENSRNOG00000026989",0
"ENSRNOG00000049819",238
"ENSRNOG00000045649",3431
"ENSRNOG00000017821",0
"ENSRNOG00000020744",1124
"ENSRNOG00000011937",170
"ENSRNOG00000042359",4496
"ENSRNOG00000052116",482
"ENSRNOG00000009487",1
"ENSRNOG00000012478",168
"ENSRNOG00000021410",15
"ENSRNOG00000033162",0
"ENSRNOG00000042535",0
"ENSRNOG00000013411",464
"ENSRNOG00000020058",375
"ENSRNOG00000053086",648
"ENSRNOG00000060626",210
"ENSRNOG00000013719",64
"ENSRNOG00000010280",0
"ENSRNOG00000009057",1261
"ENSRNOG00000016477",703
"ENSRNOG00000019614",8
"ENSRNOG00000013912",1317
"ENSRNOG00000025371",733
"ENSRNOG00000019508",213
"ENSRNOG00000062002",0
"ENSRNOG00000063864",3489
"ENSRNOG00000014323",892
"ENSRNOG00000039473",2
"ENSRNOG00000057322",41
"ENSRNOG00000059842",0
"ENSRNOG00000049676",0
"ENSRNOG00000021088",17
"ENSRNOG00000017969",0
"ENSRNOG00000013692",137
"ENSRNOG00000018285",3
"ENSRNOG00000064164",0
"ENSRNOG00000052613",272
"ENSRNOG00000062777",280
"ENSRNOG00000066056",22
"ENSRNOG00000020778",8
"ENSRNOG00000009433",205
"ENSRNOG00000054294",1968
"ENSRNOG00000008971",0
"ENSRNOG00000042118",892
"ENSRNOG00000052873",297
"ENSRNOG00000021160",0
"ENSRNOG00000012563",788
"ENSRNOG00000031320",0
"ENSRNOG00000020979",2651
"ENSRNOG00000055986",0
"ENSRNOG00000011238",1281
"ENSRNOG00000042327",0
"ENSRNOG00000029212",32767
"ENSRNOG00000028865",0
"ENSRNOG00000028025",1
"ENSRNOG00000011669",220
"ENSRNOG00000069904",0
"ENSRNOG00000012186",2233
"ENSRNOG00000056697",10
"ENSRNOG00000015089",3
"ENSRNOG00000027522",0
"ENSRNOG00000021092",276
"ENSRNOG00000011844",439
"ENSRNOG00000012124",578
"ENSRNOG00000048342",984
"ENSRNOG00000015250",136
"ENSRNOG00000055846",0
"ENSRNOG00000019737",130
"ENSRNOG00000010797",13
"ENSRNOG00000067644",0
"ENSRNOG00000061390",0
"ENSRNOG00000015279",22
"ENSRNOG00000064744",19
"ENSRNOG00000066555",51
"ENSRNOG00000029966",59
"ENSRNOG00000020791",1166
"ENSRNOG00000037655",208
"ENSRNOG00000069452",15
"ENSRNOG00000014066",574
"ENSRNOG00000023908",0
"ENSRNOG00000014795",80
"ENSRNOG00000028097",2
"ENSRNOG00000018293",775
"ENSRNOG00000015686",1124
"ENSRNOG00000011076",1229
"ENSRNOG00000013389",26
"ENSRNOG00000020373",710
"ENSRNOG00000031656",965
"ENSRNOG00000067662",0
"ENSRNOG00000016686",861
"ENSRNOG00000014052",1
"ENSRNOG00000018003",51
"ENSRNOG00000022707",0
"ENSRNOG00000016260",69
"ENSRNOG00000068153",45
"ENSRNOG00000066128",450
"ENSRNOG00000047620",607
"ENSRNOG00000067576",17
"ENSRNOG00000064952",0
"ENSRNOG00000066501",1
"ENSRNOG00000064838",69
"ENSRNOG00000049662",49
"ENSRNOG00000014414",1
"ENSRNOG00000016252",154
"ENSRNOG00000064105",221
"ENSRNOG00000069130",10
"ENSRNOG00000021185",209
"ENSRNOG00000010697",2054
"ENSRNOG00000038242",0
"ENSRNOG00000065249",67
"ENSRNOG00000013521",63
"ENSRNOG00000062479",3
"ENSRNOG00000061443",18
"ENSRNOG00000061707",0
"ENSRNOG00000064612",587
"ENSRNOG00000024115",11
"ENSRNOG00000029185",1580
"ENSRNOG00000023851",720
"ENSRNOG00000054204",7
"ENSRNOG00000010124",886
"ENSRNOG00000021024",1491
"ENSRNOG00000021099",61
"ENSRNOG00000016163",367
"ENSRNOG00000029893",27
"ENSRNOG00000038044",370
"ENSRNOG00000021100",34
"ENSRNOG00000021026",536
"ENSRNOG00000062927",251
"ENSRNOG00000024521",0
"ENSRNOG00000021042",843
"ENSRNOG00000011859",558
"ENSRNOG00000014684",57
"ENSRNOG00000052775",716
"ENSRNOG00000010701",38
"ENSRNOG00000048256",105
"ENSRNOG00000013011",670
"ENSRNOG00000023365",6
"ENSRNOG00000016617",6303
"ENSRNOG00000067220",46
"ENSRNOG00000021168",869
"ENSRNOG00000016552",1873
"ENSRNOG00000012892",7
"ENSRNOG00000069706",0
"ENSRNOG00000008748",816
"ENSRNOG00000015347",28
"ENSRNOG00000009652",985
"ENSRNOG00000049281",2719
"ENSRNOG00000066767",0
"ENSRNOG00000043370",677
"ENSRNOG00000069066",0
"ENSRNOG00000063139",0
"ENSRNOG00000058111",19
"ENSRNOG00000062474",28
"ENSRNOG00000042977",94
"ENSRNOG00000067968",1
"ENSRNOG00000064402",0
"ENSRNOG00000019638",5638
"ENSRNOG00000030204",0
"ENSRNOG00000016122",420
"ENSRNOG00000020797",1
"ENSRNOG00000063838",0
"ENSRNOG00000014937",39
"ENSRNOG00000063844",0
"ENSRNOG00000028582",0
"ENSRNOG00000009803",0
"ENSRNOG00000064545",454
"ENSRNOG00000068046",0
"ENSRNOG00000021105",133
"ENSRNOG00000056627",0
"ENSRNOG00000063834",0
"ENSRNOG00000067526",1
"ENSRNOG00000063384",5
"ENSRNOG00000009205",753
"ENSRNOG00000037341",0
"ENSRNOG00000020139",1038
"ENSRNOG00000023148",61
"ENSRNOG00000010624",2025
"ENSRNOG00000016336",121
"ENSRNOG00000066187",0
"ENSRNOG00000018021",233
"ENSRNOG00000066759",0
"ENSRNOG00000066927",0
"ENSRNOG00000070136",0
"ENSRNOG00000014243",396
"ENSRNOG00000064220",257
"ENSRNOG00000065517",0
"ENSRNOG00000070230",1179
"ENSRNOG00000014155",418
"ENSRNOG00000046788",0
"ENSRNOG00000013140",17
"ENSRNOG00000063069",0
"ENSRNOG00000019996",949
"ENSRNOG00000012512",227
"ENSRNOG00000025629",509
"ENSRNOG00000015334",832
"ENSRNOG00000065808",0
"ENSRNOG00000068984",10
"ENSRNOG00000048082",0
"ENSRNOG00000010843",38
"ENSRNOG00000000082",511
"ENSRNOG00000031398",0
"ENSRNOG00000011148",5160
"ENSRNOG00000046703",0
"ENSRNOG00000020485",4
"ENSRNOG00000010980",566
"ENSRNOG00000001601",0
"ENSRNOG00000020696",231
"ENSRNOG00000050075",0
"ENSRNOG00000019412",0
"ENSRNOG00000048459",0
"ENSRNOG00000069431",0
"ENSRNOG00000037149",0
"ENSRNOG00000024848",0
"ENSRNOG00000015812",1655
"ENSRNOG00000010972",0
"ENSRNOG00000011200",0
"ENSRNOG00000056335",0
"ENSRNOG00000050090",0
"ENSRNOG00000055035",0
"ENSRNOG00000058886",0
"ENSRNOG00000020588",240
"ENSRNOG00000069216",0
"ENSRNOG00000018112",0
"ENSRNOG00000009730",0
"ENSRNOG00000000097",3
"ENSRNOG00000017669",237
"ENSRNOG00000067521",0
"ENSRNOG00000040120",0
"ENSRNOG00000067045",0
"ENSRNOG00000042721",0
"ENSRNOG00000056969",42
"ENSRNOG00000043375",2
"ENSRNOG00000065561",0
"ENSRNOG00000070776",0
"ENSRNOG00000016437",3
"ENSRNOG00000020590",1487
"ENSRNOG00000023511",0
"ENSRNOG00000024089",5873
"ENSRNOG00000064953",0
"ENSRNOG00000067338",351
"ENSRNOG00000063005",0
"ENSRNOG00000053997",0
"ENSRNOG00000017664",0
"ENSRNOG00000011146",3014
"ENSRNOG00000069436",1
"ENSRNOG00000010681",7
"ENSRNOG00000070427",0
"ENSRNOG00000033134",549
"ENSRNOG00000024492",435
"ENSRNOG00000057761",297
"ENSRNOG00000057702",3
"ENSRNOG00000070945",28
"ENSRNOG00000007092",0
"ENSRNOG00000064741",8
"ENSRNOG00000066248",0
"ENSRNOG00000062440",0
"ENSRNOG00000021867",1
"ENSRNOG00000064254",0
"ENSRNOG00000065280",121
"ENSRNOG00000016419",6228
"ENSRNOG00000062874",0
"ENSRNOG00000062957",0
"ENSRNOG00000069202",82
"ENSRNOG00000020554",939
"ENSRNOG00000054429",1170
"ENSRNOG00000061358",312
"ENSRNOG00000071016",4
"ENSRNOG00000031778",2828
"ENSRNOG00000028529",1
"ENSRNOG00000010960",1525
"ENSRNOG00000066237",0
"ENSRNOG00000009903",0
"ENSRNOG00000014046",0
"ENSRNOG00000014154",501
"ENSRNOG00000055760",652
"ENSRNOG00000020860",8
"ENSRNOG00000064956",0
"ENSRNOG00000016544",161
"ENSRNOG00000051869",0
"ENSRNOG00000049213",0
"ENSRNOG00000047188",2
"ENSRNOG00000020621",7
"ENSRNOG00000063238",10
"ENSRNOG00000013035",489
"ENSRNOG00000011893",2046
"ENSRNOG00000070684",0
"ENSRNOG00000060844",0
"ENSRNOG00000058618",5
"ENSRNOG00000062458",1
"ENSRNOG00000065795",0
"ENSRNOG00000010431",0
"ENSRNOG00000058580",1804
"ENSRNOG00000066532",0
"ENSRNOG00000020640",652
"ENSRNOG00000068402",6
"ENSRNOG00000069428",0
"ENSRNOG00000013737",412
"ENSRNOG00000063226",0
"ENSRNOG00000028768",3
"ENSRNOG00000018681",9
"ENSRNOG00000064487",5
"ENSRNOG00000062612",0
"ENSRNOG00000071053",0
"ENSRNOG00000017712",0
"ENSRNOG00000042389",605
"ENSRNOG00000063698",0
"ENSRNOG00000012608",3
"ENSRNOG00000067298",0
"ENSRNOG00000017945",57
"ENSRNOG00000064712",0
"ENSRNOG00000010325",512
"ENSRNOG00000018094",0
"ENSRNOG00000014076",3933
"ENSRNOG00000021359",539
"ENSRNOG00000020811",292
"ENSRNOG00000030253",2
"ENSRNOG00000063023",2
"ENSRNOG00000065793",0
"ENSRNOG00000055450",21
"ENSRNOG00000020573",892
"ENSRNOG00000033940",0
"ENSRNOG00000018835",3671
"ENSRNOG00000066716",0
"ENSRNOG00000018076",10
"ENSRNOG00000034230",0
"ENSRNOG00000070239",0
"ENSRNOG00000015788",3
"ENSRNOG00000065402",135
"ENSRNOG00000017581",85
"ENSRNOG00000029726",735
"ENSRNOG00000065840",0
"ENSRNOG00000068099",0
"ENSRNOG00000068515",0
"ENSRNOG00000018290",0
"ENSRNOG00000022407",0
"ENSRNOG00000062889",0
"ENSRNOG00000036816",3520
"ENSRNOG00000066598",1
"ENSRNOG00000068420",43
"ENSRNOG00000063930",26
"ENSRNOG00000070434",0
"ENSRNOG00000018903",2573
"ENSRNOG00000062880",51
"ENSRNOG00000020386",4448
"ENSRNOG00000070905",0
"ENSRNOG00000015353",24
"ENSRNOG00000014453",9768
"ENSRNOG00000067984",0
"ENSRNOG00000063298",0
"ENSRNOG00000069403",0
"ENSRNOG00000052343",1270
"ENSRNOG00000064329",1
"ENSRNOG00000011723",627
"ENSRNOG00000012017",144
"ENSRNOG00000063646",0
"ENSRNOG00000066527",0
"ENSRNOG00000047506",233
"ENSRNOG00000070065",128
"ENSRNOG00000037552",1
"ENSRNOG00000070098",13
"ENSRNOG00000065566",0
"ENSRNOG00000068235",1
"ENSRNOG00000063326",120
"ENSRNOG00000063000",721
"ENSRNOG00000030847",6
"ENSRNOG00000068945",1
"ENSRNOG00000064284",42
"ENSRNOG00000032247",0
"ENSRNOG00000069911",0
"ENSRNOG00000021218",1110
"ENSRNOG00000021200",78
"ENSRNOG00000006655",554
"ENSRNOG00000064525",1
"ENSRNOG00000065234",36
"ENSRNOG00000032735",805
"ENSRNOG00000062698",6
"ENSRNOG00000070452",2
"ENSRNOG00000026162",27
"ENSRNOG00000063007",32
"ENSRNOG00000048989",121
"ENSRNOG00000068611",0
"ENSRNOG00000069775",32
"ENSRNOG00000011997",0
"ENSRNOG00000025321",1
"ENSRNOG00000042561",1153
"ENSRNOG00000019885",355
"ENSRNOG00000064959",0
"ENSRNOG00000018716",79
"ENSRNOG00000019090",3423
"ENSRNOG00000009851",121
"ENSRNOG00000063785",14
"ENSRNOG00000013048",279
"ENSRNOG00000017502",691
"ENSRNOG00000013736",0
"ENSRNOG00000014550",0
"ENSRNOG00000067624",0
"ENSRNOG00000011384",273
"ENSRNOG00000036980",44
"ENSRNOG00000062760",0
"ENSRNOG00000015781",133
"ENSRNOG00000031115",0
"ENSRNOG00000064129",5
"ENSRNOG00000013771",3
"ENSRNOG00000010695",961
"ENSRNOG00000054277",0
"ENSRNOG00000063027",6
"ENSRNOG00000032427",0
"ENSRNOG00000060831",0
"ENSRNOG00000024928",0
"ENSRNOG00000068263",198
"ENSRNOG00000065778",0
"ENSRNOG00000069536",0
"ENSRNOG00000059441",0
"ENSRNOG00000011454",242
"ENSRNOG00000042781",38
"ENSRNOG00000009602",0
"ENSRNOG00000017392",17
"ENSRNOG00000037196",0
"ENSRNOG00000066674",1
"ENSRNOG00000040279",141
"ENSRNOG00000066302",0
"ENSRNOG00000013356",1506
"ENSRNOG00000070222",0
"ENSRNOG00000024733",17
"ENSRNOG00000020657",5354
"ENSRNOG00000001271",867
"ENSRNOG00000027540",1052
"ENSRNOG00000064990",0
"ENSRNOG00000009310",322
"ENSRNOG00000070484",0
"ENSRNOG00000017249",0
"ENSRNOG00000019620",161
"ENSRNOG00000021186",0
"ENSRNOG00000009339",143
"ENSRNOG00000065693",0
"ENSRNOG00000017494",263
"ENSRNOG00000061582",2407
"ENSRNOG00000065310",0
"ENSRNOG00000019281",3003
"ENSRNOG00000063052",0
"ENSRNOG00000012760",1024
"ENSRNOG00000012099",781
"ENSRNOG00000068872",0
"ENSRNOG00000014515",297
"ENSRNOG00000016351",1085
"ENSRNOG00000020663",1342
"ENSRNOG00000012410",108
"ENSRNOG00000019565",268
"ENSRNOG00000029071",439
"ENSRNOG00000069413",1
"ENSRNOG00000019414",0
"ENSRNOG00000018746",1097
"ENSRNOG00000028310",0
"ENSRNOG00000031248",0
"ENSRNOG00000032463",807
"ENSRNOG00000023073",0
"ENSRNOG00000025269",1029
"ENSRNOG00000070658",0
"ENSRNOG00000064486",17
"ENSRNOG00000012053",151
"ENSRNOG00000010827",304
"ENSRNOG00000010661",0
"ENSRNOG00000019670",161
"ENSRNOG00000012008",58
"ENSRNOG00000030171",0
"ENSRNOG00000016243",448
"ENSRNOG00000011821",4256
"ENSRNOG00000065139",323
"ENSRNOG00000016164",0
"ENSRNOG00000011748",1
"ENSRNOG00000063101",0
"ENSRNOG00000011647",15008
"ENSRNOG00000066226",13
"ENSRNOG00000020500",4373
"ENSRNOG00000037082",4
"ENSRNOG00000033352",1
"ENSRNOG00000014479",1364
"ENSRNOG00000011557",0
"ENSRNOG00000046881",0
"ENSRNOG00000011483",0
"ENSRNOG00000012058",0
"ENSRNOG00000058609",4
"ENSRNOG00000060988",0
"ENSRNOG00000037217",10
"ENSRNOG00000013252",156
"ENSRNOG00000038366",198
"ENSRNOG00000020013",77
"ENSRNOG00000010603",0
"ENSRNOG00000011752",330
"ENSRNOG00000033560",464
"ENSRNOG00000011623",0
"ENSRNOG00000070759",0
"ENSRNOG00000064237",0
"ENSRNOG00000000098",1319
"ENSRNOG00000065518",5
"ENSRNOG00000024039",1299
"ENSRNOG00000012549",3667
"ENSRNOG00000025025",562
"ENSRNOG00000020518",1569
"ENSRNOG00000060939",1833
"ENSRNOG00000025377",6
"ENSRNOG00000069195",0
"ENSRNOG00000030049",141
"ENSRNOG00000013940",4
"ENSRNOG00000038436",2759
"ENSRNOG00000023803",71
"ENSRNOG00000018937",255
"ENSRNOG00000048258",1195
"ENSRNOG00000015117",420
"ENSRNOG00000068303",5
"ENSRNOG00000047108",0
"ENSRNOG00000019058",3
"ENSRNOG00000024208",0
"ENSRNOG00000064584",1295
"ENSRNOG00000009990",662
"ENSRNOG00000031067",0
"ENSRNOG00000028930",5883
"ENSRNOG00000013953",2
"ENSRNOG00000013538",6010
"ENSRNOG00000015140",98
"ENSRNOG00000056325",391
"ENSRNOG00000038330",61
"ENSRNOG00000033693",1
"ENSRNOG00000014002",309
"ENSRNOG00000018193",171
"ENSRNOG00000016550",18
"ENSRNOG00000065128",14
"ENSRNOG00000031974",0
"ENSRNOG00000010575",252
"ENSRNOG00000016541",635
"ENSRNOG00000030237",554
"ENSRNOG00000020272",11
"ENSRNOG00000013660",766
"ENSRNOG00000009808",582
"ENSRNOG00000009980",604
"ENSRNOG00000015211",41
"ENSRNOG00000071130",0
"ENSRNOG00000019328",821
"ENSRNOG00000010274",429
"ENSRNOG00000055839",0
"ENSRNOG00000069322",1
"ENSRNOG00000068300",0
"ENSRNOG00000059275",0
"ENSRNOG00000013741",10021
"ENSRNOG00000067967",0
"ENSRNOG00000062483",0
"ENSRNOG00000058654",61
"ENSRNOG00000057918",0
"ENSRNOG00000066745",0
"ENSRNOG00000056991",0
"ENSRNOG00000063017",0
"ENSRNOG00000070969",0
"ENSRNOG00000023640",8
"ENSRNOG00000029209",3089
"ENSRNOG00000070213",0
"ENSRNOG00000028749",206
"ENSRNOG00000053707",0
"ENSRNOG00000061349",3
"ENSRNOG00000050514",48
"ENSRNOG00000054199",0
"ENSRNOG00000059307",0
"ENSRNOG00000010515",571
"ENSRNOG00000014350",1767
"ENSRNOG00000051865",0
"ENSRNOG00000064800",0
"ENSRNOG00000064458",0
"ENSRNOG00000019908",285
"ENSRNOG00000066920",0
"ENSRNOG00000061123",0
"ENSRNOG00000051873",0
"ENSRNOG00000063407",0
"ENSRNOG00000057151",0
"ENSRNOG00000019933",1362
"ENSRNOG00000064856",0
"ENSRNOG00000056743",0
"ENSRNOG00000069816",0
"ENSRNOG00000064178",0
"ENSRNOG00000052763",0
"ENSRNOG00000054541",1
"ENSRNOG00000059609",0
"ENSRNOG00000020297",376
"ENSRNOG00000061529",0
"ENSRNOG00000052672",0
"ENSRNOG00000021068",1628
"ENSRNOG00000067493",0
"ENSRNOG00000070998",0
"ENSRNOG00000064698",0
"ENSRNOG00000036429",0
"ENSRNOG00000040385",0
"ENSRNOG00000047006",0
"ENSRNOG00000048716",0
"ENSRNOG00000035483",0
"ENSRNOG00000035504",0
"ENSRNOG00000050085",0
"ENSRNOG00000064834",0
"ENSRNOG00000020863",0
"ENSRNOG00000041792",0
"ENSRNOG00000036423",0
"ENSRNOG00000040434",0
"ENSRNOG00000035551",0
"ENSRNOG00000035617",42
"ENSRNOG00000035622",0
"ENSRNOG00000035628",0
"ENSRNOG00000035499",0
"ENSRNOG00000035491",0
"ENSRNOG00000043562",0
"ENSRNOG00000036435",2
"ENSRNOG00000041245",0
"ENSRNOG00000031174",1175
"ENSRNOG00000069791",0
"ENSRNOG00000065319",0
"ENSRNOG00000058729",0
"ENSRNOG00000055084",0
"ENSRNOG00000055177",0
"ENSRNOG00000067398",0
"ENSRNOG00000055615",0
"ENSRNOG00000060780",0
"ENSRNOG00000053927",2
"ENSRNOG00000054350",0
"ENSRNOG00000053892",0
"ENSRNOG00000053050",1
"ENSRNOG00000055668",0
"ENSRNOG00000054318",0
"ENSRNOG00000058113",0
"ENSRNOG00000058966",6
"ENSRNOG00000054887",0
"ENSRNOG00000054477",0
"ENSRNOG00000051850",0
"ENSRNOG00000055556",0
"ENSRNOG00000052749",0
"ENSRNOG00000064165",5
"ENSRNOG00000059208",0
"ENSRNOG00000064706",0
"ENSRNOG00000069036",0
"ENSRNOG00000060967",0
"ENSRNOG00000053823",0
"ENSRNOG00000056549",0
"ENSRNOG00000058502",0
"ENSRNOG00000010533",1837
"ENSRNOG00000056971",0
"ENSRNOG00000058747",0
"ENSRNOG00000057704",0
"ENSRNOG00000053898",46
"ENSRNOG00000051673",0
"ENSRNOG00000069812",13
"ENSRNOG00000070085",0
"ENSRNOG00000051930",0
"ENSRNOG00000058028",1
"ENSRNOG00000064110",0
"ENSRNOG00000069482",0
"ENSRNOG00000011696",393
"ENSRNOG00000058027",2
"ENSRNOG00000070871",0
"ENSRNOG00000067788",2
"ENSRNOG00000068568",1
"ENSRNOG00000066724",0
"ENSRNOG00000054271",0
"ENSRNOG00000065672",0
"ENSRNOG00000068833",0
"ENSRNOG00000067127",249
"ENSRNOG00000056349",0
"ENSRNOG00000070410",0
"ENSRNOG00000052247",535
"ENSRNOG00000070928",0
"ENSRNOG00000068384",0
"ENSRNOG00000070242",84
"ENSRNOG00000056961",0
"ENSRNOG00000060857",0
"ENSRNOG00000048993",1
"ENSRNOG00000053190",0
"ENSRNOG00000062782",0
"ENSRNOG00000051388",0
"ENSRNOG00000068650",6
"ENSRNOG00000061565",0
"ENSRNOG00000057328",0
"ENSRNOG00000071043",0
"ENSRNOG00000061427",0
"ENSRNOG00000070728",0
"ENSRNOG00000065295",0
"ENSRNOG00000071203",0
"ENSRNOG00000019470",0
"ENSRNOG00000053499",0
"ENSRNOG00000069691",0
"ENSRNOG00000066990",0
"ENSRNOG00000064425",0
"ENSRNOG00000056093",0
"ENSRNOG00000056123",0
"ENSRNOG00000065668",0
"ENSRNOG00000068654",0
"ENSRNOG00000060908",0
"ENSRNOG00000069677",0
"ENSRNOG00000062488",0
"ENSRNOG00000067795",0
"ENSRNOG00000067019",0
"ENSRNOG00000066699",0
"ENSRNOG00000051871",0
"ENSRNOG00000057841",0
"ENSRNOG00000064261",0
"ENSRNOG00000064924",0
"ENSRNOG00000055558",0
"ENSRNOG00000071164",0
"ENSRNOG00000068249",0
"ENSRNOG00000064733",0
"ENSRNOG00000069242",1
"ENSRNOG00000068704",0
"ENSRNOG00000068904",0
"ENSRNOG00000063349",0
"ENSRNOG00000061534",0
"ENSRNOG00000059407",5
"ENSRNOG00000042283",150
"ENSRNOG00000068155",0
"ENSRNOG00000058770",1
"ENSRNOG00000070453",0
"ENSRNOG00000067293",0
"ENSRNOG00000054062",4
"ENSRNOG00000020869",750
"ENSRNOG00000062689",0
"ENSRNOG00000062800",0
"ENSRNOG00000065482",0
"ENSRNOG00000066024",2
"ENSRNOG00000059573",0
"ENSRNOG00000057916",0
"ENSRNOG00000058807",0
"ENSRNOG00000020357",168
"ENSRNOG00000028350",195
"ENSRNOG00000009997",1780
"ENSRNOG00000068258",0
"ENSRNOG00000015553",447
"ENSRNOG00000059568",0
"ENSRNOG00000013372",0
"ENSRNOG00000059512",0
"ENSRNOG00000037310",5
"ENSRNOG00000013002",904
"ENSRNOG00000020875",36
"ENSRNOG00000010125",1030
"ENSRNOG00000017516",843
"ENSRNOG00000019940",2464
"ENSRNOG00000037190",8
"ENSRNOG00000012770",46
"ENSRNOG00000070497",0
"ENSRNOG00000010147",605
"ENSRNOG00000023588",0
"ENSRNOG00000047158",146
"ENSRNOG00000011150",5206
"ENSRNOG00000068662",0
"ENSRNOG00000015502",907
"ENSRNOG00000019441",0
"ENSRNOG00000012819",13
"ENSRNOG00000010286",2847
"ENSRNOG00000029304",254
"ENSRNOG00000016835",0
"ENSRNOG00000012278",1
"ENSRNOG00000009582",0
"ENSRNOG00000061862",183
"ENSRNOG00000070749",1711
"ENSRNOG00000019957",304
"ENSRNOG00000068483",0
"ENSRNOG00000013950",0
"ENSRNOG00000010263",6
"ENSRNOG00000058633",0
"ENSRNOG00000022101",19
"ENSRNOG00000070756",0
"ENSRNOG00000022929",262
"ENSRNOG00000060124",0
"ENSRNOG00000064400",0
"ENSRNOG00000059951",0
"ENSRNOG00000042332",0
"ENSRNOG00000070224",0
"ENSRNOG00000060497",0
"ENSRNOG00000058851",0
"ENSRNOG00000058175",0
"ENSRNOG00000016213",1717
"ENSRNOG00000053571",0
"ENSRNOG00000051368",0
"ENSRNOG00000052881",0
"ENSRNOG00000061379",0
"ENSRNOG00000068553",0
"ENSRNOG00000069719",0
"ENSRNOG00000066468",0
"ENSRNOG00000061066",0
"ENSRNOG00000060354",0
"ENSRNOG00000061089",0
"ENSRNOG00000053220",0
"ENSRNOG00000068791",0
"ENSRNOG00000033192",4504
"ENSRNOG00000069141",0
"ENSRNOG00000070429",0
"ENSRNOG00000011360",0
"ENSRNOG00000059221",0
"ENSRNOG00000056460",0
"ENSRNOG00000010535",51
"ENSRNOG00000052892",0
"ENSRNOG00000057431",0
"ENSRNOG00000065070",0
"ENSRNOG00000020027",4887
"ENSRNOG00000059290",0
"ENSRNOG00000009577",0
"ENSRNOG00000017890",0
"ENSRNOG00000055118",0
"ENSRNOG00000053651",1
"ENSRNOG00000045639",118
"ENSRNOG00000065463",0
"ENSRNOG00000019738",0
"ENSRNOG00000055965",2
"ENSRNOG00000055509",0
"ENSRNOG00000061146",47
"ENSRNOG00000060162",1
"ENSRNOG00000012810",267
"ENSRNOG00000053550",993
"ENSRNOG00000058079",0
"ENSRNOG00000069084",0
"ENSRNOG00000060964",0
"ENSRNOG00000065134",0
"ENSRNOG00000060747",0
"ENSRNOG00000069987",0
"ENSRNOG00000017876",35
"ENSRNOG00000054044",0
"ENSRNOG00000057801",0
"ENSRNOG00000056416",0
"ENSRNOG00000053400",15
"ENSRNOG00000062341",0
"ENSRNOG00000028872",2636
"ENSRNOG00000010369",447
"ENSRNOG00000061128",918
"ENSRNOG00000026392",0
"ENSRNOG00000059059",79
"ENSRNOG00000051682",162
"ENSRNOG00000053243",0
"ENSRNOG00000014443",81
"ENSRNOG00000052874",0
"ENSRNOG00000070358",0
"ENSRNOG00000010454",2
"ENSRNOG00000055813",0
"ENSRNOG00000012655",946
"ENSRNOG00000019037",0
"ENSRNOG00000070016",0
"ENSRNOG00000062872",0
"ENSRNOG00000014686",95
"ENSRNOG00000044194",0
"ENSRNOG00000054864",0
"ENSRNOG00000064710",20
"ENSRNOG00000065337",0
"ENSRNOG00000010824",744
"ENSRNOG00000062354",0
"ENSRNOG00000065986",0
"ENSRNOG00000054751",519
"ENSRNOG00000069913",0
"ENSRNOG00000053795",17
"ENSRNOG00000010081",51
"ENSRNOG00000056420",0
"ENSRNOG00000066462",14
"ENSRNOG00000060388",1
"ENSRNOG00000058700",0
"ENSRNOG00000009465",78
"ENSRNOG00000056880",0
"ENSRNOG00000064742",3289
"ENSRNOG00000055079",2
"ENSRNOG00000053556",0
"ENSRNOG00000061866",0
"ENSRNOG00000017864",661
"ENSRNOG00000067910",0
"ENSRNOG00000017484",575
"ENSRNOG00000061788",9
"ENSRNOG00000054881",0
"ENSRNOG00000038398",0
"ENSRNOG00000054369",0
"ENSRNOG00000068655",7
"ENSRNOG00000061021",0
"ENSRNOG00000066722",0
"ENSRNOG00000045665",24
"ENSRNOG00000059636",0
"ENSRNOG00000069685",0
"ENSRNOG00000068763",0
"ENSRNOG00000058275",1
"ENSRNOG00000012982",199
"ENSRNOG00000066126",0
"ENSRNOG00000068290",0
"ENSRNOG00000055772",0
"ENSRNOG00000057098",0
"ENSRNOG00000060403",0
"ENSRNOG00000064131",0
"ENSRNOG00000009514",6
"ENSRNOG00000060919",0
"ENSRNOG00000054088",0
"ENSRNOG00000018353",479
"ENSRNOG00000069934",0
"ENSRNOG00000029670",9036
"ENSRNOG00000058150",0
"ENSRNOG00000058255",0
"ENSRNOG00000024433",565
"ENSRNOG00000061362",0
"ENSRNOG00000045647",875
"ENSRNOG00000061190",0
"ENSRNOG00000056917",0
"ENSRNOG00000017420",118
"ENSRNOG00000012354",283
"ENSRNOG00000055905",0
"ENSRNOG00000012136",953
"ENSRNOG00000069742",0
"ENSRNOG00000068700",0
"ENSRNOG00000058816",0
"ENSRNOG00000061470",0
"ENSRNOG00000013038",115
"ENSRNOG00000052487",2
"ENSRNOG00000057752",0
"ENSRNOG00000066004",199
"ENSRNOG00000039848",1952
"ENSRNOG00000056780",0
"ENSRNOG00000018166",325
"ENSRNOG00000011239",0
"ENSRNOG00000022636",380
"ENSRNOG00000056607",0
"ENSRNOG00000062697",0
"ENSRNOG00000054290",0
"ENSRNOG00000023579",888
"ENSRNOG00000066350",0
"ENSRNOG00000055857",0
"ENSRNOG00000063018",65
"ENSRNOG00000009968",183
"ENSRNOG00000054115",0
"ENSRNOG00000066403",0
"ENSRNOG00000067566",0
"ENSRNOG00000017462",162
"ENSRNOG00000002223",1
"ENSRNOG00000013535",0
"ENSRNOG00000057470",232
"ENSRNOG00000059004",0
"ENSRNOG00000070670",0
"ENSRNOG00000055382",0
"ENSRNOG00000016394",841
"ENSRNOG00000030104",9
"ENSRNOG00000012851",0
"ENSRNOG00000012060",1691
"ENSRNOG00000014999",3153
"ENSRNOG00000061058",1985
"ENSRNOG00000047002",1
"ENSRNOG00000013844",512
"ENSRNOG00000017574",0
"ENSRNOG00000033837",0
"ENSRNOG00000014139",204
"ENSRNOG00000011631",561
"ENSRNOG00000067100",63
"ENSRNOG00000061213",322
"ENSRNOG00000016342",93
"ENSRNOG00000010079",17
"ENSRNOG00000010941",120
"ENSRNOG00000062530",0
"ENSRNOG00000066617",0
"ENSRNOG00000032414",109
"ENSRNOG00000031024",0
"ENSRNOG00000046941",2
"ENSRNOG00000012505",210
"ENSRNOG00000053292",0
"ENSRNOG00000066566",337
"ENSRNOG00000045778",49
"ENSRNOG00000046421",0
"ENSRNOG00000030039",0
"ENSRNOG00000009826",0
"ENSRNOG00000064787",174
"ENSRNOG00000068123",0
"ENSRNOG00000010805",11
"ENSRNOG00000023453",369
"ENSRNOG00000018230",370
"ENSRNOG00000016912",1927
"ENSRNOG00000056907",2348
"ENSRNOG00000010450",10
"ENSRNOG00000010971",1451
"ENSRNOG00000042471",0
"ENSRNOG00000051687",0
"ENSRNOG00000025823",0
"ENSRNOG00000009953",126
"ENSRNOG00000055439",56
"ENSRNOG00000026686",0
"ENSRNOG00000039740",13
"ENSRNOG00000024947",0
"ENSRNOG00000066236",0
"ENSRNOG00000023079",1428
"ENSRNOG00000027908",11
"ENSRNOG00000025608",0
"ENSRNOG00000050263",0
"ENSRNOG00000014232",27
"ENSRNOG00000011082",0
"ENSRNOG00000026842",1997
"ENSRNOG00000068600",148
"ENSRNOG00000013294",10
"ENSRNOG00000014793",2
"ENSRNOG00000013507",3122
"ENSRNOG00000017990",3569
"ENSRNOG00000018865",1384
"ENSRNOG00000014039",0
"ENSRNOG00000043053",236
"ENSRNOG00000020706",5
"ENSRNOG00000033064",8
"ENSRNOG00000022356",1253
"ENSRNOG00000014654",433
"ENSRNOG00000013177",278
"ENSRNOG00000049743",429
"ENSRNOG00000013409",202
"ENSRNOG00000017427",964
"ENSRNOG00000021656",1
"ENSRNOG00000031995",494
"ENSRNOG00000021116",0
"ENSRNOG00000011553",651
"ENSRNOG00000056151",5
"ENSRNOG00000028052",66
"ENSRNOG00000030019",12348
"ENSRNOG00000064945",86
"ENSRNOG00000066826",0
"ENSRNOG00000065064",0
"ENSRNOG00000010760",33
"ENSRNOG00000011639",259
"ENSRNOG00000015654",528
"ENSRNOG00000023258",874
"ENSRNOG00000049075",584
"ENSRNOG00000010891",602
"ENSRNOG00000021120",691
"ENSRNOG00000011441",1597
"ENSRNOG00000011949",1619
"ENSRNOG00000038552",6
"ENSRNOG00000014549",149
"ENSRNOG00000053979",42
"ENSRNOG00000054361",0
"ENSRNOG00000012095",738
"ENSRNOG00000027410",62
"ENSRNOG00000017758",2216
"ENSRNOG00000028156",1378
"ENSRNOG00000018510",308
"ENSRNOG00000037853",8
"ENSRNOG00000042717",142
"ENSRNOG00000038008",0
"ENSRNOG00000052173",1
"ENSRNOG00000021131",1436
"ENSRNOG00000039582",16
"ENSRNOG00000032630",76
"ENSRNOG00000013045",453
"ENSRNOG00000009771",0
"ENSRNOG00000059903",516
"ENSRNOG00000010649",61
"ENSRNOG00000053969",3
"ENSRNOG00000067816",0
"ENSRNOG00000017428",4229
"ENSRNOG00000031378",259
"ENSRNOG00000059750",520
"ENSRNOG00000068920",1027
"ENSRNOG00000033449",1
"ENSRNOG00000010461",1392
"ENSRNOG00000010747",12694
"ENSRNOG00000012734",727
"ENSRNOG00000054157",62
"ENSRNOG00000043502",0
"ENSRNOG00000012148",1865
"ENSRNOG00000010799",79
"ENSRNOG00000028335",2297
"ENSRNOG00000010815",1311
"ENSRNOG00000062848",7
"ENSRNOG00000013963",5823
"ENSRNOG00000023816",2027
"ENSRNOG00000050416",0
"ENSRNOG00000037406",2
"ENSRNOG00000017752",588
"ENSRNOG00000020539",13
"ENSRNOG00000055790",7
"ENSRNOG00000021134",1
"ENSRNOG00000048832",0
"ENSRNOG00000021081",455
"ENSRNOG00000067115",0
"ENSRNOG00000012933",703
"ENSRNOG00000021138",4766
"ENSRNOG00000013293",266
"ENSRNOG00000012091",373
"ENSRNOG00000013336",333
"ENSRNOG00000023162",289
"ENSRNOG00000017246",0
"ENSRNOG00000065396",76
"ENSRNOG00000062882",34
"ENSRNOG00000017348",0
"ENSRNOG00000042261",2261
"ENSRNOG00000016505",0
"ENSRNOG00000011705",0
"ENSRNOG00000016530",1362
"ENSRNOG00000016961",2112
"ENSRNOG00000009629",0
"ENSRNOG00000011066",2606
"ENSRNOG00000000001",184
"ENSRNOG00000017441",2951
"ENSRNOG00000016733",800
"ENSRNOG00000010589",691
"ENSRNOG00000011586",938
"ENSRNOG00000016379",829
"ENSRNOG00000023493",0
"ENSRNOG00000025108",0
"ENSRNOG00000068776",73
"ENSRNOG00000011216",2642
"ENSRNOG00000032009",2
"ENSRNOG00000028941",752
"ENSRNOG00000021143",792
"ENSRNOG00000038095",1
"ENSRNOG00000027833",1938
"ENSRNOG00000070034",2044
"ENSRNOG00000070330",0
"ENSRNOG00000025285",458
"ENSRNOG00000015425",160
"ENSRNOG00000014599",361
"ENSRNOG00000046468",400
"ENSRNOG00000010238",368
"ENSRNOG00000029889",0
"ENSRNOG00000066871",1
"ENSRNOG00000032576",1
"ENSRNOG00000068443",1
"ENSRNOG00000043386",847
"ENSRNOG00000010266",861
"ENSRNOG00000021199",0
"ENSRNOG00000011923",34
"ENSRNOG00000058539",176
"ENSRNOG00000009882",466
"ENSRNOG00000012827",25
"ENSRNOG00000069676",1
"ENSRNOG00000009821",0
"ENSRNOG00000014660",461
"ENSRNOG00000010161",806
"ENSRNOG00000071200",1
"ENSRNOG00000069800",2
"ENSRNOG00000010658",992
"ENSRNOG00000068741",20
"ENSRNOG00000032922",1307
"ENSRNOG00000032240",80
"ENSRNOG00000020829",178
"ENSRNOG00000025274",2052
"ENSRNOG00000011340",327
"ENSRNOG00000019868",1523
"ENSRNOG00000043094",2003
"ENSRNOG00000043445",3
"ENSRNOG00000056371",1299
"ENSRNOG00000010819",13
"ENSRNOG00000031814",3156
"ENSRNOG00000066065",2146
"ENSRNOG00000020832",19
"ENSRNOG00000009372",0
"ENSRNOG00000027971",0
"ENSRNOG00000027002",2285
"ENSRNOG00000024365",177
"ENSRNOG00000026186",399
"ENSRNOG00000009004",0
"ENSRNOG00000070835",534
"ENSRNOG00000010199",13
"ENSRNOG00000019163",0
"ENSRNOG00000013451",1358
"ENSRNOG00000027836",2
"ENSRNOG00000011842",0
"ENSRNOG00000042080",0
"ENSRNOG00000014893",34
"ENSRNOG00000012873",468
"ENSRNOG00000027935",1
"ENSRNOG00000011260",12
"ENSRNOG00000020470",1724
"ENSRNOG00000012385",500
"ENSRNOG00000011632",7252
"ENSRNOG00000027923",598
"ENSRNOG00000022347",73
"ENSRNOG00000063581",0
"ENSRNOG00000015024",334
"ENSRNOG00000018067",353
"ENSRNOG00000010094",1
"ENSRNOG00000013572",1347
"ENSRNOG00000013121",526
"ENSRNOG00000050563",0
"ENSRNOG00000043377",2843
"ENSRNOG00000012109",13
"ENSRNOG00000021798",0
"ENSRNOG00000042152",140
"ENSRNOG00000062377",0
"ENSRNOG00000025160",31
"ENSRNOG00000054426",890
"ENSRNOG00000031743",221
"ENSRNOG00000010121",35
"ENSRNOG00000050706",324
"ENSRNOG00000015913",2046
"ENSRNOG00000056894",3
"ENSRNOG00000023404",3
"ENSRNOG00000009992",721
"ENSRNOG00000011528",547
"ENSRNOG00000021215",166
"ENSRNOG00000062253",1213
"ENSRNOG00000019221",469
"ENSRNOG00000026944",28
"ENSRNOG00000013050",0
"ENSRNOG00000017187",136
"ENSRNOG00000026928",735
"ENSRNOG00000038905",35
"ENSRNOG00000064230",11
"ENSRNOG00000061097",0
"ENSRNOG00000064398",0
"ENSRNOG00000029988",3207
"ENSRNOG00000063273",0
"ENSRNOG00000043332",0
"ENSRNOG00000066265",0
"ENSRNOG00000010254",0
"ENSRNOG00000031997",247
"ENSRNOG00000067789",718
"ENSRNOG00000064077",0
"ENSRNOG00000069122",0
"ENSRNOG00000068124",22
"ENSRNOG00000063925",0
"ENSRNOG00000017680",22
"ENSRNOG00000021745",0
"ENSRNOG00000028348",0
"ENSRNOG00000069632",19
"ENSRNOG00000023126",0
"ENSRNOG00000049010",0
"ENSRNOG00000062769",0
"ENSRNOG00000043292",0
"ENSRNOG00000016289",21
"ENSRNOG00000011963",0
"ENSRNOG00000069332",0
"ENSRNOG00000045818",0
"ENSRNOG00000010047",25
"ENSRNOG00000025157",297
"ENSRNOG00000059302",0
"ENSRNOG00000052207",2045
"ENSRNOG00000022373",633
"ENSRNOG00000070775",0
"ENSRNOG00000018045",452
"ENSRNOG00000061317",0
"ENSRNOG00000056337",0
"ENSRNOG00000011827",747
"ENSRNOG00000063475",0
"ENSRNOG00000034093",9151
"ENSRNOG00000009503",64
"ENSRNOG00000046368",152
"ENSRNOG00000065845",0
"ENSRNOG00000055370",0
"ENSRNOG00000029592",2211
"ENSRNOG00000033499",0
"ENSRNOG00000064528",0
"ENSRNOG00000024628",0
"ENSRNOG00000032941",10
"ENSRNOG00000033147",3
"ENSRNOG00000049530",9
"ENSRNOG00000067368",0
"ENSRNOG00000020279",382
"ENSRNOG00000011555",649
"ENSRNOG00000068362",77
"ENSRNOG00000070040",0
"ENSRNOG00000070781",0
"ENSRNOG00000067496",0
"ENSRNOG00000009168",0
"ENSRNOG00000014815",4
"ENSRNOG00000004978",2082
"ENSRNOG00000010992",0
"ENSRNOG00000067916",0
"ENSRNOG00000063016",15
"ENSRNOG00000070591",105
"ENSRNOG00000024623",2
"ENSRNOG00000047236",15
"ENSRNOG00000063309",48
"ENSRNOG00000030748",6
"ENSRNOG00000016214",1549
"ENSRNOG00000066364",0
"ENSRNOG00000066603",0
"ENSRNOG00000070191",0
"ENSRNOG00000066407",0
"ENSRNOG00000062928",0
"ENSRNOG00000029493",0
"ENSRNOG00000030494",67
"ENSRNOG00000067699",0
"ENSRNOG00000063988",0
"ENSRNOG00000064397",0
"ENSRNOG00000038902",16
"ENSRNOG00000019044",0
"ENSRNOG00000068251",0
"ENSRNOG00000064598",0
"ENSRNOG00000068421",0
"ENSRNOG00000011980",5
"ENSRNOG00000042266",0
"ENSRNOG00000063985",0
"ENSRNOG00000010680",21
"ENSRNOG00000049827",6
"ENSRNOG00000070831",0
"ENSRNOG00000065118",0
"ENSRNOG00000065510",0
"ENSRNOG00000023892",0
"ENSRNOG00000037223",0
"ENSRNOG00000029339",563
"ENSRNOG00000067361",68
"ENSRNOG00000030747",651
"ENSRNOG00000070872",0
"ENSRNOG00000010741",9
"ENSRNOG00000021101",27
"ENSRNOG00000065432",248
"ENSRNOG00000065162",0
"ENSRNOG00000063704",0
"ENSRNOG00000069915",0
"ENSRNOG00000009314",0
"ENSRNOG00000065565",0
"ENSRNOG00000031144",0
"ENSRNOG00000009574",0
"ENSRNOG00000017695",6049
"ENSRNOG00000022745",168
"ENSRNOG00000071169",0
"ENSRNOG00000009383",0
"ENSRNOG00000065447",1
"ENSRNOG00000065886",50
"ENSRNOG00000021166",2781
"ENSRNOG00000011929",960
"ENSRNOG00000031358",574
"ENSRNOG00000016432",21
"ENSRNOG00000016044",2
"ENSRNOG00000017723",338
"ENSRNOG00000009326",0
"ENSRNOG00000011284",455
"ENSRNOG00000014143",30
"ENSRNOG00000014872",3595
"ENSRNOG00000020255",3277
"ENSRNOG00000064204",79
"ENSRNOG00000070921",9
"ENSRNOG00000015274",309
"ENSRNOG00000017744",461
"ENSRNOG00000025297",0
"ENSRNOG00000021182",543
"ENSRNOG00000009955",39
"ENSRNOG00000011317",1456
"ENSRNOG00000037115",0
"ENSRNOG00000023965",0
"ENSRNOG00000019754",441
"ENSRNOG00000013798",249
"ENSRNOG00000022218",253
"ENSRNOG00000019240",771
"ENSRNOG00000053349",2
"ENSRNOG00000069596",0
"ENSRNOG00000065742",0
"ENSRNOG00000048949",305
"ENSRNOG00000036885",0
"ENSRNOG00000045743",1
"ENSRNOG00000069593",8
"ENSRNOG00000019211",5103
"ENSRNOG00000013872",0
"ENSRNOG00000023943",0
"ENSRNOG00000013894",0
"ENSRNOG00000064223",7
"ENSRNOG00000029756",0
"ENSRNOG00000015655",3676
"ENSRNOG00000019333",6554
"ENSRNOG00000014490",512
"ENSRNOG00000070399",1
"ENSRNOG00000013902",0
"ENSRNOG00000043426",55
"ENSRNOG00000011025",172
"ENSRNOG00000013917",0
"ENSRNOG00000056332",8
"ENSRNOG00000015987",818
"ENSRNOG00000019367",373
"ENSRNOG00000069829",0
"ENSRNOG00000045764",0
"ENSRNOG00000011294",701
"ENSRNOG00000016571",255
"ENSRNOG00000067239",792
"ENSRNOG00000051854",4393
"ENSRNOG00000021581",365
"ENSRNOG00000018798",0
"ENSRNOG00000018870",0
"ENSRNOG00000070442",57
"ENSRNOG00000055257",9390
"ENSRNOG00000010306",570
"ENSRNOG00000060107",228
"ENSRNOG00000018220",1190
"ENSRNOG00000025074",0
"ENSRNOG00000011589",4515
"ENSRNOG00000052232",118
"ENSRNOG00000014857",254
"ENSRNOG00000059604",0
"ENSRNOG00000063253",0
"ENSRNOG00000018131",46
"ENSRNOG00000010655",0
"ENSRNOG00000010552",757
"ENSRNOG00000047499",390
"ENSRNOG00000018783",316
"ENSRNOG00000067768",0
"ENSRNOG00000023457",0
"ENSRNOG00000009345",0
"ENSRNOG00000054375",0
"ENSRNOG00000019417",0
"ENSRNOG00000012508",9
"ENSRNOG00000012436",2513
"ENSRNOG00000018569",2213
"ENSRNOG00000012281",1
"ENSRNOG00000011311",1334
"ENSRNOG00000018201",0
"ENSRNOG00000065373",0
"ENSRNOG00000018659",4274
"ENSRNOG00000014575",533
"ENSRNOG00000069176",0
"ENSRNOG00000015029",1411
"ENSRNOG00000046357",1532
"ENSRNOG00000015026",1457
"ENSRNOG00000014059",68
"ENSRNOG00000023338",180
"ENSRNOG00000012630",3552
"ENSRNOG00000012947",1330
"ENSRNOG00000012946",306
"ENSRNOG00000016793",0
"ENSRNOG00000068931",188
"ENSRNOG00000028561",0
"ENSRNOG00000014613",1019
"ENSRNOG00000010875",274
"ENSRNOG00000032715",1650
"ENSRNOG00000063693",0
"ENSRNOG00000011053",513
"ENSRNOG00000011559",7093
"ENSRNOG00000063905",0
"ENSRNOG00000017784",373
"ENSRNOG00000009845",631
"ENSRNOG00000070622",0
"ENSRNOG00000011654",97
"ENSRNOG00000010183",3131
"ENSRNOG00000011817",818
"ENSRNOG00000024120",15
"ENSRNOG00000012729",466
"ENSRNOG00000056545",0
"ENSRNOG00000011211",0
"ENSRNOG00000067850",4
"ENSRNOG00000070305",0
"ENSRNOG00000064106",0
"ENSRNOG00000011612",0
"ENSRNOG00000047473",8
"ENSRNOG00000014674",291
"ENSRNOG00000015423",548
"ENSRNOG00000020642",283
"ENSRNOG00000066838",89
"ENSRNOG00000049513",0
"ENSRNOG00000015816",356
"ENSRNOG00000051606",53
"ENSRNOG00000027894",231
"ENSRNOG00000020822",2610
"ENSRNOG00000015421",78
"ENSRNOG00000066453",0
"ENSRNOG00000015153",1292
"ENSRNOG00000063260",2
"ENSRNOG00000043095",561
"ENSRNOG00000025406",70
"ENSRNOG00000066460",0
"ENSRNOG00000064316",0
"ENSRNOG00000011057",768
"ENSRNOG00000028403",211
"ENSRNOG00000017986",26
"ENSRNOG00000043511",0
"ENSRNOG00000017272",337
"ENSRNOG00000011070",827
"ENSRNOG00000031576",45
"ENSRNOG00000012645",772
"ENSRNOG00000065312",1464
"ENSRNOG00000057159",217
"ENSRNOG00000018054",6
"ENSRNOG00000067567",2
"ENSRNOG00000018679",0
"ENSRNOG00000010071",348
"ENSRNOG00000010889",53
"ENSRNOG00000059480",1342
"ENSRNOG00000010210",68
"ENSRNOG00000043414",0
"ENSRNOG00000069289",1
"ENSRNOG00000051623",158
"ENSRNOG00000069082",0
"ENSRNOG00000056746",1
"ENSRNOG00000009610",0
"ENSRNOG00000058694",708
"ENSRNOG00000065314",63
"ENSRNOG00000010105",10473
"ENSRNOG00000012427",57
"ENSRNOG00000023226",2772
"ENSRNOG00000068452",0
"ENSRNOG00000069471",0
"ENSRNOG00000012280",37
"ENSRNOG00000014178",299
"ENSRNOG00000019590",467
"ENSRNOG00000024594",113
"ENSRNOG00000048617",963
"ENSRNOG00000011400",0
"ENSRNOG00000009276",306
"ENSRNOG00000039588",1
"ENSRNOG00000063783",19
"ENSRNOG00000012312",0
"ENSRNOG00000012556",90
"ENSRNOG00000022234",424
"ENSRNOG00000069382",0
"ENSRNOG00000024845",506
"ENSRNOG00000011645",147
"ENSRNOG00000024028",0
"ENSRNOG00000012019",957
"ENSRNOG00000021155",736
"ENSRNOG00000064586",0
"ENSRNOG00000011402",430
"ENSRNOG00000038091",0
"ENSRNOG00000016070",0
"ENSRNOG00000027408",216
"ENSRNOG00000059463",3980
"ENSRNOG00000010534",520
"ENSRNOG00000009538",688
"ENSRNOG00000019184",164
"ENSRNOG00000016353",3
"ENSRNOG00000011913",387
"ENSRNOG00000061857",203
"ENSRNOG00000028345",0
"ENSRNOG00000020673",1241
"ENSRNOG00000031406",329
"ENSRNOG00000010768",1352
"ENSRNOG00000012302",5
"ENSRNOG00000063747",22
"ENSRNOG00000010248",749
"ENSRNOG00000020836",0
"ENSRNOG00000064641",0
"ENSRNOG00000010349",9
"ENSRNOG00000065199",321
"ENSRNOG00000008463",1
"ENSRNOG00000008121",0
"ENSRNOG00000069707",9
"ENSRNOG00000064203",0
"ENSRNOG00000014617",5013
"ENSRNOG00000008980",111
"ENSRNOG00000007608",0
"ENSRNOG00000067771",5
"ENSRNOG00000009135",3
"ENSRNOG00000010628",1404
"ENSRNOG00000067999",332
"ENSRNOG00000009172",0
"ENSRNOG00000021695",0
"ENSRNOG00000014753",2151
"ENSRNOG00000011052",5764
"ENSRNOG00000022837",377
"ENSRNOG00000026055",0
"ENSRNOG00000061080",3481
"ENSRNOG00000052745",380
"ENSRNOG00000009258",330
"ENSRNOG00000056660",46
"ENSRNOG00000011145",1
"ENSRNOG00000063850",0
"ENSRNOG00000013520",1826
"ENSRNOG00000061046",984
"ENSRNOG00000011653",2395
"ENSRNOG00000039466",0
"ENSRNOG00000052444",235
"ENSRNOG00000025214",1
"ENSRNOG00000069815",16
"ENSRNOG00000009571",477
"ENSRNOG00000064940",0
"ENSRNOG00000065843",24
"ENSRNOG00000043114",241
"ENSRNOG00000071163",0
"ENSRNOG00000049057",854
"ENSRNOG00000007234",6508
"ENSRNOG00000067229",27
"ENSRNOG00000009176",801
"ENSRNOG00000069504",0
"ENSRNOG00000046734",0
"ENSRNOG00000067740",0
"ENSRNOG00000069797",51
"ENSRNOG00000006675",0
"ENSRNOG00000067894",1
"ENSRNOG00000070182",0
"ENSRNOG00000006030",0
"ENSRNOG00000013314",1221
"ENSRNOG00000010153",2348
"ENSRNOG00000047571",0
"ENSRNOG00000010517",1132
"ENSRNOG00000066577",0
"ENSRNOG00000047464",0
"ENSRNOG00000065201",0
"ENSRNOG00000071106",0
"ENSRNOG00000064534",0
"ENSRNOG00000064697",0
"ENSRNOG00000022182",654
"ENSRNOG00000002524",12
"ENSRNOG00000021817",89
"ENSRNOG00000026319",1155
"ENSRNOG00000012165",0
"ENSRNOG00000009226",0
"ENSRNOG00000049829",0
"ENSRNOG00000062790",0
"ENSRNOG00000063497",0
"ENSRNOG00000063277",0
"ENSRNOG00000006802",0
"ENSRNOG00000068151",0
"ENSRNOG00000010930",1136
"ENSRNOG00000051748",0
"ENSRNOG00000012764",835
"ENSRNOG00000000017",65
"ENSRNOG00000011713",642
"ENSRNOG00000010205",40
"ENSRNOG00000009153",0
"ENSRNOG00000068982",0
"ENSRNOG00000013383",241
"ENSRNOG00000065661",0
"ENSRNOG00000061100",2353
"ENSRNOG00000011250",1
"ENSRNOG00000063679",729
"ENSRNOG00000012035",2492
"ENSRNOG00000055103",1
"ENSRNOG00000014751",0
"ENSRNOG00000012659",149
"ENSRNOG00000011667",1235
"ENSRNOG00000006486",0
"ENSRNOG00000066685",0
"ENSRNOG00000069229",0
"ENSRNOG00000006102",609
"ENSRNOG00000066243",0
"ENSRNOG00000067399",0
"ENSRNOG00000009894",791
"ENSRNOG00000070516",21
"ENSRNOG00000014347",1454
"ENSRNOG00000070550",0
"ENSRNOG00000010761",0
"ENSRNOG00000007212",0
"ENSRNOG00000007412",207
"ENSRNOG00000011791",145
"ENSRNOG00000021729",27
"ENSRNOG00000008017",1291
"ENSRNOG00000026196",0
"ENSRNOG00000009411",56
"ENSRNOG00000068631",1
"ENSRNOG00000013668",1591
"ENSRNOG00000071062",475
"ENSRNOG00000007937",988
"ENSRNOG00000031671",0
"ENSRNOG00000008380",1
"ENSRNOG00000006579",0
"ENSRNOG00000014713",745
"ENSRNOG00000010546",0
"ENSRNOG00000065257",0
"ENSRNOG00000006975",3133
"ENSRNOG00000013605",0
"ENSRNOG00000026176",1
"ENSRNOG00000005502",1193
"ENSRNOG00000010919",242
"ENSRNOG00000054176",491
"ENSRNOG00000058785",940
"ENSRNOG00000008020",1
"ENSRNOG00000010601",3047
"ENSRNOG00000007942",17
"ENSRNOG00000008720",801
"ENSRNOG00000063353",1
"ENSRNOG00000008873",397
"ENSRNOG00000010952",495
"ENSRNOG00000005496",363
"ENSRNOG00000008585",0
"ENSRNOG00000006151",1
"ENSRNOG00000042570",0
"ENSRNOG00000039388",3
"ENSRNOG00000008613",2327
"ENSRNOG00000006365",13
"ENSRNOG00000066798",898
"ENSRNOG00000006888",357
"ENSRNOG00000042126",139
"ENSRNOG00000007231",0
"ENSRNOG00000021614",5617
"ENSRNOG00000045831",0
"ENSRNOG00000006360",0
"ENSRNOG00000006968",274
"ENSRNOG00000005478",4859
"ENSRNOG00000021866",554
"ENSRNOG00000063971",1
"ENSRNOG00000025991",732
"ENSRNOG00000010435",323
"ENSRNOG00000005981",313
"ENSRNOG00000010453",1182
"ENSRNOG00000009711",0
"ENSRNOG00000070293",0
"ENSRNOG00000007486",429
"ENSRNOG00000015097",2613
"ENSRNOG00000051922",143
"ENSRNOG00000070012",0
"ENSRNOG00000011519",663
"ENSRNOG00000066936",0
"ENSRNOG00000068314",0
"ENSRNOG00000055188",0
"ENSRNOG00000066703",0
"ENSRNOG00000062900",0
"ENSRNOG00000010716",286
"ENSRNOG00000063291",0
"ENSRNOG00000069140",0
"ENSRNOG00000065666",46
"ENSRNOG00000068624",0
"ENSRNOG00000005853",0
"ENSRNOG00000065207",1
"ENSRNOG00000071146",40
"ENSRNOG00000011008",606
"ENSRNOG00000038449",536
"ENSRNOG00000007822",1654
"ENSRNOG00000011616",0
"ENSRNOG00000034084",95
"ENSRNOG00000007118",14
"ENSRNOG00000069681",103
"ENSRNOG00000068844",0
"ENSRNOG00000007636",0
"ENSRNOG00000037251",142
"ENSRNOG00000023657",357
"ENSRNOG00000005587",1350
"ENSRNOG00000011648",7308
"ENSRNOG00000066436",265
"ENSRNOG00000007874",656
"ENSRNOG00000006893",356
"ENSRNOG00000031486",0
"ENSRNOG00000046905",1272
"ENSRNOG00000070957",7
"ENSRNOG00000013809",1310
"ENSRNOG00000007288",1
"ENSRNOG00000057158",0
"ENSRNOG00000010572",260
"ENSRNOG00000012227",1047
"ENSRNOG00000063798",78
"ENSRNOG00000007356",1975
"ENSRNOG00000010053",0
"ENSRNOG00000010430",0
"ENSRNOG00000013135",1553
"ENSRNOG00000070481",215
"ENSRNOG00000012098",0
"ENSRNOG00000010513",0
"ENSRNOG00000009197",0
"ENSRNOG00000007814",1420
"ENSRNOG00000011363",260
"ENSRNOG00000009565",56
"ENSRNOG00000012785",799
"ENSRNOG00000069335",0
"ENSRNOG00000013510",616
"ENSRNOG00000008168",5
"ENSRNOG00000013517",574
"ENSRNOG00000021855",10
"ENSRNOG00000065807",0
"ENSRNOG00000008869",18
"ENSRNOG00000010473",512
"ENSRNOG00000007041",6
"ENSRNOG00000007792",191
"ENSRNOG00000013431",596
"ENSRNOG00000050469",839
"ENSRNOG00000006858",1203
"ENSRNOG00000007806",4237
"ENSRNOG00000012972",0
"ENSRNOG00000068395",0
"ENSRNOG00000010420",507
"ENSRNOG00000065130",0
"ENSRNOG00000062993",0
"ENSRNOG00000011283",138
"ENSRNOG00000005694",1932
"ENSRNOG00000039383",12
"ENSRNOG00000010746",194
"ENSRNOG00000070667",0
"ENSRNOG00000008902",0
"ENSRNOG00000023969",35
"ENSRNOG00000051433",316
"ENSRNOG00000027376",1014
"ENSRNOG00000038471",0
"ENSRNOG00000066853",0
"ENSRNOG00000006197",31704
"ENSRNOG00000062765",0
"ENSRNOG00000013261",263
"ENSRNOG00000009414",519
"ENSRNOG00000066882",0
"ENSRNOG00000069908",0
"ENSRNOG00000028801",133
"ENSRNOG00000069268",68
"ENSRNOG00000009863",9
"ENSRNOG00000068406",0
"ENSRNOG00000024986",0
"ENSRNOG00000013911",385
"ENSRNOG00000063021",1267
"ENSRNOG00000007990",1267
"ENSRNOG00000011292",136220
"ENSRNOG00000065235",0
"ENSRNOG00000008656",0
"ENSRNOG00000008157",5
"ENSRNOG00000063846",0
"ENSRNOG00000019986",370
"ENSRNOG00000061373",1657
"ENSRNOG00000067395",0
"ENSRNOG00000008332",1024
"ENSRNOG00000069227",0
"ENSRNOG00000007947",440
"ENSRNOG00000006874",1
"ENSRNOG00000007955",68
"ENSRNOG00000063630",0
"ENSRNOG00000068262",0
"ENSRNOG00000006576",679
"ENSRNOG00000021441",0
"ENSRNOG00000047453",624
"ENSRNOG00000015581",4
"ENSRNOG00000007100",435
"ENSRNOG00000007924",148
"ENSRNOG00000062430",0
"ENSRNOG00000064707",0
"ENSRNOG00000005268",0
"ENSRNOG00000007546",4539
"ENSRNOG00000028896",0
"ENSRNOG00000070702",0
"ENSRNOG00000008939",0
"ENSRNOG00000070617",14
"ENSRNOG00000065391",150
"ENSRNOG00000057096",99
"ENSRNOG00000022448",536
"ENSRNOG00000008524",394
"ENSRNOG00000020032",615
"ENSRNOG00000011808",13
"ENSRNOG00000006116",325
"ENSRNOG00000043035",52
"ENSRNOG00000008309",121
"ENSRNOG00000070386",809
"ENSRNOG00000045797",0
"ENSRNOG00000012817",715
"ENSRNOG00000007842",3363
"ENSRNOG00000021468",4
"ENSRNOG00000008062",38
"ENSRNOG00000030269",0
"ENSRNOG00000008628",59
"ENSRNOG00000008466",0
"ENSRNOG00000066158",0
"ENSRNOG00000048371",129
"ENSRNOG00000031173",8202
"ENSRNOG00000011617",577
"ENSRNOG00000070169",0
"ENSRNOG00000008098",11
"ENSRNOG00000011387",1282
"ENSRNOG00000068074",10
"ENSRNOG00000033618",1
"ENSRNOG00000037198",38
"ENSRNOG00000023679",502
"ENSRNOG00000015493",0
"ENSRNOG00000012932",7
"ENSRNOG00000011144",12
"ENSRNOG00000010345",21
"ENSRNOG00000030151",26
"ENSRNOG00000015076",10
"ENSRNOG00000011338",266
"ENSRNOG00000006132",4
"ENSRNOG00000007804",879
"ENSRNOG00000067962",0
"ENSRNOG00000012026",1724
"ENSRNOG00000049269",2183
"ENSRNOG00000007900",0
"ENSRNOG00000010905",1
"ENSRNOG00000042731",3
"ENSRNOG00000067502",0
"ENSRNOG00000007437",413
"ENSRNOG00000012392",369
"ENSRNOG00000014501",1579
"ENSRNOG00000011153",1583
"ENSRNOG00000006391",995
"ENSRNOG00000025209",2553
"ENSRNOG00000012881",420
"ENSRNOG00000021758",2369
"ENSRNOG00000050231",6479
"ENSRNOG00000006526",1488
"ENSRNOG00000006717",73
"ENSRNOG00000006583",0
"ENSRNOG00000068221",0
"ENSRNOG00000066686",0
"ENSRNOG00000009700",13
"ENSRNOG00000015768",3
"ENSRNOG00000009742",435
"ENSRNOG00000012693",893
"ENSRNOG00000069727",0
"ENSRNOG00000009000",1929
"ENSRNOG00000066361",0
"ENSRNOG00000063451",0
"ENSRNOG00000064111",2
"ENSRNOG00000006631",108
"ENSRNOG00000007544",0
"ENSRNOG00000008752",350
"ENSRNOG00000070192",0
"ENSRNOG00000015411",0
"ENSRNOG00000010378",1
"ENSRNOG00000048205",7908
"ENSRNOG00000022950",0
"ENSRNOG00000005906",38
"ENSRNOG00000015331",0
"ENSRNOG00000065131",0
"ENSRNOG00000048088",451
"ENSRNOG00000064705",0
"ENSRNOG00000009956",6199
"ENSRNOG00000008368",0
"ENSRNOG00000006206",3261
"ENSRNOG00000063398",0
"ENSRNOG00000007340",244
"ENSRNOG00000010833",855
"ENSRNOG00000067011",0
"ENSRNOG00000007224",1073
"ENSRNOG00000007662",441
"ENSRNOG00000012337",143
"ENSRNOG00000008376",666
"ENSRNOG00000011014",1554
"ENSRNOG00000009957",200
"ENSRNOG00000022343",922
"ENSRNOG00000070521",0
"ENSRNOG00000059474",3753
"ENSRNOG00000005512",4108
"ENSRNOG00000028219",811
"ENSRNOG00000012394",702
"ENSRNOG00000013962",418
"ENSRNOG00000060689",119
"ENSRNOG00000014083",0
"ENSRNOG00000012439",849
"ENSRNOG00000006003",0
"ENSRNOG00000012876",0
"ENSRNOG00000008142",916
"ENSRNOG00000010950",204
"ENSRNOG00000006093",0
"ENSRNOG00000011566",2
"ENSRNOG00000013573",51
"ENSRNOG00000014578",2
"ENSRNOG00000013712",1898
"ENSRNOG00000052140",443
"ENSRNOG00000005775",810
"ENSRNOG00000045539",1932
"ENSRNOG00000017066",1613
"ENSRNOG00000057729",37
"ENSRNOG00000021781",1270
"ENSRNOG00000001808",992
"ENSRNOG00000064930",0
"ENSRNOG00000010467",0
"ENSRNOG00000069710",0
"ENSRNOG00000014562",2646
"ENSRNOG00000021402",159
"ENSRNOG00000001811",1247
"ENSRNOG00000010725",0
"ENSRNOG00000062723",0
"ENSRNOG00000070875",1
"ENSRNOG00000005695",48642
"ENSRNOG00000013589",3111
"ENSRNOG00000017710",0
"ENSRNOG00000065827",2
"ENSRNOG00000066393",2
"ENSRNOG00000068450",35
"ENSRNOG00000010278",519
"ENSRNOG00000069963",0
"ENSRNOG00000068926",0
"ENSRNOG00000066762",0
"ENSRNOG00000023065",682
"ENSRNOG00000009096",25
"ENSRNOG00000069795",72
"ENSRNOG00000017399",322
"ENSRNOG00000067309",0
"ENSRNOG00000009022",62
"ENSRNOG00000062434",0
"ENSRNOG00000007281",5959
"ENSRNOG00000042507",0
"ENSRNOG00000062492",1301
"ENSRNOG00000009112",1439
"ENSRNOG00000062405",0
"ENSRNOG00000047114",5
"ENSRNOG00000023363",0
"ENSRNOG00000062429",327
"ENSRNOG00000006476",0
"ENSRNOG00000023337",214
"ENSRNOG00000033695",680
"ENSRNOG00000005615",1238
"ENSRNOG00000009324",227
"ENSRNOG00000029574",20095
"ENSRNOG00000068666",1
"ENSRNOG00000018453",464
"ENSRNOG00000027655",0
"ENSRNOG00000065557",6
"ENSRNOG00000054428",0
"ENSRNOG00000008962",139
"ENSRNOG00000006857",2
"ENSRNOG00000007027",7
"ENSRNOG00000064781",15
"ENSRNOG00000067883",0
"ENSRNOG00000024709",1
"ENSRNOG00000031707",10
"ENSRNOG00000047566",18
"ENSRNOG00000066643",0
"ENSRNOG00000059347",158
"ENSRNOG00000064041",0
"ENSRNOG00000059615",1136
"ENSRNOG00000024685",0
"ENSRNOG00000067683",0
"ENSRNOG00000056052",0
"ENSRNOG00000058543",0
"ENSRNOG00000066785",0
"ENSRNOG00000067965",0
"ENSRNOG00000066267",0
"ENSRNOG00000070247",0
"ENSRNOG00000064825",0
"ENSRNOG00000010253",0
"ENSRNOG00000062896",0
"ENSRNOG00000039300",770
"ENSRNOG00000052702",72
"ENSRNOG00000033531",3046
"ENSRNOG00000054508",817
"ENSRNOG00000021799",0
"ENSRNOG00000005890",2940
"ENSRNOG00000069945",0
"ENSRNOG00000053203",843
"ENSRNOG00000064958",1
"ENSRNOG00000019719",0
"ENSRNOG00000032847",85
"ENSRNOG00000024636",1
"ENSRNOG00000027557",0
"ENSRNOG00000064052",0
"ENSRNOG00000027445",1210
"ENSRNOG00000005376",177
"ENSRNOG00000042494",0
"ENSRNOG00000056836",11469
"ENSRNOG00000012195",0
"ENSRNOG00000007270",8
"ENSRNOG00000026225",0
"ENSRNOG00000010048",1348
"ENSRNOG00000030413",1
"ENSRNOG00000051905",0
"ENSRNOG00000032535",0
"ENSRNOG00000006782",0
"ENSRNOG00000034071",1353
"ENSRNOG00000057290",844
"ENSRNOG00000066812",0
"ENSRNOG00000028135",0
"ENSRNOG00000047774",0
"ENSRNOG00000039626",0
"ENSRNOG00000066438",146
"ENSRNOG00000054505",0
"ENSRNOG00000061595",124
"ENSRNOG00000069828",0
"ENSRNOG00000052486",0
"ENSRNOG00000054514",1171
"ENSRNOG00000008031",6
"ENSRNOG00000028130",0
"ENSRNOG00000064842",0
"ENSRNOG00000070946",655
"ENSRNOG00000017906",0
"ENSRNOG00000039863",0
"ENSRNOG00000005412",0
"ENSRNOG00000059350",9
"ENSRNOG00000066511",0
"ENSRNOG00000006646",1045
"ENSRNOG00000007508",12
"ENSRNOG00000053213",0
"ENSRNOG00000013137",2
"ENSRNOG00000049982",273
"ENSRNOG00000026811",0
"ENSRNOG00000012495",8
"ENSRNOG00000051952",1119
"ENSRNOG00000015719",0
"ENSRNOG00000017881",0
"ENSRNOG00000006779",1660
"ENSRNOG00000048169",19
"ENSRNOG00000063432",0
"ENSRNOG00000006810",830
"ENSRNOG00000009583",1
"ENSRNOG00000028538",0
"ENSRNOG00000070474",930
"ENSRNOG00000057713",1682
"ENSRNOG00000018159",10726
"ENSRNOG00000033274",129
"ENSRNOG00000007304",844
"ENSRNOG00000034168",123
"ENSRNOG00000008839",415
"ENSRNOG00000026919",16
"ENSRNOG00000005519",0
"ENSRNOG00000065301",5440
"ENSRNOG00000007808",9
"ENSRNOG00000026941",74
"ENSRNOG00000063440",0
"ENSRNOG00000060808",0
"ENSRNOG00000033748",4694
"ENSRNOG00000067848",0
"ENSRNOG00000056243",726
"ENSRNOG00000067824",0
"ENSRNOG00000027055",0
"ENSRNOG00000057387",0
"ENSRNOG00000064582",0
"ENSRNOG00000047851",0
"ENSRNOG00000005818",11
"ENSRNOG00000061394",0
"ENSRNOG00000062606",0
"ENSRNOG00000046023",1322
"ENSRNOG00000070044",0
"ENSRNOG00000065350",0
"ENSRNOG00000012822",0
"ENSRNOG00000007740",0
"ENSRNOG00000066271",0
"ENSRNOG00000068648",0
"ENSRNOG00000031207",0
"ENSRNOG00000008594",0
"ENSRNOG00000067721",0
"ENSRNOG00000067416",0
"ENSRNOG00000031306",0
"ENSRNOG00000006383",0
"ENSRNOG00000005468",242
"ENSRNOG00000010057",0
"ENSRNOG00000042954",0
"ENSRNOG00000060343",0
"ENSRNOG00000050482",117
"ENSRNOG00000063340",0
"ENSRNOG00000048888",0
"ENSRNOG00000063098",7
"ENSRNOG00000005630",1781
"ENSRNOG00000023340",0
"ENSRNOG00000005781",13
"ENSRNOG00000065160",0
"ENSRNOG00000033938",0
"ENSRNOG00000063256",0
"ENSRNOG00000068988",0
"ENSRNOG00000053787",576
"ENSRNOG00000013211",821
"ENSRNOG00000069205",0
"ENSRNOG00000067934",0
"ENSRNOG00000062608",0
"ENSRNOG00000056207",3318
"ENSRNOG00000068649",0
"ENSRNOG00000062475",0
"ENSRNOG00000062633",612
"ENSRNOG00000062392",0
"ENSRNOG00000008775",12
"ENSRNOG00000061845",929
"ENSRNOG00000068381",0
"ENSRNOG00000068268",0
"ENSRNOG00000067685",0
"ENSRNOG00000064670",0
"ENSRNOG00000066470",0
"ENSRNOG00000013072",774
"ENSRNOG00000064086",0
"ENSRNOG00000060349",827
"ENSRNOG00000070721",0
"ENSRNOG00000069559",0
"ENSRNOG00000068118",0
"ENSRNOG00000053662",0
"ENSRNOG00000066019",0
"ENSRNOG00000055481",1
"ENSRNOG00000063615",0
"ENSRNOG00000009211",4
"ENSRNOG00000070183",0
"ENSRNOG00000027433",2485
"ENSRNOG00000063419",0
"ENSRNOG00000006726",203
"ENSRNOG00000042478",3
"ENSRNOG00000021840",3889
"ENSRNOG00000009734",118
"ENSRNOG00000015505",298
"ENSRNOG00000039494",4
"ENSRNOG00000008851",1822
"ENSRNOG00000063857",859
"ENSRNOG00000059016",725
"ENSRNOG00000010282",2
"ENSRNOG00000010045",0
"ENSRNOG00000064820",15
"ENSRNOG00000009875",21
"ENSRNOG00000010344",1
"ENSRNOG00000006527",0
"ENSRNOG00000069039",0
"ENSRNOG00000010573",0
"ENSRNOG00000010018",0
"ENSRNOG00000066609",0
"ENSRNOG00000053449",1
"ENSRNOG00000010133",541
"ENSRNOG00000011946",4
"ENSRNOG00000037206",52
"ENSRNOG00000070578",0
"ENSRNOG00000012826",9311
"ENSRNOG00000011857",4738
"ENSRNOG00000049780",1658
"ENSRNOG00000012297",1744
"ENSRNOG00000028092",46
"ENSRNOG00000014992",3799
"ENSRNOG00000010463",0
"ENSRNOG00000005726",6
"ENSRNOG00000010591",2349
"ENSRNOG00000015191",1176
"ENSRNOG00000011750",42
"ENSRNOG00000026965",309
"ENSRNOG00000009236",1162
"ENSRNOG00000007202",1153
"ENSRNOG00000061684",828
"ENSRNOG00000024604",0
"ENSRNOG00000009513",3725
"ENSRNOG00000030870",0
"ENSRNOG00000059227",4
"ENSRNOG00000042139",0
"ENSRNOG00000053804",0
"ENSRNOG00000039862",677
"ENSRNOG00000026958",63
"ENSRNOG00000062541",525
"ENSRNOG00000051816",134
"ENSRNOG00000010421",283
"ENSRNOG00000011905",1647
"ENSRNOG00000007098",191
"ENSRNOG00000066556",2
"ENSRNOG00000008602",0
"ENSRNOG00000049203",619
"ENSRNOG00000011184",4
"ENSRNOG00000005908",407
"ENSRNOG00000011718",301
"ENSRNOG00000067026",0
"ENSRNOG00000065786",29
"ENSRNOG00000064282",19
"ENSRNOG00000064923",0
"ENSRNOG00000064556",0
"ENSRNOG00000042758",101
"ENSRNOG00000067104",0
"ENSRNOG00000063870",4
"ENSRNOG00000070261",39
"ENSRNOG00000011796",8213
"ENSRNOG00000064333",0
"ENSRNOG00000006076",499
"ENSRNOG00000068396",0
"ENSRNOG00000064991",93
"ENSRNOG00000070375",0
"ENSRNOG00000068722",0
"ENSRNOG00000010795",864
"ENSRNOG00000006114",169
"ENSRNOG00000068426",0
"ENSRNOG00000070496",0
"ENSRNOG00000011971",4468
"ENSRNOG00000066396",16
"ENSRNOG00000069222",28
"ENSRNOG00000013004",0
"ENSRNOG00000069929",2
"ENSRNOG00000069594",209
"ENSRNOG00000007151",1925
"ENSRNOG00000068238",39
"ENSRNOG00000065327",2
"ENSRNOG00000019264",6882
"ENSRNOG00000033673",45
"ENSRNOG00000024560",0
"ENSRNOG00000070388",142
"ENSRNOG00000010880",1
"ENSRNOG00000039860",6
"ENSRNOG00000070520",0
"ENSRNOG00000062959",6211
"ENSRNOG00000064238",100
"ENSRNOG00000066290",15
"ENSRNOG00000009163",243
"ENSRNOG00000067905",1
"ENSRNOG00000019368",312
"ENSRNOG00000069100",0
"ENSRNOG00000058506",7
"ENSRNOG00000063037",5
"ENSRNOG00000007899",191
"ENSRNOG00000064449",18
"ENSRNOG00000051419",0
"ENSRNOG00000071085",0
"ENSRNOG00000010852",997
"ENSRNOG00000070814",3
"ENSRNOG00000067290",143
"ENSRNOG00000067539",0
"ENSRNOG00000070003",7
"ENSRNOG00000062607",0
"ENSRNOG00000066335",2
"ENSRNOG00000068001",142
"ENSRNOG00000065414",2
"ENSRNOG00000066998",0
"ENSRNOG00000067701",0
"ENSRNOG00000042804",4
"ENSRNOG00000064122",246
"ENSRNOG00000052718",0
"ENSRNOG00000071208",0
"ENSRNOG00000007090",1998
"ENSRNOG00000059964",40
"ENSRNOG00000064414",0
"ENSRNOG00000011606",227
"ENSRNOG00000065777",0
"ENSRNOG00000067312",1
"ENSRNOG00000007420",0
"ENSRNOG00000070828",671
"ENSRNOG00000070985",139
"ENSRNOG00000028826",583
"ENSRNOG00000005564",1055
"ENSRNOG00000063180",0
"ENSRNOG00000023285",316
"ENSRNOG00000064175",0
"ENSRNOG00000029083",11
"ENSRNOG00000062885",0
"ENSRNOG00000057997",0
"ENSRNOG00000046851",8
"ENSRNOG00000063886",0
"ENSRNOG00000033439",4
"ENSRNOG00000060897",0
"ENSRNOG00000019689",38
"ENSRNOG00000070338",2
"ENSRNOG00000064887",0
"ENSRNOG00000068196",0
"ENSRNOG00000021401",0
"ENSRNOG00000038215",0
"ENSRNOG00000068892",5
"ENSRNOG00000066825",0
"ENSRNOG00000068644",626
"ENSRNOG00000066814",0
"ENSRNOG00000059360",0
"ENSRNOG00000062819",0
"ENSRNOG00000064217",0
"ENSRNOG00000006001",3155
"ENSRNOG00000038024",47
"ENSRNOG00000056741",0
"ENSRNOG00000064456",0
"ENSRNOG00000055703",0
"ENSRNOG00000060859",0
"ENSRNOG00000070785",0
"ENSRNOG00000066985",0
"ENSRNOG00000021723",51
"ENSRNOG00000063459",0
"ENSRNOG00000066068",0
"ENSRNOG00000008012",98
"ENSRNOG00000065548",0
"ENSRNOG00000027063",1
"ENSRNOG00000056402",0
"ENSRNOG00000028747",2129
"ENSRNOG00000054678",0
"ENSRNOG00000063804",0
"ENSRNOG00000068090",0
"ENSRNOG00000069655",13
"ENSRNOG00000064761",0
"ENSRNOG00000058279",0
"ENSRNOG00000066305",0
"ENSRNOG00000052263",0
"ENSRNOG00000030902",3
"ENSRNOG00000060084",0
"ENSRNOG00000058512",0
"ENSRNOG00000032448",0
"ENSRNOG00000051445",0
"ENSRNOG00000013251",1118
"ENSRNOG00000067082",0
"ENSRNOG00000063565",0
"ENSRNOG00000051840",0
"ENSRNOG00000005664",0
"ENSRNOG00000052417",0
"ENSRNOG00000058403",0
"ENSRNOG00000005692",0
"ENSRNOG00000054341",0
"ENSRNOG00000067641",0
"ENSRNOG00000067588",0
"ENSRNOG00000051717",0
"ENSRNOG00000061234",0
"ENSRNOG00000021366",0
"ENSRNOG00000070798",0
"ENSRNOG00000027722",241
"ENSRNOG00000066041",0
"ENSRNOG00000067918",0
"ENSRNOG00000054741",0
"ENSRNOG00000031185",0
"ENSRNOG00000058628",0
"ENSRNOG00000065349",0
"ENSRNOG00000013378",1
"ENSRNOG00000062417",0
"ENSRNOG00000021445",0
"ENSRNOG00000064566",0
"ENSRNOG00000062325",2931
"ENSRNOG00000021430",0
"ENSRNOG00000065660",0
"ENSRNOG00000064270",0
"ENSRNOG00000069224",0
"ENSRNOG00000030993",0
"ENSRNOG00000066792",0
"ENSRNOG00000052849",0
"ENSRNOG00000005732",0
"ENSRNOG00000009280",430
"ENSRNOG00000068562",0
"ENSRNOG00000029561",0
"ENSRNOG00000065008",0
"ENSRNOG00000066533",0
"ENSRNOG00000032724",0
"ENSRNOG00000061702",0
"ENSRNOG00000037036",0
"ENSRNOG00000062515",0
"ENSRNOG00000053912",0
"ENSRNOG00000031107",0
"ENSRNOG00000056608",0
"ENSRNOG00000066042",1619
"ENSRNOG00000060430",0
"ENSRNOG00000070504",0
"ENSRNOG00000061624",0
"ENSRNOG00000055593",0
"ENSRNOG00000021397",0
"ENSRNOG00000056499",0
"ENSRNOG00000061081",0
"ENSRNOG00000030752",0
"ENSRNOG00000069842",0
"ENSRNOG00000055945",0
"ENSRNOG00000062370",0
"ENSRNOG00000061103",0
"ENSRNOG00000067648",17
"ENSRNOG00000061241",0
"ENSRNOG00000066655",14
"ENSRNOG00000067096",0
"ENSRNOG00000027617",883
"ENSRNOG00000008667",1
"ENSRNOG00000055249",0
"ENSRNOG00000005645",0
"ENSRNOG00000051914",0
"ENSRNOG00000063909",0
"ENSRNOG00000005646",0
"ENSRNOG00000060570",0
"ENSRNOG00000060457",1
"ENSRNOG00000001840",1
"ENSRNOG00000067392",0
"ENSRNOG00000053310",0
"ENSRNOG00000036910",19
"ENSRNOG00000064943",0
"ENSRNOG00000058680",2
"ENSRNOG00000033855",942
"ENSRNOG00000005618",170
"ENSRNOG00000059847",0
"ENSRNOG00000064845",0
"ENSRNOG00000068370",0
"ENSRNOG00000066190",0
"ENSRNOG00000062577",1
"ENSRNOG00000067251",0
"ENSRNOG00000063157",49
"ENSRNOG00000070825",0
"ENSRNOG00000011108",1
"ENSRNOG00000063158",0
"ENSRNOG00000068385",1
"ENSRNOG00000063686",0
"ENSRNOG00000071024",0
"ENSRNOG00000062583",0
"ENSRNOG00000069971",0
"ENSRNOG00000007034",383
"ENSRNOG00000067590",0
"ENSRNOG00000067819",0
"ENSRNOG00000052033",0
"ENSRNOG00000055888",0
"ENSRNOG00000054530",2
"ENSRNOG00000068356",197
"ENSRNOG00000055602",0
"ENSRNOG00000005867",0
"ENSRNOG00000059486",2
"ENSRNOG00000064443",1
"ENSRNOG00000060660",1
"ENSRNOG00000057550",138
"ENSRNOG00000057093",0
"ENSRNOG00000052747",0
"ENSRNOG00000069143",9
"ENSRNOG00000064124",0
"ENSRNOG00000065147",585
"ENSRNOG00000008725",1573
"ENSRNOG00000064288",93
"ENSRNOG00000059320",0
"ENSRNOG00000069248",0
"ENSRNOG00000054987",0
"ENSRNOG00000067342",0
"ENSRNOG00000055890",0
"ENSRNOG00000070439",0
"ENSRNOG00000058704",0
"ENSRNOG00000056432",0
"ENSRNOG00000053476",1
"ENSRNOG00000053251",0
"ENSRNOG00000060415",0
"ENSRNOG00000066704",0
"ENSRNOG00000059547",0
"ENSRNOG00000069672",4
"ENSRNOG00000058905",0
"ENSRNOG00000067985",15
"ENSRNOG00000061585",0
"ENSRNOG00000063230",29
"ENSRNOG00000060592",0
"ENSRNOG00000053414",32
"ENSRNOG00000056544",0
"ENSRNOG00000052942",0
"ENSRNOG00000065999",0
"ENSRNOG00000060772",0
"ENSRNOG00000065270",0
"ENSRNOG00000058095",0
"ENSRNOG00000067947",469
"ENSRNOG00000057170",0
"ENSRNOG00000010233",9933
"ENSRNOG00000068167",32
"ENSRNOG00000069790",0
"ENSRNOG00000069103",1
"ENSRNOG00000059639",1
"ENSRNOG00000067095",62
"ENSRNOG00000056090",0
"ENSRNOG00000063013",0
"ENSRNOG00000066064",0
"ENSRNOG00000068828",7
"ENSRNOG00000057002",0
"ENSRNOG00000067428",1
"ENSRNOG00000053177",0
"ENSRNOG00000066929",70
"ENSRNOG00000059471",0
"ENSRNOG00000062437",0
"ENSRNOG00000059511",0
"ENSRNOG00000009264",617
"ENSRNOG00000061010",0
"ENSRNOG00000067713",0
"ENSRNOG00000054659",0
"ENSRNOG00000056565",0
"ENSRNOG00000061330",0
"ENSRNOG00000070695",116
"ENSRNOG00000065973",0
"ENSRNOG00000069010",0
"ENSRNOG00000053390",0
"ENSRNOG00000068188",0
"ENSRNOG00000010397",93
"ENSRNOG00000060424",0
"ENSRNOG00000059966",0
"ENSRNOG00000057018",0
"ENSRNOG00000055555",0
"ENSRNOG00000065433",0
"ENSRNOG00000056505",0
"ENSRNOG00000071211",0
"ENSRNOG00000065415",0
"ENSRNOG00000054884",3
"ENSRNOG00000058065",0
"ENSRNOG00000051749",0
"ENSRNOG00000054499",0
"ENSRNOG00000064686",0
"ENSRNOG00000052715",0
"ENSRNOG00000053685",0
"ENSRNOG00000069597",0
"ENSRNOG00000052674",0
"ENSRNOG00000059787",4
"ENSRNOG00000068282",1
"ENSRNOG00000026705",4
"ENSRNOG00000068295",0
"ENSRNOG00000067372",0
"ENSRNOG00000070879",0
"ENSRNOG00000066121",6
"ENSRNOG00000019556",3399
"ENSRNOG00000057606",0
"ENSRNOG00000051718",0
"ENSRNOG00000070120",0
"ENSRNOG00000069583",0
"ENSRNOG00000062571",0
"ENSRNOG00000069513",0
"ENSRNOG00000052131",1
"ENSRNOG00000012269",4913
"ENSRNOG00000051990",0
"ENSRNOG00000063849",0
"ENSRNOG00000057063",0
"ENSRNOG00000066909",0
"ENSRNOG00000012828",565
"ENSRNOG00000062380",0
"ENSRNOG00000059631",0
"ENSRNOG00000062539",0
"ENSRNOG00000057486",0
"ENSRNOG00000059571",0
"ENSRNOG00000068359",0
"ENSRNOG00000012999",2106
"ENSRNOG00000054211",0
"ENSRNOG00000061617",0
"ENSRNOG00000007918",3
"ENSRNOG00000008196",469
"ENSRNOG00000052445",343
"ENSRNOG00000011854",144
"ENSRNOG00000026446",5
"ENSRNOG00000012100",151
"ENSRNOG00000014294",11
"ENSRNOG00000013948",2695
"ENSRNOG00000067443",0
"ENSRNOG00000046972",0
"ENSRNOG00000014312",0
"ENSRNOG00000066406",0
"ENSRNOG00000070812",0
"ENSRNOG00000070244",0
"ENSRNOG00000010154",715
"ENSRNOG00000068055",0
"ENSRNOG00000067233",0
"ENSRNOG00000063329",0
"ENSRNOG00000010267",525
"ENSRNOG00000065675",0
"ENSRNOG00000066904",0
"ENSRNOG00000048468",0
"ENSRNOG00000066072",0
"ENSRNOG00000066955",0
"ENSRNOG00000065237",0
"ENSRNOG00000013428",0
"ENSRNOG00000064085",0
"ENSRNOG00000065629",0
"ENSRNOG00000023561",1
"ENSRNOG00000066082",0
"ENSRNOG00000067079",0
"ENSRNOG00000013729",141
"ENSRNOG00000070134",0
"ENSRNOG00000071026",0
"ENSRNOG00000010702",2837
"ENSRNOG00000015455",197
"ENSRNOG00000012916",0
"ENSRNOG00000012201",0
"ENSRNOG00000046959",0
"ENSRNOG00000060594",9128
"ENSRNOG00000006784",52
"ENSRNOG00000026528",232
"ENSRNOG00000029644",1
"ENSRNOG00000009347",4
"ENSRNOG00000059589",400
"ENSRNOG00000061420",94
"ENSRNOG00000026748",728
"ENSRNOG00000031408",1
"ENSRNOG00000005691",74
"ENSRNOG00000017708",8157
"ENSRNOG00000006814",32
"ENSRNOG00000015877",0
"ENSRNOG00000013203",0
"ENSRNOG00000069261",0
"ENSRNOG00000013141",2205
"ENSRNOG00000016182",197
"ENSRNOG00000065167",0
"ENSRNOG00000006718",1777
"ENSRNOG00000067295",0
"ENSRNOG00000043164",0
"ENSRNOG00000064192",0
"ENSRNOG00000056962",57
"ENSRNOG00000006846",0
"ENSRNOG00000013382",0
"ENSRNOG00000017720",422
"ENSRNOG00000008518",0
"ENSRNOG00000026309",75
"ENSRNOG00000065135",291
"ENSRNOG00000010957",487
"ENSRNOG00000014918",0
"ENSRNOG00000010353",574
"ENSRNOG00000017838",527
"ENSRNOG00000027592",520
"ENSRNOG00000059878",98
"ENSRNOG00000009316",0
"ENSRNOG00000067591",0
"ENSRNOG00000009256",3
"ENSRNOG00000036959",4
"ENSRNOG00000048969",445
"ENSRNOG00000055036",455
"ENSRNOG00000062962",2
"ENSRNOG00000067281",2
"ENSRNOG00000009030",2
"ENSRNOG00000015478",4
"ENSRNOG00000047635",0
"ENSRNOG00000006859",5107
"ENSRNOG00000007249",2001
"ENSRNOG00000008678",16647
"ENSRNOG00000065521",2
"ENSRNOG00000067769",0
"ENSRNOG00000028311",0
"ENSRNOG00000063691",1
"ENSRNOG00000005787",3
"ENSRNOG00000070606",14
"ENSRNOG00000009787",5
"ENSRNOG00000011156",17
"ENSRNOG00000007493",134
"ENSRNOG00000068200",0
"ENSRNOG00000005809",28
"ENSRNOG00000010015",1
"ENSRNOG00000026306",0
"ENSRNOG00000037768",201
"ENSRNOG00000068192",0
"ENSRNOG00000031855",443
"ENSRNOG00000042164",0
"ENSRNOG00000066330",1
"ENSRNOG00000010021",337
"ENSRNOG00000007047",3412
"ENSRNOG00000051942",0
"ENSRNOG00000063726",2
"ENSRNOG00000006120",0
"ENSRNOG00000008838",2
"ENSRNOG00000070336",0
"ENSRNOG00000030012",0
"ENSRNOG00000007066",0
"ENSRNOG00000059890",1
"ENSRNOG00000042112",0
"ENSRNOG00000018410",589
"ENSRNOG00000008929",396
"ENSRNOG00000063605",0
"ENSRNOG00000037076",10
"ENSRNOG00000065417",0
"ENSRNOG00000007830",125
"ENSRNOG00000018507",2741
"ENSRNOG00000019219",598
"ENSRNOG00000050493",0
"ENSRNOG00000047450",0
"ENSRNOG00000030547",0
"ENSRNOG00000065908",0
"ENSRNOG00000013222",6
"ENSRNOG00000013944",410
"ENSRNOG00000069744",72
"ENSRNOG00000037863",0
"ENSRNOG00000030538",0
"ENSRNOG00000064731",0
"ENSRNOG00000048726",306
"ENSRNOG00000011509",440
"ENSRNOG00000015589",384
"ENSRNOG00000013816",437
"ENSRNOG00000027466",7
"ENSRNOG00000064685",0
"ENSRNOG00000008766",0
"ENSRNOG00000068912",0
"ENSRNOG00000069899",304
"ENSRNOG00000013132",0
"ENSRNOG00000070827",13
"ENSRNOG00000029401",19
"ENSRNOG00000000024",1442
"ENSRNOG00000028989",0
"ENSRNOG00000007866",15
"ENSRNOG00000050578",2089
"ENSRNOG00000010449",0
"ENSRNOG00000012954",391
"ENSRNOG00000030522",3
"ENSRNOG00000040301",2
"ENSRNOG00000062621",0
"ENSRNOG00000050483",72
"ENSRNOG00000034228",1
"ENSRNOG00000054360",2
"ENSRNOG00000009085",242
"ENSRNOG00000015903",1
"ENSRNOG00000026177",0
"ENSRNOG00000051620",1216
"ENSRNOG00000008439",2
"ENSRNOG00000015630",1890
"ENSRNOG00000012472",246
"ENSRNOG00000007131",834
"ENSRNOG00000012602",725
"ENSRNOG00000010474",8649
"ENSRNOG00000008117",606
"ENSRNOG00000058386",2341
"ENSRNOG00000007310",0
"ENSRNOG00000053553",2
"ENSRNOG00000034088",0
"ENSRNOG00000011092",0
"ENSRNOG00000036960",26477
"ENSRNOG00000046345",11026
"ENSRNOG00000013369",0
"ENSRNOG00000045819",283
"ENSRNOG00000024885",0
"ENSRNOG00000070887",1
"ENSRNOG00000053178",0
"ENSRNOG00000025735",2
"ENSRNOG00000037871",108
"ENSRNOG00000005505",1661
"ENSRNOG00000013245",0
"ENSRNOG00000025618",0
"ENSRNOG00000061739",0
"ENSRNOG00000015682",0
"ENSRNOG00000056009",1374
"ENSRNOG00000009282",1071
"ENSRNOG00000008514",9
"ENSRNOG00000071214",0
"ENSRNOG00000069072",0
"ENSRNOG00000028235",39
"ENSRNOG00000065053",0
"ENSRNOG00000016484",731
"ENSRNOG00000024508",0
"ENSRNOG00000063539",1
"ENSRNOG00000047067",22941
"ENSRNOG00000015799",8
"ENSRNOG00000027979",1
"ENSRNOG00000066165",0
"ENSRNOG00000066886",15
"ENSRNOG00000008557",325
"ENSRNOG00000001807",1589
"ENSRNOG00000050645",691
"ENSRNOG00000005608",229
"ENSRNOG00000009740",1
"ENSRNOG00000057924",2
"ENSRNOG00000070501",0
"ENSRNOG00000010609",762
"ENSRNOG00000015394",0
"ENSRNOG00000055966",35
"ENSRNOG00000007134",3003
"ENSRNOG00000070849",0
"ENSRNOG00000017149",193
"ENSRNOG00000065813",0
"ENSRNOG00000009872",342
"ENSRNOG00000057142",0
"ENSRNOG00000012247",7393
"ENSRNOG00000007717",0
"ENSRNOG00000061864",0
"ENSRNOG00000070547",0
"ENSRNOG00000067628",5
"ENSRNOG00000068392",0
"ENSRNOG00000063154",0
"ENSRNOG00000031312",11014
"ENSRNOG00000069338",0
"ENSRNOG00000014367",1
"ENSRNOG00000069243",0
"ENSRNOG00000014018",0
"ENSRNOG00000060843",0
"ENSRNOG00000070958",0
"ENSRNOG00000033815",0
"ENSRNOG00000067272",0
"ENSRNOG00000026675",0
"ENSRNOG00000065801",0
"ENSRNOG00000014714",0
"ENSRNOG00000066559",3
"ENSRNOG00000064073",0
"ENSRNOG00000066164",0
"ENSRNOG00000063026",0
"ENSRNOG00000017911",681
"ENSRNOG00000021313",0
"ENSRNOG00000065086",0
"ENSRNOG00000059810",199
"ENSRNOG00000063570",0
"ENSRNOG00000019528",231
"ENSRNOG00000070063",0
"ENSRNOG00000062929",0
"ENSRNOG00000053111",0
"ENSRNOG00000060151",0
"ENSRNOG00000023449",1
"ENSRNOG00000038872",4
"ENSRNOG00000052408",0
"ENSRNOG00000067498",0
"ENSRNOG00000033202",1
"ENSRNOG00000067024",0
"ENSRNOG00000001854",255
"ENSRNOG00000054316",0
"ENSRNOG00000069474",0
"ENSRNOG00000070687",0
"ENSRNOG00000063206",0
"ENSRNOG00000053700",0
"ENSRNOG00000066894",140
"ENSRNOG00000051714",4
"ENSRNOG00000010077",970
"ENSRNOG00000025848",0
"ENSRNOG00000063666",0
"ENSRNOG00000016316",787
"ENSRNOG00000069028",0
"ENSRNOG00000062514",0
"ENSRNOG00000013000",1391
"ENSRNOG00000065462",0
"ENSRNOG00000060795",0
"ENSRNOG00000016076",0
"ENSRNOG00000052803",0
"ENSRNOG00000060744",2
"ENSRNOG00000058757",0
"ENSRNOG00000025541",0
"ENSRNOG00000055065",0
"ENSRNOG00000059753",0
"ENSRNOG00000053438",6
"ENSRNOG00000013547",0
"ENSRNOG00000070231",0
"ENSRNOG00000053237",0
"ENSRNOG00000070909",0
"ENSRNOG00000009348",12
"ENSRNOG00000031041",2
"ENSRNOG00000067876",0
"ENSRNOG00000052240",0
"ENSRNOG00000057643",0
"ENSRNOG00000053149",0
"ENSRNOG00000059101",0
"ENSRNOG00000067627",0
"ENSRNOG00000071005",0
"ENSRNOG00000055675",0
"ENSRNOG00000010466",1334
"ENSRNOG00000069215",0
"ENSRNOG00000010005",1173
"ENSRNOG00000060012",0
"ENSRNOG00000055353",0
"ENSRNOG00000018317",2924
"ENSRNOG00000019716",0
"ENSRNOG00000060246",0
"ENSRNOG00000066801",0
"ENSRNOG00000015514",11391
"ENSRNOG00000065485",0
"ENSRNOG00000025519",0
"ENSRNOG00000060861",0
"ENSRNOG00000053698",0
"ENSRNOG00000068417",0
"ENSRNOG00000020169",0
"ENSRNOG00000058052",0
"ENSRNOG00000065711",1
"ENSRNOG00000059990",0
"ENSRNOG00000058775",0
"ENSRNOG00000052655",0
"ENSRNOG00000026981",472
"ENSRNOG00000064632",0
"ENSRNOG00000007707",807
"ENSRNOG00000061810",0
"ENSRNOG00000054975",0
"ENSRNOG00000025720",15
"ENSRNOG00000063999",0
"ENSRNOG00000052213",0
"ENSRNOG00000052563",0
"ENSRNOG00000006711",306
"ENSRNOG00000062852",0
"ENSRNOG00000057743",0
"ENSRNOG00000060559",1
"ENSRNOG00000064339",1
"ENSRNOG00000070876",0
"ENSRNOG00000059598",1
"ENSRNOG00000016665",578
"ENSRNOG00000054983",0
"ENSRNOG00000067154",0
"ENSRNOG00000064635",0
"ENSRNOG00000067689",0
"ENSRNOG00000053772",0
"ENSRNOG00000026874",101
"ENSRNOG00000057090",0
"ENSRNOG00000057183",0
"ENSRNOG00000006617",4
"ENSRNOG00000010239",6138
"ENSRNOG00000068043",0
"ENSRNOG00000067403",0
"ENSRNOG00000006231",3
"ENSRNOG00000066911",0
"ENSRNOG00000009556",0
"ENSRNOG00000064606",0
"ENSRNOG00000006228",4803
"ENSRNOG00000007811",2
"ENSRNOG00000063335",0
"ENSRNOG00000035451",0
"ENSRNOG00000068663",0
"ENSRNOG00000016917",9
"ENSRNOG00000058714",0
"ENSRNOG00000063469",0
"ENSRNOG00000068719",0
"ENSRNOG00000067584",0
"ENSRNOG00000040346",0
"ENSRNOG00000053661",0
"ENSRNOG00000062877",0
"ENSRNOG00000036462",0
"ENSRNOG00000005506",1126
"ENSRNOG00000035458",0
"ENSRNOG00000036272",0
"ENSRNOG00000064957",0
"ENSRNOG00000017808",604
"ENSRNOG00000018309",7540
"ENSRNOG00000068116",0
"ENSRNOG00000035577",0
"ENSRNOG00000019158",0
"ENSRNOG00000035587",0
"ENSRNOG00000036271",0
"ENSRNOG00000061895",0
"ENSRNOG00000005947",0
"ENSRNOG00000035598",0
"ENSRNOG00000046475",0
"ENSRNOG00000043059",431
"ENSRNOG00000069174",51
"ENSRNOG00000035624",0
"ENSRNOG00000041321",0
"ENSRNOG00000060241",0
"ENSRNOG00000035463",0
"ENSRNOG00000048961",502
"ENSRNOG00000036461",0
"ENSRNOG00000010485",0
"ENSRNOG00000066572",0
"ENSRNOG00000063462",0
"ENSRNOG00000015762",171
"ENSRNOG00000014856",5954
"ENSRNOG00000068364",2037
"ENSRNOG00000047309",0
"ENSRNOG00000051661",0
"ENSRNOG00000016255",156
"ENSRNOG00000007405",348
"ENSRNOG00000056783",0
"ENSRNOG00000013463",339
"ENSRNOG00000037782",0
"ENSRNOG00000066193",570
"ENSRNOG00000036913",1313
"ENSRNOG00000008733",451
"ENSRNOG00000008218",611
"ENSRNOG00000053337",0
"ENSRNOG00000025934",0
"ENSRNOG00000005390",6
"ENSRNOG00000001847",845
"ENSRNOG00000051600",0
"ENSRNOG00000025818",743
"ENSRNOG00000056041",1097
"ENSRNOG00000005310",2975
"ENSRNOG00000017959",43
"ENSRNOG00000051447",0
"ENSRNOG00000049645",0
"ENSRNOG00000047319",359
"ENSRNOG00000065051",0
"ENSRNOG00000065970",0
"ENSRNOG00000063089",0
"ENSRNOG00000066943",0
"ENSRNOG00000064643",0
"ENSRNOG00000016707",11
"ENSRNOG00000001820",489
"ENSRNOG00000062693",0
"ENSRNOG00000012831",102
"ENSRNOG00000067827",0
"ENSRNOG00000025042",2280
"ENSRNOG00000052467",0
"ENSRNOG00000069267",1
"ENSRNOG00000012952",456
"ENSRNOG00000053656",0
"ENSRNOG00000046899",0
"ENSRNOG00000063902",0
"ENSRNOG00000058136",0
"ENSRNOG00000006048",166
"ENSRNOG00000069959",275
"ENSRNOG00000006338",1590
"ENSRNOG00000008747",1814
"ENSRNOG00000017003",3123
"ENSRNOG00000055196",0
"ENSRNOG00000033639",442
"ENSRNOG00000060248",67
"ENSRNOG00000057254",0
"ENSRNOG00000051489",0
"ENSRNOG00000043404",0
"ENSRNOG00000017354",9105
"ENSRNOG00000005858",0
"ENSRNOG00000070498",0
"ENSRNOG00000052128",3
"ENSRNOG00000013195",324
"ENSRNOG00000005480",6655
"ENSRNOG00000017525",30
"ENSRNOG00000026883",4
"ENSRNOG00000070076",2
"ENSRNOG00000001844",426
"ENSRNOG00000070281",1
"ENSRNOG00000009019",5666
"ENSRNOG00000006709",5
"ENSRNOG00000007247",0
"ENSRNOG00000047493",0
"ENSRNOG00000013743",8002
"ENSRNOG00000066539",5
"ENSRNOG00000009447",56
"ENSRNOG00000018533",1075
"ENSRNOG00000018630",10784
"ENSRNOG00000007064",445
"ENSRNOG00000066889",0
"ENSRNOG00000066287",0
"ENSRNOG00000060350",3706
"ENSRNOG00000008676",7744
"ENSRNOG00000036984",0
"ENSRNOG00000066172",0
"ENSRNOG00000064375",0
"ENSRNOG00000029922",198
"ENSRNOG00000067300",428
"ENSRNOG00000064824",17
"ENSRNOG00000032443",46
"ENSRNOG00000055300",846
"ENSRNOG00000032432",0
"ENSRNOG00000061868",1
"ENSRNOG00000010388",0
"ENSRNOG00000030004",0
"ENSRNOG00000019165",709
"ENSRNOG00000010898",0
"ENSRNOG00000057554",0
"ENSRNOG00000007126",160
"ENSRNOG00000030894",0
"ENSRNOG00000031140",0
"ENSRNOG00000054860",0
"ENSRNOG00000011824",1
"ENSRNOG00000006925",78
"ENSRNOG00000058457",542
"ENSRNOG00000015910",0
"ENSRNOG00000025930",0
"ENSRNOG00000053638",0
"ENSRNOG00000010452",865
"ENSRNOG00000012417",0
"ENSRNOG00000057335",0
"ENSRNOG00000010594",60
"ENSRNOG00000008575",0
"ENSRNOG00000051690",0
"ENSRNOG00000008714",0
"ENSRNOG00000062297",0
"ENSRNOG00000062862",0
"ENSRNOG00000060460",2
"ENSRNOG00000006703",327
"ENSRNOG00000014382",667
"ENSRNOG00000054251",0
"ENSRNOG00000069416",0
"ENSRNOG00000008362",120
"ENSRNOG00000059538",2073
"ENSRNOG00000022060",1064
"ENSRNOG00000065574",0
"ENSRNOG00000008239",190
"ENSRNOG00000043158",0
"ENSRNOG00000063869",0
"ENSRNOG00000023612",0
"ENSRNOG00000001817",2122
"ENSRNOG00000052024",0
"ENSRNOG00000066615",0
"ENSRNOG00000008816",19035
"ENSRNOG00000015125",160
"ENSRNOG00000032788",3874
"ENSRNOG00000005984",673
"ENSRNOG00000009035",1044
"ENSRNOG00000031709",5789
"ENSRNOG00000015290",4706
"ENSRNOG00000009052",1535
"ENSRNOG00000008234",153
"ENSRNOG00000066387",0
"ENSRNOG00000029308",4
"ENSRNOG00000024705",13
"ENSRNOG00000015409",1328
"ENSRNOG00000015529",484
"ENSRNOG00000026864",7
"ENSRNOG00000001842",694
"ENSRNOG00000015541",26
"ENSRNOG00000010011",1071
"ENSRNOG00000027630",101
"ENSRNOG00000045821",543
"ENSRNOG00000021334",16
"ENSRNOG00000060098",6878
"ENSRNOG00000052174",613
"ENSRNOG00000060308",2
"ENSRNOG00000016589",4004
"ENSRNOG00000006824",0
"ENSRNOG00000063524",548
"ENSRNOG00000062587",0
"ENSRNOG00000055950",0
"ENSRNOG00000068610",0
"ENSRNOG00000055056",0
"ENSRNOG00000016778",2059
"ENSRNOG00000070412",0
"ENSRNOG00000010806",0
"ENSRNOG00000001830",1285
"ENSRNOG00000051739",0
"ENSRNOG00000024533",1331
"ENSRNOG00000009322",204
"ENSRNOG00000005968",937
"ENSRNOG00000017052",29
"ENSRNOG00000046449",6
"ENSRNOG00000010213",0
"ENSRNOG00000069406",49
"ENSRNOG00000008465",0
"ENSRNOG00000068148",18
"ENSRNOG00000007743",0
"ENSRNOG00000006174",0
"ENSRNOG00000023708",0
"ENSRNOG00000028632",50
"ENSRNOG00000001828",873
"ENSRNOG00000064314",0
"ENSRNOG00000021579",241
"ENSRNOG00000059182",0
"ENSRNOG00000016273",407
"ENSRNOG00000016507",43
"ENSRNOG00000008870",2225
"ENSRNOG00000008412",212
"ENSRNOG00000068847",0
"ENSRNOG00000005383",0
"ENSRNOG00000070810",0
"ENSRNOG00000068724",0
"ENSRNOG00000009970",44
"ENSRNOG00000016704",7246
"ENSRNOG00000068441",0
"ENSRNOG00000070768",0
"ENSRNOG00000066203",0
"ENSRNOG00000070369",0
"ENSRNOG00000032967",0
"ENSRNOG00000050564",32
"ENSRNOG00000007838",1614
"ENSRNOG00000059870",60
"ENSRNOG00000036918",348
"ENSRNOG00000029321",0
"ENSRNOG00000008130",0
"ENSRNOG00000068499",0
"ENSRNOG00000036917",427
"ENSRNOG00000012228",1478
"ENSRNOG00000063414",0
"ENSRNOG00000028526",997
"ENSRNOG00000016813",854
"ENSRNOG00000067025",0
"ENSRNOG00000064322",17
"ENSRNOG00000064061",0
"ENSRNOG00000030158",1
"ENSRNOG00000063572",0
"ENSRNOG00000009726",3
"ENSRNOG00000011944",2403
"ENSRNOG00000006505",620
"ENSRNOG00000069193",0
"ENSRNOG00000070189",0
"ENSRNOG00000006628",224
"ENSRNOG00000017380",651
"ENSRNOG00000068824",0
"ENSRNOG00000049378",1048
"ENSRNOG00000009156",1013
"ENSRNOG00000063550",0
"ENSRNOG00000070159",0
"ENSRNOG00000009031",1
"ENSRNOG00000064847",3
"ENSRNOG00000065855",0
"ENSRNOG00000010090",272
"ENSRNOG00000063876",0
"ENSRNOG00000066922",0
"ENSRNOG00000008933",1
"ENSRNOG00000069491",0
"ENSRNOG00000057410",0
"ENSRNOG00000008622",93
"ENSRNOG00000063193",0
"ENSRNOG00000024647",1532
"ENSRNOG00000063365",0
"ENSRNOG00000014508",699
"ENSRNOG00000036911",449
"ENSRNOG00000068688",0
"ENSRNOG00000005767",3751
"ENSRNOG00000069766",0
"ENSRNOG00000070208",0
"ENSRNOG00000024569",0
"ENSRNOG00000061757",0
"ENSRNOG00000063422",0
"ENSRNOG00000022155",38
"ENSRNOG00000010536",944
"ENSRNOG00000028517",435
"ENSRNOG00000071104",0
"ENSRNOG00000008369",0
"ENSRNOG00000065905",0
"ENSRNOG00000027869",312
"ENSRNOG00000062735",4
"ENSRNOG00000070091",0
"ENSRNOG00000010912",171
"ENSRNOG00000062853",0
"ENSRNOG00000033338",0
"ENSRNOG00000065025",0
"ENSRNOG00000011391",555
"ENSRNOG00000005936",0
"ENSRNOG00000067273",0
"ENSRNOG00000068469",0
"ENSRNOG00000069427",0
"ENSRNOG00000038740",0
"ENSRNOG00000049943",196
"ENSRNOG00000071189",0
"ENSRNOG00000063347",170
"ENSRNOG00000051667",0
"ENSRNOG00000069376",0
"ENSRNOG00000064389",0
"ENSRNOG00000007338",5739
"ENSRNOG00000042229",0
"ENSRNOG00000015986",2060
"ENSRNOG00000063859",0
"ENSRNOG00000071049",0
"ENSRNOG00000064832",0
"ENSRNOG00000063035",0
"ENSRNOG00000010886",21
"ENSRNOG00000005621",78
"ENSRNOG00000048541",0
"ENSRNOG00000068056",0
"ENSRNOG00000008416",0
"ENSRNOG00000022466",81
"ENSRNOG00000064789",0
"ENSRNOG00000006264",260
"ENSRNOG00000067679",0
"ENSRNOG00000006491",0
"ENSRNOG00000007570",2107
"ENSRNOG00000023257",155
"ENSRNOG00000007272",464
"ENSRNOG00000007519",3829
"ENSRNOG00000011175",1401
"ENSRNOG00000063659",0
"ENSRNOG00000064003",0
"ENSRNOG00000005670",10
"ENSRNOG00000070109",0
"ENSRNOG00000069414",0
"ENSRNOG00000066010",0
"ENSRNOG00000070575",1
"ENSRNOG00000061664",0
"ENSRNOG00000069088",0
"ENSRNOG00000008274",285
"ENSRNOG00000065775",798
"ENSRNOG00000006444",844
"ENSRNOG00000067056",0
"ENSRNOG00000011814",844
"ENSRNOG00000005576",183
"ENSRNOG00000056219",38
"ENSRNOG00000005628",55
"ENSRNOG00000053188",0
"ENSRNOG00000007178",0
"ENSRNOG00000066676",0
"ENSRNOG00000042018",0
"ENSRNOG00000064982",0
"ENSRNOG00000057061",183
"ENSRNOG00000062345",0
"ENSRNOG00000068921",0
"ENSRNOG00000058653",1
"ENSRNOG00000069235",0
"ENSRNOG00000001804",480
"ENSRNOG00000015328",40
"ENSRNOG00000009184",4564
"ENSRNOG00000069590",0
"ENSRNOG00000063932",496
"ENSRNOG00000068013",0
"ENSRNOG00000055734",0
"ENSRNOG00000059771",0
"ENSRNOG00000053362",1827
"ENSRNOG00000070863",0
"ENSRNOG00000069405",0
"ENSRNOG00000067149",830
"ENSRNOG00000008063",909
"ENSRNOG00000064240",686
"ENSRNOG00000064662",0
"ENSRNOG00000064937",491
"ENSRNOG00000070930",491
"ENSRNOG00000062401",0
"ENSRNOG00000063863",0
"ENSRNOG00000033407",11
"ENSRNOG00000031515",0
"ENSRNOG00000062453",421
"ENSRNOG00000069030",1495
"ENSRNOG00000043170",4
"ENSRNOG00000062391",0
"ENSRNOG00000066951",27
"ENSRNOG00000059195",2
"ENSRNOG00000067299",1
"ENSRNOG00000066392",5
"ENSRNOG00000066650",193
"ENSRNOG00000008481",3
"ENSRNOG00000067332",826
"ENSRNOG00000010316",31
"ENSRNOG00000067063",0
"ENSRNOG00000064988",0
"ENSRNOG00000008393",4059
"ENSRNOG00000066162",41
"ENSRNOG00000070651",0
"ENSRNOG00000010347",0
"ENSRNOG00000064409",0
"ENSRNOG00000066715",0
"ENSRNOG00000067911",0
"ENSRNOG00000068347",0
"ENSRNOG00000065619",0
"ENSRNOG00000071185",118
"ENSRNOG00000068422",0
"ENSRNOG00000065663",3
"ENSRNOG00000069445",0
"ENSRNOG00000008443",549
"ENSRNOG00000006281",505
"ENSRNOG00000012748",847
"ENSRNOG00000063346",0
"ENSRNOG00000068365",10
"ENSRNOG00000012364",2084
"ENSRNOG00000068050",1
"ENSRNOG00000027365",210
"ENSRNOG00000063537",0
"ENSRNOG00000064040",0
"ENSRNOG00000064294",0
"ENSRNOG00000047951",229
"ENSRNOG00000062344",0
"ENSRNOG00000005353",1989
"ENSRNOG00000006069",1812
"ENSRNOG00000063803",0
"ENSRNOG00000048917",68
"ENSRNOG00000012347",94
"ENSRNOG00000065409",1153
"ENSRNOG00000066385",5
"ENSRNOG00000027026",466
"ENSRNOG00000071067",0
"ENSRNOG00000068334",4
"ENSRNOG00000068552",7
"ENSRNOG00000057556",1226
"ENSRNOG00000064378",52
"ENSRNOG00000070662",0
"ENSRNOG00000068681",0
"ENSRNOG00000064013",15
"ENSRNOG00000064657",0
"ENSRNOG00000067696",78
"ENSRNOG00000008611",65
"ENSRNOG00000063527",26
"ENSRNOG00000070718",0
"ENSRNOG00000071037",0
"ENSRNOG00000010301",364
"ENSRNOG00000063884",0
"ENSRNOG00000065564",0
"ENSRNOG00000009564",137
"ENSRNOG00000069567",0
"ENSRNOG00000032820",12
"ENSRNOG00000068340",1
"ENSRNOG00000006508",177
"ENSRNOG00000009971",435
"ENSRNOG00000066402",69
"ENSRNOG00000068865",0
"ENSRNOG00000046361",221
"ENSRNOG00000067191",72
"ENSRNOG00000065931",0
"ENSRNOG00000067030",2
"ENSRNOG00000036925",6
"ENSRNOG00000070829",2
"ENSRNOG00000012235",0
"ENSRNOG00000069850",1
"ENSRNOG00000064090",7103
"ENSRNOG00000008658",367
"ENSRNOG00000065425",1
"ENSRNOG00000009636",1566
"ENSRNOG00000001851",2
"ENSRNOG00000065573",11
"ENSRNOG00000069964",1
"ENSRNOG00000069763",0
"ENSRNOG00000067480",1
"ENSRNOG00000009886",1344
"ENSRNOG00000001852",560
"ENSRNOG00000008546",460
"ENSRNOG00000065102",53
"ENSRNOG00000066379",0
"ENSRNOG00000069297",9
"ENSRNOG00000070845",1
"ENSRNOG00000065171",0
"ENSRNOG00000066753",1
"ENSRNOG00000011530",258
"ENSRNOG00000063239",0
"ENSRNOG00000063394",0
"ENSRNOG00000070566",0
"ENSRNOG00000048782",0
"ENSRNOG00000067400",0
"ENSRNOG00000010629",822
"ENSRNOG00000070017",0
"ENSRNOG00000067625",0
"ENSRNOG00000068110",368
"ENSRNOG00000006806",115
"ENSRNOG00000063404",0
"ENSRNOG00000062416",32
"ENSRNOG00000064089",0
"ENSRNOG00000063045",0
"ENSRNOG00000063868",0
"ENSRNOG00000062677",0
"ENSRNOG00000006813",1575
"ENSRNOG00000068748",0
"ENSRNOG00000009097",3049
"ENSRNOG00000069247",0
"ENSRNOG00000062780",17
"ENSRNOG00000069346",6
"ENSRNOG00000067260",13
"ENSRNOG00000053654",214
"ENSRNOG00000069862",1
"ENSRNOG00000066850",129
"ENSRNOG00000066817",0
"ENSRNOG00000068855",0
"ENSRNOG00000066550",1
"ENSRNOG00000062509",907
"ENSRNOG00000054974",0
"ENSRNOG00000054781",0
"ENSRNOG00000062979",1
"ENSRNOG00000062716",6
"ENSRNOG00000045771",0
"ENSRNOG00000063160",0
"ENSRNOG00000063874",0
"ENSRNOG00000068329",0
"ENSRNOG00000066751",26
"ENSRNOG00000065579",0
"ENSRNOG00000062584",0
"ENSRNOG00000007152",6184
"ENSRNOG00000005433",102
"ENSRNOG00000012975",4302
"ENSRNOG00000062691",6
"ENSRNOG00000005734",0
"ENSRNOG00000009484",757
"ENSRNOG00000056462",2018
"ENSRNOG00000005830",0
"ENSRNOG00000009545",549
"ENSRNOG00000005686",3250
"ENSRNOG00000069901",0
"ENSRNOG00000028422",792
"ENSRNOG00000006776",12
"ENSRNOG00000047023",3
"ENSRNOG00000007124",1885
"ENSRNOG00000005652",0
"ENSRNOG00000007129",0
"ENSRNOG00000010284",441
"ENSRNOG00000066431",0
"ENSRNOG00000007881",310
"ENSRNOG00000038102",307
"ENSRNOG00000005798",228
"ENSRNOG00000021938",0
"ENSRNOG00000005806",2
"ENSRNOG00000006432",504
"ENSRNOG00000014090",1541
"ENSRNOG00000006534",591
"ENSRNOG00000005954",0
"ENSRNOG00000005690",2413
"ENSRNOG00000007764",428
"ENSRNOG00000063676",3
"ENSRNOG00000005662",0
"ENSRNOG00000005697",0
"ENSRNOG00000006144",0
"ENSRNOG00000055860",8668
"ENSRNOG00000055365",3897
"ENSRNOG00000006221",1469
"ENSRNOG00000006818",4164
"ENSRNOG00000013390",17
"ENSRNOG00000060175",217
"ENSRNOG00000010258",2254
"ENSRNOG00000009934",4134
"ENSRNOG00000009204",1425
"ENSRNOG00000010184",2039
"ENSRNOG00000007104",2526
"ENSRNOG00000065903",0
"ENSRNOG00000006941",251
"ENSRNOG00000007472",4356
"ENSRNOG00000011614",366
"ENSRNOG00000032517",0
"ENSRNOG00000068733",0
"ENSRNOG00000023077",5
"ENSRNOG00000009175",770
"ENSRNOG00000013526",9
"ENSRNOG00000023465",344
"ENSRNOG00000061085",213
"ENSRNOG00000070535",0
"ENSRNOG00000010177",0
"ENSRNOG00000005907",147
"ENSRNOG00000006509",895
"ENSRNOG00000067090",0
"ENSRNOG00000069624",0
"ENSRNOG00000008597",1529
"ENSRNOG00000008994",7058
"ENSRNOG00000009032",74
"ENSRNOG00000013379",564
"ENSRNOG00000025251",1
"ENSRNOG00000009084",234
"ENSRNOG00000042482",645
"ENSRNOG00000071218",1735
"ENSRNOG00000016143",78
"ENSRNOG00000071219",0
"ENSRNOG00000033395",0
"ENSRNOG00000066660",563
"ENSRNOG00000067593",1
"ENSRNOG00000029996",73117
"ENSRNOG00000062643",0
"ENSRNOG00000009377",329
"ENSRNOG00000015499",8
"ENSRNOG00000069518",0
"ENSRNOG00000004753",200
"ENSRNOG00000020317",2439
"ENSRNOG00000065800",12
"ENSRNOG00000010595",531
"ENSRNOG00000062311",0
"ENSRNOG00000020337",2
"ENSRNOG00000065122",287
"ENSRNOG00000070655",0
"ENSRNOG00000062759",0
"ENSRNOG00000015184",10
"ENSRNOG00000070996",1011
"ENSRNOG00000027016",654
"ENSRNOG00000065756",390
"ENSRNOG00000013074",3
"ENSRNOG00000004967",430
"ENSRNOG00000030825",0
"ENSRNOG00000063357",7
"ENSRNOG00000015294",314
"ENSRNOG00000056110",0
"ENSRNOG00000028721",2
"ENSRNOG00000067832",11
"ENSRNOG00000064622",0
"ENSRNOG00000067778",0
"ENSRNOG00000022491",94
"ENSRNOG00000051199",0
"ENSRNOG00000028095",0
"ENSRNOG00000068179",9
"ENSRNOG00000065362",0
"ENSRNOG00000065452",3
"ENSRNOG00000006731",103
"ENSRNOG00000067357",0
"ENSRNOG00000008282",0
"ENSRNOG00000064568",44
"ENSRNOG00000052014",0
"ENSRNOG00000011758",1339
"ENSRNOG00000004679",183
"ENSRNOG00000037833",0
"ENSRNOG00000010616",292
"ENSRNOG00000069366",324
"ENSRNOG00000037356",169
"ENSRNOG00000070165",0
"ENSRNOG00000018441",229
"ENSRNOG00000008738",68
"ENSRNOG00000007979",418
"ENSRNOG00000040275",0
"ENSRNOG00000062792",0
"ENSRNOG00000069588",0
"ENSRNOG00000004852",0
"ENSRNOG00000016189",4
"ENSRNOG00000008758",161
"ENSRNOG00000009764",0
"ENSRNOG00000052180",0
"ENSRNOG00000011830",900
"ENSRNOG00000070507",0
"ENSRNOG00000066688",0
"ENSRNOG00000063734",0
"ENSRNOG00000065294",0
"ENSRNOG00000004645",3
"ENSRNOG00000058157",170
"ENSRNOG00000062953",0
"ENSRNOG00000018755",540
"ENSRNOG00000005921",0
"ENSRNOG00000070505",0
"ENSRNOG00000065842",0
"ENSRNOG00000021472",0
"ENSRNOG00000006753",0
"ENSRNOG00000060327",0
"ENSRNOG00000063784",0
"ENSRNOG00000001589",0
"ENSRNOG00000052091",0
"ENSRNOG00000052454",0
"ENSRNOG00000070396",0
"ENSRNOG00000068411",0
"ENSRNOG00000013102",2820
"ENSRNOG00000058310",0
"ENSRNOG00000063685",0
"ENSRNOG00000067379",0
"ENSRNOG00000058919",0
"ENSRNOG00000017291",1812
"ENSRNOG00000062610",0
"ENSRNOG00000008663",306
"ENSRNOG00000063622",1
"ENSRNOG00000000009",0
"ENSRNOG00000069765",0
"ENSRNOG00000069407",0
"ENSRNOG00000015928",157
"ENSRNOG00000053212",0
"ENSRNOG00000068161",0
"ENSRNOG00000070663",0
"ENSRNOG00000006397",0
"ENSRNOG00000006803",3458
"ENSRNOG00000051665",0
"ENSRNOG00000006408",0
"ENSRNOG00000059732",0
"ENSRNOG00000062585",0
"ENSRNOG00000064878",0
"ENSRNOG00000055168",0
"ENSRNOG00000007416",155
"ENSRNOG00000016179",0
"ENSRNOG00000025141",353
"ENSRNOG00000057910",0
"ENSRNOG00000018964",528
"ENSRNOG00000033543",0
"ENSRNOG00000057796",0
"ENSRNOG00000069900",138
"ENSRNOG00000069943",0
"ENSRNOG00000033863",486
"ENSRNOG00000006419",123
"ENSRNOG00000064386",0
"ENSRNOG00000032712",0
"ENSRNOG00000047508",7
"ENSRNOG00000043106",0
"ENSRNOG00000058641",0
"ENSRNOG00000067830",48
"ENSRNOG00000069097",0
"ENSRNOG00000068071",0
"ENSRNOG00000066288",53
"ENSRNOG00000063143",0
"ENSRNOG00000011195",1270
"ENSRNOG00000018997",39
"ENSRNOG00000013069",44
"ENSRNOG00000066089",0
"ENSRNOG00000009152",11407
"ENSRNOG00000069475",0
"ENSRNOG00000018491",342
"ENSRNOG00000068593",0
"ENSRNOG00000062632",0
"ENSRNOG00000004784",197
"ENSRNOG00000012580",306
"ENSRNOG00000065185",0
"ENSRNOG00000005162",0
"ENSRNOG00000067634",0
"ENSRNOG00000057196",0
"ENSRNOG00000070613",0
"ENSRNOG00000059436",0
"ENSRNOG00000065604",0
"ENSRNOG00000059616",0
"ENSRNOG00000061294",0
"ENSRNOG00000019152",2470
"ENSRNOG00000059349",0
"ENSRNOG00000070069",0
"ENSRNOG00000006645",4
"ENSRNOG00000067839",0
"ENSRNOG00000004783",472
"ENSRNOG00000062892",1
"ENSRNOG00000063356",0
"ENSRNOG00000060569",0
"ENSRNOG00000010131",1196
"ENSRNOG00000070048",1
"ENSRNOG00000060756",0
"ENSRNOG00000021240",3048
"ENSRNOG00000067797",0
"ENSRNOG00000067541",3
"ENSRNOG00000062560",0
"ENSRNOG00000065360",0
"ENSRNOG00000058385",0
"ENSRNOG00000049721",0
"ENSRNOG00000070734",0
"ENSRNOG00000062547",3
"ENSRNOG00000052197",1
"ENSRNOG00000063688",0
"ENSRNOG00000051709",0
"ENSRNOG00000065630",872
"ENSRNOG00000012021",329
"ENSRNOG00000058806",0
"ENSRNOG00000005479",0
"ENSRNOG00000063131",0
"ENSRNOG00000052573",10
"ENSRNOG00000017063",0
"ENSRNOG00000004912",9185
"ENSRNOG00000063473",0
"ENSRNOG00000052463",0
"ENSRNOG00000031840",0
"ENSRNOG00000059132",0
"ENSRNOG00000070343",0
"ENSRNOG00000069671",1
"ENSRNOG00000068128",3
"ENSRNOG00000010896",221
"ENSRNOG00000005920",747
"ENSRNOG00000068849",0
"ENSRNOG00000060959",0
"ENSRNOG00000055244",0
"ENSRNOG00000069256",0
"ENSRNOG00000016551",1671
"ENSRNOG00000063853",0
"ENSRNOG00000011093",381
"ENSRNOG00000070847",0
"ENSRNOG00000064364",0
"ENSRNOG00000066576",0
"ENSRNOG00000051908",0
"ENSRNOG00000024990",0
"ENSRNOG00000053738",0
"ENSRNOG00000011295",779
"ENSRNOG00000066788",0
"ENSRNOG00000056926",0
"ENSRNOG00000067143",0
"ENSRNOG00000046632",0
"ENSRNOG00000014836",2569
"ENSRNOG00000067970",0
"ENSRNOG00000054607",0
"ENSRNOG00000006238",139
"ENSRNOG00000068208",0
"ENSRNOG00000067040",102
"ENSRNOG00000064912",0
"ENSRNOG00000032579",0
"ENSRNOG00000012051",194
"ENSRNOG00000056535",0
"ENSRNOG00000066513",0
"ENSRNOG00000051605",4
"ENSRNOG00000005103",0
"ENSRNOG00000065299",3
"ENSRNOG00000008337",1
"ENSRNOG00000018225",5227
"ENSRNOG00000005742",0
"ENSRNOG00000053757",2
"ENSRNOG00000056237",0
"ENSRNOG00000005793",0
"ENSRNOG00000054739",0
"ENSRNOG00000012559",1727
"ENSRNOG00000054703",0
"ENSRNOG00000049572",0
"ENSRNOG00000007160",298
"ENSRNOG00000054973",7
"ENSRNOG00000012151",45
"ENSRNOG00000047028",56
"ENSRNOG00000054789",0
"ENSRNOG00000058143",0
"ENSRNOG00000068366",0
"ENSRNOG00000055104",0
"ENSRNOG00000047004",7
"ENSRNOG00000005865",1298
"ENSRNOG00000069914",0
"ENSRNOG00000058773",0
"ENSRNOG00000004946",0
"ENSRNOG00000053070",702
"ENSRNOG00000012640",4287
"ENSRNOG00000056116",0
"ENSRNOG00000032521",0
"ENSRNOG00000064468",0
"ENSRNOG00000012647",0
"ENSRNOG00000049497",581
"ENSRNOG00000005404",5
"ENSRNOG00000066447",0
"ENSRNOG00000007128",497
"ENSRNOG00000056518",0
"ENSRNOG00000065019",0
"ENSRNOG00000058944",9
"ENSRNOG00000012960",694
"ENSRNOG00000056385",0
"ENSRNOG00000064575",0
"ENSRNOG00000059422",3
"ENSRNOG00000010523",504
"ENSRNOG00000010002",6
"ENSRNOG00000066449",0
"ENSRNOG00000069717",0
"ENSRNOG00000054116",0
"ENSRNOG00000007316",662
"ENSRNOG00000065500",0
"ENSRNOG00000054947",0
"ENSRNOG00000010019",2
"ENSRNOG00000057252",1
"ENSRNOG00000010587",121
"ENSRNOG00000052327",1
"ENSRNOG00000028267",0
"ENSRNOG00000056164",0
"ENSRNOG00000010170",1560
"ENSRNOG00000058734",0
"ENSRNOG00000070546",0
"ENSRNOG00000055243",0
"ENSRNOG00000008115",148
"ENSRNOG00000060026",0
"ENSRNOG00000055564",153
"ENSRNOG00000025295",626
"ENSRNOG00000068176",0
"ENSRNOG00000032900",548
"ENSRNOG00000056211",0
"ENSRNOG00000057817",1292
"ENSRNOG00000058605",0
"ENSRNOG00000011028",10
"ENSRNOG00000069969",1333
"ENSRNOG00000055303",0
"ENSRNOG00000010812",468
"ENSRNOG00000052201",0
"ENSRNOG00000005347",147
"ENSRNOG00000005971",1743
"ENSRNOG00000006094",3104
"ENSRNOG00000010607",0
"ENSRNOG00000021250",98
"ENSRNOG00000029262",285
"ENSRNOG00000063705",0
"ENSRNOG00000013133",151
"ENSRNOG00000004381",121
"ENSRNOG00000063753",0
"ENSRNOG00000021268",72
"ENSRNOG00000007529",1384
"ENSRNOG00000010451",0
"ENSRNOG00000047487",0
"ENSRNOG00000068427",853
"ENSRNOG00000070122",1
"ENSRNOG00000031694",2
"ENSRNOG00000004699",593
"ENSRNOG00000026143",176
"ENSRNOG00000004544",2000
"ENSRNOG00000010600",0
"ENSRNOG00000062660",0
"ENSRNOG00000042501",1124
"ENSRNOG00000058337",8
"ENSRNOG00000067093",0
"ENSRNOG00000015468",2
"ENSRNOG00000071209",0
"ENSRNOG00000007752",183
"ENSRNOG00000004575",0
"ENSRNOG00000068316",0
"ENSRNOG00000029847",0
"ENSRNOG00000013834",0
"ENSRNOG00000008102",107
"ENSRNOG00000005100",1
"ENSRNOG00000069454",0
"ENSRNOG00000063489",359
"ENSRNOG00000021395",5936
"ENSRNOG00000013540",0
"ENSRNOG00000033119",1101
"ENSRNOG00000047116",0
"ENSRNOG00000070629",0
"ENSRNOG00000065727",0
"ENSRNOG00000054212",242
"ENSRNOG00000070144",0
"ENSRNOG00000008536",1
"ENSRNOG00000070265",0
"ENSRNOG00000057149",10
"ENSRNOG00000063280",101
"ENSRNOG00000004763",788
"ENSRNOG00000031585",0
"ENSRNOG00000048309",317
"ENSRNOG00000008452",940
"ENSRNOG00000005256",309
"ENSRNOG00000060100",429
"ENSRNOG00000008190",162
"ENSRNOG00000031034",36
"ENSRNOG00000060618",6
"ENSRNOG00000037908",1
"ENSRNOG00000058163",0
"ENSRNOG00000013859",0
"ENSRNOG00000070080",2
"ENSRNOG00000054695",123
"ENSRNOG00000028910",187
"ENSRNOG00000013908",0
"ENSRNOG00000064299",0
"ENSRNOG00000033913",1894
"ENSRNOG00000021234",23
"ENSRNOG00000006947",218
"ENSRNOG00000013887",0
"ENSRNOG00000007044",0
"ENSRNOG00000070641",27
"ENSRNOG00000021269",0
"ENSRNOG00000021513",0
"ENSRNOG00000043002",0
"ENSRNOG00000069421",3
"ENSRNOG00000004571",141
"ENSRNOG00000069383",0
"ENSRNOG00000007765",116
"ENSRNOG00000023989",61
"ENSRNOG00000038259",59
"ENSRNOG00000004630",0
"ENSRNOG00000007925",1
"ENSRNOG00000021237",904
"ENSRNOG00000008394",0
"ENSRNOG00000029173",457
"ENSRNOG00000007446",156
"ENSRNOG00000006380",2204
"ENSRNOG00000045581",0
"ENSRNOG00000062526",13
"ENSRNOG00000030601",1
"ENSRNOG00000004641",0
"ENSRNOG00000008790",0
"ENSRNOG00000037231",0
"ENSRNOG00000065228",0
"ENSRNOG00000033100",17572
"ENSRNOG00000036964",336
"ENSRNOG00000021233",333
"ENSRNOG00000068937",0
"ENSRNOG00000060434",1
"ENSRNOG00000004687",97
"ENSRNOG00000007518",4970
"ENSRNOG00000012648",13
"ENSRNOG00000059043",1978
"ENSRNOG00000005457",0
"ENSRNOG00000008810",690
"ENSRNOG00000031736",0
"ENSRNOG00000012811",6
"ENSRNOG00000008529",2028
"ENSRNOG00000021231",25
"ENSRNOG00000065264",982
"ENSRNOG00000013689",331
"ENSRNOG00000011132",1
"ENSRNOG00000055182",0
"ENSRNOG00000004735",628
"ENSRNOG00000008868",145
"ENSRNOG00000021232",223
"ENSRNOG00000025715",2117
"ENSRNOG00000045829",28580
"ENSRNOG00000070856",0
"ENSRNOG00000025443",3161
"ENSRNOG00000060687",178
"ENSRNOG00000021244",10
"ENSRNOG00000009290",286
"ENSRNOG00000025181",606
"ENSRNOG00000005888",62
"ENSRNOG00000066451",0
"ENSRNOG00000028074",0
"ENSRNOG00000030184",0
"ENSRNOG00000016975",516
"ENSRNOG00000021245",410
"ENSRNOG00000008307",291
"ENSRNOG00000005039",1528
"ENSRNOG00000030708",0
"ENSRNOG00000015614",0
"ENSRNOG00000069811",0
"ENSRNOG00000026787",57
"ENSRNOG00000005148",0
"ENSRNOG00000029227",1
"ENSRNOG00000066472",0
"ENSRNOG00000021270",251
"ENSRNOG00000070867",1
"ENSRNOG00000045686",468
"ENSRNOG00000007883",217
"ENSRNOG00000030508",0
"ENSRNOG00000064151",1
"ENSRNOG00000069123",0
"ENSRNOG00000018666",386
"ENSRNOG00000068068",0
"ENSRNOG00000021272",42
"ENSRNOG00000006783",17
"ENSRNOG00000042821",995
"ENSRNOG00000006378",1484
"ENSRNOG00000018791",123
"ENSRNOG00000030790",4038
"ENSRNOG00000011785",2192
"ENSRNOG00000004891",695
"ENSRNOG00000021273",328
"ENSRNOG00000069087",1256
"ENSRNOG00000051470",0
"ENSRNOG00000032989",30
"ENSRNOG00000045555",626
"ENSRNOG00000062743",0
"ENSRNOG00000012089",712
"ENSRNOG00000068677",41
"ENSRNOG00000057284",412
"ENSRNOG00000019723",459
"ENSRNOG00000018845",138
"ENSRNOG00000021221",447
"ENSRNOG00000026346",0
"ENSRNOG00000021247",0
"ENSRNOG00000004730",2804
"ENSRNOG00000004863",84
"ENSRNOG00000010361",636
"ENSRNOG00000009195",841
"ENSRNOG00000067385",0
"ENSRNOG00000013760",0
"ENSRNOG00000042576",1564
"ENSRNOG00000058597",0
"ENSRNOG00000069362",0
"ENSRNOG00000021248",1229
"ENSRNOG00000032412",0
"ENSRNOG00000005884",1146
"ENSRNOG00000021222",183
"ENSRNOG00000068047",0
"ENSRNOG00000053099",0
"ENSRNOG00000053696",0
"ENSRNOG00000045997",815
"ENSRNOG00000008170",513
"ENSRNOG00000028779",0
"ENSRNOG00000004755",579
"ENSRNOG00000005545",0
"ENSRNOG00000063191",305
"ENSRNOG00000009662",0
"ENSRNOG00000014483",613
"ENSRNOG00000066298",3
"ENSRNOG00000019948",623
"ENSRNOG00000004779",0
"ENSRNOG00000004918",94
"ENSRNOG00000027392",0
"ENSRNOG00000032769",0
"ENSRNOG00000007805",57
"ENSRNOG00000066683",65
"ENSRNOG00000025360",8
"ENSRNOG00000004808",0
"ENSRNOG00000036952",0
"ENSRNOG00000021223",1408
"ENSRNOG00000004742",1861
"ENSRNOG00000070752",0
"ENSRNOG00000005037",47
"ENSRNOG00000005195",9069
"ENSRNOG00000021229",0
"ENSRNOG00000063072",2
"ENSRNOG00000004989",0
"ENSRNOG00000008364",2397
"ENSRNOG00000064942",0
"ENSRNOG00000021230",159
"ENSRNOG00000007525",0
"ENSRNOG00000047422",0
"ENSRNOG00000021264",1367
"ENSRNOG00000006027",770
"ENSRNOG00000013437",61
"ENSRNOG00000067005",0
"ENSRNOG00000021259",20
"ENSRNOG00000033761",0
"ENSRNOG00000065354",11
"ENSRNOG00000018488",33
"ENSRNOG00000053270",294
"ENSRNOG00000033020",0
"ENSRNOG00000070982",0
"ENSRNOG00000022710",727
"ENSRNOG00000021241",6
"ENSRNOG00000048417",0
"ENSRNOG00000007427",64
"ENSRNOG00000064907",0
"ENSRNOG00000031536",285
"ENSRNOG00000012172",11
"ENSRNOG00000062998",1
"ENSRNOG00000069271",10
"ENSRNOG00000007102",15
"ENSRNOG00000046699",0
"ENSRNOG00000027900",0
"ENSRNOG00000042220",0
"ENSRNOG00000030857",0
"ENSRNOG00000027821",1
"ENSRNOG00000006921",286
"ENSRNOG00000021255",37
"ENSRNOG00000012307",0
"ENSRNOG00000005006",280
"ENSRNOG00000033983",0
"ENSRNOG00000017701",0
"ENSRNOG00000017161",0
"ENSRNOG00000027747",139
"ENSRNOG00000005483",367
"ENSRNOG00000010816",3
"ENSRNOG00000010868",0
"ENSRNOG00000059519",35
"ENSRNOG00000057458",87
"ENSRNOG00000021266",0
"ENSRNOG00000005438",24
"ENSRNOG00000051005",0
"ENSRNOG00000004920",0
"ENSRNOG00000057476",46
"ENSRNOG00000014021",6
"ENSRNOG00000004443",0
"ENSRNOG00000005183",874
"ENSRNOG00000007440",261
"ENSRNOG00000021260",15
"ENSRNOG00000028008",0
"ENSRNOG00000021224",335
"ENSRNOG00000026295",136
"ENSRNOG00000007548",631
"ENSRNOG00000021274",1
"ENSRNOG00000019330",119
"ENSRNOG00000007972",590
"ENSRNOG00000004921",328
"ENSRNOG00000007408",12
"ENSRNOG00000063588",0
"ENSRNOG00000068037",0
"ENSRNOG00000064038",0
"ENSRNOG00000025384",237
"ENSRNOG00000008411",1031
"ENSRNOG00000021265",500
"ENSRNOG00000009495",946
"ENSRNOG00000007457",28
"ENSRNOG00000007512",804
"ENSRNOG00000031085",2337
"ENSRNOG00000017283",16
"ENSRNOG00000012568",193
"ENSRNOG00000006795",249
"ENSRNOG00000011649",10
"ENSRNOG00000030467",434
"ENSRNOG00000050784",6
"ENSRNOG00000005058",349
"ENSRNOG00000014480",2083
"ENSRNOG00000007516",1
"ENSRNOG00000004777",269
"ENSRNOG00000071065",105
"ENSRNOG00000026215",12
"ENSRNOG00000024852",1477
"ENSRNOG00000012290",0
"ENSRNOG00000009076",1415
"ENSRNOG00000007584",593
"ENSRNOG00000006695",850
"ENSRNOG00000008243",272
"ENSRNOG00000004874",324
"ENSRNOG00000067071",105
"ENSRNOG00000016636",359
"ENSRNOG00000062960",0
"ENSRNOG00000012368",72
"ENSRNOG00000063431",0
"ENSRNOG00000022335",0
"ENSRNOG00000028266",0
"ENSRNOG00000006850",0
"ENSRNOG00000016734",5
"ENSRNOG00000067135",0
"ENSRNOG00000067506",0
"ENSRNOG00000069867",0
"ENSRNOG00000010035",0
"ENSRNOG00000006705",104
"ENSRNOG00000011059",445
"ENSRNOG00000008746",253
"ENSRNOG00000069397",0
"ENSRNOG00000010666",3929
"ENSRNOG00000067094",1
"ENSRNOG00000009969",0
"ENSRNOG00000013172",62
"ENSRNOG00000068185",0
"ENSRNOG00000007430",213
"ENSRNOG00000066616",3
"ENSRNOG00000056526",453
"ENSRNOG00000012528",197
"ENSRNOG00000013776",0
"ENSRNOG00000063104",0
"ENSRNOG00000036971",260
"ENSRNOG00000024882",48
"ENSRNOG00000018557",0
"ENSRNOG00000031356",0
"ENSRNOG00000058586",168
"ENSRNOG00000007319",2091
"ENSRNOG00000013594",1664
"ENSRNOG00000053201",151
"ENSRNOG00000013778",0
"ENSRNOG00000070361",0
"ENSRNOG00000053114",0
"ENSRNOG00000064867",0
"ENSRNOG00000012728",5
"ENSRNOG00000005111",11
"ENSRNOG00000062388",0
"ENSRNOG00000055769",18
"ENSRNOG00000047611",472
"ENSRNOG00000054563",654
"ENSRNOG00000009180",0
"ENSRNOG00000007443",1610
"ENSRNOG00000004787",77
"ENSRNOG00000007018",121
"ENSRNOG00000052603",0
"ENSRNOG00000005308",1202
"ENSRNOG00000005276",2995
"ENSRNOG00000014071",107
"ENSRNOG00000010945",6442
"ENSRNOG00000021256",7
"ENSRNOG00000005284",1
"ENSRNOG00000006050",184
"ENSRNOG00000068997",0
"ENSRNOG00000012197",0
"ENSRNOG00000010472",283
"ENSRNOG00000021261",0
"ENSRNOG00000006832",3035
"ENSRNOG00000004829",204
"ENSRNOG00000059455",0
"ENSRNOG00000014102",4
"ENSRNOG00000063194",18
"ENSRNOG00000064429",658
"ENSRNOG00000038004",0
"ENSRNOG00000015550",1
"ENSRNOG00000021750",572
"ENSRNOG00000025130",15
"ENSRNOG00000030827",0
"ENSRNOG00000021249",220
"ENSRNOG00000014272",7550
"ENSRNOG00000060791",0
"ENSRNOG00000005715",608
"ENSRNOG00000036900",0
"ENSRNOG00000070953",0
"ENSRNOG00000007782",0
"ENSRNOG00000023195",0
"ENSRNOG00000014317",356
"ENSRNOG00000070171",0
"ENSRNOG00000010428",852
"ENSRNOG00000063262",0
"ENSRNOG00000005780",216
"ENSRNOG00000043043",0
"ENSRNOG00000010101",298
"ENSRNOG00000005184",332
"ENSRNOG00000015187",84
"ENSRNOG00000068011",36
"ENSRNOG00000062726",1
"ENSRNOG00000014338",81
"ENSRNOG00000066948",0
"ENSRNOG00000004601",0
"ENSRNOG00000028668",39
"ENSRNOG00000014204",446
"ENSRNOG00000009399",0
"ENSRNOG00000005840",5
"ENSRNOG00000071010",3
"ENSRNOG00000014493",390
"ENSRNOG00000005900",301
"ENSRNOG00000068950",0
"ENSRNOG00000032605",7081
"ENSRNOG00000004842",110
"ENSRNOG00000047530",0
"ENSRNOG00000008088",170
"ENSRNOG00000017044",0
"ENSRNOG00000069598",3
"ENSRNOG00000019118",1
"ENSRNOG00000055374",0
"ENSRNOG00000005902",77
"ENSRNOG00000000169",45
"ENSRNOG00000028254",86
"ENSRNOG00000069282",1
"ENSRNOG00000009461",0
"ENSRNOG00000056255",0
"ENSRNOG00000007738",1693
"ENSRNOG00000008316",1329
"ENSRNOG00000054840",109
"ENSRNOG00000009586",0
"ENSRNOG00000015145",990
"ENSRNOG00000067107",0
"ENSRNOG00000009139",606
"ENSRNOG00000017983",435
"ENSRNOG00000033348",2
"ENSRNOG00000021262",1883
"ENSRNOG00000022660",6
"ENSRNOG00000069487",0
"ENSRNOG00000056471",0
"ENSRNOG00000031763",1
"ENSRNOG00000005509",0
"ENSRNOG00000068352",0
"ENSRNOG00000030460",0
"ENSRNOG00000023384",0
"ENSRNOG00000009624",0
"ENSRNOG00000015525",264
"ENSRNOG00000010262",12
"ENSRNOG00000066486",0
"ENSRNOG00000060217",0
"ENSRNOG00000025713",0
"ENSRNOG00000017157",76
"ENSRNOG00000032700",434
"ENSRNOG00000061603",1036
"ENSRNOG00000051431",0
"ENSRNOG00000008003",0
"ENSRNOG00000015735",254
"ENSRNOG00000009648",0
"ENSRNOG00000012738",3227
"ENSRNOG00000058755",0
"ENSRNOG00000010551",43
"ENSRNOG00000004700",185
"ENSRNOG00000015744",5
"ENSRNOG00000007242",743
"ENSRNOG00000037178",0
"ENSRNOG00000036782",0
"ENSRNOG00000037146",0
"ENSRNOG00000064442",55
"ENSRNOG00000025498",35
"ENSRNOG00000017883",771
"ENSRNOG00000063022",0
"ENSRNOG00000063950",0
"ENSRNOG00000013380",24
"ENSRNOG00000065847",0
"ENSRNOG00000006418",142
"ENSRNOG00000009640",763
"ENSRNOG00000005958",1600
"ENSRNOG00000009670",0
"ENSRNOG00000051490",1699
"ENSRNOG00000031598",112
"ENSRNOG00000065317",0
"ENSRNOG00000042374",87
"ENSRNOG00000063946",0
"ENSRNOG00000022178",0
"ENSRNOG00000025278",604
"ENSRNOG00000050190",28
"ENSRNOG00000005196",1223
"ENSRNOG00000032635",25874
"ENSRNOG00000062572",0
"ENSRNOG00000014739",84
"ENSRNOG00000042407",0
"ENSRNOG00000009952",0
"ENSRNOG00000027988",595
"ENSRNOG00000000170",2321
"ENSRNOG00000068653",0
"ENSRNOG00000052294",8
"ENSRNOG00000005719",1199
"ENSRNOG00000070931",0
"ENSRNOG00000014268",834
"ENSRNOG00000008283",3176
"ENSRNOG00000042526",7
"ENSRNOG00000066461",0
"ENSRNOG00000070081",0
"ENSRNOG00000068036",3
"ENSRNOG00000066294",0
"ENSRNOG00000028908",28
"ENSRNOG00000068526",0
"ENSRNOG00000018005",8
"ENSRNOG00000063100",0
"ENSRNOG00000014771",6
"ENSRNOG00000006032",0
"ENSRNOG00000016795",1065
"ENSRNOG00000070932",0
"ENSRNOG00000028685",74
"ENSRNOG00000008135",4
"ENSRNOG00000062543",643
"ENSRNOG00000016870",754
"ENSRNOG00000027955",102
"ENSRNOG00000062385",0
"ENSRNOG00000031823",1
"ENSRNOG00000065007",0
"ENSRNOG00000069793",0
"ENSRNOG00000027434",196
"ENSRNOG00000062364",0
"ENSRNOG00000069408",0
"ENSRNOG00000036777",0
"ENSRNOG00000019388",72
"ENSRNOG00000037514",1666
"ENSRNOG00000068989",0
"ENSRNOG00000004677",1888
"ENSRNOG00000031380",0
"ENSRNOG00000026067",0
"ENSRNOG00000010050",690
"ENSRNOG00000008146",1
"ENSRNOG00000004810",0
"ENSRNOG00000045801",1
"ENSRNOG00000065546",4
"ENSRNOG00000019466",674
"ENSRNOG00000004410",0
"ENSRNOG00000010477",936
"ENSRNOG00000045656",0
"ENSRNOG00000014794",0
"ENSRNOG00000004812",79
"ENSRNOG00000014807",0
"ENSRNOG00000011467",258
"ENSRNOG00000013452",7608
"ENSRNOG00000063397",42
"ENSRNOG00000025931",0
"ENSRNOG00000039906",0
"ENSRNOG00000046958",42
"ENSRNOG00000005707",1
"ENSRNOG00000062576",0
"ENSRNOG00000022586",548
"ENSRNOG00000042162",0
"ENSRNOG00000047427",497
"ENSRNOG00000070174",0
"ENSRNOG00000017290",826
"ENSRNOG00000062366",154
"ENSRNOG00000066433",0
"ENSRNOG00000050780",342
"ENSRNOG00000004951",353
"ENSRNOG00000065048",28
"ENSRNOG00000014933",783
"ENSRNOG00000031168",2
"ENSRNOG00000018574",767
"ENSRNOG00000064101",28
"ENSRNOG00000032177",0
"ENSRNOG00000009218",0
"ENSRNOG00000005031",232
"ENSRNOG00000065075",0
"ENSRNOG00000014156",0
"ENSRNOG00000014297",3772
"ENSRNOG00000005924",6369
"ENSRNOG00000031167",83
"ENSRNOG00000006142",0
"ENSRNOG00000070417",0
"ENSRNOG00000059507",0
"ENSRNOG00000024799",3
"ENSRNOG00000065733",0
"ENSRNOG00000027742",10
"ENSRNOG00000024904",2
"ENSRNOG00000019322",1174
"ENSRNOG00000015131",309
"ENSRNOG00000014690",3730
"ENSRNOG00000063498",0
"ENSRNOG00000069651",0
"ENSRNOG00000015797",42
"ENSRNOG00000005247",0
"ENSRNOG00000046942",0
"ENSRNOG00000015155",8
"ENSRNOG00000066870",3
"ENSRNOG00000016272",2853
"ENSRNOG00000012157",2408
"ENSRNOG00000031038",139
"ENSRNOG00000015857",17771
"ENSRNOG00000016584",28
"ENSRNOG00000010528",193
"ENSRNOG00000037207",2499
"ENSRNOG00000053240",735
"ENSRNOG00000027432",7
"ENSRNOG00000027911",1
"ENSRNOG00000070414",4
"ENSRNOG00000047466",387
"ENSRNOG00000055534",0
"ENSRNOG00000005158",6
"ENSRNOG00000004532",179
"ENSRNOG00000013681",0
"ENSRNOG00000055829",0
"ENSRNOG00000018649",689
"ENSRNOG00000027867",414
"ENSRNOG00000007542",4
"ENSRNOG00000008895",0
"ENSRNOG00000049280",0
"ENSRNOG00000005258",245
"ENSRNOG00000064719",0
"ENSRNOG00000012638",367
"ENSRNOG00000007681",1081
"ENSRNOG00000005814",230
"ENSRNOG00000012762",430
"ENSRNOG00000008212",909
"ENSRNOG00000028701",101
"ENSRNOG00000013862",2
"ENSRNOG00000007461",151
"ENSRNOG00000011778",109
"ENSRNOG00000064354",0
"ENSRNOG00000030243",2
"ENSRNOG00000024335",412
"ENSRNOG00000004493",36
"ENSRNOG00000008744",3753
"ENSRNOG00000033573",0
"ENSRNOG00000029895",0
"ENSRNOG00000005792",0
"ENSRNOG00000023874",510
"ENSRNOG00000063286",0
"ENSRNOG00000007422",92
"ENSRNOG00000028674",538
"ENSRNOG00000016488",783
"ENSRNOG00000009289",1371
"ENSRNOG00000071101",2044
"ENSRNOG00000015396",5916
"ENSRNOG00000024808",141
"ENSRNOG00000014387",500
"ENSRNOG00000018231",1037
"ENSRNOG00000007692",980
"ENSRNOG00000029799",1411
"ENSRNOG00000009334",112
"ENSRNOG00000013479",1740
"ENSRNOG00000031760",707
"ENSRNOG00000037124",109
"ENSRNOG00000009421",1031
"ENSRNOG00000025580",2125
"ENSRNOG00000018876",503
"ENSRNOG00000018111",95
"ENSRNOG00000005178",1
"ENSRNOG00000037203",0
"ENSRNOG00000004731",7
"ENSRNOG00000009425",217
"ENSRNOG00000006641",2
"ENSRNOG00000010574",1916
"ENSRNOG00000006077",2335
"ENSRNOG00000017123",11998
"ENSRNOG00000004703",0
"ENSRNOG00000009593",182
"ENSRNOG00000067444",43964
"ENSRNOG00000053122",30
"ENSRNOG00000007221",205
"ENSRNOG00000043037",203
"ENSRNOG00000009446",476
"ENSRNOG00000013529",452
"ENSRNOG00000065707",0
"ENSRNOG00000006037",1
"ENSRNOG00000065372",0
"ENSRNOG00000026775",613
"ENSRNOG00000014152",118
"ENSRNOG00000063085",0
"ENSRNOG00000037302",184
"ENSRNOG00000011353",0
"ENSRNOG00000009549",1252
"ENSRNOG00000020086",656
"ENSRNOG00000028196",79
"ENSRNOG00000007906",175
"ENSRNOG00000006916",627
"ENSRNOG00000063276",0
"ENSRNOG00000066633",0
"ENSRNOG00000019039",344
"ENSRNOG00000010791",36
"ENSRNOG00000004898",1
"ENSRNOG00000005059",253
"ENSRNOG00000006639",0
"ENSRNOG00000014710",2
"ENSRNOG00000012262",84
"ENSRNOG00000028112",0
"ENSRNOG00000070974",426
"ENSRNOG00000054314",125
"ENSRNOG00000000172",826
"ENSRNOG00000026053",3934
"ENSRNOG00000062398",0
"ENSRNOG00000000168",79
"ENSRNOG00000019122",4913
"ENSRNOG00000005334",176
"ENSRNOG00000011690",582
"ENSRNOG00000055449",0
"ENSRNOG00000029342",0
"ENSRNOG00000015599",87
"ENSRNOG00000060005",878
"ENSRNOG00000062684",0
"ENSRNOG00000064484",0
"ENSRNOG00000018747",2231
"ENSRNOG00000051627",514
"ENSRNOG00000066394",0
"ENSRNOG00000015636",152
"ENSRNOG00000064346",0
"ENSRNOG00000043494",0
"ENSRNOG00000016459",698
"ENSRNOG00000067536",0
"ENSRNOG00000067433",0
"ENSRNOG00000068386",0
"ENSRNOG00000070193",54
"ENSRNOG00000016357",1605
"ENSRNOG00000017513",177
"ENSRNOG00000031478",0
"ENSRNOG00000065412",0
"ENSRNOG00000005021",554
"ENSRNOG00000070991",0
"ENSRNOG00000008297",826
"ENSRNOG00000050072",60
"ENSRNOG00000017663",199
"ENSRNOG00000062919",0
"ENSRNOG00000071011",0
"ENSRNOG00000066832",727
"ENSRNOG00000019099",255
"ENSRNOG00000021954",1082
"ENSRNOG00000019110",0
"ENSRNOG00000007447",84
"ENSRNOG00000010883",129
"ENSRNOG00000018427",6
"ENSRNOG00000008912",1804
"ENSRNOG00000027596",1104
"ENSRNOG00000068716",0
"ENSRNOG00000017550",58
"ENSRNOG00000059260",18
"ENSRNOG00000065438",0
"ENSRNOG00000032386",0
"ENSRNOG00000004938",0
"ENSRNOG00000004740",454
"ENSRNOG00000012175",12
"ENSRNOG00000012697",8
"ENSRNOG00000005018",104
"ENSRNOG00000005366",16
"ENSRNOG00000008629",1793
"ENSRNOG00000054560",4
"ENSRNOG00000071044",141
"ENSRNOG00000012761",9
"ENSRNOG00000015854",45
"ENSRNOG00000064432",40
"ENSRNOG00000010981",757
"ENSRNOG00000017061",1
"ENSRNOG00000068044",1
"ENSRNOG00000014011",0
"ENSRNOG00000046655",0
"ENSRNOG00000004614",0
"ENSRNOG00000033429",10
"ENSRNOG00000059243",58
"ENSRNOG00000009342",0
"ENSRNOG00000012906",1
"ENSRNOG00000064158",40
"ENSRNOG00000007981",282
"ENSRNOG00000065620",18
"ENSRNOG00000011652",1280
"ENSRNOG00000063763",0
"ENSRNOG00000068416",3
"ENSRNOG00000013209",1
"ENSRNOG00000066103",0
"ENSRNOG00000062482",0
"ENSRNOG00000063885",59
"ENSRNOG00000022514",521
"ENSRNOG00000007127",158
"ENSRNOG00000067722",0
"ENSRNOG00000008484",10
"ENSRNOG00000060571",2502
"ENSRNOG00000013933",404
"ENSRNOG00000007285",37
"ENSRNOG00000009196",2124
"ENSRNOG00000048433",0
"ENSRNOG00000050650",62
"ENSRNOG00000062737",0
"ENSRNOG00000026604",38
"ENSRNOG00000009340",474
"ENSRNOG00000006952",1
"ENSRNOG00000005367",0
"ENSRNOG00000067798",0
"ENSRNOG00000057545",0
"ENSRNOG00000005679",4
"ENSRNOG00000018687",526
"ENSRNOG00000064408",0
"ENSRNOG00000009346",140
"ENSRNOG00000029508",0
"ENSRNOG00000010975",2709
"ENSRNOG00000049034",1219
"ENSRNOG00000010219",717
"ENSRNOG00000010993",657
"ENSRNOG00000069270",15
"ENSRNOG00000010897",1845
"ENSRNOG00000039315",1
"ENSRNOG00000012750",3
"ENSRNOG00000023589",881
"ENSRNOG00000050262",1
"ENSRNOG00000043189",410
"ENSRNOG00000009402",1570
"ENSRNOG00000006227",251
"ENSRNOG00000007302",18302
"ENSRNOG00000049484",51
"ENSRNOG00000026691",161
"ENSRNOG00000015420",2462
"ENSRNOG00000011732",820
"ENSRNOG00000025296",1020
"ENSRNOG00000042269",10
"ENSRNOG00000009403",313
"ENSRNOG00000029470",104
"ENSRNOG00000039777",161
"ENSRNOG00000047356",2881
"ENSRNOG00000050035",0
"ENSRNOG00000010150",539
"ENSRNOG00000008616",1698
"ENSRNOG00000022603",0
"ENSRNOG00000017019",0
"ENSRNOG00000013491",572
"ENSRNOG00000017172",579
"ENSRNOG00000019203",0
"ENSRNOG00000011379",468
"ENSRNOG00000027502",136
"ENSRNOG00000030022",0
"ENSRNOG00000006839",2770
"ENSRNOG00000071171",0
"ENSRNOG00000013196",594
"ENSRNOG00000062624",18
"ENSRNOG00000017319",45
"ENSRNOG00000006829",0
"ENSRNOG00000057044",95
"ENSRNOG00000014316",1391
"ENSRNOG00000008354",438
"ENSRNOG00000027447",1568
"ENSRNOG00000017395",2
"ENSRNOG00000009207",546
"ENSRNOG00000018294",5234
"ENSRNOG00000027193",290
"ENSRNOG00000005007",4
"ENSRNOG00000060821",1719
"ENSRNOG00000005335",23
"ENSRNOG00000015445",0
"ENSRNOG00000009862",209
"ENSRNOG00000009594",2923
"ENSRNOG00000018591",420
"ENSRNOG00000069269",0
"ENSRNOG00000017805",0
"ENSRNOG00000065543",4354
"ENSRNOG00000014532",992
"ENSRNOG00000050792",45
"ENSRNOG00000018349",140
"ENSRNOG00000009552",5484
"ENSRNOG00000008749",9380
"ENSRNOG00000010217",6611
"ENSRNOG00000056087",18
"ENSRNOG00000010659",431
"ENSRNOG00000010235",2206
"ENSRNOG00000010265",60
"ENSRNOG00000065817",66
"ENSRNOG00000028805",37
"ENSRNOG00000015845",1959
"ENSRNOG00000050932",493
"ENSRNOG00000010526",832
"ENSRNOG00000037134",191
"ENSRNOG00000023386",2685
"ENSRNOG00000011470",668
"ENSRNOG00000017539",5
"ENSRNOG00000026277",318
"ENSRNOG00000017017",386
"ENSRNOG00000005616",530
"ENSRNOG00000016794",301
"ENSRNOG00000068184",3
"ENSRNOG00000022312",151
"ENSRNOG00000054725",474
"ENSRNOG00000006052",3216
"ENSRNOG00000009300",1527
"ENSRNOG00000013040",240
"ENSRNOG00000021295",875
"ENSRNOG00000007666",31
"ENSRNOG00000016910",135
"ENSRNOG00000010406",9
"ENSRNOG00000006420",212
"ENSRNOG00000057806",3592
"ENSRNOG00000065655",3
"ENSRNOG00000010152",0
"ENSRNOG00000010164",987
"ENSRNOG00000069016",15
"ENSRNOG00000016678",24
"ENSRNOG00000004680",39
"ENSRNOG00000006435",546
"ENSRNOG00000006894",638
"ENSRNOG00000016220",2040
"ENSRNOG00000070709",141
"ENSRNOG00000004624",1896
"ENSRNOG00000019154",2588
"ENSRNOG00000034258",1
"ENSRNOG00000022274",216
"ENSRNOG00000025185",1287
"ENSRNOG00000005600",234
"ENSRNOG00000017925",1245
"ENSRNOG00000004372",0
"ENSRNOG00000007673",402
"ENSRNOG00000013906",4
"ENSRNOG00000050834",824
"ENSRNOG00000034195",2
"ENSRNOG00000017295",2039
"ENSRNOG00000054901",347
"ENSRNOG00000048676",26
"ENSRNOG00000007998",931
"ENSRNOG00000013062",0
"ENSRNOG00000070298",8
"ENSRNOG00000013974",177
"ENSRNOG00000048870",2223
"ENSRNOG00000040333",0
"ENSRNOG00000029447",145
"ENSRNOG00000018145",2530
"ENSRNOG00000018205",467
"ENSRNOG00000046984",911
"ENSRNOG00000008469",615
"ENSRNOG00000029993",0
"ENSRNOG00000049056",731
"ENSRNOG00000006611",110
"ENSRNOG00000008455",987
"ENSRNOG00000018457",1227
"ENSRNOG00000019147",1874
"ENSRNOG00000055567",728
"ENSRNOG00000055886",2
"ENSRNOG00000024563",361
"ENSRNOG00000066367",0
"ENSRNOG00000022860",1527
"ENSRNOG00000000007",0
"ENSRNOG00000064166",2
"ENSRNOG00000070526",0
"ENSRNOG00000016744",1340
"ENSRNOG00000004828",0
"ENSRNOG00000067882",0
"ENSRNOG00000004466",626
"ENSRNOG00000014369",417
"ENSRNOG00000050404",1721
"ENSRNOG00000018486",19
"ENSRNOG00000005070",851
"ENSRNOG00000001517",642
"ENSRNOG00000005369",0
"ENSRNOG00000024809",334
"ENSRNOG00000001519",24
"ENSRNOG00000011884",711
"ENSRNOG00000008609",17
"ENSRNOG00000048867",0
"ENSRNOG00000005743",0
"ENSRNOG00000069208",17
"ENSRNOG00000058329",276
"ENSRNOG00000004479",125
"ENSRNOG00000049619",0
"ENSRNOG00000007625",34
"ENSRNOG00000062930",0
"ENSRNOG00000004864",1282
"ENSRNOG00000066218",0
"ENSRNOG00000024786",243
"ENSRNOG00000063301",0
"ENSRNOG00000001515",4946
"ENSRNOG00000005074",214
"ENSRNOG00000013694",73
"ENSRNOG00000005223",0
"ENSRNOG00000047241",0
"ENSRNOG00000010128",0
"ENSRNOG00000057996",0
"ENSRNOG00000018809",1009
"ENSRNOG00000068640",0
"ENSRNOG00000033824",302
"ENSRNOG00000014584",626
"ENSRNOG00000052583",2657
"ENSRNOG00000001516",85
"ENSRNOG00000004775",756
"ENSRNOG00000064527",103
"ENSRNOG00000005701",0
"ENSRNOG00000048080",0
"ENSRNOG00000005235",0
"ENSRNOG00000043179",0
"ENSRNOG00000050552",463
"ENSRNOG00000049912",1459
"ENSRNOG00000057740",0
"ENSRNOG00000009143",507
"ENSRNOG00000026203",2
"ENSRNOG00000028661",0
"ENSRNOG00000009382",95
"ENSRNOG00000032656",0
"ENSRNOG00000033835",1494
"ENSRNOG00000067068",0
"ENSRNOG00000025892",674
"ENSRNOG00000005504",253
"ENSRNOG00000016965",2428
"ENSRNOG00000006732",0
"ENSRNOG00000009239",0
"ENSRNOG00000009781",4112
"ENSRNOG00000007485",810
"ENSRNOG00000009286",1
"ENSRNOG00000069922",0
"ENSRNOG00000005722",0
"ENSRNOG00000005331",1487
"ENSRNOG00000048933",528
"ENSRNOG00000018832",1
"ENSRNOG00000061587",115
"ENSRNOG00000028384",773
"ENSRNOG00000070627",39
"ENSRNOG00000015791",345
"ENSRNOG00000064734",13
"ENSRNOG00000033682",0
"ENSRNOG00000018874",47
"ENSRNOG00000028533",0
"ENSRNOG00000008129",228
"ENSRNOG00000010729",1119
"ENSRNOG00000007665",1535
"ENSRNOG00000057347",1090
"ENSRNOG00000043323",0
"ENSRNOG00000015237",262
"ENSRNOG00000065606",1166
"ENSRNOG00000001524",450
"ENSRNOG00000005751",0
"ENSRNOG00000069723",0
"ENSRNOG00000028440",0
"ENSRNOG00000013442",1015
"ENSRNOG00000007012",3
"ENSRNOG00000005800",0
"ENSRNOG00000007017",0
"ENSRNOG00000007781",2345
"ENSRNOG00000005083",620
"ENSRNOG00000025832",1232
"ENSRNOG00000001520",68
"ENSRNOG00000017443",812
"ENSRNOG00000063099",12
"ENSRNOG00000015970",488
"ENSRNOG00000009620",870
"ENSRNOG00000067313",0
"ENSRNOG00000005871",125
"ENSRNOG00000021225",0
"ENSRNOG00000046350",0
"ENSRNOG00000004772",8
"ENSRNOG00000008081",172
"ENSRNOG00000011401",12
"ENSRNOG00000043311",0
"ENSRNOG00000022162",1556
"ENSRNOG00000005033",1179
"ENSRNOG00000069241",0
"ENSRNOG00000022922",811
"ENSRNOG00000006079",24
"ENSRNOG00000008194",520
"ENSRNOG00000053384",0
"ENSRNOG00000071205",7
"ENSRNOG00000005341",0
"ENSRNOG00000022681",1417
"ENSRNOG00000022141",985
"ENSRNOG00000059891",189
"ENSRNOG00000046949",34
"ENSRNOG00000017583",528
"ENSRNOG00000006314",1
"ENSRNOG00000017647",138
"ENSRNOG00000008258",1209
"ENSRNOG00000008245",798
"ENSRNOG00000008482",1477
"ENSRNOG00000009531",2
"ENSRNOG00000026036",0
"ENSRNOG00000001518",351
"ENSRNOG00000021220",6
"ENSRNOG00000061199",0
"ENSRNOG00000009406",1664
"ENSRNOG00000019179",278
"ENSRNOG00000005246",0
"ENSRNOG00000064239",0
"ENSRNOG00000009936",1116
"ENSRNOG00000070854",0
"ENSRNOG00000015192",257
"ENSRNOG00000050620",0
"ENSRNOG00000021787",422
"ENSRNOG00000063782",0
"ENSRNOG00000066179",0
"ENSRNOG00000007477",0
"ENSRNOG00000055021",0
"ENSRNOG00000023721",9
"ENSRNOG00000058297",0
"ENSRNOG00000056952",1
"ENSRNOG00000025394",1731
"ENSRNOG00000065334",2
"ENSRNOG00000066958",121
"ENSRNOG00000051455",0
"ENSRNOG00000037081",0
"ENSRNOG00000065702",0
"ENSRNOG00000057475",0
"ENSRNOG00000050860",1
"ENSRNOG00000055571",0
"ENSRNOG00000007946",663
"ENSRNOG00000005996",0
"ENSRNOG00000056181",0
"ENSRNOG00000058161",0
"ENSRNOG00000062893",0
"ENSRNOG00000061153",0
"ENSRNOG00000057546",0
"ENSRNOG00000018567",1283
"ENSRNOG00000005762",1791
"ENSRNOG00000064287",0
"ENSRNOG00000062495",0
"ENSRNOG00000068900",11
"ENSRNOG00000055576",0
"ENSRNOG00000007415",2928
"ENSRNOG00000067446",0
"ENSRNOG00000059024",0
"ENSRNOG00000005116",7115
"ENSRNOG00000053436",3
"ENSRNOG00000052617",0
"ENSRNOG00000064018",0
"ENSRNOG00000065927",2
"ENSRNOG00000018901",1211
"ENSRNOG00000060842",10
"ENSRNOG00000056200",3
"ENSRNOG00000008859",484
"ENSRNOG00000005766",960
"ENSRNOG00000021242",445
"ENSRNOG00000054081",8
"ENSRNOG00000065735",346
"ENSRNOG00000062408",0
"ENSRNOG00000064779",0
"ENSRNOG00000023935",11
"ENSRNOG00000057313",24
"ENSRNOG00000064701",412
"ENSRNOG00000057048",0
"ENSRNOG00000035591",0
"ENSRNOG00000040429",0
"ENSRNOG00000062268",5
"ENSRNOG00000009191",1
"ENSRNOG00000006763",1114
"ENSRNOG00000036445",0
"ENSRNOG00000008552",32
"ENSRNOG00000041411",0
"ENSRNOG00000066687",0
"ENSRNOG00000015756",357
"ENSRNOG00000016033",36
"ENSRNOG00000035452",3
"ENSRNOG00000008346",6
"ENSRNOG00000035542",0
"ENSRNOG00000035554",0
"ENSRNOG00000035563",1
"ENSRNOG00000070181",0
"ENSRNOG00000056184",65
"ENSRNOG00000025711",258
"ENSRNOG00000005498",0
"ENSRNOG00000059414",1
"ENSRNOG00000025997",944
"ENSRNOG00000006767",1
"ENSRNOG00000035566",0
"ENSRNOG00000004560",2
"ENSRNOG00000068538",0
"ENSRNOG00000036443",0
"ENSRNOG00000004966",0
"ENSRNOG00000008825",1646
"ENSRNOG00000000012",0
"ENSRNOG00000035570",1
"ENSRNOG00000012987",0
"ENSRNOG00000032778",224
"ENSRNOG00000049532",0
"ENSRNOG00000018899",0
"ENSRNOG00000061850",0
"ENSRNOG00000048524",0
"ENSRNOG00000007359",270
"ENSRNOG00000053607",238
"ENSRNOG00000009588",0
"ENSRNOG00000049688",6
"ENSRNOG00000018286",0
"ENSRNOG00000035619",0
"ENSRNOG00000016097",0
"ENSRNOG00000035630",0
"ENSRNOG00000064324",0
"ENSRNOG00000006830",0
"ENSRNOG00000035496",2
"ENSRNOG00000001510",10
"ENSRNOG00000022033",0
"ENSRNOG00000005990",200
"ENSRNOG00000008091",71
"ENSRNOG00000035593",0
"ENSRNOG00000048914",10
"ENSRNOG00000001596",3892
"ENSRNOG00000009951",90
"ENSRNOG00000006961",1652
"ENSRNOG00000023393",1463
"ENSRNOG00000052954",2
"ENSRNOG00000008165",495
"ENSRNOG00000007528",0
"ENSRNOG00000028187",0
"ENSRNOG00000054086",0
"ENSRNOG00000023477",0
"ENSRNOG00000047374",14408
"ENSRNOG00000025286",383
"ENSRNOG00000008837",13
"ENSRNOG00000018991",2340
"ENSRNOG00000060479",2011
"ENSRNOG00000008534",55
"ENSRNOG00000056984",533
"ENSRNOG00000010068",92
"ENSRNOG00000026061",1
"ENSRNOG00000009331",6
"ENSRNOG00000018485",53
"ENSRNOG00000042373",0
"ENSRNOG00000007532",532
"ENSRNOG00000008822",9087
"ENSRNOG00000069925",67
"ENSRNOG00000001580",112
"ENSRNOG00000025889",21
"ENSRNOG00000012166",4
"ENSRNOG00000022015",181
"ENSRNOG00000062644",3
"ENSRNOG00000066055",0
"ENSRNOG00000007710",351
"ENSRNOG00000050946",191
"ENSRNOG00000001559",607
"ENSRNOG00000022938",207
"ENSRNOG00000017824",551
"ENSRNOG00000012419",19
"ENSRNOG00000009528",0
"ENSRNOG00000050204",197
"ENSRNOG00000036898",0
"ENSRNOG00000005668",546
"ENSRNOG00000009735",0
"ENSRNOG00000012798",569
"ENSRNOG00000023154",0
"ENSRNOG00000024693",0
"ENSRNOG00000005307",19
"ENSRNOG00000009245",73
"ENSRNOG00000067863",0
"ENSRNOG00000005132",0
"ENSRNOG00000063156",0
"ENSRNOG00000026111",1
"ENSRNOG00000036897",0
"ENSRNOG00000013973",126
"ENSRNOG00000068771",0
"ENSRNOG00000021560",0
"ENSRNOG00000013837",1046
"ENSRNOG00000014050",145
"ENSRNOG00000064796",2
"ENSRNOG00000058983",1
"ENSRNOG00000023352",6
"ENSRNOG00000031951",15
"ENSRNOG00000054405",0
"ENSRNOG00000001587",1
"ENSRNOG00000036870",0
"ENSRNOG00000069591",6
"ENSRNOG00000001581",51
"ENSRNOG00000005281",499
"ENSRNOG00000070431",0
"ENSRNOG00000014230",2806
"ENSRNOG00000007622",310
"ENSRNOG00000046585",320
"ENSRNOG00000067347",0
"ENSRNOG00000006241",1329
"ENSRNOG00000011457",0
"ENSRNOG00000019047",2438
"ENSRNOG00000057756",1112
"ENSRNOG00000019299",304
"ENSRNOG00000021243",5
"ENSRNOG00000055226",1102
"ENSRNOG00000069524",4
"ENSRNOG00000048056",36
"ENSRNOG00000006623",1045
"ENSRNOG00000011726",0
"ENSRNOG00000006002",730
"ENSRNOG00000005008",1
"ENSRNOG00000032195",41
"ENSRNOG00000043149",0
"ENSRNOG00000071098",0
"ENSRNOG00000017346",0
"ENSRNOG00000066809",0
"ENSRNOG00000063330",0
"ENSRNOG00000019467",0
"ENSRNOG00000062489",1
"ENSRNOG00000067142",0
"ENSRNOG00000065732",0
"ENSRNOG00000024412",3
"ENSRNOG00000009747",0
"ENSRNOG00000064071",0
"ENSRNOG00000009369",76
"ENSRNOG00000063708",0
"ENSRNOG00000066446",1
"ENSRNOG00000005359",0
"ENSRNOG00000065809",0
"ENSRNOG00000063795",0
"ENSRNOG00000069299",0
"ENSRNOG00000069133",0
"ENSRNOG00000014436",364
"ENSRNOG00000005950",0
"ENSRNOG00000018719",285
"ENSRNOG00000007911",0
"ENSRNOG00000062335",0
"ENSRNOG00000007816",11
"ENSRNOG00000069989",0
"ENSRNOG00000013243",0
"ENSRNOG00000062410",0
"ENSRNOG00000065893",305
"ENSRNOG00000018657",529
"ENSRNOG00000039210",0
"ENSRNOG00000067314",0
"ENSRNOG00000030763",7
"ENSRNOG00000047596",3
"ENSRNOG00000067265",0
"ENSRNOG00000066602",0
"ENSRNOG00000065951",0
"ENSRNOG00000065387",0
"ENSRNOG00000016352",1474
"ENSRNOG00000004649",0
"ENSRNOG00000046644",1008
"ENSRNOG00000067924",0
"ENSRNOG00000068962",0
"ENSRNOG00000052968",1006
"ENSRNOG00000007954",0
"ENSRNOG00000065239",0
"ENSRNOG00000007962",0
"ENSRNOG00000014573",8
"ENSRNOG00000007965",0
"ENSRNOG00000065830",0
"ENSRNOG00000050899",1046
"ENSRNOG00000059965",0
"ENSRNOG00000068403",2
"ENSRNOG00000062527",0
"ENSRNOG00000042248",0
"ENSRNOG00000010104",1357
"ENSRNOG00000065937",400
"ENSRNOG00000014845",0
"ENSRNOG00000009355",402
"ENSRNOG00000067990",0
"ENSRNOG00000031803",0
"ENSRNOG00000070601",0
"ENSRNOG00000017777",955
"ENSRNOG00000001547",426
"ENSRNOG00000005868",582
"ENSRNOG00000067752",6
"ENSRNOG00000063740",0
"ENSRNOG00000023064",27
"ENSRNOG00000066366",0
"ENSRNOG00000068131",3
"ENSRNOG00000019339",25
"ENSRNOG00000068529",0
"ENSRNOG00000063044",46
"ENSRNOG00000004858",0
"ENSRNOG00000063189",75
"ENSRNOG00000052498",1456
"ENSRNOG00000064033",0
"ENSRNOG00000015018",11873
"ENSRNOG00000046772",0
"ENSRNOG00000014034",793
"ENSRNOG00000036719",105
"ENSRNOG00000007567",1
"ENSRNOG00000063409",0
"ENSRNOG00000027015",1832
"ENSRNOG00000007977",0
"ENSRNOG00000001593",676
"ENSRNOG00000022868",15
"ENSRNOG00000010086",471
"ENSRNOG00000066934",0
"ENSRNOG00000062761",0
"ENSRNOG00000061129",1054
"ENSRNOG00000067572",0
"ENSRNOG00000064233",8128
"ENSRNOG00000063025",0
"ENSRNOG00000061690",10
"ENSRNOG00000017405",1637
"ENSRNOG00000069264",0
"ENSRNOG00000013232",193
"ENSRNOG00000005049",11
"ENSRNOG00000006433",0
"ENSRNOG00000056063",4
"ENSRNOG00000027221",0
"ENSRNOG00000012682",20
"ENSRNOG00000064193",0
"ENSRNOG00000005727",16
"ENSRNOG00000066844",0
"ENSRNOG00000063285",0
"ENSRNOG00000051498",1214
"ENSRNOG00000064353",0
"ENSRNOG00000028708",2
"ENSRNOG00000071108",622
"ENSRNOG00000069830",37
"ENSRNOG00000017447",908
"ENSRNOG00000001578",33
"ENSRNOG00000067612",0
"ENSRNOG00000053144",0
"ENSRNOG00000070822",0
"ENSRNOG00000011202",0
"ENSRNOG00000001577",42
"ENSRNOG00000031834",4
"ENSRNOG00000063547",0
"ENSRNOG00000016708",85
"ENSRNOG00000018406",1291
"ENSRNOG00000067081",0
"ENSRNOG00000028616",0
"ENSRNOG00000063082",0
"ENSRNOG00000070279",6
"ENSRNOG00000026770",2
"ENSRNOG00000067568",0
"ENSRNOG00000068313",0
"ENSRNOG00000016583",1
"ENSRNOG00000064529",0
"ENSRNOG00000053098",0
"ENSRNOG00000036896",0
"ENSRNOG00000062816",0
"ENSRNOG00000007558",0
"ENSRNOG00000062999",0
"ENSRNOG00000024457",0
"ENSRNOG00000054557",632
"ENSRNOG00000036895",0
"ENSRNOG00000011624",24
"ENSRNOG00000064774",0
"ENSRNOG00000019987",794
"ENSRNOG00000063995",0
"ENSRNOG00000019992",3256
"ENSRNOG00000065729",1027
"ENSRNOG00000056853",2264
"ENSRNOG00000061768",5
"ENSRNOG00000024595",1447
"ENSRNOG00000065798",0
"ENSRNOG00000060010",219
"ENSRNOG00000010326",29
"ENSRNOG00000066950",0
"ENSRNOG00000019848",2877
"ENSRNOG00000063125",0
"ENSRNOG00000059919",181
"ENSRNOG00000012651",410
"ENSRNOG00000063947",0
"ENSRNOG00000043258",0
"ENSRNOG00000016288",601
"ENSRNOG00000053332",1
"ENSRNOG00000070748",0
"ENSRNOG00000011798",1852
"ENSRNOG00000064674",0
"ENSRNOG00000016547",1361
"ENSRNOG00000032597",0
"ENSRNOG00000070703",0
"ENSRNOG00000008235",5
"ENSRNOG00000043150",4
"ENSRNOG00000016768",3
"ENSRNOG00000068000",0
"ENSRNOG00000008604",779
"ENSRNOG00000065767",0
"ENSRNOG00000001572",0
"ENSRNOG00000054245",0
"ENSRNOG00000070780",37
"ENSRNOG00000013339",222
"ENSRNOG00000065667",0
"ENSRNOG00000059153",0
"ENSRNOG00000012603",545
"ENSRNOG00000050277",811
"ENSRNOG00000020225",1871
"ENSRNOG00000013657",4
"ENSRNOG00000062899",0
"ENSRNOG00000065812",0
"ENSRNOG00000001597",1522
"ENSRNOG00000064911",0
"ENSRNOG00000064654",0
"ENSRNOG00000053430",0
"ENSRNOG00000014424",0
"ENSRNOG00000064180",0
"ENSRNOG00000062312",0
"ENSRNOG00000008596",12
"ENSRNOG00000068113",0
"ENSRNOG00000019065",4
"ENSRNOG00000015067",1000
"ENSRNOG00000063322",0
"ENSRNOG00000027513",799
"ENSRNOG00000063792",0
"ENSRNOG00000001588",234
"ENSRNOG00000063578",0
"ENSRNOG00000024815",2
"ENSRNOG00000038165",3
"ENSRNOG00000067615",0
"ENSRNOG00000062563",0
"ENSRNOG00000034174",0
"ENSRNOG00000001514",61
"ENSRNOG00000065210",0
"ENSRNOG00000069009",0
"ENSRNOG00000015558",1
"ENSRNOG00000004861",251
"ENSRNOG00000065773",0
"ENSRNOG00000013992",173
"ENSRNOG00000069927",0
"ENSRNOG00000015202",3518
"ENSRNOG00000064935",0
"ENSRNOG00000030212",58
"ENSRNOG00000067933",0
"ENSRNOG00000010275",127
"ENSRNOG00000005609",0
"ENSRNOG00000067390",0
"ENSRNOG00000006112",0
"ENSRNOG00000069529",0
"ENSRNOG00000066625",0
"ENSRNOG00000060449",212
"ENSRNOG00000015637",2
"ENSRNOG00000014235",140
"ENSRNOG00000054497",495
"ENSRNOG00000049336",27
"ENSRNOG00000017939",240
"ENSRNOG00000007341",51
"ENSRNOG00000051420",423
"ENSRNOG00000069601",0
"ENSRNOG00000014592",134
"ENSRNOG00000050123",1
"ENSRNOG00000006654",0
"ENSRNOG00000057245",2
"ENSRNOG00000061249",0
"ENSRNOG00000016062",159
"ENSRNOG00000052405",0
"ENSRNOG00000065177",0
"ENSRNOG00000064679",0
"ENSRNOG00000015359",0
"ENSRNOG00000062804",0
"ENSRNOG00000047874",749
"ENSRNOG00000009354",34
"ENSRNOG00000067869",0
"ENSRNOG00000010894",447
"ENSRNOG00000065868",0
"ENSRNOG00000040284",0
"ENSRNOG00000030476",8160
"ENSRNOG00000050697",2
"ENSRNOG00000042556",322
"ENSRNOG00000001548",7876
"ENSRNOG00000070103",0
"ENSRNOG00000046151",0
"ENSRNOG00000063457",0
"ENSRNOG00000022490",1126
"ENSRNOG00000024846",1079
"ENSRNOG00000016989",455
"ENSRNOG00000007492",10635
"ENSRNOG00000046473",0
"ENSRNOG00000067028",0
"ENSRNOG00000013267",390
"ENSRNOG00000069882",0
"ENSRNOG00000030143",190
"ENSRNOG00000046849",0
"ENSRNOG00000065516",0
"ENSRNOG00000067266",2
"ENSRNOG00000069995",0
"ENSRNOG00000033799",0
"ENSRNOG00000012722",989
"ENSRNOG00000049460",0
"ENSRNOG00000029787",0
"ENSRNOG00000055984",2284
"ENSRNOG00000032102",0
"ENSRNOG00000019340",217
"ENSRNOG00000029627",1768
"ENSRNOG00000028690",5013
"ENSRNOG00000062692",0
"ENSRNOG00000013371",0
"ENSRNOG00000048601",4
"ENSRNOG00000027533",32
"ENSRNOG00000027510",0
"ENSRNOG00000053691",12968
"ENSRNOG00000064291",0
"ENSRNOG00000069831",0
"ENSRNOG00000018288",2174
"ENSRNOG00000068577",9
"ENSRNOG00000046568",38
"ENSRNOG00000069411",15
"ENSRNOG00000005109",0
"ENSRNOG00000029793",0
"ENSRNOG00000064950",214
"ENSRNOG00000005951",102
"ENSRNOG00000065751",0
"ENSRNOG00000067302",62
"ENSRNOG00000007605",2515
"ENSRNOG00000023181",90
"ENSRNOG00000065953",0
"ENSRNOG00000017404",1326
"ENSRNOG00000028492",0
"ENSRNOG00000023090",0
"ENSRNOG00000028543",6930
"ENSRNOG00000017843",582
"ENSRNOG00000067031",0
"ENSRNOG00000016248",1
"ENSRNOG00000029423",1120
"ENSRNOG00000069321",119
"ENSRNOG00000013003",0
"ENSRNOG00000031453",759
"ENSRNOG00000059460",455
"ENSRNOG00000052519",19
"ENSRNOG00000055484",0
"ENSRNOG00000070077",1
"ENSRNOG00000068234",0
"ENSRNOG00000009376",0
"ENSRNOG00000034115",0
"ENSRNOG00000030468",0
"ENSRNOG00000036813",244
"ENSRNOG00000009227",3
"ENSRNOG00000068114",0
"ENSRNOG00000067898",0
"ENSRNOG00000031811",0
"ENSRNOG00000064459",0
"ENSRNOG00000065446",0
"ENSRNOG00000066979",0
"ENSRNOG00000068209",0
"ENSRNOG00000034047",0
"ENSRNOG00000049954",0
"ENSRNOG00000065296",0
"ENSRNOG00000069515",0
"ENSRNOG00000007583",2261
"ENSRNOG00000037837",0
"ENSRNOG00000037834",0
"ENSRNOG00000009693",0
"ENSRNOG00000006395",4
"ENSRNOG00000010052",0
"ENSRNOG00000009526",0
"ENSRNOG00000036934",576
"ENSRNOG00000064583",0
"ENSRNOG00000061609",0
"ENSRNOG00000030662",0
"ENSRNOG00000006236",81
"ENSRNOG00000051828",0
"ENSRNOG00000058567",0
"ENSRNOG00000063901",0
"ENSRNOG00000060260",0
"ENSRNOG00000034031",0
"ENSRNOG00000049901",0
"ENSRNOG00000033994",0
"ENSRNOG00000007827",47
"ENSRNOG00000045634",0
"ENSRNOG00000015794",74
"ENSRNOG00000015393",0
"ENSRNOG00000015696",110
"ENSRNOG00000025238",2
"ENSRNOG00000010417",144
"ENSRNOG00000024437",1410
"ENSRNOG00000024923",64
"ENSRNOG00000063306",0
"ENSRNOG00000012880",555
"ENSRNOG00000010538",1056
"ENSRNOG00000012923",651
"ENSRNOG00000020246",2657
"ENSRNOG00000010625",15
"ENSRNOG00000012956",70
"ENSRNOG00000017086",72
"ENSRNOG00000063087",5997
"ENSRNOG00000069424",0
"ENSRNOG00000066059",0
"ENSRNOG00000063436",0
"ENSRNOG00000070108",0
"ENSRNOG00000069317",0
"ENSRNOG00000069667",0
"ENSRNOG00000062823",0
"ENSRNOG00000068434",0
"ENSRNOG00000005898",0
"ENSRNOG00000063311",0
"ENSRNOG00000021949",0
"ENSRNOG00000021920",0
"ENSRNOG00000071089",0
"ENSRNOG00000010179",0
"ENSRNOG00000069875",0
"ENSRNOG00000021658",0
"ENSRNOG00000068369",0
"ENSRNOG00000014429",962
"ENSRNOG00000014798",1092
"ENSRNOG00000058658",3519
"ENSRNOG00000028215",476
"ENSRNOG00000059846",0
"ENSRNOG00000065166",0
"ENSRNOG00000067074",0
"ENSRNOG00000053266",0
"ENSRNOG00000065851",0
"ENSRNOG00000062725",0
"ENSRNOG00000058802",0
"ENSRNOG00000067376",8
"ENSRNOG00000062330",2
"ENSRNOG00000056867",0
"ENSRNOG00000009155",600
"ENSRNOG00000066442",0
"ENSRNOG00000068132",0
"ENSRNOG00000067253",0
"ENSRNOG00000066113",0
"ENSRNOG00000062921",0
"ENSRNOG00000068952",0
"ENSRNOG00000060254",0
"ENSRNOG00000009397",442
"ENSRNOG00000056350",13
"ENSRNOG00000061517",0
"ENSRNOG00000069001",0
"ENSRNOG00000054178",0
"ENSRNOG00000067931",25
"ENSRNOG00000053758",0
"ENSRNOG00000057896",0
"ENSRNOG00000053318",0
"ENSRNOG00000009723",862
"ENSRNOG00000060304",0
"ENSRNOG00000069333",1
"ENSRNOG00000063509",0
"ENSRNOG00000057181",0
"ENSRNOG00000064895",0
"ENSRNOG00000052528",1
"ENSRNOG00000053730",0
"ENSRNOG00000057217",0
"ENSRNOG00000058017",0
"ENSRNOG00000061392",0
"ENSRNOG00000008467",0
"ENSRNOG00000065636",1
"ENSRNOG00000058635",1
"ENSRNOG00000060700",0
"ENSRNOG00000055165",0
"ENSRNOG00000064572",0
"ENSRNOG00000070539",0
"ENSRNOG00000065355",0
"ENSRNOG00000057737",4
"ENSRNOG00000061689",0
"ENSRNOG00000053257",0
"ENSRNOG00000051919",0
"ENSRNOG00000063274",0
"ENSRNOG00000056775",0
"ENSRNOG00000059287",0
"ENSRNOG00000056709",0
"ENSRNOG00000062752",0
"ENSRNOG00000054556",0
"ENSRNOG00000058974",0
"ENSRNOG00000069316",0
"ENSRNOG00000064743",26581
"ENSRNOG00000069960",26
"ENSRNOG00000062337",532041
"ENSRNOG00000064311",0
"ENSRNOG00000070537",0
"ENSRNOG00000015285",234
"ENSRNOG00000064600",3
"ENSRNOG00000053739",0
"ENSRNOG00000071124",0
"ENSRNOG00000051556",0
"ENSRNOG00000055988",0
"ENSRNOG00000052329",0
"ENSRNOG00000070840",0
"ENSRNOG00000051794",0
"ENSRNOG00000065344",0
"ENSRNOG00000061411",0
"ENSRNOG00000070340",0
"ENSRNOG00000070766",1
"ENSRNOG00000054047",0
"ENSRNOG00000056813",0
"ENSRNOG00000063896",0
"ENSRNOG00000054708",0
"ENSRNOG00000064326",0
"ENSRNOG00000060698",0
"ENSRNOG00000053336",0
"ENSRNOG00000059523",0
"ENSRNOG00000065124",0
"ENSRNOG00000053475",0
"ENSRNOG00000052086",0
"ENSRNOG00000062753",0
"ENSRNOG00000066102",0
"ENSRNOG00000059174",0
"ENSRNOG00000069379",0
"ENSRNOG00000065949",0
"ENSRNOG00000058281",0
"ENSRNOG00000066419",0
"ENSRNOG00000056973",10
"ENSRNOG00000065896",0
"ENSRNOG00000058689",0
"ENSRNOG00000053480",0
"ENSRNOG00000058037",0
"ENSRNOG00000053815",0
"ENSRNOG00000053851",0
"ENSRNOG00000056125",0
"ENSRNOG00000065708",0
"ENSRNOG00000068166",0
"ENSRNOG00000071177",0
"ENSRNOG00000057105",0
"ENSRNOG00000059003",0
"ENSRNOG00000006669",0
"ENSRNOG00000051675",0
"ENSRNOG00000065635",0
"ENSRNOG00000054461",1
"ENSRNOG00000052295",0
"ENSRNOG00000067981",2
"ENSRNOG00000006706",0
"ENSRNOG00000067405",1
"ENSRNOG00000070841",3
"ENSRNOG00000069917",3
"ENSRNOG00000006716",0
"ENSRNOG00000051785",0
"ENSRNOG00000060319",0
"ENSRNOG00000047981",0
"ENSRNOG00000069972",0
"ENSRNOG00000043148",0
"ENSRNOG00000016067",2320
"ENSRNOG00000016325",3
"ENSRNOG00000062667",0
"ENSRNOG00000005413",2060
"ENSRNOG00000007732",610
"ENSRNOG00000008674",62
"ENSRNOG00000068495",0
"ENSRNOG00000065980",0
"ENSRNOG00000068843",0
"ENSRNOG00000000047",1680
"ENSRNOG00000008000",0
"ENSRNOG00000017422",745
"ENSRNOG00000017737",704
"ENSRNOG00000010495",1031
"ENSRNOG00000034025",544
"ENSRNOG00000007241",1146
"ENSRNOG00000007989",4
"ENSRNOG00000069579",0
"ENSRNOG00000029798",0
"ENSRNOG00000000008",1
"ENSRNOG00000008944",3944
"ENSRNOG00000070512",0
"ENSRNOG00000066316",0
"ENSRNOG00000009689",1938
"ENSRNOG00000017556",3
"ENSRNOG00000017560",1
"ENSRNOG00000037567",153
"ENSRNOG00000004623",1
"ENSRNOG00000006353",9
"ENSRNOG00000006539",254
"ENSRNOG00000006884",0
"ENSRNOG00000058478",629
"ENSRNOG00000010379",2109
"ENSRNOG00000007478",904
"ENSRNOG00000011208",27
"ENSRNOG00000011414",2413
"ENSRNOG00000031275",82
"ENSRNOG00000011981",1059
"ENSRNOG00000004639",280
"ENSRNOG00000021678",627
"ENSRNOG00000005191",1141
"ENSRNOG00000009630",2289
"ENSRNOG00000004666",61
"ENSRNOG00000036864",6
"ENSRNOG00000009199",260
"ENSRNOG00000068949",39
"ENSRNOG00000049208",8
"ENSRNOG00000042533",2
"ENSRNOG00000069924",0
"ENSRNOG00000070459",339
"ENSRNOG00000016037",1
"ENSRNOG00000048701",2241
"ENSRNOG00000016610",5658
"ENSRNOG00000050529",187
"ENSRNOG00000064257",2
"ENSRNOG00000025067",71
"ENSRNOG00000016984",2285
"ENSRNOG00000004451",0
"ENSRNOG00000068305",1177
"ENSRNOG00000005348",37
"ENSRNOG00000053869",0
"ENSRNOG00000010312",0
"ENSRNOG00000064332",0
"ENSRNOG00000007484",1
"ENSRNOG00000067719",2
"ENSRNOG00000067055",3
"ENSRNOG00000063773",4
"ENSRNOG00000069165",0
"ENSRNOG00000062319",4
"ENSRNOG00000010963",0
"ENSRNOG00000069090",5
"ENSRNOG00000066343",4
"ENSRNOG00000067023",3
"ENSRNOG00000065376",4
"ENSRNOG00000069349",0
"ENSRNOG00000058055",0
"ENSRNOG00000066007",0
"ENSRNOG00000068825",360
"ENSRNOG00000069700",18
"ENSRNOG00000063761",23
"ENSRNOG00000006063",1430
"ENSRNOG00000067544",0
"ENSRNOG00000067396",0
"ENSRNOG00000070205",0
"ENSRNOG00000067522",0
"ENSRNOG00000070744",0
"ENSRNOG00000065622",0
"ENSRNOG00000066142",0
"ENSRNOG00000065744",61
"ENSRNOG00000064637",0
"ENSRNOG00000063318",0
"ENSRNOG00000066238",0
"ENSRNOG00000067765",0
"ENSRNOG00000067455",0
"ENSRNOG00000062687",0
"ENSRNOG00000052005",0
"ENSRNOG00000067731",1
"ENSRNOG00000064969",5
"ENSRNOG00000070210",27
"ENSRNOG00000068169",0
"ENSRNOG00000067380",0
"ENSRNOG00000067089",402
"ENSRNOG00000070157",1
"ENSRNOG00000064136",5270
"ENSRNOG00000009401",1
"ENSRNOG00000064341",25
"ENSRNOG00000026636",0
"ENSRNOG00000062648",53
"ENSRNOG00000069159",13
"ENSRNOG00000008510",307
"ENSRNOG00000066737",4
"ENSRNOG00000068911",0
"ENSRNOG00000069378",2
"ENSRNOG00000069611",4
"ENSRNOG00000069146",2
"ENSRNOG00000065046",26
"ENSRNOG00000068078",14
"ENSRNOG00000068246",2
"ENSRNOG00000011358",2011
"ENSRNOG00000065681",0
"ENSRNOG00000063367",0
"ENSRNOG00000070813",0
"ENSRNOG00000061836",0
"ENSRNOG00000068032",0
"ENSRNOG00000063540",21
"ENSRNOG00000067112",1
"ENSRNOG00000066122",3
"ENSRNOG00000070761",0
"ENSRNOG00000067412",0
"ENSRNOG00000064915",209
"ENSRNOG00000063568",4
"ENSRNOG00000067896",0
"ENSRNOG00000070221",0
"ENSRNOG00000070795",0
"ENSRNOG00000062964",0
"ENSRNOG00000065897",356
"ENSRNOG00000052827",10
"ENSRNOG00000064762",113
"ENSRNOG00000065163",481
"ENSRNOG00000063354",0
"ENSRNOG00000068686",46
"ENSRNOG00000069326",1
"ENSRNOG00000068224",34
"ENSRNOG00000054061",0
"ENSRNOG00000070815",0
"ENSRNOG00000064472",1
"ENSRNOG00000070490",131
"ENSRNOG00000062511",0
"ENSRNOG00000068942",1
"ENSRNOG00000063325",2
"ENSRNOG00000062704",0
"ENSRNOG00000066285",3
"ENSRNOG00000070057",0
"ENSRNOG00000066525",1
"ENSRNOG00000067868",0
"ENSRNOG00000062925",5
"ENSRNOG00000063654",0
"ENSRNOG00000069787",178
"ENSRNOG00000068062",0
"ENSRNOG00000070411",10
"ENSRNOG00000064076",3
"ENSRNOG00000067710",17
"ENSRNOG00000053452",5
"ENSRNOG00000070254",0
"ENSRNOG00000063086",0
"ENSRNOG00000065083",0
"ENSRNOG00000068479",1
"ENSRNOG00000070295",0
"ENSRNOG00000064363",0
"ENSRNOG00000064963",0
"ENSRNOG00000070955",0
"ENSRNOG00000063662",0
"ENSRNOG00000070379",0
"ENSRNOG00000069367",5
"ENSRNOG00000064955",478
"ENSRNOG00000062419",3
"ENSRNOG00000065584",1
"ENSRNOG00000062501",0
"ENSRNOG00000063222",0
"ENSRNOG00000064512",7
"ENSRNOG00000063566",0
"ENSRNOG00000067277",0
"ENSRNOG00000068851",0
"ENSRNOG00000069642",2
"ENSRNOG00000066196",1
"ENSRNOG00000068429",0
"ENSRNOG00000069049",8
"ENSRNOG00000066025",2
"ENSRNOG00000069437",21
"ENSRNOG00000070640",0
"ENSRNOG00000070962",0
"ENSRNOG00000067626",0
"ENSRNOG00000070503",166
"ENSRNOG00000067060",5
"ENSRNOG00000050251",0
"ENSRNOG00000037160",47
"ENSRNOG00000069505",0
"ENSRNOG00000064610",2
"ENSRNOG00000065609",0
"ENSRNOG00000058578",0
"ENSRNOG00000064265",0
"ENSRNOG00000067465",6
"ENSRNOG00000070243",0
"ENSRNOG00000064821",6
"ENSRNOG00000062653",155
"ENSRNOG00000063658",1
"ENSRNOG00000066318",19
"ENSRNOG00000065212",1
"ENSRNOG00000068360",3
"ENSRNOG00000069833",0
"ENSRNOG00000070304",5
"ENSRNOG00000069580",1
"ENSRNOG00000070087",3
"ENSRNOG00000065411",932
"ENSRNOG00000067542",665
"ENSRNOG00000067833",3
"ENSRNOG00000070310",0
"ENSRNOG00000067192",176
"ENSRNOG00000069506",2
"ENSRNOG00000069954",0
"ENSRNOG00000070276",0
"ENSRNOG00000070155",2
"ENSRNOG00000071014",1
"ENSRNOG00000064629",0
"ENSRNOG00000064961",6428
"ENSRNOG00000064726",0
"ENSRNOG00000070322",0
"ENSRNOG00000068358",3
"ENSRNOG00000066754",16
"ENSRNOG00000063293",5
"ENSRNOG00000008845",0
"ENSRNOG00000056754",0
"ENSRNOG00000052433",0
"ENSRNOG00000069926",0
"ENSRNOG00000063989",0
"ENSRNOG00000067270",0
"ENSRNOG00000065838",5
"ENSRNOG00000064539",406
"ENSRNOG00000067187",213
"ENSRNOG00000063496",904
"ENSRNOG00000065916",3
"ENSRNOG00000066884",68
"ENSRNOG00000063689",4
"ENSRNOG00000065658",15
"ENSRNOG00000064296",0
"ENSRNOG00000063485",1
"ENSRNOG00000068542",1
"ENSRNOG00000063969",9
"ENSRNOG00000065889",0
"ENSRNOG00000067579",23
"ENSRNOG00000060921",0
"ENSRNOG00000062592",5
"ENSRNOG00000068361",0
"ENSRNOG00000060690",0
"ENSRNOG00000007189",5
"ENSRNOG00000010162",0
"ENSRNOG00000010169",381
"ENSRNOG00000043513",0
"ENSRNOG00000069046",0
"ENSRNOG00000062580",0
"ENSRNOG00000055704",0
"ENSRNOG00000059478",1
"ENSRNOG00000061098",0
"ENSRNOG00000063504",1
"ENSRNOG00000059967",0
"ENSRNOG00000061554",0
"ENSRNOG00000066362",0
"ENSRNOG00000070286",0
"ENSRNOG00000053078",0
"ENSRNOG00000030938",0
"ENSRNOG00000065607",2
"ENSRNOG00000061536",0
"ENSRNOG00000053163",3
"ENSRNOG00000061662",0
"ENSRNOG00000065760",2
"ENSRNOG00000061673",0
"ENSRNOG00000053219",1
"ENSRNOG00000058210",3
"ENSRNOG00000056999",0
"ENSRNOG00000058179",0
"ENSRNOG00000051842",0
"ENSRNOG00000054998",5
"ENSRNOG00000056882",0
"ENSRNOG00000053809",0
"ENSRNOG00000067577",0
"ENSRNOG00000060664",0
"ENSRNOG00000051511",0
"ENSRNOG00000057428",2
"ENSRNOG00000067580",6
"ENSRNOG00000067776",0
"ENSRNOG00000061368",0
"ENSRNOG00000013255",554
"ENSRNOG00000060425",0
"ENSRNOG00000055493",0
"ENSRNOG00000028841",0
"ENSRNOG00000070317",0
"ENSRNOG00000055928",0
"ENSRNOG00000066976",1
"ENSRNOG00000065002",0
"ENSRNOG00000067914",0
"ENSRNOG00000009983",1199
"ENSRNOG00000040424",0
"ENSRNOG00000063875",0
"ENSRNOG00000051524",1
"ENSRNOG00000049006",0
"ENSRNOG00000064797",0
"ENSRNOG00000041219",0
"ENSRNOG00000009138",0
"ENSRNOG00000070223",0
"ENSRNOG00000035508",0
"ENSRNOG00000064967",0
"ENSRNOG00000045994",0
"ENSRNOG00000060316",0
"ENSRNOG00000055618",0
"ENSRNOG00000035512",0
"ENSRNOG00000056677",0
"ENSRNOG00000010241",103
"ENSRNOG00000035640",0
"ENSRNOG00000054684",0
"ENSRNOG00000036266",0
"ENSRNOG00000064979",0
"ENSRNOG00000052476",0
"ENSRNOG00000035596",0
"ENSRNOG00000058642",1
"ENSRNOG00000044314",0
"ENSRNOG00000013085",0
"ENSRNOG00000054528",0
"ENSRNOG00000041320",0
"ENSRNOG00000059917",1
"ENSRNOG00000048754",0
"ENSRNOG00000069225",1
"ENSRNOG00000006926",1
"ENSRNOG00000055018",0
"ENSRNOG00000035595",0
"ENSRNOG00000052786",0
"ENSRNOG00000046923",0
"ENSRNOG00000068752",0
"ENSRNOG00000068070",0
"ENSRNOG00000035650",0
"ENSRNOG00000056403",0
"ENSRNOG00000059914",0
"ENSRNOG00000035623",0
"ENSRNOG00000067103",0
"ENSRNOG00000054422",0
"ENSRNOG00000041305",0
"ENSRNOG00000066353",0
"ENSRNOG00000035567",0
"ENSRNOG00000061149",0
"ENSRNOG00000046115",0
"ENSRNOG00000061771",0
"ENSRNOG00000051720",636
"ENSRNOG00000053189",0
"ENSRNOG00000035606",20
"ENSRNOG00000008025",4
"ENSRNOG00000057640",0
"ENSRNOG00000035599",3
"ENSRNOG00000067716",0
"ENSRNOG00000060236",0
"ENSRNOG00000007675",71
"ENSRNOG00000063328",0
"ENSRNOG00000068470",0
"ENSRNOG00000007229",11
"ENSRNOG00000052195",1
"ENSRNOG00000064286",0
"ENSRNOG00000054051",0
"ENSRNOG00000053278",2
"ENSRNOG00000060871",0
"ENSRNOG00000012879",134
"ENSRNOG00000051940",0
"ENSRNOG00000060522",0
"ENSRNOG00000067562",0
"ENSRNOG00000054365",0
"ENSRNOG00000025145",55
"ENSRNOG00000049425",0
"ENSRNOG00000064116",0
"ENSRNOG00000052446",0
"ENSRNOG00000063781",123
"ENSRNOG00000060467",0
"ENSRNOG00000061397",1
"ENSRNOG00000068199",0
"ENSRNOG00000070443",0
"ENSRNOG00000064250",0
"ENSRNOG00000012266",243
"ENSRNOG00000006328",619
"ENSRNOG00000070552",2
"ENSRNOG00000025051",0
"ENSRNOG00000061361",4
"ENSRNOG00000067578",0
"ENSRNOG00000070652",0
"ENSRNOG00000071090",0
"ENSRNOG00000008161",0
"ENSRNOG00000060295",0
"ENSRNOG00000057993",0
"ENSRNOG00000056153",46
"ENSRNOG00000063748",0
"ENSRNOG00000054324",0
"ENSRNOG00000010531",2
"ENSRNOG00000059280",0
"ENSRNOG00000063402",0
"ENSRNOG00000068750",0
"ENSRNOG00000055378",0
"ENSRNOG00000059686",0
"ENSRNOG00000016183",320
"ENSRNOG00000065603",409
"ENSRNOG00000055936",595
"ENSRNOG00000064382",1
"ENSRNOG00000059798",0
"ENSRNOG00000066864",5
"ENSRNOG00000070292",2
"ENSRNOG00000008382",279
"ENSRNOG00000068236",0
"ENSRNOG00000062709",47
"ENSRNOG00000065785",0
"ENSRNOG00000063873",0
"ENSRNOG00000069586",0
"ENSRNOG00000065329",0
"ENSRNOG00000057838",0
"ENSRNOG00000067608",0
"ENSRNOG00000070149",0
"ENSRNOG00000063551",18
"ENSRNOG00000068006",0
"ENSRNOG00000056039",0
"ENSRNOG00000010381",973
"ENSRNOG00000068519",4
"ENSRNOG00000054425",0
"ENSRNOG00000007683",0
"ENSRNOG00000025040",0
"ENSRNOG00000060535",0
"ENSRNOG00000066962",0
"ENSRNOG00000066924",0
"ENSRNOG00000060848",0
"ENSRNOG00000065088",3
"ENSRNOG00000008516",3249
"ENSRNOG00000006110",28
"ENSRNOG00000053973",0
"ENSRNOG00000069758",23
"ENSRNOG00000011804",1345
"ENSRNOG00000061024",6
"ENSRNOG00000066522",0
"ENSRNOG00000062403",0
"ENSRNOG00000055005",0
"ENSRNOG00000006681",57
"ENSRNOG00000070528",0
"ENSRNOG00000066444",24
"ENSRNOG00000064139",0
"ENSRNOG00000033165",0
"ENSRNOG00000059832",0
"ENSRNOG00000063319",35
"ENSRNOG00000007719",953
"ENSRNOG00000066993",0
"ENSRNOG00000007770",0
"ENSRNOG00000047310",0
"ENSRNOG00000068991",203
"ENSRNOG00000068451",0
"ENSRNOG00000066278",0
"ENSRNOG00000065788",0
"ENSRNOG00000063510",8
"ENSRNOG00000028991",19
"ENSRNOG00000063594",119
"ENSRNOG00000007759",13
"ENSRNOG00000068735",0
"ENSRNOG00000068879",1
"ENSRNOG00000018143",17
"ENSRNOG00000063580",0
"ENSRNOG00000066487",0
"ENSRNOG00000056532",268
"ENSRNOG00000028185",284
"ENSRNOG00000066671",7
"ENSRNOG00000068591",0
"ENSRNOG00000008600",15
"ENSRNOG00000069281",5
"ENSRNOG00000063479",0
"ENSRNOG00000066255",0
"ENSRNOG00000066634",1
"ENSRNOG00000067801",0
"ENSRNOG00000064000",0
"ENSRNOG00000007354",0
"ENSRNOG00000069384",2023
"ENSRNOG00000062975",0
"ENSRNOG00000009505",4
"ENSRNOG00000068880",2
"ENSRNOG00000067935",0
"ENSRNOG00000008688",296
"ENSRNOG00000068456",0
"ENSRNOG00000066045",0
"ENSRNOG00000065403",0
"ENSRNOG00000066878",0
"ENSRNOG00000069665",9
"ENSRNOG00000010910",239
"ENSRNOG00000069166",0
"ENSRNOG00000070508",0
"ENSRNOG00000062393",0
"ENSRNOG00000065940",0
"ENSRNOG00000063543",0
"ENSRNOG00000055591",0
"ENSRNOG00000008782",713
"ENSRNOG00000064374",0
"ENSRNOG00000069409",0
"ENSRNOG00000065324",0
"ENSRNOG00000008936",330
"ENSRNOG00000069541",13
"ENSRNOG00000032078",0
"ENSRNOG00000063242",0
"ENSRNOG00000063258",0
"ENSRNOG00000066220",56
"ENSRNOG00000046607",19
"ENSRNOG00000007258",9
"ENSRNOG00000066184",32
"ENSRNOG00000047686",0
"ENSRNOG00000063439",29
"ENSRNOG00000000121",351
"ENSRNOG00000034246",8550
"ENSRNOG00000032889",0
"ENSRNOG00000007441",1
"ENSRNOG00000054734",0
"ENSRNOG00000067062",0
"ENSRNOG00000029310",5
"ENSRNOG00000071125",0
"ENSRNOG00000067032",0
"ENSRNOG00000066117",5641
"ENSRNOG00000063856",9
"ENSRNOG00000017773",1
"ENSRNOG00000066395",0
"ENSRNOG00000008564",610
"ENSRNOG00000031506",6261
"ENSRNOG00000065404",7
"ENSRNOG00000007680",0
"ENSRNOG00000037680",0
"ENSRNOG00000070659",0
"ENSRNOG00000070457",4039
"ENSRNOG00000069843",1
"ENSRNOG00000049874",0
"ENSRNOG00000068341",7
"ENSRNOG00000008626",1111
"ENSRNOG00000063257",0
"ENSRNOG00000049922",0
"ENSRNOG00000071094",0
"ENSRNOG00000067091",0
"ENSRNOG00000063071",0
"ENSRNOG00000060478",601
"ENSRNOG00000071192",0
"ENSRNOG00000046922",1084
"ENSRNOG00000008842",0
"ENSRNOG00000068391",795
"ENSRNOG00000071031",0
"ENSRNOG00000007831",538
"ENSRNOG00000062662",3
"ENSRNOG00000042458",213
"ENSRNOG00000071088",18
"ENSRNOG00000012038",0
"ENSRNOG00000063943",0
"ENSRNOG00000064932",0
"ENSRNOG00000043113",2
"ENSRNOG00000064700",0
"ENSRNOG00000064894",0
"ENSRNOG00000070717",1
"ENSRNOG00000012219",428
"ENSRNOG00000045949",7
"ENSRNOG00000062536",0
"ENSRNOG00000065776",44
"ENSRNOG00000017244",0
"ENSRNOG00000005641",272
"ENSRNOG00000071131",6009
"ENSRNOG00000065587",220
"ENSRNOG00000071148",10734
"ENSRNOG00000069669",0
"ENSRNOG00000068731",0
"ENSRNOG00000010835",0
"ENSRNOG00000051047",28
"ENSRNOG00000070278",1
"ENSRNOG00000021792",0
"ENSRNOG00000063719",0
"ENSRNOG00000033916",2555
"ENSRNOG00000007506",266
"ENSRNOG00000064157",0
"ENSRNOG00000012586",0
"ENSRNOG00000027694",9685
"ENSRNOG00000065568",9
"ENSRNOG00000042411",180
"ENSRNOG00000069740",15
"ENSRNOG00000006487",340
"ENSRNOG00000036856",5
"ENSRNOG00000042163",798
"ENSRNOG00000064108",5
"ENSRNOG00000007238",4483
"ENSRNOG00000019979",153
"ENSRNOG00000063187",746
"ENSRNOG00000062174",23
"ENSRNOG00000065116",0
"ENSRNOG00000007291",91
"ENSRNOG00000018463",1
"ENSRNOG00000063833",0
"ENSRNOG00000068683",0
"ENSRNOG00000063501",0
"ENSRNOG00000007030",11
"ENSRNOG00000070287",0
"ENSRNOG00000018484",215
"ENSRNOG00000065369",1
"ENSRNOG00000063569",0
"ENSRNOG00000070716",0
"ENSRNOG00000068829",0
"ENSRNOG00000067678",4
"ENSRNOG00000012020",90
"ENSRNOG00000069266",15
"ENSRNOG00000007540",0
"ENSRNOG00000062968",910
"ENSRNOG00000007331",447
"ENSRNOG00000062715",1
"ENSRNOG00000065287",1
"ENSRNOG00000046192",11
"ENSRNOG00000048439",567
"ENSRNOG00000069724",3
"ENSRNOG00000009451",356
"ENSRNOG00000064153",4
"ENSRNOG00000064042",1
"ENSRNOG00000007434",3625
"ENSRNOG00000066906",10
"ENSRNOG00000063477",58
"ENSRNOG00000007590",475
"ENSRNOG00000063488",0
"ENSRNOG00000066697",2
"ENSRNOG00000064176",188
"ENSRNOG00000068084",5
"ENSRNOG00000012550",3607
"ENSRNOG00000069958",0
"ENSRNOG00000058154",0
"ENSRNOG00000070888",0
"ENSRNOG00000064753",0
"ENSRNOG00000070541",0
"ENSRNOG00000070598",0
"ENSRNOG00000067358",43
"ENSRNOG00000032585",2413
"ENSRNOG00000011254",1324
"ENSRNOG00000008841",64
"ENSRNOG00000065972",11
"ENSRNOG00000005724",1244
"ENSRNOG00000064544",0
"ENSRNOG00000064551",2
"ENSRNOG00000007975",1355
"ENSRNOG00000067611",0
"ENSRNOG00000062955",0
"ENSRNOG00000067704",0
"ENSRNOG00000052948",38
"ENSRNOG00000067333",1
"ENSRNOG00000013642",2231
"ENSRNOG00000064319",0
"ENSRNOG00000070584",1
"ENSRNOG00000011445",411
"ENSRNOG00000067238",1
"ENSRNOG00000068530",3
"ENSRNOG00000065945",3
"ENSRNOG00000059973",0
"ENSRNOG00000066780",0
"ENSRNOG00000065288",577
"ENSRNOG00000069893",282
"ENSRNOG00000066276",1
"ENSRNOG00000040289",0
"ENSRNOG00000007755",3
"ENSRNOG00000013148",24
"ENSRNOG00000062404",453
"ENSRNOG00000068376",0
"ENSRNOG00000007797",202
"ENSRNOG00000069984",4
"ENSRNOG00000068659",0
"ENSRNOG00000064858",0
"ENSRNOG00000023101",227
"ENSRNOG00000071116",0
"ENSRNOG00000068170",0
"ENSRNOG00000070502",6
"ENSRNOG00000071155",1
"ENSRNOG00000067292",0
"ENSRNOG00000008634",509
"ENSRNOG00000065105",0
"ENSRNOG00000070783",34
"ENSRNOG00000067855",14
"ENSRNOG00000063712",0
"ENSRNOG00000067636",0
"ENSRNOG00000047513",671
"ENSRNOG00000064562",75
"ENSRNOG00000062079",6
"ENSRNOG00000071173",2
"ENSRNOG00000060450",0
"ENSRNOG00000008966",6
"ENSRNOG00000064724",0
"ENSRNOG00000068740",0
"ENSRNOG00000067820",0
"ENSRNOG00000065982",1
"ENSRNOG00000059476",0
"ENSRNOG00000067531",0
"ENSRNOG00000027183",386
"ENSRNOG00000064331",27
"ENSRNOG00000006996",179
"ENSRNOG00000066491",21
"ENSRNOG00000043105",725
"ENSRNOG00000063463",0
"ENSRNOG00000007829",685
"ENSRNOG00000065799",80
"ENSRNOG00000068430",0
"ENSRNOG00000057956",0
"ENSRNOG00000057229",0
"ENSRNOG00000051643",0
"ENSRNOG00000007110",139
"ENSRNOG00000007892",4312
"ENSRNOG00000010037",923
"ENSRNOG00000007793",1178
"ENSRNOG00000009478",194
"ENSRNOG00000023601",0
"ENSRNOG00000009037",1785
"ENSRNOG00000067966",148
"ENSRNOG00000007867",345
"ENSRNOG00000006608",468
"ENSRNOG00000031730",374
"ENSRNOG00000006478",1
"ENSRNOG00000007240",134
"ENSRNOG00000009269",0
"ENSRNOG00000007640",0
"ENSRNOG00000040219",0
"ENSRNOG00000066186",383
"ENSRNOG00000069967",612
"ENSRNOG00000008567",2
"ENSRNOG00000069142",0
"ENSRNOG00000033979",4099
"ENSRNOG00000005634",0
"ENSRNOG00000069549",1020
"ENSRNOG00000071120",0
"ENSRNOG00000069171",0
"ENSRNOG00000009178",0
"ENSRNOG00000063836",0
"ENSRNOG00000023035",127
"ENSRNOG00000064371",0
"ENSRNOG00000049469",0
"ENSRNOG00000069296",0
"ENSRNOG00000067156",0
"ENSRNOG00000063545",5
"ENSRNOG00000006170",19
"ENSRNOG00000031494",0
"ENSRNOG00000048698",3161
"ENSRNOG00000070664",44
"ENSRNOG00000039336",219
"ENSRNOG00000070326",99
"ENSRNOG00000031031",744
"ENSRNOG00000070923",24
"ENSRNOG00000068697",0
"ENSRNOG00000014831",1
"ENSRNOG00000019186",262
"ENSRNOG00000009061",0
"ENSRNOG00000013579",7016
"ENSRNOG00000051615",1885
"ENSRNOG00000023497",0
"ENSRNOG00000063372",0
"ENSRNOG00000007490",11
"ENSRNOG00000067730",0
"ENSRNOG00000018160",3
"ENSRNOG00000005666",0
"ENSRNOG00000065946",76
"ENSRNOG00000054142",0
"ENSRNOG00000029600",2
"ENSRNOG00000008232",0
"ENSRNOG00000034161",9
"ENSRNOG00000018211",326
"ENSRNOG00000063835",4
"ENSRNOG00000042246",0
"ENSRNOG00000016621",1
"ENSRNOG00000017640",1225
"ENSRNOG00000009453",117
"ENSRNOG00000062493",0
"ENSRNOG00000014899",5
"ENSRNOG00000022990",0
"ENSRNOG00000016727",4559
"ENSRNOG00000047928",413
"ENSRNOG00000030383",32
"ENSRNOG00000031344",0
"ENSRNOG00000030914",3
"ENSRNOG00000005849",1846
"ENSRNOG00000022595",0
"ENSRNOG00000033024",13842
"ENSRNOG00000063583",0
"ENSRNOG00000017194",2660
"ENSRNOG00000006268",0
"ENSRNOG00000063201",0
"ENSRNOG00000014665",958
"ENSRNOG00000068703",0
"ENSRNOG00000006384",577
"ENSRNOG00000069770",0
"ENSRNOG00000019484",1386
"ENSRNOG00000064351",0
"ENSRNOG00000050804",0
"ENSRNOG00000016491",0
"ENSRNOG00000063625",0
"ENSRNOG00000063142",15
"ENSRNOG00000066857",0
"ENSRNOG00000033600",0
"ENSRNOG00000065583",0
"ENSRNOG00000019586",2
"ENSRNOG00000008223",0
"ENSRNOG00000066328",31
"ENSRNOG00000050106",103
"ENSRNOG00000024197",287
"ENSRNOG00000017233",189
"ENSRNOG00000064831",139
"ENSRNOG00000070321",0
"ENSRNOG00000019609",429
"ENSRNOG00000065328",0
"ENSRNOG00000026293",2007
"ENSRNOG00000055933",0
"ENSRNOG00000006485",741
"ENSRNOG00000032516",103
"ENSRNOG00000059550",346
"ENSRNOG00000056007",0
"ENSRNOG00000069822",782
"ENSRNOG00000030107",9517
"ENSRNOG00000022953",27
"ENSRNOG00000063150",140
"ENSRNOG00000024539",2151
"ENSRNOG00000064901",148
"ENSRNOG00000026234",0
"ENSRNOG00000022838",189
"ENSRNOG00000059461",2484
"ENSRNOG00000019655",822
"ENSRNOG00000008252",6
"ENSRNOG00000016776",54
"ENSRNOG00000017282",81
"ENSRNOG00000008277",1084
"ENSRNOG00000009805",1755
"ENSRNOG00000008672",524
"ENSRNOG00000018229",4
"ENSRNOG00000067271",1
"ENSRNOG00000026676",0
"ENSRNOG00000017561",170
"ENSRNOG00000031013",0
"ENSRNOG00000010727",2789
"ENSRNOG00000022030",22
"ENSRNOG00000045913",521
"ENSRNOG00000016937",1805
"ENSRNOG00000017887",90
"ENSRNOG00000017078",9686
"ENSRNOG00000025034",462
"ENSRNOG00000067890",25
"ENSRNOG00000052368",0
"ENSRNOG00000057957",10
"ENSRNOG00000046803",1
"ENSRNOG00000019381",1031
"ENSRNOG00000009015",1581
"ENSRNOG00000069459",0
"ENSRNOG00000015403",0
"ENSRNOG00000064482",1
"ENSRNOG00000019407",173
"ENSRNOG00000009595",129
"ENSRNOG00000016312",0
"ENSRNOG00000029079",699
"ENSRNOG00000023320",2
"ENSRNOG00000017523",315
"ENSRNOG00000062581",0
"ENSRNOG00000033984",443
"ENSRNOG00000019842",51
"ENSRNOG00000007982",1211
"ENSRNOG00000063399",0
"ENSRNOG00000023452",2
"ENSRNOG00000030641",5
"ENSRNOG00000056156",642
"ENSRNOG00000019735",118
"ENSRNOG00000052087",2053
"ENSRNOG00000069856",3790
"ENSRNOG00000018602",54
"ENSRNOG00000037027",0
"ENSRNOG00000019100",150
"ENSRNOG00000016810",510
"ENSRNOG00000068711",2
"ENSRNOG00000007029",1601
"ENSRNOG00000009422",209
"ENSRNOG00000014961",560
"ENSRNOG00000007775",2898
"ENSRNOG00000024796",405
"ENSRNOG00000032994",2
"ENSRNOG00000037030",0
"ENSRNOG00000018749",0
"ENSRNOG00000024012",151
"ENSRNOG00000007671",439
"ENSRNOG00000033000",0
"ENSRNOG00000019236",345
"ENSRNOG00000014270",1894
"ENSRNOG00000015736",6
"ENSRNOG00000039559",426
"ENSRNOG00000056358",1
"ENSRNOG00000019843",336
"ENSRNOG00000066331",3
"ENSRNOG00000055061",7
"ENSRNOG00000026124",3496
"ENSRNOG00000023208",465
"ENSRNOG00000025030",260
"ENSRNOG00000060597",450
"ENSRNOG00000062943",185
"ENSRNOG00000012004",679
"ENSRNOG00000026260",7399
"ENSRNOG00000014642",25
"ENSRNOG00000027278",199
"ENSRNOG00000019956",1471
"ENSRNOG00000014970",4
"ENSRNOG00000016543",373
"ENSRNOG00000063317",1
"ENSRNOG00000012735",32
"ENSRNOG00000017087",454
"ENSRNOG00000034290",0
"ENSRNOG00000005655",24
"ENSRNOG00000007232",0
"ENSRNOG00000070725",1832
"ENSRNOG00000015476",38
"ENSRNOG00000000129",28
"ENSRNOG00000025000",606
"ENSRNOG00000007603",2
"ENSRNOG00000015967",2280
"ENSRNOG00000005703",1093
"ENSRNOG00000037191",1
"ENSRNOG00000013734",0
"ENSRNOG00000043300",0
"ENSRNOG00000008288",836
"ENSRNOG00000009260",0
"ENSRNOG00000023455",1321
"ENSRNOG00000023627",2
"ENSRNOG00000009325",2013
"ENSRNOG00000008314",389
"ENSRNOG00000017130",3
"ENSRNOG00000013820",1
"ENSRNOG00000029427",12
"ENSRNOG00000066284",0
"ENSRNOG00000022402",946
"ENSRNOG00000008643",128
"ENSRNOG00000006924",0
"ENSRNOG00000016536",88
"ENSRNOG00000021718",487
"ENSRNOG00000050636",511
"ENSRNOG00000007037",2
"ENSRNOG00000007992",1332
"ENSRNOG00000010270",1
"ENSRNOG00000027731",0
"ENSRNOG00000008908",444
"ENSRNOG00000016647",0
"ENSRNOG00000045760",582
"ENSRNOG00000016798",0
"ENSRNOG00000022372",1134
"ENSRNOG00000000145",411
"ENSRNOG00000010409",594
"ENSRNOG00000070268",455
"ENSRNOG00000013825",42
"ENSRNOG00000013320",1
"ENSRNOG00000009248",0
"ENSRNOG00000006499",815
"ENSRNOG00000009686",0
"ENSRNOG00000012807",0
"ENSRNOG00000009797",2
"ENSRNOG00000014226",0
"ENSRNOG00000016826",0
"ENSRNOG00000011910",272
"ENSRNOG00000013416",0
"ENSRNOG00000042596",3
"ENSRNOG00000016838",5
"ENSRNOG00000000151",163
"ENSRNOG00000005391",153
"ENSRNOG00000022257",0
"ENSRNOG00000006582",153
"ENSRNOG00000016945",0
"ENSRNOG00000049714",145
"ENSRNOG00000047741",67
"ENSRNOG00000064027",130
"ENSRNOG00000058476",1352
"ENSRNOG00000009535",786
"ENSRNOG00000013536",10644
"ENSRNOG00000052668",2
"ENSRNOG00000022288",115
"ENSRNOG00000014604",1817
"ENSRNOG00000015079",4600
"ENSRNOG00000006804",0
"ENSRNOG00000011258",81
"ENSRNOG00000017309",1591
"ENSRNOG00000047307",0
"ENSRNOG00000017528",7
"ENSRNOG00000005375",0
"ENSRNOG00000042032",0
"ENSRNOG00000016782",1
"ENSRNOG00000015385",1340
"ENSRNOG00000037165",112
"ENSRNOG00000000130",592
"ENSRNOG00000022012",0
"ENSRNOG00000012455",810
"ENSRNOG00000022601",1
"ENSRNOG00000007294",2
"ENSRNOG00000013954",8
"ENSRNOG00000031448",4
"ENSRNOG00000014208",428
"ENSRNOG00000053729",403
"ENSRNOG00000012944",287
"ENSRNOG00000007097",38
"ENSRNOG00000015677",65
"ENSRNOG00000006980",764
"ENSRNOG00000007083",185
"ENSRNOG00000033153",28
"ENSRNOG00000013628",12
"ENSRNOG00000014445",3647
"ENSRNOG00000014986",2547
"ENSRNOG00000058156",418
"ENSRNOG00000021669",188
"ENSRNOG00000007763",6101
"ENSRNOG00000014909",6
"ENSRNOG00000054217",0
"ENSRNOG00000017024",51
"ENSRNOG00000037091",0
"ENSRNOG00000012531",2
"ENSRNOG00000021702",167
"ENSRNOG00000021619",0
"ENSRNOG00000013498",254
"ENSRNOG00000016010",341
"ENSRNOG00000049052",263
"ENSRNOG00000066137",5
"ENSRNOG00000067661",178
"ENSRNOG00000013566",0
"ENSRNOG00000007568",1104
"ENSRNOG00000015264",0
"ENSRNOG00000011794",306
"ENSRNOG00000018118",221
"ENSRNOG00000013036",0
"ENSRNOG00000037039",0
"ENSRNOG00000017899",3
"ENSRNOG00000018338",60
"ENSRNOG00000070170",1321
"ENSRNOG00000011078",1970
"ENSRNOG00000012804",0
"ENSRNOG00000067651",0
"ENSRNOG00000017979",218
"ENSRNOG00000012593",1
"ENSRNOG00000029152",722
"ENSRNOG00000024139",277
"ENSRNOG00000010902",2621
"ENSRNOG00000037595",155
"ENSRNOG00000006950",1
"ENSRNOG00000017075",187
"ENSRNOG00000018097",1299
"ENSRNOG00000023216",167
"ENSRNOG00000022054",183
"ENSRNOG00000014044",121
"ENSRNOG00000018109",10812
"ENSRNOG00000017279",2047
"ENSRNOG00000055340",3255
"ENSRNOG00000016454",391
"ENSRNOG00000016249",341
"ENSRNOG00000018183",6938
"ENSRNOG00000016638",3443
"ENSRNOG00000054155",0
"ENSRNOG00000015480",55
"ENSRNOG00000018194",2356
"ENSRNOG00000010953",482
"ENSRNOG00000033792",76
"ENSRNOG00000008489",93
"ENSRNOG00000033722",66
"ENSRNOG00000068760",0
"ENSRNOG00000062859",10
"ENSRNOG00000007330",2830
"ENSRNOG00000056374",157
"ENSRNOG00000046174",0
"ENSRNOG00000069581",219
"ENSRNOG00000059428",10
"ENSRNOG00000008625",2
"ENSRNOG00000019864",6
"ENSRNOG00000018576",102
"ENSRNOG00000012274",774
"ENSRNOG00000017829",1073
"ENSRNOG00000065157",0
"ENSRNOG00000018375",231
"ENSRNOG00000036951",0
"ENSRNOG00000017212",1018
"ENSRNOG00000033231",0
"ENSRNOG00000009615",1144
"ENSRNOG00000014241",2371
"ENSRNOG00000023786",1384
"ENSRNOG00000008075",243
"ENSRNOG00000057616",0
"ENSRNOG00000009589",29
"ENSRNOG00000022225",2
"ENSRNOG00000016443",1342
"ENSRNOG00000037079",1
"ENSRNOG00000036876",120
"ENSRNOG00000042224",2
"ENSRNOG00000037977",0
"ENSRNOG00000019758",455
"ENSRNOG00000007779",4
"ENSRNOG00000046424",930
"ENSRNOG00000010719",970
"ENSRNOG00000016313",208
"ENSRNOG00000008907",43
"ENSRNOG00000012724",402
"ENSRNOG00000008553",510
"ENSRNOG00000016936",2898
"ENSRNOG00000014368",2094
"ENSRNOG00000023895",0
"ENSRNOG00000022039",85
"ENSRNOG00000017706",105
"ENSRNOG00000010109",771
"ENSRNOG00000026226",0
"ENSRNOG00000008619",399
"ENSRNOG00000007284",1421
"ENSRNOG00000045738",112
"ENSRNOG00000017895",515
"ENSRNOG00000067146",0
"ENSRNOG00000006137",1791
"ENSRNOG00000007398",146
"ENSRNOG00000054188",0
"ENSRNOG00000016047",4231
"ENSRNOG00000000156",20
"ENSRNOG00000067831",5
"ENSRNOG00000049761",1
"ENSRNOG00000000335",0
"ENSRNOG00000009058",2
"ENSRNOG00000009116",162
"ENSRNOG00000007404",186
"ENSRNOG00000013745",0
"ENSRNOG00000008141",1
"ENSRNOG00000006658",0
"ENSRNOG00000008176",3
"ENSRNOG00000027455",212
"ENSRNOG00000009183",1988
"ENSRNOG00000009782",73
"ENSRNOG00000063940",2
"ENSRNOG00000016949",210
"ENSRNOG00000017780",867
"ENSRNOG00000047967",50
"ENSRNOG00000043039",0
"ENSRNOG00000013474",110
"ENSRNOG00000009222",220
"ENSRNOG00000048139",0
"ENSRNOG00000050670",0
"ENSRNOG00000013166",6
"ENSRNOG00000069853",0
"ENSRNOG00000016392",151
"ENSRNOG00000007067",0
"ENSRNOG00000023346",66
"ENSRNOG00000065422",0
"ENSRNOG00000029449",464
"ENSRNOG00000007574",2
"ENSRNOG00000009708",16
"ENSRNOG00000070363",22
"ENSRNOG00000057626",5052
"ENSRNOG00000006855",0
"ENSRNOG00000063088",55
"ENSRNOG00000008767",423
"ENSRNOG00000070082",3
"ENSRNOG00000062461",153
"ENSRNOG00000023008",2
"ENSRNOG00000016553",0
"ENSRNOG00000049402",1705
"ENSRNOG00000008802",724
"ENSRNOG00000063649",94
"ENSRNOG00000052887",9
"ENSRNOG00000010436",189
"ENSRNOG00000070045",11
"ENSRNOG00000017037",78
"ENSRNOG00000009712",225
"ENSRNOG00000050849",900
"ENSRNOG00000016398",3126
"ENSRNOG00000010067",734
"ENSRNOG00000026840",160
"ENSRNOG00000006357",966
"ENSRNOG00000009575",258
"ENSRNOG00000068633",0
"ENSRNOG00000016575",60
"ENSRNOG00000021437",16157
"ENSRNOG00000020199",100
"ENSRNOG00000016846",172
"ENSRNOG00000065066",0
"ENSRNOG00000015850",0
"ENSRNOG00000020205",1228
"ENSRNOG00000022406",0
"ENSRNOG00000010580",563
"ENSRNOG00000023664",36
"ENSRNOG00000064661",0
"ENSRNOG00000069527",0
"ENSRNOG00000005801",945
"ENSRNOG00000042808",0
"ENSRNOG00000017213",515
"ENSRNOG00000049025",154
"ENSRNOG00000012315",3
"ENSRNOG00000049788",0
"ENSRNOG00000069037",0
"ENSRNOG00000010873",900
"ENSRNOG00000068215",0
"ENSRNOG00000045614",0
"ENSRNOG00000012503",480
"ENSRNOG00000068816",375
"ENSRNOG00000014305",431
"ENSRNOG00000017564",265
"ENSRNOG00000006972",159
"ENSRNOG00000013783",677
"ENSRNOG00000022967",544
"ENSRNOG00000015962",244
"ENSRNOG00000012749",0
"ENSRNOG00000009046",209
"ENSRNOG00000033522",1142
"ENSRNOG00000017477",22
"ENSRNOG00000008953",0
"ENSRNOG00000016200",377
"ENSRNOG00000033503",4
"ENSRNOG00000021355",0
"ENSRNOG00000010332",869
"ENSRNOG00000065253",1673
"ENSRNOG00000009889",1122
"ENSRNOG00000021814",8
"ENSRNOG00000010718",262
"ENSRNOG00000013602",1073
"ENSRNOG00000028082",0
"ENSRNOG00000024707",1
"ENSRNOG00000007575",0
"ENSRNOG00000016725",887
"ENSRNOG00000068401",1
"ENSRNOG00000017693",0
"ENSRNOG00000014805",101
"ENSRNOG00000033271",136
"ENSRNOG00000006327",2248
"ENSRNOG00000062605",64
"ENSRNOG00000069151",0
"ENSRNOG00000051912",0
"ENSRNOG00000017401",96
"ENSRNOG00000010532",546
"ENSRNOG00000005905",382
"ENSRNOG00000051164",1
"ENSRNOG00000011970",13
"ENSRNOG00000046227",1407
"ENSRNOG00000053942",0
"ENSRNOG00000053013",0
"ENSRNOG00000010593",83
"ENSRNOG00000037035",0
"ENSRNOG00000006543",0
"ENSRNOG00000008345",579
"ENSRNOG00000049959",0
"ENSRNOG00000026594",0
"ENSRNOG00000018126",827
"ENSRNOG00000066917",0
"ENSRNOG00000036942",54
"ENSRNOG00000007967",1187
"ENSRNOG00000018691",1744
"ENSRNOG00000026299",547
"ENSRNOG00000069865",236
"ENSRNOG00000014197",22
"ENSRNOG00000056688",0
"ENSRNOG00000037795",22
"ENSRNOG00000023152",285
"ENSRNOG00000058186",728
"ENSRNOG00000005721",0
"ENSRNOG00000007214",81
"ENSRNOG00000010893",0
"ENSRNOG00000008052",217
"ENSRNOG00000070860",0
"ENSRNOG00000026271",785
"ENSRNOG00000019244",8168
"ENSRNOG00000023100",0
"ENSRNOG00000050137",0
"ENSRNOG00000052071",0
"ENSRNOG00000067134",0
"ENSRNOG00000070793",0
"ENSRNOG00000019423",184
"ENSRNOG00000008257",0
"ENSRNOG00000026782",0
"ENSRNOG00000064729",0
"ENSRNOG00000032048",323
"ENSRNOG00000013603",214
"ENSRNOG00000006999",138
"ENSRNOG00000012163",776
"ENSRNOG00000067901",8
"ENSRNOG00000018289",718
"ENSRNOG00000006644",730
"ENSRNOG00000022325",326
"ENSRNOG00000018413",728
"ENSRNOG00000008427",1144
"ENSRNOG00000065119",0
"ENSRNOG00000030055",3839
"ENSRNOG00000007175",1376
"ENSRNOG00000026613",0
"ENSRNOG00000019981",1558
"ENSRNOG00000070661",0
"ENSRNOG00000024526",1
"ENSRNOG00000042820",0
"ENSRNOG00000003334",465
"ENSRNOG00000020106",7
"ENSRNOG00000033556",2450
"ENSRNOG00000011504",1704
"ENSRNOG00000007968",1002
"ENSRNOG00000005802",2128
"ENSRNOG00000008911",1
"ENSRNOG00000060381",5667
"ENSRNOG00000022307",347
"ENSRNOG00000016618",0
"ENSRNOG00000067307",0
"ENSRNOG00000031641",336
"ENSRNOG00000006280",9
"ENSRNOG00000009134",352
"ENSRNOG00000062447",1
"ENSRNOG00000022890",0
"ENSRNOG00000023946",337
"ENSRNOG00000018393",0
"ENSRNOG00000011774",1919
"ENSRNOG00000019749",561
"ENSRNOG00000023812",106
"ENSRNOG00000007080",0
"ENSRNOG00000009217",603
"ENSRNOG00000065869",0
"ENSRNOG00000043331",0
"ENSRNOG00000027142",0
"ENSRNOG00000009298",106
"ENSRNOG00000069301",0
"ENSRNOG00000018647",737
"ENSRNOG00000014322",374
"ENSRNOG00000006087",566
"ENSRNOG00000058645",860
"ENSRNOG00000009409",5
"ENSRNOG00000011157",7334
"ENSRNOG00000019589",2
"ENSRNOG00000022455",375
"ENSRNOG00000047341",0
"ENSRNOG00000065525",0
"ENSRNOG00000069832",0
"ENSRNOG00000066746",10075
"ENSRNOG00000059160",26
"ENSRNOG00000071075",0
"ENSRNOG00000065765",67
"ENSRNOG00000070308",0
"ENSRNOG00000043103",0
"ENSRNOG00000033740",155
"ENSRNOG00000068796",1
"ENSRNOG00000068147",0
"ENSRNOG00000010522",54
"ENSRNOG00000007799",1
"ENSRNOG00000008930",31
"ENSRNOG00000059876",186
"ENSRNOG00000062659",68
"ENSRNOG00000008334",18
"ENSRNOG00000033177",172
"ENSRNOG00000063954",0
"ENSRNOG00000007837",3
"ENSRNOG00000022694",283
"ENSRNOG00000028129",390
"ENSRNOG00000006503",0
"ENSRNOG00000065736",0
"ENSRNOG00000005932",622
"ENSRNOG00000007706",72
"ENSRNOG00000033567",20
"ENSRNOG00000010620",706
"ENSRNOG00000028063",584
"ENSRNOG00000061876",618
"ENSRNOG00000019712",406
"ENSRNOG00000007697",0
"ENSRNOG00000005882",156
"ENSRNOG00000011425",152
"ENSRNOG00000007410",0
"ENSRNOG00000016385",0
"ENSRNOG00000028064",0
"ENSRNOG00000007639",0
"ENSRNOG00000017485",0
"ENSRNOG00000022354",182
"ENSRNOG00000063741",2
"ENSRNOG00000050089",0
"ENSRNOG00000056550",1
"ENSRNOG00000027328",0
"ENSRNOG00000010490",0
"ENSRNOG00000066546",0
"ENSRNOG00000030447",212
"ENSRNOG00000018867",13
"ENSRNOG00000034242",8332
"ENSRNOG00000013850",0
"ENSRNOG00000027000",0
"ENSRNOG00000057945",88
"ENSRNOG00000007327",173
"ENSRNOG00000016137",3039
"ENSRNOG00000025261",84
"ENSRNOG00000061237",0
"ENSRNOG00000017940",4207
"ENSRNOG00000010636",108
"ENSRNOG00000065823",2
"ENSRNOG00000014263",0
"ENSRNOG00000009930",212
"ENSRNOG00000010859",654
"ENSRNOG00000018739",0
"ENSRNOG00000013656",25
"ENSRNOG00000009398",310
"ENSRNOG00000012081",6358
"ENSRNOG00000065031",0
"ENSRNOG00000021704",3
"ENSRNOG00000020132",2
"ENSRNOG00000009778",4577
"ENSRNOG00000016334",1701
"ENSRNOG00000015668",8
"ENSRNOG00000007890",356
"ENSRNOG00000036869",14
"ENSRNOG00000009897",25
"ENSRNOG00000020244",21
"ENSRNOG00000022751",0
"ENSRNOG00000042467",228
"ENSRNOG00000005788",263
"ENSRNOG00000015340",242
"ENSRNOG00000070391",26
"ENSRNOG00000020295",87
"ENSRNOG00000060520",0
"ENSRNOG00000025453",0
"ENSRNOG00000058870",5
"ENSRNOG00000020302",67
"ENSRNOG00000021392",347
"ENSRNOG00000016299",1593
"ENSRNOG00000008116",191
"ENSRNOG00000026447",0
"ENSRNOG00000020342",203
"ENSRNOG00000008001",594
"ENSRNOG00000023213",0
"ENSRNOG00000055089",1391
"ENSRNOG00000014777",416
"ENSRNOG00000005711",1288
"ENSRNOG00000008298",2947
"ENSRNOG00000008237",140
"ENSRNOG00000011268",1
"ENSRNOG00000064866",2
"ENSRNOG00000016692",528
"ENSRNOG00000016641",6
"ENSRNOG00000029073",0
"ENSRNOG00000013631",174
"ENSRNOG00000009751",3608
"ENSRNOG00000015105",2
"ENSRNOG00000064638",126
"ENSRNOG00000000138",22
"ENSRNOG00000033110",1113
"ENSRNOG00000015206",306
"ENSRNOG00000052062",1193
"ENSRNOG00000011550",41
"ENSRNOG00000017132",241
"ENSRNOG00000055994",738
"ENSRNOG00000010512",1595
"ENSRNOG00000024506",12
"ENSRNOG00000017324",1
"ENSRNOG00000008956",305
"ENSRNOG00000050790",803
"ENSRNOG00000070688",575
"ENSRNOG00000015652",0
"ENSRNOG00000012443",906
"ENSRNOG00000010518",5
"ENSRNOG00000066545",0
"ENSRNOG00000045733",0
"ENSRNOG00000015664",100
"ENSRNOG00000023112",17
"ENSRNOG00000009323",873
"ENSRNOG00000011644",7
"ENSRNOG00000011967",464
"ENSRNOG00000045843",948
"ENSRNOG00000025076",3944
"ENSRNOG00000071172",0
"ENSRNOG00000065204",2
"ENSRNOG00000022709",131
"ENSRNOG00000005850",0
"ENSRNOG00000017686",196
"ENSRNOG00000033445",42
"ENSRNOG00000014365",440
"ENSRNOG00000053611",0
"ENSRNOG00000007920",700
"ENSRNOG00000055086",3
"ENSRNOG00000069810",0
"ENSRNOG00000063841",0
"ENSRNOG00000057518",0
"ENSRNOG00000062415",553
"ENSRNOG00000070327",0
"ENSRNOG00000061044",0
"ENSRNOG00000064241",4
"ENSRNOG00000067423",0
"ENSRNOG00000066014",0
"ENSRNOG00000061464",0
"ENSRNOG00000067108",0
"ENSRNOG00000054072",0
"ENSRNOG00000069331",0
"ENSRNOG00000067518",0
"ENSRNOG00000059874",0
"ENSRNOG00000052679",0
"ENSRNOG00000015644",363
"ENSRNOG00000067166",0
"ENSRNOG00000009078",1291
"ENSRNOG00000054117",1
"ENSRNOG00000012068",0
"ENSRNOG00000059502",1
"ENSRNOG00000058032",0
"ENSRNOG00000024729",0
"ENSRNOG00000063466",0
"ENSRNOG00000056819",30
"ENSRNOG00000009148",34
"ENSRNOG00000061589",0
"ENSRNOG00000064587",0
"ENSRNOG00000059991",0
"ENSRNOG00000067185",0
"ENSRNOG00000058595",0
"ENSRNOG00000053132",0
"ENSRNOG00000056078",0
"ENSRNOG00000052030",0
"ENSRNOG00000067208",0
"ENSRNOG00000013110",625
"ENSRNOG00000069731",0
"ENSRNOG00000060290",0
"ENSRNOG00000011413",1313
"ENSRNOG00000055057",0
"ENSRNOG00000024501",2727
"ENSRNOG00000056467",0
"ENSRNOG00000060997",0
"ENSRNOG00000015991",1115
"ENSRNOG00000052060",0
"ENSRNOG00000053492",0
"ENSRNOG00000066112",0
"ENSRNOG00000060510",0
"ENSRNOG00000062891",0
"ENSRNOG00000064501",0
"ENSRNOG00000012794",92
"ENSRNOG00000070680",0
"ENSRNOG00000052471",0
"ENSRNOG00000008638",6
"ENSRNOG00000069073",0
"ENSRNOG00000063197",1557
"ENSRNOG00000052472",0
"ENSRNOG00000064056",0
"ENSRNOG00000032539",13
"ENSRNOG00000070918",0
"ENSRNOG00000059090",0
"ENSRNOG00000053733",0
"ENSRNOG00000054036",0
"ENSRNOG00000012726",370
"ENSRNOG00000056744",0
"ENSRNOG00000061141",0
"ENSRNOG00000070708",0
"ENSRNOG00000015866",316
"ENSRNOG00000033527",412
"ENSRNOG00000053139",0
"ENSRNOG00000047573",33
"ENSRNOG00000057202",0
"ENSRNOG00000062897",9
"ENSRNOG00000051370",0
"ENSRNOG00000052410",0
"ENSRNOG00000007894",679
"ENSRNOG00000070146",0
"ENSRNOG00000008712",226
"ENSRNOG00000064403",0
"ENSRNOG00000070211",0
"ENSRNOG00000052950",0
"ENSRNOG00000058607",0
"ENSRNOG00000042047",0
"ENSRNOG00000052605",0
"ENSRNOG00000065792",0
"ENSRNOG00000057589",1606
"ENSRNOG00000067547",1
"ENSRNOG00000054162",1
"ENSRNOG00000014869",34
"ENSRNOG00000053071",7
"ENSRNOG00000063480",0
"ENSRNOG00000070465",0
"ENSRNOG00000068351",0
"ENSRNOG00000051625",0
"ENSRNOG00000063827",0
"ENSRNOG00000060805",0
"ENSRNOG00000062669",0
"ENSRNOG00000059204",0
"ENSRNOG00000070597",1
"ENSRNOG00000057829",2
"ENSRNOG00000066956",4
"ENSRNOG00000068171",0
"ENSRNOG00000070803",2
"ENSRNOG00000008512",350
"ENSRNOG00000053308",0
"ENSRNOG00000052221",0
"ENSRNOG00000060105",0
"ENSRNOG00000057632",0
"ENSRNOG00000058533",1
"ENSRNOG00000060810",0
"ENSRNOG00000014863",2053
"ENSRNOG00000065716",0
"ENSRNOG00000042950",0
"ENSRNOG00000060748",0
"ENSRNOG00000054380",0
"ENSRNOG00000056974",0
"ENSRNOG00000010303",578
"ENSRNOG00000053500",0
"ENSRNOG00000070166",2
"ENSRNOG00000058657",0
"ENSRNOG00000059557",0
"ENSRNOG00000059716",0
"ENSRNOG00000059446",116
"ENSRNOG00000013078",729
"ENSRNOG00000016780",177
"ENSRNOG00000054402",0
"ENSRNOG00000061712",0
"ENSRNOG00000058768",0
"ENSRNOG00000008090",247
"ENSRNOG00000066695",0
"ENSRNOG00000065108",0
"ENSRNOG00000013598",85
"ENSRNOG00000057527",0
"ENSRNOG00000051987",0
"ENSRNOG00000059526",0
"ENSRNOG00000069228",1
"ENSRNOG00000070073",327
"ENSRNOG00000051981",0
"ENSRNOG00000012546",22
"ENSRNOG00000069180",0
"ENSRNOG00000060400",0
"ENSRNOG00000058797",0
"ENSRNOG00000022988",21
"ENSRNOG00000062459",0
"ENSRNOG00000011655",518
"ENSRNOG00000070881",0
"ENSRNOG00000060957",0
"ENSRNOG00000054161",0
"ENSRNOG00000068857",0
"ENSRNOG00000006787",1542
"ENSRNOG00000014766",789
"ENSRNOG00000029141",2141
"ENSRNOG00000062890",346
"ENSRNOG00000015068",826
"ENSRNOG00000066054",1
"ENSRNOG00000039530",7
"ENSRNOG00000069187",338
"ENSRNOG00000029318",26
"ENSRNOG00000065656",1309
"ENSRNOG00000013064",347
"ENSRNOG00000021546",0
"ENSRNOG00000009266",3248
"ENSRNOG00000024663",722
"ENSRNOG00000043151",232
"ENSRNOG00000014838",487
"ENSRNOG00000010497",0
"ENSRNOG00000012778",486
"ENSRNOG00000014975",50
"ENSRNOG00000009221",0
"ENSRNOG00000015072",171
"ENSRNOG00000007060",2127
"ENSRNOG00000005561",0
"ENSRNOG00000010412",0
"ENSRNOG00000014475",3242
"ENSRNOG00000008523",1382
"ENSRNOG00000011320",0
"ENSRNOG00000062502",0
"ENSRNOG00000066212",0
"ENSRNOG00000009795",2412
"ENSRNOG00000014635",4180
"ENSRNOG00000006889",0
"ENSRNOG00000010091",2069
"ENSRNOG00000008099",102
"ENSRNOG00000064882",12
"ENSRNOG00000007886",0
"ENSRNOG00000057760",192
"ENSRNOG00000006761",7
"ENSRNOG00000039278",1455
"ENSRNOG00000068045",30
"ENSRNOG00000010825",629
"ENSRNOG00000011503",203
"ENSRNOG00000008005",569
"ENSRNOG00000010885",0
"ENSRNOG00000048321",1
"ENSRNOG00000008431",5
"ENSRNOG00000006956",5
"ENSRNOG00000001700",160
"ENSRNOG00000017253",393
"ENSRNOG00000043194",0
"ENSRNOG00000021433",49
"ENSRNOG00000017073",4282
"ENSRNOG00000037618",0
"ENSRNOG00000011498",556
"ENSRNOG00000029333",20
"ENSRNOG00000016731",11563
"ENSRNOG00000067602",2
"ENSRNOG00000006553",480
"ENSRNOG00000016630",5768
"ENSRNOG00000024190",0
"ENSRNOG00000047278",326
"ENSRNOG00000007051",974
"ENSRNOG00000065969",0
"ENSRNOG00000065554",0
"ENSRNOG00000016452",685
"ENSRNOG00000051484",192
"ENSRNOG00000016364",83
"ENSRNOG00000063113",0
"ENSRNOG00000016309",1182
"ENSRNOG00000009761",96
"ENSRNOG00000024402",316
"ENSRNOG00000046629",2
"ENSRNOG00000043023",0
"ENSRNOG00000047613",0
"ENSRNOG00000009724",403
"ENSRNOG00000048197",0
"ENSRNOG00000063042",0
"ENSRNOG00000005772",109
"ENSRNOG00000024204",6
"ENSRNOG00000007057",3
"ENSRNOG00000023605",1182
"ENSRNOG00000011280",467
"ENSRNOG00000007657",40
"ENSRNOG00000022309",1569
"ENSRNOG00000012454",429
"ENSRNOG00000008036",2741
"ENSRNOG00000069991",0
"ENSRNOG00000012409",49
"ENSRNOG00000010484",553
"ENSRNOG00000070480",0
"ENSRNOG00000046028",60
"ENSRNOG00000009576",95
"ENSRNOG00000007637",71
"ENSRNOG00000034269",387
"ENSRNOG00000013956",858
"ENSRNOG00000008169",0
"ENSRNOG00000046140",0
"ENSRNOG00000055779",741
"ENSRNOG00000006735",1406
"ENSRNOG00000066642",3
"ENSRNOG00000062835",1
"ENSRNOG00000007663",24835
"ENSRNOG00000012664",184
"ENSRNOG00000024093",0
"ENSRNOG00000009309",422
"ENSRNOG00000009436",0
"ENSRNOG00000059837",390
"ENSRNOG00000065941",0
"ENSRNOG00000012634",464
"ENSRNOG00000033186",4
"ENSRNOG00000062108",229
"ENSRNOG00000023309",405
"ENSRNOG00000042603",795
"ENSRNOG00000043364",531
"ENSRNOG00000009492",48
"ENSRNOG00000006369",1157
"ENSRNOG00000064066",13
"ENSRNOG00000006345",2123
"ENSRNOG00000005841",4354
"ENSRNOG00000008632",228
"ENSRNOG00000055915",605
"ENSRNOG00000006966",3541
"ENSRNOG00000008618",588
"ENSRNOG00000006807",3
"ENSRNOG00000026169",0
"ENSRNOG00000008901",1
"ENSRNOG00000030466",0
"ENSRNOG00000025596",41
"ENSRNOG00000022488",0
"ENSRNOG00000023348",50
"ENSRNOG00000030963",1
"ENSRNOG00000007395",1
"ENSRNOG00000008945",615
"ENSRNOG00000008587",20
"ENSRNOG00000050983",3
"ENSRNOG00000008922",15
"ENSRNOG00000014302",0
"ENSRNOG00000011463",2610
"ENSRNOG00000006800",84
"ENSRNOG00000026323",30
"ENSRNOG00000011497",0
"ENSRNOG00000027595",0
"ENSRNOG00000070878",0
"ENSRNOG00000007036",1013
"ENSRNOG00000008338",1224
"ENSRNOG00000008159",639
"ENSRNOG00000009045",138
"ENSRNOG00000005964",997
"ENSRNOG00000008693",23
"ENSRNOG00000042787",11
"ENSRNOG00000008034",17
"ENSRNOG00000065127",0
"ENSRNOG00000008027",42
"ENSRNOG00000005723",0
"ENSRNOG00000007629",616
"ENSRNOG00000031004",169
"ENSRNOG00000006853",0
"ENSRNOG00000009705",31
"ENSRNOG00000008914",0
"ENSRNOG00000000123",1285
"ENSRNOG00000006615",1610
"ENSRNOG00000068296",480
"ENSRNOG00000025679",852
"ENSRNOG00000070364",19
"ENSRNOG00000007527",798
"ENSRNOG00000024259",0
"ENSRNOG00000010849",183
"ENSRNOG00000006979",3
"ENSRNOG00000007551",450
"ENSRNOG00000011033",14
"ENSRNOG00000051507",117
"ENSRNOG00000010514",453
"ENSRNOG00000067048",167
"ENSRNOG00000007299",52
"ENSRNOG00000007753",887
"ENSRNOG00000010237",1663
"ENSRNOG00000009113",262
"ENSRNOG00000009568",623
"ENSRNOG00000008548",537
"ENSRNOG00000013838",0
"ENSRNOG00000042455",0
"ENSRNOG00000008118",490
"ENSRNOG00000021492",312
"ENSRNOG00000008279",988
"ENSRNOG00000008226",145
"ENSRNOG00000026978",3709
"ENSRNOG00000008300",110
"ENSRNOG00000066371",0
"ENSRNOG00000026898",0
"ENSRNOG00000031475",672
"ENSRNOG00000024788",0
"ENSRNOG00000000122",540
"ENSRNOG00000013972",930
"ENSRNOG00000012989",1142
"ENSRNOG00000059897",3
"ENSRNOG00000050044",2863
"ENSRNOG00000010007",1044
"ENSRNOG00000046794",1928
"ENSRNOG00000013515",3
"ENSRNOG00000064683",0
"ENSRNOG00000008992",0
"ENSRNOG00000013865",430
"ENSRNOG00000053991",2135
"ENSRNOG00000028083",76
"ENSRNOG00000030238",6
"ENSRNOG00000020173",1
"ENSRNOG00000020259",1
"ENSRNOG00000010892",1841
"ENSRNOG00000008572",107
"ENSRNOG00000011751",510
"ENSRNOG00000022199",8
"ENSRNOG00000069006",0
"ENSRNOG00000012204",691
"ENSRNOG00000054626",577
"ENSRNOG00000013005",305
"ENSRNOG00000009597",0
"ENSRNOG00000055078",20
"ENSRNOG00000065071",13
"ENSRNOG00000007922",42
"ENSRNOG00000018363",237
"ENSRNOG00000037518",119
"ENSRNOG00000028659",533
"ENSRNOG00000012397",1055
"ENSRNOG00000028477",438
"ENSRNOG00000028448",2299
"ENSRNOG00000028415",228
"ENSRNOG00000014357",137
"ENSRNOG00000067866",0
"ENSRNOG00000028377",0
"ENSRNOG00000014372",108
"ENSRNOG00000019479",0
"ENSRNOG00000062954",1979
"ENSRNOG00000037620",81
"ENSRNOG00000058461",2148
"ENSRNOG00000013855",179
"ENSRNOG00000007111",1479
"ENSRNOG00000010932",0
"ENSRNOG00000007099",918
"ENSRNOG00000007213",1000
"ENSRNOG00000008113",580
"ENSRNOG00000000127",442
"ENSRNOG00000033593",1840
"ENSRNOG00000014375",18
"ENSRNOG00000055344",565
"ENSRNOG00000013231",11
"ENSRNOG00000047185",2765
"ENSRNOG00000049326",111
"ENSRNOG00000008560",90
"ENSRNOG00000064585",7
"ENSRNOG00000069453",0
"ENSRNOG00000048553",0
"ENSRNOG00000037710",7
"ENSRNOG00000047578",0
"ENSRNOG00000048242",1537
"ENSRNOG00000048288",328
"ENSRNOG00000010396",1126
"ENSRNOG00000010299",2914
"ENSRNOG00000024312",106
"ENSRNOG00000042326",76
"ENSRNOG00000015318",7
"ENSRNOG00000009540",18
"ENSRNOG00000028047",74
"ENSRNOG00000011054",3
"ENSRNOG00000012965",41
"ENSRNOG00000066253",5
"ENSRNOG00000064455",0
"ENSRNOG00000070423",0
"ENSRNOG00000067973",0
"ENSRNOG00000008377",1018
"ENSRNOG00000062918",0
"ENSRNOG00000013179",945
"ENSRNOG00000064844",2
"ENSRNOG00000019977",977
"ENSRNOG00000063427",10
"ENSRNOG00000021663",45
"ENSRNOG00000042855",760
"ENSRNOG00000007069",284
"ENSRNOG00000032639",16
"ENSRNOG00000063845",1
"ENSRNOG00000067073",147
"ENSRNOG00000008979",0
"ENSRNOG00000005730",1236
"ENSRNOG00000011171",1
"ENSRNOG00000006004",1626
"ENSRNOG00000048703",0
"ENSRNOG00000011484",347
"ENSRNOG00000005935",1908
"ENSRNOG00000059975",0
"ENSRNOG00000010735",1608
"ENSRNOG00000012595",1153
"ENSRNOG00000011709",2095
"ENSRNOG00000009341",469
"ENSRNOG00000008849",12
"ENSRNOG00000006200",0
"ENSRNOG00000014008",20
"ENSRNOG00000014274",261
"ENSRNOG00000011927",693
"ENSRNOG00000023746",315
"ENSRNOG00000015642",3787
"ENSRNOG00000009912",12
"ENSRNOG00000037432",95
"ENSRNOG00000033209",0
"ENSRNOG00000042785",3073
"ENSRNOG00000068555",0
"ENSRNOG00000013300",722
"ENSRNOG00000037340",0
"ENSRNOG00000006833",785
"ENSRNOG00000070053",1
"ENSRNOG00000030155",0
"ENSRNOG00000048506",762
"ENSRNOG00000065942",0
"ENSRNOG00000066500",22
"ENSRNOG00000025065",22
"ENSRNOG00000008807",0
"ENSRNOG00000060435",0
"ENSRNOG00000026646",74
"ENSRNOG00000008861",244
"ENSRNOG00000011421",3345
"ENSRNOG00000009390",0
"ENSRNOG00000014259",3
"ENSRNOG00000008320",3046
"ENSRNOG00000007541",1876
"ENSRNOG00000026610",855
"ENSRNOG00000009430",394
"ENSRNOG00000024957",9
"ENSRNOG00000024889",236
"ENSRNOG00000012616",4264
"ENSRNOG00000030862",1232
"ENSRNOG00000061851",1061
"ENSRNOG00000013492",8580
"ENSRNOG00000008100",1
"ENSRNOG00000027276",4
"ENSRNOG00000022323",1173
"ENSRNOG00000011502",7
"ENSRNOG00000007647",3
"ENSRNOG00000008555",261
"ENSRNOG00000008180",340
"ENSRNOG00000012054",1649
"ENSRNOG00000012340",2
"ENSRNOG00000027357",0
"ENSRNOG00000008759",0
"ENSRNOG00000012088",1
"ENSRNOG00000040151",0
"ENSRNOG00000010841",489
"ENSRNOG00000067216",0
"ENSRNOG00000009656",147
"ENSRNOG00000008943",157
"ENSRNOG00000007174",629
"ENSRNOG00000026592",0
"ENSRNOG00000008566",709
"ENSRNOG00000069690",1
"ENSRNOG00000008871",0
"ENSRNOG00000065724",584
"ENSRNOG00000017426",2486
"ENSRNOG00000009114",678
"ENSRNOG00000069204",0
"ENSRNOG00000011332",45
"ENSRNOG00000008872",544
"ENSRNOG00000008846",172
"ENSRNOG00000021609",206
"ENSRNOG00000008156",192
"ENSRNOG00000031769",410
"ENSRNOG00000014352",44
"ENSRNOG00000009488",0
"ENSRNOG00000005886",68
"ENSRNOG00000028662",18
"ENSRNOG00000071045",245
"ENSRNOG00000009977",2371
"ENSRNOG00000046647",3064
"ENSRNOG00000048129",0
"ENSRNOG00000010550",298
"ENSRNOG00000063053",72
"ENSRNOG00000005669",1
"ENSRNOG00000032183",1089
"ENSRNOG00000009683",5011
"ENSRNOG00000009963",435
"ENSRNOG00000009131",746
"ENSRNOG00000065971",3
"ENSRNOG00000014762",256
"ENSRNOG00000031431",148
"ENSRNOG00000010234",608
"ENSRNOG00000024818",1958
"ENSRNOG00000024566",3
"ENSRNOG00000005963",1559
"ENSRNOG00000027921",904
"ENSRNOG00000026910",1
"ENSRNOG00000010777",468
"ENSRNOG00000025724",275
"ENSRNOG00000042421",581
"ENSRNOG00000066526",12
"ENSRNOG00000025424",364
"ENSRNOG00000025349",0
"ENSRNOG00000063670",7
"ENSRNOG00000006689",59
"ENSRNOG00000006919",48
"ENSRNOG00000007445",978
"ENSRNOG00000026662",474
"ENSRNOG00000007964",1635
"ENSRNOG00000008055",132
"ENSRNOG00000008124",474
"ENSRNOG00000026672",384
"ENSRNOG00000008184",0
"ENSRNOG00000048760",32
"ENSRNOG00000065922",14
"ENSRNOG00000067800",47
"ENSRNOG00000070765",0
"ENSRNOG00000040040",127
"ENSRNOG00000067162",5
"ENSRNOG00000016180",630
"ENSRNOG00000015160",762
"ENSRNOG00000070727",4
"ENSRNOG00000062635",0
"ENSRNOG00000015562",85
"ENSRNOG00000063229",0
"ENSRNOG00000055292",58
"ENSRNOG00000016330",133
"ENSRNOG00000016338",1549
"ENSRNOG00000039924",158
"ENSRNOG00000014664",2197
"ENSRNOG00000005673",366
"ENSRNOG00000025416",404
"ENSRNOG00000008236",651
"ENSRNOG00000016187",406
"ENSRNOG00000007456",4
"ENSRNOG00000006697",1893
"ENSRNOG00000009358",84
"ENSRNOG00000006096",16
"ENSRNOG00000007426",60
"ENSRNOG00000006498",0
"ENSRNOG00000039949",31
"ENSRNOG00000006636",229
"ENSRNOG00000009389",760
"ENSRNOG00000008580",411
"ENSRNOG00000056330",0
"ENSRNOG00000007256",0
"ENSRNOG00000066027",0
"ENSRNOG00000006298",1753
"ENSRNOG00000024903",0
"ENSRNOG00000005708",2865
"ENSRNOG00000063190",0
"ENSRNOG00000006084",0
"ENSRNOG00000007139",6
"ENSRNOG00000007351",234
"ENSRNOG00000009974",90
"ENSRNOG00000010106",274
"ENSRNOG00000057692",0
"ENSRNOG00000068938",10
"ENSRNOG00000065492",0
"ENSRNOG00000056870",3363
"ENSRNOG00000061989",139
"ENSRNOG00000026157",19
"ENSRNOG00000063283",0
"ENSRNOG00000067249",0
"ENSRNOG00000025672",0
"ENSRNOG00000053456",1069
"ENSRNOG00000027837",0
"ENSRNOG00000046548",0
"ENSRNOG00000003689",3286
"ENSRNOG00000069292",0
"ENSRNOG00000040427",0
"ENSRNOG00000070890",0
"ENSRNOG00000030048",98
"ENSRNOG00000035549",0
"ENSRNOG00000035555",0
"ENSRNOG00000050872",0
"ENSRNOG00000060063",315
"ENSRNOG00000003596",2
"ENSRNOG00000040404",0
"ENSRNOG00000013092",2
"ENSRNOG00000035544",0
"ENSRNOG00000064087",0
"ENSRNOG00000036245",0
"ENSRNOG00000066689",0
"ENSRNOG00000048556",0
"ENSRNOG00000035579",0
"ENSRNOG00000035581",0
"ENSRNOG00000054765",741
"ENSRNOG00000002800",6
"ENSRNOG00000035464",0
"ENSRNOG00000028899",553
"ENSRNOG00000040357",0
"ENSRNOG00000041260",0
"ENSRNOG00000070486",0
"ENSRNOG00000047862",0
"ENSRNOG00000041210",0
"ENSRNOG00000069684",0
"ENSRNOG00000041199",0
"ENSRNOG00000059675",0
"ENSRNOG00000026573",140
"ENSRNOG00000003782",370
"ENSRNOG00000060869",4883
"ENSRNOG00000036269",0
"ENSRNOG00000048590",0
"ENSRNOG00000060270",0
"ENSRNOG00000036273",0
"ENSRNOG00000028085",0
"ENSRNOG00000035652",0
"ENSRNOG00000022855",0
"ENSRNOG00000035631",2
"ENSRNOG00000035635",0
"ENSRNOG00000052097",0
"ENSRNOG00000046748",0
"ENSRNOG00000040422",0
"ENSRNOG00000035546",0
"ENSRNOG00000061073",1957
"ENSRNOG00000059766",0
"ENSRNOG00000035656",0
"ENSRNOG00000057814",1239
"ENSRNOG00000028984",12
"ENSRNOG00000070777",229
"ENSRNOG00000067246",87
"ENSRNOG00000047872",0
"ENSRNOG00000039994",275
"ENSRNOG00000051836",2
"ENSRNOG00000003543",0
"ENSRNOG00000009049",566
"ENSRNOG00000025910",198
"ENSRNOG00000010365",29
"ENSRNOG00000054352",5947
"ENSRNOG00000070642",3
"ENSRNOG00000007682",811
"ENSRNOG00000066771",0
"ENSRNOG00000010208",6274
"ENSRNOG00000004016",765
"ENSRNOG00000054548",1
"ENSRNOG00000002904",2
"ENSRNOG00000010838",937
"ENSRNOG00000032472",2
"ENSRNOG00000013170",905
"ENSRNOG00000024298",0
"ENSRNOG00000031555",0
"ENSRNOG00000055572",2282
"ENSRNOG00000000167",6
"ENSRNOG00000009609",300
"ENSRNOG00000068749",9
"ENSRNOG00000025428",257
"ENSRNOG00000052383",0
"ENSRNOG00000000166",179
"ENSRNOG00000013698",0
"ENSRNOG00000053172",5489
"ENSRNOG00000008578",3354
"ENSRNOG00000000165",26
"ENSRNOG00000029068",221
"ENSRNOG00000051948",3891
"ENSRNOG00000008472",798
"ENSRNOG00000063057",1
"ENSRNOG00000002767",145
"ENSRNOG00000053813",753
"ENSRNOG00000059697",5
"ENSRNOG00000056174",77
"ENSRNOG00000006899",2
"ENSRNOG00000029408",5
"ENSRNOG00000064345",3
"ENSRNOG00000002585",1471
"ENSRNOG00000003686",913
"ENSRNOG00000030119",0
"ENSRNOG00000062551",0
"ENSRNOG00000050081",126
"ENSRNOG00000058423",0
"ENSRNOG00000002563",482
"ENSRNOG00000061441",311
"ENSRNOG00000048925",0
"ENSRNOG00000058820",0
"ENSRNOG00000070467",0
"ENSRNOG00000069353",371
"ENSRNOG00000039332",1
"ENSRNOG00000026044",353
"ENSRNOG00000045953",0
"ENSRNOG00000065232",0
"ENSRNOG00000067039",204
"ENSRNOG00000064664",0
"ENSRNOG00000063213",0
"ENSRNOG00000026969",9
"ENSRNOG00000061304",5
"ENSRNOG00000032487",148
"ENSRNOG00000070118",54
"ENSRNOG00000061262",9369
"ENSRNOG00000007059",7
"ENSRNOG00000033883",10
"ENSRNOG00000046012",0
"ENSRNOG00000051117",0
"ENSRNOG00000068491",414
"ENSRNOG00000060168",475
"ENSRNOG00000070922",0
"ENSRNOG00000065644",2
"ENSRNOG00000019164",4305
"ENSRNOG00000063587",1
"ENSRNOG00000026231",0
"ENSRNOG00000067214",11
"ENSRNOG00000062420",0
"ENSRNOG00000063851",0
"ENSRNOG00000063426",0
"ENSRNOG00000064140",4
"ENSRNOG00000070008",0
"ENSRNOG00000062688",1
"ENSRNOG00000003748",0
"ENSRNOG00000067047",0
"ENSRNOG00000038035",154
"ENSRNOG00000062747",0
"ENSRNOG00000070551",0
"ENSRNOG00000064865",0
"ENSRNOG00000023261",161
"ENSRNOG00000067487",0
"ENSRNOG00000068322",0
"ENSRNOG00000000164",7775
"ENSRNOG00000064974",5
"ENSRNOG00000032739",63
"ENSRNOG00000069713",1
"ENSRNOG00000066805",0
"ENSRNOG00000025200",0
"ENSRNOG00000061492",0
"ENSRNOG00000069137",314
"ENSRNOG00000068054",8
"ENSRNOG00000038369",0
"ENSRNOG00000069711",22
"ENSRNOG00000003201",1743
"ENSRNOG00000064310",205
"ENSRNOG00000062445",8
"ENSRNOG00000068684",89
"ENSRNOG00000066768",12
"ENSRNOG00000070511",1
"ENSRNOG00000065998",8
"ENSRNOG00000065014",11
"ENSRNOG00000037951",1615
"ENSRNOG00000070283",0
"ENSRNOG00000063391",0
"ENSRNOG00000029663",0
"ENSRNOG00000051341",50
"ENSRNOG00000068862",11
"ENSRNOG00000065796",0
"ENSRNOG00000071206",0
"ENSRNOG00000064849",0
"ENSRNOG00000070269",8
"ENSRNOG00000051300",1073
"ENSRNOG00000068564",0
"ENSRNOG00000067106",2
"ENSRNOG00000070042",0
"ENSRNOG00000068620",1
"ENSRNOG00000065954",8
"ENSRNOG00000060786",0
"ENSRNOG00000066627",2
"ENSRNOG00000045779",1189
"ENSRNOG00000056659",327
"ENSRNOG00000049388",0
"ENSRNOG00000057517",472
"ENSRNOG00000029497",0
"ENSRNOG00000065962",0
"ENSRNOG00000050051",57
"ENSRNOG00000008329",2195
"ENSRNOG00000043348",145
"ENSRNOG00000065341",1
"ENSRNOG00000067052",0
"ENSRNOG00000068802",0
"ENSRNOG00000064051",0
"ENSRNOG00000003208",65
"ENSRNOG00000034116",290
"ENSRNOG00000061692",0
"ENSRNOG00000004150",0
"ENSRNOG00000060464",521
"ENSRNOG00000022251",18
"ENSRNOG00000007315",1748
"ENSRNOG00000069722",74
"ENSRNOG00000063392",4
"ENSRNOG00000063610",107
"ENSRNOG00000069564",0
"ENSRNOG00000002323",188
"ENSRNOG00000068588",0
"ENSRNOG00000004258",0
"ENSRNOG00000068854",0
"ENSRNOG00000071051",0
"ENSRNOG00000068646",0
"ENSRNOG00000067826",0
"ENSRNOG00000055641",579
"ENSRNOG00000071143",0
"ENSRNOG00000039837",89
"ENSRNOG00000023637",1
"ENSRNOG00000060462",0
"ENSRNOG00000028202",0
"ENSRNOG00000063225",1
"ENSRNOG00000066448",28
"ENSRNOG00000062506",1
"ENSRNOG00000023458",0
"ENSRNOG00000037770",1
"ENSRNOG00000062748",0
"ENSRNOG00000069736",0
"ENSRNOG00000062599",22
"ENSRNOG00000063687",169
"ENSRNOG00000007949",7
"ENSRNOG00000037827",0
"ENSRNOG00000065229",312
"ENSRNOG00000071176",651
"ENSRNOG00000003984",29
"ENSRNOG00000053023",358
"ENSRNOG00000064623",367
"ENSRNOG00000068694",4
"ENSRNOG00000059655",140
"ENSRNOG00000064884",0
"ENSRNOG00000066548",51
"ENSRNOG00000046832",191
"ENSRNOG00000004265",0
"ENSRNOG00000063611",6
"ENSRNOG00000067650",0
"ENSRNOG00000003359",3447
"ENSRNOG00000050457",0
"ENSRNOG00000038267",0
"ENSRNOG00000057469",0
"ENSRNOG00000038299",3
"ENSRNOG00000070967",5
"ENSRNOG00000061511",0
"ENSRNOG00000028179",0
"ENSRNOG00000064387",0
"ENSRNOG00000062454",0
"ENSRNOG00000070430",0
"ENSRNOG00000068315",5
"ENSRNOG00000003765",0
"ENSRNOG00000067012",13
"ENSRNOG00000066849",0
"ENSRNOG00000063899",10
"ENSRNOG00000070594",407
"ENSRNOG00000068449",190
"ENSRNOG00000055962",259260
"ENSRNOG00000003643",158
"ENSRNOG00000066309",72
"ENSRNOG00000070880",0
"ENSRNOG00000002960",2
"ENSRNOG00000037919",78
"ENSRNOG00000064015",121
"ENSRNOG00000029010",0
"ENSRNOG00000003762",53
"ENSRNOG00000048202",0
"ENSRNOG00000063359",26
"ENSRNOG00000029778",11
"ENSRNOG00000070004",2808
"ENSRNOG00000000161",790
"ENSRNOG00000069652",3
"ENSRNOG00000063832",1
"ENSRNOG00000037911",0
"ENSRNOG00000062833",0
"ENSRNOG00000071099",1
"ENSRNOG00000051529",0
"ENSRNOG00000003533",83
"ENSRNOG00000070562",5
"ENSRNOG00000070148",62
"ENSRNOG00000003470",387
"ENSRNOG00000048295",15
"ENSRNOG00000067054",0
"ENSRNOG00000051438",0
"ENSRNOG00000024271",0
"ENSRNOG00000051216",0
"ENSRNOG00000055557",0
"ENSRNOG00000023383",6497
"ENSRNOG00000002848",1383
"ENSRNOG00000005352",498
"ENSRNOG00000067105",314
"ENSRNOG00000060839",0
"ENSRNOG00000064231",91
"ENSRNOG00000030819",5
"ENSRNOG00000029885",902
"ENSRNOG00000002986",0
"ENSRNOG00000068101",261
"ENSRNOG00000003305",0
"ENSRNOG00000060580",653
"ENSRNOG00000060262",332
"ENSRNOG00000065297",0
"ENSRNOG00000003956",880
"ENSRNOG00000024053",0
"ENSRNOG00000065493",0
"ENSRNOG00000070277",130
"ENSRNOG00000002974",0
"ENSRNOG00000004581",656
"ENSRNOG00000009646",3
"ENSRNOG00000004512",125
"ENSRNOG00000054219",1
"ENSRNOG00000003009",0
"ENSRNOG00000022267",0
"ENSRNOG00000062844",68
"ENSRNOG00000053061",0
"ENSRNOG00000028189",0
"ENSRNOG00000003189",4
"ENSRNOG00000055514",0
"ENSRNOG00000061191",0
"ENSRNOG00000060885",0
"ENSRNOG00000061731",0
"ENSRNOG00000024517",0
"ENSRNOG00000016622",221
"ENSRNOG00000056905",0
"ENSRNOG00000070236",10
"ENSRNOG00000053235",0
"ENSRNOG00000055256",0
"ENSRNOG00000022411",0
"ENSRNOG00000058942",0
"ENSRNOG00000003792",1736
"ENSRNOG00000055960",0
"ENSRNOG00000002389",5738
"ENSRNOG00000061257",0
"ENSRNOG00000003749",149
"ENSRNOG00000060096",0
"ENSRNOG00000005687",0
"ENSRNOG00000051820",0
"ENSRNOG00000063220",1
"ENSRNOG00000003756",148
"ENSRNOG00000052762",0
"ENSRNOG00000030118",9981
"ENSRNOG00000070588",0
"ENSRNOG00000056740",0
"ENSRNOG00000062381",5
"ENSRNOG00000059230",0
"ENSRNOG00000060982",0
"ENSRNOG00000002391",0
"ENSRNOG00000060623",662
"ENSRNOG00000053191",0
"ENSRNOG00000060754",0
"ENSRNOG00000065140",0
"ENSRNOG00000003611",452
"ENSRNOG00000069164",0
"ENSRNOG00000058253",0
"ENSRNOG00000007371",39
"ENSRNOG00000066338",0
"ENSRNOG00000046366",546
"ENSRNOG00000031294",0
"ENSRNOG00000063682",0
"ENSRNOG00000065192",0
"ENSRNOG00000023187",458
"ENSRNOG00000068085",0
"ENSRNOG00000063637",0
"ENSRNOG00000004776",916
"ENSRNOG00000002419",44
"ENSRNOG00000052095",0
"ENSRNOG00000064801",0
"ENSRNOG00000006698",17
"ENSRNOG00000060642",0
"ENSRNOG00000070436",0
"ENSRNOG00000061195",40
"ENSRNOG00000064902",1
"ENSRNOG00000060546",0
"ENSRNOG00000068390",0
"ENSRNOG00000038132",0
"ENSRNOG00000003858",1389
"ENSRNOG00000063746",0
"ENSRNOG00000069840",10
"ENSRNOG00000068320",0
"ENSRNOG00000005012",358
"ENSRNOG00000070416",0
"ENSRNOG00000055265",0
"ENSRNOG00000031058",0
"ENSRNOG00000064543",0
"ENSRNOG00000057622",103
"ENSRNOG00000055812",0
"ENSRNOG00000061126",0
"ENSRNOG00000004133",5
"ENSRNOG00000059814",0
"ENSRNOG00000071055",0
"ENSRNOG00000069201",0
"ENSRNOG00000064676",0
"ENSRNOG00000063786",0
"ENSRNOG00000021972",0
"ENSRNOG00000064215",0
"ENSRNOG00000061787",0
"ENSRNOG00000058743",0
"ENSRNOG00000055721",0
"ENSRNOG00000032522",19
"ENSRNOG00000051644",0
"ENSRNOG00000063333",0
"ENSRNOG00000061252",0
"ENSRNOG00000021694",1
"ENSRNOG00000051827",0
"ENSRNOG00000069980",0
"ENSRNOG00000061196",0
"ENSRNOG00000060086",0
"ENSRNOG00000024250",636
"ENSRNOG00000034183",0
"ENSRNOG00000027850",13
"ENSRNOG00000060374",4
"ENSRNOG00000054868",0
"ENSRNOG00000054890",19666
"ENSRNOG00000054382",0
"ENSRNOG00000019180",792
"ENSRNOG00000064035",0
"ENSRNOG00000057593",0
"ENSRNOG00000066087",0
"ENSRNOG00000066017",0
"ENSRNOG00000050970",2
"ENSRNOG00000063729",0
"ENSRNOG00000070898",0
"ENSRNOG00000064772",0
"ENSRNOG00000062822",0
"ENSRNOG00000070754",0
"ENSRNOG00000001506",9
"ENSRNOG00000065849",0
"ENSRNOG00000063296",0
"ENSRNOG00000051544",0
"ENSRNOG00000037736",0
"ENSRNOG00000065426",0
"ENSRNOG00000019168",27
"ENSRNOG00000070581",0
"ENSRNOG00000012294",161
"ENSRNOG00000030722",0
"ENSRNOG00000057374",0
"ENSRNOG00000042394",0
"ENSRNOG00000060946",397
"ENSRNOG00000062498",0
"ENSRNOG00000003965",1
"ENSRNOG00000068840",0
"ENSRNOG00000069753",0
"ENSRNOG00000051769",0
"ENSRNOG00000056593",0
"ENSRNOG00000048738",1816
"ENSRNOG00000070185",0
"ENSRNOG00000053894",0
"ENSRNOG00000054011",1097
"ENSRNOG00000027239",11
"ENSRNOG00000056006",0
"ENSRNOG00000007600",0
"ENSRNOG00000067960",0
"ENSRNOG00000029038",280
"ENSRNOG00000042470",0
"ENSRNOG00000052001",0
"ENSRNOG00000053094",0
"ENSRNOG00000047663",0
"ENSRNOG00000003122",120
"ENSRNOG00000061101",0
"ENSRNOG00000061894",0
"ENSRNOG00000058963",0
"ENSRNOG00000055269",0
"ENSRNOG00000055648",322
"ENSRNOG00000062221",0
"ENSRNOG00000041327",0
"ENSRNOG00000050508",0
"ENSRNOG00000026712",0
"ENSRNOG00000064172",0
"ENSRNOG00000003875",713
"ENSRNOG00000036562",0
"ENSRNOG00000057826",68
"ENSRNOG00000041236",0
"ENSRNOG00000008880",20
"ENSRNOG00000059896",0
"ENSRNOG00000036264",0
"ENSRNOG00000004118",1
"ENSRNOG00000041288",0
"ENSRNOG00000036262",0
"ENSRNOG00000004819",171
"ENSRNOG00000011120",0
"ENSRNOG00000057982",0
"ENSRNOG00000048143",0
"ENSRNOG00000036268",0
"ENSRNOG00000041538",0
"ENSRNOG00000006797",348
"ENSRNOG00000035627",0
"ENSRNOG00000065509",0
"ENSRNOG00000036558",0
"ENSRNOG00000061112",0
"ENSRNOG00000057365",0
"ENSRNOG00000035505",0
"ENSRNOG00000035592",0
"ENSRNOG00000003063",327
"ENSRNOG00000036567",0
"ENSRNOG00000058545",24
"ENSRNOG00000067075",0
"ENSRNOG00000047712",1
"ENSRNOG00000041299",0
"ENSRNOG00000041334",0
"ENSRNOG00000006871",83
"ENSRNOG00000066786",0
"ENSRNOG00000040458",0
"ENSRNOG00000054747",0
"ENSRNOG00000039759",5
"ENSRNOG00000063664",488
"ENSRNOG00000069692",0
"ENSRNOG00000019086",0
"ENSRNOG00000067793",0
"ENSRNOG00000003227",0
"ENSRNOG00000002708",1174
"ENSRNOG00000060970",0
"ENSRNOG00000024068",0
"ENSRNOG00000051669",210
"ENSRNOG00000039576",431
"ENSRNOG00000030880",2812
"ENSRNOG00000070635",0
"ENSRNOG00000004275",0
"ENSRNOG00000063657",0
"ENSRNOG00000039571",16
"ENSRNOG00000005076",455
"ENSRNOG00000052721",591
"ENSRNOG00000003929",35
"ENSRNOG00000057147",2135
"ENSRNOG00000050960",270
"ENSRNOG00000062696",3
"ENSRNOG00000059862",0
"ENSRNOG00000031956",0
"ENSRNOG00000004613",1458
"ENSRNOG00000056983",2
"ENSRNOG00000005215",0
"ENSRNOG00000006967",1006
"ENSRNOG00000009749",723
"ENSRNOG00000026704",1
"ENSRNOG00000046484",10
"ENSRNOG00000003613",474
"ENSRNOG00000007879",364
"ENSRNOG00000003688",3
"ENSRNOG00000054495",1
"ENSRNOG00000003786",657
"ENSRNOG00000045992",0
"ENSRNOG00000061230",7
"ENSRNOG00000060846",394
"ENSRNOG00000064119",431
"ENSRNOG00000022166",311
"ENSRNOG00000052181",0
"ENSRNOG00000003228",319
"ENSRNOG00000032729",1
"ENSRNOG00000030443",1077
"ENSRNOG00000002790",208
"ENSRNOG00000063684",0
"ENSRNOG00000004869",0
"ENSRNOG00000046790",0
"ENSRNOG00000002487",169
"ENSRNOG00000003229",955
"ENSRNOG00000004330",0
"ENSRNOG00000047931",31899
"ENSRNOG00000027601",28
"ENSRNOG00000065918",90
"ENSRNOG00000009071",230
"ENSRNOG00000024762",1
"ENSRNOG00000029582",48
"ENSRNOG00000042276",100
"ENSRNOG00000005639",239
"ENSRNOG00000034240",951
"ENSRNOG00000003960",0
"ENSRNOG00000002923",0
"ENSRNOG00000031638",0
"ENSRNOG00000003526",93
"ENSRNOG00000061102",116
"ENSRNOG00000067524",0
"ENSRNOG00000004574",381
"ENSRNOG00000067242",5
"ENSRNOG00000032858",0
"ENSRNOG00000030622",24
"ENSRNOG00000011081",0
"ENSRNOG00000050178",0
"ENSRNOG00000051287",0
"ENSRNOG00000051223",0
"ENSRNOG00000039544",372
"ENSRNOG00000023469",0
"ENSRNOG00000002832",1281
"ENSRNOG00000029106",0
"ENSRNOG00000068510",0
"ENSRNOG00000069107",0
"ENSRNOG00000039587",733
"ENSRNOG00000003674",250
"ENSRNOG00000037684",0
"ENSRNOG00000030346",11
"ENSRNOG00000063829",0
"ENSRNOG00000026152",0
"ENSRNOG00000030418",1156
"ENSRNOG00000058439",344
"ENSRNOG00000002662",572
"ENSRNOG00000037611",4
"ENSRNOG00000003345",0
"ENSRNOG00000066239",129
"ENSRNOG00000064977",0
"ENSRNOG00000065488",4
"ENSRNOG00000056728",5015
"ENSRNOG00000051281",0
"ENSRNOG00000070013",0
"ENSRNOG00000027972",9
"ENSRNOG00000003585",3
"ENSRNOG00000052407",1
"ENSRNOG00000022286",0
"ENSRNOG00000046280",3
"ENSRNOG00000002951",4
"ENSRNOG00000060936",258
"ENSRNOG00000003313",0
"ENSRNOG00000007552",0
"ENSRNOG00000069062",0
"ENSRNOG00000038230",0
"ENSRNOG00000057753",0
"ENSRNOG00000064026",0
"ENSRNOG00000009687",151
"ENSRNOG00000031719",0
"ENSRNOG00000069323",0
"ENSRNOG00000065059",0
"ENSRNOG00000054545",0
"ENSRNOG00000018951",3065
"ENSRNOG00000046702",0
"ENSRNOG00000003715",1161
"ENSRNOG00000053562",1
"ENSRNOG00000003370",6
"ENSRNOG00000049427",0
"ENSRNOG00000008764",1377
"ENSRNOG00000029559",0
"ENSRNOG00000002529",438
"ENSRNOG00000043508",0
"ENSRNOG00000023733",963
"ENSRNOG00000068726",0
"ENSRNOG00000067365",0
"ENSRNOG00000047132",39
"ENSRNOG00000011494",113
"ENSRNOG00000003110",0
"ENSRNOG00000060179",2122
"ENSRNOG00000051408",1389
"ENSRNOG00000011513",1052
"ENSRNOG00000003452",1
"ENSRNOG00000055102",0
"ENSRNOG00000063233",9
"ENSRNOG00000046469",0
"ENSRNOG00000032038",0
"ENSRNOG00000002285",99
"ENSRNOG00000045622",4
"ENSRNOG00000003587",484
"ENSRNOG00000011034",0
"ENSRNOG00000011661",922
"ENSRNOG00000061530",0
"ENSRNOG00000064060",0
"ENSRNOG00000069520",1
"ENSRNOG00000066891",2
"ENSRNOG00000050006",0
"ENSRNOG00000010846",169
"ENSRNOG00000066471",24
"ENSRNOG00000063831",1
"ENSRNOG00000054900",0
"ENSRNOG00000058249",3134
"ENSRNOG00000033176",116
"ENSRNOG00000046862",521
"ENSRNOG00000066217",0
"ENSRNOG00000009893",417
"ENSRNOG00000065464",0
"ENSRNOG00000063412",44
"ENSRNOG00000003346",18
"ENSRNOG00000010171",1759
"ENSRNOG00000003013",2368
"ENSRNOG00000043128",171
"ENSRNOG00000069699",27
"ENSRNOG00000028011",0
"ENSRNOG00000025811",47
"ENSRNOG00000070381",1
"ENSRNOG00000003350",1108
"ENSRNOG00000032738",0
"ENSRNOG00000065924",110
"ENSRNOG00000055939",81
"ENSRNOG00000028993",13876
"ENSRNOG00000002276",382
"ENSRNOG00000024135",175
"ENSRNOG00000051319",2
"ENSRNOG00000064542",0
"ENSRNOG00000056703",1537
"ENSRNOG00000056398",1289
"ENSRNOG00000056772",1295
"ENSRNOG00000005624",1807
"ENSRNOG00000063223",96
"ENSRNOG00000024138",0
"ENSRNOG00000069720",0
"ENSRNOG00000038686",622
"ENSRNOG00000063806",56
"ENSRNOG00000011702",7
"ENSRNOG00000023163",8
"ENSRNOG00000039762",0
"ENSRNOG00000004009",0
"ENSRNOG00000023094",0
"ENSRNOG00000005430",19
"ENSRNOG00000003342",4
"ENSRNOG00000063120",0
"ENSRNOG00000012513",1108
"ENSRNOG00000065758",86
"ENSRNOG00000004124",17
"ENSRNOG00000063778",0
"ENSRNOG00000055454",6
"ENSRNOG00000039615",0
"ENSRNOG00000066456",0
"ENSRNOG00000031665",0
"ENSRNOG00000023269",1327
"ENSRNOG00000059641",15
"ENSRNOG00000063709",0
"ENSRNOG00000005753",60
"ENSRNOG00000003261",8579
"ENSRNOG00000002844",59
"ENSRNOG00000062806",0
"ENSRNOG00000064782",0
"ENSRNOG00000006515",375
"ENSRNOG00000028611",813
"ENSRNOG00000004304",387
"ENSRNOG00000033844",1
"ENSRNOG00000030417",0
"ENSRNOG00000002975",81
"ENSRNOG00000006067",240
"ENSRNOG00000003085",0
"ENSRNOG00000043306",0
"ENSRNOG00000006459",399
"ENSRNOG00000028033",0
"ENSRNOG00000066885",0
"ENSRNOG00000013322",186
"ENSRNOG00000062513",0
"ENSRNOG00000027233",0
"ENSRNOG00000003099",1907
"ENSRNOG00000070576",0
"ENSRNOG00000025705",2108
"ENSRNOG00000003158",523
"ENSRNOG00000052626",0
"ENSRNOG00000070906",0
"ENSRNOG00000003178",79
"ENSRNOG00000004257",1284
"ENSRNOG00000057785",0
"ENSRNOG00000002751",92
"ENSRNOG00000030619",0
"ENSRNOG00000064823",0
"ENSRNOG00000068767",43
"ENSRNOG00000056492",0
"ENSRNOG00000038965",114
"ENSRNOG00000068658",0
"ENSRNOG00000056101",0
"ENSRNOG00000056547",0
"ENSRNOG00000030999",0
"ENSRNOG00000045695",1372
"ENSRNOG00000053806",0
"ENSRNOG00000050562",156
"ENSRNOG00000033335",50
"ENSRNOG00000063926",0
"ENSRNOG00000024350",1
"ENSRNOG00000063064",0
"ENSRNOG00000070212",0
"ENSRNOG00000009605",1585
"ENSRNOG00000066639",0
"ENSRNOG00000063299",0
"ENSRNOG00000012358",94
"ENSRNOG00000059086",0
"ENSRNOG00000066228",0
"ENSRNOG00000064102",0
"ENSRNOG00000061403",0
"ENSRNOG00000068302",0
"ENSRNOG00000063287",1
"ENSRNOG00000054339",19
"ENSRNOG00000056968",1
"ENSRNOG00000061586",0
"ENSRNOG00000065810",0
"ENSRNOG00000061686",0
"ENSRNOG00000064383",0
"ENSRNOG00000053780",0
"ENSRNOG00000049382",3320
"ENSRNOG00000062323",0
"ENSRNOG00000066895",0
"ENSRNOG00000031367",584
"ENSRNOG00000056300",0
"ENSRNOG00000065456",0
"ENSRNOG00000004120",5
"ENSRNOG00000042530",0
"ENSRNOG00000032970",0
"ENSRNOG00000057906",0
"ENSRNOG00000030228",1539
"ENSRNOG00000053153",0
"ENSRNOG00000004222",0
"ENSRNOG00000002365",0
"ENSRNOG00000028751",1
"ENSRNOG00000051365",0
"ENSRNOG00000065575",0
"ENSRNOG00000012787",721
"ENSRNOG00000065877",2
"ENSRNOG00000069354",0
"ENSRNOG00000066668",0
"ENSRNOG00000055009",0
"ENSRNOG00000004319",6724
"ENSRNOG00000065651",0
"ENSRNOG00000057745",0
"ENSRNOG00000004160",277
"ENSRNOG00000067660",48
"ENSRNOG00000057599",0
"ENSRNOG00000056159",0
"ENSRNOG00000002346",0
"ENSRNOG00000024479",4
"ENSRNOG00000061094",0
"ENSRNOG00000068889",0
"ENSRNOG00000067646",0
"ENSRNOG00000061385",0
"ENSRNOG00000062466",647
"ENSRNOG00000057375",0
"ENSRNOG00000004249",1
"ENSRNOG00000056135",709
"ENSRNOG00000060793",5564
"ENSRNOG00000066349",0
"ENSRNOG00000057784",0
"ENSRNOG00000037455",0
"ENSRNOG00000058350",0
"ENSRNOG00000026351",0
"ENSRNOG00000052132",0
"ENSRNOG00000047231",20
"ENSRNOG00000061703",0
"ENSRNOG00000025730",1028
"ENSRNOG00000006670",21
"ENSRNOG00000063434",0
"ENSRNOG00000066429",0
"ENSRNOG00000005402",202
"ENSRNOG00000059253",0
"ENSRNOG00000051360",0
"ENSRNOG00000049853",3
"ENSRNOG00000064790",0
"ENSRNOG00000025211",0
"ENSRNOG00000057907",0
"ENSRNOG00000010348",0
"ENSRNOG00000003705",0
"ENSRNOG00000053117",0
"ENSRNOG00000037661",1145
"ENSRNOG00000067126",0
"ENSRNOG00000070960",1
"ENSRNOG00000022848",0
"ENSRNOG00000055202",0
"ENSRNOG00000067179",0
"ENSRNOG00000037845",0
"ENSRNOG00000069728",0
"ENSRNOG00000049849",304
"ENSRNOG00000056042",0
"ENSRNOG00000022806",11
"ENSRNOG00000069345",0
"ENSRNOG00000029330",149
"ENSRNOG00000029078",1
"ENSRNOG00000065911",0
"ENSRNOG00000059358",0
"ENSRNOG00000002379",2
"ENSRNOG00000065371",0
"ENSRNOG00000023005",0
"ENSRNOG00000011729",8
"ENSRNOG00000065841",0
"ENSRNOG00000004676",274
"ENSRNOG00000066206",0
"ENSRNOG00000052694",1
"ENSRNOG00000060712",0
"ENSRNOG00000067906",0
"ENSRNOG00000068778",0
"ENSRNOG00000065427",1
"ENSRNOG00000069571",45
"ENSRNOG00000066440",0
"ENSRNOG00000048066",1
"ENSRNOG00000056924",0
"ENSRNOG00000065224",0
"ENSRNOG00000065883",735
"ENSRNOG00000037838",5
"ENSRNOG00000068927",0
"ENSRNOG00000002387",297
"ENSRNOG00000063107",0
"ENSRNOG00000062343",0
"ENSRNOG00000052123",0
"ENSRNOG00000053261",0
"ENSRNOG00000069846",0
"ENSRNOG00000064388",0
"ENSRNOG00000028822",1370
"ENSRNOG00000054644",0
"ENSRNOG00000000879",469
"ENSRNOG00000067319",0
"ENSRNOG00000002451",0
"ENSRNOG00000062658",0
"ENSRNOG00000032973",0
"ENSRNOG00000053584",0
"ENSRNOG00000060856",0
"ENSRNOG00000011113",0
"ENSRNOG00000048817",58
"ENSRNOG00000063933",6
"ENSRNOG00000051310",0
"ENSRNOG00000002428",32
"ENSRNOG00000067786",143
"ENSRNOG00000065631",54
"ENSRNOG00000061508",131
"ENSRNOG00000029935",0
"ENSRNOG00000067513",0
"ENSRNOG00000011508",81
"ENSRNOG00000056326",0
"ENSRNOG00000002921",1
"ENSRNOG00000027520",8695
"ENSRNOG00000054559",0
"ENSRNOG00000052401",0
"ENSRNOG00000070035",193
"ENSRNOG00000053104",0
"ENSRNOG00000037839",0
"ENSRNOG00000052165",0
"ENSRNOG00000052635",0
"ENSRNOG00000070771",4
"ENSRNOG00000056635",0
"ENSRNOG00000057644",0
"ENSRNOG00000056858",0
"ENSRNOG00000058703",0
"ENSRNOG00000012786",2651
"ENSRNOG00000045577",0
"ENSRNOG00000049985",158
"ENSRNOG00000054689",599
"ENSRNOG00000059000",0
"ENSRNOG00000056735",285
"ENSRNOG00000056465",0
"ENSRNOG00000067534",0
"ENSRNOG00000009746",92
"ENSRNOG00000058792",0
"ENSRNOG00000066758",0
"ENSRNOG00000058540",1
"ENSRNOG00000055485",1
"ENSRNOG00000064032",0
"ENSRNOG00000057825",0
"ENSRNOG00000067447",0
"ENSRNOG00000054805",0
"ENSRNOG00000004903",425
"ENSRNOG00000058904",1
"ENSRNOG00000006756",9554
"ENSRNOG00000067672",0
"ENSRNOG00000068061",0
"ENSRNOG00000061367",931
"ENSRNOG00000063973",25
"ENSRNOG00000066168",2
"ENSRNOG00000068049",0
"ENSRNOG00000003187",126
"ENSRNOG00000066717",0
"ENSRNOG00000066062",0
"ENSRNOG00000058336",0
"ENSRNOG00000005303",339
"ENSRNOG00000056084",0
"ENSRNOG00000069859",0
"ENSRNOG00000003194",61
"ENSRNOG00000053885",0
"ENSRNOG00000059999",0
"ENSRNOG00000013162",5
"ENSRNOG00000070753",0
"ENSRNOG00000065170",0
"ENSRNOG00000022476",2
"ENSRNOG00000066034",0
"ENSRNOG00000070348",0
"ENSRNOG00000070790",1
"ENSRNOG00000060763",0
"ENSRNOG00000063275",1534
"ENSRNOG00000003191",444
"ENSRNOG00000068964",0
"ENSRNOG00000005387",7878
"ENSRNOG00000007733",161
"ENSRNOG00000004036",1312
"ENSRNOG00000027331",19
"ENSRNOG00000037658",121
"ENSRNOG00000030519",0
"ENSRNOG00000003622",4
"ENSRNOG00000047960",29
"ENSRNOG00000003836",0
"ENSRNOG00000014029",1141
"ENSRNOG00000033316",256
"ENSRNOG00000034182",511
"ENSRNOG00000007984",692
"ENSRNOG00000027767",0
"ENSRNOG00000012995",0
"ENSRNOG00000067596",0
"ENSRNOG00000048025",1942
"ENSRNOG00000057091",23
"ENSRNOG00000003954",0
"ENSRNOG00000062241",2
"ENSRNOG00000047339",416
"ENSRNOG00000003949",156
"ENSRNOG00000046021",24
"ENSRNOG00000027899",0
"ENSRNOG00000018923",2079
"ENSRNOG00000067767",0
"ENSRNOG00000063456",20
"ENSRNOG00000032132",2
"ENSRNOG00000056845",0
"ENSRNOG00000069852",0
"ENSRNOG00000050510",1932
"ENSRNOG00000002429",4
"ENSRNOG00000053351",0
"ENSRNOG00000003783",0
"ENSRNOG00000069303",4686
"ENSRNOG00000030759",278
"ENSRNOG00000046918",214
"ENSRNOG00000038269",0
"ENSRNOG00000004882",9
"ENSRNOG00000023256",0
"ENSRNOG00000038257",7
"ENSRNOG00000042751",0
"ENSRNOG00000040008",1
"ENSRNOG00000058952",0
"ENSRNOG00000002862",348
"ENSRNOG00000043229",0
"ENSRNOG00000050041",0
"ENSRNOG00000038066",2
"ENSRNOG00000067987",0
"ENSRNOG00000003726",24
"ENSRNOG00000071183",1
"ENSRNOG00000038046",0
"ENSRNOG00000000875",7348
"ENSRNOG00000062756",0
"ENSRNOG00000003848",1708
"ENSRNOG00000066828",0
"ENSRNOG00000054638",0
"ENSRNOG00000013018",355
"ENSRNOG00000038169",124
"ENSRNOG00000025383",1329
"ENSRNOG00000002984",0
"ENSRNOG00000031534",0
"ENSRNOG00000031517",4299
"ENSRNOG00000004197",64
"ENSRNOG00000008177",50
"ENSRNOG00000042687",0
"ENSRNOG00000048706",116
"ENSRNOG00000039305",0
"ENSRNOG00000003025",1
"ENSRNOG00000026267",1112
"ENSRNOG00000062879",5
"ENSRNOG00000033484",0
"ENSRNOG00000030877",0
"ENSRNOG00000042779",3
"ENSRNOG00000062360",639
"ENSRNOG00000003062",660
"ENSRNOG00000006877",125
"ENSRNOG00000021400",0
"ENSRNOG00000025290",2
"ENSRNOG00000031286",4
"ENSRNOG00000065591",37
"ENSRNOG00000003008",0
"ENSRNOG00000062346",0
"ENSRNOG00000027761",322
"ENSRNOG00000018301",259
"ENSRNOG00000048011",3
"ENSRNOG00000063494",1
"ENSRNOG00000002565",1020
"ENSRNOG00000066262",0
"ENSRNOG00000002660",93
"ENSRNOG00000062951",0
"ENSRNOG00000000871",0
"ENSRNOG00000003812",42
"ENSRNOG00000068306",1179
"ENSRNOG00000039323",2
"ENSRNOG00000028585",1551
"ENSRNOG00000031283",0
"ENSRNOG00000005736",2983
"ENSRNOG00000032807",672
"ENSRNOG00000028050",0
"ENSRNOG00000033458",0
"ENSRNOG00000042753",180
"ENSRNOG00000002784",0
"ENSRNOG00000040013",0
"ENSRNOG00000029090",0
"ENSRNOG00000037799",0
"ENSRNOG00000005135",84
"ENSRNOG00000066048",684
"ENSRNOG00000028044",0
"ENSRNOG00000021748",162
"ENSRNOG00000029736",0
"ENSRNOG00000065266",3
"ENSRNOG00000065209",0
"ENSRNOG00000032797",0
"ENSRNOG00000026315",1
"ENSRNOG00000027907",0
"ENSRNOG00000069568",446
"ENSRNOG00000069398",0
"ENSRNOG00000040033",0
"ENSRNOG00000003354",0
"ENSRNOG00000066859",0
"ENSRNOG00000053601",150
"ENSRNOG00000002592",1
"ENSRNOG00000046053",0
"ENSRNOG00000032390",2
"ENSRNOG00000003030",0
"ENSRNOG00000029850",0
"ENSRNOG00000002959",265
"ENSRNOG00000069000",0
"ENSRNOG00000054401",0
"ENSRNOG00000024884",0
"ENSRNOG00000021547",0
"ENSRNOG00000029087",117
"ENSRNOG00000048213",0
"ENSRNOG00000060542",234
"ENSRNOG00000029926",101
"ENSRNOG00000006642",297
"ENSRNOG00000007766",470
"ENSRNOG00000003377",0
"ENSRNOG00000067363",1
"ENSRNOG00000049355",0
"ENSRNOG00000046390",10
"ENSRNOG00000004322",24
"ENSRNOG00000028847",0
"ENSRNOG00000032208",1
"ENSRNOG00000037707",103
"ENSRNOG00000043182",240
"ENSRNOG00000058183",19
"ENSRNOG00000002291",188
"ENSRNOG00000049020",0
"ENSRNOG00000024801",474
"ENSRNOG00000000869",879
"ENSRNOG00000030475",209
"ENSRNOG00000045618",0
"ENSRNOG00000062353",1829
"ENSRNOG00000046858",1
"ENSRNOG00000037610",0
"ENSRNOG00000039203",1545
"ENSRNOG00000034198",685
"ENSRNOG00000021589",7
"ENSRNOG00000067072",772
"ENSRNOG00000026227",0
"ENSRNOG00000019176",0
"ENSRNOG00000022939",303
"ENSRNOG00000037711",0
"ENSRNOG00000047100",0
"ENSRNOG00000022391",34
"ENSRNOG00000066509",0
"ENSRNOG00000037645",0
"ENSRNOG00000039192",6
"ENSRNOG00000040026",0
"ENSRNOG00000026265",0
"ENSRNOG00000066297",140
"ENSRNOG00000050465",285
"ENSRNOG00000010092",48
"ENSRNOG00000004795",0
"ENSRNOG00000012756",5
"ENSRNOG00000029512",17
"ENSRNOG00000064591",0
"ENSRNOG00000003430",0
"ENSRNOG00000039496",9973
"ENSRNOG00000039980",1033
"ENSRNOG00000030645",9
"ENSRNOG00000027658",0
"ENSRNOG00000049392",1
"ENSRNOG00000012564",331
"ENSRNOG00000069556",0
"ENSRNOG00000061620",0
"ENSRNOG00000022417",505
"ENSRNOG00000003554",215
"ENSRNOG00000031533",0
"ENSRNOG00000004409",1
"ENSRNOG00000070784",0
"ENSRNOG00000003707",932
"ENSRNOG00000063745",0
"ENSRNOG00000063942",5
"ENSRNOG00000003734",16
"ENSRNOG00000068286",12
"ENSRNOG00000023016",0
"ENSRNOG00000063278",493
"ENSRNOG00000021434",0
"ENSRNOG00000039985",2186
"ENSRNOG00000048990",0
"ENSRNOG00000003456",0
"ENSRNOG00000037506",0
"ENSRNOG00000069375",5
"ENSRNOG00000071109",0
"ENSRNOG00000003742",134
"ENSRNOG00000063966",1276
"ENSRNOG00000033413",0
"ENSRNOG00000065461",0
"ENSRNOG00000033628",0
"ENSRNOG00000065004",6
"ENSRNOG00000029322",0
"ENSRNOG00000067186",0
"ENSRNOG00000007345",232
"ENSRNOG00000049908",180
"ENSRNOG00000063711",0
"ENSRNOG00000062329",22
"ENSRNOG00000069341",1
"ENSRNOG00000062994",0
"ENSRNOG00000058089",0
"ENSRNOG00000034150",1457
"ENSRNOG00000064868",0
"ENSRNOG00000030434",1
"ENSRNOG00000045535",641
"ENSRNOG00000062421",244
"ENSRNOG00000029788",0
"ENSRNOG00000066544",0
"ENSRNOG00000069643",0
"ENSRNOG00000058173",0
"ENSRNOG00000007688",90
"ENSRNOG00000067223",48
"ENSRNOG00000070469",0
"ENSRNOG00000066398",0
"ENSRNOG00000013321",2129
"ENSRNOG00000070141",0
"ENSRNOG00000059783",0
"ENSRNOG00000043487",0
"ENSRNOG00000005176",15
"ENSRNOG00000003472",334
"ENSRNOG00000067844",1
"ENSRNOG00000067113",0
"ENSRNOG00000067936",0
"ENSRNOG00000063423",0
"ENSRNOG00000047491",2
"ENSRNOG00000063525",0
"ENSRNOG00000002509",1384
"ENSRNOG00000060421",0
"ENSRNOG00000048356",499
"ENSRNOG00000040249",0
"ENSRNOG00000051885",7
"ENSRNOG00000058333",0
"ENSRNOG00000005681",2
"ENSRNOG00000070384",3
"ENSRNOG00000004971",230
"ENSRNOG00000052773",0
"ENSRNOG00000069211",0
"ENSRNOG00000050915",0
"ENSRNOG00000002449",866
"ENSRNOG00000059720",0
"ENSRNOG00000005157",4337
"ENSRNOG00000038970",813
"ENSRNOG00000064829",171
"ENSRNOG00000064917",362
"ENSRNOG00000007014",3
"ENSRNOG00000068201",0
"ENSRNOG00000062296",19
"ENSRNOG00000037399",0
"ENSRNOG00000062231",255
"ENSRNOG00000065027",0
"ENSRNOG00000023440",67
"ENSRNOG00000000873",1
"ENSRNOG00000003531",0
"ENSRNOG00000024763",79
"ENSRNOG00000068015",0
"ENSRNOG00000068349",1
"ENSRNOG00000046097",0
"ENSRNOG00000068897",0
"ENSRNOG00000051726",0
"ENSRNOG00000007495",6
"ENSRNOG00000065503",0
"ENSRNOG00000002537",126
"ENSRNOG00000003883",78
"ENSRNOG00000003532",2
"ENSRNOG00000071107",0
"ENSRNOG00000043402",0
"ENSRNOG00000071186",0
"ENSRNOG00000064144",0
"ENSRNOG00000070324",0
"ENSRNOG00000003809",2059
"ENSRNOG00000060137",344
"ENSRNOG00000071039",0
"ENSRNOG00000000866",1419
"ENSRNOG00000003763",1102
"ENSRNOG00000032418",0
"ENSRNOG00000024322",87
"ENSRNOG00000000861",0
"ENSRNOG00000032629",0
"ENSRNOG00000006632",1127
"ENSRNOG00000011562",0
"ENSRNOG00000057706",1216
"ENSRNOG00000002413",2541
"ENSRNOG00000070217",6
"ENSRNOG00000061782",341
"ENSRNOG00000049579",1
"ENSRNOG00000007644",582
"ENSRNOG00000003049",812
"ENSRNOG00000003409",0
"ENSRNOG00000003081",52
"ENSRNOG00000064007",0
"ENSRNOG00000069252",0
"ENSRNOG00000003139",1178
"ENSRNOG00000003860",1
"ENSRNOG00000027831",78
"ENSRNOG00000029158",0
"ENSRNOG00000012560",0
"ENSRNOG00000003713",0
"ENSRNOG00000058975",1017
"ENSRNOG00000046662",777
"ENSRNOG00000060486",69
"ENSRNOG00000063224",0
"ENSRNOG00000063647",1
"ENSRNOG00000058521",0
"ENSRNOG00000066658",0
"ENSRNOG00000001465",9420
"ENSRNOG00000070796",0
"ENSRNOG00000037381",0
"ENSRNOG00000031222",0
"ENSRNOG00000063675",0
"ENSRNOG00000058507",28
"ENSRNOG00000048059",0
"ENSRNOG00000011047",860
"ENSRNOG00000063254",207
"ENSRNOG00000011096",264
"ENSRNOG00000063631",20
"ENSRNOG00000067343",1
"ENSRNOG00000062315",0
"ENSRNOG00000069253",0
"ENSRNOG00000052572",1
"ENSRNOG00000022882",4905
"ENSRNOG00000064535",270
"ENSRNOG00000053397",9
"ENSRNOG00000003435",4
"ENSRNOG00000061428",0
"ENSRNOG00000056855",0
"ENSRNOG00000067514",67
"ENSRNOG00000069396",180
"ENSRNOG00000015544",694
"ENSRNOG00000011335",0
"ENSRNOG00000066670",0
"ENSRNOG00000057464",536
"ENSRNOG00000062783",0
"ENSRNOG00000059593",344
"ENSRNOG00000068777",0
"ENSRNOG00000053402",1
"ENSRNOG00000051704",14
"ENSRNOG00000048606",1065
"ENSRNOG00000052022",0
"ENSRNOG00000058317",0
"ENSRNOG00000064273",0
"ENSRNOG00000056558",1
"ENSRNOG00000066176",0
"ENSRNOG00000069761",0
"ENSRNOG00000070033",379
"ENSRNOG00000068983",0
"ENSRNOG00000055822",2
"ENSRNOG00000068104",1
"ENSRNOG00000069789",0
"ENSRNOG00000056765",32709
"ENSRNOG00000066728",0
"ENSRNOG00000058882",1066
"ENSRNOG00000055185",0
"ENSRNOG00000061182",0
"ENSRNOG00000050177",0
"ENSRNOG00000055756",1210
"ENSRNOG00000056524",580
"ENSRNOG00000064693",0
"ENSRNOG00000057620",4104
"ENSRNOG00000054272",642
"ENSRNOG00000006082",30
"ENSRNOG00000068860",1
"ENSRNOG00000006523",382
"ENSRNOG00000063707",0
"ENSRNOG00000062976",0
"ENSRNOG00000064245",0
"ENSRNOG00000006929",878
"ENSRNOG00000062682",0
"ENSRNOG00000063148",0
"ENSRNOG00000040287",12214
"ENSRNOG00000066971",0
"ENSRNOG00000065042",7
"ENSRNOG00000067603",0
"ENSRNOG00000032136",275
"ENSRNOG00000062915",0
"ENSRNOG00000033376",0
"ENSRNOG00000065459",0
"ENSRNOG00000004706",0
"ENSRNOG00000066380",0
"ENSRNOG00000069750",0
"ENSRNOG00000071091",0
"ENSRNOG00000066590",0
"ENSRNOG00000068696",0
"ENSRNOG00000070047",0
"ENSRNOG00000063672",0
"ENSRNOG00000025926",645
"ENSRNOG00000070891",0
"ENSRNOG00000068413",0
"ENSRNOG00000065690",0
"ENSRNOG00000004806",615
"ENSRNOG00000015796",89
"ENSRNOG00000007023",772
"ENSRNOG00000015667",1
"ENSRNOG00000005289",2166
"ENSRNOG00000015059",950
"ENSRNOG00000016110",2
"ENSRNOG00000067942",10
"ENSRNOG00000067086",1155
"ENSRNOG00000068285",0
"ENSRNOG00000005279",234
"ENSRNOG00000040136",1
"ENSRNOG00000024372",117
"ENSRNOG00000005087",616
"ENSRNOG00000024525",197
"ENSRNOG00000014879",1207
"ENSRNOG00000064368",113
"ENSRNOG00000066755",208
"ENSRNOG00000016528",368
"ENSRNOG00000015566",5
"ENSRNOG00000005705",6
"ENSRNOG00000028504",2925
"ENSRNOG00000016703",5
"ENSRNOG00000005810",0
"ENSRNOG00000016688",1977
"ENSRNOG00000042932",520
"ENSRNOG00000015603",156
"ENSRNOG00000030328",451
"ENSRNOG00000062519",0
"ENSRNOG00000016712",0
"ENSRNOG00000015215",416
"ENSRNOG00000032703",121
"ENSRNOG00000062904",21
"ENSRNOG00000015325",568
"ENSRNOG00000005856",265
"ENSRNOG00000046926",0
"ENSRNOG00000016783",0
"ENSRNOG00000049335",6
"ENSRNOG00000070800",0
"ENSRNOG00000021318",562
"ENSRNOG00000040110",907
"ENSRNOG00000048315",733
"ENSRNOG00000002516",368
"ENSRNOG00000014720",455
"ENSRNOG00000068029",3
"ENSRNOG00000069334",0
"ENSRNOG00000050220",3
"ENSRNOG00000057031",11
"ENSRNOG00000007172",2444
"ENSRNOG00000005124",576
"ENSRNOG00000069544",1
"ENSRNOG00000070393",0
"ENSRNOG00000005420",0
"ENSRNOG00000066978",0
"ENSRNOG00000016396",934
"ENSRNOG00000005250",0
"ENSRNOG00000016134",295
"ENSRNOG00000063108",2044
"ENSRNOG00000015559",0
"ENSRNOG00000030667",562
"ENSRNOG00000062020",0
"ENSRNOG00000068059",0
"ENSRNOG00000051000",1
"ENSRNOG00000069250",0
"ENSRNOG00000004188",2
"ENSRNOG00000029776",0
"ENSRNOG00000049398",0
"ENSRNOG00000062685",0
"ENSRNOG00000069124",1
"ENSRNOG00000040045",238
"ENSRNOG00000004577",460
"ENSRNOG00000052193",0
"ENSRNOG00000031342",458
"ENSRNOG00000005877",1440
"ENSRNOG00000028518",0
"ENSRNOG00000002495",6
"ENSRNOG00000065320",0
"ENSRNOG00000031564",1
"ENSRNOG00000005067",9560
"ENSRNOG00000024310",3
"ENSRNOG00000050408",0
"ENSRNOG00000004208",696
"ENSRNOG00000032523",16
"ENSRNOG00000030629",146
"ENSRNOG00000064208",0
"ENSRNOG00000062523",6
"ENSRNOG00000065148",1110
"ENSRNOG00000064848",52
"ENSRNOG00000046279",21
"ENSRNOG00000063865",0
"ENSRNOG00000007744",279
"ENSRNOG00000068283",0
"ENSRNOG00000029871",4
"ENSRNOG00000068823",0
"ENSRNOG00000068981",0
"ENSRNOG00000030034",11
"ENSRNOG00000067080",0
"ENSRNOG00000039207",9
"ENSRNOG00000047115",333
"ENSRNOG00000007326",1191
"ENSRNOG00000047877",0
"ENSRNOG00000056825",5
"ENSRNOG00000063683",1
"ENSRNOG00000007951",0
"ENSRNOG00000011091",0
"ENSRNOG00000065478",12
"ENSRNOG00000069569",17
"ENSRNOG00000032513",3
"ENSRNOG00000068008",0
"ENSRNOG00000066939",4
"ENSRNOG00000064210",7
"ENSRNOG00000006399",1369
"ENSRNOG00000067232",128
"ENSRNOG00000068503",2
"ENSRNOG00000067053",0
"ENSRNOG00000069610",345
"ENSRNOG00000067921",2
"ENSRNOG00000062245",2022
"ENSRNOG00000027136",539
"ENSRNOG00000070156",0
"ENSRNOG00000062594",0
"ENSRNOG00000029594",2345
"ENSRNOG00000067976",652
"ENSRNOG00000064776",0
"ENSRNOG00000031317",0
"ENSRNOG00000007006",351
"ENSRNOG00000030058",0
"ENSRNOG00000066517",0
"ENSRNOG00000068318",8
"ENSRNOG00000002874",401
"ENSRNOG00000066790",0
"ENSRNOG00000065578",44
"ENSRNOG00000034026",800
"ENSRNOG00000030869",27
"ENSRNOG00000063393",4
"ENSRNOG00000068021",0
"ENSRNOG00000027126",0
"ENSRNOG00000062958",0
"ENSRNOG00000069324",2
"ENSRNOG00000031285",346
"ENSRNOG00000005151",496
"ENSRNOG00000066637",10343
"ENSRNOG00000004589",1
"ENSRNOG00000067538",0
"ENSRNOG00000022697",0
"ENSRNOG00000006340",2563
"ENSRNOG00000068506",0
"ENSRNOG00000008614",666
"ENSRNOG00000049817",0
"ENSRNOG00000068533",141
"ENSRNOG00000067189",1
"ENSRNOG00000069525",3
"ENSRNOG00000062652",35483
"ENSRNOG00000067745",27
"ENSRNOG00000064997",2
"ENSRNOG00000026742",1912
"ENSRNOG00000038771",9
"ENSRNOG00000064247",0
"ENSRNOG00000066665",211
"ENSRNOG00000065542",12
"ENSRNOG00000008584",63
"ENSRNOG00000004163",0
"ENSRNOG00000066455",0
"ENSRNOG00000064012",1
"ENSRNOG00000067139",0
"ENSRNOG00000021403",3412
"ENSRNOG00000069562",0
"ENSRNOG00000025899",557
"ENSRNOG00000004509",526
"ENSRNOG00000069167",0
"ENSRNOG00000007459",3678
"ENSRNOG00000062786",12
"ENSRNOG00000028058",0
"ENSRNOG00000066124",1
"ENSRNOG00000067724",19
"ENSRNOG00000066295",0
"ENSRNOG00000063720",27
"ENSRNOG00000069486",0
"ENSRNOG00000067604",0
"ENSRNOG00000005053",18
"ENSRNOG00000069595",238
"ENSRNOG00000065782",0
"ENSRNOG00000062750",0
"ENSRNOG00000004499",6
"ENSRNOG00000065519",263
"ENSRNOG00000027042",0
"ENSRNOG00000008299",0
"ENSRNOG00000068248",1
"ENSRNOG00000069517",0
"ENSRNOG00000033058",119
"ENSRNOG00000031263",0
"ENSRNOG00000068280",0
"ENSRNOG00000070424",2390
"ENSRNOG00000066530",0
"ENSRNOG00000029172",180
"ENSRNOG00000042697",11
"ENSRNOG00000065241",268
"ENSRNOG00000070862",0
"ENSRNOG00000065535",0
"ENSRNOG00000069422",0
"ENSRNOG00000068162",2
"ENSRNOG00000065552",0
"ENSRNOG00000007081",2696
"ENSRNOG00000006599",0
"ENSRNOG00000004535",0
"ENSRNOG00000066075",1
"ENSRNOG00000007237",467
"ENSRNOG00000029835",19
"ENSRNOG00000066896",4
"ENSRNOG00000008086",1
"ENSRNOG00000064224",0
"ENSRNOG00000069102",0
"ENSRNOG00000063453",0
"ENSRNOG00000004526",2629
"ENSRNOG00000009039",608
"ENSRNOG00000004582",26
"ENSRNOG00000063643",1
"ENSRNOG00000070058",0
"ENSRNOG00000070426",11
"ENSRNOG00000066119",40
"ENSRNOG00000067664",0
"ENSRNOG00000055777",2998
"ENSRNOG00000070307",1
"ENSRNOG00000063858",0
"ENSRNOG00000068442",0
"ENSRNOG00000010126",150
"ENSRNOG00000051551",0
"ENSRNOG00000009285",255
"ENSRNOG00000012062",10481
"ENSRNOG00000056011",393
"ENSRNOG00000038335",0
"ENSRNOG00000065489",0
"ENSRNOG00000068325",2
"ENSRNOG00000042752",36
"ENSRNOG00000068738",13
"ENSRNOG00000012085",373
"ENSRNOG00000053311",1
"ENSRNOG00000066833",0
"ENSRNOG00000042542",0
"ENSRNOG00000068002",0
"ENSRNOG00000033090",2093
"ENSRNOG00000063339",862
"ENSRNOG00000011026",1230
"ENSRNOG00000063888",0
"ENSRNOG00000067219",0
"ENSRNOG00000066815",0
"ENSRNOG00000064769",250
"ENSRNOG00000062878",0
"ENSRNOG00000071076",1
"ENSRNOG00000009151",128
"ENSRNOG00000066282",27
"ENSRNOG00000050817",329
"ENSRNOG00000061911",1
"ENSRNOG00000012652",0
"ENSRNOG00000008644",0
"ENSRNOG00000070197",0
"ENSRNOG00000032375",0
"ENSRNOG00000068075",14
"ENSRNOG00000052017",0
"ENSRNOG00000063825",144
"ENSRNOG00000027317",1254
"ENSRNOG00000053429",0
"ENSRNOG00000005610",276
"ENSRNOG00000005249",1304
"ENSRNOG00000069735",0
"ENSRNOG00000067643",0
"ENSRNOG00000030294",276
"ENSRNOG00000004269",0
"ENSRNOG00000004262",252
"ENSRNOG00000039902",1839
"ENSRNOG00000067034",0
"ENSRNOG00000066171",3
"ENSRNOG00000032348",147
"ENSRNOG00000005826",4580
"ENSRNOG00000004657",2867
"ENSRNOG00000066846",5
"ENSRNOG00000008683",6
"ENSRNOG00000067897",0
"ENSRNOG00000063718",34
"ENSRNOG00000006321",19
"ENSRNOG00000067198",4
"ENSRNOG00000070054",1
"ENSRNOG00000068419",9
"ENSRNOG00000071152",0
"ENSRNOG00000004360",187
"ENSRNOG00000066662",0
"ENSRNOG00000008806",4
"ENSRNOG00000068595",3
"ENSRNOG00000004696",1191
"ENSRNOG00000008942",29
"ENSRNOG00000063663",0
"ENSRNOG00000007390",329
"ENSRNOG00000056792",0
"ENSRNOG00000071054",0
"ENSRNOG00000027191",3598
"ENSRNOG00000006976",442
"ENSRNOG00000065348",139
"ENSRNOG00000005144",472
"ENSRNOG00000006878",1
"ENSRNOG00000007254",46
"ENSRNOG00000008931",4
"ENSRNOG00000004205",97
"ENSRNOG00000060614",6603
"ENSRNOG00000004199",149
"ENSRNOG00000004103",142
"ENSRNOG00000007690",11
"ENSRNOG00000025317",141
"ENSRNOG00000065555",312
"ENSRNOG00000004646",0
"ENSRNOG00000004061",301
"ENSRNOG00000026316",554
"ENSRNOG00000008082",40
"ENSRNOG00000009385",0
"ENSRNOG00000009284",0
"ENSRNOG00000008479",1712
"ENSRNOG00000004928",4
"ENSRNOG00000004612",4194
"ENSRNOG00000022791",0
"ENSRNOG00000007253",291
"ENSRNOG00000027305",1
"ENSRNOG00000068412",1341
"ENSRNOG00000009790",0
"ENSRNOG00000062834",263
"ENSRNOG00000069769",1008
"ENSRNOG00000058692",4
"ENSRNOG00000046262",0
"ENSRNOG00000066667",1
"ENSRNOG00000007907",143
"ENSRNOG00000005660",12
"ENSRNOG00000007646",1377
"ENSRNOG00000066260",0
"ENSRNOG00000024905",0
"ENSRNOG00000006828",488
"ENSRNOG00000026037",18
"ENSRNOG00000009079",307
"ENSRNOG00000004382",678
"ENSRNOG00000005285",219
"ENSRNOG00000004723",620
"ENSRNOG00000005550",0
"ENSRNOG00000057813",215
"ENSRNOG00000007884",204
"ENSRNOG00000004685",765
"ENSRNOG00000046740",2311
"ENSRNOG00000067489",0
"ENSRNOG00000046896",0
"ENSRNOG00000005061",1983
"ENSRNOG00000068245",1
"ENSRNOG00000006986",81
"ENSRNOG00000004534",11
"ENSRNOG00000047941",1
"ENSRNOG00000006364",641
"ENSRNOG00000004901",128
"ENSRNOG00000032776",696
"ENSRNOG00000040266",44
"ENSRNOG00000026905",1050
"ENSRNOG00000064975",722
"ENSRNOG00000005530",1
"ENSRNOG00000027332",29
"ENSRNOG00000050570",2025
"ENSRNOG00000004927",510
"ENSRNOG00000027343",0
"ENSRNOG00000023591",455
"ENSRNOG00000053460",0
"ENSRNOG00000008155",101
"ENSRNOG00000006090",0
"ENSRNOG00000029637",0
"ENSRNOG00000004941",363
"ENSRNOG00000006146",1
"ENSRNOG00000007043",140
"ENSRNOG00000009856",3209
"ENSRNOG00000049989",260
"ENSRNOG00000069218",0
"ENSRNOG00000051280",176
"ENSRNOG00000004364",1313
"ENSRNOG00000067360",63
"ENSRNOG00000056610",543
"ENSRNOG00000058973",235
"ENSRNOG00000007114",551
"ENSRNOG00000006204",8
"ENSRNOG00000005998",4584
"ENSRNOG00000027360",852
"ENSRNOG00000008423",3
"ENSRNOG00000004710",45
"ENSRNOG00000008927",1565
"ENSRNOG00000008961",846
"ENSRNOG00000008249",852
"ENSRNOG00000025388",95
"ENSRNOG00000063368",7
"ENSRNOG00000042333",114
"ENSRNOG00000055899",0
"ENSRNOG00000008996",2
"ENSRNOG00000047455",0
"ENSRNOG00000005298",419
"ENSRNOG00000008291",222
"ENSRNOG00000056721",407
"ENSRNOG00000010553",13
"ENSRNOG00000010800",5680
"ENSRNOG00000010653",416
"ENSRNOG00000009754",1852
"ENSRNOG00000011918",14
"ENSRNOG00000026884",956
"ENSRNOG00000023093",119
"ENSRNOG00000007106",719
"ENSRNOG00000024629",2415
"ENSRNOG00000047312",1
"ENSRNOG00000048145",0
"ENSRNOG00000068687",209
"ENSRNOG00000032391",3906
"ENSRNOG00000065342",1
"ENSRNOG00000036490",0
"ENSRNOG00000022970",0
"ENSRNOG00000005260",318
"ENSRNOG00000003988",271
"ENSRNOG00000035618",0
"ENSRNOG00000068695",1
"ENSRNOG00000035634",0
"ENSRNOG00000026344",18
"ENSRNOG00000035612",0
"ENSRNOG00000007061",56
"ENSRNOG00000046172",2000
"ENSRNOG00000023230",112
"ENSRNOG00000010194",116
"ENSRNOG00000046763",43
"ENSRNOG00000012094",1206
"ENSRNOG00000047143",103
"ENSRNOG00000045892",1358
"ENSRNOG00000005301",537
"ENSRNOG00000011040",420
"ENSRNOG00000063727",0
"ENSRNOG00000022738",3167
"ENSRNOG00000050114",0
"ENSRNOG00000049783",2167
"ENSRNOG00000069999",14
"ENSRNOG00000067033",2
"ENSRNOG00000005522",40
"ENSRNOG00000028650",1926
"ENSRNOG00000049615",7
"ENSRNOG00000056904",1177
"ENSRNOG00000010227",187
"ENSRNOG00000067279",0
"ENSRNOG00000000618",12
"ENSRNOG00000050386",0
"ENSRNOG00000011111",825
"ENSRNOG00000037436",0
"ENSRNOG00000064159",0
"ENSRNOG00000024766",0
"ENSRNOG00000003759",71
"ENSRNOG00000049430",897
"ENSRNOG00000047088",4712
"ENSRNOG00000004521",720
"ENSRNOG00000010646",30
"ENSRNOG00000004158",750
"ENSRNOG00000065590",0
"ENSRNOG00000012950",55
"ENSRNOG00000012146",568
"ENSRNOG00000005410",14
"ENSRNOG00000004629",324
"ENSRNOG00000047708",498
"ENSRNOG00000010750",203
"ENSRNOG00000003908",93
"ENSRNOG00000039815",257
"ENSRNOG00000062909",0
"ENSRNOG00000005371",314
"ENSRNOG00000070656",0
"ENSRNOG00000064799",377
"ENSRNOG00000004342",1876
"ENSRNOG00000004196",758
"ENSRNOG00000050413",4
"ENSRNOG00000003732",529
"ENSRNOG00000066482",0
"ENSRNOG00000007141",275
"ENSRNOG00000004218",130
"ENSRNOG00000005054",5
"ENSRNOG00000012264",480
"ENSRNOG00000004068",1394
"ENSRNOG00000005451",4
"ENSRNOG00000025689",242
"ENSRNOG00000012314",215
"ENSRNOG00000010567",249
"ENSRNOG00000025736",2
"ENSRNOG00000005650",187
"ENSRNOG00000004415",1137
"ENSRNOG00000037998",1144
"ENSRNOG00000009898",0
"ENSRNOG00000027960",104
"ENSRNOG00000009905",0
"ENSRNOG00000067599",0
"ENSRNOG00000025726",2
"ENSRNOG00000005678",8200
"ENSRNOG00000005003",1
"ENSRNOG00000051056",202
"ENSRNOG00000011334",2
"ENSRNOG00000046741",587
"ENSRNOG00000008246",1038
"ENSRNOG00000003955",526
"ENSRNOG00000008047",3
"ENSRNOG00000062802",0
"ENSRNOG00000028629",3284
"ENSRNOG00000067630",0
"ENSRNOG00000062500",73
"ENSRNOG00000009448",15
"ENSRNOG00000011101",365
"ENSRNOG00000064692",0
"ENSRNOG00000008612",1248
"ENSRNOG00000021751",16
"ENSRNOG00000010730",0
"ENSRNOG00000005154",0
"ENSRNOG00000010259",0
"ENSRNOG00000046256",1035
"ENSRNOG00000004994",0
"ENSRNOG00000008501",3
"ENSRNOG00000009967",0
"ENSRNOG00000021475",779
"ENSRNOG00000009653",854
"ENSRNOG00000028640",397
"ENSRNOG00000006119",0
"ENSRNOG00000037562",41
"ENSRNOG00000048378",0
"ENSRNOG00000068680",3
"ENSRNOG00000006467",1191
"ENSRNOG00000004186",807
"ENSRNOG00000014595",229
"ENSRNOG00000005542",0
"ENSRNOG00000011719",2
"ENSRNOG00000014693",601
"ENSRNOG00000004542",515
"ENSRNOG00000026474",1781
"ENSRNOG00000063964",251
"ENSRNOG00000009110",1041
"ENSRNOG00000009459",1047
"ENSRNOG00000011285",0
"ENSRNOG00000006046",0
"ENSRNOG00000056141",30
"ENSRNOG00000004300",705
"ENSRNOG00000048874",4
"ENSRNOG00000023508",0
"ENSRNOG00000033776",4399
"ENSRNOG00000049088",44
"ENSRNOG00000008610",261
"ENSRNOG00000012210",1586
"ENSRNOG00000057628",413
"ENSRNOG00000010415",332
"ENSRNOG00000063175",0
"ENSRNOG00000067159",12
"ENSRNOG00000034190",0
"ENSRNOG00000048981",342
"ENSRNOG00000059106",0
"ENSRNOG00000064221",0
"ENSRNOG00000028155",201
"ENSRNOG00000062788",0
"ENSRNOG00000028783",653
"ENSRNOG00000064356",0
"ENSRNOG00000054892",0
"ENSRNOG00000007923",482
"ENSRNOG00000066742",0
"ENSRNOG00000064938",139
"ENSRNOG00000050312",3
"ENSRNOG00000063558",0
"ENSRNOG00000005046",434
"ENSRNOG00000070473",0
"ENSRNOG00000070272",0
"ENSRNOG00000068546",0
"ENSRNOG00000004242",53
"ENSRNOG00000065483",0
"ENSRNOG00000008015",1895
"ENSRNOG00000025049",0
"ENSRNOG00000066357",0
"ENSRNOG00000059947",701
"ENSRNOG00000067258",0
"ENSRNOG00000026578",0
"ENSRNOG00000004709",1035
"ENSRNOG00000065959",0
"ENSRNOG00000010457",86
"ENSRNOG00000069158",0
"ENSRNOG00000051710",0
"ENSRNOG00000066107",0
"ENSRNOG00000065996",0
"ENSRNOG00000003999",147
"ENSRNOG00000005770",0
"ENSRNOG00000062991",0
"ENSRNOG00000008588",1
"ENSRNOG00000051976",0
"ENSRNOG00000059295",732
"ENSRNOG00000063789",0
"ENSRNOG00000068799",0
"ENSRNOG00000065834",0
"ENSRNOG00000061433",0
"ENSRNOG00000071213",0
"ENSRNOG00000004425",54
"ENSRNOG00000050111",47
"ENSRNOG00000008754",176
"ENSRNOG00000005470",292
"ENSRNOG00000067815",0
"ENSRNOG00000023116",4
"ENSRNOG00000067688",0
"ENSRNOG00000063638",0
"ENSRNOG00000004059",97
"ENSRNOG00000063750",0
"ENSRNOG00000008812",959
"ENSRNOG00000053761",0
"ENSRNOG00000064450",0
"ENSRNOG00000070986",0
"ENSRNOG00000060721",0
"ENSRNOG00000068804",0
"ENSRNOG00000064737",9
"ENSRNOG00000063542",0
"ENSRNOG00000006062",1070
"ENSRNOG00000027707",468
"ENSRNOG00000066035",35
"ENSRNOG00000004239",0
"ENSRNOG00000066457",0
"ENSRNOG00000030332",0
"ENSRNOG00000005718",175
"ENSRNOG00000062402",0
"ENSRNOG00000067691",9
"ENSRNOG00000068455",0
"ENSRNOG00000070538",0
"ENSRNOG00000006588",954
"ENSRNOG00000032178",206
"ENSRNOG00000063661",0
"ENSRNOG00000063928",0
"ENSRNOG00000069392",65
"ENSRNOG00000008781",852
"ENSRNOG00000070039",4
"ENSRNOG00000066459",0
"ENSRNOG00000005264",893
"ENSRNOG00000067294",0
"ENSRNOG00000065039",0
"ENSRNOG00000060568",701
"ENSRNOG00000068630",0
"ENSRNOG00000065917",0
"ENSRNOG00000067879",1
"ENSRNOG00000046064",11
"ENSRNOG00000053121",0
"ENSRNOG00000011394",195
"ENSRNOG00000005096",1784
"ENSRNOG00000051923",0
"ENSRNOG00000004908",739
"ENSRNOG00000063188",231
"ENSRNOG00000054705",0
"ENSRNOG00000004234",1402
"ENSRNOG00000061723",0
"ENSRNOG00000064344",0
"ENSRNOG00000063323",3
"ENSRNOG00000070565",0
"ENSRNOG00000059576",0
"ENSRNOG00000065018",0
"ENSRNOG00000057665",0
"ENSRNOG00000063791",0
"ENSRNOG00000005023",0
"ENSRNOG00000052171",0
"ENSRNOG00000036243",0
"ENSRNOG00000062520",0
"ENSRNOG00000036489",0
"ENSRNOG00000063060",85
"ENSRNOG00000011908",1312
"ENSRNOG00000068022",0
"ENSRNOG00000059648",0
"ENSRNOG00000035409",0
"ENSRNOG00000005733",1547
"ENSRNOG00000040386",0
"ENSRNOG00000060643",0
"ENSRNOG00000064481",0
"ENSRNOG00000045015",0
"ENSRNOG00000053020",0
"ENSRNOG00000066562",1
"ENSRNOG00000063355",11
"ENSRNOG00000005623",1524
"ENSRNOG00000071087",0
"ENSRNOG00000004899",3
"ENSRNOG00000035574",0
"ENSRNOG00000070406",0
"ENSRNOG00000057513",0
"ENSRNOG00000036492",0
"ENSRNOG00000058165",0
"ENSRNOG00000062646",0
"ENSRNOG00000036496",0
"ENSRNOG00000056412",0
"ENSRNOG00000036499",0
"ENSRNOG00000061016",0
"ENSRNOG00000036493",0
"ENSRNOG00000065181",0
"ENSRNOG00000066677",0
"ENSRNOG00000035507",0
"ENSRNOG00000004474",561
"ENSRNOG00000065445",0
"ENSRNOG00000035490",0
"ENSRNOG00000009318",562
"ENSRNOG00000053799",0
"ENSRNOG00000035625",0
"ENSRNOG00000060052",0
"ENSRNOG00000069022",0
"ENSRNOG00000040354",0
"ENSRNOG00000062762",0
"ENSRNOG00000061364",0
"ENSRNOG00000050073",0
"ENSRNOG00000070846",0
"ENSRNOG00000036488",0
"ENSRNOG00000053000",0
"ENSRNOG00000040406",0
"ENSRNOG00000062609",0
"ENSRNOG00000004210",2568
"ENSRNOG00000036487",0
"ENSRNOG00000054621",0
"ENSRNOG00000004083",1780
"ENSRNOG00000065055",0
"ENSRNOG00000040358",0
"ENSRNOG00000058196",0
"ENSRNOG00000035615",0
"ENSRNOG00000070589",0
"ENSRNOG00000036491",0
"ENSRNOG00000065156",0
"ENSRNOG00000057500",0
"ENSRNOG00000048292",0
"ENSRNOG00000059614",0
"ENSRNOG00000006199",52
"ENSRNOG00000067155",0
"ENSRNOG00000036497",0
"ENSRNOG00000053684",0
"ENSRNOG00000011914",329
"ENSRNOG00000006865",9346
"ENSRNOG00000041468",0
"ENSRNOG00000056761",1
"ENSRNOG00000065431",0
"ENSRNOG00000067516",0
"ENSRNOG00000036249",0
"ENSRNOG00000059872",0
"ENSRNOG00000035573",0
"ENSRNOG00000051602",0
"ENSRNOG00000064415",0
"ENSRNOG00000070132",0
"ENSRNOG00000070000",0
"ENSRNOG00000009867",1201
"ENSRNOG00000049586",0
"ENSRNOG00000059869",0
"ENSRNOG00000065476",0
"ENSRNOG00000036486",0
"ENSRNOG00000063963",0
"ENSRNOG00000035515",0
"ENSRNOG00000056128",185
"ENSRNOG00000066123",0
"ENSRNOG00000066281",0
"ENSRNOG00000059151",1
"ENSRNOG00000040384",0
"ENSRNOG00000059370",0
"ENSRNOG00000066796",0
"ENSRNOG00000035527",0
"ENSRNOG00000035557",0
"ENSRNOG00000058527",0
"ENSRNOG00000035489",0
"ENSRNOG00000056323",5
"ENSRNOG00000065406",0
"ENSRNOG00000035470",0
"ENSRNOG00000057539",0
"ENSRNOG00000004498",0
"ENSRNOG00000036498",0
"ENSRNOG00000066892",0
"ENSRNOG00000059972",0
"ENSRNOG00000052456",0
"ENSRNOG00000035473",0
"ENSRNOG00000062767",0
"ENSRNOG00000035487",0
"ENSRNOG00000058064",0
"ENSRNOG00000064349",0
"ENSRNOG00000065305",244
"ENSRNOG00000040355",0
"ENSRNOG00000064436",0
"ENSRNOG00000039110",19
"ENSRNOG00000035600",0
"ENSRNOG00000053107",0
"ENSRNOG00000065952",0
"ENSRNOG00000054823",0
"ENSRNOG00000048809",0
"ENSRNOG00000004207",12
"ENSRNOG00000065490",0
"ENSRNOG00000036244",0
"ENSRNOG00000067682",0
"ENSRNOG00000061206",0
"ENSRNOG00000026649",185
"ENSRNOG00000064746",0
"ENSRNOG00000052215",0
"ENSRNOG00000006180",3614
"ENSRNOG00000040351",0
"ENSRNOG00000035497",0
"ENSRNOG00000068244",0
"ENSRNOG00000068111",0
"ENSRNOG00000035556",0
"ENSRNOG00000055941",1
"ENSRNOG00000004826",517
"ENSRNOG00000055274",0
"ENSRNOG00000035454",0
"ENSRNOG00000030771",0
"ENSRNOG00000069018",0
"ENSRNOG00000012686",10
"ENSRNOG00000035528",0
"ENSRNOG00000069838",0
"ENSRNOG00000053907",0
"ENSRNOG00000050479",0
"ENSRNOG00000070179",0
"ENSRNOG00000036263",0
"ENSRNOG00000004464",4539
"ENSRNOG00000064775",0
"ENSRNOG00000054830",0
"ENSRNOG00000064207",0
"ENSRNOG00000048004",16
"ENSRNOG00000061087",0
"ENSRNOG00000051913",0
"ENSRNOG00000030812",0
"ENSRNOG00000055074",0
"ENSRNOG00000052438",0
"ENSRNOG00000029121",0
"ENSRNOG00000063897",0
"ENSRNOG00000050997",992
"ENSRNOG00000061746",0
"ENSRNOG00000027645",0
"ENSRNOG00000069444",0
"ENSRNOG00000070951",1587
"ENSRNOG00000058769",0
"ENSRNOG00000052462",0
"ENSRNOG00000055167",0
"ENSRNOG00000062657",0
"ENSRNOG00000066819",0
"ENSRNOG00000066213",0
"ENSRNOG00000051985",0
"ENSRNOG00000063341",0
"ENSRNOG00000003972",2
"ENSRNOG00000059185",0
"ENSRNOG00000069784",7
"ENSRNOG00000067932",6
"ENSRNOG00000069940",0
"ENSRNOG00000054985",0
"ENSRNOG00000055656",0
"ENSRNOG00000065283",0
"ENSRNOG00000027300",839
"ENSRNOG00000006867",1119
"ENSRNOG00000053080",0
"ENSRNOG00000061281",0
"ENSRNOG00000064886",0
"ENSRNOG00000058917",0
"ENSRNOG00000065968",25
"ENSRNOG00000049271",7
"ENSRNOG00000006333",0
"ENSRNOG00000065965",0
"ENSRNOG00000067948",8
"ENSRNOG00000068279",0
"ENSRNOG00000004667",30
"ENSRNOG00000067508",0
"ENSRNOG00000070729",0
"ENSRNOG00000056919",0
"ENSRNOG00000058397",0
"ENSRNOG00000045854",626
"ENSRNOG00000065040",0
"ENSRNOG00000056198",0
"ENSRNOG00000004923",916
"ENSRNOG00000051372",14
"ENSRNOG00000064570",0
"ENSRNOG00000068908",0
"ENSRNOG00000062565",0
"ENSRNOG00000049223",828
"ENSRNOG00000032866",3
"ENSRNOG00000055806",1
"ENSRNOG00000070415",0
"ENSRNOG00000056614",0
"ENSRNOG00000005811",0
"ENSRNOG00000058149",0
"ENSRNOG00000070455",0
"ENSRNOG00000058594",0
"ENSRNOG00000052758",152
"ENSRNOG00000067070",18
"ENSRNOG00000060184",0
"ENSRNOG00000056818",0
"ENSRNOG00000059317",0
"ENSRNOG00000053447",0
"ENSRNOG00000067259",0
"ENSRNOG00000006652",907
"ENSRNOG00000006368",0
"ENSRNOG00000070372",0
"ENSRNOG00000049870",0
"ENSRNOG00000005063",53
"ENSRNOG00000055908",5
"ENSRNOG00000067744",0
"ENSRNOG00000069909",0
"ENSRNOG00000050653",0
"ENSRNOG00000057749",0
"ENSRNOG00000058074",0
"ENSRNOG00000005345",101
"ENSRNOG00000031440",8
"ENSRNOG00000057283",0
"ENSRNOG00000070816",0
"ENSRNOG00000051376",0
"ENSRNOG00000064235",0
"ENSRNOG00000067607",0
"ENSRNOG00000055169",0
"ENSRNOG00000067885",0
"ENSRNOG00000066374",0
"ENSRNOG00000006727",139
"ENSRNOG00000060868",0
"ENSRNOG00000004084",0
"ENSRNOG00000008728",0
"ENSRNOG00000042319",0
"ENSRNOG00000063724",27
"ENSRNOG00000067766",0
"ENSRNOG00000069300",473
"ENSRNOG00000062820",0
"ENSRNOG00000066076",0
"ENSRNOG00000024503",755
"ENSRNOG00000069751",0
"ENSRNOG00000063713",0
"ENSRNOG00000007031",1
"ENSRNOG00000063523",0
"ENSRNOG00000031203",698
"ENSRNOG00000046309",2
"ENSRNOG00000069071",0
"ENSRNOG00000064873",0
"ENSRNOG00000030235",0
"ENSRNOG00000053317",12
"ENSRNOG00000047574",0
"ENSRNOG00000004296",28
"ENSRNOG00000067551",0
"ENSRNOG00000070937",610
"ENSRNOG00000070949",0
"ENSRNOG00000039551",76
"ENSRNOG00000047891",0
"ENSRNOG00000008445",250
"ENSRNOG00000003831",67
"ENSRNOG00000004377",501
"ENSRNOG00000032924",0
"ENSRNOG00000004198",93
"ENSRNOG00000049054",0
"ENSRNOG00000004857",53
"ENSRNOG00000004520",149
"ENSRNOG00000042391",0
"ENSRNOG00000024651",276
"ENSRNOG00000063297",0
"ENSRNOG00000004893",55
"ENSRNOG00000069554",85
"ENSRNOG00000008598",1073
"ENSRNOG00000062977",2
"ENSRNOG00000066641",0
"ENSRNOG00000024338",58
"ENSRNOG00000038720",6
"ENSRNOG00000051619",10
"ENSRNOG00000004110",517
"ENSRNOG00000004216",6
"ENSRNOG00000005424",770
"ENSRNOG00000038166",308
"ENSRNOG00000066926",0
"ENSRNOG00000050539",12297
"ENSRNOG00000069868",0
"ENSRNOG00000064490",0
"ENSRNOG00000060853",1048
"ENSRNOG00000030420",0
"ENSRNOG00000064626",0
"ENSRNOG00000042634",0
"ENSRNOG00000070933",0
"ENSRNOG00000063171",0
"ENSRNOG00000004754",12
"ENSRNOG00000007504",2986
"ENSRNOG00000068813",0
"ENSRNOG00000010985",544
"ENSRNOG00000050810",0
"ENSRNOG00000004496",2956
"ENSRNOG00000062618",16
"ENSRNOG00000004823",848
"ENSRNOG00000011112",12
"ENSRNOG00000004362",138
"ENSRNOG00000011164",442
"ENSRNOG00000060694",706
"ENSRNOG00000067058",0
"ENSRNOG00000054259",303
"ENSRNOG00000064989",58
"ENSRNOG00000006296",0
"ENSRNOG00000033206",520
"ENSRNOG00000005589",365
"ENSRNOG00000005126",5163
"ENSRNOG00000025648",0
"ENSRNOG00000003813",0
"ENSRNOG00000005540",222
"ENSRNOG00000056012",0
"ENSRNOG00000051650",3211
"ENSRNOG00000007699",788
"ENSRNOG00000004449",1405
"ENSRNOG00000012685",106
"ENSRNOG00000026855",0
"ENSRNOG00000054989",10
"ENSRNOG00000027773",971
"ENSRNOG00000011376",23
"ENSRNOG00000006388",50
"ENSRNOG00000067995",127
"ENSRNOG00000008046",0
"ENSRNOG00000029253",0
"ENSRNOG00000061050",1
"ENSRNOG00000068437",128
"ENSRNOG00000057934",1665
"ENSRNOG00000011419",943
"ENSRNOG00000031106",0
"ENSRNOG00000004503",121
"ENSRNOG00000031655",0
"ENSRNOG00000047363",0
"ENSRNOG00000006905",3344
"ENSRNOG00000006699",86
"ENSRNOG00000026297",0
"ENSRNOG00000004794",30
"ENSRNOG00000006744",260
"ENSRNOG00000005343",0
"ENSRNOG00000009788",0
"ENSRNOG00000050197",2267
"ENSRNOG00000043441",257
"ENSRNOG00000060335",1122
"ENSRNOG00000004482",2
"ENSRNOG00000027115",6
"ENSRNOG00000007851",386
"ENSRNOG00000048412",0
"ENSRNOG00000058572",2101
"ENSRNOG00000005765",187
"ENSRNOG00000062478",18
"ENSRNOG00000006729",1
"ENSRNOG00000007901",3716
"ENSRNOG00000004458",33
"ENSRNOG00000039091",863
"ENSRNOG00000005045",926
"ENSRNOG00000050553",24
"ENSRNOG00000010605",0
"ENSRNOG00000062383",0
"ENSRNOG00000026239",157
"ENSRNOG00000011044",20
"ENSRNOG00000004345",949
"ENSRNOG00000005409",2
"ENSRNOG00000061519",1700
"ENSRNOG00000069640",0
"ENSRNOG00000004060",9465
"ENSRNOG00000009542",0
"ENSRNOG00000063821",112
"ENSRNOG00000006441",458
"ENSRNOG00000005287",178
"ENSRNOG00000058593",795
"ENSRNOG00000059402",1059
"ENSRNOG00000005568",475
"ENSRNOG00000063912",0
"ENSRNOG00000052418",971
"ENSRNOG00000006570",1481
"ENSRNOG00000005101",650
"ENSRNOG00000032669",0
"ENSRNOG00000005344",296
"ENSRNOG00000025233",0
"ENSRNOG00000058891",108
"ENSRNOG00000060278",0
"ENSRNOG00000021628",58
"ENSRNOG00000065326",24
"ENSRNOG00000054286",151
"ENSRNOG00000004067",4
"ENSRNOG00000009855",0
"ENSRNOG00000007250",524
"ENSRNOG00000007370",214
"ENSRNOG00000009921",0
"ENSRNOG00000005492",1963
"ENSRNOG00000010410",0
"ENSRNOG00000055661",298
"ENSRNOG00000061415",88
"ENSRNOG00000006911",134
"ENSRNOG00000037743",0
"ENSRNOG00000065550",4
"ENSRNOG00000062637",0
"ENSRNOG00000048191",0
"ENSRNOG00000005916",1498
"ENSRNOG00000067917",0
"ENSRNOG00000022777",579
"ENSRNOG00000007267",263
"ENSRNOG00000054663",3
"ENSRNOG00000007785",318
"ENSRNOG00000010478",4
"ENSRNOG00000007329",2602
"ENSRNOG00000023176",2068
"ENSRNOG00000008222",383
"ENSRNOG00000022622",326
"ENSRNOG00000008244",455
"ENSRNOG00000008451",993
"ENSRNOG00000009263",2006
"ENSRNOG00000026605",400
"ENSRNOG00000004873",36
"ENSRNOG00000053811",43
"ENSRNOG00000054052",10
"ENSRNOG00000007539",9
"ENSRNOG00000060436",553
"ENSRNOG00000008950",554
"ENSRNOG00000038496",2
"ENSRNOG00000052549",0
"ENSRNOG00000008373",2630
"ENSRNOG00000052719",98
"ENSRNOG00000006472",434
"ENSRNOG00000050761",0
"ENSRNOG00000005286",5
"ENSRNOG00000059875",936
"ENSRNOG00000004232",297
"ENSRNOG00000008051",245
"ENSRNOG00000006971",22
"ENSRNOG00000004751",855
"ENSRNOG00000004165",354
"ENSRNOG00000029949",116
"ENSRNOG00000004774",0
"ENSRNOG00000009438",0
"ENSRNOG00000021885",0
"ENSRNOG00000009296",112
"ENSRNOG00000004006",372
"ENSRNOG00000005292",706
"ENSRNOG00000064508",178
"ENSRNOG00000066628",0
"ENSRNOG00000038990",0
"ENSRNOG00000006483",1374
"ENSRNOG00000004519",1498
"ENSRNOG00000064630",0
"ENSRNOG00000027444",119
"ENSRNOG00000070950",29
"ENSRNOG00000004292",380
"ENSRNOG00000064752",0
"ENSRNOG00000004841",613
"ENSRNOG00000006410",237
"ENSRNOG00000042427",508
"ENSRNOG00000058646",2423
"ENSRNOG00000007089",4337
"ENSRNOG00000021919",2528
"ENSRNOG00000006587",898
"ENSRNOG00000054770",875
"ENSRNOG00000071150",0
"ENSRNOG00000010711",770
"ENSRNOG00000008292",4113
"ENSRNOG00000037762",0
"ENSRNOG00000060851",2
"ENSRNOG00000033970",629
"ENSRNOG00000004556",1632
"ENSRNOG00000008101",139
"ENSRNOG00000046085",62
"ENSRNOG00000038480",521
"ENSRNOG00000070438",4
"ENSRNOG00000008108",825
"ENSRNOG00000008915",9
"ENSRNOG00000009117",284
"ENSRNOG00000005323",1481
"ENSRNOG00000007062",355
"ENSRNOG00000009166",976
"ENSRNOG00000068348",0
"ENSRNOG00000059541",0
"ENSRNOG00000069503",0
"ENSRNOG00000069889",0
"ENSRNOG00000007660",734
"ENSRNOG00000062830",0
"ENSRNOG00000070912",0
"ENSRNOG00000063243",0
"ENSRNOG00000061659",0
"ENSRNOG00000067117",0
"ENSRNOG00000069150",0
"ENSRNOG00000068122",0
"ENSRNOG00000056430",0
"ENSRNOG00000055607",0
"ENSRNOG00000059105",0
"ENSRNOG00000055672",0
"ENSRNOG00000065761",0
"ENSRNOG00000054501",0
"ENSRNOG00000068877",0
"ENSRNOG00000007364",8
"ENSRNOG00000058915",4
"ENSRNOG00000004827",2552
"ENSRNOG00000055979",0
"ENSRNOG00000066905",0
"ENSRNOG00000059161",0
"ENSRNOG00000052079",0
"ENSRNOG00000008049",2096
"ENSRNOG00000052770",0
"ENSRNOG00000064684",0
"ENSRNOG00000058332",0
"ENSRNOG00000059409",0
"ENSRNOG00000005175",976
"ENSRNOG00000056681",0
"ENSRNOG00000058875",0
"ENSRNOG00000055217",1
"ENSRNOG00000063502",1
"ENSRNOG00000058754",0
"ENSRNOG00000058198",0
"ENSRNOG00000061903",0
"ENSRNOG00000010650",13
"ENSRNOG00000057491",0
"ENSRNOG00000052183",0
"ENSRNOG00000058488",0
"ENSRNOG00000060589",0
"ENSRNOG00000047300",13
"ENSRNOG00000054970",0
"ENSRNOG00000052285",0
"ENSRNOG00000070124",1
"ENSRNOG00000063271",0
"ENSRNOG00000053398",0
"ENSRNOG00000066856",0
"ENSRNOG00000004339",919
"ENSRNOG00000065540",1
"ENSRNOG00000010914",379
"ENSRNOG00000066230",0
"ENSRNOG00000057210",0
"ENSRNOG00000056178",0
"ENSRNOG00000058813",0
"ENSRNOG00000033423",0
"ENSRNOG00000066607",0
"ENSRNOG00000066424",0
"ENSRNOG00000059267",0
"ENSRNOG00000038297",3
"ENSRNOG00000059371",0
"ENSRNOG00000055363",0
"ENSRNOG00000056408",0
"ENSRNOG00000055690",0
"ENSRNOG00000068474",0
"ENSRNOG00000068652",0
"ENSRNOG00000059389",0
"ENSRNOG00000061830",1
"ENSRNOG00000060706",0
"ENSRNOG00000066382",0
"ENSRNOG00000067818",0
"ENSRNOG00000069273",0
"ENSRNOG00000067748",0
"ENSRNOG00000070138",0
"ENSRNOG00000067707",0
"ENSRNOG00000053854",0
"ENSRNOG00000066476",0
"ENSRNOG00000065657",0
"ENSRNOG00000070908",0
"ENSRNOG00000062574",0
"ENSRNOG00000068817",0
"ENSRNOG00000063962",0
"ENSRNOG00000067874",0
"ENSRNOG00000064253",0
"ENSRNOG00000067116",0
"ENSRNOG00000062732",0
"ENSRNOG00000068604",0
"ENSRNOG00000066984",0
"ENSRNOG00000005602",445
"ENSRNOG00000065315",0
"ENSRNOG00000070806",0
"ENSRNOG00000065719",0
"ENSRNOG00000068979",0
"ENSRNOG00000063998",0
"ENSRNOG00000057567",0
"ENSRNOG00000067784",0
"ENSRNOG00000068818",0
"ENSRNOG00000065764",0
"ENSRNOG00000064927",0
"ENSRNOG00000070175",0
"ENSRNOG00000064263",0
"ENSRNOG00000068531",0
"ENSRNOG00000068812",0
"ENSRNOG00000069002",0
"ENSRNOG00000062614",0
"ENSRNOG00000067351",0
"ENSRNOG00000068172",0
"ENSRNOG00000068141",0
"ENSRNOG00000070713",0
"ENSRNOG00000070339",0
"ENSRNOG00000067746",0
"ENSRNOG00000064046",0
"ENSRNOG00000047682",4
"ENSRNOG00000004883",1898
"ENSRNOG00000056553",0
"ENSRNOG00000056756",7132
"ENSRNOG00000005052",1298
"ENSRNOG00000054817",7
"ENSRNOG00000059843",0
"ENSRNOG00000028351",0
"ENSRNOG00000008788",264
"ENSRNOG00000009080",3639
"ENSRNOG00000009432",1801
"ENSRNOG00000033973",0
"ENSRNOG00000010098",2
"ENSRNOG00000069217",5
"ENSRNOG00000045941",2891
"ENSRNOG00000008399",108
"ENSRNOG00000059245",19
"ENSRNOG00000070966",0
"ENSRNOG00000005513",1682
"ENSRNOG00000005794",3
"ENSRNOG00000038183",50
"ENSRNOG00000046864",0
"ENSRNOG00000010134",272
"ENSRNOG00000032508",0
"ENSRNOG00000007271",28
"ENSRNOG00000055221",10
"ENSRNOG00000011964",260
"ENSRNOG00000031889",0
"ENSRNOG00000071141",0
"ENSRNOG00000004488",3
"ENSRNOG00000004206",222
"ENSRNOG00000055714",2
"ENSRNOG00000007147",35
"ENSRNOG00000004442",489
"ENSRNOG00000011141",0
"ENSRNOG00000028390",118
"ENSRNOG00000005776",0
"ENSRNOG00000005274",112
"ENSRNOG00000004650",0
"ENSRNOG00000003020",15
"ENSRNOG00000004351",74
"ENSRNOG00000068484",0
"ENSRNOG00000004733",56
"ENSRNOG00000009050",1
"ENSRNOG00000014476",521
"ENSRNOG00000062855",0
"ENSRNOG00000019584",0
"ENSRNOG00000008145",392
"ENSRNOG00000011716",1
"ENSRNOG00000006985",1046
"ENSRNOG00000065213",267
"ENSRNOG00000043143",1372
"ENSRNOG00000031661",100
"ENSRNOG00000008035",163
"ENSRNOG00000021904",134
"ENSRNOG00000008056",96
"ENSRNOG00000003951",2222
"ENSRNOG00000004004",174
"ENSRNOG00000048751",0
"ENSRNOG00000006178",7977
"ENSRNOG00000071100",1
"ENSRNOG00000043137",0
"ENSRNOG00000007184",3
"ENSRNOG00000004359",1356
"ENSRNOG00000010165",986
"ENSRNOG00000013898",513
"ENSRNOG00000010111",14
"ENSRNOG00000013097",0
"ENSRNOG00000010330",1125
"ENSRNOG00000013128",0
"ENSRNOG00000059714",1380
"ENSRNOG00000010218",2997
"ENSRNOG00000068734",0
"ENSRNOG00000004973",4638
"ENSRNOG00000007333",363
"ENSRNOG00000007850",100
"ENSRNOG00000011572",2166
"ENSRNOG00000012141",47
"ENSRNOG00000028566",6
"ENSRNOG00000005174",212
"ENSRNOG00000063056",0
"ENSRNOG00000033688",1160
"ENSRNOG00000012843",1
"ENSRNOG00000063549",0
"ENSRNOG00000058841",556
"ENSRNOG00000011542",694
"ENSRNOG00000012185",524
"ENSRNOG00000012653",402
"ENSRNOG00000067504",0
"ENSRNOG00000009675",1288
"ENSRNOG00000053631",4
"ENSRNOG00000018224",57
"ENSRNOG00000014362",340
"ENSRNOG00000043031",3
"ENSRNOG00000065115",0
"ENSRNOG00000067010",0
"ENSRNOG00000068174",0
"ENSRNOG00000027990",85
"ENSRNOG00000014744",858
"ENSRNOG00000070355",48
"ENSRNOG00000006398",1
"ENSRNOG00000028158",4
"ENSRNOG00000062324",0
"ENSRNOG00000013661",14
"ENSRNOG00000005472",220
"ENSRNOG00000004317",4
"ENSRNOG00000013690",300
"ENSRNOG00000013914",3
"ENSRNOG00000005271",46
"ENSRNOG00000011398",88
"ENSRNOG00000068254",120
"ENSRNOG00000065195",6270
"ENSRNOG00000013927",1
"ENSRNOG00000005041",2348
"ENSRNOG00000004711",3609
"ENSRNOG00000004968",197
"ENSRNOG00000063918",0
"ENSRNOG00000065191",0
"ENSRNOG00000064569",5
"ENSRNOG00000004268",877
"ENSRNOG00000010872",2133
"ENSRNOG00000037435",6
"ENSRNOG00000071153",1
"ENSRNOG00000006569",703
"ENSRNOG00000070832",0
"ENSRNOG00000009020",602
"ENSRNOG00000005917",1391
"ENSRNOG00000005804",2408
"ENSRNOG00000004768",0
"ENSRNOG00000030334",148
"ENSRNOG00000004564",0
"ENSRNOG00000060996",0
"ENSRNOG00000030705",797
"ENSRNOG00000022623",3016
"ENSRNOG00000056915",21
"ENSRNOG00000062934",3
"ENSRNOG00000069237",6
"ENSRNOG00000064225",0
"ENSRNOG00000029590",0
"ENSRNOG00000010617",19
"ENSRNOG00000005546",1164
"ENSRNOG00000007334",0
"ENSRNOG00000059744",3087
"ENSRNOG00000022632",0
"ENSRNOG00000030316",37
"ENSRNOG00000005555",0
"ENSRNOG00000037299",59
"ENSRNOG00000026875",0
"ENSRNOG00000046975",0
"ENSRNOG00000025487",3
"ENSRNOG00000030441",11
"ENSRNOG00000015750",1
"ENSRNOG00000064138",0
"ENSRNOG00000068682",0
"ENSRNOG00000069061",0
"ENSRNOG00000011781",220
"ENSRNOG00000016148",1649
"ENSRNOG00000065562",0
"ENSRNOG00000004527",23
"ENSRNOG00000070987",0
"ENSRNOG00000033161",0
"ENSRNOG00000033952",10
"ENSRNOG00000032570",0
"ENSRNOG00000064780",2
"ENSRNOG00000008133",0
"ENSRNOG00000014169",272
"ENSRNOG00000015685",220
"ENSRNOG00000033502",0
"ENSRNOG00000026873",2
"ENSRNOG00000049349",1
"ENSRNOG00000006278",7
"ENSRNOG00000032446",88
"ENSRNOG00000067069",161
"ENSRNOG00000024743",348
"ENSRNOG00000027451",86
"ENSRNOG00000025594",0
"ENSRNOG00000057824",48
"ENSRNOG00000024631",0
"ENSRNOG00000063900",63
"ENSRNOG00000016128",285
"ENSRNOG00000022268",1
"ENSRNOG00000065523",3
"ENSRNOG00000004183",93
"ENSRNOG00000004538",1428
"ENSRNOG00000016204",63
"ENSRNOG00000028988",1
"ENSRNOG00000032401",5855
"ENSRNOG00000006749",900
"ENSRNOG00000068599",1018
"ENSRNOG00000031093",1
"ENSRNOG00000013191",1
"ENSRNOG00000068130",0
"ENSRNOG00000016566",172
"ENSRNOG00000004591",188
"ENSRNOG00000062650",0
"ENSRNOG00000008978",172
"ENSRNOG00000012348",148
"ENSRNOG00000014296",0
"ENSRNOG00000004914",0
"ENSRNOG00000056458",62
"ENSRNOG00000029377",0
"ENSRNOG00000010438",37
"ENSRNOG00000070681",3
"ENSRNOG00000021463",101
"ENSRNOG00000029280",1262
"ENSRNOG00000037401",0
"ENSRNOG00000011404",761
"ENSRNOG00000007668",4
"ENSRNOG00000063153",7
"ENSRNOG00000008686",73
"ENSRNOG00000032846",86
"ENSRNOG00000029095",653
"ENSRNOG00000029535",348
"ENSRNOG00000059955",0
"ENSRNOG00000006973",156
"ENSRNOG00000063732",4447
"ENSRNOG00000060120",424
"ENSRNOG00000004843",49
"ENSRNOG00000009302",231
"ENSRNOG00000057782",0
"ENSRNOG00000063471",0
"ENSRNOG00000032777",370
"ENSRNOG00000006028",423
"ENSRNOG00000029243",916
"ENSRNOG00000030264",207
"ENSRNOG00000069627",123
"ENSRNOG00000004457",205
"ENSRNOG00000064516",404
"ENSRNOG00000004353",0
"ENSRNOG00000009539",5
"ENSRNOG00000032419",0
"ENSRNOG00000026425",1063
"ENSRNOG00000029591",0
"ENSRNOG00000046044",0
"ENSRNOG00000002475",1142
"ENSRNOG00000004448",121
"ENSRNOG00000069806",4955
"ENSRNOG00000064392",224
"ENSRNOG00000064488",0
"ENSRNOG00000057901",188
"ENSRNOG00000067761",0
"ENSRNOG00000029545",0
"ENSRNOG00000008392",1949
"ENSRNOG00000006426",3
"ENSRNOG00000031503",0
"ENSRNOG00000030416",157
"ENSRNOG00000033022",0
"ENSRNOG00000070196",0
"ENSRNOG00000070544",0
"ENSRNOG00000065585",0
"ENSRNOG00000004786",37
"ENSRNOG00000009614",10732
"ENSRNOG00000055530",14
"ENSRNOG00000032026",0
"ENSRNOG00000016100",25
"ENSRNOG00000063601",0
"ENSRNOG00000063518",0
"ENSRNOG00000013807",0
"ENSRNOG00000043233",244
"ENSRNOG00000008694",0
"ENSRNOG00000048201",0
"ENSRNOG00000063360",0
"ENSRNOG00000068259",8
"ENSRNOG00000064513",0
"ENSRNOG00000004572",93
"ENSRNOG00000029830",234
"ENSRNOG00000047521",1
"ENSRNOG00000064899",0
"ENSRNOG00000062310",0
"ENSRNOG00000021795",61
"ENSRNOG00000031269",967
"ENSRNOG00000067036",0
"ENSRNOG00000069189",0
"ENSRNOG00000029416",216
"ENSRNOG00000065582",0
"ENSRNOG00000004925",2276
"ENSRNOG00000009336",1
"ENSRNOG00000005332",449
"ENSRNOG00000057416",125
"ENSRNOG00000043026",1938
"ENSRNOG00000032311",0
"ENSRNOG00000068476",49
"ENSRNOG00000066966",0
"ENSRNOG00000026582",0
"ENSRNOG00000014058",2382
"ENSRNOG00000065522",0
"ENSRNOG00000062776",104
"ENSRNOG00000069078",0
"ENSRNOG00000065511",0
"ENSRNOG00000013947",491
"ENSRNOG00000042772",0
"ENSRNOG00000047264",0
"ENSRNOG00000068431",14
"ENSRNOG00000065705",0
"ENSRNOG00000005358",1366
"ENSRNOG00000065067",0
"ENSRNOG00000069974",0
"ENSRNOG00000023828",1
"ENSRNOG00000067859",0
"ENSRNOG00000014440",1144
"ENSRNOG00000004947",2854
"ENSRNOG00000031915",155
"ENSRNOG00000049098",0
"ENSRNOG00000070129",0
"ENSRNOG00000007934",0
"ENSRNOG00000039448",0
"ENSRNOG00000056595",0
"ENSRNOG00000029762",0
"ENSRNOG00000050500",1824
"ENSRNOG00000043438",0
"ENSRNOG00000069548",0
"ENSRNOG00000043367",0
"ENSRNOG00000052064",1
"ENSRNOG00000014634",549
"ENSRNOG00000002333",0
"ENSRNOG00000026962",5094
"ENSRNOG00000063567",0
"ENSRNOG00000030633",1912
"ENSRNOG00000064972",0
"ENSRNOG00000023781",5156
"ENSRNOG00000006167",3
"ENSRNOG00000028911",0
"ENSRNOG00000012886",72
"ENSRNOG00000062798",904
"ENSRNOG00000068317",0
"ENSRNOG00000026913",276
"ENSRNOG00000067435",0
"ENSRNOG00000013076",1406
"ENSRNOG00000042318",3
"ENSRNOG00000022802",2727
"ENSRNOG00000063642",1
"ENSRNOG00000056930",10
"ENSRNOG00000023762",3
"ENSRNOG00000065704",4
"ENSRNOG00000063924",27
"ENSRNOG00000004149",0
"ENSRNOG00000064795",0
"ENSRNOG00000029698",258
"ENSRNOG00000068447",31
"ENSRNOG00000058406",36
"ENSRNOG00000062301",0
"ENSRNOG00000022844",0
"ENSRNOG00000029478",424
"ENSRNOG00000069732",25
"ENSRNOG00000064067",1
"ENSRNOG00000004583",0
"ENSRNOG00000007728",590
"ENSRNOG00000063063",0
"ENSRNOG00000067873",677
"ENSRNOG00000009598",555
"ENSRNOG00000067777",18
"ENSRNOG00000028214",0
"ENSRNOG00000066748",0
"ENSRNOG00000004361",299
"ENSRNOG00000070885",0
"ENSRNOG00000003890",8602
"ENSRNOG00000042496",254
"ENSRNOG00000003347",0
"ENSRNOG00000015538",5
"ENSRNOG00000011305",0
"ENSRNOG00000018920",2739
"ENSRNOG00000065865",0
"ENSRNOG00000029238",315
"ENSRNOG00000048450",32
"ENSRNOG00000069876",0
"ENSRNOG00000066458",4
"ENSRNOG00000067061",0
"ENSRNOG00000025369",0
"ENSRNOG00000068651",352
"ENSRNOG00000032394",0
"ENSRNOG00000066941",0
"ENSRNOG00000067067",2
"ENSRNOG00000014633",2299
"ENSRNOG00000037060",0
"ENSRNOG00000005577",1835
"ENSRNOG00000050212",0
"ENSRNOG00000004077",0
"ENSRNOG00000032682",0
"ENSRNOG00000061776",0
"ENSRNOG00000024170",671
"ENSRNOG00000063210",0
"ENSRNOG00000013753",2
"ENSRNOG00000062586",0
"ENSRNOG00000004438",0
"ENSRNOG00000069805",0
"ENSRNOG00000064377",0
"ENSRNOG00000026600",0
"ENSRNOG00000059733",0
"ENSRNOG00000008476",0
"ENSRNOG00000006392",519
"ENSRNOG00000068582",0
"ENSRNOG00000042056",0
"ENSRNOG00000031181",0
"ENSRNOG00000030355",1707
"ENSRNOG00000004019",4927
"ENSRNOG00000008499",0
"ENSRNOG00000063178",0
"ENSRNOG00000046472",2530
"ENSRNOG00000066452",0
"ENSRNOG00000004035",519
"ENSRNOG00000008449",3
"ENSRNOG00000067732",0
"ENSRNOG00000012953",1239
"ENSRNOG00000068277",1
"ENSRNOG00000021773",547
"ENSRNOG00000026644",1062
"ENSRNOG00000015741",30
"ENSRNOG00000024128",6211
"ENSRNOG00000051152",45
"ENSRNOG00000068156",1
"ENSRNOG00000007300",2726
"ENSRNOG00000007648",4791
"ENSRNOG00000064308",285
"ENSRNOG00000069802",145
"ENSRNOG00000064426",1
"ENSRNOG00000065340",264
"ENSRNOG00000051928",0
"ENSRNOG00000029128",0
"ENSRNOG00000055573",2
"ENSRNOG00000006762",1772
"ENSRNOG00000000186",527
"ENSRNOG00000065176",0
"ENSRNOG00000050274",0
"ENSRNOG00000062562",0
"ENSRNOG00000064810",0
"ENSRNOG00000000185",2075
"ENSRNOG00000065217",0
"ENSRNOG00000066372",485
"ENSRNOG00000065654",0
"ENSRNOG00000004773",1070
"ENSRNOG00000064636",6
"ENSRNOG00000049053",0
"ENSRNOG00000064506",32
"ENSRNOG00000065277",0
"ENSRNOG00000021812",113
"ENSRNOG00000004471",522
"ENSRNOG00000064649",0
"ENSRNOG00000064446",0
"ENSRNOG00000067735",0
"ENSRNOG00000065149",0
"ENSRNOG00000068026",915
"ENSRNOG00000016465",71
"ENSRNOG00000064949",0
"ENSRNOG00000062455",190
"ENSRNOG00000064715",0
"ENSRNOG00000026252",83
"ENSRNOG00000068241",35
"ENSRNOG00000068109",119
"ENSRNOG00000064395",0
"ENSRNOG00000067581",0
"ENSRNOG00000064149",23
"ENSRNOG00000070290",9
"ENSRNOG00000008988",4
"ENSRNOG00000065547",1
"ENSRNOG00000021732",863
"ENSRNOG00000021285",266
"ENSRNOG00000008464",0
"ENSRNOG00000070351",0
"ENSRNOG00000042262",0
"ENSRNOG00000069818",26
"ENSRNOG00000065275",3
"ENSRNOG00000005378",0
"ENSRNOG00000025344",3
"ENSRNOG00000019857",67
"ENSRNOG00000007509",0
"ENSRNOG00000069272",1
"ENSRNOG00000062931",64
"ENSRNOG00000011104",51
"ENSRNOG00000009570",39
"ENSRNOG00000064557",0
"ENSRNOG00000019682",784
"ENSRNOG00000033583",84
"ENSRNOG00000007375",0
"ENSRNOG00000011214",452
"ENSRNOG00000068480",36
"ENSRNOG00000065526",40
"ENSRNOG00000055925",3213
"ENSRNOG00000007352",2
"ENSRNOG00000016952",0
"ENSRNOG00000069098",10
"ENSRNOG00000066130",7
"ENSRNOG00000008398",0
"ENSRNOG00000064418",1
"ENSRNOG00000052296",0
"ENSRNOG00000067887",24
"ENSRNOG00000007348",0
"ENSRNOG00000067221",0
"ENSRNOG00000067814",0
"ENSRNOG00000070186",0
"ENSRNOG00000050907",0
"ENSRNOG00000028711",1040
"ENSRNOG00000010821",288
"ENSRNOG00000056018",2
"ENSRNOG00000026094",0
"ENSRNOG00000052157",52
"ENSRNOG00000067996",0
"ENSRNOG00000063997",0
"ENSRNOG00000071023",1300
"ENSRNOG00000069203",0
"ENSRNOG00000070296",0
"ENSRNOG00000065381",0
"ENSRNOG00000066156",0
"ENSRNOG00000067411",1
"ENSRNOG00000011020",6966
"ENSRNOG00000066719",0
"ENSRNOG00000068608",155
"ENSRNOG00000050249",0
"ENSRNOG00000064881",0
"ENSRNOG00000064028",0
"ENSRNOG00000069936",0
"ENSRNOG00000007350",3
"ENSRNOG00000067346",0
"ENSRNOG00000070437",1
"ENSRNOG00000064416",19
"ENSRNOG00000058914",583
"ENSRNOG00000069149",0
"ENSRNOG00000071069",49
"ENSRNOG00000006759",168
"ENSRNOG00000062694",1329
"ENSRNOG00000014511",643
"ENSRNOG00000070127",0
"ENSRNOG00000070978",174
"ENSRNOG00000064413",0
"ENSRNOG00000012090",1
"ENSRNOG00000062597",8
"ENSRNOG00000008857",1335
"ENSRNOG00000006393",563
"ENSRNOG00000063544",6
"ENSRNOG00000031233",36
"ENSRNOG00000062722",0
"ENSRNOG00000065097",656
"ENSRNOG00000005278",0
"ENSRNOG00000007597",79
"ENSRNOG00000070151",8
"ENSRNOG00000065442",9
"ENSRNOG00000064274",0
"ENSRNOG00000062841",0
"ENSRNOG00000006350",2
"ENSRNOG00000067044",22
"ENSRNOG00000018655",438
"ENSRNOG00000070493",0
"ENSRNOG00000066930",0
"ENSRNOG00000006984",13
"ENSRNOG00000008409",143
"ENSRNOG00000063668",0
"ENSRNOG00000015450",177
"ENSRNOG00000003889",1816
"ENSRNOG00000065717",0
"ENSRNOG00000066464",15
"ENSRNOG00000064036",403
"ENSRNOG00000067787",1
"ENSRNOG00000065659",3805
"ENSRNOG00000064728",0
"ENSRNOG00000005874",76
"ENSRNOG00000066781",0
"ENSRNOG00000008378",590
"ENSRNOG00000033915",0
"ENSRNOG00000068271",0
"ENSRNOG00000065265",0
"ENSRNOG00000000190",1
"ENSRNOG00000066167",3
"ENSRNOG00000003772",1886
"ENSRNOG00000067182",0
"ENSRNOG00000026212",641
"ENSRNOG00000007133",8502
"ENSRNOG00000068660",130
"ENSRNOG00000066565",331
"ENSRNOG00000071046",215
"ENSRNOG00000020601",825
"ENSRNOG00000064117",6
"ENSRNOG00000008038",0
"ENSRNOG00000064910",0
"ENSRNOG00000007332",0
"ENSRNOG00000066622",8
"ENSRNOG00000007921",1322
"ENSRNOG00000003803",885
"ENSRNOG00000065198",21
"ENSRNOG00000006885",0
"ENSRNOG00000069930",159
"ENSRNOG00000069570",0
"ENSRNOG00000052025",5249
"ENSRNOG00000054458",0
"ENSRNOG00000068679",475
"ENSRNOG00000029866",51
"ENSRNOG00000011170",147
"ENSRNOG00000005446",1604
"ENSRNOG00000067729",49
"ENSRNOG00000062671",0
"ENSRNOG00000024907",883
"ENSRNOG00000007769",1886
"ENSRNOG00000020464",890
"ENSRNOG00000004221",0
"ENSRNOG00000069623",5
"ENSRNOG00000026128",65
"ENSRNOG00000062815",1
"ENSRNOG00000066534",14
"ENSRNOG00000070673",1
"ENSRNOG00000020431",5
"ENSRNOG00000054801",3
"ENSRNOG00000069026",10
"ENSRNOG00000064404",0
"ENSRNOG00000009884",37062
"ENSRNOG00000057981",0
"ENSRNOG00000069034",102
"ENSRNOG00000065676",265
"ENSRNOG00000071071",0
"ENSRNOG00000067261",1
"ENSRNOG00000039861",74
"ENSRNOG00000007664",0
"ENSRNOG00000065559",1
"ENSRNOG00000005758",0
"ENSRNOG00000053624",4
"ENSRNOG00000005234",354
"ENSRNOG00000039858",98
"ENSRNOG00000063593",2
"ENSRNOG00000032261",4
"ENSRNOG00000066749",134
"ENSRNOG00000067467",14
"ENSRNOG00000066189",2
"ENSRNOG00000062824",2
"ENSRNOG00000013577",2339
"ENSRNOG00000066348",238
"ENSRNOG00000068721",3
"ENSRNOG00000006940",0
"ENSRNOG00000020161",462
"ENSRNOG00000053060",1697
"ENSRNOG00000066006",0
"ENSRNOG00000027060",1
"ENSRNOG00000004588",198
"ENSRNOG00000062414",1694
"ENSRNOG00000004169",479
"ENSRNOG00000051170",6790
"ENSRNOG00000069255",68
"ENSRNOG00000006998",140
"ENSRNOG00000020383",512
"ENSRNOG00000021317",5912
"ENSRNOG00000006978",79
"ENSRNOG00000045524",335
"ENSRNOG00000049236",22685
"ENSRNOG00000067167",420
"ENSRNOG00000021833",0
"ENSRNOG00000033397",5
"ENSRNOG00000065932",40
"ENSRNOG00000016875",96
"ENSRNOG00000020266",66250
"ENSRNOG00000068522",0
"ENSRNOG00000067211",0
"ENSRNOG00000013869",31
"ENSRNOG00000030150",9
"ENSRNOG00000057162",0
"ENSRNOG00000004411",83
"ENSRNOG00000029738",8
"ENSRNOG00000048636",3
"ENSRNOG00000026866",59
"ENSRNOG00000005491",1
"ENSRNOG00000020230",416
"ENSRNOG00000004303",6352
"ENSRNOG00000009592",8870
"ENSRNOG00000012215",4
"ENSRNOG00000016968",800
"ENSRNOG00000004637",709
"ENSRNOG00000003880",0
"ENSRNOG00000042897",0
"ENSRNOG00000004831",2313
"ENSRNOG00000007587",1544
"ENSRNOG00000026634",0
"ENSRNOG00000066999",10
"ENSRNOG00000000187",1
"ENSRNOG00000022772",1413
"ENSRNOG00000003923",544
"ENSRNOG00000067350",0
"ENSRNOG00000004259",141
"ENSRNOG00000063758",0
"ENSRNOG00000003985",598
"ENSRNOG00000029179",1
"ENSRNOG00000005370",0
"ENSRNOG00000039136",0
"ENSRNOG00000047414",0
"ENSRNOG00000022937",3
"ENSRNOG00000004793",1541
"ENSRNOG00000005927",2232
"ENSRNOG00000015583",776
"ENSRNOG00000018745",579
"ENSRNOG00000005350",377
"ENSRNOG00000008897",1525
"ENSRNOG00000007545",8
"ENSRNOG00000004314",127
"ENSRNOG00000006995",5996
"ENSRNOG00000019196",569
"ENSRNOG00000006622",342
"ENSRNOG00000020585",65
"ENSRNOG00000055293",1
"ENSRNOG00000039852",220
"ENSRNOG00000063265",0
"ENSRNOG00000004813",562
"ENSRNOG00000007839",581
"ENSRNOG00000000231",995
"ENSRNOG00000029354",11
"ENSRNOG00000004483",1
"ENSRNOG00000020577",2287
"ENSRNOG00000009360",726
"ENSRNOG00000007323",704
"ENSRNOG00000004185",2321
"ENSRNOG00000018803",2164
"ENSRNOG00000027622",2081
"ENSRNOG00000004695",11
"ENSRNOG00000070482",1
"ENSRNOG00000006068",132
"ENSRNOG00000051536",10
"ENSRNOG00000042668",1127
"ENSRNOG00000020407",160
"ENSRNOG00000007432",490
"ENSRNOG00000000184",109
"ENSRNOG00000019187",8
"ENSRNOG00000004962",1102
"ENSRNOG00000024027",448
"ENSRNOG00000004909",1053
"ENSRNOG00000004505",3569
"ENSRNOG00000023262",347
"ENSRNOG00000006235",0
"ENSRNOG00000048230",0
"ENSRNOG00000008517",2635
"ENSRNOG00000008539",6
"ENSRNOG00000007400",2887
"ENSRNOG00000066159",468
"ENSRNOG00000071034",0
"ENSRNOG00000032569",2
"ENSRNOG00000007048",4928
"ENSRNOG00000065103",0
"ENSRNOG00000007088",5176
"ENSRNOG00000020501",26
"ENSRNOG00000067334",0
"ENSRNOG00000060407",46
"ENSRNOG00000042886",68
"ENSRNOG00000062386",34
"ENSRNOG00000063083",13
"ENSRNOG00000067692",0
"ENSRNOG00000070723",0
"ENSRNOG00000005642",3260
"ENSRNOG00000017197",51
"ENSRNOG00000004048",1029
"ENSRNOG00000008061",550
"ENSRNOG00000020466",1311
"ENSRNOG00000006901",2032
"ENSRNOG00000069032",1
"ENSRNOG00000008696",472
"ENSRNOG00000005034",1697
"ENSRNOG00000060879",55
"ENSRNOG00000068725",0
"ENSRNOG00000032420",53
"ENSRNOG00000058647",0
"ENSRNOG00000043197",0
"ENSRNOG00000023122",0
"ENSRNOG00000029028",3917
"ENSRNOG00000067243",0
"ENSRNOG00000067417",0
"ENSRNOG00000005362",237
"ENSRNOG00000026976",0
"ENSRNOG00000010359",0
"ENSRNOG00000005129",2042
"ENSRNOG00000067407",2
"ENSRNOG00000033579",1002
"ENSRNOG00000042771",1
"ENSRNOG00000007654",986
"ENSRNOG00000014637",5633
"ENSRNOG00000022932",131
"ENSRNOG00000007468",0
"ENSRNOG00000012457",936
"ENSRNOG00000004476",95
"ENSRNOG00000027124",720
"ENSRNOG00000010309",471
"ENSRNOG00000020416",95
"ENSRNOG00000007821",1132
"ENSRNOG00000022896",246
"ENSRNOG00000004996",482
"ENSRNOG00000067654",1
"ENSRNOG00000047782",6
"ENSRNOG00000018895",0
"ENSRNOG00000004229",0
"ENSRNOG00000004312",1420
"ENSRNOG00000008885",436
"ENSRNOG00000004306",14
"ENSRNOG00000049407",2
"ENSRNOG00000004316",63
"ENSRNOG00000008713",2372
"ENSRNOG00000004517",14
"ENSRNOG00000004311",0
"ENSRNOG00000007365",0
"ENSRNOG00000012812",1361
"ENSRNOG00000009585",1341
"ENSRNOG00000019377",1
"ENSRNOG00000007230",26
"ENSRNOG00000022778",1900
"ENSRNOG00000007834",4832
"ENSRNOG00000029651",103
"ENSRNOG00000070111",6
"ENSRNOG00000022877",1152
"ENSRNOG00000019349",1190
"ENSRNOG00000026793",1372
"ENSRNOG00000013514",2234
"ENSRNOG00000022296",0
"ENSRNOG00000046214",89
"ENSRNOG00000056446",6
"ENSRNOG00000053510",813
"ENSRNOG00000006304",4656
"ENSRNOG00000010539",116
"ENSRNOG00000016156",10378
"ENSRNOG00000032546",1013
"ENSRNOG00000024967",297
"ENSRNOG00000025046",1066
"ENSRNOG00000013593",0
"ENSRNOG00000004492",819
"ENSRNOG00000054624",0
"ENSRNOG00000046955",3063
"ENSRNOG00000004302",0
"ENSRNOG00000010141",287
"ENSRNOG00000052289",4016
"ENSRNOG00000055408",140
"ENSRNOG00000025742",96
"ENSRNOG00000007601",0
"ENSRNOG00000006541",332
"ENSRNOG00000005614",2205
"ENSRNOG00000004682",150
"ENSRNOG00000006946",0
"ENSRNOG00000032429",11
"ENSRNOG00000009756",1766
"ENSRNOG00000037025",1
"ENSRNOG00000025120",28
"ENSRNOG00000066777",0
"ENSRNOG00000012295",619
"ENSRNOG00000068896",11
"ENSRNOG00000019924",363
"ENSRNOG00000062542",32
"ENSRNOG00000022975",0
"ENSRNOG00000042460",104
"ENSRNOG00000004727",524
"ENSRNOG00000004839",41
"ENSRNOG00000050884",0
"ENSRNOG00000008064",1857
"ENSRNOG00000016896",45805
"ENSRNOG00000020005",1686
"ENSRNOG00000004226",866
"ENSRNOG00000054420",118
"ENSRNOG00000029465",47
"ENSRNOG00000005102",3862
"ENSRNOG00000019822",297
"ENSRNOG00000017108",16
"ENSRNOG00000011094",0
"ENSRNOG00000053269",452
"ENSRNOG00000018788",483
"ENSRNOG00000004177",0
"ENSRNOG00000022570",178
"ENSRNOG00000026963",8590
"ENSRNOG00000005965",779
"ENSRNOG00000057881",831
"ENSRNOG00000005931",1571
"ENSRNOG00000007286",119
"ENSRNOG00000026982",196
"ENSRNOG00000071195",57
"ENSRNOG00000004688",5151
"ENSRNOG00000022507",1223
"ENSRNOG00000017434",33
"ENSRNOG00000005437",505
"ENSRNOG00000066134",0
"ENSRNOG00000026807",11
"ENSRNOG00000005243",54
"ENSRNOG00000025898",0
"ENSRNOG00000019552",339
"ENSRNOG00000017285",2
"ENSRNOG00000004294",0
"ENSRNOG00000062462",0
"ENSRNOG00000066111",0
"ENSRNOG00000064198",1
"ENSRNOG00000070632",0
"ENSRNOG00000028956",602
"ENSRNOG00000017553",1733
"ENSRNOG00000005190",1296
"ENSRNOG00000067109",0
"ENSRNOG00000005388",338
"ENSRNOG00000008174",826
"ENSRNOG00000067422",1
"ENSRNOG00000068220",13518
"ENSRNOG00000007686",7
"ENSRNOG00000017801",10627
"ENSRNOG00000033787",781
"ENSRNOG00000005528",862
"ENSRNOG00000050419",116
"ENSRNOG00000017847",632
"ENSRNOG00000017916",838
"ENSRNOG00000008331",2725
"ENSRNOG00000048843",180
"ENSRNOG00000005689",640
"ENSRNOG00000042522",68
"ENSRNOG00000007679",23
"ENSRNOG00000047631",25
"ENSRNOG00000070907",287
"ENSRNOG00000005763",2064
"ENSRNOG00000008569",2878
"ENSRNOG00000047895",128
"ENSRNOG00000019891",2726
"ENSRNOG00000010834",0
"ENSRNOG00000005572",0
"ENSRNOG00000025059",86
"ENSRNOG00000018330",0
"ENSRNOG00000007197",0
"ENSRNOG00000025023",2
"ENSRNOG00000010209",238
"ENSRNOG00000068987",1
"ENSRNOG00000018529",2551
"ENSRNOG00000063755",155
"ENSRNOG00000055305",1744
"ENSRNOG00000038943",0
"ENSRNOG00000068626",21
"ENSRNOG00000005720",0
"ENSRNOG00000004013",133
"ENSRNOG00000019383",2405
"ENSRNOG00000059015",408
"ENSRNOG00000046492",153
"ENSRNOG00000015916",437
"ENSRNOG00000008586",1231
"ENSRNOG00000013764",189
"ENSRNOG00000013423",928
"ENSRNOG00000025053",37620
"ENSRNOG00000005823",980
"ENSRNOG00000005790",0
"ENSRNOG00000018316",2
"ENSRNOG00000011952",412
"ENSRNOG00000034139",0
"ENSRNOG00000066910",0
"ENSRNOG00000006367",1
"ENSRNOG00000005825",1
"ENSRNOG00000010549",3174
"ENSRNOG00000008415",1045
"ENSRNOG00000008016",2879
"ENSRNOG00000004400",255
"ENSRNOG00000008050",4
"ENSRNOG00000052981",396
"ENSRNOG00000031851",93
"ENSRNOG00000004189",277
"ENSRNOG00000008022",679
"ENSRNOG00000064573",0
"ENSRNOG00000023410",110
"ENSRNOG00000008106",1609
"ENSRNOG00000064852",22
"ENSRNOG00000005228",3829
"ENSRNOG00000009736",0
"ENSRNOG00000023824",1
"ENSRNOG00000014844",59
"ENSRNOG00000069507",7
"ENSRNOG00000058271",717
"ENSRNOG00000004936",17645
"ENSRNOG00000023951",1
"ENSRNOG00000033570",0
"ENSRNOG00000028782",314
"ENSRNOG00000005956",0
"ENSRNOG00000013067",3
"ENSRNOG00000005270",20
"ENSRNOG00000054994",0
"ENSRNOG00000055497",0
"ENSRNOG00000057424",0
"ENSRNOG00000005138",1308
"ENSRNOG00000052986",0
"ENSRNOG00000023202",1387
"ENSRNOG00000060183",0
"ENSRNOG00000056776",0
"ENSRNOG00000056217",0
"ENSRNOG00000059833",0
"ENSRNOG00000059498",0
"ENSRNOG00000058093",0
"ENSRNOG00000025551",88
"ENSRNOG00000031789",289
"ENSRNOG00000057249",2
"ENSRNOG00000053801",0
"ENSRNOG00000057420",0
"ENSRNOG00000060548",0
"ENSRNOG00000063441",0
"ENSRNOG00000046159",7863
"ENSRNOG00000070649",2
"ENSRNOG00000059305",0
"ENSRNOG00000011278",679
"ENSRNOG00000051692",0
"ENSRNOG00000063694",0
"ENSRNOG00000069745",0
"ENSRNOG00000011136",1252
"ENSRNOG00000016852",106
"ENSRNOG00000032335",0
"ENSRNOG00000031383",0
"ENSRNOG00000031425",0
"ENSRNOG00000007700",0
"ENSRNOG00000011507",76
"ENSRNOG00000045629",434
"ENSRNOG00000004459",1
"ENSRNOG00000053692",1
"ENSRNOG00000067950",0
"ENSRNOG00000032871",0
"ENSRNOG00000058099",0
"ENSRNOG00000065009",0
"ENSRNOG00000060257",3
"ENSRNOG00000059077",0
"ENSRNOG00000052214",0
"ENSRNOG00000068129",0
"ENSRNOG00000004603",230
"ENSRNOG00000059423",0
"ENSRNOG00000006870",1529
"ENSRNOG00000065099",0
"ENSRNOG00000004659",407
"ENSRNOG00000052580",0
"ENSRNOG00000058804",0
"ENSRNOG00000061681",0
"ENSRNOG00000065930",0
"ENSRNOG00000059977",0
"ENSRNOG00000004421",674
"ENSRNOG00000007003",4
"ENSRNOG00000055749",0
"ENSRNOG00000058828",0
"ENSRNOG00000054968",0
"ENSRNOG00000071082",0
"ENSRNOG00000007262",169
"ENSRNOG00000036516",1
"ENSRNOG00000010078",63
"ENSRNOG00000035457",4
"ENSRNOG00000041758",0
"ENSRNOG00000048399",0
"ENSRNOG00000052725",1
"ENSRNOG00000035529",0
"ENSRNOG00000004391",1
"ENSRNOG00000047216",0
"ENSRNOG00000056727",0
"ENSRNOG00000056493",1
"ENSRNOG00000041492",1
"ENSRNOG00000060956",2844
"ENSRNOG00000035461",26
"ENSRNOG00000035525",0
"ENSRNOG00000041450",0
"ENSRNOG00000035611",0
"ENSRNOG00000015177",2406
"ENSRNOG00000006766",8866
"ENSRNOG00000035543",3
"ENSRNOG00000064006",0
"ENSRNOG00000041348",0
"ENSRNOG00000053467",0
"ENSRNOG00000036514",0
"ENSRNOG00000009658",1013
"ENSRNOG00000035614",0
"ENSRNOG00000035636",0
"ENSRNOG00000017022",4328
"ENSRNOG00000045781",0
"ENSRNOG00000066306",0
"ENSRNOG00000035642",0
"ENSRNOG00000035547",0
"ENSRNOG00000006578",2
"ENSRNOG00000014137",30
"ENSRNOG00000006060",684
"ENSRNOG00000025504",1836
"ENSRNOG00000017057",861
"ENSRNOG00000066252",2600
"ENSRNOG00000057264",1
"ENSRNOG00000051838",138
"ENSRNOG00000054019",7
"ENSRNOG00000055844",0
"ENSRNOG00000010807",863
"ENSRNOG00000060779",0
"ENSRNOG00000052434",0
"ENSRNOG00000060170",0
"ENSRNOG00000061717",5
"ENSRNOG00000010588",17424
"ENSRNOG00000058707",1
"ENSRNOG00000007000",1
"ENSRNOG00000062476",0
"ENSRNOG00000055394",0
"ENSRNOG00000056800",0
"ENSRNOG00000055397",0
"ENSRNOG00000056599",1
"ENSRNOG00000057767",0
"ENSRNOG00000055237",0
"ENSRNOG00000057747",0
"ENSRNOG00000070036",0
"ENSRNOG00000063910",0
"ENSRNOG00000071132",0
"ENSRNOG00000068807",1
"ENSRNOG00000010793",384
"ENSRNOG00000056857",5
"ENSRNOG00000065332",0
"ENSRNOG00000008639",51905
"ENSRNOG00000007581",0
"ENSRNOG00000067202",2
"ENSRNOG00000058682",0
"ENSRNOG00000052381",0
"ENSRNOG00000063116",1
"ENSRNOG00000070636",12
"ENSRNOG00000052505",0
"ENSRNOG00000060456",0
"ENSRNOG00000057766",0
"ENSRNOG00000066702",0
"ENSRNOG00000061082",0
"ENSRNOG00000058376",1
"ENSRNOG00000055418",1
"ENSRNOG00000054193",3
"ENSRNOG00000030814",0
"ENSRNOG00000064830",0
"ENSRNOG00000006118",1304
"ENSRNOG00000066363",0
"ENSRNOG00000067345",0
"ENSRNOG00000062426",0
"ENSRNOG00000054025",0
"ENSRNOG00000056927",0
"ENSRNOG00000060330",0
"ENSRNOG00000025501",1
"ENSRNOG00000070142",0
"ENSRNOG00000068761",0
"ENSRNOG00000066308",1
"ENSRNOG00000063604",1
"ENSRNOG00000066043",0
"ENSRNOG00000061818",0
"ENSRNOG00000070821",0
"ENSRNOG00000069470",0
"ENSRNOG00000004578",1
"ENSRNOG00000066147",0
"ENSRNOG00000063468",0
"ENSRNOG00000058916",255
"ENSRNOG00000055183",0
"ENSRNOG00000051459",0
"ENSRNOG00000038948",2
"ENSRNOG00000054055",0
"ENSRNOG00000069608",0
"ENSRNOG00000004403",518
"ENSRNOG00000069747",0
"ENSRNOG00000070637",542
"ENSRNOG00000056340",0
"ENSRNOG00000052862",0
"ENSRNOG00000068939",0
"ENSRNOG00000042978",347
"ENSRNOG00000059857",67
"ENSRNOG00000054775",3661
"ENSRNOG00000034316",0
"ENSRNOG00000056530",0
"ENSRNOG00000015447",2161
"ENSRNOG00000056726",0
"ENSRNOG00000004301",1106
"ENSRNOG00000007032",0
"ENSRNOG00000052611",0
"ENSRNOG00000053843",0
"ENSRNOG00000057961",0
"ENSRNOG00000006653",6
"ENSRNOG00000010459",2
"ENSRNOG00000005263",1813
"ENSRNOG00000052218",1
"ENSRNOG00000038916",573
"ENSRNOG00000060638",0
"ENSRNOG00000058269",11
"ENSRNOG00000065976",44
"ENSRNOG00000061351",0
"ENSRNOG00000004502",4
"ENSRNOG00000058201",0
"ENSRNOG00000063448",0
"ENSRNOG00000055100",0
"ENSRNOG00000066564",0
"ENSRNOG00000057777",0
"ENSRNOG00000055395",0
"ENSRNOG00000007875",922
"ENSRNOG00000055833",0
"ENSRNOG00000032828",0
"ENSRNOG00000022807",191
"ENSRNOG00000058379",0
"ENSRNOG00000057004",0
"ENSRNOG00000008367",0
"ENSRNOG00000055582",2
"ENSRNOG00000060815",0
"ENSRNOG00000006816",8894
"ENSRNOG00000055214",0
"ENSRNOG00000059158",0
"ENSRNOG00000063628",0
"ENSRNOG00000053405",359
"ENSRNOG00000066150",0
"ENSRNOG00000067057",0
"ENSRNOG00000064494",0
"ENSRNOG00000052077",0
"ENSRNOG00000055273",0
"ENSRNOG00000053002",0
"ENSRNOG00000005291",144
"ENSRNOG00000064518",0
"ENSRNOG00000057900",0
"ENSRNOG00000065227",0
"ENSRNOG00000067964",0
"ENSRNOG00000070612",0
"ENSRNOG00000055884",6
"ENSRNOG00000053482",0
"ENSRNOG00000032447",25
"ENSRNOG00000058282",0
"ENSRNOG00000051798",0
"ENSRNOG00000063381",0
"ENSRNOG00000053921",0
"ENSRNOG00000066915",0
"ENSRNOG00000058303",0
"ENSRNOG00000064763",0
"ENSRNOG00000049733",0
"ENSRNOG00000067164",0
"ENSRNOG00000054300",0
"ENSRNOG00000052281",0
"ENSRNOG00000024494",18
"ENSRNOG00000016141",1
"ENSRNOG00000005299",6
"ENSRNOG00000028619",0
"ENSRNOG00000036865",0
"ENSRNOG00000022260",1396
"ENSRNOG00000014850",2
"ENSRNOG00000004109",2022
"ENSRNOG00000004298",1
"ENSRNOG00000036831",0
"ENSRNOG00000057988",786
"ENSRNOG00000070941",0
"ENSRNOG00000025994",21
"ENSRNOG00000025454",129
"ENSRNOG00000006305",16989
"ENSRNOG00000024955",1161
"ENSRNOG00000009779",329
"ENSRNOG00000069110",0
"ENSRNOG00000054757",1967
"ENSRNOG00000004148",522
"ENSRNOG00000011573",574
"ENSRNOG00000009088",2406
"ENSRNOG00000068023",6361
"ENSRNOG00000007859",100
"ENSRNOG00000056487",936
"ENSRNOG00000052880",9
"ENSRNOG00000012192",432
"ENSRNOG00000007970",15
"ENSRNOG00000045554",2
"ENSRNOG00000010811",0
"ENSRNOG00000014082",0
"ENSRNOG00000005637",0
"ENSRNOG00000012208",1
"ENSRNOG00000012499",2334
"ENSRNOG00000010408",102
"ENSRNOG00000058560",0
"ENSRNOG00000021881",467
"ENSRNOG00000008247",2826
"ENSRNOG00000007801",3605
"ENSRNOG00000021945",1
"ENSRNOG00000064461",0
"ENSRNOG00000008797",17897
"ENSRNOG00000060703",242
"ENSRNOG00000025481",6688
"ENSRNOG00000052307",2257
"ENSRNOG00000064897",0
"ENSRNOG00000006841",45
"ENSRNOG00000059961",38
"ENSRNOG00000007713",32
"ENSRNOG00000004494",1914
"ENSRNOG00000065012",0
"ENSRNOG00000031099",0
"ENSRNOG00000004367",2929
"ENSRNOG00000053196",4057
"ENSRNOG00000004011",378
"ENSRNOG00000054515",1042
"ENSRNOG00000055597",2368
"ENSRNOG00000068255",0
"ENSRNOG00000005266",0
"ENSRNOG00000021892",2
"ENSRNOG00000005556",448
"ENSRNOG00000052990",4654
"ENSRNOG00000006514",791
"ENSRNOG00000007407",534
"ENSRNOG00000059801",4122
"ENSRNOG00000006983",1224
"ENSRNOG00000060020",11
"ENSRNOG00000058053",1370
"ENSRNOG00000056457",7
"ENSRNOG00000009094",7832
"ENSRNOG00000049033",331
"ENSRNOG00000005573",38
"ENSRNOG00000063295",0
"ENSRNOG00000065833",10
"ENSRNOG00000065049",0
"ENSRNOG00000032395",349
"ENSRNOG00000050317",4016
"ENSRNOG00000065389",72
"ENSRNOG00000060154",1104
"ENSRNOG00000008507",96
"ENSRNOG00000054274",1049
"ENSRNOG00000024450",1013
"ENSRNOG00000002632",25661
"ENSRNOG00000010099",2348
"ENSRNOG00000068918",0
"ENSRNOG00000059765",22
"ENSRNOG00000005987",311
"ENSRNOG00000063627",0
"ENSRNOG00000016149",2
"ENSRNOG00000070604",0
"ENSRNOG00000031930",2
"ENSRNOG00000009160",0
"ENSRNOG00000059050",0
"ENSRNOG00000067545",0
"ENSRNOG00000024870",84
"ENSRNOG00000002642",4674
"ENSRNOG00000033059",0
"ENSRNOG00000008057",10
"ENSRNOG00000008819",0
"ENSRNOG00000002840",14074
"ENSRNOG00000067257",0
"ENSRNOG00000004628",4703
"ENSRNOG00000032859",0
"ENSRNOG00000062981",142
"ENSRNOG00000008965",616
"ENSRNOG00000053881",2165
"ENSRNOG00000004875",0
"ENSRNOG00000028713",0
"ENSRNOG00000032332",0
"ENSRNOG00000004554",909
"ENSRNOG00000036830",0
"ENSRNOG00000008242",0
"ENSRNOG00000004610",22087
"ENSRNOG00000031785",1
"ENSRNOG00000003076",11224
"ENSRNOG00000004635",0
"ENSRNOG00000015320",12273
"ENSRNOG00000004284",9635
"ENSRNOG00000068905",10
"ENSRNOG00000040281",17926
"ENSRNOG00000005386",2350
"ENSRNOG00000036829",4
"ENSRNOG00000004904",1772
"ENSRNOG00000036828",11
"ENSRNOG00000069509",0
"ENSRNOG00000036871",0
"ENSRNOG00000021681",427
"ENSRNOG00000036827",0
"ENSRNOG00000036826",0
"ENSRNOG00000042740",183
"ENSRNOG00000067092",1
"ENSRNOG00000019550",923
"ENSRNOG00000038574",298
"ENSRNOG00000023896",1188
"ENSRNOG00000031612",187
"ENSRNOG00000004717",1673
"ENSRNOG00000027468",47
"ENSRNOG00000053498",855
"ENSRNOG00000004179",0
"ENSRNOG00000053802",1
"ENSRNOG00000047393",0
"ENSRNOG00000029855",1374
"ENSRNOG00000004026",1404
"ENSRNOG00000019653",323
"ENSRNOG00000028679",0
"ENSRNOG00000007999",2
"ENSRNOG00000028879",0
"ENSRNOG00000016116",0
"ENSRNOG00000064464",0
"ENSRNOG00000004117",0
"ENSRNOG00000004390",332
"ENSRNOG00000012985",2401
"ENSRNOG00000003127",327
"ENSRNOG00000005048",0
"ENSRNOG00000032529",0
"ENSRNOG00000004878",0
"ENSRNOG00000046245",172
"ENSRNOG00000070470",0
"ENSRNOG00000013343",868
"ENSRNOG00000070314",0
"ENSRNOG00000004585",138
"ENSRNOG00000069543",0
"ENSRNOG00000068902",0
"ENSRNOG00000013445",451
"ENSRNOG00000053468",20978
"ENSRNOG00000067326",286
"ENSRNOG00000031135",2458
"ENSRNOG00000025602",9403
"ENSRNOG00000069814",23
"ENSRNOG00000070066",0
"ENSRNOG00000063136",0
"ENSRNOG00000066049",0
"ENSRNOG00000069400",1
"ENSRNOG00000007756",300
"ENSRNOG00000059605",10
"ENSRNOG00000069872",0
"ENSRNOG00000025592",2824
"ENSRNOG00000064054",3
"ENSRNOG00000068019",0
"ENSRNOG00000070332",0
"ENSRNOG00000070691",0
"ENSRNOG00000036841",1052
"ENSRNOG00000066421",0
"ENSRNOG00000068569",0
"ENSRNOG00000066872",32
"ENSRNOG00000025584",1
"ENSRNOG00000065129",338
"ENSRNOG00000064401",8
"ENSRNOG00000061499",4116
"ENSRNOG00000069308",31
"ENSRNOG00000036839",2141
"ENSRNOG00000068408",0
"ENSRNOG00000066841",5
"ENSRNOG00000063061",0
"ENSRNOG00000064491",0
"ENSRNOG00000068195",5
"ENSRNOG00000060017",0
"ENSRNOG00000036837",0
"ENSRNOG00000064195",66
"ENSRNOG00000070425",0
"ENSRNOG00000002597",0
"ENSRNOG00000025570",2080
"ENSRNOG00000066185",0
"ENSRNOG00000036836",1
"ENSRNOG00000064872",0
"ENSRNOG00000066132",0
"ENSRNOG00000063589",0
"ENSRNOG00000070666",33
"ENSRNOG00000066498",660
"ENSRNOG00000031993",459
"ENSRNOG00000070180",0
"ENSRNOG00000036835",5554
"ENSRNOG00000065284",0
"ENSRNOG00000043382",0
"ENSRNOG00000069689",0
"ENSRNOG00000004846",974
"ENSRNOG00000064864",0
"ENSRNOG00000016199",0
"ENSRNOG00000056878",564
"ENSRNOG00000067207",7
"ENSRNOG00000064226",0
"ENSRNOG00000064246",0
"ENSRNOG00000006209",893
"ENSRNOG00000042094",3188
"ENSRNOG00000064691",0
"ENSRNOG00000061088",1019
"ENSRNOG00000065531",0
"ENSRNOG00000069127",0
"ENSRNOG00000069679",6
"ENSRNOG00000068119",0
"ENSRNOG00000063228",2
"ENSRNOG00000068601",184
"ENSRNOG00000066635",27
"ENSRNOG00000070115",0
"ENSRNOG00000068009",1
"ENSRNOG00000063058",270
"ENSRNOG00000067620",127
"ENSRNOG00000069968",0
"ENSRNOG00000064133",0
"ENSRNOG00000067773",0
"ENSRNOG00000063760",2
"ENSRNOG00000056106",1169
"ENSRNOG00000036852",8962
"ENSRNOG00000054935",0
"ENSRNOG00000065975",0
"ENSRNOG00000065359",0
"ENSRNOG00000064169",0
"ENSRNOG00000000958",260
"ENSRNOG00000063922",41
"ENSRNOG00000062619",0
"ENSRNOG00000054385",85
"ENSRNOG00000043299",0
"ENSRNOG00000015134",674
"ENSRNOG00000053675",1
"ENSRNOG00000043334",0
"ENSRNOG00000064889",0
"ENSRNOG00000061607",295
"ENSRNOG00000043125",0
"ENSRNOG00000004398",10
"ENSRNOG00000065664",0
"ENSRNOG00000059545",56
"ENSRNOG00000042355",275
"ENSRNOG00000062651",106
"ENSRNOG00000063839",0
"ENSRNOG00000059790",0
"ENSRNOG00000066391",0
"ENSRNOG00000070619",1
"ENSRNOG00000007607",2536
"ENSRNOG00000064438",0
"ENSRNOG00000070603",0
"ENSRNOG00000066225",0
"ENSRNOG00000015269",3370
"ENSRNOG00000021438",4567
"ENSRNOG00000070683",0
"ENSRNOG00000070022",0
"ENSRNOG00000065595",0
"ENSRNOG00000064209",273
"ENSRNOG00000060185",1576
"ENSRNOG00000067854",0
"ENSRNOG00000070615",0
"ENSRNOG00000005333",2810
"ENSRNOG00000003254",20
"ENSRNOG00000066587",0
"ENSRNOG00000057451",8161
"ENSRNOG00000067222",1
"ENSRNOG00000065752",0
"ENSRNOG00000067667",7
"ENSRNOG00000070152",19
"ENSRNOG00000032441",279
"ENSRNOG00000071048",0
"ENSRNOG00000069488",5
"ENSRNOG00000005309",0
"ENSRNOG00000057315",0
"ENSRNOG00000066441",45
"ENSRNOG00000070536",0
"ENSRNOG00000054838",867
"ENSRNOG00000063363",0
"ENSRNOG00000039997",896
"ENSRNOG00000066873",11
"ENSRNOG00000043203",0
"ENSRNOG00000065094",0
"ENSRNOG00000001376",1126
"ENSRNOG00000063812",0
"ENSRNOG00000063576",0
"ENSRNOG00000064471",0
"ENSRNOG00000063449",4
"ENSRNOG00000058125",0
"ENSRNOG00000062295",0
"ENSRNOG00000054250",1
"ENSRNOG00000060866",0
"ENSRNOG00000067703",0
"ENSRNOG00000012832",1780
"ENSRNOG00000065854",0
"ENSRNOG00000046069",0
"ENSRNOG00000025340",0
"ENSRNOG00000068846",2
"ENSRNOG00000053181",0
"ENSRNOG00000069328",0
"ENSRNOG00000066066",0
"ENSRNOG00000066478",9
"ENSRNOG00000054378",0
"ENSRNOG00000004201",171
"ENSRNOG00000052539",440
"ENSRNOG00000071151",0
"ENSRNOG00000051970",0
"ENSRNOG00000006130",7875
"ENSRNOG00000065252",1
"ENSRNOG00000065308",5
"ENSRNOG00000006934",225
"ENSRNOG00000070006",0
"ENSRNOG00000060993",0
"ENSRNOG00000058134",0
"ENSRNOG00000007346",223
"ENSRNOG00000057971",0
"ENSRNOG00000068482",0
"ENSRNOG00000056297",2864
"ENSRNOG00000056885",0
"ENSRNOG00000051638",0
"ENSRNOG00000051790",0
"ENSRNOG00000070769",481
"ENSRNOG00000060818",0
"ENSRNOG00000061721",0
"ENSRNOG00000065117",0
"ENSRNOG00000070176",1
"ENSRNOG00000004595",6
"ENSRNOG00000058435",0
"ENSRNOG00000063976",0
"ENSRNOG00000070294",0
"ENSRNOG00000067922",0
"ENSRNOG00000067324",1
"ENSRNOG00000006469",899
"ENSRNOG00000068409",0
"ENSRNOG00000056678",838
"ENSRNOG00000069080",0
"ENSRNOG00000067888",0
"ENSRNOG00000053419",0
"ENSRNOG00000055579",13673
"ENSRNOG00000061079",0
"ENSRNOG00000023085",96
"ENSRNOG00000053870",0
"ENSRNOG00000061572",690
"ENSRNOG00000063352",0
"ENSRNOG00000059070",1
"ENSRNOG00000057624",0
"ENSRNOG00000066337",0
"ENSRNOG00000058430",74
"ENSRNOG00000022943",865
"ENSRNOG00000058340",0
"ENSRNOG00000061238",0
"ENSRNOG00000050420",0
"ENSRNOG00000066475",176
"ENSRNOG00000049495",0
"ENSRNOG00000053769",5
"ENSRNOG00000024929",491
"ENSRNOG00000030876",0
"ENSRNOG00000058130",352
"ENSRNOG00000036833",658
"ENSRNOG00000004681",976
"ENSRNOG00000006778",5960
"ENSRNOG00000008436",0
"ENSRNOG00000006827",322
"ENSRNOG00000006844",639
"ENSRNOG00000004220",481
"ENSRNOG00000036834",0
"ENSRNOG00000030120",462
"ENSRNOG00000062320",0
"ENSRNOG00000031081",1720
"ENSRNOG00000025087",0
"ENSRNOG00000030520",297
"ENSRNOG00000004200",24
"ENSRNOG00000007610",484
"ENSRNOG00000005535",942
"ENSRNOG00000006789",1501
"ENSRNOG00000009563",0
"ENSRNOG00000024507",0
"ENSRNOG00000007650",13327
"ENSRNOG00000067469",2
"ENSRNOG00000010977",900
"ENSRNOG00000025459",1569
"ENSRNOG00000028996",0
"ENSRNOG00000004964",6
"ENSRNOG00000007784",1287
"ENSRNOG00000014084",2864
"ENSRNOG00000004708",0
"ENSRNOG00000024886",2760
"ENSRNOG00000007905",2231
"ENSRNOG00000007927",4
"ENSRNOG00000068079",560
"ENSRNOG00000008195",19990
"ENSRNOG00000070116",0
"ENSRNOG00000048637",0
"ENSRNOG00000032428",0
"ENSRNOG00000067519",0
"ENSRNOG00000065300",0
"ENSRNOG00000023456",2341
"ENSRNOG00000030191",0
"ENSRNOG00000063559",0
"ENSRNOG00000037687",1
"ENSRNOG00000033466",0
"ENSRNOG00000066504",0
"ENSRNOG00000065281",0
"ENSRNOG00000068784",0
"ENSRNOG00000003549",2774
"ENSRNOG00000063653",0
"ENSRNOG00000068489",0
"ENSRNOG00000068586",0
"ENSRNOG00000027690",290
"ENSRNOG00000033263",0
"ENSRNOG00000053040",3349
"ENSRNOG00000023520",7347
"ENSRNOG00000039449",0
"ENSRNOG00000004697",22
"ENSRNOG00000060598",0
"ENSRNOG00000012835",115
"ENSRNOG00000004662",1792
"ENSRNOG00000029571",749
"ENSRNOG00000009072",129
"ENSRNOG00000049571",0
"ENSRNOG00000003132",0
"ENSRNOG00000063608",0
"ENSRNOG00000063956",4
"ENSRNOG00000011955",27
"ENSRNOG00000048787",0
"ENSRNOG00000042090",0
"ENSRNOG00000004937",17
"ENSRNOG00000031916",120
"ENSRNOG00000033403",0
"ENSRNOG00000031493",0
"ENSRNOG00000031205",3
"ENSRNOG00000061320",1219
"ENSRNOG00000043412",7
"ENSRNOG00000064174",1
"ENSRNOG00000032424",1
"ENSRNOG00000063008",0
"ENSRNOG00000055726",0
"ENSRNOG00000016598",0
"ENSRNOG00000021688",529
"ENSRNOG00000016613",1
"ENSRNOG00000050393",529
"ENSRNOG00000069033",30
"ENSRNOG00000009105",0
"ENSRNOG00000005854",21
"ENSRNOG00000054140",5247
"ENSRNOG00000036842",356
"ENSRNOG00000004152",896
"ENSRNOG00000008697",2944
"ENSRNOG00000053054",502
"ENSRNOG00000008336",3387
"ENSRNOG00000028837",70
"ENSRNOG00000004660",471
"ENSRNOG00000030597",955
"ENSRNOG00000034022",1392
"ENSRNOG00000060753",1455
"ENSRNOG00000033361",87
"ENSRNOG00000026502",84
"ENSRNOG00000004704",2
"ENSRNOG00000063314",128
"ENSRNOG00000023480",1584
"ENSRNOG00000065551",0
"ENSRNOG00000062664",0
"ENSRNOG00000004089",45
"ENSRNOG00000004420",4096
"ENSRNOG00000008615",82
"ENSRNOG00000005123",487
"ENSRNOG00000004821",565
"ENSRNOG00000005417",222
"ENSRNOG00000005551",2212
"ENSRNOG00000006103",236
"ENSRNOG00000071113",3
"ENSRNOG00000004854",5
"ENSRNOG00000069184",0
"ENSRNOG00000043390",0
"ENSRNOG00000069733",1
"ENSRNOG00000004328",735
"ENSRNOG00000004252",9608
"ENSRNOG00000024998",1901
"ENSRNOG00000007980",1
"ENSRNOG00000009550",2995
"ENSRNOG00000009739",3784
"ENSRNOG00000003964",258
"ENSRNOG00000004844",574
"ENSRNOG00000025300",17
"ENSRNOG00000007896",96
"ENSRNOG00000004958",0
"ENSRNOG00000008934",907
"ENSRNOG00000008987",4421
"ENSRNOG00000047198",61
"ENSRNOG00000009001",1041
"ENSRNOG00000063076",242
"ENSRNOG00000004747",0
"ENSRNOG00000004692",4
"ENSRNOG00000062233",0
"ENSRNOG00000069501",0
"ENSRNOG00000054576",3
"ENSRNOG00000019459",8295
"ENSRNOG00000008209",651
"ENSRNOG00000004100",1434
"ENSRNOG00000062947",418
"ENSRNOG00000032951",0
"ENSRNOG00000006738",309
"ENSRNOG00000037549",0
"ENSRNOG00000029292",0
"ENSRNOG00000063591",205
"ENSRNOG00000004744",45
"ENSRNOG00000018271",1
"ENSRNOG00000033584",0
"ENSRNOG00000018212",729
"ENSRNOG00000008591",2
"ENSRNOG00000006370",79
"ENSRNOG00000018977",6057
"ENSRNOG00000006412",947
"ENSRNOG00000058733",3171
"ENSRNOG00000065001",0
"ENSRNOG00000031950",46
"ENSRNOG00000025604",669
"ENSRNOG00000018971",785
"ENSRNOG00000051499",1220
"ENSRNOG00000006700",205
"ENSRNOG00000070626",0
"ENSRNOG00000025460",85
"ENSRNOG00000006251",0
"ENSRNOG00000032202",0
"ENSRNOG00000004906",0
"ENSRNOG00000026435",36
"ENSRNOG00000005206",0
"ENSRNOG00000024975",38
"ENSRNOG00000005233",0
"ENSRNOG00000034102",8
"ENSRNOG00000033791",212
"ENSRNOG00000033694",225
"ENSRNOG00000011954",6
"ENSRNOG00000004500",524
"ENSRNOG00000025140",115
"ENSRNOG00000014625",1783
"ENSRNOG00000024349",507
"ENSRNOG00000025528",3535
"ENSRNOG00000005486",1331
"ENSRNOG00000014287",498
"ENSRNOG00000015434",2951
"ENSRNOG00000004401",1141
"ENSRNOG00000068848",0
"ENSRNOG00000004412",136
"ENSRNOG00000011489",2906
"ENSRNOG00000065596",1
"ENSRNOG00000033262",52
"ENSRNOG00000016405",137
"ENSRNOG00000006104",13
"ENSRNOG00000025293",0
"ENSRNOG00000031387",1058
"ENSRNOG00000024577",299
"ENSRNOG00000024568",1300
"ENSRNOG00000024549",187
"ENSRNOG00000016203",23
"ENSRNOG00000056714",1
"ENSRNOG00000008199",0
"ENSRNOG00000030830",406
"ENSRNOG00000013987",1601
"ENSRNOG00000064283",109
"ENSRNOG00000067606",128
"ENSRNOG00000007393",2426
"ENSRNOG00000013604",8081
"ENSRNOG00000024603",17035
"ENSRNOG00000010423",6
"ENSRNOG00000026415",1069
"ENSRNOG00000009760",1497
"ENSRNOG00000009311",462
"ENSRNOG00000009265",0
"ENSRNOG00000009028",471
"ENSRNOG00000008960",111
"ENSRNOG00000000175",93
"ENSRNOG00000008533",1753
"ENSRNOG00000070264",0
"ENSRNOG00000000177",918
"ENSRNOG00000025516",0
"ENSRNOG00000054588",0
"ENSRNOG00000011315",851
"ENSRNOG00000065138",0
"ENSRNOG00000007730",0
"ENSRNOG00000004890",124
"ENSRNOG00000013545",2230
"ENSRNOG00000007078",3863
"ENSRNOG00000013220",2
"ENSRNOG00000008271",2166
"ENSRNOG00000007818",566
"ENSRNOG00000007795",0
"ENSRNOG00000009103",385
"ENSRNOG00000012939",259
"ENSRNOG00000027569",600
"ENSRNOG00000059240",1
"ENSRNOG00000061246",932
"ENSRNOG00000043044",4389
"ENSRNOG00000031474",112
"ENSRNOG00000012808",1094
"ENSRNOG00000010794",112
"ENSRNOG00000032827",0
"ENSRNOG00000012562",131
"ENSRNOG00000043465",67
"ENSRNOG00000047072",0
"ENSRNOG00000026133",0
"ENSRNOG00000012379",257
"ENSRNOG00000068978",0
"ENSRNOG00000062508",0
"ENSRNOG00000051563",115
"ENSRNOG00000069262",0
"ENSRNOG00000064163",0
"ENSRNOG00000008030",1222
"ENSRNOG00000033564",0
"ENSRNOG00000033685",0
"ENSRNOG00000008296",268
"ENSRNOG00000008217",17
"ENSRNOG00000068909",0
"ENSRNOG00000007960",0
"ENSRNOG00000022871",521
"ENSRNOG00000031688",0
"ENSRNOG00000032895",0
"ENSRNOG00000065533",0
"ENSRNOG00000068204",0
"ENSRNOG00000032552",419
"ENSRNOG00000007091",377
"ENSRNOG00000067424",0
"ENSRNOG00000007307",1036
"ENSRNOG00000005382",0
"ENSRNOG00000028512",190
"ENSRNOG00000006086",0
"ENSRNOG00000024879",188
"ENSRNOG00000031437",0
"ENSRNOG00000008831",120
"ENSRNOG00000005159",0
"ENSRNOG00000051059",0
"ENSRNOG00000008414",11568
"ENSRNOG00000061813",0
"ENSRNOG00000007628",95
"ENSRNOG00000030530",0
"ENSRNOG00000060530",317
"ENSRNOG00000029450",0
"ENSRNOG00000004346",1817
"ENSRNOG00000027238",117
"ENSRNOG00000043344",0
"ENSRNOG00000061376",9
"ENSRNOG00000005929",4
"ENSRNOG00000005944",0
"ENSRNOG00000006217",1835
"ENSRNOG00000006058",0
"ENSRNOG00000007684",776
"ENSRNOG00000062903",0
"ENSRNOG00000008026",16
"ENSRNOG00000028146",0
"ENSRNOG00000024824",0
"ENSRNOG00000046224",0
"ENSRNOG00000048577",45
"ENSRNOG00000070877",0
"ENSRNOG00000037374",0
"ENSRNOG00000006770",6717
"ENSRNOG00000030111",0
"ENSRNOG00000025725",0
"ENSRNOG00000025641",0
"ENSRNOG00000014314",1
"ENSRNOG00000006559",595
"ENSRNOG00000006355",629
"ENSRNOG00000021638",4403
"ENSRNOG00000065304",0
"ENSRNOG00000004501",0
"ENSRNOG00000069530",128
"ENSRNOG00000066139",34
"ENSRNOG00000014811",1180
"ENSRNOG00000007076",49
"ENSRNOG00000029814",0
"ENSRNOG00000027940",37
"ENSRNOG00000007500",134
"ENSRNOG00000069136",0
"ENSRNOG00000037375",0
"ENSRNOG00000010448",8855
"ENSRNOG00000060123",54
"ENSRNOG00000027319",8
"ENSRNOG00000048850",0
"ENSRNOG00000007137",0
"ENSRNOG00000015371",0
"ENSRNOG00000029941",11810
"ENSRNOG00000048148",0
"ENSRNOG00000032231",10
"ENSRNOG00000034107",303
"ENSRNOG00000032574",732
"ENSRNOG00000009960",1245
"ENSRNOG00000014703",53
"ENSRNOG00000064680",0
"ENSRNOG00000033520",1
"ENSRNOG00000070029",0
"ENSRNOG00000006440",491
"ENSRNOG00000025497",705
"ENSRNOG00000007939",295
"ENSRNOG00000032561",119
"ENSRNOG00000007916",2542
"ENSRNOG00000030308",583
"ENSRNOG00000004484",38
"ENSRNOG00000050695",267
"ENSRNOG00000008401",5
"ENSRNOG00000068956",2868
"ENSRNOG00000068661",60
"ENSRNOG00000069134",0
"ENSRNOG00000063626",142
"ENSRNOG00000006471",0
"ENSRNOG00000007489",470
"ENSRNOG00000005749",47
"ENSRNOG00000021765",387
"ENSRNOG00000007077",550
"ENSRNOG00000048924",5484
"ENSRNOG00000050714",6
"ENSRNOG00000043068",38
"ENSRNOG00000015994",0
"ENSRNOG00000008680",3280
"ENSRNOG00000069897",568
"ENSRNOG00000032364",634
"ENSRNOG00000008737",35
"ENSRNOG00000014340",140
"ENSRNOG00000016069",1
"ENSRNOG00000033496",505
"ENSRNOG00000026679",89
"ENSRNOG00000030800",0
"ENSRNOG00000018481",871
"ENSRNOG00000008620",538
"ENSRNOG00000063066",5
"ENSRNOG00000008340",103
"ENSRNOG00000012962",110
"ENSRNOG00000016397",0
"ENSRNOG00000018665",252
"ENSRNOG00000016412",0
"ENSRNOG00000043324",0
"ENSRNOG00000008353",1
"ENSRNOG00000045679",3
"ENSRNOG00000047503",11
"ENSRNOG00000055909",0
"ENSRNOG00000059084",0
"ENSRNOG00000018436",0
"ENSRNOG00000007164",743
"ENSRNOG00000015389",1295
"ENSRNOG00000038202",95
"ENSRNOG00000027730",5
"ENSRNOG00000013919",2121
"ENSRNOG00000008424",298
"ENSRNOG00000020659",915
"ENSRNOG00000048394",124
"ENSRNOG00000009193",4
"ENSRNOG00000025937",584
"ENSRNOG00000006663",97
"ENSRNOG00000009303",227
"ENSRNOG00000005930",198
"ENSRNOG00000033624",231
"ENSRNOG00000016085",0
"ENSRNOG00000009378",10965
"ENSRNOG00000068913",95
"ENSRNOG00000042601",0
"ENSRNOG00000034037",2802
"ENSRNOG00000012650",1024
"ENSRNOG00000039859",1033
"ENSRNOG00000012420",1488
"ENSRNOG00000012015",577
"ENSRNOG00000042649",0
"ENSRNOG00000047625",154
"ENSRNOG00000012430",12
"ENSRNOG00000057447",251
"ENSRNOG00000014832",583
"ENSRNOG00000038867",0
"ENSRNOG00000064248",145
"ENSRNOG00000020901",25
"ENSRNOG00000053932",385
"ENSRNOG00000009253",88
"ENSRNOG00000007158",57
"ENSRNOG00000055680",0
"ENSRNOG00000015458",71
"ENSRNOG00000057102",1297
"ENSRNOG00000020653",1774
"ENSRNOG00000012868",566
"ENSRNOG00000067804",4
"ENSRNOG00000011789",1815
"ENSRNOG00000046243",0
"ENSRNOG00000022741",1423
"ENSRNOG00000011567",234
"ENSRNOG00000045931",1752
"ENSRNOG00000049489",452
"ENSRNOG00000042925",0
"ENSRNOG00000064478",1
"ENSRNOG00000052224",0
"ENSRNOG00000029980",1
"ENSRNOG00000005903",33
"ENSRNOG00000043093",0
"ENSRNOG00000008595",222
"ENSRNOG00000013959",0
"ENSRNOG00000025037",0
"ENSRNOG00000013201",1347
"ENSRNOG00000009772",0
"ENSRNOG00000020525",348
"ENSRNOG00000015718",11
"ENSRNOG00000070107",0
"ENSRNOG00000067684",0
"ENSRNOG00000029826",418
"ENSRNOG00000033981",0
"ENSRNOG00000030225",441
"ENSRNOG00000070602",0
"ENSRNOG00000048441",1899
"ENSRNOG00000010643",1436
"ENSRNOG00000005578",623
"ENSRNOG00000042065",0
"ENSRNOG00000015133",3245
"ENSRNOG00000014065",166
"ENSRNOG00000049600",0
"ENSRNOG00000009198",106
"ENSRNOG00000025372",916
"ENSRNOG00000014128",592
"ENSRNOG00000024026",0
"ENSRNOG00000010537",255
"ENSRNOG00000011582",2231
"ENSRNOG00000030625",1014
"ENSRNOG00000016502",4
"ENSRNOG00000014719",1336
"ENSRNOG00000025979",5
"ENSRNOG00000031824",2310
"ENSRNOG00000021899",668
"ENSRNOG00000049218",0
"ENSRNOG00000063302",606
"ENSRNOG00000070114",0
"ENSRNOG00000021887",231
"ENSRNOG00000039445",0
"ENSRNOG00000029862",21
"ENSRNOG00000067077",492
"ENSRNOG00000018939",658
"ENSRNOG00000021660",963
"ENSRNOG00000009271",1994
"ENSRNOG00000017766",6
"ENSRNOG00000008709",601
"ENSRNOG00000016847",1646
"ENSRNOG00000009946",2582
"ENSRNOG00000069348",0
"ENSRNOG00000066040",0
"ENSRNOG00000017151",991
"ENSRNOG00000049588",0
"ENSRNOG00000019105",4334
"ENSRNOG00000045799",0
"ENSRNOG00000009434",6
"ENSRNOG00000017478",334
"ENSRNOG00000031129",2086
"ENSRNOG00000065852",0
"ENSRNOG00000063923",0
"ENSRNOG00000017628",3532
"ENSRNOG00000027295",45
"ENSRNOG00000032180",91
"ENSRNOG00000021420",274
"ENSRNOG00000015953",2254
"ENSRNOG00000022043",233
"ENSRNOG00000017871",3363
"ENSRNOG00000033426",758
"ENSRNOG00000015019",4154
"ENSRNOG00000060379",232
"ENSRNOG00000015977",1736
"ENSRNOG00000046535",118
"ENSRNOG00000054479",471
"ENSRNOG00000010543",3262
"ENSRNOG00000011543",367
"ENSRNOG00000019400",6826
"ENSRNOG00000027847",4
"ENSRNOG00000011739",1669
"ENSRNOG00000020828",181
"ENSRNOG00000064617",0
"ENSRNOG00000008757",223
"ENSRNOG00000037289",0
"ENSRNOG00000070472",81
"ENSRNOG00000030391",1148
"ENSRNOG00000070382",314
"ENSRNOG00000029242",1097
"ENSRNOG00000013164",0
"ENSRNOG00000012604",211
"ENSRNOG00000008058",1
"ENSRNOG00000030101",36
"ENSRNOG00000014331",383
"ENSRNOG00000039390",64
"ENSRNOG00000011747",135
"ENSRNOG00000010634",8
"ENSRNOG00000015858",0
"ENSRNOG00000050155",0
"ENSRNOG00000011799",100
"ENSRNOG00000008508",0
"ENSRNOG00000010899",0
"ENSRNOG00000025359",1
"ENSRNOG00000029911",145
"ENSRNOG00000018778",0
"ENSRNOG00000012164",295
"ENSRNOG00000022445",0
"ENSRNOG00000014846",1509
"ENSRNOG00000055496",1
"ENSRNOG00000031896",4642
"ENSRNOG00000012619",17
"ENSRNOG00000029127",1014
"ENSRNOG00000054063",0
"ENSRNOG00000052010",0
"ENSRNOG00000014602",398
"ENSRNOG00000063092",132
"ENSRNOG00000070564",0
"ENSRNOG00000016150",282
"ENSRNOG00000046261",42
"ENSRNOG00000065325",0
"ENSRNOG00000052051",9
"ENSRNOG00000059163",25
"ENSRNOG00000000195",7429
"ENSRNOG00000059005",0
"ENSRNOG00000069976",17
"ENSRNOG00000046307",18
"ENSRNOG00000062683",88
"ENSRNOG00000047861",0
"ENSRNOG00000067838",0
"ENSRNOG00000023020",391
"ENSRNOG00000012469",685
"ENSRNOG00000058938",0
"ENSRNOG00000049187",0
"ENSRNOG00000020710",1879
"ENSRNOG00000062317",0
"ENSRNOG00000030232",1293
"ENSRNOG00000068126",0
"ENSRNOG00000068077",0
"ENSRNOG00000008904",58
"ENSRNOG00000064055",0
"ENSRNOG00000027736",375
"ENSRNOG00000065624",0
"ENSRNOG00000066698",0
"ENSRNOG00000066519",0
"ENSRNOG00000009950",371
"ENSRNOG00000065616",0
"ENSRNOG00000007926",534
"ENSRNOG00000014284",1283
"ENSRNOG00000069156",0
"ENSRNOG00000006075",6
"ENSRNOG00000065963",0
"ENSRNOG00000066207",8
"ENSRNOG00000010688",3
"ENSRNOG00000070638",0
"ENSRNOG00000026985",1095
"ENSRNOG00000033217",2
"ENSRNOG00000067794",0
"ENSRNOG00000014521",553
"ENSRNOG00000068935",0
"ENSRNOG00000064114",0
"ENSRNOG00000015554",274
"ENSRNOG00000043131",0
"ENSRNOG00000070485",0
"ENSRNOG00000063953",0
"ENSRNOG00000071070",0
"ENSRNOG00000010652",206
"ENSRNOG00000009219",0
"ENSRNOG00000012260",50
"ENSRNOG00000012994",203
"ENSRNOG00000012980",69
"ENSRNOG00000066595",0
"ENSRNOG00000011199",1033
"ENSRNOG00000063739",0
"ENSRNOG00000011490",0
"ENSRNOG00000016827",43
"ENSRNOG00000065779",0
"ENSRNOG00000069680",0
"ENSRNOG00000028856",28
"ENSRNOG00000008138",45
"ENSRNOG00000032948",377
"ENSRNOG00000017589",37
"ENSRNOG00000069826",0
"ENSRNOG00000053239",36
"ENSRNOG00000011329",7213
"ENSRNOG00000065790",0
"ENSRNOG00000062452",0
"ENSRNOG00000067250",0
"ENSRNOG00000007649",1554
"ENSRNOG00000015896",147
"ENSRNOG00000005960",45
"ENSRNOG00000009850",2457
"ENSRNOG00000067474",0
"ENSRNOG00000032339",132
"ENSRNOG00000065608",0
"ENSRNOG00000068388",0
"ENSRNOG00000031890",2341
"ENSRNOG00000028889",0
"ENSRNOG00000008187",189
"ENSRNOG00000056024",1153
"ENSRNOG00000069955",49
"ENSRNOG00000015863",0
"ENSRNOG00000069075",2
"ENSRNOG00000034066",2082
"ENSRNOG00000015835",208
"ENSRNOG00000008037",161
"ENSRNOG00000066313",0
"ENSRNOG00000059540",3
"ENSRNOG00000058207",0
"ENSRNOG00000033256",13
"ENSRNOG00000049289",0
"ENSRNOG00000008428",0
"ENSRNOG00000063762",0
"ENSRNOG00000022245",823
"ENSRNOG00000021771",8
"ENSRNOG00000011228",678
"ENSRNOG00000066855",3
"ENSRNOG00000065944",973
"ENSRNOG00000045585",1
"ENSRNOG00000030910",0
"ENSRNOG00000024346",0
"ENSRNOG00000029876",0
"ENSRNOG00000062096",0
"ENSRNOG00000056662",0
"ENSRNOG00000011277",0
"ENSRNOG00000016181",0
"ENSRNOG00000063215",0
"ENSRNOG00000030016",0
"ENSRNOG00000007372",144
"ENSRNOG00000064634",150
"ENSRNOG00000061579",4032
"ENSRNOG00000030213",2450
"ENSRNOG00000055222",441
"ENSRNOG00000051416",2011
"ENSRNOG00000067468",2
"ENSRNOG00000005795",604
"ENSRNOG00000034128",46
"ENSRNOG00000069206",84
"ENSRNOG00000029843",1450
"ENSRNOG00000029148",59
"ENSRNOG00000064876",0
"ENSRNOG00000009149",1454
"ENSRNOG00000030296",170
"ENSRNOG00000045885",9459
"ENSRNOG00000010934",42
"ENSRNOG00000065876",4
"ENSRNOG00000065507",0
"ENSRNOG00000067755",0
"ENSRNOG00000011500",5
"ENSRNOG00000031266",161
"ENSRNOG00000031703",20
"ENSRNOG00000065152",1
"ENSRNOG00000070252",0
"ENSRNOG00000056701",114
"ENSRNOG00000029995",1596
"ENSRNOG00000022084",0
"ENSRNOG00000006957",0
"ENSRNOG00000008924",1535
"ENSRNOG00000023850",500
"ENSRNOG00000017190",0
"ENSRNOG00000005710",473
"ENSRNOG00000065862",5
"ENSRNOG00000032642",0
"ENSRNOG00000066352",0
"ENSRNOG00000020655",0
"ENSRNOG00000063216",79
"ENSRNOG00000068475",0
"ENSRNOG00000065079",0
"ENSRNOG00000025463",0
"ENSRNOG00000034052",19
"ENSRNOG00000032626",0
"ENSRNOG00000068773",0
"ENSRNOG00000031483",0
"ENSRNOG00000066381",0
"ENSRNOG00000032353",0
"ENSRNOG00000023086",638
"ENSRNOG00000016781",8965
"ENSRNOG00000071117",0
"ENSRNOG00000006920",0
"ENSRNOG00000037172",52
"ENSRNOG00000068485",0
"ENSRNOG00000008478",0
"ENSRNOG00000022567",0
"ENSRNOG00000022852",0
"ENSRNOG00000069423",1
"ENSRNOG00000043006",3198
"ENSRNOG00000066836",841
"ENSRNOG00000015189",425
"ENSRNOG00000043480",4
"ENSRNOG00000030962",1
"ENSRNOG00000033490",1
"ENSRNOG00000040208",0
"ENSRNOG00000010315",0
"ENSRNOG00000026759",0
"ENSRNOG00000033697",865
"ENSRNOG00000010743",105
"ENSRNOG00000031127",788
"ENSRNOG00000063084",0
"ENSRNOG00000016121",287
"ENSRNOG00000004757",1059
"ENSRNOG00000031675",1
"ENSRNOG00000031912",7
"ENSRNOG00000070374",0
"ENSRNOG00000048164",157
"ENSRNOG00000016469",0
"ENSRNOG00000030187",0
"ENSRNOG00000052499",314
"ENSRNOG00000065044",340
"ENSRNOG00000065906",0
"ENSRNOG00000067690",0
"ENSRNOG00000018009",871
"ENSRNOG00000012022",1
"ENSRNOG00000062665",13
"ENSRNOG00000070764",0
"ENSRNOG00000064921",0
"ENSRNOG00000006403",35
"ENSRNOG00000064730",0
"ENSRNOG00000068136",6
"ENSRNOG00000031469",0
"ENSRNOG00000017029",432
"ENSRNOG00000008881",0
"ENSRNOG00000039627",27
"ENSRNOG00000054460",1
"ENSRNOG00000070070",0
"ENSRNOG00000068217",0
"ENSRNOG00000012758",1
"ENSRNOG00000000896",4
"ENSRNOG00000058932",168
"ENSRNOG00000065090",21
"ENSRNOG00000010877",618
"ENSRNOG00000063464",266
"ENSRNOG00000060750",911
"ENSRNOG00000067695",0
"ENSRNOG00000017119",387
"ENSRNOG00000048915",96
"ENSRNOG00000021793",14
"ENSRNOG00000065178",488
"ENSRNOG00000069716",0
"ENSRNOG00000065114",943
"ENSRNOG00000009308",1
"ENSRNOG00000020580",99
"ENSRNOG00000062347",0
"ENSRNOG00000054355",958
"ENSRNOG00000064440",0
"ENSRNOG00000065618",0
"ENSRNOG00000067723",11
"ENSRNOG00000050630",5642
"ENSRNOG00000068486",2
"ENSRNOG00000005933",2548
"ENSRNOG00000071145",0
"ENSRNOG00000065870",266
"ENSRNOG00000055049",3
"ENSRNOG00000048161",0
"ENSRNOG00000064689",0
"ENSRNOG00000031126",0
"ENSRNOG00000069438",0
"ENSRNOG00000064936",3
"ENSRNOG00000013027",188
"ENSRNOG00000059497",0
"ENSRNOG00000048237",492
"ENSRNOG00000068439",0
"ENSRNOG00000064399",2208
"ENSRNOG00000067375",4
"ENSRNOG00000061928",3108
"ENSRNOG00000062775",0
"ENSRNOG00000067969",3
"ENSRNOG00000013263",17
"ENSRNOG00000070993",2
"ENSRNOG00000057221",8
"ENSRNOG00000056596",1125
"ENSRNOG00000030000",0
"ENSRNOG00000067000",15
"ENSRNOG00000070140",4
"ENSRNOG00000069058",0
"ENSRNOG00000054446",877
"ENSRNOG00000066384",0
"ENSRNOG00000065274",0
"ENSRNOG00000068511",152
"ENSRNOG00000066848",0
"ENSRNOG00000064312",111
"ENSRNOG00000026589",2239
"ENSRNOG00000067959",527
"ENSRNOG00000065435",61
"ENSRNOG00000030188",0
"ENSRNOG00000051462",0
"ENSRNOG00000069457",0
"ENSRNOG00000064756",0
"ENSRNOG00000037295",89
"ENSRNOG00000010584",2028
"ENSRNOG00000020603",0
"ENSRNOG00000065520",0
"ENSRNOG00000068247",0
"ENSRNOG00000057660",0
"ENSRNOG00000065991",0
"ENSRNOG00000063118",1011
"ENSRNOG00000010507",0
"ENSRNOG00000053577",194
"ENSRNOG00000031054",0
"ENSRNOG00000016620",191
"ENSRNOG00000064896",0
"ENSRNOG00000063458",0
"ENSRNOG00000055631",988
"ENSRNOG00000069817",0
"ENSRNOG00000010922",899
"ENSRNOG00000013360",7965
"ENSRNOG00000030714",2
"ENSRNOG00000066345",0
"ENSRNOG00000065318",0
"ENSRNOG00000066031",6
"ENSRNOG00000069820",0
"ENSRNOG00000069025",0
"ENSRNOG00000070943",0
"ENSRNOG00000063951",0
"ENSRNOG00000063350",0
"ENSRNOG00000069053",0
"ENSRNOG00000068753",1
"ENSRNOG00000033434",1207
"ENSRNOG00000066983",4
"ENSRNOG00000071086",29
"ENSRNOG00000063105",0
"ENSRNOG00000067847",0
"ENSRNOG00000070488",0
"ENSRNOG00000062331",0
"ENSRNOG00000065689",0
"ENSRNOG00000061337",108
"ENSRNOG00000026178",821
"ENSRNOG00000070740",66
"ENSRNOG00000052134",0
"ENSRNOG00000071030",85
"ENSRNOG00000013752",0
"ENSRNOG00000064818",12
"ENSRNOG00000067268",3
"ENSRNOG00000007726",446
"ENSRNOG00000051630",0
"ENSRNOG00000055251",11
"ENSRNOG00000066852",8
"ENSRNOG00000009907",0
"ENSRNOG00000026171",236
"ENSRNOG00000064526",6
"ENSRNOG00000067408",0
"ENSRNOG00000064892",0
"ENSRNOG00000020688",43
"ENSRNOG00000008862",64
"ENSRNOG00000062708",0
"ENSRNOG00000069154",0
"ENSRNOG00000007613",380
"ENSRNOG00000023809",0
"ENSRNOG00000071036",0
"ENSRNOG00000067656",0
"ENSRNOG00000066244",2
"ENSRNOG00000008526",4
"ENSRNOG00000010362",10726
"ENSRNOG00000031971",2
"ENSRNOG00000065505",0
"ENSRNOG00000007142",0
"ENSRNOG00000062369",65
"ENSRNOG00000052386",439
"ENSRNOG00000065036",1
"ENSRNOG00000032070",927
"ENSRNOG00000068636",12
"ENSRNOG00000043498",2200
"ENSRNOG00000047225",211
"ENSRNOG00000060221",0
"ENSRNOG00000063183",0
"ENSRNOG00000067304",0
"ENSRNOG00000060040",0
"ENSRNOG00000058898",60902
"ENSRNOG00000033234",32
"ENSRNOG00000059229",0
"ENSRNOG00000054080",164
"ENSRNOG00000009243",1364
"ENSRNOG00000043383",0
"ENSRNOG00000054439",0
"ENSRNOG00000065544",1
"ENSRNOG00000021602",25
"ENSRNOG00000050979",10
"ENSRNOG00000008390",854
"ENSRNOG00000000196",210
"ENSRNOG00000008153",0
"ENSRNOG00000007561",91
"ENSRNOG00000010789",813
"ENSRNOG00000063146",34
"ENSRNOG00000005731",52
"ENSRNOG00000039107",2
"ENSRNOG00000063818",0
"ENSRNOG00000023870",2
"ENSRNOG00000020720",0
"ENSRNOG00000069074",0
"ENSRNOG00000043410",375
"ENSRNOG00000009799",1647
"ENSRNOG00000069631",0
"ENSRNOG00000029089",0
"ENSRNOG00000023633",4
"ENSRNOG00000021839",50
"ENSRNOG00000010390",548
"ENSRNOG00000006283",0
"ENSRNOG00000021548",330
"ENSRNOG00000015357",895
"ENSRNOG00000021896",0
"ENSRNOG00000062568",1
"ENSRNOG00000006595",0
"ENSRNOG00000010733",1434
"ENSRNOG00000006931",139
"ENSRNOG00000010602",479
"ENSRNOG00000066300",6
"ENSRNOG00000066437",1
"ENSRNOG00000010944",2038
"ENSRNOG00000032832",0
"ENSRNOG00000042165",123
"ENSRNOG00000013841",641
"ENSRNOG00000006831",1272
"ENSRNOG00000018373",1678
"ENSRNOG00000013419",49
"ENSRNOG00000007177",3610
"ENSRNOG00000008444",987
"ENSRNOG00000009047",0
"ENSRNOG00000066977",2
"ENSRNOG00000006545",807
"ENSRNOG00000021528",412
"ENSRNOG00000025624",3
"ENSRNOG00000006604",468
"ENSRNOG00000031420",633
"ENSRNOG00000026702",41
"ENSRNOG00000032134",1991
"ENSRNOG00000024438",0
"ENSRNOG00000009250",360
"ENSRNOG00000014218",26
"ENSRNOG00000029510",216
"ENSRNOG00000039086",1
"ENSRNOG00000009719",713
"ENSRNOG00000009499",266
"ENSRNOG00000007325",710
"ENSRNOG00000061108",6692
"ENSRNOG00000049531",1443
"ENSRNOG00000047053",711
"ENSRNOG00000009118",18
"ENSRNOG00000047235",1460
"ENSRNOG00000011361",247
"ENSRNOG00000009892",184
"ENSRNOG00000020833",8
"ENSRNOG00000024082",0
"ENSRNOG00000011904",347
"ENSRNOG00000008932",350
"ENSRNOG00000024230",301
"ENSRNOG00000027503",760
"ENSRNOG00000014161",464
"ENSRNOG00000008592",4
"ENSRNOG00000025115",176
"ENSRNOG00000010160",242
"ENSRNOG00000063771",0
"ENSRNOG00000012137",57
"ENSRNOG00000068150",0
"ENSRNOG00000026650",0
"ENSRNOG00000061883",0
"ENSRNOG00000016308",0
"ENSRNOG00000032461",0
"ENSRNOG00000009170",457
"ENSRNOG00000065921",110
"ENSRNOG00000063505",1
"ENSRNOG00000070052",18
"ENSRNOG00000028884",1308
"ENSRNOG00000064519",0
"ENSRNOG00000031438",0
"ENSRNOG00000015780",2144
"ENSRNOG00000026833",3782
"ENSRNOG00000012500",327
"ENSRNOG00000069794",280
"ENSRNOG00000010663",0
"ENSRNOG00000015945",0
"ENSRNOG00000014427",11
"ENSRNOG00000008515",0
"ENSRNOG00000018184",3802
"ENSRNOG00000033796",0
"ENSRNOG00000014201",1
"ENSRNOG00000008039",312
"ENSRNOG00000014343",399
"ENSRNOG00000026979",40
"ENSRNOG00000070532",0
"ENSRNOG00000015201",0
"ENSRNOG00000060367",1301
"ENSRNOG00000029456",129
"ENSRNOG00000034236",1
"ENSRNOG00000018081",128
"ENSRNOG00000012803",519
"ENSRNOG00000007853",269
"ENSRNOG00000014576",10
"ENSRNOG00000056612",12
"ENSRNOG00000008095",1
"ENSRNOG00000008941",516
"ENSRNOG00000038746",84
"ENSRNOG00000034226",0
"ENSRNOG00000057754",1834
"ENSRNOG00000005574",89
"ENSRNOG00000057501",13
"ENSRNOG00000009848",6
"ENSRNOG00000008278",1071
"ENSRNOG00000056409",0
"ENSRNOG00000049470",3
"ENSRNOG00000065914",0
"ENSRNOG00000015878",8
"ENSRNOG00000022980",890
"ENSRNOG00000017332",24
"ENSRNOG00000009888",431
"ENSRNOG00000047179",13581
"ENSRNOG00000054257",837
"ENSRNOG00000057867",3
"ENSRNOG00000031782",0
"ENSRNOG00000016474",2743
"ENSRNOG00000008356",8
"ENSRNOG00000059702",158
"ENSRNOG00000009958",807
"ENSRNOG00000018502",192
"ENSRNOG00000009965",104
"ENSRNOG00000009994",396
"ENSRNOG00000054889",2
"ENSRNOG00000057676",3489
"ENSRNOG00000018333",637
"ENSRNOG00000056654",30
"ENSRNOG00000060338",0
"ENSRNOG00000055361",2
"ENSRNOG00000052869",120
"ENSRNOG00000071199",1
"ENSRNOG00000052983",2
"ENSRNOG00000032436",1171
"ENSRNOG00000069223",3
"ENSRNOG00000055594",0
"ENSRNOG00000059435",3
"ENSRNOG00000059039",0
"ENSRNOG00000038181",3
"ENSRNOG00000064292",0
"ENSRNOG00000064631",0
"ENSRNOG00000068974",0
"ENSRNOG00000066210",0
"ENSRNOG00000013669",694
"ENSRNOG00000055503",0
"ENSRNOG00000058522",1077
"ENSRNOG00000053428",1083
"ENSRNOG00000060576",0
"ENSRNOG00000053784",0
"ENSRNOG00000069892",0
"ENSRNOG00000069748",0
"ENSRNOG00000067497",2
"ENSRNOG00000006224",633
"ENSRNOG00000063162",0
"ENSRNOG00000052370",0
"ENSRNOG00000052158",0
"ENSRNOG00000066086",185
"ENSRNOG00000057260",0
"ENSRNOG00000051946",0
"ENSRNOG00000056719",0
"ENSRNOG00000054641",19
"ENSRNOG00000063103",2944
"ENSRNOG00000057248",0
"ENSRNOG00000066071",0
"ENSRNOG00000058231",0
"ENSRNOG00000059622",77
"ENSRNOG00000023007",9
"ENSRNOG00000066593",0
"ENSRNOG00000057712",0
"ENSRNOG00000052616",1
"ENSRNOG00000062396",0
"ENSRNOG00000067122",133
"ENSRNOG00000051411",0
"ENSRNOG00000067829",0
"ENSRNOG00000060922",1
"ENSRNOG00000066552",0
"ENSRNOG00000057457",0
"ENSRNOG00000037285",0
"ENSRNOG00000053289",0
"ENSRNOG00000064439",0
"ENSRNOG00000068232",0
"ENSRNOG00000051647",0
"ENSRNOG00000062332",0
"ENSRNOG00000052439",1
"ENSRNOG00000058866",3334
"ENSRNOG00000055465",0
"ENSRNOG00000058283",0
"ENSRNOG00000058614",0
"ENSRNOG00000056888",0
"ENSRNOG00000055263",0
"ENSRNOG00000033809",206
"ENSRNOG00000069442",0
"ENSRNOG00000062422",0
"ENSRNOG00000059888",0
"ENSRNOG00000060814",0
"ENSRNOG00000058443",0
"ENSRNOG00000055199",0
"ENSRNOG00000034938",0
"ENSRNOG00000063270",0
"ENSRNOG00000068219",0
"ENSRNOG00000066680",0
"ENSRNOG00000057236",3
"ENSRNOG00000057172",0
"ENSRNOG00000067770",0
"ENSRNOG00000067193",0
"ENSRNOG00000067210",0
"ENSRNOG00000062705",0
"ENSRNOG00000060204",0
"ENSRNOG00000053742",0
"ENSRNOG00000058998",0
"ENSRNOG00000055520",0
"ENSRNOG00000059346",0
"ENSRNOG00000057805",1
"ENSRNOG00000051997",12
"ENSRNOG00000058887",0
"ENSRNOG00000020847",127
"ENSRNOG00000055522",1
"ENSRNOG00000055808",0
"ENSRNOG00000059871",0
"ENSRNOG00000050473",1149
"ENSRNOG00000060943",0
"ENSRNOG00000056523",0
"ENSRNOG00000056506",0
"ENSRNOG00000055172",0
"ENSRNOG00000020721",375
"ENSRNOG00000054821",0
"ENSRNOG00000068517",0
"ENSRNOG00000058120",0
"ENSRNOG00000065508",0
"ENSRNOG00000064419",0
"ENSRNOG00000064954",0
"ENSRNOG00000030073",0
"ENSRNOG00000067180",0
"ENSRNOG00000065588",0
"ENSRNOG00000057055",0
"ENSRNOG00000060841",0
"ENSRNOG00000055565",0
"ENSRNOG00000067492",0
"ENSRNOG00000024330",0
"ENSRNOG00000059993",0
"ENSRNOG00000066368",0
"ENSRNOG00000068372",0
"ENSRNOG00000011193",0
"ENSRNOG00000054357",0
"ENSRNOG00000066631",2
"ENSRNOG00000051738",0
"ENSRNOG00000060720",0
"ENSRNOG00000059989",0
"ENSRNOG00000068344",0
"ENSRNOG00000059831",0
"ENSRNOG00000066537",0
"ENSRNOG00000053889",7
"ENSRNOG00000054323",0
"ENSRNOG00000055949",0
"ENSRNOG00000047799",400
"ENSRNOG00000031816",159
"ENSRNOG00000006331",3290
"ENSRNOG00000069372",15
"ENSRNOG00000020450",205
"ENSRNOG00000008214",414
"ENSRNOG00000025957",0
"ENSRNOG00000031141",0
"ENSRNOG00000008691",609
"ENSRNOG00000011138",10363
"ENSRNOG00000064605",2
"ENSRNOG00000009381",1322
"ENSRNOG00000050868",0
"ENSRNOG00000029861",0
"ENSRNOG00000011189",346
"ENSRNOG00000010447",32
"ENSRNOG00000030449",7
"ENSRNOG00000027145",215
"ENSRNOG00000011936",90
"ENSRNOG00000010917",0
"ENSRNOG00000010116",175
"ENSRNOG00000012073",968
"ENSRNOG00000056051",0
"ENSRNOG00000009439",2
"ENSRNOG00000012406",875
"ENSRNOG00000000201",0
"ENSRNOG00000052787",391
"ENSRNOG00000012865",1182
"ENSRNOG00000010642",502
"ENSRNOG00000012927",93
"ENSRNOG00000010784",0
"ENSRNOG00000011521",48
"ENSRNOG00000060912",2954
"ENSRNOG00000032063",0
"ENSRNOG00000069906",0
"ENSRNOG00000007932",0
"ENSRNOG00000058470",3471
"ENSRNOG00000025071",1911
"ENSRNOG00000031965",0
"ENSRNOG00000046191",37
"ENSRNOG00000068670",0
"ENSRNOG00000020068",569
"ENSRNOG00000010657",4
"ENSRNOG00000037199",50
"ENSRNOG00000042903",57
"ENSRNOG00000020159",462
"ENSRNOG00000010895",2250
"ENSRNOG00000020185",709
"ENSRNOG00000008984",455
"ENSRNOG00000020249",118
"ENSRNOG00000066197",0
"ENSRNOG00000009580",50
"ENSRNOG00000021047",467
"ENSRNOG00000000199",0
"ENSRNOG00000069879",739
"ENSRNOG00000065247",353
"ENSRNOG00000066863",0
"ENSRNOG00000023794",0
"ENSRNOG00000020948",276
"ENSRNOG00000067842",804
"ENSRNOG00000007720",641
"ENSRNOG00000065279",198
"ENSRNOG00000013042",10
"ENSRNOG00000057691",10
"ENSRNOG00000063493",12
"ENSRNOG00000025332",1939
"ENSRNOG00000067811",645
"ENSRNOG00000068675",1004
"ENSRNOG00000065943",0
"ENSRNOG00000070669",2
"ENSRNOG00000065586",0
"ENSRNOG00000020955",0
"ENSRNOG00000066974",77
"ENSRNOG00000068755",0
"ENSRNOG00000070980",2
"ENSRNOG00000063823",0
"ENSRNOG00000065033",100
"ENSRNOG00000031827",946
"ENSRNOG00000065901",17
"ENSRNOG00000065405",0
"ENSRNOG00000051671",892
"ENSRNOG00000063535",570
"ENSRNOG00000064822",1
"ENSRNOG00000029543",340
"ENSRNOG00000010156",408
"ENSRNOG00000067175",0
"ENSRNOG00000064300",2
"ENSRNOG00000061650",0
"ENSRNOG00000064671",0
"ENSRNOG00000065802",28
"ENSRNOG00000067743",0
"ENSRNOG00000070021",1
"ENSRNOG00000067586",3
"ENSRNOG00000069347",9
"ENSRNOG00000065465",12
"ENSRNOG00000020288",780
"ENSRNOG00000067893",0
"ENSRNOG00000071079",14
"ENSRNOG00000069432",53
"ENSRNOG00000058012",0
"ENSRNOG00000031401",0
"ENSRNOG00000065759",0
"ENSRNOG00000042432",40
"ENSRNOG00000064745",50
"ENSRNOG00000017684",154
"ENSRNOG00000070705",0
"ENSRNOG00000070354",1
"ENSRNOG00000063500",2
"ENSRNOG00000037229",2
"ENSRNOG00000020284",459
"ENSRNOG00000070686",1
"ENSRNOG00000070739",0
"ENSRNOG00000017714",837
"ENSRNOG00000065882",0
"ENSRNOG00000013059",79
"ENSRNOG00000064430",1
"ENSRNOG00000027799",28
"ENSRNOG00000059167",0
"ENSRNOG00000067785",399
"ENSRNOG00000033921",365
"ENSRNOG00000011852",1258
"ENSRNOG00000053916",1
"ENSRNOG00000061154",0
"ENSRNOG00000064183",137
"ENSRNOG00000067595",41
"ENSRNOG00000069880",23
"ENSRNOG00000033378",926
"ENSRNOG00000063882",17
"ENSRNOG00000062448",0
"ENSRNOG00000020804",1762
"ENSRNOG00000054131",4
"ENSRNOG00000068187",0
"ENSRNOG00000065458",4
"ENSRNOG00000070433",120
"ENSRNOG00000013399",5
"ENSRNOG00000059525",0
"ENSRNOG00000056472",0
"ENSRNOG00000055457",0
"ENSRNOG00000051955",0
"ENSRNOG00000005934",2
"ENSRNOG00000058213",1
"ENSRNOG00000037659",281
"ENSRNOG00000055883",0
"ENSRNOG00000057627",0
"ENSRNOG00000010004",0
"ENSRNOG00000013305",895
"ENSRNOG00000014644",0
"ENSRNOG00000034503",0
"ENSRNOG00000052416",0
"ENSRNOG00000010024",664
"ENSRNOG00000012479",2
"ENSRNOG00000070463",0
"ENSRNOG00000054911",0
"ENSRNOG00000059726",0
"ENSRNOG00000055825",0
"ENSRNOG00000066222",0
"ENSRNOG00000059194",0
"ENSRNOG00000053403",0
"ENSRNOG00000066485",0
"ENSRNOG00000005970",192
"ENSRNOG00000008519",5303
"ENSRNOG00000052126",0
"ENSRNOG00000061858",0
"ENSRNOG00000058872",0
"ENSRNOG00000061762",0
"ENSRNOG00000010685",996
"ENSRNOG00000066329",0
"ENSRNOG00000065611",0
"ENSRNOG00000058445",2
"ENSRNOG00000063132",1
"ENSRNOG00000031032",646
"ENSRNOG00000059581",0
"ENSRNOG00000053157",0
"ENSRNOG00000059364",0
"ENSRNOG00000019680",0
"ENSRNOG00000009773",190
"ENSRNOG00000064465",0
"ENSRNOG00000058412",1038
"ENSRNOG00000056584",0
"ENSRNOG00000059045",0
"ENSRNOG00000070515",0
"ENSRNOG00000057922",0
"ENSRNOG00000029572",632
"ENSRNOG00000052284",0
"ENSRNOG00000065714",0
"ENSRNOG00000008554",377
"ENSRNOG00000066730",12
"ENSRNOG00000059324",0
"ENSRNOG00000052988",0
"ENSRNOG00000064837",0
"ENSRNOG00000016592",8718
"ENSRNOG00000066326",0
"ENSRNOG00000067349",1
"ENSRNOG00000061033",0
"ENSRNOG00000016561",0
"ENSRNOG00000065323",0
"ENSRNOG00000014025",11
"ENSRNOG00000029055",203
"ENSRNOG00000047867",176
"ENSRNOG00000026821",642
"ENSRNOG00000008151",1583
"ENSRNOG00000048718",843
"ENSRNOG00000009928",344
"ENSRNOG00000014064",2206
"ENSRNOG00000032618",26
"ENSRNOG00000011251",0
"ENSRNOG00000014917",276
"ENSRNOG00000006302",1348
"ENSRNOG00000008173",7065
"ENSRNOG00000031132",1
"ENSRNOG00000042726",3
"ENSRNOG00000047768",1661
"ENSRNOG00000008652",558
"ENSRNOG00000063507",0
"ENSRNOG00000065246",0
"ENSRNOG00000030318",2
"ENSRNOG00000047606",0
"ENSRNOG00000009715",2741
"ENSRNOG00000046155",10
"ENSRNOG00000013229",230
"ENSRNOG00000024757",1582
"ENSRNOG00000009233",312
"ENSRNOG00000065366",2430
"ENSRNOG00000046848",100
"ENSRNOG00000027728",701
"ENSRNOG00000030551",1
"ENSRNOG00000009506",433
"ENSRNOG00000008363",2
"ENSRNOG00000043223",110
"ENSRNOG00000010240",225
"ENSRNOG00000025184",190
"ENSRNOG00000054863",0
"ENSRNOG00000045905",9
"ENSRNOG00000010545",7
"ENSRNOG00000010060",269
"ENSRNOG00000048919",18
"ENSRNOG00000010608",304
"ENSRNOG00000028036",198
"ENSRNOG00000047468",0
"ENSRNOG00000056092",0
"ENSRNOG00000010694",798
"ENSRNOG00000010802",122
"ENSRNOG00000062992",199
"ENSRNOG00000011491",2102
"ENSRNOG00000008990",1464
"ENSRNOG00000024336",942
"ENSRNOG00000022456",0
"ENSRNOG00000014871",0
"ENSRNOG00000010942",297
"ENSRNOG00000007038",0
"ENSRNOG00000069443",50
"ENSRNOG00000010699",4
"ENSRNOG00000026951",2734
"ENSRNOG00000013889",3543
"ENSRNOG00000030098",0
"ENSRNOG00000011241",246
"ENSRNOG00000011071",2342
"ENSRNOG00000009043",0
"ENSRNOG00000009599",19
"ENSRNOG00000064384",1
"ENSRNOG00000008919",17
"ENSRNOG00000009203",2
"ENSRNOG00000009613",0
"ENSRNOG00000011348",1275
"ENSRNOG00000005923",2512
"ENSRNOG00000014543",2667
"ENSRNOG00000011501",18221
"ENSRNOG00000008865",832
"ENSRNOG00000006792",447
"ENSRNOG00000022847",637
"ENSRNOG00000018153",2303
"ENSRNOG00000009515",288
"ENSRNOG00000020733",0
"ENSRNOG00000024863",406
"ENSRNOG00000037171",4
"ENSRNOG00000023330",4
"ENSRNOG00000029649",0
"ENSRNOG00000019894",0
"ENSRNOG00000023214",36
"ENSRNOG00000011162",47
"ENSRNOG00000067317",1305
"ENSRNOG00000061247",1
"ENSRNOG00000037175",1
"ENSRNOG00000023861",10
"ENSRNOG00000021091",4
"ENSRNOG00000031660",1
"ENSRNOG00000006324",413
"ENSRNOG00000008490",267
"ENSRNOG00000010480",10
"ENSRNOG00000010496",281
"ENSRNOG00000013937",0
"ENSRNOG00000020748",5588
"ENSRNOG00000011585",67
"ENSRNOG00000008607",297
"ENSRNOG00000010887",335
"ENSRNOG00000053034",2
"ENSRNOG00000010921",233
"ENSRNOG00000043085",0
"ENSRNOG00000031522",0
"ENSRNOG00000009729",718
"ENSRNOG00000013794",5
"ENSRNOG00000013932",1
"ENSRNOG00000052334",0
"ENSRNOG00000061716",0
"ENSRNOG00000060532",0
"ENSRNOG00000064258",217
"ENSRNOG00000069577",2160
"ENSRNOG00000069622",1
"ENSRNOG00000068297",0
"ENSRNOG00000009878",5401
"ENSRNOG00000065106",0
"ENSRNOG00000061167",0
"ENSRNOG00000030856",0
"ENSRNOG00000052850",0
"ENSRNOG00000016413",3
"ENSRNOG00000054859",0
"ENSRNOG00000059339",1
"ENSRNOG00000034283",0
"ENSRNOG00000064805",0
"ENSRNOG00000010999",162
"ENSRNOG00000061688",0
"ENSRNOG00000011922",2018
"ENSRNOG00000026489",0
"ENSRNOG00000067629",0
"ENSRNOG00000020579",0
"ENSRNOG00000014060",1659
"ENSRNOG00000058606",5
"ENSRNOG00000009054",0
"ENSRNOG00000065153",0
"ENSRNOG00000060736",0
"ENSRNOG00000055845",0
"ENSRNOG00000011455",785
"ENSRNOG00000031523",0
"ENSRNOG00000051847",0
"ENSRNOG00000057204",1
"ENSRNOG00000060932",0
"ENSRNOG00000054457",0
"ENSRNOG00000030845",0
"ENSRNOG00000033654",0
"ENSRNOG00000014477",9
"ENSRNOG00000015233",1143
"ENSRNOG00000067864",16
"ENSRNOG00000026643",563
"ENSRNOG00000027099",154
"ENSRNOG00000052161",0
"ENSRNOG00000068004",0
"ENSRNOG00000057682",0
"ENSRNOG00000070154",64
"ENSRNOG00000070900",0
"ENSRNOG00000054837",0
"ENSRNOG00000039922",0
"ENSRNOG00000010277",2095
"ENSRNOG00000037167",0
"ENSRNOG00000030069",72
"ENSRNOG00000054664",0
"ENSRNOG00000065634",0
"ENSRNOG00000039919",0
"ENSRNOG00000052797",0
"ENSRNOG00000052063",0
"ENSRNOG00000052082",0
"ENSRNOG00000067805",0
"ENSRNOG00000055151",2
"ENSRNOG00000035561",0
"ENSRNOG00000006577",0
"ENSRNOG00000069451",0
"ENSRNOG00000005713",333
"ENSRNOG00000035484",0
"ENSRNOG00000070961",0
"ENSRNOG00000029029",1
"ENSRNOG00000035478",0
"ENSRNOG00000013265",4319
"ENSRNOG00000035502",0
"ENSRNOG00000069944",0
"ENSRNOG00000005879",1847
"ENSRNOG00000056387",0
"ENSRNOG00000011381",0
"ENSRNOG00000063093",0
"ENSRNOG00000035522",0
"ENSRNOG00000029054",0
"ENSRNOG00000036531",0
"ENSRNOG00000064567",0
"ENSRNOG00000035548",2
"ENSRNOG00000069547",0
"ENSRNOG00000050242",3
"ENSRNOG00000067642",0
"ENSRNOG00000035550",0
"ENSRNOG00000066551",0
"ENSRNOG00000050956",0
"ENSRNOG00000069259",0
"ENSRNOG00000035456",0
"ENSRNOG00000052305",568
"ENSRNOG00000035582",1
"ENSRNOG00000033025",0
"ENSRNOG00000065818",0
"ENSRNOG00000035607",0
"ENSRNOG00000033839",0
"ENSRNOG00000047361",0
"ENSRNOG00000066231",0
"ENSRNOG00000035641",0
"ENSRNOG00000010434",978
"ENSRNOG00000028864",0
"ENSRNOG00000069060",0
"ENSRNOG00000030569",0
"ENSRNOG00000065222",0
"ENSRNOG00000000204",1585
"ENSRNOG00000006428",0
"ENSRNOG00000013271",1642
"ENSRNOG00000030965",0
"ENSRNOG00000063435",0
"ENSRNOG00000006439",0
"ENSRNOG00000066216",0
"ENSRNOG00000064460",0
"ENSRNOG00000067509",0
"ENSRNOG00000037305",0
"ENSRNOG00000068702",2
"ENSRNOG00000028869",2
"ENSRNOG00000027052",8
"ENSRNOG00000012123",271
"ENSRNOG00000008487",851
"ENSRNOG00000019390",788
"ENSRNOG00000062569",0
"ENSRNOG00000051142",0
"ENSRNOG00000005955",6
"ENSRNOG00000064642",0
"ENSRNOG00000071182",0
"ENSRNOG00000019404",50
"ENSRNOG00000066152",0
"ENSRNOG00000011563",0
"ENSRNOG00000013585",119
"ENSRNOG00000051115",0
"ENSRNOG00000063981",0
"ENSRNOG00000032884",0
"ENSRNOG00000020737",300
"ENSRNOG00000067160",0
"ENSRNOG00000064411",0
"ENSRNOG00000066589",0
"ENSRNOG00000063401",0
"ENSRNOG00000018645",13210
"ENSRNOG00000070596",0
"ENSRNOG00000024200",0
"ENSRNOG00000063172",0
"ENSRNOG00000012237",1379
"ENSRNOG00000026629",0
"ENSRNOG00000064467",0
"ENSRNOG00000008972",0
"ENSRNOG00000068253",0
"ENSRNOG00000067404",0
"ENSRNOG00000006713",21
"ENSRNOG00000018700",0
"ENSRNOG00000062318",0
"ENSRNOG00000012386",3613
"ENSRNOG00000006584",0
"ENSRNOG00000065961",0
"ENSRNOG00000020853",1334
"ENSRNOG00000063219",0
"ENSRNOG00000068805",0
"ENSRNOG00000063030",0
"ENSRNOG00000068293",0
"ENSRNOG00000042061",0
"ENSRNOG00000070365",0
"ENSRNOG00000068168",0
"ENSRNOG00000062711",0
"ENSRNOG00000020862",1338
"ENSRNOG00000019382",451
"ENSRNOG00000070533",0
"ENSRNOG00000012480",968
"ENSRNOG00000063967",0
"ENSRNOG00000031423",0
"ENSRNOG00000045713",0
"ENSRNOG00000067825",0
"ENSRNOG00000011446",3
"ENSRNOG00000017704",2181
"ENSRNOG00000064393",0
"ENSRNOG00000011663",517
"ENSRNOG00000006684",631
"ENSRNOG00000066528",0
"ENSRNOG00000067064",0
"ENSRNOG00000014588",322
"ENSRNOG00000067386",0
"ENSRNOG00000064893",0
"ENSRNOG00000047917",1
"ENSRNOG00000062368",0
"ENSRNOG00000033026",0
"ENSRNOG00000026232",0
"ENSRNOG00000067908",0
"ENSRNOG00000068076",0
"ENSRNOG00000039239",0
"ENSRNOG00000067226",0
"ENSRNOG00000065186",195
"ENSRNOG00000064473",0
"ENSRNOG00000010149",1282
"ENSRNOG00000067711",0
"ENSRNOG00000032473",0
"ENSRNOG00000039238",0
"ENSRNOG00000063358",0
"ENSRNOG00000039236",0
"ENSRNOG00000025767",0
"ENSRNOG00000055420",0
"ENSRNOG00000068706",0
"ENSRNOG00000014746",323
"ENSRNOG00000070773",0
"ENSRNOG00000020981",6
"ENSRNOG00000038477",0
"ENSRNOG00000069258",0
"ENSRNOG00000071168",0
"ENSRNOG00000031942",0
"ENSRNOG00000066234",0
"ENSRNOG00000032238",1425
"ENSRNOG00000067373",0
"ENSRNOG00000066601",0
"ENSRNOG00000015370",4
"ENSRNOG00000070792",0
"ENSRNOG00000069888",0
"ENSRNOG00000056873",0
"ENSRNOG00000012470",281
"ENSRNOG00000066959",0
"ENSRNOG00000011909",750
"ENSRNOG00000067945",98
"ENSRNOG00000056476",1
"ENSRNOG00000066696",0
"ENSRNOG00000047853",716
"ENSRNOG00000067592",0
"ENSRNOG00000052349",0
"ENSRNOG00000058082",0
"ENSRNOG00000013493",911
"ENSRNOG00000048802",0
"ENSRNOG00000064020",0
"ENSRNOG00000020356",326
"ENSRNOG00000018797",33
"ENSRNOG00000058978",1
"ENSRNOG00000069214",4
"ENSRNOG00000047382",0
"ENSRNOG00000070209",0
"ENSRNOG00000059611",0
"ENSRNOG00000053820",16
"ENSRNOG00000012106",101
"ENSRNOG00000069484",0
"ENSRNOG00000053238",0
"ENSRNOG00000069965",0
"ENSRNOG00000008048",198
"ENSRNOG00000010386",933
"ENSRNOG00000010096",839
"ENSRNOG00000038864",226
"ENSRNOG00000059654",1
"ENSRNOG00000006363",0
"ENSRNOG00000057454",0
"ENSRNOG00000065164",0
"ENSRNOG00000007266",4
"ENSRNOG00000005918",116
"ENSRNOG00000068947",0
"ENSRNOG00000042259",0
"ENSRNOG00000022376",0
"ENSRNOG00000062517",164
"ENSRNOG00000020608",114
"ENSRNOG00000042940",7
"ENSRNOG00000018812",210
"ENSRNOG00000015333",49
"ENSRNOG00000014383",0
"ENSRNOG00000020519",289
"ENSRNOG00000054780",0
"ENSRNOG00000070028",49
"ENSRNOG00000061240",0
"ENSRNOG00000031779",0
"ENSRNOG00000051988",0
"ENSRNOG00000050216",0
"ENSRNOG00000053404",1
"ENSRNOG00000070285",2929
"ENSRNOG00000062056",0
"ENSRNOG00000020679",2578
"ENSRNOG00000020880",314
"ENSRNOG00000007865",0
"ENSRNOG00000049128",2068
"ENSRNOG00000042078",1
"ENSRNOG00000017600",1711
"ENSRNOG00000020694",35
"ENSRNOG00000012862",93
"ENSRNOG00000065686",13
"ENSRNOG00000064920",0
"ENSRNOG00000020891",18
"ENSRNOG00000018711",0
"ENSRNOG00000015869",742
"ENSRNOG00000013829",0
"ENSRNOG00000064355",371
"ENSRNOG00000014801",128
"ENSRNOG00000017382",2112
"ENSRNOG00000069661",959
"ENSRNOG00000016173",0
"ENSRNOG00000029195",78
"ENSRNOG00000042140",0
"ENSRNOG00000016384",64
"ENSRNOG00000020474",256
"ENSRNOG00000029773",746
"ENSRNOG00000022704",17
"ENSRNOG00000019363",69
"ENSRNOG00000020619",4139
"ENSRNOG00000064941",35
"ENSRNOG00000054008",60
"ENSRNOG00000060723",2158
"ENSRNOG00000020361",330
"ENSRNOG00000020915",2453
"ENSRNOG00000042519",2854
"ENSRNOG00000020878",374
"ENSRNOG00000014168",760
"ENSRNOG00000016905",1192
"ENSRNOG00000030386",13
"ENSRNOG00000018577",170
"ENSRNOG00000015049",1
"ENSRNOG00000047984",378
"ENSRNOG00000029194",772
"ENSRNOG00000068932",0
"ENSRNOG00000064984",17
"ENSRNOG00000018786",42
"ENSRNOG00000054902",230
"ENSRNOG00000024934",1169
"ENSRNOG00000019492",93
"ENSRNOG00000018848",435
"ENSRNOG00000009945",13
"ENSRNOG00000049083",0
"ENSRNOG00000066029",0
"ENSRNOG00000013634",2127
"ENSRNOG00000010027",355
"ENSRNOG00000050214",165
"ENSRNOG00000009161",874
"ENSRNOG00000027109",256
"ENSRNOG00000066967",0
"ENSRNOG00000017208",45
"ENSRNOG00000032908",181
"ENSRNOG00000042951",630
"ENSRNOG00000019355",0
"ENSRNOG00000065187",0
"ENSRNOG00000015336",3
"ENSRNOG00000013802",1186
"ENSRNOG00000006864",261
"ENSRNOG00000008210",0
"ENSRNOG00000064714",8
"ENSRNOG00000030183",7857
"ENSRNOG00000027880",78
"ENSRNOG00000007862",723
"ENSRNOG00000048978",458
"ENSRNOG00000008981",3476
"ENSRNOG00000014529",628
"ENSRNOG00000022702",727
"ENSRNOG00000032085",3
"ENSRNOG00000015149",1
"ENSRNOG00000069604",0
"ENSRNOG00000009014",21
"ENSRNOG00000008410",144
"ENSRNOG00000067803",23
"ENSRNOG00000008530",69
"ENSRNOG00000019374",931
"ENSRNOG00000019321",0
"ENSRNOG00000048975",0
"ENSRNOG00000018509",0
"ENSRNOG00000010186",1507
"ENSRNOG00000032919",224
"ENSRNOG00000050519",15572
"ENSRNOG00000008219",1
"ENSRNOG00000054172",5377
"ENSRNOG00000048812",4314
"ENSRNOG00000008459",224
"ENSRNOG00000047734",600
"ENSRNOG00000020656",47
"ENSRNOG00000019271",54
"ENSRNOG00000011027",791
"ENSRNOG00000017460",810
"ENSRNOG00000009005",169
"ENSRNOG00000008312",5
"ENSRNOG00000020667",3593
"ENSRNOG00000000219",1086
"ENSRNOG00000008593",1347
"ENSRNOG00000020936",0
"ENSRNOG00000008074",6
"ENSRNOG00000020946",127
"ENSRNOG00000010940",877
"ENSRNOG00000022540",345
"ENSRNOG00000007442",1790
"ENSRNOG00000020670",138
"ENSRNOG00000050690",0
"ENSRNOG00000033433",200
"ENSRNOG00000010951",910
"ENSRNOG00000022845",30
"ENSRNOG00000042660",0
"ENSRNOG00000043167",14
"ENSRNOG00000010260",1111
"ENSRNOG00000025881",560
"ENSRNOG00000011478",36
"ENSRNOG00000054635",0
"ENSRNOG00000052634",53
"ENSRNOG00000026577",0
"ENSRNOG00000016512",13
"ENSRNOG00000026455",559
"ENSRNOG00000023021",903
"ENSRNOG00000066638",200
"ENSRNOG00000022999",486
"ENSRNOG00000008400",799
"ENSRNOG00000030688",35
"ENSRNOG00000010196",4880
"ENSRNOG00000009789",571
"ENSRNOG00000051792",622
"ENSRNOG00000019317",0
"ENSRNOG00000011435",139
"ENSRNOG00000011820",3002
"ENSRNOG00000010524",2044
"ENSRNOG00000018689",1281
"ENSRNOG00000018552",274
"ENSRNOG00000010911",666
"ENSRNOG00000018982",2
"ENSRNOG00000047873",228
"ENSRNOG00000004135",249
"ENSRNOG00000009887",2355
"ENSRNOG00000013171",0
"ENSRNOG00000060356",79
"ENSRNOG00000068525",1
"ENSRNOG00000013136",974
"ENSRNOG00000068374",77
"ENSRNOG00000005426",337
"ENSRNOG00000011201",19
"ENSRNOG00000054468",213
"ENSRNOG00000062699",0
"ENSRNOG00000025643",0
"ENSRNOG00000006490",3265
"ENSRNOG00000004050",446
"ENSRNOG00000004320",135
"ENSRNOG00000026112",11
"ENSRNOG00000011595",208
"ENSRNOG00000004344",1962
"ENSRNOG00000017193",129
"ENSRNOG00000060337",44
"ENSRNOG00000012438",84
"ENSRNOG00000019136",2114
"ENSRNOG00000037085",342
"ENSRNOG00000032027",188
"ENSRNOG00000038459",75
"ENSRNOG00000019262",1129
"ENSRNOG00000018671",851
"ENSRNOG00000053687",4
"ENSRNOG00000019500",1
"ENSRNOG00000062710",94
"ENSRNOG00000063877",0
"ENSRNOG00000009450",1
"ENSRNOG00000019007",9089
"ENSRNOG00000033608",4208
"ENSRNOG00000018816",4093
"ENSRNOG00000019481",0
"ENSRNOG00000010252",2400
"ENSRNOG00000019472",0
"ENSRNOG00000019428",204
"ENSRNOG00000006311",1
"ENSRNOG00000009029",7009
"ENSRNOG00000006336",571
"ENSRNOG00000009332",0
"ENSRNOG00000019579",577
"ENSRNOG00000006319",13
"ENSRNOG00000070150",0
"ENSRNOG00000070499",403
"ENSRNOG00000006620",0
"ENSRNOG00000030126",532
"ENSRNOG00000019677",104
"ENSRNOG00000016942",994
"ENSRNOG00000018898",446
"ENSRNOG00000062987",24
"ENSRNOG00000070915",0
"ENSRNOG00000022382",4714
"ENSRNOG00000068642",0
"ENSRNOG00000032254",1084
"ENSRNOG00000006244",199
"ENSRNOG00000006730",0
"ENSRNOG00000053753",59
"ENSRNOG00000006736",0
"ENSRNOG00000018047",295
"ENSRNOG00000030654",466
"ENSRNOG00000063127",0
"ENSRNOG00000049115",0
"ENSRNOG00000034089",12
"ENSRNOG00000063332",1
"ENSRNOG00000013013",1254
"ENSRNOG00000004760",505
"ENSRNOG00000004837",764
"ENSRNOG00000015257",435
"ENSRNOG00000013874",12688
"ENSRNOG00000009173",136
"ENSRNOG00000063389",0
"ENSRNOG00000013610",0
"ENSRNOG00000005149",851
"ENSRNOG00000014080",445
"ENSRNOG00000006010",1
"ENSRNOG00000047457",0
"ENSRNOG00000025676",1
"ENSRNOG00000068512",0
"ENSRNOG00000034272",922
"ENSRNOG00000004104",44
"ENSRNOG00000025554",638
"ENSRNOG00000004540",10
"ENSRNOG00000046257",644
"ENSRNOG00000010176",1403
"ENSRNOG00000000221",578
"ENSRNOG00000019350",0
"ENSRNOG00000004085",511
"ENSRNOG00000011619",1872
"ENSRNOG00000004743",0
"ENSRNOG00000025601",0
"ENSRNOG00000022081",0
"ENSRNOG00000032531",0
"ENSRNOG00000009157",176
"ENSRNOG00000071140",3
"ENSRNOG00000047133",57
"ENSRNOG00000069781",0
"ENSRNOG00000014164",2
"ENSRNOG00000012119",28
"ENSRNOG00000011302",1884
"ENSRNOG00000007687",409
"ENSRNOG00000006723",521
"ENSRNOG00000071217",71
"ENSRNOG00000023129",166
"ENSRNOG00000003825",986
"ENSRNOG00000018931",336
"ENSRNOG00000028330",2300
"ENSRNOG00000021294",3
"ENSRNOG00000017256",17
"ENSRNOG00000016623",3
"ENSRNOG00000042889",8
"ENSRNOG00000011740",1103
"ENSRNOG00000022894",1337
"ENSRNOG00000064735",2
"ENSRNOG00000019476",2032
"ENSRNOG00000022812",554
"ENSRNOG00000012959",2800
"ENSRNOG00000019592",3
"ENSRNOG00000012502",847
"ENSRNOG00000016866",150
"ENSRNOG00000019648",15718
"ENSRNOG00000024562",965
"ENSRNOG00000013508",7492
"ENSRNOG00000019622",1177
"ENSRNOG00000013583",50
"ENSRNOG00000019495",7
"ENSRNOG00000003357",57903
"ENSRNOG00000019557",0
"ENSRNOG00000024688",15
"ENSRNOG00000052979",0
"ENSRNOG00000003736",10570
"ENSRNOG00000018185",6
"ENSRNOG00000023238",1579
"ENSRNOG00000056246",2831
"ENSRNOG00000019635",633
"ENSRNOG00000038738",0
"ENSRNOG00000018998",1736
"ENSRNOG00000028557",192
"ENSRNOG00000019079",433
"ENSRNOG00000018395",1078
"ENSRNOG00000019085",1803
"ENSRNOG00000019195",313
"ENSRNOG00000048320",1883
"ENSRNOG00000014079",5459
"ENSRNOG00000019332",908
"ENSRNOG00000016269",2416
"ENSRNOG00000012375",216
"ENSRNOG00000018863",133
"ENSRNOG00000015416",51
"ENSRNOG00000013388",642
"ENSRNOG00000018949",13
"ENSRNOG00000018740",1733
"ENSRNOG00000062384",3
"ENSRNOG00000068276",3
"ENSRNOG00000062838",0
"ENSRNOG00000066510",1
"ENSRNOG00000061867",0
"ENSRNOG00000019598",1978
"ENSRNOG00000060287",0
"ENSRNOG00000053138",0
"ENSRNOG00000068545",0
"ENSRNOG00000047247",5684
"ENSRNOG00000054342",0
"ENSRNOG00000056745",0
"ENSRNOG00000053344",0
"ENSRNOG00000065549",0
"ENSRNOG00000068629",0
"ENSRNOG00000057405",0
"ENSRNOG00000053170",0
"ENSRNOG00000061208",0
"ENSRNOG00000012663",80
"ENSRNOG00000068091",0
"ENSRNOG00000053211",0
"ENSRNOG00000059737",0
"ENSRNOG00000059892",0
"ENSRNOG00000058013",0
"ENSRNOG00000053280",0
"ENSRNOG00000061820",0
"ENSRNOG00000012924",261
"ENSRNOG00000052012",0
"ENSRNOG00000052890",0
"ENSRNOG00000025808",106
"ENSRNOG00000055876",0
"ENSRNOG00000063147",0
"ENSRNOG00000066032",5
"ENSRNOG00000065169",0
"ENSRNOG00000011677",796
"ENSRNOG00000060877",0
"ENSRNOG00000051613",0
"ENSRNOG00000057549",0
"ENSRNOG00000061387",0
"ENSRNOG00000019734",280
"ENSRNOG00000052748",0
"ENSRNOG00000053524",0
"ENSRNOG00000070942",0
"ENSRNOG00000060216",0
"ENSRNOG00000055464",0
"ENSRNOG00000053322",0
"ENSRNOG00000057259",0
"ENSRNOG00000062628",0
"ENSRNOG00000061323",0
"ENSRNOG00000019743",956
"ENSRNOG00000019871",0
"ENSRNOG00000052808",0
"ENSRNOG00000056414",0
"ENSRNOG00000065829",3
"ENSRNOG00000054221",0
"ENSRNOG00000059692",0
"ENSRNOG00000033672",0
"ENSRNOG00000057508",0
"ENSRNOG00000070445",3
"ENSRNOG00000067836",0
"ENSRNOG00000063837",0
"ENSRNOG00000054100",0
"ENSRNOG00000061136",0
"ENSRNOG00000071007",0
"ENSRNOG00000026025",0
"ENSRNOG00000051422",0
"ENSRNOG00000069585",0
"ENSRNOG00000056965",0
"ENSRNOG00000051703",2
"ENSRNOG00000056839",0
"ENSRNOG00000064550",1
"ENSRNOG00000042497",1
"ENSRNOG00000061680",75
"ENSRNOG00000070147",0
"ENSRNOG00000064914",0
"ENSRNOG00000019963",10
"ENSRNOG00000051910",1
"ENSRNOG00000066347",0
"ENSRNOG00000055077",0
"ENSRNOG00000064080",1052
"ENSRNOG00000057648",0
"ENSRNOG00000018273",2556
"ENSRNOG00000068501",0
"ENSRNOG00000051658",0
"ENSRNOG00000053713",0
"ENSRNOG00000054554",0
"ENSRNOG00000060984",6
"ENSRNOG00000054500",0
"ENSRNOG00000019975",2691
"ENSRNOG00000051493",1
"ENSRNOG00000052997",0
"ENSRNOG00000057694",0
"ENSRNOG00000064448",0
"ENSRNOG00000051685",0
"ENSRNOG00000053947",0
"ENSRNOG00000053750",0
"ENSRNOG00000019474",2
"ENSRNOG00000055019",0
"ENSRNOG00000058076",0
"ENSRNOG00000063445",0
"ENSRNOG00000052045",0
"ENSRNOG00000019511",1848
"ENSRNOG00000067176",0
"ENSRNOG00000056080",0
"ENSRNOG00000070466",0
"ENSRNOG00000056367",0
"ENSRNOG00000057725",0
"ENSRNOG00000058339",0
"ENSRNOG00000054529",6
"ENSRNOG00000053606",27
"ENSRNOG00000051897",0
"ENSRNOG00000055628",0
"ENSRNOG00000055016",0
"ENSRNOG00000059249",0
"ENSRNOG00000051992",0
"ENSRNOG00000019752",1419
"ENSRNOG00000068294",0
"ENSRNOG00000019953",1058
"ENSRNOG00000060945",0
"ENSRNOG00000061591",0
"ENSRNOG00000057331",0
"ENSRNOG00000061666",9
"ENSRNOG00000020083",442
"ENSRNOG00000010174",57
"ENSRNOG00000064727",235
"ENSRNOG00000066866",1777
"ENSRNOG00000019834",29894
"ENSRNOG00000071096",0
"ENSRNOG00000060095",0
"ENSRNOG00000020254",597
"ENSRNOG00000066414",16
"ENSRNOG00000070018",283
"ENSRNOG00000064659",0
"ENSRNOG00000069232",202
"ENSRNOG00000068250",79
"ENSRNOG00000070710",0
"ENSRNOG00000019907",659
"ENSRNOG00000013257",18
"ENSRNOG00000065032",0
"ENSRNOG00000063606",0
"ENSRNOG00000063759",17
"ENSRNOG00000019900",51
"ENSRNOG00000064760",2
"ENSRNOG00000068790",0
"ENSRNOG00000064857",142
"ENSRNOG00000067557",2
"ENSRNOG00000049785",774
"ENSRNOG00000064017",78
"ENSRNOG00000047218",1338
"ENSRNOG00000052844",0
"ENSRNOG00000064420",0
"ENSRNOG00000069207",12
"ENSRNOG00000062764",269
"ENSRNOG00000068669",0
"ENSRNOG00000003242",436
"ENSRNOG00000062818",0
"ENSRNOG00000068089",0
"ENSRNOG00000069708",9
"ENSRNOG00000019961",1
"ENSRNOG00000064695",210
"ENSRNOG00000071018",1
"ENSRNOG00000065569",3
"ENSRNOG00000069650",1
"ENSRNOG00000069108",101
"ENSRNOG00000010232",4
"ENSRNOG00000019892",2416
"ENSRNOG00000065393",3
"ENSRNOG00000065180",2
"ENSRNOG00000048651",0
"ENSRNOG00000066291",0
"ENSRNOG00000064678",0
"ENSRNOG00000063246",0
"ENSRNOG00000010592",28
"ENSRNOG00000067466",0
"ENSRNOG00000064625",7
"ENSRNOG00000064843",2501
"ENSRNOG00000068597",0
"ENSRNOG00000047223",0
"ENSRNOG00000066918",258
"ENSRNOG00000063871",7
"ENSRNOG00000068218",196
"ENSRNOG00000046479",144
"ENSRNOG00000067937",0
"ENSRNOG00000025693",0
"ENSRNOG00000063619",2572
"ENSRNOG00000067085",3
"ENSRNOG00000066608",60
"ENSRNOG00000064267",0
"ENSRNOG00000048509",1830
"ENSRNOG00000063382",7
"ENSRNOG00000067476",15
"ENSRNOG00000025691",2
"ENSRNOG00000067231",63
"ENSRNOG00000021384",105
"ENSRNOG00000019926",317
"ENSRNOG00000065512",9
"ENSRNOG00000065261",308
"ENSRNOG00000064212",0
"ENSRNOG00000069534",0
"ENSRNOG00000067510",47
"ENSRNOG00000062778",0
"ENSRNOG00000067543",0
"ENSRNOG00000012689",0
"ENSRNOG00000048411",194
"ENSRNOG00000066315",0
"ENSRNOG00000020355",250
"ENSRNOG00000070970",1
"ENSRNOG00000065623",0
"ENSRNOG00000064815",260
"ENSRNOG00000066163",1
"ENSRNOG00000065056",1
"ENSRNOG00000066640",0
"ENSRNOG00000057291",4
"ENSRNOG00000020115",630
"ENSRNOG00000063266",34
"ENSRNOG00000012331",237
"ENSRNOG00000020153",345
"ENSRNOG00000064128",1048
"ENSRNOG00000068999",95
"ENSRNOG00000070271",203
"ENSRNOG00000068041",0
"ENSRNOG00000069857",309
"ENSRNOG00000066727",0
"ENSRNOG00000070944",464
"ENSRNOG00000045605",1698
"ENSRNOG00000064410",8
"ENSRNOG00000025079",388
"ENSRNOG00000066791",3
"ENSRNOG00000062524",0
"ENSRNOG00000058458",31
"ENSRNOG00000065709",1
"ENSRNOG00000063935",16
"ENSRNOG00000065023",6
"ENSRNOG00000020193",591
"ENSRNOG00000037402",511
"ENSRNOG00000063186",1
"ENSRNOG00000065880",0
"ENSRNOG00000064453",0
"ENSRNOG00000069449",84
"ENSRNOG00000065469",3
"ENSRNOG00000013516",7489
"ENSRNOG00000070837",0
"ENSRNOG00000065306",4
"ENSRNOG00000050509",6
"ENSRNOG00000065392",0
"ENSRNOG00000065407",0
"ENSRNOG00000047456",145
"ENSRNOG00000070735",53
"ENSRNOG00000063123",5
"ENSRNOG00000066026",22
"ENSRNOG00000057332",0
"ENSRNOG00000012708",0
"ENSRNOG00000024717",0
"ENSRNOG00000049983",5
"ENSRNOG00000065695",0
"ENSRNOG00000067328",5
"ENSRNOG00000010350",904
"ENSRNOG00000011825",124
"ENSRNOG00000065697",8
"ENSRNOG00000067920",2
"ENSRNOG00000069302",4
"ENSRNOG00000027091",802
"ENSRNOG00000066507",0
"ENSRNOG00000024878",9
"ENSRNOG00000027035",53
"ENSRNOG00000011022",0
"ENSRNOG00000049221",1018
"ENSRNOG00000063386",0
"ENSRNOG00000010185",224
"ENSRNOG00000019316",957
"ENSRNOG00000068801",65
"ENSRNOG00000067653",0
"ENSRNOG00000020105",80
"ENSRNOG00000063002",0
"ENSRNOG00000010188",402
"ENSRNOG00000066764",0
"ENSRNOG00000058900",0
"ENSRNOG00000017273",141
"ENSRNOG00000011154",0
"ENSRNOG00000066144",3
"ENSRNOG00000049142",798
"ENSRNOG00000070407",0
"ENSRNOG00000057874",0
"ENSRNOG00000047046",759
"ENSRNOG00000068766",0
"ENSRNOG00000062544",0
"ENSRNOG00000057873",0
"ENSRNOG00000067131",0
"ENSRNOG00000047860",0
"ENSRNOG00000052806",0
"ENSRNOG00000053594",0
"ENSRNOG00000013225",0
"ENSRNOG00000016470",930
"ENSRNOG00000054654",0
"ENSRNOG00000063556",7
"ENSRNOG00000049918",1
"ENSRNOG00000058449",1
"ENSRNOG00000052156",0
"ENSRNOG00000016012",3096
"ENSRNOG00000068211",0
"ENSRNOG00000010519",36
"ENSRNOG00000065625",1
"ENSRNOG00000065436",0
"ENSRNOG00000057872",0
"ENSRNOG00000066605",0
"ENSRNOG00000057673",0
"ENSRNOG00000045998",4
"ENSRNOG00000059410",0
"ENSRNOG00000063860",0
"ENSRNOG00000057084",0
"ENSRNOG00000063133",0
"ENSRNOG00000054491",1
"ENSRNOG00000011517",17
"ENSRNOG00000052875",0
"ENSRNOG00000058881",0
"ENSRNOG00000062887",0
"ENSRNOG00000056779",5
"ENSRNOG00000050990",0
"ENSRNOG00000053003",0
"ENSRNOG00000069635",66
"ENSRNOG00000051367",2
"ENSRNOG00000068915",0
"ENSRNOG00000014456",845
"ENSRNOG00000060578",3
"ENSRNOG00000051900",0
"ENSRNOG00000068858",0
"ENSRNOG00000061501",0
"ENSRNOG00000056167",0
"ENSRNOG00000014525",609
"ENSRNOG00000048967",175
"ENSRNOG00000054740",0
"ENSRNOG00000046883",1925
"ENSRNOG00000057108",1
"ENSRNOG00000019763",2
"ENSRNOG00000054171",0
"ENSRNOG00000069851",0
"ENSRNOG00000050121",0
"ENSRNOG00000051624",2548
"ENSRNOG00000064360",0
"ENSRNOG00000065289",0
"ENSRNOG00000065718",0
"ENSRNOG00000057288",0
"ENSRNOG00000004452",0
"ENSRNOG00000061512",0
"ENSRNOG00000012535",0
"ENSRNOG00000061161",0
"ENSRNOG00000070999",0
"ENSRNOG00000050748",2015
"ENSRNOG00000060171",0
"ENSRNOG00000012509",4
"ENSRNOG00000061150",0
"ENSRNOG00000014980",833
"ENSRNOG00000056470",0
"ENSRNOG00000046194",0
"ENSRNOG00000012543",186
"ENSRNOG00000035498",0
"ENSRNOG00000066151",1711
"ENSRNOG00000035455",0
"ENSRNOG00000035571",0
"ENSRNOG00000012467",0
"ENSRNOG00000050999",0
"ENSRNOG00000015594",602
"ENSRNOG00000035562",1
"ENSRNOG00000048462",2329
"ENSRNOG00000049078",0
"ENSRNOG00000035608",0
"ENSRNOG00000023577",756
"ENSRNOG00000055383",13
"ENSRNOG00000035646",0
"ENSRNOG00000013496",0
"ENSRNOG00000024917",0
"ENSRNOG00000013600",0
"ENSRNOG00000016057",3
"ENSRNOG00000066672",0
"ENSRNOG00000069389",114
"ENSRNOG00000049511",634
"ENSRNOG00000013046",1083
"ENSRNOG00000019012",222
"ENSRNOG00000054379",0
"ENSRNOG00000070509",0
"ENSRNOG00000050843",823
"ENSRNOG00000019031",2
"ENSRNOG00000010881",1028
"ENSRNOG00000023557",0
"ENSRNOG00000056226",79
"ENSRNOG00000070844",0
"ENSRNOG00000045623",194
"ENSRNOG00000050543",543
"ENSRNOG00000066154",0
"ENSRNOG00000010728",544
"ENSRNOG00000011987",1430
"ENSRNOG00000046002",1025
"ENSRNOG00000020372",759
"ENSRNOG00000046502",1685
"ENSRNOG00000012637",0
"ENSRNOG00000067120",1806
"ENSRNOG00000048818",159
"ENSRNOG00000042729",227
"ENSRNOG00000048061",214
"ENSRNOG00000065639",2776
"ENSRNOG00000030345",3297
"ENSRNOG00000013612",0
"ENSRNOG00000067303",0
"ENSRNOG00000000124",0
"ENSRNOG00000048291",523
"ENSRNOG00000046871",733
"ENSRNOG00000049311",0
"ENSRNOG00000064999",231
"ENSRNOG00000020166",0
"ENSRNOG00000069864",0
"ENSRNOG00000014123",0
"ENSRNOG00000063674",1678
"ENSRNOG00000045945",0
"ENSRNOG00000003872",428
"ENSRNOG00000070817",0
"ENSRNOG00000039663",0
"ENSRNOG00000045975",1
"ENSRNOG00000066520",0
"ENSRNOG00000003942",2131
"ENSRNOG00000011642",0
"ENSRNOG00000025603",0
"ENSRNOG00000003991",3
"ENSRNOG00000058742",97
"ENSRNOG00000004001",219
"ENSRNOG00000004076",269
"ENSRNOG00000011823",0
"ENSRNOG00000010100",117
"ENSRNOG00000066935",9
"ENSRNOG00000048329",21
"ENSRNOG00000015983",1339
"ENSRNOG00000024755",0
"ENSRNOG00000046593",0
"ENSRNOG00000013238",239
"ENSRNOG00000052878",0
"ENSRNOG00000048152",464
"ENSRNOG00000013781",922
"ENSRNOG00000052328",2
"ENSRNOG00000068665",0
"ENSRNOG00000033402",138
"ENSRNOG00000012473",721
"ENSRNOG00000025895",512
"ENSRNOG00000012920",0
"ENSRNOG00000032108",3
"ENSRNOG00000022196",2820
"ENSRNOG00000039650",0
"ENSRNOG00000028595",0
"ENSRNOG00000026195",0
"ENSRNOG00000016446",0
"ENSRNOG00000013318",46
"ENSRNOG00000039651",0
"ENSRNOG00000067388",815
"ENSRNOG00000032740",321
"ENSRNOG00000012045",0
"ENSRNOG00000016119",2322
"ENSRNOG00000051528",64
"ENSRNOG00000015408",6
"ENSRNOG00000002091",923
"ENSRNOG00000012759",33
"ENSRNOG00000031795",0
"ENSRNOG00000065339",233
"ENSRNOG00000015080",605
"ENSRNOG00000064433",0
"ENSRNOG00000063752",2
"ENSRNOG00000055728",296
"ENSRNOG00000066953",948
"ENSRNOG00000068729",3
"ENSRNOG00000013484",1622
"ENSRNOG00000022720",359
"ENSRNOG00000017258",7
"ENSRNOG00000032947",667
"ENSRNOG00000023856",0
"ENSRNOG00000068995",1
"ENSRNOG00000046852",0
"ENSRNOG00000012733",1766
"ENSRNOG00000032289",70
"ENSRNOG00000032822",12143
"ENSRNOG00000016034",1638
"ENSRNOG00000032860",1
"ENSRNOG00000042503",2945
"ENSRNOG00000056847",6
"ENSRNOG00000033803",829
"ENSRNOG00000018904",519
"ENSRNOG00000016486",912
"ENSRNOG00000057499",10
"ENSRNOG00000045532",2
"ENSRNOG00000063618",2
"ENSRNOG00000064370",1
"ENSRNOG00000032306",0
"ENSRNOG00000016361",35
"ENSRNOG00000034177",125
"ENSRNOG00000049127",2519
"ENSRNOG00000037793",0
"ENSRNOG00000064010",0
"ENSRNOG00000032518",42
"ENSRNOG00000067128",1
"ENSRNOG00000013695",217
"ENSRNOG00000014142",1030
"ENSRNOG00000022414",2241
"ENSRNOG00000067739",0
"ENSRNOG00000031146",2
"ENSRNOG00000066070",0
"ENSRNOG00000064063",34
"ENSRNOG00000048819",521
"ENSRNOG00000067340",0
"ENSRNOG00000018988",235
"ENSRNOG00000065168",1
"ENSRNOG00000069027",0
"ENSRNOG00000018559",0
"ENSRNOG00000016754",230
"ENSRNOG00000019295",2615
"ENSRNOG00000062529",0
"ENSRNOG00000013587",868
"ENSRNOG00000022614",96
"ENSRNOG00000023172",2
"ENSRNOG00000016886",1135
"ENSRNOG00000023427",10
"ENSRNOG00000021435",130
"ENSRNOG00000051180",1072
"ENSRNOG00000016567",0
"ENSRNOG00000056259",0
"ENSRNOG00000065763",0
"ENSRNOG00000032765",374
"ENSRNOG00000064608",42
"ENSRNOG00000030045",0
"ENSRNOG00000020194",252
"ENSRNOG00000016913",279
"ENSRNOG00000012178",1701
"ENSRNOG00000030389",0
"ENSRNOG00000014555",33
"ENSRNOG00000056280",0
"ENSRNOG00000062997",0
"ENSRNOG00000037230",101
"ENSRNOG00000069381",1
"ENSRNOG00000019087",596
"ENSRNOG00000002110",324
"ENSRNOG00000031479",19865
"ENSRNOG00000048875",0
"ENSRNOG00000019810",176
"ENSRNOG00000030679",20
"ENSRNOG00000022711",0
"ENSRNOG00000042034",1
"ENSRNOG00000060633",7
"ENSRNOG00000069634",1
"ENSRNOG00000070100",0
"ENSRNOG00000064156",0
"ENSRNOG00000069047",152
"ENSRNOG00000016957",105
"ENSRNOG00000069191",0
"ENSRNOG00000032398",352
"ENSRNOG00000062796",97
"ENSRNOG00000065093",0
"ENSRNOG00000018351",1771
"ENSRNOG00000068035",17
"ENSRNOG00000011042",15
"ENSRNOG00000065967",0
"ENSRNOG00000070524",0
"ENSRNOG00000015055",36
"ENSRNOG00000052510",1
"ENSRNOG00000017952",12219
"ENSRNOG00000066376",9
"ENSRNOG00000064675",0
"ENSRNOG00000018403",823
"ENSRNOG00000013670",0
"ENSRNOG00000025797",1
"ENSRNOG00000013733",2416
"ENSRNOG00000019128",0
"ENSRNOG00000018639",358
"ENSRNOG00000013792",0
"ENSRNOG00000030738",4
"ENSRNOG00000018697",275
"ENSRNOG00000019043",0
"ENSRNOG00000018051",1672
"ENSRNOG00000022899",1
"ENSRNOG00000018975",3329
"ENSRNOG00000020322",56
"ENSRNOG00000019252",0
"ENSRNOG00000019107",58
"ENSRNOG00000019052",2640
"ENSRNOG00000013461",1841
"ENSRNOG00000033923",41
"ENSRNOG00000016888",147
"ENSRNOG00000020138",175
"ENSRNOG00000025527",651
"ENSRNOG00000066227",55
"ENSRNOG00000032659",203
"ENSRNOG00000019243",3148
"ENSRNOG00000038569",0
"ENSRNOG00000018181",1657
"ENSRNOG00000019294",956
"ENSRNOG00000024085",903
"ENSRNOG00000016974",967
"ENSRNOG00000003597",716
"ENSRNOG00000014765",7678
"ENSRNOG00000066987",3
"ENSRNOG00000070697",0
"ENSRNOG00000067248",1
"ENSRNOG00000068571",0
"ENSRNOG00000002789",1061
"ENSRNOG00000027916",5
"ENSRNOG00000014597",635
"ENSRNOG00000067978",0
"ENSRNOG00000011962",182
"ENSRNOG00000010486",7
"ENSRNOG00000042189",14813
"ENSRNOG00000054416",3
"ENSRNOG00000017856",0
"ENSRNOG00000051198",1
"ENSRNOG00000062550",1
"ENSRNOG00000015528",2017
"ENSRNOG00000014119",1241
"ENSRNOG00000025273",0
"ENSRNOG00000012115",0
"ENSRNOG00000068893",4
"ENSRNOG00000014692",46
"ENSRNOG00000064088",1
"ENSRNOG00000023280",362
"ENSRNOG00000071060",0
"ENSRNOG00000011613",923
"ENSRNOG00000049880",0
"ENSRNOG00000066246",0
"ENSRNOG00000022576",211
"ENSRNOG00000015633",1370
"ENSRNOG00000063808",0
"ENSRNOG00000068134",1
"ENSRNOG00000049882",2
"ENSRNOG00000017065",87
"ENSRNOG00000015354",3732
"ENSRNOG00000016719",363
"ENSRNOG00000059237",0
"ENSRNOG00000013727",243
"ENSRNOG00000069721",0
"ENSRNOG00000022723",44
"ENSRNOG00000024468",83
"ENSRNOG00000026280",152
"ENSRNOG00000013977",6338
"ENSRNOG00000011700",1514
"ENSRNOG00000015428",5474
"ENSRNOG00000046714",0
"ENSRNOG00000062352",0
"ENSRNOG00000025768",1789
"ENSRNOG00000011871",1148
"ENSRNOG00000031348",0
"ENSRNOG00000070592",24
"ENSRNOG00000033280",37594
"ENSRNOG00000037227",778
"ENSRNOG00000050325",0
"ENSRNOG00000016133",2759
"ENSRNOG00000037225",1296
"ENSRNOG00000023474",0
"ENSRNOG00000053306",1471
"ENSRNOG00000056996",0
"ENSRNOG00000015231",843
"ENSRNOG00000017707",3482
"ENSRNOG00000065530",11
"ENSRNOG00000018214",322
"ENSRNOG00000023993",0
"ENSRNOG00000067413",0
"ENSRNOG00000042111",2
"ENSRNOG00000046515",0
"ENSRNOG00000053200",2835
"ENSRNOG00000069656",0
"ENSRNOG00000017020",69
"ENSRNOG00000068175",0
"ENSRNOG00000011321",13
"ENSRNOG00000049437",3258
"ENSRNOG00000047439",96
"ENSRNOG00000016724",154
"ENSRNOG00000014722",950
"ENSRNOG00000015460",1
"ENSRNOG00000045587",0
"ENSRNOG00000068934",7
"ENSRNOG00000063425",2
"ENSRNOG00000048567",65
"ENSRNOG00000010283",14
"ENSRNOG00000067240",7
"ENSRNOG00000069615",199
"ENSRNOG00000068779",0
"ENSRNOG00000019850",189
"ENSRNOG00000054129",0
"ENSRNOG00000011803",0
"ENSRNOG00000054699",0
"ENSRNOG00000045775",1239
"ENSRNOG00000062590",0
"ENSRNOG00000013636",176
"ENSRNOG00000013340",10929
"ENSRNOG00000061279",0
"ENSRNOG00000048686",1
"ENSRNOG00000013446",381
"ENSRNOG00000015439",4755
"ENSRNOG00000011453",13
"ENSRNOG00000014851",49
"ENSRNOG00000053945",1255
"ENSRNOG00000017237",1
"ENSRNOG00000019946",870
"ENSRNOG00000011784",686
"ENSRNOG00000012558",584
"ENSRNOG00000015898",585
"ENSRNOG00000049443",0
"ENSRNOG00000050521",0
"ENSRNOG00000015365",25
"ENSRNOG00000022859",0
"ENSRNOG00000032086",0
"ENSRNOG00000024114",0
"ENSRNOG00000040109",0
"ENSRNOG00000066428",0
"ENSRNOG00000019985",12
"ENSRNOG00000014876",386
"ENSRNOG00000012303",16
"ENSRNOG00000013875",1446
"ENSRNOG00000012679",176
"ENSRNOG00000014837",224
"ENSRNOG00000023548",85
"ENSRNOG00000054963",673
"ENSRNOG00000018059",1
"ENSRNOG00000037376",255
"ENSRNOG00000015278",11877
"ENSRNOG00000012702",603
"ENSRNOG00000023765",1
"ENSRNOG00000031232",6388
"ENSRNOG00000042054",0
"ENSRNOG00000057701",65
"ENSRNOG00000016247",1
"ENSRNOG00000046242",627
"ENSRNOG00000057056",1630
"ENSRNOG00000004719",27
"ENSRNOG00000015992",2
"ENSRNOG00000013554",0
"ENSRNOG00000042360",0
"ENSRNOG00000023923",317
"ENSRNOG00000016196",93
"ENSRNOG00000042181",0
"ENSRNOG00000016388",1
"ENSRNOG00000013578",0
"ENSRNOG00000022066",1265
"ENSRNOG00000068281",0
"ENSRNOG00000027719",165
"ENSRNOG00000013748",0
"ENSRNOG00000017072",266
"ENSRNOG00000012891",5
"ENSRNOG00000069111",0
"ENSRNOG00000046601",0
"ENSRNOG00000063009",10
"ENSRNOG00000015619",1435
"ENSRNOG00000015906",2993
"ENSRNOG00000024272",497
"ENSRNOG00000014987",54
"ENSRNOG00000011849",1127
"ENSRNOG00000067364",0
"ENSRNOG00000069638",0
"ENSRNOG00000014319",1201
"ENSRNOG00000024186",4627
"ENSRNOG00000066209",0
"ENSRNOG00000014950",0
"ENSRNOG00000042230",0
"ENSRNOG00000029735",233
"ENSRNOG00000032926",1
"ENSRNOG00000015297",3
"ENSRNOG00000015386",2
"ENSRNOG00000012424",0
"ENSRNOG00000042581",0
"ENSRNOG00000018521",0
"ENSRNOG00000064739",8
"ENSRNOG00000015402",0
"ENSRNOG00000066469",256
"ENSRNOG00000068377",0
"ENSRNOG00000063607",0
"ENSRNOG00000018584",9517
"ENSRNOG00000014790",0
"ENSRNOG00000016229",1968
"ENSRNOG00000067344",286
"ENSRNOG00000015461",15028
"ENSRNOG00000040095",0
"ENSRNOG00000022804",1013
"ENSRNOG00000018854",1
"ENSRNOG00000018420",0
"ENSRNOG00000067790",6
"ENSRNOG00000049873",569
"ENSRNOG00000018397",16
"ENSRNOG00000070300",22
"ENSRNOG00000024345",630
"ENSRNOG00000069907",32
"ENSRNOG00000018610",867
"ENSRNOG00000017857",1199
"ENSRNOG00000018723",633
"ENSRNOG00000067845",71
"ENSRNOG00000067276",49
"ENSRNOG00000018057",243
"ENSRNOG00000068876",0
"ENSRNOG00000066827",0
"ENSRNOG00000018168",260
"ENSRNOG00000037221",24
"ENSRNOG00000067205",1
"ENSRNOG00000069319",1
"ENSRNOG00000063904",12
"ENSRNOG00000012966",2653
"ENSRNOG00000066982",7
"ENSRNOG00000016963",5885
"ENSRNOG00000062817",17
"ENSRNOG00000070049",19
"ENSRNOG00000069312",35
"ENSRNOG00000046196",2
"ENSRNOG00000068563",4
"ENSRNOG00000015813",3825
"ENSRNOG00000063563",60
"ENSRNOG00000068845",1
"ENSRNOG00000023760",949
"ENSRNOG00000063040",176
"ENSRNOG00000032869",0
"ENSRNOG00000017053",17
"ENSRNOG00000048282",417
"ENSRNOG00000017340",404
"ENSRNOG00000018267",109
"ENSRNOG00000017491",373
"ENSRNOG00000039976",2451
"ENSRNOG00000017297",1878
"ENSRNOG00000049683",2082
"ENSRNOG00000017359",9114
"ENSRNOG00000016349",1
"ENSRNOG00000058652",0
"ENSRNOG00000050318",33
"ENSRNOG00000018613",0
"ENSRNOG00000017521",0
"ENSRNOG00000047306",6
"ENSRNOG00000057256",0
"ENSRNOG00000021525",855
"ENSRNOG00000016655",191
"ENSRNOG00000065863",865
"ENSRNOG00000021159",2978
"ENSRNOG00000019447",0
"ENSRNOG00000016849",2543
"ENSRNOG00000015596",1
"ENSRNOG00000017144",2288
"ENSRNOG00000030020",0
"ENSRNOG00000017495",1196
"ENSRNOG00000016640",0
"ENSRNOG00000017836",331
"ENSRNOG00000033747",741
"ENSRNOG00000018416",1
"ENSRNOG00000016315",996
"ENSRNOG00000017631",2547
"ENSRNOG00000042468",0
"ENSRNOG00000022800",790
"ENSRNOG00000018232",507
"ENSRNOG00000014212",78
"ENSRNOG00000014666",286
"ENSRNOG00000023807",1166
"ENSRNOG00000014678",367
"ENSRNOG00000046343",0
"ENSRNOG00000022598",912
"ENSRNOG00000013704",0
"ENSRNOG00000014492",0
"ENSRNOG00000032219",0
"ENSRNOG00000014328",138
"ENSRNOG00000014180",1716
"ENSRNOG00000019634",1379
"ENSRNOG00000013866",94
"ENSRNOG00000013557",1269
"ENSRNOG00000066397",4
"ENSRNOG00000015249",310
"ENSRNOG00000055670",3
"ENSRNOG00000013852",496
"ENSRNOG00000019527",0
"ENSRNOG00000014248",47
"ENSRNOG00000049121",317
"ENSRNOG00000050258",1959
"ENSRNOG00000015623",3
"ENSRNOG00000022934",3052
"ENSRNOG00000019463",564
"ENSRNOG00000018372",150
"ENSRNOG00000022769",3354
"ENSRNOG00000067280",0
"ENSRNOG00000027400",0
"ENSRNOG00000018980",1175
"ENSRNOG00000015259",0
"ENSRNOG00000017913",792
"ENSRNOG00000039856",128
"ENSRNOG00000013412",468
"ENSRNOG00000017540",0
"ENSRNOG00000019035",2
"ENSRNOG00000022609",148
"ENSRNOG00000013262",1
"ENSRNOG00000042182",10
"ENSRNOG00000018741",868
"ENSRNOG00000015511",2597
"ENSRNOG00000022911",202
"ENSRNOG00000054475",0
"ENSRNOG00000016653",1
"ENSRNOG00000026175",0
"ENSRNOG00000069358",1
"ENSRNOG00000012205",0
"ENSRNOG00000053030",0
"ENSRNOG00000011124",0
"ENSRNOG00000016962",0
"ENSRNOG00000017557",0
"ENSRNOG00000011841",524
"ENSRNOG00000025418",1688
"ENSRNOG00000011000",262
"ENSRNOG00000048736",1223
"ENSRNOG00000017730",2907
"ENSRNOG00000045947",0
"ENSRNOG00000017611",0
"ENSRNOG00000017206",4979
"ENSRNOG00000029865",0
"ENSRNOG00000045846",66
"ENSRNOG00000017625",28
"ENSRNOG00000053244",0
"ENSRNOG00000047549",21
"ENSRNOG00000027430",89
"ENSRNOG00000069663",417
"ENSRNOG00000016606",7
"ENSRNOG00000047781",32
"ENSRNOG00000070099",0
"ENSRNOG00000066303",7
"ENSRNOG00000050381",272
"ENSRNOG00000011756",1900
"ENSRNOG00000047295",12
"ENSRNOG00000045595",28
"ENSRNOG00000023603",0
"ENSRNOG00000065536",1
"ENSRNOG00000011771",1777
"ENSRNOG00000046050",0
"ENSRNOG00000014960",151
"ENSRNOG00000014001",0
"ENSRNOG00000047368",0
"ENSRNOG00000012629",1898
"ENSRNOG00000047052",676
"ENSRNOG00000012709",3275
"ENSRNOG00000063848",2
"ENSRNOG00000023858",0
"ENSRNOG00000065109",39
"ENSRNOG00000013234",1020
"ENSRNOG00000055295",306
"ENSRNOG00000046834",21
"ENSRNOG00000013285",965
"ENSRNOG00000016503",405
"ENSRNOG00000013415",8
"ENSRNOG00000047089",418
"ENSRNOG00000016472",2
"ENSRNOG00000063418",2369
"ENSRNOG00000071190",37
"ENSRNOG00000016091",23
"ENSRNOG00000016105",1128
"ENSRNOG00000042646",0
"ENSRNOG00000047134",1
"ENSRNOG00000015774",18
"ENSRNOG00000012284",0
"ENSRNOG00000015020",1630
"ENSRNOG00000064877",22
"ENSRNOG00000047628",576
"ENSRNOG00000014162",10621
"ENSRNOG00000015158",3741
"ENSRNOG00000047505",4
"ENSRNOG00000016032",1112
"ENSRNOG00000048853",0
"ENSRNOG00000014035",32
"ENSRNOG00000046128",1652
"ENSRNOG00000023467",2219
"ENSRNOG00000062645",2625
"ENSRNOG00000062772",0
"ENSRNOG00000012486",191
"ENSRNOG00000047337",0
"ENSRNOG00000015295",4120
"ENSRNOG00000051015",0
"ENSRNOG00000069918",15
"ENSRNOG00000047730",0
"ENSRNOG00000064862",1
"ENSRNOG00000070059",23
"ENSRNOG00000033341",0
"ENSRNOG00000066502",24
"ENSRNOG00000066561",1
"ENSRNOG00000067046",1
"ENSRNOG00000017265",3967
"ENSRNOG00000064783",0
"ENSRNOG00000014288",605812
"ENSRNOG00000047581",1
"ENSRNOG00000062425",0
"ENSRNOG00000066837",0
"ENSRNOG00000068213",0
"ENSRNOG00000070131",7
"ENSRNOG00000049503",0
"ENSRNOG00000070668",190
"ENSRNOG00000046104",20
"ENSRNOG00000063528",1
"ENSRNOG00000064269",0
"ENSRNOG00000037894",3
"ENSRNOG00000055524",2011
"ENSRNOG00000016995",0
"ENSRNOG00000017129",413
"ENSRNOG00000016660",1349
"ENSRNOG00000017757",223
"ENSRNOG00000015366",39
"ENSRNOG00000017188",201
"ENSRNOG00000016151",15
"ENSRNOG00000037835",31
"ENSRNOG00000064008",142
"ENSRNOG00000052376",1417
"ENSRNOG00000050430",8
"ENSRNOG00000014956",12
"ENSRNOG00000018162",247
"ENSRNOG00000017996",0
"ENSRNOG00000017248",2
"ENSRNOG00000046254",0
"ENSRNOG00000012207",16014
"ENSRNOG00000014182",5279
"ENSRNOG00000013368",10
"ENSRNOG00000010637",2194
"ENSRNOG00000012942",30
"ENSRNOG00000032991",4
"ENSRNOG00000017409",1
"ENSRNOG00000058626",0
"ENSRNOG00000058260",1
"ENSRNOG00000014399",719
"ENSRNOG00000012618",0
"ENSRNOG00000014806",2017
"ENSRNOG00000046576",0
"ENSRNOG00000022499",117
"ENSRNOG00000011269",0
"ENSRNOG00000010597",37
"ENSRNOG00000018266",14
"ENSRNOG00000015886",139
"ENSRNOG00000018325",1118
"ENSRNOG00000063081",0
"ENSRNOG00000019506",525
"ENSRNOG00000012718",1173
"ENSRNOG00000050591",0
"ENSRNOG00000023312",140
"ENSRNOG00000018586",1116
"ENSRNOG00000023566",24
"ENSRNOG00000062745",0
"ENSRNOG00000014797",3281
"ENSRNOG00000019704",11
"ENSRNOG00000014901",3744
"ENSRNOG00000015248",1
"ENSRNOG00000013213",205
"ENSRNOG00000019587",1605
"ENSRNOG00000052570",0
"ENSRNOG00000048239",0
"ENSRNOG00000018464",37
"ENSRNOG00000028362",2
"ENSRNOG00000018467",88
"ENSRNOG00000049330",404
"ENSRNOG00000038085",914
"ENSRNOG00000015382",192
"ENSRNOG00000020038",3759
"ENSRNOG00000020061",13
"ENSRNOG00000018366",33
"ENSRNOG00000028149",1129
"ENSRNOG00000015346",848
"ENSRNOG00000020097",118
"ENSRNOG00000020107",382
"ENSRNOG00000017660",840
"ENSRNOG00000019772",1832
"ENSRNOG00000069992",0
"ENSRNOG00000071002",445
"ENSRNOG00000063437",537
"ENSRNOG00000014718",934
"ENSRNOG00000014289",9129
"ENSRNOG00000014516",781
"ENSRNOG00000031651",174
"ENSRNOG00000064457",173
"ENSRNOG00000018128",1217
"ENSRNOG00000018830",339
"ENSRNOG00000018276",45
"ENSRNOG00000016789",1499
"ENSRNOG00000016254",212
"ENSRNOG00000023941",23
"ENSRNOG00000058681",30
"ENSRNOG00000018593",273
"ENSRNOG00000068018",0
"ENSRNOG00000023220",737
"ENSRNOG00000013946",1097
"ENSRNOG00000023356",142
"ENSRNOG00000018623",841
"ENSRNOG00000013991",3
"ENSRNOG00000058243",145
"ENSRNOG00000051950",1
"ENSRNOG00000054218",21
"ENSRNOG00000014835",101
"ENSRNOG00000015027",7
"ENSRNOG00000038979",0
"ENSRNOG00000015417",671
"ENSRNOG00000014504",3214
"ENSRNOG00000014013",3209
"ENSRNOG00000028945",0
"ENSRNOG00000024201",32
"ENSRNOG00000015699",583
"ENSRNOG00000014683",123
"ENSRNOG00000012815",189
"ENSRNOG00000061227",0
"ENSRNOG00000013286",1001
"ENSRNOG00000016201",677
"ENSRNOG00000013408",431
"ENSRNOG00000047233",0
"ENSRNOG00000023576",160
"ENSRNOG00000011591",23
"ENSRNOG00000038909",0
"ENSRNOG00000015306",0
"ENSRNOG00000067665",2865
"ENSRNOG00000015567",0
"ENSRNOG00000063478",1
"ENSRNOG00000011658",198
"ENSRNOG00000017155",312
"ENSRNOG00000022762",0
"ENSRNOG00000011194",2178
"ENSRNOG00000014378",1
"ENSRNOG00000016447",478
"ENSRNOG00000010370",839
"ENSRNOG00000010668",3848
"ENSRNOG00000059348",3523
"ENSRNOG00000064427",5100
"ENSRNOG00000059485",125
"ENSRNOG00000064621",48
"ENSRNOG00000008111",1
"ENSRNOG00000012840",113481
"ENSRNOG00000026745",2
"ENSRNOG00000009104",1334
"ENSRNOG00000009995",609
"ENSRNOG00000042449",399
"ENSRNOG00000002423",531
"ENSRNOG00000002575",240
"ENSRNOG00000002443",703
"ENSRNOG00000012356",307
"ENSRNOG00000021370",1
"ENSRNOG00000002845",0
"ENSRNOG00000026844",2
"ENSRNOG00000066088",36791
"ENSRNOG00000027008",445
"ENSRNOG00000023143",873
"ENSRNOG00000038474",0
"ENSRNOG00000011892",0
"ENSRNOG00000064321",0
"ENSRNOG00000069020",1
"ENSRNOG00000069599",0
"ENSRNOG00000067008",0
"ENSRNOG00000026805",1
"ENSRNOG00000068229",0
"ENSRNOG00000002820",0
"ENSRNOG00000024553",38
"ENSRNOG00000013118",1480
"ENSRNOG00000024535",1322
"ENSRNOG00000068864",0
"ENSRNOG00000002827",0
"ENSRNOG00000013186",2556
"ENSRNOG00000010041",1911
"ENSRNOG00000067204",0
"ENSRNOG00000003815",1491
"ENSRNOG00000065351",0
"ENSRNOG00000068547",0
"ENSRNOG00000054400",274
"ENSRNOG00000071204",0
"ENSRNOG00000014081",0
"ENSRNOG00000070347",2
"ENSRNOG00000043116",0
"ENSRNOG00000038413",0
"ENSRNOG00000002488",1255
"ENSRNOG00000067499",0
"ENSRNOG00000067195",0
"ENSRNOG00000069306",0
"ENSRNOG00000067952",0
"ENSRNOG00000002630",415
"ENSRNOG00000002645",482
"ENSRNOG00000003879",481
"ENSRNOG00000019458",75
"ENSRNOG00000027039",359
"ENSRNOG00000045816",0
"ENSRNOG00000069086",0
"ENSRNOG00000062627",0
"ENSRNOG00000069462",0
"ENSRNOG00000047955",0
"ENSRNOG00000038422",0
"ENSRNOG00000002582",1
"ENSRNOG00000031544",1419
"ENSRNOG00000027259",1871
"ENSRNOG00000051868",348
"ENSRNOG00000014712",116
"ENSRNOG00000003975",5581
"ENSRNOG00000033663",631
"ENSRNOG00000065470",0
"ENSRNOG00000062854",0
"ENSRNOG00000069068",0
"ENSRNOG00000002682",86
"ENSRNOG00000002713",410
"ENSRNOG00000070864",10
"ENSRNOG00000064507",0
"ENSRNOG00000064350",3
"ENSRNOG00000067217",35
"ENSRNOG00000070178",5
"ENSRNOG00000068756",17
"ENSRNOG00000069764",11
"ENSRNOG00000003847",338
"ENSRNOG00000062640",18
"ENSRNOG00000067459",9
"ENSRNOG00000063438",0
"ENSRNOG00000066378",40
"ENSRNOG00000055459",0
"ENSRNOG00000052088",0
"ENSRNOG00000065010",0
"ENSRNOG00000064285",0
"ENSRNOG00000026430",0
"ENSRNOG00000070207",0
"ENSRNOG00000070920",1
"ENSRNOG00000023431",130
"ENSRNOG00000066015",0
"ENSRNOG00000067151",146
"ENSRNOG00000069550",0
"ENSRNOG00000060247",0
"ENSRNOG00000022431",53
"ENSRNOG00000055640",0
"ENSRNOG00000065061",1
"ENSRNOG00000071012",185
"ENSRNOG00000057240",5
"ENSRNOG00000069370",0
"ENSRNOG00000062611",1
"ENSRNOG00000062948",0
"ENSRNOG00000069674",4
"ENSRNOG00000061633",0
"ENSRNOG00000065225",4
"ENSRNOG00000058899",0
"ENSRNOG00000002858",0
"ENSRNOG00000054015",0
"ENSRNOG00000065824",0
"ENSRNOG00000053082",2
"ENSRNOG00000068961",0
"ENSRNOG00000054755",0
"ENSRNOG00000068527",10
"ENSRNOG00000061482",0
"ENSRNOG00000064121",5
"ENSRNOG00000022472",120
"ENSRNOG00000052741",1
"ENSRNOG00000051656",0
"ENSRNOG00000064143",93
"ENSRNOG00000063978",181
"ENSRNOG00000055792",0
"ENSRNOG00000004078",172
"ENSRNOG00000065243",1353
"ENSRNOG00000070859",0
"ENSRNOG00000022438",32
"ENSRNOG00000071081",0
"ENSRNOG00000057885",0
"ENSRNOG00000068781",1
"ENSRNOG00000027891",228
"ENSRNOG00000052561",0
"ENSRNOG00000068928",459
"ENSRNOG00000043019",10
"ENSRNOG00000055961",1
"ENSRNOG00000062350",81
"ENSRNOG00000064716",101
"ENSRNOG00000052520",1
"ENSRNOG00000066541",0
"ENSRNOG00000070561",9
"ENSRNOG00000057669",0
"ENSRNOG00000066333",0
"ENSRNOG00000019486",11
"ENSRNOG00000057605",0
"ENSRNOG00000066693",0
"ENSRNOG00000049219",771
"ENSRNOG00000066339",0
"ENSRNOG00000063383",0
"ENSRNOG00000063269",1
"ENSRNOG00000065502",1
"ENSRNOG00000067337",4
"ENSRNOG00000055550",0
"ENSRNOG00000053179",0
"ENSRNOG00000055743",0
"ENSRNOG00000063722",440
"ENSRNOG00000060659",0
"ENSRNOG00000062516",1
"ENSRNOG00000062916",0
"ENSRNOG00000068240",0
"ENSRNOG00000058532",0
"ENSRNOG00000067006",0
"ENSRNOG00000065892",505
"ENSRNOG00000057512",0
"ENSRNOG00000056543",0
"ENSRNOG00000052147",0
"ENSRNOG00000070989",1
"ENSRNOG00000003129",2006
"ENSRNOG00000061671",0
"ENSRNOG00000069686",0
"ENSRNOG00000063817",0
"ENSRNOG00000061622",1
"ENSRNOG00000043419",6
"ENSRNOG00000066434",0
"ENSRNOG00000054660",0
"ENSRNOG00000057083",0
"ENSRNOG00000067673",7
"ENSRNOG00000066138",0
"ENSRNOG00000056479",0
"ENSRNOG00000067463",0
"ENSRNOG00000002895",93
"ENSRNOG00000067537",0
"ENSRNOG00000069371",0
"ENSRNOG00000052554",0
"ENSRNOG00000062965",16
"ENSRNOG00000065881",0
"ENSRNOG00000060567",0
"ENSRNOG00000053830",3
"ENSRNOG00000069978",6
"ENSRNOG00000053545",0
"ENSRNOG00000059819",0
"ENSRNOG00000052344",0
"ENSRNOG00000055516",0
"ENSRNOG00000070850",302
"ENSRNOG00000056422",13
"ENSRNOG00000070353",0
"ENSRNOG00000052684",1
"ENSRNOG00000051234",0
"ENSRNOG00000003170",16
"ENSRNOG00000059048",0
"ENSRNOG00000056866",0
"ENSRNOG00000066341",1
"ENSRNOG00000054387",1
"ENSRNOG00000053961",158
"ENSRNOG00000059449",1
"ENSRNOG00000068321",0
"ENSRNOG00000055502",0
"ENSRNOG00000054649",0
"ENSRNOG00000020843",1480
"ENSRNOG00000004246",238
"ENSRNOG00000070019",0
"ENSRNOG00000070557",3
"ENSRNOG00000063452",0
"ENSRNOG00000061173",0
"ENSRNOG00000054307",0
"ENSRNOG00000052059",0
"ENSRNOG00000062630",0
"ENSRNOG00000065726",0
"ENSRNOG00000063603",0
"ENSRNOG00000059300",0
"ENSRNOG00000019384",196
"ENSRNOG00000054952",0
"ENSRNOG00000054629",1
"ENSRNOG00000066078",0
"ENSRNOG00000070350",0
"ENSRNOG00000045676",0
"ENSRNOG00000053018",0
"ENSRNOG00000058504",1
"ENSRNOG00000058244",0
"ENSRNOG00000055800",0
"ENSRNOG00000053796",0
"ENSRNOG00000068206",0
"ENSRNOG00000058369",0
"ENSRNOG00000062549",0
"ENSRNOG00000057969",0
"ENSRNOG00000052816",0
"ENSRNOG00000002873",0
"ENSRNOG00000059399",0
"ENSRNOG00000070743",0
"ENSRNOG00000063400",1
"ENSRNOG00000003039",0
"ENSRNOG00000021988",0
"ENSRNOG00000022548",3
"ENSRNOG00000002757",242
"ENSRNOG00000002876",107
"ENSRNOG00000070137",0
"ENSRNOG00000067635",0
"ENSRNOG00000058556",0
"ENSRNOG00000002883",108
"ENSRNOG00000059610",0
"ENSRNOG00000067616",1
"ENSRNOG00000003326",2157
"ENSRNOG00000062744",0
"ENSRNOG00000026647",715
"ENSRNOG00000060046",0
"ENSRNOG00000056736",0
"ENSRNOG00000021796",2
"ENSRNOG00000060616",0
"ENSRNOG00000053569",0
"ENSRNOG00000060220",0
"ENSRNOG00000054213",0
"ENSRNOG00000051730",0
"ENSRNOG00000027368",632
"ENSRNOG00000057012",1
"ENSRNOG00000061736",0
"ENSRNOG00000002928",591
"ENSRNOG00000060502",1
"ENSRNOG00000017907",1295
"ENSRNOG00000063532",0
"ENSRNOG00000057893",0
"ENSRNOG00000054619",0
"ENSRNOG00000056183",0
"ENSRNOG00000042579",7
"ENSRNOG00000052660",4
"ENSRNOG00000057898",0
"ENSRNOG00000062443",0
"ENSRNOG00000055444",0
"ENSRNOG00000058380",0
"ENSRNOG00000066694",1685
"ENSRNOG00000053313",0
"ENSRNOG00000055592",0
"ENSRNOG00000069404",0
"ENSRNOG00000057232",0
"ENSRNOG00000065576",1
"ENSRNOG00000056377",0
"ENSRNOG00000060493",0
"ENSRNOG00000055722",0
"ENSRNOG00000002943",378
"ENSRNOG00000003794",121
"ENSRNOG00000068007",1
"ENSRNOG00000060059",0
"ENSRNOG00000057978",18
"ENSRNOG00000004283",800
"ENSRNOG00000055210",0
"ENSRNOG00000055429",8
"ENSRNOG00000070988",0
"ENSRNOG00000053386",0
"ENSRNOG00000070720",0
"ENSRNOG00000056913",7
"ENSRNOG00000068504",0
"ENSRNOG00000040121",0
"ENSRNOG00000002303",1
"ENSRNOG00000068432",0
"ENSRNOG00000064295",0
"ENSRNOG00000057925",4
"ENSRNOG00000066495",2
"ENSRNOG00000054510",0
"ENSRNOG00000064126",2
"ENSRNOG00000002930",19
"ENSRNOG00000065662",0
"ENSRNOG00000068389",4
"ENSRNOG00000015118",453
"ENSRNOG00000061574",0
"ENSRNOG00000064162",0
"ENSRNOG00000068674",0
"ENSRNOG00000054243",0
"ENSRNOG00000056054",0
"ENSRNOG00000053534",1
"ENSRNOG00000055332",0
"ENSRNOG00000057905",0
"ENSRNOG00000012681",262
"ENSRNOG00000066008",3
"ENSRNOG00000060816",7
"ENSRNOG00000059404",1
"ENSRNOG00000003019",1171
"ENSRNOG00000056979",0
"ENSRNOG00000053152",0
"ENSRNOG00000019477",29
"ENSRNOG00000069639",0
"ENSRNOG00000054431",0
"ENSRNOG00000002912",639
"ENSRNOG00000052485",0
"ENSRNOG00000070400",0
"ENSRNOG00000071058",0
"ENSRNOG00000062553",0
"ENSRNOG00000059688",2
"ENSRNOG00000069935",0
"ENSRNOG00000003065",1563
"ENSRNOG00000066575",0
"ENSRNOG00000002612",322
"ENSRNOG00000003728",266
"ENSRNOG00000037418",1
"ENSRNOG00000029245",0
"ENSRNOG00000068333",0
"ENSRNOG00000003125",824
"ENSRNOG00000031364",1635
"ENSRNOG00000020937",2185
"ENSRNOG00000005009",23
"ENSRNOG00000049768",322
"ENSRNOG00000022771",918
"ENSRNOG00000037409",1
"ENSRNOG00000020803",9
"ENSRNOG00000004146",493
"ENSRNOG00000055533",1
"ENSRNOG00000065698",0
"ENSRNOG00000024557",46
"ENSRNOG00000021953",0
"ENSRNOG00000004141",1489
"ENSRNOG00000068288",0
"ENSRNOG00000003273",4
"ENSRNOG00000053814",1364
"ENSRNOG00000004608",681
"ENSRNOG00000015210",1
"ENSRNOG00000033653",0
"ENSRNOG00000004766",1646
"ENSRNOG00000063096",0
"ENSRNOG00000068635",0
"ENSRNOG00000002768",0
"ENSRNOG00000021713",176
"ENSRNOG00000067764",0
"ENSRNOG00000015236",1
"ENSRNOG00000003328",943
"ENSRNOG00000055010",7
"ENSRNOG00000010257",312
"ENSRNOG00000004072",8386
"ENSRNOG00000020970",94
"ENSRNOG00000057040",42
"ENSRNOG00000003773",934
"ENSRNOG00000010363",508
"ENSRNOG00000015873",0
"ENSRNOG00000066620",0
"ENSRNOG00000002407",1884
"ENSRNOG00000020994",1669
"ENSRNOG00000005227",187
"ENSRNOG00000058372",5
"ENSRNOG00000002944",272
"ENSRNOG00000028075",11
"ENSRNOG00000060229",4277
"ENSRNOG00000017912",6
"ENSRNOG00000003495",8723
"ENSRNOG00000012864",651
"ENSRNOG00000004900",0
"ENSRNOG00000003302",1396
"ENSRNOG00000003186",157
"ENSRNOG00000062575",0
"ENSRNOG00000070390",0
"ENSRNOG00000042044",420
"ENSRNOG00000003137",0
"ENSRNOG00000002894",780
"ENSRNOG00000053943",1755
"ENSRNOG00000068106",3
"ENSRNOG00000060528",45
"ENSRNOG00000046057",0
"ENSRNOG00000003224",357
"ENSRNOG00000003233",4
"ENSRNOG00000066893",846
"ENSRNOG00000016212",1656
"ENSRNOG00000003332",132
"ENSRNOG00000009006",1353
"ENSRNOG00000046143",80
"ENSRNOG00000003348",1159
"ENSRNOG00000003873",2393
"ENSRNOG00000017325",0
"ENSRNOG00000006450",380
"ENSRNOG00000027628",827
"ENSRNOG00000009474",911
"ENSRNOG00000054423",137
"ENSRNOG00000009224",141
"ENSRNOG00000003234",1
"ENSRNOG00000017352",2291
"ENSRNOG00000009536",336
"ENSRNOG00000003066",48
"ENSRNOG00000009718",291
"ENSRNOG00000002669",1918
"ENSRNOG00000009611",0
"ENSRNOG00000003506",2287
"ENSRNOG00000009857",257
"ENSRNOG00000017417",15235
"ENSRNOG00000003517",263
"ENSRNOG00000060615",930
"ENSRNOG00000009667",201
"ENSRNOG00000066553",0
"ENSRNOG00000003544",9
"ENSRNOG00000028341",883
"ENSRNOG00000007227",364
"ENSRNOG00000017657",867
"ENSRNOG00000022022",44
"ENSRNOG00000010038",713
"ENSRNOG00000002755",2333
"ENSRNOG00000028427",248
"ENSRNOG00000005269",1
"ENSRNOG00000017915",502
"ENSRNOG00000068462",0
"ENSRNOG00000003463",2693
"ENSRNOG00000042524",0
"ENSRNOG00000006990",2
"ENSRNOG00000063840",35
"ENSRNOG00000069823",0
"ENSRNOG00000018114",385
"ENSRNOG00000050057",492
"ENSRNOG00000005104",0
"ENSRNOG00000063987",0
"ENSRNOG00000067870",0
"ENSRNOG00000063600",0
"ENSRNOG00000007655",51
"ENSRNOG00000007200",0
"ENSRNOG00000063645",0
"ENSRNOG00000010557",938
"ENSRNOG00000069725",0
"ENSRNOG00000039773",1
"ENSRNOG00000007084",0
"ENSRNOG00000062803",0
"ENSRNOG00000007678",217
"ENSRNOG00000003384",25
"ENSRNOG00000010929",0
"ENSRNOG00000026783",60
"ENSRNOG00000006548",2880
"ENSRNOG00000003590",1994
"ENSRNOG00000008134",6
"ENSRNOG00000045565",0
"ENSRNOG00000004566",6
"ENSRNOG00000061543",3119
"ENSRNOG00000006136",637
"ENSRNOG00000006674",25
"ENSRNOG00000023628",223
"ENSRNOG00000049876",5587
"ENSRNOG00000005330",1674
"ENSRNOG00000004668",59
"ENSRNOG00000007054",912
"ENSRNOG00000018526",1073
"ENSRNOG00000046799",233
"ENSRNOG00000005904",1776
"ENSRNOG00000004980",220
"ENSRNOG00000053437",0
"ENSRNOG00000071015",310
"ENSRNOG00000021303",55
"ENSRNOG00000063807",771
"ENSRNOG00000003566",3
"ENSRNOG00000050675",19
"ENSRNOG00000005193",748
"ENSRNOG00000023344",5505
"ENSRNOG00000013611",0
"ENSRNOG00000022664",1548
"ENSRNOG00000002997",612
"ENSRNOG00000024964",973
"ENSRNOG00000003719",529
"ENSRNOG00000005418",928
"ENSRNOG00000005357",1319
"ENSRNOG00000004147",105
"ENSRNOG00000020916",1089
"ENSRNOG00000014672",0
"ENSRNOG00000008700",7
"ENSRNOG00000069630",642
"ENSRNOG00000012390",148
"ENSRNOG00000006873",4
"ENSRNOG00000015157",107
"ENSRNOG00000069998",489
"ENSRNOG00000069737",0
"ENSRNOG00000024661",1062
"ENSRNOG00000010492",504
"ENSRNOG00000020930",707
"ENSRNOG00000064298",0
"ENSRNOG00000046271",3465
"ENSRNOG00000062400",100
"ENSRNOG00000019352",300
"ENSRNOG00000021657",0
"ENSRNOG00000065165",0
"ENSRNOG00000026801",0
"ENSRNOG00000012434",892
"ENSRNOG00000065890",0
"ENSRNOG00000022964",0
"ENSRNOG00000066422",0
"ENSRNOG00000019357",1307
"ENSRNOG00000004092",35
"ENSRNOG00000004939",1
"ENSRNOG00000003948",1174
"ENSRNOG00000032439",0
"ENSRNOG00000012620",0
"ENSRNOG00000003855",517
"ENSRNOG00000042252",0
"ENSRNOG00000013370",424
"ENSRNOG00000028688",422
"ENSRNOG00000052840",570
"ENSRNOG00000070542",248
"ENSRNOG00000004417",624
"ENSRNOG00000070956",0
"ENSRNOG00000058393",155
"ENSRNOG00000063135",805
"ENSRNOG00000025117",0
"ENSRNOG00000067184",0
"ENSRNOG00000070925",0
"ENSRNOG00000063522",0
"ENSRNOG00000065977",0
"ENSRNOG00000002420",761
"ENSRNOG00000004159",1330
"ENSRNOG00000068367",0
"ENSRNOG00000004399",13
"ENSRNOG00000064369",0
"ENSRNOG00000013429",187
"ENSRNOG00000038328",9
"ENSRNOG00000019606",2
"ENSRNOG00000068012",6
"ENSRNOG00000021987",0
"ENSRNOG00000053680",2568
"ENSRNOG00000067378",0
"ENSRNOG00000005015",542
"ENSRNOG00000024445",709
"ENSRNOG00000062613",1
"ENSRNOG00000059008",261
"ENSRNOG00000004040",14
"ENSRNOG00000060934",9
"ENSRNOG00000003845",0
"ENSRNOG00000028208",151
"ENSRNOG00000000249",43
"ENSRNOG00000002520",9843
"ENSRNOG00000000248",2142
"ENSRNOG00000011207",0
"ENSRNOG00000014641",7
"ENSRNOG00000019659",66
"ENSRNOG00000065770",64
"ENSRNOG00000055314",1477
"ENSRNOG00000033617",0
"ENSRNOG00000064075",0
"ENSRNOG00000024210",2
"ENSRNOG00000015061",0
"ENSRNOG00000002539",0
"ENSRNOG00000021682",2759
"ENSRNOG00000024954",0
"ENSRNOG00000014743",238
"ENSRNOG00000037307",0
"ENSRNOG00000003213",1084
"ENSRNOG00000003226",5885
"ENSRNOG00000002989",2759
"ENSRNOG00000002452",902
"ENSRNOG00000000247",1259
"ENSRNOG00000015090",497
"ENSRNOG00000020877",0
"ENSRNOG00000002749",3089
"ENSRNOG00000006532",6515
"ENSRNOG00000003846",3247
"ENSRNOG00000003116",588
"ENSRNOG00000058739",379
"ENSRNOG00000007280",2050
"ENSRNOG00000003278",410
"ENSRNOG00000004807",554
"ENSRNOG00000010083",1777
"ENSRNOG00000070139",1
"ENSRNOG00000034013",1772
"ENSRNOG00000002566",2
"ENSRNOG00000004437",16
"ENSRNOG00000002568",30
"ENSRNOG00000013169",344
"ENSRNOG00000066036",364
"ENSRNOG00000006600",509
"ENSRNOG00000007117",25
"ENSRNOG00000059326",184
"ENSRNOG00000008040",197
"ENSRNOG00000016976",983
"ENSRNOG00000010320",1
"ENSRNOG00000003172",12166
"ENSRNOG00000003262",0
"ENSRNOG00000058939",0
"ENSRNOG00000008256",298
"ENSRNOG00000007268",11
"ENSRNOG00000006126",1213
"ENSRNOG00000008323",108
"ENSRNOG00000042245",1210
"ENSRNOG00000004091",107
"ENSRNOG00000057378",838
"ENSRNOG00000020441",2023
"ENSRNOG00000007576",133
"ENSRNOG00000007778",0
"ENSRNOG00000065251",0
"ENSRNOG00000003195",54
"ENSRNOG00000068785",0
"ENSRNOG00000008577",129
"ENSRNOG00000070737",1
"ENSRNOG00000067255",0
"ENSRNOG00000036880",0
"ENSRNOG00000002764",111
"ENSRNOG00000042258",30
"ENSRNOG00000011227",52
"ENSRNOG00000006913",116
"ENSRNOG00000004713",0
"ENSRNOG00000059219",11
"ENSRNOG00000004032",634
"ENSRNOG00000037718",2
"ENSRNOG00000003657",83
"ENSRNOG00000004686",607
"ENSRNOG00000014027",489
"ENSRNOG00000003105",0
"ENSRNOG00000069091",159
"ENSRNOG00000007439",17
"ENSRNOG00000006949",3684
"ENSRNOG00000003849",412
"ENSRNOG00000064191",0
"ENSRNOG00000003131",1989
"ENSRNOG00000064933",1
"ENSRNOG00000065343",1
"ENSRNOG00000039761",0
"ENSRNOG00000004310",366
"ENSRNOG00000005185",10
"ENSRNOG00000067475",1051
"ENSRNOG00000003109",0
"ENSRNOG00000049151",0
"ENSRNOG00000003121",97
"ENSRNOG00000014618",0
"ENSRNOG00000010214",70
"ENSRNOG00000028116",1
"ENSRNOG00000020902",995
"ENSRNOG00000006989",1564
"ENSRNOG00000021872",64
"ENSRNOG00000028255",398
"ENSRNOG00000007889",0
"ENSRNOG00000028417",0
"ENSRNOG00000005769",346
"ENSRNOG00000025792",650
"ENSRNOG00000061424",1119
"ENSRNOG00000003455",2
"ENSRNOG00000007454",11
"ENSRNOG00000042086",44
"ENSRNOG00000004107",1298
"ENSRNOG00000006131",280
"ENSRNOG00000011357",21
"ENSRNOG00000002294",310
"ENSRNOG00000008921",336
"ENSRNOG00000067865",422
"ENSRNOG00000007823",17
"ENSRNOG00000009343",0
"ENSRNOG00000003546",967
"ENSRNOG00000014882",23
"ENSRNOG00000008010",9
"ENSRNOG00000010673",374
"ENSRNOG00000050323",1533
"ENSRNOG00000025448",360
"ENSRNOG00000008830",2552
"ENSRNOG00000003457",1
"ENSRNOG00000008755",2976
"ENSRNOG00000008703",2030
"ENSRNOG00000009819",2000
"ENSRNOG00000046890",0
"ENSRNOG00000046639",85
"ENSRNOG00000005290",10405
"ENSRNOG00000060307",61
"ENSRNOG00000004171",25
"ENSRNOG00000020905",1403
"ENSRNOG00000042251",0
"ENSRNOG00000002812",0
"ENSRNOG00000002659",10
"ENSRNOG00000007585",7
"ENSRNOG00000010626",182
"ENSRNOG00000046121",0
"ENSRNOG00000003497",189
"ENSRNOG00000009225",1315
"ENSRNOG00000008422",0
"ENSRNOG00000007611",17
"ENSRNOG00000008843",1532
"ENSRNOG00000060054",0
"ENSRNOG00000028946",512
"ENSRNOG00000011007",625
"ENSRNOG00000007387",466
"ENSRNOG00000052113",945
"ENSRNOG00000025545",346
"ENSRNOG00000007523",6
"ENSRNOG00000066106",703
"ENSRNOG00000061429",0
"ENSRNOG00000029415",222
"ENSRNOG00000011714",211
"ENSRNOG00000042915",393
"ENSRNOG00000003542",4737
"ENSRNOG00000033942",0
"ENSRNOG00000065020",112
"ENSRNOG00000030291",85
"ENSRNOG00000004155",8
"ENSRNOG00000030541",0
"ENSRNOG00000003654",5
"ENSRNOG00000042825",0
"ENSRNOG00000022210",0
"ENSRNOG00000014127",15
"ENSRNOG00000020908",40
"ENSRNOG00000037371",189
"ENSRNOG00000003563",582
"ENSRNOG00000057404",7
"ENSRNOG00000002664",973
"ENSRNOG00000014179",5141
"ENSRNOG00000004172",1222
"ENSRNOG00000048449",268
"ENSRNOG00000066902",614
"ENSRNOG00000065545",3
"ENSRNOG00000014568",1137
"ENSRNOG00000011876",560
"ENSRNOG00000002571",0
"ENSRNOG00000020275",3
"ENSRNOG00000003784",89
"ENSRNOG00000029012",0
"ENSRNOG00000027711",1179
"ENSRNOG00000003673",240
"ENSRNOG00000014953",4
"ENSRNOG00000020277",167
"ENSRNOG00000038055",1
"ENSRNOG00000007391",3
"ENSRNOG00000002545",1268
"ENSRNOG00000066611",0
"ENSRNOG00000059618",42
"ENSRNOG00000003947",5
"ENSRNOG00000052730",1812
"ENSRNOG00000050649",331
"ENSRNOG00000055413",0
"ENSRNOG00000010771",3182
"ENSRNOG00000069891",0
"ENSRNOG00000012162",2006
"ENSRNOG00000025287",0
"ENSRNOG00000020336",549
"ENSRNOG00000021782",1
"ENSRNOG00000003401",10542
"ENSRNOG00000004378",0
"ENSRNOG00000036888",0
"ENSRNOG00000003294",0
"ENSRNOG00000058663",610
"ENSRNOG00000027057",284
"ENSRNOG00000069756",63
"ENSRNOG00000015674",4
"ENSRNOG00000020487",0
"ENSRNOG00000024181",0
"ENSRNOG00000003215",187
"ENSRNOG00000013030",509
"ENSRNOG00000017606",0
"ENSRNOG00000005336",0
"ENSRNOG00000003218",7
"ENSRNOG00000069314",0
"ENSRNOG00000069734",8
"ENSRNOG00000020513",582
"ENSRNOG00000027194",502
"ENSRNOG00000029597",61
"ENSRNOG00000069739",1
"ENSRNOG00000058058",0
"ENSRNOG00000025496",2286
"ENSRNOG00000065691",0
"ENSRNOG00000066734",0
"ENSRNOG00000011375",1412
"ENSRNOG00000002358",4482
"ENSRNOG00000012155",14
"ENSRNOG00000002342",1104
"ENSRNOG00000028121",0
"ENSRNOG00000046276",1
"ENSRNOG00000063725",0
"ENSRNOG00000066047",28
"ENSRNOG00000006248",323
"ENSRNOG00000002980",349
"ENSRNOG00000003797",270
"ENSRNOG00000007491",0
"ENSRNOG00000058561",13627
"ENSRNOG00000037563",41
"ENSRNOG00000012213",106
"ENSRNOG00000002714",116
"ENSRNOG00000003918",369
"ENSRNOG00000006122",24
"ENSRNOG00000008637",397
"ENSRNOG00000039405",0
"ENSRNOG00000063289",13
"ENSRNOG00000024730",45
"ENSRNOG00000025522",0
"ENSRNOG00000003259",170
"ENSRNOG00000002991",299
"ENSRNOG00000004814",758
"ENSRNOG00000048113",58
"ENSRNOG00000002341",373
"ENSRNOG00000028926",0
"ENSRNOG00000029279",0
"ENSRNOG00000063043",357
"ENSRNOG00000008270",57
"ENSRNOG00000042255",0
"ENSRNOG00000032300",0
"ENSRNOG00000033690",0
"ENSRNOG00000010870",13
"ENSRNOG00000011541",12
"ENSRNOG00000003287",386
"ENSRNOG00000002373",838
"ENSRNOG00000018242",55
"ENSRNOG00000012134",299
"ENSRNOG00000029223",0
"ENSRNOG00000062933",3
"ENSRNOG00000002610",1856
"ENSRNOG00000047969",0
"ENSRNOG00000003041",210
"ENSRNOG00000037627",807
"ENSRNOG00000013659",551
"ENSRNOG00000011475",1
"ENSRNOG00000018611",0
"ENSRNOG00000004333",305
"ENSRNOG00000049862",822
"ENSRNOG00000067355",0
"ENSRNOG00000003104",592
"ENSRNOG00000004461",5
"ENSRNOG00000011917",1
"ENSRNOG00000016545",531
"ENSRNOG00000006970",71
"ENSRNOG00000008480",4
"ENSRNOG00000046001",0
"ENSRNOG00000028456",0
"ENSRNOG00000002899",539
"ENSRNOG00000016494",369
"ENSRNOG00000007433",7
"ENSRNOG00000004122",0
"ENSRNOG00000019510",0
"ENSRNOG00000007957",48
"ENSRNOG00000068966",0
"ENSRNOG00000003807",0
"ENSRNOG00000016774",159
"ENSRNOG00000025254",18
"ENSRNOG00000006895",582
"ENSRNOG00000006542",8861
"ENSRNOG00000057058",6
"ENSRNOG00000002615",497
"ENSRNOG00000027914",922
"ENSRNOG00000065011",4
"ENSRNOG00000024972",207
"ENSRNOG00000024635",734
"ENSRNOG00000009427",0
"ENSRNOG00000007483",130
"ENSRNOG00000012083",47
"ENSRNOG00000027087",113
"ENSRNOG00000002364",4
"ENSRNOG00000048231",0
"ENSRNOG00000042736",0
"ENSRNOG00000006661",76
"ENSRNOG00000030628",6403
"ENSRNOG00000015300",426
"ENSRNOG00000036838",0
"ENSRNOG00000048771",0
"ENSRNOG00000049215",101
"ENSRNOG00000015578",15
"ENSRNOG00000057619",36
"ENSRNOG00000067188",0
"ENSRNOG00000002636",2
"ENSRNOG00000055309",794
"ENSRNOG00000052204",511
"ENSRNOG00000050974",0
"ENSRNOG00000070593",0
"ENSRNOG00000027498",76
"ENSRNOG00000029570",568
"ENSRNOG00000018550",363
"ENSRNOG00000023881",0
"ENSRNOG00000036819",5
"ENSRNOG00000024867",215
"ENSRNOG00000020749",325
"ENSRNOG00000021540",33
"ENSRNOG00000002436",1445
"ENSRNOG00000039698",5
"ENSRNOG00000019208",80
"ENSRNOG00000005377",487
"ENSRNOG00000020771",1568
"ENSRNOG00000015479",511
"ENSRNOG00000005133",7
"ENSRNOG00000058497",45
"ENSRNOG00000045791",1221
"ENSRNOG00000049929",94
"ENSRNOG00000071032",37
"ENSRNOG00000064673",0
"ENSRNOG00000012866",79
"ENSRNOG00000015749",0
"ENSRNOG00000007573",0
"ENSRNOG00000021962",3474
"ENSRNOG00000013746",858
"ENSRNOG00000007436",124
"ENSRNOG00000036695",668
"ENSRNOG00000028436",2
"ENSRNOG00000053055",0
"ENSRNOG00000005360",162
"ENSRNOG00000002828",1725
"ENSRNOG00000067471",179
"ENSRNOG00000002917",0
"ENSRNOG00000065925",1
"ENSRNOG00000011459",463
"ENSRNOG00000003203",337
"ENSRNOG00000002434",0
"ENSRNOG00000039656",0
"ENSRNOG00000052124",0
"ENSRNOG00000024446",0
"ENSRNOG00000066110",15
"ENSRNOG00000005606",1423
"ENSRNOG00000014171",43
"ENSRNOG00000030224",13
"ENSRNOG00000047367",83
"ENSRNOG00000033613",41
"ENSRNOG00000024523",8
"ENSRNOG00000005099",287
"ENSRNOG00000009722",1377
"ENSRNOG00000063632",135
"ENSRNOG00000033152",14378
"ENSRNOG00000005165",892
"ENSRNOG00000057186",403
"ENSRNOG00000064880",637
"ENSRNOG00000036726",0
"ENSRNOG00000032442",182
"ENSRNOG00000033568",895
"ENSRNOG00000036669",0
"ENSRNOG00000045670",427
"ENSRNOG00000069138",0
"ENSRNOG00000060561",129
"ENSRNOG00000005275",375
"ENSRNOG00000036681",2
"ENSRNOG00000008642",139
"ENSRNOG00000068337",49
"ENSRNOG00000003386",1
"ENSRNOG00000006460",136
"ENSRNOG00000059793",2
"ENSRNOG00000066995",0
"ENSRNOG00000062359",0
"ENSRNOG00000042335",0
"ENSRNOG00000070342",2
"ENSRNOG00000069522",12
"ENSRNOG00000064558",18
"ENSRNOG00000066900",4
"ENSRNOG00000002304",0
"ENSRNOG00000057127",0
"ENSRNOG00000069870",0
"ENSRNOG00000003741",41
"ENSRNOG00000008689",202
"ENSRNOG00000038735",572
"ENSRNOG00000036665",196
"ENSRNOG00000021424",1
"ENSRNOG00000006285",400
"ENSRNOG00000003981",228
"ENSRNOG00000002671",1836
"ENSRNOG00000069962",0
"ENSRNOG00000033266",0
"ENSRNOG00000050819",95
"ENSRNOG00000066160",0
"ENSRNOG00000051945",5
"ENSRNOG00000003998",294
"ENSRNOG00000068461",9
"ENSRNOG00000065992",1924
"ENSRNOG00000042352",10
"ENSRNOG00000069592",24
"ENSRNOG00000033101",665
"ENSRNOG00000002693",615
"ENSRNOG00000069121",23
"ENSRNOG00000006306",1
"ENSRNOG00000007235",4
"ENSRNOG00000064520",0
"ENSRNOG00000070316",6
"ENSRNOG00000030726",0
"ENSRNOG00000005580",43
"ENSRNOG00000054605",392
"ENSRNOG00000053285",335
"ENSRNOG00000000246",756
"ENSRNOG00000068789",0
"ENSRNOG00000052934",542
"ENSRNOG00000022983",10
"ENSRNOG00000063787",9
"ENSRNOG00000003123",614
"ENSRNOG00000071138",41
"ENSRNOG00000064047",2
"ENSRNOG00000071112",5
"ENSRNOG00000002915",160
"ENSRNOG00000070671",0
"ENSRNOG00000010665",0
"ENSRNOG00000015419",9
"ENSRNOG00000069887",0
"ENSRNOG00000024455",577
"ENSRNOG00000070404",30
"ENSRNOG00000069160",419
"ENSRNOG00000062812",0
"ENSRNOG00000000245",20
"ENSRNOG00000063680",32
"ENSRNOG00000015430",354
"ENSRNOG00000069213",0
"ENSRNOG00000017858",166
"ENSRNOG00000059401",12
"ENSRNOG00000062837",0
"ENSRNOG00000003835",198
"ENSRNOG00000067362",206
"ENSRNOG00000027271",17551
"ENSRNOG00000069533",248
"ENSRNOG00000002763",996
"ENSRNOG00000067823",534
"ENSRNOG00000064496",8
"ENSRNOG00000051284",0
"ENSRNOG00000053047",551
"ENSRNOG00000065197",0
"ENSRNOG00000067377",0
"ENSRNOG00000071187",0
"ENSRNOG00000037540",98
"ENSRNOG00000067573",0
"ENSRNOG00000019814",0
"ENSRNOG00000003931",223
"ENSRNOG00000063207",184
"ENSRNOG00000017893",8
"ENSRNOG00000070401",0
"ENSRNOG00000067449",41
"ENSRNOG00000070446",0
"ENSRNOG00000048838",210
"ENSRNOG00000003397",358
"ENSRNOG00000065692",0
"ENSRNOG00000067529",0
"ENSRNOG00000067659",15
"ENSRNOG00000064407",0
"ENSRNOG00000065499",3
"ENSRNOG00000006359",403
"ENSRNOG00000067700",446
"ENSRNOG00000067327",0
"ENSRNOG00000008798",8
"ENSRNOG00000002599",0
"ENSRNOG00000028404",26
"ENSRNOG00000021041",143
"ENSRNOG00000070674",2
"ENSRNOG00000052688",6
"ENSRNOG00000062556",0
"ENSRNOG00000065985",0
"ENSRNOG00000018792",0
"ENSRNOG00000066916",0
"ENSRNOG00000065762",0
"ENSRNOG00000003827",2794
"ENSRNOG00000002949",575
"ENSRNOG00000002748",225
"ENSRNOG00000007367",167
"ENSRNOG00000068375",0
"ENSRNOG00000007053",285
"ENSRNOG00000070067",0
"ENSRNOG00000002616",0
"ENSRNOG00000010337",0
"ENSRNOG00000002635",0
"ENSRNOG00000010676",1513
"ENSRNOG00000064022",7
"ENSRNOG00000069490",4
"ENSRNOG00000066579",1415
"ENSRNOG00000028161",510
"ENSRNOG00000066275",237
"ENSRNOG00000021031",12832
"ENSRNOG00000068899",36
"ENSRNOG00000054891",759
"ENSRNOG00000067983",0
"ENSRNOG00000045888",0
"ENSRNOG00000065805",0
"ENSRNOG00000009823",724
"ENSRNOG00000039350",0
"ENSRNOG00000027924",0
"ENSRNOG00000066738",0
"ENSRNOG00000010839",1
"ENSRNOG00000009870",14
"ENSRNOG00000067002",0
"ENSRNOG00000070572",0
"ENSRNOG00000002724",547
"ENSRNOG00000003280",15
"ENSRNOG00000052620",49908
"ENSRNOG00000067886",3
"ENSRNOG00000068212",0
"ENSRNOG00000019174",31
"ENSRNOG00000003028",6
"ENSRNOG00000056582",0
"ENSRNOG00000009902",9
"ENSRNOG00000002388",292
"ENSRNOG00000062101",3
"ENSRNOG00000002652",24
"ENSRNOG00000023639",172
"ENSRNOG00000063443",0
"ENSRNOG00000037204",80
"ENSRNOG00000024578",130
"ENSRNOG00000002718",0
"ENSRNOG00000014711",0
"ENSRNOG00000068639",8
"ENSRNOG00000014135",1
"ENSRNOG00000004604",1282
"ENSRNOG00000068436",0
"ENSRNOG00000070927",0
"ENSRNOG00000070910",0
"ENSRNOG00000003232",880
"ENSRNOG00000005081",550
"ENSRNOG00000053789",0
"ENSRNOG00000070177",0
"ENSRNOG00000070117",0
"ENSRNOG00000003424",254
"ENSRNOG00000006255",6
"ENSRNOG00000009979",1
"ENSRNOG00000007467",0
"ENSRNOG00000068523",37
"ENSRNOG00000063337",1
"ENSRNOG00000003264",317
"ENSRNOG00000065581",40
"ENSRNOG00000043102",928
"ENSRNOG00000066219",3
"ENSRNOG00000018701",0
"ENSRNOG00000002963",4
"ENSRNOG00000063730",0
"ENSRNOG00000061484",821
"ENSRNOG00000065826",0
"ENSRNOG00000064660",13
"ENSRNOG00000009252",1179
"ENSRNOG00000002886",5081
"ENSRNOG00000066323",31
"ENSRNOG00000025669",244
"ENSRNOG00000045615",9
"ENSRNOG00000067479",0
"ENSRNOG00000064200",1697
"ENSRNOG00000007243",0
"ENSRNOG00000008078",0
"ENSRNOG00000008525",2
"ENSRNOG00000052564",40
"ENSRNOG00000070190",0
"ENSRNOG00000067610",0
"ENSRNOG00000009069",1497
"ENSRNOG00000070896",0
"ENSRNOG00000065424",357
"ENSRNOG00000068140",1523
"ENSRNOG00000003603",575
"ENSRNOG00000007606",22
"ENSRNOG00000062540",33
"ENSRNOG00000002722",2126
"ENSRNOG00000011628",0
"ENSRNOG00000042980",1669
"ENSRNOG00000025815",1173
"ENSRNOG00000022239",0
"ENSRNOG00000009370",6
"ENSRNOG00000033893",0
"ENSRNOG00000037275",31
"ENSRNOG00000003464",967
"ENSRNOG00000009350",1
"ENSRNOG00000046216",0
"ENSRNOG00000002462",235
"ENSRNOG00000003207",0
"ENSRNOG00000067169",0
"ENSRNOG00000023095",2714
"ENSRNOG00000007722",301
"ENSRNOG00000018834",0
"ENSRNOG00000002607",1844
"ENSRNOG00000002823",1701
"ENSRNOG00000007496",887
"ENSRNOG00000063511",4
"ENSRNOG00000020029",57
"ENSRNOG00000003821",895
"ENSRNOG00000003266",0
"ENSRNOG00000007788",198
"ENSRNOG00000060550",516
"ENSRNOG00000058976",0
"ENSRNOG00000009567",926
"ENSRNOG00000007971",3241
"ENSRNOG00000003275",0
"ENSRNOG00000055236",0
"ENSRNOG00000039339",15
"ENSRNOG00000030537",225
"ENSRNOG00000037238",38
"ENSRNOG00000056793",2
"ENSRNOG00000003288",0
"ENSRNOG00000020874",0
"ENSRNOG00000033169",1723
"ENSRNOG00000003626",2179
"ENSRNOG00000065740",1
"ENSRNOG00000008215",701
"ENSRNOG00000009275",3481
"ENSRNOG00000019445",51
"ENSRNOG00000023764",535
"ENSRNOG00000008178",814
"ENSRNOG00000052940",0
"ENSRNOG00000002511",8
"ENSRNOG00000058068",20
"ENSRNOG00000027350",1
"ENSRNOG00000011155",2585
"ENSRNOG00000018841",3
"ENSRNOG00000011182",0
"ENSRNOG00000020212",0
"ENSRNOG00000003967",2768
"ENSRNOG00000014623",1979
"ENSRNOG00000003990",1542
"ENSRNOG00000036673",24
"ENSRNOG00000000230",590
"ENSRNOG00000006860",0
"ENSRNOG00000069007",1
"ENSRNOG00000004063",3018
"ENSRNOG00000009643",871
"ENSRNOG00000014285",286
"ENSRNOG00000036682",478
"ENSRNOG00000018466",0
"ENSRNOG00000043293",0
"ENSRNOG00000024145",217
"ENSRNOG00000045683",1655
"ENSRNOG00000003284",2
"ENSRNOG00000059563",0
"ENSRNOG00000020239",136
"ENSRNOG00000011366",1364
"ENSRNOG00000047907",513
"ENSRNOG00000033143",30766
"ENSRNOG00000021380",2
"ENSRNOG00000046330",17
"ENSRNOG00000049695",25
"ENSRNOG00000028521",1216
"ENSRNOG00000066310",12
"ENSRNOG00000004288",179
"ENSRNOG00000027606",19
"ENSRNOG00000000251",8
"ENSRNOG00000010540",893
"ENSRNOG00000032492",2962
"ENSRNOG00000069361",0
"ENSRNOG00000067554",875
"ENSRNOG00000014496",74
"ENSRNOG00000004602",1718
"ENSRNOG00000069024",802
"ENSRNOG00000003367",38
"ENSRNOG00000032780",461
"ENSRNOG00000003668",0
"ENSRNOG00000020626",236
"ENSRNOG00000062912",0
"ENSRNOG00000036698",2265
"ENSRNOG00000002810",8
"ENSRNOG00000020753",269
"ENSRNOG00000022071",9
"ENSRNOG00000014742",444
"ENSRNOG00000021615",201
"ENSRNOG00000027196",0
"ENSRNOG00000031213",337
"ENSRNOG00000003244",26
"ENSRNOG00000003669",427
"ENSRNOG00000009473",268
"ENSRNOG00000004139",1108
"ENSRNOG00000021578",69
"ENSRNOG00000048389",146
"ENSRNOG00000004291",15838
"ENSRNOG00000061270",1612
"ENSRNOG00000003268",1648
"ENSRNOG00000020067",181
"ENSRNOG00000002793",0
"ENSRNOG00000010635",1997
"ENSRNOG00000003239",494
"ENSRNOG00000003343",10039
"ENSRNOG00000005659",336
"ENSRNOG00000020488",309
"ENSRNOG00000046076",1
"ENSRNOG00000020630",0
"ENSRNOG00000022244",0
"ENSRNOG00000065974",243
"ENSRNOG00000003068",113
"ENSRNOG00000003217",2575
"ENSRNOG00000023428",4
"ENSRNOG00000002795",921
"ENSRNOG00000036680",0
"ENSRNOG00000009681",1268
"ENSRNOG00000003785",6
"ENSRNOG00000003147",6968
"ENSRNOG00000020140",1161
"ENSRNOG00000003905",785
"ENSRNOG00000029886",0
"ENSRNOG00000004598",78
"ENSRNOG00000068010",0
"ENSRNOG00000036894",611
"ENSRNOG00000002851",644
"ENSRNOG00000067144",0
"ENSRNOG00000049062",369
"ENSRNOG00000067173",3
"ENSRNOG00000029205",172
"ENSRNOG00000020747",0
"ENSRNOG00000019930",211
"ENSRNOG00000030517",40
"ENSRNOG00000070249",5
"ENSRNOG00000002903",2275
"ENSRNOG00000002644",297
"ENSRNOG00000000233",0
"ENSRNOG00000047321",6
"ENSRNOG00000014070",2
"ENSRNOG00000004834",96
"ENSRNOG00000028114",0
"ENSRNOG00000022615",292
"ENSRNOG00000024780",148
"ENSRNOG00000020006",72
"ENSRNOG00000020717",229
"ENSRNOG00000012705",697
"ENSRNOG00000068780",1
"ENSRNOG00000003235",1180
"ENSRNOG00000018693",3
"ENSRNOG00000015002",12
"ENSRNOG00000003033",378
"ENSRNOG00000004137",388
"ENSRNOG00000004225",6
"ENSRNOG00000015692",1090
"ENSRNOG00000003834",776
"ENSRNOG00000020374",1134
"ENSRNOG00000004142",3
"ENSRNOG00000003108",154
"ENSRNOG00000029678",57
"ENSRNOG00000006000",1206
"ENSRNOG00000021287",93
"ENSRNOG00000003144",729
"ENSRNOG00000042720",619
"ENSRNOG00000049758",179
"ENSRNOG00000015975",225
"ENSRNOG00000004217",722
"ENSRNOG00000003671",0
"ENSRNOG00000056954",1674
"ENSRNOG00000060193",0
"ENSRNOG00000049988",448
"ENSRNOG00000054498",2
"ENSRNOG00000002922",24
"ENSRNOG00000030750",71
"ENSRNOG00000020541",307
"ENSRNOG00000025143",1
"ENSRNOG00000043381",132
"ENSRNOG00000028430",0
"ENSRNOG00000002970",96
"ENSRNOG00000015669",168
"ENSRNOG00000029930",0
"ENSRNOG00000068382",0
"ENSRNOG00000030344",0
"ENSRNOG00000043507",0
"ENSRNOG00000020571",136
"ENSRNOG00000024711",859
"ENSRNOG00000015057",0
"ENSRNOG00000002977",233
"ENSRNOG00000020536",0
"ENSRNOG00000042445",5
"ENSRNOG00000019268",454
"ENSRNOG00000005365",16
"ENSRNOG00000003050",1678
"ENSRNOG00000032768",263
"ENSRNOG00000020644",4
"ENSRNOG00000012818",753
"ENSRNOG00000011907",1
"ENSRNOG00000019551",144
"ENSRNOG00000028699",117
"ENSRNOG00000028812",4
"ENSRNOG00000027852",1
"ENSRNOG00000031422",0
"ENSRNOG00000005107",219
"ENSRNOG00000064091",0
"ENSRNOG00000003491",905
"ENSRNOG00000002486",0
"ENSRNOG00000034087",0
"ENSRNOG00000028834",5374
"ENSRNOG00000009896",380
"ENSRNOG00000052096",135
"ENSRNOG00000063155",0
"ENSRNOG00000049642",1
"ENSRNOG00000003661",5849
"ENSRNOG00000013896",0
"ENSRNOG00000007988",421
"ENSRNOG00000026508",3
"ENSRNOG00000069386",1
"ENSRNOG00000020594",1017
"ENSRNOG00000065101",0
"ENSRNOG00000014519",29
"ENSRNOG00000005482",594
"ENSRNOG00000031525",292
"ENSRNOG00000012657",0
"ENSRNOG00000002474",94
"ENSRNOG00000023476",0
"ENSRNOG00000068861",0
"ENSRNOG00000068424",0
"ENSRNOG00000014689",1010
"ENSRNOG00000005465",42
"ENSRNOG00000042691",378
"ENSRNOG00000066540",0
"ENSRNOG00000065244",0
"ENSRNOG00000012973",0
"ENSRNOG00000045669",0
"ENSRNOG00000003650",377
"ENSRNOG00000065399",0
"ENSRNOG00000005042",174
"ENSRNOG00000065268",0
"ENSRNOG00000014698",55
"ENSRNOG00000036688",8160
"ENSRNOG00000068465",0
"ENSRNOG00000032152",1075
"ENSRNOG00000026803",0
"ENSRNOG00000004049",1127
"ENSRNOG00000004510",1652
"ENSRNOG00000008065",128
"ENSRNOG00000067675",0
"ENSRNOG00000066975",0
"ENSRNOG00000056837",1958
"ENSRNOG00000055246",5225
"ENSRNOG00000009351",842
"ENSRNOG00000032417",62
"ENSRNOG00000067840",0
"ENSRNOG00000003536",385
"ENSRNOG00000066770",8
"ENSRNOG00000068575",4
"ENSRNOG00000004392",9
"ENSRNOG00000019604",298
"ENSRNOG00000063756",0
"ENSRNOG00000063867",0
"ENSRNOG00000061733",152
"ENSRNOG00000067153",0
"ENSRNOG00000002818",1157
"ENSRNOG00000036660",300
"ENSRNOG00000067043",0
"ENSRNOG00000003508",1842
"ENSRNOG00000045889",0
"ENSRNOG00000036678",378
"ENSRNOG00000062768",0
"ENSRNOG00000006557",19
"ENSRNOG00000071118",0
"ENSRNOG00000002918",0
"ENSRNOG00000070201",713
"ENSRNOG00000063936",62
"ENSRNOG00000050547",1378
"ENSRNOG00000002905",0
"ENSRNOG00000019522",160
"ENSRNOG00000005620",5
"ENSRNOG00000000237",261
"ENSRNOG00000013728",111
"ENSRNOG00000003070",203
"ENSRNOG00000003330",680
"ENSRNOG00000036687",203
"ENSRNOG00000019612",44
"ENSRNOG00000019074",0
"ENSRNOG00000047314",255
"ENSRNOG00000007943",0
"ENSRNOG00000057490",0
"ENSRNOG00000009716",568
"ENSRNOG00000036686",984
"ENSRNOG00000059827",4
"ENSRNOG00000000250",235
"ENSRNOG00000009566",1201
"ENSRNOG00000065571",0
"ENSRNOG00000052115",0
"ENSRNOG00000068310",0
"ENSRNOG00000022331",2
"ENSRNOG00000002331",42
"ENSRNOG00000000239",635
"ENSRNOG00000057120",0
"ENSRNOG00000033559",0
"ENSRNOG00000066039",0
"ENSRNOG00000050205",117
"ENSRNOG00000055390",2
"ENSRNOG00000066549",213
"ENSRNOG00000007335",13
"ENSRNOG00000028103",1881
"ENSRNOG00000057077",0
"ENSRNOG00000019308",49
"ENSRNOG00000003005",0
"ENSRNOG00000070608",0
"ENSRNOG00000019684",90
"ENSRNOG00000004214",780
"ENSRNOG00000027871",145
"ENSRNOG00000057538",0
"ENSRNOG00000062399",0
"ENSRNOG00000063001",0
"ENSRNOG00000066417",0
"ENSRNOG00000007931",0
"ENSRNOG00000069492",299
"ENSRNOG00000053353",7
"ENSRNOG00000011196",0
"ENSRNOG00000019692",125
"ENSRNOG00000066319",0
"ENSRNOG00000067236",0
"ENSRNOG00000003971",0
"ENSRNOG00000045636",6789
"ENSRNOG00000007869",0
"ENSRNOG00000069081",2
"ENSRNOG00000027849",252
"ENSRNOG00000029768",2
"ENSRNOG00000062670",0
"ENSRNOG00000030680",7792
"ENSRNOG00000066058",0
"ENSRNOG00000060666",0
"ENSRNOG00000022248",59
"ENSRNOG00000067059",0
"ENSRNOG00000006549",2
"ENSRNOG00000012929",1349
"ENSRNOG00000069600",3
"ENSRNOG00000055125",0
"ENSRNOG00000058960",0
"ENSRNOG00000003992",0
"ENSRNOG00000060944",0
"ENSRNOG00000065856",2
"ENSRNOG00000011846",0
"ENSRNOG00000006148",4185
"ENSRNOG00000036683",154
"ENSRNOG00000069565",0
"ENSRNOG00000021316",2611
"ENSRNOG00000062714",647
"ENSRNOG00000060061",0
"ENSRNOG00000010291",371
"ENSRNOG00000003897",274878
"ENSRNOG00000061486",0
"ENSRNOG00000045926",0
"ENSRNOG00000018247",36
"ENSRNOG00000035503",0
"ENSRNOG00000007255",27
"ENSRNOG00000004956",281
"ENSRNOG00000032825",28792
"ENSRNOG00000063769",0
"ENSRNOG00000043295",465
"ENSRNOG00000051159",1
"ENSRNOG00000035459",0
"ENSRNOG00000063310",0
"ENSRNOG00000036697",1291
"ENSRNOG00000035466",0
"ENSRNOG00000005821",0
"ENSRNOG00000010244",71
"ENSRNOG00000035476",0
"ENSRNOG00000004395",1909
"ENSRNOG00000014209",554
"ENSRNOG00000035633",0
"ENSRNOG00000068707",0
"ENSRNOG00000027787",33
"ENSRNOG00000032902",9498
"ENSRNOG00000036693",662
"ENSRNOG00000068960",0
"ENSRNOG00000056356",0
"ENSRNOG00000064065",0
"ENSRNOG00000005389",1022
"ENSRNOG00000035535",2
"ENSRNOG00000014354",294
"ENSRNOG00000038478",48
"ENSRNOG00000020729",244
"ENSRNOG00000046587",1
"ENSRNOG00000011060",328
"ENSRNOG00000049361",114
"ENSRNOG00000035481",0
"ENSRNOG00000055773",0
"ENSRNOG00000004518",49
"ENSRNOG00000047135",0
"ENSRNOG00000036701",14763
"ENSRNOG00000035658",0
"ENSRNOG00000069128",0
"ENSRNOG00000064064",0
"ENSRNOG00000005024",798
"ENSRNOG00000008711",759
"ENSRNOG00000035516",5
"ENSRNOG00000042869",1162
"ENSRNOG00000035519",3
"ENSRNOG00000067979",4485
"ENSRNOG00000003243",647
"ENSRNOG00000003304",1
"ENSRNOG00000035480",71
"ENSRNOG00000070990",0
"ENSRNOG00000049542",0
"ENSRNOG00000036700",10
"ENSRNOG00000007301",0
"ENSRNOG00000003633",0
"ENSRNOG00000047814",0
"ENSRNOG00000003476",14
"ENSRNOG00000036672",5
"ENSRNOG00000064663",0
"ENSRNOG00000035537",0
"ENSRNOG00000003683",0
"ENSRNOG00000069468",0
"ENSRNOG00000011452",603
"ENSRNOG00000035539",0
"ENSRNOG00000017473",30
"ENSRNOG00000070746",0
"ENSRNOG00000004741",20762
"ENSRNOG00000043969",0
"ENSRNOG00000000244",106
"ENSRNOG00000069932",22
"ENSRNOG00000024591",3
"ENSRNOG00000065444",0
"ENSRNOG00000001512",0
"ENSRNOG00000049077",0
"ENSRNOG00000020769",827
"ENSRNOG00000050512",0
"ENSRNOG00000065345",2695
"ENSRNOG00000036692",20
"ENSRNOG00000033508",750
"ENSRNOG00000033492",0
"ENSRNOG00000035655",0
"ENSRNOG00000006375",1261
"ENSRNOG00000071127",0
"ENSRNOG00000035586",4
"ENSRNOG00000050657",257
"ENSRNOG00000036258",0
"ENSRNOG00000036699",131
"ENSRNOG00000026714",0
"ENSRNOG00000004805",29
"ENSRNOG00000047763",0
"ENSRNOG00000009972",1834
"ENSRNOG00000002935",2281
"ENSRNOG00000026695",0
"ENSRNOG00000050490",24
"ENSRNOG00000035620",186
"ENSRNOG00000070328",117
"ENSRNOG00000067605",0
"ENSRNOG00000069117",314
"ENSRNOG00000002831",38
"ENSRNOG00000004616",5250
"ENSRNOG00000066919",37
"ENSRNOG00000047296",1731
"ENSRNOG00000008635",172
"ENSRNOG00000046598",27
"ENSRNOG00000027212",0
"ENSRNOG00000006500",139
"ENSRNOG00000003634",209
"ENSRNOG00000065739",678
"ENSRNOG00000023375",2242
"ENSRNOG00000003210",0
"ENSRNOG00000035638",0
"ENSRNOG00000068691",11
"ENSRNOG00000008707",2
"ENSRNOG00000050007",0
"ENSRNOG00000003338",2826
"ENSRNOG00000070061",0
"ENSRNOG00000035510",0
"ENSRNOG00000036661",73
"ENSRNOG00000035647",0
"ENSRNOG00000037712",0
"ENSRNOG00000035465",0
"ENSRNOG00000003269",1480
"ENSRNOG00000020792",251
"ENSRNOG00000046282",26
"ENSRNOG00000064074",5
"ENSRNOG00000036260",0
"ENSRNOG00000026548",0
"ENSRNOG00000047717",0
"ENSRNOG00000061193",0
"ENSRNOG00000002338",67
"ENSRNOG00000016596",4165
"ENSRNOG00000010031",2
"ENSRNOG00000005975",23
"ENSRNOG00000004093",1246
"ENSRNOG00000006519",898
"ENSRNOG00000064962",0
"ENSRNOG00000064206",0
"ENSRNOG00000006513",126
"ENSRNOG00000068272",0
"ENSRNOG00000007292",25
"ENSRNOG00000002807",4657
"ENSRNOG00000031315",2256
"ENSRNOG00000007159",645
"ENSRNOG00000006868",1299
"ENSRNOG00000002626",0
"ENSRNOG00000004075",0
"ENSRNOG00000006943",86
"ENSRNOG00000067946",0
"ENSRNOG00000019713",442
"ENSRNOG00000027006",578
"ENSRNOG00000066270",0
"ENSRNOG00000005828",3571
"ENSRNOG00000066312",0
"ENSRNOG00000068958",0
"ENSRNOG00000066700",0
"ENSRNOG00000019729",1101
"ENSRNOG00000036668",165
"ENSRNOG00000017781",1120
"ENSRNOG00000065934",0
"ENSRNOG00000003117",629
"ENSRNOG00000019798",555
"ENSRNOG00000005569",81
"ENSRNOG00000019898",0
"ENSRNOG00000062967",0
"ENSRNOG00000036667",135
"ENSRNOG00000005872",262
"ENSRNOG00000070741",0
"ENSRNOG00000019921",2
"ENSRNOG00000010302",24
"ENSRNOG00000024233",0
"ENSRNOG00000048660",150
"ENSRNOG00000005575",0
"ENSRNOG00000068508",0
"ENSRNOG00000008891",449
"ENSRNOG00000064827",0
"ENSRNOG00000015329",291
"ENSRNOG00000051302",0
"ENSRNOG00000022232",0
"ENSRNOG00000036666",538
"ENSRNOG00000070911",0
"ENSRNOG00000037613",981
"ENSRNOG00000061008",0
"ENSRNOG00000008704",790
"ENSRNOG00000067583",0
"ENSRNOG00000002835",484
"ENSRNOG00000003245",0
"ENSRNOG00000003399",1890
"ENSRNOG00000067961",0
"ENSRNOG00000018095",558
"ENSRNOG00000061979",1
"ENSRNOG00000022582",206
"ENSRNOG00000008405",69
"ENSRNOG00000036658",729
"ENSRNOG00000034180",4680
"ENSRNOG00000006932",0
"ENSRNOG00000025370",4
"ENSRNOG00000068278",0
"ENSRNOG00000003969",2
"ENSRNOG00000050113",8
"ENSRNOG00000029115",7
"ENSRNOG00000005515",77
"ENSRNOG00000070367",0
"ENSRNOG00000019778",417
"ENSRNOG00000068243",229
"ENSRNOG00000016109",294
"ENSRNOG00000023182",183
"ENSRNOG00000030170",87
"ENSRNOG00000017001",235
"ENSRNOG00000030217",1
"ENSRNOG00000004563",3266
"ENSRNOG00000046482",1
"ENSRNOG00000037114",1
"ENSRNOG00000023381",48
"ENSRNOG00000062983",7
"ENSRNOG00000018364",965
"ENSRNOG00000062464",0
"ENSRNOG00000067083",333
"ENSRNOG00000003800",1
"ENSRNOG00000031560",996
"ENSRNOG00000068230",0
"ENSRNOG00000020837",0
"ENSRNOG00000049724",144
"ENSRNOG00000006796",58
"ENSRNOG00000004820",1421
"ENSRNOG00000029479",0
"ENSRNOG00000027511",133
"ENSRNOG00000021731",23
"ENSRNOG00000069860",0
"ENSRNOG00000016360",548
"ENSRNOG00000007578",197
"ENSRNOG00000020701",157
"ENSRNOG00000042912",73
"ENSRNOG00000023683",1
"ENSRNOG00000009066",639
"ENSRNOG00000034060",0
"ENSRNOG00000007462",6358
"ENSRNOG00000036921",247
"ENSRNOG00000016478",1348
"ENSRNOG00000031579",6303
"ENSRNOG00000012240",2690
"ENSRNOG00000030491",0
"ENSRNOG00000056057",0
"ENSRNOG00000022375",32
"ENSRNOG00000036659",1
"ENSRNOG00000048187",72
"ENSRNOG00000017117",13
"ENSRNOG00000051691",0
"ENSRNOG00000067101",0
"ENSRNOG00000024041",16
"ENSRNOG00000020730",4847
"ENSRNOG00000042473",0
"ENSRNOG00000009329",1479
"ENSRNOG00000045678",0
"ENSRNOG00000006565",0
"ENSRNOG00000049383",0
"ENSRNOG00000004430",87
"ENSRNOG00000060205",0
"ENSRNOG00000012544",0
"ENSRNOG00000017226",93
"ENSRNOG00000054186",0
"ENSRNOG00000012955",0
"ENSRNOG00000063373",1270
"ENSRNOG00000052388",1
"ENSRNOG00000004132",4770
"ENSRNOG00000053283",0
"ENSRNOG00000007431",479
"ENSRNOG00000063772",0
"ENSRNOG00000006293",0
"ENSRNOG00000065269",0
"ENSRNOG00000036882",2
"ENSRNOG00000060847",0
"ENSRNOG00000022395",1127
"ENSRNOG00000003777",9
"ENSRNOG00000005392",0
"ENSRNOG00000061130",0
"ENSRNOG00000058172",0
"ENSRNOG00000027341",0
"ENSRNOG00000042847",2
"ENSRNOG00000034110",0
"ENSRNOG00000027139",0
"ENSRNOG00000064993",0
"ENSRNOG00000033065",581
"ENSRNOG00000042701",0
"ENSRNOG00000025959",4
"ENSRNOG00000002425",13
"ENSRNOG00000036662",1205
"ENSRNOG00000021536",44
"ENSRNOG00000014870",22
"ENSRNOG00000032329",0
"ENSRNOG00000036691",1047
"ENSRNOG00000066223",5
"ENSRNOG00000003256",10098
"ENSRNOG00000036690",0
"ENSRNOG00000020894",3063
"ENSRNOG00000047026",0
"ENSRNOG00000004976",0
"ENSRNOG00000007624",0
"ENSRNOG00000062373",99
"ENSRNOG00000025338",947
"ENSRNOG00000007652",0
"ENSRNOG00000007739",941
"ENSRNOG00000003349",0
"ENSRNOG00000066543",7
"ENSRNOG00000019183",3
"ENSRNOG00000007419",4617
"ENSRNOG00000071073",0
"ENSRNOG00000022555",23
"ENSRNOG00000036689",27962
"ENSRNOG00000012121",692
"ENSRNOG00000023551",18
"ENSRNOG00000070553",3
"ENSRNOG00000003714",223
"ENSRNOG00000036798",856
"ENSRNOG00000059894",180
"ENSRNOG00000046493",371
"ENSRNOG00000048125",0
"ENSRNOG00000011887",4619
"ENSRNOG00000053469",179
"ENSRNOG00000068705",0
"ENSRNOG00000014973",44
"ENSRNOG00000049162",8
"ENSRNOG00000011986",0
"ENSRNOG00000004278",1
"ENSRNOG00000052219",3797
"ENSRNOG00000046086",4
"ENSRNOG00000036796",0
"ENSRNOG00000066153",0
"ENSRNOG00000026786",0
"ENSRNOG00000013754",0
"ENSRNOG00000018829",5346
"ENSRNOG00000031805",0
"ENSRNOG00000003241",0
"ENSRNOG00000047656",7083
"ENSRNOG00000011777",101
"ENSRNOG00000047517",50
"ENSRNOG00000047933",191
"ENSRNOG00000020751",78
"ENSRNOG00000003781",0
"ENSRNOG00000010520",336
"ENSRNOG00000048712",176
"ENSRNOG00000049235",415
"ENSRNOG00000027037",4
"ENSRNOG00000021851",0
"ENSRNOG00000006494",53
"ENSRNOG00000007377",207
"ENSRNOG00000007455",0
"ENSRNOG00000036696",1917
"ENSRNOG00000003645",1443
"ENSRNOG00000002948",308
"ENSRNOG00000003865",0
"ENSRNOG00000010756",2932
"ENSRNOG00000003802",170
"ENSRNOG00000063470",814
"ENSRNOG00000053448",4175
"ENSRNOG00000057443",0
"ENSRNOG00000047396",155
"ENSRNOG00000003822",475
"ENSRNOG00000036670",0
"ENSRNOG00000046946",0
"ENSRNOG00000050794",115
"ENSRNOG00000026596",0
"ENSRNOG00000003177",869
"ENSRNOG00000021310",2
"ENSRNOG00000018715",0
"ENSRNOG00000047531",379
"ENSRNOG00000008432",157
"ENSRNOG00000003870",282
"ENSRNOG00000018785",33
"ENSRNOG00000060087",98
"ENSRNOG00000069239",53
"ENSRNOG00000066879",0
"ENSRNOG00000036677",17
"ENSRNOG00000067425",60
"ENSRNOG00000070056",0
"ENSRNOG00000003893",8
"ENSRNOG00000046195",14
"ENSRNOG00000018748",24
"ENSRNOG00000036676",1545
"ENSRNOG00000003902",0
"ENSRNOG00000020238",152
"ENSRNOG00000003569",0
"ENSRNOG00000008144",397
"ENSRNOG00000037097",0
"ENSRNOG00000059956",0
"ENSRNOG00000003512",8
"ENSRNOG00000037100",3
"ENSRNOG00000046202",137
"ENSRNOG00000010970",2
"ENSRNOG00000003980",1018
"ENSRNOG00000055466",1773
"ENSRNOG00000013588",1
"ENSRNOG00000021903",111
"ENSRNOG00000062661",19
"ENSRNOG00000020951",1
"ENSRNOG00000003086",390
"ENSRNOG00000003680",0
"ENSRNOG00000036674",2
"ENSRNOG00000006994",0
"ENSRNOG00000036664",511
"ENSRNOG00000004000",103
"ENSRNOG00000004380",0
"ENSRNOG00000004477",972
"ENSRNOG00000012557",0
"ENSRNOG00000060914",700
"ENSRNOG00000036684",510
"ENSRNOG00000005539",235
"ENSRNOG00000004404",0
"ENSRNOG00000005538",3316
"ENSRNOG00000005450",237
"ENSRNOG00000043422",0
"ENSRNOG00000003899",6
"ENSRNOG00000006098",0
"ENSRNOG00000021345",0
"ENSRNOG00000067141",78
"ENSRNOG00000007515",284
"ENSRNOG00000003276",11259
"ENSRNOG00000064511",0
"ENSRNOG00000028845",256
"ENSRNOG00000029658",1903
"ENSRNOG00000042265",0
"ENSRNOG00000059683",330
"ENSRNOG00000002372",5
"ENSRNOG00000014370",0
"ENSRNOG00000013780",1216
"ENSRNOG00000020770",45
"ENSRNOG00000003524",2831
"ENSRNOG00000067540",0
"ENSRNOG00000003936",352
"ENSRNOG00000026371",0
"ENSRNOG00000070607",0
"ENSRNOG00000012575",7
"ENSRNOG00000038894",0
"ENSRNOG00000062939",0
"ENSRNOG00000048747",234
"ENSRNOG00000031443",0
"ENSRNOG00000027803",0
"ENSRNOG00000019496",550
"ENSRNOG00000006965",4802
"ENSRNOG00000005406",1123
"ENSRNOG00000024420",10
"ENSRNOG00000002470",165
"ENSRNOG00000007218",0
"ENSRNOG00000068579",0
"ENSRNOG00000045961",90
"ENSRNOG00000031138",448
"ENSRNOG00000020772",558
"ENSRNOG00000014107",4
"ENSRNOG00000032396",0
"ENSRNOG00000021425",0
"ENSRNOG00000004276",1305
"ENSRNOG00000014125",4
"ENSRNOG00000065527",0
"ENSRNOG00000003699",120
"ENSRNOG00000022764",131
"ENSRNOG00000051084",0
"ENSRNOG00000070227",0
"ENSRNOG00000066744",0
"ENSRNOG00000002469",65
"ENSRNOG00000067505",0
"ENSRNOG00000065844",38
"ENSRNOG00000019742",8333
"ENSRNOG00000046186",87
"ENSRNOG00000004014",164
"ENSRNOG00000065754",0
"ENSRNOG00000010906",3
"ENSRNOG00000064581",0
"ENSRNOG00000058308",8
"ENSRNOG00000048210",0
"ENSRNOG00000036663",2031
"ENSRNOG00000068423",0
"ENSRNOG00000067203",4
"ENSRNOG00000046377",0
"ENSRNOG00000068274",2812
"ENSRNOG00000069777",0
"ENSRNOG00000069499",0
"ENSRNOG00000000236",4042
"ENSRNOG00000003724",199
"ENSRNOG00000020658",193
"ENSRNOG00000036671",0
"ENSRNOG00000028548",2
"ENSRNOG00000051756",425
"ENSRNOG00000050298",452
"ENSRNOG00000050347",285
"ENSRNOG00000064665",0
"ENSRNOG00000002778",188
"ENSRNOG00000023768",312
"ENSRNOG00000069495",1
"ENSRNOG00000020674",3993
"ENSRNOG00000063667",0
"ENSRNOG00000030021",0
"ENSRNOG00000046698",1565
"ENSRNOG00000068826",1683
"ENSRNOG00000022536",1
"ENSRNOG00000020678",190
"ENSRNOG00000011205",0
"ENSRNOG00000065390",5
"ENSRNOG00000047905",216
"ENSRNOG00000020684",4567
"ENSRNOG00000011406",0
"ENSRNOG00000020698",178
"ENSRNOG00000009709",2
"ENSRNOG00000036814",2056
"ENSRNOG00000065745",148
"ENSRNOG00000070851",24
"ENSRNOG00000037148",0
"ENSRNOG00000021044",1339
"ENSRNOG00000021412",1269
"ENSRNOG00000033765",4767
"ENSRNOG00000014740",0
"ENSRNOG00000063847",340
"ENSRNOG00000014819",18
"ENSRNOG00000037113",955
"ENSRNOG00000003198",0
"ENSRNOG00000015380",4874
"ENSRNOG00000002916",1
"ENSRNOG00000065385",0
"ENSRNOG00000015787",1081
"ENSRNOG00000048053",32
"ENSRNOG00000057092",21
"ENSRNOG00000063541",0
"ENSRNOG00000015941",7290
"ENSRNOG00000030091",368
"ENSRNOG00000018568",3521
"ENSRNOG00000008191",31
"ENSRNOG00000032135",9
"ENSRNOG00000008313",54
"ENSRNOG00000021357",29
"ENSRNOG00000018790",1
"ENSRNOG00000021815",1162
"ENSRNOG00000016475",568
"ENSRNOG00000008365",211
"ENSRNOG00000008506",0
"ENSRNOG00000027901",234
"ENSRNOG00000016749",4
"ENSRNOG00000018892",0
"ENSRNOG00000018906",53
"ENSRNOG00000016921",515
"ENSRNOG00000007596",448
"ENSRNOG00000019075",669
"ENSRNOG00000056248",4653
"ENSRNOG00000029668",0
"ENSRNOG00000002497",0
"ENSRNOG00000066869",0
"ENSRNOG00000003285",41
"ENSRNOG00000027860",418
"ENSRNOG00000016924",2188
"ENSRNOG00000002598",4
"ENSRNOG00000027857",97
"ENSRNOG00000020879",0
"ENSRNOG00000002852",159
"ENSRNOG00000054581",261
"ENSRNOG00000063476",54
"ENSRNOG00000002753",1
"ENSRNOG00000021719",1034
"ENSRNOG00000049757",0
"ENSRNOG00000042025",5
"ENSRNOG00000047940",72
"ENSRNOG00000057390",0
"ENSRNOG00000053230",578
"ENSRNOG00000070672",0
"ENSRNOG00000002919",8
"ENSRNOG00000004549",1426
"ENSRNOG00000036794",0
"ENSRNOG00000005447",1164
"ENSRNOG00000042833",184
"ENSRNOG00000066876",97
"ENSRNOG00000030445",609
"ENSRNOG00000003679",2536
"ENSRNOG00000057880",74
"ENSRNOG00000017496",1064
"ENSRNOG00000047546",0
"ENSRNOG00000003501",0
"ENSRNOG00000059997",46
"ENSRNOG00000068963",154
"ENSRNOG00000032381",1129
"ENSRNOG00000008264",1
"ENSRNOG00000019830",20
"ENSRNOG00000008287",134
"ENSRNOG00000058007",930
"ENSRNOG00000019918",296
"ENSRNOG00000003576",441
"ENSRNOG00000027654",1332
"ENSRNOG00000003164",0
"ENSRNOG00000019983",1069
"ENSRNOG00000006198",79
"ENSRNOG00000067470",159
"ENSRNOG00000003151",820
"ENSRNOG00000025981",30
"ENSRNOG00000053309",168
"ENSRNOG00000028569",5
"ENSRNOG00000023698",13
"ENSRNOG00000020022",117
"ENSRNOG00000002542",510
"ENSRNOG00000020056",1291
"ENSRNOG00000020213",318
"ENSRNOG00000030521",0
"ENSRNOG00000022305",751
"ENSRNOG00000007845",998
"ENSRNOG00000003805",949
"ENSRNOG00000003919",648
"ENSRNOG00000008310",0
"ENSRNOG00000003143",2
"ENSRNOG00000003329",299
"ENSRNOG00000009466",0
"ENSRNOG00000064754",3812
"ENSRNOG00000032482",16
"ENSRNOG00000061035",1
"ENSRNOG00000033655",0
"ENSRNOG00000002564",0
"ENSRNOG00000069050",0
"ENSRNOG00000064553",1111
"ENSRNOG00000028883",115
"ENSRNOG00000067846",0
"ENSRNOG00000070173",0
"ENSRNOG00000049118",0
"ENSRNOG00000065501",0
"ENSRNOG00000068615",0
"ENSRNOG00000069687",0
"ENSRNOG00000047259",0
"ENSRNOG00000014727",161
"ENSRNOG00000065484",0
"ENSRNOG00000017586",1081
"ENSRNOG00000064619",400
"ENSRNOG00000029706",8
"ENSRNOG00000015303",0
"ENSRNOG00000071157",0
"ENSRNOG00000051163",0
"ENSRNOG00000063521",0
"ENSRNOG00000064611",4
"ENSRNOG00000069394",77
"ENSRNOG00000031313",1399
"ENSRNOG00000058024",0
"ENSRNOG00000003635",658
"ENSRNOG00000003515",2000
"ENSRNOG00000050163",16
"ENSRNOG00000003601",1
"ENSRNOG00000003468",1
"ENSRNOG00000008492",198
"ENSRNOG00000008425",3168
"ENSRNOG00000003629",452
"ENSRNOG00000064146",0
"ENSRNOG00000026400",1
"ENSRNOG00000003480",0
"ENSRNOG00000039568",0
"ENSRNOG00000060544",2892
"ENSRNOG00000003625",2937
"ENSRNOG00000056400",0
"ENSRNOG00000008937",3054
"ENSRNOG00000000053",0
"ENSRNOG00000028624",139
"ENSRNOG00000005807",58
"ENSRNOG00000003717",1176
"ENSRNOG00000003884",1
"ENSRNOG00000005988",2782
"ENSRNOG00000064255",0
"ENSRNOG00000003723",5120
"ENSRNOG00000051548",892
"ENSRNOG00000007369",3229
"ENSRNOG00000021586",13
"ENSRNOG00000003453",8
"ENSRNOG00000070301",0
"ENSRNOG00000070079",0
"ENSRNOG00000009144",0
"ENSRNOG00000025069",0
"ENSRNOG00000032490",0
"ENSRNOG00000006330",1
"ENSRNOG00000002414",17
"ENSRNOG00000069109",1
"ENSRNOG00000002595",0
"ENSRNOG00000009086",0
"ENSRNOG00000023209",2096
"ENSRNOG00000002319",1234
"ENSRNOG00000033734",133
"ENSRNOG00000062700",0
"ENSRNOG00000025701",1069
"ENSRNOG00000002841",5574
"ENSRNOG00000008054",12
"ENSRNOG00000006720",1627
"ENSRNOG00000007261",167
"ENSRNOG00000004678",0
"ENSRNOG00000059073",0
"ENSRNOG00000007040",581
"ENSRNOG00000003681",4
"ENSRNOG00000006237",4
"ENSRNOG00000022884",0
"ENSRNOG00000009068",1736
"ENSRNOG00000004099",5475
"ENSRNOG00000063881",0
"ENSRNOG00000042451",330
"ENSRNOG00000038286",0
"ENSRNOG00000003952",44
"ENSRNOG00000000055",0
"ENSRNOG00000002309",194
"ENSRNOG00000003403",1339
"ENSRNOG00000003223",5972
"ENSRNOG00000002376",1909
"ENSRNOG00000010204",819
"ENSRNOG00000061764",0
"ENSRNOG00000003743",1204
"ENSRNOG00000034015",2214
"ENSRNOG00000062538",0
"ENSRNOG00000003211",535
"ENSRNOG00000067763",0
"ENSRNOG00000003614",191
"ENSRNOG00000068754",0
"ENSRNOG00000009073",0
"ENSRNOG00000009177",0
"ENSRNOG00000003979",156
"ENSRNOG00000049477",0
"ENSRNOG00000031934",1564
"ENSRNOG00000009141",0
"ENSRNOG00000004125",6
"ENSRNOG00000032352",0
"ENSRNOG00000003653",964
"ENSRNOG00000008736",58
"ENSRNOG00000004405",0
"ENSRNOG00000008741",1926
"ENSRNOG00000002440",610
"ENSRNOG00000023130",376
"ENSRNOG00000004441",0
"ENSRNOG00000003709",0
"ENSRNOG00000025948",3
"ENSRNOG00000004066",6
"ENSRNOG00000004003",169
"ENSRNOG00000058643",857
"ENSRNOG00000004470",0
"ENSRNOG00000002538",240
"ENSRNOG00000003237",704
"ENSRNOG00000025571",6
"ENSRNOG00000064024",534
"ENSRNOG00000008668",2
"ENSRNOG00000046231",4
"ENSRNOG00000056781",0
"ENSRNOG00000003703",457
"ENSRNOG00000004737",2017
"ENSRNOG00000022387",0
"ENSRNOG00000002322",14
"ENSRNOG00000003866",0
"ENSRNOG00000025731",5821
"ENSRNOG00000004341",24
"ENSRNOG00000030059",0
"ENSRNOG00000002625",675
"ENSRNOG00000004062",8
"ENSRNOG00000066161",0
"ENSRNOG00000069658",0
"ENSRNOG00000026087",0
"ENSRNOG00000067369",117
"ENSRNOG00000025484",85
"ENSRNOG00000003878",0
"ENSRNOG00000003778",0
"ENSRNOG00000070618",0
"ENSRNOG00000060237",21
"ENSRNOG00000048522",1
"ENSRNOG00000056580",0
"ENSRNOG00000002393",7912
"ENSRNOG00000057116",1767
"ENSRNOG00000004633",0
"ENSRNOG00000046889",3859
"ENSRNOG00000056209",58
"ENSRNOG00000039754",190
"ENSRNOG00000025987",0
"ENSRNOG00000066050",1
"ENSRNOG00000045570",25
"ENSRNOG00000069163",1
"ENSRNOG00000006785",1522
"ENSRNOG00000046863",0
"ENSRNOG00000027702",1
"ENSRNOG00000003953",1857
"ENSRNOG00000003973",1436
"ENSRNOG00000010076",930
"ENSRNOG00000049766",3
"ENSRNOG00000037850",1211
"ENSRNOG00000037211",123
"ENSRNOG00000046996",5184
"ENSRNOG00000002450",94
"ENSRNOG00000002418",1536
"ENSRNOG00000047714",0
"ENSRNOG00000006930",143
"ENSRNOG00000046240",0
"ENSRNOG00000004393",0
"ENSRNOG00000025430",0
"ENSRNOG00000032378",5
"ENSRNOG00000002478",131
"ENSRNOG00000039745",7
"ENSRNOG00000002339",302
"ENSRNOG00000069330",0
"ENSRNOG00000004726",3272
"ENSRNOG00000046165",0
"ENSRNOG00000002514",509
"ENSRNOG00000060325",1
"ENSRNOG00000002397",0
"ENSRNOG00000008471",2938
"ENSRNOG00000003365",0
"ENSRNOG00000002627",641
"ENSRNOG00000002549",85
"ENSRNOG00000002504",7
"ENSRNOG00000049303",0
"ENSRNOG00000065208",6
"ENSRNOG00000030481",1
"ENSRNOG00000065043",0
"ENSRNOG00000002512",1178
"ENSRNOG00000004162",416
"ENSRNOG00000069878",0
"ENSRNOG00000003206",10556
"ENSRNOG00000064497",0
"ENSRNOG00000003486",10
"ENSRNOG00000052963",1487
"ENSRNOG00000003518",0
"ENSRNOG00000003521",0
"ENSRNOG00000058805",2399
"ENSRNOG00000021553",677
"ENSRNOG00000066569",0
"ENSRNOG00000057400",0
"ENSRNOG00000066401",0
"ENSRNOG00000029425",183
"ENSRNOG00000049471",3427
"ENSRNOG00000000653",0
"ENSRNOG00000059202",3606
"ENSRNOG00000003537",1
"ENSRNOG00000004756",1
"ENSRNOG00000017113",1428
"ENSRNOG00000068466",0
"ENSRNOG00000061139",110
"ENSRNOG00000064177",504
"ENSRNOG00000068839",0
"ENSRNOG00000003769",0
"ENSRNOG00000025704",174
"ENSRNOG00000003583",612
"ENSRNOG00000030374",126
"ENSRNOG00000022480",0
"ENSRNOG00000064078",0
"ENSRNOG00000042320",1796
"ENSRNOG00000021960",8
"ENSRNOG00000029514",2
"ENSRNOG00000010903",2
"ENSRNOG00000002353",2195
"ENSRNOG00000049641",333
"ENSRNOG00000000036",3
"ENSRNOG00000021984",19
"ENSRNOG00000006963",0
"ENSRNOG00000000657",3678
"ENSRNOG00000002368",1597
"ENSRNOG00000004870",49
"ENSRNOG00000059603",0
"ENSRNOG00000064502",0
"ENSRNOG00000056288",0
"ENSRNOG00000002378",258
"ENSRNOG00000051902",0
"ENSRNOG00000038083",3
"ENSRNOG00000063263",0
"ENSRNOG00000059556",0
"ENSRNOG00000068080",0
"ENSRNOG00000052318",0
"ENSRNOG00000004910",1128
"ENSRNOG00000061872",0
"ENSRNOG00000071135",0
"ENSRNOG00000011063",708
"ENSRNOG00000059085",0
"ENSRNOG00000052517",0
"ENSRNOG00000043201",170
"ENSRNOG00000067939",0
"ENSRNOG00000052399",0
"ENSRNOG00000057511",0
"ENSRNOG00000063797",0
"ENSRNOG00000002653",417
"ENSRNOG00000058901",0
"ENSRNOG00000052029",0
"ENSRNOG00000005342",302
"ENSRNOG00000053218",0
"ENSRNOG00000021411",1
"ENSRNOG00000054237",0
"ENSRNOG00000055999",2
"ENSRNOG00000043374",355
"ENSRNOG00000066200",1
"ENSRNOG00000032812",0
"ENSRNOG00000025100",358
"ENSRNOG00000052146",0
"ENSRNOG00000003185",574
"ENSRNOG00000060279",0
"ENSRNOG00000058188",0
"ENSRNOG00000012318",332
"ENSRNOG00000063090",0
"ENSRNOG00000053445",0
"ENSRNOG00000003738",0
"ENSRNOG00000053385",0
"ENSRNOG00000066304",267
"ENSRNOG00000060764",0
"ENSRNOG00000066591",676
"ENSRNOG00000061817",0
"ENSRNOG00000053634",0
"ENSRNOG00000052155",0
"ENSRNOG00000003388",277
"ENSRNOG00000051737",1
"ENSRNOG00000057562",0
"ENSRNOG00000071166",2
"ENSRNOG00000052065",0
"ENSRNOG00000003716",2
"ENSRNOG00000013312",4
"ENSRNOG00000054095",0
"ENSRNOG00000006733",2323
"ENSRNOG00000051971",0
"ENSRNOG00000046460",167
"ENSRNOG00000059607",0
"ENSRNOG00000033790",4250
"ENSRNOG00000042747",12
"ENSRNOG00000042286",62
"ENSRNOG00000002969",407
"ENSRNOG00000062712",0
"ENSRNOG00000002352",470
"ENSRNOG00000056533",0
"ENSRNOG00000003745",165
"ENSRNOG00000055163",0
"ENSRNOG00000007887",1749
"ENSRNOG00000058390",0
"ENSRNOG00000059242",0
"ENSRNOG00000064320",0
"ENSRNOG00000049633",672
"ENSRNOG00000052815",0
"ENSRNOG00000070331",1
"ENSRNOG00000060068",0
"ENSRNOG00000053413",0
"ENSRNOG00000003895",0
"ENSRNOG00000002369",62
"ENSRNOG00000058078",0
"ENSRNOG00000062770",0
"ENSRNOG00000002593",2
"ENSRNOG00000064784",0
"ENSRNOG00000003722",42
"ENSRNOG00000062926",0
"ENSRNOG00000052543",0
"ENSRNOG00000057985",1
"ENSRNOG00000024657",16
"ENSRNOG00000058929",0
"ENSRNOG00000004524",1071
"ENSRNOG00000055652",0
"ENSRNOG00000002680",25022
"ENSRNOG00000004263",792
"ENSRNOG00000003698",1
"ENSRNOG00000054347",0
"ENSRNOG00000021575",0
"ENSRNOG00000027017",13
"ENSRNOG00000060649",0
"ENSRNOG00000043014",0
"ENSRNOG00000055990",0
"ENSRNOG00000052013",0
"ENSRNOG00000051244",0
"ENSRNOG00000059509",0
"ENSRNOG00000000040",329
"ENSRNOG00000055952",0
"ENSRNOG00000057278",0
"ENSRNOG00000040595",0
"ENSRNOG00000068884",0
"ENSRNOG00000066077",0
"ENSRNOG00000052604",0
"ENSRNOG00000000034",114
"ENSRNOG00000003407",1067
"ENSRNOG00000066057",0
"ENSRNOG00000057270",1
"ENSRNOG00000003283",160
"ENSRNOG00000060253",1
"ENSRNOG00000066867",0
"ENSRNOG00000066388",0
"ENSRNOG00000058970",0
"ENSRNOG00000067954",0
"ENSRNOG00000064773",0
"ENSRNOG00000000033",212
"ENSRNOG00000067097",0
"ENSRNOG00000004481",1506
"ENSRNOG00000061131",1
"ENSRNOG00000066327",1
"ENSRNOG00000062601",0
"ENSRNOG00000002979",7
"ENSRNOG00000054606",0
"ENSRNOG00000063411",0
"ENSRNOG00000067680",0
"ENSRNOG00000042901",0
"ENSRNOG00000056067",0
"ENSRNOG00000057029",0
"ENSRNOG00000000655",0
"ENSRNOG00000021298",891
"ENSRNOG00000052250",0
"ENSRNOG00000060734",0
"ENSRNOG00000062491",0
"ENSRNOG00000052133",0
"ENSRNOG00000047957",263
"ENSRNOG00000069199",0
"ENSRNOG00000036364",0
"ENSRNOG00000035534",4
"ENSRNOG00000003038",2314
"ENSRNOG00000035482",0
"ENSRNOG00000056537",17
"ENSRNOG00000035513",211
"ENSRNOG00000068231",0
"ENSRNOG00000009033",52
"ENSRNOG00000036265",0
"ENSRNOG00000042369",0
"ENSRNOG00000068017",15
"ENSRNOG00000035520",0
"ENSRNOG00000035509",5
"ENSRNOG00000046719",0
"ENSRNOG00000003767",593
"ENSRNOG00000049021",0
"ENSRNOG00000050256",0
"ENSRNOG00000035637",4
"ENSRNOG00000035590",4
"ENSRNOG00000035494",0
"ENSRNOG00000035621",0
"ENSRNOG00000050602",1
"ENSRNOG00000064688",0
"ENSRNOG00000003402",614
"ENSRNOG00000071038",0
"ENSRNOG00000048659",0
"ENSRNOG00000066245",0
"ENSRNOG00000050766",2
"ENSRNOG00000059406",496
"ENSRNOG00000060773",1817
"ENSRNOG00000029556",0
"ENSRNOG00000002936",0
"ENSRNOG00000002544",1761
"ENSRNOG00000003694",0
"ENSRNOG00000030715",2
"ENSRNOG00000003927",115
"ENSRNOG00000003841",0
"ENSRNOG00000066712",1028
"ENSRNOG00000027962",1725
"ENSRNOG00000046139",2
"ENSRNOG00000062084",626
"ENSRNOG00000025862",0
"ENSRNOG00000003925",249
"ENSRNOG00000004423",430
"ENSRNOG00000004402",1157
"ENSRNOG00000009691",1
"ENSRNOG00000070926",3
"ENSRNOG00000003833",843
"ENSRNOG00000003048",848
"ENSRNOG00000003545",116
"ENSRNOG00000002937",0
"ENSRNOG00000003915",176
"ENSRNOG00000002723",3
"ENSRNOG00000070614",0
"ENSRNOG00000023541",1739
"ENSRNOG00000003120",14
"ENSRNOG00000003385",764
"ENSRNOG00000028368",1
"ENSRNOG00000000068",1044
"ENSRNOG00000002776",0
"ENSRNOG00000028353",153
"ENSRNOG00000003434",1152
"ENSRNOG00000004789",579
"ENSRNOG00000003959",0
"ENSRNOG00000070119",14141
"ENSRNOG00000005558",120
"ENSRNOG00000003687",586
"ENSRNOG00000008137",98
"ENSRNOG00000003997",2
"ENSRNOG00000046445",1772
"ENSRNOG00000070924",0
"ENSRNOG00000065694",193
"ENSRNOG00000003084",629
"ENSRNOG00000028493",2194
"ENSRNOG00000010357",9
"ENSRNOG00000002794",2
"ENSRNOG00000007591",5
"ENSRNOG00000005861",19369
"ENSRNOG00000003267",200
"ENSRNOG00000003031",801
"ENSRNOG00000002811",0
"ENSRNOG00000023304",41
"ENSRNOG00000003258",513
"ENSRNOG00000005565",2
"ENSRNOG00000042201",20
"ENSRNOG00000003251",13
"ENSRNOG00000056369",0
"ENSRNOG00000002775",499
"ENSRNOG00000006019",430
"ENSRNOG00000003888",0
"ENSRNOG00000003263",15
"ENSRNOG00000009696",587
"ENSRNOG00000005082",5
"ENSRNOG00000002517",0
"ENSRNOG00000003176",0
"ENSRNOG00000059863",1
"ENSRNOG00000003616",64
"ENSRNOG00000004749",385
"ENSRNOG00000012613",0
"ENSRNOG00000003550",585
"ENSRNOG00000003078",1372
"ENSRNOG00000004195",174
"ENSRNOG00000003247",1081
"ENSRNOG00000029938",927
"ENSRNOG00000069939",0
"ENSRNOG00000002525",410
"ENSRNOG00000024825",6
"ENSRNOG00000022724",2
"ENSRNOG00000007324",32
"ENSRNOG00000047481",0
"ENSRNOG00000003522",381
"ENSRNOG00000002454",1985
"ENSRNOG00000029418",17
"ENSRNOG00000066965",121
"ENSRNOG00000027254",1
"ENSRNOG00000034164",0
"ENSRNOG00000070092",8
"ENSRNOG00000014556",0
"ENSRNOG00000057855",2
"ENSRNOG00000067587",63
"ENSRNOG00000045558",0
"ENSRNOG00000064103",0
"ENSRNOG00000026952",4
"ENSRNOG00000002657",694
"ENSRNOG00000006470",115
"ENSRNOG00000004647",0
"ENSRNOG00000066325",0
"ENSRNOG00000003059",6
"ENSRNOG00000002879",396
"ENSRNOG00000067791",0
"ENSRNOG00000030743",0
"ENSRNOG00000066803",0
"ENSRNOG00000068617",10
"ENSRNOG00000052574",857
"ENSRNOG00000069070",0
"ENSRNOG00000065816",648
"ENSRNOG00000053423",0
"ENSRNOG00000063579",0
"ENSRNOG00000008193",1805
"ENSRNOG00000028072",0
"ENSRNOG00000002705",1081
"ENSRNOG00000066606",14
"ENSRNOG00000063514",3
"ENSRNOG00000066646",0
"ENSRNOG00000004127",7810
"ENSRNOG00000011100",694
"ENSRNOG00000063519",30
"ENSRNOG00000071025",10
"ENSRNOG00000026940",0
"ENSRNOG00000003150",1653
"ENSRNOG00000069730",1
"ENSRNOG00000069894",0
"ENSRNOG00000049560",4339
"ENSRNOG00000062600",0
"ENSRNOG00000070913",0
"ENSRNOG00000071154",0
"ENSRNOG00000062937",0
"ENSRNOG00000053410",9
"ENSRNOG00000021289",744
"ENSRNOG00000066582",48
"ENSRNOG00000003649",1101
"ENSRNOG00000068173",2
"ENSRNOG00000063731",259
"ENSRNOG00000069041",0
"ENSRNOG00000069455",48
"ENSRNOG00000068898",0
"ENSRNOG00000028627",604
"ENSRNOG00000068708",0
"ENSRNOG00000028752",19
"ENSRNOG00000014866",633
"ENSRNOG00000004487",38
"ENSRNOG00000065580",153
"ENSRNOG00000067609",0
"ENSRNOG00000004111",4760
"ENSRNOG00000064188",4
"ENSRNOG00000051261",0
"ENSRNOG00000004193",327
"ENSRNOG00000067038",524
"ENSRNOG00000003248",937
"ENSRNOG00000070643",712
"ENSRNOG00000003795",920
"ENSRNOG00000070187",0
"ENSRNOG00000063348",7
"ENSRNOG00000063307",0
"ENSRNOG00000003832",563
"ENSRNOG00000064946",0
"ENSRNOG00000004424",965
"ENSRNOG00000028250",3
"ENSRNOG00000006025",94
"ENSRNOG00000056222",0
"ENSRNOG00000002947",520
"ENSRNOG00000004181",347
"ENSRNOG00000003300",2549
"ENSRNOG00000064045",6
"ENSRNOG00000032307",760
"ENSRNOG00000064281",69
"ENSRNOG00000064211",0
"ENSRNOG00000062956",0
"ENSRNOG00000066881",180
"ENSRNOG00000070450",91
"ENSRNOG00000070805",0
"ENSRNOG00000004537",1
"ENSRNOG00000070711",31
"ENSRNOG00000065529",0
"ENSRNOG00000003494",35
"ENSRNOG00000066834",0
"ENSRNOG00000064682",34
"ENSRNOG00000067316",11
"ENSRNOG00000066173",54
"ENSRNOG00000068951",0
"ENSRNOG00000002964",0
"ENSRNOG00000066046",169
"ENSRNOG00000015508",990
"ENSRNOG00000062505",29
"ENSRNOG00000065995",3
"ENSRNOG00000004642",0
"ENSRNOG00000068336",0
"ENSRNOG00000062561",0
"ENSRNOG00000071040",799
"ENSRNOG00000066307",85
"ENSRNOG00000003790",0
"ENSRNOG00000068572",5
"ENSRNOG00000002863",3
"ENSRNOG00000067571",1
"ENSRNOG00000056279",0
"ENSRNOG00000069844",0
"ENSRNOG00000068762",0
"ENSRNOG00000068613",121
"ENSRNOG00000003220",568
"ENSRNOG00000025119",0
"ENSRNOG00000064023",0
"ENSRNOG00000069845",0
"ENSRNOG00000064342",0
"ENSRNOG00000064809",2
"ENSRNOG00000002730",1
"ENSRNOG00000069637",0
"ENSRNOG00000051440",543
"ENSRNOG00000021497",1353
"ENSRNOG00000064615",0
"ENSRNOG00000004356",0
"ENSRNOG00000071027",0
"ENSRNOG00000066845",0
"ENSRNOG00000069472",0
"ENSRNOG00000056214",0
"ENSRNOG00000003310",1331
"ENSRNOG00000002602",0
"ENSRNOG00000003917",753
"ENSRNOG00000071122",8
"ENSRNOG00000002640",3
"ENSRNOG00000068257",4
"ENSRNOG00000002695",326
"ENSRNOG00000059225",9
"ENSRNOG00000003183",829
"ENSRNOG00000015615",0
"ENSRNOG00000068751",71
"ENSRNOG00000066769",0
"ENSRNOG00000063055",0
"ENSRNOG00000002710",576
"ENSRNOG00000071159",1
"ENSRNOG00000070387",0
"ENSRNOG00000053272",0
"ENSRNOG00000003816",483
"ENSRNOG00000055995",0
"ENSRNOG00000003562",0
"ENSRNOG00000065753",42
"ENSRNOG00000051166",22
"ENSRNOG00000003336",0
"ENSRNOG00000002583",0
"ENSRNOG00000066143",0
"ENSRNOG00000032058",1433
"ENSRNOG00000067955",0
"ENSRNOG00000065784",7
"ENSRNOG00000003442",5
"ENSRNOG00000022067",152
"ENSRNOG00000003018",2918
"ENSRNOG00000028016",16
"ENSRNOG00000070620",0
"ENSRNOG00000002882",457
"ENSRNOG00000005093",1
"ENSRNOG00000071066",5
"ENSRNOG00000070089",0
"ENSRNOG00000002881",8365
"ENSRNOG00000066098",15
"ENSRNOG00000000066",743
"ENSRNOG00000028194",0
"ENSRNOG00000002403",13203
"ENSRNOG00000067674",0
"ENSRNOG00000054449",0
"ENSRNOG00000067693",402
"ENSRNOG00000067442",0
"ENSRNOG00000002907",1187
"ENSRNOG00000051373",0
"ENSRNOG00000066175",161
"ENSRNOG00000053016",0
"ENSRNOG00000067488",2
"ENSRNOG00000059684",0
"ENSRNOG00000060375",0
"ENSRNOG00000052863",0
"ENSRNOG00000053352",0
"ENSRNOG00000063883",0
"ENSRNOG00000022174",1
"ENSRNOG00000002781",1615
"ENSRNOG00000063003",0
"ENSRNOG00000002773",2
"ENSRNOG00000056434",0
"ENSRNOG00000052403",0
"ENSRNOG00000064602",50
"ENSRNOG00000057771",0
"ENSRNOG00000061551",0
"ENSRNOG00000052252",0
"ENSRNOG00000059630",0
"ENSRNOG00000047287",1196
"ENSRNOG00000032258",249
"ENSRNOG00000070195",2
"ENSRNOG00000059797",0
"ENSRNOG00000064093",0
"ENSRNOG00000054895",0
"ENSRNOG00000002926",399
"ENSRNOG00000005038",132
"ENSRNOG00000002580",1065
"ENSRNOG00000002941",323
"ENSRNOG00000066913",0
"ENSRNOG00000003594",1882
"ENSRNOG00000002417",0
"ENSRNOG00000002618",693
"ENSRNOG00000007418",4723
"ENSRNOG00000069420",12
"ENSRNOG00000002821",695
"ENSRNOG00000067862",2
"ENSRNOG00000024632",2986
"ENSRNOG00000004143",3747
"ENSRNOG00000014859",5
"ENSRNOG00000002347",452
"ENSRNOG00000034221",27
"ENSRNOG00000003163",5415
"ENSRNOG00000064462",0
"ENSRNOG00000002667",137
"ENSRNOG00000003740",0
"ENSRNOG00000028089",0
"ENSRNOG00000030515",0
"ENSRNOG00000038921",0
"ENSRNOG00000028062",3662
"ENSRNOG00000065155",6
"ENSRNOG00000028358",1915
"ENSRNOG00000025151",4
"ENSRNOG00000002691",4
"ENSRNOG00000002735",1383
"ENSRNOG00000004018",2
"ENSRNOG00000002396",120
"ENSRNOG00000002460",16
"ENSRNOG00000003595",8
"ENSRNOG00000064561",0
"ENSRNOG00000028236",1888
"ENSRNOG00000063241",0
"ENSRNOG00000005277",24
"ENSRNOG00000064510",33
"ENSRNOG00000029841",0
"ENSRNOG00000002473",732
"ENSRNOG00000003882",1468
"ENSRNOG00000002555",4
"ENSRNOG00000070646",0
"ENSRNOG00000067956",916
"ENSRNOG00000069572",12
"ENSRNOG00000029868",4
"ENSRNOG00000027593",97
"ENSRNOG00000033391",0
"ENSRNOG00000068309",0
"ENSRNOG00000028207",32
"ENSRNOG00000030278",325
"ENSRNOG00000025964",14
"ENSRNOG00000008603",1
"ENSRNOG00000053210",7031
"ENSRNOG00000003171",2
"ENSRNOG00000068606",0
"ENSRNOG00000066166",3
"ENSRNOG00000038205",0
"ENSRNOG00000031569",0
"ENSRNOG00000002394",2683
"ENSRNOG00000033515",115
"ENSRNOG00000063714",0
"ENSRNOG00000046786",0
"ENSRNOG00000004305",295
"ENSRNOG00000048614",0
"ENSRNOG00000042995",0
"ENSRNOG00000002826",1012
"ENSRNOG00000029859",2361
"ENSRNOG00000029459",126
"ENSRNOG00000059957",37
"ENSRNOG00000063975",156
"ENSRNOG00000027697",424
"ENSRNOG00000007735",741
"ENSRNOG00000050941",0
"ENSRNOG00000004029",0
"ENSRNOG00000022063",0
"ENSRNOG00000022329",0
"ENSRNOG00000031864",4776
"ENSRNOG00000028939",4838
"ENSRNOG00000002385",7
"ENSRNOG00000038076",0
"ENSRNOG00000038347",829
"ENSRNOG00000027024",47
"ENSRNOG00000022717",6
"ENSRNOG00000003706",1830
"ENSRNOG00000005177",192
"ENSRNOG00000042929",98
"ENSRNOG00000004307",492
"ENSRNOG00000004337",1640
"ENSRNOG00000002972",1
"ENSRNOG00000064104",1
"ENSRNOG00000034300",3
"ENSRNOG00000003500",0
"ENSRNOG00000005229",525
"ENSRNOG00000058500",0
"ENSRNOG00000003135",2
"ENSRNOG00000003928",3020
"ENSRNOG00000005667",0
"ENSRNOG00000004027",5083
"ENSRNOG00000002750",1411
"ENSRNOG00000002548",81
"ENSRNOG00000004245",484
"ENSRNOG00000068856",445
"ENSRNOG00000004414",179
"ENSRNOG00000057677",51
"ENSRNOG00000002711",86
"ENSRNOG00000004917",2622
"ENSRNOG00000066932",291
"ENSRNOG00000003779",14
"ENSRNOG00000003881",90
"ENSRNOG00000000042",2181
"ENSRNOG00000004022",149
"ENSRNOG00000042860",15
"ENSRNOG00000003260",393
"ENSRNOG00000026797",0
"ENSRNOG00000002468",1
"ENSRNOG00000022104",0
"ENSRNOG00000025005",0
"ENSRNOG00000003209",1829
"ENSRNOG00000002736",727
"ENSRNOG00000003398",147
"ENSRNOG00000023547",23
"ENSRNOG00000003100",306
"ENSRNOG00000053229",0
"ENSRNOG00000003298",10
"ENSRNOG00000055673",36
"ENSRNOG00000002890",10
"ENSRNOG00000002501",1
"ENSRNOG00000022144",666
"ENSRNOG00000029371",0
"ENSRNOG00000038786",0
"ENSRNOG00000003581",143
"ENSRNOG00000031098",0
"ENSRNOG00000069659",41
"ENSRNOG00000050463",71
"ENSRNOG00000069305",0
"ENSRNOG00000029410",746
"ENSRNOG00000028513",198
"ENSRNOG00000003946",2803
"ENSRNOG00000025794",0
"ENSRNOG00000063790",0
"ENSRNOG00000064271",64
"ENSRNOG00000063128",35
"ENSRNOG00000068226",0
"ENSRNOG00000062858",20
"ENSRNOG00000062982",32
"ENSRNOG00000024159",20
"ENSRNOG00000064014",1
"ENSRNOG00000064648",0
"ENSRNOG00000062361",58
"ENSRNOG00000048267",3107
"ENSRNOG00000070804",11
"ENSRNOG00000071020",7
"ENSRNOG00000065024",2
"ENSRNOG00000066782",0
"ENSRNOG00000024849",1455
"ENSRNOG00000038372",5
"ENSRNOG00000002875",830
"ENSRNOG00000026917",2130
"ENSRNOG00000003567",526
"ENSRNOG00000004030",0
"ENSRNOG00000003538",369
"ENSRNOG00000003551",1062
"ENSRNOG00000051405",9
"ENSRNOG00000007604",144
"ENSRNOG00000002968",1
"ENSRNOG00000007645",25
"ENSRNOG00000068444",7
"ENSRNOG00000004736",161
"ENSRNOG00000005166",0
"ENSRNOG00000004712",91
"ENSRNOG00000002569",675
"ENSRNOG00000002572",1193
"ENSRNOG00000046663",188
"ENSRNOG00000002978",2
"ENSRNOG00000003071",505
"ENSRNOG00000003221",2
"ENSRNOG00000003136",0
"ENSRNOG00000038789",190
"ENSRNOG00000066215",0
"ENSRNOG00000046452",0
"ENSRNOG00000026497",1262
"ENSRNOG00000026523",2
"ENSRNOG00000024382",0
"ENSRNOG00000058710",403
"ENSRNOG00000049422",107
"ENSRNOG00000008045",0
"ENSRNOG00000031540",6473
"ENSRNOG00000026490",1121
"ENSRNOG00000004255",2
"ENSRNOG00000004192",3
"ENSRNOG00000065645",48
"ENSRNOG00000066585",8249
"ENSRNOG00000003042",129
"ENSRNOG00000025415",0
"ENSRNOG00000026607",23
"ENSRNOG00000007290",128
"ENSRNOG00000070334",0
"ENSRNOG00000025189",132
"ENSRNOG00000003720",10315
"ENSRNOG00000002783",94
"ENSRNOG00000026907",799
"ENSRNOG00000002813",0
"ENSRNOG00000049537",987
"ENSRNOG00000004889",41
"ENSRNOG00000042492",1501
"ENSRNOG00000005592",0
"ENSRNOG00000005355",3717
"ENSRNOG00000069839",0
"ENSRNOG00000003861",419
"ENSRNOG00000034191",1
"ENSRNOG00000003510",3
"ENSRNOG00000049851",0
"ENSRNOG00000068743",2047
"ENSRNOG00000006247",8480
"ENSRNOG00000022143",36
"ENSRNOG00000003400",98
"ENSRNOG00000008301",21623
"ENSRNOG00000003291",32
"ENSRNOG00000026542",935
"ENSRNOG00000002860",90
"ENSRNOG00000003620",0
"ENSRNOG00000003073",52
"ENSRNOG00000002839",600
"ENSRNOG00000038499",0
"ENSRNOG00000025318",591
"ENSRNOG00000002884",484
"ENSRNOG00000059276",190
"ENSRNOG00000002898",884
"ENSRNOG00000002934",3004
"ENSRNOG00000004140",61
"ENSRNOG00000003592",899
"ENSRNOG00000001967",0
"ENSRNOG00000003666",6
"ENSRNOG00000001957",0
"ENSRNOG00000003672",0
"ENSRNOG00000039331",0
"ENSRNOG00000003840",3074
"ENSRNOG00000003718",0
"ENSRNOG00000003776",0
"ENSRNOG00000055596",0
"ENSRNOG00000054677",0
"ENSRNOG00000001960",0
"ENSRNOG00000051190",852
"ENSRNOG00000001980",0
"ENSRNOG00000003205",276
"ENSRNOG00000070682",0
"ENSRNOG00000065137",0
"ENSRNOG00000001996",736
"ENSRNOG00000004473",4
"ENSRNOG00000069670",0
"ENSRNOG00000042588",0
"ENSRNOG00000067137",13
"ENSRNOG00000005094",5
"ENSRNOG00000002002",0
"ENSRNOG00000046540",0
"ENSRNOG00000064466",0
"ENSRNOG00000002005",0
"ENSRNOG00000005043",199
"ENSRNOG00000029964",0
"ENSRNOG00000055991",0
"ENSRNOG00000064759",0
"ENSRNOG00000001973",0
"ENSRNOG00000001990",0
"ENSRNOG00000062781",0
"ENSRNOG00000042714",0
"ENSRNOG00000022255",0
"ENSRNOG00000050437",527
"ENSRNOG00000033910",0
"ENSRNOG00000002011",0
"ENSRNOG00000021931",909
"ENSRNOG00000029064",170
"ENSRNOG00000003174",758
"ENSRNOG00000002014",0
"ENSRNOG00000068319",1
"ENSRNOG00000033207",4
"ENSRNOG00000003064",90
"ENSRNOG00000021776",229
"ENSRNOG00000046764",0
"ENSRNOG00000005261",1240
"ENSRNOG00000004279",860
"ENSRNOG00000002024",0
"ENSRNOG00000017074",1894
"ENSRNOG00000069695",0
"ENSRNOG00000069801",1
"ENSRNOG00000001912",0
"ENSRNOG00000003098",1
"ENSRNOG00000030149",3
"ENSRNOG00000003069",551
"ENSRNOG00000051169",0
"ENSRNOG00000028534",153
"ENSRNOG00000003095",0
"ENSRNOG00000027195",0
"ENSRNOG00000028423",0
"ENSRNOG00000060782",13
"ENSRNOG00000005700",2
"ENSRNOG00000024689",36
"ENSRNOG00000002216",963
"ENSRNOG00000006139",457
"ENSRNOG00000002139",21
"ENSRNOG00000002050",13967
"ENSRNOG00000024779",1567
"ENSRNOG00000005302",56
"ENSRNOG00000002055",276
"ENSRNOG00000028108",0
"ENSRNOG00000002137",146
"ENSRNOG00000002085",19
"ENSRNOG00000068566",118
"ENSRNOG00000029628",0
"ENSRNOG00000005108",1029
"ENSRNOG00000066503",0
"ENSRNOG00000068895",1
"ENSRNOG00000061477",0
"ENSRNOG00000066390",0
"ENSRNOG00000061119",0
"ENSRNOG00000056048",0
"ENSRNOG00000057383",0
"ENSRNOG00000068537",30
"ENSRNOG00000064279",0
"ENSRNOG00000065016",0
"ENSRNOG00000059848",0
"ENSRNOG00000058481",0
"ENSRNOG00000053821",0
"ENSRNOG00000068477",0
"ENSRNOG00000069435",0
"ENSRNOG00000002100",2207
"ENSRNOG00000056287",25
"ENSRNOG00000070240",0
"ENSRNOG00000057388",0
"ENSRNOG00000067871",0
"ENSRNOG00000067348",3
"ENSRNOG00000062656",0
"ENSRNOG00000055205",0
"ENSRNOG00000052544",0
"ENSRNOG00000054232",0
"ENSRNOG00000059715",711
"ENSRNOG00000066435",0
"ENSRNOG00000068598",0
"ENSRNOG00000067623",0
"ENSRNOG00000070782",0
"ENSRNOG00000070282",0
"ENSRNOG00000068746",0
"ENSRNOG00000059932",0
"ENSRNOG00000005346",373
"ENSRNOG00000061566",0
"ENSRNOG00000055347",0
"ENSRNOG00000002101",953
"ENSRNOG00000055338",0
"ENSRNOG00000028498",2810
"ENSRNOG00000057361",0
"ENSRNOG00000067418",0
"ENSRNOG00000064187",0
"ENSRNOG00000069994",0
"ENSRNOG00000064908",0
"ENSRNOG00000068182",0
"ENSRNOG00000066690",0
"ENSRNOG00000058302",0
"ENSRNOG00000060890",0
"ENSRNOG00000059646",0
"ENSRNOG00000061258",0
"ENSRNOG00000066081",0
"ENSRNOG00000067453",0
"ENSRNOG00000005374",96
"ENSRNOG00000061332",0
"ENSRNOG00000057027",4
"ENSRNOG00000002128",582
"ENSRNOG00000051736",0
"ENSRNOG00000061029",0
"ENSRNOG00000065331",0
"ENSRNOG00000051998",0
"ENSRNOG00000052335",6
"ENSRNOG00000053119",0
"ENSRNOG00000060673",1
"ENSRNOG00000052658",0
"ENSRNOG00000056124",0
"ENSRNOG00000064599",0
"ENSRNOG00000062593",0
"ENSRNOG00000050100",0
"ENSRNOG00000068214",0
"ENSRNOG00000005633",75
"ENSRNOG00000070730",2
"ENSRNOG00000058679",0
"ENSRNOG00000002266",0
"ENSRNOG00000054969",0
"ENSRNOG00000068435",0
"ENSRNOG00000063428",0
"ENSRNOG00000055511",0
"ENSRNOG00000064802",0
"ENSRNOG00000048183",0
"ENSRNOG00000051435",0
"ENSRNOG00000036371",0
"ENSRNOG00000062913",0
"ENSRNOG00000035514",0
"ENSRNOG00000058492",0
"ENSRNOG00000035518",0
"ENSRNOG00000002153",126
"ENSRNOG00000059094",0
"ENSRNOG00000049999",0
"ENSRNOG00000068284",0
"ENSRNOG00000066772",0
"ENSRNOG00000059490",0
"ENSRNOG00000035486",0
"ENSRNOG00000056158",0
"ENSRNOG00000049481",0
"ENSRNOG00000058202",44
"ENSRNOG00000059213",0
"ENSRNOG00000061069",0
"ENSRNOG00000055559",0
"ENSRNOG00000065374",0
"ENSRNOG00000057962",0
"ENSRNOG00000059816",0
"ENSRNOG00000056966",0
"ENSRNOG00000060186",0
"ENSRNOG00000064005",0
"ENSRNOG00000068557",0
"ENSRNOG00000051642",0
"ENSRNOG00000061848",0
"ENSRNOG00000058945",0
"ENSRNOG00000064029",0
"ENSRNOG00000055752",0
"ENSRNOG00000070648",2
"ENSRNOG00000065069",0
"ENSRNOG00000054518",0
"ENSRNOG00000002144",901
"ENSRNOG00000031397",2
"ENSRNOG00000051641",3
"ENSRNOG00000054885",0
"ENSRNOG00000055902",3
"ENSRNOG00000060757",0
"ENSRNOG00000006575",9
"ENSRNOG00000055341",0
"ENSRNOG00000054570",0
"ENSRNOG00000068488",0
"ENSRNOG00000027326",535
"ENSRNOG00000068972",0
"ENSRNOG00000060039",0
"ENSRNOG00000067087",0
"ENSRNOG00000066135",0
"ENSRNOG00000066820",0
"ENSRNOG00000056117",0
"ENSRNOG00000006593",662
"ENSRNOG00000071000",0
"ENSRNOG00000002267",368
"ENSRNOG00000066661",0
"ENSRNOG00000060891",0
"ENSRNOG00000068463",0
"ENSRNOG00000068267",0
"ENSRNOG00000062625",0
"ENSRNOG00000002164",5
"ENSRNOG00000066752",0
"ENSRNOG00000007993",32
"ENSRNOG00000065384",0
"ENSRNOG00000058212",0
"ENSRNOG00000055664",0
"ENSRNOG00000065887",0
"ENSRNOG00000058706",0
"ENSRNOG00000060346",0
"ENSRNOG00000002169",3
"ENSRNOG00000052432",0
"ENSRNOG00000068144",0
"ENSRNOG00000055710",0
"ENSRNOG00000070791",0
"ENSRNOG00000055442",3
"ENSRNOG00000058433",0
"ENSRNOG00000070023",0
"ENSRNOG00000002175",836
"ENSRNOG00000069714",0
"ENSRNOG00000060665",2698
"ENSRNOG00000067980",0
"ENSRNOG00000061314",0
"ENSRNOG00000068811",0
"ENSRNOG00000059747",0
"ENSRNOG00000051515",0
"ENSRNOG00000052548",0
"ENSRNOG00000056459",0
"ENSRNOG00000057537",0
"ENSRNOG00000064750",4
"ENSRNOG00000057816",3
"ENSRNOG00000058788",0
"ENSRNOG00000057444",0
"ENSRNOG00000056382",0
"ENSRNOG00000060691",2
"ENSRNOG00000052288",0
"ENSRNOG00000002199",788
"ENSRNOG00000008947",5
"ENSRNOG00000046829",0
"ENSRNOG00000002097",409
"ENSRNOG00000026585",51
"ENSRNOG00000002120",95
"ENSRNOG00000026828",108
"ENSRNOG00000007882",4
"ENSRNOG00000063288",0
"ENSRNOG00000002106",1065
"ENSRNOG00000002074",663
"ENSRNOG00000002135",2864
"ENSRNOG00000002152",614
"ENSRNOG00000002227",0
"ENSRNOG00000038891",0
"ENSRNOG00000003134",58
"ENSRNOG00000002272",893
"ENSRNOG00000009154",0
"ENSRNOG00000002174",0
"ENSRNOG00000002275",640
"ENSRNOG00000002224",5
"ENSRNOG00000006400",1316
"ENSRNOG00000029734",0
"ENSRNOG00000025670",0
"ENSRNOG00000042041",0
"ENSRNOG00000004112",4
"ENSRNOG00000002278",590
"ENSRNOG00000023372",0
"ENSRNOG00000023342",0
"ENSRNOG00000024945",2996
"ENSRNOG00000022419",1
"ENSRNOG00000004168",179
"ENSRNOG00000002248",1627
"ENSRNOG00000005122",193
"ENSRNOG00000003392",1853
"ENSRNOG00000009572",1
"ENSRNOG00000005428",2065
"ENSRNOG00000023578",0
"ENSRNOG00000001951",0
"ENSRNOG00000070341",1
"ENSRNOG00000001949",0
"ENSRNOG00000067037",3
"ENSRNOG00000055684",0
"ENSRNOG00000004778",2
"ENSRNOG00000030568",195
"ENSRNOG00000027801",0
"ENSRNOG00000002911",0
"ENSRNOG00000037621",0
"ENSRNOG00000006033",158
"ENSRNOG00000067409",9
"ENSRNOG00000002254",2100
"ENSRNOG00000062451",0
"ENSRNOG00000002866",7
"ENSRNOG00000012534",726
"ENSRNOG00000046611",0
"ENSRNOG00000007349",609
"ENSRNOG00000067632",2990
"ENSRNOG00000009642",2724
"ENSRNOG00000064340",38
"ENSRNOG00000070153",1
"ENSRNOG00000070621",1
"ENSRNOG00000063159",2
"ENSRNOG00000066629",0
"ENSRNOG00000058588",888
"ENSRNOG00000066030",7
"ENSRNOG00000070858",1
"ENSRNOG00000068765",0
"ENSRNOG00000070779",9
"ENSRNOG00000067494",0
"ENSRNOG00000025695",1952
"ENSRNOG00000007564",417
"ENSRNOG00000009881",0
"ENSRNOG00000066912",0
"ENSRNOG00000002196",552
"ENSRNOG00000007002",114
"ENSRNOG00000063895",0
"ENSRNOG00000070894",14
"ENSRNOG00000071035",253
"ENSRNOG00000070700",0
"ENSRNOG00000068701",210
"ENSRNOG00000065150",0
"ENSRNOG00000018709",486
"ENSRNOG00000057919",0
"ENSRNOG00000051571",0
"ENSRNOG00000002345",0
"ENSRNOG00000063814",0
"ENSRNOG00000003428",202
"ENSRNOG00000003553",0
"ENSRNOG00000065078",0
"ENSRNOG00000064361",42
"ENSRNOG00000070345",1
"ENSRNOG00000066289",0
"ENSRNOG00000065188",52
"ENSRNOG00000018859",645
"ENSRNOG00000067415",0
"ENSRNOG00000068335",1
"ENSRNOG00000002205",2991
"ENSRNOG00000065610",1
"ENSRNOG00000069616",0
"ENSRNOG00000066490",0
"ENSRNOG00000063894",0
"ENSRNOG00000065451",0
"ENSRNOG00000066221",0
"ENSRNOG00000062972",0
"ENSRNOG00000059479",4
"ENSRNOG00000019000",421
"ENSRNOG00000067014",0
"ENSRNOG00000069045",0
"ENSRNOG00000066877",138
"ENSRNOG00000068052",0
"ENSRNOG00000063179",1
"ENSRNOG00000034200",0
"ENSRNOG00000065960",233
"ENSRNOG00000069188",4
"ENSRNOG00000068536",2
"ENSRNOG00000066736",3
"ENSRNOG00000011073",1562
"ENSRNOG00000054706",0
"ENSRNOG00000068730",0
"ENSRNOG00000002057",23
"ENSRNOG00000067807",14
"ENSRNOG00000005141",443
"ENSRNOG00000064290",0
"ENSRNOG00000067991",0
"ENSRNOG00000068868",0
"ENSRNOG00000063529",2565
"ENSRNOG00000064981",0
"ENSRNOG00000068969",22
"ENSRNOG00000062706",242
"ENSRNOG00000008374",430
"ENSRNOG00000065386",0
"ENSRNOG00000002178",218
"ENSRNOG00000004290",6479
"ENSRNOG00000054053",0
"ENSRNOG00000067297",2
"ENSRNOG00000064050",0
"ENSRNOG00000000065",0
"ENSRNOG00000063198",17
"ENSRNOG00000062990",4
"ENSRNOG00000070093",2
"ENSRNOG00000004972",735
"ENSRNOG00000025925",18
"ENSRNOG00000068460",219
"ENSRNOG00000002165",128
"ENSRNOG00000069582",0
"ENSRNOG00000065832",41
"ENSRNOG00000018319",718
"ENSRNOG00000000035",0
"ENSRNOG00000064766",1
"ENSRNOG00000071196",0
"ENSRNOG00000054857",0
"ENSRNOG00000063710",0
"ENSRNOG00000070797",1
"ENSRNOG00000002181",231
"ENSRNOG00000004444",0
"ENSRNOG00000069051",0
"ENSRNOG00000065282",27
"ENSRNOG00000067460",0
"ENSRNOG00000000070",1268
"ENSRNOG00000070125",0
"ENSRNOG00000043210",1540
"ENSRNOG00000066365",21
"ENSRNOG00000062603",3
"ENSRNOG00000063408",0
"ENSRNOG00000000043",2683
"ENSRNOG00000063433",0
"ENSRNOG00000002129",1272
"ENSRNOG00000068177",0
"ENSRNOG00000004090",3437
"ENSRNOG00000070162",3
"ENSRNOG00000027088",887
"ENSRNOG00000064219",8
"ENSRNOG00000068528",57
"ENSRNOG00000067267",21
"ENSRNOG00000005203",714
"ENSRNOG00000070904",65
"ENSRNOG00000002244",2236
"ENSRNOG00000065907",0
"ENSRNOG00000059010",1
"ENSRNOG00000023026",2
"ENSRNOG00000000041",37
"ENSRNOG00000063994",0
"ENSRNOG00000002754",14
"ENSRNOG00000063209",0
"ENSRNOG00000049527",414
"ENSRNOG00000067899",0
"ENSRNOG00000056561",0
"ENSRNOG00000024112",417
"ENSRNOG00000002154",32
"ENSRNOG00000018412",84
"ENSRNOG00000066377",7160
"ENSRNOG00000064574",1
"ENSRNOG00000005214",0
"ENSRNOG00000004781",0
"ENSRNOG00000063094",2
"ENSRNOG00000068298",12
"ENSRNOG00000056621",0
"ENSRNOG00000062871",142
"ENSRNOG00000002541",2425
"ENSRNOG00000002217",1
"ENSRNOG00000000044",666
"ENSRNOG00000066233",0
"ENSRNOG00000025882",56
"ENSRNOG00000022229",403
"ENSRNOG00000050047",0
"ENSRNOG00000063110",10
"ENSRNOG00000005326",30
"ENSRNOG00000002540",13
"ENSRNOG00000069738",0
"ENSRNOG00000026091",20
"ENSRNOG00000066418",0
"ENSRNOG00000002262",421
"ENSRNOG00000067919",0
"ENSRNOG00000065665",0
"ENSRNOG00000069726",0
"ENSRNOG00000057953",0
"ENSRNOG00000002271",2161
"ENSRNOG00000049351",1
"ENSRNOG00000062676",0
"ENSRNOG00000065688",0
"ENSRNOG00000040210",0
"ENSRNOG00000002270",1647
"ENSRNOG00000064666",0
"ENSRNOG00000026150",0
"ENSRNOG00000004332",534
"ENSRNOG00000064628",0
"ENSRNOG00000043130",0
"ENSRNOG00000002320",392
"ENSRNOG00000065647",0
"ENSRNOG00000063974",50
"ENSRNOG00000063375",0
"ENSRNOG00000013039",3892
"ENSRNOG00000022857",67
"ENSRNOG00000002360",0
"ENSRNOG00000026504",1528
"ENSRNOG00000068878",0
"ENSRNOG00000066747",13
"ENSRNOG00000067111",0
"ENSRNOG00000002292",613
"ENSRNOG00000067042",0
"ENSRNOG00000066624",9
"ENSRNOG00000013805",134
"ENSRNOG00000002039",1007
"ENSRNOG00000069393",0
"ENSRNOG00000030258",0
"ENSRNOG00000004865",22
"ENSRNOG00000062754",0
"ENSRNOG00000018475",881
"ENSRNOG00000067406",0
"ENSRNOG00000063444",0
"ENSRNOG00000002302",2
"ENSRNOG00000013832",1397
"ENSRNOG00000063702",3
"ENSRNOG00000059285",0
"ENSRNOG00000065321",0
"ENSRNOG00000046931",0
"ENSRNOG00000063004",1
"ENSRNOG00000002251",4714
"ENSRNOG00000056604",2
"ENSRNOG00000068590",0
"ENSRNOG00000071149",0
"ENSRNOG00000060641",0
"ENSRNOG00000065680",0
"ENSRNOG00000068623",14
"ENSRNOG00000063388",11
"ENSRNOG00000067003",0
"ENSRNOG00000002318",55
"ENSRNOG00000067972",1
"ENSRNOG00000013930",4331
"ENSRNOG00000018590",736
"ENSRNOG00000006185",72
"ENSRNOG00000063585",0
"ENSRNOG00000024207",592
"ENSRNOG00000069538",0
"ENSRNOG00000058434",3
"ENSRNOG00000055083",0
"ENSRNOG00000002312",531
"ENSRNOG00000037162",1636
"ENSRNOG00000023533",159
"ENSRNOG00000004281",361
"ENSRNOG00000037421",32
"ENSRNOG00000055471",2655
"ENSRNOG00000002349",0
"ENSRNOG00000056162",5585
"ENSRNOG00000023529",9827
"ENSRNOG00000002121",475
"ENSRNOG00000002843",0
"ENSRNOG00000009313",1692
"ENSRNOG00000001950",0
"ENSRNOG00000005105",0
"ENSRNOG00000002035",199
"ENSRNOG00000023430",0
"ENSRNOG00000037632",1
"ENSRNOG00000029397",0
"ENSRNOG00000002889",0
"ENSRNOG00000017259",190
"ENSRNOG00000002031",1
"ENSRNOG00000024545",37
"ENSRNOG00000010996",1524
"ENSRNOG00000002040",1012
"ENSRNOG00000005393",2258
"ENSRNOG00000002117",0
"ENSRNOG00000017548",310
"ENSRNOG00000063749",0
"ENSRNOG00000018144",304
"ENSRNOG00000000073",215
"ENSRNOG00000017329",799
"ENSRNOG00000002301",2837
"ENSRNOG00000002381",27
"ENSRNOG00000002246",745
"ENSRNOG00000007025",369
"ENSRNOG00000002093",2352
"ENSRNOG00000004327",3
"ENSRNOG00000001942",0
"ENSRNOG00000000075",160
"ENSRNOG00000066731",0
"ENSRNOG00000063633",0
"ENSRNOG00000016818",181
"ENSRNOG00000002327",0
"ENSRNOG00000001945",0
"ENSRNOG00000065981",0
"ENSRNOG00000002336",1
"ENSRNOG00000003606",170
"ENSRNOG00000066636",0
"ENSRNOG00000030665",0
"ENSRNOG00000068764",0
"ENSRNOG00000002070",87
"ENSRNOG00000042340",1325
"ENSRNOG00000002163",3474
"ENSRNOG00000063582",0
"ENSRNOG00000062941",0
"ENSRNOG00000005464",1894
"ENSRNOG00000024829",1048
"ENSRNOG00000068757",14
"ENSRNOG00000063124",0
"ENSRNOG00000004888",969
"ENSRNOG00000002932",813
"ENSRNOG00000065993",0
"ENSRNOG00000013747",371
"ENSRNOG00000002105",50
"ENSRNOG00000056900",0
"ENSRNOG00000029461",49
"ENSRNOG00000033214",0
"ENSRNOG00000031052",4403
"ENSRNOG00000032160",1000
"ENSRNOG00000065000",505
"ENSRNOG00000043048",0
"ENSRNOG00000002161",51
"ENSRNOG00000004606",1080
"ENSRNOG00000027791",1377
"ENSRNOG00000016427",1627
"ENSRNOG00000000081",5757
"ENSRNOG00000067114",6
"ENSRNOG00000002167",3
"ENSRNOG00000067336",0
"ENSRNOG00000063351",26
"ENSRNOG00000038722",3
"ENSRNOG00000064182",0
"ENSRNOG00000053017",0
"ENSRNOG00000055911",634
"ENSRNOG00000002158",2
"ENSRNOG00000025121",0
"ENSRNOG00000067138",0
"ENSRNOG00000048944",0
"ENSRNOG00000004959",4539
"ENSRNOG00000026046",1
"ENSRNOG00000005077",112
"ENSRNOG00000019361",4
"ENSRNOG00000029107",59
"ENSRNOG00000062595",594
"ENSRNOG00000002855",542
"ENSRNOG00000051648",0
"ENSRNOG00000064268",0
"ENSRNOG00000023299",0
"ENSRNOG00000038427",0
"ENSRNOG00000033640",0
"ENSRNOG00000070133",340
"ENSRNOG00000005338",0
"ENSRNOG00000069654",0
"ENSRNOG00000009299",0
"ENSRNOG00000062938",0
"ENSRNOG00000008182",332
"ENSRNOG00000002177",68
"ENSRNOG00000030162",8
"ENSRNOG00000054224",222
"ENSRNOG00000004998",0
"ENSRNOG00000063344",0
"ENSRNOG00000006845",0
"ENSRNOG00000045749",64
"ENSRNOG00000064262",0
"ENSRNOG00000004992",2720
"ENSRNOG00000008474",640
"ENSRNOG00000069265",105
"ENSRNOG00000007033",35
"ENSRNOG00000002207",407
"ENSRNOG00000061438",0
"ENSRNOG00000058513",1
"ENSRNOG00000047761",563
"ENSRNOG00000061615",0
"ENSRNOG00000065022",3
"ENSRNOG00000008898",119
"ENSRNOG00000029052",1268
"ENSRNOG00000042277",0
"ENSRNOG00000033686",127
"ENSRNOG00000004640",7
"ENSRNOG00000033346",212
"ENSRNOG00000027623",461
"ENSRNOG00000071093",266
"ENSRNOG00000052764",72
"ENSRNOG00000028222",0
"ENSRNOG00000004672",130
"ENSRNOG00000002191",1
"ENSRNOG00000015033",1815
"ENSRNOG00000004940",284
"ENSRNOG00000027282",480
"ENSRNOG00000015474",1356
"ENSRNOG00000005147",54
"ENSRNOG00000069481",147
"ENSRNOG00000006329",193
"ENSRNOG00000059061",2009
"ENSRNOG00000005218",1126
"ENSRNOG00000026518",1
"ENSRNOG00000038140",407
"ENSRNOG00000008103",2624
"ENSRNOG00000002146",6191
"ENSRNOG00000007849",130
"ENSRNOG00000002142",263
"ENSRNOG00000034289",0
"ENSRNOG00000050982",2
"ENSRNOG00000070225",1
"ENSRNOG00000064135",73
"ENSRNOG00000033575",0
"ENSRNOG00000031928",0
"ENSRNOG00000067394",0
"ENSRNOG00000066410",0
"ENSRNOG00000054331",84
"ENSRNOG00000069005",98
"ENSRNOG00000053303",12
"ENSRNOG00000057703",4
"ENSRNOG00000062367",9
"ENSRNOG00000002225",2839
"ENSRNOG00000071057",0
"ENSRNOG00000065081",74
"ENSRNOG00000006394",254
"ENSRNOG00000002200",233
"ENSRNOG00000058316",231
"ENSRNOG00000006740",665
"ENSRNOG00000064883",0
"ENSRNOG00000002061",1255
"ENSRNOG00000005248",2456
"ENSRNOG00000002202",1
"ENSRNOG00000002247",214
"ENSRNOG00000019325",1151
"ENSRNOG00000059624",220
"ENSRNOG00000003599",150
"ENSRNOG00000063484",434
"ENSRNOG00000051135",0
"ENSRNOG00000048891",997
"ENSRNOG00000002180",1093
"ENSRNOG00000008917",461
"ENSRNOG00000019624",1291
"ENSRNOG00000024390",4
"ENSRNOG00000011847",99
"ENSRNOG00000002042",0
"ENSRNOG00000002075",1191
"ENSRNOG00000010706",91
"ENSRNOG00000039989",249
"ENSRNOG00000009040",898
"ENSRNOG00000064381",348
"ENSRNOG00000002408",1
"ENSRNOG00000008951",0
"ENSRNOG00000005411",1100
"ENSRNOG00000033251",10
"ENSRNOG00000065003",323
"ENSRNOG00000050580",0
"ENSRNOG00000019645",3
"ENSRNOG00000012147",474
"ENSRNOG00000015093",10
"ENSRNOG00000054437",89
"ENSRNOG00000061121",3499
"ENSRNOG00000027152",1184
"ENSRNOG00000065408",2
"ENSRNOG00000002134",0
"ENSRNOG00000005524",594
"ENSRNOG00000068954",1
"ENSRNOG00000002484",0
"ENSRNOG00000005982",188
"ENSRNOG00000070747",209
"ENSRNOG00000061231",1342
"ENSRNOG00000009437",2288
"ENSRNOG00000066766",4
"ENSRNOG00000002073",21
"ENSRNOG00000054669",396
"ENSRNOG00000067007",1020
"ENSRNOG00000070530",0
"ENSRNOG00000027032",177
"ENSRNOG00000008421",398
"ENSRNOG00000062465",0
"ENSRNOG00000069246",277
"ENSRNOG00000009281",590
"ENSRNOG00000002212",30
"ENSRNOG00000049446",2
"ENSRNOG00000019451",2148
"ENSRNOG00000009267",467
"ENSRNOG00000022631",0
"ENSRNOG00000000064",685
"ENSRNOG00000051929",0
"ENSRNOG00000064533",0
"ENSRNOG00000026134",128
"ENSRNOG00000007120",1346
"ENSRNOG00000002214",56
"ENSRNOG00000002089",1083
"ENSRNOG00000024899",7
"ENSRNOG00000002343",191
"ENSRNOG00000002004",193
"ENSRNOG00000070774",0
"ENSRNOG00000009639",531
"ENSRNOG00000002771",8
"ENSRNOG00000002643",1322
"ENSRNOG00000066604",0
"ENSRNOG00000022242",1
"ENSRNOG00000007125",256
"ENSRNOG00000002759",181
"ENSRNOG00000062477",0
"ENSRNOG00000059582",3
"ENSRNOG00000005113",0
"ENSRNOG00000026716",151
"ENSRNOG00000058724",203
"ENSRNOG00000008079",1911
"ENSRNOG00000002834",0
"ENSRNOG00000068418",18
"ENSRNOG00000002546",862
"ENSRNOG00000067728",0
"ENSRNOG00000017775",1
"ENSRNOG00000002192",339
"ENSRNOG00000062888",0
"ENSRNOG00000010298",3227
"ENSRNOG00000062749",0
"ENSRNOG00000051837",0
"ENSRNOG00000069779",0
"ENSRNOG00000065159",3
"ENSRNOG00000009935",2328
"ENSRNOG00000064890",150
"ENSRNOG00000008456",1224
"ENSRNOG00000002433",1672
"ENSRNOG00000002232",2513
"ENSRNOG00000056826",16
"ENSRNOG00000004515",653
"ENSRNOG00000002506",243
"ENSRNOG00000004555",5
"ENSRNOG00000064777",12
"ENSRNOG00000002194",336
"ENSRNOG00000063717",1944
"ENSRNOG00000002829",0
"ENSRNOG00000005397",2103
"ENSRNOG00000063361",0
"ENSRNOG00000049782",354
"ENSRNOG00000060245",2
"ENSRNOG00000014874",18
"ENSRNOG00000051889",3551
"ENSRNOG00000002579",8069
"ENSRNOG00000049270",1
"ENSRNOG00000002956",444
"ENSRNOG00000012184",298
"ENSRNOG00000002782",0
"ENSRNOG00000049828",156
"ENSRNOG00000067305",156
"ENSRNOG00000069417",14
"ENSRNOG00000067702",0
"ENSRNOG00000002159",157
"ENSRNOG00000003003",424
"ENSRNOG00000008716",3
"ENSRNOG00000002188",119
"ENSRNOG00000021347",71
"ENSRNOG00000070232",0
"ENSRNOG00000002168",0
"ENSRNOG00000056767",0
"ENSRNOG00000002792",0
"ENSRNOG00000025494",15
"ENSRNOG00000071170",266
"ENSRNOG00000002802",258
"ENSRNOG00000065472",6
"ENSRNOG00000030988",352
"ENSRNOG00000002185",463
"ENSRNOG00000002273",23
"ENSRNOG00000000062",793
"ENSRNOG00000043124",0
"ENSRNOG00000069799",401
"ENSRNOG00000028043",0
"ENSRNOG00000070238",2
"ENSRNOG00000023937",94
"ENSRNOG00000054896",468
"ENSRNOG00000004280",2714
"ENSRNOG00000002149",3
"ENSRNOG00000028015",0
"ENSRNOG00000054151",255
"ENSRNOG00000004626",0
"ENSRNOG00000002112",526
"ENSRNOG00000009220",201
"ENSRNOG00000049955",0
"ENSRNOG00000052142",180
"ENSRNOG00000051590",0
"ENSRNOG00000002053",587
"ENSRNOG00000066359",0
"ENSRNOG00000013647",189
"ENSRNOG00000046327",2411
"ENSRNOG00000055372",32
"ENSRNOG00000007049",0
"ENSRNOG00000002079",0
"ENSRNOG00000004932",2
"ENSRNOG00000005130",2229
"ENSRNOG00000023650",1791
"ENSRNOG00000064097",13
"ENSRNOG00000006261",217
"ENSRNOG00000013720",1491
"ENSRNOG00000063828",307
"ENSRNOG00000027249",156
"ENSRNOG00000058991",0
"ENSRNOG00000002182",6450
"ENSRNOG00000014098",167
"ENSRNOG00000012367",2
"ENSRNOG00000007864",181
"ENSRNOG00000066201",0
"ENSRNOG00000037865",0
"ENSRNOG00000024634",1
"ENSRNOG00000068459",22
"ENSRNOG00000011979",1009
"ENSRNOG00000004057",909
"ENSRNOG00000055015",0
"ENSRNOG00000056944",202
"ENSRNOG00000004145",22
"ENSRNOG00000024454",101
"ENSRNOG00000002186",161
"ENSRNOG00000004161",105
"ENSRNOG00000002210",2622
"ENSRNOG00000002203",418
"ENSRNOG00000051487",329
"ENSRNOG00000009240",758
"ENSRNOG00000004426",396
"ENSRNOG00000064588",3
"ENSRNOG00000014409",0
"ENSRNOG00000004456",7
"ENSRNOG00000004130",493
"ENSRNOG00000002878",1
"ENSRNOG00000061527",0
"ENSRNOG00000003374",0
"ENSRNOG00000023484",425
"ENSRNOG00000029004",0
"ENSRNOG00000068270",0
"ENSRNOG00000002125",5008
"ENSRNOG00000049244",164
"ENSRNOG00000042419",206
"ENSRNOG00000005016",593
"ENSRNOG00000002204",4
"ENSRNOG00000003844",4004
"ENSRNOG00000006356",1
"ENSRNOG00000002054",191
"ENSRNOG00000003600",361
"ENSRNOG00000003289",856
"ENSRNOG00000008786",1399
"ENSRNOG00000047876",0
"ENSRNOG00000003712",673
"ENSRNOG00000023446",33
"ENSRNOG00000002218",66
"ENSRNOG00000003901",537
"ENSRNOG00000003787",281
"ENSRNOG00000055849",0
"ENSRNOG00000002208",116
"ENSRNOG00000060825",517
"ENSRNOG00000005434",5807
"ENSRNOG00000023389",0
"ENSRNOG00000038572",119
"ENSRNOG00000002361",0
"ENSRNOG00000066757",8682
"ENSRNOG00000069412",306
"ENSRNOG00000053875",40
"ENSRNOG00000003704",15
"ENSRNOG00000064595",0
"ENSRNOG00000032471",336
"ENSRNOG00000064100",5
"ENSRNOG00000002045",281
"ENSRNOG00000014785",2216
"ENSRNOG00000022176",19
"ENSRNOG00000043451",151292
"ENSRNOG00000007283",1135
"ENSRNOG00000053766",202
"ENSRNOG00000070799",248
"ENSRNOG00000058474",919
"ENSRNOG00000032350",0
"ENSRNOG00000064123",0
"ENSRNOG00000062922",0
"ENSRNOG00000012378",441
"ENSRNOG00000068086",20
"ENSRNOG00000063032",0
"ENSRNOG00000013532",102
"ENSRNOG00000004621",5671
"ENSRNOG00000002258",6
"ENSRNOG00000003924",246
"ENSRNOG00000059140",1
"ENSRNOG00000002256",5
"ENSRNOG00000003253",183
"ENSRNOG00000052477",397
"ENSRNOG00000067585",4
"ENSRNOG00000003869",9718
"ENSRNOG00000063380",0
"ENSRNOG00000037462",39
"ENSRNOG00000022298",0
"ENSRNOG00000025923",516
"ENSRNOG00000022256",46
"ENSRNOG00000003052",321
"ENSRNOG00000027864",1073
"ENSRNOG00000052275",92
"ENSRNOG00000060340",4928
"ENSRNOG00000068472",0
"ENSRNOG00000000048",1489
"ENSRNOG00000007948",1419
"ENSRNOG00000065699",613
"ENSRNOG00000056148",1438
"ENSRNOG00000062321",0
"ENSRNOG00000049076",0
"ENSRNOG00000025645",0
"ENSRNOG00000002940",2369
"ENSRNOG00000058780",0
"ENSRNOG00000061910",1
"ENSRNOG00000067374",17
"ENSRNOG00000065388",0
"ENSRNOG00000062895",0
"ENSRNOG00000070590",0
"ENSRNOG00000069782",58
"ENSRNOG00000052061",0
"ENSRNOG00000004670",410
"ENSRNOG00000034011",0
"ENSRNOG00000003067",0
"ENSRNOG00000004440",8
"ENSRNOG00000002728",8
"ENSRNOG00000039548",0
"ENSRNOG00000039504",61
"ENSRNOG00000003296",324
"ENSRNOG00000063211",0
"ENSRNOG00000052080",19
"ENSRNOG00000039326",0
"ENSRNOG00000027463",18
"ENSRNOG00000065084",8
"ENSRNOG00000003119",0
"ENSRNOG00000005180",0
"ENSRNOG00000062649",0
"ENSRNOG00000064480",914
"ENSRNOG00000031307",0
"ENSRNOG00000065866",0
"ENSRNOG00000070218",0
"ENSRNOG00000050229",0
"ENSRNOG00000011704",332
"ENSRNOG00000009291",3
"ENSRNOG00000013353",634
"ENSRNOG00000018023",966
"ENSRNOG00000018295",553
"ENSRNOG00000008351",47
"ENSRNOG00000062766",0
"ENSRNOG00000070556",0
"ENSRNOG00000008543",367
"ENSRNOG00000062372",0
"ENSRNOG00000045711",0
"ENSRNOG00000065063",0
"ENSRNOG00000008829",1500
"ENSRNOG00000013804",1120
"ENSRNOG00000011039",1
"ENSRNOG00000014148",707
"ENSRNOG00000009745",441
"ENSRNOG00000010178",640
"ENSRNOG00000015495",269
"ENSRNOG00000011167",108
"ENSRNOG00000010935",0
"ENSRNOG00000011237",661
"ENSRNOG00000031849",1
"ENSRNOG00000017170",69
"ENSRNOG00000011873",184
"ENSRNOG00000010645",5991
"ENSRNOG00000047413",5
"ENSRNOG00000064161",0
"ENSRNOG00000010063",235
"ENSRNOG00000067178",0
"ENSRNOG00000070834",0
"ENSRNOG00000070976",8
"ENSRNOG00000012491",0
"ENSRNOG00000014982",0
"ENSRNOG00000067796",0
"ENSRNOG00000064001",0
"ENSRNOG00000000155",627
"ENSRNOG00000066061",0
"ENSRNOG00000012255",684
"ENSRNOG00000012515",0
"ENSRNOG00000067438",0
"ENSRNOG00000033642",0
"ENSRNOG00000001052",418
"ENSRNOG00000014192",339
"ENSRNOG00000066232",0
"ENSRNOG00000065899",0
"ENSRNOG00000016271",14821
"ENSRNOG00000069012",0
"ENSRNOG00000047419",0
"ENSRNOG00000015054",354
"ENSRNOG00000032368",0
"ENSRNOG00000012545",0
"ENSRNOG00000012526",0
"ENSRNOG00000008739",0
"ENSRNOG00000016029",697
"ENSRNOG00000030687",0
"ENSRNOG00000029613",0
"ENSRNOG00000008804",0
"ENSRNOG00000065218",0
"ENSRNOG00000039487",0
"ENSRNOG00000063079",0
"ENSRNOG00000025615",0
"ENSRNOG00000015577",287
"ENSRNOG00000054022",5
"ENSRNOG00000062920",0
"ENSRNOG00000030110",1
"ENSRNOG00000025562",0
"ENSRNOG00000066425",0
"ENSRNOG00000039500",0
"ENSRNOG00000062984",0
"ENSRNOG00000069587",0
"ENSRNOG00000064358",0
"ENSRNOG00000008800",0
"ENSRNOG00000063204",0
"ENSRNOG00000067511",0
"ENSRNOG00000069251",0
"ENSRNOG00000042103",0
"ENSRNOG00000014478",9980
"ENSRNOG00000039060",0
"ENSRNOG00000070633",2
"ENSRNOG00000020382",0
"ENSRNOG00000068095",0
"ENSRNOG00000063996",0
"ENSRNOG00000008850",260
"ENSRNOG00000057750",100
"ENSRNOG00000021843",3
"ENSRNOG00000067714",22
"ENSRNOG00000048585",96
"ENSRNOG00000058011",3968
"ENSRNOG00000025239",10
"ENSRNOG00000031532",457
"ENSRNOG00000013433",0
"ENSRNOG00000022760",25
"ENSRNOG00000008892",412
"ENSRNOG00000029077",72
"ENSRNOG00000021823",2
"ENSRNOG00000050996",0
"ENSRNOG00000011657",9
"ENSRNOG00000070802",0
"ENSRNOG00000026056",3
"ENSRNOG00000064764",76
"ENSRNOG00000038291",0
"ENSRNOG00000049650",0
"ENSRNOG00000029516",0
"ENSRNOG00000038122",0
"ENSRNOG00000030871",258
"ENSRNOG00000009333",218
"ENSRNOG00000045597",0
"ENSRNOG00000029520",21
"ENSRNOG00000038074",12334
"ENSRNOG00000062952",0
"ENSRNOG00000009663",1029
"ENSRNOG00000038041",0
"ENSRNOG00000022492",17
"ENSRNOG00000001030",8805
"ENSRNOG00000009521",0
"ENSRNOG00000009948",1130
"ENSRNOG00000065791",0
"ENSRNOG00000031960",306
"ENSRNOG00000063983",0
"ENSRNOG00000064722",0
"ENSRNOG00000064971",0
"ENSRNOG00000055266",0
"ENSRNOG00000067582",0
"ENSRNOG00000029824",0
"ENSRNOG00000068404",0
"ENSRNOG00000063454",2
"ENSRNOG00000010261",3
"ENSRNOG00000070732",7
"ENSRNOG00000042612",0
"ENSRNOG00000068233",0
"ENSRNOG00000068357",0
"ENSRNOG00000070440",6
"ENSRNOG00000025868",5
"ENSRNOG00000033030",914
"ENSRNOG00000031251",1
"ENSRNOG00000009982",1636
"ENSRNOG00000029267",540
"ENSRNOG00000051066",0
"ENSRNOG00000009063",435
"ENSRNOG00000063800",673
"ENSRNOG00000065956",0
"ENSRNOG00000066653",2
"ENSRNOG00000070072",1208
"ENSRNOG00000062868",0
"ENSRNOG00000065038",2
"ENSRNOG00000062313",13
"ENSRNOG00000043061",76
"ENSRNOG00000062503",2940
"ENSRNOG00000068647",411
"ENSRNOG00000059922",7
"ENSRNOG00000009471",0
"ENSRNOG00000051706",1880
"ENSRNOG00000068903",1
"ENSRNOG00000063033",18
"ENSRNOG00000067118",0
"ENSRNOG00000068308",0
"ENSRNOG00000062863",2
"ENSRNOG00000013236",311
"ENSRNOG00000009512",1818
"ENSRNOG00000010375",0
"ENSRNOG00000013287",541
"ENSRNOG00000025625",0
"ENSRNOG00000064609",60
"ENSRNOG00000025597",0
"ENSRNOG00000063584",3
"ENSRNOG00000065141",0
"ENSRNOG00000009412",604
"ENSRNOG00000069584",0
"ENSRNOG00000032133",0
"ENSRNOG00000070444",0
"ENSRNOG00000063957",0
"ENSRNOG00000064658",0
"ENSRNOG00000042960",234
"ENSRNOG00000071047",0
"ENSRNOG00000021943",0
"ENSRNOG00000001049",22444
"ENSRNOG00000029316",82
"ENSRNOG00000047106",110
"ENSRNOG00000009987",1775
"ENSRNOG00000022094",143
"ENSRNOG00000042404",18
"ENSRNOG00000047817",165
"ENSRNOG00000067430",10
"ENSRNOG00000010065",238
"ENSRNOG00000042253",345
"ENSRNOG00000013280",0
"ENSRNOG00000008970",0
"ENSRNOG00000024061",2
"ENSRNOG00000038228",65
"ENSRNOG00000068464",0
"ENSRNOG00000006751",1555
"ENSRNOG00000069429",0
"ENSRNOG00000062969",0
"ENSRNOG00000048927",658
"ENSRNOG00000007246",597
"ENSRNOG00000033366",0
"ENSRNOG00000045632",0
"ENSRNOG00000001037",317
"ENSRNOG00000064703",0
"ENSRNOG00000059044",0
"ENSRNOG00000001033",466
"ENSRNOG00000048795",1943
"ENSRNOG00000010389",694
"ENSRNOG00000064095",0
"ENSRNOG00000071004",0
"ENSRNOG00000031061",2072
"ENSRNOG00000064846",0
"ENSRNOG00000013306",20
"ENSRNOG00000062797",0
"ENSRNOG00000049976",0
"ENSRNOG00000062484",0
"ENSRNOG00000066180",0
"ENSRNOG00000045863",550
"ENSRNOG00000007701",654
"ENSRNOG00000062724",0
"ENSRNOG00000025473",0
"ENSRNOG00000039432",1
"ENSRNOG00000051907",0
"ENSRNOG00000069768",0
"ENSRNOG00000025512",155
"ENSRNOG00000064134",0
"ENSRNOG00000067574",0
"ENSRNOG00000053145",1194
"ENSRNOG00000061293",0
"ENSRNOG00000025640",0
"ENSRNOG00000066274",0
"ENSRNOG00000009075",63
"ENSRNOG00000056892",0
"ENSRNOG00000064043",0
"ENSRNOG00000027633",0
"ENSRNOG00000031304",0
"ENSRNOG00000021831",5
"ENSRNOG00000009074",13
"ENSRNOG00000064147",27
"ENSRNOG00000010696",2
"ENSRNOG00000020625",1
"ENSRNOG00000041381",0
"ENSRNOG00000068959",0
"ENSRNOG00000057109",0
"ENSRNOG00000067234",0
"ENSRNOG00000069849",0
"ENSRNOG00000046753",0
"ENSRNOG00000065233",0
"ENSRNOG00000052202",0
"ENSRNOG00000008024",3445
"ENSRNOG00000035462",0
"ENSRNOG00000012012",169
"ENSRNOG00000062626",1
"ENSRNOG00000060405",1
"ENSRNOG00000054276",0
"ENSRNOG00000035583",0
"ENSRNOG00000064640",0
"ENSRNOG00000057576",0
"ENSRNOG00000051849",0
"ENSRNOG00000063503",0
"ENSRNOG00000061287",0
"ENSRNOG00000035578",0
"ENSRNOG00000011678",176
"ENSRNOG00000069993",0
"ENSRNOG00000056893",0
"ENSRNOG00000035471",0
"ENSRNOG00000065455",0
"ENSRNOG00000060150",0
"ENSRNOG00000065085",0
"ENSRNOG00000035629",0
"ENSRNOG00000011560",651
"ENSRNOG00000066053",1
"ENSRNOG00000068227",0
"ENSRNOG00000068559",0
"ENSRNOG00000066538",0
"ENSRNOG00000060682",0
"ENSRNOG00000069181",2
"ENSRNOG00000052354",1691
"ENSRNOG00000057216",0
"ENSRNOG00000035649",0
"ENSRNOG00000064094",2
"ENSRNOG00000057812",1
"ENSRNOG00000065769",0
"ENSRNOG00000070936",8
"ENSRNOG00000038760",0
"ENSRNOG00000035657",0
"ENSRNOG00000065612",0
"ENSRNOG00000066005",8
"ENSRNOG00000065401",0
"ENSRNOG00000068082",0
"ENSRNOG00000068133",0
"ENSRNOG00000062371",3
"ENSRNOG00000064804",0
"ENSRNOG00000068621",0
"ENSRNOG00000068383",0
"ENSRNOG00000058865",0
"ENSRNOG00000063595",0
"ENSRNOG00000053976",0
"ENSRNOG00000065420",0
"ENSRNOG00000011316",102
"ENSRNOG00000070014",0
"ENSRNOG00000065060",0
"ENSRNOG00000066946",1
"ENSRNOG00000068304",0
"ENSRNOG00000069355",0
"ENSRNOG00000046326",0
"ENSRNOG00000053941",0
"ENSRNOG00000066682",0
"ENSRNOG00000070977",0
"ENSRNOG00000011762",1452
"ENSRNOG00000065679",0
"ENSRNOG00000057970",0
"ENSRNOG00000071137",0
"ENSRNOG00000061759",0
"ENSRNOG00000033109",0
"ENSRNOG00000063561",0
"ENSRNOG00000014231",3
"ENSRNOG00000056328",0
"ENSRNOG00000062774",0
"ENSRNOG00000014282",0
"ENSRNOG00000063652",0
"ENSRNOG00000067698",0
"ENSRNOG00000066578",0
"ENSRNOG00000070214",0
"ENSRNOG00000013317",150
"ENSRNOG00000069194",0
"ENSRNOG00000065797",243
"ENSRNOG00000010708",714
"ENSRNOG00000039871",323
"ENSRNOG00000051403",0
"ENSRNOG00000065194",0
"ENSRNOG00000071126",0
"ENSRNOG00000031618",0
"ENSRNOG00000061145",0
"ENSRNOG00000065144",19
"ENSRNOG00000065498",0
"ENSRNOG00000070830",0
"ENSRNOG00000063639",37
"ENSRNOG00000054735",0
"ENSRNOG00000024785",0
"ENSRNOG00000063200",0
"ENSRNOG00000069641",0
"ENSRNOG00000018238",0
"ENSRNOG00000065189",0
"ENSRNOG00000052938",0
"ENSRNOG00000066240",0
"ENSRNOG00000012046",813
"ENSRNOG00000056766",0
"ENSRNOG00000063430",0
"ENSRNOG00000056759",0
"ENSRNOG00000065395",0
"ENSRNOG00000055553",0
"ENSRNOG00000061833",0
"ENSRNOG00000064305",0
"ENSRNOG00000059530",0
"ENSRNOG00000065126",2
"ENSRNOG00000016414",147
"ENSRNOG00000070464",0
"ENSRNOG00000012594",708
"ENSRNOG00000068863",0
"ENSRNOG00000059767",0
"ENSRNOG00000055682",0
"ENSRNOG00000039297",1959
"ENSRNOG00000061838",0
"ENSRNOG00000059034",0
"ENSRNOG00000016177",1313
"ENSRNOG00000068027",0
"ENSRNOG00000060960",0
"ENSRNOG00000058061",0
"ENSRNOG00000065230",0
"ENSRNOG00000054135",0
"ENSRNOG00000062363",0
"ENSRNOG00000058452",0
"ENSRNOG00000069957",0
"ENSRNOG00000071028",0
"ENSRNOG00000063250",266
"ENSRNOG00000011544",325
"ENSRNOG00000070015",0
"ENSRNOG00000061641",28
"ENSRNOG00000014311",62
"ENSRNOG00000058525",0
"ENSRNOG00000069144",3
"ENSRNOG00000029808",0
"ENSRNOG00000024504",0
"ENSRNOG00000062348",0
"ENSRNOG00000054577",0
"ENSRNOG00000070675",0
"ENSRNOG00000033141",0
"ENSRNOG00000057363",0
"ENSRNOG00000068645",0
"ENSRNOG00000016460",3892
"ENSRNOG00000063915",3
"ENSRNOG00000066360",1
"ENSRNOG00000039284",122
"ENSRNOG00000062007",0
"ENSRNOG00000039489",10
"ENSRNOG00000012821",0
"ENSRNOG00000070715",0
"ENSRNOG00000057277",0
"ENSRNOG00000070972",0
"ENSRNOG00000063028",0
"ENSRNOG00000057251",0
"ENSRNOG00000029860",0
"ENSRNOG00000018177",0
"ENSRNOG00000058584",1
"ENSRNOG00000065303",2
"ENSRNOG00000063385",2
"ENSRNOG00000011548",23
"ENSRNOG00000057837",16
"ENSRNOG00000054493",7
"ENSRNOG00000066516",2
"ENSRNOG00000065534",14
"ENSRNOG00000057709",0
"ENSRNOG00000069433",10
"ENSRNOG00000013386",883
"ENSRNOG00000019895",368
"ENSRNOG00000055787",0
"ENSRNOG00000068890",0
"ENSRNOG00000010479",2404
"ENSRNOG00000016648",1
"ENSRNOG00000058479",0
"ENSRNOG00000013503",71
"ENSRNOG00000067974",13
"ENSRNOG00000066692",5
"ENSRNOG00000060935",0
"ENSRNOG00000070476",11
"ENSRNOG00000008203",0
"ENSRNOG00000054159",0
"ENSRNOG00000012488",959
"ENSRNOG00000062755",0
"ENSRNOG00000065567",40
"ENSRNOG00000034535",0
"ENSRNOG00000061269",0
"ENSRNOG00000064445",0
"ENSRNOG00000020216",292
"ENSRNOG00000010319",41
"ENSRNOG00000061398",0
"ENSRNOG00000063536",2
"ENSRNOG00000061120",0
"ENSRNOG00000058181",0
"ENSRNOG00000070060",2
"ENSRNOG00000009449",2771
"ENSRNOG00000063234",0
"ENSRNOG00000052992",0
"ENSRNOG00000042029",1
"ENSRNOG00000059298",0
"ENSRNOG00000059939",0
"ENSRNOG00000067706",1
"ENSRNOG00000068103",2
"ENSRNOG00000059627",0
"ENSRNOG00000067726",1
"ENSRNOG00000057990",0
"ENSRNOG00000067953",2
"ENSRNOG00000054707",0
"ENSRNOG00000020189",479
"ENSRNOG00000066324",5
"ENSRNOG00000065267",0
"ENSRNOG00000012844",1109
"ENSRNOG00000056319",0
"ENSRNOG00000068534",0
"ENSRNOG00000011634",37
"ENSRNOG00000053495",0
"ENSRNOG00000070078",0
"ENSRNOG00000063907",1
"ENSRNOG00000071095",0
"ENSRNOG00000068458",1
"ENSRNOG00000053993",0
"ENSRNOG00000068783",362
"ENSRNOG00000013111",499
"ENSRNOG00000060347",0
"ENSRNOG00000029659",0
"ENSRNOG00000065894",0
"ENSRNOG00000064422",5
"ENSRNOG00000062832",0
"ENSRNOG00000063941",0
"ENSRNOG00000053120",0
"ENSRNOG00000066594",7
"ENSRNOG00000039543",1
"ENSRNOG00000063777",0
"ENSRNOG00000008059",0
"ENSRNOG00000060452",0
"ENSRNOG00000027839",32
"ENSRNOG00000070692",0
"ENSRNOG00000054386",0
"ENSRNOG00000054874",0
"ENSRNOG00000048980",37
"ENSRNOG00000052738",0
"ENSRNOG00000009034",456
"ENSRNOG00000053579",0
"ENSRNOG00000064280",0
"ENSRNOG00000067130",0
"ENSRNOG00000061336",0
"ENSRNOG00000013533",1922
"ENSRNOG00000065715",0
"ENSRNOG00000062908",0
"ENSRNOG00000027383",0
"ENSRNOG00000056821",0
"ENSRNOG00000069197",0
"ENSRNOG00000057947",0
"ENSRNOG00000069162",9
"ENSRNOG00000028810",0
"ENSRNOG00000015308",47
"ENSRNOG00000055587",3
"ENSRNOG00000035605",0
"ENSRNOG00000035645",0
"ENSRNOG00000063635",0
"ENSRNOG00000040381",0
"ENSRNOG00000064428",0
"ENSRNOG00000010798",0
"ENSRNOG00000011809",0
"ENSRNOG00000045973",0
"ENSRNOG00000062795",31
"ENSRNOG00000063486",2
"ENSRNOG00000009814",17
"ENSRNOG00000059279",0
"ENSRNOG00000063390",0
"ENSRNOG00000029146",296
"ENSRNOG00000020563",0
"ENSRNOG00000012402",0
"ENSRNOG00000066208",1
"ENSRNOG00000045641",0
"ENSRNOG00000057827",1
"ENSRNOG00000029220",681
"ENSRNOG00000064152",37
"ENSRNOG00000061157",4
"ENSRNOG00000008986",254
"ENSRNOG00000014904",7
"ENSRNOG00000069819",0
"ENSRNOG00000009873",922
"ENSRNOG00000018825",953
"ENSRNOG00000031100",0
"ENSRNOG00000008570",0
"ENSRNOG00000067125",8
"ENSRNOG00000025757",0
"ENSRNOG00000069044",0
"ENSRNOG00000065640",3
"ENSRNOG00000068573",0
"ENSRNOG00000064476",0
"ENSRNOG00000059188",0
"ENSRNOG00000022597",201
"ENSRNOG00000055101",0
"ENSRNOG00000065429",77
"ENSRNOG00000060835",0
"ENSRNOG00000056306",1
"ENSRNOG00000069953",0
"ENSRNOG00000069532",0
"ENSRNOG00000054766",0
"ENSRNOG00000010042",749
"ENSRNOG00000067762",461
"ENSRNOG00000015732",213
"ENSRNOG00000055932",1
"ENSRNOG00000051622",0
"ENSRNOG00000008814",12
"ENSRNOG00000054041",0
"ENSRNOG00000052692",0
"ENSRNOG00000063774",0
"ENSRNOG00000031449",0
"ENSRNOG00000042195",1298
"ENSRNOG00000017424",0
"ENSRNOG00000053065",0
"ENSRNOG00000052683",0
"ENSRNOG00000064523",0
"ENSRNOG00000067145",0
"ENSRNOG00000011953",963
"ENSRNOG00000008834",16
"ENSRNOG00000059046",0
"ENSRNOG00000057168",0
"ENSRNOG00000016983",0
"ENSRNOG00000014291",1033
"ENSRNOG00000069783",0
"ENSRNOG00000061555",0
"ENSRNOG00000067671",0
"ENSRNOG00000068549",0
"ENSRNOG00000051646",0
"ENSRNOG00000061152",2882
"ENSRNOG00000061494",0
"ENSRNOG00000068487",378
"ENSRNOG00000069315",0
"ENSRNOG00000070994",0
"ENSRNOG00000056111",0
"ENSRNOG00000065418",0
"ENSRNOG00000059855",0
"ENSRNOG00000063420",0
"ENSRNOG00000024798",176
"ENSRNOG00000047005",0
"ENSRNOG00000025011",2089
"ENSRNOG00000017286",217
"ENSRNOG00000009125",642
"ENSRNOG00000018069",457
"ENSRNOG00000009208",120
"ENSRNOG00000016828",1
"ENSRNOG00000053494",0
"ENSRNOG00000016804",0
"ENSRNOG00000011592",5611
"ENSRNOG00000020782",523
"ENSRNOG00000053334",0
"ENSRNOG00000018399",0
"ENSRNOG00000011621",2594
"ENSRNOG00000020321",184
"ENSRNOG00000025634",191
"ENSRNOG00000020377",4
"ENSRNOG00000066806",0
"ENSRNOG00000018105",801
"ENSRNOG00000065822",0
"ENSRNOG00000020685",0
"ENSRNOG00000060775",1441
"ENSRNOG00000067852",0
"ENSRNOG00000069821",0
"ENSRNOG00000025619",0
"ENSRNOG00000017027",0
"ENSRNOG00000062532",0
"ENSRNOG00000025589",0
"ENSRNOG00000066413",0
"ENSRNOG00000008989",253
"ENSRNOG00000020136",5
"ENSRNOG00000013968",261
"ENSRNOG00000063163",1
"ENSRNOG00000008785",38
"ENSRNOG00000039435",0
"ENSRNOG00000066673",0
"ENSRNOG00000062840",0
"ENSRNOG00000013089",452
"ENSRNOG00000060662",2
"ENSRNOG00000069519",0
"ENSRNOG00000022116",0
"ENSRNOG00000010947",9788
"ENSRNOG00000014887",175
"ENSRNOG00000020503",3
"ENSRNOG00000009431",27
"ENSRNOG00000032148",20
"ENSRNOG00000020506",153
"ENSRNOG00000019019",2
"ENSRNOG00000054269",0
"ENSRNOG00000018528",0
"ENSRNOG00000009090",1659
"ENSRNOG00000020544",390
"ENSRNOG00000038012",209
"ENSRNOG00000030483",462
"ENSRNOG00000009244",4098
"ENSRNOG00000013101",0
"ENSRNOG00000064786",0
"ENSRNOG00000013326",1064
"ENSRNOG00000068252",0
"ENSRNOG00000066973",1
"ENSRNOG00000070770",0
"ENSRNOG00000019840",137
"ENSRNOG00000011168",512
"ENSRNOG00000009713",4289
"ENSRNOG00000053522",0
"ENSRNOG00000013505",4709
"ENSRNOG00000008847",1
"ENSRNOG00000010296",225
"ENSRNOG00000018536",1185
"ENSRNOG00000065600",0
"ENSRNOG00000066599",0
"ENSRNOG00000049099",4488
"ENSRNOG00000008855",0
"ENSRNOG00000012791",319
"ENSRNOG00000018239",133
"ENSRNOG00000009145",501
"ENSRNOG00000050968",0
"ENSRNOG00000024509",0
"ENSRNOG00000069364",0
"ENSRNOG00000064504",0
"ENSRNOG00000066125",0
"ENSRNOG00000064194",0
"ENSRNOG00000063334",0
"ENSRNOG00000013459",1254
"ENSRNOG00000005857",0
"ENSRNOG00000066711",0
"ENSRNOG00000025518",31
"ENSRNOG00000008734",2288
"ENSRNOG00000067381",0
"ENSRNOG00000070074",0
"ENSRNOG00000063931",0
"ENSRNOG00000067301",0
"ENSRNOG00000010137",796
"ENSRNOG00000009836",1210
"ENSRNOG00000067669",0
"ENSRNOG00000007895",454
"ENSRNOG00000011158",2331
"ENSRNOG00000021712",427
"ENSRNOG00000069095",1
"ENSRNOG00000020401",2
"ENSRNOG00000067709",0
"ENSRNOG00000061275",0
"ENSRNOG00000065912",0
"ENSRNOG00000068543",0
"ENSRNOG00000055238",0
"ENSRNOG00000009690",189
"ENSRNOG00000070979",0
"ENSRNOG00000024022",1223
"ENSRNOG00000067681",1
"ENSRNOG00000068831",0
"ENSRNOG00000010997",124
"ENSRNOG00000065703",0
"ENSRNOG00000064184",5
"ENSRNOG00000020264",399
"ENSRNOG00000013581",2375
"ENSRNOG00000009649",0
"ENSRNOG00000065367",0
"ENSRNOG00000022337",0
"ENSRNOG00000009470",1687
"ENSRNOG00000064677",0
"ENSRNOG00000009209",0
"ENSRNOG00000047211",337
"ENSRNOG00000053891",11
"ENSRNOG00000065860",0
"ENSRNOG00000054569",0
"ENSRNOG00000009530",23
"ENSRNOG00000068772",0
"ENSRNOG00000071105",5
"ENSRNOG00000020465",284
"ENSRNOG00000065100",1
"ENSRNOG00000066775",0
"ENSRNOG00000009625",5000
"ENSRNOG00000068941",0
"ENSRNOG00000063247",0
"ENSRNOG00000010058",4019
"ENSRNOG00000030018",0
"ENSRNOG00000049583",0
"ENSRNOG00000063938",0
"ENSRNOG00000062910",0
"ENSRNOG00000020482",741
"ENSRNOG00000067050",0
"ENSRNOG00000010085",2
"ENSRNOG00000011471",4
"ENSRNOG00000009919",0
"ENSRNOG00000069606",0
"ENSRNOG00000065955",0
"ENSRNOG00000042267",0
"ENSRNOG00000013623",0
"ENSRNOG00000070380",1
"ENSRNOG00000009694",673
"ENSRNOG00000014003",8
"ENSRNOG00000066524",0
"ENSRNOG00000064315",2
"ENSRNOG00000009766",866
"ENSRNOG00000066720",0
"ENSRNOG00000038068",0
"ENSRNOG00000014191",501
"ENSRNOG00000019246",40
"ENSRNOG00000063695",0
"ENSRNOG00000038917",0
"ENSRNOG00000070366",0
"ENSRNOG00000012521",2
"ENSRNOG00000009815",64
"ENSRNOG00000063949",0
"ENSRNOG00000064694",151
"ENSRNOG00000063134",0
"ENSRNOG00000007206",21
"ENSRNOG00000065815",0
"ENSRNOG00000064531",0
"ENSRNOG00000019438",641
"ENSRNOG00000042156",0
"ENSRNOG00000012644",692
"ENSRNOG00000064939",1
"ENSRNOG00000011646",83
"ENSRNOG00000024237",56
"ENSRNOG00000025302",96
"ENSRNOG00000005883",1
"ENSRNOG00000063168",0
"ENSRNOG00000067749",0
"ENSRNOG00000005869",1034
"ENSRNOG00000021847",167
"ENSRNOG00000067066",0
"ENSRNOG00000019478",3
"ENSRNOG00000067546",0
"ENSRNOG00000068832",0
"ENSRNOG00000062588",399
"ENSRNOG00000070952",7
"ENSRNOG00000064323",0
"ENSRNOG00000010064",949
"ENSRNOG00000065453",0
"ENSRNOG00000066847",48
"ENSRNOG00000048431",893
"ENSRNOG00000011024",613
"ENSRNOG00000062279",342
"ENSRNOG00000019041",4462
"ENSRNOG00000059334",788
"ENSRNOG00000027012",684
"ENSRNOG00000012951",7
"ENSRNOG00000019162",6
"ENSRNOG00000012049",3
"ENSRNOG00000013793",0
"ENSRNOG00000049919",0
"ENSRNOG00000007320",0
"ENSRNOG00000068540",0
"ENSRNOG00000046301",0
"ENSRNOG00000064668",85
"ENSRNOG00000009820",2801
"ENSRNOG00000019503",12
"ENSRNOG00000047258",2
"ENSRNOG00000047637",0
"ENSRNOG00000019553",1620
"ENSRNOG00000047632",3
"ENSRNOG00000005957",262
"ENSRNOG00000019710",913
"ENSRNOG00000012440",124
"ENSRNOG00000019789",3
"ENSRNOG00000008053",37
"ENSRNOG00000020647",0
"ENSRNOG00000021910",0
"ENSRNOG00000031792",0
"ENSRNOG00000009522",0
"ENSRNOG00000014054",0
"ENSRNOG00000070413",0
"ENSRNOG00000069510",0
"ENSRNOG00000063482",0
"ENSRNOG00000008664",4011
"ENSRNOG00000046660",1544
"ENSRNOG00000033261",4
"ENSRNOG00000009661",299
"ENSRNOG00000008671",0
"ENSRNOG00000024703",1110
"ENSRNOG00000058057",1157
"ENSRNOG00000054782",1426
"ENSRNOG00000056343",1042
"ENSRNOG00000063112",0
"ENSRNOG00000012918",993
"ENSRNOG00000010352",1294
"ENSRNOG00000024125",0
"ENSRNOG00000014398",43
"ENSRNOG00000013707",41
"ENSRNOG00000007378",6
"ENSRNOG00000015921",22
"ENSRNOG00000015939",199
"ENSRNOG00000014659",216
"ENSRNOG00000010737",5363
"ENSRNOG00000028821",0
"ENSRNOG00000067366",0
"ENSRNOG00000007632",43
"ENSRNOG00000062980",0
"ENSRNOG00000014509",1114
"ENSRNOG00000017828",401
"ENSRNOG00000068885",0
"ENSRNOG00000066964",0
"ENSRNOG00000064732",0
"ENSRNOG00000067241",29
"ENSRNOG00000040007",0
"ENSRNOG00000031535",0
"ENSRNOG00000042281",1
"ENSRNOG00000066375",5
"ENSRNOG00000051564",832
"ENSRNOG00000070038",1
"ENSRNOG00000014518",2
"ENSRNOG00000037884",0
"ENSRNOG00000037886",1
"ENSRNOG00000009278",2
"ENSRNOG00000009481",405
"ENSRNOG00000066148",297
"ENSRNOG00000063586",0
"ENSRNOG00000010555",19
"ENSRNOG00000014603",995
"ENSRNOG00000031720",0
"ENSRNOG00000063939",0
"ENSRNOG00000000340",3468
"ENSRNOG00000009849",429
"ENSRNOG00000050211",33
"ENSRNOG00000010311",1406
"ENSRNOG00000017373",165
"ENSRNOG00000014653",52
"ENSRNOG00000015095",278
"ENSRNOG00000000341",4365
"ENSRNOG00000012912",0
"ENSRNOG00000013876",331
"ENSRNOG00000066389",3
"ENSRNOG00000026247",0
"ENSRNOG00000069977",0
"ENSRNOG00000009871",12
"ENSRNOG00000014265",0
"ENSRNOG00000063660",84
"ENSRNOG00000039829",0
"ENSRNOG00000011611",1917
"ENSRNOG00000011598",43
"ENSRNOG00000011427",12
"ENSRNOG00000008794",1025
"ENSRNOG00000064141",2
"ENSRNOG00000021680",218
"ENSRNOG00000009102",7111
"ENSRNOG00000014358",0
"ENSRNOG00000004516",435
"ENSRNOG00000008565",348
"ENSRNOG00000009288",15
"ENSRNOG00000008140",5288
"ENSRNOG00000012751",4897
"ENSRNOG00000069746",0
"ENSRNOG00000013835",1
"ENSRNOG00000011831",120
"ENSRNOG00000014075",120
"ENSRNOG00000011603",692
"ENSRNOG00000012014",336
"ENSRNOG00000009419",2166
"ENSRNOG00000038762",0
"ENSRNOG00000066497",405
"ENSRNOG00000030724",0
"ENSRNOG00000011203",2137
"ENSRNOG00000010028",183
"ENSRNOG00000012209",531
"ENSRNOG00000011511",1649
"ENSRNOG00000011177",5
"ENSRNOG00000011323",2
"ENSRNOG00000014945",2464
"ENSRNOG00000010890",1899
"ENSRNOG00000065026",0
"ENSRNOG00000068183",596
"ENSRNOG00000015075",177
"ENSRNOG00000032690",1680
"ENSRNOG00000015477",0
"ENSRNOG00000011373",247
"ENSRNOG00000009181",0
"ENSRNOG00000007203",1343
"ENSRNOG00000009192",144
"ENSRNOG00000038483",9
"ENSRNOG00000007956",95
"ENSRNOG00000009440",0
"ENSRNOG00000057042",333
"ENSRNOG00000009832",3679
"ENSRNOG00000009802",9
"ENSRNOG00000008641",271
"ENSRNOG00000038759",0
"ENSRNOG00000038758",0
"ENSRNOG00000006334",827
"ENSRNOG00000038757",0
"ENSRNOG00000013288",1314
"ENSRNOG00000010331",37461
"ENSRNOG00000026328",1
"ENSRNOG00000009785",171
"ENSRNOG00000021314",2180
"ENSRNOG00000013922",27
"ENSRNOG00000011342",3
"ENSRNOG00000006462",1162
"ENSRNOG00000070558",0
"ENSRNOG00000026616",0
"ENSRNOG00000065077",38
"ENSRNOG00000013658",0
"ENSRNOG00000009811",6368
"ENSRNOG00000013916",0
"ENSRNOG00000027040",119
"ENSRNOG00000010721",242
"ENSRNOG00000067464",1
"ENSRNOG00000067330",376
"ENSRNOG00000012363",3
"ENSRNOG00000025638",2
"ENSRNOG00000014310",338
"ENSRNOG00000010489",277
"ENSRNOG00000052414",0
"ENSRNOG00000064068",0
"ENSRNOG00000054879",1
"ENSRNOG00000070489",1
"ENSRNOG00000012710",1190
"ENSRNOG00000012628",2
"ENSRNOG00000025094",2
"ENSRNOG00000012273",0
"ENSRNOG00000014010",1
"ENSRNOG00000017481",843
"ENSRNOG00000016321",572
"ENSRNOG00000011969",589
"ENSRNOG00000016758",3153
"ENSRNOG00000016777",198
"ENSRNOG00000016939",542
"ENSRNOG00000004752",36
"ENSRNOG00000010989",4782
"ENSRNOG00000012850",1040
"ENSRNOG00000064565",427
"ENSRNOG00000060401",19
"ENSRNOG00000070657",96
"ENSRNOG00000013034",2
"ENSRNOG00000005783",1074
"ENSRNOG00000069198",4
"ENSRNOG00000065677",1
"ENSRNOG00000014237",456
"ENSRNOG00000048195",55
"ENSRNOG00000006422",0
"ENSRNOG00000010516",15
"ENSRNOG00000071188",0
"ENSRNOG00000040122",2
"ENSRNOG00000014661",115
"ENSRNOG00000046912",1425
"ENSRNOG00000064483",0
"ENSRNOG00000009274",531
"ENSRNOG00000009783",2422
"ENSRNOG00000009042",1787
"ENSRNOG00000062911",0
"ENSRNOG00000068637",0
"ENSRNOG00000011461",781
"ENSRNOG00000010765",5738
"ENSRNOG00000012325",732
"ENSRNOG00000057755",1680
"ENSRNOG00000056617",1340
"ENSRNOG00000007136",5442
"ENSRNOG00000009297",548
"ENSRNOG00000009206",0
"ENSRNOG00000006143",564
"ENSRNOG00000005985",114
"ENSRNOG00000005993",146
"ENSRNOG00000008949",73
"ENSRNOG00000008167",1676
"ENSRNOG00000007817",227
"ENSRNOG00000006649",511
"ENSRNOG00000007046",95
"ENSRNOG00000064871",1
"ENSRNOG00000006898",431
"ENSRNOG00000006619",238
"ENSRNOG00000069647",3
"ENSRNOG00000006554",725
"ENSRNOG00000019232",545
"ENSRNOG00000018938",37
"ENSRNOG00000017820",0
"ENSRNOG00000018853",0
"ENSRNOG00000042120",0
"ENSRNOG00000069385",730
"ENSRNOG00000029549",1493
"ENSRNOG00000068518",0
"ENSRNOG00000064755",4
"ENSRNOG00000019519",35
"ENSRNOG00000070010",3
"ENSRNOG00000030925",59
"ENSRNOG00000027506",0
"ENSRNOG00000063738",1
"ENSRNOG00000033763",6
"ENSRNOG00000061359",325
"ENSRNOG00000039876",263
"ENSRNOG00000021752",0
"ENSRNOG00000038520",3
"ENSRNOG00000067437",64
"ENSRNOG00000018685",0
"ENSRNOG00000069521",360
"ENSRNOG00000017558",132
"ENSRNOG00000066822",31
"ENSRNOG00000019533",42
"ENSRNOG00000018698",1163
"ENSRNOG00000068870",0
"ENSRNOG00000063235",10
"ENSRNOG00000052320",0
"ENSRNOG00000017445",0
"ENSRNOG00000058811",0
"ENSRNOG00000051428",0
"ENSRNOG00000038047",3986
"ENSRNOG00000060985",0
"ENSRNOG00000017577",182
"ENSRNOG00000058895",0
"ENSRNOG00000064216",88
"ENSRNOG00000051566",0
"ENSRNOG00000038045",2550
"ENSRNOG00000063796",168
"ENSRNOG00000062940",0
"ENSRNOG00000068127",0
"ENSRNOG00000064431",0
"ENSRNOG00000054187",0
"ENSRNOG00000063460",0
"ENSRNOG00000064328",11
"ENSRNOG00000062394",0
"ENSRNOG00000017093",342
"ENSRNOG00000059499",0
"ENSRNOG00000070037",0
"ENSRNOG00000065074",0
"ENSRNOG00000069116",285
"ENSRNOG00000060417",0
"ENSRNOG00000062867",0
"ENSRNOG00000066580",0
"ENSRNOG00000063648",1
"ENSRNOG00000014834",606
"ENSRNOG00000067597",0
"ENSRNOG00000069741",0
"ENSRNOG00000016710",0
"ENSRNOG00000066957",0
"ENSRNOG00000065382",0
"ENSRNOG00000052457",0
"ENSRNOG00000062924",34
"ENSRNOG00000016950",89
"ENSRNOG00000012747",0
"ENSRNOG00000062851",2
"ENSRNOG00000064317",0
"ENSRNOG00000066463",45
"ENSRNOG00000067963",238
"ENSRNOG00000005017",336
"ENSRNOG00000062936",0
"ENSRNOG00000067121",26
"ENSRNOG00000064580",0
"ENSRNOG00000063944",1
"ENSRNOG00000059156",0
"ENSRNOG00000009861",20
"ENSRNOG00000058199",0
"ENSRNOG00000062456",0
"ENSRNOG00000055896",0
"ENSRNOG00000064004",0
"ENSRNOG00000066756",0
"ENSRNOG00000040101",339
"ENSRNOG00000018113",694
"ENSRNOG00000051584",0
"ENSRNOG00000066301",73
"ENSRNOG00000051833",0
"ENSRNOG00000018489",0
"ENSRNOG00000018407",0
"ENSRNOG00000063546",2
"ENSRNOG00000068264",0
"ENSRNOG00000057631",0
"ENSRNOG00000064579",0
"ENSRNOG00000056514",0
"ENSRNOG00000042026",4
"ENSRNOG00000069244",0
"ENSRNOG00000019282",2149
"ENSRNOG00000064109",3
"ENSRNOG00000067485",8
"ENSRNOG00000063067",6
"ENSRNOG00000051410",0
"ENSRNOG00000070395",0
"ENSRNOG00000069114",0
"ENSRNOG00000056058",1
"ENSRNOG00000062734",0
"ENSRNOG00000068774",8
"ENSRNOG00000059319",27
"ENSRNOG00000054822",0
"ENSRNOG00000062647",21
"ENSRNOG00000067621",0
"ENSRNOG00000070359",3
"ENSRNOG00000065443",5
"ENSRNOG00000053558",0
"ENSRNOG00000067401",0
"ENSRNOG00000053330",0
"ENSRNOG00000056440",0
"ENSRNOG00000049410",12
"ENSRNOG00000069703",0
"ENSRNOG00000019272",141
"ENSRNOG00000068339",0
"ENSRNOG00000070722",0
"ENSRNOG00000069161",0
"ENSRNOG00000014165",3694
"ENSRNOG00000059165",0
"ENSRNOG00000066735",0
"ENSRNOG00000067481",0
"ENSRNOG00000061286",0
"ENSRNOG00000064357",19
"ENSRNOG00000051896",0
"ENSRNOG00000066037",0
"ENSRNOG00000064337",0
"ENSRNOG00000055595",0
"ENSRNOG00000016480",0
"ENSRNOG00000062432",0
"ENSRNOG00000018046",1645
"ENSRNOG00000064793",7
"ENSRNOG00000055463",0
"ENSRNOG00000070418",6
"ENSRNOG00000070714",0
"ENSRNOG00000067975",0
"ENSRNOG00000069575",0
"ENSRNOG00000067998",0
"ENSRNOG00000056205",2
"ENSRNOG00000063990",4
"ENSRNOG00000067009",0
"ENSRNOG00000055730",0
"ENSRNOG00000057581",0
"ENSRNOG00000012727",3
"ENSRNOG00000067275",0
"ENSRNOG00000017040",10
"ENSRNOG00000051874",0
"ENSRNOG00000057046",0
"ENSRNOG00000063699",2
"ENSRNOG00000067925",0
"ENSRNOG00000061790",0
"ENSRNOG00000068410",6
"ENSRNOG00000070020",0
"ENSRNOG00000064150",5
"ENSRNOG00000065466",0
"ENSRNOG00000067157",0
"ENSRNOG00000047594",330
"ENSRNOG00000064218",0
"ENSRNOG00000058085",0
"ENSRNOG00000035594",9
"ENSRNOG00000061070",2
"ENSRNOG00000051469",0
"ENSRNOG00000041319",0
"ENSRNOG00000067016",4
"ENSRNOG00000035467",11
"ENSRNOG00000035613",18
"ENSRNOG00000012040",0
"ENSRNOG00000070654",0
"ENSRNOG00000068467",0
"ENSRNOG00000061748",0
"ENSRNOG00000067410",3
"ENSRNOG00000069447",0
"ENSRNOG00000035568",0
"ENSRNOG00000070371",1
"ENSRNOG00000053995",0
"ENSRNOG00000064424",1
"ENSRNOG00000070587",0
"ENSRNOG00000067736",2
"ENSRNOG00000035538",0
"ENSRNOG00000067458",23
"ENSRNOG00000068005",3
"ENSRNOG00000046071",0
"ENSRNOG00000065080",23
"ENSRNOG00000068269",0
"ENSRNOG00000069869",0
"ENSRNOG00000063038",0
"ENSRNOG00000065398",85
"ENSRNOG00000041300",0
"ENSRNOG00000056515",0
"ENSRNOG00000063824",0
"ENSRNOG00000066868",0
"ENSRNOG00000041870",0
"ENSRNOG00000022870",1823
"ENSRNOG00000035632",2
"ENSRNOG00000069861",4
"ENSRNOG00000016135",287
"ENSRNOG00000035576",3
"ENSRNOG00000070126",0
"ENSRNOG00000067495",218
"ENSRNOG00000068888",6
"ENSRNOG00000066095",7
"ENSRNOG00000070726",0
"ENSRNOG00000065846",0
"ENSRNOG00000015888",1209
"ENSRNOG00000068481",3
"ENSRNOG00000064475",89
"ENSRNOG00000016410",3961
"ENSRNOG00000047970",277
"ENSRNOG00000066229",472
"ENSRNOG00000063744",0
"ENSRNOG00000068587",32
"ENSRNOG00000068596",0
"ENSRNOG00000016420",6
"ENSRNOG00000012216",3139
"ENSRNOG00000062636",1
"ENSRNOG00000069931",0
"ENSRNOG00000068968",73
"ENSRNOG00000022139",0
"ENSRNOG00000068907",0
"ENSRNOG00000066586",0
"ENSRNOG00000063573",0
"ENSRNOG00000066568",3
"ENSRNOG00000067244",0
"ENSRNOG00000066129",0
"ENSRNOG00000071160",0
"ENSRNOG00000070855",1
"ENSRNOG00000067617",0
"ENSRNOG00000070577",0
"ENSRNOG00000068616",0
"ENSRNOG00000070510",0
"ENSRNOG00000068971",0
"ENSRNOG00000060680",0
"ENSRNOG00000070370",0
"ENSRNOG00000012189",2
"ENSRNOG00000029273",500
"ENSRNOG00000071193",0
"ENSRNOG00000065125",0
"ENSRNOG00000063920",10
"ENSRNOG00000014670",1908
"ENSRNOG00000063526",0
"ENSRNOG00000064869",0
"ENSRNOG00000065814",0
"ENSRNOG00000062512",107
"ENSRNOG00000012168",76
"ENSRNOG00000064546",3
"ENSRNOG00000069946",0
"ENSRNOG00000065771",80
"ENSRNOG00000067254",262
"ENSRNOG00000066675",0
"ENSRNOG00000069772",0
"ENSRNOG00000056376",88
"ENSRNOG00000064541",4
"ENSRNOG00000066454",1
"ENSRNOG00000067078",0
"ENSRNOG00000012131",0
"ENSRNOG00000064653",0
"ENSRNOG00000018346",87
"ENSRNOG00000071123",16
"ENSRNOG00000042749",0
"ENSRNOG00000065601",2
"ENSRNOG00000069115",2
"ENSRNOG00000063980",0
"ENSRNOG00000011984",0
"ENSRNOG00000062829",0
"ENSRNOG00000063506",0
"ENSRNOG00000068189",4
"ENSRNOG00000063015",21
"ENSRNOG00000063415",0
"ENSRNOG00000069500",2
"ENSRNOG00000070899",1
"ENSRNOG00000063934",0
"ENSRNOG00000069096",0
"ENSRNOG00000011947",0
"ENSRNOG00000064900",2
"ENSRNOG00000069395",0
"ENSRNOG00000068718",0
"ENSRNOG00000063665",3
"ENSRNOG00000058596",1
"ENSRNOG00000065837",0
"ENSRNOG00000065358",0
"ENSRNOG00000018381",251
"ENSRNOG00000070628",0
"ENSRNOG00000059042",0
"ENSRNOG00000066100",0
"ENSRNOG00000066583",0
"ENSRNOG00000066536",0
"ENSRNOG00000053214",0
"ENSRNOG00000068332",124
"ENSRNOG00000066256",0
"ENSRNOG00000068821",0
"ENSRNOG00000017833",38
"ENSRNOG00000000133",753
"ENSRNOG00000061758",0
"ENSRNOG00000069054",0
"ENSRNOG00000070253",0
"ENSRNOG00000063078",0
"ENSRNOG00000067325",0
"ENSRNOG00000071061",0
"ENSRNOG00000017770",306
"ENSRNOG00000059108",0
"ENSRNOG00000070693",0
"ENSRNOG00000055771",0
"ENSRNOG00000065541",0
"ENSRNOG00000051877",0
"ENSRNOG00000056220",0
"ENSRNOG00000051427",0
"ENSRNOG00000063300",1934
"ENSRNOG00000053933",0
"ENSRNOG00000066923",0
"ENSRNOG00000070973",0
"ENSRNOG00000062570",0
"ENSRNOG00000011423",0
"ENSRNOG00000053333",3
"ENSRNOG00000061452",0
"ENSRNOG00000057915",0
"ENSRNOG00000059477",0
"ENSRNOG00000069785",0
"ENSRNOG00000064651",0
"ENSRNOG00000021886",190
"ENSRNOG00000069902",0
"ENSRNOG00000052112",0
"ENSRNOG00000054406",0
"ENSRNOG00000061305",0
"ENSRNOG00000058961",0
"ENSRNOG00000051803",0
"ENSRNOG00000059985",0
"ENSRNOG00000017941",1120
"ENSRNOG00000016581",14
"ENSRNOG00000054642",0
"ENSRNOG00000021911",567
"ENSRNOG00000068053",0
"ENSRNOG00000057268",0
"ENSRNOG00000016436",0
"ENSRNOG00000055073",0
"ENSRNOG00000067779",0
"ENSRNOG00000030775",0
"ENSRNOG00000016510",0
"ENSRNOG00000058270",0
"ENSRNOG00000053627",0
"ENSRNOG00000070235",0
"ENSRNOG00000069360",0
"ENSRNOG00000021637",1008
"ENSRNOG00000017593",360
"ENSRNOG00000060266",2124
"ENSRNOG00000021584",513
"ENSRNOG00000048114",97
"ENSRNOG00000042036",0
"ENSRNOG00000016295",0
"ENSRNOG00000016534",159
"ENSRNOG00000021882",1496
"ENSRNOG00000017165",60
"ENSRNOG00000015139",0
"ENSRNOG00000026493",6
"ENSRNOG00000065772",47
"ENSRNOG00000016616",0
"ENSRNOG00000015262",0
"ENSRNOG00000015212",130
"ENSRNOG00000029844",0
"ENSRNOG00000015585",30
"ENSRNOG00000015980",50
"ENSRNOG00000063788",0
"ENSRNOG00000024843",1
"ENSRNOG00000011523",820
"ENSRNOG00000016885",926
"ENSRNOG00000017967",112
"ENSRNOG00000027125",200
"ENSRNOG00000033993",0
"ENSRNOG00000065643",646
"ENSRNOG00000062441",0
"ENSRNOG00000018011",594
"ENSRNOG00000018122",50
"ENSRNOG00000017210",30
"ENSRNOG00000067402",0
"ENSRNOG00000062679",0
"ENSRNOG00000039265",253
"ENSRNOG00000018091",4649
"ENSRNOG00000049801",0
"ENSRNOG00000016307",0
"ENSRNOG00000013653",2492
"ENSRNOG00000033010",7
"ENSRNOG00000018087",47827
"ENSRNOG00000047649",0
"ENSRNOG00000064205",12
"ENSRNOG00000038319",14
"ENSRNOG00000033330",13
"ENSRNOG00000014170",471
"ENSRNOG00000063889",36
"ENSRNOG00000039075",0
"ENSRNOG00000039058",0
"ENSRNOG00000016538",835
"ENSRNOG00000018123",1607
"ENSRNOG00000021447",112
"ENSRNOG00000017203",0
"ENSRNOG00000017103",0
"ENSRNOG00000066411",16
"ENSRNOG00000014615",331
"ENSRNOG00000017089",0
"ENSRNOG00000017163",349
"ENSRNOG00000045553",53
"ENSRNOG00000021735",286
"ENSRNOG00000064812",0
"ENSRNOG00000017374",0
"ENSRNOG00000060817",797
"ENSRNOG00000016463",0
"ENSRNOG00000012771",599
"ENSRNOG00000016955",636
"ENSRNOG00000016871",0
"ENSRNOG00000016403",2
"ENSRNOG00000013564",1
"ENSRNOG00000043192",332
"ENSRNOG00000016161",1023
"ENSRNOG00000016803",0
"ENSRNOG00000063181",137
"ENSRNOG00000016217",148
"ENSRNOG00000017185",0
"ENSRNOG00000015616",0
"ENSRNOG00000026248",355
"ENSRNOG00000016933",0
"ENSRNOG00000067434",14
"ENSRNOG00000031902",0
"ENSRNOG00000017933",0
"ENSRNOG00000064537",45
"ENSRNOG00000039807",205
"ENSRNOG00000037982",0
"ENSRNOG00000065671",1
"ENSRNOG00000043237",0
"ENSRNOG00000060749",0
"ENSRNOG00000052916",0
"ENSRNOG00000057180",0
"ENSRNOG00000011374",2
"ENSRNOG00000000150",168
"ENSRNOG00000025480",0
"ENSRNOG00000003094",0
"ENSRNOG00000017007",0
"ENSRNOG00000000142",565
"ENSRNOG00000060141",1988
"ENSRNOG00000016383",1178
"ENSRNOG00000064489",0
"ENSRNOG00000069625",9
"ENSRNOG00000026235",0
"ENSRNOG00000050687",0
"ENSRNOG00000017048",0
"ENSRNOG00000069210",1
"ENSRNOG00000054964",0
"ENSRNOG00000062418",0
"ENSRNOG00000066336",1
"ENSRNOG00000066901",6
"ENSRNOG00000029047",26
"ENSRNOG00000054017",151
"ENSRNOG00000017605",601
"ENSRNOG00000055197",0
"ENSRNOG00000070527",36
"ENSRNOG00000018281",1954
"ENSRNOG00000059840",0
"ENSRNOG00000053635",322
"ENSRNOG00000016792",0
"ENSRNOG00000065338",40
"ENSRNOG00000051823",68
"ENSRNOG00000016763",0
"ENSRNOG00000053518",1032
"ENSRNOG00000017511",17
"ENSRNOG00000018396",377
"ENSRNOG00000055000",475
"ENSRNOG00000017545",203
"ENSRNOG00000016670",499
"ENSRNOG00000017607",1233
"ENSRNOG00000052959",212
"ENSRNOG00000014900",401
"ENSRNOG00000000021",0
"ENSRNOG00000066484",0
"ENSRNOG00000017328",104
"ENSRNOG00000066799",0
"ENSRNOG00000065839",0
"ENSRNOG00000017974",1
"ENSRNOG00000017459",38
"ENSRNOG00000029126",0
"ENSRNOG00000066002",0
"ENSRNOG00000017917",18
"ENSRNOG00000052378",0
"ENSRNOG00000069612",0
"ENSRNOG00000061510",0
"ENSRNOG00000018039",0
"ENSRNOG00000061612",108
"ENSRNOG00000016742",0
"ENSRNOG00000018500",379
"ENSRNOG00000016867",469
"ENSRNOG00000017702",43
"ENSRNOG00000070356",0
"ENSRNOG00000052429",925
"ENSRNOG00000016891",253
"ENSRNOG00000014538",4
"ENSRNOG00000023538",79
"ENSRNOG00000063508",0
"ENSRNOG00000066063",0
"ENSRNOG00000057759",58
"ENSRNOG00000013806",301
"ENSRNOG00000027309",0
"ENSRNOG00000068380",19
"ENSRNOG00000016225",3
"ENSRNOG00000056519",0
"ENSRNOG00000017133",1808
"ENSRNOG00000059705",577
"ENSRNOG00000019354",256
"ENSRNOG00000018804",8594
"ENSRNOG00000067594",0
"ENSRNOG00000014524",1281
"ENSRNOG00000030638",2
"ENSRNOG00000017597",13
"ENSRNOG00000070051",0
"ENSRNOG00000016932",520
"ENSRNOG00000025639",0
"ENSRNOG00000013454",600
"ENSRNOG00000016889",49
"ENSRNOG00000065553",0
"ENSRNOG00000060132",0
"ENSRNOG00000066247",50
"ENSRNOG00000067140",0
"ENSRNOG00000066332",0
"ENSRNOG00000017637",0
"ENSRNOG00000017505",591
"ENSRNOG00000017765",2076
"ENSRNOG00000017641",547
"ENSRNOG00000065205",156
"ENSRNOG00000016684",0
"ENSRNOG00000017672",618
"ENSRNOG00000017506",377
"ENSRNOG00000032845",0
"ENSRNOG00000059510",332
"ENSRNOG00000068835",131
"ENSRNOG00000045948",55
"ENSRNOG00000016690",258
"ENSRNOG00000018378",135
"ENSRNOG00000018260",4
"ENSRNOG00000065594",1
"ENSRNOG00000070523",19
"ENSRNOG00000070106",50
"ENSRNOG00000017180",0
"ENSRNOG00000063737",0
"ENSRNOG00000016539",165
"ENSRNOG00000063205",182
"ENSRNOG00000065506",80
"ENSRNOG00000042692",0
"ENSRNOG00000055917",692
"ENSRNOG00000016834",128
"ENSRNOG00000068622",170
"ENSRNOG00000063621",156
"ENSRNOG00000038877",94
"ENSRNOG00000050474",0
"ENSRNOG00000016680",2444
"ENSRNOG00000013620",1297
"ENSRNOG00000018227",1105
"ENSRNOG00000017514",1
"ENSRNOG00000018520",25
"ENSRNOG00000060029",0
"ENSRNOG00000065730",0
"ENSRNOG00000018028",0
"ENSRNOG00000064112",65
"ENSRNOG00000018706",9
"ENSRNOG00000016628",0
"ENSRNOG00000069145",0
"ENSRNOG00000016716",0
"ENSRNOG00000070916",18
"ENSRNOG00000069373",3
"ENSRNOG00000046476",0
"ENSRNOG00000069233",1
"ENSRNOG00000040024",0
"ENSRNOG00000065352",0
"ENSRNOG00000014616",1229
"ENSRNOG00000068602",12
"ENSRNOG00000060355",31
"ENSRNOG00000069905",0
"ENSRNOG00000000104",404
"ENSRNOG00000064540",52
"ENSRNOG00000017372",791
"ENSRNOG00000066473",0
"ENSRNOG00000022505",0
"ENSRNOG00000016629",819
"ENSRNOG00000017284",674
"ENSRNOG00000068034",1
"ENSRNOG00000022249",617
"ENSRNOG00000070346",1
"ENSRNOG00000023688",3
"ENSRNOG00000066521",5
"ENSRNOG00000017531",0
"ENSRNOG00000018782",119
"ENSRNOG00000069877",0
"ENSRNOG00000018279",3738
"ENSRNOG00000054957",325
"ENSRNOG00000042206",0
"ENSRNOG00000028997",181
"ENSRNOG00000018355",0
"ENSRNOG00000011668",742
"ENSRNOG00000056413",0
"ENSRNOG00000000105",211
"ENSRNOG00000016576",474
"ENSRNOG00000027014",6
"ENSRNOG00000039975",0
"ENSRNOG00000018911",856
"ENSRNOG00000062731",625
"ENSRNOG00000053232",313
"ENSRNOG00000058285",0
"ENSRNOG00000046968",370
"ENSRNOG00000039971",0
"ENSRNOG00000021898",0
"ENSRNOG00000046334",0
"ENSRNOG00000017585",193
"ENSRNOG00000018343",937
"ENSRNOG00000016779",4827
"ENSRNOG00000011684",394
"ENSRNOG00000052387",0
"ENSRNOG00000018400",171
"ENSRNOG00000018141",0
"ENSRNOG00000031461",0
"ENSRNOG00000029235",215
"ENSRNOG00000012160",0
"ENSRNOG00000018246",150
"ENSRNOG00000032745",0
"ENSRNOG00000018415",121
"ENSRNOG00000064708",0
"ENSRNOG00000018456",2778
"ENSRNOG00000018417",753
"ENSRNOG00000065161",0
"ENSRNOG00000008666",433
"ENSRNOG00000069771",0
"ENSRNOG00000067245",44
"ENSRNOG00000064118",86
"ENSRNOG00000018549",582
"ENSRNOG00000017444",0
"ENSRNOG00000010882",874
"ENSRNOG00000069712",0
"ENSRNOG00000028168",43
"ENSRNOG00000017318",335
"ENSRNOG00000013090",72
"ENSRNOG00000065006",0
"ENSRNOG00000017759",0
"ENSRNOG00000062525",0
"ENSRNOG00000019257",10
"ENSRNOG00000054976",0
"ENSRNOG00000047647",1
"ENSRNOG00000053439",268
"ENSRNOG00000027311",0
"ENSRNOG00000059328",0
"ENSRNOG00000068311",0
"ENSRNOG00000014395",1260
"ENSRNOG00000028750",1
"ENSRNOG00000039990",0
"ENSRNOG00000063490",1
"ENSRNOG00000068265",155
"ENSRNOG00000031955",0
"ENSRNOG00000062898",0
"ENSRNOG00000048693",0
"ENSRNOG00000028329",38
"ENSRNOG00000063185",104
"ENSRNOG00000065263",11
"ENSRNOG00000014366",59
"ENSRNOG00000062387",171
"ENSRNOG00000066835",37
"ENSRNOG00000040000",0
"ENSRNOG00000049920",1510
"ENSRNOG00000046746",5
"ENSRNOG00000069288",0
"ENSRNOG00000061064",0
"ENSRNOG00000066214",1
"ENSRNOG00000016967",62
"ENSRNOG00000019175",602
"ENSRNOG00000015989",728
"ENSRNOG00000016511",1323
"ENSRNOG00000069318",0
"ENSRNOG00000014320",785
"ENSRNOG00000069578",32
"ENSRNOG00000067613",19
"ENSRNOG00000064986",1014
"ENSRNOG00000013438",940
"ENSRNOG00000053025",0
"ENSRNOG00000067853",0
"ENSRNOG00000033540",0
"ENSRNOG00000053140",0
"ENSRNOG00000067310",1
"ENSRNOG00000068535",0
"ENSRNOG00000048264",108
"ENSRNOG00000039574",0
"ENSRNOG00000048372",0
"ENSRNOG00000018651",598
"ENSRNOG00000061738",0
"ENSRNOG00000029667",741
"ENSRNOG00000067284",2010
"ENSRNOG00000052567",0
"ENSRNOG00000016587",7197
"ENSRNOG00000019057",0
"ENSRNOG00000030027",267
"ENSRNOG00000065065",1
"ENSRNOG00000018198",0
"ENSRNOG00000017888",0
"ENSRNOG00000001066",1
"ENSRNOG00000049452",96
"ENSRNOG00000065532",0
"ENSRNOG00000026690",16
"ENSRNOG00000013679",1
"ENSRNOG00000062220",25
"ENSRNOG00000016046",1
"ENSRNOG00000017946",0
"ENSRNOG00000029792",1484
"ENSRNOG00000039954",0
"ENSRNOG00000019223",1665
"ENSRNOG00000039560",21
"ENSRNOG00000018839",184
"ENSRNOG00000016855",567
"ENSRNOG00000016560",518
"ENSRNOG00000016873",21
"ENSRNOG00000016902",0
"ENSRNOG00000021292",3161
"ENSRNOG00000013773",356
"ENSRNOG00000016816",1410
"ENSRNOG00000064563",0
"ENSRNOG00000018251",0
"ENSRNOG00000016578",538
"ENSRNOG00000019108",702
"ENSRNOG00000019113",1302
"ENSRNOG00000027938",333
"ENSRNOG00000015523",182
"ENSRNOG00000048849",83
"ENSRNOG00000022405",0
"ENSRNOG00000016031",502
"ENSRNOG00000033625",19
"ENSRNOG00000057865",0
"ENSRNOG00000063656",0
"ENSRNOG00000068509",0
"ENSRNOG00000062272",58148
"ENSRNOG00000013237",0
"ENSRNOG00000055942",3153
"ENSRNOG00000015410",467
"ENSRNOG00000026286",58
"ENSRNOG00000051034",3
"ENSRNOG00000031325",1222
"ENSRNOG00000016066",170
"ENSRNOG00000031716",199
"ENSRNOG00000047910",0
"ENSRNOG00000031706",772
"ENSRNOG00000015631",107
"ENSRNOG00000016378",226
"ENSRNOG00000062314",29
"ENSRNOG00000070919",102
"ENSRNOG00000016915",0
"ENSRNOG00000016222",2
"ENSRNOG00000064794",110
"ENSRNOG00000062739",3
"ENSRNOG00000063362",36
"ENSRNOG00000068516",16
"ENSRNOG00000067427",0
"ENSRNOG00000070712",0
"ENSRNOG00000047459",43
"ENSRNOG00000012940",2194
"ENSRNOG00000068923",1
"ENSRNOG00000064025",11
"ENSRNOG00000017175",3
"ENSRNOG00000016525",0
"ENSRNOG00000068614",6
"ENSRNOG00000024874",626
"ENSRNOG00000065054",32
"ENSRNOG00000022146",9
"ENSRNOG00000067441",5267
"ENSRNOG00000070706",10
"ENSRNOG00000016468",182
"ENSRNOG00000061863",3
"ENSRNOG00000070513",4
"ENSRNOG00000017060",20
"ENSRNOG00000069245",0
"ENSRNOG00000017092",230
"ENSRNOG00000070362",3
"ENSRNOG00000070462",2
"ENSRNOG00000066706",0
"ENSRNOG00000066420",3
"ENSRNOG00000056708",0
"ENSRNOG00000008659",1198
"ENSRNOG00000060002",0
"ENSRNOG00000017863",1137
"ENSRNOG00000064521",33
"ENSRNOG00000043350",70
"ENSRNOG00000064011",11
"ENSRNOG00000067560",27
"ENSRNOG00000070055",6
"ENSRNOG00000063552",2
"ENSRNOG00000065377",0
"ENSRNOG00000063167",1
"ENSRNOG00000016123",91
"ENSRNOG00000016152",225
"ENSRNOG00000016391",633
"ENSRNOG00000017579",796
"ENSRNOG00000016519",162
"ENSRNOG00000001455",830
"ENSRNOG00000017642",130
"ENSRNOG00000016099",385
"ENSRNOG00000046547",0
"ENSRNOG00000017250",248
"ENSRNOG00000068607",0
"ENSRNOG00000018092",0
"ENSRNOG00000054474",60
"ENSRNOG00000024832",0
"ENSRNOG00000031595",5
"ENSRNOG00000018631",2
"ENSRNOG00000033076",7
"ENSRNOG00000016767",352
"ENSRNOG00000016585",613
"ENSRNOG00000048719",255
"ENSRNOG00000022021",37
"ENSRNOG00000045918",330
"ENSRNOG00000016992",0
"ENSRNOG00000001456",1151
"ENSRNOG00000026120",1852
"ENSRNOG00000068619",0
"ENSRNOG00000002624",3
"ENSRNOG00000018070",0
"ENSRNOG00000028913",0
"ENSRNOG00000068936",0
"ENSRNOG00000068312",0
"ENSRNOG00000016998",887
"ENSRNOG00000002609",134
"ENSRNOG00000014264",57
"ENSRNOG00000002480",219
"ENSRNOG00000062602",0
"ENSRNOG00000018200",0
"ENSRNOG00000014019",397
"ENSRNOG00000002461",4661
"ENSRNOG00000017803",212
"ENSRNOG00000014460",1022
"ENSRNOG00000018110",1219
"ENSRNOG00000049614",96
"ENSRNOG00000018478",0
"ENSRNOG00000017866",722
"ENSRNOG00000014007",28
"ENSRNOG00000014361",65
"ENSRNOG00000055012",1043
"ENSRNOG00000015288",1102
"ENSRNOG00000014702",0
"ENSRNOG00000017988",134
"ENSRNOG00000058094",3105
"ENSRNOG00000023831",0
"ENSRNOG00000038331",0
"ENSRNOG00000050209",0
"ENSRNOG00000066344",598
"ENSRNOG00000018202",0
"ENSRNOG00000016497",171
"ENSRNOG00000067756",1
"ENSRNOG00000030442",7486
"ENSRNOG00000038361",0
"ENSRNOG00000040116",0
"ENSRNOG00000067517",180
"ENSRNOG00000017987",1
"ENSRNOG00000027229",381
"ENSRNOG00000019336",60
"ENSRNOG00000015522",618
"ENSRNOG00000017644",616
"ENSRNOG00000019096",3
"ENSRNOG00000014548",1489
"ENSRNOG00000018886",1317
"ENSRNOG00000069985",45
"ENSRNOG00000018999",349
"ENSRNOG00000063174",0
"ENSRNOG00000015101",1
"ENSRNOG00000019027",194
"ENSRNOG00000050332",0
"ENSRNOG00000023661",412
"ENSRNOG00000017991",249
"ENSRNOG00000018554",1369
"ENSRNOG00000018566",7859
"ENSRNOG00000015292",720
"ENSRNOG00000014481",0
"ENSRNOG00000027234",92
"ENSRNOG00000059415",0
"ENSRNOG00000064278",0
"ENSRNOG00000017466",1814
"ENSRNOG00000067224",0
"ENSRNOG00000018044",934
"ENSRNOG00000013469",4947
"ENSRNOG00000017981",31
"ENSRNOG00000016283",0
"ENSRNOG00000017791",254
"ENSRNOG00000013717",59
"ENSRNOG00000018125",350
"ENSRNOG00000017951",1497
"ENSRNOG00000014886",465
"ENSRNOG00000062407",2
"ENSRNOG00000017904",1093
"ENSRNOG00000067341",89
"ENSRNOG00000018905",0
"ENSRNOG00000016174",511
"ENSRNOG00000069645",0
"ENSRNOG00000059019",0
"ENSRNOG00000018767",222
"ENSRNOG00000026376",0
"ENSRNOG00000063512",0
"ENSRNOG00000022712",2
"ENSRNOG00000024499",0
"ENSRNOG00000065875",6
"ENSRNOG00000015701",1117
"ENSRNOG00000023593",271
"ENSRNOG00000018760",11
"ENSRNOG00000050767",452
"ENSRNOG00000017595",906
"ENSRNOG00000015437",548
"ENSRNOG00000023799",21
"ENSRNOG00000018972",992
"ENSRNOG00000039379",25
"ENSRNOG00000026132",113
"ENSRNOG00000023778",1196
"ENSRNOG00000057362",0
"ENSRNOG00000017882",136
"ENSRNOG00000014049",266
"ENSRNOG00000023587",446
"ENSRNOG00000066940",0
"ENSRNOG00000024111",21
"ENSRNOG00000013928",393
"ENSRNOG00000023278",531
"ENSRNOG00000013756",240
"ENSRNOG00000031495",184
"ENSRNOG00000016672",8
"ENSRNOG00000017741",398
"ENSRNOG00000032215",384
"ENSRNOG00000017083",0
"ENSRNOG00000016705",960
"ENSRNOG00000034229",0
"ENSRNOG00000015008",0
"ENSRNOG00000000137",0
"ENSRNOG00000070083",0
"ENSRNOG00000016226",214
"ENSRNOG00000048576",12
"ENSRNOG00000017787",645
"ENSRNOG00000070025",0
"ENSRNOG00000033772",804
"ENSRNOG00000015957",0
"ENSRNOG00000017962",1262
"ENSRNOG00000066714",654
"ENSRNOG00000063669",0
"ENSRNOG00000038761",481
"ENSRNOG00000068561",0
"ENSRNOG00000068554",0
"ENSRNOG00000023334",919
"ENSRNOG00000039183",80
"ENSRNOG00000001792",3
"ENSRNOG00000001956",523
"ENSRNOG00000002241",208
"ENSRNOG00000003088",544
"ENSRNOG00000028005",0
"ENSRNOG00000032187",0
"ENSRNOG00000031653",146
"ENSRNOG00000001634",2
"ENSRNOG00000001633",3393
"ENSRNOG00000002255",1376
"ENSRNOG00000001806",1
"ENSRNOG00000038370",0
"ENSRNOG00000051711",540
"ENSRNOG00000030387",5
"ENSRNOG00000021469",185
"ENSRNOG00000001809",0
"ENSRNOG00000001821",0
"ENSRNOG00000066346",98
"ENSRNOG00000023463",644
"ENSRNOG00000001816",194
"ENSRNOG00000001627",1220
"ENSRNOG00000021992",0
"ENSRNOG00000001789",896
"ENSRNOG00000001815",3208
"ENSRNOG00000002701",4
"ENSRNOG00000001785",2659
"ENSRNOG00000001837",0
"ENSRNOG00000038355",1
"ENSRNOG00000023400",869
"ENSRNOG00000069473",0
"ENSRNOG00000026085",338
"ENSRNOG00000031669",6181
"ENSRNOG00000026008",255
"ENSRNOG00000066242",60
"ENSRNOG00000002238",9
"ENSRNOG00000033929",0
"ENSRNOG00000001827",1921
"ENSRNOG00000064199",0
"ENSRNOG00000002176",760
"ENSRNOG00000001770",86
"ENSRNOG00000001797",398
"ENSRNOG00000031801",697
"ENSRNOG00000061038",0
"ENSRNOG00000002240",758
"ENSRNOG00000043069",345
"ENSRNOG00000047894",8
"ENSRNOG00000002229",312
"ENSRNOG00000001955",0
"ENSRNOG00000063811",953
"ENSRNOG00000001943",0
"ENSRNOG00000029564",0
"ENSRNOG00000042598",0
"ENSRNOG00000022110",0
"ENSRNOG00000002145",0
"ENSRNOG00000065935",7
"ENSRNOG00000022136",0
"ENSRNOG00000002215",633
"ENSRNOG00000046283",187
"ENSRNOG00000025423",20
"ENSRNOG00000001773",796
"ENSRNOG00000002171",869
"ENSRNOG00000025055",0
"ENSRNOG00000032327",243
"ENSRNOG00000001708",2054
"ENSRNOG00000034233",1742
"ENSRNOG00000038160",752
"ENSRNOG00000023030",0
"ENSRNOG00000029178",745
"ENSRNOG00000059880",628
"ENSRNOG00000025404",0
"ENSRNOG00000023107",1107
"ENSRNOG00000066784",0
"ENSRNOG00000064614",0
"ENSRNOG00000066258",0
"ENSRNOG00000054334",129
"ENSRNOG00000055586",0
"ENSRNOG00000064186",1
"ENSRNOG00000001776",0
"ENSRNOG00000001764",665
"ENSRNOG00000001765",6
"ENSRNOG00000042289",3
"ENSRNOG00000001762",1980
"ENSRNOG00000054404",0
"ENSRNOG00000048434",0
"ENSRNOG00000001766",152
"ENSRNOG00000002094",983
"ENSRNOG00000001796",120
"ENSRNOG00000001758",189
"ENSRNOG00000002069",887
"ENSRNOG00000049950",0
"ENSRNOG00000001712",483
"ENSRNOG00000022007",0
"ENSRNOG00000001803",870
"ENSRNOG00000001707",11
"ENSRNOG00000053301",0
"ENSRNOG00000026458",423
"ENSRNOG00000056574",0
"ENSRNOG00000002141",4014
"ENSRNOG00000001709",5561
"ENSRNOG00000001783",985
"ENSRNOG00000002013",1
"ENSRNOG00000001706",1633
"ENSRNOG00000001710",350
"ENSRNOG00000002044",95
"ENSRNOG00000001911",3
"ENSRNOG00000001750",28
"ENSRNOG00000013721",281
"ENSRNOG00000060806",0
"ENSRNOG00000058590",0
"ENSRNOG00000042367",1
"ENSRNOG00000039048",132
"ENSRNOG00000002052",19390
"ENSRNOG00000059447",0
"ENSRNOG00000070163",0
"ENSRNOG00000064181",0
"ENSRNOG00000069249",0
"ENSRNOG00000064589",0
"ENSRNOG00000001748",202
"ENSRNOG00000053406",23
"ENSRNOG00000001658",1
"ENSRNOG00000001742",331
"ENSRNOG00000069912",0
"ENSRNOG00000001632",695
"ENSRNOG00000060348",2
"ENSRNOG00000001747",1631
"ENSRNOG00000067977",0
"ENSRNOG00000001757",49
"ENSRNOG00000030983",0
"ENSRNOG00000057815",41
"ENSRNOG00000039850",308
"ENSRNOG00000046969",734
"ENSRNOG00000001647",762
"ENSRNOG00000002046",0
"ENSRNOG00000064973",518
"ENSRNOG00000045770",668
"ENSRNOG00000002041",733
"ENSRNOG00000001746",695
"ENSRNOG00000049686",206
"ENSRNOG00000048861",102
"ENSRNOG00000028077",0
"ENSRNOG00000063031",177
"ENSRNOG00000001786",1137
"ENSRNOG00000001525",7
"ENSRNOG00000001682",3631
"ENSRNOG00000001795",5210
"ENSRNOG00000001738",1566
"ENSRNOG00000046836",5
"ENSRNOG00000039024",68
"ENSRNOG00000001736",351
"ENSRNOG00000046850",4
"ENSRNOG00000068165",0
"ENSRNOG00000003114",119
"ENSRNOG00000062641",0
"ENSRNOG00000001782",448
"ENSRNOG00000063137",0
"ENSRNOG00000067288",0
"ENSRNOG00000066479",0
"ENSRNOG00000028238",0
"ENSRNOG00000001781",63
"ENSRNOG00000042193",0
"ENSRNOG00000064222",28
"ENSRNOG00000039017",240
"ENSRNOG00000046258",0
"ENSRNOG00000028216",0
"ENSRNOG00000026420",1
"ENSRNOG00000022792",1
"ENSRNOG00000001992",2402
"ENSRNOG00000033372",2037
"ENSRNOG00000049693",2
"ENSRNOG00000001953",54
"ENSRNOG00000001719",2258
"ENSRNOG00000057153",200
"ENSRNOG00000058752",205
"ENSRNOG00000001629",415
"ENSRNOG00000002976",1
"ENSRNOG00000001715",165
"ENSRNOG00000063024",0
"ENSRNOG00000027260",486
"ENSRNOG00000027380",4
"ENSRNOG00000001774",1897
"ENSRNOG00000060729",51
"ENSRNOG00000003014",2473
"ENSRNOG00000062944",4
"ENSRNOG00000029529",172
"ENSRNOG00000002999",256
"ENSRNOG00000029912",786
"ENSRNOG00000001527",432
"ENSRNOG00000038868",104
"ENSRNOG00000046981",0
"ENSRNOG00000001652",141
"ENSRNOG00000025946",2385
"ENSRNOG00000002350",0
"ENSRNOG00000001908",1
"ENSRNOG00000038119",1
"ENSRNOG00000001892",1
"ENSRNOG00000031852",2
"ENSRNOG00000000282",0
"ENSRNOG00000000283",272
"ENSRNOG00000048226",1662
"ENSRNOG00000042555",0
"ENSRNOG00000061814",1420
"ENSRNOG00000001793",610
"ENSRNOG00000038987",0
"ENSRNOG00000001623",408
"ENSRNOG00000056716",708
"ENSRNOG00000001839",0
"ENSRNOG00000053435",0
"ENSRNOG00000001891",23
"ENSRNOG00000068521",0
"ENSRNOG00000062945",49
"ENSRNOG00000002721",1242
"ENSRNOG00000001890",171
"ENSRNOG00000002265",0
"ENSRNOG00000027992",0
"ENSRNOG00000001889",2444
"ENSRNOG00000002906",0
"ENSRNOG00000001794",0
"ENSRNOG00000002833",1013
"ENSRNOG00000001888",206
"ENSRNOG00000001733",1878
"ENSRNOG00000003075",915
"ENSRNOG00000001752",1
"ENSRNOG00000001962",0
"ENSRNOG00000030246",9
"ENSRNOG00000024924",798
"ENSRNOG00000038881",1
"ENSRNOG00000001963",19
"ENSRNOG00000033623",769
"ENSRNOG00000002797",3
"ENSRNOG00000001875",666
"ENSRNOG00000001976",1
"ENSRNOG00000043345",221
"ENSRNOG00000001618",1
"ENSRNOG00000001754",98
"ENSRNOG00000002746",28390
"ENSRNOG00000067589",143
"ENSRNOG00000001628",0
"ENSRNOG00000001886",419
"ENSRNOG00000001739",1
"ENSRNOG00000070121",47
"ENSRNOG00000001885",235
"ENSRNOG00000001620",240
"ENSRNOG00000002289",0
"ENSRNOG00000001730",6314
"ENSRNOG00000027151",5478
"ENSRNOG00000000281",35
"ENSRNOG00000058687",0
"ENSRNOG00000001880",435
"ENSRNOG00000067813",0
"ENSRNOG00000054045",1
"ENSRNOG00000024960",1
"ENSRNOG00000068260",0
"ENSRNOG00000001621",419
"ENSRNOG00000060852",0
"ENSRNOG00000066140",2
"ENSRNOG00000001884",868
"ENSRNOG00000002305",0
"ENSRNOG00000041535",0
"ENSRNOG00000040402",0
"ENSRNOG00000055598",63
"ENSRNOG00000001726",33
"ENSRNOG00000046478",0
"ENSRNOG00000050840",0
"ENSRNOG00000035524",2
"ENSRNOG00000049963",0
"ENSRNOG00000035536",0
"ENSRNOG00000037967",273
"ENSRNOG00000068993",2
"ENSRNOG00000035541",0
"ENSRNOG00000046846",0
"ENSRNOG00000035500",2
"ENSRNOG00000048889",0
"ENSRNOG00000001959",10
"ENSRNOG00000035585",0
"ENSRNOG00000040376",0
"ENSRNOG00000066681",1542
"ENSRNOG00000035526",0
"ENSRNOG00000049439",0
"ENSRNOG00000042711",3
"ENSRNOG00000041554",0
"ENSRNOG00000048273",2
"ENSRNOG00000064234",0
"ENSRNOG00000067575",0
"ENSRNOG00000064503",0
"ENSRNOG00000001870",1357
"ENSRNOG00000037983",0
"ENSRNOG00000030314",1715
"ENSRNOG00000061393",0
"ENSRNOG00000068242",0
"ENSRNOG00000040054",0
"ENSRNOG00000001867",740
"ENSRNOG00000051751",0
"ENSRNOG00000001592",1439
"ENSRNOG00000040039",0
"ENSRNOG00000054190",0
"ENSRNOG00000038001",1808
"ENSRNOG00000038835",0
"ENSRNOG00000067668",0
"ENSRNOG00000063259",0
"ENSRNOG00000058167",0
"ENSRNOG00000045728",189
"ENSRNOG00000070582",0
"ENSRNOG00000070808",0
"ENSRNOG00000070861",0
"ENSRNOG00000064806",0
"ENSRNOG00000028648",0
"ENSRNOG00000063723",74
"ENSRNOG00000061283",0
"ENSRNOG00000064720",0
"ENSRNOG00000030984",0
"ENSRNOG00000052338",0
"ENSRNOG00000069948",0
"ENSRNOG00000052562",0
"ENSRNOG00000043471",0
"ENSRNOG00000068634",0
"ENSRNOG00000056025",0
"ENSRNOG00000069664",0
"ENSRNOG00000037957",3
"ENSRNOG00000000288",1473
"ENSRNOG00000066648",0
"ENSRNOG00000068323",0
"ENSRNOG00000066199",5
"ENSRNOG00000056381",0
"ENSRNOG00000068197",0
"ENSRNOG00000054727",0
"ENSRNOG00000063779",0
"ENSRNOG00000001566",0
"ENSRNOG00000051729",0
"ENSRNOG00000059060",0
"ENSRNOG00000002471",19
"ENSRNOG00000001680",81
"ENSRNOG00000053621",2
"ENSRNOG00000050693",0
"ENSRNOG00000056026",1
"ENSRNOG00000001769",334
"ENSRNOG00000056834",0
"ENSRNOG00000069467",1
"ENSRNOG00000042848",36
"ENSRNOG00000052714",0
"ENSRNOG00000060539",0
"ENSRNOG00000023271",527
"ENSRNOG00000001528",0
"ENSRNOG00000056109",0
"ENSRNOG00000037851",444
"ENSRNOG00000054670",0
"ENSRNOG00000056085",0
"ENSRNOG00000064498",2
"ENSRNOG00000070595",0
"ENSRNOG00000065774",0
"ENSRNOG00000068143",0
"ENSRNOG00000063813",3
"ENSRNOG00000058090",0
"ENSRNOG00000071059",0
"ENSRNOG00000002459",14
"ENSRNOG00000065592",32
"ENSRNOG00000070665",1
"ENSRNOG00000001551",383
"ENSRNOG00000063735",0
"ENSRNOG00000068210",0
"ENSRNOG00000065035",5
"ENSRNOG00000040058",0
"ENSRNOG00000053125",0
"ENSRNOG00000062339",63
"ENSRNOG00000064477",0
"ENSRNOG00000030674",0
"ENSRNOG00000002496",1
"ENSRNOG00000056035",0
"ENSRNOG00000056964",554
"ENSRNOG00000064142",546
"ENSRNOG00000001849",3669
"ENSRNOG00000057066",1
"ENSRNOG00000053205",616
"ENSRNOG00000068775",0
"ENSRNOG00000001689",304
"ENSRNOG00000062950",0
"ENSRNOG00000068457",2
"ENSRNOG00000047394",1145
"ENSRNOG00000069704",0
"ENSRNOG00000053629",0
"ENSRNOG00000058660",0
"ENSRNOG00000051434",0
"ENSRNOG00000066320",1
"ENSRNOG00000057568",0
"ENSRNOG00000060082",0
"ENSRNOG00000030920",68
"ENSRNOG00000063446",75
"ENSRNOG00000066003",306
"ENSRNOG00000063810",0
"ENSRNOG00000064256",2
"ENSRNOG00000062757",0
"ENSRNOG00000021891",1389
"ENSRNOG00000069220",1
"ENSRNOG00000027756",895
"ENSRNOG00000052872",0
"ENSRNOG00000001679",4
"ENSRNOG00000070226",0
"ENSRNOG00000001727",333
"ENSRNOG00000070522",4
"ENSRNOG00000053246",0
"ENSRNOG00000070145",0
"ENSRNOG00000067986",144
"ENSRNOG00000056286",0
"ENSRNOG00000002187",3
"ENSRNOG00000068803",0
"ENSRNOG00000021569",82
"ENSRNOG00000063961",0
"ENSRNOG00000061734",0
"ENSRNOG00000066813",1868
"ENSRNOG00000066195",0
"ENSRNOG00000071064",6
"ENSRNOG00000052928",0
"ENSRNOG00000001829",228
"ENSRNOG00000033933",0
"ENSRNOG00000065454",0
"ENSRNOG00000063620",0
"ENSRNOG00000063692",0
"ENSRNOG00000061658",5
"ENSRNOG00000054745",2
"ENSRNOG00000063379",0
"ENSRNOG00000063237",0
"ENSRNOG00000062557",0
"ENSRNOG00000064530",263
"ENSRNOG00000064725",0
"ENSRNOG00000069380",0
"ENSRNOG00000058468",0
"ENSRNOG00000039689",0
"ENSRNOG00000063170",2494
"ENSRNOG00000057033",0
"ENSRNOG00000068345",4917
"ENSRNOG00000062535",6
"ENSRNOG00000065670",0
"ENSRNOG00000069898",0
"ENSRNOG00000058702",0
"ENSRNOG00000065174",0
"ENSRNOG00000066829",5
"ENSRNOG00000051453",0
"ENSRNOG00000053527",0
"ENSRNOG00000056037",0
"ENSRNOG00000068891",0
"ENSRNOG00000001714",1
"ENSRNOG00000069526",0
"ENSRNOG00000053625",0
"ENSRNOG00000057165",0
"ENSRNOG00000002032",808
"ENSRNOG00000062642",0
"ENSRNOG00000065291",0
"ENSRNOG00000068433",2
"ENSRNOG00000029184",0
"ENSRNOG00000068814",0
"ENSRNOG00000069760",0
"ENSRNOG00000002092",115
"ENSRNOG00000058396",0
"ENSRNOG00000045668",1249
"ENSRNOG00000069502",71
"ENSRNOG00000055491",0
"ENSRNOG00000067652",0
"ENSRNOG00000066937",0
"ENSRNOG00000050898",0
"ENSRNOG00000070389",9
"ENSRNOG00000056031",0
"ENSRNOG00000062985",0
"ENSRNOG00000051898",0
"ENSRNOG00000069619",12
"ENSRNOG00000060476",0
"ENSRNOG00000069129",0
"ENSRNOG00000028638",1
"ENSRNOG00000056119",0
"ENSRNOG00000063192",0
"ENSRNOG00000063822",0
"ENSRNOG00000070188",0
"ENSRNOG00000040063",0
"ENSRNOG00000052768",0
"ENSRNOG00000069048",2
"ENSRNOG00000026870",39
"ENSRNOG00000054228",0
"ENSRNOG00000067473",9
"ENSRNOG00000055311",0
"ENSRNOG00000063214",0
"ENSRNOG00000060986",0
"ENSRNOG00000070128",4
"ENSRNOG00000060264",0
"ENSRNOG00000066127",0
"ENSRNOG00000052026",0
"ENSRNOG00000068094",0
"ENSRNOG00000070046",36
"ENSRNOG00000058838",0
"ENSRNOG00000028670",1
"ENSRNOG00000067170",12
"ENSRNOG00000054912",1
"ENSRNOG00000067715",0
"ENSRNOG00000060035",0
"ENSRNOG00000070580",0
"ENSRNOG00000001704",977
"ENSRNOG00000063650",0
"ENSRNOG00000069387",0
"ENSRNOG00000068612",0
"ENSRNOG00000060275",0
"ENSRNOG00000068092",0
"ENSRNOG00000062566",0
"ENSRNOG00000001584",348
"ENSRNOG00000062978",0
"ENSRNOG00000070870",0
"ENSRNOG00000069234",0
"ENSRNOG00000060397",0
"ENSRNOG00000028658",0
"ENSRNOG00000052098",0
"ENSRNOG00000001979",321
"ENSRNOG00000070255",0
"ENSRNOG00000063020",0
"ENSRNOG00000056995",0
"ENSRNOG00000062680",0
"ENSRNOG00000038597",1046
"ENSRNOG00000067013",0
"ENSRNOG00000054940",0
"ENSRNOG00000065034",0
"ENSRNOG00000069118",0
"ENSRNOG00000061629",0
"ENSRNOG00000058294",0
"ENSRNOG00000002115",2649
"ENSRNOG00000070495",0
"ENSRNOG00000060895",0
"ENSRNOG00000066783",0
"ENSRNOG00000067550",0
"ENSRNOG00000068673",4
"ENSRNOG00000058239",0
"ENSRNOG00000028594",1461
"ENSRNOG00000063377",0
"ENSRNOG00000001825",113
"ENSRNOG00000056812",0
"ENSRNOG00000062427",0
"ENSRNOG00000063571",1
"ENSRNOG00000060372",0
"ENSRNOG00000055121",0
"ENSRNOG00000070084",0
"ENSRNOG00000063074",0
"ENSRNOG00000054363",0
"ENSRNOG00000066588",0
"ENSRNOG00000052779",0
"ENSRNOG00000001657",1287
"ENSRNOG00000060850",0
"ENSRNOG00000002104",813
"ENSRNOG00000067029",0
"ENSRNOG00000068576",0
"ENSRNOG00000070903",0
"ENSRNOG00000070458",0
"ENSRNOG00000067988",104
"ENSRNOG00000063218",0
"ENSRNOG00000066621",0
"ENSRNOG00000068065",3
"ENSRNOG00000065231",0
"ENSRNOG00000070902",0
"ENSRNOG00000065737",0
"ENSRNOG00000052206",0
"ENSRNOG00000029811",37
"ENSRNOG00000060551",0
"ENSRNOG00000001877",2077
"ENSRNOG00000064835",1
"ENSRNOG00000066663",0
"ENSRNOG00000067860",0
"ENSRNOG00000068560",637
"ENSRNOG00000059381",528
"ENSRNOG00000065755",0
"ENSRNOG00000021399",134
"ENSRNOG00000001720",1003
"ENSRNOG00000066115",5
"ENSRNOG00000052102",0
"ENSRNOG00000001729",716
"ENSRNOG00000067747",0
"ENSRNOG00000068158",16
"ENSRNOG00000021555",26
"ENSRNOG00000001984",0
"ENSRNOG00000042975",108
"ENSRNOG00000063553",0
"ENSRNOG00000021524",3
"ENSRNOG00000038505",0
"ENSRNOG00000001876",53
"ENSRNOG00000039877",415
"ENSRNOG00000042474",2
"ENSRNOG00000050091",78
"ENSRNOG00000070616",2
"ENSRNOG00000039680",0
"ENSRNOG00000002028",1216
"ENSRNOG00000066465",30
"ENSRNOG00000067941",650
"ENSRNOG00000047699",1877
"ENSRNOG00000002080",433
"ENSRNOG00000069351",0
"ENSRNOG00000001986",0
"ENSRNOG00000001654",163
"ENSRNOG00000001868",1675
"ENSRNOG00000052428",0
"ENSRNOG00000002026",66
"ENSRNOG00000024127",0
"ENSRNOG00000067809",0
"ENSRNOG00000028292",442
"ENSRNOG00000025787",0
"ENSRNOG00000063126",6
"ENSRNOG00000068502",48
"ENSRNOG00000001642",867
"ENSRNOG00000002036",399
"ENSRNOG00000001878",913
"ENSRNOG00000064931",0
"ENSRNOG00000062397",0
"ENSRNOG00000068346",0
"ENSRNOG00000001872",0
"ENSRNOG00000052008",0
"ENSRNOG00000068497",0
"ENSRNOG00000057748",0
"ENSRNOG00000002021",5590
"ENSRNOG00000056680",0
"ENSRNOG00000062424",0
"ENSRNOG00000057324",0
"ENSRNOG00000066842",596
"ENSRNOG00000056215",0
"ENSRNOG00000058009",1
"ENSRNOG00000062537",0
"ENSRNOG00000060760",0
"ENSRNOG00000001575",0
"ENSRNOG00000001717",959
"ENSRNOG00000027797",2872
"ENSRNOG00000001640",392
"ENSRNOG00000040050",0
"ENSRNOG00000002012",110
"ENSRNOG00000001644",0
"ENSRNOG00000025028",589
"ENSRNOG00000002072",390
"ENSRNOG00000001622",8
"ENSRNOG00000028014",72
"ENSRNOG00000001616",664
"ENSRNOG00000038540",1
"ENSRNOG00000024040",418
"ENSRNOG00000002051",1602
"ENSRNOG00000001928",205
"ENSRNOG00000039567",315
"ENSRNOG00000039517",0
"ENSRNOG00000001930",2631
"ENSRNOG00000027888",180
"ENSRNOG00000002001",934
"ENSRNOG00000030462",0
"ENSRNOG00000063842",0
"ENSRNOG00000065104",4
"ENSRNOG00000046991",181
"ENSRNOG00000063970",8
"ENSRNOG00000065628",0
"ENSRNOG00000065413",0
"ENSRNOG00000022160",0
"ENSRNOG00000070451",0
"ENSRNOG00000068415",34
"ENSRNOG00000039649",0
"ENSRNOG00000064197",0
"ENSRNOG00000038512",0
"ENSRNOG00000069304",0
"ENSRNOG00000069990",0
"ENSRNOG00000001645",339
"ENSRNOG00000024384",0
"ENSRNOG00000046780",0
"ENSRNOG00000052348",0
"ENSRNOG00000001711",779
"ENSRNOG00000039562",33
"ENSRNOG00000068996",0
"ENSRNOG00000033321",144
"ENSRNOG00000025990",0
"ENSRNOG00000065215",982
"ENSRNOG00000065853",3737
"ENSRNOG00000028411",1907
"ENSRNOG00000055751",12
"ENSRNOG00000001833",665
"ENSRNOG00000062881",74
"ENSRNOG00000033603",678
"ENSRNOG00000064655",263
"ENSRNOG00000023917",181
"ENSRNOG00000070865",153
"ENSRNOG00000002253",93
"ENSRNOG00000037909",684
"ENSRNOG00000001613",330
"ENSRNOG00000001931",2
"ENSRNOG00000038610",4953
"ENSRNOG00000026991",16
"ENSRNOG00000001845",556
"ENSRNOG00000055138",0
"ENSRNOG00000067943",263
"ENSRNOG00000001611",958
"ENSRNOG00000001728",375
"ENSRNOG00000052877",0
"ENSRNOG00000001874",5
"ENSRNOG00000001713",2453
"ENSRNOG00000069996",0
"ENSRNOG00000067098",0
"ENSRNOG00000039668",2008
"ENSRNOG00000069169",14
"ENSRNOG00000048109",10307
"ENSRNOG00000001924",0
"ENSRNOG00000001873",3
"ENSRNOG00000031273",9006
"ENSRNOG00000001653",20
"ENSRNOG00000039674",35
"ENSRNOG00000032877",776
"ENSRNOG00000025014",192
"ENSRNOG00000055281",482
"ENSRNOG00000070540",0
"ENSRNOG00000033115",25
"ENSRNOG00000001893",967
"ENSRNOG00000050000",0
"ENSRNOG00000059491",20
"ENSRNOG00000025031",0
"ENSRNOG00000050071",0
"ENSRNOG00000001609",139
"ENSRNOG00000068894",3
"ENSRNOG00000001843",2264
"ENSRNOG00000066515",0
"ENSRNOG00000001991",4720
"ENSRNOG00000070676",0
"ENSRNOG00000001926",0
"ENSRNOG00000051418",0
"ENSRNOG00000030452",4
"ENSRNOG00000068299",2500
"ENSRNOG00000042967",0
"ENSRNOG00000050869",1099
"ENSRNOG00000000716",0
"ENSRNOG00000063121",0
"ENSRNOG00000001823",570
"ENSRNOG00000001699",199
"ENSRNOG00000031163",1116
"ENSRNOG00000001567",0
"ENSRNOG00000063483",0
"ENSRNOG00000040068",0
"ENSRNOG00000071041",0
"ENSRNOG00000070559",0
"ENSRNOG00000001608",83
"ENSRNOG00000040064",0
"ENSRNOG00000027997",0
"ENSRNOG00000055713",0
"ENSRNOG00000001813",1171
"ENSRNOG00000043017",0
"ENSRNOG00000039678",0
"ENSRNOG00000042680",0
"ENSRNOG00000049911",730
"ENSRNOG00000057156",0
"ENSRNOG00000027691",0
"ENSRNOG00000001982",874
"ENSRNOG00000061897",0
"ENSRNOG00000027478",0
"ENSRNOG00000055793",0
"ENSRNOG00000001571",0
"ENSRNOG00000048374",0
"ENSRNOG00000067486",1
"ENSRNOG00000066669",0
"ENSRNOG00000050096",0
"ENSRNOG00000067558",0
"ENSRNOG00000048212",0
"ENSRNOG00000047848",32
"ENSRNOG00000001570",0
"ENSRNOG00000042531",0
"ENSRNOG00000001971",912
"ENSRNOG00000065419",0
"ENSRNOG00000063617",0
"ENSRNOG00000001862",4543
"ENSRNOG00000001691",0
"ENSRNOG00000060045",1476
"ENSRNOG00000026236",608
"ENSRNOG00000001692",58
"ENSRNOG00000001861",32
"ENSRNOG00000001701",107
"ENSRNOG00000054203",247
"ENSRNOG00000001964",2632
"ENSRNOG00000001865",1
"ENSRNOG00000001860",0
"ENSRNOG00000001686",329
"ENSRNOG00000001864",77
"ENSRNOG00000025252",82
"ENSRNOG00000001684",0
"ENSRNOG00000051458",22
"ENSRNOG00000001958",485
"ENSRNOG00000001681",964
"ENSRNOG00000030245",346
"ENSRNOG00000001989",394
"ENSRNOG00000055545",0
"ENSRNOG00000070534",0
"ENSRNOG00000001662",1157
"ENSRNOG00000032101",0
"ENSRNOG00000001859",292
"ENSRNOG00000026918",0
"ENSRNOG00000026900",736
"ENSRNOG00000051204",507
"ENSRNOG00000021674",481
"ENSRNOG00000000720",157
"ENSRNOG00000001643",593
"ENSRNOG00000068003",0
"ENSRNOG00000050286",57
"ENSRNOG00000028248",0
"ENSRNOG00000047194",395
"ENSRNOG00000070368",138
"ENSRNOG00000068638",21
"ENSRNOG00000030285",29
"ENSRNOG00000028774",495
"ENSRNOG00000069240",3
"ENSRNOG00000029956",231
"ENSRNOG00000000718",2063
"ENSRNOG00000001585",331
"ENSRNOG00000009920",151
"ENSRNOG00000029147",6
"ENSRNOG00000069094",0
"ENSRNOG00000001554",317
"ENSRNOG00000000715",0
"ENSRNOG00000033441",0
"ENSRNOG00000029763",1
"ENSRNOG00000061099",113
"ENSRNOG00000001573",619
"ENSRNOG00000040257",1424
"ENSRNOG00000051232",373
"ENSRNOG00000030840",0
"ENSRNOG00000029598",721
"ENSRNOG00000047563",284
"ENSRNOG00000060979",1311
"ENSRNOG00000030930",0
"ENSRNOG00000001916",0
"ENSRNOG00000001915",0
"ENSRNOG00000029614",2175
"ENSRNOG00000070402",0
"ENSRNOG00000070302",0
"ENSRNOG00000062450",0
"ENSRNOG00000048723",2786
"ENSRNOG00000064853",0
"ENSRNOG00000000713",31
"ENSRNOG00000001582",1084
"ENSRNOG00000006997",11594
"ENSRNOG00000001607",2562
"ENSRNOG00000002126",0
"ENSRNOG00000057794",46
"ENSRNOG00000001603",331
"ENSRNOG00000001602",973
"ENSRNOG00000001557",392
"ENSRNOG00000001555",539
"ENSRNOG00000063701",0
"ENSRNOG00000001544",0
"ENSRNOG00000001599",81
"ENSRNOG00000001598",356
"ENSRNOG00000040057",0
"ENSRNOG00000038819",7
"ENSRNOG00000045697",18
"ENSRNOG00000042623",5
"ENSRNOG00000052858",4
"ENSRNOG00000011424",2
"ENSRNOG00000067705",95
"ENSRNOG00000055604",0
"ENSRNOG00000028744",0
"ENSRNOG00000011706",0
"ENSRNOG00000031879",0
"ENSRNOG00000046342",55
"ENSRNOG00000056001",0
"ENSRNOG00000061711",0
"ENSRNOG00000038458",8
"ENSRNOG00000013684",0
"ENSRNOG00000038375",1069
"ENSRNOG00000012270",117
"ENSRNOG00000070631",0
"ENSRNOG00000012287",662
"ENSRNOG00000064976",0
"ENSRNOG00000064130",0
"ENSRNOG00000014118",0
"ENSRNOG00000069339",1
"ENSRNOG00000056629",38
"ENSRNOG00000053893",41
"ENSRNOG00000046517",5
"ENSRNOG00000066386",0
"ENSRNOG00000012658",326
"ENSRNOG00000061026",0
"ENSRNOG00000069329",0
"ENSRNOG00000030299",930
"ENSRNOG00000062457",0
"ENSRNOG00000049047",806
"ENSRNOG00000022432",5
"ENSRNOG00000055042",0
"ENSRNOG00000028623",386
"ENSRNOG00000028958",14
"ENSRNOG00000052513",1020
"ENSRNOG00000062357",57
"ENSRNOG00000011178",5
"ENSRNOG00000012174",3
"ENSRNOG00000063129",0
"ENSRNOG00000065913",0
"ENSRNOG00000019568",553
"ENSRNOG00000066408",0
"ENSRNOG00000019657",642
"ENSRNOG00000019277",1595
"ENSRNOG00000068580",0
"ENSRNOG00000029606",73
"ENSRNOG00000070460",302
"ENSRNOG00000052647",0
"ENSRNOG00000069508",109
"ENSRNOG00000065365",0
"ENSRNOG00000066563",0
"ENSRNOG00000066481",0
"ENSRNOG00000070007",3
"ENSRNOG00000063316",0
"ENSRNOG00000063304",2
"ENSRNOG00000067165",3
"ENSRNOG00000056897",0
"ENSRNOG00000069841",0
"ENSRNOG00000031335",38
"ENSRNOG00000062412",277
"ENSRNOG00000013740",0
"ENSRNOG00000056463",0
"ENSRNOG00000063166",0
"ENSRNOG00000053759",0
"ENSRNOG00000064995",16
"ENSRNOG00000064072",0
"ENSRNOG00000069986",0
"ENSRNOG00000055781",0
"ENSRNOG00000022798",0
"ENSRNOG00000062866",0
"ENSRNOG00000012087",897
"ENSRNOG00000059357",0
"ENSRNOG00000068397",4
"ENSRNOG00000070563",19
"ENSRNOG00000051532",3
"ENSRNOG00000070600",0
"ENSRNOG00000068710",0
"ENSRNOG00000039624",0
"ENSRNOG00000033057",4
"ENSRNOG00000052164",0
"ENSRNOG00000068115",0
"ENSRNOG00000070698",6
"ENSRNOG00000065379",0
"ENSRNOG00000067559",0
"ENSRNOG00000058620",1
"ENSRNOG00000051457",0
"ENSRNOG00000065614",17
"ENSRNOG00000057479",0
"ENSRNOG00000065045",4
"ENSRNOG00000067448",0
"ENSRNOG00000056455",0
"ENSRNOG00000021726",485
"ENSRNOG00000067856",49
"ENSRNOG00000065919",0
"ENSRNOG00000070105",0
"ENSRNOG00000064791",0
"ENSRNOG00000070194",0
"ENSRNOG00000053083",0
"ENSRNOG00000066947",0
"ENSRNOG00000038157",0
"ENSRNOG00000047977",1013
"ENSRNOG00000013502",1442
"ENSRNOG00000070573",0
"ENSRNOG00000016619",913
"ENSRNOG00000059595",0
"ENSRNOG00000021693",1100
"ENSRNOG00000038155",0
"ENSRNOG00000067760",0
"ENSRNOG00000053887",0
"ENSRNOG00000066656",0
"ENSRNOG00000065276",0
"ENSRNOG00000063958",0
"ENSRNOG00000066600",0
"ENSRNOG00000010785",0
"ENSRNOG00000061907",0
"ENSRNOG00000069310",0
"ENSRNOG00000064031",0
"ENSRNOG00000068498",0
"ENSRNOG00000069693",0
"ENSRNOG00000064084",180
"ENSRNOG00000057503",0
"ENSRNOG00000066183",0
"ENSRNOG00000069277",0
"ENSRNOG00000038151",0
"ENSRNOG00000051587",0
"ENSRNOG00000067751",0
"ENSRNOG00000068977",0
"ENSRNOG00000052900",0
"ENSRNOG00000038135",0
"ENSRNOG00000066652",4
"ENSRNOG00000070344",0
"ENSRNOG00000065768",1
"ENSRNOG00000061751",0
"ENSRNOG00000067533",0
"ENSRNOG00000032575",312
"ENSRNOG00000070250",5
"ENSRNOG00000061766",0
"ENSRNOG00000022482",1000
"ENSRNOG00000038133",0
"ENSRNOG00000054711",0
"ENSRNOG00000016892",116
"ENSRNOG00000059895",0
"ENSRNOG00000054717",1
"ENSRNOG00000067439",0
"ENSRNOG00000063794",0
"ENSRNOG00000027245",443
"ENSRNOG00000067734",1
"ENSRNOG00000068819",0
"ENSRNOG00000068728",0
"ENSRNOG00000069702",1
"ENSRNOG00000051688",8
"ENSRNOG00000051984",0
"ENSRNOG00000056277",0
"ENSRNOG00000019727",566
"ENSRNOG00000060942",0
"ENSRNOG00000068105",0
"ENSRNOG00000066899",11
"ENSRNOG00000038743",0
"ENSRNOG00000063240",0
"ENSRNOG00000019394",748
"ENSRNOG00000068830",36
"ENSRNOG00000000111",183
"ENSRNOG00000011438",0
"ENSRNOG00000052584",0
"ENSRNOG00000067775",0
"ENSRNOG00000060263",0
"ENSRNOG00000010830",4142
"ENSRNOG00000051395",0
"ENSRNOG00000068570",0
"ENSRNOG00000058732",1
"ENSRNOG00000019433",356
"ENSRNOG00000064380",22
"ENSRNOG00000014624",295
"ENSRNOG00000066596",36
"ENSRNOG00000067215",0
"ENSRNOG00000066084",0
"ENSRNOG00000033351",358
"ENSRNOG00000068713",1
"ENSRNOG00000060710",0
"ENSRNOG00000015280",531
"ENSRNOG00000058362",0
"ENSRNOG00000067949",0
"ENSRNOG00000069662",0
"ENSRNOG00000055692",0
"ENSRNOG00000068505",5
"ENSRNOG00000063780",2
"ENSRNOG00000057559",0
"ENSRNOG00000017671",1424
"ENSRNOG00000059650",0
"ENSRNOG00000051475",0
"ENSRNOG00000015498",12
"ENSRNOG00000067021",0
"ENSRNOG00000010633",453
"ENSRNOG00000061634",0
"ENSRNOG00000057492",0
"ENSRNOG00000065964",0
"ENSRNOG00000052855",0
"ENSRNOG00000013751",1013
"ENSRNOG00000064560",1
"ENSRNOG00000063342",0
"ENSRNOG00000062336",0
"ENSRNOG00000054526",0
"ENSRNOG00000070948",3
"ENSRNOG00000066851",0
"ENSRNOG00000056004",0
"ENSRNOG00000063073",1
"ENSRNOG00000018543",0
"ENSRNOG00000034790",0
"ENSRNOG00000012674",2
"ENSRNOG00000066997",0
"ENSRNOG00000067194",9
"ENSRNOG00000063450",0
"ENSRNOG00000070525",0
"ENSRNOG00000063564",3
"ENSRNOG00000060940",2
"ENSRNOG00000022181",0
"ENSRNOG00000067772",1
"ENSRNOG00000057398",0
"ENSRNOG00000055658",3
"ENSRNOG00000070751",10
"ENSRNOG00000014199",2145
"ENSRNOG00000053586",4
"ENSRNOG00000026740",4
"ENSRNOG00000057346",0
"ENSRNOG00000063993",4
"ENSRNOG00000061440",4
"ENSRNOG00000054043",0
"ENSRNOG00000012582",2699
"ENSRNOG00000060692",0
"ENSRNOG00000063268",0
"ENSRNOG00000056664",0
"ENSRNOG00000056682",0
"ENSRNOG00000069705",0
"ENSRNOG00000052262",0
"ENSRNOG00000061709",5
"ENSRNOG00000058395",0
"ENSRNOG00000067837",12
"ENSRNOG00000058810",1
"ENSRNOG00000016256",3122
"ENSRNOG00000015859",2
"ENSRNOG00000018430",0
"ENSRNOG00000059879",0
"ENSRNOG00000069796",1726
"ENSRNOG00000061765",0
"ENSRNOG00000056874",23
"ENSRNOG00000059902",0
"ENSRNOG00000063984",0
"ENSRNOG00000012565",418
"ENSRNOG00000060560",0
"ENSRNOG00000055540",0
"ENSRNOG00000054601",0
"ENSRNOG00000066729",0
"ENSRNOG00000060283",0
"ENSRNOG00000064740",0
"ENSRNOG00000012108",32
"ENSRNOG00000063742",0
"ENSRNOG00000060595",0
"ENSRNOG00000058759",0
"ENSRNOG00000030954",21636
"ENSRNOG00000067252",11
"ENSRNOG00000014741",0
"ENSRNOG00000063369",1
"ENSRNOG00000068203",0
"ENSRNOG00000060537",0
"ENSRNOG00000059707",0
"ENSRNOG00000070763",3
"ENSRNOG00000057474",0
"ENSRNOG00000061090",0
"ENSRNOG00000070454",0
"ENSRNOG00000065107",0
"ENSRNOG00000031189",0
"ENSRNOG00000070981",0
"ENSRNOG00000052526",0
"ENSRNOG00000051550",0
"ENSRNOG00000019222",1861
"ENSRNOG00000066073",3
"ENSRNOG00000070818",37
"ENSRNOG00000058394",0
"ENSRNOG00000046554",0
"ENSRNOG00000062490",0
"ENSRNOG00000060161",0
"ENSRNOG00000066888",0
"ENSRNOG00000035589",0
"ENSRNOG00000052819",0
"ENSRNOG00000050405",0
"ENSRNOG00000059970",0
"ENSRNOG00000064049",2
"ENSRNOG00000016423",2566
"ENSRNOG00000018669",0
"ENSRNOG00000069561",14
"ENSRNOG00000042464",354
"ENSRNOG00000066250",0
"ENSRNOG00000066981",3
"ENSRNOG00000066732",0
"ENSRNOG00000057348",0
"ENSRNOG00000035975",0
"ENSRNOG00000012561",543
"ENSRNOG00000053224",0
"ENSRNOG00000017518",3
"ENSRNOG00000013147",10
"ENSRNOG00000067895",7
"ENSRNOG00000014454",1540
"ENSRNOG00000033444",0
"ENSRNOG00000000112",855
"ENSRNOG00000012333",25
"ENSRNOG00000017397",149
"ENSRNOG00000025365",17
"ENSRNOG00000066109",599
"ENSRNOG00000017536",1842
"ENSRNOG00000061160",38
"ENSRNOG00000020178",1322
"ENSRNOG00000016559",973
"ENSRNOG00000013391",1388
"ENSRNOG00000056956",314
"ENSRNOG00000069749",389
"ENSRNOG00000022368",124
"ENSRNOG00000028380",132
"ENSRNOG00000033585",0
"ENSRNOG00000068331",3
"ENSRNOG00000039749",0
"ENSRNOG00000049942",171
"ENSRNOG00000019700",2
"ENSRNOG00000014275",758
"ENSRNOG00000032737",0
"ENSRNOG00000020229",626
"ENSRNOG00000025222",573
"ENSRNOG00000020088",415
"ENSRNOG00000011826",32
"ENSRNOG00000014462",1127
"ENSRNOG00000017689",1
"ENSRNOG00000042114",182
"ENSRNOG00000052038",31
"ENSRNOG00000014628",1127
"ENSRNOG00000018233",14600
"ENSRNOG00000012283",0
"ENSRNOG00000023317",2300
"ENSRNOG00000012448",0
"ENSRNOG00000058359",1925
"ENSRNOG00000017554",0
"ENSRNOG00000042867",0
"ENSRNOG00000009824",987
"ENSRNOG00000066883",0
"ENSRNOG00000012739",184
"ENSRNOG00000054006",0
"ENSRNOG00000028299",0
"ENSRNOG00000022686",47
"ENSRNOG00000012991",2403
"ENSRNOG00000017085",434
"ENSRNOG00000055677",0
"ENSRNOG00000011016",5565
"ENSRNOG00000018452",451
"ENSRNOG00000053136",2
"ENSRNOG00000042690",1
"ENSRNOG00000049442",6191
"ENSRNOG00000016645",496
"ENSRNOG00000017683",0
"ENSRNOG00000032192",454
"ENSRNOG00000016050",302
"ENSRNOG00000033386",0
"ENSRNOG00000017154",2181
"ENSRNOG00000011116",153
"ENSRNOG00000018167",0
"ENSRNOG00000042658",8
"ENSRNOG00000013763",691
"ENSRNOG00000057751",0
"ENSRNOG00000018170",1887
"ENSRNOG00000020203",0
"ENSRNOG00000011276",1196
"ENSRNOG00000026180",304
"ENSRNOG00000010748",1398
"ENSRNOG00000025433",0
"ENSRNOG00000014621",882
"ENSRNOG00000070644",0
"ENSRNOG00000020045",0
"ENSRNOG00000062821",228
"ENSRNOG00000025728",0
"ENSRNOG00000066340",0
"ENSRNOG00000051993",1139
"ENSRNOG00000009738",319
"ENSRNOG00000016015",1086
"ENSRNOG00000019073",476
"ENSRNOG00000023485",3
"ENSRNOG00000064616",600
"ENSRNOG00000020155",455
"ENSRNOG00000045729",0
"ENSRNOG00000010832",897
"ENSRNOG00000033703",0
"ENSRNOG00000059900",78
"ENSRNOG00000011397",0
"ENSRNOG00000018326",1972
"ENSRNOG00000014875",792
"ENSRNOG00000038671",0
"ENSRNOG00000019504",157
"ENSRNOG00000052469",1637
"ENSRNOG00000010714",0
"ENSRNOG00000019971",20036
"ENSRNOG00000065936",0
"ENSRNOG00000048769",1
"ENSRNOG00000068093",0
"ENSRNOG00000068852",0
"ENSRNOG00000019629",10611
"ENSRNOG00000014502",0
"ENSRNOG00000000054",418
"ENSRNOG00000015052",43
"ENSRNOG00000032376",191
"ENSRNOG00000015375",525
"ENSRNOG00000017552",623
"ENSRNOG00000019990",293
"ENSRNOG00000042560",477
"ENSRNOG00000039417",764
"ENSRNOG00000020030",548
"ENSRNOG00000015501",750
"ENSRNOG00000015148",0
"ENSRNOG00000010780",1724
"ENSRNOG00000019572",200
"ENSRNOG00000019649",1163
"ENSRNOG00000069017",2092
"ENSRNOG00000010758",4
"ENSRNOG00000058662",136
"ENSRNOG00000017071",751
"ENSRNOG00000019009",83
"ENSRNOG00000068301",0
"ENSRNOG00000020134",417
"ENSRNOG00000070518",148
"ENSRNOG00000009846",37
"ENSRNOG00000059091",2
"ENSRNOG00000015496",10068
"ENSRNOG00000012573",1
"ENSRNOG00000067124",0
"ENSRNOG00000067549",195
"ENSRNOG00000018241",6
"ENSRNOG00000064919",0
"ENSRNOG00000019824",907
"ENSRNOG00000011420",21
"ENSRNOG00000015751",8
"ENSRNOG00000014185",0
"ENSRNOG00000027257",157
"ENSRNOG00000067670",0
"ENSRNOG00000010189",1427
"ENSRNOG00000019216",1
"ENSRNOG00000010034",6427
"ENSRNOG00000049498",391
"ENSRNOG00000064081",2
"ENSRNOG00000067161",0
"ENSRNOG00000018823",8219
"ENSRNOG00000010776",1451
"ENSRNOG00000064603",0
"ENSRNOG00000064057",1
"ENSRNOG00000023509",1349
"ENSRNOG00000011492",140
"ENSRNOG00000010984",3338
"ENSRNOG00000057966",0
"ENSRNOG00000064888",43
"ENSRNOG00000019955",38
"ENSRNOG00000067022",8
"ENSRNOG00000042580",27
"ENSRNOG00000049856",85
"ENSRNOG00000054322",0
"ENSRNOG00000010155",1186
"ENSRNOG00000015621",188
"ENSRNOG00000012181",454
"ENSRNOG00000014149",0
"ENSRNOG00000023403",95
"ENSRNOG00000015618",400
"ENSRNOG00000032297",5828
"ENSRNOG00000014188",37
"ENSRNOG00000011263",766
"ENSRNOG00000060701",149
"ENSRNOG00000026310",0
"ENSRNOG00000068058",105
"ENSRNOG00000043387",19819
"ENSRNOG00000016186",439
"ENSRNOG00000018943",73
"ENSRNOG00000029441",406
"ENSRNOG00000025012",0
"ENSRNOG00000061945",6
"ENSRNOG00000011992",5
"ENSRNOG00000033528",31
"ENSRNOG00000018147",0
"ENSRNOG00000043249",0
"ENSRNOG00000012001",345
"ENSRNOG00000032550",0
"ENSRNOG00000039786",0
"ENSRNOG00000019639",86
"ENSRNOG00000042628",0
"ENSRNOG00000051048",10855
"ENSRNOG00000012263",606
"ENSRNOG00000039357",0
"ENSRNOG00000028426",21
"ENSRNOG00000019768",0
"ENSRNOG00000017231",3265
"ENSRNOG00000067356",0
"ENSRNOG00000048622",1960
"ENSRNOG00000010558",294
"ENSRNOG00000030199",642
"ENSRNOG00000042426",1045
"ENSRNOG00000011891",3489
"ENSRNOG00000025174",2225
"ENSRNOG00000040205",2983
"ENSRNOG00000018764",2
"ENSRNOG00000057716",0
"ENSRNOG00000052129",31
"ENSRNOG00000018650",195
"ENSRNOG00000068874",6
"ENSRNOG00000020078",0
"ENSRNOG00000029903",0
"ENSRNOG00000019018",4739
"ENSRNOG00000054809",1
"ENSRNOG00000018781",698
"ENSRNOG00000017156",48
"ENSRNOG00000030017",158
"ENSRNOG00000065627",158
"ENSRNOG00000017676",13
"ENSRNOG00000014172",0
"ENSRNOG00000062469",1
"ENSRNOG00000068146",1
"ENSRNOG00000012396",0
"ENSRNOG00000017956",2899
"ENSRNOG00000066954",0
"ENSRNOG00000018795",19341
"ENSRNOG00000051911",0
"ENSRNOG00000011407",357
"ENSRNOG00000014339",0
"ENSRNOG00000033912",6
"ENSRNOG00000018040",68
"ENSRNOG00000053706",207
"ENSRNOG00000059057",253
"ENSRNOG00000069283",32
"ENSRNOG00000032995",157
"ENSRNOG00000012841",341
"ENSRNOG00000019630",306
"ENSRNOG00000018822",1
"ENSRNOG00000069755",0
"ENSRNOG00000012779",0
"ENSRNOG00000018952",1
"ENSRNOG00000029522",0
"ENSRNOG00000066938",532
"ENSRNOG00000066630",490
"ENSRNOG00000028707",0
"ENSRNOG00000020427",334
"ENSRNOG00000064390",0
"ENSRNOG00000056947",0
"ENSRNOG00000067523",0
"ENSRNOG00000062395",0
"ENSRNOG00000033318",147
"ENSRNOG00000018996",329
"ENSRNOG00000030093",0
"ENSRNOG00000012767",68
"ENSRNOG00000019656",1188
"ENSRNOG00000068468",0
"ENSRNOG00000030524",0
"ENSRNOG00000012790",0
"ENSRNOG00000022247",310
"ENSRNOG00000019273",780
"ENSRNOG00000017949",1351
"ENSRNOG00000000109",0
"ENSRNOG00000012878",26
"ENSRNOG00000048036",0
"ENSRNOG00000011474",71
"ENSRNOG00000019097",1214
"ENSRNOG00000049949",86
"ENSRNOG00000011431",849
"ENSRNOG00000042237",0
"ENSRNOG00000042504",33
"ENSRNOG00000011839",171
"ENSRNOG00000010107",1387
"ENSRNOG00000013061",1979
"ENSRNOG00000052111",355
"ENSRNOG00000019697",1780
"ENSRNOG00000011881",128
"ENSRNOG00000011448",460
"ENSRNOG00000031959",0
"ENSRNOG00000019698",184
"ENSRNOG00000013768",0
"ENSRNOG00000011625",2028
"ENSRNOG00000014520",729
"ENSRNOG00000018077",718
"ENSRNOG00000020526",514
"ENSRNOG00000011253",4
"ENSRNOG00000014526",172
"ENSRNOG00000050067",1958
"ENSRNOG00000038130",0
"ENSRNOG00000069920",0
"ENSRNOG00000019741",25
"ENSRNOG00000012329",1780
"ENSRNOG00000019490",2304
"ENSRNOG00000026914",134
"ENSRNOG00000022173",973
"ENSRNOG00000015021",205
"ENSRNOG00000024930",912
"ENSRNOG00000015109",413
"ENSRNOG00000020599",52
"ENSRNOG00000015182",1075
"ENSRNOG00000014600",0
"ENSRNOG00000011754",0
"ENSRNOG00000012757",94
"ENSRNOG00000070947",1
"ENSRNOG00000020602",193
"ENSRNOG00000039191",2
"ENSRNOG00000022421",629
"ENSRNOG00000010783",337
"ENSRNOG00000020622",0
"ENSRNOG00000026336",1
"ENSRNOG00000019387",706
"ENSRNOG00000063036",0
"ENSRNOG00000064362",250
"ENSRNOG00000023494",164
"ENSRNOG00000031681",0
"ENSRNOG00000048472",61
"ENSRNOG00000011518",0
"ENSRNOG00000024142",169
"ENSRNOG00000022753",393
"ENSRNOG00000018932",228
"ENSRNOG00000050857",253
"ENSRNOG00000019150",629
"ENSRNOG00000029264",75
"ENSRNOG00000019267",9
"ENSRNOG00000013024",780
"ENSRNOG00000062701",0
"ENSRNOG00000015440",610
"ENSRNOG00000012934",1222
"ENSRNOG00000033972",0
"ENSRNOG00000017783",0
"ENSRNOG00000013939",0
"ENSRNOG00000047276",13524
"ENSRNOG00000012601",1375
"ENSRNOG00000033538",0
"ENSRNOG00000038149",0
"ENSRNOG00000030102",0
"ENSRNOG00000011351",27
"ENSRNOG00000038148",0
"ENSRNOG00000038147",0
"ENSRNOG00000046973",392
"ENSRNOG00000013254",1134
"ENSRNOG00000012654",830
"ENSRNOG00000013957",0
"ENSRNOG00000019473",130
"ENSRNOG00000034275",0
"ENSRNOG00000013884",1643
"ENSRNOG00000014915",1016
"ENSRNOG00000019518",27
"ENSRNOG00000070256",0
"ENSRNOG00000023991",463
"ENSRNOG00000024650",349
"ENSRNOG00000065258",0
"ENSRNOG00000019661",41
"ENSRNOG00000028586",316
"ENSRNOG00000022565",1
"ENSRNOG00000010736",41
"ENSRNOG00000016696",25
"ENSRNOG00000032089",0
"ENSRNOG00000023972",3671
"ENSRNOG00000029462",0
"ENSRNOG00000038115",0
"ENSRNOG00000030719",5
"ENSRNOG00000010392",250
"ENSRNOG00000028636",29
"ENSRNOG00000016281",4095
"ENSRNOG00000021805",789
"ENSRNOG00000032304",0
"ENSRNOG00000024837",0
"ENSRNOG00000055499",0
"ENSRNOG00000013541",112
"ENSRNOG00000038129",0
"ENSRNOG00000066120",0
"ENSRNOG00000065076",0
"ENSRNOG00000038128",0
"ENSRNOG00000067812",103
"ENSRNOG00000038126",0
"ENSRNOG00000052152",0
"ENSRNOG00000065710",0
"ENSRNOG00000019228",615
"ENSRNOG00000038106",2633
"ENSRNOG00000028919",2
"ENSRNOG00000016483",4
"ENSRNOG00000066096",0
"ENSRNOG00000022781",2238
"ENSRNOG00000026403",96
"ENSRNOG00000055331",639
"ENSRNOG00000014745",1332
"ENSRNOG00000020269",117
"ENSRNOG00000007748",0
"ENSRNOG00000014464",4
"ENSRNOG00000020280",102
"ENSRNOG00000015426",52
"ENSRNOG00000055140",0
"ENSRNOG00000059166",151
"ENSRNOG00000020345",117
"ENSRNOG00000014598",591
"ENSRNOG00000020390",248
"ENSRNOG00000053026",66
"ENSRNOG00000011921",68
"ENSRNOG00000037753",0
"ENSRNOG00000020400",3
"ENSRNOG00000063117",0
"ENSRNOG00000011858",0
"ENSRNOG00000029977",1
"ENSRNOG00000062799",9
"ENSRNOG00000058908",750
"ENSRNOG00000062801",0
"ENSRNOG00000030889",2
"ENSRNOG00000031521",1
"ENSRNOG00000030778",0
"ENSRNOG00000057653",0
"ENSRNOG00000065368",0
"ENSRNOG00000038744",225
"ENSRNOG00000052883",0
"ENSRNOG00000014605",537
"ENSRNOG00000023473",514
"ENSRNOG00000029662",52
"ENSRNOG00000058940",614
"ENSRNOG00000011636",841
"ENSRNOG00000012623",8355
"ENSRNOG00000018358",852
"ENSRNOG00000013328",2572
"ENSRNOG00000058006",1
"ENSRNOG00000025408",88
"ENSRNOG00000059442",181
"ENSRNOG00000065146",203
"ENSRNOG00000018434",6
"ENSRNOG00000059097",0
"ENSRNOG00000038473",5
"ENSRNOG00000059865",4
"ENSRNOG00000019718",29
"ENSRNOG00000014422",429
"ENSRNOG00000063991",0
"ENSRNOG00000020080",0
"ENSRNOG00000049689",0
"ENSRNOG00000021966",32
"ENSRNOG00000022726",1
"ENSRNOG00000070491",0
"ENSRNOG00000067462",0
"ENSRNOG00000017051",130
"ENSRNOG00000065891",0
"ENSRNOG00000020077",0
"ENSRNOG00000012218",0
"ENSRNOG00000017369",22
"ENSRNOG00000017997",136
"ENSRNOG00000060767",0
"ENSRNOG00000029131",0
"ENSRNOG00000018075",3305
"ENSRNOG00000011307",1349
"ENSRNOG00000010488",4807
"ENSRNOG00000014133",0
"ENSRNOG00000018179",810
"ENSRNOG00000019760",585
"ENSRNOG00000067867",0
"ENSRNOG00000028461",704
"ENSRNOG00000016064",5077
"ENSRNOG00000010008",411
"ENSRNOG00000013346",6
"ENSRNOG00000028227",1933
"ENSRNOG00000013574",591
"ENSRNOG00000019615",29
"ENSRNOG00000067370",3
"ENSRNOG00000052391",737
"ENSRNOG00000013961",5083
"ENSRNOG00000014363",240
"ENSRNOG00000019559",634
"ENSRNOG00000016346",1091
"ENSRNOG00000068020",638
"ENSRNOG00000014750",1015
"ENSRNOG00000060949",20
"ENSRNOG00000031287",0
"ENSRNOG00000066342",0
"ENSRNOG00000067759",0
"ENSRNOG00000024728",903
"ENSRNOG00000051977",8
"ENSRNOG00000011140",140
"ENSRNOG00000055025",6
"ENSRNOG00000063161",0
"ENSRNOG00000010813",879
"ENSRNOG00000017381",1
"ENSRNOG00000005112",7
"ENSRNOG00000023614",0
"ENSRNOG00000063221",17
"ENSRNOG00000019811",203
"ENSRNOG00000019978",641
"ENSRNOG00000013330",3779
"ENSRNOG00000043342",53
"ENSRNOG00000012323",1807
"ENSRNOG00000067535",0
"ENSRNOG00000011912",173
"ENSRNOG00000042037",1291
"ENSRNOG00000057367",10152
"ENSRNOG00000023700",245
"ENSRNOG00000013260",107
"ENSRNOG00000039591",0
"ENSRNOG00000011165",1
"ENSRNOG00000057542",0
"ENSRNOG00000039601",0
"ENSRNOG00000065091",2
"ENSRNOG00000010358",810
"ENSRNOG00000024411",232
"ENSRNOG00000011861",0
"ENSRNOG00000010418",103
"ENSRNOG00000011775",51
"ENSRNOG00000010682",479
"ENSRNOG00000011293",88
"ENSRNOG00000060395",18
"ENSRNOG00000013167",24
"ENSRNOG00000067282",0
"ENSRNOG00000063109",0
"ENSRNOG00000069425",30
"ENSRNOG00000012037",309
"ENSRNOG00000066721",2192
"ENSRNOG00000067321",0
"ENSRNOG00000010610",0
"ENSRNOG00000069516",54
"ENSRNOG00000060448",246
"ENSRNOG00000063491",158
"ENSRNOG00000013218",83
"ENSRNOG00000010502",496
"ENSRNOG00000062690",2
"ENSRNOG00000010566",162
"ENSRNOG00000046132",2
"ENSRNOG00000046720",14
"ENSRNOG00000007402",2024
"ENSRNOG00000048035",0
"ENSRNOG00000042630",36
"ENSRNOG00000038933",1888
"ENSRNOG00000049792",0
"ENSRNOG00000070639",0
"ENSRNOG00000064359",3
"ENSRNOG00000000108",1678
"ENSRNOG00000011416",558
"ENSRNOG00000070483",1194
"ENSRNOG00000048847",0
"ENSRNOG00000059297",0
"ENSRNOG00000010731",43
"ENSRNOG00000070297",1
"ENSRNOG00000022736",356
"ENSRNOG00000011688",21
"ENSRNOG00000013215",152
"ENSRNOG00000012802",2380
"ENSRNOG00000065184",33
"ENSRNOG00000066202",1
"ENSRNOG00000013480",113
"ENSRNOG00000064469",1
"ENSRNOG00000009660",48
"ENSRNOG00000069013",1
"ENSRNOG00000013248",609
"ENSRNOG00000010475",640
"ENSRNOG00000022320",48
"ENSRNOG00000022261",62
"ENSRNOG00000022500",1519
"ENSRNOG00000033638",45
"ENSRNOG00000009590",27
"ENSRNOG00000053529",0
"ENSRNOG00000023034",1
"ENSRNOG00000015225",1009
"ENSRNOG00000014645",779
"ENSRNOG00000065037",0
"ENSRNOG00000022957",7
"ENSRNOG00000015971",634
"ENSRNOG00000023013",197
"ENSRNOG00000013738",138
"ENSRNOG00000013774",143
"ENSRNOG00000070204",0
"ENSRNOG00000059142",103
"ENSRNOG00000069576",0
"ENSRNOG00000027066",4
"ENSRNOG00000024671",1087
"ENSRNOG00000070823",0
"ENSRNOG00000043219",60
"ENSRNOG00000067639",164
"ENSRNOG00000015834",0
"ENSRNOG00000025422",0
"ENSRNOG00000016087",473
"ENSRNOG00000015840",1067
"ENSRNOG00000026136",485
"ENSRNOG00000020084",0
"ENSRNOG00000054953",3
"ENSRNOG00000046264",11
"ENSRNOG00000067520",0
"ENSRNOG00000019744",0
"ENSRNOG00000014426",2487
"ENSRNOG00000063843",2782
"ENSRNOG00000029244",25
"ENSRNOG00000018525",1
"ENSRNOG00000018724",3
"ENSRNOG00000066477",75
"ENSRNOG00000013674",10
"ENSRNOG00000067527",0
"ENSRNOG00000017091",641
"ENSRNOG00000066512",5
"ENSRNOG00000014808",396
"ENSRNOG00000058193",0
"ENSRNOG00000065460",0
"ENSRNOG00000016773",1252
"ENSRNOG00000015161",330
"ENSRNOG00000066074",0
"ENSRNOG00000026060",113
"ENSRNOG00000022429",0
"ENSRNOG00000039471",259
"ENSRNOG00000039470",250
"ENSRNOG00000019014",1360
"ENSRNOG00000018254",0
"ENSRNOG00000016250",1257
"ENSRNOG00000018774",280
"ENSRNOG00000016433",1668
"ENSRNOG00000030247",1532
"ENSRNOG00000019577",0
"ENSRNOG00000017832",1328
"ENSRNOG00000033015",2
"ENSRNOG00000060334",3
"ENSRNOG00000067774",0
"ENSRNOG00000038211",4
"ENSRNOG00000064792",1
"ENSRNOG00000015591",584
"ENSRNOG00000016677",958
"ENSRNOG00000068672",71
"ENSRNOG00000016231",710
"ENSRNOG00000018461",25471
"ENSRNOG00000069464",45
"ENSRNOG00000011382",330
"ENSRNOG00000012795",176
"ENSRNOG00000018089",759
"ENSRNOG00000060410",187
"ENSRNOG00000023412",129
"ENSRNOG00000017488",592
"ENSRNOG00000023433",1209
"ENSRNOG00000017849",188
"ENSRNOG00000017416",5989
"ENSRNOG00000016887",0
"ENSRNOG00000030486",1320
"ENSRNOG00000029370",17
"ENSRNOG00000017035",760
"ENSRNOG00000019276",736
"ENSRNOG00000050152",24
"ENSRNOG00000019711",801
"ENSRNOG00000013281",658
"ENSRNOG00000002908",1684
"ENSRNOG00000023197",1331
"ENSRNOG00000019235",1096
"ENSRNOG00000015772",19
"ENSRNOG00000071008",18
"ENSRNOG00000016021",295
"ENSRNOG00000014459",288
"ENSRNOG00000016275",0
"ENSRNOG00000019181",2275
"ENSRNOG00000065480",1
"ENSRNOG00000050949",241
"ENSRNOG00000018304",1307
"ENSRNOG00000049345",0
"ENSRNOG00000019536",1029
"ENSRNOG00000013714",205
"ENSRNOG00000064275",365
"ENSRNOG00000015383",9
"ENSRNOG00000019298",2339
"ENSRNOG00000016366",269
"ENSRNOG00000066369",3
"ENSRNOG00000019403",3
"ENSRNOG00000015035",3
"ENSRNOG00000030363",0
"ENSRNOG00000015418",3
"ENSRNOG00000062552",709
"ENSRNOG00000018082",281
"ENSRNOG00000031092",542
"ENSRNOG00000022156",0
"ENSRNOG00000057832",5
"ENSRNOG00000063070",6803
"ENSRNOG00000056258",0
"ENSRNOG00000015602",507
"ENSRNOG00000018414",9
"ENSRNOG00000016874",986
"ENSRNOG00000017159",0
"ENSRNOG00000064251",2
"ENSRNOG00000022202",1315
"ENSRNOG00000039260",0
"ENSRNOG00000018992",1436
"ENSRNOG00000066013",13764
"ENSRNOG00000011300",87
"ENSRNOG00000003541",218
"ENSRNOG00000052723",0
"ENSRNOG00000052312",0
"ENSRNOG00000068558",4
"ENSRNOG00000055349",0
"ENSRNOG00000019159",0
"ENSRNOG00000052888",0
"ENSRNOG00000015546",385
"ENSRNOG00000056958",1
"ENSRNOG00000057533",0
"ENSRNOG00000063255",0
"ENSRNOG00000054451",0
"ENSRNOG00000057432",0
"ENSRNOG00000054092",0
"ENSRNOG00000015645",400
"ENSRNOG00000065966",0
"ENSRNOG00000066739",0
"ENSRNOG00000068446",0
"ENSRNOG00000018371",2554
"ENSRNOG00000067228",0
"ENSRNOG00000069179",0
"ENSRNOG00000035474",0
"ENSRNOG00000035602",0
"ENSRNOG00000018780",1
"ENSRNOG00000043820",0
"ENSRNOG00000035521",0
"ENSRNOG00000017965",911
"ENSRNOG00000044615",0
"ENSRNOG00000035523",1
"ENSRNOG00000039969",4
"ENSRNOG00000035651",0
"ENSRNOG00000035603",0
"ENSRNOG00000003559",73
"ENSRNOG00000035517",0
"ENSRNOG00000017954",326
"ENSRNOG00000018820",1
"ENSRNOG00000016685",0
"ENSRNOG00000016675",0
"ENSRNOG00000016853",0
"ENSRNOG00000042070",22
"ENSRNOG00000003691",4888
"ENSRNOG00000016800",1841
"ENSRNOG00000016417",48
"ENSRNOG00000031421",1030
"ENSRNOG00000049629",5
"ENSRNOG00000014775",0
"ENSRNOG00000018132",988
"ENSRNOG00000052952",3
"ENSRNOG00000027103",1
"ENSRNOG00000027355",486
"ENSRNOG00000020103",0
"ENSRNOG00000042879",2055
"ENSRNOG00000039476",7
"ENSRNOG00000017568",0
"ENSRNOG00000020095",12
"ENSRNOG00000064596",0
"ENSRNOG00000068550",0
"ENSRNOG00000020073",8
"ENSRNOG00000031060",0
"ENSRNOG00000020072",8
"ENSRNOG00000013867",1030
"ENSRNOG00000015205",0
"ENSRNOG00000018676",1088
"ENSRNOG00000020066",13
"ENSRNOG00000018644",61
"ENSRNOG00000033719",43
"ENSRNOG00000020062",26
"ENSRNOG00000000158",3
"ENSRNOG00000069290",0
"ENSRNOG00000020054",13
"ENSRNOG00000012899",339
"ENSRNOG00000039472",168
"ENSRNOG00000064758",0
"ENSRNOG00000058823",0
"ENSRNOG00000033123",60
"ENSRNOG00000065236",0
"ENSRNOG00000059289",0
"ENSRNOG00000033479",47
"ENSRNOG00000012597",880
"ENSRNOG00000063965",0
"ENSRNOG00000071175",1
"ENSRNOG00000051796",0
"ENSRNOG00000020028",305
"ENSRNOG00000070610",0
"ENSRNOG00000064492",0
"ENSRNOG00000038412",5
"ENSRNOG00000057382",0
"ENSRNOG00000016216",111
"ENSRNOG00000059918",0
"ENSRNOG00000069512",0
"ENSRNOG00000054066",0
"ENSRNOG00000050666",21
"ENSRNOG00000016612",92
"ENSRNOG00000051492",0
"ENSRNOG00000052686",4
"ENSRNOG00000003575",1
"ENSRNOG00000069260",2
"ENSRNOG00000052373",0
"ENSRNOG00000030301",0
"ENSRNOG00000064396",0
"ENSRNOG00000070001",0
"ENSRNOG00000063267",0
"ENSRNOG00000048101",114
"ENSRNOG00000070357",5
"ENSRNOG00000067352",0
"ENSRNOG00000066412",0
"ENSRNOG00000061296",0
"ENSRNOG00000060083",0
"ENSRNOG00000066272",1
"ENSRNOG00000064926",0
"ENSRNOG00000030131",209
"ENSRNOG00000065626",0
"ENSRNOG00000053664",0
"ENSRNOG00000068520",0
"ENSRNOG00000056053",0
"ENSRNOG00000058459",0
"ENSRNOG00000023492",83
"ENSRNOG00000064736",0
"ENSRNOG00000065378",28
"ENSRNOG00000056994",0
"ENSRNOG00000053926",0
"ENSRNOG00000057621",0
"ENSRNOG00000019542",895
"ENSRNOG00000027250",818
"ENSRNOG00000060362",11
"ENSRNOG00000070435",0
"ENSRNOG00000049137",157
"ENSRNOG00000069602",0
"ENSRNOG00000063364",0
"ENSRNOG00000067738",2
"ENSRNOG00000066354",0
"ENSRNOG00000016562",375
"ENSRNOG00000060360",5
"ENSRNOG00000068438",0
"ENSRNOG00000056317",0
"ENSRNOG00000038955",132
"ENSRNOG00000065120",1084
"ENSRNOG00000063115",641
"ENSRNOG00000066709",0
"ENSRNOG00000063272",0
"ENSRNOG00000062623",0
"ENSRNOG00000070893",0
"ENSRNOG00000061115",0
"ENSRNOG00000012016",1953
"ENSRNOG00000068584",0
"ENSRNOG00000058981",3
"ENSRNOG00000055852",0
"ENSRNOG00000060761",0
"ENSRNOG00000046787",0
"ENSRNOG00000060774",0
"ENSRNOG00000017503",53
"ENSRNOG00000067928",0
"ENSRNOG00000065803",0
"ENSRNOG00000014031",234
"ENSRNOG00000053670",0
"ENSRNOG00000018842",0
"ENSRNOG00000069327",0
"ENSRNOG00000034597",0
"ENSRNOG00000003578",746
"ENSRNOG00000065250",0
"ENSRNOG00000063554",0
"ENSRNOG00000065859",0
"ENSRNOG00000063765",0
"ENSRNOG00000061627",0
"ENSRNOG00000066649",24
"ENSRNOG00000066897",0
"ENSRNOG00000052137",0
"ENSRNOG00000025324",1479
"ENSRNOG00000058986",0
"ENSRNOG00000066774",8
"ENSRNOG00000020423",1679
"ENSRNOG00000063799",25
"ENSRNOG00000057114",0
"ENSRNOG00000045895",245
"ENSRNOG00000069919",112
"ENSRNOG00000066317",0
"ENSRNOG00000066466",124
"ENSRNOG00000063313",6625
"ENSRNOG00000054381",0
"ENSRNOG00000063195",0
"ENSRNOG00000066439",3
"ENSRNOG00000052496",0
"ENSRNOG00000065652",0
"ENSRNOG00000056684",0
"ENSRNOG00000064669",9
"ENSRNOG00000065471",0
"ENSRNOG00000061030",0
"ENSRNOG00000064474",0
"ENSRNOG00000068178",0
"ENSRNOG00000071191",0
"ENSRNOG00000067429",6
"ENSRNOG00000070005",0
"ENSRNOG00000069653",364
"ENSRNOG00000056510",0
"ENSRNOG00000066321",39
"ENSRNOG00000056808",0
"ENSRNOG00000070403",0
"ENSRNOG00000069021",0
"ENSRNOG00000013180",563
"ENSRNOG00000070237",0
"ENSRNOG00000067322",0
"ENSRNOG00000028381",4
"ENSRNOG00000013116",0
"ENSRNOG00000061564",8
"ENSRNOG00000058384",0
"ENSRNOG00000019995",541
"ENSRNOG00000057317",0
"ENSRNOG00000031591",14
"ENSRNOG00000068747",448
"ENSRNOG00000051715",1
"ENSRNOG00000062559",9
"ENSRNOG00000011853",1714
"ENSRNOG00000061580",0
"ENSRNOG00000047436",9
"ENSRNOG00000019695",63
"ENSRNOG00000064788",2
"ENSRNOG00000053549",0
"ENSRNOG00000068478",26
"ENSRNOG00000061074",0
"ENSRNOG00000063634",48
"ENSRNOG00000063513",35
"ENSRNOG00000059171",1
"ENSRNOG00000039463",171
"ENSRNOG00000061205",0
"ENSRNOG00000019643",128
"ENSRNOG00000070478",1
"ENSRNOG00000058148",3
"ENSRNOG00000066492",0
"ENSRNOG00000055561",0
"ENSRNOG00000068149",6
"ENSRNOG00000054799",0
"ENSRNOG00000016879",450
"ENSRNOG00000066558",0
"ENSRNOG00000039593",16
"ENSRNOG00000051481",0
"ENSRNOG00000064107",13
"ENSRNOG00000011271",396
"ENSRNOG00000067754",6
"ENSRNOG00000060097",0
"ENSRNOG00000060797",0
"ENSRNOG00000062545",4
"ENSRNOG00000054058",503
"ENSRNOG00000048704",522
"ENSRNOG00000058091",0
"ENSRNOG00000069131",1
"ENSRNOG00000066114",0
"ENSRNOG00000059035",0
"ENSRNOG00000068859",368
"ENSRNOG00000053295",0
"ENSRNOG00000063977",0
"ENSRNOG00000056815",0
"ENSRNOG00000056920",0
"ENSRNOG00000032873",0
"ENSRNOG00000066933",65
"ENSRNOG00000056405",0
"ENSRNOG00000063673",29
"ENSRNOG00000052234",1
"ENSRNOG00000061285",0
"ENSRNOG00000035926",0
"ENSRNOG00000064751",0
"ENSRNOG00000064928",0
"ENSRNOG00000065577",0
"ENSRNOG00000018735",107
"ENSRNOG00000071215",0
"ENSRNOG00000060679",0
"ENSRNOG00000016698",462
"ENSRNOG00000019450",1175
"ENSRNOG00000067206",1
"ENSRNOG00000068060",69
"ENSRNOG00000068154",0
"ENSRNOG00000064030",0
"ENSRNOG00000057068",0
"ENSRNOG00000062598",726
"ENSRNOG00000058936",0
"ENSRNOG00000068618",0
"ENSRNOG00000055927",0
"ENSRNOG00000042137",304
"ENSRNOG00000047186",0
"ENSRNOG00000053417",0
"ENSRNOG00000071083",8
"ENSRNOG00000066944",0
"ENSRNOG00000057598",0
"ENSRNOG00000054858",0
"ENSRNOG00000067857",0
"ENSRNOG00000070786",2
"ENSRNOG00000064768",0
"ENSRNOG00000045844",1264
"ENSRNOG00000065428",0
"ENSRNOG00000053481",0
"ENSRNOG00000055276",0
"ENSRNOG00000039241",219
"ENSRNOG00000054926",0
"ENSRNOG00000061017",0
"ENSRNOG00000068742",0
"ENSRNOG00000026108",822
"ENSRNOG00000069613",11
"ENSRNOG00000019525",6718
"ENSRNOG00000062470",186
"ENSRNOG00000039251",0
"ENSRNOG00000065879",0
"ENSRNOG00000066797",0
"ENSRNOG00000067687",111
"ENSRNOG00000066557",11
"ENSRNOG00000003950",28
"ENSRNOG00000019305",119
"ENSRNOG00000062995",0
"ENSRNOG00000064307",0
"ENSRNOG00000062721",702
"ENSRNOG00000060302",0
"ENSRNOG00000005796",4771
"ENSRNOG00000062510",0
"ENSRNOG00000069336",2
"ENSRNOG00000066854",568
"ENSRNOG00000000157",445
"ENSRNOG00000070938",87
"ENSRNOG00000020204",273
"ENSRNOG00000065669",3
"ENSRNOG00000019134",0
"ENSRNOG00000068121",35
"ENSRNOG00000062486",146
"ENSRNOG00000003829",1088
"ENSRNOG00000047085",30
"ENSRNOG00000070699",0
"ENSRNOG00000020167",8279
"ENSRNOG00000064699",2
"ENSRNOG00000068881",0
"ENSRNOG00000022009",0
"ENSRNOG00000004033",609
"ENSRNOG00000020118",29
"ENSRNOG00000070011",749
"ENSRNOG00000014376",1
"ENSRNOG00000018646",481
"ENSRNOG00000062435",0
"ENSRNOG00000069808",4
"ENSRNOG00000070090",123
"ENSRNOG00000019826",160
"ENSRNOG00000019422",11918
"ENSRNOG00000018849",1368
"ENSRNOG00000042716",0
"ENSRNOG00000020024",122
"ENSRNOG00000052665",0
"ENSRNOG00000068493",0
"ENSRNOG00000038793",1
"ENSRNOG00000019177",1
"ENSRNOG00000043250",0
"ENSRNOG00000065920",0
"ENSRNOG00000017840",715
"ENSRNOG00000042727",3
"ENSRNOG00000018712",23
"ENSRNOG00000016467",559
"ENSRNOG00000010440",16
"ENSRNOG00000019217",14
"ENSRNOG00000002697",568
"ENSRNOG00000018851",21
"ENSRNOG00000068793",0
"ENSRNOG00000018648",245
"ENSRNOG00000055527",2
"ENSRNOG00000015777",1070
"ENSRNOG00000019875",760
"ENSRNOG00000033099",0
"ENSRNOG00000038784",77
"ENSRNOG00000012852",929
"ENSRNOG00000069286",3581
"ENSRNOG00000015806",0
"ENSRNOG00000017816",0
"ENSRNOG00000020340",420
"ENSRNOG00000051965",2328
"ENSRNOG00000056435",147
"ENSRNOG00000063574",0
"ENSRNOG00000038592",22
"ENSRNOG00000024066",189
"ENSRNOG00000013073",0
"ENSRNOG00000018053",967
"ENSRNOG00000024426",8
"ENSRNOG00000058856",30
"ENSRNOG00000051817",0
"ENSRNOG00000030156",0
"ENSRNOG00000067712",0
"ENSRNOG00000014585",25
"ENSRNOG00000025590",0
"ENSRNOG00000022955",0
"ENSRNOG00000019934",404
"ENSRNOG00000015895",515
"ENSRNOG00000061695",8
"ENSRNOG00000024104",88
"ENSRNOG00000014503",0
"ENSRNOG00000017852",2799
"ENSRNOG00000003958",672
"ENSRNOG00000016043",0
"ENSRNOG00000023376",1735
"ENSRNOG00000028712",0
"ENSRNOG00000016532",604
"ENSRNOG00000018425",1169
"ENSRNOG00000020468",171
"ENSRNOG00000039325",0
"ENSRNOG00000016207",1301
"ENSRNOG00000014988",0
"ENSRNOG00000029096",0
"ENSRNOG00000067741",28693
"ENSRNOG00000015332",708
"ENSRNOG00000038957",0
"ENSRNOG00000046744",98
"ENSRNOG00000028677",513
"ENSRNOG00000061507",1
"ENSRNOG00000018692",0
"ENSRNOG00000065095",813
"ENSRNOG00000063041",0
"ENSRNOG00000042387",240
"ENSRNOG00000015113",134
"ENSRNOG00000063575",9
"ENSRNOG00000050226",15
"ENSRNOG00000026324",72
"ENSRNOG00000033808",2
"ENSRNOG00000030321",51
"ENSRNOG00000013622",370
"ENSRNOG00000024428",387
"ENSRNOG00000034073",0
"ENSRNOG00000025502",1
"ENSRNOG00000004661",1
"ENSRNOG00000016671",228
"ENSRNOG00000012111",119
"ENSRNOG00000014089",395
"ENSRNOG00000068190",109
"ENSRNOG00000017421",0
"ENSRNOG00000031244",4525
"ENSRNOG00000029958",4592
"ENSRNOG00000017036",497
"ENSRNOG00000016409",1
"ENSRNOG00000063474",1
"ENSRNOG00000030649",0
"ENSRNOG00000014614",774
"ENSRNOG00000030439",83
"ENSRNOG00000014981",1567
"ENSRNOG00000000113",61
"ENSRNOG00000030364",3294
"ENSRNOG00000039596",24
"ENSRNOG00000017116",775
"ENSRNOG00000034237",7493
"ENSRNOG00000018359",513
"ENSRNOG00000049681",2272
"ENSRNOG00000018680",371
"ENSRNOG00000018914",1014
"ENSRNOG00000024241",1013
"ENSRNOG00000015401",0
"ENSRNOG00000046154",276
"ENSRNOG00000069511",0
"ENSRNOG00000026023",326
"ENSRNOG00000015867",0
"ENSRNOG00000016036",742
"ENSRNOG00000018305",0
"ENSRNOG00000066011",0
"ENSRNOG00000025687",0
"ENSRNOG00000017333",0
"ENSRNOG00000018653",437
"ENSRNOG00000022364",0
"ENSRNOG00000018775",2568
"ENSRNOG00000019365",18
"ENSRNOG00000020309",2
"ENSRNOG00000020478",3
"ENSRNOG00000012405",728
"ENSRNOG00000028703",1617
"ENSRNOG00000025489",18
"ENSRNOG00000015301",644
"ENSRNOG00000060281",7
"ENSRNOG00000061675",0
"ENSRNOG00000020492",39
"ENSRNOG00000024008",150
"ENSRNOG00000020384",1822
"ENSRNOG00000052628",0
"ENSRNOG00000020261",806
"ENSRNOG00000062351",0
"ENSRNOG00000068914",2901
"ENSRNOG00000017181",111
"ENSRNOG00000029939",2544
"ENSRNOG00000016632",0
"ENSRNOG00000043304",84
"ENSRNOG00000066505",5509
"ENSRNOG00000016928",1
"ENSRNOG00000050200",1199
"ENSRNOG00000024470",3128
"ENSRNOG00000062986",6
"ENSRNOG00000019093",0
"ENSRNOG00000024952",223
"ENSRNOG00000016526",0
"ENSRNOG00000019063",720
"ENSRNOG00000016944",0
"ENSRNOG00000067851",8
"ENSRNOG00000020157",0
"ENSRNOG00000018818",1534
"ENSRNOG00000047924",26
"ENSRNOG00000026050",63
"ENSRNOG00000018694",9
"ENSRNOG00000014630",276
"ENSRNOG00000018006",0
"ENSRNOG00000015582",370
"ENSRNOG00000069557",0
"ENSRNOG00000064875",20
"ENSRNOG00000017819",778
"ENSRNOG00000018387",847
"ENSRNOG00000014096",3384
"ENSRNOG00000016999",0
"ENSRNOG00000065110",1
"ENSRNOG00000024640",0
"ENSRNOG00000017410",0
"ENSRNOG00000069089",0
"ENSRNOG00000070983",2860
"ENSRNOG00000019618",1489
"ENSRNOG00000018505",228
"ENSRNOG00000017718",141
"ENSRNOG00000017571",495
"ENSRNOG00000019575",96
"ENSRNOG00000017788",2
"ENSRNOG00000017251",1394
"ENSRNOG00000017493",1733
"ENSRNOG00000039415",89
"ENSRNOG00000067168",17
"ENSRNOG00000016894",2
"ENSRNOG00000028105",540
"ENSRNOG00000019976",61
"ENSRNOG00000066807",0
"ENSRNOG00000017610",780
"ENSRNOG00000045637",2486
"ENSRNOG00000047213",3079
"ENSRNOG00000014104",4
"ENSRNOG00000013562",3642
"ENSRNOG00000032878",2511
"ENSRNOG00000031197",333
"ENSRNOG00000068869",0
"ENSRNOG00000014564",1564
"ENSRNOG00000069221",0
"ENSRNOG00000013920",57
"ENSRNOG00000053112",0
"ENSRNOG00000014527",1
"ENSRNOG00000022691",2
"ENSRNOG00000019688",832
"ENSRNOG00000018140",632
"ENSRNOG00000050414",129
"ENSRNOG00000013851",1789
"ENSRNOG00000021918",247
"ENSRNOG00000039250",0
"ENSRNOG00000013766",696
"ENSRNOG00000019265",0
"ENSRNOG00000028902",0
"ENSRNOG00000068205",0
"ENSRNOG00000017729",618
"ENSRNOG00000018342",307
"ENSRNOG00000018770",348
"ENSRNOG00000017453",695
"ENSRNOG00000043171",371
"ENSRNOG00000027230",1
"ENSRNOG00000018516",258
"ENSRNOG00000063768",7
"ENSRNOG00000067472",708
"ENSRNOG00000016681",0
"ENSRNOG00000017215",393
"ENSRNOG00000062247",2613
"ENSRNOG00000021381",82
"ENSRNOG00000033588",6
"ENSRNOG00000054118",781
"ENSRNOG00000012176",103
"ENSRNOG00000017067",152
"ENSRNOG00000048824",0
"ENSRNOG00000020119",11
"ENSRNOG00000017032",9376
"ENSRNOG00000016987",10
"ENSRNOG00000066960",5
"ENSRNOG00000011225",200
"ENSRNOG00000052894",904
"ENSRNOG00000029466",82
"ENSRNOG00000015275",63
"ENSRNOG00000017146",264
"ENSRNOG00000026912",0
"ENSRNOG00000065450",1
"ENSRNOG00000063467",0
"ENSRNOG00000016753",4
"ENSRNOG00000061474",886
"ENSRNOG00000061714",0
"ENSRNOG00000053370",806
"ENSRNOG00000016654",0
"ENSRNOG00000055157",397
"ENSRNOG00000016208",1588
"ENSRNOG00000055647",181
"ENSRNOG00000057774",782
"ENSRNOG00000059055",1
"ENSRNOG00000016246",728
"ENSRNOG00000016239",352
"ENSRNOG00000016258",845
"ENSRNOG00000013654",0
"ENSRNOG00000027739",18
"ENSRNOG00000014006",0
"ENSRNOG00000015448",12
"ENSRNOG00000070068",1241
"ENSRNOG00000015142",90
"ENSRNOG00000038225",25
"ENSRNOG00000067088",13
"ENSRNOG00000043357",256
"ENSRNOG00000063816",0
"ENSRNOG00000016516",7
"ENSRNOG00000038241",0
"ENSRNOG00000059215",341
"ENSRNOG00000053640",0
"ENSRNOG00000032039",936
"ENSRNOG00000038190",0
"ENSRNOG00000026116",0
"ENSRNOG00000045740",2763
"ENSRNOG00000038212",469
"ENSRNOG00000038197",0
"ENSRNOG00000016303",559
"ENSRNOG00000038200",124
"ENSRNOG00000039152",0
"ENSRNOG00000016695",1025
"ENSRNOG00000063111",0
"ENSRNOG00000071201",1
"ENSRNOG00000025420",3
"ENSRNOG00000038766",1384
"ENSRNOG00000019931",0
"ENSRNOG00000035501",84
"ENSRNOG00000005911",5
"ENSRNOG00000035569",1
"ENSRNOG00000045722",0
"ENSRNOG00000036417",0
"ENSRNOG00000062839",45
"ENSRNOG00000012428",185
"ENSRNOG00000014097",985
"ENSRNOG00000049334",0
"ENSRNOG00000035597",2
"ENSRNOG00000041787",0
"ENSRNOG00000042983",1952
"ENSRNOG00000035609",1
"ENSRNOG00000045556",0
"ENSRNOG00000036416",0
"ENSRNOG00000070420",0
"ENSRNOG00000035643",0
"ENSRNOG00000016971",242
"ENSRNOG00000055568",193
"ENSRNOG00000035644",0
"ENSRNOG00000064690",17
"ENSRNOG00000062604",0
"ENSRNOG00000022593",1484
"ENSRNOG00000013216",223
"ENSRNOG00000070043",18
"ENSRNOG00000038741",0
"ENSRNOG00000005747",13
"ENSRNOG00000015690",0
"ENSRNOG00000062825",784
"ENSRNOG00000066493",0
"ENSRNOG00000005729",2
"ENSRNOG00000050034",4
"ENSRNOG00000055446",3532
"ENSRNOG00000003853",829
"ENSRNOG00000005619",4
"ENSRNOG00000005533",8
"ENSRNOG00000018884",1371
"ENSRNOG00000033226",25
"ENSRNOG00000003755",3
"ENSRNOG00000013465",35
"ENSRNOG00000064376",4
"ENSRNOG00000039001",2
"ENSRNOG00000014371",5275
"ENSRNOG00000019482",356
"ENSRNOG00000039079",0
"ENSRNOG00000017546",3
"ENSRNOG00000014124",0
"ENSRNOG00000016245",45
"ENSRNOG00000015253",159
"ENSRNOG00000016224",83
"ENSRNOG00000063609",299
"ENSRNOG00000018668",4498
"ENSRNOG00000014626",421
"ENSRNOG00000053623",8
"ENSRNOG00000065861",462
"ENSRNOG00000021521",4
"ENSRNOG00000003479",994
"ENSRNOG00000020129",1308
"ENSRNOG00000062467",3
"ENSRNOG00000028501",660
"ENSRNOG00000034007",452
"ENSRNOG00000005257",1461
"ENSRNOG00000011728",1778
"ENSRNOG00000015063",90
"ENSRNOG00000011991",436
"ENSRNOG00000018296",328
"ENSRNOG00000069574",0
"ENSRNOG00000018345",2379
"ENSRNOG00000049784",875
"ENSRNOG00000015588",1497
"ENSRNOG00000014668",522
"ENSRNOG00000014658",0
"ENSRNOG00000068690",94
"ENSRNOG00000020344",172
"ENSRNOG00000014415",4914
"ENSRNOG00000005115",96
"ENSRNOG00000003439",77
"ENSRNOG00000016190",514
"ENSRNOG00000017953",48
"ENSRNOG00000028176",231
"ENSRNOG00000011296",169
"ENSRNOG00000015746",1
"ENSRNOG00000011829",305
"ENSRNOG00000052310",2
"ENSRNOG00000025796",116
"ENSRNOG00000019140",239
"ENSRNOG00000011422",530
"ENSRNOG00000000010",0
"ENSRNOG00000045541",13
"ENSRNOG00000066994",0
"ENSRNOG00000011535",881
"ENSRNOG00000006747",652
"ENSRNOG00000026964",43
"ENSRNOG00000024182",0
"ENSRNOG00000003461",479
"ENSRNOG00000053895",64
"ENSRNOG00000017209",8
"ENSRNOG00000015179",319
"ENSRNOG00000015242",273
"ENSRNOG00000011697",889
"ENSRNOG00000013178",964
"ENSRNOG00000000262",267
"ENSRNOG00000006741",14
"ENSRNOG00000026791",0
"ENSRNOG00000016509",567
"ENSRNOG00000024101",849
"ENSRNOG00000019859",278
"ENSRNOG00000049456",0
"ENSRNOG00000013152",511
"ENSRNOG00000031439",16801
"ENSRNOG00000051986",90
"ENSRNOG00000015077",139
"ENSRNOG00000019068",12
"ENSRNOG00000018228",451
"ENSRNOG00000003864",387
"ENSRNOG00000070954",0
"ENSRNOG00000018445",9
"ENSRNOG00000019098",0
"ENSRNOG00000015625",82
"ENSRNOG00000018480",1
"ENSRNOG00000019024",1
"ENSRNOG00000011618",43
"ENSRNOG00000017932",1932
"ENSRNOG00000027022",269
"ENSRNOG00000011671",5
"ENSRNOG00000042888",146
"ENSRNOG00000015666",0
"ENSRNOG00000016278",0
"ENSRNOG00000011879",11516
"ENSRNOG00000054284",700
"ENSRNOG00000013014",196
"ENSRNOG00000015121",1317
"ENSRNOG00000015641",21
"ENSRNOG00000012342",0
"ENSRNOG00000015708",964
"ENSRNOG00000013376",391
"ENSRNOG00000015459",497
"ENSRNOG00000018033",958
"ENSRNOG00000015974",408
"ENSRNOG00000068583",3
"ENSRNOG00000062375",853
"ENSRNOG00000028904",413
"ENSRNOG00000019757",3
"ENSRNOG00000015335",1529
"ENSRNOG00000011180",112
"ENSRNOG00000051461",303
"ENSRNOG00000033133",227
"ENSRNOG00000015800",43
"ENSRNOG00000018836",6244
"ENSRNOG00000016631",142
"ENSRNOG00000017879",761
"ENSRNOG00000064019",437
"ENSRNOG00000016706",92
"ENSRNOG00000045626",5
"ENSRNOG00000018404",3224
"ENSRNOG00000018784",2
"ENSRNOG00000015534",829
"ENSRNOG00000003496",183
"ENSRNOG00000042274",285
"ENSRNOG00000016920",0
"ENSRNOG00000055097",6
"ENSRNOG00000050028",2
"ENSRNOG00000055046",1
"ENSRNOG00000013007",0
"ENSRNOG00000033819",5
"ENSRNOG00000028320",0
"ENSRNOG00000015843",2089
"ENSRNOG00000033487",0
"ENSRNOG00000019817",129
"ENSRNOG00000020351",687
"ENSRNOG00000067274",996
"ENSRNOG00000023920",2
"ENSRNOG00000033224",241
"ENSRNOG00000013970",105
"ENSRNOG00000069342",2
"ENSRNOG00000017467",532
"ENSRNOG00000019109",509
"ENSRNOG00000015144",1416
"ENSRNOG00000015880",175
"ENSRNOG00000067354",0
"ENSRNOG00000029317",0
"ENSRNOG00000018582",25
"ENSRNOG00000038057",0
"ENSRNOG00000016422",3
"ENSRNOG00000059579",919
"ENSRNOG00000017431",306
"ENSRNOG00000054625",1279
"ENSRNOG00000032602",0
"ENSRNOG00000038193",0
"ENSRNOG00000033345",0
"ENSRNOG00000017690",22
"ENSRNOG00000028578",0
"ENSRNOG00000070694",90
"ENSRNOG00000028652",5
"ENSRNOG00000043077",355
"ENSRNOG00000016001",1024
"ENSRNOG00000062740",0
"ENSRNOG00000029134",210
"ENSRNOG00000047446",1422
"ENSRNOG00000025231",32
"ENSRNOG00000019766",374
"ENSRNOG00000047125",25
"ENSRNOG00000062793",1452
"ENSRNOG00000019456",2836
"ENSRNOG00000051278",132
"ENSRNOG00000051482",60
"ENSRNOG00000065196",3
"ENSRNOG00000069493",0
"ENSRNOG00000027954",2
"ENSRNOG00000057392",0
"ENSRNOG00000067657",86
"ENSRNOG00000021714",3
"ENSRNOG00000069871",6
"ENSRNOG00000047294",0
"ENSRNOG00000068994",0
"ENSRNOG00000066450",0
"ENSRNOG00000071092",0
"ENSRNOG00000062849",305
"ENSRNOG00000068120",0
"ENSRNOG00000024043",47
"ENSRNOG00000062578",153
"ENSRNOG00000069883",1
"ENSRNOG00000062827",16
"ENSRNOG00000069609",2
"ENSRNOG00000012721",3876
"ENSRNOG00000069566",0
"ENSRNOG00000064451",321
"ENSRNOG00000017612",2678
"ENSRNOG00000066750",51
"ENSRNOG00000066423",0
"ENSRNOG00000010712",187
"ENSRNOG00000068744",0
"ENSRNOG00000024452",15
"ENSRNOG00000068191",1
"ENSRNOG00000071212",1
"ENSRNOG00000038239",38
"ENSRNOG00000055320",0
"ENSRNOG00000022303",220
"ENSRNOG00000066292",3
"ENSRNOG00000025860",0
"ENSRNOG00000065722",0
"ENSRNOG00000020379",556
"ENSRNOG00000067929",0
"ENSRNOG00000064167",2
"ENSRNOG00000065200",2
"ENSRNOG00000069101",6
"ENSRNOG00000065895",0
"ENSRNOG00000020391",147
"ENSRNOG00000064495",3
"ENSRNOG00000016088",434
"ENSRNOG00000014761",10
"ENSRNOG00000066992",7
"ENSRNOG00000069551",2
"ENSRNOG00000055482",0
"ENSRNOG00000016854",13
"ENSRNOG00000026211",777
"ENSRNOG00000062413",0
"ENSRNOG00000060758",0
"ENSRNOG00000016257",94
"ENSRNOG00000060296",0
"ENSRNOG00000070939",0
"ENSRNOG00000018382",76
"ENSRNOG00000065113",0
"ENSRNOG00000018909",217
"ENSRNOG00000069786",9
"ENSRNOG00000049906",306
"ENSRNOG00000016890",5
"ENSRNOG00000016535",0
"ENSRNOG00000038973",519
"ENSRNOG00000056643",0
"ENSRNOG00000066914",0
"ENSRNOG00000046443",55
"ENSRNOG00000065621",0
"ENSRNOG00000060858",0
"ENSRNOG00000017746",7
"ENSRNOG00000018483",599
"ENSRNOG00000016167",100
"ENSRNOG00000066293",6
"ENSRNOG00000052109",7
"ENSRNOG00000062472",0
"ENSRNOG00000049931",579
"ENSRNOG00000068727",0
"ENSRNOG00000019169",585
"ENSRNOG00000066795",0
"ENSRNOG00000033368",1
"ENSRNOG00000069560",2
"ENSRNOG00000062389",2
"ENSRNOG00000007582",90
"ENSRNOG00000017045",375
"ENSRNOG00000063177",0
"ENSRNOG00000070959",3
"ENSRNOG00000033611",1899
"ENSRNOG00000039252",0
"ENSRNOG00000024364",54
"ENSRNOG00000065682",12
"ENSRNOG00000008450",0
"ENSRNOG00000020406",0
"ENSRNOG00000019205",356
"ENSRNOG00000014202",2
"ENSRNOG00000011065",4
"ENSRNOG00000062428",0
"ENSRNOG00000069941",1
"ENSRNOG00000017867",0
"ENSRNOG00000066989",16
"ENSRNOG00000014419",673
"ENSRNOG00000019425",730
"ENSRNOG00000066804",6
"ENSRNOG00000068473",0
"ENSRNOG00000018027",224
"ENSRNOG00000065293",0
"ENSRNOG00000021330",324
"ENSRNOG00000014776",197
"ENSRNOG00000002983",3404
"ENSRNOG00000026853",216
"ENSRNOG00000064062",0
"ENSRNOG00000062316",3
"ENSRNOG00000022524",190
"ENSRNOG00000067822",2
"ENSRNOG00000051819",29
"ENSRNOG00000019253",1130
"ENSRNOG00000011933",1389
"ENSRNOG00000066480",104
"ENSRNOG00000018945",2237
"ENSRNOG00000070378",10
"ENSRNOG00000019434",62
"ENSRNOG00000014647",1218
"ENSRNOG00000062673",273
"ENSRNOG00000070517",0
"ENSRNOG00000059362",9
"ENSRNOG00000024025",889
"ENSRNOG00000055053",2
"ENSRNOG00000067306",2
"ENSRNOG00000050191",0
"ENSRNOG00000068181",10
"ENSRNOG00000002950",2
"ENSRNOG00000067393",0
"ENSRNOG00000047246",952
"ENSRNOG00000066908",0
"ENSRNOG00000063122",1
"ENSRNOG00000062717",0
"ENSRNOG00000062836",0
"ENSRNOG00000066012",1
"ENSRNOG00000011575",2
"ENSRNOG00000062349",28
"ENSRNOG00000068096",546
"ENSRNOG00000012772",3919
"ENSRNOG00000002914",1148
"ENSRNOG00000013907",105
"ENSRNOG00000015397",9
"ENSRNOG00000014405",2966
"ENSRNOG00000049312",1
"ENSRNOG00000019290",750
"ENSRNOG00000015695",48
"ENSRNOG00000070794",0
"ENSRNOG00000021890",550
"ENSRNOG00000020333",704
"ENSRNOG00000027906",2898
"ENSRNOG00000019353",231
"ENSRNOG00000066574",12
"ENSRNOG00000065746",13
"ENSRNOG00000004094",330
"ENSRNOG00000017993",153
"ENSRNOG00000014257",0
"ENSRNOG00000064578",33
"ENSRNOG00000012937",1610
"ENSRNOG00000064909",1
"ENSRNOG00000028844",57
"ENSRNOG00000065848",1428
"ENSRNOG00000046751",0
"ENSRNOG00000023910",2591
"ENSRNOG00000060931",291
"ENSRNOG00000015084",1
"ENSRNOG00000019937",0
"ENSRNOG00000017841",586
"ENSRNOG00000019573",90
"ENSRNOG00000013742",1571
"ENSRNOG00000020151",2
"ENSRNOG00000025503",4
"ENSRNOG00000019651",1026
"ENSRNOG00000019791",1015
"ENSRNOG00000002864",1608
"ENSRNOG00000031593",1
"ENSRNOG00000017084",13
"ENSRNOG00000012167",0
"ENSRNOG00000014522",131
"ENSRNOG00000017235",5601
"ENSRNOG00000018477",416
"ENSRNOG00000014048",268
"ENSRNOG00000017868",0
"ENSRNOG00000031097",1
"ENSRNOG00000004287",114
"ENSRNOG00000017342",323
"ENSRNOG00000052151",0
"ENSRNOG00000004219",654
"ENSRNOG00000011552",31
"ENSRNOG00000023899",0
"ENSRNOG00000029744",0
"ENSRNOG00000004212",84
"ENSRNOG00000019059",162
"ENSRNOG00000014293",16
"ENSRNOG00000018000",1127
"ENSRNOG00000066314",2
"ENSRNOG00000003970",2552
"ENSRNOG00000012343",313
"ENSRNOG00000019943",642
"ENSRNOG00000018954",0
"ENSRNOG00000020049",480
"ENSRNOG00000012752",50
"ENSRNOG00000012271",4373
"ENSRNOG00000024178",82
"ENSRNOG00000032437",891
"ENSRNOG00000017178",2
"ENSRNOG00000012853",167
"ENSRNOG00000014619",232
"ENSRNOG00000000258",383
"ENSRNOG00000011865",634
"ENSRNOG00000021379",222
"ENSRNOG00000063716",0
"ENSRNOG00000050087",129
"ENSRNOG00000013808",2
"ENSRNOG00000003695",0
"ENSRNOG00000048823",0
"ENSRNOG00000016752",29
"ENSRNOG00000068159",0
"ENSRNOG00000011635",0
"ENSRNOG00000012789",0
"ENSRNOG00000020087",88
"ENSRNOG00000070376",0
"ENSRNOG00000017786",53
"ENSRNOG00000012027",2
"ENSRNOG00000070383",0
"ENSRNOG00000013324",0
"ENSRNOG00000003029",13850
"ENSRNOG00000051557",0
"ENSRNOG00000000257",402
"ENSRNOG00000057394",0
"ENSRNOG00000052853",0
"ENSRNOG00000069119",0
"ENSRNOG00000051983",0
"ENSRNOG00000058366",0
"ENSRNOG00000069069",3
"ENSRNOG00000054933",0
"ENSRNOG00000060024",0
"ENSRNOG00000052072",0
"ENSRNOG00000017919",420
"ENSRNOG00000062322",0
"ENSRNOG00000003026",545
"ENSRNOG00000063138",0
"ENSRNOG00000011330",0
"ENSRNOG00000068827",0
"ENSRNOG00000058190",0
"ENSRNOG00000012447",55
"ENSRNOG00000014964",62
"ENSRNOG00000053426",0
"ENSRNOG00000026974",1
"ENSRNOG00000056909",0
"ENSRNOG00000056003",11
"ENSRNOG00000070477",0
"ENSRNOG00000058155",0
"ENSRNOG00000014723",3
"ENSRNOG00000003011",919
"ENSRNOG00000066118",2
"ENSRNOG00000065309",0
"ENSRNOG00000004489",366
"ENSRNOG00000055195",0
"ENSRNOG00000061297",0
"ENSRNOG00000028439",1
"ENSRNOG00000051781",1
"ENSRNOG00000017219",1024
"ENSRNOG00000061250",0
"ENSRNOG00000057652",0
"ENSRNOG00000064770",0
"ENSRNOG00000016251",1094
"ENSRNOG00000069621",0
"ENSRNOG00000054434",0
"ENSRNOG00000016953",0
"ENSRNOG00000052172",0
"ENSRNOG00000026994",562
"ENSRNOG00000013586",2
"ENSRNOG00000058104",0
"ENSRNOG00000054310",0
"ENSRNOG00000021824",883
"ENSRNOG00000054676",0
"ENSRNOG00000054981",0
"ENSRNOG00000062355",0
"ENSRNOG00000062382",0
"ENSRNOG00000049019",238
"ENSRNOG00000067133",0
"ENSRNOG00000060531",0
"ENSRNOG00000017604",2143
"ENSRNOG00000059462",0
"ENSRNOG00000070143",0
"ENSRNOG00000057075",0
"ENSRNOG00000069545",0
"ENSRNOG00000055087",0
"ENSRNOG00000056152",0
"ENSRNOG00000015173",3710
"ENSRNOG00000071063",0
"ENSRNOG00000068202",0
"ENSRNOG00000055551",0
"ENSRNOG00000014505",11
"ENSRNOG00000054720",2
"ENSRNOG00000053645",13
"ENSRNOG00000062850",0
"ENSRNOG00000068693",1
"ENSRNOG00000056475",0
"ENSRNOG00000068873",0
"ENSRNOG00000060906",0
"ENSRNOG00000012482",694
"ENSRNOG00000052933",0
"ENSRNOG00000059926",0
"ENSRNOG00000017023",3090
"ENSRNOG00000061325",0
"ENSRNOG00000011142",1534
"ENSRNOG00000060911",0
"ENSRNOG00000060637",0
"ENSRNOG00000061333",0
"ENSRNOG00000011231",0
"ENSRNOG00000057770",1
"ENSRNOG00000019922",338
"ENSRNOG00000063202",0
"ENSRNOG00000060593",0
"ENSRNOG00000022721",0
"ENSRNOG00000051652",0
"ENSRNOG00000053462",5
"ENSRNOG00000054233",0
"ENSRNOG00000058844",0
"ENSRNOG00000067808",0
"ENSRNOG00000054701",0
"ENSRNOG00000065929",0
"ENSRNOG00000057937",0
"ENSRNOG00000065173",0
"ENSRNOG00000028580",0
"ENSRNOG00000063424",0
"ENSRNOG00000004373",454
"ENSRNOG00000068944",0
"ENSRNOG00000067783",2
"ENSRNOG00000070206",1678
"ENSRNOG00000065950",0
"ENSRNOG00000069928",0
"ENSRNOG00000019022",0
"ENSRNOG00000063515",0
"ENSRNOG00000070248",4
"ENSRNOG00000070337",0
"ENSRNOG00000069430",0
"ENSRNOG00000018950",0
"ENSRNOG00000065593",0
"ENSRNOG00000066443",0
"ENSRNOG00000065132",0
"ENSRNOG00000067264",0
"ENSRNOG00000025710",0
"ENSRNOG00000070678",0
"ENSRNOG00000021808",2687
"ENSRNOG00000064514",0
"ENSRNOG00000017674",994
"ENSRNOG00000071121",0
"ENSRNOG00000070259",0
"ENSRNOG00000065423",0
"ENSRNOG00000010744",2485
"ENSRNOG00000062813",1
"ENSRNOG00000056311",0
"ENSRNOG00000062794",0
"ENSRNOG00000063948",0
"ENSRNOG00000004131",223
"ENSRNOG00000066581",0
"ENSRNOG00000000264",513
"ENSRNOG00000069085",0
"ENSRNOG00000055727",0
"ENSRNOG00000012622",27
"ENSRNOG00000049508",0
"ENSRNOG00000036413",0
"ENSRNOG00000046739",0
"ENSRNOG00000041470",0
"ENSRNOG00000014117",6365
"ENSRNOG00000062808",122
"ENSRNOG00000058218",434
"ENSRNOG00000039725",0
"ENSRNOG00000053574",295
"ENSRNOG00000014948",82
"ENSRNOG00000066514",0
"ENSRNOG00000017102",235
"ENSRNOG00000028717",948
"ENSRNOG00000017090",325
"ENSRNOG00000019980",1326
"ENSRNOG00000017724",1390
"ENSRNOG00000015143",566
"ENSRNOG00000017745",865
"ENSRNOG00000019143",4605
"ENSRNOG00000070220",2
"ENSRNOG00000059453",62
"ENSRNOG00000020093",7518
"ENSRNOG00000025843",350
"ENSRNOG00000026880",765
"ENSRNOG00000019779",2
"ENSRNOG00000020004",227
"ENSRNOG00000014452",2502
"ENSRNOG00000015162",842
"ENSRNOG00000023303",50
"ENSRNOG00000015150",318
"ENSRNOG00000066666",0
"ENSRNOG00000038254",0
"ENSRNOG00000012671",91
"ENSRNOG00000029558",0
"ENSRNOG00000049890",0
"ENSRNOG00000028649",12
"ENSRNOG00000015576",246
"ENSRNOG00000012222",41
"ENSRNOG00000019028",383
"ENSRNOG00000012860",1475
"ENSRNOG00000019326",487
"ENSRNOG00000016558",5
"ENSRNOG00000015590",3
"ENSRNOG00000012928",271
"ENSRNOG00000016348",0
"ENSRNOG00000016991",2181
"ENSRNOG00000015632",103
"ENSRNOG00000069458",1842
"ENSRNOG00000016479",67
"ENSRNOG00000068632",14
"ENSRNOG00000019036",141
"ENSRNOG00000018824",1750
"ENSRNOG00000016326",902
"ENSRNOG00000013777",759
"ENSRNOG00000013826",65
"ENSRNOG00000051531",54
"ENSRNOG00000011863",33
"ENSRNOG00000069555",11
"ENSRNOG00000015904",0
"ENSRNOG00000016760",48
"ENSRNOG00000071216",44
"ENSRNOG00000023092",0
"ENSRNOG00000011989",1
"ENSRNOG00000056786",1787
"ENSRNOG00000016977",3
"ENSRNOG00000051510",0
"ENSRNOG00000016108",360
"ENSRNOG00000039891",1
"ENSRNOG00000042353",588
"ENSRNOG00000018801",107
"ENSRNOG00000070323",0
"ENSRNOG00000010966",14409
"ENSRNOG00000014963",400
"ENSRNOG00000052707",204
"ENSRNOG00000016291",0
"ENSRNOG00000018967",443
"ENSRNOG00000003863",781
"ENSRNOG00000065872",0
"ENSRNOG00000012007",746
"ENSRNOG00000003747",1559
"ENSRNOG00000012450",47
"ENSRNOG00000011009",495
"ENSRNOG00000003737",0
"ENSRNOG00000020435",231
"ENSRNOG00000003682",107
"ENSRNOG00000010691",1802
"ENSRNOG00000067725",0
"ENSRNOG00000013982",0
"ENSRNOG00000054264",2566
"ENSRNOG00000003520",7490
"ENSRNOG00000011976",236
"ENSRNOG00000003504",0
"ENSRNOG00000069478",0
"ENSRNOG00000068063",5
"ENSRNOG00000043215",0
"ENSRNOG00000017500",718
"ENSRNOG00000031773",5
"ENSRNOG00000017869",33
"ENSRNOG00000023177",11
"ENSRNOG00000017602",1
"ENSRNOG00000003469",6
"ENSRNOG00000051265",0
"ENSRNOG00000017489",178
"ENSRNOG00000012030",144
"ENSRNOG00000057072",2
"ENSRNOG00000011037",0
"ENSRNOG00000023830",285
"ENSRNOG00000021517",640
"ENSRNOG00000014461",523
"ENSRNOG00000013878",670
"ENSRNOG00000003443",14
"ENSRNOG00000017905",1373
"ENSRNOG00000011533",15
"ENSRNOG00000014581",187
"ENSRNOG00000065750",0
"ENSRNOG00000069589",3155
"ENSRNOG00000003307",223
"ENSRNOG00000018226",4120
"ENSRNOG00000012371",1
"ENSRNOG00000017654",313
"ENSRNOG00000017575",59
"ENSRNOG00000039808",0
"ENSRNOG00000017646",33
"ENSRNOG00000003149",536
"ENSRNOG00000014093",1539
"ENSRNOG00000017817",5451
"ENSRNOG00000011901",274
"ENSRNOG00000065182",0
"ENSRNOG00000042179",952
"ENSRNOG00000031076",40
"ENSRNOG00000060310",140
"ENSRNOG00000023805",70
"ENSRNOG00000033451",67
"ENSRNOG00000014336",49
"ENSRNOG00000067640",9
"ENSRNOG00000032666",165
"ENSRNOG00000013839",1
"ENSRNOG00000070405",0
"ENSRNOG00000018796",3000
"ENSRNOG00000070064",99
"ENSRNOG00000003580",0
"ENSRNOG00000018564",323
"ENSRNOG00000018268",0
"ENSRNOG00000048222",86
"ENSRNOG00000008319",247
"ENSRNOG00000025791",1328
"ENSRNOG00000069004",0
"ENSRNOG00000048039",0
"ENSRNOG00000018149",196
"ENSRNOG00000013481",5806
"ENSRNOG00000016234",378
"ENSRNOG00000016311",2
"ENSRNOG00000069573",76
"ENSRNOG00000066092",5
"ENSRNOG00000015519",0
"ENSRNOG00000019819",137
"ENSRNOG00000015679",113
"ENSRNOG00000068016",28
"ENSRNOG00000006551",160
"ENSRNOG00000049302",1265
"ENSRNOG00000057998",2
"ENSRNOG00000057711",1
"ENSRNOG00000015720",566
"ENSRNOG00000030174",8713
"ENSRNOG00000006049",392
"ENSRNOG00000011782",4035
"ENSRNOG00000067129",0
"ENSRNOG00000043286",386
"ENSRNOG00000025764",1810
"ENSRNOG00000043098",4609
"ENSRNOG00000018958",0
"ENSRNOG00000019004",0
"ENSRNOG00000011956",502
"ENSRNOG00000012153",1203
"ENSRNOG00000014087",500
"ENSRNOG00000069933",0
"ENSRNOG00000014896",0
"ENSRNOG00000015438",0
"ENSRNOG00000024212",420
"ENSRNOG00000019020",400
"ENSRNOG00000016643",975
"ENSRNOG00000019288",209
"ENSRNOG00000031607",8
"ENSRNOG00000054004",0
"ENSRNOG00000067649",1
"ENSRNOG00000026051",13
"ENSRNOG00000061849",0
"ENSRNOG00000055467",0
"ENSRNOG00000055815",0
"ENSRNOG00000029386",521
"ENSRNOG00000054248",0
"ENSRNOG00000052382",1
"ENSRNOG00000063327",0
"ENSRNOG00000032664",3
"ENSRNOG00000069465",0
"ENSRNOG00000025938",5
"ENSRNOG00000053555",0
"ENSRNOG00000029001",9
"ENSRNOG00000061642",0
"ENSRNOG00000062845",0
"ENSRNOG00000064607",0
"ENSRNOG00000031171",377
"ENSRNOG00000063612",0
"ENSRNOG00000058713",0
"ENSRNOG00000069910",22
"ENSRNOG00000053255",0
"ENSRNOG00000000473",129
"ENSRNOG00000071179",0
"ENSRNOG00000061396",1
"ENSRNOG00000053858",0
"ENSRNOG00000000795",216
"ENSRNOG00000057209",0
"ENSRNOG00000056074",0
"ENSRNOG00000026519",0
"ENSRNOG00000053958",0
"ENSRNOG00000052698",0
"ENSRNOG00000062411",0
"ENSRNOG00000000397",1917
"ENSRNOG00000059119",0
"ENSRNOG00000052793",0
"ENSRNOG00000062460",0
"ENSRNOG00000037604",1435
"ENSRNOG00000059933",0
"ENSRNOG00000053612",0
"ENSRNOG00000052415",309
"ENSRNOG00000051864",0
"ENSRNOG00000067841",0
"ENSRNOG00000054444",2
"ENSRNOG00000049580",0
"ENSRNOG00000054443",0
"ENSRNOG00000068882",1
"ENSRNOG00000053988",31
"ENSRNOG00000055027",0
"ENSRNOG00000058745",0
"ENSRNOG00000054091",0
"ENSRNOG00000061471",4
"ENSRNOG00000000588",3
"ENSRNOG00000042962",157
"ENSRNOG00000061767",13
"ENSRNOG00000001203",425
"ENSRNOG00000057680",1
"ENSRNOG00000058535",0
"ENSRNOG00000068798",0
"ENSRNOG00000052404",0
"ENSRNOG00000000777",172
"ENSRNOG00000000763",167
"ENSRNOG00000052780",0
"ENSRNOG00000056426",0
"ENSRNOG00000061360",1
"ENSRNOG00000054099",1
"ENSRNOG00000067147",0
"ENSRNOG00000064718",0
"ENSRNOG00000000867",1348
"ENSRNOG00000058368",0
"ENSRNOG00000059658",0
"ENSRNOG00000037765",2284
"ENSRNOG00000069970",0
"ENSRNOG00000059368",0
"ENSRNOG00000065111",0
"ENSRNOG00000041223",0
"ENSRNOG00000036441",0
"ENSRNOG00000000767",0
"ENSRNOG00000046573",0
"ENSRNOG00000035653",0
"ENSRNOG00000042905",111
"ENSRNOG00000000768",0
"ENSRNOG00000001228",3305
"ENSRNOG00000062729",0
"ENSRNOG00000000323",59
"ENSRNOG00000065421",0
"ENSRNOG00000049063",648
"ENSRNOG00000070009",0
"ENSRNOG00000065219",723
"ENSRNOG00000000585",684
"ENSRNOG00000045658",0
"ENSRNOG00000001315",0
"ENSRNOG00000000583",3921
"ENSRNOG00000000765",0
"ENSRNOG00000067843",0
"ENSRNOG00000065073",0
"ENSRNOG00000065633",4
"ENSRNOG00000050550",1
"ENSRNOG00000032596",224
"ENSRNOG00000066928",0
"ENSRNOG00000063048",0
"ENSRNOG00000024543",207
"ENSRNOG00000069105",0
"ENSRNOG00000001313",4
"ENSRNOG00000068471",0
"ENSRNOG00000000726",0
"ENSRNOG00000070471",0
"ENSRNOG00000037647",1795
"ENSRNOG00000001237",2794
"ENSRNOG00000028035",0
"ENSRNOG00000000299",1479
"ENSRNOG00000000579",2490
"ENSRNOG00000065272",0
"ENSRNOG00000058288",466
"ENSRNOG00000000605",0
"ENSRNOG00000046487",0
"ENSRNOG00000065072",0
"ENSRNOG00000000798",641
"ENSRNOG00000000811",46
"ENSRNOG00000063793",0
"ENSRNOG00000050389",0
"ENSRNOG00000053288",962
"ENSRNOG00000027859",406
"ENSRNOG00000068494",0
"ENSRNOG00000063264",0
"ENSRNOG00000066952",0
"ENSRNOG00000047118",93
"ENSRNOG00000025806",1386
"ENSRNOG00000067903",0
"ENSRNOG00000066890",0
"ENSRNOG00000065474",1411
"ENSRNOG00000000321",77
"ENSRNOG00000000746",0
"ENSRNOG00000000814",0
"ENSRNOG00000000799",931
"ENSRNOG00000000589",3
"ENSRNOG00000046355",0
"ENSRNOG00000043199",491
"ENSRNOG00000000599",2579
"ENSRNOG00000046708",0
"ENSRNOG00000059268",1584
"ENSRNOG00000050316",0
"ENSRNOG00000065757",0
"ENSRNOG00000070745",0
"ENSRNOG00000051592",563
"ENSRNOG00000067694",2
"ENSRNOG00000070514",0
"ENSRNOG00000001212",0
"ENSRNOG00000069884",0
"ENSRNOG00000061040",1100
"ENSRNOG00000070634",0
"ENSRNOG00000049590",0
"ENSRNOG00000065687",0
"ENSRNOG00000000572",56
"ENSRNOG00000048579",0
"ENSRNOG00000062763",0
"ENSRNOG00000000855",0
"ENSRNOG00000000383",5
"ENSRNOG00000000632",676
"ENSRNOG00000042370",0
"ENSRNOG00000000316",2
"ENSRNOG00000000854",0
"ENSRNOG00000069773",0
"ENSRNOG00000054603",0
"ENSRNOG00000000587",261
"ENSRNOG00000001242",4
"ENSRNOG00000000774",1056
"ENSRNOG00000000586",141
"ENSRNOG00000000536",0
"ENSRNOG00000026049",105
"ENSRNOG00000000279",117
"ENSRNOG00000000804",1310
"ENSRNOG00000000405",1
"ENSRNOG00000000568",367
"ENSRNOG00000068887",3562
"ENSRNOG00000062554",1
"ENSRNOG00000026217",73
"ENSRNOG00000000809",1010
"ENSRNOG00000000785",160
"ENSRNOG00000000567",9406
"ENSRNOG00000062809",0
"ENSRNOG00000000488",4580
"ENSRNOG00000000786",0
"ENSRNOG00000070997",0
"ENSRNOG00000065028",0
"ENSRNOG00000070408",0
"ENSRNOG00000047171",221
"ENSRNOG00000000846",0
"ENSRNOG00000000547",150
"ENSRNOG00000032844",35
"ENSRNOG00000000853",0
"ENSRNOG00000032964",3
"ENSRNOG00000025883",0
"ENSRNOG00000067001",0
"ENSRNOG00000000320",22
"ENSRNOG00000050215",475
"ENSRNOG00000026080",0
"ENSRNOG00000045908",0
"ENSRNOG00000037628",0
"ENSRNOG00000069043",0
"ENSRNOG00000025179",6325
"ENSRNOG00000033389",179
"ENSRNOG00000069418",0
"ENSRNOG00000071013",0
"ENSRNOG00000066416",0
"ENSRNOG00000071158",0
"ENSRNOG00000046891",2336
"ENSRNOG00000069834",0
"ENSRNOG00000069079",30
"ENSRNOG00000000407",376
"ENSRNOG00000066573",147
"ENSRNOG00000040183",0
"ENSRNOG00000070836",6
"ENSRNOG00000070605",4
"ENSRNOG00000030431",14
"ENSRNOG00000032548",0
"ENSRNOG00000064227",0
"ENSRNOG00000069426",3
"ENSRNOG00000070935",2770
"ENSRNOG00000071033",1
"ENSRNOG00000067553",0
"ENSRNOG00000064918",0
"ENSRNOG00000000432",220
"ENSRNOG00000000408",624
"ENSRNOG00000063819",4
"ENSRNOG00000064860",0
"ENSRNOG00000068689",0
"ENSRNOG00000030157",369
"ENSRNOG00000049045",2
"ENSRNOG00000066945",0
"ENSRNOG00000000431",1938
"ENSRNOG00000000549",549
"ENSRNOG00000063919",0
"ENSRNOG00000026936",11
"ENSRNOG00000052532",0
"ENSRNOG00000070789",0
"ENSRNOG00000063152",0
"ENSRNOG00000042918",2
"ENSRNOG00000046675",288
"ENSRNOG00000054538",1
"ENSRNOG00000065648",0
"ENSRNOG00000069059",870
"ENSRNOG00000025998",8
"ENSRNOG00000064944",36
"ENSRNOG00000033136",0
"ENSRNOG00000065439",1
"ENSRNOG00000067150",0
"ENSRNOG00000033215",22
"ENSRNOG00000067482",2
"ENSRNOG00000050998",1
"ENSRNOG00000069219",2
"ENSRNOG00000064309",479
"ENSRNOG00000027873",2
"ENSRNOG00000063520",4
"ENSRNOG00000043436",2778
"ENSRNOG00000071161",0
"ENSRNOG00000000546",639
"ENSRNOG00000000478",105
"ENSRNOG00000067733",0
"ENSRNOG00000070050",0
"ENSRNOG00000030676",1
"ENSRNOG00000063655",0
"ENSRNOG00000000818",2225
"ENSRNOG00000050233",105
"ENSRNOG00000065179",0
"ENSRNOG00000032942",2208
"ENSRNOG00000065364",0
"ENSRNOG00000058987",16
"ENSRNOG00000054374",736
"ENSRNOG00000066691",13
"ENSRNOG00000000576",473
"ENSRNOG00000067697",0
"ENSRNOG00000000840",5
"ENSRNOG00000067213",205
"ENSRNOG00000000520",2993
"ENSRNOG00000050425",6
"ENSRNOG00000051399",31
"ENSRNOG00000029682",8275
"ENSRNOG00000000839",87
"ENSRNOG00000046365",4
"ENSRNOG00000025864",347
"ENSRNOG00000056647",903
"ENSRNOG00000000729",649
"ENSRNOG00000032813",431
"ENSRNOG00000062206",1
"ENSRNOG00000000574",446
"ENSRNOG00000000614",2344
"ENSRNOG00000069485",3
"ENSRNOG00000000838",0
"ENSRNOG00000000556",0
"ENSRNOG00000069463",61
"ENSRNOG00000000728",550
"ENSRNOG00000062843",0
"ENSRNOG00000061216",12441
"ENSRNOG00000071156",0
"ENSRNOG00000068137",12
"ENSRNOG00000043481",0
"ENSRNOG00000051612",0
"ENSRNOG00000056637",397
"ENSRNOG00000062631",0
"ENSRNOG00000029420",0
"ENSRNOG00000059445",186
"ENSRNOG00000000775",9
"ENSRNOG00000064656",333
"ENSRNOG00000065286",0
"ENSRNOG00000000826",994
"ENSRNOG00000064564",0
"ENSRNOG00000000842",0
"ENSRNOG00000038489",0
"ENSRNOG00000061930",0
"ENSRNOG00000062702",1
"ENSRNOG00000066268",0
"ENSRNOG00000062860",5
"ENSRNOG00000063421",68
"ENSRNOG00000029883",1
"ENSRNOG00000024751",61
"ENSRNOG00000065434",0
"ENSRNOG00000052839",1
"ENSRNOG00000069886",0
"ENSRNOG00000027225",0
"ENSRNOG00000066311",0
"ENSRNOG00000022730",713
"ENSRNOG00000070701",0
"ENSRNOG00000070571",0
"ENSRNOG00000000827",2955
"ENSRNOG00000030683",2124
"ENSRNOG00000064704",0
"ENSRNOG00000065653",6
"ENSRNOG00000067507",2
"ENSRNOG00000066383",0
"ENSRNOG00000069340",0
"ENSRNOG00000068943",0
"ENSRNOG00000000759",0
"ENSRNOG00000000451",36
"ENSRNOG00000069903",0
"ENSRNOG00000070750",28
"ENSRNOG00000065058",0
"ENSRNOG00000063245",0
"ENSRNOG00000064301",0
"ENSRNOG00000062730",0
"ENSRNOG00000027157",0
"ENSRNOG00000054048",0
"ENSRNOG00000063374",0
"ENSRNOG00000001229",4922
"ENSRNOG00000030426",1638
"ENSRNOG00000067861",2
"ENSRNOG00000070267",2
"ENSRNOG00000056976",0
"ENSRNOG00000063854",877
"ENSRNOG00000001226",52
"ENSRNOG00000068088",0
"ENSRNOG00000068739",0
"ENSRNOG00000065684",0
"ENSRNOG00000000428",0
"ENSRNOG00000069553",0
"ENSRNOG00000067389",16
"ENSRNOG00000043302",0
"ENSRNOG00000068097",1
"ENSRNOG00000070968",71
"ENSRNOG00000000607",3
"ENSRNOG00000064738",0
"ENSRNOG00000070630",175
"ENSRNOG00000067041",1
"ENSRNOG00000033581",71
"ENSRNOG00000064499",6
"ENSRNOG00000048073",741
"ENSRNOG00000001249",13799
"ENSRNOG00000070733",471
"ENSRNOG00000065948",0
"ENSRNOG00000048535",0
"ENSRNOG00000063651",0
"ENSRNOG00000051063",221
"ENSRNOG00000048758",182
"ENSRNOG00000062666",0
"ENSRNOG00000000446",0
"ENSRNOG00000000384",0
"ENSRNOG00000066710",0
"ENSRNOG00000024413",0
"ENSRNOG00000063343",0
"ENSRNOG00000052891",0
"ENSRNOG00000030242",61
"ENSRNOG00000051473",0
"ENSRNOG00000068671",0
"ENSRNOG00000033891",2681
"ENSRNOG00000060789",0
"ENSRNOG00000000557",5640
"ENSRNOG00000067902",2
"ENSRNOG00000058631",0
"ENSRNOG00000054239",0
"ENSRNOG00000070377",0
"ENSRNOG00000054580",0
"ENSRNOG00000061550",0
"ENSRNOG00000052710",0
"ENSRNOG00000032408",0
"ENSRNOG00000052210",0
"ENSRNOG00000056626",0
"ENSRNOG00000000630",1
"ENSRNOG00000055951",2
"ENSRNOG00000057911",0
"ENSRNOG00000047304",0
"ENSRNOG00000057485",0
"ENSRNOG00000022283",0
"ENSRNOG00000056879",0
"ENSRNOG00000000581",541
"ENSRNOG00000062340",0
"ENSRNOG00000060741",2
"ENSRNOG00000067781",2
"ENSRNOG00000052760",8
"ENSRNOG00000068592",0
"ENSRNOG00000051927",0
"ENSRNOG00000068589",0
"ENSRNOG00000057125",907
"ENSRNOG00000026207",0
"ENSRNOG00000000376",796
"ENSRNOG00000000517",854
"ENSRNOG00000033652",63
"ENSRNOG00000000564",0
"ENSRNOG00000046494",2
"ENSRNOG00000049150",0
"ENSRNOG00000026813",49
"ENSRNOG00000048725",618
"ENSRNOG00000039398",0
"ENSRNOG00000065514",75
"ENSRNOG00000023210",1310
"ENSRNOG00000047966",32
"ENSRNOG00000024221",18
"ENSRNOG00000050647",246
"ENSRNOG00000043099",712
"ENSRNOG00000045654",40
"ENSRNOG00000039396",0
"ENSRNOG00000067018",12
"ENSRNOG00000001232",285
"ENSRNOG00000028581",74
"ENSRNOG00000000503",2248
"ENSRNOG00000028541",0
"ENSRNOG00000070397",159
"ENSRNOG00000042287",0
"ENSRNOG00000001272",1618
"ENSRNOG00000000831",247
"ENSRNOG00000000596",879
"ENSRNOG00000028441",286
"ENSRNOG00000021365",123
"ENSRNOG00000000582",5
"ENSRNOG00000012714",16
"ENSRNOG00000000566",0
"ENSRNOG00000000442",52
"ENSRNOG00000000303",308
"ENSRNOG00000000495",399
"ENSRNOG00000000590",1
"ENSRNOG00000000606",0
"ENSRNOG00000040052",114
"ENSRNOG00000000327",690
"ENSRNOG00000000833",184
"ENSRNOG00000000502",154
"ENSRNOG00000000610",1169
"ENSRNOG00000024839",226
"ENSRNOG00000046505",65
"ENSRNOG00000000302",556
"ENSRNOG00000000373",82
"ENSRNOG00000049990",0
"ENSRNOG00000053936",0
"ENSRNOG00000026466",339
"ENSRNOG00000069858",0
"ENSRNOG00000066776",36
"ENSRNOG00000001245",403
"ENSRNOG00000000314",1626
"ENSRNOG00000000778",49
"ENSRNOG00000001174",0
"ENSRNOG00000000563",116
"ENSRNOG00000064048",9
"ENSRNOG00000000779",470
"ENSRNOG00000000454",0
"ENSRNOG00000070102",0
"ENSRNOG00000000780",1231
"ENSRNOG00000000781",26
"ENSRNOG00000000571",31354
"ENSRNOG00000000519",2641
"ENSRNOG00000069836",0
"ENSRNOG00000067285",0
"ENSRNOG00000021518",0
"ENSRNOG00000000783",0
"ENSRNOG00000000638",367
"ENSRNOG00000000634",4
"ENSRNOG00000052795",2132
"ENSRNOG00000068407",354
"ENSRNOG00000049937",97
"ENSRNOG00000000782",10
"ENSRNOG00000024601",387
"ENSRNOG00000067891",1
"ENSRNOG00000031689",580
"ENSRNOG00000025909",372
"ENSRNOG00000000455",719
"ENSRNOG00000000562",0
"ENSRNOG00000032930",1209
"ENSRNOG00000000498",414
"ENSRNOG00000066279",0
"ENSRNOG00000063767",0
"ENSRNOG00000000510",0
"ENSRNOG00000000543",588
"ENSRNOG00000000516",1
"ENSRNOG00000051398",0
"ENSRNOG00000000479",90
"ENSRNOG00000028622",5
"ENSRNOG00000000456",173
"ENSRNOG00000000796",5256
"ENSRNOG00000000507",0
"ENSRNOG00000033087",17
"ENSRNOG00000001223",6427
"ENSRNOG00000043212",856
"ENSRNOG00000000457",713
"ENSRNOG00000064170",1
"ENSRNOG00000000500",183
"ENSRNOG00000050658",0
"ENSRNOG00000000459",443
"ENSRNOG00000067614",0
"ENSRNOG00000000504",106
"ENSRNOG00000049491",43
"ENSRNOG00000030109",268
"ENSRNOG00000001295",18
"ENSRNOG00000000505",2288
"ENSRNOG00000059659",3518
"ENSRNOG00000001297",442
"ENSRNOG00000029979",23
"ENSRNOG00000000501",378
"ENSRNOG00000066773",179
"ENSRNOG00000000569",186
"ENSRNOG00000029528",1
"ENSRNOG00000047102",25
"ENSRNOG00000000540",160
"ENSRNOG00000000541",2590
"ENSRNOG00000000506",1240
"ENSRNOG00000001201",3737
"ENSRNOG00000000604",1443
"ENSRNOG00000065441",3
"ENSRNOG00000000433",62
"ENSRNOG00000001217",2
"ENSRNOG00000001224",1
"ENSRNOG00000000480",360
"ENSRNOG00000001184",400
"ENSRNOG00000000648",4492
"ENSRNOG00000000435",535
"ENSRNOG00000000851",3624
"ENSRNOG00000000491",4
"ENSRNOG00000001210",357
"ENSRNOG00000026762",0
"ENSRNOG00000000481",2293
"ENSRNOG00000000487",1
"ENSRNOG00000000277",442
"ENSRNOG00000000441",52
"ENSRNOG00000000552",0
"ENSRNOG00000063880",3165
"ENSRNOG00000000857",17
"ENSRNOG00000000611",994
"ENSRNOG00000028598",18
"ENSRNOG00000000436",15
"ENSRNOG00000000850",24
"ENSRNOG00000048929",76
"ENSRNOG00000039658",151
"ENSRNOG00000000437",2467
"ENSRNOG00000000641",274
"ENSRNOG00000061176",1456
"ENSRNOG00000000386",2
"ENSRNOG00000000438",443
"ENSRNOG00000000396",1492
"ENSRNOG00000051960",165
"ENSRNOG00000056298",0
"ENSRNOG00000001181",83
"ENSRNOG00000069854",63
"ENSRNOG00000001227",1259
"ENSRNOG00000000490",1615
"ENSRNOG00000000439",19
"ENSRNOG00000000645",10385
"ENSRNOG00000023712",0
"ENSRNOG00000000499",7
"ENSRNOG00000046791",279
"ENSRNOG00000068135",0
"ENSRNOG00000049507",729
"ENSRNOG00000028302",3757
"ENSRNOG00000000486",29
"ENSRNOG00000048193",149
"ENSRNOG00000000523",207
"ENSRNOG00000048987",0
"ENSRNOG00000000485",1581
"ENSRNOG00000028243",19
"ENSRNOG00000031065",0
"ENSRNOG00000063826",0
"ENSRNOG00000006589",6118
"ENSRNOG00000000461",5629
"ENSRNOG00000068033",0
"ENSRNOG00000069988",0
"ENSRNOG00000064749",41
"ENSRNOG00000000274",14
"ENSRNOG00000016997",48
"ENSRNOG00000065563",434
"ENSRNOG00000062695",0
"ENSRNOG00000001205",674
"ENSRNOG00000000636",0
"ENSRNOG00000045860",656
"ENSRNOG00000050410",278
"ENSRNOG00000070306",0
"ENSRNOG00000000275",779
"ENSRNOG00000047697",38
"ENSRNOG00000000524",2372
"ENSRNOG00000057862",3
"ENSRNOG00000049952",832
"ENSRNOG00000000808",1618
"ENSRNOG00000046428",105
"ENSRNOG00000070531",0
"ENSRNOG00000000858",1
"ENSRNOG00000043033",177
"ENSRNOG00000000561",159
"ENSRNOG00000000860",12
"ENSRNOG00000000511",1985
"ENSRNOG00000029360",6163
"ENSRNOG00000001189",366
"ENSRNOG00000001169",48
"ENSRNOG00000000440",867
"ENSRNOG00000038300",0
"ENSRNOG00000042916",1064
"ENSRNOG00000063338",0
"ENSRNOG00000001215",678
"ENSRNOG00000000565",4530
"ENSRNOG00000000542",0
"ENSRNOG00000000387",1194
"ENSRNOG00000000410",0
"ENSRNOG00000049696",0
"ENSRNOG00000001254",14362
"ENSRNOG00000001152",0
"ENSRNOG00000000852",8555
"ENSRNOG00000001261",4
"ENSRNOG00000000512",175
"ENSRNOG00000000398",290
"ENSRNOG00000001302",18
"ENSRNOG00000063538",0
"ENSRNOG00000000640",376
"ENSRNOG00000000394",266
"ENSRNOG00000000508",0
"ENSRNOG00000001225",175
"ENSRNOG00000022523",505
"ENSRNOG00000055391",4047
"ENSRNOG00000000493",478
"ENSRNOG00000066789",163
"ENSRNOG00000067849",70
"ENSRNOG00000001182",1203
"ENSRNOG00000000528",2
"ENSRNOG00000000560",161
"ENSRNOG00000000513",3269
"ENSRNOG00000000521",4734
"ENSRNOG00000069172",3
"ENSRNOG00000047175",0
"ENSRNOG00000001157",0
"ENSRNOG00000065254",988
"ENSRNOG00000001167",0
"ENSRNOG00000000412",7
"ENSRNOG00000028641",908
"ENSRNOG00000070329",94
"ENSRNOG00000065780",23
"ENSRNOG00000046619",0
"ENSRNOG00000046705",6947
"ENSRNOG00000000515",4
"ENSRNOG00000066051",0
"ENSRNOG00000065311",2
"ENSRNOG00000000635",4256
"ENSRNOG00000046204",163
"ENSRNOG00000001193",3
"ENSRNOG00000001219",0
"ENSRNOG00000058912",58
"ENSRNOG00000045920",1906
"ENSRNOG00000000800",3853
"ENSRNOG00000001218",0
"ENSRNOG00000067436",0
"ENSRNOG00000000483",1805
"ENSRNOG00000042329",0
"ENSRNOG00000047532",0
"ENSRNOG00000048951",0
"ENSRNOG00000068042",0
"ENSRNOG00000000312",1322
"ENSRNOG00000000823",603
"ENSRNOG00000001303",1309
"ENSRNOG00000038883",3185
"ENSRNOG00000001214",326
"ENSRNOG00000049771",295
"ENSRNOG00000030408",1813
"ENSRNOG00000032530",0
"ENSRNOG00000000609",365
"ENSRNOG00000066181",433
"ENSRNOG00000046538",0
"ENSRNOG00000000878",1
"ENSRNOG00000067601",0
"ENSRNOG00000069480",348
"ENSRNOG00000065874",0
"ENSRNOG00000070409",0
"ENSRNOG00000000368",94
"ENSRNOG00000000529",35
"ENSRNOG00000026799",285
"ENSRNOG00000001216",0
"ENSRNOG00000042186",0
"ENSRNOG00000046758",7
"ENSRNOG00000064334",3
"ENSRNOG00000001311",109
"ENSRNOG00000066018",0
"ENSRNOG00000038999",889
"ENSRNOG00000059458",914
"ENSRNOG00000001158",63
"ENSRNOG00000000411",803
"ENSRNOG00000059770",1057
"ENSRNOG00000037600",0
"ENSRNOG00000001194",618
"ENSRNOG00000000633",820
"ENSRNOG00000032708",3
"ENSRNOG00000051061",1094
"ENSRNOG00000001213",0
"ENSRNOG00000000308",258
"ENSRNOG00000026407",258
"ENSRNOG00000000307",733
"ENSRNOG00000023109",177
"ENSRNOG00000000401",0
"ENSRNOG00000031290",8
"ENSRNOG00000047476",434
"ENSRNOG00000000580",0
"ENSRNOG00000063872",1
"ENSRNOG00000000825",7
"ENSRNOG00000037757",0
"ENSRNOG00000000306",356
"ENSRNOG00000070199",4
"ENSRNOG00000070167",50
"ENSRNOG00000000532",836
"ENSRNOG00000047706",288
"ENSRNOG00000024918",141
"ENSRNOG00000037688",25
"ENSRNOG00000050655",7174
"ENSRNOG00000043186",62
"ENSRNOG00000000598",96
"ENSRNOG00000000597",1
"ENSRNOG00000030712",78
"ENSRNOG00000000815",116
"ENSRNOG00000000474",577
"ENSRNOG00000000304",15689
"ENSRNOG00000029500",1
"ENSRNOG00000058648",0
"ENSRNOG00000061936",0
"ENSRNOG00000000848",74
"ENSRNOG00000038807",0
"ENSRNOG00000000476",4
"ENSRNOG00000037668",21
"ENSRNOG00000000847",5683
"ENSRNOG00000000841",5118
"ENSRNOG00000001222",314
"ENSRNOG00000000824",1214
"ENSRNOG00000069363",8
"ENSRNOG00000069923",14
"ENSRNOG00000000477",590
"ENSRNOG00000057078",1042
"ENSRNOG00000000551",71
"ENSRNOG00000026110",0
"ENSRNOG00000068717",66
"ENSRNOG00000027516",0
"ENSRNOG00000000414",437
"ENSRNOG00000067335",0
"ENSRNOG00000000805",26366
"ENSRNOG00000054549",2137
"ENSRNOG00000027949",0
"ENSRNOG00000000595",756
"ENSRNOG00000001298",3
"ENSRNOG00000049734",1
"ENSRNOG00000000593",2259
"ENSRNOG00000062276",211
"ENSRNOG00000001869",0
"ENSRNOG00000000395",1021
"ENSRNOG00000001165",0
"ENSRNOG00000001211",924
"ENSRNOG00000000322",1124
"ENSRNOG00000030630",1815
"ENSRNOG00000000392",1164
"ENSRNOG00000048682",1536
"ENSRNOG00000000463",14
"ENSRNOG00000000613",764
"ENSRNOG00000051235",54
"ENSRNOG00000061544",79
"ENSRNOG00000000464",351
"ENSRNOG00000000465",0
"ENSRNOG00000001304",737
"ENSRNOG00000000466",48
"ENSRNOG00000068163",1
"ENSRNOG00000000467",604
"ENSRNOG00000003281",320
"ENSRNOG00000000559",0
"ENSRNOG00000038258",0
"ENSRNOG00000000406",3
"ENSRNOG00000000527",5401
"ENSRNOG00000064723",0
"ENSRNOG00000046314",1
"ENSRNOG00000000415",770
"ENSRNOG00000000525",253
"ENSRNOG00000065029",0
"ENSRNOG00000000802",225
"ENSRNOG00000000522",40
"ENSRNOG00000000470",1463
"ENSRNOG00000000420",883
"ENSRNOG00000069916",1
"ENSRNOG00000000421",588
"ENSRNOG00000068565",2
"ENSRNOG00000024019",2562
"ENSRNOG00000000422",200
"ENSRNOG00000000801",302
"ENSRNOG00000062487",275
"ENSRNOG00000069209",554
"ENSRNOG00000000471",1395
"ENSRNOG00000028386",5
"ENSRNOG00000028356",18
"ENSRNOG00000028344",613
"ENSRNOG00000001159",0
"ENSRNOG00000001162",0
"ENSRNOG00000001164",0
"ENSRNOG00000062067",1
"ENSRNOG00000001276",338
"ENSRNOG00000064836",32
"ENSRNOG00000001055",356
"ENSRNOG00000001060",175
"ENSRNOG00000000981",763
"ENSRNOG00000045574",19
"ENSRNOG00000001336",381
"ENSRNOG00000001337",1360
"ENSRNOG00000008673",6983
"ENSRNOG00000025702",866
"ENSRNOG00000001331",787
"ENSRNOG00000001238",467
"ENSRNOG00000028523",1177
"ENSRNOG00000001270",70
"ENSRNOG00000001316",3986
"ENSRNOG00000063517",8
"ENSRNOG00000001338",12
"ENSRNOG00000025936",6007
"ENSRNOG00000042607",40
"ENSRNOG00000001368",0
"ENSRNOG00000001278",228
"ENSRNOG00000048050",65
"ENSRNOG00000031731",1546
"ENSRNOG00000001274",2057
"ENSRNOG00000021480",121
"ENSRNOG00000021440",1499
"ENSRNOG00000001269",4006
"ENSRNOG00000001259",13
"ENSRNOG00000070135",0
"ENSRNOG00000034266",0
"ENSRNOG00000030848",0
"ENSRNOG00000001345",856
"ENSRNOG00000001391",2
"ENSRNOG00000001285",6373
"ENSRNOG00000067283",0
"ENSRNOG00000063614",0
"ENSRNOG00000055283",4
"ENSRNOG00000053770",0
"ENSRNOG00000063012",0
"ENSRNOG00000027480",20
"ENSRNOG00000051585",0
"ENSRNOG00000056264",0
"ENSRNOG00000063776",0
"ENSRNOG00000027028",557
"ENSRNOG00000062433",0
"ENSRNOG00000064748",0
"ENSRNOG00000037801",11
"ENSRNOG00000067454",0
"ENSRNOG00000067227",0
"ENSRNOG00000001348",607
"ENSRNOG00000067552",0
"ENSRNOG00000070719",0
"ENSRNOG00000065615",0
"ENSRNOG00000039214",157
"ENSRNOG00000065400",0
"ENSRNOG00000064405",0
"ENSRNOG00000064696",0
"ENSRNOG00000001350",486
"ENSRNOG00000063764",0
"ENSRNOG00000063697",0
"ENSRNOG00000069325",0
"ENSRNOG00000067994",0
"ENSRNOG00000067666",0
"ENSRNOG00000001375",152
"ENSRNOG00000071042",0
"ENSRNOG00000066865",0
"ENSRNOG00000067720",0
"ENSRNOG00000039282",0
"ENSRNOG00000064336",0
"ENSRNOG00000062902",0
"ENSRNOG00000067686",0
"ENSRNOG00000063472",0
"ENSRNOG00000067123",0
"ENSRNOG00000065467",0
"ENSRNOG00000069537",0
"ENSRNOG00000063492",0
"ENSRNOG00000063911",0
"ENSRNOG00000068030",0
"ENSRNOG00000063378",0
"ENSRNOG00000069873",0
"ENSRNOG00000065983",0
"ENSRNOG00000062974",0
"ENSRNOG00000064155",0
"ENSRNOG00000001329",14
"ENSRNOG00000065316",0
"ENSRNOG00000068354",0
"ENSRNOG00000067197",0
"ENSRNOG00000066211",0
"ENSRNOG00000065678",0
"ENSRNOG00000062634",0
"ENSRNOG00000066370",0
"ENSRNOG00000001333",2
"ENSRNOG00000068125",0
"ENSRNOG00000069307",0
"ENSRNOG00000068794",0
"ENSRNOG00000068925",0
"ENSRNOG00000064767",0
"ENSRNOG00000069603",0
"ENSRNOG00000067020",0
"ENSRNOG00000070262",0
"ENSRNOG00000066000",0
"ENSRNOG00000066264",0
"ENSRNOG00000064352",0
"ENSRNOG00000069008",0
"ENSRNOG00000001247",2568
"ENSRNOG00000065766",0
"ENSRNOG00000070995",0
"ENSRNOG00000063557",0
"ENSRNOG00000066614",4
"ENSRNOG00000064757",0
"ENSRNOG00000054522",3
"ENSRNOG00000060282",0
"ENSRNOG00000035479",0
"ENSRNOG00000035485",0
"ENSRNOG00000035540",0
"ENSRNOG00000063623",115
"ENSRNOG00000035531",0
"ENSRNOG00000036338",0
"ENSRNOG00000028965",0
"ENSRNOG00000047842",0
"ENSRNOG00000062779",0
"ENSRNOG00000051906",0
"ENSRNOG00000064916",0
"ENSRNOG00000001387",400
"ENSRNOG00000070325",0
"ENSRNOG00000050805",2146
"ENSRNOG00000030124",2511
"ENSRNOG00000050848",0
"ENSRNOG00000001374",2
"ENSRNOG00000001404",978
"ENSRNOG00000064009",1380
"ENSRNOG00000021691",129
"ENSRNOG00000063284",0
"ENSRNOG00000063533",0
"ENSRNOG00000052704",1275
"ENSRNOG00000070677",2
"ENSRNOG00000063820",0
"ENSRNOG00000066432",39
"ENSRNOG00000069357",0
"ENSRNOG00000048487",192
"ENSRNOG00000028198",3968
"ENSRNOG00000048580",509
"ENSRNOG00000001389",73
"ENSRNOG00000001256",2228
"ENSRNOG00000066351",10
"ENSRNOG00000001309",274
"ENSRNOG00000001402",2
"ENSRNOG00000001300",939
"ENSRNOG00000024922",5
"ENSRNOG00000025001",25178
"ENSRNOG00000056889",911
"ENSRNOG00000001396",1441
"ENSRNOG00000001407",3
"ENSRNOG00000001035",183
"ENSRNOG00000001283",898
"ENSRNOG00000001408",0
"ENSRNOG00000001039",1161
"ENSRNOG00000045952",1999
"ENSRNOG00000001296",8
"ENSRNOG00000050059",1
"ENSRNOG00000001043",284
"ENSRNOG00000052199",19
"ENSRNOG00000069835",1
"ENSRNOG00000024462",0
"ENSRNOG00000025310",385
"ENSRNOG00000001369",7
"ENSRNOG00000068186",0
"ENSRNOG00000064228",0
"ENSRNOG00000057769",0
"ENSRNOG00000062810",0
"ENSRNOG00000068922",3
"ENSRNOG00000070312",0
"ENSRNOG00000001414",679
"ENSRNOG00000033220",25
"ENSRNOG00000001412",0
"ENSRNOG00000031726",2
"ENSRNOG00000048277",812
"ENSRNOG00000050841",53
"ENSRNOG00000062846",0
"ENSRNOG00000024641",66
"ENSRNOG00000059207",0
"ENSRNOG00000070500",0
"ENSRNOG00000049282",0
"ENSRNOG00000038896",21
"ENSRNOG00000028206",73
"ENSRNOG00000001392",0
"ENSRNOG00000001399",0
"ENSRNOG00000001385",5683
"ENSRNOG00000067638",0
"ENSRNOG00000001388",76
"ENSRNOG00000046497",841
"ENSRNOG00000063866",0
"ENSRNOG00000037815",3929
"ENSRNOG00000001409",4105
"ENSRNOG00000001070",3993
"ENSRNOG00000001073",158
"ENSRNOG00000001410",237
"ENSRNOG00000001074",581
"ENSRNOG00000001425",182
"ENSRNOG00000001251",0
"ENSRNOG00000070432",4
"ENSRNOG00000056407",2
"ENSRNOG00000001435",93
"ENSRNOG00000023686",906
"ENSRNOG00000024277",0
"ENSRNOG00000071001",345
"ENSRNOG00000048699",38
"ENSRNOG00000001351",787
"ENSRNOG00000071009",8
"ENSRNOG00000063308",108
"ENSRNOG00000018910",305
"ENSRNOG00000025626",3
"ENSRNOG00000022767",0
"ENSRNOG00000020112",3
"ENSRNOG00000028981",0
"ENSRNOG00000001294",645
"ENSRNOG00000032705",483
"ENSRNOG00000066204",0
"ENSRNOG00000037500",121
"ENSRNOG00000037481",50
"ENSRNOG00000000909",401
"ENSRNOG00000055583",1966
"ENSRNOG00000068853",0
"ENSRNOG00000029165",45
"ENSRNOG00000001427",998
"ENSRNOG00000001141",1
"ENSRNOG00000001377",819
"ENSRNOG00000034215",0
"ENSRNOG00000070313",0
"ENSRNOG00000055795",0
"ENSRNOG00000062582",0
"ENSRNOG00000064613",222
"ENSRNOG00000069275",69
"ENSRNOG00000071077",0
"ENSRNOG00000001443",302
"ENSRNOG00000071056",0
"ENSRNOG00000064325",16
"ENSRNOG00000032684",0
"ENSRNOG00000069155",0
"ENSRNOG00000001428",169
"ENSRNOG00000069263",84
"ENSRNOG00000001250",197
"ENSRNOG00000047745",0
"ENSRNOG00000046252",313
"ENSRNOG00000071178",24
"ENSRNOG00000064620",0
"ENSRNOG00000069126",0
"ENSRNOG00000069788",0
"ENSRNOG00000001178",2161
"ENSRNOG00000001429",412
"ENSRNOG00000037720",319
"ENSRNOG00000001071",175
"ENSRNOG00000053768",0
"ENSRNOG00000066404",9
"ENSRNOG00000001103",5
"ENSRNOG00000064538",0
"ENSRNOG00000046171",0
"ENSRNOG00000070934",0
"ENSRNOG00000062589",0
"ENSRNOG00000037483",4297
"ENSRNOG00000069546",0
"ENSRNOG00000063908",0
"ENSRNOG00000062504",0
"ENSRNOG00000001430",919
"ENSRNOG00000032560",0
"ENSRNOG00000066843",1
"ENSRNOG00000068581",0
"ENSRNOG00000065057",0
"ENSRNOG00000070778",0
"ENSRNOG00000064850",0
"ENSRNOG00000065370",0
"ENSRNOG00000065050",0
"ENSRNOG00000068657",0
"ENSRNOG00000062638",0
"ENSRNOG00000069792",50
"ENSRNOG00000001130",0
"ENSRNOG00000063208",0
"ENSRNOG00000028544",0
"ENSRNOG00000064391",0
"ENSRNOG00000068237",0
"ENSRNOG00000050264",2
"ENSRNOG00000067017",0
"ENSRNOG00000001415",1153
"ENSRNOG00000001439",4
"ENSRNOG00000065486",0
"ENSRNOG00000029560",14
"ENSRNOG00000069236",2
"ENSRNOG00000065030",0
"ENSRNOG00000064898",0
"ENSRNOG00000062654",0
"ENSRNOG00000059768",48
"ENSRNOG00000001273",455
"ENSRNOG00000069035",0
"ENSRNOG00000066373",0
"ENSRNOG00000001352",2335
"ENSRNOG00000068400",0
"ENSRNOG00000063095",20
"ENSRNOG00000062639",0
"ENSRNOG00000065789",5
"ENSRNOG00000068338",0
"ENSRNOG00000001416",1
"ENSRNOG00000067515",3
"ENSRNOG00000001253",2479
"ENSRNOG00000066427",0
"ENSRNOG00000064554",0
"ENSRNOG00000068924",0
"ENSRNOG00000064929",45
"ENSRNOG00000067049",0
"ENSRNOG00000029211",0
"ENSRNOG00000067727",1
"ENSRNOG00000068453",0
"ENSRNOG00000064343",0
"ENSRNOG00000066903",63
"ENSRNOG00000064863",0
"ENSRNOG00000063555",12
"ENSRNOG00000067099",0
"ENSRNOG00000056955",28
"ENSRNOG00000062894",0
"ENSRNOG00000067367",0
"ENSRNOG00000065496",0
"ENSRNOG00000069083",61
"ENSRNOG00000001417",2027
"ENSRNOG00000066725",7
"ENSRNOG00000064190",0
"ENSRNOG00000001258",122
"ENSRNOG00000067835",63
"ENSRNOG00000054311",0
"ENSRNOG00000071017",0
"ENSRNOG00000069064",0
"ENSRNOG00000066823",1
"ENSRNOG00000064618",0
"ENSRNOG00000064366",11
"ENSRNOG00000062342",0
"ENSRNOG00000070583",0
"ENSRNOG00000063893",0
"ENSRNOG00000047653",3
"ENSRNOG00000067532",0
"ENSRNOG00000065145",0
"ENSRNOG00000064185",0
"ENSRNOG00000001448",6151
"ENSRNOG00000067199",0
"ENSRNOG00000069003",10
"ENSRNOG00000043267",41
"ENSRNOG00000001418",300
"ENSRNOG00000063972",0
"ENSRNOG00000068379",1
"ENSRNOG00000066560",0
"ENSRNOG00000062914",0
"ENSRNOG00000049770",6
"ENSRNOG00000066518",0
"ENSRNOG00000070555",0
"ENSRNOG00000022014",1484
"ENSRNOG00000068031",0
"ENSRNOG00000066779",5
"ENSRNOG00000001260",71
"ENSRNOG00000001419",219
"ENSRNOG00000064906",0
"ENSRNOG00000071134",0
"ENSRNOG00000060790",1
"ENSRNOG00000067880",0
"ENSRNOG00000037509",162
"ENSRNOG00000063447",0
"ENSRNOG00000064125",14
"ENSRNOG00000001275",3
"ENSRNOG00000063862",0
"ENSRNOG00000062865",3
"ENSRNOG00000065096",495
"ENSRNOG00000069825",0
"ENSRNOG00000001420",1676
"ENSRNOG00000071110",13
"ENSRNOG00000069881",14
"ENSRNOG00000069057",0
"ENSRNOG00000001449",1625
"ENSRNOG00000069863",0
"ENSRNOG00000064577",0
"ENSRNOG00000001151",108
"ENSRNOG00000064576",0
"ENSRNOG00000001265",55
"ENSRNOG00000065712",0
"ENSRNOG00000066705",0
"ENSRNOG00000064624",0
"ENSRNOG00000001450",229
"ENSRNOG00000066022",0
"ENSRNOG00000001171",354
"ENSRNOG00000066249",0
"ENSRNOG00000064272",0
"ENSRNOG00000031346",446
"ENSRNOG00000056017",55
"ENSRNOG00000070992",0
"ENSRNOG00000063921",0
"ENSRNOG00000063728",0
"ENSRNOG00000023546",6793
"ENSRNOG00000054608",0
"ENSRNOG00000001342",90
"ENSRNOG00000066626",0
"ENSRNOG00000056379",0
"ENSRNOG00000022533",1077
"ENSRNOG00000064841",0
"ENSRNOG00000001444",0
"ENSRNOG00000054746",2
"ENSRNOG00000069531",0
"ENSRNOG00000066921",0
"ENSRNOG00000037456",1
"ENSRNOG00000065089",0
"ENSRNOG00000051807",2
"ENSRNOG00000056456",0
"ENSRNOG00000031162",1
"ENSRNOG00000001397",261
"ENSRNOG00000066400",0
"ENSRNOG00000068850",2
"ENSRNOG00000068822",0
"ENSRNOG00000065749",0
"ENSRNOG00000066996",163
"ENSRNOG00000001469",7270
"ENSRNOG00000062773",0
"ENSRNOG00000065248",6
"ENSRNOG00000040652",0
"ENSRNOG00000070543",52
"ENSRNOG00000066839",0
"ENSRNOG00000065898",6
"ENSRNOG00000032917",1413
"ENSRNOG00000001436",13715
"ENSRNOG00000065479",0
"ENSRNOG00000069469",3
"ENSRNOG00000056978",9
"ENSRNOG00000035103",0
"ENSRNOG00000069015",7
"ENSRNOG00000069182",3
"ENSRNOG00000071022",1
"ENSRNOG00000069011",0
"ENSRNOG00000056104",0
"ENSRNOG00000067247",58
"ENSRNOG00000056072",0
"ENSRNOG00000000921",1238
"ENSRNOG00000066251",2
"ENSRNOG00000001006",0
"ENSRNOG00000001123",423
"ENSRNOG00000060796",0
"ENSRNOG00000001432",536
"ENSRNOG00000001252",1099
"ENSRNOG00000053637",2
"ENSRNOG00000067035",0
"ENSRNOG00000066145",0
"ENSRNOG00000069152",121
"ENSRNOG00000070742",10
"ENSRNOG00000053421",0
"ENSRNOG00000000968",528
"ENSRNOG00000064604",5
"ENSRNOG00000008706",21
"ENSRNOG00000001284",0
"ENSRNOG00000056133",0
"ENSRNOG00000068394",30
"ENSRNOG00000001120",3313
"ENSRNOG00000067802",19
"ENSRNOG00000058033",4
"ENSRNOG00000069694",30
"ENSRNOG00000059804",1
"ENSRNOG00000001457",276
"ENSRNOG00000060427",0
"ENSRNOG00000001434",0
"ENSRNOG00000065556",3
"ENSRNOG00000063770",0
"ENSRNOG00000064713",0
"ENSRNOG00000065794",14
"ENSRNOG00000001139",1329
"ENSRNOG00000057377",0
"ENSRNOG00000063046",0
"ENSRNOG00000064303",0
"ENSRNOG00000055445",0
"ENSRNOG00000047880",607
"ENSRNOG00000001277",0
"ENSRNOG00000053902",5
"ENSRNOG00000070246",392
"ENSRNOG00000035114",0
"ENSRNOG00000062742",2
"ENSRNOG00000067225",17
"ENSRNOG00000061095",0
"ENSRNOG00000001454",1537
"ENSRNOG00000062963",0
"ENSRNOG00000051549",0
"ENSRNOG00000055865",0
"ENSRNOG00000062376",621
"ENSRNOG00000061002",0
"ENSRNOG00000059344",3083
"ENSRNOG00000058537",0
"ENSRNOG00000037480",131
"ENSRNOG00000054687",0
"ENSRNOG00000067181",1
"ENSRNOG00000051870",0
"ENSRNOG00000068745",0
"ENSRNOG00000052482",0
"ENSRNOG00000069461",7
"ENSRNOG00000062719",0
"ENSRNOG00000068603",127
"ENSRNOG00000001453",2942
"ENSRNOG00000051006",111
"ENSRNOG00000065041",0
"ENSRNOG00000064330",1
"ENSRNOG00000037478",273
"ENSRNOG00000064839",2
"ENSRNOG00000065696",61
"ENSRNOG00000001312",1047
"ENSRNOG00000071198",0
"ENSRNOG00000059673",426
"ENSRNOG00000000999",818
"ENSRNOG00000001440",6372
"ENSRNOG00000067286",392
"ENSRNOG00000051294",0
"ENSRNOG00000001383",746
"ENSRNOG00000030354",0
"ENSRNOG00000062811",0
"ENSRNOG00000001422",0
"ENSRNOG00000028259",0
"ENSRNOG00000028733",45
"ENSRNOG00000021611",649
"ENSRNOG00000039819",531
"ENSRNOG00000001003",796
"ENSRNOG00000001424",7922
"ENSRNOG00000000973",0
"ENSRNOG00000050672",0
"ENSRNOG00000021312",356
"ENSRNOG00000022698",372
"ENSRNOG00000000969",0
"ENSRNOG00000054013",0
"ENSRNOG00000001470",235
"ENSRNOG00000054033",9
"ENSRNOG00000001136",5329
"ENSRNOG00000040128",0
"ENSRNOG00000023366",97
"ENSRNOG00000022483",0
"ENSRNOG00000000978",0
"ENSRNOG00000001293",623
"ENSRNOG00000001138",659
"ENSRNOG00000028803",0
"ENSRNOG00000001451",0
"ENSRNOG00000001441",1332
"ENSRNOG00000001017",0
"ENSRNOG00000001289",268
"ENSRNOG00000031721",824
"ENSRNOG00000028630",1
"ENSRNOG00000001287",1
"ENSRNOG00000022426",2
"ENSRNOG00000033700",349
"ENSRNOG00000001442",890
"ENSRNOG00000001288",430
"ENSRNOG00000029881",0
"ENSRNOG00000030813",1
"ENSRNOG00000001124",347
"ENSRNOG00000001474",2
"ENSRNOG00000028651",124
"ENSRNOG00000001129",868
"ENSRNOG00000063916",3
"ENSRNOG00000066613",0
"ENSRNOG00000032693",0
"ENSRNOG00000001126",603
"ENSRNOG00000001198",3
"ENSRNOG00000001431",58
"ENSRNOG00000051770",0
"ENSRNOG00000028814",219
"ENSRNOG00000000957",915
"ENSRNOG00000049220",0
"ENSRNOG00000001128",30
"ENSRNOG00000001148",153288
"ENSRNOG00000039296",0
"ENSRNOG00000000952",0
"ENSRNOG00000050052",524
"ENSRNOG00000028090",600
"ENSRNOG00000001153",3
"ENSRNOG00000001317",1016
"ENSRNOG00000001058",565
"ENSRNOG00000053974",0
"ENSRNOG00000022392",2818
"ENSRNOG00000001314",685
"ENSRNOG00000001149",3455
"ENSRNOG00000028100",24
"ENSRNOG00000054170",0
"ENSRNOG00000025155",921
"ENSRNOG00000028323",237
"ENSRNOG00000001069",599
"ENSRNOG00000001479",7822
"ENSRNOG00000054096",236
"ENSRNOG00000066133",0
"ENSRNOG00000001324",2
"ENSRNOG00000028592",2155
"ENSRNOG00000000986",0
"ENSRNOG00000030927",1
"ENSRNOG00000001299",3264
"ENSRNOG00000021871",1927
"ENSRNOG00000028414",0
"ENSRNOG00000028211",116
"ENSRNOG00000028531",0
"ENSRNOG00000028166",134
"ENSRNOG00000001480",5
"ENSRNOG00000001001",1
"ENSRNOG00000001325",189
"ENSRNOG00000028892",476
"ENSRNOG00000027175",2
"ENSRNOG00000028460",291
"ENSRNOG00000071078",23
"ENSRNOG00000001482",273
"ENSRNOG00000068266",0
"ENSRNOG00000067426",20
"ENSRNOG00000001031",0
"ENSRNOG00000001483",198
"ENSRNOG00000029986",829
"ENSRNOG00000001323",411
"ENSRNOG00000038495",0
"ENSRNOG00000063766",0
"ENSRNOG00000000917",70
"ENSRNOG00000001032",1583
"ENSRNOG00000066802",0
"ENSRNOG00000042807",0
"ENSRNOG00000023536",14
"ENSRNOG00000008372",1721
"ENSRNOG00000069254",0
"ENSRNOG00000000954",4848
"ENSRNOG00000001379",9
"ENSRNOG00000000974",1034
"ENSRNOG00000001143",77
"ENSRNOG00000025212",1155
"ENSRNOG00000000885",101
"ENSRNOG00000062027",0
"ENSRNOG00000063231",0
"ENSRNOG00000000897",47
"ENSRNOG00000024605",258
"ENSRNOG00000069278",0
"ENSRNOG00000048898",0
"ENSRNOG00000065731",1
"ENSRNOG00000030579",27
"ENSRNOG00000025217",195
"ENSRNOG00000046643",6
"ENSRNOG00000000886",0
"ENSRNOG00000051699",1090
"ENSRNOG00000001083",7011
"ENSRNOG00000024567",601
"ENSRNOG00000000955",519
"ENSRNOG00000001088",149
"ENSRNOG00000001007",696
"ENSRNOG00000001478",897
"ENSRNOG00000001346",1496
"ENSRNOG00000001111",190
"ENSRNOG00000001009",3697
"ENSRNOG00000001156",3
"ENSRNOG00000001040",450
"ENSRNOG00000001349",430
"ENSRNOG00000021364",0
"ENSRNOG00000001170",10972
"ENSRNOG00000001044",1009
"ENSRNOG00000001034",377
"ENSRNOG00000001160",201
"ENSRNOG00000045621",187
"ENSRNOG00000001050",1428
"ENSRNOG00000001163",538
"ENSRNOG00000063039",26
"ENSRNOG00000070660",3
"ENSRNOG00000060153",134
"ENSRNOG00000001048",7
"ENSRNOG00000001192",847
"ENSRNOG00000001353",348
"ENSRNOG00000059322",175
"ENSRNOG00000001183",0
"ENSRNOG00000001068",10394
"ENSRNOG00000001355",509
"ENSRNOG00000000895",659
"ENSRNOG00000001079",384
"ENSRNOG00000001185",855
"ENSRNOG00000001367",15
"ENSRNOG00000042384",262
"ENSRNOG00000001187",14
"ENSRNOG00000039832",2
"ENSRNOG00000049331",0
"ENSRNOG00000001108",1223
"ENSRNOG00000067900",0
"ENSRNOG00000001099",201
"ENSRNOG00000065713",685
"ENSRNOG00000001094",97
"ENSRNOG00000001335",1607
"ENSRNOG00000000918",135
"ENSRNOG00000049604",588
"ENSRNOG00000006958",329
"ENSRNOG00000024435",527
"ENSRNOG00000039234",601
"ENSRNOG00000001072",521
"ENSRNOG00000024527",1
"ENSRNOG00000001360",1
"ENSRNOG00000051442",260
"ENSRNOG00000023643",14
"ENSRNOG00000058563",0
"ENSRNOG00000066069",0
"ENSRNOG00000063927",206
"ENSRNOG00000049426",302
"ENSRNOG00000000931",894
"ENSRNOG00000001059",624
"ENSRNOG00000069743",0
"ENSRNOG00000000994",378
"ENSRNOG00000001134",274
"ENSRNOG00000065220",0
"ENSRNOG00000068770",0
"ENSRNOG00000001065",1352
"ENSRNOG00000048881",1
"ENSRNOG00000021856",1
"ENSRNOG00000001056",2331
"ENSRNOG00000052516",0
"ENSRNOG00000034254",82704
"ENSRNOG00000001135",2870
"ENSRNOG00000024352",272
"ENSRNOG00000070024",0
"ENSRNOG00000001027",0
"ENSRNOG00000001117",99
"ENSRNOG00000071084",0
"ENSRNOG00000000888",620
"ENSRNOG00000000700",1454
"ENSRNOG00000001113",0
"ENSRNOG00000000893",1990
"ENSRNOG00000000692",343
"ENSRNOG00000001047",926
"ENSRNOG00000000956",432
"ENSRNOG00000028584",53
"ENSRNOG00000000901",581
"ENSRNOG00000024482",1965
"ENSRNOG00000000904",5
"ENSRNOG00000001190",2400
"ENSRNOG00000046700",210
"ENSRNOG00000001010",302
"ENSRNOG00000001104",1829
"ENSRNOG00000000903",512
"ENSRNOG00000025164",0
"ENSRNOG00000050573",0
"ENSRNOG00000001115",30
"ENSRNOG00000068541",434
"ENSRNOG00000001101",1975
"ENSRNOG00000070545",95
"ENSRNOG00000065430",396
"ENSRNOG00000042213",294
"ENSRNOG00000069757",0
"ENSRNOG00000042296",0
"ENSRNOG00000000913",1764
"ENSRNOG00000000695",2412
"ENSRNOG00000000988",771
"ENSRNOG00000060129",2825
"ENSRNOG00000000701",2125
"ENSRNOG00000000702",499
"ENSRNOG00000000905",6
"ENSRNOG00000059552",452
"ENSRNOG00000000983",453
"ENSRNOG00000000697",1917
"ENSRNOG00000050169",136
"ENSRNOG00000027049",705
"ENSRNOG00000022893",6
"ENSRNOG00000000985",156
"ENSRNOG00000028556",391
"ENSRNOG00000000993",0
"ENSRNOG00000000987",157
"ENSRNOG00000000989",1715
"ENSRNOG00000000891",268
"ENSRNOG00000000693",4
"ENSRNOG00000000906",2644
"ENSRNOG00000000990",973
"ENSRNOG00000054962",6
"ENSRNOG00000000991",11838
"ENSRNOG00000000934",0
"ENSRNOG00000008447",0
"ENSRNOG00000001195",22
"ENSRNOG00000000996",2483
"ENSRNOG00000000699",50
"ENSRNOG00000000936",1994
"ENSRNOG00000000894",1136
"ENSRNOG00000011222",2559
"ENSRNOG00000068496",1
"ENSRNOG00000000704",679
"ENSRNOG00000000920",59
"ENSRNOG00000025244",3779
"ENSRNOG00000000937",251
"ENSRNOG00000000922",544
"ENSRNOG00000068363",0
"ENSRNOG00000047219",2631
"ENSRNOG00000000961",0
"ENSRNOG00000047896",1236
"ENSRNOG00000000962",345
"ENSRNOG00000000975",2
"ENSRNOG00000059799",571
"ENSRNOG00000000900",2367
"ENSRNOG00000038406",0
"ENSRNOG00000024456",36
"ENSRNOG00000047191",35
"ENSRNOG00000066445",1118
"ENSRNOG00000000977",323
"ENSRNOG00000000963",0
"ENSRNOG00000000938",7654
"ENSRNOG00000058142",0
"ENSRNOG00000001236",463
"ENSRNOG00000000664",460
"ENSRNOG00000000923",1461
"ENSRNOG00000046458",0
"ENSRNOG00000069441",3
"ENSRNOG00000047618",263
"ENSRNOG00000001191",135
"ENSRNOG00000025235",0
"ENSRNOG00000000925",371
"ENSRNOG00000047673",0
"ENSRNOG00000001172",11058
"ENSRNOG00000023919",1242
"ENSRNOG00000001241",539
"ENSRNOG00000001199",235
"ENSRNOG00000066020",11
"ENSRNOG00000000926",5
"ENSRNOG00000001235",1831
"ENSRNOG00000001173",61
"ENSRNOG00000001036",16
"ENSRNOG00000001098",1743
"ENSRNOG00000056768",550
"ENSRNOG00000064318",2031
"ENSRNOG00000064601",1933
"ENSRNOG00000021725",1028
"ENSRNOG00000001114",779
"ENSRNOG00000001061",522
"ENSRNOG00000056585",259
"ENSRNOG00000025612",3
"ENSRNOG00000024264",55
"ENSRNOG00000000967",929
"ENSRNOG00000063487",0
"ENSRNOG00000068025",1662
"ENSRNOG00000061371",9
"ENSRNOG00000001177",478
"ENSRNOG00000039249",13640
"ENSRNOG00000022171",638
"ENSRNOG00000063102",0
"ENSRNOG00000046007",0
"ENSRNOG00000001452",44
"ENSRNOG00000001476",0
"ENSRNOG00000053045",6
"ENSRNOG00000022784",0
"ENSRNOG00000057823",79621
"ENSRNOG00000001142",1281
"ENSRNOG00000008521",1240
"ENSRNOG00000060198",0
"ENSRNOG00000000964",212
"ENSRNOG00000051192",0
"ENSRNOG00000026661",0
"ENSRNOG00000063640",401
"ENSRNOG00000037978",6
"ENSRNOG00000026653",0
"ENSRNOG00000001347",35
"ENSRNOG00000029341",13
"ENSRNOG00000000665",3473
"ENSRNOG00000030948",0
"ENSRNOG00000029260",455
"ENSRNOG00000001005",0
"ENSRNOG00000066080",2
"ENSRNOG00000069648",93
"ENSRNOG00000001204",2981
"ENSRNOG00000001080",896
"ENSRNOG00000001081",130
"ENSRNOG00000048430",0
"ENSRNOG00000061346",2189
"ENSRNOG00000000708",0
"ENSRNOG00000001004",10533
"ENSRNOG00000054764",2
"ENSRNOG00000070811",331
"ENSRNOG00000050016",518
"ENSRNOG00000000691",0
"ENSRNOG00000059456",0
"ENSRNOG00000000940",1179
"ENSRNOG00000052424",1137
"ENSRNOG00000001090",868
"ENSRNOG00000069956",188
"ENSRNOG00000033658",300
"ENSRNOG00000000907",0
"ENSRNOG00000042317",0
"ENSRNOG00000029197",48
"ENSRNOG00000029813",610
"ENSRNOG00000071128",67
"ENSRNOG00000000658",52
"ENSRNOG00000069961",25
"ENSRNOG00000008470",0
"ENSRNOG00000000902",1453
"ENSRNOG00000050360",0
"ENSRNOG00000000889",11
"ENSRNOG00000026192",0
"ENSRNOG00000000942",1955
"ENSRNOG00000000924",660
"ENSRNOG00000062935",0
"ENSRNOG00000032759",0
"ENSRNOG00000000661",236
"ENSRNOG00000001243",1252
"ENSRNOG00000000662",195
"ENSRNOG00000033411",291
"ENSRNOG00000000663",310
"ENSRNOG00000050023",0
"ENSRNOG00000038002",241
"ENSRNOG00000037505",2019
"ENSRNOG00000037508",1056
"ENSRNOG00000065641",0
"ENSRNOG00000001064",1855
"ENSRNOG00000037446",20
"ENSRNOG00000068194",0
"ENSRNOG00000049229",789
"ENSRNOG00000049866",0
"ENSRNOG00000061004",0
"ENSRNOG00000001092",0
"ENSRNOG00000037476",0
"ENSRNOG00000030410",0
"ENSRNOG00000001082",14
"ENSRNOG00000032410",375
"ENSRNOG00000030721",715
"ENSRNOG00000001086",826
"ENSRNOG00000037466",0
"ENSRNOG00000001091",299
"ENSRNOG00000001106",263
"ENSRNOG00000001255",1371
"ENSRNOG00000001053",7524
"ENSRNOG00000032590",1209
"ENSRNOG00000027489",68
"ENSRNOG00000037443",572
"ENSRNOG00000060144",2192
"ENSRNOG00000037437",14
"ENSRNOG00000037430",635
"ENSRNOG00000037428",67
"ENSRNOG00000062521",65
"ENSRNOG00000037449",244
"ENSRNOG00000062169",43
"ENSRNOG00000069052",15
"ENSRNOG00000057231",554
"ENSRNOG00000063560",11
"ENSRNOG00000070228",2
"ENSRNOG00000069552",0
"ENSRNOG00000063279",1
"ENSRNOG00000060496",802
"ENSRNOG00000060963",0
"ENSRNOG00000067676",0
"ENSRNOG00000062567",5
"ENSRNOG00000060048",759
"ENSRNOG00000060617",280
"ENSRNOG00000065605",0
"ENSRNOG00000058664",0
"ENSRNOG00000066858",0
"ENSRNOG00000069947",2
"ENSRNOG00000068692",0
"ENSRNOG00000066009",0
"ENSRNOG00000062115",39
"ENSRNOG00000069112",0
"ENSRNOG00000054002",0
"ENSRNOG00000067420",0
"ENSRNOG00000069298",0
"ENSRNOG00000066131",2
"ENSRNOG00000068239",2
"ENSRNOG00000052235",0
"ENSRNOG00000055282",0
"ENSRNOG00000063906",0
"ENSRNOG00000066266",0
"ENSRNOG00000031780",0
"ENSRNOG00000030478",27375
"ENSRNOG00000029171",0
"ENSRNOG00000043866",37682
"ENSRNOG00000032112",64
"ENSRNOG00000030644",52172
"ENSRNOG00000029301",1
"ENSRNOG00000033545",0
"ENSRNOG00000032274",11
"ENSRNOG00000031033",43977
"ENSRNOG00000029677",0
"ENSRNOG00000033932",1
"ENSRNOG00000032609",2
"ENSRNOG00000031333",84
"ENSRNOG00000029954",3
"ENSRNOG00000034234",966613
"ENSRNOG00000032882",83
"ENSRNOG00000031685",19
"ENSRNOG00000030371",69051
"ENSRNOG00000029070",10
"ENSRNOG00000033299",7561
"ENSRNOG00000031979",94288
"ENSRNOG00000030700",177995
"ENSRNOG00000029389",0
"ENSRNOG00000033615",2619
"ENSRNOG00000032320",0
"ENSRNOG00000031053",10826
"ENSRNOG00000029707",104895
"ENSRNOG00000033957",17
"ENSRNOG00000032578",3
"ENSRNOG00000031667",0
"ENSRNOG00000029971",43916
"ENSRNOG00000029042",4536
"ENSRNOG00000032997",30
"ENSRNOG00000031766",92900
"ENSRNOG00000030339",0
"ENSRNOG00000029145",265
"ENSRNOG00000069293",4
"ENSRNOG00000068786",2
"ENSRNOG00000063531",1
"ENSRNOG00000069890",2
"ENSRNOG00000062861",0
"ENSRNOG00000068930",0
"ENSRNOG00000070731",23
"ENSRNOG00000069942",0
"ENSRNOG00000054648",1
"ENSRNOG00000055562",407
"ENSRNOG00000064266",1
"ENSRNOG00000065685",43
"ENSRNOG00000060437",626
"ENSRNOG00000053042",0
"ENSRNOG00000064645",0
"ENSRNOG00000070071",0
"ENSRNOG00000064532",1
"ENSRNOG00000069646",0
"ENSRNOG00000062265",0
"ENSRNOG00000069391",8
"ENSRNOG00000070284",0
"ENSRNOG00000068039",0
"ENSRNOG00000062333",0
"ENSRNOG00000051956",0
"ENSRNOG00000067717",5
"ENSRNOG00000068405",0
"ENSRNOG00000065674",145869
"ENSRNOG00000063914",39
"ENSRNOG00000065904",2
"ENSRNOG00000066723",0
"ENSRNOG00000063315",0
"ENSRNOG00000065142",7
"ENSRNOG00000064260",0
"ENSRNOG00000046163",0
"ENSRNOG00000065987",174
"ENSRNOG00000068414",0
"ENSRNOG00000069780",0
"ENSRNOG00000065820",0
"ENSRNOG00000062494",0
"ENSRNOG00000068759",0
"ENSRNOG00000070707",0
"ENSRNOG00000063068",212
"ENSRNOG00000070158",252
"ENSRNOG00000068193",0
"ENSRNOG00000067957",0
"ENSRNOG00000065734",0
"ENSRNOG00000070738",0
"ENSRNOG00000070819",0
"ENSRNOG00000065867",8
"ENSRNOG00000063733",12
"ENSRNOG00000047746",398
"ENSRNOG00000065988",4888
"ENSRNOG00000068307",381361
"ENSRNOG00000070263",7
"ENSRNOG00000045737",0
"ENSRNOG00000065538",0
"ENSRNOG00000064571",0
"ENSRNOG00000070352",0
"ENSRNOG00000070549",0
"ENSRNOG00000064854",1
"ENSRNOG00000062720",0
"ENSRNOG00000064441",0
"ENSRNOG00000066531",0
"ENSRNOG00000067631",0
"ENSRNOG00000067878",0
"ENSRNOG00000070160",0
"ENSRNOG00000062463",0
"ENSRNOG00000069099",0
"ENSRNOG00000066740",0
"ENSRNOG00000066707",0
"ENSRNOG00000070130",0
"ENSRNOG00000069175",0
"ENSRNOG00000062970",0
"ENSRNOG00000070645",0
"ENSRNOG00000065804",0
"ENSRNOG00000068152",0
"ENSRNOG00000069019",0
"ENSRNOG00000065926",0
"ENSRNOG00000066592",0
"ENSRNOG00000065193",0
"ENSRNOG00000069132",0
"ENSRNOG00000070299",0
"ENSRNOG00000068736",0
"ENSRNOG00000065175",0
"ENSRNOG00000062672",0
"ENSRNOG00000062596",0
"ENSRNOG00000066684",0
"ENSRNOG00000067500",0
"ENSRNOG00000067927",0
"ENSRNOG00000062558",1444
"ENSRNOG00000069483",7
"ENSRNOG00000062942",0
"ENSRNOG00000070031",0
"ENSRNOG00000069827",2
"ENSRNOG00000069226",1
"ENSRNOG00000068289",1
"ENSRNOG00000062439",2
"ENSRNOG00000066356",0
"ENSRNOG00000068919",9
"ENSRNOG00000068656",0
"ENSRNOG00000064259",0
"ENSRNOG00000065062",0
"ENSRNOG00000062442",15
"ENSRNOG00000070895",7
"ENSRNOG00000066963",0
"ENSRNOG00000065223",0
"ENSRNOG00000069230",0
"ENSRNOG00000071103",6
