"","PDGFNS2_aligned.bam"
"ENSRNOG00000066169",1
"ENSRNOG00000070168",0
"ENSRNOG00000070901",1207
"ENSRNOG00000018029",14
"ENSRNOG00000031391",0
"ENSRNOG00000055342",0
"ENSRNOG00000068698",177
"ENSRNOG00000067904",0
"ENSRNOG00000063979",0
"ENSRNOG00000064851",5
"ENSRNOG00000063562",0
"ENSRNOG00000050129",0
"ENSRNOG00000056886",0
"ENSRNOG00000032625",199
"ENSRNOG00000029315",105
"ENSRNOG00000016356",2984
"ENSRNOG00000028288",1
"ENSRNOG00000015810",83
"ENSRNOG00000017538",204
"ENSRNOG00000027204",2919
"ENSRNOG00000058651",3
"ENSRNOG00000070886",1244
"ENSRNOG00000056005",0
"ENSRNOG00000035453",1
"ENSRNOG00000063396",0
"ENSRNOG00000068709",0
"ENSRNOG00000069410",0
"ENSRNOG00000014903",366
"ENSRNOG00000055477",0
"ENSRNOG00000066157",0
"ENSRNOG00000059537",0
"ENSRNOG00000064304",0
"ENSRNOG00000035530",0
"ENSRNOG00000021051",1680
"ENSRNOG00000069804",0
"ENSRNOG00000055569",3
"ENSRNOG00000011160",0
"ENSRNOG00000063599",0
"ENSRNOG00000017748",1
"ENSRNOG00000067237",0
"ENSRNOG00000065307",0
"ENSRNOG00000016227",3719
"ENSRNOG00000070826",0
"ENSRNOG00000013395",111
"ENSRNOG00000016906",160
"ENSRNOG00000066860",2
"ENSRNOG00000069365",5
"ENSRNOG00000062499",0
"ENSRNOG00000067821",0
"ENSRNOG00000070448",0
"ENSRNOG00000063062",90
"ENSRNOG00000036303",0
"ENSRNOG00000067171",15
"ENSRNOG00000065290",0
"ENSRNOG00000055366",0
"ENSRNOG00000052293",0
"ENSRNOG00000027582",0
"ENSRNOG00000070096",0
"ENSRNOG00000064522",0
"ENSRNOG00000035532",0
"ENSRNOG00000009830",53
"ENSRNOG00000066257",0
"ENSRNOG00000012742",76
"ENSRNOG00000063184",0
"ENSRNOG00000069837",0
"ENSRNOG00000069135",7
"ENSRNOG00000064137",46
"ENSRNOG00000071210",0
"ENSRNOG00000067491",0
"ENSRNOG00000064435",0
"ENSRNOG00000065990",0
"ENSRNOG00000065939",0
"ENSRNOG00000013767",75
"ENSRNOG00000063387",0
"ENSRNOG00000052521",0
"ENSRNOG00000067619",38
"ENSRNOG00000062791",0
"ENSRNOG00000032699",26
"ENSRNOG00000035616",0
"ENSRNOG00000069698",0
"ENSRNOG00000063324",0
"ENSRNOG00000058041",0
"ENSRNOG00000063227",0
"ENSRNOG00000018408",508
"ENSRNOG00000064960",0
"ENSRNOG00000030782",1
"ENSRNOG00000016421",0
"ENSRNOG00000058299",0
"ENSRNOG00000018334",353
"ENSRNOG00000070685",1
"ENSRNOG00000060004",0
"ENSRNOG00000069399",0
"ENSRNOG00000067907",204
"ENSRNOG00000014726",1
"ENSRNOG00000063196",0
"ENSRNOG00000060273",0
"ENSRNOG00000070216",0
"ENSRNOG00000051969",0
"ENSRNOG00000023407",1684
"ENSRNOG00000035654",0
"ENSRNOG00000061890",0
"ENSRNOG00000010529",2214
"ENSRNOG00000012684",537
"ENSRNOG00000069040",0
"ENSRNOG00000014258",1242
"ENSRNOG00000010918",226
"ENSRNOG00000066483",0
"ENSRNOG00000051780",37
"ENSRNOG00000067027",2977
"ENSRNOG00000035560",0
"ENSRNOG00000019416",457
"ENSRNOG00000017366",0
"ENSRNOG00000053012",0
"ENSRNOG00000059864",0
"ENSRNOG00000053838",0
"ENSRNOG00000068567",1
"ENSRNOG00000063945",0
"ENSRNOG00000066101",4
"ENSRNOG00000057261",0
"ENSRNOG00000070161",0
"ENSRNOG00000065242",0
"ENSRNOG00000063217",1
"ENSRNOG00000036631",0
"ENSRNOG00000066494",0
"ENSRNOG00000016659",0
"ENSRNOG00000059820",3
"ENSRNOG00000049846",0
"ENSRNOG00000014946",620
"ENSRNOG00000070965",0
"ENSRNOG00000065570",0
"ENSRNOG00000069390",0
"ENSRNOG00000020318",501
"ENSRNOG00000047406",0
"ENSRNOG00000070104",43
"ENSRNOG00000050445",2905
"ENSRNOG00000069614",0
"ENSRNOG00000069896",3
"ENSRNOG00000035565",0
"ENSRNOG00000031110",0
"ENSRNOG00000058224",0
"ENSRNOG00000067930",0
"ENSRNOG00000016597",110
"ENSRNOG00000064367",0
"ENSRNOG00000064092",0
"ENSRNOG00000067132",0
"ENSRNOG00000068454",0
"ENSRNOG00000018953",0
"ENSRNOG00000069628",10
"ENSRNOG00000062564",305
"ENSRNOG00000065292",0
"ENSRNOG00000018940",21
"ENSRNOG00000068976",13
"ENSRNOG00000013945",342
"ENSRNOG00000068368",0
"ENSRNOG00000070203",0
"ENSRNOG00000065397",5
"ENSRNOG00000040447",0
"ENSRNOG00000033706",0
"ENSRNOG00000031947",5585
"ENSRNOG00000016565",523
"ENSRNOG00000066104",4
"ENSRNOG00000066508",0
"ENSRNOG00000061455",0
"ENSRNOG00000019138",1128
"ENSRNOG00000015424",0
"ENSRNOG00000013198",0
"ENSRNOG00000056351",0
"ENSRNOG00000065052",0
"ENSRNOG00000035572",0
"ENSRNOG00000069359",0
"ENSRNOG00000069866",1
"ENSRNOG00000068014",15
"ENSRNOG00000065728",0
"ENSRNOG00000065649",125
"ENSRNOG00000066961",2
"ENSRNOG00000068275",0
"ENSRNOG00000053559",0
"ENSRNOG00000035553",0
"ENSRNOG00000056667",0
"ENSRNOG00000064785",0
"ENSRNOG00000050663",0
"ENSRNOG00000064423",0
"ENSRNOG00000063455",0
"ENSRNOG00000016574",686
"ENSRNOG00000055971",1
"ENSRNOG00000068157",0
"ENSRNOG00000032137",0
"ENSRNOG00000050364",0
"ENSRNOG00000060473",8
"ENSRNOG00000068108",0
"ENSRNOG00000055608",20
"ENSRNOG00000064687",0
"ENSRNOG00000048436",0
"ENSRNOG00000013641",128
"ENSRNOG00000020347",4860
"ENSRNOG00000065259",10
"ENSRNOG00000035588",0
"ENSRNOG00000053464",0
"ENSRNOG00000016837",3
"ENSRNOG00000069139",0
"ENSRNOG00000068222",0
"ENSRNOG00000025953",0
"ENSRNOG00000066571",0
"ENSRNOG00000068350",1
"ENSRNOG00000061525",0
"ENSRNOG00000046704",0
"ENSRNOG00000034083",0
"ENSRNOG00000057516",0
"ENSRNOG00000053512",0
"ENSRNOG00000016608",426
"ENSRNOG00000027112",0
"ENSRNOG00000069192",0
"ENSRNOG00000012730",1442
"ENSRNOG00000068539",1
"ENSRNOG00000052937",0
"ENSRNOG00000018117",785
"ENSRNOG00000049017",0
"ENSRNOG00000051561",0
"ENSRNOG00000067136",0
"ENSRNOG00000063952",0
"ENSRNOG00000068720",0
"ENSRNOG00000016362",3
"ENSRNOG00000056231",0
"ENSRNOG00000063054",0
"ENSRNOG00000013671",0
"ENSRNOG00000017307",1427
"ENSRNOG00000065133",0
"ENSRNOG00000066105",0
"ENSRNOG00000064098",0
"ENSRNOG00000035580",0
"ENSRNOG00000056252",0
"ENSRNOG00000067915",0
"ENSRNOG00000015649",0
"ENSRNOG00000054785",0
"ENSRNOG00000020942",136
"ENSRNOG00000069629",0
"ENSRNOG00000065481",0
"ENSRNOG00000032600",0
"ENSRNOG00000067951",0
"ENSRNOG00000067817",1
"ENSRNOG00000017749",0
"ENSRNOG00000061288",0
"ENSRNOG00000017079",397
"ENSRNOG00000017795",321
"ENSRNOG00000061338",0
"ENSRNOG00000065787",0
"ENSRNOG00000068787",0
"ENSRNOG00000015657",0
"ENSRNOG00000064243",0
"ENSRNOG00000052607",6
"ENSRNOG00000052788",1
"ENSRNOG00000063641",0
"ENSRNOG00000046320",0
"ENSRNOG00000042133",0
"ENSRNOG00000031648",0
"ENSRNOG00000064592",0
"ENSRNOG00000069350",0
"ENSRNOG00000054005",0
"ENSRNOG00000069982",1
"ENSRNOG00000052319",32
"ENSRNOG00000035639",0
"ENSRNOG00000027542",7
"ENSRNOG00000067371",0
"ENSRNOG00000065457",3
"ENSRNOG00000009748",0
"ENSRNOG00000037333",0
"ENSRNOG00000063106",0
"ENSRNOG00000061755",0
"ENSRNOG00000064493",0
"ENSRNOG00000021478",95
"ENSRNOG00000017330",20
"ENSRNOG00000062409",0
"ENSRNOG00000065302",0
"ENSRNOG00000018090",1452
"ENSRNOG00000069157",27
"ENSRNOG00000068228",0
"ENSRNOG00000069767",0
"ENSRNOG00000070519",107
"ENSRNOG00000067269",0
"ENSRNOG00000057952",19
"ENSRNOG00000059329",0
"ENSRNOG00000015230",454
"ENSRNOG00000017069",467
"ENSRNOG00000021013",1073
"ENSRNOG00000066830",0
"ENSRNOG00000033009",0
"ENSRNOG00000065333",0
"ENSRNOG00000067419",0
"ENSRNOG00000061678",0
"ENSRNOG00000059948",0
"ENSRNOG00000018677",2950
"ENSRNOG00000057111",0
"ENSRNOG00000069344",0
"ENSRNOG00000070554",134
"ENSRNOG00000054517",1
"ENSRNOG00000063145",0
"ENSRNOG00000069038",0
"ENSRNOG00000056439",0
"ENSRNOG00000069280",0
"ENSRNOG00000066733",0
"ENSRNOG00000064096",0
"ENSRNOG00000019207",45
"ENSRNOG00000018394",35
"ENSRNOG00000015760",0
"ENSRNOG00000070234",55
"ENSRNOG00000053284",0
"ENSRNOG00000068834",0
"ENSRNOG00000030326",0
"ENSRNOG00000063681",0
"ENSRNOG00000065437",0
"ENSRNOG00000063629",169
"ENSRNOG00000049574",0
"ENSRNOG00000016714",43
"ENSRNOG00000052956",0
"ENSRNOG00000070270",1
"ENSRNOG00000068102",0
"ENSRNOG00000035648",0
"ENSRNOG00000067645",18
"ENSRNOG00000062789",0
"ENSRNOG00000015764",0
"ENSRNOG00000067256",0
"ENSRNOG00000015734",1109
"ENSRNOG00000067158",0
"ENSRNOG00000056404",0
"ENSRNOG00000063252",0
"ENSRNOG00000066619",0
"ENSRNOG00000052832",0
"ENSRNOG00000056469",0
"ENSRNOG00000068800",717
"ENSRNOG00000066170",0
"ENSRNOG00000066949",0
"ENSRNOG00000062681",48
"ENSRNOG00000067889",0
"ENSRNOG00000066931",0
"ENSRNOG00000066273",0
"ENSRNOG00000066991",0
"ENSRNOG00000069276",624
"ENSRNOG00000059393",0
"ENSRNOG00000015769",0
"ENSRNOG00000013711",0
"ENSRNOG00000062961",0
"ENSRNOG00000069666",0
"ENSRNOG00000056619",0
"ENSRNOG00000054452",7
"ENSRNOG00000051537",0
"ENSRNOG00000064145",118
"ENSRNOG00000057094",0
"ENSRNOG00000068142",0
"ENSRNOG00000055112",0
"ENSRNOG00000062973",0
"ENSRNOG00000062771",0
"ENSRNOG00000027808",0
"ENSRNOG00000033200",0
"ENSRNOG00000060056",0
"ENSRNOG00000055997",0
"ENSRNOG00000070611",0
"ENSRNOG00000069419",0
"ENSRNOG00000063442",0
"ENSRNOG00000069337",0
"ENSRNOG00000049772",552
"ENSRNOG00000053859",647
"ENSRNOG00000066647",1516
"ENSRNOG00000054388",0
"ENSRNOG00000066887",6
"ENSRNOG00000053929",1
"ENSRNOG00000030275",0
"ENSRNOG00000018915",0
"ENSRNOG00000051409",0
"ENSRNOG00000020358",3244
"ENSRNOG00000068758",0
"ENSRNOG00000063955",0
"ENSRNOG00000066355",2
"ENSRNOG00000066028",2
"ENSRNOG00000064903",0
"ENSRNOG00000065819",0
"ENSRNOG00000054102",0
"ENSRNOG00000058869",0
"ENSRNOG00000064667",2
"ENSRNOG00000053502",5231
"ENSRNOG00000065888",0
"ENSRNOG00000021442",564
"ENSRNOG00000064160",1
"ENSRNOG00000015785",0
"ENSRNOG00000068866",0
"ENSRNOG00000066023",220
"ENSRNOG00000014278",539
"ENSRNOG00000049605",32
"ENSRNOG00000024016",0
"ENSRNOG00000055316",0
"ENSRNOG00000063802",0
"ENSRNOG00000057140",0
"ENSRNOG00000022921",0
"ENSRNOG00000054856",0
"ENSRNOG00000037360",32
"ENSRNOG00000015902",10
"ENSRNOG00000065017",0
"ENSRNOG00000020624",2149
"ENSRNOG00000060363",0
"ENSRNOG00000065994",0
"ENSRNOG00000058025",0
"ENSRNOG00000013981",115
"ENSRNOG00000065346",0
"ENSRNOG00000021290",0
"ENSRNOG00000062884",0
"ENSRNOG00000019942",2
"ENSRNOG00000021912",0
"ENSRNOG00000059083",0
"ENSRNOG00000059239",0
"ENSRNOG00000030818",132
"ENSRNOG00000065632",0
"ENSRNOG00000070760",2
"ENSRNOG00000062307",0
"ENSRNOG00000071202",0
"ENSRNOG00000068808",0
"ENSRNOG00000056693",0
"ENSRNOG00000055223",0
"ENSRNOG00000064515",303
"ENSRNOG00000017930",691
"ENSRNOG00000043280",0
"ENSRNOG00000065092",1
"ENSRNOG00000060826",0
"ENSRNOG00000066535",0
"ENSRNOG00000068810",0
"ENSRNOG00000070274",0
"ENSRNOG00000063371",659
"ENSRNOG00000060965",0
"ENSRNOG00000052241",0
"ENSRNOG00000068809",447
"ENSRNOG00000058946",0
"ENSRNOG00000019869",50
"ENSRNOG00000062374",25
"ENSRNOG00000068664",0
"ENSRNOG00000063801",1
"ENSRNOG00000067318",91
"ENSRNOG00000013208",0
"ENSRNOG00000059321",3
"ENSRNOG00000052179",0
"ENSRNOG00000050189",0
"ENSRNOG00000067212",3
"ENSRNOG00000055161",1
"ENSRNOG00000065356",4
"ENSRNOG00000023411",401
"ENSRNOG00000046005",53269
"ENSRNOG00000054718",0
"ENSRNOG00000018686",4825
"ENSRNOG00000063261",169
"ENSRNOG00000068139",0
"ENSRNOG00000066980",0
"ENSRNOG00000070788",4
"ENSRNOG00000066529",0
"ENSRNOG00000058906",10
"ENSRNOG00000066097",0
"ENSRNOG00000069563",51
"ENSRNOG00000062703",12
"ENSRNOG00000070309",27
"ENSRNOG00000048810",0
"ENSRNOG00000053089",14
"ENSRNOG00000057890",0
"ENSRNOG00000052503",0
"ENSRNOG00000017408",429
"ENSRNOG00000037393",0
"ENSRNOG00000021794",347
"ENSRNOG00000069938",10
"ENSRNOG00000070568",2
"ENSRNOG00000013949",4494
"ENSRNOG00000064463",5
"ENSRNOG00000067383",0
"ENSRNOG00000052712",0
"ENSRNOG00000065858",24
"ENSRNOG00000016103",304
"ENSRNOG00000034012",0
"ENSRNOG00000070335",0
"ENSRNOG00000065589",0
"ENSRNOG00000068668",0
"ENSRNOG00000033164",0
"ENSRNOG00000036811",0
"ENSRNOG00000055001",5
"ENSRNOG00000067782",0
"ENSRNOG00000020643",1540
"ENSRNOG00000018217",10
"ENSRNOG00000064778",0
"ENSRNOG00000058615",6
"ENSRNOG00000065642",0
"ENSRNOG00000070200",0
"ENSRNOG00000057923",0
"ENSRNOG00000058790",1017
"ENSRNOG00000069125",0
"ENSRNOG00000063149",1
"ENSRNOG00000064646",0
"ENSRNOG00000020371",304
"ENSRNOG00000064021",0
"ENSRNOG00000061803",0
"ENSRNOG00000064115",0
"ENSRNOG00000014996",335
"ENSRNOG00000067296",504
"ENSRNOG00000064765",4
"ENSRNOG00000018742",0
"ENSRNOG00000067148",0
"ENSRNOG00000058967",0
"ENSRNOG00000017914",6109
"ENSRNOG00000071136",0
"ENSRNOG00000061806",0
"ENSRNOG00000014705",242
"ENSRNOG00000016993",0
"ENSRNOG00000055479",0
"ENSRNOG00000029732",4
"ENSRNOG00000063130",0
"ENSRNOG00000057436",0
"ENSRNOG00000070027",741
"ENSRNOG00000016812",0
"ENSRNOG00000009932",1
"ENSRNOG00000035046",0
"ENSRNOG00000071197",0
"ENSRNOG00000022353",0
"ENSRNOG00000026440",0
"ENSRNOG00000067997",1
"ENSRNOG00000067291",0
"ENSRNOG00000036807",0
"ENSRNOG00000020865",3536
"ENSRNOG00000065706",1
"ENSRNOG00000058965",0
"ENSRNOG00000069287",0
"ENSRNOG00000020714",587
"ENSRNOG00000015825",556
"ENSRNOG00000062901",1
"ENSRNOG00000070787",0
"ENSRNOG00000058927",0
"ENSRNOG00000031086",1
"ENSRNOG00000057950",0
"ENSRNOG00000067561",1
"ENSRNOG00000017016",0
"ENSRNOG00000070889",0
"ENSRNOG00000064500",16
"ENSRNOG00000070820",0
"ENSRNOG00000014840",55
"ENSRNOG00000064970",33
"ENSRNOG00000058110",0
"ENSRNOG00000057480",0
"ENSRNOG00000059637",0
"ENSRNOG00000025060",10
"ENSRNOG00000063721",0
"ENSRNOG00000030127",251
"ENSRNOG00000069682",0
"ENSRNOG00000066099",225
"ENSRNOG00000027098",2
"ENSRNOG00000017138",0
"ENSRNOG00000058367",0
"ENSRNOG00000067414",0
"ENSRNOG00000017311",23
"ENSRNOG00000020131",0
"ENSRNOG00000066800",0
"ENSRNOG00000019270",165
"ENSRNOG00000066986",332
"ENSRNOG00000018762",147
"ENSRNOG00000057414",0
"ENSRNOG00000069528",18
"ENSRNOG00000067989",0
"ENSRNOG00000015956",248
"ENSRNOG00000018019",33
"ENSRNOG00000046036",516
"ENSRNOG00000051903",0
"ENSRNOG00000018541",0
"ENSRNOG00000070487",0
"ENSRNOG00000065449",5
"ENSRNOG00000015268",0
"ENSRNOG00000069855",0
"ENSRNOG00000065828",0
"ENSRNOG00000063461",4
"ENSRNOG00000064593",0
"ENSRNOG00000069644",1
"ENSRNOG00000064985",1
"ENSRNOG00000016372",1293
"ENSRNOG00000067872",0
"ENSRNOG00000057858",52
"ENSRNOG00000063677",0
"ENSRNOG00000064099",1
"ENSRNOG00000060031",1
"ENSRNOG00000017143",0
"ENSRNOG00000058913",0
"ENSRNOG00000055560",7
"ENSRNOG00000058451",3
"ENSRNOG00000065835",24
"ENSRNOG00000063775",0
"ENSRNOG00000049759",0
"ENSRNOG00000070824",0
"ENSRNOG00000064277",0
"ENSRNOG00000068327",818
"ENSRNOG00000019812",1669
"ENSRNOG00000013448",0
"ENSRNOG00000070842",35
"ENSRNOG00000050486",0
"ENSRNOG00000060311",1
"ENSRNOG00000064747",0
"ENSRNOG00000025940",5135
"ENSRNOG00000057115",0
"ENSRNOG00000059590",0
"ENSRNOG00000070257",32
"ENSRNOG00000053764",2
"ENSRNOG00000062436",0
"ENSRNOG00000062663",0
"ENSRNOG00000020393",2472
"ENSRNOG00000067076",51
"ENSRNOG00000060156",1
"ENSRNOG00000052300",3
"ENSRNOG00000063644",0
"ENSRNOG00000064992",0
"ENSRNOG00000066765",0
"ENSRNOG00000014969",1103
"ENSRNOG00000054315",2
"ENSRNOG00000053158",0
"ENSRNOG00000010840",1776
"ENSRNOG00000070884",1
"ENSRNOG00000068967",0
"ENSRNOG00000065947",0
"ENSRNOG00000042927",1
"ENSRNOG00000067278",992
"ENSRNOG00000010308",3357
"ENSRNOG00000066280",0
"ENSRNOG00000064771",0
"ENSRNOG00000017277",151
"ENSRNOG00000046395",6
"ENSRNOG00000069063",0
"ENSRNOG00000061138",3
"ENSRNOG00000013426",289
"ENSRNOG00000017851",95
"ENSRNOG00000042465",1
"ENSRNOG00000062533",0
"ENSRNOG00000066205",4
"ENSRNOG00000068788",4
"ENSRNOG00000056942",7
"ENSRNOG00000065112",352
"ENSRNOG00000059323",3
"ENSRNOG00000068353",4
"ENSRNOG00000062431",0
"ENSRNOG00000065285",6
"ENSRNOG00000015058",1
"ENSRNOG00000061556",0
"ENSRNOG00000011439",542
"ENSRNOG00000017635",4451
"ENSRNOG00000056397",6
"ENSRNOG00000055386",0
"ENSRNOG00000038625",3
"ENSRNOG00000068081",388
"ENSRNOG00000065098",531
"ENSRNOG00000029394",104
"ENSRNOG00000065322",0
"ENSRNOG00000060079",0
"ENSRNOG00000017884",263
"ENSRNOG00000060321",0
"ENSRNOG00000067323",0
"ENSRNOG00000068609",0
"ENSRNOG00000069170",13
"ENSRNOG00000066570",0
"ENSRNOG00000064417",156
"ENSRNOG00000021082",9036
"ENSRNOG00000058132",0
"ENSRNOG00000053593",0
"ENSRNOG00000068507",0
"ENSRNOG00000063065",0
"ENSRNOG00000066269",146
"ENSRNOG00000020197",2007
"ENSRNOG00000069291",0
"ENSRNOG00000016687",4884
"ENSRNOG00000059273",0
"ENSRNOG00000059984",80
"ENSRNOG00000067834",0
"ENSRNOG00000053279",1
"ENSRNOG00000055124",8
"ENSRNOG00000022729",0
"ENSRNOG00000020363",2566
"ENSRNOG00000066299",1
"ENSRNOG00000056238",1
"ENSRNOG00000020871",3465
"ENSRNOG00000066283",0
"ENSRNOG00000033843",6122
"ENSRNOG00000029978",0
"ENSRNOG00000021151",489
"ENSRNOG00000053533",2
"ENSRNOG00000064808",1
"ENSRNOG00000017054",37
"ENSRNOG00000047429",0
"ENSRNOG00000018310",8
"ENSRNOG00000030404",39
"ENSRNOG00000052756",0
"ENSRNOG00000054533",6
"ENSRNOG00000069636",31
"ENSRNOG00000070724",3
"ENSRNOG00000021093",13
"ENSRNOG00000067564",748
"ENSRNOG00000069368",2
"ENSRNOG00000014004",604
"ENSRNOG00000047816",309
"ENSRNOG00000018433",324
"ENSRNOG00000032984",0
"ENSRNOG00000059173",0
"ENSRNOG00000063050",9
"ENSRNOG00000064276",0
"ENSRNOG00000055133",0
"ENSRNOG00000058564",0
"ENSRNOG00000055351",0
"ENSRNOG00000069212",0
"ENSRNOG00000063757",1
"ENSRNOG00000020925",971
"ENSRNOG00000068292",4
"ENSRNOG00000014327",2
"ENSRNOG00000046339",0
"ENSRNOG00000025163",0
"ENSRNOG00000063321",0
"ENSRNOG00000066499",4
"ENSRNOG00000060653",0
"ENSRNOG00000064594",1
"ENSRNOG00000063410",0
"ENSRNOG00000070917",137
"ENSRNOG00000055259",103
"ENSRNOG00000071167",1
"ENSRNOG00000055350",0
"ENSRNOG00000056883",0
"ENSRNOG00000062807",0
"ENSRNOG00000064168",0
"ENSRNOG00000043313",0
"ENSRNOG00000054059",0
"ENSRNOG00000069104",0
"ENSRNOG00000059438",0
"ENSRNOG00000051968",0
"ENSRNOG00000067201",0
"ENSRNOG00000062620",0
"ENSRNOG00000063405",0
"ENSRNOG00000012140",446
"ENSRNOG00000067084",0
"ENSRNOG00000014828",2523
"ENSRNOG00000065933",1
"ENSRNOG00000069668",0
"ENSRNOG00000020497",1102
"ENSRNOG00000070030",32
"ENSRNOG00000063751",0
"ENSRNOG00000028982",0
"ENSRNOG00000024630",1
"ENSRNOG00000025154",1286
"ENSRNOG00000014448",718
"ENSRNOG00000061255",0
"ENSRNOG00000058387",0
"ENSRNOG00000064171",0
"ENSRNOG00000071133",0
"ENSRNOG00000067993",0
"ENSRNOG00000057415",0
"ENSRNOG00000014266",0
"ENSRNOG00000055387",3
"ENSRNOG00000059739",0
"ENSRNOG00000066060",0
"ENSRNOG00000070360",0
"ENSRNOG00000067359",0
"ENSRNOG00000015753",1512
"ENSRNOG00000067461",15585
"ENSRNOG00000067992",0
"ENSRNOG00000052577",0
"ENSRNOG00000043392",0
"ENSRNOG00000053785",3
"ENSRNOG00000028781",0
"ENSRNOG00000053931",0
"ENSRNOG00000064547",0
"ENSRNOG00000070838",7
"ENSRNOG00000037156",0
"ENSRNOG00000046966",0
"ENSRNOG00000066001",0
"ENSRNOG00000056494",3
"ENSRNOG00000068067",0
"ENSRNOG00000054921",0
"ENSRNOG00000064885",64
"ENSRNOG00000054561",609
"ENSRNOG00000040387",0
"ENSRNOG00000052568",0
"ENSRNOG00000070839",4
"ENSRNOG00000065383",15
"ENSRNOG00000017351",0
"ENSRNOG00000070319",1
"ENSRNOG00000065720",0
"ENSRNOG00000011306",0
"ENSRNOG00000063169",13
"ENSRNOG00000069489",47
"ENSRNOG00000019491",839
"ENSRNOG00000051974",0
"ENSRNOG00000067353",0
"ENSRNOG00000019626",2
"ENSRNOG00000064994",53
"ENSRNOG00000031381",1390
"ENSRNOG00000070650",0
"ENSRNOG00000021153",302
"ENSRNOG00000063499",1
"ENSRNOG00000068216",0
"ENSRNOG00000036246",0
"ENSRNOG00000055625",0
"ENSRNOG00000023081",0
"ENSRNOG00000065572",0
"ENSRNOG00000053871",0
"ENSRNOG00000037137",24
"ENSRNOG00000014380",272
"ENSRNOG00000031224",0
"ENSRNOG00000035472",1
"ENSRNOG00000061593",0
"ENSRNOG00000056864",0
"ENSRNOG00000065938",0
"ENSRNOG00000017150",359
"ENSRNOG00000069774",0
"ENSRNOG00000057453",0
"ENSRNOG00000070032",1
"ENSRNOG00000015168",0
"ENSRNOG00000063014",61
"ENSRNOG00000022308",0
"ENSRNOG00000069196",0
"ENSRNOG00000020517",26
"ENSRNOG00000062805",0
"ENSRNOG00000057697",6
"ENSRNOG00000040448",4
"ENSRNOG00000060169",0
"ENSRNOG00000015717",171
"ENSRNOG00000015914",1929
"ENSRNOG00000068371",3
"ENSRNOG00000019141",4
"ENSRNOG00000035477",0
"ENSRNOG00000070492",0
"ENSRNOG00000067799",157
"ENSRNOG00000065673",0
"ENSRNOG00000049297",0
"ENSRNOG00000062842",0
"ENSRNOG00000016964",0
"ENSRNOG00000062738",0
"ENSRNOG00000040350",0
"ENSRNOG00000019582",686
"ENSRNOG00000055924",0
"ENSRNOG00000060840",0
"ENSRNOG00000019440",5
"ENSRNOG00000053539",0
"ENSRNOG00000064213",0
"ENSRNOG00000065361",8
"ENSRNOG00000060727",0
"ENSRNOG00000051483",0
"ENSRNOG00000036711",4
"ENSRNOG00000013149",393
"ENSRNOG00000036588",25
"ENSRNOG00000016979",0
"ENSRNOG00000019660",1
"ENSRNOG00000069238",1
"ENSRNOG00000057399",0
"ENSRNOG00000059980",0
"ENSRNOG00000067431",15
"ENSRNOG00000018048",971
"ENSRNOG00000062528",0
"ENSRNOG00000066334",1
"ENSRNOG00000010224",540
"ENSRNOG00000035506",0
"ENSRNOG00000067877",0
"ENSRNOG00000061439",0
"ENSRNOG00000051496",0
"ENSRNOG00000048582",0
"ENSRNOG00000066659",10
"ENSRNOG00000063596",33
"ENSRNOG00000068107",0
"ENSRNOG00000064996",0
"ENSRNOG00000064379",0
"ENSRNOG00000029043",681
"ENSRNOG00000017095",342
"ENSRNOG00000063176",3
"ENSRNOG00000067938",8
"ENSRNOG00000068714",0
"ENSRNOG00000067440",0
"ENSRNOG00000065650",0
"ENSRNOG00000061383",0
"ENSRNOG00000069476",0
"ENSRNOG00000018421",224
"ENSRNOG00000063080",0
"ENSRNOG00000019681",133
"ENSRNOG00000068965",0
"ENSRNOG00000035601",0
"ENSRNOG00000054609",5
"ENSRNOG00000064548",15
"ENSRNOG00000065353",0
"ENSRNOG00000070419",3
"ENSRNOG00000020202",381
"ENSRNOG00000017613",1064
"ENSRNOG00000054831",0
"ENSRNOG00000064633",0
"ENSRNOG00000055519",71
"ENSRNOG00000065513",0
"ENSRNOG00000067923",0
"ENSRNOG00000066038",0
"ENSRNOG00000070260",0
"ENSRNOG00000011234",120
"ENSRNOG00000042706",0
"ENSRNOG00000059930",0
"ENSRNOG00000015997",167
"ENSRNOG00000066146",0
"ENSRNOG00000064983",80
"ENSRNOG00000015773",0
"ENSRNOG00000055020",81
"ENSRNOG00000062071",75
"ENSRNOG00000069729",10
"ENSRNOG00000068544",0
"ENSRNOG00000066969",172
"ENSRNOG00000069401",0
"ENSRNOG00000032990",0
"ENSRNOG00000063602",5
"ENSRNOG00000014251",1591
"ENSRNOG00000046649",0
"ENSRNOG00000066794",1092
"ENSRNOG00000017214",0
"ENSRNOG00000067780",0
"ENSRNOG00000025539",3215
"ENSRNOG00000066862",566
"ENSRNOG00000012716",637
"ENSRNOG00000066116",0
"ENSRNOG00000063182",64
"ENSRNOG00000050922",45
"ENSRNOG00000047479",0
"ENSRNOG00000069497",129
"ENSRNOG00000016011",2
"ENSRNOG00000020014",157
"ENSRNOG00000070094",0
"ENSRNOG00000055082",2409
"ENSRNOG00000068838",10
"ENSRNOG00000019129",18
"ENSRNOG00000017960",446
"ENSRNOG00000056062",36
"ENSRNOG00000070653",0
"ENSRNOG00000064289",1
"ENSRNOG00000046683",0
"ENSRNOG00000052256",1469
"ENSRNOG00000062365",3
"ENSRNOG00000066972",0
"ENSRNOG00000065700",0
"ENSRNOG00000049190",0
"ENSRNOG00000065336",29
"ENSRNOG00000057889",0
"ENSRNOG00000019206",1
"ENSRNOG00000011931",2797
"ENSRNOG00000065087",0
"ENSRNOG00000071194",85
"ENSRNOG00000037556",318
"ENSRNOG00000069523",0
"ENSRNOG00000063248",0
"ENSRNOG00000069498",0
"ENSRNOG00000064406",0
"ENSRNOG00000068492",9
"ENSRNOG00000052236",96
"ENSRNOG00000064058",0
"ENSRNOG00000068138",8
"ENSRNOG00000062480",0
"ENSRNOG00000048219",0
"ENSRNOG00000063331",0
"ENSRNOG00000012301",7
"ENSRNOG00000070848",183
"ENSRNOG00000059992",0
"ENSRNOG00000042899",1
"ENSRNOG00000067858",1
"ENSRNOG00000013160",2288
"ENSRNOG00000024077",121
"ENSRNOG00000069496",0
"ENSRNOG00000020456",2266
"ENSRNOG00000019802",233
"ENSRNOG00000065781",85
"ENSRNOG00000061992",4
"ENSRNOG00000063059",0
"ENSRNOG00000062668",14
"ENSRNOG00000012806",1806
"ENSRNOG00000070914",136
"ENSRNOG00000019497",4590
"ENSRNOG00000036784",2
"ENSRNOG00000045545",18
"ENSRNOG00000064214",191
"ENSRNOG00000037331",1
"ENSRNOG00000054403",0
"ENSRNOG00000063616",65
"ENSRNOG00000062784",48
"ENSRNOG00000020774",508
"ENSRNOG00000064412",90
"ENSRNOG00000037897",354
"ENSRNOG00000067637",9
"ENSRNOG00000062989",1
"ENSRNOG00000015557",0
"ENSRNOG00000070647",0
"ENSRNOG00000042528",0
"ENSRNOG00000065143",0
"ENSRNOG00000016831",19238
"ENSRNOG00000024280",3
"ENSRNOG00000062309",0
"ENSRNOG00000066149",3
"ENSRNOG00000038101",0
"ENSRNOG00000070762",0
"ENSRNOG00000063199",0
"ENSRNOG00000055683",655
"ENSRNOG00000056228",2033
"ENSRNOG00000068057",0
"ENSRNOG00000070110",0
"ENSRNOG00000067051",0
"ENSRNOG00000028743",0
"ENSRNOG00000067556",14
"ENSRNOG00000062923",0
"ENSRNOG00000065617",0
"ENSRNOG00000066584",1
"ENSRNOG00000071129",14
"ENSRNOG00000013925",421
"ENSRNOG00000028273",14
"ENSRNOG00000055310",0
"ENSRNOG00000070853",3
"ENSRNOG00000065047",0
"ENSRNOG00000023233",290
"ENSRNOG00000034075",1
"ENSRNOG00000055312",1
"ENSRNOG00000070548",0
"ENSRNOG00000014341",584
"ENSRNOG00000069950",1
"ENSRNOG00000020543",772
"ENSRNOG00000020298",6353
"ENSRNOG00000018255",5610
"ENSRNOG00000070075",0
"ENSRNOG00000066399",3757
"ENSRNOG00000060725",0
"ENSRNOG00000021000",18
"ENSRNOG00000062617",2
"ENSRNOG00000062327",470
"ENSRNOG00000015876",0
"ENSRNOG00000016286",1
"ENSRNOG00000070318",29
"ENSRNOG00000070963",38
"ENSRNOG00000034061",0
"ENSRNOG00000033729",406
"ENSRNOG00000052677",0
"ENSRNOG00000017386",0
"ENSRNOG00000063011",0
"ENSRNOG00000070623",1
"ENSRNOG00000067477",18
"ENSRNOG00000020716",7404
"ENSRNOG00000066188",0
"ENSRNOG00000065495",0
"ENSRNOG00000018402",1
"ENSRNOG00000011488",137
"ENSRNOG00000068145",42
"ENSRNOG00000067525",32
"ENSRNOG00000066657",0
"ENSRNOG00000015441",802
"ENSRNOG00000071003",56
"ENSRNOG00000067263",0
"ENSRNOG00000047057",0
"ENSRNOG00000049826",0
"ENSRNOG00000020412",4489
"ENSRNOG00000065957",209
"ENSRNOG00000016923",4175
"ENSRNOG00000066567",352
"ENSRNOG00000018405",0
"ENSRNOG00000010938",0
"ENSRNOG00000065260",121
"ENSRNOG00000068883",0
"ENSRNOG00000063165",0
"ENSRNOG00000065394",0
"ENSRNOG00000014318",0
"ENSRNOG00000011029",3162
"ENSRNOG00000069309",0
"ENSRNOG00000017331",0
"ENSRNOG00000015239",1516
"ENSRNOG00000069539",348
"ENSRNOG00000016857",0
"ENSRNOG00000018426",0
"ENSRNOG00000020110",1902
"ENSRNOG00000012084",5933
"ENSRNOG00000033813",0
"ENSRNOG00000068378",0
"ENSRNOG00000046652",348
"ENSRNOG00000013770",0
"ENSRNOG00000024961",92
"ENSRNOG00000017341",0
"ENSRNOG00000011672",1
"ENSRNOG00000017673",131
"ENSRNOG00000032150",1
"ENSRNOG00000066542",3
"ENSRNOG00000064968",0
"ENSRNOG00000018356",364
"ENSRNOG00000017344",0
"ENSRNOG00000018287",1
"ENSRNOG00000023753",337
"ENSRNOG00000068886",0
"ENSRNOG00000030932",126
"ENSRNOG00000018761",8163
"ENSRNOG00000066496",0
"ENSRNOG00000066261",0
"ENSRNOG00000062876",27
"ENSRNOG00000069274",68
"ENSRNOG00000070624",13
"ENSRNOG00000030160",35
"ENSRNOG00000069633",1123
"ENSRNOG00000032946",12
"ENSRNOG00000055877",1
"ENSRNOG00000025088",2
"ENSRNOG00000020743",63
"ENSRNOG00000020281",1
"ENSRNOG00000066177",0
"ENSRNOG00000012362",0
"ENSRNOG00000014303",1035
"ENSRNOG00000018454",45
"ENSRNOG00000052023",0
"ENSRNOG00000020531",132
"ENSRNOG00000019544",386
"ENSRNOG00000020477",215
"ENSRNOG00000033414",0
"ENSRNOG00000023549",1025
"ENSRNOG00000063696",4
"ENSRNOG00000070385",33
"ENSRNOG00000021096",396
"ENSRNOG00000021149",0
"ENSRNOG00000064236",0
"ENSRNOG00000022796",58
"ENSRNOG00000029784",902
"ENSRNOG00000018885",771
"ENSRNOG00000065743",0
"ENSRNOG00000068428",0
"ENSRNOG00000063852",166
"ENSRNOG00000048138",69
"ENSRNOG00000063320",0
"ENSRNOG00000017982",0
"ENSRNOG00000019306",13
"ENSRNOG00000018440",549
"ENSRNOG00000029082",967
"ENSRNOG00000021104",15732
"ENSRNOG00000011451",30
"ENSRNOG00000046080",0
"ENSRNOG00000017254",1178
"ENSRNOG00000020117",590
"ENSRNOG00000050995",163
"ENSRNOG00000054854",447
"ENSRNOG00000015503",4
"ENSRNOG00000021003",399
"ENSRNOG00000020274",125
"ENSRNOG00000069173",7
"ENSRNOG00000068815",0
"ENSRNOG00000067287",0
"ENSRNOG00000065528",109
"ENSRNOG00000020899",0
"ENSRNOG00000015919",0
"ENSRNOG00000022701",12
"ENSRNOG00000058039",32174
"ENSRNOG00000018556",428
"ENSRNOG00000065206",17
"ENSRNOG00000042741",2
"ENSRNOG00000028137",3579
"ENSRNOG00000051102",452
"ENSRNOG00000019770",183
"ENSRNOG00000010983",0
"ENSRNOG00000020296",320
"ENSRNOG00000022640",5
"ENSRNOG00000029805",258
"ENSRNOG00000066726",0
"ENSRNOG00000017601",160
"ENSRNOG00000027811",0
"ENSRNOG00000016090",1960
"ENSRNOG00000045560",2
"ENSRNOG00000049596",2
"ENSRNOG00000020651",1638
"ENSRNOG00000065330",31
"ENSRNOG00000016679",6
"ENSRNOG00000049445",0
"ENSRNOG00000017379",0
"ENSRNOG00000071114",0
"ENSRNOG00000018350",0
"ENSRNOG00000028992",53526
"ENSRNOG00000068837",0
"ENSRNOG00000036653",0
"ENSRNOG00000019838",562
"ENSRNOG00000068048",961
"ENSRNOG00000019549",1148
"ENSRNOG00000011151",364
"ENSRNOG00000022189",260
"ENSRNOG00000064154",0
"ENSRNOG00000062996",1
"ENSRNOG00000015526",0
"ENSRNOG00000020762",2406
"ENSRNOG00000023318",4
"ENSRNOG00000066701",43
"ENSRNOG00000053075",22
"ENSRNOG00000012874",542
"ENSRNOG00000068069",0
"ENSRNOG00000056069",458
"ENSRNOG00000048424",292
"ENSRNOG00000024257",55
"ENSRNOG00000065214",8
"ENSRNOG00000064813",0
"ENSRNOG00000067015",0
"ENSRNOG00000011895",559
"ENSRNOG00000023659",0
"ENSRNOG00000070807",0
"ENSRNOG00000065154",0
"ENSRNOG00000009791",0
"ENSRNOG00000017659",0
"ENSRNOG00000020777",363
"ENSRNOG00000016266",400
"ENSRNOG00000017839",1057
"ENSRNOG00000018537",0
"ENSRNOG00000068551",0
"ENSRNOG00000017918",26
"ENSRNOG00000016381",178
"ENSRNOG00000020736",123
"ENSRNOG00000063010",0
"ENSRNOG00000069056",193
"ENSRNOG00000065375",0
"ENSRNOG00000023985",216
"ENSRNOG00000016041",3
"ENSRNOG00000019376",248
"ENSRNOG00000017456",0
"ENSRNOG00000008815",326
"ENSRNOG00000016722",4777
"ENSRNOG00000048397",296
"ENSRNOG00000017728",460
"ENSRNOG00000020783",22
"ENSRNOG00000067450",750
"ENSRNOG00000015552",358
"ENSRNOG00000025819",0
"ENSRNOG00000016919",2096
"ENSRNOG00000018955",0
"ENSRNOG00000064421",1
"ENSRNOG00000019106",2037
"ENSRNOG00000064814",0
"ENSRNOG00000010959",212
"ENSRNOG00000021474",0
"ENSRNOG00000032940",0
"ENSRNOG00000043512",0
"ENSRNOG00000028274",1599
"ENSRNOG00000024410",537
"ENSRNOG00000015527",0
"ENSRNOG00000010017",358
"ENSRNOG00000050015",9
"ENSRNOG00000047692",174
"ENSRNOG00000060431",2
"ENSRNOG00000065271",0
"ENSRNOG00000070291",0
"ENSRNOG00000068975",0
"ENSRNOG00000020304",1817
"ENSRNOG00000017418",7275
"ENSRNOG00000012369",1
"ENSRNOG00000036625",0
"ENSRNOG00000021946",0
"ENSRNOG00000038497",0
"ENSRNOG00000055424",6
"ENSRNOG00000024746",0
"ENSRNOG00000014450",1335
"ENSRNOG00000067065",2900
"ENSRNOG00000037298",14
"ENSRNOG00000025247",0
"ENSRNOG00000062496",0
"ENSRNOG00000023151",0
"ENSRNOG00000048663",0
"ENSRNOG00000016825",91
"ENSRNOG00000024737",2352
"ENSRNOG00000013624",182
"ENSRNOG00000022610",0
"ENSRNOG00000065850",0
"ENSRNOG00000070456",0
"ENSRNOG00000020325",1511
"ENSRNOG00000019854",0
"ENSRNOG00000015413",400
"ENSRNOG00000016897",2
"ENSRNOG00000037690",595
"ENSRNOG00000067174",0
"ENSRNOG00000014330",1245
"ENSRNOG00000069494",0
"ENSRNOG00000026419",0
"ENSRNOG00000013223",425
"ENSRNOG00000065958",0
"ENSRNOG00000046112",117
"ENSRNOG00000027264",267
"ENSRNOG00000032798",447
"ENSRNOG00000019319",2647
"ENSRNOG00000018603",150
"ENSRNOG00000032817",0
"ENSRNOG00000027422",467
"ENSRNOG00000020763",1262
"ENSRNOG00000064249",0
"ENSRNOG00000049505",366
"ENSRNOG00000059408",1274
"ENSRNOG00000048250",673
"ENSRNOG00000064870",0
"ENSRNOG00000028891",57
"ENSRNOG00000019959",4
"ENSRNOG00000020452",1863
"ENSRNOG00000050224",566
"ENSRNOG00000031562",0
"ENSRNOG00000013439",0
"ENSRNOG00000014916",3647
"ENSRNOG00000033196",2
"ENSRNOG00000020263",1
"ENSRNOG00000058277",2
"ENSRNOG00000051197",6134
"ENSRNOG00000071074",0
"ENSRNOG00000068712",0
"ENSRNOG00000020947",249
"ENSRNOG00000020597",188
"ENSRNOG00000068594",0
"ENSRNOG00000017826",668
"ENSRNOG00000013506",562
"ENSRNOG00000014277",466
"ENSRNOG00000012641",1858
"ENSRNOG00000040300",4
"ENSRNOG00000015675",0
"ENSRNOG00000050206",2
"ENSRNOG00000063249",0
"ENSRNOG00000012002",14294
"ENSRNOG00000012788",1898
"ENSRNOG00000070758",0
"ENSRNOG00000070086",0
"ENSRNOG00000017873",3
"ENSRNOG00000020532",144
"ENSRNOG00000019418",2
"ENSRNOG00000070971",38
"ENSRNOG00000031178",0
"ENSRNOG00000042308",64
"ENSRNOG00000012574",253
"ENSRNOG00000047040",11
"ENSRNOG00000001500",557
"ENSRNOG00000016737",0
"ENSRNOG00000019413",147
"ENSRNOG00000068445",1939
"ENSRNOG00000015844",1955
"ENSRNOG00000068953",145
"ENSRNOG00000047703",0
"ENSRNOG00000038276",0
"ENSRNOG00000063034",0
"ENSRNOG00000067884",0
"ENSRNOG00000017963",305
"ENSRNOG00000064966",2
"ENSRNOG00000019532",2520
"ENSRNOG00000015217",716
"ENSRNOG00000016267",357
"ENSRNOG00000021510",2
"ENSRNOG00000059330",0
"ENSRNOG00000020425",1206
"ENSRNOG00000064833",0
"ENSRNOG00000017383",862
"ENSRNOG00000019161",558
"ENSRNOG00000047526",635
"ENSRNOG00000069479",0
"ENSRNOG00000028041",1
"ENSRNOG00000016462",385
"ENSRNOG00000067828",4
"ENSRNOG00000010664",158
"ENSRNOG00000019424",0
"ENSRNOG00000016790",968
"ENSRNOG00000039730",920
"ENSRNOG00000014902",285
"ENSRNOG00000020949",0
"ENSRNOG00000066044",0
"ENSRNOG00000013358",22
"ENSRNOG00000049259",328
"ENSRNOG00000023091",74
"ENSRNOG00000015860",0
"ENSRNOG00000018517",359
"ENSRNOG00000001499",13
"ENSRNOG00000050554",60
"ENSRNOG00000021206",105
"ENSRNOG00000065183",0
"ENSRNOG00000050223",1546
"ENSRNOG00000011191",0
"ENSRNOG00000030281",0
"ENSRNOG00000069921",312
"ENSRNOG00000018514",0
"ENSRNOG00000016054",4750
"ENSRNOG00000020956",655
"ENSRNOG00000001501",647
"ENSRNOG00000018512",0
"ENSRNOG00000020417",930
"ENSRNOG00000063413",0
"ENSRNOG00000069434",99
"ENSRNOG00000013877",923
"ENSRNOG00000064721",1390
"ENSRNOG00000036648",1
"ENSRNOG00000018878",800
"ENSRNOG00000020410",6
"ENSRNOG00000014852",374
"ENSRNOG00000037715",508
"ENSRNOG00000065723",0
"ENSRNOG00000063597",0
"ENSRNOG00000064980",1
"ENSRNOG00000020793",656
"ENSRNOG00000047145",272
"ENSRNOG00000052304",0
"ENSRNOG00000065613",0
"ENSRNOG00000019442",320
"ENSRNOG00000015152",0
"ENSRNOG00000066612",1
"ENSRNOG00000016935",1842
"ENSRNOG00000018531",494
"ENSRNOG00000020426",838
"ENSRNOG00000016038",1632
"ENSRNOG00000016611",958
"ENSRNOG00000056118",3931
"ENSRNOG00000019127",182
"ENSRNOG00000046353",48
"ENSRNOG00000069874",0
"ENSRNOG00000023150",16660
"ENSRNOG00000047229",357
"ENSRNOG00000068940",0
"ENSRNOG00000062423",0
"ENSRNOG00000022313",0
"ENSRNOG00000015086",1
"ENSRNOG00000062741",12
"ENSRNOG00000069678",0
"ENSRNOG00000019280",7
"ENSRNOG00000020587",21251
"ENSRNOG00000065864",0
"ENSRNOG00000027240",1
"ENSRNOG00000020411",2612
"ENSRNOG00000065701",0
"ENSRNOG00000030331",0
"ENSRNOG00000062988",0
"ENSRNOG00000063917",0
"ENSRNOG00000063592",28
"ENSRNOG00000016973",327
"ENSRNOG00000018551",0
"ENSRNOG00000015293",9
"ENSRNOG00000049232",3025
"ENSRNOG00000063929",0
"ENSRNOG00000019318",10
"ENSRNOG00000018547",150
"ENSRNOG00000018580",0
"ENSRNOG00000042592",945
"ENSRNOG00000050831",0
"ENSRNOG00000064244",22
"ENSRNOG00000020481",179
"ENSRNOG00000043154",1
"ENSRNOG00000018606",0
"ENSRNOG00000018664",0
"ENSRNOG00000013823",1
"ENSRNOG00000019501",752
"ENSRNOG00000017897",19
"ENSRNOG00000016791",948
"ENSRNOG00000021058",207
"ENSRNOG00000012692",590
"ENSRNOG00000065121",0
"ENSRNOG00000013351",4090
"ENSRNOG00000017509",498
"ENSRNOG00000018515",328
"ENSRNOG00000031927",0
"ENSRNOG00000063282",0
"ENSRNOG00000017147",10
"ENSRNOG00000032004",1
"ENSRNOG00000022164",53
"ENSRNOG00000021063",127
"ENSRNOG00000013407",1
"ENSRNOG00000065806",0
"ENSRNOG00000039076",259
"ENSRNOG00000019489",665
"ENSRNOG00000014951",2
"ENSRNOG00000031739",19
"ENSRNOG00000020235",8604
"ENSRNOG00000021130",2
"ENSRNOG00000046669",0
"ENSRNOG00000018612",0
"ENSRNOG00000019999",66
"ENSRNOG00000014925",42
"ENSRNOG00000021017",354
"ENSRNOG00000010994",118
"ENSRNOG00000070690",0
"ENSRNOG00000054336",2
"ENSRNOG00000015407",0
"ENSRNOG00000018831",0
"ENSRNOG00000015830",0
"ENSRNOG00000012988",12
"ENSRNOG00000021027",1243
"ENSRNOG00000042686",513
"ENSRNOG00000009922",0
"ENSRNOG00000052287",0
"ENSRNOG00000014610",16540
"ENSRNOG00000020882",452
"ENSRNOG00000067926",1334
"ENSRNOG00000019627",9
"ENSRNOG00000016940",586
"ENSRNOG00000015488",1261
"ENSRNOG00000012034",0
"ENSRNOG00000015609",292
"ENSRNOG00000030776",252
"ENSRNOG00000020308",1464
"ENSRNOG00000021032",1035
"ENSRNOG00000042705",1
"ENSRNOG00000068628",0
"ENSRNOG00000017191",4522
"ENSRNOG00000016624",10
"ENSRNOG00000070392",1012
"ENSRNOG00000063151",0
"ENSRNOG00000018864",0
"ENSRNOG00000018369",281
"ENSRNOG00000025587",985
"ENSRNOG00000023053",1272
"ENSRNOG00000050257",80
"ENSRNOG00000071068",0
"ENSRNOG00000068373",0
"ENSRNOG00000069023",0
"ENSRNOG00000033498",1660
"ENSRNOG00000042852",0
"ENSRNOG00000070184",260
"ENSRNOG00000065015",189
"ENSRNOG00000019432",1
"ENSRNOG00000012460",113
"ENSRNOG00000031202",4
"ENSRNOG00000068605",3
"ENSRNOG00000063141",0
"ENSRNOG00000020057",1
"ENSRNOG00000026163",1264
"ENSRNOG00000061312",0
"ENSRNOG00000015982",1
"ENSRNOG00000068273",0
"ENSRNOG00000040242",75
"ENSRNOG00000021035",7831
"ENSRNOG00000020675",1863
"ENSRNOG00000043455",0
"ENSRNOG00000012036",373
"ENSRNOG00000021800",3
"ENSRNOG00000015551",748
"ENSRNOG00000069813",0
"ENSRNOG00000020683",4744
"ENSRNOG00000019283",115
"ENSRNOG00000055650",1
"ENSRNOG00000064555",0
"ENSRNOG00000064293",1605
"ENSRNOG00000070088",0
"ENSRNOG00000021039",6
"ENSRNOG00000014434",1098
"ENSRNOG00000014290",0
"ENSRNOG00000066778",0
"ENSRNOG00000020812",3739
"ENSRNOG00000020546",83
"ENSRNOG00000065013",0
"ENSRNOG00000012524",3222
"ENSRNOG00000042777",307
"ENSRNOG00000012103",8
"ENSRNOG00000019728",0
"ENSRNOG00000063232",1
"ENSRNOG00000071080",0
"ENSRNOG00000046874",2090
"ENSRNOG00000027405",532
"ENSRNOG00000068792",4
"ENSRNOG00000026109",489
"ENSRNOG00000020538",3
"ENSRNOG00000029766",0
"ENSRNOG00000021046",5
"ENSRNOG00000068685",0
"ENSRNOG00000015660",517
"ENSRNOG00000067569",0
"ENSRNOG00000068625",0
"ENSRNOG00000020098",0
"ENSRNOG00000017854",643
"ENSRNOG00000001488",5309
"ENSRNOG00000020713",1601
"ENSRNOG00000070095",46
"ENSRNOG00000067308",1
"ENSRNOG00000064385",3526
"ENSRNOG00000068117",0
"ENSRNOG00000046983",153
"ENSRNOG00000012611",93
"ENSRNOG00000018773",193
"ENSRNOG00000020109",0
"ENSRNOG00000031529",0
"ENSRNOG00000017508",328
"ENSRNOG00000010853",0
"ENSRNOG00000019555",865
"ENSRNOG00000020876",1185
"ENSRNOG00000012092",0
"ENSRNOG00000037814",12
"ENSRNOG00000055972",2
"ENSRNOG00000034184",22
"ENSRNOG00000020233",2675
"ENSRNOG00000018808",54
"ENSRNOG00000020883",262
"ENSRNOG00000056362",0
"ENSRNOG00000001489",536
"ENSRNOG00000024414",2137
"ENSRNOG00000015593",0
"ENSRNOG00000046971",1
"ENSRNOG00000033906",6
"ENSRNOG00000027784",1906
"ENSRNOG00000021048",7
"ENSRNOG00000013553",0
"ENSRNOG00000018690",402
"ENSRNOG00000011540",1892
"ENSRNOG00000020927",25
"ENSRNOG00000020063",462
"ENSRNOG00000023528",6
"ENSRNOG00000064702",0
"ENSRNOG00000017678",2043
"ENSRNOG00000011476",173
"ENSRNOG00000052220",0
"ENSRNOG00000049014",0
"ENSRNOG00000024460",391
"ENSRNOG00000020982",1372
"ENSRNOG00000001490",846
"ENSRNOG00000022129",0
"ENSRNOG00000011480",1007
"ENSRNOG00000020578",71
"ENSRNOG00000012872",381
"ENSRNOG00000010087",434
"ENSRNOG00000021493",14
"ENSRNOG00000020889",16104
"ENSRNOG00000064590",0
"ENSRNOG00000020695",622
"ENSRNOG00000047575",227
"ENSRNOG00000061450",36
"ENSRNOG00000020102",6353
"ENSRNOG00000068112",0
"ENSRNOG00000017429",8
"ENSRNOG00000010753",1557
"ENSRNOG00000020605",344
"ENSRNOG00000066632",0
"ENSRNOG00000012576",1285
"ENSRNOG00000015517",302
"ENSRNOG00000017030",2073
"ENSRNOG00000070869",0
"ENSRNOG00000067718",0
"ENSRNOG00000025644",156
"ENSRNOG00000013663",48
"ENSRNOG00000019599",0
"ENSRNOG00000020938",0
"ENSRNOG00000014166",264
"ENSRNOG00000047035",1218
"ENSRNOG00000015658",3333
"ENSRNOG00000063891",0
"ENSRNOG00000024580",1
"ENSRNOG00000020686",2
"ENSRNOG00000066760",0
"ENSRNOG00000066678",0
"ENSRNOG00000021078",0
"ENSRNOG00000014791",3663
"ENSRNOG00000019249",2
"ENSRNOG00000069065",18
"ENSRNOG00000011290",498
"ENSRNOG00000019485",3584
"ENSRNOG00000020990",0
"ENSRNOG00000015822",1131
"ENSRNOG00000047279",1
"ENSRNOG00000015456",153
"ENSRNOG00000015783",0
"ENSRNOG00000066654",0
"ENSRNOG00000020995",2
"ENSRNOG00000020310",713
"ENSRNOG00000020669",25
"ENSRNOG00000020699",2
"ENSRNOG00000069183",0
"ENSRNOG00000068514",0
"ENSRNOG00000021507",0
"ENSRNOG00000036981",0
"ENSRNOG00000002628",0
"ENSRNOG00000006962",3
"ENSRNOG00000018012",2816
"ENSRNOG00000069456",1501
"ENSRNOG00000015180",128
"ENSRNOG00000025220",37
"ENSRNOG00000013123",14
"ENSRNOG00000064904",0
"ENSRNOG00000018858",187
"ENSRNOG00000020164",40
"ENSRNOG00000025354",2
"ENSRNOG00000016769",0
"ENSRNOG00000031662",2
"ENSRNOG00000065448",0
"ENSRNOG00000026861",1
"ENSRNOG00000014465",0
"ENSRNOG00000029049",462
"ENSRNOG00000017220",687
"ENSRNOG00000031073",0
"ENSRNOG00000014181",0
"ENSRNOG00000016490",1
"ENSRNOG00000014779",1066
"ENSRNOG00000068871",0
"ENSRNOG00000018339",1
"ENSRNOG00000031459",363
"ENSRNOG00000017648",0
"ENSRNOG00000018336",16
"ENSRNOG00000021011",3
"ENSRNOG00000055761",1116
"ENSRNOG00000009891",775
"ENSRNOG00000011058",3743
"ENSRNOG00000018321",15
"ENSRNOG00000031113",931
"ENSRNOG00000067810",0
"ENSRNOG00000015972",2
"ENSRNOG00000047019",441
"ENSRNOG00000045732",0
"ENSRNOG00000011077",10118
"ENSRNOG00000052687",802
"ENSRNOG00000019453",58442
"ENSRNOG00000014227",0
"ENSRNOG00000015339",2661
"ENSRNOG00000051208",0
"ENSRNOG00000037219",0
"ENSRNOG00000016697",106
"ENSRNOG00000064479",0
"ENSRNOG00000017756",1
"ENSRNOG00000070772",0
"ENSRNOG00000038445",9
"ENSRNOG00000020779",2
"ENSRNOG00000048014",0
"ENSRNOG00000019600",0
"ENSRNOG00000020206",8850
"ENSRNOG00000021014",0
"ENSRNOG00000068083",0
"ENSRNOG00000027436",274
"ENSRNOG00000064179",3
"ENSRNOG00000017357",0
"ENSRNOG00000062814",2
"ENSRNOG00000018524",1703
"ENSRNOG00000020530",1
"ENSRNOG00000016147",6
"ENSRNOG00000021056",62
"ENSRNOG00000037638",1268
"ENSRNOG00000065638",1
"ENSRNOG00000019199",156
"ENSRNOG00000015218",438
"ENSRNOG00000050207",0
"ENSRNOG00000010763",1
"ENSRNOG00000069620",0
"ENSRNOG00000015030",1519
"ENSRNOG00000011015",1502
"ENSRNOG00000014787",0
"ENSRNOG00000066679",0
"ENSRNOG00000021020",1
"ENSRNOG00000019338",1
"ENSRNOG00000021016",1
"ENSRNOG00000020700",206
"ENSRNOG00000064437",206
"ENSRNOG00000016327",385
"ENSRNOG00000023847",0
"ENSRNOG00000069949",0
"ENSRNOG00000014829",443
"ENSRNOG00000020044",821
"ENSRNOG00000016595",2
"ENSRNOG00000060021",28
"ENSRNOG00000065515",0
"ENSRNOG00000064196",0
"ENSRNOG00000037798",53
"ENSRNOG00000060610",0
"ENSRNOG00000052810",6
"ENSRNOG00000017681",0
"ENSRNOG00000019616",0
"ENSRNOG00000055176",17
"ENSRNOG00000056940",3157
"ENSRNOG00000063855",0
"ENSRNOG00000016102",8
"ENSRNOG00000055298",0
"ENSRNOG00000029490",523
"ENSRNOG00000009462",625
"ENSRNOG00000060429",313
"ENSRNOG00000021109",31
"ENSRNOG00000018986",8
"ENSRNOG00000008824",0
"ENSRNOG00000063416",1
"ENSRNOG00000070289",0
"ENSRNOG00000051450",833
"ENSRNOG00000062471",0
"ENSRNOG00000061012",2287
"ENSRNOG00000013241",0
"ENSRNOG00000021118",1947
"ENSRNOG00000053735",693
"ENSRNOG00000002332",16
"ENSRNOG00000054418",0
"ENSRNOG00000015911",2707
"ENSRNOG00000032034",2613
"ENSRNOG00000061533",387
"ENSRNOG00000009664",206
"ENSRNOG00000033775",0
"ENSRNOG00000066079",0
"ENSRNOG00000065821",0
"ENSRNOG00000021025",685
"ENSRNOG00000001466",0
"ENSRNOG00000011994",0
"ENSRNOG00000026572",80
"ENSRNOG00000020719",204
"ENSRNOG00000019560",7
"ENSRNOG00000062718",1
"ENSRNOG00000046480",92
"ENSRNOG00000017365",1
"ENSRNOG00000016807",3270
"ENSRNOG00000015865",3023
"ENSRNOG00000018007",523
"ENSRNOG00000069231",0
"ENSRNOG00000056733",0
"ENSRNOG00000028753",362
"ENSRNOG00000025375",1
"ENSRNOG00000020182",437
"ENSRNOG00000013190",390
"ENSRNOG00000013795",590
"ENSRNOG00000060603",234
"ENSRNOG00000019970",578
"ENSRNOG00000061348",71
"ENSRNOG00000031003",123
"ENSRNOG00000020652",10948
"ENSRNOG00000058286",0
"ENSRNOG00000037541",0
"ENSRNOG00000062473",382
"ENSRNOG00000070704",0
"ENSRNOG00000060972",970
"ENSRNOG00000070441",6
"ENSRNOG00000011975",1111
"ENSRNOG00000019132",156
"ENSRNOG00000047901",0
"ENSRNOG00000070198",0
"ENSRNOG00000016368",476
"ENSRNOG00000004273",60
"ENSRNOG00000066811",0
"ENSRNOG00000021145",181
"ENSRNOG00000054391",545
"ENSRNOG00000020731",8
"ENSRNOG00000033343",24
"ENSRNOG00000066108",0
"ENSRNOG00000032819",0
"ENSRNOG00000070349",62
"ENSRNOG00000019578",11352
"ENSRNOG00000011174",5
"ENSRNOG00000017137",208
"ENSRNOG00000020897",3713
"ENSRNOG00000014186",126
"ENSRNOG00000012055",2756
"ENSRNOG00000017753",222
"ENSRNOG00000029945",0
"ENSRNOG00000017975",0
"ENSRNOG00000051915",1249
"ENSRNOG00000020746",1
"ENSRNOG00000011411",1083
"ENSRNOG00000068342",337
"ENSRNOG00000026517",1360
"ENSRNOG00000020991",1
"ENSRNOG00000065978",0
"ENSRNOG00000021147",1575
"ENSRNOG00000018106",151
"ENSRNOG00000017621",773
"ENSRNOG00000024056",263
"ENSRNOG00000010964",5246
"ENSRNOG00000018411",318
"ENSRNOG00000023931",91
"ENSRNOG00000054181",0
"ENSRNOG00000014530",2019
"ENSRNOG00000065256",0
"ENSRNOG00000055194",0
"ENSRNOG00000011675",136
"ENSRNOG00000017446",4725
"ENSRNOG00000016244",5236
"ENSRNOG00000063516",0
"ENSRNOG00000016815",634
"ENSRNOG00000018936",504
"ENSRNOG00000014193",793
"ENSRNOG00000021659",14
"ENSRNOG00000014908",1136
"ENSRNOG00000065298",0
"ENSRNOG00000064302",201
"ENSRNOG00000018379",272
"ENSRNOG00000019706",0
"ENSRNOG00000053084",281
"ENSRNOG00000020405",0
"ENSRNOG00000012322",162
"ENSRNOG00000064816",0
"ENSRNOG00000019254",498
"ENSRNOG00000018101",3
"ENSRNOG00000017243",1647
"ENSRNOG00000063417",0
"ENSRNOG00000064650",0
"ENSRNOG00000066763",4
"ENSRNOG00000011526",1523
"ENSRNOG00000053366",5
"ENSRNOG00000033805",0
"ENSRNOG00000011882",752
"ENSRNOG00000018766",357
"ENSRNOG00000021103",13
"ENSRNOG00000017050",13
"ENSRNOG00000046727",0
"ENSRNOG00000014706",0
"ENSRNOG00000049517",508
"ENSRNOG00000017512",65
"ENSRNOG00000017519",0
"ENSRNOG00000062546",2
"ENSRNOG00000018191",1
"ENSRNOG00000063236",0
"ENSRNOG00000037580",1919
"ENSRNOG00000070428",0
"ENSRNOG00000012074",2505
"ENSRNOG00000017012",48
"ENSRNOG00000068955",935
"ENSRNOG00000022537",98
"ENSRNOG00000017620",0
"ENSRNOG00000019730",2465
"ENSRNOG00000019776",41
"ENSRNOG00000014030",79
"ENSRNOG00000062678",0
"ENSRNOG00000049944",907
"ENSRNOG00000020338",1
"ENSRNOG00000023968",69
"ENSRNOG00000026243",3974
"ENSRNOG00000066277",484
"ENSRNOG00000016717",702
"ENSRNOG00000055371",4
"ENSRNOG00000020533",10519
"ENSRNOG00000059224",1498
"ENSRNOG00000018960",7523
"ENSRNOG00000037080",40
"ENSRNOG00000050453",83
"ENSRNOG00000014061",1387
"ENSRNOG00000018873",3108
"ENSRNOG00000042776",233
"ENSRNOG00000021004",3
"ENSRNOG00000063590",1027
"ENSRNOG00000018994",3421
"ENSRNOG00000017703",476
"ENSRNOG00000013840",7
"ENSRNOG00000019746",1893
"ENSRNOG00000013836",3034
"ENSRNOG00000011945",6014
"ENSRNOG00000029366",389
"ENSRNOG00000058388",1969
"ENSRNOG00000028470",0
"ENSRNOG00000037339",13
"ENSRNOG00000063077",0
"ENSRNOG00000017006",0
"ENSRNOG00000020848",765
"ENSRNOG00000018518",2340
"ENSRNOG00000019702",1064
"ENSRNOG00000066741",0
"ENSRNOG00000055142",4
"ENSRNOG00000015829",5
"ENSRNOG00000012690",1803
"ENSRNOG00000017097",587
"ENSRNOG00000063091",0
"ENSRNOG00000018850",0
"ENSRNOG00000020486",414
"ENSRNOG00000060599",0
"ENSRNOG00000042702",1117
"ENSRNOG00000019949",641
"ENSRNOG00000025126",112
"ENSRNOG00000042878",0
"ENSRNOG00000020867",1392
"ENSRNOG00000033714",0
"ENSRNOG00000017878",6
"ENSRNOG00000015807",8
"ENSRNOG00000025651",1193
"ENSRNOG00000020443",10
"ENSRNOG00000011282",11285
"ENSRNOG00000019962",245
"ENSRNOG00000023521",324
"ENSRNOG00000055028",2151
"ENSRNOG00000015560",2303
"ENSRNOG00000020035",0
"ENSRNOG00000071144",0
"ENSRNOG00000020827",0
"ENSRNOG00000032723",1020
"ENSRNOG00000047616",0
"ENSRNOG00000056396",0
"ENSRNOG00000043388",459
"ENSRNOG00000020560",0
"ENSRNOG00000042728",2064
"ENSRNOG00000011460",0
"ENSRNOG00000013009",7968
"ENSRNOG00000066554",0
"ENSRNOG00000019409",0
"ENSRNOG00000046297",0
"ENSRNOG00000020615",1857
"ENSRNOG00000070579",0
"ENSRNOG00000011011",3
"ENSRNOG00000017109",25
"ENSRNOG00000065836",0
"ENSRNOG00000012286",0
"ENSRNOG00000021117",785
"ENSRNOG00000025378",1
"ENSRNOG00000020130",2646
"ENSRNOG00000019529",1849
"ENSRNOG00000010803",0
"ENSRNOG00000068066",22
"ENSRNOG00000016374",630
"ENSRNOG00000026114",730
"ENSRNOG00000064082",1
"ENSRNOG00000026514",23
"ENSRNOG00000020557",2
"ENSRNOG00000056946",1706
"ENSRNOG00000058030",382
"ENSRNOG00000011313",7
"ENSRNOG00000049179",261
"ENSRNOG00000032246",22
"ENSRNOG00000020660",22030
"ENSRNOG00000025075",14
"ENSRNOG00000019426",265
"ENSRNOG00000068556",0
"ENSRNOG00000013718",2060
"ENSRNOG00000013739",0
"ENSRNOG00000062758",0
"ENSRNOG00000037247",1789
"ENSRNOG00000065597",10
"ENSRNOG00000012052",0
"ENSRNOG00000036703",64
"ENSRNOG00000052273",178
"ENSRNOG00000013969",1104
"ENSRNOG00000020817",0
"ENSRNOG00000018462",236
"ENSRNOG00000019124",1
"ENSRNOG00000063481",4
"ENSRNOG00000066191",0
"ENSRNOG00000016429",0
"ENSRNOG00000012366",3131
"ENSRNOG00000019080",932
"ENSRNOG00000013103",34
"ENSRNOG00000019194",0
"ENSRNOG00000068986",1
"ENSRNOG00000019278",0
"ENSRNOG00000059492",403
"ENSRNOG00000020489",0
"ENSRNOG00000018993",5956
"ENSRNOG00000018916",586
"ENSRNOG00000066224",7
"ENSRNOG00000066488",0
"ENSRNOG00000042605",0
"ENSRNOG00000069320",0
"ENSRNOG00000020380",2
"ENSRNOG00000014673",197
"ENSRNOG00000016206",1304
"ENSRNOG00000016210",27
"ENSRNOG00000019145",4765
"ENSRNOG00000019674",436
"ENSRNOG00000065238",0
"ENSRNOG00000020617",586
"ENSRNOG00000017021",153
"ENSRNOG00000066358",308
"ENSRNOG00000031331",0
"ENSRNOG00000024288",1
"ENSRNOG00000011932",207
"ENSRNOG00000013436",0
"ENSRNOG00000032805",1
"ENSRNOG00000065747",23
"ENSRNOG00000013381",2997
"ENSRNOG00000020479",3274
"ENSRNOG00000036859",62
"ENSRNOG00000019883",404
"ENSRNOG00000016683",193
"ENSRNOG00000051867",126
"ENSRNOG00000045741",120
"ENSRNOG00000057384",220
"ENSRNOG00000019685",2
"ENSRNOG00000011308",2661
"ENSRNOG00000030266",1747
"ENSRNOG00000021140",82
"ENSRNOG00000068399",25
"ENSRNOG00000016573",669
"ENSRNOG00000051578",203
"ENSRNOG00000064148",0
"ENSRNOG00000025167",1777
"ENSRNOG00000021763",0
"ENSRNOG00000066618",579
"ENSRNOG00000043056",0
"ENSRNOG00000020495",2371
"ENSRNOG00000060206",2399
"ENSRNOG00000020596",1570
"ENSRNOG00000015520",119
"ENSRNOG00000056036",165
"ENSRNOG00000055531",361
"ENSRNOG00000045838",1732
"ENSRNOG00000020904",476
"ENSRNOG00000020271",2646
"ENSRNOG00000055796",0
"ENSRNOG00000032668",470
"ENSRNOG00000068024",5
"ENSRNOG00000028113",253
"ENSRNOG00000047124",114
"ENSRNOG00000012067",62
"ENSRNOG00000047696",0
"ENSRNOG00000020125",0
"ENSRNOG00000026115",755
"ENSRNOG00000042347",93
"ENSRNOG00000026857",205
"ENSRNOG00000020607",744
"ENSRNOG00000013057",458
"ENSRNOG00000070288",0
"ENSRNOG00000063345",0
"ENSRNOG00000019861",1505
"ENSRNOG00000013194",163
"ENSRNOG00000020906",282
"ENSRNOG00000032077",0
"ENSRNOG00000036571",27
"ENSRNOG00000012360",2101
"ENSRNOG00000058133",91
"ENSRNOG00000023496",18
"ENSRNOG00000019178",956
"ENSRNOG00000014373",6
"ENSRNOG00000014187",2250
"ENSRNOG00000016498",441
"ENSRNOG00000061795",1108
"ENSRNOG00000064840",15
"ENSRNOG00000019212",8866
"ENSRNOG00000070202",5
"ENSRNOG00000069377",0
"ENSRNOG00000020635",335
"ENSRNOG00000047176",0
"ENSRNOG00000017120",2672
"ENSRNOG00000020369",0
"ENSRNOG00000020276",2
"ENSRNOG00000069701",3
"ENSRNOG00000053583",0
"ENSRNOG00000042059",27
"ENSRNOG00000026040",21
"ENSRNOG00000012683",1068
"ENSRNOG00000068180",32
"ENSRNOG00000021499",0
"ENSRNOG00000022822",229
"ENSRNOG00000026891",682
"ENSRNOG00000068324",0
"ENSRNOG00000014565",1068
"ENSRNOG00000022669",1
"ENSRNOG00000051815",99
"ENSRNOG00000051782",0
"ENSRNOG00000034038",0
"ENSRNOG00000019193",67
"ENSRNOG00000024363",1193
"ENSRNOG00000060707",1834
"ENSRNOG00000012357",797
"ENSRNOG00000024000",0
"ENSRNOG00000016978",1
"ENSRNOG00000011659",3
"ENSRNOG00000018928",92
"ENSRNOG00000011599",39
"ENSRNOG00000052070",9
"ENSRNOG00000069477",5
"ENSRNOG00000019879",0
"ENSRNOG00000049295",0
"ENSRNOG00000050282",4878
"ENSRNOG00000024245",0
"ENSRNOG00000054506",2
"ENSRNOG00000020835",59
"ENSRNOG00000043007",2703
"ENSRNOG00000012442",173
"ENSRNOG00000012236",0
"ENSRNOG00000014513",136
"ENSRNOG00000066021",0
"ENSRNOG00000018158",2362
"ENSRNOG00000021106",2398
"ENSRNOG00000015540",3488
"ENSRNOG00000021108",1
"ENSRNOG00000050104",4639
"ENSRNOG00000018390",6645
"ENSRNOG00000021484",1324
"ENSRNOG00000018683",2348
"ENSRNOG00000013563",0
"ENSRNOG00000063992",0
"ENSRNOG00000026957",0
"ENSRNOG00000017716",0
"ENSRNOG00000020583",1950
"ENSRNOG00000050828",2157
"ENSRNOG00000065151",0
"ENSRNOG00000018385",0
"ENSRNOG00000025216",290
"ENSRNOG00000020953",116
"ENSRNOG00000018083",496
"ENSRNOG00000019301",0
"ENSRNOG00000026408",440
"ENSRNOG00000015518",1
"ENSRNOG00000069809",0
"ENSRNOG00000017762",18
"ENSRNOG00000065783",147
"ENSRNOG00000055775",0
"ENSRNOG00000023274",370
"ENSRNOG00000021207",0
"ENSRNOG00000050024",0
"ENSRNOG00000071184",0
"ENSRNOG00000019666",1482
"ENSRNOG00000049277",1
"ENSRNOG00000028909",0
"ENSRNOG00000020527",2196
"ENSRNOG00000047431",1
"ENSRNOG00000018207",807
"ENSRNOG00000033881",1
"ENSRNOG00000016358",0
"ENSRNOG00000069807",0
"ENSRNOG00000026527",97
"ENSRNOG00000019725",5726
"ENSRNOG00000019982",730
"ENSRNOG00000045568",1637
"ENSRNOG00000016728",274
"ENSRNOG00000036649",420
"ENSRNOG00000070689",1296
"ENSRNOG00000045561",476
"ENSRNOG00000020595",23091
"ENSRNOG00000018674",275
"ENSRNOG00000020389",7
"ENSRNOG00000055506",12
"ENSRNOG00000018322",10874
"ENSRNOG00000064559",0
"ENSRNOG00000019851",436
"ENSRNOG00000016120",0
"ENSRNOG00000019920",15
"ENSRNOG00000020839",116
"ENSRNOG00000064232",277
"ENSRNOG00000050180",1467
"ENSRNOG00000067792",0
"ENSRNOG00000019675",111
"ENSRNOG00000020551",1280
"ENSRNOG00000047756",3160
"ENSRNOG00000013374",0
"ENSRNOG00000020245",0
"ENSRNOG00000066875",382
"ENSRNOG00000018962",384
"ENSRNOG00000014486",296
"ENSRNOG00000024793",148
"ENSRNOG00000056223",461
"ENSRNOG00000012292",624
"ENSRNOG00000020433",10780
"ENSRNOG00000046635",158
"ENSRNOG00000020618",4677
"ENSRNOG00000012698",3527
"ENSRNOG00000050741",94
"ENSRNOG00000010775",555
"ENSRNOG00000019935",565
"ENSRNOG00000012383",3300
"ENSRNOG00000020301",0
"ENSRNOG00000026296",20
"ENSRNOG00000019960",905
"ENSRNOG00000020614",62
"ENSRNOG00000012404",4
"ENSRNOG00000017487",6
"ENSRNOG00000016926",21
"ENSRNOG00000064709",0
"ENSRNOG00000046333",398
"ENSRNOG00000019461",161
"ENSRNOG00000063251",0
"ENSRNOG00000012494",108
"ENSRNOG00000050624",224
"ENSRNOG00000016751",532
"ENSRNOG00000067190",0
"ENSRNOG00000021050",0
"ENSRNOG00000019077",3203
"ENSRNOG00000021029",0
"ENSRNOG00000027505",0
"ENSRNOG00000030907",5
"ENSRNOG00000014862",0
"ENSRNOG00000013017",374
"ENSRNOG00000036604",1253
"ENSRNOG00000019190",0
"ENSRNOG00000019439",4525
"ENSRNOG00000019358",260
"ENSRNOG00000017195",3116
"ENSRNOG00000016603",67
"ENSRNOG00000065273",11231
"ENSRNOG00000067633",0
"ENSRNOG00000069759",0
"ENSRNOG00000018987",550
"ENSRNOG00000068256",0
"ENSRNOG00000062262",0
"ENSRNOG00000027374",0
"ENSRNOG00000049161",0
"ENSRNOG00000022748",326
"ENSRNOG00000016689",300
"ENSRNOG00000018929",98
"ENSRNOG00000020623",579
"ENSRNOG00000018487",6279
"ENSRNOG00000019701",408
"ENSRNOG00000022386",1
"ENSRNOG00000033733",3
"ENSRNOG00000026005",1221
"ENSRNOG00000060269",7
"ENSRNOG00000032293",350
"ENSRNOG00000020354",1638
"ENSRNOG00000064201",2
"ENSRNOG00000024530",149
"ENSRNOG00000020637",4
"ENSRNOG00000015003",408
"ENSRNOG00000018725",1405
"ENSRNOG00000030981",10
"ENSRNOG00000055401",1
"ENSRNOG00000054955",0
"ENSRNOG00000017118",1387
"ENSRNOG00000033507",0
"ENSRNOG00000070964",133
"ENSRNOG00000033744",0
"ENSRNOG00000022900",0
"ENSRNOG00000014783",360
"ENSRNOG00000020634",360
"ENSRNOG00000011637",0
"ENSRNOG00000050426",3
"ENSRNOG00000019724",18710
"ENSRNOG00000016496",0
"ENSRNOG00000048733",670
"ENSRNOG00000022839",30
"ENSRNOG00000014923",26
"ENSRNOG00000025142",578
"ENSRNOG00000020148",3
"ENSRNOG00000067262",3883
"ENSRNOG00000063548",0
"ENSRNOG00000025052",515
"ENSRNOG00000017842",0
"ENSRNOG00000033901",0
"ENSRNOG00000018815",381
"ENSRNOG00000020726",1044
"ENSRNOG00000053015",243
"ENSRNOG00000068678",0
"ENSRNOG00000020650",55
"ENSRNOG00000047027",0
"ENSRNOG00000065380",3
"ENSRNOG00000019245",580
"ENSRNOG00000011680",1042
"ENSRNOG00000036603",100
"ENSRNOG00000020060",523
"ENSRNOG00000020430",1983
"ENSRNOG00000019687",0
"ENSRNOG00000017619",10
"ENSRNOG00000018163",80
"ENSRNOG00000017850",79
"ENSRNOG00000047401",0
"ENSRNOG00000064037",4
"ENSRNOG00000015078",17487
"ENSRNOG00000020505",36
"ENSRNOG00000014936",11583
"ENSRNOG00000018052",1119
"ENSRNOG00000019050",24
"ENSRNOG00000019342",1
"ENSRNOG00000022321",165
"ENSRNOG00000020191",893
"ENSRNOG00000018974",2
"ENSRNOG00000036645",6
"ENSRNOG00000018042",943
"ENSRNOG00000064039",0
"ENSRNOG00000059551",0
"ENSRNOG00000020903",345
"ENSRNOG00000018840",344
"ENSRNOG00000004144",15
"ENSRNOG00000018391",3260
"ENSRNOG00000020289",7852
"ENSRNOG00000017227",2199
"ENSRNOG00000020851",1238
"ENSRNOG00000011068",1024
"ENSRNOG00000043141",514
"ENSRNOG00000015088",7959
"ENSRNOG00000064647",1205
"ENSRNOG00000017114",1399
"ENSRNOG00000060008",609
"ENSRNOG00000018176",3725
"ENSRNOG00000021724",4
"ENSRNOG00000020638",20
"ENSRNOG00000060693",51
"ENSRNOG00000051256",441
"ENSRNOG00000027228",8
"ENSRNOG00000029061",102
"ENSRNOG00000017510",1514
"ENSRNOG00000018838",224
"ENSRNOG00000017222",1790
"ENSRNOG00000065211",0
"ENSRNOG00000020918",5510
"ENSRNOG00000017889",302
"ENSRNOG00000070275",0
"ENSRNOG00000014589",367
"ENSRNOG00000017608",1169
"ENSRNOG00000020864",1
"ENSRNOG00000017927",3
"ENSRNOG00000023360",752
"ENSRNOG00000068667",1
"ENSRNOG00000019873",2802
"ENSRNOG00000030888",5104
"ENSRNOG00000011683",23
"ENSRNOG00000018599",2259
"ENSRNOG00000021689",419
"ENSRNOG00000024036",229
"ENSRNOG00000066192",0
"ENSRNOG00000015727",1687
"ENSRNOG00000069824",0
"ENSRNOG00000024625",1856
"ENSRNOG00000011352",8425
"ENSRNOG00000017725",0
"ENSRNOG00000020484",5
"ENSRNOG00000020742",5234
"ENSRNOG00000018877",477
"ENSRNOG00000020922",6500
"ENSRNOG00000069778",0
"ENSRNOG00000011213",346
"ENSRNOG00000020929",887
"ENSRNOG00000018627",118
"ENSRNOG00000030180",0
"ENSRNOG00000019858",119
"ENSRNOG00000019813",1565
"ENSRNOG00000019913",2542
"ENSRNOG00000067655",100
"ENSRNOG00000023530",0
"ENSRNOG00000019005",1477
"ENSRNOG00000014234",761
"ENSRNOG00000016593",1
"ENSRNOG00000014471",2
"ENSRNOG00000021924",0
"ENSRNOG00000022521",97
"ENSRNOG00000052802",1329
"ENSRNOG00000012196",414
"ENSRNOG00000010630",3614
"ENSRNOG00000033195",0
"ENSRNOG00000067451",0
"ENSRNOG00000014078",2834
"ENSRNOG00000036866",1372
"ENSRNOG00000014183",2094
"ENSRNOG00000065313",1
"ENSRNOG00000014482",1768
"ENSRNOG00000065825",1
"ENSRNOG00000012061",1
"ENSRNOG00000020076",1122
"ENSRNOG00000059786",0
"ENSRNOG00000030689",65
"ENSRNOG00000020081",473
"ENSRNOG00000047986",0
"ENSRNOG00000014833",408
"ENSRNOG00000050742",494
"ENSRNOG00000012898",0
"ENSRNOG00000021405",0
"ENSRNOG00000016770",1710
"ENSRNOG00000070398",0
"ENSRNOG00000067528",0
"ENSRNOG00000019914",40
"ENSRNOG00000028746",5934
"ENSRNOG00000063815",0
"ENSRNOG00000048028",564
"ENSRNOG00000069697",38
"ENSRNOG00000062869",1
"ENSRNOG00000066824",0
"ENSRNOG00000069311",194
"ENSRNOG00000046915",18
"ENSRNOG00000014276",557
"ENSRNOG00000031328",662
"ENSRNOG00000016701",1327
"ENSRNOG00000027944",0
"ENSRNOG00000042679",1365
"ENSRNOG00000027919",35
"ENSRNOG00000013890",0
"ENSRNOG00000068425",0
"ENSRNOG00000026432",10
"ENSRNOG00000011262",1587
"ENSRNOG00000026065",1
"ENSRNOG00000028617",6
"ENSRNOG00000064978",0
"ENSRNOG00000043503",1437
"ENSRNOG00000062534",3415
"ENSRNOG00000019464",598
"ENSRNOG00000001492",309
"ENSRNOG00000021916",907
"ENSRNOG00000064242",0
"ENSRNOG00000015304",169
"ENSRNOG00000062406",906
"ENSRNOG00000015376",15
"ENSRNOG00000020773",515
"ENSRNOG00000047204",0
"ENSRNOG00000020039",72
"ENSRNOG00000016907",1001
"ENSRNOG00000025799",0
"ENSRNOG00000038251",0
"ENSRNOG00000053347",249
"ENSRNOG00000025110",85
"ENSRNOG00000040273",7173
"ENSRNOG00000021390",103
"ENSRNOG00000020144",891
"ENSRNOG00000062548",19
"ENSRNOG00000014531",2289
"ENSRNOG00000014256",5
"ENSRNOG00000020165",55
"ENSRNOG00000028832",0
"ENSRNOG00000020434",16
"ENSRNOG00000030788",0
"ENSRNOG00000071102",0
"ENSRNOG00000023314",0
"ENSRNOG00000020294",0
"ENSRNOG00000014353",1307
"ENSRNOG00000069356",0
"ENSRNOG00000009482",270
"ENSRNOG00000068806",11
"ENSRNOG00000037415",188
"ENSRNOG00000036760",0
"ENSRNOG00000063830",0
"ENSRNOG00000062555",1
"ENSRNOG00000068225",0
"ENSRNOG00000042158",0
"ENSRNOG00000014768",5941
"ENSRNOG00000027936",258
"ENSRNOG00000058050",5321
"ENSRNOG00000021021",0
"ENSRNOG00000019973",401
"ENSRNOG00000060146",736
"ENSRNOG00000050395",0
"ENSRNOG00000020075",42340
"ENSRNOG00000067421",0
"ENSRNOG00000065857",0
"ENSRNOG00000021062",2137
"ENSRNOG00000026039",3
"ENSRNOG00000030616",75
"ENSRNOG00000001494",3148
"ENSRNOG00000037467",0
"ENSRNOG00000014215",964
"ENSRNOG00000023296",372
"ENSRNOG00000069798",0
"ENSRNOG00000019142",1605
"ENSRNOG00000039955",0
"ENSRNOG00000020776",636
"ENSRNOG00000053725",910
"ENSRNOG00000017198",3
"ENSRNOG00000012259",0
"ENSRNOG00000014979",0
"ENSRNOG00000063119",0
"ENSRNOG00000020705",135
"ENSRNOG00000011245",532
"ENSRNOG00000021113",619
"ENSRNOG00000062873",0
"ENSRNOG00000032677",6893
"ENSRNOG00000014907",3
"ENSRNOG00000015128",1508
"ENSRNOG00000010861",1768
"ENSRNOG00000063968",0
"ENSRNOG00000020457",2254
"ENSRNOG00000015229",1309
"ENSRNOG00000021053",210
"ENSRNOG00000020692",831
"ENSRNOG00000063913",0
"ENSRNOG00000015473",332
"ENSRNOG00000021060",3
"ENSRNOG00000015948",2452
"ENSRNOG00000020873",1
"ENSRNOG00000025350",929
"ENSRNOG00000064444",214
"ENSRNOG00000016055",959
"ENSRNOG00000012701",44
"ENSRNOG00000045677",2
"ENSRNOG00000016145",1202
"ENSRNOG00000017955",254
"ENSRNOG00000020807",268
"ENSRNOG00000046667",108
"ENSRNOG00000013279",255
"ENSRNOG00000047605",15
"ENSRNOG00000010117",6219
"ENSRNOG00000018282",206
"ENSRNOG00000013456",284
"ENSRNOG00000070097",7
"ENSRNOG00000025111",32
"ENSRNOG00000049028",49
"ENSRNOG00000024931",2
"ENSRNOG00000067230",0
"ENSRNOG00000011720",1003
"ENSRNOG00000066925",295
"ENSRNOG00000024278",1633
"ENSRNOG00000014132",157
"ENSRNOG00000019507",1146
"ENSRNOG00000012387",0
"ENSRNOG00000062787",0
"ENSRNOG00000070506",4
"ENSRNOG00000012311",0
"ENSRNOG00000020907",0
"ENSRNOG00000054568",0
"ENSRNOG00000062379",0
"ENSRNOG00000014254",1364
"ENSRNOG00000021085",5897
"ENSRNOG00000020451",161
"ENSRNOG00000027607",0
"ENSRNOG00000049951",541
"ENSRNOG00000055934",0
"ENSRNOG00000027288",0
"ENSRNOG00000020702",1623
"ENSRNOG00000013422",3713
"ENSRNOG00000029485",0
"ENSRNOG00000021123",316
"ENSRNOG00000021052",2508
"ENSRNOG00000062949",0
"ENSRNOG00000019229",380
"ENSRNOG00000020845",0
"ENSRNOG00000020704",204
"ENSRNOG00000034000",0
"ENSRNOG00000020849",0
"ENSRNOG00000017225",1760
"ENSRNOG00000022737",0
"ENSRNOG00000013202",565
"ENSRNOG00000067501",594
"ENSRNOG00000024331",0
"ENSRNOG00000013791",8633
"ENSRNOG00000021125",7837
"ENSRNOG00000046000",510
"ENSRNOG00000015036",7278
"ENSRNOG00000013239",668
"ENSRNOG00000009954",4669
"ENSRNOG00000033235",215
"ENSRNOG00000063281",1
"ENSRNOG00000025951",0
"ENSRNOG00000025890",670
"ENSRNOG00000016073",0
"ENSRNOG00000064373",21
"ENSRNOG00000013845",244
"ENSRNOG00000064229",7
"ENSRNOG00000055286",1772
"ENSRNOG00000020872",0
"ENSRNOG00000016367",3999
"ENSRNOG00000045543",72
"ENSRNOG00000011134",32
"ENSRNOG00000016265",6891
"ENSRNOG00000069626",0
"ENSRNOG00000019260",1
"ENSRNOG00000019964",1284
"ENSRNOG00000062857",0
"ENSRNOG00000069343",0
"ENSRNOG00000021023",0
"ENSRNOG00000063303",0
"ENSRNOG00000043416",556
"ENSRNOG00000012536",1219
"ENSRNOG00000062338",0
"ENSRNOG00000054771",0
"ENSRNOG00000064016",0
"ENSRNOG00000058701",0
"ENSRNOG00000013023",3070
"ENSRNOG00000047783",0
"ENSRNOG00000059451",0
"ENSRNOG00000069415",0
"ENSRNOG00000064394",0
"ENSRNOG00000064313",0
"ENSRNOG00000064859",0
"ENSRNOG00000056651",2293
"ENSRNOG00000063075",0
"ENSRNOG00000053726",0
"ENSRNOG00000014671",1
"ENSRNOG00000016756",10
"ENSRNOG00000066430",0
"ENSRNOG00000066090",0
"ENSRNOG00000070373",0
"ENSRNOG00000068998",0
"ENSRNOG00000068164",0
"ENSRNOG00000026848",0
"ENSRNOG00000020636",275
"ENSRNOG00000066861",0
"ENSRNOG00000020715",12382
"ENSRNOG00000019220",982
"ENSRNOG00000058087",0
"ENSRNOG00000066787",1
"ENSRNOG00000029825",4
"ENSRNOG00000069284",0
"ENSRNOG00000066821",0
"ENSRNOG00000061657",1
"ENSRNOG00000064132",2447
"ENSRNOG00000015852",4163
"ENSRNOG00000059226",0
"ENSRNOG00000020676",388
"ENSRNOG00000068933",2
"ENSRNOG00000020250",424
"ENSRNOG00000056605",0
"ENSRNOG00000052644",1
"ENSRNOG00000031700",411
"ENSRNOG00000020939",0
"ENSRNOG00000052375",0
"ENSRNOG00000070882",0
"ENSRNOG00000056383",0
"ENSRNOG00000018730",717
"ENSRNOG00000060033",0
"ENSRNOG00000014997",9644
"ENSRNOG00000051400",0
"ENSRNOG00000054845",0
"ENSRNOG00000020881",1411
"ENSRNOG00000052274",0
"ENSRNOG00000057302",0
"ENSRNOG00000058048",0
"ENSRNOG00000054906",0
"ENSRNOG00000052529",0
"ENSRNOG00000049464",0
"ENSRNOG00000020201",1490
"ENSRNOG00000056570",0
"ENSRNOG00000020687",77
"ENSRNOG00000057316",0
"ENSRNOG00000020021",4
"ENSRNOG00000069029",1
"ENSRNOG00000065477",1
"ENSRNOG00000066898",0
"ENSRNOG00000048848",408
"ENSRNOG00000054326",0
"ENSRNOG00000051415",0
"ENSRNOG00000062449",0
"ENSRNOG00000068699",0
"ENSRNOG00000054954",1
"ENSRNOG00000039865",8
"ENSRNOG00000066016",0
"ENSRNOG00000058518",0
"ENSRNOG00000058612",0
"ENSRNOG00000017294",416
"ENSRNOG00000016219",9
"ENSRNOG00000070599",0
"ENSRNOG00000055235",1
"ENSRNOG00000012591",0
"ENSRNOG00000020989",393
"ENSRNOG00000063019",0
"ENSRNOG00000063624",0
"ENSRNOG00000020890",0
"ENSRNOG00000013994",12032
"ENSRNOG00000071180",0
"ENSRNOG00000021057",2672
"ENSRNOG00000016337",0
"ENSRNOG00000057287",0
"ENSRNOG00000017699",0
"ENSRNOG00000057762",1
"ENSRNOG00000042330",2
"ENSRNOG00000063671",0
"ENSRNOG00000069014",0
"ENSRNOG00000018107",4119
"ENSRNOG00000069257",0
"ENSRNOG00000015868",0
"ENSRNOG00000065928",0
"ENSRNOG00000069776",13
"ENSRNOG00000015271",255
"ENSRNOG00000011346",5922
"ENSRNOG00000057595",0
"ENSRNOG00000054413",0
"ENSRNOG00000068160",0
"ENSRNOG00000064297",2
"ENSRNOG00000036576",2360
"ENSRNOG00000060256",2
"ENSRNOG00000020000",853
"ENSRNOG00000027161",231
"ENSRNOG00000070002",0
"ENSRNOG00000066094",28
"ENSRNOG00000045795",1149
"ENSRNOG00000054919",0
"ENSRNOG00000061526",2
"ENSRNOG00000058441",2
"ENSRNOG00000021133",1141
"ENSRNOG00000055858",0
"ENSRNOG00000056552",0
"ENSRNOG00000051330",0
"ENSRNOG00000016625",0
"ENSRNOG00000067944",3
"ENSRNOG00000025476",309
"ENSRNOG00000021174",250
"ENSRNOG00000056695",5
"ENSRNOG00000017002",1
"ENSRNOG00000023863",0
"ENSRNOG00000062946",25
"ENSRNOG00000051994",0
"ENSRNOG00000021139",126
"ENSRNOG00000055626",0
"ENSRNOG00000066467",0
"ENSRNOG00000027156",328
"ENSRNOG00000062785",0
"ENSRNOG00000014984",761
"ENSRNOG00000022946",0
"ENSRNOG00000013304",161
"ENSRNOG00000053994",0
"ENSRNOG00000018978",0
"ENSRNOG00000060119",0
"ENSRNOG00000056990",0
"ENSRNOG00000020703",991
"ENSRNOG00000068737",0
"ENSRNOG00000012514",431
"ENSRNOG00000014675",1405
"ENSRNOG00000015598",40
"ENSRNOG00000055881",0
"ENSRNOG00000042786",1525
"ENSRNOG00000059251",0
"ENSRNOG00000070315",0
"ENSRNOG00000069514",0
"ENSRNOG00000015085",33
"ENSRNOG00000068948",0
"ENSRNOG00000064681",0
"ENSRNOG00000021071",0
"ENSRNOG00000063530",0
"ENSRNOG00000059386",997
"ENSRNOG00000064306",0
"ENSRNOG00000017326",1440
"ENSRNOG00000016411",624
"ENSRNOG00000063743",0
"ENSRNOG00000021090",33
"ENSRNOG00000071006",0
"ENSRNOG00000014173",989
"ENSRNOG00000020941",1439
"ENSRNOG00000065738",0
"ENSRNOG00000029399",157
"ENSRNOG00000062905",0
"ENSRNOG00000018553",1569
"ENSRNOG00000069190",0
"ENSRNOG00000020247",58
"ENSRNOG00000067483",147
"ENSRNOG00000017223",24
"ENSRNOG00000068769",0
"ENSRNOG00000064470",0
"ENSRNOG00000067484",0
"ENSRNOG00000043088",0
"ENSRNOG00000060933",0
"ENSRNOG00000067177",0
"ENSRNOG00000064817",0
"ENSRNOG00000016448",784
"ENSRNOG00000057912",0
"ENSRNOG00000015406",1427
"ENSRNOG00000027459",564
"ENSRNOG00000067875",0
"ENSRNOG00000015670",2697
"ENSRNOG00000022289",1357
"ENSRNOG00000024497",7
"ENSRNOG00000061412",0
"ENSRNOG00000058715",0
"ENSRNOG00000020935",1433
"ENSRNOG00000068343",0
"ENSRNOG00000019202",631
"ENSRNOG00000063140",0
"ENSRNOG00000062468",0
"ENSRNOG00000025245",1327
"ENSRNOG00000018018",3
"ENSRNOG00000068901",0
"ENSRNOG00000020996",1009
"ENSRNOG00000016089",0
"ENSRNOG00000062886",0
"ENSRNOG00000066651",1
"ENSRNOG00000067806",0
"ENSRNOG00000068836",1
"ENSRNOG00000067110",2
"ENSRNOG00000062579",0
"ENSRNOG00000027487",4458
"ENSRNOG00000067331",0
"ENSRNOG00000062847",0
"ENSRNOG00000020784",5
"ENSRNOG00000071174",0
"ENSRNOG00000068398",0
"ENSRNOG00000070897",1255
"ENSRNOG00000065172",0
"ENSRNOG00000020957",26
"ENSRNOG00000052664",7058
"ENSRNOG00000069147",0
"ENSRNOG00000012782",1422
"ENSRNOG00000022153",2562
"ENSRNOG00000043328",1074
"ENSRNOG00000070833",0
"ENSRNOG00000012142",0
"ENSRNOG00000019771",15
"ENSRNOG00000012346",1577
"ENSRNOG00000020299",526
"ENSRNOG00000027514",1976
"ENSRNOG00000018847",3130
"ENSRNOG00000021179",709
"ENSRNOG00000055525",1085
"ENSRNOG00000016058",555
"ENSRNOG00000027550",185
"ENSRNOG00000020620",3
"ENSRNOG00000018086",0
"ENSRNOG00000013387",215
"ENSRNOG00000064524",8
"ENSRNOG00000049821",0
"ENSRNOG00000015232",214
"ENSRNOG00000024309",848
"ENSRNOG00000019069",9398
"ENSRNOG00000048337",579
"ENSRNOG00000054618",0
"ENSRNOG00000017448",158
"ENSRNOG00000022428",20
"ENSRNOG00000068513",0
"ENSRNOG00000020350",3103
"ENSRNOG00000011815",562
"ENSRNOG00000017463",165
"ENSRNOG00000021573",4595
"ENSRNOG00000017468",171
"ENSRNOG00000019266",3875
"ENSRNOG00000043378",2
"ENSRNOG00000013565",791
"ENSRNOG00000020409",4
"ENSRNOG00000019341",1421
"ENSRNOG00000063960",1
"ENSRNOG00000056208",0
"ENSRNOG00000070696",3
"ENSRNOG00000070767",24
"ENSRNOG00000022044",0
"ENSRNOG00000019965",18355
"ENSRNOG00000017692",801
"ENSRNOG00000017980",7
"ENSRNOG00000016371",447
"ENSRNOG00000036615",0
"ENSRNOG00000057645",25
"ENSRNOG00000019419",243
"ENSRNOG00000036622",0
"ENSRNOG00000020552",760
"ENSRNOG00000018215",0
"ENSRNOG00000021097",1
"ENSRNOG00000037931",1390
"ENSRNOG00000047061",4
"ENSRNOG00000016627",6
"ENSRNOG00000021828",5776
"ENSRNOG00000017064",2
"ENSRNOG00000070113",0
"ENSRNOG00000070266",0
"ENSRNOG00000043486",270
"ENSRNOG00000016700",0
"ENSRNOG00000022742",127
"ENSRNOG00000016280",1138
"ENSRNOG00000048688",0
"ENSRNOG00000046222",24
"ENSRNOG00000063861",2
"ENSRNOG00000016883",367
"ENSRNOG00000059513",0
"ENSRNOG00000024065",6
"ENSRNOG00000012122",0
"ENSRNOG00000017412",102
"ENSRNOG00000067391",0
"ENSRNOG00000063690",0
"ENSRNOG00000025581",0
"ENSRNOG00000013847",5
"ENSRNOG00000059500",4
"ENSRNOG00000048495",352
"ENSRNOG00000013323",1069
"ENSRNOG00000067152",0
"ENSRNOG00000020388",895
"ENSRNOG00000013965",409
"ENSRNOG00000029608",0
"ENSRNOG00000026764",0
"ENSRNOG00000067512",27
"ENSRNOG00000017419",542
"ENSRNOG00000021102",57
"ENSRNOG00000063892",0
"ENSRNOG00000013192",0
"ENSRNOG00000014928",238
"ENSRNOG00000015465",73
"ENSRNOG00000058291",28
"ENSRNOG00000014786",172
"ENSRNOG00000019596",553
"ENSRNOG00000017230",1946
"ENSRNOG00000014485",3377
"ENSRNOG00000021098",750
"ENSRNOG00000051051",1362
"ENSRNOG00000011584",322
"ENSRNOG00000024243",1688
"ENSRNOG00000015912",1609
"ENSRNOG00000020598",177
"ENSRNOG00000023367",0
"ENSRNOG00000028247",160
"ENSRNOG00000016434",538
"ENSRNOG00000013331",1799
"ENSRNOG00000036592",309
"ENSRNOG00000062907",0
"ENSRNOG00000021067",2
"ENSRNOG00000019862",178
"ENSRNOG00000021175",184
"ENSRNOG00000018137",1099
"ENSRNOG00000021644",9
"ENSRNOG00000014163",4
"ENSRNOG00000057569",59530
"ENSRNOG00000019915",588
"ENSRNOG00000017164",441
"ENSRNOG00000020781",964
"ENSRNOG00000021338",1758
"ENSRNOG00000032042",1083
"ENSRNOG00000061774",0
"ENSRNOG00000066708",0
"ENSRNOG00000014190",331
"ENSRNOG00000018985",1035
"ENSRNOG00000068291",0
"ENSRNOG00000020799",579
"ENSRNOG00000036641",3
"ENSRNOG00000022485",1554
"ENSRNOG00000062751",6
"ENSRNOG00000069113",3946
"ENSRNOG00000064819",0
"ENSRNOG00000066174",7
"ENSRNOG00000026501",0
"ENSRNOG00000018272",418
"ENSRNOG00000066988",264
"ENSRNOG00000024677",155
"ENSRNOG00000016416",3329
"ENSRNOG00000011114",13
"ENSRNOG00000030572",893
"ENSRNOG00000017731",709
"ENSRNOG00000020689",454
"ENSRNOG00000021202",6742
"ENSRNOG00000011161",1384
"ENSRNOG00000042944",79
"ENSRNOG00000020997",2
"ENSRNOG00000017302",0
"ENSRNOG00000017298",118
"ENSRNOG00000046776",2
"ENSRNOG00000013364",722
"ENSRNOG00000021137",470
"ENSRNOG00000020480",6282
"ENSRNOG00000011568",38
"ENSRNOG00000036598",370
"ENSRNOG00000042397",0
"ENSRNOG00000014240",245
"ENSRNOG00000067478",0
"ENSRNOG00000020394",1666
"ENSRNOG00000057578",0
"ENSRNOG00000019968",1793
"ENSRNOG00000063244",252
"ENSRNOG00000012720",0
"ENSRNOG00000021144",1057
"ENSRNOG00000032706",0
"ENSRNOG00000027370",0
"ENSRNOG00000011588",720
"ENSRNOG00000018337",0
"ENSRNOG00000028017",3093
"ENSRNOG00000021018",3
"ENSRNOG00000020514",26
"ENSRNOG00000018237",7578
"ENSRNOG00000027724",492
"ENSRNOG00000011622",484
"ENSRNOG00000019112",0
"ENSRNOG00000021119",231
"ENSRNOG00000019311",1136
"ENSRNOG00000067490",0
"ENSRNOG00000055547",21
"ENSRNOG00000021086",387
"ENSRNOG00000013938",261
"ENSRNOG00000016253",0
"ENSRNOG00000061597",38
"ENSRNOG00000012458",2
"ENSRNOG00000064485",44
"ENSRNOG00000019435",79
"ENSRNOG00000024266",152
"ENSRNOG00000017414",747
"ENSRNOG00000068028",5
"ENSRNOG00000066874",258
"ENSRNOG00000018860",391
"ENSRNOG00000037485",0
"ENSRNOG00000016960",793
"ENSRNOG00000042309",65
"ENSRNOG00000019509",89
"ENSRNOG00000016166",3097
"ENSRNOG00000012324",38
"ENSRNOG00000019574",572
"ENSRNOG00000017396",2227
"ENSRNOG00000028261",19
"ENSRNOG00000020985",4
"ENSRNOG00000067971",3
"ENSRNOG00000013971",3302
"ENSRNOG00000019902",14
"ENSRNOG00000014721",1480
"ENSRNOG00000069558",14
"ENSRNOG00000021054",1981
"ENSRNOG00000012581",0
"ENSRNOG00000025353",60
"ENSRNOG00000019936",258
"ENSRNOG00000021156",5436
"ENSRNOG00000028357",34
"ENSRNOG00000020888",0
"ENSRNOG00000066761",0
"ENSRNOG00000066093",981
"ENSRNOG00000023434",0
"ENSRNOG00000015051",2
"ENSRNOG00000021061",268
"ENSRNOG00000014966",941
"ENSRNOG00000020016",809
"ENSRNOG00000025327",53
"ENSRNOG00000016136",0
"ENSRNOG00000012344",5
"ENSRNOG00000018446",0
"ENSRNOG00000070172",3
"ENSRNOG00000063986",7
"ENSRNOG00000015220",0
"ENSRNOG00000020124",83
"ENSRNOG00000064947",5
"ENSRNOG00000062358",12
"ENSRNOG00000062531",157
"ENSRNOG00000020646",3133
"ENSRNOG00000043060",497
"ENSRNOG00000017938",2079
"ENSRNOG00000039776",795
"ENSRNOG00000066254",6
"ENSRNOG00000053659",1511
"ENSRNOG00000070447",0
"ENSRNOG00000000417",2164
"ENSRNOG00000018243",2699
"ENSRNOG00000012719",0
"ENSRNOG00000015159",40
"ENSRNOG00000064454",0
"ENSRNOG00000033609",0
"ENSRNOG00000022994",4
"ENSRNOG00000070229",0
"ENSRNOG00000015213",590
"ENSRNOG00000027590",2
"ENSRNOG00000036608",109
"ENSRNOG00000021203",5663
"ENSRNOG00000020150",150
"ENSRNOG00000019570",174
"ENSRNOG00000009146",0
"ENSRNOG00000021006",1719
"ENSRNOG00000066743",0
"ENSRNOG00000012609",0
"ENSRNOG00000024073",2
"ENSRNOG00000068261",3
"ENSRNOG00000020009",65
"ENSRNOG00000037380",7229
"ENSRNOG00000020175",365
"ENSRNOG00000018476",385
"ENSRNOG00000052393",1407
"ENSRNOG00000048297",6257
"ENSRNOG00000062334",0
"ENSRNOG00000011074",0
"ENSRNOG00000039743",0
"ENSRNOG00000021164",6167
"ENSRNOG00000020188",52
"ENSRNOG00000021009",27
"ENSRNOG00000066713",4
"ENSRNOG00000020932",0
"ENSRNOG00000015676",473
"ENSRNOG00000018827",0
"ENSRNOG00000011243",0
"ENSRNOG00000020242",0
"ENSRNOG00000018129",3210
"ENSRNOG00000057173",0
"ENSRNOG00000021015",94
"ENSRNOG00000020668",2446
"ENSRNOG00000020251",0
"ENSRNOG00000014037",20
"ENSRNOG00000013443",7998
"ENSRNOG00000020293",0
"ENSRNOG00000019302",693
"ENSRNOG00000022673",9
"ENSRNOG00000021079",123
"ENSRNOG00000069673",1510
"ENSRNOG00000016301",348
"ENSRNOG00000048275",4
"ENSRNOG00000021158",315
"ENSRNOG00000021087",7
"ENSRNOG00000017469",23060
"ENSRNOG00000011310",275
"ENSRNOG00000023023",310
"ENSRNOG00000021161",2
"ENSRNOG00000014463",2035
"ENSRNOG00000020196",1
"ENSRNOG00000018367",2154
"ENSRNOG00000015321",3
"ENSRNOG00000012229",0
"ENSRNOG00000027646",486
"ENSRNOG00000067737",41
"ENSRNOG00000013291",1
"ENSRNOG00000027102",0
"ENSRNOG00000014431",235
"ENSRNOG00000019846",0
"ENSRNOG00000014455",52
"ENSRNOG00000011399",31
"ENSRNOG00000024172",0
"ENSRNOG00000011885",104
"ENSRNOG00000068973",0
"ENSRNOG00000019807",2361
"ENSRNOG00000064127",0
"ENSRNOG00000062966",0
"ENSRNOG00000066810",0
"ENSRNOG00000063903",17
"ENSRNOG00000070586",2
"ENSRNOG00000048904",0
"ENSRNOG00000048469",0
"ENSRNOG00000033517",43459
"ENSRNOG00000060849",341
"ENSRNOG00000055111",463
"ENSRNOG00000070755",0
"ENSRNOG00000052814",1167
"ENSRNOG00000026462",34
"ENSRNOG00000024140",1196
"ENSRNOG00000025982",0
"ENSRNOG00000024620",24
"ENSRNOG00000046438",3
"ENSRNOG00000068524",30
"ENSRNOG00000026096",0
"ENSRNOG00000069618",9
"ENSRNOG00000012415",1280
"ENSRNOG00000022393",178
"ENSRNOG00000062917",0
"ENSRNOG00000070320",0
"ENSRNOG00000013309",7
"ENSRNOG00000063959",0
"ENSRNOG00000012964",0
"ENSRNOG00000021129",1849
"ENSRNOG00000064447",0
"ENSRNOG00000068797",0
"ENSRNOG00000066235",0
"ENSRNOG00000071165",0
"ENSRNOG00000068198",1
"ENSRNOG00000013053",21
"ENSRNOG00000071181",0
"ENSRNOG00000070215",0
"ENSRNOG00000039869",0
"ENSRNOG00000070245",0
"ENSRNOG00000065068",77
"ENSRNOG00000029877",0
"ENSRNOG00000016930",1273
"ENSRNOG00000061741",0
"ENSRNOG00000067750",0
"ENSRNOG00000046431",0
"ENSRNOG00000029336",709
"ENSRNOG00000064505",15
"ENSRNOG00000038600",49
"ENSRNOG00000033265",2
"ENSRNOG00000023531",7
"ENSRNOG00000053259",7
"ENSRNOG00000052093",0
"ENSRNOG00000018250",1
"ENSRNOG00000029022",78
"ENSRNOG00000064083",0
"ENSRNOG00000021184",1130
"ENSRNOG00000012847",10
"ENSRNOG00000054409",0
"ENSRNOG00000065539",756
"ENSRNOG00000067600",0
"ENSRNOG00000012858",9
"ENSRNOG00000051237",26
"ENSRNOG00000069178",3
"ENSRNOG00000068768",0
"ENSRNOG00000026033",0
"ENSRNOG00000025949",0
"ENSRNOG00000033173",17
"ENSRNOG00000068100",64
"ENSRNOG00000066178",0
"ENSRNOG00000066405",0
"ENSRNOG00000020884",28
"ENSRNOG00000024376",225
"ENSRNOG00000068732",0
"ENSRNOG00000066645",0
"ENSRNOG00000066415",182
"ENSRNOG00000064905",45
"ENSRNOG00000063144",101
"ENSRNOG00000020020",4194
"ENSRNOG00000038647",0
"ENSRNOG00000071050",134
"ENSRNOG00000064652",36
"ENSRNOG00000063370",0
"ENSRNOG00000065440",0
"ENSRNOG00000032913",201
"ENSRNOG00000026387",2
"ENSRNOG00000052945",1160
"ENSRNOG00000017367",5
"ENSRNOG00000046439",456
"ENSRNOG00000026569",9
"ENSRNOG00000047748",0
"ENSRNOG00000028767",2
"ENSRNOG00000033755",0
"ENSRNOG00000049810",0
"ENSRNOG00000070461",0
"ENSRNOG00000032062",0
"ENSRNOG00000010967",1669
"ENSRNOG00000062629",82
"ENSRNOG00000049902",0
"ENSRNOG00000016218",3002
"ENSRNOG00000033146",1009
"ENSRNOG00000057670",0
"ENSRNOG00000027855",0
"ENSRNOG00000017804",7
"ENSRNOG00000016284",0
"ENSRNOG00000066198",64
"ENSRNOG00000067742",7
"ENSRNOG00000027843",0
"ENSRNOG00000017299",1416
"ENSRNOG00000060745",0
"ENSRNOG00000027096",4
"ENSRNOG00000016274",605
"ENSRNOG00000016023",5059
"ENSRNOG00000016829",808
"ENSRNOG00000013165",608
"ENSRNOG00000016877",39
"ENSRNOG00000015442",7373
"ENSRNOG00000067909",82
"ENSRNOG00000066409",6
"ENSRNOG00000065158",5
"ENSRNOG00000069688",0
"ENSRNOG00000017810",313
"ENSRNOG00000069979",0
"ENSRNOG00000015491",470
"ENSRNOG00000050348",225
"ENSRNOG00000064948",0
"ENSRNOG00000020945",0
"ENSRNOG00000068548",0
"ENSRNOG00000017127",16174
"ENSRNOG00000025857",0
"ENSRNOG00000069446",3
"ENSRNOG00000065923",0
"ENSRNOG00000017837",198
"ENSRNOG00000053536",0
"ENSRNOG00000032117",0
"ENSRNOG00000053828",531
"ENSRNOG00000063305",0
"ENSRNOG00000068574",650
"ENSRNOG00000038479",0
"ENSRNOG00000052506",4556
"ENSRNOG00000025061",401
"ENSRNOG00000013813",437
"ENSRNOG00000027942",2
"ENSRNOG00000012156",874
"ENSRNOG00000020723",2297
"ENSRNOG00000030698",14
"ENSRNOG00000020857",1586
"ENSRNOG00000069660",0
"ENSRNOG00000012665",373
"ENSRNOG00000018708",3222
"ENSRNOG00000038622",383
"ENSRNOG00000018561",2126
"ENSRNOG00000067958",0
"ENSRNOG00000059303",0
"ENSRNOG00000067320",0
"ENSRNOG00000015156",0
"ENSRNOG00000068676",0
"ENSRNOG00000016302",609
"ENSRNOG00000027733",0
"ENSRNOG00000017872",22
"ENSRNOG00000056753",1415
"ENSRNOG00000069605",561
"ENSRNOG00000059074",0
"ENSRNOG00000018729",1621
"ENSRNOG00000042441",0
"ENSRNOG00000016377",114
"ENSRNOG00000018642",1217
"ENSRNOG00000018752",373
"ENSRNOG00000013256",1661
"ENSRNOG00000031628",53
"ENSRNOG00000018718",530
"ENSRNOG00000067708",0
"ENSRNOG00000061147",194
"ENSRNOG00000030934",0
"ENSRNOG00000018765",776
"ENSRNOG00000016279",4
"ENSRNOG00000016656",5
"ENSRNOG00000013828",230
"ENSRNOG00000065524",0
"ENSRNOG00000013967",2
"ENSRNOG00000066970",0
"ENSRNOG00000028628",1020
"ENSRNOG00000018066",406
"ENSRNOG00000046037",0
"ENSRNOG00000048166",255
"ENSRNOG00000013615",0
"ENSRNOG00000014891",785
"ENSRNOG00000069460",0
"ENSRNOG00000026048",8549
"ENSRNOG00000016635",983
"ENSRNOG00000016750",3
"ENSRNOG00000068064",0
"ENSRNOG00000060867",0
"ENSRNOG00000019448",0
"ENSRNOG00000064189",0
"ENSRNOG00000047349",1
"ENSRNOG00000015932",690
"ENSRNOG00000025781",3
"ENSRNOG00000020305",0
"ENSRNOG00000018119",277
"ENSRNOG00000016112",59
"ENSRNOG00000011287",2371
"ENSRNOG00000017944",114
"ENSRNOG00000014109",1707
"ENSRNOG00000018598",460
"ENSRNOG00000016456",28
"ENSRNOG00000013519",4
"ENSRNOG00000042826",74
"ENSRNOG00000017901",0
"ENSRNOG00000025805",23
"ENSRNOG00000028807",0
"ENSRNOG00000063577",404
"ENSRNOG00000018327",5
"ENSRNOG00000064335",0
"ENSRNOG00000058436",2
"ENSRNOG00000062591",24
"ENSRNOG00000043341",186
"ENSRNOG00000016075",0
"ENSRNOG00000042547",566
"ENSRNOG00000070251",0
"ENSRNOG00000017349",748
"ENSRNOG00000067912",0
"ENSRNOG00000064925",0
"ENSRNOG00000020567",3088
"ENSRNOG00000069718",0
"ENSRNOG00000024602",863
"ENSRNOG00000055996",0
"ENSRNOG00000070809",0
"ENSRNOG00000071097",0
"ENSRNOG00000017751",3610
"ENSRNOG00000036585",402
"ENSRNOG00000015707",0
"ENSRNOG00000063051",0
"ENSRNOG00000020455",8
"ENSRNOG00000018384",5297
"ENSRNOG00000017645",3
"ENSRNOG00000065599",0
"ENSRNOG00000019721",1022
"ENSRNOG00000046602",14
"ENSRNOG00000020460",1712
"ENSRNOG00000055581",0
"ENSRNOG00000027491",7293
"ENSRNOG00000020047",393
"ENSRNOG00000053450",18754
"ENSRNOG00000020813",14539
"ENSRNOG00000068980",0
"ENSRNOG00000020463",323
"ENSRNOG00000064987",1
"ENSRNOG00000017822",3887
"ENSRNOG00000027705",1
"ENSRNOG00000063376",0
"ENSRNOG00000056257",14
"ENSRNOG00000062727",0
"ENSRNOG00000068906",0
"ENSRNOG00000012566",0
"ENSRNOG00000070874",0
"ENSRNOG00000058842",109
"ENSRNOG00000065537",0
"ENSRNOG00000036624",0
"ENSRNOG00000064964",0
"ENSRNOG00000023668",1595
"ENSRNOG00000048635",0
"ENSRNOG00000066840",4
"ENSRNOG00000020998",6
"ENSRNOG00000046455",43
"ENSRNOG00000051262",1
"ENSRNOG00000029588",4
"ENSRNOG00000068723",0
"ENSRNOG00000015254",0
"ENSRNOG00000002641",0
"ENSRNOG00000042030",0
"ENSRNOG00000054417",0
"ENSRNOG00000047884",0
"ENSRNOG00000069076",0
"ENSRNOG00000068098",3
"ENSRNOG00000051570",48
"ENSRNOG00000016117",24887
"ENSRNOG00000029702",0
"ENSRNOG00000050994",3078
"ENSRNOG00000070857",7
"ENSRNOG00000069762",1
"ENSRNOG00000055229",15898
"ENSRNOG00000019170",2
"ENSRNOG00000067209",0
"ENSRNOG00000020475",389
"ENSRNOG00000020993",0
"ENSRNOG00000042620",9688
"ENSRNOG00000066489",8
"ENSRNOG00000014650",492
"ENSRNOG00000069067",0
"ENSRNOG00000027564",13
"ENSRNOG00000038674",0
"ENSRNOG00000021001",6
"ENSRNOG00000063294",0
"ENSRNOG00000067618",107
"ENSRNOG00000069466",2
"ENSRNOG00000062655",0
"ENSRNOG00000014890",2263
"ENSRNOG00000014041",218
"ENSRNOG00000015071",4
"ENSRNOG00000021150",1418
"ENSRNOG00000057050",0
"ENSRNOG00000018944",336
"ENSRNOG00000021005",1064
"ENSRNOG00000014935",803
"ENSRNOG00000058422",42
"ENSRNOG00000016833",7086
"ENSRNOG00000067452",0
"ENSRNOG00000054371",44
"ENSRNOG00000056038",2270
"ENSRNOG00000058909",4558
"ENSRNOG00000032891",0
"ENSRNOG00000059572",1839
"ENSRNOG00000012110",13
"ENSRNOG00000052600",2369
"ENSRNOG00000059741",11
"ENSRNOG00000061893",271
"ENSRNOG00000053728",1120
"ENSRNOG00000053234",1706
"ENSRNOG00000025523",930
"ENSRNOG00000061039",193
"ENSRNOG00000020975",596
"ENSRNOG00000056098",335
"ENSRNOG00000060293",205
"ENSRNOG00000014816",19
"ENSRNOG00000069294",0
"ENSRNOG00000070866",0
"ENSRNOG00000017406",2441
"ENSRNOG00000057895",0
"ENSRNOG00000055716",20
"ENSRNOG00000025520",0
"ENSRNOG00000063395",380
"ENSRNOG00000070567",6
"ENSRNOG00000021996",0
"ENSRNOG00000022273",635
"ENSRNOG00000057848",0
"ENSRNOG00000034078",1769
"ENSRNOG00000013552",3610
"ENSRNOG00000054438",49
"ENSRNOG00000065831",0
"ENSRNOG00000069540",0
"ENSRNOG00000062686",380
"ENSRNOG00000021913",0
"ENSRNOG00000065082",0
"ENSRNOG00000064874",0
"ENSRNOG00000011130",0
"ENSRNOG00000064372",0
"ENSRNOG00000017136",15
"ENSRNOG00000054736",0
"ENSRNOG00000017321",549
"ENSRNOG00000065884",0
"ENSRNOG00000065811",0
"ENSRNOG00000055093",240
"ENSRNOG00000012258",616
"ENSRNOG00000067119",0
"ENSRNOG00000066547",0
"ENSRNOG00000020950",4070
"ENSRNOG00000064803",0
"ENSRNOG00000013413",20
"ENSRNOG00000021727",0
"ENSRNOG00000067432",0
"ENSRNOG00000071139",0
"ENSRNOG00000070422",894
"ENSRNOG00000063336",0
"ENSRNOG00000067548",0
"ENSRNOG00000015124",3678
"ENSRNOG00000069535",0
"ENSRNOG00000068073",0
"ENSRNOG00000020562",489
"ENSRNOG00000066194",0
"ENSRNOG00000030210",132
"ENSRNOG00000070026",0
"ENSRNOG00000066085",1
"ENSRNOG00000018494",1497
"ENSRNOG00000065915",0
"ENSRNOG00000063465",0
"ENSRNOG00000024239",7220
"ENSRNOG00000065984",0
"ENSRNOG00000069148",0
"ENSRNOG00000021007",990
"ENSRNOG00000069937",0
"ENSRNOG00000012736",635
"ENSRNOG00000027423",0
"ENSRNOG00000015137",78
"ENSRNOG00000010230",1477
"ENSRNOG00000058003",9930
"ENSRNOG00000015743",0
"ENSRNOG00000020980",0
"ENSRNOG00000024712",0
"ENSRNOG00000019048",1049
"ENSRNOG00000015671",1
"ENSRNOG00000008890",96
"ENSRNOG00000019091",1908
"ENSRNOG00000019534",4473
"ENSRNOG00000015724",19
"ENSRNOG00000063495",0
"ENSRNOG00000032554",156
"ENSRNOG00000065646",0
"ENSRNOG00000009460",2283
"ENSRNOG00000068072",0
"ENSRNOG00000014253",0
"ENSRNOG00000021010",566
"ENSRNOG00000064951",0
"ENSRNOG00000019189",1104
"ENSRNOG00000018532",759
"ENSRNOG00000009812",2947
"ENSRNOG00000067757",0
"ENSRNOG00000010958",3171
"ENSRNOG00000014940",0
"ENSRNOG00000013975",120
"ENSRNOG00000062728",541
"ENSRNOG00000018704",3207
"ENSRNOG00000069754",0
"ENSRNOG00000062573",4193
"ENSRNOG00000014160",1066
"ENSRNOG00000017908",0
"ENSRNOG00000042232",0
"ENSRNOG00000020892",6311
"ENSRNOG00000014582",1037
"ENSRNOG00000013817",0
"ENSRNOG00000048562",935
"ENSRNOG00000060136",0
"ENSRNOG00000056817",5
"ENSRNOG00000023140",19
"ENSRNOG00000051680",1047
"ENSRNOG00000014971",7
"ENSRNOG00000029810",3789
"ENSRNOG00000053141",12
"ENSRNOG00000061215",15
"ENSRNOG00000042084",5
"ENSRNOG00000020446",22
"ENSRNOG00000014590",0
"ENSRNOG00000019103",529
"ENSRNOG00000025793",496
"ENSRNOG00000020025",906
"ENSRNOG00000010427",4283
"ENSRNOG00000036647",0
"ENSRNOG00000027770",2716
"ENSRNOG00000019890",0
"ENSRNOG00000043296",0
"ENSRNOG00000017403",70
"ENSRNOG00000017976",0
"ENSRNOG00000017964",0
"ENSRNOG00000036601",138
"ENSRNOG00000015516",190
"ENSRNOG00000018262",92
"ENSRNOG00000046181",6
"ENSRNOG00000047945",0
"ENSRNOG00000029501",1
"ENSRNOG00000025444",0
"ENSRNOG00000069966",3
"ENSRNOG00000063879",0
"ENSRNOG00000017158",9468
"ENSRNOG00000071021",0
"ENSRNOG00000018468",4184
"ENSRNOG00000036675",4
"ENSRNOG00000047386",5829
"ENSRNOG00000019372",768
"ENSRNOG00000017977",6267
"ENSRNOG00000063613",783
"ENSRNOG00000017767",6919
"ENSRNOG00000017524",0
"ENSRNOG00000018020",440
"ENSRNOG00000042552",0
"ENSRNOG00000013176",1466
"ENSRNOG00000009523",708
"ENSRNOG00000018257",46
"ENSRNOG00000051957",353
"ENSRNOG00000016980",0
"ENSRNOG00000015368",0
"ENSRNOG00000031211",0
"ENSRNOG00000015894",3950
"ENSRNOG00000043225",818
"ENSRNOG00000013744",269
"ENSRNOG00000019356",661
"ENSRNOG00000013713",0
"ENSRNOG00000026579",19
"ENSRNOG00000013591",21
"ENSRNOG00000069185",1978
"ENSRNOG00000019708",1262
"ENSRNOG00000014652",0
"ENSRNOG00000026086",0
"ENSRNOG00000019745",14
"ENSRNOG00000013290",25
"ENSRNOG00000015716",0
"ENSRNOG00000019468",6
"ENSRNOG00000030682",0
"ENSRNOG00000019825",145
"ENSRNOG00000013934",1681
"ENSRNOG00000020300",368
"ENSRNOG00000019832",1202
"ENSRNOG00000016063",3074
"ENSRNOG00000051534",28
"ENSRNOG00000012911",1606
"ENSRNOG00000070529",2
"ENSRNOG00000059968",1020
"ENSRNOG00000070112",872
"ENSRNOG00000031485",397
"ENSRNOG00000036758",62
"ENSRNOG00000020113",1282
"ENSRNOG00000016013",366
"ENSRNOG00000019693",409
"ENSRNOG00000070449",0
"ENSRNOG00000063290",0
"ENSRNOG00000020332",112
"ENSRNOG00000015444",0
"ENSRNOG00000018604",1816
"ENSRNOG00000047871",0
"ENSRNOG00000060070",0
"ENSRNOG00000016986",0
"ENSRNOG00000049181",866
"ENSRNOG00000062507",0
"ENSRNOG00000069683",12
"ENSRNOG00000021766",0
"ENSRNOG00000062932",0
"ENSRNOG00000030215",0
"ENSRNOG00000015673",0
"ENSRNOG00000066644",0
"ENSRNOG00000069369",66
"ENSRNOG00000047528",0
"ENSRNOG00000042648",0
"ENSRNOG00000015689",0
"ENSRNOG00000036742",4523
"ENSRNOG00000015310",58
"ENSRNOG00000027456",30
"ENSRNOG00000067622",0
"ENSRNOG00000069448",0
"ENSRNOG00000016292",17
"ENSRNOG00000019950",185
"ENSRNOG00000019794",0
"ENSRNOG00000017260",606
"ENSRNOG00000064034",0
"ENSRNOG00000020010",203
"ENSRNOG00000016343",111
"ENSRNOG00000032929",406
"ENSRNOG00000028473",0
"ENSRNOG00000021332",0
"ENSRNOG00000027213",6
"ENSRNOG00000019613",0
"ENSRNOG00000057003",0
"ENSRNOG00000015811",0
"ENSRNOG00000026942",1773
"ENSRNOG00000066182",0
"ENSRNOG00000070041",0
"ENSRNOG00000024144",2162
"ENSRNOG00000011001",0
"ENSRNOG00000016748",755
"ENSRNOG00000064264",0
"ENSRNOG00000070311",0
"ENSRNOG00000017622",1736
"ENSRNOG00000010752",601
"ENSRNOG00000062870",1020
"ENSRNOG00000023833",0
"ENSRNOG00000019662",171
"ENSRNOG00000062971",0
"ENSRNOG00000017039",0
"ENSRNOG00000020179",1764
"ENSRNOG00000064434",0
"ENSRNOG00000026754",2235
"ENSRNOG00000018164",3863
"ENSRNOG00000009910",576
"ENSRNOG00000029740",8
"ENSRNOG00000026503",13
"ENSRNOG00000019740",1078
"ENSRNOG00000017241",482
"ENSRNOG00000036572",163
"ENSRNOG00000046211",402
"ENSRNOG00000022619",30453
"ENSRNOG00000022732",372
"ENSRNOG00000020248",0
"ENSRNOG00000020376",893
"ENSRNOG00000020339",41
"ENSRNOG00000047545",8
"ENSRNOG00000020346",1
"ENSRNOG00000036633",15
"ENSRNOG00000014574",173
"ENSRNOG00000015235",109
"ENSRNOG00000020349",150
"ENSRNOG00000020353",2996
"ENSRNOG00000050585",18090
"ENSRNOG00000048708",713
"ENSRNOG00000014758",0
"ENSRNOG00000020385",2348
"ENSRNOG00000016172",2807
"ENSRNOG00000046530",1079
"ENSRNOG00000017438",25
"ENSRNOG00000045752",1527
"ENSRNOG00000012552",1902
"ENSRNOG00000066831",0
"ENSRNOG00000015082",13
"ENSRNOG00000022099",3
"ENSRNOG00000020440",2651
"ENSRNOG00000012584",38
"ENSRNOG00000012820",2416
"ENSRNOG00000053923",1875
"ENSRNOG00000057989",2
"ENSRNOG00000022635",422
"ENSRNOG00000046769",1717
"ENSRNOG00000024194",860
"ENSRNOG00000026204",3351
"ENSRNOG00000067387",15
"ENSRNOG00000015221",17347
"ENSRNOG00000010915",3619
"ENSRNOG00000066141",0
"ENSRNOG00000015713",7047
"ENSRNOG00000063805",0
"ENSRNOG00000016948",3756
"ENSRNOG00000068578",0
"ENSRNOG00000067647",0
"ENSRNOG00000020424",266
"ENSRNOG00000017656",0
"ENSRNOG00000046566",8
"ENSRNOG00000057623",5576
"ENSRNOG00000012763",634
"ENSRNOG00000017201",1335
"ENSRNOG00000014691",60
"ENSRNOG00000056216",1803
"ENSRNOG00000011745",3176
"ENSRNOG00000070303",408
"ENSRNOG00000056562",182
"ENSRNOG00000018917",0
"ENSRNOG00000065255",14
"ENSRNOG00000070494",0
"ENSRNOG00000011339",3742
"ENSRNOG00000018311",0
"ENSRNOG00000031643",21
"ENSRNOG00000019667",391
"ENSRNOG00000025122",2
"ENSRNOG00000019369",483
"ENSRNOG00000069983",0
"ENSRNOG00000027030",159
"ENSRNOG00000047988",615
"ENSRNOG00000019430",0
"ENSRNOG00000012206",4019
"ENSRNOG00000030807",9591
"ENSRNOG00000019751",7
"ENSRNOG00000014629",291
"ENSRNOG00000017609",1
"ENSRNOG00000017679",1
"ENSRNOG00000047098",0
"ENSRNOG00000064069",0
"ENSRNOG00000050846",296
"ENSRNOG00000066296",0
"ENSRNOG00000062356",0
"ENSRNOG00000051291",251
"ENSRNOG00000069200",0
"ENSRNOG00000069439",0
"ENSRNOG00000071029",0
"ENSRNOG00000061299",0
"ENSRNOG00000070394",0
"ENSRNOG00000030879",0
"ENSRNOG00000030784",0
"ENSRNOG00000029286",0
"ENSRNOG00000029051",0
"ENSRNOG00000016661",0
"ENSRNOG00000024877",0
"ENSRNOG00000024789",0
"ENSRNOG00000068326",0
"ENSRNOG00000042948",0
"ENSRNOG00000064922",0
"ENSRNOG00000017362",0
"ENSRNOG00000056658",151
"ENSRNOG00000016954",0
"ENSRNOG00000063047",0
"ENSRNOG00000018320",558
"ENSRNOG00000063164",0
"ENSRNOG00000068532",0
"ENSRNOG00000011417",273
"ENSRNOG00000017211",1
"ENSRNOG00000059092",1
"ENSRNOG00000064452",0
"ENSRNOG00000064059",1
"ENSRNOG00000011367",67
"ENSRNOG00000068910",0
"ENSRNOG00000050668",0
"ENSRNOG00000066322",0
"ENSRNOG00000068990",0
"ENSRNOG00000062615",1
"ENSRNOG00000062675",0
"ENSRNOG00000065560",0
"ENSRNOG00000067892",146
"ENSRNOG00000067218",352
"ENSRNOG00000062713",317
"ENSRNOG00000069975",6
"ENSRNOG00000068051",14
"ENSRNOG00000069981",0
"ENSRNOG00000069374",0
"ENSRNOG00000070940",0
"ENSRNOG00000065005",78
"ENSRNOG00000066426",806
"ENSRNOG00000063937",1142
"ENSRNOG00000067172",1715
"ENSRNOG00000064879",1
"ENSRNOG00000058035",0
"ENSRNOG00000070479",2019
"ENSRNOG00000066155",188
"ENSRNOG00000065878",0
"ENSRNOG00000063114",2
"ENSRNOG00000067163",242
"ENSRNOG00000068841",0
"ENSRNOG00000070929",0
"ENSRNOG00000059944",0
"ENSRNOG00000068916",450
"ENSRNOG00000067570",0
"ENSRNOG00000070101",3
"ENSRNOG00000062328",3207
"ENSRNOG00000064552",0
"ENSRNOG00000067881",1
"ENSRNOG00000064807",32
"ENSRNOG00000069055",0
"ENSRNOG00000051306",0
"ENSRNOG00000067339",1
"ENSRNOG00000067663",116
"ENSRNOG00000064639",0
"ENSRNOG00000069106",13
"ENSRNOG00000069402",2
"ENSRNOG00000065123",30
"ENSRNOG00000062444",1
"ENSRNOG00000067329",114
"ENSRNOG00000071111",0
"ENSRNOG00000067102",0
"ENSRNOG00000055337",0
"ENSRNOG00000069973",0
"ENSRNOG00000064113",0
"ENSRNOG00000066818",13
"ENSRNOG00000065637",0
"ENSRNOG00000068440",0
"ENSRNOG00000067503",0
"ENSRNOG00000070062",45
"ENSRNOG00000068946",0
"ENSRNOG00000063598",0
"ENSRNOG00000062906",2
"ENSRNOG00000063366",0
"ENSRNOG00000062481",0
"ENSRNOG00000070843",0
"ENSRNOG00000069440",11
"ENSRNOG00000067183",33
"ENSRNOG00000066241",200
"ENSRNOG00000065487",37
"ENSRNOG00000062362",0
"ENSRNOG00000066597",2
"ENSRNOG00000065497",81
"ENSRNOG00000064891",2
"ENSRNOG00000064120",0
"ENSRNOG00000070679",0
"ENSRNOG00000071072",2
"ENSRNOG00000064798",0
"ENSRNOG00000064347",1
"ENSRNOG00000064053",0
"ENSRNOG00000065910",8
"ENSRNOG00000071115",5
"ENSRNOG00000069803",4
"ENSRNOG00000070123",7
"ENSRNOG00000068585",2
"ENSRNOG00000062831",0
"ENSRNOG00000030886",0
"ENSRNOG00000065190",29
"ENSRNOG00000028449",7609
"ENSRNOG00000063029",0
"ENSRNOG00000060587",320
"ENSRNOG00000070609",0
"ENSRNOG00000070852",0
"ENSRNOG00000063212",0
"ENSRNOG00000066091",38
"ENSRNOG00000060288",8539
"ENSRNOG00000038088",0
"ENSRNOG00000063173",0
"ENSRNOG00000014252",269
"ENSRNOG00000068867",0
"ENSRNOG00000063049",2
"ENSRNOG00000065203",0
"ENSRNOG00000038087",10
"ENSRNOG00000064934",0
"ENSRNOG00000016863",13
"ENSRNOG00000067457",0
"ENSRNOG00000063636",5857
"ENSRNOG00000059444",1
"ENSRNOG00000068957",3
"ENSRNOG00000065335",18
"ENSRNOG00000052871",0
"ENSRNOG00000034106",1502
"ENSRNOG00000065598",0
"ENSRNOG00000050032",0
"ENSRNOG00000068627",0
"ENSRNOG00000064509",0
"ENSRNOG00000050758",509
"ENSRNOG00000070984",0
"ENSRNOG00000065473",0
"ENSRNOG00000066033",422
"ENSRNOG00000066907",0
"ENSRNOG00000065900",0
"ENSRNOG00000070975",0
"ENSRNOG00000066718",0
"ENSRNOG00000053202",0
"ENSRNOG00000047045",592
"ENSRNOG00000065136",0
"ENSRNOG00000002340",8
"ENSRNOG00000024009",0
"ENSRNOG00000032232",850
"ENSRNOG00000062485",18
"ENSRNOG00000030351",132
"ENSRNOG00000019427",0
"ENSRNOG00000065885",117
"ENSRNOG00000037364",59
"ENSRNOG00000012877",0
"ENSRNOG00000031859",3618
"ENSRNOG00000064044",0
"ENSRNOG00000058668",0
"ENSRNOG00000037348",201
"ENSRNOG00000068795",0
"ENSRNOG00000021128",0
"ENSRNOG00000033021",0
"ENSRNOG00000022703",1
"ENSRNOG00000021037",0
"ENSRNOG00000070585",0
"ENSRNOG00000014242",0
"ENSRNOG00000064327",0
"ENSRNOG00000010172",33
"ENSRNOG00000024429",234
"ENSRNOG00000010146",10
"ENSRNOG00000010158",0
"ENSRNOG00000056928",0
"ENSRNOG00000049257",0
"ENSRNOG00000070574",463
"ENSRNOG00000051333",2
"ENSRNOG00000070736",100
"ENSRNOG00000032204",37
"ENSRNOG00000034206",0
"ENSRNOG00000012349",508
"ENSRNOG00000069120",0
"ENSRNOG00000065989",0
"ENSRNOG00000029233",0
"ENSRNOG00000063878",0
"ENSRNOG00000065475",0
"ENSRNOG00000069657",0
"ENSRNOG00000048071",1
"ENSRNOG00000022941",711
"ENSRNOG00000063715",66
"ENSRNOG00000018078",0
"ENSRNOG00000071147",0
"ENSRNOG00000017922",0
"ENSRNOG00000042782",0
"ENSRNOG00000070801",0
"ENSRNOG00000030042",0
"ENSRNOG00000012071",0
"ENSRNOG00000015893",0
"ENSRNOG00000015901",0
"ENSRNOG00000015909",0
"ENSRNOG00000015924",0
"ENSRNOG00000062518",0
"ENSRNOG00000062378",0
"ENSRNOG00000064549",0
"ENSRNOG00000065494",0
"ENSRNOG00000015940",0
"ENSRNOG00000071019",0
"ENSRNOG00000063534",0
"ENSRNOG00000017387",0
"ENSRNOG00000049480",0
"ENSRNOG00000069450",0
"ENSRNOG00000070883",0
"ENSRNOG00000028802",0
"ENSRNOG00000064717",0
"ENSRNOG00000063203",0
"ENSRNOG00000018508",0
"ENSRNOG00000018506",0
"ENSRNOG00000018503",25
"ENSRNOG00000064536",0
"ENSRNOG00000070164",0
"ENSRNOG00000050377",0
"ENSRNOG00000047148",0
"ENSRNOG00000048369",1
"ENSRNOG00000069168",0
"ENSRNOG00000033350",0
"ENSRNOG00000071207",0
"ENSRNOG00000067982",0
"ENSRNOG00000064338",2
"ENSRNOG00000064173",0
"ENSRNOG00000013596",404
"ENSRNOG00000022863",0
"ENSRNOG00000069093",0
"ENSRNOG00000069847",0
"ENSRNOG00000062736",0
"ENSRNOG00000070280",0
"ENSRNOG00000062707",36
"ENSRNOG00000015691",49
"ENSRNOG00000067382",0
"ENSRNOG00000065902",47
"ENSRNOG00000063706",0
"ENSRNOG00000069617",31
"ENSRNOG00000070569",0
"ENSRNOG00000016408",1464
"ENSRNOG00000019455",405
"ENSRNOG00000069092",44
"ENSRNOG00000013790",3284
"ENSRNOG00000020893",729
"ENSRNOG00000062446",0
"ENSRNOG00000062864",14
"ENSRNOG00000068207",146
"ENSRNOG00000068917",5
"ENSRNOG00000065221",0
"ENSRNOG00000053392",0
"ENSRNOG00000066968",0
"ENSRNOG00000066506",0
"ENSRNOG00000062875",64
"ENSRNOG00000009468",1
"ENSRNOG00000063736",32
"ENSRNOG00000069752",0
"ENSRNOG00000067200",3
"ENSRNOG00000064252",1
"ENSRNOG00000052649",8
"ENSRNOG00000067004",96
"ENSRNOG00000000096",340
"ENSRNOG00000014385",22
"ENSRNOG00000011135",649
"ENSRNOG00000022511",0
"ENSRNOG00000066793",692
"ENSRNOG00000066286",0
"ENSRNOG00000065871",2
"ENSRNOG00000065021",172
"ENSRNOG00000069279",30
"ENSRNOG00000062826",3
"ENSRNOG00000062622",0
"ENSRNOG00000068500",1
"ENSRNOG00000009792",0
"ENSRNOG00000052367",0
"ENSRNOG00000015821",3
"ENSRNOG00000052903",0
"ENSRNOG00000069848",0
"ENSRNOG00000067565",9
"ENSRNOG00000014000",625
"ENSRNOG00000067235",81
"ENSRNOG00000064348",0
"ENSRNOG00000070892",0
"ENSRNOG00000070333",8
"ENSRNOG00000028120",280
"ENSRNOG00000062674",102
"ENSRNOG00000016580",5985
"ENSRNOG00000065909",52
"ENSRNOG00000009548",218
"ENSRNOG00000066263",0
"ENSRNOG00000065748",0
"ENSRNOG00000059640",0
"ENSRNOG00000016878",80
"ENSRNOG00000020420",1
"ENSRNOG00000070241",191
"ENSRNOG00000063312",91
"ENSRNOG00000033028",0
"ENSRNOG00000065226",179
"ENSRNOG00000070625",0
"ENSRNOG00000064644",0
"ENSRNOG00000019023",1446
"ENSRNOG00000068287",0
"ENSRNOG00000024213",1557
"ENSRNOG00000038176",1
"ENSRNOG00000067530",0
"ENSRNOG00000069285",0
"ENSRNOG00000064365",0
"ENSRNOG00000070468",0
"ENSRNOG00000050321",819
"ENSRNOG00000020307",0
"ENSRNOG00000065725",14
"ENSRNOG00000068643",0
"ENSRNOG00000069542",86
"ENSRNOG00000069696",2
"ENSRNOG00000067311",1693
"ENSRNOG00000069031",4
"ENSRNOG00000000091",250
"ENSRNOG00000065363",10
"ENSRNOG00000053939",2
"ENSRNOG00000067758",516
"ENSRNOG00000009388",0
"ENSRNOG00000065468",3
"ENSRNOG00000066808",0
"ENSRNOG00000019671",432
"ENSRNOG00000066942",4486
"ENSRNOG00000010342",0
"ENSRNOG00000067397",15
"ENSRNOG00000065602",6348
"ENSRNOG00000069177",1
"ENSRNOG00000016387",971
"ENSRNOG00000013282",1
"ENSRNOG00000064826",34
"ENSRNOG00000009555",30
"ENSRNOG00000063292",0
"ENSRNOG00000063898",27
"ENSRNOG00000062616",0
"ENSRNOG00000063887",0
"ENSRNOG00000069709",622
"ENSRNOG00000062733",36
"ENSRNOG00000013886",0
"ENSRNOG00000047137",3481
"ENSRNOG00000000095",484
"ENSRNOG00000026059",9
"ENSRNOG00000058324",0
"ENSRNOG00000066623",28
"ENSRNOG00000064711",32
"ENSRNOG00000050343",551
"ENSRNOG00000067315",116
"ENSRNOG00000016872",6
"ENSRNOG00000065873",111
"ENSRNOG00000065683",48
"ENSRNOG00000067598",2
"ENSRNOG00000046947",13
"ENSRNOG00000069186",3
"ENSRNOG00000064998",40
"ENSRNOG00000071162",0
"ENSRNOG00000032002",9
"ENSRNOG00000042222",0
"ENSRNOG00000062522",0
"ENSRNOG00000010482",1
"ENSRNOG00000060538",210
"ENSRNOG00000015226",726
"ENSRNOG00000017376",0
"ENSRNOG00000019296",6
"ENSRNOG00000042814",27
"ENSRNOG00000069952",0
"ENSRNOG00000061414",0
"ENSRNOG00000065240",0
"ENSRNOG00000025219",0
"ENSRNOG00000042068",242
"ENSRNOG00000062390",0
"ENSRNOG00000070868",3
"ENSRNOG00000064965",27
"ENSRNOG00000048043",4623
"ENSRNOG00000065997",0
"ENSRNOG00000017998",0
"ENSRNOG00000009533",3
"ENSRNOG00000068387",2
"ENSRNOG00000067940",35
"ENSRNOG00000062438",289
"ENSRNOG00000063006",1
"ENSRNOG00000017105",0
"ENSRNOG00000064627",11
"ENSRNOG00000069885",0
"ENSRNOG00000062326",28
"ENSRNOG00000027089",970
"ENSRNOG00000065278",44
"ENSRNOG00000021157",2
"ENSRNOG00000064828",390
"ENSRNOG00000031247",19
"ENSRNOG00000060329",383
"ENSRNOG00000066816",3
"ENSRNOG00000068223",3
"ENSRNOG00000069675",0
"ENSRNOG00000049523",12
"ENSRNOG00000054767",1
"ENSRNOG00000015925",502
"ENSRNOG00000062883",406
"ENSRNOG00000066664",0
"ENSRNOG00000060159",0
"ENSRNOG00000070570",0
"ENSRNOG00000042536",466
"ENSRNOG00000071119",101
"ENSRNOG00000011107",0
"ENSRNOG00000066610",0
"ENSRNOG00000021176",1303
"ENSRNOG00000043478",0
"ENSRNOG00000059822",0
"ENSRNOG00000021110",1
"ENSRNOG00000065721",0
"ENSRNOG00000065245",0
"ENSRNOG00000018068",53
"ENSRNOG00000064913",0
"ENSRNOG00000061462",1
"ENSRNOG00000020330",295
"ENSRNOG00000057843",0
"ENSRNOG00000058131",0
"ENSRNOG00000017874",4
"ENSRNOG00000057642",0
"ENSRNOG00000040166",0
"ENSRNOG00000011973",181
"ENSRNOG00000051936",0
"ENSRNOG00000069295",0
"ENSRNOG00000024119",0
"ENSRNOG00000021216",667
"ENSRNOG00000021209",178
"ENSRNOG00000068641",0
"ENSRNOG00000063406",47
"ENSRNOG00000068490",0
"ENSRNOG00000067384",6
"ENSRNOG00000067753",313
"ENSRNOG00000051788",0
"ENSRNOG00000069895",128
"ENSRNOG00000063097",8
"ENSRNOG00000067563",18
"ENSRNOG00000054205",0
"ENSRNOG00000064855",26
"ENSRNOG00000020315",195
"ENSRNOG00000054960",0
"ENSRNOG00000064079",0
"ENSRNOG00000053777",0
"ENSRNOG00000033741",299
"ENSRNOG00000068985",192
"ENSRNOG00000011006",0
"ENSRNOG00000013055",772
"ENSRNOG00000065558",0
"ENSRNOG00000068929",0
"ENSRNOG00000058232",0
"ENSRNOG00000056816",1
"ENSRNOG00000063703",0
"ENSRNOG00000045617",0
"ENSRNOG00000028373",0
"ENSRNOG00000068820",1
"ENSRNOG00000055436",0
"ENSRNOG00000066523",1
"ENSRNOG00000021181",2678
"ENSRNOG00000069313",0
"ENSRNOG00000069153",0
"ENSRNOG00000010698",1
"ENSRNOG00000064070",160
"ENSRNOG00000069388",0
"ENSRNOG00000070873",0
"ENSRNOG00000068992",0
"ENSRNOG00000042477",0
"ENSRNOG00000070757",31
"ENSRNOG00000056329",0
"ENSRNOG00000055198",0
"ENSRNOG00000064202",1
"ENSRNOG00000067555",298
"ENSRNOG00000019785",700
"ENSRNOG00000056690",0
"ENSRNOG00000070421",0
"ENSRNOG00000068393",0
"ENSRNOG00000056646",0
"ENSRNOG00000032959",311
"ENSRNOG00000048440",0
"ENSRNOG00000061110",0
"ENSRNOG00000069077",0
"ENSRNOG00000069997",0
"ENSRNOG00000066880",7
"ENSRNOG00000070475",0
"ENSRNOG00000068330",70
"ENSRNOG00000060028",0
"ENSRNOG00000068040",35
"ENSRNOG00000054583",0
"ENSRNOG00000066083",1
"ENSRNOG00000021213",3713
"ENSRNOG00000016306",21
"ENSRNOG00000066136",6
"ENSRNOG00000070258",0
"ENSRNOG00000013217",584
"ENSRNOG00000067289",0
"ENSRNOG00000057368",0
"ENSRNOG00000021324",98
"ENSRNOG00000063809",0
"ENSRNOG00000021201",9479
"ENSRNOG00000011627",4582
"ENSRNOG00000063982",0
"ENSRNOG00000062497",0
"ENSRNOG00000065416",20
"ENSRNOG00000060411",0
"ENSRNOG00000013240",6
"ENSRNOG00000065216",0
"ENSRNOG00000056120",0
"ENSRNOG00000063403",5
"ENSRNOG00000054575",0
"ENSRNOG00000020444",3
"ENSRNOG00000070219",17
"ENSRNOG00000067677",0
"ENSRNOG00000071142",0
"ENSRNOG00000055120",0
"ENSRNOG00000065979",0
"ENSRNOG00000019780",0
"ENSRNOG00000038825",0
"ENSRNOG00000057342",0
"ENSRNOG00000012957",2941
"ENSRNOG00000065491",2
"ENSRNOG00000056100",0
"ENSRNOG00000019607",3
"ENSRNOG00000063429",0
"ENSRNOG00000031136",0
"ENSRNOG00000051599",0
"ENSRNOG00000021217",99
"ENSRNOG00000048118",156
"ENSRNOG00000067913",1
"ENSRNOG00000052781",0
"ENSRNOG00000010023",443
"ENSRNOG00000067456",0
"ENSRNOG00000061186",22
"ENSRNOG00000059078",0
"ENSRNOG00000062746",57
"ENSRNOG00000068782",1
"ENSRNOG00000069042",0
"ENSRNOG00000052362",0
"ENSRNOG00000009899",1025
"ENSRNOG00000068875",0
"ENSRNOG00000067196",2
"ENSRNOG00000040201",10
"ENSRNOG00000066259",1
"ENSRNOG00000070273",0
"ENSRNOG00000060127",0
"ENSRNOG00000068448",761
"ENSRNOG00000052744",0
"ENSRNOG00000048363",0
"ENSRNOG00000060714",0
"ENSRNOG00000068328",3
"ENSRNOG00000071052",0
"ENSRNOG00000059759",1
"ENSRNOG00000069951",0
"ENSRNOG00000016298",201
"ENSRNOG00000068355",0
"ENSRNOG00000019465",3565
"ENSRNOG00000055500",0
"ENSRNOG00000051151",922
"ENSRNOG00000059152",0
"ENSRNOG00000052314",0
"ENSRNOG00000020360",633
"ENSRNOG00000052578",0
"ENSRNOG00000066052",0
"ENSRNOG00000014867",182
"ENSRNOG00000059800",0
"ENSRNOG00000053743",0
"ENSRNOG00000064002",28
"ENSRNOG00000054258",0
"ENSRNOG00000070560",0
"ENSRNOG00000018969",56
"ENSRNOG00000011951",1735
"ENSRNOG00000070233",2
"ENSRNOG00000019201",804
"ENSRNOG00000009822",303
"ENSRNOG00000065347",0
"ENSRNOG00000012422",124
"ENSRNOG00000018656",8
"ENSRNOG00000064811",0
"ENSRNOG00000012149",223
"ENSRNOG00000024461",0
"ENSRNOG00000050877",203
"ENSRNOG00000016451",14
"ENSRNOG00000021170",305
"ENSRNOG00000028765",0
"ENSRNOG00000032580",0
"ENSRNOG00000024136",239
"ENSRNOG00000063890",0
"ENSRNOG00000063754",0
"ENSRNOG00000013703",320
"ENSRNOG00000061328",256
"ENSRNOG00000012183",942
"ENSRNOG00000064517",0
"ENSRNOG00000069607",0
"ENSRNOG00000030639",335
"ENSRNOG00000015472",0
"ENSRNOG00000043329",18
"ENSRNOG00000029749",0
"ENSRNOG00000017310",265
"ENSRNOG00000016591",863
"ENSRNOG00000014051",1149
"ENSRNOG00000063678",1461
"ENSRNOG00000009949",400
"ENSRNOG00000064861",0
"ENSRNOG00000033830",3
"ENSRNOG00000012471",1
"ENSRNOG00000028225",1
"ENSRNOG00000051480",860
"ENSRNOG00000012799",1545
"ENSRNOG00000020923",251
"ENSRNOG00000018297",6
"ENSRNOG00000026845",6
"ENSRNOG00000033088",2
"ENSRNOG00000015449",0
"ENSRNOG00000057557",0
"ENSRNOG00000012414",1321
"ENSRNOG00000063700",6
"ENSRNOG00000068038",0
"ENSRNOG00000011032",40
"ENSRNOG00000020952",8
"ENSRNOG00000027995",0
"ENSRNOG00000026937",737
"ENSRNOG00000018186",689
"ENSRNOG00000028328",36
"ENSRNOG00000013253",386
"ENSRNOG00000067658",0
"ENSRNOG00000018063",125
"ENSRNOG00000061151",0
"ENSRNOG00000018570",5
"ENSRNOG00000023322",3095
"ENSRNOG00000067445",0
"ENSRNOG00000010640",1
"ENSRNOG00000021173",423
"ENSRNOG00000011800",924
"ENSRNOG00000018662",186
"ENSRNOG00000040297",1040
"ENSRNOG00000036877",6
"ENSRNOG00000013683",722
"ENSRNOG00000011875",2
"ENSRNOG00000056177",0
"ENSRNOG00000023837",398
"ENSRNOG00000055433",245
"ENSRNOG00000012723",29
"ENSRNOG00000031588",2
"ENSRNOG00000028319",187
"ENSRNOG00000012660",82795
"ENSRNOG00000019120",49
"ENSRNOG00000018759",0
"ENSRNOG00000062856",437
"ENSRNOG00000022910",1
"ENSRNOG00000014528",211
"ENSRNOG00000049385",1043
"ENSRNOG00000065504",0
"ENSRNOG00000017077",757
"ENSRNOG00000030704",3695
"ENSRNOG00000014153",1396
"ENSRNOG00000049994",5
"ENSRNOG00000062828",275
"ENSRNOG00000011181",0
"ENSRNOG00000019046",0
"ENSRNOG00000061747",0
"ENSRNOG00000064672",7
"ENSRNOG00000033051",321
"ENSRNOG00000010888",0
"ENSRNOG00000013397",399
"ENSRNOG00000010560",0
"ENSRNOG00000023373",3276
"ENSRNOG00000065262",1
"ENSRNOG00000064597",0
"ENSRNOG00000011763",4523
"ENSRNOG00000013555",2
"ENSRNOG00000026953",2298
"ENSRNOG00000018673",1919
"ENSRNOG00000057707",0
"ENSRNOG00000013393",1161
"ENSRNOG00000009837",284
"ENSRNOG00000030904",1
"ENSRNOG00000018615",36
"ENSRNOG00000018946",977
"ENSRNOG00000020392",385
"ENSRNOG00000021323",123
"ENSRNOG00000012703",0
"ENSRNOG00000042105",0
"ENSRNOG00000057194",0
"ENSRNOG00000065741",0
"ENSRNOG00000065202",1
"ENSRNOG00000029191",41
"ENSRNOG00000068842",0
"ENSRNOG00000047014",192
"ENSRNOG00000069352",2
"ENSRNOG00000020421",0
"ENSRNOG00000065410",0
"ENSRNOG00000011133",0
"ENSRNOG00000066067",0
"ENSRNOG00000015622",400
"ENSRNOG00000011341",657
"ENSRNOG00000048209",0
"ENSRNOG00000013334",1
"ENSRNOG00000020542",2788
"ENSRNOG00000010556",130
"ENSRNOG00000008765",0
"ENSRNOG00000011261",369
"ENSRNOG00000069715",25
"ENSRNOG00000012481",9
"ENSRNOG00000020438",853
"ENSRNOG00000013313",1748
"ENSRNOG00000010866",22
"ENSRNOG00000021012",895
"ENSRNOG00000014333",559
"ENSRNOG00000032224",1
"ENSRNOG00000009491",1545
"ENSRNOG00000010084",3176
"ENSRNOG00000024046",0
"ENSRNOG00000015573",1112
"ENSRNOG00000018236",0
"ENSRNOG00000021670",0
"ENSRNOG00000053325",17
"ENSRNOG00000068970",1
"ENSRNOG00000066474",3
"ENSRNOG00000015678",24
"ENSRNOG00000012199",0
"ENSRNOG00000016146",52
"ENSRNOG00000011383",338
"ENSRNOG00000016842",0
"ENSRNOG00000069649",64
"ENSRNOG00000013662",11
"ENSRNOG00000068087",1
"ENSRNOG00000011977",3002
"ENSRNOG00000025462",333
"ENSRNOG00000016339",3
"ENSRNOG00000008721",0
"ENSRNOG00000053599",1590
"ENSRNOG00000051068",0
"ENSRNOG00000011561",840
"ENSRNOG00000068715",1583
"ENSRNOG00000009581",0
"ENSRNOG00000015969",359
"ENSRNOG00000011440",224
"ENSRNOG00000065357",15
"ENSRNOG00000016262",0
"ENSRNOG00000026989",0
"ENSRNOG00000049819",205
"ENSRNOG00000045649",3052
"ENSRNOG00000017821",0
"ENSRNOG00000020744",1514
"ENSRNOG00000011937",209
"ENSRNOG00000042359",4683
"ENSRNOG00000052116",563
"ENSRNOG00000009487",1
"ENSRNOG00000012478",209
"ENSRNOG00000021410",24
"ENSRNOG00000033162",0
"ENSRNOG00000042535",0
"ENSRNOG00000013411",578
"ENSRNOG00000020058",562
"ENSRNOG00000053086",547
"ENSRNOG00000060626",247
"ENSRNOG00000013719",85
"ENSRNOG00000010280",0
"ENSRNOG00000009057",1472
"ENSRNOG00000016477",811
"ENSRNOG00000019614",18
"ENSRNOG00000013912",1438
"ENSRNOG00000025371",957
"ENSRNOG00000019508",210
"ENSRNOG00000062002",0
"ENSRNOG00000063864",4796
"ENSRNOG00000014323",988
"ENSRNOG00000039473",1
"ENSRNOG00000057322",36
"ENSRNOG00000059842",0
"ENSRNOG00000049676",0
"ENSRNOG00000021088",25
"ENSRNOG00000017969",0
"ENSRNOG00000013692",171
"ENSRNOG00000018285",0
"ENSRNOG00000064164",0
"ENSRNOG00000052613",250
"ENSRNOG00000062777",329
"ENSRNOG00000066056",11
"ENSRNOG00000020778",10
"ENSRNOG00000009433",222
"ENSRNOG00000054294",2458
"ENSRNOG00000008971",0
"ENSRNOG00000042118",1038
"ENSRNOG00000052873",397
"ENSRNOG00000021160",0
"ENSRNOG00000012563",935
"ENSRNOG00000031320",0
"ENSRNOG00000020979",2548
"ENSRNOG00000055986",1
"ENSRNOG00000011238",1202
"ENSRNOG00000042327",0
"ENSRNOG00000029212",44298
"ENSRNOG00000028865",1
"ENSRNOG00000028025",3
"ENSRNOG00000011669",276
"ENSRNOG00000069904",0
"ENSRNOG00000012186",2338
"ENSRNOG00000056697",18
"ENSRNOG00000015089",4
"ENSRNOG00000027522",0
"ENSRNOG00000021092",270
"ENSRNOG00000011844",439
"ENSRNOG00000012124",714
"ENSRNOG00000048342",896
"ENSRNOG00000015250",185
"ENSRNOG00000055846",0
"ENSRNOG00000019737",176
"ENSRNOG00000010797",16
"ENSRNOG00000067644",0
"ENSRNOG00000061390",0
"ENSRNOG00000015279",42
"ENSRNOG00000064744",22
"ENSRNOG00000066555",44
"ENSRNOG00000029966",83
"ENSRNOG00000020791",1123
"ENSRNOG00000037655",243
"ENSRNOG00000069452",18
"ENSRNOG00000014066",594
"ENSRNOG00000023908",0
"ENSRNOG00000014795",75
"ENSRNOG00000028097",5
"ENSRNOG00000018293",876
"ENSRNOG00000015686",1175
"ENSRNOG00000011076",1569
"ENSRNOG00000013389",35
"ENSRNOG00000020373",780
"ENSRNOG00000031656",997
"ENSRNOG00000067662",0
"ENSRNOG00000016686",935
"ENSRNOG00000014052",1
"ENSRNOG00000018003",80
"ENSRNOG00000022707",0
"ENSRNOG00000016260",81
"ENSRNOG00000068153",49
"ENSRNOG00000066128",520
"ENSRNOG00000047620",598
"ENSRNOG00000067576",29
"ENSRNOG00000064952",0
"ENSRNOG00000066501",4
"ENSRNOG00000064838",91
"ENSRNOG00000049662",76
"ENSRNOG00000014414",1
"ENSRNOG00000016252",150
"ENSRNOG00000064105",235
"ENSRNOG00000069130",12
"ENSRNOG00000021185",239
"ENSRNOG00000010697",2352
"ENSRNOG00000038242",0
"ENSRNOG00000065249",75
"ENSRNOG00000013521",77
"ENSRNOG00000062479",3
"ENSRNOG00000061443",20
"ENSRNOG00000061707",1
"ENSRNOG00000064612",696
"ENSRNOG00000024115",7
"ENSRNOG00000029185",1877
"ENSRNOG00000023851",865
"ENSRNOG00000054204",5
"ENSRNOG00000010124",1117
"ENSRNOG00000021024",2044
"ENSRNOG00000021099",88
"ENSRNOG00000016163",453
"ENSRNOG00000029893",25
"ENSRNOG00000038044",408
"ENSRNOG00000021100",46
"ENSRNOG00000021026",575
"ENSRNOG00000062927",143
"ENSRNOG00000024521",0
"ENSRNOG00000021042",753
"ENSRNOG00000011859",530
"ENSRNOG00000014684",60
"ENSRNOG00000052775",767
"ENSRNOG00000010701",42
"ENSRNOG00000048256",144
"ENSRNOG00000013011",716
"ENSRNOG00000023365",2
"ENSRNOG00000016617",7284
"ENSRNOG00000067220",54
"ENSRNOG00000021168",1027
"ENSRNOG00000016552",1742
"ENSRNOG00000012892",12
"ENSRNOG00000069706",0
"ENSRNOG00000008748",816
"ENSRNOG00000015347",23
"ENSRNOG00000009652",1093
"ENSRNOG00000049281",3447
"ENSRNOG00000066767",0
"ENSRNOG00000043370",861
"ENSRNOG00000069066",0
"ENSRNOG00000063139",0
"ENSRNOG00000058111",47
"ENSRNOG00000062474",42
"ENSRNOG00000042977",100
"ENSRNOG00000067968",0
"ENSRNOG00000064402",0
"ENSRNOG00000019638",5613
"ENSRNOG00000030204",0
"ENSRNOG00000016122",589
"ENSRNOG00000020797",17
"ENSRNOG00000063838",0
"ENSRNOG00000014937",62
"ENSRNOG00000063844",0
"ENSRNOG00000028582",0
"ENSRNOG00000009803",0
"ENSRNOG00000064545",614
"ENSRNOG00000068046",0
"ENSRNOG00000021105",166
"ENSRNOG00000056627",0
"ENSRNOG00000063834",0
"ENSRNOG00000067526",0
"ENSRNOG00000063384",10
"ENSRNOG00000009205",820
"ENSRNOG00000037341",0
"ENSRNOG00000020139",1194
"ENSRNOG00000023148",66
"ENSRNOG00000010624",2249
"ENSRNOG00000016336",176
"ENSRNOG00000066187",0
"ENSRNOG00000018021",292
"ENSRNOG00000066759",0
"ENSRNOG00000066927",0
"ENSRNOG00000070136",0
"ENSRNOG00000014243",436
"ENSRNOG00000064220",306
"ENSRNOG00000065517",0
"ENSRNOG00000070230",1250
"ENSRNOG00000014155",414
"ENSRNOG00000046788",0
"ENSRNOG00000013140",16
"ENSRNOG00000063069",0
"ENSRNOG00000019996",1133
"ENSRNOG00000012512",261
"ENSRNOG00000025629",629
"ENSRNOG00000015334",893
"ENSRNOG00000065808",0
"ENSRNOG00000068984",4
"ENSRNOG00000048082",1
"ENSRNOG00000010843",46
"ENSRNOG00000000082",458
"ENSRNOG00000031398",0
"ENSRNOG00000011148",5544
"ENSRNOG00000046703",0
"ENSRNOG00000020485",10
"ENSRNOG00000010980",834
"ENSRNOG00000001601",0
"ENSRNOG00000020696",194
"ENSRNOG00000050075",0
"ENSRNOG00000019412",0
"ENSRNOG00000048459",0
"ENSRNOG00000069431",0
"ENSRNOG00000037149",0
"ENSRNOG00000024848",0
"ENSRNOG00000015812",1722
"ENSRNOG00000010972",0
"ENSRNOG00000011200",0
"ENSRNOG00000056335",0
"ENSRNOG00000050090",0
"ENSRNOG00000055035",0
"ENSRNOG00000058886",0
"ENSRNOG00000020588",214
"ENSRNOG00000069216",0
"ENSRNOG00000018112",0
"ENSRNOG00000009730",1
"ENSRNOG00000000097",5
"ENSRNOG00000017669",282
"ENSRNOG00000067521",0
"ENSRNOG00000040120",0
"ENSRNOG00000067045",0
"ENSRNOG00000042721",0
"ENSRNOG00000056969",74
"ENSRNOG00000043375",4
"ENSRNOG00000065561",0
"ENSRNOG00000070776",0
"ENSRNOG00000016437",11
"ENSRNOG00000020590",1733
"ENSRNOG00000023511",0
"ENSRNOG00000024089",7418
"ENSRNOG00000064953",0
"ENSRNOG00000067338",514
"ENSRNOG00000063005",0
"ENSRNOG00000053997",0
"ENSRNOG00000017664",0
"ENSRNOG00000011146",3020
"ENSRNOG00000069436",0
"ENSRNOG00000010681",15
"ENSRNOG00000070427",0
"ENSRNOG00000033134",798
"ENSRNOG00000024492",525
"ENSRNOG00000057761",335
"ENSRNOG00000057702",1
"ENSRNOG00000070945",28
"ENSRNOG00000007092",0
"ENSRNOG00000064741",8
"ENSRNOG00000066248",3
"ENSRNOG00000062440",0
"ENSRNOG00000021867",3
"ENSRNOG00000064254",0
"ENSRNOG00000065280",133
"ENSRNOG00000016419",6699
"ENSRNOG00000062874",1
"ENSRNOG00000062957",0
"ENSRNOG00000069202",88
"ENSRNOG00000020554",1198
"ENSRNOG00000054429",1556
"ENSRNOG00000061358",406
"ENSRNOG00000071016",3
"ENSRNOG00000031778",3244
"ENSRNOG00000028529",0
"ENSRNOG00000010960",2366
"ENSRNOG00000066237",1
"ENSRNOG00000009903",0
"ENSRNOG00000014046",0
"ENSRNOG00000014154",594
"ENSRNOG00000055760",665
"ENSRNOG00000020860",10
"ENSRNOG00000064956",0
"ENSRNOG00000016544",151
"ENSRNOG00000051869",2
"ENSRNOG00000049213",0
"ENSRNOG00000047188",10
"ENSRNOG00000020621",11
"ENSRNOG00000063238",15
"ENSRNOG00000013035",517
"ENSRNOG00000011893",1834
"ENSRNOG00000070684",0
"ENSRNOG00000060844",0
"ENSRNOG00000058618",8
"ENSRNOG00000062458",0
"ENSRNOG00000065795",1
"ENSRNOG00000010431",0
"ENSRNOG00000058580",1871
"ENSRNOG00000066532",0
"ENSRNOG00000020640",692
"ENSRNOG00000068402",2
"ENSRNOG00000069428",0
"ENSRNOG00000013737",465
"ENSRNOG00000063226",0
"ENSRNOG00000028768",4
"ENSRNOG00000018681",15
"ENSRNOG00000064487",6
"ENSRNOG00000062612",0
"ENSRNOG00000071053",0
"ENSRNOG00000017712",0
"ENSRNOG00000042389",585
"ENSRNOG00000063698",0
"ENSRNOG00000012608",9
"ENSRNOG00000067298",0
"ENSRNOG00000017945",53
"ENSRNOG00000064712",0
"ENSRNOG00000010325",621
"ENSRNOG00000018094",0
"ENSRNOG00000014076",5140
"ENSRNOG00000021359",662
"ENSRNOG00000020811",347
"ENSRNOG00000030253",0
"ENSRNOG00000063023",0
"ENSRNOG00000065793",0
"ENSRNOG00000055450",23
"ENSRNOG00000020573",801
"ENSRNOG00000033940",0
"ENSRNOG00000018835",4661
"ENSRNOG00000066716",0
"ENSRNOG00000018076",16
"ENSRNOG00000034230",0
"ENSRNOG00000070239",0
"ENSRNOG00000015788",2
"ENSRNOG00000065402",175
"ENSRNOG00000017581",120
"ENSRNOG00000029726",724
"ENSRNOG00000065840",0
"ENSRNOG00000068099",0
"ENSRNOG00000068515",2
"ENSRNOG00000018290",0
"ENSRNOG00000022407",1
"ENSRNOG00000062889",0
"ENSRNOG00000036816",3932
"ENSRNOG00000066598",1
"ENSRNOG00000068420",45
"ENSRNOG00000063930",37
"ENSRNOG00000070434",0
"ENSRNOG00000018903",2890
"ENSRNOG00000062880",60
"ENSRNOG00000020386",5298
"ENSRNOG00000070905",0
"ENSRNOG00000015353",18
"ENSRNOG00000014453",13142
"ENSRNOG00000067984",1
"ENSRNOG00000063298",0
"ENSRNOG00000069403",0
"ENSRNOG00000052343",1454
"ENSRNOG00000064329",0
"ENSRNOG00000011723",525
"ENSRNOG00000012017",113
"ENSRNOG00000063646",0
"ENSRNOG00000066527",0
"ENSRNOG00000047506",309
"ENSRNOG00000070065",122
"ENSRNOG00000037552",2
"ENSRNOG00000070098",14
"ENSRNOG00000065566",0
"ENSRNOG00000068235",1
"ENSRNOG00000063326",93
"ENSRNOG00000063000",747
"ENSRNOG00000030847",10
"ENSRNOG00000068945",4
"ENSRNOG00000064284",45
"ENSRNOG00000032247",0
"ENSRNOG00000069911",0
"ENSRNOG00000021218",1286
"ENSRNOG00000021200",104
"ENSRNOG00000006655",578
"ENSRNOG00000064525",5
"ENSRNOG00000065234",45
"ENSRNOG00000032735",972
"ENSRNOG00000062698",5
"ENSRNOG00000070452",2
"ENSRNOG00000026162",22
"ENSRNOG00000063007",28
"ENSRNOG00000048989",154
"ENSRNOG00000068611",0
"ENSRNOG00000069775",52
"ENSRNOG00000011997",0
"ENSRNOG00000025321",0
"ENSRNOG00000042561",1263
"ENSRNOG00000019885",424
"ENSRNOG00000064959",0
"ENSRNOG00000018716",81
"ENSRNOG00000019090",3746
"ENSRNOG00000009851",147
"ENSRNOG00000063785",12
"ENSRNOG00000013048",278
"ENSRNOG00000017502",825
"ENSRNOG00000013736",0
"ENSRNOG00000014550",0
"ENSRNOG00000067624",0
"ENSRNOG00000011384",274
"ENSRNOG00000036980",47
"ENSRNOG00000062760",0
"ENSRNOG00000015781",185
"ENSRNOG00000031115",0
"ENSRNOG00000064129",7
"ENSRNOG00000013771",3
"ENSRNOG00000010695",1276
"ENSRNOG00000054277",0
"ENSRNOG00000063027",7
"ENSRNOG00000032427",2
"ENSRNOG00000060831",0
"ENSRNOG00000024928",0
"ENSRNOG00000068263",314
"ENSRNOG00000065778",0
"ENSRNOG00000069536",0
"ENSRNOG00000059441",0
"ENSRNOG00000011454",371
"ENSRNOG00000042781",29
"ENSRNOG00000009602",2
"ENSRNOG00000017392",29
"ENSRNOG00000037196",0
"ENSRNOG00000066674",0
"ENSRNOG00000040279",175
"ENSRNOG00000066302",1
"ENSRNOG00000013356",1645
"ENSRNOG00000070222",1
"ENSRNOG00000024733",15
"ENSRNOG00000020657",5585
"ENSRNOG00000001271",1021
"ENSRNOG00000027540",981
"ENSRNOG00000064990",0
"ENSRNOG00000009310",314
"ENSRNOG00000070484",0
"ENSRNOG00000017249",0
"ENSRNOG00000019620",155
"ENSRNOG00000021186",0
"ENSRNOG00000009339",173
"ENSRNOG00000065693",0
"ENSRNOG00000017494",363
"ENSRNOG00000061582",2499
"ENSRNOG00000065310",0
"ENSRNOG00000019281",3612
"ENSRNOG00000063052",0
"ENSRNOG00000012760",1191
"ENSRNOG00000012099",883
"ENSRNOG00000068872",0
"ENSRNOG00000014515",322
"ENSRNOG00000016351",1283
"ENSRNOG00000020663",1244
"ENSRNOG00000012410",152
"ENSRNOG00000019565",274
"ENSRNOG00000029071",613
"ENSRNOG00000069413",1
"ENSRNOG00000019414",2
"ENSRNOG00000018746",1329
"ENSRNOG00000028310",0
"ENSRNOG00000031248",0
"ENSRNOG00000032463",754
"ENSRNOG00000023073",2
"ENSRNOG00000025269",1133
"ENSRNOG00000070658",0
"ENSRNOG00000064486",25
"ENSRNOG00000012053",115
"ENSRNOG00000010827",348
"ENSRNOG00000010661",0
"ENSRNOG00000019670",173
"ENSRNOG00000012008",37
"ENSRNOG00000030171",0
"ENSRNOG00000016243",515
"ENSRNOG00000011821",4481
"ENSRNOG00000065139",393
"ENSRNOG00000016164",0
"ENSRNOG00000011748",0
"ENSRNOG00000063101",0
"ENSRNOG00000011647",13576
"ENSRNOG00000066226",8
"ENSRNOG00000020500",4867
"ENSRNOG00000037082",0
"ENSRNOG00000033352",1
"ENSRNOG00000014479",1575
"ENSRNOG00000011557",1
"ENSRNOG00000046881",0
"ENSRNOG00000011483",0
"ENSRNOG00000012058",0
"ENSRNOG00000058609",4
"ENSRNOG00000060988",0
"ENSRNOG00000037217",14
"ENSRNOG00000013252",197
"ENSRNOG00000038366",178
"ENSRNOG00000020013",102
"ENSRNOG00000010603",0
"ENSRNOG00000011752",448
"ENSRNOG00000033560",516
"ENSRNOG00000011623",0
"ENSRNOG00000070759",0
"ENSRNOG00000064237",0
"ENSRNOG00000000098",1409
"ENSRNOG00000065518",8
"ENSRNOG00000024039",1516
"ENSRNOG00000012549",4310
"ENSRNOG00000025025",504
"ENSRNOG00000020518",1983
"ENSRNOG00000060939",1976
"ENSRNOG00000025377",11
"ENSRNOG00000069195",0
"ENSRNOG00000030049",149
"ENSRNOG00000013940",13
"ENSRNOG00000038436",3314
"ENSRNOG00000023803",96
"ENSRNOG00000018937",317
"ENSRNOG00000048258",1383
"ENSRNOG00000015117",514
"ENSRNOG00000068303",1
"ENSRNOG00000047108",0
"ENSRNOG00000019058",2
"ENSRNOG00000024208",0
"ENSRNOG00000064584",1353
"ENSRNOG00000009990",837
"ENSRNOG00000031067",0
"ENSRNOG00000028930",9229
"ENSRNOG00000013953",0
"ENSRNOG00000013538",6849
"ENSRNOG00000015140",119
"ENSRNOG00000056325",407
"ENSRNOG00000038330",61
"ENSRNOG00000033693",11
"ENSRNOG00000014002",356
"ENSRNOG00000018193",175
"ENSRNOG00000016550",29
"ENSRNOG00000065128",12
"ENSRNOG00000031974",0
"ENSRNOG00000010575",266
"ENSRNOG00000016541",744
"ENSRNOG00000030237",467
"ENSRNOG00000020272",11
"ENSRNOG00000013660",825
"ENSRNOG00000009808",712
"ENSRNOG00000009980",761
"ENSRNOG00000015211",51
"ENSRNOG00000071130",0
"ENSRNOG00000019328",826
"ENSRNOG00000010274",494
"ENSRNOG00000055839",0
"ENSRNOG00000069322",1
"ENSRNOG00000068300",0
"ENSRNOG00000059275",0
"ENSRNOG00000013741",10120
"ENSRNOG00000067967",0
"ENSRNOG00000062483",0
"ENSRNOG00000058654",106
"ENSRNOG00000057918",0
"ENSRNOG00000066745",0
"ENSRNOG00000056991",0
"ENSRNOG00000063017",0
"ENSRNOG00000070969",0
"ENSRNOG00000023640",11
"ENSRNOG00000029209",3056
"ENSRNOG00000070213",0
"ENSRNOG00000028749",235
"ENSRNOG00000053707",0
"ENSRNOG00000061349",2
"ENSRNOG00000050514",48
"ENSRNOG00000054199",0
"ENSRNOG00000059307",0
"ENSRNOG00000010515",628
"ENSRNOG00000014350",1101
"ENSRNOG00000051865",0
"ENSRNOG00000064800",0
"ENSRNOG00000064458",0
"ENSRNOG00000019908",282
"ENSRNOG00000066920",0
"ENSRNOG00000061123",0
"ENSRNOG00000051873",0
"ENSRNOG00000063407",0
"ENSRNOG00000057151",0
"ENSRNOG00000019933",1629
"ENSRNOG00000064856",0
"ENSRNOG00000056743",0
"ENSRNOG00000069816",0
"ENSRNOG00000064178",0
"ENSRNOG00000052763",0
"ENSRNOG00000054541",0
"ENSRNOG00000059609",0
"ENSRNOG00000020297",425
"ENSRNOG00000061529",0
"ENSRNOG00000052672",0
"ENSRNOG00000021068",1723
"ENSRNOG00000067493",0
"ENSRNOG00000070998",0
"ENSRNOG00000064698",0
"ENSRNOG00000036429",0
"ENSRNOG00000040385",0
"ENSRNOG00000047006",0
"ENSRNOG00000048716",0
"ENSRNOG00000035483",0
"ENSRNOG00000035504",0
"ENSRNOG00000050085",0
"ENSRNOG00000064834",0
"ENSRNOG00000020863",0
"ENSRNOG00000041792",0
"ENSRNOG00000036423",1
"ENSRNOG00000040434",0
"ENSRNOG00000035551",0
"ENSRNOG00000035617",34
"ENSRNOG00000035622",0
"ENSRNOG00000035628",0
"ENSRNOG00000035499",0
"ENSRNOG00000035491",0
"ENSRNOG00000043562",3
"ENSRNOG00000036435",0
"ENSRNOG00000041245",0
"ENSRNOG00000031174",1432
"ENSRNOG00000069791",0
"ENSRNOG00000065319",0
"ENSRNOG00000058729",0
"ENSRNOG00000055084",0
"ENSRNOG00000055177",0
"ENSRNOG00000067398",0
"ENSRNOG00000055615",1
"ENSRNOG00000060780",0
"ENSRNOG00000053927",1
"ENSRNOG00000054350",0
"ENSRNOG00000053892",0
"ENSRNOG00000053050",0
"ENSRNOG00000055668",0
"ENSRNOG00000054318",0
"ENSRNOG00000058113",1
"ENSRNOG00000058966",0
"ENSRNOG00000054887",0
"ENSRNOG00000054477",0
"ENSRNOG00000051850",0
"ENSRNOG00000055556",0
"ENSRNOG00000052749",0
"ENSRNOG00000064165",5
"ENSRNOG00000059208",0
"ENSRNOG00000064706",0
"ENSRNOG00000069036",0
"ENSRNOG00000060967",0
"ENSRNOG00000053823",1
"ENSRNOG00000056549",0
"ENSRNOG00000058502",0
"ENSRNOG00000010533",1743
"ENSRNOG00000056971",0
"ENSRNOG00000058747",0
"ENSRNOG00000057704",1
"ENSRNOG00000053898",26
"ENSRNOG00000051673",0
"ENSRNOG00000069812",20
"ENSRNOG00000070085",1
"ENSRNOG00000051930",0
"ENSRNOG00000058028",0
"ENSRNOG00000064110",0
"ENSRNOG00000069482",0
"ENSRNOG00000011696",470
"ENSRNOG00000058027",0
"ENSRNOG00000070871",0
"ENSRNOG00000067788",3
"ENSRNOG00000068568",1
"ENSRNOG00000066724",0
"ENSRNOG00000054271",0
"ENSRNOG00000065672",0
"ENSRNOG00000068833",0
"ENSRNOG00000067127",258
"ENSRNOG00000056349",1
"ENSRNOG00000070410",0
"ENSRNOG00000052247",615
"ENSRNOG00000070928",0
"ENSRNOG00000068384",0
"ENSRNOG00000070242",98
"ENSRNOG00000056961",0
"ENSRNOG00000060857",0
"ENSRNOG00000048993",1
"ENSRNOG00000053190",0
"ENSRNOG00000062782",0
"ENSRNOG00000051388",1
"ENSRNOG00000068650",1
"ENSRNOG00000061565",0
"ENSRNOG00000057328",0
"ENSRNOG00000071043",0
"ENSRNOG00000061427",0
"ENSRNOG00000070728",0
"ENSRNOG00000065295",0
"ENSRNOG00000071203",0
"ENSRNOG00000019470",0
"ENSRNOG00000053499",0
"ENSRNOG00000069691",0
"ENSRNOG00000066990",0
"ENSRNOG00000064425",0
"ENSRNOG00000056093",0
"ENSRNOG00000056123",0
"ENSRNOG00000065668",0
"ENSRNOG00000068654",0
"ENSRNOG00000060908",0
"ENSRNOG00000069677",1
"ENSRNOG00000062488",0
"ENSRNOG00000067795",0
"ENSRNOG00000067019",0
"ENSRNOG00000066699",0
"ENSRNOG00000051871",1
"ENSRNOG00000057841",0
"ENSRNOG00000064261",0
"ENSRNOG00000064924",0
"ENSRNOG00000055558",0
"ENSRNOG00000071164",0
"ENSRNOG00000068249",0
"ENSRNOG00000064733",0
"ENSRNOG00000069242",0
"ENSRNOG00000068704",0
"ENSRNOG00000068904",0
"ENSRNOG00000063349",0
"ENSRNOG00000061534",0
"ENSRNOG00000059407",4
"ENSRNOG00000042283",173
"ENSRNOG00000068155",0
"ENSRNOG00000058770",0
"ENSRNOG00000070453",0
"ENSRNOG00000067293",0
"ENSRNOG00000054062",3
"ENSRNOG00000020869",768
"ENSRNOG00000062689",0
"ENSRNOG00000062800",0
"ENSRNOG00000065482",0
"ENSRNOG00000066024",2
"ENSRNOG00000059573",0
"ENSRNOG00000057916",0
"ENSRNOG00000058807",0
"ENSRNOG00000020357",200
"ENSRNOG00000028350",178
"ENSRNOG00000009997",2170
"ENSRNOG00000068258",0
"ENSRNOG00000015553",468
"ENSRNOG00000059568",0
"ENSRNOG00000013372",0
"ENSRNOG00000059512",0
"ENSRNOG00000037310",2
"ENSRNOG00000013002",1005
"ENSRNOG00000020875",45
"ENSRNOG00000010125",1154
"ENSRNOG00000017516",1123
"ENSRNOG00000019940",2420
"ENSRNOG00000037190",5
"ENSRNOG00000012770",65
"ENSRNOG00000070497",0
"ENSRNOG00000010147",630
"ENSRNOG00000023588",0
"ENSRNOG00000047158",112
"ENSRNOG00000011150",6422
"ENSRNOG00000068662",0
"ENSRNOG00000015502",1013
"ENSRNOG00000019441",0
"ENSRNOG00000012819",21
"ENSRNOG00000010286",2997
"ENSRNOG00000029304",359
"ENSRNOG00000016835",0
"ENSRNOG00000012278",0
"ENSRNOG00000009582",0
"ENSRNOG00000061862",176
"ENSRNOG00000070749",2067
"ENSRNOG00000019957",388
"ENSRNOG00000068483",0
"ENSRNOG00000013950",0
"ENSRNOG00000010263",9
"ENSRNOG00000058633",0
"ENSRNOG00000022101",22
"ENSRNOG00000070756",0
"ENSRNOG00000022929",315
"ENSRNOG00000060124",0
"ENSRNOG00000064400",0
"ENSRNOG00000059951",0
"ENSRNOG00000042332",0
"ENSRNOG00000070224",2
"ENSRNOG00000060497",0
"ENSRNOG00000058851",0
"ENSRNOG00000058175",0
"ENSRNOG00000016213",1943
"ENSRNOG00000053571",0
"ENSRNOG00000051368",0
"ENSRNOG00000052881",0
"ENSRNOG00000061379",1
"ENSRNOG00000068553",0
"ENSRNOG00000069719",0
"ENSRNOG00000066468",0
"ENSRNOG00000061066",0
"ENSRNOG00000060354",0
"ENSRNOG00000061089",0
"ENSRNOG00000053220",0
"ENSRNOG00000068791",0
"ENSRNOG00000033192",4789
"ENSRNOG00000069141",0
"ENSRNOG00000070429",0
"ENSRNOG00000011360",0
"ENSRNOG00000059221",0
"ENSRNOG00000056460",0
"ENSRNOG00000010535",37
"ENSRNOG00000052892",0
"ENSRNOG00000057431",0
"ENSRNOG00000065070",0
"ENSRNOG00000020027",5995
"ENSRNOG00000059290",0
"ENSRNOG00000009577",0
"ENSRNOG00000017890",0
"ENSRNOG00000055118",0
"ENSRNOG00000053651",1
"ENSRNOG00000045639",187
"ENSRNOG00000065463",0
"ENSRNOG00000019738",0
"ENSRNOG00000055965",0
"ENSRNOG00000055509",0
"ENSRNOG00000061146",48
"ENSRNOG00000060162",6
"ENSRNOG00000012810",374
"ENSRNOG00000053550",1195
"ENSRNOG00000058079",0
"ENSRNOG00000069084",0
"ENSRNOG00000060964",0
"ENSRNOG00000065134",0
"ENSRNOG00000060747",0
"ENSRNOG00000069987",0
"ENSRNOG00000017876",39
"ENSRNOG00000054044",0
"ENSRNOG00000057801",0
"ENSRNOG00000056416",0
"ENSRNOG00000053400",8
"ENSRNOG00000062341",0
"ENSRNOG00000028872",2987
"ENSRNOG00000010369",622
"ENSRNOG00000061128",1206
"ENSRNOG00000026392",0
"ENSRNOG00000059059",114
"ENSRNOG00000051682",195
"ENSRNOG00000053243",0
"ENSRNOG00000014443",93
"ENSRNOG00000052874",1
"ENSRNOG00000070358",0
"ENSRNOG00000010454",1
"ENSRNOG00000055813",0
"ENSRNOG00000012655",1077
"ENSRNOG00000019037",0
"ENSRNOG00000070016",0
"ENSRNOG00000062872",0
"ENSRNOG00000014686",88
"ENSRNOG00000044194",0
"ENSRNOG00000054864",0
"ENSRNOG00000064710",20
"ENSRNOG00000065337",0
"ENSRNOG00000010824",904
"ENSRNOG00000062354",0
"ENSRNOG00000065986",0
"ENSRNOG00000054751",512
"ENSRNOG00000069913",0
"ENSRNOG00000053795",11
"ENSRNOG00000010081",60
"ENSRNOG00000056420",0
"ENSRNOG00000066462",20
"ENSRNOG00000060388",1
"ENSRNOG00000058700",0
"ENSRNOG00000009465",77
"ENSRNOG00000056880",2
"ENSRNOG00000064742",3437
"ENSRNOG00000055079",1
"ENSRNOG00000053556",0
"ENSRNOG00000061866",0
"ENSRNOG00000017864",731
"ENSRNOG00000067910",0
"ENSRNOG00000017484",740
"ENSRNOG00000061788",9
"ENSRNOG00000054881",0
"ENSRNOG00000038398",0
"ENSRNOG00000054369",0
"ENSRNOG00000068655",8
"ENSRNOG00000061021",0
"ENSRNOG00000066722",0
"ENSRNOG00000045665",28
"ENSRNOG00000059636",0
"ENSRNOG00000069685",0
"ENSRNOG00000068763",0
"ENSRNOG00000058275",1
"ENSRNOG00000012982",249
"ENSRNOG00000066126",0
"ENSRNOG00000068290",0
"ENSRNOG00000055772",0
"ENSRNOG00000057098",0
"ENSRNOG00000060403",0
"ENSRNOG00000064131",0
"ENSRNOG00000009514",0
"ENSRNOG00000060919",0
"ENSRNOG00000054088",0
"ENSRNOG00000018353",519
"ENSRNOG00000069934",0
"ENSRNOG00000029670",9807
"ENSRNOG00000058150",0
"ENSRNOG00000058255",0
"ENSRNOG00000024433",783
"ENSRNOG00000061362",0
"ENSRNOG00000045647",823
"ENSRNOG00000061190",1
"ENSRNOG00000056917",0
"ENSRNOG00000017420",188
"ENSRNOG00000012354",279
"ENSRNOG00000055905",0
"ENSRNOG00000012136",1109
"ENSRNOG00000069742",0
"ENSRNOG00000068700",0
"ENSRNOG00000058816",0
"ENSRNOG00000061470",0
"ENSRNOG00000013038",127
"ENSRNOG00000052487",3
"ENSRNOG00000057752",0
"ENSRNOG00000066004",208
"ENSRNOG00000039848",2186
"ENSRNOG00000056780",0
"ENSRNOG00000018166",374
"ENSRNOG00000011239",0
"ENSRNOG00000022636",452
"ENSRNOG00000056607",0
"ENSRNOG00000062697",0
"ENSRNOG00000054290",0
"ENSRNOG00000023579",1313
"ENSRNOG00000066350",2
"ENSRNOG00000055857",0
"ENSRNOG00000063018",79
"ENSRNOG00000009968",246
"ENSRNOG00000054115",0
"ENSRNOG00000066403",0
"ENSRNOG00000067566",0
"ENSRNOG00000017462",194
"ENSRNOG00000002223",0
"ENSRNOG00000013535",0
"ENSRNOG00000057470",222
"ENSRNOG00000059004",0
"ENSRNOG00000070670",0
"ENSRNOG00000055382",0
"ENSRNOG00000016394",1012
"ENSRNOG00000030104",21
"ENSRNOG00000012851",1
"ENSRNOG00000012060",1899
"ENSRNOG00000014999",3586
"ENSRNOG00000061058",2046
"ENSRNOG00000047002",1
"ENSRNOG00000013844",579
"ENSRNOG00000017574",0
"ENSRNOG00000033837",0
"ENSRNOG00000014139",186
"ENSRNOG00000011631",700
"ENSRNOG00000067100",92
"ENSRNOG00000061213",347
"ENSRNOG00000016342",98
"ENSRNOG00000010079",31
"ENSRNOG00000010941",92
"ENSRNOG00000062530",0
"ENSRNOG00000066617",0
"ENSRNOG00000032414",100
"ENSRNOG00000031024",0
"ENSRNOG00000046941",5
"ENSRNOG00000012505",255
"ENSRNOG00000053292",0
"ENSRNOG00000066566",438
"ENSRNOG00000045778",59
"ENSRNOG00000046421",0
"ENSRNOG00000030039",0
"ENSRNOG00000009826",0
"ENSRNOG00000064787",242
"ENSRNOG00000068123",0
"ENSRNOG00000010805",3
"ENSRNOG00000023453",453
"ENSRNOG00000018230",435
"ENSRNOG00000016912",1736
"ENSRNOG00000056907",2936
"ENSRNOG00000010450",17
"ENSRNOG00000010971",1546
"ENSRNOG00000042471",0
"ENSRNOG00000051687",0
"ENSRNOG00000025823",0
"ENSRNOG00000009953",158
"ENSRNOG00000055439",47
"ENSRNOG00000026686",0
"ENSRNOG00000039740",20
"ENSRNOG00000024947",0
"ENSRNOG00000066236",1
"ENSRNOG00000023079",1542
"ENSRNOG00000027908",23
"ENSRNOG00000025608",0
"ENSRNOG00000050263",0
"ENSRNOG00000014232",21
"ENSRNOG00000011082",0
"ENSRNOG00000026842",2399
"ENSRNOG00000068600",204
"ENSRNOG00000013294",10
"ENSRNOG00000014793",0
"ENSRNOG00000013507",3280
"ENSRNOG00000017990",4348
"ENSRNOG00000018865",1687
"ENSRNOG00000014039",0
"ENSRNOG00000043053",310
"ENSRNOG00000020706",11
"ENSRNOG00000033064",10
"ENSRNOG00000022356",1390
"ENSRNOG00000014654",345
"ENSRNOG00000013177",325
"ENSRNOG00000049743",472
"ENSRNOG00000013409",211
"ENSRNOG00000017427",1081
"ENSRNOG00000021656",4
"ENSRNOG00000031995",504
"ENSRNOG00000021116",2
"ENSRNOG00000011553",779
"ENSRNOG00000056151",12
"ENSRNOG00000028052",83
"ENSRNOG00000030019",15526
"ENSRNOG00000064945",67
"ENSRNOG00000066826",0
"ENSRNOG00000065064",0
"ENSRNOG00000010760",20
"ENSRNOG00000011639",295
"ENSRNOG00000015654",469
"ENSRNOG00000023258",1077
"ENSRNOG00000049075",681
"ENSRNOG00000010891",630
"ENSRNOG00000021120",750
"ENSRNOG00000011441",1859
"ENSRNOG00000011949",1688
"ENSRNOG00000038552",12
"ENSRNOG00000014549",191
"ENSRNOG00000053979",56
"ENSRNOG00000054361",0
"ENSRNOG00000012095",895
"ENSRNOG00000027410",86
"ENSRNOG00000017758",2319
"ENSRNOG00000028156",1791
"ENSRNOG00000018510",356
"ENSRNOG00000037853",8
"ENSRNOG00000042717",159
"ENSRNOG00000038008",0
"ENSRNOG00000052173",0
"ENSRNOG00000021131",1518
"ENSRNOG00000039582",20
"ENSRNOG00000032630",91
"ENSRNOG00000013045",566
"ENSRNOG00000009771",0
"ENSRNOG00000059903",678
"ENSRNOG00000010649",77
"ENSRNOG00000053969",5
"ENSRNOG00000067816",0
"ENSRNOG00000017428",6065
"ENSRNOG00000031378",262
"ENSRNOG00000059750",501
"ENSRNOG00000068920",1099
"ENSRNOG00000033449",2
"ENSRNOG00000010461",1672
"ENSRNOG00000010747",14121
"ENSRNOG00000012734",769
"ENSRNOG00000054157",62
"ENSRNOG00000043502",1
"ENSRNOG00000012148",2016
"ENSRNOG00000010799",66
"ENSRNOG00000028335",3178
"ENSRNOG00000010815",1426
"ENSRNOG00000062848",10
"ENSRNOG00000013963",7172
"ENSRNOG00000023816",1844
"ENSRNOG00000050416",0
"ENSRNOG00000037406",4
"ENSRNOG00000017752",658
"ENSRNOG00000020539",20
"ENSRNOG00000055790",11
"ENSRNOG00000021134",2
"ENSRNOG00000048832",0
"ENSRNOG00000021081",628
"ENSRNOG00000067115",2
"ENSRNOG00000012933",890
"ENSRNOG00000021138",6427
"ENSRNOG00000013293",281
"ENSRNOG00000012091",334
"ENSRNOG00000013336",304
"ENSRNOG00000023162",315
"ENSRNOG00000017246",0
"ENSRNOG00000065396",85
"ENSRNOG00000062882",39
"ENSRNOG00000017348",0
"ENSRNOG00000042261",2276
"ENSRNOG00000016505",0
"ENSRNOG00000011705",0
"ENSRNOG00000016530",1540
"ENSRNOG00000016961",1744
"ENSRNOG00000009629",1
"ENSRNOG00000011066",3102
"ENSRNOG00000000001",202
"ENSRNOG00000017441",3563
"ENSRNOG00000016733",870
"ENSRNOG00000010589",599
"ENSRNOG00000011586",958
"ENSRNOG00000016379",766
"ENSRNOG00000023493",0
"ENSRNOG00000025108",1
"ENSRNOG00000068776",71
"ENSRNOG00000011216",2971
"ENSRNOG00000032009",4
"ENSRNOG00000028941",919
"ENSRNOG00000021143",933
"ENSRNOG00000038095",0
"ENSRNOG00000027833",1758
"ENSRNOG00000070034",1759
"ENSRNOG00000070330",0
"ENSRNOG00000025285",582
"ENSRNOG00000015425",217
"ENSRNOG00000014599",375
"ENSRNOG00000046468",326
"ENSRNOG00000010238",339
"ENSRNOG00000029889",0
"ENSRNOG00000066871",0
"ENSRNOG00000032576",0
"ENSRNOG00000068443",1
"ENSRNOG00000043386",805
"ENSRNOG00000010266",774
"ENSRNOG00000021199",0
"ENSRNOG00000011923",59
"ENSRNOG00000058539",251
"ENSRNOG00000009882",495
"ENSRNOG00000012827",26
"ENSRNOG00000069676",0
"ENSRNOG00000009821",0
"ENSRNOG00000014660",581
"ENSRNOG00000010161",1031
"ENSRNOG00000071200",1
"ENSRNOG00000069800",3
"ENSRNOG00000010658",1381
"ENSRNOG00000068741",14
"ENSRNOG00000032922",1364
"ENSRNOG00000032240",85
"ENSRNOG00000020829",207
"ENSRNOG00000025274",2118
"ENSRNOG00000011340",332
"ENSRNOG00000019868",1428
"ENSRNOG00000043094",1973
"ENSRNOG00000043445",4
"ENSRNOG00000056371",1604
"ENSRNOG00000010819",12
"ENSRNOG00000031814",3797
"ENSRNOG00000066065",2500
"ENSRNOG00000020832",21
"ENSRNOG00000009372",0
"ENSRNOG00000027971",1
"ENSRNOG00000027002",3019
"ENSRNOG00000024365",228
"ENSRNOG00000026186",402
"ENSRNOG00000009004",0
"ENSRNOG00000070835",538
"ENSRNOG00000010199",14
"ENSRNOG00000019163",0
"ENSRNOG00000013451",1832
"ENSRNOG00000027836",0
"ENSRNOG00000011842",0
"ENSRNOG00000042080",0
"ENSRNOG00000014893",40
"ENSRNOG00000012873",508
"ENSRNOG00000027935",2
"ENSRNOG00000011260",11
"ENSRNOG00000020470",1919
"ENSRNOG00000012385",525
"ENSRNOG00000011632",7778
"ENSRNOG00000027923",634
"ENSRNOG00000022347",117
"ENSRNOG00000063581",1
"ENSRNOG00000015024",376
"ENSRNOG00000018067",440
"ENSRNOG00000010094",1
"ENSRNOG00000013572",1419
"ENSRNOG00000013121",585
"ENSRNOG00000050563",1
"ENSRNOG00000043377",2622
"ENSRNOG00000012109",14
"ENSRNOG00000021798",0
"ENSRNOG00000042152",125
"ENSRNOG00000062377",0
"ENSRNOG00000025160",48
"ENSRNOG00000054426",1096
"ENSRNOG00000031743",270
"ENSRNOG00000010121",64
"ENSRNOG00000050706",479
"ENSRNOG00000015913",2294
"ENSRNOG00000056894",7
"ENSRNOG00000023404",5
"ENSRNOG00000009992",791
"ENSRNOG00000011528",696
"ENSRNOG00000021215",215
"ENSRNOG00000062253",1105
"ENSRNOG00000019221",475
"ENSRNOG00000026944",31
"ENSRNOG00000013050",0
"ENSRNOG00000017187",185
"ENSRNOG00000026928",964
"ENSRNOG00000038905",38
"ENSRNOG00000064230",28
"ENSRNOG00000061097",0
"ENSRNOG00000064398",0
"ENSRNOG00000029988",2592
"ENSRNOG00000063273",0
"ENSRNOG00000043332",1
"ENSRNOG00000066265",0
"ENSRNOG00000010254",0
"ENSRNOG00000031997",323
"ENSRNOG00000067789",744
"ENSRNOG00000064077",0
"ENSRNOG00000069122",0
"ENSRNOG00000068124",31
"ENSRNOG00000063925",0
"ENSRNOG00000017680",14
"ENSRNOG00000021745",0
"ENSRNOG00000028348",0
"ENSRNOG00000069632",9
"ENSRNOG00000023126",0
"ENSRNOG00000049010",0
"ENSRNOG00000062769",0
"ENSRNOG00000043292",2
"ENSRNOG00000016289",11
"ENSRNOG00000011963",0
"ENSRNOG00000069332",0
"ENSRNOG00000045818",0
"ENSRNOG00000010047",40
"ENSRNOG00000025157",352
"ENSRNOG00000059302",1
"ENSRNOG00000052207",1779
"ENSRNOG00000022373",864
"ENSRNOG00000070775",0
"ENSRNOG00000018045",478
"ENSRNOG00000061317",0
"ENSRNOG00000056337",0
"ENSRNOG00000011827",807
"ENSRNOG00000063475",1
"ENSRNOG00000034093",10395
"ENSRNOG00000009503",76
"ENSRNOG00000046368",210
"ENSRNOG00000065845",0
"ENSRNOG00000055370",0
"ENSRNOG00000029592",2584
"ENSRNOG00000033499",0
"ENSRNOG00000064528",0
"ENSRNOG00000024628",0
"ENSRNOG00000032941",12
"ENSRNOG00000033147",1
"ENSRNOG00000049530",5
"ENSRNOG00000067368",0
"ENSRNOG00000020279",463
"ENSRNOG00000011555",777
"ENSRNOG00000068362",73
"ENSRNOG00000070040",0
"ENSRNOG00000070781",0
"ENSRNOG00000067496",0
"ENSRNOG00000009168",0
"ENSRNOG00000014815",0
"ENSRNOG00000004978",2583
"ENSRNOG00000010992",0
"ENSRNOG00000067916",0
"ENSRNOG00000063016",7
"ENSRNOG00000070591",56
"ENSRNOG00000024623",1
"ENSRNOG00000047236",20
"ENSRNOG00000063309",38
"ENSRNOG00000030748",6
"ENSRNOG00000016214",1922
"ENSRNOG00000066364",0
"ENSRNOG00000066603",0
"ENSRNOG00000070191",0
"ENSRNOG00000066407",0
"ENSRNOG00000062928",0
"ENSRNOG00000029493",0
"ENSRNOG00000030494",67
"ENSRNOG00000067699",0
"ENSRNOG00000063988",0
"ENSRNOG00000064397",0
"ENSRNOG00000038902",16
"ENSRNOG00000019044",0
"ENSRNOG00000068251",0
"ENSRNOG00000064598",0
"ENSRNOG00000068421",0
"ENSRNOG00000011980",2
"ENSRNOG00000042266",0
"ENSRNOG00000063985",0
"ENSRNOG00000010680",19
"ENSRNOG00000049827",6
"ENSRNOG00000070831",0
"ENSRNOG00000065118",0
"ENSRNOG00000065510",0
"ENSRNOG00000023892",0
"ENSRNOG00000037223",0
"ENSRNOG00000029339",556
"ENSRNOG00000067361",69
"ENSRNOG00000030747",547
"ENSRNOG00000070872",0
"ENSRNOG00000010741",11
"ENSRNOG00000021101",38
"ENSRNOG00000065432",245
"ENSRNOG00000065162",0
"ENSRNOG00000063704",1
"ENSRNOG00000069915",0
"ENSRNOG00000009314",0
"ENSRNOG00000065565",3
"ENSRNOG00000031144",0
"ENSRNOG00000009574",0
"ENSRNOG00000017695",6683
"ENSRNOG00000022745",176
"ENSRNOG00000071169",0
"ENSRNOG00000009383",0
"ENSRNOG00000065447",0
"ENSRNOG00000065886",19
"ENSRNOG00000021166",3600
"ENSRNOG00000011929",1145
"ENSRNOG00000031358",658
"ENSRNOG00000016432",30
"ENSRNOG00000016044",11
"ENSRNOG00000017723",396
"ENSRNOG00000009326",0
"ENSRNOG00000011284",512
"ENSRNOG00000014143",26
"ENSRNOG00000014872",4450
"ENSRNOG00000020255",3448
"ENSRNOG00000064204",104
"ENSRNOG00000070921",14
"ENSRNOG00000015274",338
"ENSRNOG00000017744",608
"ENSRNOG00000025297",0
"ENSRNOG00000021182",682
"ENSRNOG00000009955",35
"ENSRNOG00000011317",1610
"ENSRNOG00000037115",0
"ENSRNOG00000023965",0
"ENSRNOG00000019754",446
"ENSRNOG00000013798",302
"ENSRNOG00000022218",290
"ENSRNOG00000019240",1040
"ENSRNOG00000053349",9
"ENSRNOG00000069596",0
"ENSRNOG00000065742",0
"ENSRNOG00000048949",393
"ENSRNOG00000036885",0
"ENSRNOG00000045743",1
"ENSRNOG00000069593",10
"ENSRNOG00000019211",4795
"ENSRNOG00000013872",0
"ENSRNOG00000023943",0
"ENSRNOG00000013894",0
"ENSRNOG00000064223",1
"ENSRNOG00000029756",0
"ENSRNOG00000015655",4156
"ENSRNOG00000019333",7791
"ENSRNOG00000014490",580
"ENSRNOG00000070399",1
"ENSRNOG00000013902",0
"ENSRNOG00000043426",60
"ENSRNOG00000011025",176
"ENSRNOG00000013917",0
"ENSRNOG00000056332",17
"ENSRNOG00000015987",1099
"ENSRNOG00000019367",425
"ENSRNOG00000069829",2
"ENSRNOG00000045764",1
"ENSRNOG00000011294",773
"ENSRNOG00000016571",181
"ENSRNOG00000067239",1124
"ENSRNOG00000051854",5070
"ENSRNOG00000021581",443
"ENSRNOG00000018798",1
"ENSRNOG00000018870",0
"ENSRNOG00000070442",66
"ENSRNOG00000055257",9401
"ENSRNOG00000010306",484
"ENSRNOG00000060107",327
"ENSRNOG00000018220",1600
"ENSRNOG00000025074",1
"ENSRNOG00000011589",4512
"ENSRNOG00000052232",114
"ENSRNOG00000014857",241
"ENSRNOG00000059604",0
"ENSRNOG00000063253",0
"ENSRNOG00000018131",72
"ENSRNOG00000010655",1
"ENSRNOG00000010552",785
"ENSRNOG00000047499",462
"ENSRNOG00000018783",376
"ENSRNOG00000067768",0
"ENSRNOG00000023457",0
"ENSRNOG00000009345",0
"ENSRNOG00000054375",0
"ENSRNOG00000019417",0
"ENSRNOG00000012508",7
"ENSRNOG00000012436",2603
"ENSRNOG00000018569",2469
"ENSRNOG00000012281",0
"ENSRNOG00000011311",1300
"ENSRNOG00000018201",0
"ENSRNOG00000065373",0
"ENSRNOG00000018659",4229
"ENSRNOG00000014575",646
"ENSRNOG00000069176",0
"ENSRNOG00000015029",1716
"ENSRNOG00000046357",1555
"ENSRNOG00000015026",1683
"ENSRNOG00000014059",63
"ENSRNOG00000023338",194
"ENSRNOG00000012630",3668
"ENSRNOG00000012947",1373
"ENSRNOG00000012946",359
"ENSRNOG00000016793",1
"ENSRNOG00000068931",248
"ENSRNOG00000028561",0
"ENSRNOG00000014613",1494
"ENSRNOG00000010875",328
"ENSRNOG00000032715",1883
"ENSRNOG00000063693",0
"ENSRNOG00000011053",602
"ENSRNOG00000011559",8672
"ENSRNOG00000063905",0
"ENSRNOG00000017784",495
"ENSRNOG00000009845",595
"ENSRNOG00000070622",0
"ENSRNOG00000011654",102
"ENSRNOG00000010183",3599
"ENSRNOG00000011817",623
"ENSRNOG00000024120",21
"ENSRNOG00000012729",532
"ENSRNOG00000056545",2
"ENSRNOG00000011211",1
"ENSRNOG00000067850",6
"ENSRNOG00000070305",0
"ENSRNOG00000064106",2
"ENSRNOG00000011612",0
"ENSRNOG00000047473",17
"ENSRNOG00000014674",346
"ENSRNOG00000015423",650
"ENSRNOG00000020642",305
"ENSRNOG00000066838",90
"ENSRNOG00000049513",0
"ENSRNOG00000015816",329
"ENSRNOG00000051606",87
"ENSRNOG00000027894",248
"ENSRNOG00000020822",3006
"ENSRNOG00000015421",95
"ENSRNOG00000066453",0
"ENSRNOG00000015153",1996
"ENSRNOG00000063260",1
"ENSRNOG00000043095",589
"ENSRNOG00000025406",93
"ENSRNOG00000066460",0
"ENSRNOG00000064316",0
"ENSRNOG00000011057",862
"ENSRNOG00000028403",239
"ENSRNOG00000017986",31
"ENSRNOG00000043511",0
"ENSRNOG00000017272",437
"ENSRNOG00000011070",1067
"ENSRNOG00000031576",54
"ENSRNOG00000012645",1024
"ENSRNOG00000065312",2057
"ENSRNOG00000057159",219
"ENSRNOG00000018054",7
"ENSRNOG00000067567",2
"ENSRNOG00000018679",0
"ENSRNOG00000010071",354
"ENSRNOG00000010889",44
"ENSRNOG00000059480",1612
"ENSRNOG00000010210",122
"ENSRNOG00000043414",0
"ENSRNOG00000069289",0
"ENSRNOG00000051623",190
"ENSRNOG00000069082",0
"ENSRNOG00000056746",0
"ENSRNOG00000009610",0
"ENSRNOG00000058694",719
"ENSRNOG00000065314",63
"ENSRNOG00000010105",12510
"ENSRNOG00000012427",85
"ENSRNOG00000023226",3224
"ENSRNOG00000068452",0
"ENSRNOG00000069471",0
"ENSRNOG00000012280",38
"ENSRNOG00000014178",366
"ENSRNOG00000019590",565
"ENSRNOG00000024594",126
"ENSRNOG00000048617",929
"ENSRNOG00000011400",0
"ENSRNOG00000009276",358
"ENSRNOG00000039588",4
"ENSRNOG00000063783",23
"ENSRNOG00000012312",0
"ENSRNOG00000012556",114
"ENSRNOG00000022234",460
"ENSRNOG00000069382",0
"ENSRNOG00000024845",510
"ENSRNOG00000011645",136
"ENSRNOG00000024028",1
"ENSRNOG00000012019",981
"ENSRNOG00000021155",751
"ENSRNOG00000064586",0
"ENSRNOG00000011402",485
"ENSRNOG00000038091",0
"ENSRNOG00000016070",0
"ENSRNOG00000027408",227
"ENSRNOG00000059463",4639
"ENSRNOG00000010534",604
"ENSRNOG00000009538",888
"ENSRNOG00000019184",213
"ENSRNOG00000016353",7
"ENSRNOG00000011913",341
"ENSRNOG00000061857",177
"ENSRNOG00000028345",0
"ENSRNOG00000020673",1237
"ENSRNOG00000031406",337
"ENSRNOG00000010768",1561
"ENSRNOG00000012302",3
"ENSRNOG00000063747",19
"ENSRNOG00000010248",1155
"ENSRNOG00000020836",0
"ENSRNOG00000064641",0
"ENSRNOG00000010349",22
"ENSRNOG00000065199",379
"ENSRNOG00000008463",3
"ENSRNOG00000008121",0
"ENSRNOG00000069707",9
"ENSRNOG00000064203",0
"ENSRNOG00000014617",5648
"ENSRNOG00000008980",89
"ENSRNOG00000007608",0
"ENSRNOG00000067771",7
"ENSRNOG00000009135",6
"ENSRNOG00000010628",1794
"ENSRNOG00000067999",337
"ENSRNOG00000009172",0
"ENSRNOG00000021695",0
"ENSRNOG00000014753",2941
"ENSRNOG00000011052",7420
"ENSRNOG00000022837",366
"ENSRNOG00000026055",2
"ENSRNOG00000061080",4624
"ENSRNOG00000052745",490
"ENSRNOG00000009258",515
"ENSRNOG00000056660",51
"ENSRNOG00000011145",0
"ENSRNOG00000063850",0
"ENSRNOG00000013520",1973
"ENSRNOG00000061046",1055
"ENSRNOG00000011653",2926
"ENSRNOG00000039466",0
"ENSRNOG00000052444",268
"ENSRNOG00000025214",0
"ENSRNOG00000069815",19
"ENSRNOG00000009571",632
"ENSRNOG00000064940",0
"ENSRNOG00000065843",45
"ENSRNOG00000043114",208
"ENSRNOG00000071163",0
"ENSRNOG00000049057",950
"ENSRNOG00000007234",5898
"ENSRNOG00000067229",33
"ENSRNOG00000009176",885
"ENSRNOG00000069504",0
"ENSRNOG00000046734",0
"ENSRNOG00000067740",5
"ENSRNOG00000069797",68
"ENSRNOG00000006675",0
"ENSRNOG00000067894",2
"ENSRNOG00000070182",0
"ENSRNOG00000006030",0
"ENSRNOG00000013314",1374
"ENSRNOG00000010153",2719
"ENSRNOG00000047571",0
"ENSRNOG00000010517",1384
"ENSRNOG00000066577",0
"ENSRNOG00000047464",0
"ENSRNOG00000065201",1
"ENSRNOG00000071106",0
"ENSRNOG00000064534",2
"ENSRNOG00000064697",0
"ENSRNOG00000022182",819
"ENSRNOG00000002524",14
"ENSRNOG00000021817",91
"ENSRNOG00000026319",1296
"ENSRNOG00000012165",0
"ENSRNOG00000009226",0
"ENSRNOG00000049829",0
"ENSRNOG00000062790",0
"ENSRNOG00000063497",0
"ENSRNOG00000063277",0
"ENSRNOG00000006802",0
"ENSRNOG00000068151",0
"ENSRNOG00000010930",1289
"ENSRNOG00000051748",0
"ENSRNOG00000012764",855
"ENSRNOG00000000017",67
"ENSRNOG00000011713",709
"ENSRNOG00000010205",37
"ENSRNOG00000009153",0
"ENSRNOG00000068982",0
"ENSRNOG00000013383",306
"ENSRNOG00000065661",0
"ENSRNOG00000061100",2871
"ENSRNOG00000011250",0
"ENSRNOG00000063679",929
"ENSRNOG00000012035",2505
"ENSRNOG00000055103",0
"ENSRNOG00000014751",0
"ENSRNOG00000012659",122
"ENSRNOG00000011667",1373
"ENSRNOG00000006486",0
"ENSRNOG00000066685",0
"ENSRNOG00000069229",0
"ENSRNOG00000006102",742
"ENSRNOG00000066243",0
"ENSRNOG00000067399",0
"ENSRNOG00000009894",850
"ENSRNOG00000070516",26
"ENSRNOG00000014347",1557
"ENSRNOG00000070550",0
"ENSRNOG00000010761",0
"ENSRNOG00000007212",0
"ENSRNOG00000007412",224
"ENSRNOG00000011791",162
"ENSRNOG00000021729",36
"ENSRNOG00000008017",1474
"ENSRNOG00000026196",2
"ENSRNOG00000009411",99
"ENSRNOG00000068631",3
"ENSRNOG00000013668",1437
"ENSRNOG00000071062",514
"ENSRNOG00000007937",1108
"ENSRNOG00000031671",0
"ENSRNOG00000008380",3
"ENSRNOG00000006579",0
"ENSRNOG00000014713",850
"ENSRNOG00000010546",0
"ENSRNOG00000065257",0
"ENSRNOG00000006975",3250
"ENSRNOG00000013605",0
"ENSRNOG00000026176",0
"ENSRNOG00000005502",1413
"ENSRNOG00000010919",294
"ENSRNOG00000054176",633
"ENSRNOG00000058785",1083
"ENSRNOG00000008020",0
"ENSRNOG00000010601",3192
"ENSRNOG00000007942",23
"ENSRNOG00000008720",937
"ENSRNOG00000063353",0
"ENSRNOG00000008873",424
"ENSRNOG00000010952",653
"ENSRNOG00000005496",430
"ENSRNOG00000008585",0
"ENSRNOG00000006151",1
"ENSRNOG00000042570",0
"ENSRNOG00000039388",7
"ENSRNOG00000008613",2680
"ENSRNOG00000006365",21
"ENSRNOG00000066798",1244
"ENSRNOG00000006888",372
"ENSRNOG00000042126",129
"ENSRNOG00000007231",0
"ENSRNOG00000021614",6828
"ENSRNOG00000045831",0
"ENSRNOG00000006360",0
"ENSRNOG00000006968",275
"ENSRNOG00000005478",5814
"ENSRNOG00000021866",629
"ENSRNOG00000063971",0
"ENSRNOG00000025991",795
"ENSRNOG00000010435",365
"ENSRNOG00000005981",305
"ENSRNOG00000010453",1382
"ENSRNOG00000009711",0
"ENSRNOG00000070293",0
"ENSRNOG00000007486",462
"ENSRNOG00000015097",2752
"ENSRNOG00000051922",172
"ENSRNOG00000070012",0
"ENSRNOG00000011519",854
"ENSRNOG00000066936",0
"ENSRNOG00000068314",0
"ENSRNOG00000055188",0
"ENSRNOG00000066703",0
"ENSRNOG00000062900",0
"ENSRNOG00000010716",259
"ENSRNOG00000063291",0
"ENSRNOG00000069140",0
"ENSRNOG00000065666",40
"ENSRNOG00000068624",0
"ENSRNOG00000005853",0
"ENSRNOG00000065207",3
"ENSRNOG00000071146",56
"ENSRNOG00000011008",650
"ENSRNOG00000038449",493
"ENSRNOG00000007822",2110
"ENSRNOG00000011616",0
"ENSRNOG00000034084",107
"ENSRNOG00000007118",8
"ENSRNOG00000069681",117
"ENSRNOG00000068844",0
"ENSRNOG00000007636",0
"ENSRNOG00000037251",169
"ENSRNOG00000023657",380
"ENSRNOG00000005587",1432
"ENSRNOG00000011648",7461
"ENSRNOG00000066436",308
"ENSRNOG00000007874",605
"ENSRNOG00000006893",343
"ENSRNOG00000031486",0
"ENSRNOG00000046905",1330
"ENSRNOG00000070957",9
"ENSRNOG00000013809",1147
"ENSRNOG00000007288",7
"ENSRNOG00000057158",0
"ENSRNOG00000010572",350
"ENSRNOG00000012227",1142
"ENSRNOG00000063798",103
"ENSRNOG00000007356",2081
"ENSRNOG00000010053",0
"ENSRNOG00000010430",0
"ENSRNOG00000013135",1866
"ENSRNOG00000070481",303
"ENSRNOG00000012098",0
"ENSRNOG00000010513",0
"ENSRNOG00000009197",0
"ENSRNOG00000007814",1569
"ENSRNOG00000011363",338
"ENSRNOG00000009565",26
"ENSRNOG00000012785",862
"ENSRNOG00000069335",0
"ENSRNOG00000013510",643
"ENSRNOG00000008168",7
"ENSRNOG00000013517",693
"ENSRNOG00000021855",17
"ENSRNOG00000065807",0
"ENSRNOG00000008869",20
"ENSRNOG00000010473",663
"ENSRNOG00000007041",12
"ENSRNOG00000007792",232
"ENSRNOG00000013431",587
"ENSRNOG00000050469",858
"ENSRNOG00000006858",1204
"ENSRNOG00000007806",4034
"ENSRNOG00000012972",4
"ENSRNOG00000068395",0
"ENSRNOG00000010420",463
"ENSRNOG00000065130",0
"ENSRNOG00000062993",0
"ENSRNOG00000011283",141
"ENSRNOG00000005694",2236
"ENSRNOG00000039383",7
"ENSRNOG00000010746",204
"ENSRNOG00000070667",0
"ENSRNOG00000008902",0
"ENSRNOG00000023969",54
"ENSRNOG00000051433",338
"ENSRNOG00000027376",1062
"ENSRNOG00000038471",4
"ENSRNOG00000066853",0
"ENSRNOG00000006197",34578
"ENSRNOG00000062765",0
"ENSRNOG00000013261",256
"ENSRNOG00000009414",655
"ENSRNOG00000066882",0
"ENSRNOG00000069908",0
"ENSRNOG00000028801",148
"ENSRNOG00000069268",58
"ENSRNOG00000009863",2
"ENSRNOG00000068406",1
"ENSRNOG00000024986",0
"ENSRNOG00000013911",389
"ENSRNOG00000063021",1144
"ENSRNOG00000007990",1374
"ENSRNOG00000011292",156464
"ENSRNOG00000065235",0
"ENSRNOG00000008656",0
"ENSRNOG00000008157",19
"ENSRNOG00000063846",0
"ENSRNOG00000019986",515
"ENSRNOG00000061373",2226
"ENSRNOG00000067395",2
"ENSRNOG00000008332",1250
"ENSRNOG00000069227",1
"ENSRNOG00000007947",581
"ENSRNOG00000006874",0
"ENSRNOG00000007955",115
"ENSRNOG00000063630",0
"ENSRNOG00000068262",0
"ENSRNOG00000006576",837
"ENSRNOG00000021441",2
"ENSRNOG00000047453",772
"ENSRNOG00000015581",0
"ENSRNOG00000007100",482
"ENSRNOG00000007924",161
"ENSRNOG00000062430",0
"ENSRNOG00000064707",2
"ENSRNOG00000005268",0
"ENSRNOG00000007546",5252
"ENSRNOG00000028896",0
"ENSRNOG00000070702",0
"ENSRNOG00000008939",0
"ENSRNOG00000070617",22
"ENSRNOG00000065391",99
"ENSRNOG00000057096",74
"ENSRNOG00000022448",670
"ENSRNOG00000008524",550
"ENSRNOG00000020032",585
"ENSRNOG00000011808",7
"ENSRNOG00000006116",412
"ENSRNOG00000043035",68
"ENSRNOG00000008309",95
"ENSRNOG00000070386",718
"ENSRNOG00000045797",0
"ENSRNOG00000012817",861
"ENSRNOG00000007842",3752
"ENSRNOG00000021468",8
"ENSRNOG00000008062",56
"ENSRNOG00000030269",0
"ENSRNOG00000008628",49
"ENSRNOG00000008466",0
"ENSRNOG00000066158",0
"ENSRNOG00000048371",138
"ENSRNOG00000031173",8713
"ENSRNOG00000011617",713
"ENSRNOG00000070169",0
"ENSRNOG00000008098",6
"ENSRNOG00000011387",1521
"ENSRNOG00000068074",7
"ENSRNOG00000033618",1
"ENSRNOG00000037198",42
"ENSRNOG00000023679",587
"ENSRNOG00000015493",0
"ENSRNOG00000012932",16
"ENSRNOG00000011144",17
"ENSRNOG00000010345",14
"ENSRNOG00000030151",12
"ENSRNOG00000015076",6
"ENSRNOG00000011338",234
"ENSRNOG00000006132",4
"ENSRNOG00000007804",801
"ENSRNOG00000067962",1
"ENSRNOG00000012026",1525
"ENSRNOG00000049269",3297
"ENSRNOG00000007900",0
"ENSRNOG00000010905",1
"ENSRNOG00000042731",1
"ENSRNOG00000067502",0
"ENSRNOG00000007437",455
"ENSRNOG00000012392",414
"ENSRNOG00000014501",1777
"ENSRNOG00000011153",1476
"ENSRNOG00000006391",1081
"ENSRNOG00000025209",3245
"ENSRNOG00000012881",425
"ENSRNOG00000021758",3027
"ENSRNOG00000050231",6966
"ENSRNOG00000006526",1980
"ENSRNOG00000006717",119
"ENSRNOG00000006583",0
"ENSRNOG00000068221",0
"ENSRNOG00000066686",0
"ENSRNOG00000009700",23
"ENSRNOG00000015768",6
"ENSRNOG00000009742",459
"ENSRNOG00000012693",1013
"ENSRNOG00000069727",0
"ENSRNOG00000009000",2298
"ENSRNOG00000066361",0
"ENSRNOG00000063451",1
"ENSRNOG00000064111",2
"ENSRNOG00000006631",185
"ENSRNOG00000007544",0
"ENSRNOG00000008752",335
"ENSRNOG00000070192",0
"ENSRNOG00000015411",0
"ENSRNOG00000010378",2
"ENSRNOG00000048205",8831
"ENSRNOG00000022950",0
"ENSRNOG00000005906",68
"ENSRNOG00000015331",0
"ENSRNOG00000065131",1
"ENSRNOG00000048088",556
"ENSRNOG00000064705",0
"ENSRNOG00000009956",9144
"ENSRNOG00000008368",0
"ENSRNOG00000006206",3180
"ENSRNOG00000063398",0
"ENSRNOG00000007340",261
"ENSRNOG00000010833",1030
"ENSRNOG00000067011",0
"ENSRNOG00000007224",1111
"ENSRNOG00000007662",489
"ENSRNOG00000012337",117
"ENSRNOG00000008376",823
"ENSRNOG00000011014",1808
"ENSRNOG00000009957",244
"ENSRNOG00000022343",1200
"ENSRNOG00000070521",1
"ENSRNOG00000059474",4309
"ENSRNOG00000005512",4158
"ENSRNOG00000028219",1136
"ENSRNOG00000012394",760
"ENSRNOG00000013962",459
"ENSRNOG00000060689",109
"ENSRNOG00000014083",0
"ENSRNOG00000012439",919
"ENSRNOG00000006003",1
"ENSRNOG00000012876",0
"ENSRNOG00000008142",879
"ENSRNOG00000010950",271
"ENSRNOG00000006093",0
"ENSRNOG00000011566",5
"ENSRNOG00000013573",73
"ENSRNOG00000014578",6
"ENSRNOG00000013712",2129
"ENSRNOG00000052140",556
"ENSRNOG00000005775",784
"ENSRNOG00000045539",2223
"ENSRNOG00000017066",1914
"ENSRNOG00000057729",28
"ENSRNOG00000021781",1277
"ENSRNOG00000001808",1137
"ENSRNOG00000064930",0
"ENSRNOG00000010467",1
"ENSRNOG00000069710",0
"ENSRNOG00000014562",3078
"ENSRNOG00000021402",161
"ENSRNOG00000001811",1409
"ENSRNOG00000010725",0
"ENSRNOG00000062723",0
"ENSRNOG00000070875",5
"ENSRNOG00000005695",60836
"ENSRNOG00000013589",2606
"ENSRNOG00000017710",0
"ENSRNOG00000065827",1
"ENSRNOG00000066393",0
"ENSRNOG00000068450",51
"ENSRNOG00000010278",279
"ENSRNOG00000069963",4
"ENSRNOG00000068926",0
"ENSRNOG00000066762",0
"ENSRNOG00000023065",727
"ENSRNOG00000009096",21
"ENSRNOG00000069795",58
"ENSRNOG00000017399",336
"ENSRNOG00000067309",0
"ENSRNOG00000009022",65
"ENSRNOG00000062434",0
"ENSRNOG00000007281",6879
"ENSRNOG00000042507",2
"ENSRNOG00000062492",1406
"ENSRNOG00000009112",1431
"ENSRNOG00000062405",0
"ENSRNOG00000047114",10
"ENSRNOG00000023363",0
"ENSRNOG00000062429",432
"ENSRNOG00000006476",0
"ENSRNOG00000023337",444
"ENSRNOG00000033695",798
"ENSRNOG00000005615",613
"ENSRNOG00000009324",306
"ENSRNOG00000029574",19716
"ENSRNOG00000068666",0
"ENSRNOG00000018453",594
"ENSRNOG00000027655",0
"ENSRNOG00000065557",3
"ENSRNOG00000054428",0
"ENSRNOG00000008962",175
"ENSRNOG00000006857",0
"ENSRNOG00000007027",2
"ENSRNOG00000064781",12
"ENSRNOG00000067883",0
"ENSRNOG00000024709",0
"ENSRNOG00000031707",27
"ENSRNOG00000047566",16
"ENSRNOG00000066643",0
"ENSRNOG00000059347",167
"ENSRNOG00000064041",0
"ENSRNOG00000059615",1350
"ENSRNOG00000024685",0
"ENSRNOG00000067683",0
"ENSRNOG00000056052",0
"ENSRNOG00000058543",0
"ENSRNOG00000066785",0
"ENSRNOG00000067965",0
"ENSRNOG00000066267",0
"ENSRNOG00000070247",0
"ENSRNOG00000064825",0
"ENSRNOG00000010253",0
"ENSRNOG00000062896",0
"ENSRNOG00000039300",845
"ENSRNOG00000052702",113
"ENSRNOG00000033531",3376
"ENSRNOG00000054508",858
"ENSRNOG00000021799",0
"ENSRNOG00000005890",3140
"ENSRNOG00000069945",0
"ENSRNOG00000053203",941
"ENSRNOG00000064958",0
"ENSRNOG00000019719",0
"ENSRNOG00000032847",95
"ENSRNOG00000024636",0
"ENSRNOG00000027557",0
"ENSRNOG00000064052",0
"ENSRNOG00000027445",1075
"ENSRNOG00000005376",229
"ENSRNOG00000042494",0
"ENSRNOG00000056836",13176
"ENSRNOG00000012195",0
"ENSRNOG00000007270",12
"ENSRNOG00000026225",0
"ENSRNOG00000010048",1316
"ENSRNOG00000030413",3
"ENSRNOG00000051905",0
"ENSRNOG00000032535",1
"ENSRNOG00000006782",1
"ENSRNOG00000034071",1529
"ENSRNOG00000057290",1019
"ENSRNOG00000066812",0
"ENSRNOG00000028135",0
"ENSRNOG00000047774",0
"ENSRNOG00000039626",0
"ENSRNOG00000066438",141
"ENSRNOG00000054505",0
"ENSRNOG00000061595",145
"ENSRNOG00000069828",0
"ENSRNOG00000052486",0
"ENSRNOG00000054514",1321
"ENSRNOG00000008031",10
"ENSRNOG00000028130",0
"ENSRNOG00000064842",0
"ENSRNOG00000070946",645
"ENSRNOG00000017906",0
"ENSRNOG00000039863",0
"ENSRNOG00000005412",1
"ENSRNOG00000059350",3
"ENSRNOG00000066511",0
"ENSRNOG00000006646",1393
"ENSRNOG00000007508",12
"ENSRNOG00000053213",1
"ENSRNOG00000013137",3
"ENSRNOG00000049982",419
"ENSRNOG00000026811",0
"ENSRNOG00000012495",1
"ENSRNOG00000051952",1206
"ENSRNOG00000015719",0
"ENSRNOG00000017881",0
"ENSRNOG00000006779",1713
"ENSRNOG00000048169",6
"ENSRNOG00000063432",0
"ENSRNOG00000006810",982
"ENSRNOG00000009583",1
"ENSRNOG00000028538",0
"ENSRNOG00000070474",985
"ENSRNOG00000057713",2003
"ENSRNOG00000018159",13229
"ENSRNOG00000033274",87
"ENSRNOG00000007304",936
"ENSRNOG00000034168",139
"ENSRNOG00000008839",555
"ENSRNOG00000026919",24
"ENSRNOG00000005519",0
"ENSRNOG00000065301",5832
"ENSRNOG00000007808",9
"ENSRNOG00000026941",181
"ENSRNOG00000063440",0
"ENSRNOG00000060808",0
"ENSRNOG00000033748",4430
"ENSRNOG00000067848",0
"ENSRNOG00000056243",846
"ENSRNOG00000067824",0
"ENSRNOG00000027055",0
"ENSRNOG00000057387",0
"ENSRNOG00000064582",0
"ENSRNOG00000047851",0
"ENSRNOG00000005818",20
"ENSRNOG00000061394",0
"ENSRNOG00000062606",0
"ENSRNOG00000046023",1615
"ENSRNOG00000070044",0
"ENSRNOG00000065350",0
"ENSRNOG00000012822",4
"ENSRNOG00000007740",0
"ENSRNOG00000066271",0
"ENSRNOG00000068648",0
"ENSRNOG00000031207",2
"ENSRNOG00000008594",0
"ENSRNOG00000067721",0
"ENSRNOG00000067416",1
"ENSRNOG00000031306",0
"ENSRNOG00000006383",1
"ENSRNOG00000005468",274
"ENSRNOG00000010057",0
"ENSRNOG00000042954",3
"ENSRNOG00000060343",0
"ENSRNOG00000050482",176
"ENSRNOG00000063340",0
"ENSRNOG00000048888",0
"ENSRNOG00000063098",5
"ENSRNOG00000005630",1723
"ENSRNOG00000023340",0
"ENSRNOG00000005781",8
"ENSRNOG00000065160",0
"ENSRNOG00000033938",0
"ENSRNOG00000063256",0
"ENSRNOG00000068988",0
"ENSRNOG00000053787",615
"ENSRNOG00000013211",995
"ENSRNOG00000069205",0
"ENSRNOG00000067934",0
"ENSRNOG00000062608",0
"ENSRNOG00000056207",3427
"ENSRNOG00000068649",0
"ENSRNOG00000062475",0
"ENSRNOG00000062633",706
"ENSRNOG00000062392",0
"ENSRNOG00000008775",16
"ENSRNOG00000061845",1418
"ENSRNOG00000068381",0
"ENSRNOG00000068268",0
"ENSRNOG00000067685",0
"ENSRNOG00000064670",0
"ENSRNOG00000066470",0
"ENSRNOG00000013072",1272
"ENSRNOG00000064086",0
"ENSRNOG00000060349",979
"ENSRNOG00000070721",0
"ENSRNOG00000069559",0
"ENSRNOG00000068118",0
"ENSRNOG00000053662",0
"ENSRNOG00000066019",0
"ENSRNOG00000055481",1
"ENSRNOG00000063615",0
"ENSRNOG00000009211",10
"ENSRNOG00000070183",0
"ENSRNOG00000027433",2937
"ENSRNOG00000063419",0
"ENSRNOG00000006726",213
"ENSRNOG00000042478",1
"ENSRNOG00000021840",5191
"ENSRNOG00000009734",144
"ENSRNOG00000015505",337
"ENSRNOG00000039494",7
"ENSRNOG00000008851",2295
"ENSRNOG00000063857",902
"ENSRNOG00000059016",887
"ENSRNOG00000010282",1
"ENSRNOG00000010045",0
"ENSRNOG00000064820",8
"ENSRNOG00000009875",42
"ENSRNOG00000010344",2
"ENSRNOG00000006527",0
"ENSRNOG00000069039",0
"ENSRNOG00000010573",0
"ENSRNOG00000010018",0
"ENSRNOG00000066609",0
"ENSRNOG00000053449",1
"ENSRNOG00000010133",621
"ENSRNOG00000011946",2
"ENSRNOG00000037206",62
"ENSRNOG00000070578",0
"ENSRNOG00000012826",11178
"ENSRNOG00000011857",5368
"ENSRNOG00000049780",1825
"ENSRNOG00000012297",1944
"ENSRNOG00000028092",60
"ENSRNOG00000014992",4322
"ENSRNOG00000010463",0
"ENSRNOG00000005726",14
"ENSRNOG00000010591",2662
"ENSRNOG00000015191",1385
"ENSRNOG00000011750",34
"ENSRNOG00000026965",281
"ENSRNOG00000009236",1579
"ENSRNOG00000007202",1806
"ENSRNOG00000061684",918
"ENSRNOG00000024604",0
"ENSRNOG00000009513",3927
"ENSRNOG00000030870",0
"ENSRNOG00000059227",3
"ENSRNOG00000042139",0
"ENSRNOG00000053804",0
"ENSRNOG00000039862",882
"ENSRNOG00000026958",75
"ENSRNOG00000062541",571
"ENSRNOG00000051816",127
"ENSRNOG00000010421",279
"ENSRNOG00000011905",1657
"ENSRNOG00000007098",220
"ENSRNOG00000066556",1
"ENSRNOG00000008602",0
"ENSRNOG00000049203",661
"ENSRNOG00000011184",6
"ENSRNOG00000005908",552
"ENSRNOG00000011718",367
"ENSRNOG00000067026",0
"ENSRNOG00000065786",50
"ENSRNOG00000064282",16
"ENSRNOG00000064923",0
"ENSRNOG00000064556",0
"ENSRNOG00000042758",82
"ENSRNOG00000067104",0
"ENSRNOG00000063870",1
"ENSRNOG00000070261",32
"ENSRNOG00000011796",9811
"ENSRNOG00000064333",0
"ENSRNOG00000006076",686
"ENSRNOG00000068396",0
"ENSRNOG00000064991",110
"ENSRNOG00000070375",0
"ENSRNOG00000068722",0
"ENSRNOG00000010795",1244
"ENSRNOG00000006114",229
"ENSRNOG00000068426",0
"ENSRNOG00000070496",1
"ENSRNOG00000011971",4314
"ENSRNOG00000066396",13
"ENSRNOG00000069222",30
"ENSRNOG00000013004",0
"ENSRNOG00000069929",3
"ENSRNOG00000069594",163
"ENSRNOG00000007151",2466
"ENSRNOG00000068238",55
"ENSRNOG00000065327",0
"ENSRNOG00000019264",7126
"ENSRNOG00000033673",85
"ENSRNOG00000024560",0
"ENSRNOG00000070388",167
"ENSRNOG00000010880",1
"ENSRNOG00000039860",5
"ENSRNOG00000070520",0
"ENSRNOG00000062959",8720
"ENSRNOG00000064238",133
"ENSRNOG00000066290",21
"ENSRNOG00000009163",255
"ENSRNOG00000067905",0
"ENSRNOG00000019368",373
"ENSRNOG00000069100",0
"ENSRNOG00000058506",6
"ENSRNOG00000063037",16
"ENSRNOG00000007899",149
"ENSRNOG00000064449",37
"ENSRNOG00000051419",0
"ENSRNOG00000071085",0
"ENSRNOG00000010852",1494
"ENSRNOG00000070814",7
"ENSRNOG00000067290",163
"ENSRNOG00000067539",0
"ENSRNOG00000070003",9
"ENSRNOG00000062607",0
"ENSRNOG00000066335",6
"ENSRNOG00000068001",154
"ENSRNOG00000065414",3
"ENSRNOG00000066998",0
"ENSRNOG00000067701",0
"ENSRNOG00000042804",6
"ENSRNOG00000064122",268
"ENSRNOG00000052718",0
"ENSRNOG00000071208",0
"ENSRNOG00000007090",2221
"ENSRNOG00000059964",36
"ENSRNOG00000064414",0
"ENSRNOG00000011606",216
"ENSRNOG00000065777",0
"ENSRNOG00000067312",3
"ENSRNOG00000007420",0
"ENSRNOG00000070828",750
"ENSRNOG00000070985",134
"ENSRNOG00000028826",507
"ENSRNOG00000005564",1501
"ENSRNOG00000063180",0
"ENSRNOG00000023285",347
"ENSRNOG00000064175",0
"ENSRNOG00000029083",15
"ENSRNOG00000062885",0
"ENSRNOG00000057997",2
"ENSRNOG00000046851",4
"ENSRNOG00000063886",0
"ENSRNOG00000033439",2
"ENSRNOG00000060897",0
"ENSRNOG00000019689",26
"ENSRNOG00000070338",2
"ENSRNOG00000064887",0
"ENSRNOG00000068196",0
"ENSRNOG00000021401",0
"ENSRNOG00000038215",0
"ENSRNOG00000068892",2
"ENSRNOG00000066825",0
"ENSRNOG00000068644",660
"ENSRNOG00000066814",0
"ENSRNOG00000059360",0
"ENSRNOG00000062819",0
"ENSRNOG00000064217",0
"ENSRNOG00000006001",3730
"ENSRNOG00000038024",56
"ENSRNOG00000056741",1
"ENSRNOG00000064456",0
"ENSRNOG00000055703",0
"ENSRNOG00000060859",0
"ENSRNOG00000070785",0
"ENSRNOG00000066985",0
"ENSRNOG00000021723",42
"ENSRNOG00000063459",0
"ENSRNOG00000066068",0
"ENSRNOG00000008012",104
"ENSRNOG00000065548",0
"ENSRNOG00000027063",0
"ENSRNOG00000056402",0
"ENSRNOG00000028747",1881
"ENSRNOG00000054678",0
"ENSRNOG00000063804",0
"ENSRNOG00000068090",0
"ENSRNOG00000069655",18
"ENSRNOG00000064761",0
"ENSRNOG00000058279",0
"ENSRNOG00000066305",0
"ENSRNOG00000052263",0
"ENSRNOG00000030902",8
"ENSRNOG00000060084",0
"ENSRNOG00000058512",0
"ENSRNOG00000032448",0
"ENSRNOG00000051445",0
"ENSRNOG00000013251",1355
"ENSRNOG00000067082",0
"ENSRNOG00000063565",0
"ENSRNOG00000051840",0
"ENSRNOG00000005664",0
"ENSRNOG00000052417",0
"ENSRNOG00000058403",0
"ENSRNOG00000005692",0
"ENSRNOG00000054341",0
"ENSRNOG00000067641",0
"ENSRNOG00000067588",0
"ENSRNOG00000051717",0
"ENSRNOG00000061234",0
"ENSRNOG00000021366",0
"ENSRNOG00000070798",0
"ENSRNOG00000027722",194
"ENSRNOG00000066041",0
"ENSRNOG00000067918",0
"ENSRNOG00000054741",0
"ENSRNOG00000031185",0
"ENSRNOG00000058628",0
"ENSRNOG00000065349",0
"ENSRNOG00000013378",4
"ENSRNOG00000062417",0
"ENSRNOG00000021445",0
"ENSRNOG00000064566",0
"ENSRNOG00000062325",2794
"ENSRNOG00000021430",0
"ENSRNOG00000065660",0
"ENSRNOG00000064270",0
"ENSRNOG00000069224",0
"ENSRNOG00000030993",0
"ENSRNOG00000066792",0
"ENSRNOG00000052849",0
"ENSRNOG00000005732",0
"ENSRNOG00000009280",443
"ENSRNOG00000068562",0
"ENSRNOG00000029561",0
"ENSRNOG00000065008",0
"ENSRNOG00000066533",0
"ENSRNOG00000032724",0
"ENSRNOG00000061702",0
"ENSRNOG00000037036",0
"ENSRNOG00000062515",0
"ENSRNOG00000053912",0
"ENSRNOG00000031107",0
"ENSRNOG00000056608",0
"ENSRNOG00000066042",1880
"ENSRNOG00000060430",1
"ENSRNOG00000070504",0
"ENSRNOG00000061624",0
"ENSRNOG00000055593",0
"ENSRNOG00000021397",0
"ENSRNOG00000056499",0
"ENSRNOG00000061081",0
"ENSRNOG00000030752",0
"ENSRNOG00000069842",0
"ENSRNOG00000055945",0
"ENSRNOG00000062370",0
"ENSRNOG00000061103",0
"ENSRNOG00000067648",4
"ENSRNOG00000061241",0
"ENSRNOG00000066655",22
"ENSRNOG00000067096",0
"ENSRNOG00000027617",1187
"ENSRNOG00000008667",1
"ENSRNOG00000055249",0
"ENSRNOG00000005645",0
"ENSRNOG00000051914",0
"ENSRNOG00000063909",0
"ENSRNOG00000005646",0
"ENSRNOG00000060570",0
"ENSRNOG00000060457",4
"ENSRNOG00000001840",3
"ENSRNOG00000067392",0
"ENSRNOG00000053310",0
"ENSRNOG00000036910",18
"ENSRNOG00000064943",0
"ENSRNOG00000058680",0
"ENSRNOG00000033855",936
"ENSRNOG00000005618",154
"ENSRNOG00000059847",0
"ENSRNOG00000064845",0
"ENSRNOG00000068370",0
"ENSRNOG00000066190",0
"ENSRNOG00000062577",5
"ENSRNOG00000067251",0
"ENSRNOG00000063157",47
"ENSRNOG00000070825",0
"ENSRNOG00000011108",1
"ENSRNOG00000063158",0
"ENSRNOG00000068385",8
"ENSRNOG00000063686",0
"ENSRNOG00000071024",0
"ENSRNOG00000062583",0
"ENSRNOG00000069971",0
"ENSRNOG00000007034",549
"ENSRNOG00000067590",0
"ENSRNOG00000067819",0
"ENSRNOG00000052033",0
"ENSRNOG00000055888",0
"ENSRNOG00000054530",3
"ENSRNOG00000068356",252
"ENSRNOG00000055602",0
"ENSRNOG00000005867",0
"ENSRNOG00000059486",1
"ENSRNOG00000064443",1
"ENSRNOG00000060660",1
"ENSRNOG00000057550",135
"ENSRNOG00000057093",0
"ENSRNOG00000052747",0
"ENSRNOG00000069143",13
"ENSRNOG00000064124",0
"ENSRNOG00000065147",590
"ENSRNOG00000008725",1783
"ENSRNOG00000064288",120
"ENSRNOG00000059320",0
"ENSRNOG00000069248",0
"ENSRNOG00000054987",0
"ENSRNOG00000067342",2
"ENSRNOG00000055890",0
"ENSRNOG00000070439",0
"ENSRNOG00000058704",0
"ENSRNOG00000056432",0
"ENSRNOG00000053476",2
"ENSRNOG00000053251",0
"ENSRNOG00000060415",0
"ENSRNOG00000066704",0
"ENSRNOG00000059547",0
"ENSRNOG00000069672",4
"ENSRNOG00000058905",0
"ENSRNOG00000067985",17
"ENSRNOG00000061585",0
"ENSRNOG00000063230",22
"ENSRNOG00000060592",0
"ENSRNOG00000053414",25
"ENSRNOG00000056544",0
"ENSRNOG00000052942",0
"ENSRNOG00000065999",0
"ENSRNOG00000060772",0
"ENSRNOG00000065270",0
"ENSRNOG00000058095",0
"ENSRNOG00000067947",555
"ENSRNOG00000057170",0
"ENSRNOG00000010233",11192
"ENSRNOG00000068167",29
"ENSRNOG00000069790",0
"ENSRNOG00000069103",2
"ENSRNOG00000059639",2
"ENSRNOG00000067095",70
"ENSRNOG00000056090",0
"ENSRNOG00000063013",0
"ENSRNOG00000066064",0
"ENSRNOG00000068828",11
"ENSRNOG00000057002",0
"ENSRNOG00000067428",0
"ENSRNOG00000053177",0
"ENSRNOG00000066929",94
"ENSRNOG00000059471",0
"ENSRNOG00000062437",0
"ENSRNOG00000059511",0
"ENSRNOG00000009264",789
"ENSRNOG00000061010",0
"ENSRNOG00000067713",1
"ENSRNOG00000054659",0
"ENSRNOG00000056565",0
"ENSRNOG00000061330",0
"ENSRNOG00000070695",165
"ENSRNOG00000065973",0
"ENSRNOG00000069010",3
"ENSRNOG00000053390",1
"ENSRNOG00000068188",0
"ENSRNOG00000010397",107
"ENSRNOG00000060424",0
"ENSRNOG00000059966",0
"ENSRNOG00000057018",0
"ENSRNOG00000055555",0
"ENSRNOG00000065433",0
"ENSRNOG00000056505",0
"ENSRNOG00000071211",0
"ENSRNOG00000065415",0
"ENSRNOG00000054884",5
"ENSRNOG00000058065",0
"ENSRNOG00000051749",0
"ENSRNOG00000054499",0
"ENSRNOG00000064686",0
"ENSRNOG00000052715",0
"ENSRNOG00000053685",0
"ENSRNOG00000069597",0
"ENSRNOG00000052674",0
"ENSRNOG00000059787",3
"ENSRNOG00000068282",5
"ENSRNOG00000026705",1
"ENSRNOG00000068295",0
"ENSRNOG00000067372",0
"ENSRNOG00000070879",0
"ENSRNOG00000066121",0
"ENSRNOG00000019556",3025
"ENSRNOG00000057606",0
"ENSRNOG00000051718",0
"ENSRNOG00000070120",0
"ENSRNOG00000069583",0
"ENSRNOG00000062571",0
"ENSRNOG00000069513",0
"ENSRNOG00000052131",0
"ENSRNOG00000012269",6423
"ENSRNOG00000051990",0
"ENSRNOG00000063849",0
"ENSRNOG00000057063",0
"ENSRNOG00000066909",0
"ENSRNOG00000012828",697
"ENSRNOG00000062380",0
"ENSRNOG00000059631",0
"ENSRNOG00000062539",0
"ENSRNOG00000057486",0
"ENSRNOG00000059571",0
"ENSRNOG00000068359",0
"ENSRNOG00000012999",2503
"ENSRNOG00000054211",0
"ENSRNOG00000061617",0
"ENSRNOG00000007918",2
"ENSRNOG00000008196",572
"ENSRNOG00000052445",337
"ENSRNOG00000011854",178
"ENSRNOG00000026446",14
"ENSRNOG00000012100",138
"ENSRNOG00000014294",16
"ENSRNOG00000013948",3552
"ENSRNOG00000067443",0
"ENSRNOG00000046972",0
"ENSRNOG00000014312",0
"ENSRNOG00000066406",0
"ENSRNOG00000070812",0
"ENSRNOG00000070244",0
"ENSRNOG00000010154",843
"ENSRNOG00000068055",0
"ENSRNOG00000067233",0
"ENSRNOG00000063329",0
"ENSRNOG00000010267",553
"ENSRNOG00000065675",0
"ENSRNOG00000066904",0
"ENSRNOG00000048468",0
"ENSRNOG00000066072",0
"ENSRNOG00000066955",0
"ENSRNOG00000065237",0
"ENSRNOG00000013428",0
"ENSRNOG00000064085",0
"ENSRNOG00000065629",0
"ENSRNOG00000023561",1
"ENSRNOG00000066082",0
"ENSRNOG00000067079",0
"ENSRNOG00000013729",234
"ENSRNOG00000070134",0
"ENSRNOG00000071026",0
"ENSRNOG00000010702",3201
"ENSRNOG00000015455",212
"ENSRNOG00000012916",0
"ENSRNOG00000012201",0
"ENSRNOG00000046959",0
"ENSRNOG00000060594",10653
"ENSRNOG00000006784",67
"ENSRNOG00000026528",263
"ENSRNOG00000029644",1
"ENSRNOG00000009347",7
"ENSRNOG00000059589",453
"ENSRNOG00000061420",74
"ENSRNOG00000026748",742
"ENSRNOG00000031408",5
"ENSRNOG00000005691",131
"ENSRNOG00000017708",9312
"ENSRNOG00000006814",22
"ENSRNOG00000015877",0
"ENSRNOG00000013203",0
"ENSRNOG00000069261",0
"ENSRNOG00000013141",2676
"ENSRNOG00000016182",200
"ENSRNOG00000065167",0
"ENSRNOG00000006718",1974
"ENSRNOG00000067295",0
"ENSRNOG00000043164",0
"ENSRNOG00000064192",0
"ENSRNOG00000056962",76
"ENSRNOG00000006846",0
"ENSRNOG00000013382",0
"ENSRNOG00000017720",443
"ENSRNOG00000008518",0
"ENSRNOG00000026309",96
"ENSRNOG00000065135",335
"ENSRNOG00000010957",614
"ENSRNOG00000014918",0
"ENSRNOG00000010353",572
"ENSRNOG00000017838",555
"ENSRNOG00000027592",709
"ENSRNOG00000059878",89
"ENSRNOG00000009316",0
"ENSRNOG00000067591",0
"ENSRNOG00000009256",2
"ENSRNOG00000036959",3
"ENSRNOG00000048969",481
"ENSRNOG00000055036",565
"ENSRNOG00000062962",13
"ENSRNOG00000067281",1
"ENSRNOG00000009030",1
"ENSRNOG00000015478",5
"ENSRNOG00000047635",1
"ENSRNOG00000006859",4453
"ENSRNOG00000007249",2044
"ENSRNOG00000008678",21592
"ENSRNOG00000065521",3
"ENSRNOG00000067769",0
"ENSRNOG00000028311",0
"ENSRNOG00000063691",1
"ENSRNOG00000005787",5
"ENSRNOG00000070606",24
"ENSRNOG00000009787",16
"ENSRNOG00000011156",34
"ENSRNOG00000007493",195
"ENSRNOG00000068200",0
"ENSRNOG00000005809",74
"ENSRNOG00000010015",0
"ENSRNOG00000026306",0
"ENSRNOG00000037768",170
"ENSRNOG00000068192",0
"ENSRNOG00000031855",496
"ENSRNOG00000042164",0
"ENSRNOG00000066330",2
"ENSRNOG00000010021",379
"ENSRNOG00000007047",3590
"ENSRNOG00000051942",1
"ENSRNOG00000063726",5
"ENSRNOG00000006120",0
"ENSRNOG00000008838",5
"ENSRNOG00000070336",0
"ENSRNOG00000030012",0
"ENSRNOG00000007066",0
"ENSRNOG00000059890",7
"ENSRNOG00000042112",0
"ENSRNOG00000018410",697
"ENSRNOG00000008929",450
"ENSRNOG00000063605",0
"ENSRNOG00000037076",4
"ENSRNOG00000065417",0
"ENSRNOG00000007830",141
"ENSRNOG00000018507",2883
"ENSRNOG00000019219",694
"ENSRNOG00000050493",0
"ENSRNOG00000047450",0
"ENSRNOG00000030547",1
"ENSRNOG00000065908",0
"ENSRNOG00000013222",14
"ENSRNOG00000013944",430
"ENSRNOG00000069744",64
"ENSRNOG00000037863",0
"ENSRNOG00000030538",0
"ENSRNOG00000064731",0
"ENSRNOG00000048726",339
"ENSRNOG00000011509",534
"ENSRNOG00000015589",468
"ENSRNOG00000013816",466
"ENSRNOG00000027466",4
"ENSRNOG00000064685",0
"ENSRNOG00000008766",0
"ENSRNOG00000068912",0
"ENSRNOG00000069899",271
"ENSRNOG00000013132",0
"ENSRNOG00000070827",14
"ENSRNOG00000029401",18
"ENSRNOG00000000024",1341
"ENSRNOG00000028989",0
"ENSRNOG00000007866",14
"ENSRNOG00000050578",2242
"ENSRNOG00000010449",0
"ENSRNOG00000012954",482
"ENSRNOG00000030522",4
"ENSRNOG00000040301",1
"ENSRNOG00000062621",0
"ENSRNOG00000050483",75
"ENSRNOG00000034228",2
"ENSRNOG00000054360",0
"ENSRNOG00000009085",308
"ENSRNOG00000015903",1
"ENSRNOG00000026177",0
"ENSRNOG00000051620",1566
"ENSRNOG00000008439",0
"ENSRNOG00000015630",2066
"ENSRNOG00000012472",259
"ENSRNOG00000007131",955
"ENSRNOG00000012602",802
"ENSRNOG00000010474",10300
"ENSRNOG00000008117",698
"ENSRNOG00000058386",2212
"ENSRNOG00000007310",0
"ENSRNOG00000053553",3
"ENSRNOG00000034088",0
"ENSRNOG00000011092",1
"ENSRNOG00000036960",32698
"ENSRNOG00000046345",14108
"ENSRNOG00000013369",1
"ENSRNOG00000045819",268
"ENSRNOG00000024885",0
"ENSRNOG00000070887",0
"ENSRNOG00000053178",3
"ENSRNOG00000025735",1
"ENSRNOG00000037871",117
"ENSRNOG00000005505",1810
"ENSRNOG00000013245",0
"ENSRNOG00000025618",0
"ENSRNOG00000061739",0
"ENSRNOG00000015682",0
"ENSRNOG00000056009",1184
"ENSRNOG00000009282",1093
"ENSRNOG00000008514",18
"ENSRNOG00000071214",0
"ENSRNOG00000069072",0
"ENSRNOG00000028235",51
"ENSRNOG00000065053",1
"ENSRNOG00000016484",702
"ENSRNOG00000024508",0
"ENSRNOG00000063539",0
"ENSRNOG00000047067",22697
"ENSRNOG00000015799",22
"ENSRNOG00000027979",1
"ENSRNOG00000066165",0
"ENSRNOG00000066886",8
"ENSRNOG00000008557",420
"ENSRNOG00000001807",1827
"ENSRNOG00000050645",777
"ENSRNOG00000005608",264
"ENSRNOG00000009740",3
"ENSRNOG00000057924",1
"ENSRNOG00000070501",0
"ENSRNOG00000010609",840
"ENSRNOG00000015394",0
"ENSRNOG00000055966",27
"ENSRNOG00000007134",3110
"ENSRNOG00000070849",0
"ENSRNOG00000017149",295
"ENSRNOG00000065813",0
"ENSRNOG00000009872",548
"ENSRNOG00000057142",0
"ENSRNOG00000012247",9022
"ENSRNOG00000007717",0
"ENSRNOG00000061864",0
"ENSRNOG00000070547",0
"ENSRNOG00000067628",7
"ENSRNOG00000068392",0
"ENSRNOG00000063154",1
"ENSRNOG00000031312",14244
"ENSRNOG00000069338",0
"ENSRNOG00000014367",0
"ENSRNOG00000069243",0
"ENSRNOG00000014018",3
"ENSRNOG00000060843",0
"ENSRNOG00000070958",0
"ENSRNOG00000033815",0
"ENSRNOG00000067272",0
"ENSRNOG00000026675",0
"ENSRNOG00000065801",0
"ENSRNOG00000014714",0
"ENSRNOG00000066559",1
"ENSRNOG00000064073",0
"ENSRNOG00000066164",0
"ENSRNOG00000063026",0
"ENSRNOG00000017911",739
"ENSRNOG00000021313",0
"ENSRNOG00000065086",0
"ENSRNOG00000059810",140
"ENSRNOG00000063570",0
"ENSRNOG00000019528",298
"ENSRNOG00000070063",0
"ENSRNOG00000062929",0
"ENSRNOG00000053111",0
"ENSRNOG00000060151",0
"ENSRNOG00000023449",3
"ENSRNOG00000038872",4
"ENSRNOG00000052408",0
"ENSRNOG00000067498",0
"ENSRNOG00000033202",7
"ENSRNOG00000067024",0
"ENSRNOG00000001854",347
"ENSRNOG00000054316",0
"ENSRNOG00000069474",0
"ENSRNOG00000070687",0
"ENSRNOG00000063206",0
"ENSRNOG00000053700",0
"ENSRNOG00000066894",135
"ENSRNOG00000051714",1
"ENSRNOG00000010077",1161
"ENSRNOG00000025848",1
"ENSRNOG00000063666",0
"ENSRNOG00000016316",869
"ENSRNOG00000069028",0
"ENSRNOG00000062514",0
"ENSRNOG00000013000",1579
"ENSRNOG00000065462",0
"ENSRNOG00000060795",0
"ENSRNOG00000016076",0
"ENSRNOG00000052803",0
"ENSRNOG00000060744",1
"ENSRNOG00000058757",0
"ENSRNOG00000025541",0
"ENSRNOG00000055065",0
"ENSRNOG00000059753",1
"ENSRNOG00000053438",6
"ENSRNOG00000013547",0
"ENSRNOG00000070231",0
"ENSRNOG00000053237",0
"ENSRNOG00000070909",0
"ENSRNOG00000009348",30
"ENSRNOG00000031041",4
"ENSRNOG00000067876",0
"ENSRNOG00000052240",0
"ENSRNOG00000057643",0
"ENSRNOG00000053149",0
"ENSRNOG00000059101",0
"ENSRNOG00000067627",0
"ENSRNOG00000071005",0
"ENSRNOG00000055675",1
"ENSRNOG00000010466",1316
"ENSRNOG00000069215",1
"ENSRNOG00000010005",1066
"ENSRNOG00000060012",1
"ENSRNOG00000055353",0
"ENSRNOG00000018317",3856
"ENSRNOG00000019716",0
"ENSRNOG00000060246",0
"ENSRNOG00000066801",0
"ENSRNOG00000015514",14561
"ENSRNOG00000065485",0
"ENSRNOG00000025519",0
"ENSRNOG00000060861",0
"ENSRNOG00000053698",0
"ENSRNOG00000068417",0
"ENSRNOG00000020169",0
"ENSRNOG00000058052",0
"ENSRNOG00000065711",1
"ENSRNOG00000059990",0
"ENSRNOG00000058775",0
"ENSRNOG00000052655",0
"ENSRNOG00000026981",557
"ENSRNOG00000064632",0
"ENSRNOG00000007707",828
"ENSRNOG00000061810",0
"ENSRNOG00000054975",2
"ENSRNOG00000025720",15
"ENSRNOG00000063999",0
"ENSRNOG00000052213",0
"ENSRNOG00000052563",0
"ENSRNOG00000006711",291
"ENSRNOG00000062852",3
"ENSRNOG00000057743",0
"ENSRNOG00000060559",1
"ENSRNOG00000064339",0
"ENSRNOG00000070876",1
"ENSRNOG00000059598",1
"ENSRNOG00000016665",767
"ENSRNOG00000054983",0
"ENSRNOG00000067154",0
"ENSRNOG00000064635",0
"ENSRNOG00000067689",0
"ENSRNOG00000053772",0
"ENSRNOG00000026874",99
"ENSRNOG00000057090",2
"ENSRNOG00000057183",0
"ENSRNOG00000006617",4
"ENSRNOG00000010239",6623
"ENSRNOG00000068043",0
"ENSRNOG00000067403",0
"ENSRNOG00000006231",12
"ENSRNOG00000066911",0
"ENSRNOG00000009556",0
"ENSRNOG00000064606",0
"ENSRNOG00000006228",6445
"ENSRNOG00000007811",3
"ENSRNOG00000063335",0
"ENSRNOG00000035451",0
"ENSRNOG00000068663",0
"ENSRNOG00000016917",10
"ENSRNOG00000058714",0
"ENSRNOG00000063469",0
"ENSRNOG00000068719",0
"ENSRNOG00000067584",0
"ENSRNOG00000040346",0
"ENSRNOG00000053661",0
"ENSRNOG00000062877",0
"ENSRNOG00000036462",0
"ENSRNOG00000005506",1307
"ENSRNOG00000035458",1
"ENSRNOG00000036272",0
"ENSRNOG00000064957",0
"ENSRNOG00000017808",658
"ENSRNOG00000018309",9061
"ENSRNOG00000068116",0
"ENSRNOG00000035577",0
"ENSRNOG00000019158",0
"ENSRNOG00000035587",0
"ENSRNOG00000036271",0
"ENSRNOG00000061895",0
"ENSRNOG00000005947",1
"ENSRNOG00000035598",0
"ENSRNOG00000046475",1
"ENSRNOG00000043059",480
"ENSRNOG00000069174",58
"ENSRNOG00000035624",0
"ENSRNOG00000041321",0
"ENSRNOG00000060241",0
"ENSRNOG00000035463",1
"ENSRNOG00000048961",533
"ENSRNOG00000036461",0
"ENSRNOG00000010485",0
"ENSRNOG00000066572",1
"ENSRNOG00000063462",0
"ENSRNOG00000015762",172
"ENSRNOG00000014856",7276
"ENSRNOG00000068364",2218
"ENSRNOG00000047309",0
"ENSRNOG00000051661",0
"ENSRNOG00000016255",158
"ENSRNOG00000007405",402
"ENSRNOG00000056783",0
"ENSRNOG00000013463",562
"ENSRNOG00000037782",0
"ENSRNOG00000066193",602
"ENSRNOG00000036913",1588
"ENSRNOG00000008733",413
"ENSRNOG00000008218",548
"ENSRNOG00000053337",0
"ENSRNOG00000025934",0
"ENSRNOG00000005390",7
"ENSRNOG00000001847",906
"ENSRNOG00000051600",0
"ENSRNOG00000025818",911
"ENSRNOG00000056041",1395
"ENSRNOG00000005310",3325
"ENSRNOG00000017959",58
"ENSRNOG00000051447",0
"ENSRNOG00000049645",0
"ENSRNOG00000047319",479
"ENSRNOG00000065051",0
"ENSRNOG00000065970",0
"ENSRNOG00000063089",1
"ENSRNOG00000066943",0
"ENSRNOG00000064643",0
"ENSRNOG00000016707",23
"ENSRNOG00000001820",527
"ENSRNOG00000062693",0
"ENSRNOG00000012831",125
"ENSRNOG00000067827",0
"ENSRNOG00000025042",3125
"ENSRNOG00000052467",0
"ENSRNOG00000069267",1
"ENSRNOG00000012952",584
"ENSRNOG00000053656",0
"ENSRNOG00000046899",1
"ENSRNOG00000063902",0
"ENSRNOG00000058136",0
"ENSRNOG00000006048",226
"ENSRNOG00000069959",472
"ENSRNOG00000006338",1809
"ENSRNOG00000008747",2033
"ENSRNOG00000017003",3754
"ENSRNOG00000055196",0
"ENSRNOG00000033639",514
"ENSRNOG00000060248",93
"ENSRNOG00000057254",0
"ENSRNOG00000051489",0
"ENSRNOG00000043404",0
"ENSRNOG00000017354",10207
"ENSRNOG00000005858",0
"ENSRNOG00000070498",1
"ENSRNOG00000052128",2
"ENSRNOG00000013195",390
"ENSRNOG00000005480",8016
"ENSRNOG00000017525",44
"ENSRNOG00000026883",1
"ENSRNOG00000070076",2
"ENSRNOG00000001844",547
"ENSRNOG00000070281",1
"ENSRNOG00000009019",5902
"ENSRNOG00000006709",3
"ENSRNOG00000007247",0
"ENSRNOG00000047493",0
"ENSRNOG00000013743",9468
"ENSRNOG00000066539",5
"ENSRNOG00000009447",68
"ENSRNOG00000018533",887
"ENSRNOG00000018630",12634
"ENSRNOG00000007064",513
"ENSRNOG00000066889",0
"ENSRNOG00000066287",0
"ENSRNOG00000060350",4566
"ENSRNOG00000008676",9142
"ENSRNOG00000036984",0
"ENSRNOG00000066172",0
"ENSRNOG00000064375",0
"ENSRNOG00000029922",303
"ENSRNOG00000067300",418
"ENSRNOG00000064824",15
"ENSRNOG00000032443",71
"ENSRNOG00000055300",913
"ENSRNOG00000032432",0
"ENSRNOG00000061868",0
"ENSRNOG00000010388",0
"ENSRNOG00000030004",0
"ENSRNOG00000019165",906
"ENSRNOG00000010898",0
"ENSRNOG00000057554",0
"ENSRNOG00000007126",194
"ENSRNOG00000030894",0
"ENSRNOG00000031140",0
"ENSRNOG00000054860",0
"ENSRNOG00000011824",2
"ENSRNOG00000006925",102
"ENSRNOG00000058457",600
"ENSRNOG00000015910",0
"ENSRNOG00000025930",0
"ENSRNOG00000053638",0
"ENSRNOG00000010452",929
"ENSRNOG00000012417",0
"ENSRNOG00000057335",0
"ENSRNOG00000010594",62
"ENSRNOG00000008575",0
"ENSRNOG00000051690",0
"ENSRNOG00000008714",0
"ENSRNOG00000062297",0
"ENSRNOG00000062862",0
"ENSRNOG00000060460",1
"ENSRNOG00000006703",447
"ENSRNOG00000014382",886
"ENSRNOG00000054251",0
"ENSRNOG00000069416",2
"ENSRNOG00000008362",104
"ENSRNOG00000059538",1828
"ENSRNOG00000022060",1322
"ENSRNOG00000065574",0
"ENSRNOG00000008239",199
"ENSRNOG00000043158",0
"ENSRNOG00000063869",0
"ENSRNOG00000023612",0
"ENSRNOG00000001817",2317
"ENSRNOG00000052024",0
"ENSRNOG00000066615",1
"ENSRNOG00000008816",22313
"ENSRNOG00000015125",116
"ENSRNOG00000032788",4766
"ENSRNOG00000005984",953
"ENSRNOG00000009035",1329
"ENSRNOG00000031709",6860
"ENSRNOG00000015290",6673
"ENSRNOG00000009052",1591
"ENSRNOG00000008234",195
"ENSRNOG00000066387",0
"ENSRNOG00000029308",1
"ENSRNOG00000024705",17
"ENSRNOG00000015409",1246
"ENSRNOG00000015529",586
"ENSRNOG00000026864",11
"ENSRNOG00000001842",732
"ENSRNOG00000015541",29
"ENSRNOG00000010011",1454
"ENSRNOG00000027630",172
"ENSRNOG00000045821",547
"ENSRNOG00000021334",15
"ENSRNOG00000060098",7840
"ENSRNOG00000052174",886
"ENSRNOG00000060308",7
"ENSRNOG00000016589",4584
"ENSRNOG00000006824",0
"ENSRNOG00000063524",585
"ENSRNOG00000062587",0
"ENSRNOG00000055950",0
"ENSRNOG00000068610",0
"ENSRNOG00000055056",0
"ENSRNOG00000016778",2576
"ENSRNOG00000070412",0
"ENSRNOG00000010806",0
"ENSRNOG00000001830",1087
"ENSRNOG00000051739",0
"ENSRNOG00000024533",1640
"ENSRNOG00000009322",212
"ENSRNOG00000005968",1086
"ENSRNOG00000017052",41
"ENSRNOG00000046449",2
"ENSRNOG00000010213",0
"ENSRNOG00000069406",63
"ENSRNOG00000008465",0
"ENSRNOG00000068148",22
"ENSRNOG00000007743",1
"ENSRNOG00000006174",1
"ENSRNOG00000023708",0
"ENSRNOG00000028632",47
"ENSRNOG00000001828",909
"ENSRNOG00000064314",0
"ENSRNOG00000021579",286
"ENSRNOG00000059182",0
"ENSRNOG00000016273",445
"ENSRNOG00000016507",57
"ENSRNOG00000008870",3132
"ENSRNOG00000008412",281
"ENSRNOG00000068847",0
"ENSRNOG00000005383",0
"ENSRNOG00000070810",0
"ENSRNOG00000068724",0
"ENSRNOG00000009970",56
"ENSRNOG00000016704",7971
"ENSRNOG00000068441",0
"ENSRNOG00000070768",0
"ENSRNOG00000066203",0
"ENSRNOG00000070369",1
"ENSRNOG00000032967",2
"ENSRNOG00000050564",19
"ENSRNOG00000007838",1729
"ENSRNOG00000059870",46
"ENSRNOG00000036918",380
"ENSRNOG00000029321",0
"ENSRNOG00000008130",0
"ENSRNOG00000068499",0
"ENSRNOG00000036917",537
"ENSRNOG00000012228",1630
"ENSRNOG00000063414",0
"ENSRNOG00000028526",960
"ENSRNOG00000016813",1042
"ENSRNOG00000067025",0
"ENSRNOG00000064322",22
"ENSRNOG00000064061",0
"ENSRNOG00000030158",0
"ENSRNOG00000063572",0
"ENSRNOG00000009726",2
"ENSRNOG00000011944",2588
"ENSRNOG00000006505",698
"ENSRNOG00000069193",0
"ENSRNOG00000070189",0
"ENSRNOG00000006628",308
"ENSRNOG00000017380",853
"ENSRNOG00000068824",0
"ENSRNOG00000049378",1436
"ENSRNOG00000009156",1245
"ENSRNOG00000063550",0
"ENSRNOG00000070159",0
"ENSRNOG00000009031",0
"ENSRNOG00000064847",1
"ENSRNOG00000065855",0
"ENSRNOG00000010090",239
"ENSRNOG00000063876",0
"ENSRNOG00000066922",0
"ENSRNOG00000008933",1
"ENSRNOG00000069491",0
"ENSRNOG00000057410",0
"ENSRNOG00000008622",114
"ENSRNOG00000063193",0
"ENSRNOG00000024647",1737
"ENSRNOG00000063365",0
"ENSRNOG00000014508",771
"ENSRNOG00000036911",528
"ENSRNOG00000068688",0
"ENSRNOG00000005767",4084
"ENSRNOG00000069766",0
"ENSRNOG00000070208",0
"ENSRNOG00000024569",0
"ENSRNOG00000061757",0
"ENSRNOG00000063422",0
"ENSRNOG00000022155",41
"ENSRNOG00000010536",1088
"ENSRNOG00000028517",542
"ENSRNOG00000071104",1
"ENSRNOG00000008369",0
"ENSRNOG00000065905",0
"ENSRNOG00000027869",411
"ENSRNOG00000062735",7
"ENSRNOG00000070091",0
"ENSRNOG00000010912",186
"ENSRNOG00000062853",0
"ENSRNOG00000033338",1
"ENSRNOG00000065025",0
"ENSRNOG00000011391",612
"ENSRNOG00000005936",5
"ENSRNOG00000067273",0
"ENSRNOG00000068469",0
"ENSRNOG00000069427",0
"ENSRNOG00000038740",0
"ENSRNOG00000049943",219
"ENSRNOG00000071189",0
"ENSRNOG00000063347",212
"ENSRNOG00000051667",0
"ENSRNOG00000069376",0
"ENSRNOG00000064389",0
"ENSRNOG00000007338",6697
"ENSRNOG00000042229",0
"ENSRNOG00000015986",2592
"ENSRNOG00000063859",0
"ENSRNOG00000071049",0
"ENSRNOG00000064832",0
"ENSRNOG00000063035",0
"ENSRNOG00000010886",27
"ENSRNOG00000005621",138
"ENSRNOG00000048541",0
"ENSRNOG00000068056",0
"ENSRNOG00000008416",0
"ENSRNOG00000022466",90
"ENSRNOG00000064789",0
"ENSRNOG00000006264",255
"ENSRNOG00000067679",0
"ENSRNOG00000006491",0
"ENSRNOG00000007570",2387
"ENSRNOG00000023257",289
"ENSRNOG00000007272",439
"ENSRNOG00000007519",5161
"ENSRNOG00000011175",1360
"ENSRNOG00000063659",0
"ENSRNOG00000064003",0
"ENSRNOG00000005670",12
"ENSRNOG00000070109",0
"ENSRNOG00000069414",0
"ENSRNOG00000066010",0
"ENSRNOG00000070575",0
"ENSRNOG00000061664",0
"ENSRNOG00000069088",0
"ENSRNOG00000008274",252
"ENSRNOG00000065775",805
"ENSRNOG00000006444",943
"ENSRNOG00000067056",0
"ENSRNOG00000011814",889
"ENSRNOG00000005576",223
"ENSRNOG00000056219",23
"ENSRNOG00000005628",91
"ENSRNOG00000053188",0
"ENSRNOG00000007178",0
"ENSRNOG00000066676",3
"ENSRNOG00000042018",0
"ENSRNOG00000064982",0
"ENSRNOG00000057061",152
"ENSRNOG00000062345",0
"ENSRNOG00000068921",0
"ENSRNOG00000058653",2
"ENSRNOG00000069235",0
"ENSRNOG00000001804",688
"ENSRNOG00000015328",50
"ENSRNOG00000009184",5076
"ENSRNOG00000069590",0
"ENSRNOG00000063932",608
"ENSRNOG00000068013",0
"ENSRNOG00000055734",0
"ENSRNOG00000059771",0
"ENSRNOG00000053362",1498
"ENSRNOG00000070863",0
"ENSRNOG00000069405",0
"ENSRNOG00000067149",892
"ENSRNOG00000008063",936
"ENSRNOG00000064240",655
"ENSRNOG00000064662",0
"ENSRNOG00000064937",599
"ENSRNOG00000070930",612
"ENSRNOG00000062401",0
"ENSRNOG00000063863",0
"ENSRNOG00000033407",3
"ENSRNOG00000031515",0
"ENSRNOG00000062453",531
"ENSRNOG00000069030",1796
"ENSRNOG00000043170",3
"ENSRNOG00000062391",0
"ENSRNOG00000066951",29
"ENSRNOG00000059195",1
"ENSRNOG00000067299",0
"ENSRNOG00000066392",7
"ENSRNOG00000066650",229
"ENSRNOG00000008481",3
"ENSRNOG00000067332",870
"ENSRNOG00000010316",49
"ENSRNOG00000067063",0
"ENSRNOG00000064988",0
"ENSRNOG00000008393",4052
"ENSRNOG00000066162",55
"ENSRNOG00000070651",1
"ENSRNOG00000010347",1
"ENSRNOG00000064409",0
"ENSRNOG00000066715",0
"ENSRNOG00000067911",0
"ENSRNOG00000068347",0
"ENSRNOG00000065619",0
"ENSRNOG00000071185",138
"ENSRNOG00000068422",0
"ENSRNOG00000065663",10
"ENSRNOG00000069445",0
"ENSRNOG00000008443",778
"ENSRNOG00000006281",503
"ENSRNOG00000012748",740
"ENSRNOG00000063346",1
"ENSRNOG00000068365",8
"ENSRNOG00000012364",2408
"ENSRNOG00000068050",0
"ENSRNOG00000027365",222
"ENSRNOG00000063537",0
"ENSRNOG00000064040",0
"ENSRNOG00000064294",0
"ENSRNOG00000047951",284
"ENSRNOG00000062344",0
"ENSRNOG00000005353",2228
"ENSRNOG00000006069",2049
"ENSRNOG00000063803",0
"ENSRNOG00000048917",93
"ENSRNOG00000012347",78
"ENSRNOG00000065409",1166
"ENSRNOG00000066385",10
"ENSRNOG00000027026",572
"ENSRNOG00000071067",0
"ENSRNOG00000068334",6
"ENSRNOG00000068552",8
"ENSRNOG00000057556",1137
"ENSRNOG00000064378",80
"ENSRNOG00000070662",0
"ENSRNOG00000068681",0
"ENSRNOG00000064013",30
"ENSRNOG00000064657",0
"ENSRNOG00000067696",114
"ENSRNOG00000008611",85
"ENSRNOG00000063527",29
"ENSRNOG00000070718",0
"ENSRNOG00000071037",1
"ENSRNOG00000010301",510
"ENSRNOG00000063884",1
"ENSRNOG00000065564",0
"ENSRNOG00000009564",175
"ENSRNOG00000069567",0
"ENSRNOG00000032820",12
"ENSRNOG00000068340",1
"ENSRNOG00000006508",163
"ENSRNOG00000009971",512
"ENSRNOG00000066402",86
"ENSRNOG00000068865",0
"ENSRNOG00000046361",291
"ENSRNOG00000067191",138
"ENSRNOG00000065931",0
"ENSRNOG00000067030",1
"ENSRNOG00000036925",2
"ENSRNOG00000070829",1
"ENSRNOG00000012235",0
"ENSRNOG00000069850",0
"ENSRNOG00000064090",6879
"ENSRNOG00000008658",418
"ENSRNOG00000065425",0
"ENSRNOG00000009636",1886
"ENSRNOG00000001851",7
"ENSRNOG00000065573",13
"ENSRNOG00000069964",0
"ENSRNOG00000069763",0
"ENSRNOG00000067480",0
"ENSRNOG00000009886",1467
"ENSRNOG00000001852",733
"ENSRNOG00000008546",495
"ENSRNOG00000065102",54
"ENSRNOG00000066379",1
"ENSRNOG00000069297",11
"ENSRNOG00000070845",1
"ENSRNOG00000065171",0
"ENSRNOG00000066753",0
"ENSRNOG00000011530",301
"ENSRNOG00000063239",0
"ENSRNOG00000063394",0
"ENSRNOG00000070566",0
"ENSRNOG00000048782",0
"ENSRNOG00000067400",0
"ENSRNOG00000010629",732
"ENSRNOG00000070017",0
"ENSRNOG00000067625",0
"ENSRNOG00000068110",314
"ENSRNOG00000006806",168
"ENSRNOG00000063404",0
"ENSRNOG00000062416",54
"ENSRNOG00000064089",0
"ENSRNOG00000063045",3
"ENSRNOG00000063868",3
"ENSRNOG00000062677",0
"ENSRNOG00000006813",1865
"ENSRNOG00000068748",0
"ENSRNOG00000009097",3533
"ENSRNOG00000069247",0
"ENSRNOG00000062780",11
"ENSRNOG00000069346",4
"ENSRNOG00000067260",15
"ENSRNOG00000053654",244
"ENSRNOG00000069862",1
"ENSRNOG00000066850",175
"ENSRNOG00000066817",0
"ENSRNOG00000068855",0
"ENSRNOG00000066550",1
"ENSRNOG00000062509",1229
"ENSRNOG00000054974",0
"ENSRNOG00000054781",0
"ENSRNOG00000062979",3
"ENSRNOG00000062716",3
"ENSRNOG00000045771",0
"ENSRNOG00000063160",0
"ENSRNOG00000063874",0
"ENSRNOG00000068329",0
"ENSRNOG00000066751",37
"ENSRNOG00000065579",0
"ENSRNOG00000062584",0
"ENSRNOG00000007152",5055
"ENSRNOG00000005433",114
"ENSRNOG00000012975",5750
"ENSRNOG00000062691",1
"ENSRNOG00000005734",0
"ENSRNOG00000009484",942
"ENSRNOG00000056462",2340
"ENSRNOG00000005830",0
"ENSRNOG00000009545",770
"ENSRNOG00000005686",3478
"ENSRNOG00000069901",0
"ENSRNOG00000028422",887
"ENSRNOG00000006776",14
"ENSRNOG00000047023",4
"ENSRNOG00000007124",2616
"ENSRNOG00000005652",0
"ENSRNOG00000007129",0
"ENSRNOG00000010284",517
"ENSRNOG00000066431",0
"ENSRNOG00000007881",332
"ENSRNOG00000038102",390
"ENSRNOG00000005798",184
"ENSRNOG00000021938",0
"ENSRNOG00000005806",1
"ENSRNOG00000006432",543
"ENSRNOG00000014090",1891
"ENSRNOG00000006534",645
"ENSRNOG00000005954",0
"ENSRNOG00000005690",3097
"ENSRNOG00000007764",631
"ENSRNOG00000063676",1
"ENSRNOG00000005662",0
"ENSRNOG00000005697",0
"ENSRNOG00000006144",0
"ENSRNOG00000055860",9319
"ENSRNOG00000055365",4100
"ENSRNOG00000006221",1533
"ENSRNOG00000006818",4707
"ENSRNOG00000013390",21
"ENSRNOG00000060175",240
"ENSRNOG00000010258",2556
"ENSRNOG00000009934",4399
"ENSRNOG00000009204",1266
"ENSRNOG00000010184",2107
"ENSRNOG00000007104",3415
"ENSRNOG00000065903",0
"ENSRNOG00000006941",271
"ENSRNOG00000007472",5386
"ENSRNOG00000011614",483
"ENSRNOG00000032517",0
"ENSRNOG00000068733",0
"ENSRNOG00000023077",5
"ENSRNOG00000009175",733
"ENSRNOG00000013526",7
"ENSRNOG00000023465",214
"ENSRNOG00000061085",260
"ENSRNOG00000070535",0
"ENSRNOG00000010177",3
"ENSRNOG00000005907",158
"ENSRNOG00000006509",994
"ENSRNOG00000067090",0
"ENSRNOG00000069624",0
"ENSRNOG00000008597",1745
"ENSRNOG00000008994",6974
"ENSRNOG00000009032",99
"ENSRNOG00000013379",556
"ENSRNOG00000025251",1
"ENSRNOG00000009084",240
"ENSRNOG00000042482",709
"ENSRNOG00000071218",1690
"ENSRNOG00000016143",72
"ENSRNOG00000071219",0
"ENSRNOG00000033395",0
"ENSRNOG00000066660",681
"ENSRNOG00000067593",1
"ENSRNOG00000029996",92329
"ENSRNOG00000062643",0
"ENSRNOG00000009377",424
"ENSRNOG00000015499",6
"ENSRNOG00000069518",0
"ENSRNOG00000004753",276
"ENSRNOG00000020317",2528
"ENSRNOG00000065800",25
"ENSRNOG00000010595",582
"ENSRNOG00000062311",0
"ENSRNOG00000020337",0
"ENSRNOG00000065122",281
"ENSRNOG00000070655",0
"ENSRNOG00000062759",1
"ENSRNOG00000015184",20
"ENSRNOG00000070996",1363
"ENSRNOG00000027016",834
"ENSRNOG00000065756",448
"ENSRNOG00000013074",9
"ENSRNOG00000004967",357
"ENSRNOG00000030825",0
"ENSRNOG00000063357",5
"ENSRNOG00000015294",335
"ENSRNOG00000056110",0
"ENSRNOG00000028721",0
"ENSRNOG00000067832",28
"ENSRNOG00000064622",0
"ENSRNOG00000067778",0
"ENSRNOG00000022491",93
"ENSRNOG00000051199",0
"ENSRNOG00000028095",0
"ENSRNOG00000068179",14
"ENSRNOG00000065362",0
"ENSRNOG00000065452",4
"ENSRNOG00000006731",138
"ENSRNOG00000067357",0
"ENSRNOG00000008282",1
"ENSRNOG00000064568",50
"ENSRNOG00000052014",0
"ENSRNOG00000011758",1339
"ENSRNOG00000004679",220
"ENSRNOG00000037833",0
"ENSRNOG00000010616",350
"ENSRNOG00000069366",380
"ENSRNOG00000037356",185
"ENSRNOG00000070165",0
"ENSRNOG00000018441",274
"ENSRNOG00000008738",42
"ENSRNOG00000007979",407
"ENSRNOG00000040275",0
"ENSRNOG00000062792",0
"ENSRNOG00000069588",0
"ENSRNOG00000004852",0
"ENSRNOG00000016189",25
"ENSRNOG00000008758",170
"ENSRNOG00000009764",0
"ENSRNOG00000052180",0
"ENSRNOG00000011830",1064
"ENSRNOG00000070507",0
"ENSRNOG00000066688",0
"ENSRNOG00000063734",0
"ENSRNOG00000065294",0
"ENSRNOG00000004645",5
"ENSRNOG00000058157",227
"ENSRNOG00000062953",0
"ENSRNOG00000018755",680
"ENSRNOG00000005921",0
"ENSRNOG00000070505",0
"ENSRNOG00000065842",0
"ENSRNOG00000021472",0
"ENSRNOG00000006753",1
"ENSRNOG00000060327",0
"ENSRNOG00000063784",0
"ENSRNOG00000001589",1
"ENSRNOG00000052091",0
"ENSRNOG00000052454",0
"ENSRNOG00000070396",0
"ENSRNOG00000068411",0
"ENSRNOG00000013102",2958
"ENSRNOG00000058310",0
"ENSRNOG00000063685",0
"ENSRNOG00000067379",0
"ENSRNOG00000058919",0
"ENSRNOG00000017291",1673
"ENSRNOG00000062610",0
"ENSRNOG00000008663",453
"ENSRNOG00000063622",2
"ENSRNOG00000000009",0
"ENSRNOG00000069765",0
"ENSRNOG00000069407",0
"ENSRNOG00000015928",209
"ENSRNOG00000053212",0
"ENSRNOG00000068161",0
"ENSRNOG00000070663",0
"ENSRNOG00000006397",0
"ENSRNOG00000006803",3771
"ENSRNOG00000051665",0
"ENSRNOG00000006408",0
"ENSRNOG00000059732",0
"ENSRNOG00000062585",0
"ENSRNOG00000064878",0
"ENSRNOG00000055168",0
"ENSRNOG00000007416",196
"ENSRNOG00000016179",0
"ENSRNOG00000025141",426
"ENSRNOG00000057910",0
"ENSRNOG00000018964",566
"ENSRNOG00000033543",0
"ENSRNOG00000057796",0
"ENSRNOG00000069900",151
"ENSRNOG00000069943",0
"ENSRNOG00000033863",553
"ENSRNOG00000006419",119
"ENSRNOG00000064386",0
"ENSRNOG00000032712",0
"ENSRNOG00000047508",3
"ENSRNOG00000043106",0
"ENSRNOG00000058641",0
"ENSRNOG00000067830",56
"ENSRNOG00000069097",0
"ENSRNOG00000068071",0
"ENSRNOG00000066288",49
"ENSRNOG00000063143",0
"ENSRNOG00000011195",1434
"ENSRNOG00000018997",37
"ENSRNOG00000013069",45
"ENSRNOG00000066089",0
"ENSRNOG00000009152",11993
"ENSRNOG00000069475",0
"ENSRNOG00000018491",349
"ENSRNOG00000068593",0
"ENSRNOG00000062632",0
"ENSRNOG00000004784",234
"ENSRNOG00000012580",336
"ENSRNOG00000065185",0
"ENSRNOG00000005162",0
"ENSRNOG00000067634",0
"ENSRNOG00000057196",0
"ENSRNOG00000070613",0
"ENSRNOG00000059436",0
"ENSRNOG00000065604",0
"ENSRNOG00000059616",0
"ENSRNOG00000061294",0
"ENSRNOG00000019152",2705
"ENSRNOG00000059349",0
"ENSRNOG00000070069",0
"ENSRNOG00000006645",11
"ENSRNOG00000067839",0
"ENSRNOG00000004783",660
"ENSRNOG00000062892",1
"ENSRNOG00000063356",0
"ENSRNOG00000060569",0
"ENSRNOG00000010131",1490
"ENSRNOG00000070048",2
"ENSRNOG00000060756",0
"ENSRNOG00000021240",3673
"ENSRNOG00000067797",0
"ENSRNOG00000067541",2
"ENSRNOG00000062560",0
"ENSRNOG00000065360",0
"ENSRNOG00000058385",0
"ENSRNOG00000049721",0
"ENSRNOG00000070734",0
"ENSRNOG00000062547",3
"ENSRNOG00000052197",0
"ENSRNOG00000063688",0
"ENSRNOG00000051709",0
"ENSRNOG00000065630",1005
"ENSRNOG00000012021",370
"ENSRNOG00000058806",0
"ENSRNOG00000005479",0
"ENSRNOG00000063131",0
"ENSRNOG00000052573",8
"ENSRNOG00000017063",0
"ENSRNOG00000004912",11081
"ENSRNOG00000063473",0
"ENSRNOG00000052463",0
"ENSRNOG00000031840",0
"ENSRNOG00000059132",0
"ENSRNOG00000070343",0
"ENSRNOG00000069671",0
"ENSRNOG00000068128",0
"ENSRNOG00000010896",181
"ENSRNOG00000005920",872
"ENSRNOG00000068849",0
"ENSRNOG00000060959",0
"ENSRNOG00000055244",0
"ENSRNOG00000069256",0
"ENSRNOG00000016551",1387
"ENSRNOG00000063853",0
"ENSRNOG00000011093",541
"ENSRNOG00000070847",0
"ENSRNOG00000064364",0
"ENSRNOG00000066576",0
"ENSRNOG00000051908",0
"ENSRNOG00000024990",4
"ENSRNOG00000053738",0
"ENSRNOG00000011295",730
"ENSRNOG00000066788",0
"ENSRNOG00000056926",0
"ENSRNOG00000067143",0
"ENSRNOG00000046632",0
"ENSRNOG00000014836",3382
"ENSRNOG00000067970",0
"ENSRNOG00000054607",0
"ENSRNOG00000006238",161
"ENSRNOG00000068208",0
"ENSRNOG00000067040",140
"ENSRNOG00000064912",0
"ENSRNOG00000032579",0
"ENSRNOG00000012051",174
"ENSRNOG00000056535",0
"ENSRNOG00000066513",0
"ENSRNOG00000051605",2
"ENSRNOG00000005103",0
"ENSRNOG00000065299",8
"ENSRNOG00000008337",0
"ENSRNOG00000018225",5849
"ENSRNOG00000005742",0
"ENSRNOG00000053757",0
"ENSRNOG00000056237",1
"ENSRNOG00000005793",0
"ENSRNOG00000054739",4
"ENSRNOG00000012559",1989
"ENSRNOG00000054703",0
"ENSRNOG00000049572",0
"ENSRNOG00000007160",330
"ENSRNOG00000054973",1
"ENSRNOG00000012151",61
"ENSRNOG00000047028",84
"ENSRNOG00000054789",0
"ENSRNOG00000058143",0
"ENSRNOG00000068366",0
"ENSRNOG00000055104",0
"ENSRNOG00000047004",19
"ENSRNOG00000005865",1679
"ENSRNOG00000069914",0
"ENSRNOG00000058773",0
"ENSRNOG00000004946",0
"ENSRNOG00000053070",549
"ENSRNOG00000012640",5071
"ENSRNOG00000056116",0
"ENSRNOG00000032521",0
"ENSRNOG00000064468",0
"ENSRNOG00000012647",0
"ENSRNOG00000049497",599
"ENSRNOG00000005404",7
"ENSRNOG00000066447",0
"ENSRNOG00000007128",585
"ENSRNOG00000056518",0
"ENSRNOG00000065019",0
"ENSRNOG00000058944",10
"ENSRNOG00000012960",610
"ENSRNOG00000056385",1
"ENSRNOG00000064575",0
"ENSRNOG00000059422",4
"ENSRNOG00000010523",612
"ENSRNOG00000010002",1
"ENSRNOG00000066449",0
"ENSRNOG00000069717",0
"ENSRNOG00000054116",2
"ENSRNOG00000007316",660
"ENSRNOG00000065500",0
"ENSRNOG00000054947",0
"ENSRNOG00000010019",0
"ENSRNOG00000057252",1
"ENSRNOG00000010587",139
"ENSRNOG00000052327",0
"ENSRNOG00000028267",0
"ENSRNOG00000056164",0
"ENSRNOG00000010170",1670
"ENSRNOG00000058734",0
"ENSRNOG00000070546",0
"ENSRNOG00000055243",0
"ENSRNOG00000008115",160
"ENSRNOG00000060026",0
"ENSRNOG00000055564",148
"ENSRNOG00000025295",729
"ENSRNOG00000068176",0
"ENSRNOG00000032900",540
"ENSRNOG00000056211",0
"ENSRNOG00000057817",1511
"ENSRNOG00000058605",0
"ENSRNOG00000011028",12
"ENSRNOG00000069969",1402
"ENSRNOG00000055303",0
"ENSRNOG00000010812",640
"ENSRNOG00000052201",0
"ENSRNOG00000005347",161
"ENSRNOG00000005971",1716
"ENSRNOG00000006094",3382
"ENSRNOG00000010607",1
"ENSRNOG00000021250",96
"ENSRNOG00000029262",354
"ENSRNOG00000063705",0
"ENSRNOG00000013133",190
"ENSRNOG00000004381",109
"ENSRNOG00000063753",0
"ENSRNOG00000021268",71
"ENSRNOG00000007529",1257
"ENSRNOG00000010451",0
"ENSRNOG00000047487",0
"ENSRNOG00000068427",894
"ENSRNOG00000070122",5
"ENSRNOG00000031694",2
"ENSRNOG00000004699",738
"ENSRNOG00000026143",192
"ENSRNOG00000004544",2105
"ENSRNOG00000010600",0
"ENSRNOG00000062660",0
"ENSRNOG00000042501",1155
"ENSRNOG00000058337",8
"ENSRNOG00000067093",0
"ENSRNOG00000015468",0
"ENSRNOG00000071209",0
"ENSRNOG00000007752",167
"ENSRNOG00000004575",2
"ENSRNOG00000068316",0
"ENSRNOG00000029847",0
"ENSRNOG00000013834",0
"ENSRNOG00000008102",105
"ENSRNOG00000005100",1
"ENSRNOG00000069454",0
"ENSRNOG00000063489",385
"ENSRNOG00000021395",4022
"ENSRNOG00000013540",0
"ENSRNOG00000033119",1520
"ENSRNOG00000047116",0
"ENSRNOG00000070629",0
"ENSRNOG00000065727",0
"ENSRNOG00000054212",274
"ENSRNOG00000070144",0
"ENSRNOG00000008536",2
"ENSRNOG00000070265",0
"ENSRNOG00000057149",10
"ENSRNOG00000063280",109
"ENSRNOG00000004763",1056
"ENSRNOG00000031585",2
"ENSRNOG00000048309",285
"ENSRNOG00000008452",848
"ENSRNOG00000005256",314
"ENSRNOG00000060100",506
"ENSRNOG00000008190",162
"ENSRNOG00000031034",36
"ENSRNOG00000060618",0
"ENSRNOG00000037908",0
"ENSRNOG00000058163",0
"ENSRNOG00000013859",0
"ENSRNOG00000070080",2
"ENSRNOG00000054695",172
"ENSRNOG00000028910",226
"ENSRNOG00000013908",0
"ENSRNOG00000064299",2
"ENSRNOG00000033913",1800
"ENSRNOG00000021234",27
"ENSRNOG00000006947",320
"ENSRNOG00000013887",4
"ENSRNOG00000007044",1
"ENSRNOG00000070641",21
"ENSRNOG00000021269",0
"ENSRNOG00000021513",0
"ENSRNOG00000043002",0
"ENSRNOG00000069421",1
"ENSRNOG00000004571",141
"ENSRNOG00000069383",0
"ENSRNOG00000007765",127
"ENSRNOG00000023989",58
"ENSRNOG00000038259",42
"ENSRNOG00000004630",0
"ENSRNOG00000007925",1
"ENSRNOG00000021237",1045
"ENSRNOG00000008394",0
"ENSRNOG00000029173",383
"ENSRNOG00000007446",148
"ENSRNOG00000006380",2290
"ENSRNOG00000045581",0
"ENSRNOG00000062526",17
"ENSRNOG00000030601",0
"ENSRNOG00000004641",0
"ENSRNOG00000008790",1
"ENSRNOG00000037231",0
"ENSRNOG00000065228",0
"ENSRNOG00000033100",17026
"ENSRNOG00000036964",487
"ENSRNOG00000021233",378
"ENSRNOG00000068937",0
"ENSRNOG00000060434",4
"ENSRNOG00000004687",84
"ENSRNOG00000007518",5271
"ENSRNOG00000012648",15
"ENSRNOG00000059043",2237
"ENSRNOG00000005457",0
"ENSRNOG00000008810",707
"ENSRNOG00000031736",2
"ENSRNOG00000012811",9
"ENSRNOG00000008529",2206
"ENSRNOG00000021231",30
"ENSRNOG00000065264",1168
"ENSRNOG00000013689",419
"ENSRNOG00000011132",3
"ENSRNOG00000055182",0
"ENSRNOG00000004735",594
"ENSRNOG00000008868",180
"ENSRNOG00000021232",241
"ENSRNOG00000025715",2027
"ENSRNOG00000045829",36673
"ENSRNOG00000070856",2
"ENSRNOG00000025443",2857
"ENSRNOG00000060687",282
"ENSRNOG00000021244",10
"ENSRNOG00000009290",353
"ENSRNOG00000025181",787
"ENSRNOG00000005888",98
"ENSRNOG00000066451",2
"ENSRNOG00000028074",0
"ENSRNOG00000030184",0
"ENSRNOG00000016975",555
"ENSRNOG00000021245",404
"ENSRNOG00000008307",297
"ENSRNOG00000005039",1769
"ENSRNOG00000030708",0
"ENSRNOG00000015614",0
"ENSRNOG00000069811",0
"ENSRNOG00000026787",96
"ENSRNOG00000005148",0
"ENSRNOG00000029227",4
"ENSRNOG00000066472",0
"ENSRNOG00000021270",309
"ENSRNOG00000070867",1
"ENSRNOG00000045686",565
"ENSRNOG00000007883",234
"ENSRNOG00000030508",0
"ENSRNOG00000064151",1
"ENSRNOG00000069123",0
"ENSRNOG00000018666",428
"ENSRNOG00000068068",0
"ENSRNOG00000021272",50
"ENSRNOG00000006783",47
"ENSRNOG00000042821",997
"ENSRNOG00000006378",2014
"ENSRNOG00000018791",104
"ENSRNOG00000030790",4447
"ENSRNOG00000011785",2317
"ENSRNOG00000004891",868
"ENSRNOG00000021273",401
"ENSRNOG00000069087",1679
"ENSRNOG00000051470",0
"ENSRNOG00000032989",37
"ENSRNOG00000045555",598
"ENSRNOG00000062743",0
"ENSRNOG00000012089",858
"ENSRNOG00000068677",59
"ENSRNOG00000057284",421
"ENSRNOG00000019723",496
"ENSRNOG00000018845",151
"ENSRNOG00000021221",497
"ENSRNOG00000026346",0
"ENSRNOG00000021247",0
"ENSRNOG00000004730",3451
"ENSRNOG00000004863",89
"ENSRNOG00000010361",719
"ENSRNOG00000009195",825
"ENSRNOG00000067385",0
"ENSRNOG00000013760",0
"ENSRNOG00000042576",1495
"ENSRNOG00000058597",0
"ENSRNOG00000069362",0
"ENSRNOG00000021248",1264
"ENSRNOG00000032412",0
"ENSRNOG00000005884",1388
"ENSRNOG00000021222",200
"ENSRNOG00000068047",0
"ENSRNOG00000053099",0
"ENSRNOG00000053696",0
"ENSRNOG00000045997",1082
"ENSRNOG00000008170",527
"ENSRNOG00000028779",0
"ENSRNOG00000004755",593
"ENSRNOG00000005545",0
"ENSRNOG00000063191",277
"ENSRNOG00000009662",0
"ENSRNOG00000014483",752
"ENSRNOG00000066298",4
"ENSRNOG00000019948",671
"ENSRNOG00000004779",0
"ENSRNOG00000004918",131
"ENSRNOG00000027392",0
"ENSRNOG00000032769",0
"ENSRNOG00000007805",73
"ENSRNOG00000066683",73
"ENSRNOG00000025360",1
"ENSRNOG00000004808",0
"ENSRNOG00000036952",0
"ENSRNOG00000021223",1738
"ENSRNOG00000004742",2049
"ENSRNOG00000070752",0
"ENSRNOG00000005037",60
"ENSRNOG00000005195",8105
"ENSRNOG00000021229",0
"ENSRNOG00000063072",6
"ENSRNOG00000004989",0
"ENSRNOG00000008364",3281
"ENSRNOG00000064942",0
"ENSRNOG00000021230",182
"ENSRNOG00000007525",0
"ENSRNOG00000047422",0
"ENSRNOG00000021264",1245
"ENSRNOG00000006027",877
"ENSRNOG00000013437",73
"ENSRNOG00000067005",0
"ENSRNOG00000021259",19
"ENSRNOG00000033761",0
"ENSRNOG00000065354",10
"ENSRNOG00000018488",30
"ENSRNOG00000053270",348
"ENSRNOG00000033020",0
"ENSRNOG00000070982",2
"ENSRNOG00000022710",981
"ENSRNOG00000021241",11
"ENSRNOG00000048417",0
"ENSRNOG00000007427",74
"ENSRNOG00000064907",0
"ENSRNOG00000031536",245
"ENSRNOG00000012172",7
"ENSRNOG00000062998",0
"ENSRNOG00000069271",8
"ENSRNOG00000007102",16
"ENSRNOG00000046699",0
"ENSRNOG00000027900",0
"ENSRNOG00000042220",0
"ENSRNOG00000030857",0
"ENSRNOG00000027821",1
"ENSRNOG00000006921",320
"ENSRNOG00000021255",35
"ENSRNOG00000012307",0
"ENSRNOG00000005006",347
"ENSRNOG00000033983",0
"ENSRNOG00000017701",0
"ENSRNOG00000017161",0
"ENSRNOG00000027747",194
"ENSRNOG00000005483",528
"ENSRNOG00000010816",0
"ENSRNOG00000010868",0
"ENSRNOG00000059519",33
"ENSRNOG00000057458",102
"ENSRNOG00000021266",0
"ENSRNOG00000005438",20
"ENSRNOG00000051005",1
"ENSRNOG00000004920",0
"ENSRNOG00000057476",66
"ENSRNOG00000014021",5
"ENSRNOG00000004443",0
"ENSRNOG00000005183",976
"ENSRNOG00000007440",294
"ENSRNOG00000021260",12
"ENSRNOG00000028008",1
"ENSRNOG00000021224",322
"ENSRNOG00000026295",128
"ENSRNOG00000007548",646
"ENSRNOG00000021274",3
"ENSRNOG00000019330",145
"ENSRNOG00000007972",786
"ENSRNOG00000004921",374
"ENSRNOG00000007408",13
"ENSRNOG00000063588",0
"ENSRNOG00000068037",0
"ENSRNOG00000064038",0
"ENSRNOG00000025384",255
"ENSRNOG00000008411",1326
"ENSRNOG00000021265",600
"ENSRNOG00000009495",1045
"ENSRNOG00000007457",49
"ENSRNOG00000007512",793
"ENSRNOG00000031085",3208
"ENSRNOG00000017283",18
"ENSRNOG00000012568",248
"ENSRNOG00000006795",287
"ENSRNOG00000011649",6
"ENSRNOG00000030467",514
"ENSRNOG00000050784",10
"ENSRNOG00000005058",415
"ENSRNOG00000014480",2155
"ENSRNOG00000007516",2
"ENSRNOG00000004777",315
"ENSRNOG00000071065",105
"ENSRNOG00000026215",14
"ENSRNOG00000024852",1604
"ENSRNOG00000012290",0
"ENSRNOG00000009076",1389
"ENSRNOG00000007584",812
"ENSRNOG00000006695",976
"ENSRNOG00000008243",315
"ENSRNOG00000004874",410
"ENSRNOG00000067071",110
"ENSRNOG00000016636",452
"ENSRNOG00000062960",0
"ENSRNOG00000012368",63
"ENSRNOG00000063431",0
"ENSRNOG00000022335",0
"ENSRNOG00000028266",0
"ENSRNOG00000006850",0
"ENSRNOG00000016734",4
"ENSRNOG00000067135",0
"ENSRNOG00000067506",0
"ENSRNOG00000069867",3
"ENSRNOG00000010035",0
"ENSRNOG00000006705",135
"ENSRNOG00000011059",551
"ENSRNOG00000008746",264
"ENSRNOG00000069397",0
"ENSRNOG00000010666",3572
"ENSRNOG00000067094",6
"ENSRNOG00000009969",0
"ENSRNOG00000013172",100
"ENSRNOG00000068185",0
"ENSRNOG00000007430",294
"ENSRNOG00000066616",7
"ENSRNOG00000056526",655
"ENSRNOG00000012528",236
"ENSRNOG00000013776",0
"ENSRNOG00000063104",0
"ENSRNOG00000036971",243
"ENSRNOG00000024882",59
"ENSRNOG00000018557",0
"ENSRNOG00000031356",0
"ENSRNOG00000058586",175
"ENSRNOG00000007319",2504
"ENSRNOG00000013594",1984
"ENSRNOG00000053201",195
"ENSRNOG00000013778",0
"ENSRNOG00000070361",0
"ENSRNOG00000053114",0
"ENSRNOG00000064867",0
"ENSRNOG00000012728",13
"ENSRNOG00000005111",5
"ENSRNOG00000062388",0
"ENSRNOG00000055769",21
"ENSRNOG00000047611",516
"ENSRNOG00000054563",573
"ENSRNOG00000009180",0
"ENSRNOG00000007443",1702
"ENSRNOG00000004787",81
"ENSRNOG00000007018",149
"ENSRNOG00000052603",0
"ENSRNOG00000005308",1338
"ENSRNOG00000005276",3637
"ENSRNOG00000014071",144
"ENSRNOG00000010945",7106
"ENSRNOG00000021256",10
"ENSRNOG00000005284",1
"ENSRNOG00000006050",249
"ENSRNOG00000068997",0
"ENSRNOG00000012197",0
"ENSRNOG00000010472",273
"ENSRNOG00000021261",1
"ENSRNOG00000006832",3751
"ENSRNOG00000004829",256
"ENSRNOG00000059455",0
"ENSRNOG00000014102",3
"ENSRNOG00000063194",17
"ENSRNOG00000064429",603
"ENSRNOG00000038004",0
"ENSRNOG00000015550",3
"ENSRNOG00000021750",343
"ENSRNOG00000025130",18
"ENSRNOG00000030827",0
"ENSRNOG00000021249",311
"ENSRNOG00000014272",7188
"ENSRNOG00000060791",0
"ENSRNOG00000005715",683
"ENSRNOG00000036900",0
"ENSRNOG00000070953",0
"ENSRNOG00000007782",1
"ENSRNOG00000023195",0
"ENSRNOG00000014317",347
"ENSRNOG00000070171",0
"ENSRNOG00000010428",996
"ENSRNOG00000063262",0
"ENSRNOG00000005780",167
"ENSRNOG00000043043",0
"ENSRNOG00000010101",254
"ENSRNOG00000005184",371
"ENSRNOG00000015187",88
"ENSRNOG00000068011",43
"ENSRNOG00000062726",0
"ENSRNOG00000014338",97
"ENSRNOG00000066948",0
"ENSRNOG00000004601",0
"ENSRNOG00000028668",40
"ENSRNOG00000014204",322
"ENSRNOG00000009399",0
"ENSRNOG00000005840",4
"ENSRNOG00000071010",4
"ENSRNOG00000014493",501
"ENSRNOG00000005900",350
"ENSRNOG00000068950",0
"ENSRNOG00000032605",5910
"ENSRNOG00000004842",98
"ENSRNOG00000047530",0
"ENSRNOG00000008088",224
"ENSRNOG00000017044",2
"ENSRNOG00000069598",3
"ENSRNOG00000019118",2
"ENSRNOG00000055374",0
"ENSRNOG00000005902",111
"ENSRNOG00000000169",72
"ENSRNOG00000028254",79
"ENSRNOG00000069282",1
"ENSRNOG00000009461",2
"ENSRNOG00000056255",0
"ENSRNOG00000007738",2107
"ENSRNOG00000008316",1582
"ENSRNOG00000054840",124
"ENSRNOG00000009586",0
"ENSRNOG00000015145",1212
"ENSRNOG00000067107",0
"ENSRNOG00000009139",606
"ENSRNOG00000017983",423
"ENSRNOG00000033348",4
"ENSRNOG00000021262",2270
"ENSRNOG00000022660",6
"ENSRNOG00000069487",0
"ENSRNOG00000056471",0
"ENSRNOG00000031763",0
"ENSRNOG00000005509",0
"ENSRNOG00000068352",1
"ENSRNOG00000030460",0
"ENSRNOG00000023384",0
"ENSRNOG00000009624",0
"ENSRNOG00000015525",347
"ENSRNOG00000010262",6
"ENSRNOG00000066486",0
"ENSRNOG00000060217",0
"ENSRNOG00000025713",0
"ENSRNOG00000017157",125
"ENSRNOG00000032700",511
"ENSRNOG00000061603",1175
"ENSRNOG00000051431",0
"ENSRNOG00000008003",0
"ENSRNOG00000015735",375
"ENSRNOG00000009648",0
"ENSRNOG00000012738",3565
"ENSRNOG00000058755",0
"ENSRNOG00000010551",61
"ENSRNOG00000004700",196
"ENSRNOG00000015744",9
"ENSRNOG00000007242",759
"ENSRNOG00000037178",0
"ENSRNOG00000036782",0
"ENSRNOG00000037146",0
"ENSRNOG00000064442",56
"ENSRNOG00000025498",60
"ENSRNOG00000017883",891
"ENSRNOG00000063022",0
"ENSRNOG00000063950",0
"ENSRNOG00000013380",23
"ENSRNOG00000065847",2
"ENSRNOG00000006418",142
"ENSRNOG00000009640",1037
"ENSRNOG00000005958",1860
"ENSRNOG00000009670",0
"ENSRNOG00000051490",1946
"ENSRNOG00000031598",112
"ENSRNOG00000065317",0
"ENSRNOG00000042374",96
"ENSRNOG00000063946",0
"ENSRNOG00000022178",0
"ENSRNOG00000025278",680
"ENSRNOG00000050190",25
"ENSRNOG00000005196",1421
"ENSRNOG00000032635",28573
"ENSRNOG00000062572",0
"ENSRNOG00000014739",96
"ENSRNOG00000042407",0
"ENSRNOG00000009952",0
"ENSRNOG00000027988",671
"ENSRNOG00000000170",2868
"ENSRNOG00000068653",0
"ENSRNOG00000052294",7
"ENSRNOG00000005719",1088
"ENSRNOG00000070931",0
"ENSRNOG00000014268",997
"ENSRNOG00000008283",2831
"ENSRNOG00000042526",13
"ENSRNOG00000066461",0
"ENSRNOG00000070081",0
"ENSRNOG00000068036",4
"ENSRNOG00000066294",0
"ENSRNOG00000028908",39
"ENSRNOG00000068526",0
"ENSRNOG00000018005",5
"ENSRNOG00000063100",0
"ENSRNOG00000014771",7
"ENSRNOG00000006032",0
"ENSRNOG00000016795",1288
"ENSRNOG00000070932",0
"ENSRNOG00000028685",63
"ENSRNOG00000008135",2
"ENSRNOG00000062543",643
"ENSRNOG00000016870",888
"ENSRNOG00000027955",123
"ENSRNOG00000062385",0
"ENSRNOG00000031823",0
"ENSRNOG00000065007",0
"ENSRNOG00000069793",0
"ENSRNOG00000027434",204
"ENSRNOG00000062364",0
"ENSRNOG00000069408",0
"ENSRNOG00000036777",0
"ENSRNOG00000019388",90
"ENSRNOG00000037514",1927
"ENSRNOG00000068989",0
"ENSRNOG00000004677",2585
"ENSRNOG00000031380",0
"ENSRNOG00000026067",0
"ENSRNOG00000010050",712
"ENSRNOG00000008146",2
"ENSRNOG00000004810",0
"ENSRNOG00000045801",1
"ENSRNOG00000065546",3
"ENSRNOG00000019466",606
"ENSRNOG00000004410",0
"ENSRNOG00000010477",1241
"ENSRNOG00000045656",1
"ENSRNOG00000014794",0
"ENSRNOG00000004812",97
"ENSRNOG00000014807",0
"ENSRNOG00000011467",309
"ENSRNOG00000013452",8287
"ENSRNOG00000063397",36
"ENSRNOG00000025931",0
"ENSRNOG00000039906",0
"ENSRNOG00000046958",33
"ENSRNOG00000005707",3
"ENSRNOG00000062576",0
"ENSRNOG00000022586",563
"ENSRNOG00000042162",0
"ENSRNOG00000047427",620
"ENSRNOG00000070174",0
"ENSRNOG00000017290",955
"ENSRNOG00000062366",98
"ENSRNOG00000066433",0
"ENSRNOG00000050780",331
"ENSRNOG00000004951",387
"ENSRNOG00000065048",58
"ENSRNOG00000014933",728
"ENSRNOG00000031168",0
"ENSRNOG00000018574",817
"ENSRNOG00000064101",37
"ENSRNOG00000032177",0
"ENSRNOG00000009218",0
"ENSRNOG00000005031",254
"ENSRNOG00000065075",0
"ENSRNOG00000014156",0
"ENSRNOG00000014297",3852
"ENSRNOG00000005924",5793
"ENSRNOG00000031167",77
"ENSRNOG00000006142",0
"ENSRNOG00000070417",0
"ENSRNOG00000059507",0
"ENSRNOG00000024799",1
"ENSRNOG00000065733",0
"ENSRNOG00000027742",13
"ENSRNOG00000024904",3
"ENSRNOG00000019322",1523
"ENSRNOG00000015131",324
"ENSRNOG00000014690",4821
"ENSRNOG00000063498",0
"ENSRNOG00000069651",0
"ENSRNOG00000015797",38
"ENSRNOG00000005247",0
"ENSRNOG00000046942",0
"ENSRNOG00000015155",3
"ENSRNOG00000066870",3
"ENSRNOG00000016272",2902
"ENSRNOG00000012157",3339
"ENSRNOG00000031038",150
"ENSRNOG00000015857",21937
"ENSRNOG00000016584",20
"ENSRNOG00000010528",176
"ENSRNOG00000037207",3273
"ENSRNOG00000053240",690
"ENSRNOG00000027432",3
"ENSRNOG00000027911",2
"ENSRNOG00000070414",1
"ENSRNOG00000047466",601
"ENSRNOG00000055534",0
"ENSRNOG00000005158",15
"ENSRNOG00000004532",183
"ENSRNOG00000013681",1
"ENSRNOG00000055829",0
"ENSRNOG00000018649",899
"ENSRNOG00000027867",476
"ENSRNOG00000007542",9
"ENSRNOG00000008895",0
"ENSRNOG00000049280",0
"ENSRNOG00000005258",338
"ENSRNOG00000064719",0
"ENSRNOG00000012638",453
"ENSRNOG00000007681",1426
"ENSRNOG00000005814",236
"ENSRNOG00000012762",566
"ENSRNOG00000008212",997
"ENSRNOG00000028701",123
"ENSRNOG00000013862",3
"ENSRNOG00000007461",231
"ENSRNOG00000011778",153
"ENSRNOG00000064354",0
"ENSRNOG00000030243",0
"ENSRNOG00000024335",462
"ENSRNOG00000004493",33
"ENSRNOG00000008744",4154
"ENSRNOG00000033573",2
"ENSRNOG00000029895",0
"ENSRNOG00000005792",0
"ENSRNOG00000023874",682
"ENSRNOG00000063286",0
"ENSRNOG00000007422",103
"ENSRNOG00000028674",585
"ENSRNOG00000016488",770
"ENSRNOG00000009289",1478
"ENSRNOG00000071101",2296
"ENSRNOG00000015396",7386
"ENSRNOG00000024808",155
"ENSRNOG00000014387",401
"ENSRNOG00000018231",1155
"ENSRNOG00000007692",1248
"ENSRNOG00000029799",1755
"ENSRNOG00000009334",134
"ENSRNOG00000013479",1940
"ENSRNOG00000031760",670
"ENSRNOG00000037124",120
"ENSRNOG00000009421",1107
"ENSRNOG00000025580",2490
"ENSRNOG00000018876",557
"ENSRNOG00000018111",95
"ENSRNOG00000005178",0
"ENSRNOG00000037203",3
"ENSRNOG00000004731",7
"ENSRNOG00000009425",217
"ENSRNOG00000006641",5
"ENSRNOG00000010574",1865
"ENSRNOG00000006077",2445
"ENSRNOG00000017123",12327
"ENSRNOG00000004703",1
"ENSRNOG00000009593",309
"ENSRNOG00000067444",41718
"ENSRNOG00000053122",26
"ENSRNOG00000007221",199
"ENSRNOG00000043037",217
"ENSRNOG00000009446",479
"ENSRNOG00000013529",586
"ENSRNOG00000065707",0
"ENSRNOG00000006037",0
"ENSRNOG00000065372",0
"ENSRNOG00000026775",725
"ENSRNOG00000014152",108
"ENSRNOG00000063085",0
"ENSRNOG00000037302",228
"ENSRNOG00000011353",0
"ENSRNOG00000009549",1416
"ENSRNOG00000020086",649
"ENSRNOG00000028196",70
"ENSRNOG00000007906",170
"ENSRNOG00000006916",674
"ENSRNOG00000063276",0
"ENSRNOG00000066633",0
"ENSRNOG00000019039",350
"ENSRNOG00000010791",33
"ENSRNOG00000004898",0
"ENSRNOG00000005059",278
"ENSRNOG00000006639",1
"ENSRNOG00000014710",0
"ENSRNOG00000012262",97
"ENSRNOG00000028112",0
"ENSRNOG00000070974",501
"ENSRNOG00000054314",118
"ENSRNOG00000000172",971
"ENSRNOG00000026053",2895
"ENSRNOG00000062398",0
"ENSRNOG00000000168",89
"ENSRNOG00000019122",6055
"ENSRNOG00000005334",193
"ENSRNOG00000011690",646
"ENSRNOG00000055449",0
"ENSRNOG00000029342",1
"ENSRNOG00000015599",87
"ENSRNOG00000060005",996
"ENSRNOG00000062684",0
"ENSRNOG00000064484",1
"ENSRNOG00000018747",2472
"ENSRNOG00000051627",616
"ENSRNOG00000066394",0
"ENSRNOG00000015636",149
"ENSRNOG00000064346",0
"ENSRNOG00000043494",0
"ENSRNOG00000016459",716
"ENSRNOG00000067536",0
"ENSRNOG00000067433",0
"ENSRNOG00000068386",0
"ENSRNOG00000070193",82
"ENSRNOG00000016357",1668
"ENSRNOG00000017513",214
"ENSRNOG00000031478",0
"ENSRNOG00000065412",0
"ENSRNOG00000005021",611
"ENSRNOG00000070991",0
"ENSRNOG00000008297",760
"ENSRNOG00000050072",65
"ENSRNOG00000017663",209
"ENSRNOG00000062919",0
"ENSRNOG00000071011",0
"ENSRNOG00000066832",816
"ENSRNOG00000019099",338
"ENSRNOG00000021954",1413
"ENSRNOG00000019110",1
"ENSRNOG00000007447",90
"ENSRNOG00000010883",169
"ENSRNOG00000018427",4
"ENSRNOG00000008912",2343
"ENSRNOG00000027596",1508
"ENSRNOG00000068716",0
"ENSRNOG00000017550",77
"ENSRNOG00000059260",18
"ENSRNOG00000065438",0
"ENSRNOG00000032386",0
"ENSRNOG00000004938",0
"ENSRNOG00000004740",509
"ENSRNOG00000012175",17
"ENSRNOG00000012697",7
"ENSRNOG00000005018",158
"ENSRNOG00000005366",16
"ENSRNOG00000008629",1944
"ENSRNOG00000054560",10
"ENSRNOG00000071044",143
"ENSRNOG00000012761",6
"ENSRNOG00000015854",24
"ENSRNOG00000064432",50
"ENSRNOG00000010981",820
"ENSRNOG00000017061",2
"ENSRNOG00000068044",3
"ENSRNOG00000014011",1
"ENSRNOG00000046655",1
"ENSRNOG00000004614",0
"ENSRNOG00000033429",15
"ENSRNOG00000059243",55
"ENSRNOG00000009342",0
"ENSRNOG00000012906",1
"ENSRNOG00000064158",30
"ENSRNOG00000007981",297
"ENSRNOG00000065620",28
"ENSRNOG00000011652",1222
"ENSRNOG00000063763",0
"ENSRNOG00000068416",1
"ENSRNOG00000013209",1
"ENSRNOG00000066103",0
"ENSRNOG00000062482",0
"ENSRNOG00000063885",88
"ENSRNOG00000022514",531
"ENSRNOG00000007127",184
"ENSRNOG00000067722",0
"ENSRNOG00000008484",12
"ENSRNOG00000060571",2608
"ENSRNOG00000013933",327
"ENSRNOG00000007285",59
"ENSRNOG00000009196",2202
"ENSRNOG00000048433",0
"ENSRNOG00000050650",80
"ENSRNOG00000062737",0
"ENSRNOG00000026604",45
"ENSRNOG00000009340",464
"ENSRNOG00000006952",0
"ENSRNOG00000005367",0
"ENSRNOG00000067798",0
"ENSRNOG00000057545",0
"ENSRNOG00000005679",1
"ENSRNOG00000018687",610
"ENSRNOG00000064408",0
"ENSRNOG00000009346",228
"ENSRNOG00000029508",0
"ENSRNOG00000010975",3227
"ENSRNOG00000049034",1114
"ENSRNOG00000010219",613
"ENSRNOG00000010993",575
"ENSRNOG00000069270",7
"ENSRNOG00000010897",2024
"ENSRNOG00000039315",2
"ENSRNOG00000012750",4
"ENSRNOG00000023589",1053
"ENSRNOG00000050262",1
"ENSRNOG00000043189",420
"ENSRNOG00000009402",1662
"ENSRNOG00000006227",384
"ENSRNOG00000007302",23946
"ENSRNOG00000049484",51
"ENSRNOG00000026691",193
"ENSRNOG00000015420",2549
"ENSRNOG00000011732",825
"ENSRNOG00000025296",1320
"ENSRNOG00000042269",11
"ENSRNOG00000009403",359
"ENSRNOG00000029470",103
"ENSRNOG00000039777",195
"ENSRNOG00000047356",2954
"ENSRNOG00000050035",0
"ENSRNOG00000010150",556
"ENSRNOG00000008616",1888
"ENSRNOG00000022603",0
"ENSRNOG00000017019",0
"ENSRNOG00000013491",611
"ENSRNOG00000017172",643
"ENSRNOG00000019203",2
"ENSRNOG00000011379",524
"ENSRNOG00000027502",144
"ENSRNOG00000030022",0
"ENSRNOG00000006839",3708
"ENSRNOG00000071171",0
"ENSRNOG00000013196",833
"ENSRNOG00000062624",15
"ENSRNOG00000017319",56
"ENSRNOG00000006829",0
"ENSRNOG00000057044",96
"ENSRNOG00000014316",1622
"ENSRNOG00000008354",643
"ENSRNOG00000027447",1827
"ENSRNOG00000017395",3
"ENSRNOG00000009207",639
"ENSRNOG00000018294",7008
"ENSRNOG00000027193",316
"ENSRNOG00000005007",11
"ENSRNOG00000060821",2043
"ENSRNOG00000005335",9
"ENSRNOG00000015445",0
"ENSRNOG00000009862",408
"ENSRNOG00000009594",2441
"ENSRNOG00000018591",499
"ENSRNOG00000069269",0
"ENSRNOG00000017805",0
"ENSRNOG00000065543",4243
"ENSRNOG00000014532",1247
"ENSRNOG00000050792",36
"ENSRNOG00000018349",166
"ENSRNOG00000009552",5814
"ENSRNOG00000008749",12114
"ENSRNOG00000010217",7558
"ENSRNOG00000056087",12
"ENSRNOG00000010659",475
"ENSRNOG00000010235",2170
"ENSRNOG00000010265",94
"ENSRNOG00000065817",85
"ENSRNOG00000028805",63
"ENSRNOG00000015845",2270
"ENSRNOG00000050932",463
"ENSRNOG00000010526",1143
"ENSRNOG00000037134",399
"ENSRNOG00000023386",3134
"ENSRNOG00000011470",769
"ENSRNOG00000017539",9
"ENSRNOG00000026277",417
"ENSRNOG00000017017",387
"ENSRNOG00000005616",610
"ENSRNOG00000016794",323
"ENSRNOG00000068184",6
"ENSRNOG00000022312",206
"ENSRNOG00000054725",676
"ENSRNOG00000006052",4264
"ENSRNOG00000009300",1637
"ENSRNOG00000013040",291
"ENSRNOG00000021295",941
"ENSRNOG00000007666",52
"ENSRNOG00000016910",205
"ENSRNOG00000010406",8
"ENSRNOG00000006420",217
"ENSRNOG00000057806",3773
"ENSRNOG00000065655",2
"ENSRNOG00000010152",1
"ENSRNOG00000010164",1230
"ENSRNOG00000069016",2
"ENSRNOG00000016678",49
"ENSRNOG00000004680",47
"ENSRNOG00000006435",534
"ENSRNOG00000006894",716
"ENSRNOG00000016220",2196
"ENSRNOG00000070709",221
"ENSRNOG00000004624",1665
"ENSRNOG00000019154",3483
"ENSRNOG00000034258",1
"ENSRNOG00000022274",226
"ENSRNOG00000025185",1629
"ENSRNOG00000005600",412
"ENSRNOG00000017925",1321
"ENSRNOG00000004372",0
"ENSRNOG00000007673",570
"ENSRNOG00000013906",1
"ENSRNOG00000050834",796
"ENSRNOG00000034195",8
"ENSRNOG00000017295",2278
"ENSRNOG00000054901",414
"ENSRNOG00000048676",17
"ENSRNOG00000007998",1039
"ENSRNOG00000013062",0
"ENSRNOG00000070298",7
"ENSRNOG00000013974",193
"ENSRNOG00000048870",2808
"ENSRNOG00000040333",0
"ENSRNOG00000029447",128
"ENSRNOG00000018145",2643
"ENSRNOG00000018205",532
"ENSRNOG00000046984",968
"ENSRNOG00000008469",711
"ENSRNOG00000029993",0
"ENSRNOG00000049056",972
"ENSRNOG00000006611",109
"ENSRNOG00000008455",1039
"ENSRNOG00000018457",1382
"ENSRNOG00000019147",1725
"ENSRNOG00000055567",1057
"ENSRNOG00000055886",1
"ENSRNOG00000024563",389
"ENSRNOG00000066367",1
"ENSRNOG00000022860",1779
"ENSRNOG00000000007",0
"ENSRNOG00000064166",0
"ENSRNOG00000070526",0
"ENSRNOG00000016744",1537
"ENSRNOG00000004828",0
"ENSRNOG00000067882",0
"ENSRNOG00000004466",761
"ENSRNOG00000014369",429
"ENSRNOG00000050404",1836
"ENSRNOG00000018486",21
"ENSRNOG00000005070",953
"ENSRNOG00000001517",862
"ENSRNOG00000005369",0
"ENSRNOG00000024809",332
"ENSRNOG00000001519",36
"ENSRNOG00000011884",726
"ENSRNOG00000008609",23
"ENSRNOG00000048867",0
"ENSRNOG00000005743",0
"ENSRNOG00000069208",3
"ENSRNOG00000058329",235
"ENSRNOG00000004479",138
"ENSRNOG00000049619",0
"ENSRNOG00000007625",58
"ENSRNOG00000062930",0
"ENSRNOG00000004864",1298
"ENSRNOG00000066218",0
"ENSRNOG00000024786",231
"ENSRNOG00000063301",0
"ENSRNOG00000001515",5731
"ENSRNOG00000005074",263
"ENSRNOG00000013694",80
"ENSRNOG00000005223",0
"ENSRNOG00000047241",0
"ENSRNOG00000010128",0
"ENSRNOG00000057996",0
"ENSRNOG00000018809",1149
"ENSRNOG00000068640",0
"ENSRNOG00000033824",354
"ENSRNOG00000014584",762
"ENSRNOG00000052583",3172
"ENSRNOG00000001516",111
"ENSRNOG00000004775",1032
"ENSRNOG00000064527",94
"ENSRNOG00000005701",0
"ENSRNOG00000048080",0
"ENSRNOG00000005235",1
"ENSRNOG00000043179",0
"ENSRNOG00000050552",511
"ENSRNOG00000049912",1382
"ENSRNOG00000057740",1
"ENSRNOG00000009143",495
"ENSRNOG00000026203",4
"ENSRNOG00000028661",0
"ENSRNOG00000009382",106
"ENSRNOG00000032656",0
"ENSRNOG00000033835",1702
"ENSRNOG00000067068",1
"ENSRNOG00000025892",787
"ENSRNOG00000005504",323
"ENSRNOG00000016965",3410
"ENSRNOG00000006732",0
"ENSRNOG00000009239",0
"ENSRNOG00000009781",4467
"ENSRNOG00000007485",955
"ENSRNOG00000009286",3
"ENSRNOG00000069922",0
"ENSRNOG00000005722",0
"ENSRNOG00000005331",1541
"ENSRNOG00000048933",528
"ENSRNOG00000018832",0
"ENSRNOG00000061587",154
"ENSRNOG00000028384",702
"ENSRNOG00000070627",48
"ENSRNOG00000015791",279
"ENSRNOG00000064734",51
"ENSRNOG00000033682",0
"ENSRNOG00000018874",47
"ENSRNOG00000028533",0
"ENSRNOG00000008129",272
"ENSRNOG00000010729",1447
"ENSRNOG00000007665",2010
"ENSRNOG00000057347",919
"ENSRNOG00000043323",0
"ENSRNOG00000015237",270
"ENSRNOG00000065606",1158
"ENSRNOG00000001524",493
"ENSRNOG00000005751",0
"ENSRNOG00000069723",0
"ENSRNOG00000028440",4
"ENSRNOG00000013442",1305
"ENSRNOG00000007012",4
"ENSRNOG00000005800",0
"ENSRNOG00000007017",0
"ENSRNOG00000007781",2803
"ENSRNOG00000005083",729
"ENSRNOG00000025832",1589
"ENSRNOG00000001520",68
"ENSRNOG00000017443",944
"ENSRNOG00000063099",22
"ENSRNOG00000015970",637
"ENSRNOG00000009620",1049
"ENSRNOG00000067313",1
"ENSRNOG00000005871",135
"ENSRNOG00000021225",0
"ENSRNOG00000046350",0
"ENSRNOG00000004772",22
"ENSRNOG00000008081",226
"ENSRNOG00000011401",13
"ENSRNOG00000043311",1
"ENSRNOG00000022162",1715
"ENSRNOG00000005033",1530
"ENSRNOG00000069241",0
"ENSRNOG00000022922",1034
"ENSRNOG00000006079",23
"ENSRNOG00000008194",696
"ENSRNOG00000053384",0
"ENSRNOG00000071205",13
"ENSRNOG00000005341",0
"ENSRNOG00000022681",1375
"ENSRNOG00000022141",1188
"ENSRNOG00000059891",227
"ENSRNOG00000046949",40
"ENSRNOG00000017583",613
"ENSRNOG00000006314",0
"ENSRNOG00000017647",170
"ENSRNOG00000008258",1395
"ENSRNOG00000008245",989
"ENSRNOG00000008482",2116
"ENSRNOG00000009531",5
"ENSRNOG00000026036",0
"ENSRNOG00000001518",448
"ENSRNOG00000021220",2
"ENSRNOG00000061199",0
"ENSRNOG00000009406",2094
"ENSRNOG00000019179",261
"ENSRNOG00000005246",0
"ENSRNOG00000064239",0
"ENSRNOG00000009936",1552
"ENSRNOG00000070854",0
"ENSRNOG00000015192",343
"ENSRNOG00000050620",0
"ENSRNOG00000021787",462
"ENSRNOG00000063782",0
"ENSRNOG00000066179",0
"ENSRNOG00000007477",0
"ENSRNOG00000055021",0
"ENSRNOG00000023721",18
"ENSRNOG00000058297",0
"ENSRNOG00000056952",0
"ENSRNOG00000025394",2089
"ENSRNOG00000065334",0
"ENSRNOG00000066958",116
"ENSRNOG00000051455",0
"ENSRNOG00000037081",0
"ENSRNOG00000065702",0
"ENSRNOG00000057475",0
"ENSRNOG00000050860",6
"ENSRNOG00000055571",0
"ENSRNOG00000007946",766
"ENSRNOG00000005996",1
"ENSRNOG00000056181",0
"ENSRNOG00000058161",0
"ENSRNOG00000062893",0
"ENSRNOG00000061153",0
"ENSRNOG00000057546",0
"ENSRNOG00000018567",1699
"ENSRNOG00000005762",2028
"ENSRNOG00000064287",0
"ENSRNOG00000062495",0
"ENSRNOG00000068900",15
"ENSRNOG00000055576",0
"ENSRNOG00000007415",3614
"ENSRNOG00000067446",0
"ENSRNOG00000059024",0
"ENSRNOG00000005116",7305
"ENSRNOG00000053436",3
"ENSRNOG00000052617",0
"ENSRNOG00000064018",0
"ENSRNOG00000065927",3
"ENSRNOG00000018901",1294
"ENSRNOG00000060842",17
"ENSRNOG00000056200",0
"ENSRNOG00000008859",552
"ENSRNOG00000005766",986
"ENSRNOG00000021242",597
"ENSRNOG00000054081",16
"ENSRNOG00000065735",480
"ENSRNOG00000062408",0
"ENSRNOG00000064779",0
"ENSRNOG00000023935",11
"ENSRNOG00000057313",31
"ENSRNOG00000064701",513
"ENSRNOG00000057048",0
"ENSRNOG00000035591",0
"ENSRNOG00000040429",0
"ENSRNOG00000062268",1
"ENSRNOG00000009191",0
"ENSRNOG00000006763",1210
"ENSRNOG00000036445",0
"ENSRNOG00000008552",45
"ENSRNOG00000041411",0
"ENSRNOG00000066687",0
"ENSRNOG00000015756",449
"ENSRNOG00000016033",44
"ENSRNOG00000035452",3
"ENSRNOG00000008346",4
"ENSRNOG00000035542",0
"ENSRNOG00000035554",0
"ENSRNOG00000035563",0
"ENSRNOG00000070181",0
"ENSRNOG00000056184",93
"ENSRNOG00000025711",245
"ENSRNOG00000005498",0
"ENSRNOG00000059414",2
"ENSRNOG00000025997",1018
"ENSRNOG00000006767",0
"ENSRNOG00000035566",0
"ENSRNOG00000004560",2
"ENSRNOG00000068538",0
"ENSRNOG00000036443",0
"ENSRNOG00000004966",0
"ENSRNOG00000008825",1988
"ENSRNOG00000000012",0
"ENSRNOG00000035570",0
"ENSRNOG00000012987",0
"ENSRNOG00000032778",187
"ENSRNOG00000049532",0
"ENSRNOG00000018899",0
"ENSRNOG00000061850",0
"ENSRNOG00000048524",0
"ENSRNOG00000007359",265
"ENSRNOG00000053607",292
"ENSRNOG00000009588",0
"ENSRNOG00000049688",2
"ENSRNOG00000018286",1
"ENSRNOG00000035619",0
"ENSRNOG00000016097",1
"ENSRNOG00000035630",1
"ENSRNOG00000064324",0
"ENSRNOG00000006830",0
"ENSRNOG00000035496",2
"ENSRNOG00000001510",10
"ENSRNOG00000022033",0
"ENSRNOG00000005990",205
"ENSRNOG00000008091",73
"ENSRNOG00000035593",0
"ENSRNOG00000048914",7
"ENSRNOG00000001596",4014
"ENSRNOG00000009951",78
"ENSRNOG00000006961",1696
"ENSRNOG00000023393",1997
"ENSRNOG00000052954",2
"ENSRNOG00000008165",529
"ENSRNOG00000007528",0
"ENSRNOG00000028187",1
"ENSRNOG00000054086",0
"ENSRNOG00000023477",0
"ENSRNOG00000047374",19207
"ENSRNOG00000025286",435
"ENSRNOG00000008837",33
"ENSRNOG00000018991",2525
"ENSRNOG00000060479",2043
"ENSRNOG00000008534",52
"ENSRNOG00000056984",723
"ENSRNOG00000010068",116
"ENSRNOG00000026061",8
"ENSRNOG00000009331",3
"ENSRNOG00000018485",61
"ENSRNOG00000042373",0
"ENSRNOG00000007532",540
"ENSRNOG00000008822",10058
"ENSRNOG00000069925",105
"ENSRNOG00000001580",100
"ENSRNOG00000025889",50
"ENSRNOG00000012166",3
"ENSRNOG00000022015",221
"ENSRNOG00000062644",2
"ENSRNOG00000066055",0
"ENSRNOG00000007710",299
"ENSRNOG00000050946",223
"ENSRNOG00000001559",587
"ENSRNOG00000022938",224
"ENSRNOG00000017824",678
"ENSRNOG00000012419",31
"ENSRNOG00000009528",1
"ENSRNOG00000050204",270
"ENSRNOG00000036898",0
"ENSRNOG00000005668",629
"ENSRNOG00000009735",0
"ENSRNOG00000012798",695
"ENSRNOG00000023154",0
"ENSRNOG00000024693",0
"ENSRNOG00000005307",21
"ENSRNOG00000009245",89
"ENSRNOG00000067863",0
"ENSRNOG00000005132",0
"ENSRNOG00000063156",0
"ENSRNOG00000026111",2
"ENSRNOG00000036897",0
"ENSRNOG00000013973",80
"ENSRNOG00000068771",0
"ENSRNOG00000021560",0
"ENSRNOG00000013837",1338
"ENSRNOG00000014050",150
"ENSRNOG00000064796",0
"ENSRNOG00000058983",0
"ENSRNOG00000023352",9
"ENSRNOG00000031951",19
"ENSRNOG00000054405",0
"ENSRNOG00000001587",0
"ENSRNOG00000036870",0
"ENSRNOG00000069591",11
"ENSRNOG00000001581",59
"ENSRNOG00000005281",586
"ENSRNOG00000070431",0
"ENSRNOG00000014230",3004
"ENSRNOG00000007622",290
"ENSRNOG00000046585",291
"ENSRNOG00000067347",0
"ENSRNOG00000006241",1278
"ENSRNOG00000011457",0
"ENSRNOG00000019047",2684
"ENSRNOG00000057756",1275
"ENSRNOG00000019299",400
"ENSRNOG00000021243",7
"ENSRNOG00000055226",1255
"ENSRNOG00000069524",12
"ENSRNOG00000048056",39
"ENSRNOG00000006623",981
"ENSRNOG00000011726",0
"ENSRNOG00000006002",865
"ENSRNOG00000005008",0
"ENSRNOG00000032195",41
"ENSRNOG00000043149",0
"ENSRNOG00000071098",0
"ENSRNOG00000017346",0
"ENSRNOG00000066809",0
"ENSRNOG00000063330",0
"ENSRNOG00000019467",1
"ENSRNOG00000062489",0
"ENSRNOG00000067142",0
"ENSRNOG00000065732",0
"ENSRNOG00000024412",0
"ENSRNOG00000009747",0
"ENSRNOG00000064071",0
"ENSRNOG00000009369",100
"ENSRNOG00000063708",0
"ENSRNOG00000066446",0
"ENSRNOG00000005359",1
"ENSRNOG00000065809",0
"ENSRNOG00000063795",0
"ENSRNOG00000069299",0
"ENSRNOG00000069133",0
"ENSRNOG00000014436",499
"ENSRNOG00000005950",0
"ENSRNOG00000018719",266
"ENSRNOG00000007911",0
"ENSRNOG00000062335",0
"ENSRNOG00000007816",11
"ENSRNOG00000069989",0
"ENSRNOG00000013243",0
"ENSRNOG00000062410",0
"ENSRNOG00000065893",302
"ENSRNOG00000018657",701
"ENSRNOG00000039210",0
"ENSRNOG00000067314",0
"ENSRNOG00000030763",5
"ENSRNOG00000047596",2
"ENSRNOG00000067265",0
"ENSRNOG00000066602",0
"ENSRNOG00000065951",0
"ENSRNOG00000065387",0
"ENSRNOG00000016352",1579
"ENSRNOG00000004649",0
"ENSRNOG00000046644",1053
"ENSRNOG00000067924",0
"ENSRNOG00000068962",0
"ENSRNOG00000052968",1044
"ENSRNOG00000007954",0
"ENSRNOG00000065239",0
"ENSRNOG00000007962",0
"ENSRNOG00000014573",8
"ENSRNOG00000007965",0
"ENSRNOG00000065830",0
"ENSRNOG00000050899",1275
"ENSRNOG00000059965",0
"ENSRNOG00000068403",1
"ENSRNOG00000062527",0
"ENSRNOG00000042248",0
"ENSRNOG00000010104",1555
"ENSRNOG00000065937",427
"ENSRNOG00000014845",0
"ENSRNOG00000009355",433
"ENSRNOG00000067990",0
"ENSRNOG00000031803",0
"ENSRNOG00000070601",0
"ENSRNOG00000017777",1186
"ENSRNOG00000001547",478
"ENSRNOG00000005868",689
"ENSRNOG00000067752",16
"ENSRNOG00000063740",0
"ENSRNOG00000023064",38
"ENSRNOG00000066366",0
"ENSRNOG00000068131",1
"ENSRNOG00000019339",25
"ENSRNOG00000068529",0
"ENSRNOG00000063044",48
"ENSRNOG00000004858",0
"ENSRNOG00000063189",88
"ENSRNOG00000052498",1589
"ENSRNOG00000064033",0
"ENSRNOG00000015018",14811
"ENSRNOG00000046772",0
"ENSRNOG00000014034",821
"ENSRNOG00000036719",95
"ENSRNOG00000007567",1
"ENSRNOG00000063409",0
"ENSRNOG00000027015",1845
"ENSRNOG00000007977",0
"ENSRNOG00000001593",723
"ENSRNOG00000022868",11
"ENSRNOG00000010086",598
"ENSRNOG00000066934",0
"ENSRNOG00000062761",0
"ENSRNOG00000061129",1114
"ENSRNOG00000067572",0
"ENSRNOG00000064233",9395
"ENSRNOG00000063025",0
"ENSRNOG00000061690",18
"ENSRNOG00000017405",1854
"ENSRNOG00000069264",0
"ENSRNOG00000013232",216
"ENSRNOG00000005049",8
"ENSRNOG00000006433",0
"ENSRNOG00000056063",7
"ENSRNOG00000027221",0
"ENSRNOG00000012682",27
"ENSRNOG00000064193",0
"ENSRNOG00000005727",21
"ENSRNOG00000066844",0
"ENSRNOG00000063285",0
"ENSRNOG00000051498",1520
"ENSRNOG00000064353",0
"ENSRNOG00000028708",1
"ENSRNOG00000071108",680
"ENSRNOG00000069830",42
"ENSRNOG00000017447",1120
"ENSRNOG00000001578",50
"ENSRNOG00000067612",0
"ENSRNOG00000053144",0
"ENSRNOG00000070822",0
"ENSRNOG00000011202",0
"ENSRNOG00000001577",48
"ENSRNOG00000031834",2
"ENSRNOG00000063547",0
"ENSRNOG00000016708",83
"ENSRNOG00000018406",1510
"ENSRNOG00000067081",0
"ENSRNOG00000028616",0
"ENSRNOG00000063082",0
"ENSRNOG00000070279",10
"ENSRNOG00000026770",0
"ENSRNOG00000067568",0
"ENSRNOG00000068313",0
"ENSRNOG00000016583",2
"ENSRNOG00000064529",0
"ENSRNOG00000053098",0
"ENSRNOG00000036896",0
"ENSRNOG00000062816",0
"ENSRNOG00000007558",0
"ENSRNOG00000062999",0
"ENSRNOG00000024457",0
"ENSRNOG00000054557",685
"ENSRNOG00000036895",0
"ENSRNOG00000011624",32
"ENSRNOG00000064774",0
"ENSRNOG00000019987",660
"ENSRNOG00000063995",0
"ENSRNOG00000019992",3249
"ENSRNOG00000065729",1202
"ENSRNOG00000056853",2419
"ENSRNOG00000061768",7
"ENSRNOG00000024595",1710
"ENSRNOG00000065798",0
"ENSRNOG00000060010",238
"ENSRNOG00000010326",45
"ENSRNOG00000066950",0
"ENSRNOG00000019848",3182
"ENSRNOG00000063125",0
"ENSRNOG00000059919",210
"ENSRNOG00000012651",497
"ENSRNOG00000063947",0
"ENSRNOG00000043258",0
"ENSRNOG00000016288",552
"ENSRNOG00000053332",3
"ENSRNOG00000070748",0
"ENSRNOG00000011798",2039
"ENSRNOG00000064674",0
"ENSRNOG00000016547",1537
"ENSRNOG00000032597",0
"ENSRNOG00000070703",0
"ENSRNOG00000008235",6
"ENSRNOG00000043150",9
"ENSRNOG00000016768",3
"ENSRNOG00000068000",0
"ENSRNOG00000008604",918
"ENSRNOG00000065767",0
"ENSRNOG00000001572",0
"ENSRNOG00000054245",0
"ENSRNOG00000070780",41
"ENSRNOG00000013339",286
"ENSRNOG00000065667",0
"ENSRNOG00000059153",0
"ENSRNOG00000012603",557
"ENSRNOG00000050277",1000
"ENSRNOG00000020225",2179
"ENSRNOG00000013657",5
"ENSRNOG00000062899",0
"ENSRNOG00000065812",0
"ENSRNOG00000001597",1792
"ENSRNOG00000064911",0
"ENSRNOG00000064654",0
"ENSRNOG00000053430",0
"ENSRNOG00000014424",0
"ENSRNOG00000064180",0
"ENSRNOG00000062312",0
"ENSRNOG00000008596",10
"ENSRNOG00000068113",0
"ENSRNOG00000019065",0
"ENSRNOG00000015067",945
"ENSRNOG00000063322",0
"ENSRNOG00000027513",1066
"ENSRNOG00000063792",0
"ENSRNOG00000001588",269
"ENSRNOG00000063578",0
"ENSRNOG00000024815",3
"ENSRNOG00000038165",3
"ENSRNOG00000067615",0
"ENSRNOG00000062563",0
"ENSRNOG00000034174",0
"ENSRNOG00000001514",114
"ENSRNOG00000065210",0
"ENSRNOG00000069009",0
"ENSRNOG00000015558",0
"ENSRNOG00000004861",371
"ENSRNOG00000065773",0
"ENSRNOG00000013992",207
"ENSRNOG00000069927",0
"ENSRNOG00000015202",3666
"ENSRNOG00000064935",0
"ENSRNOG00000030212",68
"ENSRNOG00000067933",0
"ENSRNOG00000010275",105
"ENSRNOG00000005609",0
"ENSRNOG00000067390",0
"ENSRNOG00000006112",0
"ENSRNOG00000069529",0
"ENSRNOG00000066625",0
"ENSRNOG00000060449",171
"ENSRNOG00000015637",9
"ENSRNOG00000014235",170
"ENSRNOG00000054497",595
"ENSRNOG00000049336",33
"ENSRNOG00000017939",268
"ENSRNOG00000007341",85
"ENSRNOG00000051420",555
"ENSRNOG00000069601",0
"ENSRNOG00000014592",180
"ENSRNOG00000050123",3
"ENSRNOG00000006654",0
"ENSRNOG00000057245",3
"ENSRNOG00000061249",0
"ENSRNOG00000016062",133
"ENSRNOG00000052405",0
"ENSRNOG00000065177",0
"ENSRNOG00000064679",0
"ENSRNOG00000015359",0
"ENSRNOG00000062804",0
"ENSRNOG00000047874",743
"ENSRNOG00000009354",49
"ENSRNOG00000067869",0
"ENSRNOG00000010894",407
"ENSRNOG00000065868",0
"ENSRNOG00000040284",0
"ENSRNOG00000030476",8043
"ENSRNOG00000050697",2
"ENSRNOG00000042556",358
"ENSRNOG00000001548",9108
"ENSRNOG00000070103",0
"ENSRNOG00000046151",2
"ENSRNOG00000063457",0
"ENSRNOG00000022490",1076
"ENSRNOG00000024846",780
"ENSRNOG00000016989",558
"ENSRNOG00000007492",13810
"ENSRNOG00000046473",0
"ENSRNOG00000067028",0
"ENSRNOG00000013267",519
"ENSRNOG00000069882",0
"ENSRNOG00000030143",181
"ENSRNOG00000046849",0
"ENSRNOG00000065516",0
"ENSRNOG00000067266",1
"ENSRNOG00000069995",0
"ENSRNOG00000033799",0
"ENSRNOG00000012722",1148
"ENSRNOG00000049460",0
"ENSRNOG00000029787",0
"ENSRNOG00000055984",2382
"ENSRNOG00000032102",0
"ENSRNOG00000019340",258
"ENSRNOG00000029627",1646
"ENSRNOG00000028690",4554
"ENSRNOG00000062692",0
"ENSRNOG00000013371",0
"ENSRNOG00000048601",1
"ENSRNOG00000027533",31
"ENSRNOG00000027510",0
"ENSRNOG00000053691",18093
"ENSRNOG00000064291",1
"ENSRNOG00000069831",1
"ENSRNOG00000018288",2672
"ENSRNOG00000068577",17
"ENSRNOG00000046568",47
"ENSRNOG00000069411",26
"ENSRNOG00000005109",0
"ENSRNOG00000029793",0
"ENSRNOG00000064950",281
"ENSRNOG00000005951",143
"ENSRNOG00000065751",2
"ENSRNOG00000067302",85
"ENSRNOG00000007605",2547
"ENSRNOG00000023181",119
"ENSRNOG00000065953",1
"ENSRNOG00000017404",1342
"ENSRNOG00000028492",0
"ENSRNOG00000023090",0
"ENSRNOG00000028543",9335
"ENSRNOG00000017843",631
"ENSRNOG00000067031",0
"ENSRNOG00000016248",0
"ENSRNOG00000029423",1118
"ENSRNOG00000069321",125
"ENSRNOG00000013003",0
"ENSRNOG00000031453",778
"ENSRNOG00000059460",456
"ENSRNOG00000052519",21
"ENSRNOG00000055484",0
"ENSRNOG00000070077",1
"ENSRNOG00000068234",0
"ENSRNOG00000009376",0
"ENSRNOG00000034115",0
"ENSRNOG00000030468",0
"ENSRNOG00000036813",338
"ENSRNOG00000009227",1
"ENSRNOG00000068114",0
"ENSRNOG00000067898",0
"ENSRNOG00000031811",0
"ENSRNOG00000064459",0
"ENSRNOG00000065446",0
"ENSRNOG00000066979",0
"ENSRNOG00000068209",0
"ENSRNOG00000034047",0
"ENSRNOG00000049954",0
"ENSRNOG00000065296",0
"ENSRNOG00000069515",0
"ENSRNOG00000007583",2232
"ENSRNOG00000037837",0
"ENSRNOG00000037834",0
"ENSRNOG00000009693",0
"ENSRNOG00000006395",5
"ENSRNOG00000010052",0
"ENSRNOG00000009526",0
"ENSRNOG00000036934",665
"ENSRNOG00000064583",0
"ENSRNOG00000061609",0
"ENSRNOG00000030662",0
"ENSRNOG00000006236",71
"ENSRNOG00000051828",0
"ENSRNOG00000058567",0
"ENSRNOG00000063901",4
"ENSRNOG00000060260",0
"ENSRNOG00000034031",0
"ENSRNOG00000049901",0
"ENSRNOG00000033994",0
"ENSRNOG00000007827",60
"ENSRNOG00000045634",0
"ENSRNOG00000015794",101
"ENSRNOG00000015393",0
"ENSRNOG00000015696",140
"ENSRNOG00000025238",0
"ENSRNOG00000010417",165
"ENSRNOG00000024437",1839
"ENSRNOG00000024923",69
"ENSRNOG00000063306",0
"ENSRNOG00000012880",679
"ENSRNOG00000010538",1001
"ENSRNOG00000012923",908
"ENSRNOG00000020246",2439
"ENSRNOG00000010625",34
"ENSRNOG00000012956",83
"ENSRNOG00000017086",122
"ENSRNOG00000063087",7624
"ENSRNOG00000069424",0
"ENSRNOG00000066059",0
"ENSRNOG00000063436",0
"ENSRNOG00000070108",0
"ENSRNOG00000069317",0
"ENSRNOG00000069667",0
"ENSRNOG00000062823",0
"ENSRNOG00000068434",0
"ENSRNOG00000005898",0
"ENSRNOG00000063311",0
"ENSRNOG00000021949",0
"ENSRNOG00000021920",0
"ENSRNOG00000071089",0
"ENSRNOG00000010179",0
"ENSRNOG00000069875",0
"ENSRNOG00000021658",0
"ENSRNOG00000068369",0
"ENSRNOG00000014429",946
"ENSRNOG00000014798",1266
"ENSRNOG00000058658",3600
"ENSRNOG00000028215",628
"ENSRNOG00000059846",0
"ENSRNOG00000065166",0
"ENSRNOG00000067074",0
"ENSRNOG00000053266",0
"ENSRNOG00000065851",0
"ENSRNOG00000062725",0
"ENSRNOG00000058802",0
"ENSRNOG00000067376",6
"ENSRNOG00000062330",0
"ENSRNOG00000056867",0
"ENSRNOG00000009155",605
"ENSRNOG00000066442",0
"ENSRNOG00000068132",0
"ENSRNOG00000067253",0
"ENSRNOG00000066113",0
"ENSRNOG00000062921",0
"ENSRNOG00000068952",0
"ENSRNOG00000060254",0
"ENSRNOG00000009397",464
"ENSRNOG00000056350",14
"ENSRNOG00000061517",0
"ENSRNOG00000069001",0
"ENSRNOG00000054178",0
"ENSRNOG00000067931",22
"ENSRNOG00000053758",0
"ENSRNOG00000057896",0
"ENSRNOG00000053318",0
"ENSRNOG00000009723",795
"ENSRNOG00000060304",0
"ENSRNOG00000069333",3
"ENSRNOG00000063509",0
"ENSRNOG00000057181",0
"ENSRNOG00000064895",0
"ENSRNOG00000052528",2
"ENSRNOG00000053730",0
"ENSRNOG00000057217",0
"ENSRNOG00000058017",1
"ENSRNOG00000061392",1
"ENSRNOG00000008467",1
"ENSRNOG00000065636",1
"ENSRNOG00000058635",4
"ENSRNOG00000060700",0
"ENSRNOG00000055165",0
"ENSRNOG00000064572",0
"ENSRNOG00000070539",0
"ENSRNOG00000065355",0
"ENSRNOG00000057737",9
"ENSRNOG00000061689",0
"ENSRNOG00000053257",0
"ENSRNOG00000051919",0
"ENSRNOG00000063274",0
"ENSRNOG00000056775",0
"ENSRNOG00000059287",0
"ENSRNOG00000056709",0
"ENSRNOG00000062752",0
"ENSRNOG00000054556",0
"ENSRNOG00000058974",0
"ENSRNOG00000069316",0
"ENSRNOG00000064743",13046
"ENSRNOG00000069960",11
"ENSRNOG00000062337",301966
"ENSRNOG00000064311",0
"ENSRNOG00000070537",0
"ENSRNOG00000015285",296
"ENSRNOG00000064600",0
"ENSRNOG00000053739",0
"ENSRNOG00000071124",1
"ENSRNOG00000051556",0
"ENSRNOG00000055988",0
"ENSRNOG00000052329",0
"ENSRNOG00000070840",0
"ENSRNOG00000051794",0
"ENSRNOG00000065344",0
"ENSRNOG00000061411",0
"ENSRNOG00000070340",0
"ENSRNOG00000070766",0
"ENSRNOG00000054047",0
"ENSRNOG00000056813",0
"ENSRNOG00000063896",0
"ENSRNOG00000054708",0
"ENSRNOG00000064326",0
"ENSRNOG00000060698",0
"ENSRNOG00000053336",0
"ENSRNOG00000059523",0
"ENSRNOG00000065124",0
"ENSRNOG00000053475",0
"ENSRNOG00000052086",0
"ENSRNOG00000062753",0
"ENSRNOG00000066102",0
"ENSRNOG00000059174",0
"ENSRNOG00000069379",0
"ENSRNOG00000065949",0
"ENSRNOG00000058281",1
"ENSRNOG00000066419",0
"ENSRNOG00000056973",12
"ENSRNOG00000065896",0
"ENSRNOG00000058689",0
"ENSRNOG00000053480",0
"ENSRNOG00000058037",0
"ENSRNOG00000053815",0
"ENSRNOG00000053851",1
"ENSRNOG00000056125",0
"ENSRNOG00000065708",0
"ENSRNOG00000068166",0
"ENSRNOG00000071177",0
"ENSRNOG00000057105",0
"ENSRNOG00000059003",0
"ENSRNOG00000006669",0
"ENSRNOG00000051675",0
"ENSRNOG00000065635",0
"ENSRNOG00000054461",0
"ENSRNOG00000052295",0
"ENSRNOG00000067981",5
"ENSRNOG00000006706",0
"ENSRNOG00000067405",0
"ENSRNOG00000070841",4
"ENSRNOG00000069917",3
"ENSRNOG00000006716",0
"ENSRNOG00000051785",0
"ENSRNOG00000060319",0
"ENSRNOG00000047981",0
"ENSRNOG00000069972",0
"ENSRNOG00000043148",0
"ENSRNOG00000016067",2907
"ENSRNOG00000016325",1
"ENSRNOG00000062667",0
"ENSRNOG00000005413",2858
"ENSRNOG00000007732",722
"ENSRNOG00000008674",60
"ENSRNOG00000068495",0
"ENSRNOG00000065980",0
"ENSRNOG00000068843",0
"ENSRNOG00000000047",1659
"ENSRNOG00000008000",0
"ENSRNOG00000017422",915
"ENSRNOG00000017737",950
"ENSRNOG00000010495",1321
"ENSRNOG00000034025",548
"ENSRNOG00000007241",1218
"ENSRNOG00000007989",1
"ENSRNOG00000069579",0
"ENSRNOG00000029798",0
"ENSRNOG00000000008",0
"ENSRNOG00000008944",5444
"ENSRNOG00000070512",0
"ENSRNOG00000066316",0
"ENSRNOG00000009689",2077
"ENSRNOG00000017556",1
"ENSRNOG00000017560",0
"ENSRNOG00000037567",161
"ENSRNOG00000004623",2
"ENSRNOG00000006353",10
"ENSRNOG00000006539",233
"ENSRNOG00000006884",0
"ENSRNOG00000058478",778
"ENSRNOG00000010379",2592
"ENSRNOG00000007478",1055
"ENSRNOG00000011208",34
"ENSRNOG00000011414",2665
"ENSRNOG00000031275",101
"ENSRNOG00000011981",1158
"ENSRNOG00000004639",336
"ENSRNOG00000021678",685
"ENSRNOG00000005191",1360
"ENSRNOG00000009630",2569
"ENSRNOG00000004666",77
"ENSRNOG00000036864",7
"ENSRNOG00000009199",308
"ENSRNOG00000068949",56
"ENSRNOG00000049208",12
"ENSRNOG00000042533",1
"ENSRNOG00000069924",0
"ENSRNOG00000070459",422
"ENSRNOG00000016037",0
"ENSRNOG00000048701",2016
"ENSRNOG00000016610",7581
"ENSRNOG00000050529",177
"ENSRNOG00000064257",5
"ENSRNOG00000025067",96
"ENSRNOG00000016984",2368
"ENSRNOG00000004451",0
"ENSRNOG00000068305",1022
"ENSRNOG00000005348",31
"ENSRNOG00000053869",0
"ENSRNOG00000010312",0
"ENSRNOG00000064332",0
"ENSRNOG00000007484",0
"ENSRNOG00000067719",11
"ENSRNOG00000067055",6
"ENSRNOG00000063773",3
"ENSRNOG00000069165",0
"ENSRNOG00000062319",4
"ENSRNOG00000010963",1
"ENSRNOG00000069090",2
"ENSRNOG00000066343",5
"ENSRNOG00000067023",5
"ENSRNOG00000065376",4
"ENSRNOG00000069349",3
"ENSRNOG00000058055",0
"ENSRNOG00000066007",0
"ENSRNOG00000068825",425
"ENSRNOG00000069700",36
"ENSRNOG00000063761",31
"ENSRNOG00000006063",1874
"ENSRNOG00000067544",0
"ENSRNOG00000067396",0
"ENSRNOG00000070205",0
"ENSRNOG00000067522",0
"ENSRNOG00000070744",0
"ENSRNOG00000065622",1
"ENSRNOG00000066142",0
"ENSRNOG00000065744",39
"ENSRNOG00000064637",0
"ENSRNOG00000063318",0
"ENSRNOG00000066238",0
"ENSRNOG00000067765",0
"ENSRNOG00000067455",0
"ENSRNOG00000062687",1
"ENSRNOG00000052005",0
"ENSRNOG00000067731",0
"ENSRNOG00000064969",7
"ENSRNOG00000070210",24
"ENSRNOG00000068169",0
"ENSRNOG00000067380",0
"ENSRNOG00000067089",377
"ENSRNOG00000070157",1
"ENSRNOG00000064136",6727
"ENSRNOG00000009401",3
"ENSRNOG00000064341",22
"ENSRNOG00000026636",0
"ENSRNOG00000062648",56
"ENSRNOG00000069159",10
"ENSRNOG00000008510",280
"ENSRNOG00000066737",6
"ENSRNOG00000068911",0
"ENSRNOG00000069378",9
"ENSRNOG00000069611",4
"ENSRNOG00000069146",4
"ENSRNOG00000065046",27
"ENSRNOG00000068078",13
"ENSRNOG00000068246",1
"ENSRNOG00000011358",2375
"ENSRNOG00000065681",0
"ENSRNOG00000063367",0
"ENSRNOG00000070813",0
"ENSRNOG00000061836",0
"ENSRNOG00000068032",0
"ENSRNOG00000063540",22
"ENSRNOG00000067112",0
"ENSRNOG00000066122",3
"ENSRNOG00000070761",0
"ENSRNOG00000067412",1
"ENSRNOG00000064915",258
"ENSRNOG00000063568",2
"ENSRNOG00000067896",0
"ENSRNOG00000070221",0
"ENSRNOG00000070795",0
"ENSRNOG00000062964",0
"ENSRNOG00000065897",398
"ENSRNOG00000052827",3
"ENSRNOG00000064762",123
"ENSRNOG00000065163",638
"ENSRNOG00000063354",0
"ENSRNOG00000068686",47
"ENSRNOG00000069326",1
"ENSRNOG00000068224",28
"ENSRNOG00000054061",0
"ENSRNOG00000070815",0
"ENSRNOG00000064472",1
"ENSRNOG00000070490",229
"ENSRNOG00000062511",0
"ENSRNOG00000068942",0
"ENSRNOG00000063325",14
"ENSRNOG00000062704",0
"ENSRNOG00000066285",5
"ENSRNOG00000070057",4
"ENSRNOG00000066525",0
"ENSRNOG00000067868",0
"ENSRNOG00000062925",7
"ENSRNOG00000063654",0
"ENSRNOG00000069787",161
"ENSRNOG00000068062",0
"ENSRNOG00000070411",9
"ENSRNOG00000064076",9
"ENSRNOG00000067710",15
"ENSRNOG00000053452",5
"ENSRNOG00000070254",0
"ENSRNOG00000063086",0
"ENSRNOG00000065083",0
"ENSRNOG00000068479",4
"ENSRNOG00000070295",0
"ENSRNOG00000064363",0
"ENSRNOG00000064963",0
"ENSRNOG00000070955",0
"ENSRNOG00000063662",4
"ENSRNOG00000070379",0
"ENSRNOG00000069367",8
"ENSRNOG00000064955",449
"ENSRNOG00000062419",0
"ENSRNOG00000065584",0
"ENSRNOG00000062501",0
"ENSRNOG00000063222",0
"ENSRNOG00000064512",2
"ENSRNOG00000063566",0
"ENSRNOG00000067277",0
"ENSRNOG00000068851",0
"ENSRNOG00000069642",5
"ENSRNOG00000066196",0
"ENSRNOG00000068429",1
"ENSRNOG00000069049",4
"ENSRNOG00000066025",5
"ENSRNOG00000069437",14
"ENSRNOG00000070640",0
"ENSRNOG00000070962",3
"ENSRNOG00000067626",0
"ENSRNOG00000070503",179
"ENSRNOG00000067060",2
"ENSRNOG00000050251",0
"ENSRNOG00000037160",55
"ENSRNOG00000069505",0
"ENSRNOG00000064610",1
"ENSRNOG00000065609",0
"ENSRNOG00000058578",0
"ENSRNOG00000064265",0
"ENSRNOG00000067465",16
"ENSRNOG00000070243",1
"ENSRNOG00000064821",15
"ENSRNOG00000062653",152
"ENSRNOG00000063658",1
"ENSRNOG00000066318",27
"ENSRNOG00000065212",0
"ENSRNOG00000068360",11
"ENSRNOG00000069833",2
"ENSRNOG00000070304",2
"ENSRNOG00000069580",1
"ENSRNOG00000070087",1
"ENSRNOG00000065411",1167
"ENSRNOG00000067542",632
"ENSRNOG00000067833",9
"ENSRNOG00000070310",0
"ENSRNOG00000067192",226
"ENSRNOG00000069506",1
"ENSRNOG00000069954",0
"ENSRNOG00000070276",0
"ENSRNOG00000070155",1
"ENSRNOG00000071014",2
"ENSRNOG00000064629",0
"ENSRNOG00000064961",5292
"ENSRNOG00000064726",0
"ENSRNOG00000070322",0
"ENSRNOG00000068358",4
"ENSRNOG00000066754",23
"ENSRNOG00000063293",10
"ENSRNOG00000008845",0
"ENSRNOG00000056754",0
"ENSRNOG00000052433",0
"ENSRNOG00000069926",0
"ENSRNOG00000063989",0
"ENSRNOG00000067270",0
"ENSRNOG00000065838",5
"ENSRNOG00000064539",391
"ENSRNOG00000067187",227
"ENSRNOG00000063496",997
"ENSRNOG00000065916",2
"ENSRNOG00000066884",88
"ENSRNOG00000063689",3
"ENSRNOG00000065658",31
"ENSRNOG00000064296",0
"ENSRNOG00000063485",1
"ENSRNOG00000068542",1
"ENSRNOG00000063969",7
"ENSRNOG00000065889",1
"ENSRNOG00000067579",44
"ENSRNOG00000060921",0
"ENSRNOG00000062592",9
"ENSRNOG00000068361",0
"ENSRNOG00000060690",0
"ENSRNOG00000007189",9
"ENSRNOG00000010162",2
"ENSRNOG00000010169",467
"ENSRNOG00000043513",2
"ENSRNOG00000069046",0
"ENSRNOG00000062580",0
"ENSRNOG00000055704",0
"ENSRNOG00000059478",3
"ENSRNOG00000061098",0
"ENSRNOG00000063504",2
"ENSRNOG00000059967",0
"ENSRNOG00000061554",0
"ENSRNOG00000066362",3
"ENSRNOG00000070286",0
"ENSRNOG00000053078",0
"ENSRNOG00000030938",1
"ENSRNOG00000065607",0
"ENSRNOG00000061536",0
"ENSRNOG00000053163",8
"ENSRNOG00000061662",0
"ENSRNOG00000065760",21
"ENSRNOG00000061673",0
"ENSRNOG00000053219",0
"ENSRNOG00000058210",1
"ENSRNOG00000056999",0
"ENSRNOG00000058179",2
"ENSRNOG00000051842",0
"ENSRNOG00000054998",4
"ENSRNOG00000056882",0
"ENSRNOG00000053809",0
"ENSRNOG00000067577",0
"ENSRNOG00000060664",0
"ENSRNOG00000051511",0
"ENSRNOG00000057428",1
"ENSRNOG00000067580",3
"ENSRNOG00000067776",0
"ENSRNOG00000061368",0
"ENSRNOG00000013255",591
"ENSRNOG00000060425",0
"ENSRNOG00000055493",0
"ENSRNOG00000028841",0
"ENSRNOG00000070317",0
"ENSRNOG00000055928",0
"ENSRNOG00000066976",0
"ENSRNOG00000065002",0
"ENSRNOG00000067914",3
"ENSRNOG00000009983",1244
"ENSRNOG00000040424",0
"ENSRNOG00000063875",0
"ENSRNOG00000051524",1
"ENSRNOG00000049006",0
"ENSRNOG00000064797",0
"ENSRNOG00000041219",0
"ENSRNOG00000009138",0
"ENSRNOG00000070223",0
"ENSRNOG00000035508",0
"ENSRNOG00000064967",0
"ENSRNOG00000045994",0
"ENSRNOG00000060316",0
"ENSRNOG00000055618",0
"ENSRNOG00000035512",3
"ENSRNOG00000056677",0
"ENSRNOG00000010241",115
"ENSRNOG00000035640",1
"ENSRNOG00000054684",0
"ENSRNOG00000036266",0
"ENSRNOG00000064979",0
"ENSRNOG00000052476",0
"ENSRNOG00000035596",0
"ENSRNOG00000058642",0
"ENSRNOG00000044314",0
"ENSRNOG00000013085",0
"ENSRNOG00000054528",0
"ENSRNOG00000041320",0
"ENSRNOG00000059917",1
"ENSRNOG00000048754",0
"ENSRNOG00000069225",0
"ENSRNOG00000006926",0
"ENSRNOG00000055018",0
"ENSRNOG00000035595",0
"ENSRNOG00000052786",0
"ENSRNOG00000046923",0
"ENSRNOG00000068752",0
"ENSRNOG00000068070",0
"ENSRNOG00000035650",0
"ENSRNOG00000056403",0
"ENSRNOG00000059914",0
"ENSRNOG00000035623",0
"ENSRNOG00000067103",0
"ENSRNOG00000054422",0
"ENSRNOG00000041305",0
"ENSRNOG00000066353",0
"ENSRNOG00000035567",0
"ENSRNOG00000061149",0
"ENSRNOG00000046115",0
"ENSRNOG00000061771",0
"ENSRNOG00000051720",726
"ENSRNOG00000053189",0
"ENSRNOG00000035606",8
"ENSRNOG00000008025",3
"ENSRNOG00000057640",0
"ENSRNOG00000035599",1
"ENSRNOG00000067716",0
"ENSRNOG00000060236",0
"ENSRNOG00000007675",77
"ENSRNOG00000063328",0
"ENSRNOG00000068470",0
"ENSRNOG00000007229",12
"ENSRNOG00000052195",0
"ENSRNOG00000064286",0
"ENSRNOG00000054051",0
"ENSRNOG00000053278",1
"ENSRNOG00000060871",0
"ENSRNOG00000012879",104
"ENSRNOG00000051940",0
"ENSRNOG00000060522",0
"ENSRNOG00000067562",0
"ENSRNOG00000054365",1
"ENSRNOG00000025145",79
"ENSRNOG00000049425",0
"ENSRNOG00000064116",0
"ENSRNOG00000052446",0
"ENSRNOG00000063781",111
"ENSRNOG00000060467",0
"ENSRNOG00000061397",0
"ENSRNOG00000068199",0
"ENSRNOG00000070443",0
"ENSRNOG00000064250",0
"ENSRNOG00000012266",310
"ENSRNOG00000006328",664
"ENSRNOG00000070552",0
"ENSRNOG00000025051",1
"ENSRNOG00000061361",8
"ENSRNOG00000067578",0
"ENSRNOG00000070652",0
"ENSRNOG00000071090",0
"ENSRNOG00000008161",0
"ENSRNOG00000060295",0
"ENSRNOG00000057993",0
"ENSRNOG00000056153",44
"ENSRNOG00000063748",0
"ENSRNOG00000054324",0
"ENSRNOG00000010531",3
"ENSRNOG00000059280",0
"ENSRNOG00000063402",0
"ENSRNOG00000068750",0
"ENSRNOG00000055378",0
"ENSRNOG00000059686",1
"ENSRNOG00000016183",290
"ENSRNOG00000065603",306
"ENSRNOG00000055936",516
"ENSRNOG00000064382",1
"ENSRNOG00000059798",1
"ENSRNOG00000066864",6
"ENSRNOG00000070292",7
"ENSRNOG00000008382",271
"ENSRNOG00000068236",0
"ENSRNOG00000062709",49
"ENSRNOG00000065785",1
"ENSRNOG00000063873",0
"ENSRNOG00000069586",0
"ENSRNOG00000065329",0
"ENSRNOG00000057838",0
"ENSRNOG00000067608",0
"ENSRNOG00000070149",0
"ENSRNOG00000063551",30
"ENSRNOG00000068006",0
"ENSRNOG00000056039",0
"ENSRNOG00000010381",1218
"ENSRNOG00000068519",0
"ENSRNOG00000054425",0
"ENSRNOG00000007683",0
"ENSRNOG00000025040",0
"ENSRNOG00000060535",0
"ENSRNOG00000066962",0
"ENSRNOG00000066924",0
"ENSRNOG00000060848",0
"ENSRNOG00000065088",5
"ENSRNOG00000008516",2894
"ENSRNOG00000006110",33
"ENSRNOG00000053973",0
"ENSRNOG00000069758",40
"ENSRNOG00000011804",1322
"ENSRNOG00000061024",10
"ENSRNOG00000066522",0
"ENSRNOG00000062403",2
"ENSRNOG00000055005",2
"ENSRNOG00000006681",99
"ENSRNOG00000070528",0
"ENSRNOG00000066444",28
"ENSRNOG00000064139",0
"ENSRNOG00000033165",0
"ENSRNOG00000059832",0
"ENSRNOG00000063319",38
"ENSRNOG00000007719",876
"ENSRNOG00000066993",0
"ENSRNOG00000007770",0
"ENSRNOG00000047310",1
"ENSRNOG00000068991",239
"ENSRNOG00000068451",0
"ENSRNOG00000066278",0
"ENSRNOG00000065788",0
"ENSRNOG00000063510",17
"ENSRNOG00000028991",13
"ENSRNOG00000063594",164
"ENSRNOG00000007759",22
"ENSRNOG00000068735",0
"ENSRNOG00000068879",0
"ENSRNOG00000018143",21
"ENSRNOG00000063580",0
"ENSRNOG00000066487",0
"ENSRNOG00000056532",702
"ENSRNOG00000028185",349
"ENSRNOG00000066671",13
"ENSRNOG00000068591",0
"ENSRNOG00000008600",28
"ENSRNOG00000069281",10
"ENSRNOG00000063479",0
"ENSRNOG00000066255",0
"ENSRNOG00000066634",1
"ENSRNOG00000067801",0
"ENSRNOG00000064000",0
"ENSRNOG00000007354",0
"ENSRNOG00000069384",2413
"ENSRNOG00000062975",0
"ENSRNOG00000009505",3
"ENSRNOG00000068880",4
"ENSRNOG00000067935",0
"ENSRNOG00000008688",387
"ENSRNOG00000068456",0
"ENSRNOG00000066045",0
"ENSRNOG00000065403",1
"ENSRNOG00000066878",0
"ENSRNOG00000069665",12
"ENSRNOG00000010910",283
"ENSRNOG00000069166",0
"ENSRNOG00000070508",0
"ENSRNOG00000062393",0
"ENSRNOG00000065940",0
"ENSRNOG00000063543",0
"ENSRNOG00000055591",0
"ENSRNOG00000008782",843
"ENSRNOG00000064374",0
"ENSRNOG00000069409",0
"ENSRNOG00000065324",0
"ENSRNOG00000008936",365
"ENSRNOG00000069541",4
"ENSRNOG00000032078",0
"ENSRNOG00000063242",0
"ENSRNOG00000063258",0
"ENSRNOG00000066220",52
"ENSRNOG00000046607",12
"ENSRNOG00000007258",15
"ENSRNOG00000066184",54
"ENSRNOG00000047686",0
"ENSRNOG00000063439",75
"ENSRNOG00000000121",508
"ENSRNOG00000034246",7584
"ENSRNOG00000032889",0
"ENSRNOG00000007441",1
"ENSRNOG00000054734",0
"ENSRNOG00000067062",0
"ENSRNOG00000029310",9
"ENSRNOG00000071125",0
"ENSRNOG00000067032",0
"ENSRNOG00000066117",4756
"ENSRNOG00000063856",12
"ENSRNOG00000017773",2
"ENSRNOG00000066395",0
"ENSRNOG00000008564",627
"ENSRNOG00000031506",5322
"ENSRNOG00000065404",3
"ENSRNOG00000007680",0
"ENSRNOG00000037680",0
"ENSRNOG00000070659",0
"ENSRNOG00000070457",4553
"ENSRNOG00000069843",6
"ENSRNOG00000049874",0
"ENSRNOG00000068341",6
"ENSRNOG00000008626",1519
"ENSRNOG00000063257",0
"ENSRNOG00000049922",0
"ENSRNOG00000071094",0
"ENSRNOG00000067091",0
"ENSRNOG00000063071",0
"ENSRNOG00000060478",614
"ENSRNOG00000071192",0
"ENSRNOG00000046922",1180
"ENSRNOG00000008842",0
"ENSRNOG00000068391",867
"ENSRNOG00000071031",0
"ENSRNOG00000007831",545
"ENSRNOG00000062662",4
"ENSRNOG00000042458",179
"ENSRNOG00000071088",44
"ENSRNOG00000012038",0
"ENSRNOG00000063943",0
"ENSRNOG00000064932",1
"ENSRNOG00000043113",1
"ENSRNOG00000064700",1
"ENSRNOG00000064894",0
"ENSRNOG00000070717",0
"ENSRNOG00000012219",483
"ENSRNOG00000045949",11
"ENSRNOG00000062536",2
"ENSRNOG00000065776",37
"ENSRNOG00000017244",0
"ENSRNOG00000005641",302
"ENSRNOG00000071131",6415
"ENSRNOG00000065587",212
"ENSRNOG00000071148",9203
"ENSRNOG00000069669",1
"ENSRNOG00000068731",1
"ENSRNOG00000010835",0
"ENSRNOG00000051047",22
"ENSRNOG00000070278",0
"ENSRNOG00000021792",0
"ENSRNOG00000063719",0
"ENSRNOG00000033916",2377
"ENSRNOG00000007506",244
"ENSRNOG00000064157",0
"ENSRNOG00000012586",0
"ENSRNOG00000027694",9795
"ENSRNOG00000065568",6
"ENSRNOG00000042411",211
"ENSRNOG00000069740",20
"ENSRNOG00000006487",350
"ENSRNOG00000036856",6
"ENSRNOG00000042163",867
"ENSRNOG00000064108",0
"ENSRNOG00000007238",4655
"ENSRNOG00000019979",208
"ENSRNOG00000063187",755
"ENSRNOG00000062174",5
"ENSRNOG00000065116",1
"ENSRNOG00000007291",90
"ENSRNOG00000018463",0
"ENSRNOG00000063833",0
"ENSRNOG00000068683",0
"ENSRNOG00000063501",1
"ENSRNOG00000007030",5
"ENSRNOG00000070287",0
"ENSRNOG00000018484",208
"ENSRNOG00000065369",2
"ENSRNOG00000063569",3
"ENSRNOG00000070716",0
"ENSRNOG00000068829",0
"ENSRNOG00000067678",0
"ENSRNOG00000012020",84
"ENSRNOG00000069266",17
"ENSRNOG00000007540",0
"ENSRNOG00000062968",1013
"ENSRNOG00000007331",356
"ENSRNOG00000062715",7
"ENSRNOG00000065287",2
"ENSRNOG00000046192",17
"ENSRNOG00000048439",668
"ENSRNOG00000069724",1
"ENSRNOG00000009451",351
"ENSRNOG00000064153",3
"ENSRNOG00000064042",1
"ENSRNOG00000007434",4255
"ENSRNOG00000066906",18
"ENSRNOG00000063477",59
"ENSRNOG00000007590",555
"ENSRNOG00000063488",0
"ENSRNOG00000066697",0
"ENSRNOG00000064176",238
"ENSRNOG00000068084",4
"ENSRNOG00000012550",3841
"ENSRNOG00000069958",0
"ENSRNOG00000058154",0
"ENSRNOG00000070888",0
"ENSRNOG00000064753",0
"ENSRNOG00000070541",0
"ENSRNOG00000070598",0
"ENSRNOG00000067358",56
"ENSRNOG00000032585",2668
"ENSRNOG00000011254",1230
"ENSRNOG00000008841",88
"ENSRNOG00000065972",12
"ENSRNOG00000005724",1464
"ENSRNOG00000064544",0
"ENSRNOG00000064551",0
"ENSRNOG00000007975",1608
"ENSRNOG00000067611",0
"ENSRNOG00000062955",0
"ENSRNOG00000067704",0
"ENSRNOG00000052948",67
"ENSRNOG00000067333",0
"ENSRNOG00000013642",2717
"ENSRNOG00000064319",0
"ENSRNOG00000070584",7
"ENSRNOG00000011445",415
"ENSRNOG00000067238",0
"ENSRNOG00000068530",3
"ENSRNOG00000065945",3
"ENSRNOG00000059973",0
"ENSRNOG00000066780",0
"ENSRNOG00000065288",604
"ENSRNOG00000069893",429
"ENSRNOG00000066276",1
"ENSRNOG00000040289",0
"ENSRNOG00000007755",6
"ENSRNOG00000013148",27
"ENSRNOG00000062404",571
"ENSRNOG00000068376",0
"ENSRNOG00000007797",297
"ENSRNOG00000069984",0
"ENSRNOG00000068659",0
"ENSRNOG00000064858",0
"ENSRNOG00000023101",268
"ENSRNOG00000071116",0
"ENSRNOG00000068170",0
"ENSRNOG00000070502",0
"ENSRNOG00000071155",2
"ENSRNOG00000067292",0
"ENSRNOG00000008634",591
"ENSRNOG00000065105",0
"ENSRNOG00000070783",53
"ENSRNOG00000067855",14
"ENSRNOG00000063712",0
"ENSRNOG00000067636",0
"ENSRNOG00000047513",714
"ENSRNOG00000064562",113
"ENSRNOG00000062079",11
"ENSRNOG00000071173",3
"ENSRNOG00000060450",0
"ENSRNOG00000008966",5
"ENSRNOG00000064724",1
"ENSRNOG00000068740",0
"ENSRNOG00000067820",0
"ENSRNOG00000065982",0
"ENSRNOG00000059476",0
"ENSRNOG00000067531",0
"ENSRNOG00000027183",416
"ENSRNOG00000064331",33
"ENSRNOG00000006996",170
"ENSRNOG00000066491",21
"ENSRNOG00000043105",749
"ENSRNOG00000063463",0
"ENSRNOG00000007829",668
"ENSRNOG00000065799",83
"ENSRNOG00000068430",0
"ENSRNOG00000057956",0
"ENSRNOG00000057229",0
"ENSRNOG00000051643",0
"ENSRNOG00000007110",154
"ENSRNOG00000007892",4869
"ENSRNOG00000010037",1036
"ENSRNOG00000007793",1159
"ENSRNOG00000009478",281
"ENSRNOG00000023601",0
"ENSRNOG00000009037",2482
"ENSRNOG00000067966",181
"ENSRNOG00000007867",438
"ENSRNOG00000006608",461
"ENSRNOG00000031730",335
"ENSRNOG00000006478",0
"ENSRNOG00000007240",160
"ENSRNOG00000009269",0
"ENSRNOG00000007640",0
"ENSRNOG00000040219",0
"ENSRNOG00000066186",374
"ENSRNOG00000069967",780
"ENSRNOG00000008567",1
"ENSRNOG00000069142",1
"ENSRNOG00000033979",4565
"ENSRNOG00000005634",0
"ENSRNOG00000069549",574
"ENSRNOG00000071120",0
"ENSRNOG00000069171",0
"ENSRNOG00000009178",0
"ENSRNOG00000063836",0
"ENSRNOG00000023035",134
"ENSRNOG00000064371",0
"ENSRNOG00000049469",0
"ENSRNOG00000069296",1
"ENSRNOG00000067156",0
"ENSRNOG00000063545",0
"ENSRNOG00000006170",9
"ENSRNOG00000031494",1
"ENSRNOG00000048698",2865
"ENSRNOG00000070664",37
"ENSRNOG00000039336",219
"ENSRNOG00000070326",105
"ENSRNOG00000031031",883
"ENSRNOG00000070923",18
"ENSRNOG00000068697",0
"ENSRNOG00000014831",0
"ENSRNOG00000019186",284
"ENSRNOG00000009061",0
"ENSRNOG00000013579",8156
"ENSRNOG00000051615",1812
"ENSRNOG00000023497",1
"ENSRNOG00000063372",0
"ENSRNOG00000007490",7
"ENSRNOG00000067730",0
"ENSRNOG00000018160",6
"ENSRNOG00000005666",0
"ENSRNOG00000065946",103
"ENSRNOG00000054142",0
"ENSRNOG00000029600",1
"ENSRNOG00000008232",0
"ENSRNOG00000034161",13
"ENSRNOG00000018211",386
"ENSRNOG00000063835",7
"ENSRNOG00000042246",0
"ENSRNOG00000016621",3
"ENSRNOG00000017640",1580
"ENSRNOG00000009453",250
"ENSRNOG00000062493",1
"ENSRNOG00000014899",5
"ENSRNOG00000022990",1
"ENSRNOG00000016727",6109
"ENSRNOG00000047928",537
"ENSRNOG00000030383",26
"ENSRNOG00000031344",0
"ENSRNOG00000030914",0
"ENSRNOG00000005849",2282
"ENSRNOG00000022595",0
"ENSRNOG00000033024",13873
"ENSRNOG00000063583",0
"ENSRNOG00000017194",3027
"ENSRNOG00000006268",0
"ENSRNOG00000063201",0
"ENSRNOG00000014665",1148
"ENSRNOG00000068703",0
"ENSRNOG00000006384",719
"ENSRNOG00000069770",0
"ENSRNOG00000019484",1745
"ENSRNOG00000064351",0
"ENSRNOG00000050804",0
"ENSRNOG00000016491",0
"ENSRNOG00000063625",0
"ENSRNOG00000063142",20
"ENSRNOG00000066857",0
"ENSRNOG00000033600",0
"ENSRNOG00000065583",0
"ENSRNOG00000019586",3
"ENSRNOG00000008223",0
"ENSRNOG00000066328",25
"ENSRNOG00000050106",141
"ENSRNOG00000024197",229
"ENSRNOG00000017233",245
"ENSRNOG00000064831",120
"ENSRNOG00000070321",0
"ENSRNOG00000019609",469
"ENSRNOG00000065328",0
"ENSRNOG00000026293",1904
"ENSRNOG00000055933",2
"ENSRNOG00000006485",732
"ENSRNOG00000032516",123
"ENSRNOG00000059550",338
"ENSRNOG00000056007",0
"ENSRNOG00000069822",566
"ENSRNOG00000030107",10218
"ENSRNOG00000022953",37
"ENSRNOG00000063150",131
"ENSRNOG00000024539",2209
"ENSRNOG00000064901",157
"ENSRNOG00000026234",0
"ENSRNOG00000022838",200
"ENSRNOG00000059461",2947
"ENSRNOG00000019655",708
"ENSRNOG00000008252",6
"ENSRNOG00000016776",73
"ENSRNOG00000017282",80
"ENSRNOG00000008277",967
"ENSRNOG00000009805",1816
"ENSRNOG00000008672",509
"ENSRNOG00000018229",4
"ENSRNOG00000067271",1
"ENSRNOG00000026676",0
"ENSRNOG00000017561",165
"ENSRNOG00000031013",0
"ENSRNOG00000010727",3157
"ENSRNOG00000022030",34
"ENSRNOG00000045913",598
"ENSRNOG00000016937",2320
"ENSRNOG00000017887",81
"ENSRNOG00000017078",12015
"ENSRNOG00000025034",530
"ENSRNOG00000067890",46
"ENSRNOG00000052368",0
"ENSRNOG00000057957",7
"ENSRNOG00000046803",0
"ENSRNOG00000019381",1139
"ENSRNOG00000009015",1831
"ENSRNOG00000069459",1
"ENSRNOG00000015403",0
"ENSRNOG00000064482",0
"ENSRNOG00000019407",189
"ENSRNOG00000009595",122
"ENSRNOG00000016312",0
"ENSRNOG00000029079",743
"ENSRNOG00000023320",2
"ENSRNOG00000017523",412
"ENSRNOG00000062581",0
"ENSRNOG00000033984",407
"ENSRNOG00000019842",43
"ENSRNOG00000007982",1688
"ENSRNOG00000063399",0
"ENSRNOG00000023452",6
"ENSRNOG00000030641",1
"ENSRNOG00000056156",691
"ENSRNOG00000019735",121
"ENSRNOG00000052087",2802
"ENSRNOG00000069856",4379
"ENSRNOG00000018602",48
"ENSRNOG00000037027",0
"ENSRNOG00000019100",169
"ENSRNOG00000016810",571
"ENSRNOG00000068711",3
"ENSRNOG00000007029",1803
"ENSRNOG00000009422",236
"ENSRNOG00000014961",656
"ENSRNOG00000007775",2767
"ENSRNOG00000024796",420
"ENSRNOG00000032994",4
"ENSRNOG00000037030",0
"ENSRNOG00000018749",1
"ENSRNOG00000024012",152
"ENSRNOG00000007671",459
"ENSRNOG00000033000",0
"ENSRNOG00000019236",429
"ENSRNOG00000014270",2149
"ENSRNOG00000015736",6
"ENSRNOG00000039559",514
"ENSRNOG00000056358",2
"ENSRNOG00000019843",331
"ENSRNOG00000066331",6
"ENSRNOG00000055061",4
"ENSRNOG00000026124",2823
"ENSRNOG00000023208",670
"ENSRNOG00000025030",270
"ENSRNOG00000060597",419
"ENSRNOG00000062943",203
"ENSRNOG00000012004",737
"ENSRNOG00000026260",6649
"ENSRNOG00000014642",29
"ENSRNOG00000027278",248
"ENSRNOG00000019956",1715
"ENSRNOG00000014970",12
"ENSRNOG00000016543",364
"ENSRNOG00000063317",0
"ENSRNOG00000012735",61
"ENSRNOG00000017087",575
"ENSRNOG00000034290",0
"ENSRNOG00000005655",53
"ENSRNOG00000007232",0
"ENSRNOG00000070725",2199
"ENSRNOG00000015476",36
"ENSRNOG00000000129",39
"ENSRNOG00000025000",730
"ENSRNOG00000007603",3
"ENSRNOG00000015967",2569
"ENSRNOG00000005703",1255
"ENSRNOG00000037191",0
"ENSRNOG00000013734",2
"ENSRNOG00000043300",0
"ENSRNOG00000008288",903
"ENSRNOG00000009260",0
"ENSRNOG00000023455",1486
"ENSRNOG00000023627",1
"ENSRNOG00000009325",2118
"ENSRNOG00000008314",447
"ENSRNOG00000017130",3
"ENSRNOG00000013820",0
"ENSRNOG00000029427",9
"ENSRNOG00000066284",0
"ENSRNOG00000022402",1183
"ENSRNOG00000008643",150
"ENSRNOG00000006924",0
"ENSRNOG00000016536",144
"ENSRNOG00000021718",632
"ENSRNOG00000050636",527
"ENSRNOG00000007037",4
"ENSRNOG00000007992",1884
"ENSRNOG00000010270",4
"ENSRNOG00000027731",0
"ENSRNOG00000008908",504
"ENSRNOG00000016647",0
"ENSRNOG00000045760",604
"ENSRNOG00000016798",0
"ENSRNOG00000022372",1431
"ENSRNOG00000000145",559
"ENSRNOG00000010409",721
"ENSRNOG00000070268",517
"ENSRNOG00000013825",57
"ENSRNOG00000013320",3
"ENSRNOG00000009248",0
"ENSRNOG00000006499",834
"ENSRNOG00000009686",0
"ENSRNOG00000012807",0
"ENSRNOG00000009797",4
"ENSRNOG00000014226",0
"ENSRNOG00000016826",0
"ENSRNOG00000011910",297
"ENSRNOG00000013416",1
"ENSRNOG00000042596",0
"ENSRNOG00000016838",4
"ENSRNOG00000000151",169
"ENSRNOG00000005391",194
"ENSRNOG00000022257",0
"ENSRNOG00000006582",170
"ENSRNOG00000016945",0
"ENSRNOG00000049714",146
"ENSRNOG00000047741",76
"ENSRNOG00000064027",160
"ENSRNOG00000058476",1565
"ENSRNOG00000009535",839
"ENSRNOG00000013536",12276
"ENSRNOG00000052668",1
"ENSRNOG00000022288",165
"ENSRNOG00000014604",2205
"ENSRNOG00000015079",5289
"ENSRNOG00000006804",0
"ENSRNOG00000011258",104
"ENSRNOG00000017309",2332
"ENSRNOG00000047307",0
"ENSRNOG00000017528",9
"ENSRNOG00000005375",0
"ENSRNOG00000042032",0
"ENSRNOG00000016782",1
"ENSRNOG00000015385",1238
"ENSRNOG00000037165",110
"ENSRNOG00000000130",695
"ENSRNOG00000022012",3
"ENSRNOG00000012455",865
"ENSRNOG00000022601",0
"ENSRNOG00000007294",0
"ENSRNOG00000013954",10
"ENSRNOG00000031448",1
"ENSRNOG00000014208",427
"ENSRNOG00000053729",498
"ENSRNOG00000012944",310
"ENSRNOG00000007097",37
"ENSRNOG00000015677",64
"ENSRNOG00000006980",778
"ENSRNOG00000007083",231
"ENSRNOG00000033153",31
"ENSRNOG00000013628",18
"ENSRNOG00000014445",4107
"ENSRNOG00000014986",3335
"ENSRNOG00000058156",453
"ENSRNOG00000021669",196
"ENSRNOG00000007763",8911
"ENSRNOG00000014909",5
"ENSRNOG00000054217",0
"ENSRNOG00000017024",43
"ENSRNOG00000037091",0
"ENSRNOG00000012531",1
"ENSRNOG00000021702",190
"ENSRNOG00000021619",0
"ENSRNOG00000013498",257
"ENSRNOG00000016010",313
"ENSRNOG00000049052",278
"ENSRNOG00000066137",1
"ENSRNOG00000067661",170
"ENSRNOG00000013566",0
"ENSRNOG00000007568",1234
"ENSRNOG00000015264",0
"ENSRNOG00000011794",385
"ENSRNOG00000018118",279
"ENSRNOG00000013036",0
"ENSRNOG00000037039",0
"ENSRNOG00000017899",1
"ENSRNOG00000018338",72
"ENSRNOG00000070170",1388
"ENSRNOG00000011078",2422
"ENSRNOG00000012804",0
"ENSRNOG00000067651",0
"ENSRNOG00000017979",229
"ENSRNOG00000012593",0
"ENSRNOG00000029152",929
"ENSRNOG00000024139",336
"ENSRNOG00000010902",2637
"ENSRNOG00000037595",152
"ENSRNOG00000006950",2
"ENSRNOG00000017075",204
"ENSRNOG00000018097",1722
"ENSRNOG00000023216",194
"ENSRNOG00000022054",184
"ENSRNOG00000014044",148
"ENSRNOG00000018109",12731
"ENSRNOG00000017279",2032
"ENSRNOG00000055340",3824
"ENSRNOG00000016454",392
"ENSRNOG00000016249",425
"ENSRNOG00000018183",7775
"ENSRNOG00000016638",3606
"ENSRNOG00000054155",0
"ENSRNOG00000015480",88
"ENSRNOG00000018194",2951
"ENSRNOG00000010953",561
"ENSRNOG00000033792",101
"ENSRNOG00000008489",74
"ENSRNOG00000033722",51
"ENSRNOG00000068760",0
"ENSRNOG00000062859",5
"ENSRNOG00000007330",3094
"ENSRNOG00000056374",208
"ENSRNOG00000046174",0
"ENSRNOG00000069581",217
"ENSRNOG00000059428",17
"ENSRNOG00000008625",2
"ENSRNOG00000019864",3
"ENSRNOG00000018576",71
"ENSRNOG00000012274",871
"ENSRNOG00000017829",1214
"ENSRNOG00000065157",0
"ENSRNOG00000018375",224
"ENSRNOG00000036951",0
"ENSRNOG00000017212",1093
"ENSRNOG00000033231",0
"ENSRNOG00000009615",1605
"ENSRNOG00000014241",2684
"ENSRNOG00000023786",1376
"ENSRNOG00000008075",249
"ENSRNOG00000057616",4
"ENSRNOG00000009589",35
"ENSRNOG00000022225",0
"ENSRNOG00000016443",1625
"ENSRNOG00000037079",0
"ENSRNOG00000036876",117
"ENSRNOG00000042224",0
"ENSRNOG00000037977",0
"ENSRNOG00000019758",517
"ENSRNOG00000007779",1
"ENSRNOG00000046424",1137
"ENSRNOG00000010719",1189
"ENSRNOG00000016313",271
"ENSRNOG00000008907",61
"ENSRNOG00000012724",468
"ENSRNOG00000008553",445
"ENSRNOG00000016936",3667
"ENSRNOG00000014368",2937
"ENSRNOG00000023895",1
"ENSRNOG00000022039",87
"ENSRNOG00000017706",87
"ENSRNOG00000010109",975
"ENSRNOG00000026226",0
"ENSRNOG00000008619",433
"ENSRNOG00000007284",1815
"ENSRNOG00000045738",174
"ENSRNOG00000017895",555
"ENSRNOG00000067146",0
"ENSRNOG00000006137",2332
"ENSRNOG00000007398",154
"ENSRNOG00000054188",0
"ENSRNOG00000016047",4993
"ENSRNOG00000000156",17
"ENSRNOG00000067831",2
"ENSRNOG00000049761",1
"ENSRNOG00000000335",0
"ENSRNOG00000009058",2
"ENSRNOG00000009116",193
"ENSRNOG00000007404",181
"ENSRNOG00000013745",4
"ENSRNOG00000008141",2
"ENSRNOG00000006658",1
"ENSRNOG00000008176",0
"ENSRNOG00000027455",212
"ENSRNOG00000009183",2415
"ENSRNOG00000009782",80
"ENSRNOG00000063940",1
"ENSRNOG00000016949",168
"ENSRNOG00000017780",1130
"ENSRNOG00000047967",56
"ENSRNOG00000043039",0
"ENSRNOG00000013474",167
"ENSRNOG00000009222",247
"ENSRNOG00000048139",0
"ENSRNOG00000050670",1
"ENSRNOG00000013166",0
"ENSRNOG00000069853",0
"ENSRNOG00000016392",155
"ENSRNOG00000007067",0
"ENSRNOG00000023346",86
"ENSRNOG00000065422",0
"ENSRNOG00000029449",635
"ENSRNOG00000007574",4
"ENSRNOG00000009708",22
"ENSRNOG00000070363",29
"ENSRNOG00000057626",5371
"ENSRNOG00000006855",2
"ENSRNOG00000063088",71
"ENSRNOG00000008767",447
"ENSRNOG00000070082",1
"ENSRNOG00000062461",165
"ENSRNOG00000023008",4
"ENSRNOG00000016553",0
"ENSRNOG00000049402",1498
"ENSRNOG00000008802",834
"ENSRNOG00000063649",98
"ENSRNOG00000052887",11
"ENSRNOG00000010436",215
"ENSRNOG00000070045",17
"ENSRNOG00000017037",55
"ENSRNOG00000009712",258
"ENSRNOG00000050849",1003
"ENSRNOG00000016398",3710
"ENSRNOG00000010067",748
"ENSRNOG00000026840",145
"ENSRNOG00000006357",1217
"ENSRNOG00000009575",293
"ENSRNOG00000068633",0
"ENSRNOG00000016575",36
"ENSRNOG00000021437",23275
"ENSRNOG00000020199",146
"ENSRNOG00000016846",166
"ENSRNOG00000065066",0
"ENSRNOG00000015850",0
"ENSRNOG00000020205",1663
"ENSRNOG00000022406",0
"ENSRNOG00000010580",614
"ENSRNOG00000023664",38
"ENSRNOG00000064661",0
"ENSRNOG00000069527",0
"ENSRNOG00000005801",965
"ENSRNOG00000042808",0
"ENSRNOG00000017213",545
"ENSRNOG00000049025",173
"ENSRNOG00000012315",4
"ENSRNOG00000049788",0
"ENSRNOG00000069037",0
"ENSRNOG00000010873",1074
"ENSRNOG00000068215",0
"ENSRNOG00000045614",0
"ENSRNOG00000012503",699
"ENSRNOG00000068816",353
"ENSRNOG00000014305",496
"ENSRNOG00000017564",260
"ENSRNOG00000006972",161
"ENSRNOG00000013783",697
"ENSRNOG00000022967",552
"ENSRNOG00000015962",302
"ENSRNOG00000012749",0
"ENSRNOG00000009046",221
"ENSRNOG00000033522",1306
"ENSRNOG00000017477",30
"ENSRNOG00000008953",0
"ENSRNOG00000016200",434
"ENSRNOG00000033503",9
"ENSRNOG00000021355",0
"ENSRNOG00000010332",846
"ENSRNOG00000065253",2363
"ENSRNOG00000009889",1452
"ENSRNOG00000021814",7
"ENSRNOG00000010718",299
"ENSRNOG00000013602",1217
"ENSRNOG00000028082",1
"ENSRNOG00000024707",2
"ENSRNOG00000007575",0
"ENSRNOG00000016725",1162
"ENSRNOG00000068401",0
"ENSRNOG00000017693",0
"ENSRNOG00000014805",116
"ENSRNOG00000033271",154
"ENSRNOG00000006327",2798
"ENSRNOG00000062605",56
"ENSRNOG00000069151",0
"ENSRNOG00000051912",0
"ENSRNOG00000017401",81
"ENSRNOG00000010532",716
"ENSRNOG00000005905",318
"ENSRNOG00000051164",0
"ENSRNOG00000011970",14
"ENSRNOG00000046227",1514
"ENSRNOG00000053942",0
"ENSRNOG00000053013",0
"ENSRNOG00000010593",109
"ENSRNOG00000037035",0
"ENSRNOG00000006543",0
"ENSRNOG00000008345",604
"ENSRNOG00000049959",0
"ENSRNOG00000026594",0
"ENSRNOG00000018126",801
"ENSRNOG00000066917",0
"ENSRNOG00000036942",62
"ENSRNOG00000007967",1363
"ENSRNOG00000018691",2086
"ENSRNOG00000026299",568
"ENSRNOG00000069865",237
"ENSRNOG00000014197",28
"ENSRNOG00000056688",0
"ENSRNOG00000037795",42
"ENSRNOG00000023152",275
"ENSRNOG00000058186",911
"ENSRNOG00000005721",0
"ENSRNOG00000007214",110
"ENSRNOG00000010893",0
"ENSRNOG00000008052",274
"ENSRNOG00000070860",0
"ENSRNOG00000026271",1071
"ENSRNOG00000019244",9539
"ENSRNOG00000023100",0
"ENSRNOG00000050137",0
"ENSRNOG00000052071",0
"ENSRNOG00000067134",0
"ENSRNOG00000070793",0
"ENSRNOG00000019423",203
"ENSRNOG00000008257",1
"ENSRNOG00000026782",1
"ENSRNOG00000064729",0
"ENSRNOG00000032048",565
"ENSRNOG00000013603",204
"ENSRNOG00000006999",171
"ENSRNOG00000012163",795
"ENSRNOG00000067901",10
"ENSRNOG00000018289",795
"ENSRNOG00000006644",838
"ENSRNOG00000022325",306
"ENSRNOG00000018413",707
"ENSRNOG00000008427",1300
"ENSRNOG00000065119",0
"ENSRNOG00000030055",3715
"ENSRNOG00000007175",1566
"ENSRNOG00000026613",0
"ENSRNOG00000019981",1700
"ENSRNOG00000070661",0
"ENSRNOG00000024526",4
"ENSRNOG00000042820",0
"ENSRNOG00000003334",335
"ENSRNOG00000020106",10
"ENSRNOG00000033556",2997
"ENSRNOG00000011504",2002
"ENSRNOG00000007968",998
"ENSRNOG00000005802",2546
"ENSRNOG00000008911",1
"ENSRNOG00000060381",6469
"ENSRNOG00000022307",295
"ENSRNOG00000016618",0
"ENSRNOG00000067307",0
"ENSRNOG00000031641",297
"ENSRNOG00000006280",13
"ENSRNOG00000009134",453
"ENSRNOG00000062447",0
"ENSRNOG00000022890",0
"ENSRNOG00000023946",302
"ENSRNOG00000018393",0
"ENSRNOG00000011774",2067
"ENSRNOG00000019749",653
"ENSRNOG00000023812",113
"ENSRNOG00000007080",0
"ENSRNOG00000009217",607
"ENSRNOG00000065869",0
"ENSRNOG00000043331",0
"ENSRNOG00000027142",0
"ENSRNOG00000009298",99
"ENSRNOG00000069301",0
"ENSRNOG00000018647",656
"ENSRNOG00000014322",320
"ENSRNOG00000006087",703
"ENSRNOG00000058645",1118
"ENSRNOG00000009409",3
"ENSRNOG00000011157",8641
"ENSRNOG00000019589",3
"ENSRNOG00000022455",480
"ENSRNOG00000047341",0
"ENSRNOG00000065525",0
"ENSRNOG00000069832",0
"ENSRNOG00000066746",10123
"ENSRNOG00000059160",44
"ENSRNOG00000071075",0
"ENSRNOG00000065765",53
"ENSRNOG00000070308",0
"ENSRNOG00000043103",0
"ENSRNOG00000033740",128
"ENSRNOG00000068796",0
"ENSRNOG00000068147",0
"ENSRNOG00000010522",45
"ENSRNOG00000007799",0
"ENSRNOG00000008930",31
"ENSRNOG00000059876",177
"ENSRNOG00000062659",80
"ENSRNOG00000008334",18
"ENSRNOG00000033177",155
"ENSRNOG00000063954",0
"ENSRNOG00000007837",0
"ENSRNOG00000022694",199
"ENSRNOG00000028129",454
"ENSRNOG00000006503",0
"ENSRNOG00000065736",0
"ENSRNOG00000005932",702
"ENSRNOG00000007706",66
"ENSRNOG00000033567",24
"ENSRNOG00000010620",852
"ENSRNOG00000028063",562
"ENSRNOG00000061876",755
"ENSRNOG00000019712",463
"ENSRNOG00000007697",0
"ENSRNOG00000005882",177
"ENSRNOG00000011425",145
"ENSRNOG00000007410",0
"ENSRNOG00000016385",0
"ENSRNOG00000028064",3
"ENSRNOG00000007639",0
"ENSRNOG00000017485",0
"ENSRNOG00000022354",214
"ENSRNOG00000063741",6
"ENSRNOG00000050089",0
"ENSRNOG00000056550",0
"ENSRNOG00000027328",0
"ENSRNOG00000010490",1
"ENSRNOG00000066546",0
"ENSRNOG00000030447",192
"ENSRNOG00000018867",19
"ENSRNOG00000034242",9219
"ENSRNOG00000013850",0
"ENSRNOG00000027000",0
"ENSRNOG00000057945",106
"ENSRNOG00000007327",221
"ENSRNOG00000016137",3295
"ENSRNOG00000025261",89
"ENSRNOG00000061237",0
"ENSRNOG00000017940",4444
"ENSRNOG00000010636",111
"ENSRNOG00000065823",2
"ENSRNOG00000014263",0
"ENSRNOG00000009930",310
"ENSRNOG00000010859",784
"ENSRNOG00000018739",0
"ENSRNOG00000013656",30
"ENSRNOG00000009398",279
"ENSRNOG00000012081",5582
"ENSRNOG00000065031",1
"ENSRNOG00000021704",6
"ENSRNOG00000020132",0
"ENSRNOG00000009778",4473
"ENSRNOG00000016334",2065
"ENSRNOG00000015668",24
"ENSRNOG00000007890",357
"ENSRNOG00000036869",25
"ENSRNOG00000009897",35
"ENSRNOG00000020244",15
"ENSRNOG00000022751",0
"ENSRNOG00000042467",315
"ENSRNOG00000005788",286
"ENSRNOG00000015340",276
"ENSRNOG00000070391",16
"ENSRNOG00000020295",113
"ENSRNOG00000060520",1
"ENSRNOG00000025453",0
"ENSRNOG00000058870",2
"ENSRNOG00000020302",72
"ENSRNOG00000021392",444
"ENSRNOG00000016299",1519
"ENSRNOG00000008116",259
"ENSRNOG00000026447",0
"ENSRNOG00000020342",281
"ENSRNOG00000008001",583
"ENSRNOG00000023213",0
"ENSRNOG00000055089",1434
"ENSRNOG00000014777",513
"ENSRNOG00000005711",1899
"ENSRNOG00000008298",3616
"ENSRNOG00000008237",158
"ENSRNOG00000011268",5
"ENSRNOG00000064866",1
"ENSRNOG00000016692",599
"ENSRNOG00000016641",7
"ENSRNOG00000029073",0
"ENSRNOG00000013631",200
"ENSRNOG00000009751",4000
"ENSRNOG00000015105",2
"ENSRNOG00000064638",127
"ENSRNOG00000000138",33
"ENSRNOG00000033110",1975
"ENSRNOG00000015206",394
"ENSRNOG00000052062",1484
"ENSRNOG00000011550",56
"ENSRNOG00000017132",234
"ENSRNOG00000055994",516
"ENSRNOG00000010512",1860
"ENSRNOG00000024506",17
"ENSRNOG00000017324",7
"ENSRNOG00000008956",304
"ENSRNOG00000050790",1021
"ENSRNOG00000070688",658
"ENSRNOG00000015652",0
"ENSRNOG00000012443",1144
"ENSRNOG00000010518",11
"ENSRNOG00000066545",0
"ENSRNOG00000045733",0
"ENSRNOG00000015664",99
"ENSRNOG00000023112",8
"ENSRNOG00000009323",865
"ENSRNOG00000011644",12
"ENSRNOG00000011967",508
"ENSRNOG00000045843",851
"ENSRNOG00000025076",4079
"ENSRNOG00000071172",2
"ENSRNOG00000065204",5
"ENSRNOG00000022709",149
"ENSRNOG00000005850",0
"ENSRNOG00000017686",142
"ENSRNOG00000033445",56
"ENSRNOG00000014365",535
"ENSRNOG00000053611",0
"ENSRNOG00000007920",818
"ENSRNOG00000055086",0
"ENSRNOG00000069810",0
"ENSRNOG00000063841",0
"ENSRNOG00000057518",2
"ENSRNOG00000062415",542
"ENSRNOG00000070327",0
"ENSRNOG00000061044",0
"ENSRNOG00000064241",1
"ENSRNOG00000067423",0
"ENSRNOG00000066014",0
"ENSRNOG00000061464",0
"ENSRNOG00000067108",0
"ENSRNOG00000054072",0
"ENSRNOG00000069331",0
"ENSRNOG00000067518",0
"ENSRNOG00000059874",0
"ENSRNOG00000052679",2
"ENSRNOG00000015644",330
"ENSRNOG00000067166",0
"ENSRNOG00000009078",1567
"ENSRNOG00000054117",0
"ENSRNOG00000012068",2
"ENSRNOG00000059502",0
"ENSRNOG00000058032",0
"ENSRNOG00000024729",0
"ENSRNOG00000063466",0
"ENSRNOG00000056819",54
"ENSRNOG00000009148",46
"ENSRNOG00000061589",0
"ENSRNOG00000064587",0
"ENSRNOG00000059991",0
"ENSRNOG00000067185",0
"ENSRNOG00000058595",0
"ENSRNOG00000053132",0
"ENSRNOG00000056078",0
"ENSRNOG00000052030",0
"ENSRNOG00000067208",0
"ENSRNOG00000013110",661
"ENSRNOG00000069731",0
"ENSRNOG00000060290",5
"ENSRNOG00000011413",1451
"ENSRNOG00000055057",0
"ENSRNOG00000024501",2837
"ENSRNOG00000056467",0
"ENSRNOG00000060997",0
"ENSRNOG00000015991",1395
"ENSRNOG00000052060",0
"ENSRNOG00000053492",0
"ENSRNOG00000066112",0
"ENSRNOG00000060510",0
"ENSRNOG00000062891",0
"ENSRNOG00000064501",0
"ENSRNOG00000012794",96
"ENSRNOG00000070680",0
"ENSRNOG00000052471",0
"ENSRNOG00000008638",3
"ENSRNOG00000069073",0
"ENSRNOG00000063197",1615
"ENSRNOG00000052472",0
"ENSRNOG00000064056",0
"ENSRNOG00000032539",9
"ENSRNOG00000070918",0
"ENSRNOG00000059090",0
"ENSRNOG00000053733",0
"ENSRNOG00000054036",0
"ENSRNOG00000012726",352
"ENSRNOG00000056744",0
"ENSRNOG00000061141",0
"ENSRNOG00000070708",1
"ENSRNOG00000015866",262
"ENSRNOG00000033527",441
"ENSRNOG00000053139",0
"ENSRNOG00000047573",29
"ENSRNOG00000057202",0
"ENSRNOG00000062897",4
"ENSRNOG00000051370",0
"ENSRNOG00000052410",0
"ENSRNOG00000007894",787
"ENSRNOG00000070146",0
"ENSRNOG00000008712",243
"ENSRNOG00000064403",0
"ENSRNOG00000070211",0
"ENSRNOG00000052950",0
"ENSRNOG00000058607",0
"ENSRNOG00000042047",0
"ENSRNOG00000052605",0
"ENSRNOG00000065792",0
"ENSRNOG00000057589",1577
"ENSRNOG00000067547",1
"ENSRNOG00000054162",0
"ENSRNOG00000014869",44
"ENSRNOG00000053071",9
"ENSRNOG00000063480",0
"ENSRNOG00000070465",0
"ENSRNOG00000068351",1
"ENSRNOG00000051625",0
"ENSRNOG00000063827",0
"ENSRNOG00000060805",0
"ENSRNOG00000062669",0
"ENSRNOG00000059204",0
"ENSRNOG00000070597",0
"ENSRNOG00000057829",9
"ENSRNOG00000066956",12
"ENSRNOG00000068171",0
"ENSRNOG00000070803",1
"ENSRNOG00000008512",419
"ENSRNOG00000053308",0
"ENSRNOG00000052221",0
"ENSRNOG00000060105",0
"ENSRNOG00000057632",0
"ENSRNOG00000058533",0
"ENSRNOG00000060810",0
"ENSRNOG00000014863",2572
"ENSRNOG00000065716",0
"ENSRNOG00000042950",0
"ENSRNOG00000060748",0
"ENSRNOG00000054380",0
"ENSRNOG00000056974",0
"ENSRNOG00000010303",652
"ENSRNOG00000053500",1
"ENSRNOG00000070166",0
"ENSRNOG00000058657",0
"ENSRNOG00000059557",0
"ENSRNOG00000059716",0
"ENSRNOG00000059446",159
"ENSRNOG00000013078",992
"ENSRNOG00000016780",218
"ENSRNOG00000054402",0
"ENSRNOG00000061712",0
"ENSRNOG00000058768",2
"ENSRNOG00000008090",312
"ENSRNOG00000066695",0
"ENSRNOG00000065108",0
"ENSRNOG00000013598",92
"ENSRNOG00000057527",0
"ENSRNOG00000051987",0
"ENSRNOG00000059526",0
"ENSRNOG00000069228",1
"ENSRNOG00000070073",411
"ENSRNOG00000051981",0
"ENSRNOG00000012546",37
"ENSRNOG00000069180",0
"ENSRNOG00000060400",0
"ENSRNOG00000058797",0
"ENSRNOG00000022988",29
"ENSRNOG00000062459",0
"ENSRNOG00000011655",514
"ENSRNOG00000070881",0
"ENSRNOG00000060957",0
"ENSRNOG00000054161",0
"ENSRNOG00000068857",0
"ENSRNOG00000006787",1460
"ENSRNOG00000014766",956
"ENSRNOG00000029141",2887
"ENSRNOG00000062890",445
"ENSRNOG00000015068",933
"ENSRNOG00000066054",0
"ENSRNOG00000039530",3
"ENSRNOG00000069187",445
"ENSRNOG00000029318",24
"ENSRNOG00000065656",1662
"ENSRNOG00000013064",325
"ENSRNOG00000021546",0
"ENSRNOG00000009266",3941
"ENSRNOG00000024663",863
"ENSRNOG00000043151",275
"ENSRNOG00000014838",509
"ENSRNOG00000010497",0
"ENSRNOG00000012778",494
"ENSRNOG00000014975",72
"ENSRNOG00000009221",0
"ENSRNOG00000015072",145
"ENSRNOG00000007060",2535
"ENSRNOG00000005561",0
"ENSRNOG00000010412",1
"ENSRNOG00000014475",3400
"ENSRNOG00000008523",1403
"ENSRNOG00000011320",0
"ENSRNOG00000062502",0
"ENSRNOG00000066212",0
"ENSRNOG00000009795",3312
"ENSRNOG00000014635",4006
"ENSRNOG00000006889",0
"ENSRNOG00000010091",2587
"ENSRNOG00000008099",100
"ENSRNOG00000064882",14
"ENSRNOG00000007886",0
"ENSRNOG00000057760",244
"ENSRNOG00000006761",1
"ENSRNOG00000039278",1516
"ENSRNOG00000068045",28
"ENSRNOG00000010825",727
"ENSRNOG00000011503",170
"ENSRNOG00000008005",871
"ENSRNOG00000010885",1
"ENSRNOG00000048321",0
"ENSRNOG00000008431",8
"ENSRNOG00000006956",4
"ENSRNOG00000001700",156
"ENSRNOG00000017253",390
"ENSRNOG00000043194",0
"ENSRNOG00000021433",43
"ENSRNOG00000017073",5794
"ENSRNOG00000037618",0
"ENSRNOG00000011498",589
"ENSRNOG00000029333",22
"ENSRNOG00000016731",10686
"ENSRNOG00000067602",0
"ENSRNOG00000006553",594
"ENSRNOG00000016630",7178
"ENSRNOG00000024190",0
"ENSRNOG00000047278",279
"ENSRNOG00000007051",1111
"ENSRNOG00000065969",0
"ENSRNOG00000065554",0
"ENSRNOG00000016452",708
"ENSRNOG00000051484",232
"ENSRNOG00000016364",97
"ENSRNOG00000063113",0
"ENSRNOG00000016309",1487
"ENSRNOG00000009761",89
"ENSRNOG00000024402",473
"ENSRNOG00000046629",0
"ENSRNOG00000043023",0
"ENSRNOG00000047613",0
"ENSRNOG00000009724",505
"ENSRNOG00000048197",0
"ENSRNOG00000063042",0
"ENSRNOG00000005772",124
"ENSRNOG00000024204",5
"ENSRNOG00000007057",1
"ENSRNOG00000023605",1317
"ENSRNOG00000011280",567
"ENSRNOG00000007657",63
"ENSRNOG00000022309",2408
"ENSRNOG00000012454",481
"ENSRNOG00000008036",3012
"ENSRNOG00000069991",0
"ENSRNOG00000012409",44
"ENSRNOG00000010484",699
"ENSRNOG00000070480",0
"ENSRNOG00000046028",72
"ENSRNOG00000009576",86
"ENSRNOG00000007637",107
"ENSRNOG00000034269",483
"ENSRNOG00000013956",1010
"ENSRNOG00000008169",0
"ENSRNOG00000046140",0
"ENSRNOG00000055779",857
"ENSRNOG00000006735",1941
"ENSRNOG00000066642",5
"ENSRNOG00000062835",5
"ENSRNOG00000007663",21159
"ENSRNOG00000012664",255
"ENSRNOG00000024093",1
"ENSRNOG00000009309",539
"ENSRNOG00000009436",0
"ENSRNOG00000059837",420
"ENSRNOG00000065941",0
"ENSRNOG00000012634",510
"ENSRNOG00000033186",8
"ENSRNOG00000062108",229
"ENSRNOG00000023309",373
"ENSRNOG00000042603",1013
"ENSRNOG00000043364",622
"ENSRNOG00000009492",62
"ENSRNOG00000006369",1404
"ENSRNOG00000064066",17
"ENSRNOG00000006345",1990
"ENSRNOG00000005841",4990
"ENSRNOG00000008632",278
"ENSRNOG00000055915",645
"ENSRNOG00000006966",4445
"ENSRNOG00000008618",690
"ENSRNOG00000006807",0
"ENSRNOG00000026169",0
"ENSRNOG00000008901",1
"ENSRNOG00000030466",0
"ENSRNOG00000025596",39
"ENSRNOG00000022488",0
"ENSRNOG00000023348",67
"ENSRNOG00000030963",1
"ENSRNOG00000007395",0
"ENSRNOG00000008945",617
"ENSRNOG00000008587",32
"ENSRNOG00000050983",6
"ENSRNOG00000008922",31
"ENSRNOG00000014302",0
"ENSRNOG00000011463",2684
"ENSRNOG00000006800",107
"ENSRNOG00000026323",29
"ENSRNOG00000011497",0
"ENSRNOG00000027595",0
"ENSRNOG00000070878",0
"ENSRNOG00000007036",1200
"ENSRNOG00000008338",1305
"ENSRNOG00000008159",559
"ENSRNOG00000009045",150
"ENSRNOG00000005964",1826
"ENSRNOG00000008693",42
"ENSRNOG00000042787",24
"ENSRNOG00000008034",21
"ENSRNOG00000065127",0
"ENSRNOG00000008027",66
"ENSRNOG00000005723",0
"ENSRNOG00000007629",611
"ENSRNOG00000031004",180
"ENSRNOG00000006853",1
"ENSRNOG00000009705",37
"ENSRNOG00000008914",0
"ENSRNOG00000000123",1489
"ENSRNOG00000006615",1696
"ENSRNOG00000068296",517
"ENSRNOG00000025679",1065
"ENSRNOG00000070364",27
"ENSRNOG00000007527",784
"ENSRNOG00000024259",1
"ENSRNOG00000010849",200
"ENSRNOG00000006979",0
"ENSRNOG00000007551",612
"ENSRNOG00000011033",7
"ENSRNOG00000051507",113
"ENSRNOG00000010514",749
"ENSRNOG00000067048",212
"ENSRNOG00000007299",55
"ENSRNOG00000007753",911
"ENSRNOG00000010237",1759
"ENSRNOG00000009113",307
"ENSRNOG00000009568",724
"ENSRNOG00000008548",532
"ENSRNOG00000013838",0
"ENSRNOG00000042455",0
"ENSRNOG00000008118",672
"ENSRNOG00000021492",289
"ENSRNOG00000008279",1056
"ENSRNOG00000008226",135
"ENSRNOG00000026978",3521
"ENSRNOG00000008300",112
"ENSRNOG00000066371",0
"ENSRNOG00000026898",0
"ENSRNOG00000031475",688
"ENSRNOG00000024788",0
"ENSRNOG00000000122",519
"ENSRNOG00000013972",1000
"ENSRNOG00000012989",1190
"ENSRNOG00000059897",2
"ENSRNOG00000050044",3117
"ENSRNOG00000010007",1260
"ENSRNOG00000046794",2008
"ENSRNOG00000013515",5
"ENSRNOG00000064683",0
"ENSRNOG00000008992",0
"ENSRNOG00000013865",514
"ENSRNOG00000053991",2806
"ENSRNOG00000028083",131
"ENSRNOG00000030238",11
"ENSRNOG00000020173",0
"ENSRNOG00000020259",0
"ENSRNOG00000010892",1912
"ENSRNOG00000008572",96
"ENSRNOG00000011751",577
"ENSRNOG00000022199",8
"ENSRNOG00000069006",0
"ENSRNOG00000012204",955
"ENSRNOG00000054626",450
"ENSRNOG00000013005",288
"ENSRNOG00000009597",0
"ENSRNOG00000055078",20
"ENSRNOG00000065071",10
"ENSRNOG00000007922",40
"ENSRNOG00000018363",277
"ENSRNOG00000037518",117
"ENSRNOG00000028659",691
"ENSRNOG00000012397",1385
"ENSRNOG00000028477",436
"ENSRNOG00000028448",2440
"ENSRNOG00000028415",282
"ENSRNOG00000014357",121
"ENSRNOG00000067866",0
"ENSRNOG00000028377",0
"ENSRNOG00000014372",117
"ENSRNOG00000019479",0
"ENSRNOG00000062954",2098
"ENSRNOG00000037620",103
"ENSRNOG00000058461",2348
"ENSRNOG00000013855",284
"ENSRNOG00000007111",1595
"ENSRNOG00000010932",0
"ENSRNOG00000007099",1206
"ENSRNOG00000007213",1285
"ENSRNOG00000008113",567
"ENSRNOG00000000127",549
"ENSRNOG00000033593",2121
"ENSRNOG00000014375",30
"ENSRNOG00000055344",601
"ENSRNOG00000013231",21
"ENSRNOG00000047185",2727
"ENSRNOG00000049326",144
"ENSRNOG00000008560",122
"ENSRNOG00000064585",16
"ENSRNOG00000069453",0
"ENSRNOG00000048553",0
"ENSRNOG00000037710",4
"ENSRNOG00000047578",0
"ENSRNOG00000048242",1593
"ENSRNOG00000048288",436
"ENSRNOG00000010396",1375
"ENSRNOG00000010299",3281
"ENSRNOG00000024312",127
"ENSRNOG00000042326",84
"ENSRNOG00000015318",11
"ENSRNOG00000009540",14
"ENSRNOG00000028047",88
"ENSRNOG00000011054",2
"ENSRNOG00000012965",35
"ENSRNOG00000066253",4
"ENSRNOG00000064455",0
"ENSRNOG00000070423",0
"ENSRNOG00000067973",0
"ENSRNOG00000008377",1035
"ENSRNOG00000062918",0
"ENSRNOG00000013179",1142
"ENSRNOG00000064844",2
"ENSRNOG00000019977",1117
"ENSRNOG00000063427",11
"ENSRNOG00000021663",66
"ENSRNOG00000042855",740
"ENSRNOG00000007069",288
"ENSRNOG00000032639",12
"ENSRNOG00000063845",0
"ENSRNOG00000067073",175
"ENSRNOG00000008979",0
"ENSRNOG00000005730",1242
"ENSRNOG00000011171",0
"ENSRNOG00000006004",1892
"ENSRNOG00000048703",0
"ENSRNOG00000011484",323
"ENSRNOG00000005935",2143
"ENSRNOG00000059975",0
"ENSRNOG00000010735",1806
"ENSRNOG00000012595",1060
"ENSRNOG00000011709",2419
"ENSRNOG00000009341",681
"ENSRNOG00000008849",6
"ENSRNOG00000006200",0
"ENSRNOG00000014008",32
"ENSRNOG00000014274",291
"ENSRNOG00000011927",700
"ENSRNOG00000023746",441
"ENSRNOG00000015642",4233
"ENSRNOG00000009912",7
"ENSRNOG00000037432",135
"ENSRNOG00000033209",2
"ENSRNOG00000042785",3686
"ENSRNOG00000068555",0
"ENSRNOG00000013300",593
"ENSRNOG00000037340",1
"ENSRNOG00000006833",808
"ENSRNOG00000070053",4
"ENSRNOG00000030155",0
"ENSRNOG00000048506",987
"ENSRNOG00000065942",0
"ENSRNOG00000066500",27
"ENSRNOG00000025065",33
"ENSRNOG00000008807",0
"ENSRNOG00000060435",3
"ENSRNOG00000026646",89
"ENSRNOG00000008861",314
"ENSRNOG00000011421",4770
"ENSRNOG00000009390",0
"ENSRNOG00000014259",3
"ENSRNOG00000008320",3031
"ENSRNOG00000007541",2009
"ENSRNOG00000026610",787
"ENSRNOG00000009430",387
"ENSRNOG00000024957",17
"ENSRNOG00000024889",287
"ENSRNOG00000012616",4918
"ENSRNOG00000030862",1273
"ENSRNOG00000061851",1142
"ENSRNOG00000013492",9230
"ENSRNOG00000008100",0
"ENSRNOG00000027276",2
"ENSRNOG00000022323",1126
"ENSRNOG00000011502",11
"ENSRNOG00000007647",0
"ENSRNOG00000008555",375
"ENSRNOG00000008180",482
"ENSRNOG00000012054",1591
"ENSRNOG00000012340",3
"ENSRNOG00000027357",0
"ENSRNOG00000008759",0
"ENSRNOG00000012088",1
"ENSRNOG00000040151",0
"ENSRNOG00000010841",455
"ENSRNOG00000067216",0
"ENSRNOG00000009656",187
"ENSRNOG00000008943",225
"ENSRNOG00000007174",644
"ENSRNOG00000026592",0
"ENSRNOG00000008566",863
"ENSRNOG00000069690",2
"ENSRNOG00000008871",0
"ENSRNOG00000065724",663
"ENSRNOG00000017426",2511
"ENSRNOG00000009114",713
"ENSRNOG00000069204",0
"ENSRNOG00000011332",62
"ENSRNOG00000008872",571
"ENSRNOG00000008846",252
"ENSRNOG00000021609",240
"ENSRNOG00000008156",249
"ENSRNOG00000031769",378
"ENSRNOG00000014352",35
"ENSRNOG00000009488",0
"ENSRNOG00000005886",83
"ENSRNOG00000028662",22
"ENSRNOG00000071045",317
"ENSRNOG00000009977",2582
"ENSRNOG00000046647",3295
"ENSRNOG00000048129",0
"ENSRNOG00000010550",250
"ENSRNOG00000063053",55
"ENSRNOG00000005669",1
"ENSRNOG00000032183",1394
"ENSRNOG00000009683",6024
"ENSRNOG00000009963",535
"ENSRNOG00000009131",633
"ENSRNOG00000065971",0
"ENSRNOG00000014762",237
"ENSRNOG00000031431",167
"ENSRNOG00000010234",732
"ENSRNOG00000024818",2152
"ENSRNOG00000024566",4
"ENSRNOG00000005963",1505
"ENSRNOG00000027921",972
"ENSRNOG00000026910",1
"ENSRNOG00000010777",546
"ENSRNOG00000025724",353
"ENSRNOG00000042421",511
"ENSRNOG00000066526",14
"ENSRNOG00000025424",366
"ENSRNOG00000025349",2
"ENSRNOG00000063670",1
"ENSRNOG00000006689",64
"ENSRNOG00000006919",37
"ENSRNOG00000007445",1202
"ENSRNOG00000026662",512
"ENSRNOG00000007964",1609
"ENSRNOG00000008055",154
"ENSRNOG00000008124",540
"ENSRNOG00000026672",375
"ENSRNOG00000008184",0
"ENSRNOG00000048760",21
"ENSRNOG00000065922",25
"ENSRNOG00000067800",38
"ENSRNOG00000070765",0
"ENSRNOG00000040040",175
"ENSRNOG00000067162",1
"ENSRNOG00000016180",667
"ENSRNOG00000015160",628
"ENSRNOG00000070727",5
"ENSRNOG00000062635",0
"ENSRNOG00000015562",138
"ENSRNOG00000063229",0
"ENSRNOG00000055292",77
"ENSRNOG00000016330",180
"ENSRNOG00000016338",1719
"ENSRNOG00000039924",156
"ENSRNOG00000014664",2518
"ENSRNOG00000005673",470
"ENSRNOG00000025416",395
"ENSRNOG00000008236",706
"ENSRNOG00000016187",511
"ENSRNOG00000007456",5
"ENSRNOG00000006697",2261
"ENSRNOG00000009358",97
"ENSRNOG00000006096",8
"ENSRNOG00000007426",63
"ENSRNOG00000006498",0
"ENSRNOG00000039949",40
"ENSRNOG00000006636",208
"ENSRNOG00000009389",963
"ENSRNOG00000008580",447
"ENSRNOG00000056330",0
"ENSRNOG00000007256",2
"ENSRNOG00000066027",0
"ENSRNOG00000006298",1704
"ENSRNOG00000024903",0
"ENSRNOG00000005708",3587
"ENSRNOG00000063190",0
"ENSRNOG00000006084",0
"ENSRNOG00000007139",3
"ENSRNOG00000007351",214
"ENSRNOG00000009974",89
"ENSRNOG00000010106",346
"ENSRNOG00000057692",0
"ENSRNOG00000068938",10
"ENSRNOG00000065492",0
"ENSRNOG00000056870",3604
"ENSRNOG00000061989",171
"ENSRNOG00000026157",23
"ENSRNOG00000063283",0
"ENSRNOG00000067249",0
"ENSRNOG00000025672",0
"ENSRNOG00000053456",1209
"ENSRNOG00000027837",0
"ENSRNOG00000046548",0
"ENSRNOG00000003689",3714
"ENSRNOG00000069292",0
"ENSRNOG00000040427",0
"ENSRNOG00000070890",0
"ENSRNOG00000030048",171
"ENSRNOG00000035549",0
"ENSRNOG00000035555",0
"ENSRNOG00000050872",0
"ENSRNOG00000060063",442
"ENSRNOG00000003596",4
"ENSRNOG00000040404",0
"ENSRNOG00000013092",1
"ENSRNOG00000035544",1
"ENSRNOG00000064087",0
"ENSRNOG00000036245",0
"ENSRNOG00000066689",0
"ENSRNOG00000048556",0
"ENSRNOG00000035579",0
"ENSRNOG00000035581",0
"ENSRNOG00000054765",756
"ENSRNOG00000002800",13
"ENSRNOG00000035464",1
"ENSRNOG00000028899",652
"ENSRNOG00000040357",0
"ENSRNOG00000041260",0
"ENSRNOG00000070486",0
"ENSRNOG00000047862",0
"ENSRNOG00000041210",0
"ENSRNOG00000069684",0
"ENSRNOG00000041199",0
"ENSRNOG00000059675",0
"ENSRNOG00000026573",194
"ENSRNOG00000003782",344
"ENSRNOG00000060869",5468
"ENSRNOG00000036269",0
"ENSRNOG00000048590",0
"ENSRNOG00000060270",0
"ENSRNOG00000036273",0
"ENSRNOG00000028085",2
"ENSRNOG00000035652",0
"ENSRNOG00000022855",0
"ENSRNOG00000035631",1
"ENSRNOG00000035635",0
"ENSRNOG00000052097",0
"ENSRNOG00000046748",0
"ENSRNOG00000040422",0
"ENSRNOG00000035546",0
"ENSRNOG00000061073",2148
"ENSRNOG00000059766",0
"ENSRNOG00000035656",0
"ENSRNOG00000057814",1265
"ENSRNOG00000028984",12
"ENSRNOG00000070777",282
"ENSRNOG00000067246",88
"ENSRNOG00000047872",0
"ENSRNOG00000039994",351
"ENSRNOG00000051836",1
"ENSRNOG00000003543",1
"ENSRNOG00000009049",809
"ENSRNOG00000025910",204
"ENSRNOG00000010365",26
"ENSRNOG00000054352",7207
"ENSRNOG00000070642",0
"ENSRNOG00000007682",1022
"ENSRNOG00000066771",0
"ENSRNOG00000010208",6810
"ENSRNOG00000004016",941
"ENSRNOG00000054548",0
"ENSRNOG00000002904",5
"ENSRNOG00000010838",1182
"ENSRNOG00000032472",10
"ENSRNOG00000013170",871
"ENSRNOG00000024298",0
"ENSRNOG00000031555",0
"ENSRNOG00000055572",2657
"ENSRNOG00000000167",3
"ENSRNOG00000009609",276
"ENSRNOG00000068749",3
"ENSRNOG00000025428",242
"ENSRNOG00000052383",0
"ENSRNOG00000000166",227
"ENSRNOG00000013698",0
"ENSRNOG00000053172",5694
"ENSRNOG00000008578",4005
"ENSRNOG00000000165",29
"ENSRNOG00000029068",266
"ENSRNOG00000051948",5213
"ENSRNOG00000008472",1021
"ENSRNOG00000063057",1
"ENSRNOG00000002767",187
"ENSRNOG00000053813",790
"ENSRNOG00000059697",2
"ENSRNOG00000056174",135
"ENSRNOG00000006899",0
"ENSRNOG00000029408",7
"ENSRNOG00000064345",3
"ENSRNOG00000002585",1510
"ENSRNOG00000003686",1181
"ENSRNOG00000030119",0
"ENSRNOG00000062551",0
"ENSRNOG00000050081",135
"ENSRNOG00000058423",0
"ENSRNOG00000002563",506
"ENSRNOG00000061441",425
"ENSRNOG00000048925",0
"ENSRNOG00000058820",0
"ENSRNOG00000070467",0
"ENSRNOG00000069353",413
"ENSRNOG00000039332",1
"ENSRNOG00000026044",429
"ENSRNOG00000045953",0
"ENSRNOG00000065232",0
"ENSRNOG00000067039",270
"ENSRNOG00000064664",0
"ENSRNOG00000063213",0
"ENSRNOG00000026969",23
"ENSRNOG00000061304",2
"ENSRNOG00000032487",141
"ENSRNOG00000070118",62
"ENSRNOG00000061262",11958
"ENSRNOG00000007059",2
"ENSRNOG00000033883",13
"ENSRNOG00000046012",1
"ENSRNOG00000051117",0
"ENSRNOG00000068491",400
"ENSRNOG00000060168",492
"ENSRNOG00000070922",1
"ENSRNOG00000065644",1
"ENSRNOG00000019164",4926
"ENSRNOG00000063587",1
"ENSRNOG00000026231",0
"ENSRNOG00000067214",5
"ENSRNOG00000062420",0
"ENSRNOG00000063851",0
"ENSRNOG00000063426",1
"ENSRNOG00000064140",5
"ENSRNOG00000070008",1
"ENSRNOG00000062688",1
"ENSRNOG00000003748",0
"ENSRNOG00000067047",0
"ENSRNOG00000038035",170
"ENSRNOG00000062747",1
"ENSRNOG00000070551",0
"ENSRNOG00000064865",0
"ENSRNOG00000023261",187
"ENSRNOG00000067487",0
"ENSRNOG00000068322",1
"ENSRNOG00000000164",7985
"ENSRNOG00000064974",20
"ENSRNOG00000032739",62
"ENSRNOG00000069713",0
"ENSRNOG00000066805",0
"ENSRNOG00000025200",0
"ENSRNOG00000061492",0
"ENSRNOG00000069137",420
"ENSRNOG00000068054",9
"ENSRNOG00000038369",0
"ENSRNOG00000069711",43
"ENSRNOG00000003201",1629
"ENSRNOG00000064310",315
"ENSRNOG00000062445",8
"ENSRNOG00000068684",118
"ENSRNOG00000066768",13
"ENSRNOG00000070511",1
"ENSRNOG00000065998",6
"ENSRNOG00000065014",14
"ENSRNOG00000037951",2249
"ENSRNOG00000070283",0
"ENSRNOG00000063391",0
"ENSRNOG00000029663",0
"ENSRNOG00000051341",67
"ENSRNOG00000068862",6
"ENSRNOG00000065796",3
"ENSRNOG00000071206",1
"ENSRNOG00000064849",2
"ENSRNOG00000070269",14
"ENSRNOG00000051300",1102
"ENSRNOG00000068564",0
"ENSRNOG00000067106",0
"ENSRNOG00000070042",0
"ENSRNOG00000068620",0
"ENSRNOG00000065954",21
"ENSRNOG00000060786",0
"ENSRNOG00000066627",8
"ENSRNOG00000045779",1813
"ENSRNOG00000056659",353
"ENSRNOG00000049388",0
"ENSRNOG00000057517",525
"ENSRNOG00000029497",0
"ENSRNOG00000065962",0
"ENSRNOG00000050051",71
"ENSRNOG00000008329",2316
"ENSRNOG00000043348",148
"ENSRNOG00000065341",1
"ENSRNOG00000067052",0
"ENSRNOG00000068802",0
"ENSRNOG00000064051",0
"ENSRNOG00000003208",57
"ENSRNOG00000034116",294
"ENSRNOG00000061692",0
"ENSRNOG00000004150",0
"ENSRNOG00000060464",775
"ENSRNOG00000022251",12
"ENSRNOG00000007315",1930
"ENSRNOG00000069722",94
"ENSRNOG00000063392",3
"ENSRNOG00000063610",159
"ENSRNOG00000069564",0
"ENSRNOG00000002323",218
"ENSRNOG00000068588",0
"ENSRNOG00000004258",0
"ENSRNOG00000068854",0
"ENSRNOG00000071051",0
"ENSRNOG00000068646",0
"ENSRNOG00000067826",0
"ENSRNOG00000055641",751
"ENSRNOG00000071143",0
"ENSRNOG00000039837",103
"ENSRNOG00000023637",2
"ENSRNOG00000060462",0
"ENSRNOG00000028202",0
"ENSRNOG00000063225",2
"ENSRNOG00000066448",48
"ENSRNOG00000062506",3
"ENSRNOG00000023458",0
"ENSRNOG00000037770",2
"ENSRNOG00000062748",0
"ENSRNOG00000069736",0
"ENSRNOG00000062599",25
"ENSRNOG00000063687",131
"ENSRNOG00000007949",3
"ENSRNOG00000037827",0
"ENSRNOG00000065229",347
"ENSRNOG00000071176",626
"ENSRNOG00000003984",49
"ENSRNOG00000053023",382
"ENSRNOG00000064623",478
"ENSRNOG00000068694",3
"ENSRNOG00000059655",166
"ENSRNOG00000064884",0
"ENSRNOG00000066548",67
"ENSRNOG00000046832",200
"ENSRNOG00000004265",0
"ENSRNOG00000063611",6
"ENSRNOG00000067650",1
"ENSRNOG00000003359",3895
"ENSRNOG00000050457",0
"ENSRNOG00000038267",0
"ENSRNOG00000057469",0
"ENSRNOG00000038299",0
"ENSRNOG00000070967",4
"ENSRNOG00000061511",0
"ENSRNOG00000028179",0
"ENSRNOG00000064387",0
"ENSRNOG00000062454",1
"ENSRNOG00000070430",0
"ENSRNOG00000068315",7
"ENSRNOG00000003765",0
"ENSRNOG00000067012",10
"ENSRNOG00000066849",0
"ENSRNOG00000063899",15
"ENSRNOG00000070594",501
"ENSRNOG00000068449",237
"ENSRNOG00000055962",334609
"ENSRNOG00000003643",172
"ENSRNOG00000066309",102
"ENSRNOG00000070880",0
"ENSRNOG00000002960",2
"ENSRNOG00000037919",86
"ENSRNOG00000064015",167
"ENSRNOG00000029010",0
"ENSRNOG00000003762",61
"ENSRNOG00000048202",0
"ENSRNOG00000063359",42
"ENSRNOG00000029778",8
"ENSRNOG00000070004",2966
"ENSRNOG00000000161",891
"ENSRNOG00000069652",3
"ENSRNOG00000063832",1
"ENSRNOG00000037911",1
"ENSRNOG00000062833",0
"ENSRNOG00000071099",0
"ENSRNOG00000051529",0
"ENSRNOG00000003533",96
"ENSRNOG00000070562",2
"ENSRNOG00000070148",76
"ENSRNOG00000003470",492
"ENSRNOG00000048295",14
"ENSRNOG00000067054",0
"ENSRNOG00000051438",0
"ENSRNOG00000024271",0
"ENSRNOG00000051216",0
"ENSRNOG00000055557",0
"ENSRNOG00000023383",6809
"ENSRNOG00000002848",1392
"ENSRNOG00000005352",589
"ENSRNOG00000067105",393
"ENSRNOG00000060839",0
"ENSRNOG00000064231",114
"ENSRNOG00000030819",2
"ENSRNOG00000029885",893
"ENSRNOG00000002986",0
"ENSRNOG00000068101",272
"ENSRNOG00000003305",0
"ENSRNOG00000060580",792
"ENSRNOG00000060262",362
"ENSRNOG00000065297",0
"ENSRNOG00000003956",854
"ENSRNOG00000024053",0
"ENSRNOG00000065493",0
"ENSRNOG00000070277",142
"ENSRNOG00000002974",0
"ENSRNOG00000004581",854
"ENSRNOG00000009646",2
"ENSRNOG00000004512",184
"ENSRNOG00000054219",1
"ENSRNOG00000003009",0
"ENSRNOG00000022267",0
"ENSRNOG00000062844",91
"ENSRNOG00000053061",0
"ENSRNOG00000028189",0
"ENSRNOG00000003189",7
"ENSRNOG00000055514",0
"ENSRNOG00000061191",0
"ENSRNOG00000060885",0
"ENSRNOG00000061731",0
"ENSRNOG00000024517",0
"ENSRNOG00000016622",212
"ENSRNOG00000056905",0
"ENSRNOG00000070236",10
"ENSRNOG00000053235",0
"ENSRNOG00000055256",1
"ENSRNOG00000022411",2
"ENSRNOG00000058942",0
"ENSRNOG00000003792",2237
"ENSRNOG00000055960",0
"ENSRNOG00000002389",7150
"ENSRNOG00000061257",0
"ENSRNOG00000003749",222
"ENSRNOG00000060096",0
"ENSRNOG00000005687",0
"ENSRNOG00000051820",0
"ENSRNOG00000063220",0
"ENSRNOG00000003756",257
"ENSRNOG00000052762",0
"ENSRNOG00000030118",11943
"ENSRNOG00000070588",0
"ENSRNOG00000056740",0
"ENSRNOG00000062381",9
"ENSRNOG00000059230",0
"ENSRNOG00000060982",0
"ENSRNOG00000002391",1
"ENSRNOG00000060623",785
"ENSRNOG00000053191",0
"ENSRNOG00000060754",0
"ENSRNOG00000065140",0
"ENSRNOG00000003611",446
"ENSRNOG00000069164",0
"ENSRNOG00000058253",0
"ENSRNOG00000007371",41
"ENSRNOG00000066338",0
"ENSRNOG00000046366",669
"ENSRNOG00000031294",0
"ENSRNOG00000063682",0
"ENSRNOG00000065192",0
"ENSRNOG00000023187",487
"ENSRNOG00000068085",0
"ENSRNOG00000063637",0
"ENSRNOG00000004776",1239
"ENSRNOG00000002419",80
"ENSRNOG00000052095",0
"ENSRNOG00000064801",0
"ENSRNOG00000006698",22
"ENSRNOG00000060642",0
"ENSRNOG00000070436",0
"ENSRNOG00000061195",39
"ENSRNOG00000064902",1
"ENSRNOG00000060546",1
"ENSRNOG00000068390",0
"ENSRNOG00000038132",0
"ENSRNOG00000003858",1540
"ENSRNOG00000063746",0
"ENSRNOG00000069840",23
"ENSRNOG00000068320",0
"ENSRNOG00000005012",425
"ENSRNOG00000070416",0
"ENSRNOG00000055265",0
"ENSRNOG00000031058",3
"ENSRNOG00000064543",0
"ENSRNOG00000057622",129
"ENSRNOG00000055812",0
"ENSRNOG00000061126",0
"ENSRNOG00000004133",7
"ENSRNOG00000059814",0
"ENSRNOG00000071055",0
"ENSRNOG00000069201",0
"ENSRNOG00000064676",1
"ENSRNOG00000063786",0
"ENSRNOG00000021972",0
"ENSRNOG00000064215",0
"ENSRNOG00000061787",0
"ENSRNOG00000058743",0
"ENSRNOG00000055721",3
"ENSRNOG00000032522",33
"ENSRNOG00000051644",0
"ENSRNOG00000063333",1
"ENSRNOG00000061252",0
"ENSRNOG00000021694",1
"ENSRNOG00000051827",0
"ENSRNOG00000069980",0
"ENSRNOG00000061196",0
"ENSRNOG00000060086",0
"ENSRNOG00000024250",738
"ENSRNOG00000034183",0
"ENSRNOG00000027850",23
"ENSRNOG00000060374",2
"ENSRNOG00000054868",0
"ENSRNOG00000054890",25571
"ENSRNOG00000054382",0
"ENSRNOG00000019180",862
"ENSRNOG00000064035",0
"ENSRNOG00000057593",0
"ENSRNOG00000066087",0
"ENSRNOG00000066017",0
"ENSRNOG00000050970",1
"ENSRNOG00000063729",7
"ENSRNOG00000070898",0
"ENSRNOG00000064772",0
"ENSRNOG00000062822",0
"ENSRNOG00000070754",0
"ENSRNOG00000001506",17
"ENSRNOG00000065849",0
"ENSRNOG00000063296",0
"ENSRNOG00000051544",1
"ENSRNOG00000037736",1
"ENSRNOG00000065426",0
"ENSRNOG00000019168",23
"ENSRNOG00000070581",0
"ENSRNOG00000012294",196
"ENSRNOG00000030722",0
"ENSRNOG00000057374",0
"ENSRNOG00000042394",0
"ENSRNOG00000060946",423
"ENSRNOG00000062498",0
"ENSRNOG00000003965",0
"ENSRNOG00000068840",0
"ENSRNOG00000069753",0
"ENSRNOG00000051769",0
"ENSRNOG00000056593",0
"ENSRNOG00000048738",1830
"ENSRNOG00000070185",0
"ENSRNOG00000053894",0
"ENSRNOG00000054011",1292
"ENSRNOG00000027239",12
"ENSRNOG00000056006",0
"ENSRNOG00000007600",0
"ENSRNOG00000067960",0
"ENSRNOG00000029038",399
"ENSRNOG00000042470",1
"ENSRNOG00000052001",0
"ENSRNOG00000053094",0
"ENSRNOG00000047663",0
"ENSRNOG00000003122",198
"ENSRNOG00000061101",2
"ENSRNOG00000061894",0
"ENSRNOG00000058963",0
"ENSRNOG00000055269",0
"ENSRNOG00000055648",399
"ENSRNOG00000062221",0
"ENSRNOG00000041327",0
"ENSRNOG00000050508",0
"ENSRNOG00000026712",0
"ENSRNOG00000064172",0
"ENSRNOG00000003875",886
"ENSRNOG00000036562",0
"ENSRNOG00000057826",67
"ENSRNOG00000041236",0
"ENSRNOG00000008880",15
"ENSRNOG00000059896",0
"ENSRNOG00000036264",0
"ENSRNOG00000004118",5
"ENSRNOG00000041288",0
"ENSRNOG00000036262",0
"ENSRNOG00000004819",217
"ENSRNOG00000011120",0
"ENSRNOG00000057982",0
"ENSRNOG00000048143",0
"ENSRNOG00000036268",0
"ENSRNOG00000041538",0
"ENSRNOG00000006797",438
"ENSRNOG00000035627",0
"ENSRNOG00000065509",1
"ENSRNOG00000036558",0
"ENSRNOG00000061112",0
"ENSRNOG00000057365",0
"ENSRNOG00000035505",0
"ENSRNOG00000035592",0
"ENSRNOG00000003063",414
"ENSRNOG00000036567",0
"ENSRNOG00000058545",21
"ENSRNOG00000067075",0
"ENSRNOG00000047712",0
"ENSRNOG00000041299",0
"ENSRNOG00000041334",0
"ENSRNOG00000006871",89
"ENSRNOG00000066786",0
"ENSRNOG00000040458",0
"ENSRNOG00000054747",0
"ENSRNOG00000039759",5
"ENSRNOG00000063664",509
"ENSRNOG00000069692",0
"ENSRNOG00000019086",0
"ENSRNOG00000067793",0
"ENSRNOG00000003227",0
"ENSRNOG00000002708",1308
"ENSRNOG00000060970",1
"ENSRNOG00000024068",0
"ENSRNOG00000051669",235
"ENSRNOG00000039576",409
"ENSRNOG00000030880",3461
"ENSRNOG00000070635",0
"ENSRNOG00000004275",0
"ENSRNOG00000063657",0
"ENSRNOG00000039571",11
"ENSRNOG00000005076",594
"ENSRNOG00000052721",691
"ENSRNOG00000003929",42
"ENSRNOG00000057147",2579
"ENSRNOG00000050960",287
"ENSRNOG00000062696",0
"ENSRNOG00000059862",0
"ENSRNOG00000031956",0
"ENSRNOG00000004613",1572
"ENSRNOG00000056983",2
"ENSRNOG00000005215",0
"ENSRNOG00000006967",1179
"ENSRNOG00000009749",710
"ENSRNOG00000026704",0
"ENSRNOG00000046484",12
"ENSRNOG00000003613",772
"ENSRNOG00000007879",474
"ENSRNOG00000003688",0
"ENSRNOG00000054495",0
"ENSRNOG00000003786",719
"ENSRNOG00000045992",1
"ENSRNOG00000061230",10
"ENSRNOG00000060846",499
"ENSRNOG00000064119",425
"ENSRNOG00000022166",425
"ENSRNOG00000052181",0
"ENSRNOG00000003228",275
"ENSRNOG00000032729",0
"ENSRNOG00000030443",994
"ENSRNOG00000002790",223
"ENSRNOG00000063684",0
"ENSRNOG00000004869",1
"ENSRNOG00000046790",0
"ENSRNOG00000002487",268
"ENSRNOG00000003229",1266
"ENSRNOG00000004330",0
"ENSRNOG00000047931",31057
"ENSRNOG00000027601",30
"ENSRNOG00000065918",96
"ENSRNOG00000009071",251
"ENSRNOG00000024762",0
"ENSRNOG00000029582",63
"ENSRNOG00000042276",137
"ENSRNOG00000005639",302
"ENSRNOG00000034240",1158
"ENSRNOG00000003960",0
"ENSRNOG00000002923",1
"ENSRNOG00000031638",0
"ENSRNOG00000003526",123
"ENSRNOG00000061102",149
"ENSRNOG00000067524",0
"ENSRNOG00000004574",349
"ENSRNOG00000067242",7
"ENSRNOG00000032858",0
"ENSRNOG00000030622",31
"ENSRNOG00000011081",0
"ENSRNOG00000050178",0
"ENSRNOG00000051287",0
"ENSRNOG00000051223",0
"ENSRNOG00000039544",545
"ENSRNOG00000023469",0
"ENSRNOG00000002832",1626
"ENSRNOG00000029106",0
"ENSRNOG00000068510",0
"ENSRNOG00000069107",0
"ENSRNOG00000039587",842
"ENSRNOG00000003674",311
"ENSRNOG00000037684",0
"ENSRNOG00000030346",16
"ENSRNOG00000063829",0
"ENSRNOG00000026152",0
"ENSRNOG00000030418",1185
"ENSRNOG00000058439",418
"ENSRNOG00000002662",493
"ENSRNOG00000037611",1
"ENSRNOG00000003345",0
"ENSRNOG00000066239",106
"ENSRNOG00000064977",0
"ENSRNOG00000065488",5
"ENSRNOG00000056728",5873
"ENSRNOG00000051281",0
"ENSRNOG00000070013",0
"ENSRNOG00000027972",10
"ENSRNOG00000003585",2
"ENSRNOG00000052407",2
"ENSRNOG00000022286",0
"ENSRNOG00000046280",1
"ENSRNOG00000002951",3
"ENSRNOG00000060936",317
"ENSRNOG00000003313",0
"ENSRNOG00000007552",0
"ENSRNOG00000069062",0
"ENSRNOG00000038230",0
"ENSRNOG00000057753",0
"ENSRNOG00000064026",0
"ENSRNOG00000009687",170
"ENSRNOG00000031719",0
"ENSRNOG00000069323",0
"ENSRNOG00000065059",0
"ENSRNOG00000054545",0
"ENSRNOG00000018951",3511
"ENSRNOG00000046702",0
"ENSRNOG00000003715",1561
"ENSRNOG00000053562",0
"ENSRNOG00000003370",18
"ENSRNOG00000049427",0
"ENSRNOG00000008764",1443
"ENSRNOG00000029559",0
"ENSRNOG00000002529",545
"ENSRNOG00000043508",0
"ENSRNOG00000023733",1027
"ENSRNOG00000068726",0
"ENSRNOG00000067365",0
"ENSRNOG00000047132",43
"ENSRNOG00000011494",107
"ENSRNOG00000003110",0
"ENSRNOG00000060179",3172
"ENSRNOG00000051408",1434
"ENSRNOG00000011513",1138
"ENSRNOG00000003452",0
"ENSRNOG00000055102",0
"ENSRNOG00000063233",12
"ENSRNOG00000046469",0
"ENSRNOG00000032038",0
"ENSRNOG00000002285",134
"ENSRNOG00000045622",8
"ENSRNOG00000003587",549
"ENSRNOG00000011034",0
"ENSRNOG00000011661",1036
"ENSRNOG00000061530",0
"ENSRNOG00000064060",0
"ENSRNOG00000069520",3
"ENSRNOG00000066891",9
"ENSRNOG00000050006",0
"ENSRNOG00000010846",200
"ENSRNOG00000066471",41
"ENSRNOG00000063831",0
"ENSRNOG00000054900",0
"ENSRNOG00000058249",3659
"ENSRNOG00000033176",146
"ENSRNOG00000046862",589
"ENSRNOG00000066217",0
"ENSRNOG00000009893",462
"ENSRNOG00000065464",0
"ENSRNOG00000063412",38
"ENSRNOG00000003346",27
"ENSRNOG00000010171",2138
"ENSRNOG00000003013",3069
"ENSRNOG00000043128",177
"ENSRNOG00000069699",44
"ENSRNOG00000028011",0
"ENSRNOG00000025811",60
"ENSRNOG00000070381",1
"ENSRNOG00000003350",1109
"ENSRNOG00000032738",0
"ENSRNOG00000065924",75
"ENSRNOG00000055939",133
"ENSRNOG00000028993",14207
"ENSRNOG00000002276",512
"ENSRNOG00000024135",190
"ENSRNOG00000051319",2
"ENSRNOG00000064542",0
"ENSRNOG00000056703",1793
"ENSRNOG00000056398",1205
"ENSRNOG00000056772",1822
"ENSRNOG00000005624",1887
"ENSRNOG00000063223",104
"ENSRNOG00000024138",0
"ENSRNOG00000069720",0
"ENSRNOG00000038686",659
"ENSRNOG00000063806",63
"ENSRNOG00000011702",3
"ENSRNOG00000023163",6
"ENSRNOG00000039762",1
"ENSRNOG00000004009",0
"ENSRNOG00000023094",0
"ENSRNOG00000005430",22
"ENSRNOG00000003342",7
"ENSRNOG00000063120",0
"ENSRNOG00000012513",1246
"ENSRNOG00000065758",78
"ENSRNOG00000004124",46
"ENSRNOG00000063778",0
"ENSRNOG00000055454",6
"ENSRNOG00000039615",0
"ENSRNOG00000066456",0
"ENSRNOG00000031665",0
"ENSRNOG00000023269",1297
"ENSRNOG00000059641",25
"ENSRNOG00000063709",0
"ENSRNOG00000005753",86
"ENSRNOG00000003261",10409
"ENSRNOG00000002844",86
"ENSRNOG00000062806",0
"ENSRNOG00000064782",0
"ENSRNOG00000006515",465
"ENSRNOG00000028611",660
"ENSRNOG00000004304",364
"ENSRNOG00000033844",2
"ENSRNOG00000030417",0
"ENSRNOG00000002975",90
"ENSRNOG00000006067",202
"ENSRNOG00000003085",0
"ENSRNOG00000043306",0
"ENSRNOG00000006459",445
"ENSRNOG00000028033",0
"ENSRNOG00000066885",0
"ENSRNOG00000013322",198
"ENSRNOG00000062513",0
"ENSRNOG00000027233",3
"ENSRNOG00000003099",2391
"ENSRNOG00000070576",0
"ENSRNOG00000025705",2461
"ENSRNOG00000003158",503
"ENSRNOG00000052626",0
"ENSRNOG00000070906",0
"ENSRNOG00000003178",106
"ENSRNOG00000004257",1239
"ENSRNOG00000057785",0
"ENSRNOG00000002751",91
"ENSRNOG00000030619",0
"ENSRNOG00000064823",0
"ENSRNOG00000068767",54
"ENSRNOG00000056492",0
"ENSRNOG00000038965",127
"ENSRNOG00000068658",0
"ENSRNOG00000056101",0
"ENSRNOG00000056547",0
"ENSRNOG00000030999",3
"ENSRNOG00000045695",1287
"ENSRNOG00000053806",0
"ENSRNOG00000050562",184
"ENSRNOG00000033335",51
"ENSRNOG00000063926",0
"ENSRNOG00000024350",0
"ENSRNOG00000063064",0
"ENSRNOG00000070212",0
"ENSRNOG00000009605",1715
"ENSRNOG00000066639",0
"ENSRNOG00000063299",0
"ENSRNOG00000012358",103
"ENSRNOG00000059086",0
"ENSRNOG00000066228",0
"ENSRNOG00000064102",0
"ENSRNOG00000061403",0
"ENSRNOG00000068302",0
"ENSRNOG00000063287",0
"ENSRNOG00000054339",23
"ENSRNOG00000056968",3
"ENSRNOG00000061586",0
"ENSRNOG00000065810",0
"ENSRNOG00000061686",0
"ENSRNOG00000064383",0
"ENSRNOG00000053780",0
"ENSRNOG00000049382",3239
"ENSRNOG00000062323",0
"ENSRNOG00000066895",0
"ENSRNOG00000031367",561
"ENSRNOG00000056300",0
"ENSRNOG00000065456",0
"ENSRNOG00000004120",3
"ENSRNOG00000042530",1
"ENSRNOG00000032970",0
"ENSRNOG00000057906",0
"ENSRNOG00000030228",1649
"ENSRNOG00000053153",0
"ENSRNOG00000004222",1
"ENSRNOG00000002365",0
"ENSRNOG00000028751",0
"ENSRNOG00000051365",0
"ENSRNOG00000065575",0
"ENSRNOG00000012787",810
"ENSRNOG00000065877",3
"ENSRNOG00000069354",0
"ENSRNOG00000066668",0
"ENSRNOG00000055009",1
"ENSRNOG00000004319",6945
"ENSRNOG00000065651",0
"ENSRNOG00000057745",0
"ENSRNOG00000004160",274
"ENSRNOG00000067660",32
"ENSRNOG00000057599",0
"ENSRNOG00000056159",0
"ENSRNOG00000002346",0
"ENSRNOG00000024479",0
"ENSRNOG00000061094",0
"ENSRNOG00000068889",0
"ENSRNOG00000067646",0
"ENSRNOG00000061385",0
"ENSRNOG00000062466",771
"ENSRNOG00000057375",0
"ENSRNOG00000004249",0
"ENSRNOG00000056135",762
"ENSRNOG00000060793",5938
"ENSRNOG00000066349",0
"ENSRNOG00000057784",0
"ENSRNOG00000037455",0
"ENSRNOG00000058350",0
"ENSRNOG00000026351",0
"ENSRNOG00000052132",0
"ENSRNOG00000047231",24
"ENSRNOG00000061703",1
"ENSRNOG00000025730",1106
"ENSRNOG00000006670",20
"ENSRNOG00000063434",0
"ENSRNOG00000066429",0
"ENSRNOG00000005402",273
"ENSRNOG00000059253",0
"ENSRNOG00000051360",0
"ENSRNOG00000049853",1
"ENSRNOG00000064790",0
"ENSRNOG00000025211",0
"ENSRNOG00000057907",0
"ENSRNOG00000010348",1
"ENSRNOG00000003705",3
"ENSRNOG00000053117",0
"ENSRNOG00000037661",1075
"ENSRNOG00000067126",0
"ENSRNOG00000070960",0
"ENSRNOG00000022848",0
"ENSRNOG00000055202",0
"ENSRNOG00000067179",0
"ENSRNOG00000037845",0
"ENSRNOG00000069728",0
"ENSRNOG00000049849",333
"ENSRNOG00000056042",0
"ENSRNOG00000022806",13
"ENSRNOG00000069345",0
"ENSRNOG00000029330",124
"ENSRNOG00000029078",0
"ENSRNOG00000065911",0
"ENSRNOG00000059358",0
"ENSRNOG00000002379",6
"ENSRNOG00000065371",0
"ENSRNOG00000023005",0
"ENSRNOG00000011729",10
"ENSRNOG00000065841",0
"ENSRNOG00000004676",347
"ENSRNOG00000066206",0
"ENSRNOG00000052694",1
"ENSRNOG00000060712",0
"ENSRNOG00000067906",0
"ENSRNOG00000068778",0
"ENSRNOG00000065427",0
"ENSRNOG00000069571",50
"ENSRNOG00000066440",0
"ENSRNOG00000048066",0
"ENSRNOG00000056924",0
"ENSRNOG00000065224",0
"ENSRNOG00000065883",921
"ENSRNOG00000037838",13
"ENSRNOG00000068927",0
"ENSRNOG00000002387",273
"ENSRNOG00000063107",0
"ENSRNOG00000062343",0
"ENSRNOG00000052123",0
"ENSRNOG00000053261",0
"ENSRNOG00000069846",0
"ENSRNOG00000064388",0
"ENSRNOG00000028822",1479
"ENSRNOG00000054644",0
"ENSRNOG00000000879",550
"ENSRNOG00000067319",0
"ENSRNOG00000002451",0
"ENSRNOG00000062658",0
"ENSRNOG00000032973",3
"ENSRNOG00000053584",0
"ENSRNOG00000060856",0
"ENSRNOG00000011113",0
"ENSRNOG00000048817",56
"ENSRNOG00000063933",5
"ENSRNOG00000051310",0
"ENSRNOG00000002428",37
"ENSRNOG00000067786",159
"ENSRNOG00000065631",54
"ENSRNOG00000061508",131
"ENSRNOG00000029935",0
"ENSRNOG00000067513",0
"ENSRNOG00000011508",94
"ENSRNOG00000056326",0
"ENSRNOG00000002921",1
"ENSRNOG00000027520",8470
"ENSRNOG00000054559",0
"ENSRNOG00000052401",3
"ENSRNOG00000070035",170
"ENSRNOG00000053104",0
"ENSRNOG00000037839",0
"ENSRNOG00000052165",0
"ENSRNOG00000052635",0
"ENSRNOG00000070771",0
"ENSRNOG00000056635",0
"ENSRNOG00000057644",0
"ENSRNOG00000056858",0
"ENSRNOG00000058703",0
"ENSRNOG00000012786",3023
"ENSRNOG00000045577",0
"ENSRNOG00000049985",189
"ENSRNOG00000054689",600
"ENSRNOG00000059000",0
"ENSRNOG00000056735",275
"ENSRNOG00000056465",0
"ENSRNOG00000067534",0
"ENSRNOG00000009746",177
"ENSRNOG00000058792",0
"ENSRNOG00000066758",0
"ENSRNOG00000058540",1
"ENSRNOG00000055485",9
"ENSRNOG00000064032",4
"ENSRNOG00000057825",0
"ENSRNOG00000067447",0
"ENSRNOG00000054805",0
"ENSRNOG00000004903",494
"ENSRNOG00000058904",0
"ENSRNOG00000006756",11722
"ENSRNOG00000067672",0
"ENSRNOG00000068061",0
"ENSRNOG00000061367",1315
"ENSRNOG00000063973",25
"ENSRNOG00000066168",1
"ENSRNOG00000068049",0
"ENSRNOG00000003187",140
"ENSRNOG00000066717",0
"ENSRNOG00000066062",0
"ENSRNOG00000058336",0
"ENSRNOG00000005303",380
"ENSRNOG00000056084",0
"ENSRNOG00000069859",0
"ENSRNOG00000003194",86
"ENSRNOG00000053885",0
"ENSRNOG00000059999",0
"ENSRNOG00000013162",8
"ENSRNOG00000070753",0
"ENSRNOG00000065170",0
"ENSRNOG00000022476",0
"ENSRNOG00000066034",0
"ENSRNOG00000070348",0
"ENSRNOG00000070790",0
"ENSRNOG00000060763",0
"ENSRNOG00000063275",1829
"ENSRNOG00000003191",497
"ENSRNOG00000068964",0
"ENSRNOG00000005387",7030
"ENSRNOG00000007733",213
"ENSRNOG00000004036",1422
"ENSRNOG00000027331",9
"ENSRNOG00000037658",132
"ENSRNOG00000030519",0
"ENSRNOG00000003622",4
"ENSRNOG00000047960",19
"ENSRNOG00000003836",0
"ENSRNOG00000014029",1426
"ENSRNOG00000033316",221
"ENSRNOG00000034182",489
"ENSRNOG00000007984",814
"ENSRNOG00000027767",0
"ENSRNOG00000012995",0
"ENSRNOG00000067596",0
"ENSRNOG00000048025",2563
"ENSRNOG00000057091",33
"ENSRNOG00000003954",0
"ENSRNOG00000062241",0
"ENSRNOG00000047339",464
"ENSRNOG00000003949",189
"ENSRNOG00000046021",15
"ENSRNOG00000027899",0
"ENSRNOG00000018923",2314
"ENSRNOG00000067767",0
"ENSRNOG00000063456",18
"ENSRNOG00000032132",0
"ENSRNOG00000056845",0
"ENSRNOG00000069852",0
"ENSRNOG00000050510",2403
"ENSRNOG00000002429",1
"ENSRNOG00000053351",0
"ENSRNOG00000003783",0
"ENSRNOG00000069303",5647
"ENSRNOG00000030759",377
"ENSRNOG00000046918",232
"ENSRNOG00000038269",0
"ENSRNOG00000004882",6
"ENSRNOG00000023256",0
"ENSRNOG00000038257",5
"ENSRNOG00000042751",0
"ENSRNOG00000040008",2
"ENSRNOG00000058952",0
"ENSRNOG00000002862",464
"ENSRNOG00000043229",0
"ENSRNOG00000050041",0
"ENSRNOG00000038066",0
"ENSRNOG00000067987",0
"ENSRNOG00000003726",21
"ENSRNOG00000071183",0
"ENSRNOG00000038046",0
"ENSRNOG00000000875",8348
"ENSRNOG00000062756",0
"ENSRNOG00000003848",2426
"ENSRNOG00000066828",0
"ENSRNOG00000054638",0
"ENSRNOG00000013018",504
"ENSRNOG00000038169",193
"ENSRNOG00000025383",1413
"ENSRNOG00000002984",0
"ENSRNOG00000031534",0
"ENSRNOG00000031517",4034
"ENSRNOG00000004197",68
"ENSRNOG00000008177",50
"ENSRNOG00000042687",0
"ENSRNOG00000048706",148
"ENSRNOG00000039305",0
"ENSRNOG00000003025",0
"ENSRNOG00000026267",1254
"ENSRNOG00000062879",6
"ENSRNOG00000033484",1
"ENSRNOG00000030877",0
"ENSRNOG00000042779",3
"ENSRNOG00000062360",746
"ENSRNOG00000003062",798
"ENSRNOG00000006877",220
"ENSRNOG00000021400",1
"ENSRNOG00000025290",1
"ENSRNOG00000031286",14
"ENSRNOG00000065591",30
"ENSRNOG00000003008",1
"ENSRNOG00000062346",0
"ENSRNOG00000027761",332
"ENSRNOG00000018301",216
"ENSRNOG00000048011",3
"ENSRNOG00000063494",3
"ENSRNOG00000002565",1192
"ENSRNOG00000066262",0
"ENSRNOG00000002660",126
"ENSRNOG00000062951",0
"ENSRNOG00000000871",0
"ENSRNOG00000003812",67
"ENSRNOG00000068306",1110
"ENSRNOG00000039323",2
"ENSRNOG00000028585",1419
"ENSRNOG00000031283",0
"ENSRNOG00000005736",3113
"ENSRNOG00000032807",655
"ENSRNOG00000028050",0
"ENSRNOG00000033458",0
"ENSRNOG00000042753",227
"ENSRNOG00000002784",0
"ENSRNOG00000040013",0
"ENSRNOG00000029090",0
"ENSRNOG00000037799",0
"ENSRNOG00000005135",86
"ENSRNOG00000066048",734
"ENSRNOG00000028044",0
"ENSRNOG00000021748",174
"ENSRNOG00000029736",0
"ENSRNOG00000065266",3
"ENSRNOG00000065209",1
"ENSRNOG00000032797",0
"ENSRNOG00000026315",0
"ENSRNOG00000027907",0
"ENSRNOG00000069568",583
"ENSRNOG00000069398",0
"ENSRNOG00000040033",0
"ENSRNOG00000003354",0
"ENSRNOG00000066859",0
"ENSRNOG00000053601",212
"ENSRNOG00000002592",0
"ENSRNOG00000046053",0
"ENSRNOG00000032390",0
"ENSRNOG00000003030",0
"ENSRNOG00000029850",0
"ENSRNOG00000002959",380
"ENSRNOG00000069000",0
"ENSRNOG00000054401",0
"ENSRNOG00000024884",0
"ENSRNOG00000021547",0
"ENSRNOG00000029087",108
"ENSRNOG00000048213",0
"ENSRNOG00000060542",274
"ENSRNOG00000029926",116
"ENSRNOG00000006642",349
"ENSRNOG00000007766",487
"ENSRNOG00000003377",0
"ENSRNOG00000067363",9
"ENSRNOG00000049355",2
"ENSRNOG00000046390",1
"ENSRNOG00000004322",16
"ENSRNOG00000028847",0
"ENSRNOG00000032208",1
"ENSRNOG00000037707",132
"ENSRNOG00000043182",290
"ENSRNOG00000058183",16
"ENSRNOG00000002291",221
"ENSRNOG00000049020",1
"ENSRNOG00000024801",601
"ENSRNOG00000000869",1049
"ENSRNOG00000030475",249
"ENSRNOG00000045618",0
"ENSRNOG00000062353",1588
"ENSRNOG00000046858",0
"ENSRNOG00000037610",0
"ENSRNOG00000039203",1446
"ENSRNOG00000034198",673
"ENSRNOG00000021589",8
"ENSRNOG00000067072",699
"ENSRNOG00000026227",0
"ENSRNOG00000019176",0
"ENSRNOG00000022939",340
"ENSRNOG00000037711",0
"ENSRNOG00000047100",2
"ENSRNOG00000022391",31
"ENSRNOG00000066509",0
"ENSRNOG00000037645",0
"ENSRNOG00000039192",5
"ENSRNOG00000040026",0
"ENSRNOG00000026265",0
"ENSRNOG00000066297",153
"ENSRNOG00000050465",294
"ENSRNOG00000010092",106
"ENSRNOG00000004795",0
"ENSRNOG00000012756",4
"ENSRNOG00000029512",23
"ENSRNOG00000064591",0
"ENSRNOG00000003430",0
"ENSRNOG00000039496",11573
"ENSRNOG00000039980",1088
"ENSRNOG00000030645",11
"ENSRNOG00000027658",0
"ENSRNOG00000049392",2
"ENSRNOG00000012564",296
"ENSRNOG00000069556",2
"ENSRNOG00000061620",0
"ENSRNOG00000022417",571
"ENSRNOG00000003554",295
"ENSRNOG00000031533",0
"ENSRNOG00000004409",0
"ENSRNOG00000070784",0
"ENSRNOG00000003707",1080
"ENSRNOG00000063745",0
"ENSRNOG00000063942",7
"ENSRNOG00000003734",22
"ENSRNOG00000068286",9
"ENSRNOG00000023016",0
"ENSRNOG00000063278",425
"ENSRNOG00000021434",0
"ENSRNOG00000039985",2372
"ENSRNOG00000048990",0
"ENSRNOG00000003456",0
"ENSRNOG00000037506",0
"ENSRNOG00000069375",5
"ENSRNOG00000071109",0
"ENSRNOG00000003742",161
"ENSRNOG00000063966",1490
"ENSRNOG00000033413",0
"ENSRNOG00000065461",0
"ENSRNOG00000033628",0
"ENSRNOG00000065004",14
"ENSRNOG00000029322",0
"ENSRNOG00000067186",0
"ENSRNOG00000007345",316
"ENSRNOG00000049908",187
"ENSRNOG00000063711",0
"ENSRNOG00000062329",24
"ENSRNOG00000069341",2
"ENSRNOG00000062994",0
"ENSRNOG00000058089",0
"ENSRNOG00000034150",1393
"ENSRNOG00000064868",0
"ENSRNOG00000030434",0
"ENSRNOG00000045535",667
"ENSRNOG00000062421",319
"ENSRNOG00000029788",0
"ENSRNOG00000066544",0
"ENSRNOG00000069643",0
"ENSRNOG00000058173",0
"ENSRNOG00000007688",82
"ENSRNOG00000067223",59
"ENSRNOG00000070469",0
"ENSRNOG00000066398",0
"ENSRNOG00000013321",2736
"ENSRNOG00000070141",0
"ENSRNOG00000059783",0
"ENSRNOG00000043487",0
"ENSRNOG00000005176",14
"ENSRNOG00000003472",430
"ENSRNOG00000067844",3
"ENSRNOG00000067113",0
"ENSRNOG00000067936",0
"ENSRNOG00000063423",0
"ENSRNOG00000047491",0
"ENSRNOG00000063525",0
"ENSRNOG00000002509",1737
"ENSRNOG00000060421",0
"ENSRNOG00000048356",564
"ENSRNOG00000040249",1
"ENSRNOG00000051885",4
"ENSRNOG00000058333",0
"ENSRNOG00000005681",1
"ENSRNOG00000070384",0
"ENSRNOG00000004971",193
"ENSRNOG00000052773",0
"ENSRNOG00000069211",1
"ENSRNOG00000050915",0
"ENSRNOG00000002449",940
"ENSRNOG00000059720",0
"ENSRNOG00000005157",5129
"ENSRNOG00000038970",1002
"ENSRNOG00000064829",190
"ENSRNOG00000064917",388
"ENSRNOG00000007014",4
"ENSRNOG00000068201",0
"ENSRNOG00000062296",19
"ENSRNOG00000037399",0
"ENSRNOG00000062231",393
"ENSRNOG00000065027",0
"ENSRNOG00000023440",96
"ENSRNOG00000000873",0
"ENSRNOG00000003531",0
"ENSRNOG00000024763",137
"ENSRNOG00000068015",0
"ENSRNOG00000068349",2
"ENSRNOG00000046097",0
"ENSRNOG00000068897",0
"ENSRNOG00000051726",0
"ENSRNOG00000007495",1
"ENSRNOG00000065503",0
"ENSRNOG00000002537",139
"ENSRNOG00000003883",95
"ENSRNOG00000003532",1
"ENSRNOG00000071107",0
"ENSRNOG00000043402",0
"ENSRNOG00000071186",0
"ENSRNOG00000064144",0
"ENSRNOG00000070324",0
"ENSRNOG00000003809",2128
"ENSRNOG00000060137",342
"ENSRNOG00000071039",0
"ENSRNOG00000000866",1613
"ENSRNOG00000003763",1127
"ENSRNOG00000032418",0
"ENSRNOG00000024322",94
"ENSRNOG00000000861",1
"ENSRNOG00000032629",0
"ENSRNOG00000006632",1270
"ENSRNOG00000011562",1
"ENSRNOG00000057706",1451
"ENSRNOG00000002413",3375
"ENSRNOG00000070217",7
"ENSRNOG00000061782",368
"ENSRNOG00000049579",0
"ENSRNOG00000007644",751
"ENSRNOG00000003049",714
"ENSRNOG00000003409",0
"ENSRNOG00000003081",57
"ENSRNOG00000064007",0
"ENSRNOG00000069252",1
"ENSRNOG00000003139",1398
"ENSRNOG00000003860",5
"ENSRNOG00000027831",99
"ENSRNOG00000029158",0
"ENSRNOG00000012560",0
"ENSRNOG00000003713",0
"ENSRNOG00000058975",1091
"ENSRNOG00000046662",996
"ENSRNOG00000060486",85
"ENSRNOG00000063224",0
"ENSRNOG00000063647",3
"ENSRNOG00000058521",0
"ENSRNOG00000066658",0
"ENSRNOG00000001465",11039
"ENSRNOG00000070796",0
"ENSRNOG00000037381",0
"ENSRNOG00000031222",0
"ENSRNOG00000063675",0
"ENSRNOG00000058507",22
"ENSRNOG00000048059",3
"ENSRNOG00000011047",994
"ENSRNOG00000063254",229
"ENSRNOG00000011096",267
"ENSRNOG00000063631",18
"ENSRNOG00000067343",3
"ENSRNOG00000062315",0
"ENSRNOG00000069253",0
"ENSRNOG00000052572",1
"ENSRNOG00000022882",6009
"ENSRNOG00000064535",301
"ENSRNOG00000053397",13
"ENSRNOG00000003435",4
"ENSRNOG00000061428",0
"ENSRNOG00000056855",0
"ENSRNOG00000067514",94
"ENSRNOG00000069396",199
"ENSRNOG00000015544",736
"ENSRNOG00000011335",0
"ENSRNOG00000066670",0
"ENSRNOG00000057464",530
"ENSRNOG00000062783",0
"ENSRNOG00000059593",372
"ENSRNOG00000068777",0
"ENSRNOG00000053402",3
"ENSRNOG00000051704",16
"ENSRNOG00000048606",1050
"ENSRNOG00000052022",0
"ENSRNOG00000058317",0
"ENSRNOG00000064273",0
"ENSRNOG00000056558",0
"ENSRNOG00000066176",0
"ENSRNOG00000069761",0
"ENSRNOG00000070033",461
"ENSRNOG00000068983",0
"ENSRNOG00000055822",0
"ENSRNOG00000068104",1
"ENSRNOG00000069789",0
"ENSRNOG00000056765",36313
"ENSRNOG00000066728",0
"ENSRNOG00000058882",1173
"ENSRNOG00000055185",0
"ENSRNOG00000061182",0
"ENSRNOG00000050177",0
"ENSRNOG00000055756",1489
"ENSRNOG00000056524",616
"ENSRNOG00000064693",3
"ENSRNOG00000057620",3959
"ENSRNOG00000054272",816
"ENSRNOG00000006082",35
"ENSRNOG00000068860",2
"ENSRNOG00000006523",344
"ENSRNOG00000063707",0
"ENSRNOG00000062976",0
"ENSRNOG00000064245",0
"ENSRNOG00000006929",864
"ENSRNOG00000062682",0
"ENSRNOG00000063148",0
"ENSRNOG00000040287",10437
"ENSRNOG00000066971",0
"ENSRNOG00000065042",2
"ENSRNOG00000067603",0
"ENSRNOG00000032136",312
"ENSRNOG00000062915",0
"ENSRNOG00000033376",0
"ENSRNOG00000065459",0
"ENSRNOG00000004706",0
"ENSRNOG00000066380",0
"ENSRNOG00000069750",0
"ENSRNOG00000071091",0
"ENSRNOG00000066590",0
"ENSRNOG00000068696",0
"ENSRNOG00000070047",0
"ENSRNOG00000063672",0
"ENSRNOG00000025926",913
"ENSRNOG00000070891",0
"ENSRNOG00000068413",0
"ENSRNOG00000065690",0
"ENSRNOG00000004806",761
"ENSRNOG00000015796",94
"ENSRNOG00000007023",900
"ENSRNOG00000015667",0
"ENSRNOG00000005289",2653
"ENSRNOG00000015059",1053
"ENSRNOG00000016110",3
"ENSRNOG00000067942",12
"ENSRNOG00000067086",997
"ENSRNOG00000068285",0
"ENSRNOG00000005279",271
"ENSRNOG00000040136",1
"ENSRNOG00000024372",140
"ENSRNOG00000005087",715
"ENSRNOG00000024525",229
"ENSRNOG00000014879",1077
"ENSRNOG00000064368",101
"ENSRNOG00000066755",301
"ENSRNOG00000016528",454
"ENSRNOG00000015566",19
"ENSRNOG00000005705",10
"ENSRNOG00000028504",3050
"ENSRNOG00000016703",12
"ENSRNOG00000005810",0
"ENSRNOG00000016688",2143
"ENSRNOG00000042932",549
"ENSRNOG00000015603",240
"ENSRNOG00000030328",452
"ENSRNOG00000062519",1
"ENSRNOG00000016712",0
"ENSRNOG00000015215",347
"ENSRNOG00000032703",154
"ENSRNOG00000062904",29
"ENSRNOG00000015325",666
"ENSRNOG00000005856",362
"ENSRNOG00000046926",0
"ENSRNOG00000016783",0
"ENSRNOG00000049335",9
"ENSRNOG00000070800",2
"ENSRNOG00000021318",595
"ENSRNOG00000040110",1085
"ENSRNOG00000048315",746
"ENSRNOG00000002516",421
"ENSRNOG00000014720",518
"ENSRNOG00000068029",10
"ENSRNOG00000069334",0
"ENSRNOG00000050220",4
"ENSRNOG00000057031",4
"ENSRNOG00000007172",3169
"ENSRNOG00000005124",781
"ENSRNOG00000069544",2
"ENSRNOG00000070393",0
"ENSRNOG00000005420",0
"ENSRNOG00000066978",0
"ENSRNOG00000016396",1057
"ENSRNOG00000005250",0
"ENSRNOG00000016134",274
"ENSRNOG00000063108",1746
"ENSRNOG00000015559",0
"ENSRNOG00000030667",572
"ENSRNOG00000062020",0
"ENSRNOG00000068059",0
"ENSRNOG00000051000",2
"ENSRNOG00000069250",0
"ENSRNOG00000004188",1
"ENSRNOG00000029776",0
"ENSRNOG00000049398",1
"ENSRNOG00000062685",0
"ENSRNOG00000069124",0
"ENSRNOG00000040045",295
"ENSRNOG00000004577",637
"ENSRNOG00000052193",1
"ENSRNOG00000031342",486
"ENSRNOG00000005877",1853
"ENSRNOG00000028518",0
"ENSRNOG00000002495",11
"ENSRNOG00000065320",1
"ENSRNOG00000031564",0
"ENSRNOG00000005067",7335
"ENSRNOG00000024310",5
"ENSRNOG00000050408",0
"ENSRNOG00000004208",887
"ENSRNOG00000032523",22
"ENSRNOG00000030629",167
"ENSRNOG00000064208",3
"ENSRNOG00000062523",8
"ENSRNOG00000065148",1001
"ENSRNOG00000064848",78
"ENSRNOG00000046279",20
"ENSRNOG00000063865",0
"ENSRNOG00000007744",349
"ENSRNOG00000068283",0
"ENSRNOG00000029871",0
"ENSRNOG00000068823",0
"ENSRNOG00000068981",0
"ENSRNOG00000030034",8
"ENSRNOG00000067080",0
"ENSRNOG00000039207",6
"ENSRNOG00000047115",331
"ENSRNOG00000007326",1606
"ENSRNOG00000047877",0
"ENSRNOG00000056825",1
"ENSRNOG00000063683",0
"ENSRNOG00000007951",0
"ENSRNOG00000011091",0
"ENSRNOG00000065478",11
"ENSRNOG00000069569",17
"ENSRNOG00000032513",1
"ENSRNOG00000068008",0
"ENSRNOG00000066939",8
"ENSRNOG00000064210",11
"ENSRNOG00000006399",1494
"ENSRNOG00000067232",140
"ENSRNOG00000068503",0
"ENSRNOG00000067053",0
"ENSRNOG00000069610",312
"ENSRNOG00000067921",0
"ENSRNOG00000062245",2346
"ENSRNOG00000027136",595
"ENSRNOG00000070156",0
"ENSRNOG00000062594",0
"ENSRNOG00000029594",2305
"ENSRNOG00000067976",914
"ENSRNOG00000064776",0
"ENSRNOG00000031317",0
"ENSRNOG00000007006",547
"ENSRNOG00000030058",0
"ENSRNOG00000066517",0
"ENSRNOG00000068318",1
"ENSRNOG00000002874",407
"ENSRNOG00000066790",0
"ENSRNOG00000065578",59
"ENSRNOG00000034026",1035
"ENSRNOG00000030869",53
"ENSRNOG00000063393",3
"ENSRNOG00000068021",1
"ENSRNOG00000027126",0
"ENSRNOG00000062958",0
"ENSRNOG00000069324",1
"ENSRNOG00000031285",305
"ENSRNOG00000005151",564
"ENSRNOG00000066637",10472
"ENSRNOG00000004589",0
"ENSRNOG00000067538",3
"ENSRNOG00000022697",0
"ENSRNOG00000006340",2693
"ENSRNOG00000068506",0
"ENSRNOG00000008614",554
"ENSRNOG00000049817",0
"ENSRNOG00000068533",171
"ENSRNOG00000067189",2
"ENSRNOG00000069525",5
"ENSRNOG00000062652",37824
"ENSRNOG00000067745",34
"ENSRNOG00000064997",2
"ENSRNOG00000026742",2012
"ENSRNOG00000038771",7
"ENSRNOG00000064247",0
"ENSRNOG00000066665",202
"ENSRNOG00000065542",8
"ENSRNOG00000008584",67
"ENSRNOG00000004163",0
"ENSRNOG00000066455",1
"ENSRNOG00000064012",2
"ENSRNOG00000067139",0
"ENSRNOG00000021403",2426
"ENSRNOG00000069562",0
"ENSRNOG00000025899",824
"ENSRNOG00000004509",555
"ENSRNOG00000069167",0
"ENSRNOG00000007459",3860
"ENSRNOG00000062786",12
"ENSRNOG00000028058",0
"ENSRNOG00000066124",1
"ENSRNOG00000067724",14
"ENSRNOG00000066295",1
"ENSRNOG00000063720",18
"ENSRNOG00000069486",0
"ENSRNOG00000067604",0
"ENSRNOG00000005053",27
"ENSRNOG00000069595",310
"ENSRNOG00000065782",0
"ENSRNOG00000062750",0
"ENSRNOG00000004499",4
"ENSRNOG00000065519",271
"ENSRNOG00000027042",0
"ENSRNOG00000008299",0
"ENSRNOG00000068248",1
"ENSRNOG00000069517",0
"ENSRNOG00000033058",113
"ENSRNOG00000031263",0
"ENSRNOG00000068280",0
"ENSRNOG00000070424",2616
"ENSRNOG00000066530",0
"ENSRNOG00000029172",188
"ENSRNOG00000042697",15
"ENSRNOG00000065241",247
"ENSRNOG00000070862",0
"ENSRNOG00000065535",0
"ENSRNOG00000069422",0
"ENSRNOG00000068162",7
"ENSRNOG00000065552",0
"ENSRNOG00000007081",2756
"ENSRNOG00000006599",0
"ENSRNOG00000004535",0
"ENSRNOG00000066075",1
"ENSRNOG00000007237",391
"ENSRNOG00000029835",23
"ENSRNOG00000066896",1
"ENSRNOG00000008086",1
"ENSRNOG00000064224",0
"ENSRNOG00000069102",0
"ENSRNOG00000063453",0
"ENSRNOG00000004526",2583
"ENSRNOG00000009039",784
"ENSRNOG00000004582",35
"ENSRNOG00000063643",0
"ENSRNOG00000070058",0
"ENSRNOG00000070426",13
"ENSRNOG00000066119",56
"ENSRNOG00000067664",0
"ENSRNOG00000055777",2840
"ENSRNOG00000070307",4
"ENSRNOG00000063858",0
"ENSRNOG00000068442",0
"ENSRNOG00000010126",149
"ENSRNOG00000051551",0
"ENSRNOG00000009285",272
"ENSRNOG00000012062",9906
"ENSRNOG00000056011",393
"ENSRNOG00000038335",0
"ENSRNOG00000065489",0
"ENSRNOG00000068325",1
"ENSRNOG00000042752",40
"ENSRNOG00000068738",16
"ENSRNOG00000012085",384
"ENSRNOG00000053311",0
"ENSRNOG00000066833",0
"ENSRNOG00000042542",0
"ENSRNOG00000068002",3
"ENSRNOG00000033090",2410
"ENSRNOG00000063339",1093
"ENSRNOG00000011026",984
"ENSRNOG00000063888",0
"ENSRNOG00000067219",0
"ENSRNOG00000066815",0
"ENSRNOG00000064769",296
"ENSRNOG00000062878",0
"ENSRNOG00000071076",0
"ENSRNOG00000009151",150
"ENSRNOG00000066282",33
"ENSRNOG00000050817",309
"ENSRNOG00000061911",2
"ENSRNOG00000012652",0
"ENSRNOG00000008644",0
"ENSRNOG00000070197",0
"ENSRNOG00000032375",0
"ENSRNOG00000068075",13
"ENSRNOG00000052017",0
"ENSRNOG00000063825",193
"ENSRNOG00000027317",1776
"ENSRNOG00000053429",0
"ENSRNOG00000005610",194
"ENSRNOG00000005249",1437
"ENSRNOG00000069735",0
"ENSRNOG00000067643",0
"ENSRNOG00000030294",378
"ENSRNOG00000004269",0
"ENSRNOG00000004262",285
"ENSRNOG00000039902",2671
"ENSRNOG00000067034",0
"ENSRNOG00000066171",4
"ENSRNOG00000032348",137
"ENSRNOG00000005826",4910
"ENSRNOG00000004657",3247
"ENSRNOG00000066846",7
"ENSRNOG00000008683",8
"ENSRNOG00000067897",0
"ENSRNOG00000063718",36
"ENSRNOG00000006321",21
"ENSRNOG00000067198",2
"ENSRNOG00000070054",3
"ENSRNOG00000068419",18
"ENSRNOG00000071152",0
"ENSRNOG00000004360",200
"ENSRNOG00000066662",0
"ENSRNOG00000008806",6
"ENSRNOG00000068595",9
"ENSRNOG00000004696",1448
"ENSRNOG00000008942",24
"ENSRNOG00000063663",0
"ENSRNOG00000007390",379
"ENSRNOG00000056792",0
"ENSRNOG00000071054",0
"ENSRNOG00000027191",4815
"ENSRNOG00000006976",483
"ENSRNOG00000065348",145
"ENSRNOG00000005144",434
"ENSRNOG00000006878",0
"ENSRNOG00000007254",38
"ENSRNOG00000008931",10
"ENSRNOG00000004205",106
"ENSRNOG00000060614",7996
"ENSRNOG00000004199",204
"ENSRNOG00000004103",156
"ENSRNOG00000007690",10
"ENSRNOG00000025317",134
"ENSRNOG00000065555",308
"ENSRNOG00000004646",0
"ENSRNOG00000004061",421
"ENSRNOG00000026316",580
"ENSRNOG00000008082",41
"ENSRNOG00000009385",1
"ENSRNOG00000009284",1
"ENSRNOG00000008479",1958
"ENSRNOG00000004928",3
"ENSRNOG00000004612",4385
"ENSRNOG00000022791",0
"ENSRNOG00000007253",338
"ENSRNOG00000027305",1
"ENSRNOG00000068412",1353
"ENSRNOG00000009790",4
"ENSRNOG00000062834",292
"ENSRNOG00000069769",696
"ENSRNOG00000058692",2
"ENSRNOG00000046262",1
"ENSRNOG00000066667",1
"ENSRNOG00000007907",197
"ENSRNOG00000005660",14
"ENSRNOG00000007646",1823
"ENSRNOG00000066260",0
"ENSRNOG00000024905",0
"ENSRNOG00000006828",542
"ENSRNOG00000026037",35
"ENSRNOG00000009079",403
"ENSRNOG00000004382",840
"ENSRNOG00000005285",268
"ENSRNOG00000004723",573
"ENSRNOG00000005550",0
"ENSRNOG00000057813",269
"ENSRNOG00000007884",183
"ENSRNOG00000004685",876
"ENSRNOG00000046740",2462
"ENSRNOG00000067489",1
"ENSRNOG00000046896",0
"ENSRNOG00000005061",2104
"ENSRNOG00000068245",2
"ENSRNOG00000006986",100
"ENSRNOG00000004534",20
"ENSRNOG00000047941",1
"ENSRNOG00000006364",677
"ENSRNOG00000004901",147
"ENSRNOG00000032776",734
"ENSRNOG00000040266",57
"ENSRNOG00000026905",1168
"ENSRNOG00000064975",704
"ENSRNOG00000005530",5
"ENSRNOG00000027332",24
"ENSRNOG00000050570",2267
"ENSRNOG00000004927",608
"ENSRNOG00000027343",0
"ENSRNOG00000023591",478
"ENSRNOG00000053460",1
"ENSRNOG00000008155",118
"ENSRNOG00000006090",1
"ENSRNOG00000029637",0
"ENSRNOG00000004941",360
"ENSRNOG00000006146",0
"ENSRNOG00000007043",137
"ENSRNOG00000009856",3459
"ENSRNOG00000049989",328
"ENSRNOG00000069218",0
"ENSRNOG00000051280",174
"ENSRNOG00000004364",1757
"ENSRNOG00000067360",91
"ENSRNOG00000056610",649
"ENSRNOG00000058973",269
"ENSRNOG00000007114",434
"ENSRNOG00000006204",7
"ENSRNOG00000005998",6441
"ENSRNOG00000027360",1009
"ENSRNOG00000008423",1
"ENSRNOG00000004710",58
"ENSRNOG00000008927",1751
"ENSRNOG00000008961",909
"ENSRNOG00000008249",855
"ENSRNOG00000025388",78
"ENSRNOG00000063368",10
"ENSRNOG00000042333",123
"ENSRNOG00000055899",1
"ENSRNOG00000008996",3
"ENSRNOG00000047455",0
"ENSRNOG00000005298",387
"ENSRNOG00000008291",249
"ENSRNOG00000056721",428
"ENSRNOG00000010553",18
"ENSRNOG00000010800",7602
"ENSRNOG00000010653",465
"ENSRNOG00000009754",1711
"ENSRNOG00000011918",7
"ENSRNOG00000026884",1203
"ENSRNOG00000023093",109
"ENSRNOG00000007106",930
"ENSRNOG00000024629",2893
"ENSRNOG00000047312",0
"ENSRNOG00000048145",0
"ENSRNOG00000068687",251
"ENSRNOG00000032391",4299
"ENSRNOG00000065342",1
"ENSRNOG00000036490",0
"ENSRNOG00000022970",0
"ENSRNOG00000005260",327
"ENSRNOG00000003988",314
"ENSRNOG00000035618",0
"ENSRNOG00000068695",4
"ENSRNOG00000035634",0
"ENSRNOG00000026344",12
"ENSRNOG00000035612",0
"ENSRNOG00000007061",52
"ENSRNOG00000046172",1890
"ENSRNOG00000023230",98
"ENSRNOG00000010194",139
"ENSRNOG00000046763",49
"ENSRNOG00000012094",1870
"ENSRNOG00000047143",119
"ENSRNOG00000045892",1337
"ENSRNOG00000005301",584
"ENSRNOG00000011040",522
"ENSRNOG00000063727",0
"ENSRNOG00000022738",3674
"ENSRNOG00000050114",1
"ENSRNOG00000049783",2595
"ENSRNOG00000069999",15
"ENSRNOG00000067033",0
"ENSRNOG00000005522",48
"ENSRNOG00000028650",1951
"ENSRNOG00000049615",7
"ENSRNOG00000056904",1432
"ENSRNOG00000010227",201
"ENSRNOG00000067279",0
"ENSRNOG00000000618",8
"ENSRNOG00000050386",0
"ENSRNOG00000011111",980
"ENSRNOG00000037436",0
"ENSRNOG00000064159",0
"ENSRNOG00000024766",1
"ENSRNOG00000003759",64
"ENSRNOG00000049430",907
"ENSRNOG00000047088",5219
"ENSRNOG00000004521",779
"ENSRNOG00000010646",36
"ENSRNOG00000004158",923
"ENSRNOG00000065590",0
"ENSRNOG00000012950",79
"ENSRNOG00000012146",705
"ENSRNOG00000005410",21
"ENSRNOG00000004629",325
"ENSRNOG00000047708",542
"ENSRNOG00000010750",197
"ENSRNOG00000003908",108
"ENSRNOG00000039815",305
"ENSRNOG00000062909",0
"ENSRNOG00000005371",334
"ENSRNOG00000070656",0
"ENSRNOG00000064799",439
"ENSRNOG00000004342",2376
"ENSRNOG00000004196",626
"ENSRNOG00000050413",8
"ENSRNOG00000003732",727
"ENSRNOG00000066482",0
"ENSRNOG00000007141",342
"ENSRNOG00000004218",169
"ENSRNOG00000005054",2
"ENSRNOG00000012264",630
"ENSRNOG00000004068",1590
"ENSRNOG00000005451",0
"ENSRNOG00000025689",388
"ENSRNOG00000012314",187
"ENSRNOG00000010567",185
"ENSRNOG00000025736",0
"ENSRNOG00000005650",152
"ENSRNOG00000004415",1386
"ENSRNOG00000037998",1111
"ENSRNOG00000009898",0
"ENSRNOG00000027960",102
"ENSRNOG00000009905",0
"ENSRNOG00000067599",0
"ENSRNOG00000025726",1
"ENSRNOG00000005678",9422
"ENSRNOG00000005003",2
"ENSRNOG00000051056",241
"ENSRNOG00000011334",1
"ENSRNOG00000046741",675
"ENSRNOG00000008246",1025
"ENSRNOG00000003955",618
"ENSRNOG00000008047",1
"ENSRNOG00000062802",0
"ENSRNOG00000028629",3676
"ENSRNOG00000067630",0
"ENSRNOG00000062500",88
"ENSRNOG00000009448",15
"ENSRNOG00000011101",471
"ENSRNOG00000064692",0
"ENSRNOG00000008612",1364
"ENSRNOG00000021751",18
"ENSRNOG00000010730",0
"ENSRNOG00000005154",0
"ENSRNOG00000010259",0
"ENSRNOG00000046256",1455
"ENSRNOG00000004994",0
"ENSRNOG00000008501",1
"ENSRNOG00000009967",0
"ENSRNOG00000021475",954
"ENSRNOG00000009653",1075
"ENSRNOG00000028640",425
"ENSRNOG00000006119",0
"ENSRNOG00000037562",64
"ENSRNOG00000048378",0
"ENSRNOG00000068680",3
"ENSRNOG00000006467",1664
"ENSRNOG00000004186",828
"ENSRNOG00000014595",227
"ENSRNOG00000005542",2
"ENSRNOG00000011719",4
"ENSRNOG00000014693",671
"ENSRNOG00000004542",686
"ENSRNOG00000026474",1983
"ENSRNOG00000063964",315
"ENSRNOG00000009110",1381
"ENSRNOG00000009459",1177
"ENSRNOG00000011285",0
"ENSRNOG00000006046",0
"ENSRNOG00000056141",23
"ENSRNOG00000004300",736
"ENSRNOG00000048874",7
"ENSRNOG00000023508",1
"ENSRNOG00000033776",3869
"ENSRNOG00000049088",39
"ENSRNOG00000008610",207
"ENSRNOG00000012210",1632
"ENSRNOG00000057628",517
"ENSRNOG00000010415",457
"ENSRNOG00000063175",0
"ENSRNOG00000067159",9
"ENSRNOG00000034190",0
"ENSRNOG00000048981",381
"ENSRNOG00000059106",0
"ENSRNOG00000064221",0
"ENSRNOG00000028155",214
"ENSRNOG00000062788",0
"ENSRNOG00000028783",790
"ENSRNOG00000064356",0
"ENSRNOG00000054892",0
"ENSRNOG00000007923",600
"ENSRNOG00000066742",0
"ENSRNOG00000064938",163
"ENSRNOG00000050312",8
"ENSRNOG00000063558",0
"ENSRNOG00000005046",543
"ENSRNOG00000070473",0
"ENSRNOG00000070272",0
"ENSRNOG00000068546",0
"ENSRNOG00000004242",84
"ENSRNOG00000065483",0
"ENSRNOG00000008015",495
"ENSRNOG00000025049",0
"ENSRNOG00000066357",0
"ENSRNOG00000059947",833
"ENSRNOG00000067258",0
"ENSRNOG00000026578",0
"ENSRNOG00000004709",1041
"ENSRNOG00000065959",0
"ENSRNOG00000010457",77
"ENSRNOG00000069158",0
"ENSRNOG00000051710",0
"ENSRNOG00000066107",0
"ENSRNOG00000065996",0
"ENSRNOG00000003999",193
"ENSRNOG00000005770",0
"ENSRNOG00000062991",0
"ENSRNOG00000008588",1
"ENSRNOG00000051976",0
"ENSRNOG00000059295",875
"ENSRNOG00000063789",0
"ENSRNOG00000068799",0
"ENSRNOG00000065834",0
"ENSRNOG00000061433",0
"ENSRNOG00000071213",0
"ENSRNOG00000004425",40
"ENSRNOG00000050111",58
"ENSRNOG00000008754",230
"ENSRNOG00000005470",241
"ENSRNOG00000067815",0
"ENSRNOG00000023116",3
"ENSRNOG00000067688",0
"ENSRNOG00000063638",0
"ENSRNOG00000004059",87
"ENSRNOG00000063750",0
"ENSRNOG00000008812",1255
"ENSRNOG00000053761",0
"ENSRNOG00000064450",0
"ENSRNOG00000070986",0
"ENSRNOG00000060721",0
"ENSRNOG00000068804",0
"ENSRNOG00000064737",17
"ENSRNOG00000063542",0
"ENSRNOG00000006062",1191
"ENSRNOG00000027707",490
"ENSRNOG00000066035",25
"ENSRNOG00000004239",1
"ENSRNOG00000066457",0
"ENSRNOG00000030332",0
"ENSRNOG00000005718",175
"ENSRNOG00000062402",0
"ENSRNOG00000067691",4
"ENSRNOG00000068455",0
"ENSRNOG00000070538",0
"ENSRNOG00000006588",1182
"ENSRNOG00000032178",216
"ENSRNOG00000063661",0
"ENSRNOG00000063928",0
"ENSRNOG00000069392",84
"ENSRNOG00000008781",819
"ENSRNOG00000070039",6
"ENSRNOG00000066459",0
"ENSRNOG00000005264",951
"ENSRNOG00000067294",0
"ENSRNOG00000065039",0
"ENSRNOG00000060568",699
"ENSRNOG00000068630",0
"ENSRNOG00000065917",0
"ENSRNOG00000067879",0
"ENSRNOG00000046064",8
"ENSRNOG00000053121",0
"ENSRNOG00000011394",222
"ENSRNOG00000005096",2191
"ENSRNOG00000051923",0
"ENSRNOG00000004908",899
"ENSRNOG00000063188",244
"ENSRNOG00000054705",0
"ENSRNOG00000004234",1448
"ENSRNOG00000061723",0
"ENSRNOG00000064344",0
"ENSRNOG00000063323",1
"ENSRNOG00000070565",0
"ENSRNOG00000059576",0
"ENSRNOG00000065018",0
"ENSRNOG00000057665",1
"ENSRNOG00000063791",0
"ENSRNOG00000005023",0
"ENSRNOG00000052171",1
"ENSRNOG00000036243",0
"ENSRNOG00000062520",0
"ENSRNOG00000036489",0
"ENSRNOG00000063060",73
"ENSRNOG00000011908",1449
"ENSRNOG00000068022",0
"ENSRNOG00000059648",0
"ENSRNOG00000035409",0
"ENSRNOG00000005733",1776
"ENSRNOG00000040386",0
"ENSRNOG00000060643",0
"ENSRNOG00000064481",0
"ENSRNOG00000045015",0
"ENSRNOG00000053020",0
"ENSRNOG00000066562",0
"ENSRNOG00000063355",6
"ENSRNOG00000005623",1783
"ENSRNOG00000071087",0
"ENSRNOG00000004899",1
"ENSRNOG00000035574",0
"ENSRNOG00000070406",0
"ENSRNOG00000057513",0
"ENSRNOG00000036492",0
"ENSRNOG00000058165",0
"ENSRNOG00000062646",0
"ENSRNOG00000036496",0
"ENSRNOG00000056412",0
"ENSRNOG00000036499",0
"ENSRNOG00000061016",0
"ENSRNOG00000036493",0
"ENSRNOG00000065181",0
"ENSRNOG00000066677",0
"ENSRNOG00000035507",0
"ENSRNOG00000004474",712
"ENSRNOG00000065445",0
"ENSRNOG00000035490",0
"ENSRNOG00000009318",820
"ENSRNOG00000053799",0
"ENSRNOG00000035625",0
"ENSRNOG00000060052",0
"ENSRNOG00000069022",0
"ENSRNOG00000040354",0
"ENSRNOG00000062762",0
"ENSRNOG00000061364",0
"ENSRNOG00000050073",0
"ENSRNOG00000070846",0
"ENSRNOG00000036488",0
"ENSRNOG00000053000",0
"ENSRNOG00000040406",0
"ENSRNOG00000062609",0
"ENSRNOG00000004210",2525
"ENSRNOG00000036487",0
"ENSRNOG00000054621",0
"ENSRNOG00000004083",1997
"ENSRNOG00000065055",0
"ENSRNOG00000040358",0
"ENSRNOG00000058196",0
"ENSRNOG00000035615",0
"ENSRNOG00000070589",0
"ENSRNOG00000036491",0
"ENSRNOG00000065156",0
"ENSRNOG00000057500",0
"ENSRNOG00000048292",0
"ENSRNOG00000059614",0
"ENSRNOG00000006199",83
"ENSRNOG00000067155",0
"ENSRNOG00000036497",0
"ENSRNOG00000053684",0
"ENSRNOG00000011914",419
"ENSRNOG00000006865",9921
"ENSRNOG00000041468",0
"ENSRNOG00000056761",0
"ENSRNOG00000065431",4
"ENSRNOG00000067516",0
"ENSRNOG00000036249",0
"ENSRNOG00000059872",0
"ENSRNOG00000035573",0
"ENSRNOG00000051602",1
"ENSRNOG00000064415",0
"ENSRNOG00000070132",0
"ENSRNOG00000070000",0
"ENSRNOG00000009867",1452
"ENSRNOG00000049586",0
"ENSRNOG00000059869",0
"ENSRNOG00000065476",0
"ENSRNOG00000036486",0
"ENSRNOG00000063963",0
"ENSRNOG00000035515",0
"ENSRNOG00000056128",184
"ENSRNOG00000066123",0
"ENSRNOG00000066281",0
"ENSRNOG00000059151",0
"ENSRNOG00000040384",0
"ENSRNOG00000059370",0
"ENSRNOG00000066796",0
"ENSRNOG00000035527",0
"ENSRNOG00000035557",0
"ENSRNOG00000058527",0
"ENSRNOG00000035489",0
"ENSRNOG00000056323",1
"ENSRNOG00000065406",0
"ENSRNOG00000035470",0
"ENSRNOG00000057539",0
"ENSRNOG00000004498",0
"ENSRNOG00000036498",0
"ENSRNOG00000066892",0
"ENSRNOG00000059972",0
"ENSRNOG00000052456",0
"ENSRNOG00000035473",0
"ENSRNOG00000062767",0
"ENSRNOG00000035487",0
"ENSRNOG00000058064",0
"ENSRNOG00000064349",0
"ENSRNOG00000065305",286
"ENSRNOG00000040355",0
"ENSRNOG00000064436",0
"ENSRNOG00000039110",30
"ENSRNOG00000035600",0
"ENSRNOG00000053107",0
"ENSRNOG00000065952",0
"ENSRNOG00000054823",0
"ENSRNOG00000048809",0
"ENSRNOG00000004207",12
"ENSRNOG00000065490",0
"ENSRNOG00000036244",0
"ENSRNOG00000067682",0
"ENSRNOG00000061206",0
"ENSRNOG00000026649",208
"ENSRNOG00000064746",0
"ENSRNOG00000052215",0
"ENSRNOG00000006180",3846
"ENSRNOG00000040351",0
"ENSRNOG00000035497",0
"ENSRNOG00000068244",0
"ENSRNOG00000068111",0
"ENSRNOG00000035556",0
"ENSRNOG00000055941",1
"ENSRNOG00000004826",578
"ENSRNOG00000055274",0
"ENSRNOG00000035454",0
"ENSRNOG00000030771",0
"ENSRNOG00000069018",0
"ENSRNOG00000012686",10
"ENSRNOG00000035528",0
"ENSRNOG00000069838",0
"ENSRNOG00000053907",0
"ENSRNOG00000050479",0
"ENSRNOG00000070179",0
"ENSRNOG00000036263",0
"ENSRNOG00000004464",5571
"ENSRNOG00000064775",0
"ENSRNOG00000054830",0
"ENSRNOG00000064207",0
"ENSRNOG00000048004",12
"ENSRNOG00000061087",0
"ENSRNOG00000051913",0
"ENSRNOG00000030812",0
"ENSRNOG00000055074",0
"ENSRNOG00000052438",0
"ENSRNOG00000029121",0
"ENSRNOG00000063897",0
"ENSRNOG00000050997",782
"ENSRNOG00000061746",0
"ENSRNOG00000027645",0
"ENSRNOG00000069444",0
"ENSRNOG00000070951",1618
"ENSRNOG00000058769",0
"ENSRNOG00000052462",0
"ENSRNOG00000055167",0
"ENSRNOG00000062657",0
"ENSRNOG00000066819",1
"ENSRNOG00000066213",0
"ENSRNOG00000051985",0
"ENSRNOG00000063341",0
"ENSRNOG00000003972",1
"ENSRNOG00000059185",0
"ENSRNOG00000069784",13
"ENSRNOG00000067932",10
"ENSRNOG00000069940",0
"ENSRNOG00000054985",0
"ENSRNOG00000055656",0
"ENSRNOG00000065283",0
"ENSRNOG00000027300",922
"ENSRNOG00000006867",1737
"ENSRNOG00000053080",0
"ENSRNOG00000061281",0
"ENSRNOG00000064886",0
"ENSRNOG00000058917",0
"ENSRNOG00000065968",13
"ENSRNOG00000049271",8
"ENSRNOG00000006333",0
"ENSRNOG00000065965",0
"ENSRNOG00000067948",7
"ENSRNOG00000068279",0
"ENSRNOG00000004667",51
"ENSRNOG00000067508",0
"ENSRNOG00000070729",0
"ENSRNOG00000056919",0
"ENSRNOG00000058397",0
"ENSRNOG00000045854",654
"ENSRNOG00000065040",0
"ENSRNOG00000056198",0
"ENSRNOG00000004923",998
"ENSRNOG00000051372",15
"ENSRNOG00000064570",0
"ENSRNOG00000068908",0
"ENSRNOG00000062565",0
"ENSRNOG00000049223",888
"ENSRNOG00000032866",1
"ENSRNOG00000055806",1
"ENSRNOG00000070415",0
"ENSRNOG00000056614",0
"ENSRNOG00000005811",0
"ENSRNOG00000058149",0
"ENSRNOG00000070455",0
"ENSRNOG00000058594",0
"ENSRNOG00000052758",187
"ENSRNOG00000067070",12
"ENSRNOG00000060184",0
"ENSRNOG00000056818",0
"ENSRNOG00000059317",0
"ENSRNOG00000053447",0
"ENSRNOG00000067259",0
"ENSRNOG00000006652",910
"ENSRNOG00000006368",2
"ENSRNOG00000070372",0
"ENSRNOG00000049870",0
"ENSRNOG00000005063",48
"ENSRNOG00000055908",8
"ENSRNOG00000067744",0
"ENSRNOG00000069909",0
"ENSRNOG00000050653",0
"ENSRNOG00000057749",0
"ENSRNOG00000058074",0
"ENSRNOG00000005345",149
"ENSRNOG00000031440",7
"ENSRNOG00000057283",0
"ENSRNOG00000070816",0
"ENSRNOG00000051376",0
"ENSRNOG00000064235",0
"ENSRNOG00000067607",0
"ENSRNOG00000055169",0
"ENSRNOG00000067885",0
"ENSRNOG00000066374",0
"ENSRNOG00000006727",181
"ENSRNOG00000060868",0
"ENSRNOG00000004084",0
"ENSRNOG00000008728",2
"ENSRNOG00000042319",0
"ENSRNOG00000063724",18
"ENSRNOG00000067766",0
"ENSRNOG00000069300",432
"ENSRNOG00000062820",0
"ENSRNOG00000066076",0
"ENSRNOG00000024503",875
"ENSRNOG00000069751",0
"ENSRNOG00000063713",0
"ENSRNOG00000007031",0
"ENSRNOG00000063523",0
"ENSRNOG00000031203",669
"ENSRNOG00000046309",4
"ENSRNOG00000069071",0
"ENSRNOG00000064873",0
"ENSRNOG00000030235",0
"ENSRNOG00000053317",6
"ENSRNOG00000047574",0
"ENSRNOG00000004296",29
"ENSRNOG00000067551",0
"ENSRNOG00000070937",1028
"ENSRNOG00000070949",0
"ENSRNOG00000039551",85
"ENSRNOG00000047891",0
"ENSRNOG00000008445",270
"ENSRNOG00000003831",100
"ENSRNOG00000004377",576
"ENSRNOG00000032924",0
"ENSRNOG00000004198",140
"ENSRNOG00000049054",2
"ENSRNOG00000004857",60
"ENSRNOG00000004520",180
"ENSRNOG00000042391",0
"ENSRNOG00000024651",348
"ENSRNOG00000063297",0
"ENSRNOG00000004893",71
"ENSRNOG00000069554",95
"ENSRNOG00000008598",1218
"ENSRNOG00000062977",2
"ENSRNOG00000066641",0
"ENSRNOG00000024338",68
"ENSRNOG00000038720",12
"ENSRNOG00000051619",12
"ENSRNOG00000004110",904
"ENSRNOG00000004216",4
"ENSRNOG00000005424",909
"ENSRNOG00000038166",342
"ENSRNOG00000066926",0
"ENSRNOG00000050539",15920
"ENSRNOG00000069868",0
"ENSRNOG00000064490",0
"ENSRNOG00000060853",1051
"ENSRNOG00000030420",0
"ENSRNOG00000064626",0
"ENSRNOG00000042634",0
"ENSRNOG00000070933",0
"ENSRNOG00000063171",0
"ENSRNOG00000004754",34
"ENSRNOG00000007504",3122
"ENSRNOG00000068813",0
"ENSRNOG00000010985",654
"ENSRNOG00000050810",0
"ENSRNOG00000004496",3553
"ENSRNOG00000062618",29
"ENSRNOG00000004823",1013
"ENSRNOG00000011112",18
"ENSRNOG00000004362",133
"ENSRNOG00000011164",461
"ENSRNOG00000060694",801
"ENSRNOG00000067058",0
"ENSRNOG00000054259",279
"ENSRNOG00000064989",71
"ENSRNOG00000006296",0
"ENSRNOG00000033206",673
"ENSRNOG00000005589",350
"ENSRNOG00000005126",5382
"ENSRNOG00000025648",0
"ENSRNOG00000003813",0
"ENSRNOG00000005540",223
"ENSRNOG00000056012",0
"ENSRNOG00000051650",3356
"ENSRNOG00000007699",887
"ENSRNOG00000004449",1672
"ENSRNOG00000012685",106
"ENSRNOG00000026855",0
"ENSRNOG00000054989",17
"ENSRNOG00000027773",1165
"ENSRNOG00000011376",35
"ENSRNOG00000006388",76
"ENSRNOG00000067995",129
"ENSRNOG00000008046",0
"ENSRNOG00000029253",0
"ENSRNOG00000061050",3
"ENSRNOG00000068437",143
"ENSRNOG00000057934",1697
"ENSRNOG00000011419",1071
"ENSRNOG00000031106",0
"ENSRNOG00000004503",154
"ENSRNOG00000031655",0
"ENSRNOG00000047363",0
"ENSRNOG00000006905",3933
"ENSRNOG00000006699",110
"ENSRNOG00000026297",0
"ENSRNOG00000004794",45
"ENSRNOG00000006744",277
"ENSRNOG00000005343",1
"ENSRNOG00000009788",0
"ENSRNOG00000050197",2608
"ENSRNOG00000043441",256
"ENSRNOG00000060335",1293
"ENSRNOG00000004482",11
"ENSRNOG00000027115",13
"ENSRNOG00000007851",331
"ENSRNOG00000048412",0
"ENSRNOG00000058572",2363
"ENSRNOG00000005765",171
"ENSRNOG00000062478",21
"ENSRNOG00000006729",0
"ENSRNOG00000007901",4273
"ENSRNOG00000004458",24
"ENSRNOG00000039091",932
"ENSRNOG00000005045",1096
"ENSRNOG00000050553",23
"ENSRNOG00000010605",0
"ENSRNOG00000062383",0
"ENSRNOG00000026239",166
"ENSRNOG00000011044",32
"ENSRNOG00000004345",1055
"ENSRNOG00000005409",6
"ENSRNOG00000061519",2075
"ENSRNOG00000069640",0
"ENSRNOG00000004060",10517
"ENSRNOG00000009542",0
"ENSRNOG00000063821",100
"ENSRNOG00000006441",493
"ENSRNOG00000005287",151
"ENSRNOG00000058593",826
"ENSRNOG00000059402",1158
"ENSRNOG00000005568",653
"ENSRNOG00000063912",0
"ENSRNOG00000052418",1270
"ENSRNOG00000006570",1262
"ENSRNOG00000005101",708
"ENSRNOG00000032669",0
"ENSRNOG00000005344",368
"ENSRNOG00000025233",0
"ENSRNOG00000058891",96
"ENSRNOG00000060278",0
"ENSRNOG00000021628",68
"ENSRNOG00000065326",31
"ENSRNOG00000054286",182
"ENSRNOG00000004067",2
"ENSRNOG00000009855",0
"ENSRNOG00000007250",629
"ENSRNOG00000007370",227
"ENSRNOG00000009921",0
"ENSRNOG00000005492",2355
"ENSRNOG00000010410",1
"ENSRNOG00000055661",293
"ENSRNOG00000061415",138
"ENSRNOG00000006911",120
"ENSRNOG00000037743",0
"ENSRNOG00000065550",5
"ENSRNOG00000062637",0
"ENSRNOG00000048191",0
"ENSRNOG00000005916",1653
"ENSRNOG00000067917",0
"ENSRNOG00000022777",555
"ENSRNOG00000007267",270
"ENSRNOG00000054663",1
"ENSRNOG00000007785",342
"ENSRNOG00000010478",2
"ENSRNOG00000007329",3374
"ENSRNOG00000023176",2608
"ENSRNOG00000008222",447
"ENSRNOG00000022622",392
"ENSRNOG00000008244",560
"ENSRNOG00000008451",1215
"ENSRNOG00000009263",1617
"ENSRNOG00000026605",326
"ENSRNOG00000004873",40
"ENSRNOG00000053811",47
"ENSRNOG00000054052",20
"ENSRNOG00000007539",6
"ENSRNOG00000060436",583
"ENSRNOG00000008950",550
"ENSRNOG00000038496",2
"ENSRNOG00000052549",0
"ENSRNOG00000008373",2458
"ENSRNOG00000052719",98
"ENSRNOG00000006472",364
"ENSRNOG00000050761",0
"ENSRNOG00000005286",2
"ENSRNOG00000059875",952
"ENSRNOG00000004232",325
"ENSRNOG00000008051",305
"ENSRNOG00000006971",20
"ENSRNOG00000004751",1022
"ENSRNOG00000004165",396
"ENSRNOG00000029949",38
"ENSRNOG00000004774",0
"ENSRNOG00000009438",0
"ENSRNOG00000021885",0
"ENSRNOG00000009296",142
"ENSRNOG00000004006",328
"ENSRNOG00000005292",815
"ENSRNOG00000064508",226
"ENSRNOG00000066628",0
"ENSRNOG00000038990",0
"ENSRNOG00000006483",1758
"ENSRNOG00000004519",1745
"ENSRNOG00000064630",0
"ENSRNOG00000027444",142
"ENSRNOG00000070950",24
"ENSRNOG00000004292",368
"ENSRNOG00000064752",0
"ENSRNOG00000004841",734
"ENSRNOG00000006410",292
"ENSRNOG00000042427",565
"ENSRNOG00000058646",1911
"ENSRNOG00000007089",4415
"ENSRNOG00000021919",2855
"ENSRNOG00000006587",875
"ENSRNOG00000054770",881
"ENSRNOG00000071150",0
"ENSRNOG00000010711",984
"ENSRNOG00000008292",4449
"ENSRNOG00000037762",0
"ENSRNOG00000060851",3
"ENSRNOG00000033970",617
"ENSRNOG00000004556",1880
"ENSRNOG00000008101",105
"ENSRNOG00000046085",56
"ENSRNOG00000038480",479
"ENSRNOG00000070438",3
"ENSRNOG00000008108",934
"ENSRNOG00000008915",18
"ENSRNOG00000009117",309
"ENSRNOG00000005323",1649
"ENSRNOG00000007062",366
"ENSRNOG00000009166",1177
"ENSRNOG00000068348",0
"ENSRNOG00000059541",0
"ENSRNOG00000069503",1
"ENSRNOG00000069889",0
"ENSRNOG00000007660",1167
"ENSRNOG00000062830",0
"ENSRNOG00000070912",0
"ENSRNOG00000063243",1
"ENSRNOG00000061659",0
"ENSRNOG00000067117",1
"ENSRNOG00000069150",0
"ENSRNOG00000068122",0
"ENSRNOG00000056430",0
"ENSRNOG00000055607",0
"ENSRNOG00000059105",0
"ENSRNOG00000055672",1
"ENSRNOG00000065761",0
"ENSRNOG00000054501",0
"ENSRNOG00000068877",0
"ENSRNOG00000007364",3
"ENSRNOG00000058915",4
"ENSRNOG00000004827",3071
"ENSRNOG00000055979",0
"ENSRNOG00000066905",2
"ENSRNOG00000059161",0
"ENSRNOG00000052079",0
"ENSRNOG00000008049",2344
"ENSRNOG00000052770",1
"ENSRNOG00000064684",0
"ENSRNOG00000058332",1
"ENSRNOG00000059409",0
"ENSRNOG00000005175",1170
"ENSRNOG00000056681",0
"ENSRNOG00000058875",0
"ENSRNOG00000055217",1
"ENSRNOG00000063502",0
"ENSRNOG00000058754",0
"ENSRNOG00000058198",0
"ENSRNOG00000061903",0
"ENSRNOG00000010650",12
"ENSRNOG00000057491",0
"ENSRNOG00000052183",0
"ENSRNOG00000058488",0
"ENSRNOG00000060589",0
"ENSRNOG00000047300",21
"ENSRNOG00000054970",1
"ENSRNOG00000052285",0
"ENSRNOG00000070124",0
"ENSRNOG00000063271",0
"ENSRNOG00000053398",0
"ENSRNOG00000066856",0
"ENSRNOG00000004339",990
"ENSRNOG00000065540",1
"ENSRNOG00000010914",446
"ENSRNOG00000066230",0
"ENSRNOG00000057210",0
"ENSRNOG00000056178",0
"ENSRNOG00000058813",0
"ENSRNOG00000033423",0
"ENSRNOG00000066607",0
"ENSRNOG00000066424",0
"ENSRNOG00000059267",0
"ENSRNOG00000038297",4
"ENSRNOG00000059371",1
"ENSRNOG00000055363",0
"ENSRNOG00000056408",0
"ENSRNOG00000055690",0
"ENSRNOG00000068474",0
"ENSRNOG00000068652",0
"ENSRNOG00000059389",0
"ENSRNOG00000061830",0
"ENSRNOG00000060706",0
"ENSRNOG00000066382",0
"ENSRNOG00000067818",0
"ENSRNOG00000069273",0
"ENSRNOG00000067748",0
"ENSRNOG00000070138",0
"ENSRNOG00000067707",0
"ENSRNOG00000053854",0
"ENSRNOG00000066476",0
"ENSRNOG00000065657",0
"ENSRNOG00000070908",0
"ENSRNOG00000062574",0
"ENSRNOG00000068817",0
"ENSRNOG00000063962",0
"ENSRNOG00000067874",0
"ENSRNOG00000064253",0
"ENSRNOG00000067116",0
"ENSRNOG00000062732",0
"ENSRNOG00000068604",0
"ENSRNOG00000066984",0
"ENSRNOG00000005602",555
"ENSRNOG00000065315",0
"ENSRNOG00000070806",0
"ENSRNOG00000065719",0
"ENSRNOG00000068979",0
"ENSRNOG00000063998",0
"ENSRNOG00000057567",0
"ENSRNOG00000067784",0
"ENSRNOG00000068818",0
"ENSRNOG00000065764",0
"ENSRNOG00000064927",0
"ENSRNOG00000070175",0
"ENSRNOG00000064263",0
"ENSRNOG00000068531",0
"ENSRNOG00000068812",0
"ENSRNOG00000069002",0
"ENSRNOG00000062614",0
"ENSRNOG00000067351",0
"ENSRNOG00000068172",0
"ENSRNOG00000068141",0
"ENSRNOG00000070713",0
"ENSRNOG00000070339",0
"ENSRNOG00000067746",0
"ENSRNOG00000064046",0
"ENSRNOG00000047682",0
"ENSRNOG00000004883",2023
"ENSRNOG00000056553",2
"ENSRNOG00000056756",9816
"ENSRNOG00000005052",1501
"ENSRNOG00000054817",1
"ENSRNOG00000059843",0
"ENSRNOG00000028351",0
"ENSRNOG00000008788",251
"ENSRNOG00000009080",3873
"ENSRNOG00000009432",1612
"ENSRNOG00000033973",3
"ENSRNOG00000010098",2
"ENSRNOG00000069217",8
"ENSRNOG00000045941",3253
"ENSRNOG00000008399",118
"ENSRNOG00000059245",18
"ENSRNOG00000070966",1
"ENSRNOG00000005513",1477
"ENSRNOG00000005794",2
"ENSRNOG00000038183",58
"ENSRNOG00000046864",0
"ENSRNOG00000010134",358
"ENSRNOG00000032508",0
"ENSRNOG00000007271",18
"ENSRNOG00000055221",8
"ENSRNOG00000011964",311
"ENSRNOG00000031889",0
"ENSRNOG00000071141",0
"ENSRNOG00000004488",3
"ENSRNOG00000004206",272
"ENSRNOG00000055714",4
"ENSRNOG00000007147",37
"ENSRNOG00000004442",609
"ENSRNOG00000011141",0
"ENSRNOG00000028390",118
"ENSRNOG00000005776",1
"ENSRNOG00000005274",114
"ENSRNOG00000004650",3
"ENSRNOG00000003020",17
"ENSRNOG00000004351",71
"ENSRNOG00000068484",0
"ENSRNOG00000004733",70
"ENSRNOG00000009050",0
"ENSRNOG00000014476",583
"ENSRNOG00000062855",0
"ENSRNOG00000019584",0
"ENSRNOG00000008145",375
"ENSRNOG00000011716",2
"ENSRNOG00000006985",1325
"ENSRNOG00000065213",277
"ENSRNOG00000043143",1448
"ENSRNOG00000031661",130
"ENSRNOG00000008035",208
"ENSRNOG00000021904",135
"ENSRNOG00000008056",107
"ENSRNOG00000003951",2140
"ENSRNOG00000004004",170
"ENSRNOG00000048751",0
"ENSRNOG00000006178",9576
"ENSRNOG00000071100",1
"ENSRNOG00000043137",0
"ENSRNOG00000007184",3
"ENSRNOG00000004359",1720
"ENSRNOG00000010165",1268
"ENSRNOG00000013898",714
"ENSRNOG00000010111",11
"ENSRNOG00000013097",0
"ENSRNOG00000010330",1448
"ENSRNOG00000013128",0
"ENSRNOG00000059714",1444
"ENSRNOG00000010218",3234
"ENSRNOG00000068734",0
"ENSRNOG00000004973",5068
"ENSRNOG00000007333",346
"ENSRNOG00000007850",157
"ENSRNOG00000011572",2538
"ENSRNOG00000012141",70
"ENSRNOG00000028566",2
"ENSRNOG00000005174",202
"ENSRNOG00000063056",0
"ENSRNOG00000033688",1334
"ENSRNOG00000012843",1
"ENSRNOG00000063549",0
"ENSRNOG00000058841",579
"ENSRNOG00000011542",690
"ENSRNOG00000012185",514
"ENSRNOG00000012653",463
"ENSRNOG00000067504",0
"ENSRNOG00000009675",1531
"ENSRNOG00000053631",2
"ENSRNOG00000018224",39
"ENSRNOG00000014362",368
"ENSRNOG00000043031",2
"ENSRNOG00000065115",0
"ENSRNOG00000067010",0
"ENSRNOG00000068174",0
"ENSRNOG00000027990",76
"ENSRNOG00000014744",979
"ENSRNOG00000070355",44
"ENSRNOG00000006398",0
"ENSRNOG00000028158",4
"ENSRNOG00000062324",0
"ENSRNOG00000013661",17
"ENSRNOG00000005472",270
"ENSRNOG00000004317",7
"ENSRNOG00000013690",309
"ENSRNOG00000013914",12
"ENSRNOG00000005271",40
"ENSRNOG00000011398",148
"ENSRNOG00000068254",144
"ENSRNOG00000065195",6758
"ENSRNOG00000013927",9
"ENSRNOG00000005041",2759
"ENSRNOG00000004711",3900
"ENSRNOG00000004968",264
"ENSRNOG00000063918",0
"ENSRNOG00000065191",0
"ENSRNOG00000064569",6
"ENSRNOG00000004268",1045
"ENSRNOG00000010872",2447
"ENSRNOG00000037435",3
"ENSRNOG00000071153",0
"ENSRNOG00000006569",998
"ENSRNOG00000070832",0
"ENSRNOG00000009020",738
"ENSRNOG00000005917",1237
"ENSRNOG00000005804",2846
"ENSRNOG00000004768",0
"ENSRNOG00000030334",137
"ENSRNOG00000004564",1
"ENSRNOG00000060996",1
"ENSRNOG00000030705",1016
"ENSRNOG00000022623",3587
"ENSRNOG00000056915",38
"ENSRNOG00000062934",0
"ENSRNOG00000069237",5
"ENSRNOG00000064225",0
"ENSRNOG00000029590",1
"ENSRNOG00000010617",13
"ENSRNOG00000005546",1133
"ENSRNOG00000007334",0
"ENSRNOG00000059744",3675
"ENSRNOG00000022632",0
"ENSRNOG00000030316",41
"ENSRNOG00000005555",0
"ENSRNOG00000037299",62
"ENSRNOG00000026875",2
"ENSRNOG00000046975",0
"ENSRNOG00000025487",1
"ENSRNOG00000030441",10
"ENSRNOG00000015750",0
"ENSRNOG00000064138",0
"ENSRNOG00000068682",0
"ENSRNOG00000069061",0
"ENSRNOG00000011781",232
"ENSRNOG00000016148",1614
"ENSRNOG00000065562",0
"ENSRNOG00000004527",56
"ENSRNOG00000070987",0
"ENSRNOG00000033161",1
"ENSRNOG00000033952",10
"ENSRNOG00000032570",0
"ENSRNOG00000064780",3
"ENSRNOG00000008133",0
"ENSRNOG00000014169",310
"ENSRNOG00000015685",255
"ENSRNOG00000033502",0
"ENSRNOG00000026873",4
"ENSRNOG00000049349",2
"ENSRNOG00000006278",6
"ENSRNOG00000032446",84
"ENSRNOG00000067069",134
"ENSRNOG00000024743",360
"ENSRNOG00000027451",64
"ENSRNOG00000025594",0
"ENSRNOG00000057824",48
"ENSRNOG00000024631",0
"ENSRNOG00000063900",76
"ENSRNOG00000016128",393
"ENSRNOG00000022268",5
"ENSRNOG00000065523",3
"ENSRNOG00000004183",103
"ENSRNOG00000004538",1487
"ENSRNOG00000016204",54
"ENSRNOG00000028988",1
"ENSRNOG00000032401",5611
"ENSRNOG00000006749",1075
"ENSRNOG00000068599",1132
"ENSRNOG00000031093",0
"ENSRNOG00000013191",0
"ENSRNOG00000068130",0
"ENSRNOG00000016566",202
"ENSRNOG00000004591",256
"ENSRNOG00000062650",4
"ENSRNOG00000008978",197
"ENSRNOG00000012348",182
"ENSRNOG00000014296",0
"ENSRNOG00000004914",0
"ENSRNOG00000056458",65
"ENSRNOG00000029377",0
"ENSRNOG00000010438",53
"ENSRNOG00000070681",7
"ENSRNOG00000021463",119
"ENSRNOG00000029280",1530
"ENSRNOG00000037401",0
"ENSRNOG00000011404",798
"ENSRNOG00000007668",3
"ENSRNOG00000063153",12
"ENSRNOG00000008686",83
"ENSRNOG00000032846",80
"ENSRNOG00000029095",598
"ENSRNOG00000029535",433
"ENSRNOG00000059955",0
"ENSRNOG00000006973",166
"ENSRNOG00000063732",3716
"ENSRNOG00000060120",522
"ENSRNOG00000004843",44
"ENSRNOG00000009302",253
"ENSRNOG00000057782",0
"ENSRNOG00000063471",0
"ENSRNOG00000032777",346
"ENSRNOG00000006028",457
"ENSRNOG00000029243",1014
"ENSRNOG00000030264",171
"ENSRNOG00000069627",108
"ENSRNOG00000004457",182
"ENSRNOG00000064516",561
"ENSRNOG00000004353",0
"ENSRNOG00000009539",4
"ENSRNOG00000032419",0
"ENSRNOG00000026425",1123
"ENSRNOG00000029591",0
"ENSRNOG00000046044",0
"ENSRNOG00000002475",1313
"ENSRNOG00000004448",129
"ENSRNOG00000069806",5119
"ENSRNOG00000064392",298
"ENSRNOG00000064488",0
"ENSRNOG00000057901",181
"ENSRNOG00000067761",1
"ENSRNOG00000029545",0
"ENSRNOG00000008392",2139
"ENSRNOG00000006426",1
"ENSRNOG00000031503",0
"ENSRNOG00000030416",167
"ENSRNOG00000033022",0
"ENSRNOG00000070196",0
"ENSRNOG00000070544",2
"ENSRNOG00000065585",0
"ENSRNOG00000004786",57
"ENSRNOG00000009614",12902
"ENSRNOG00000055530",10
"ENSRNOG00000032026",0
"ENSRNOG00000016100",28
"ENSRNOG00000063601",0
"ENSRNOG00000063518",0
"ENSRNOG00000013807",4
"ENSRNOG00000043233",318
"ENSRNOG00000008694",0
"ENSRNOG00000048201",0
"ENSRNOG00000063360",0
"ENSRNOG00000068259",7
"ENSRNOG00000064513",0
"ENSRNOG00000004572",92
"ENSRNOG00000029830",362
"ENSRNOG00000047521",0
"ENSRNOG00000064899",0
"ENSRNOG00000062310",0
"ENSRNOG00000021795",95
"ENSRNOG00000031269",908
"ENSRNOG00000067036",0
"ENSRNOG00000069189",0
"ENSRNOG00000029416",229
"ENSRNOG00000065582",0
"ENSRNOG00000004925",2468
"ENSRNOG00000009336",1
"ENSRNOG00000005332",517
"ENSRNOG00000057416",121
"ENSRNOG00000043026",2069
"ENSRNOG00000032311",0
"ENSRNOG00000068476",42
"ENSRNOG00000066966",0
"ENSRNOG00000026582",0
"ENSRNOG00000014058",2272
"ENSRNOG00000065522",0
"ENSRNOG00000062776",143
"ENSRNOG00000069078",0
"ENSRNOG00000065511",0
"ENSRNOG00000013947",653
"ENSRNOG00000042772",0
"ENSRNOG00000047264",0
"ENSRNOG00000068431",18
"ENSRNOG00000065705",0
"ENSRNOG00000005358",1434
"ENSRNOG00000065067",0
"ENSRNOG00000069974",0
"ENSRNOG00000023828",0
"ENSRNOG00000067859",1
"ENSRNOG00000014440",1231
"ENSRNOG00000004947",3284
"ENSRNOG00000031915",171
"ENSRNOG00000049098",0
"ENSRNOG00000070129",0
"ENSRNOG00000007934",0
"ENSRNOG00000039448",0
"ENSRNOG00000056595",0
"ENSRNOG00000029762",0
"ENSRNOG00000050500",2331
"ENSRNOG00000043438",0
"ENSRNOG00000069548",0
"ENSRNOG00000043367",0
"ENSRNOG00000052064",0
"ENSRNOG00000014634",693
"ENSRNOG00000002333",0
"ENSRNOG00000026962",5682
"ENSRNOG00000063567",0
"ENSRNOG00000030633",2517
"ENSRNOG00000064972",1
"ENSRNOG00000023781",4752
"ENSRNOG00000006167",0
"ENSRNOG00000028911",0
"ENSRNOG00000012886",54
"ENSRNOG00000062798",1061
"ENSRNOG00000068317",0
"ENSRNOG00000026913",304
"ENSRNOG00000067435",0
"ENSRNOG00000013076",1346
"ENSRNOG00000042318",8
"ENSRNOG00000022802",3048
"ENSRNOG00000063642",0
"ENSRNOG00000056930",12
"ENSRNOG00000023762",8
"ENSRNOG00000065704",0
"ENSRNOG00000063924",29
"ENSRNOG00000004149",0
"ENSRNOG00000064795",2
"ENSRNOG00000029698",207
"ENSRNOG00000068447",33
"ENSRNOG00000058406",64
"ENSRNOG00000062301",0
"ENSRNOG00000022844",0
"ENSRNOG00000029478",468
"ENSRNOG00000069732",36
"ENSRNOG00000064067",0
"ENSRNOG00000004583",0
"ENSRNOG00000007728",673
"ENSRNOG00000063063",0
"ENSRNOG00000067873",572
"ENSRNOG00000009598",621
"ENSRNOG00000067777",48
"ENSRNOG00000028214",0
"ENSRNOG00000066748",0
"ENSRNOG00000004361",341
"ENSRNOG00000070885",0
"ENSRNOG00000003890",8907
"ENSRNOG00000042496",361
"ENSRNOG00000003347",0
"ENSRNOG00000015538",0
"ENSRNOG00000011305",0
"ENSRNOG00000018920",3038
"ENSRNOG00000065865",0
"ENSRNOG00000029238",359
"ENSRNOG00000048450",27
"ENSRNOG00000069876",0
"ENSRNOG00000066458",3
"ENSRNOG00000067061",0
"ENSRNOG00000025369",0
"ENSRNOG00000068651",505
"ENSRNOG00000032394",0
"ENSRNOG00000066941",0
"ENSRNOG00000067067",5
"ENSRNOG00000014633",2416
"ENSRNOG00000037060",0
"ENSRNOG00000005577",2013
"ENSRNOG00000050212",0
"ENSRNOG00000004077",0
"ENSRNOG00000032682",0
"ENSRNOG00000061776",0
"ENSRNOG00000024170",772
"ENSRNOG00000063210",0
"ENSRNOG00000013753",1
"ENSRNOG00000062586",0
"ENSRNOG00000004438",1
"ENSRNOG00000069805",0
"ENSRNOG00000064377",0
"ENSRNOG00000026600",1
"ENSRNOG00000059733",0
"ENSRNOG00000008476",0
"ENSRNOG00000006392",569
"ENSRNOG00000068582",0
"ENSRNOG00000042056",3
"ENSRNOG00000031181",0
"ENSRNOG00000030355",1810
"ENSRNOG00000004019",6725
"ENSRNOG00000008499",0
"ENSRNOG00000063178",0
"ENSRNOG00000046472",2519
"ENSRNOG00000066452",0
"ENSRNOG00000004035",471
"ENSRNOG00000008449",7
"ENSRNOG00000067732",0
"ENSRNOG00000012953",1450
"ENSRNOG00000068277",0
"ENSRNOG00000021773",735
"ENSRNOG00000026644",1139
"ENSRNOG00000015741",40
"ENSRNOG00000024128",7284
"ENSRNOG00000051152",85
"ENSRNOG00000068156",8
"ENSRNOG00000007300",2828
"ENSRNOG00000007648",5125
"ENSRNOG00000064308",311
"ENSRNOG00000069802",182
"ENSRNOG00000064426",0
"ENSRNOG00000065340",214
"ENSRNOG00000051928",0
"ENSRNOG00000029128",0
"ENSRNOG00000055573",3
"ENSRNOG00000006762",2193
"ENSRNOG00000000186",499
"ENSRNOG00000065176",1
"ENSRNOG00000050274",0
"ENSRNOG00000062562",0
"ENSRNOG00000064810",0
"ENSRNOG00000000185",2157
"ENSRNOG00000065217",0
"ENSRNOG00000066372",658
"ENSRNOG00000065654",0
"ENSRNOG00000004773",1184
"ENSRNOG00000064636",3
"ENSRNOG00000049053",0
"ENSRNOG00000064506",37
"ENSRNOG00000065277",0
"ENSRNOG00000021812",80
"ENSRNOG00000004471",571
"ENSRNOG00000064649",0
"ENSRNOG00000064446",0
"ENSRNOG00000067735",0
"ENSRNOG00000065149",0
"ENSRNOG00000068026",1096
"ENSRNOG00000016465",96
"ENSRNOG00000064949",0
"ENSRNOG00000062455",164
"ENSRNOG00000064715",0
"ENSRNOG00000026252",75
"ENSRNOG00000068241",58
"ENSRNOG00000068109",138
"ENSRNOG00000064395",0
"ENSRNOG00000067581",0
"ENSRNOG00000064149",32
"ENSRNOG00000070290",22
"ENSRNOG00000008988",1
"ENSRNOG00000065547",0
"ENSRNOG00000021732",1166
"ENSRNOG00000021285",313
"ENSRNOG00000008464",0
"ENSRNOG00000070351",0
"ENSRNOG00000042262",0
"ENSRNOG00000069818",28
"ENSRNOG00000065275",6
"ENSRNOG00000005378",1
"ENSRNOG00000025344",5
"ENSRNOG00000019857",71
"ENSRNOG00000007509",0
"ENSRNOG00000069272",0
"ENSRNOG00000062931",99
"ENSRNOG00000011104",43
"ENSRNOG00000009570",35
"ENSRNOG00000064557",0
"ENSRNOG00000019682",822
"ENSRNOG00000033583",94
"ENSRNOG00000007375",0
"ENSRNOG00000011214",479
"ENSRNOG00000068480",33
"ENSRNOG00000065526",52
"ENSRNOG00000055925",3903
"ENSRNOG00000007352",1
"ENSRNOG00000016952",1
"ENSRNOG00000069098",6
"ENSRNOG00000066130",1
"ENSRNOG00000008398",4
"ENSRNOG00000064418",1
"ENSRNOG00000052296",0
"ENSRNOG00000067887",19
"ENSRNOG00000007348",1
"ENSRNOG00000067221",0
"ENSRNOG00000067814",0
"ENSRNOG00000070186",0
"ENSRNOG00000050907",0
"ENSRNOG00000028711",1197
"ENSRNOG00000010821",342
"ENSRNOG00000056018",1
"ENSRNOG00000026094",0
"ENSRNOG00000052157",81
"ENSRNOG00000067996",0
"ENSRNOG00000063997",0
"ENSRNOG00000071023",1394
"ENSRNOG00000069203",0
"ENSRNOG00000070296",0
"ENSRNOG00000065381",0
"ENSRNOG00000066156",0
"ENSRNOG00000067411",1
"ENSRNOG00000011020",8200
"ENSRNOG00000066719",0
"ENSRNOG00000068608",135
"ENSRNOG00000050249",0
"ENSRNOG00000064881",0
"ENSRNOG00000064028",0
"ENSRNOG00000069936",0
"ENSRNOG00000007350",1
"ENSRNOG00000067346",0
"ENSRNOG00000070437",3
"ENSRNOG00000064416",22
"ENSRNOG00000058914",529
"ENSRNOG00000069149",0
"ENSRNOG00000071069",83
"ENSRNOG00000006759",255
"ENSRNOG00000062694",2038
"ENSRNOG00000014511",633
"ENSRNOG00000070127",4
"ENSRNOG00000070978",198
"ENSRNOG00000064413",0
"ENSRNOG00000012090",3
"ENSRNOG00000062597",4
"ENSRNOG00000008857",1447
"ENSRNOG00000006393",678
"ENSRNOG00000063544",8
"ENSRNOG00000031233",24
"ENSRNOG00000062722",0
"ENSRNOG00000065097",670
"ENSRNOG00000005278",0
"ENSRNOG00000007597",116
"ENSRNOG00000070151",1
"ENSRNOG00000065442",12
"ENSRNOG00000064274",0
"ENSRNOG00000062841",0
"ENSRNOG00000006350",4
"ENSRNOG00000067044",27
"ENSRNOG00000018655",532
"ENSRNOG00000070493",1
"ENSRNOG00000066930",0
"ENSRNOG00000006984",14
"ENSRNOG00000008409",230
"ENSRNOG00000063668",0
"ENSRNOG00000015450",160
"ENSRNOG00000003889",1654
"ENSRNOG00000065717",0
"ENSRNOG00000066464",3
"ENSRNOG00000064036",422
"ENSRNOG00000067787",4
"ENSRNOG00000065659",5542
"ENSRNOG00000064728",0
"ENSRNOG00000005874",95
"ENSRNOG00000066781",1
"ENSRNOG00000008378",683
"ENSRNOG00000033915",1
"ENSRNOG00000068271",0
"ENSRNOG00000065265",0
"ENSRNOG00000000190",1
"ENSRNOG00000066167",3
"ENSRNOG00000003772",1888
"ENSRNOG00000067182",0
"ENSRNOG00000026212",713
"ENSRNOG00000007133",11238
"ENSRNOG00000068660",137
"ENSRNOG00000066565",310
"ENSRNOG00000071046",319
"ENSRNOG00000020601",882
"ENSRNOG00000064117",2
"ENSRNOG00000008038",0
"ENSRNOG00000064910",1
"ENSRNOG00000007332",0
"ENSRNOG00000066622",3
"ENSRNOG00000007921",1445
"ENSRNOG00000003803",1039
"ENSRNOG00000065198",25
"ENSRNOG00000006885",0
"ENSRNOG00000069930",242
"ENSRNOG00000069570",2
"ENSRNOG00000052025",5628
"ENSRNOG00000054458",1
"ENSRNOG00000068679",465
"ENSRNOG00000029866",90
"ENSRNOG00000011170",160
"ENSRNOG00000005446",1485
"ENSRNOG00000067729",70
"ENSRNOG00000062671",1
"ENSRNOG00000024907",872
"ENSRNOG00000007769",1885
"ENSRNOG00000020464",845
"ENSRNOG00000004221",2
"ENSRNOG00000069623",5
"ENSRNOG00000026128",86
"ENSRNOG00000062815",1
"ENSRNOG00000066534",11
"ENSRNOG00000070673",1
"ENSRNOG00000020431",6
"ENSRNOG00000054801",0
"ENSRNOG00000069026",13
"ENSRNOG00000064404",2
"ENSRNOG00000009884",37790
"ENSRNOG00000057981",0
"ENSRNOG00000069034",90
"ENSRNOG00000065676",329
"ENSRNOG00000071071",0
"ENSRNOG00000067261",1
"ENSRNOG00000039861",100
"ENSRNOG00000007664",1
"ENSRNOG00000065559",3
"ENSRNOG00000005758",0
"ENSRNOG00000053624",4
"ENSRNOG00000005234",413
"ENSRNOG00000039858",105
"ENSRNOG00000063593",4
"ENSRNOG00000032261",8
"ENSRNOG00000066749",135
"ENSRNOG00000067467",7
"ENSRNOG00000066189",2
"ENSRNOG00000062824",5
"ENSRNOG00000013577",2516
"ENSRNOG00000066348",256
"ENSRNOG00000068721",15
"ENSRNOG00000006940",0
"ENSRNOG00000020161",576
"ENSRNOG00000053060",1856
"ENSRNOG00000066006",0
"ENSRNOG00000027060",5
"ENSRNOG00000004588",201
"ENSRNOG00000062414",2119
"ENSRNOG00000004169",528
"ENSRNOG00000051170",8926
"ENSRNOG00000069255",92
"ENSRNOG00000006998",145
"ENSRNOG00000020383",509
"ENSRNOG00000021317",5764
"ENSRNOG00000006978",95
"ENSRNOG00000045524",267
"ENSRNOG00000049236",26563
"ENSRNOG00000067167",501
"ENSRNOG00000021833",0
"ENSRNOG00000033397",11
"ENSRNOG00000065932",76
"ENSRNOG00000016875",88
"ENSRNOG00000020266",73957
"ENSRNOG00000068522",0
"ENSRNOG00000067211",0
"ENSRNOG00000013869",29
"ENSRNOG00000030150",9
"ENSRNOG00000057162",0
"ENSRNOG00000004411",102
"ENSRNOG00000029738",24
"ENSRNOG00000048636",8
"ENSRNOG00000026866",78
"ENSRNOG00000005491",1
"ENSRNOG00000020230",389
"ENSRNOG00000004303",8130
"ENSRNOG00000009592",10652
"ENSRNOG00000012215",1
"ENSRNOG00000016968",1040
"ENSRNOG00000004637",753
"ENSRNOG00000003880",0
"ENSRNOG00000042897",0
"ENSRNOG00000004831",3018
"ENSRNOG00000007587",1416
"ENSRNOG00000026634",0
"ENSRNOG00000066999",7
"ENSRNOG00000000187",0
"ENSRNOG00000022772",1850
"ENSRNOG00000003923",594
"ENSRNOG00000067350",0
"ENSRNOG00000004259",154
"ENSRNOG00000063758",0
"ENSRNOG00000003985",592
"ENSRNOG00000029179",1
"ENSRNOG00000005370",0
"ENSRNOG00000039136",0
"ENSRNOG00000047414",0
"ENSRNOG00000022937",1
"ENSRNOG00000004793",1736
"ENSRNOG00000005927",2442
"ENSRNOG00000015583",827
"ENSRNOG00000018745",637
"ENSRNOG00000005350",438
"ENSRNOG00000008897",1782
"ENSRNOG00000007545",5
"ENSRNOG00000004314",117
"ENSRNOG00000006995",8015
"ENSRNOG00000019196",659
"ENSRNOG00000006622",330
"ENSRNOG00000020585",46
"ENSRNOG00000055293",3
"ENSRNOG00000039852",214
"ENSRNOG00000063265",0
"ENSRNOG00000004813",551
"ENSRNOG00000007839",823
"ENSRNOG00000000231",1298
"ENSRNOG00000029354",14
"ENSRNOG00000004483",0
"ENSRNOG00000020577",2465
"ENSRNOG00000009360",745
"ENSRNOG00000007323",837
"ENSRNOG00000004185",2899
"ENSRNOG00000018803",2643
"ENSRNOG00000027622",2431
"ENSRNOG00000004695",4
"ENSRNOG00000070482",1
"ENSRNOG00000006068",178
"ENSRNOG00000051536",13
"ENSRNOG00000042668",1373
"ENSRNOG00000020407",218
"ENSRNOG00000007432",715
"ENSRNOG00000000184",120
"ENSRNOG00000019187",6
"ENSRNOG00000004962",1241
"ENSRNOG00000024027",494
"ENSRNOG00000004909",1217
"ENSRNOG00000004505",3868
"ENSRNOG00000023262",439
"ENSRNOG00000006235",0
"ENSRNOG00000048230",0
"ENSRNOG00000008517",2819
"ENSRNOG00000008539",2
"ENSRNOG00000007400",2685
"ENSRNOG00000066159",562
"ENSRNOG00000071034",0
"ENSRNOG00000032569",2
"ENSRNOG00000007048",4676
"ENSRNOG00000065103",0
"ENSRNOG00000007088",5832
"ENSRNOG00000020501",27
"ENSRNOG00000067334",0
"ENSRNOG00000060407",33
"ENSRNOG00000042886",70
"ENSRNOG00000062386",34
"ENSRNOG00000063083",7
"ENSRNOG00000067692",0
"ENSRNOG00000070723",0
"ENSRNOG00000005642",3630
"ENSRNOG00000017197",45
"ENSRNOG00000004048",1430
"ENSRNOG00000008061",631
"ENSRNOG00000020466",1428
"ENSRNOG00000006901",2015
"ENSRNOG00000069032",1
"ENSRNOG00000008696",383
"ENSRNOG00000005034",1701
"ENSRNOG00000060879",72
"ENSRNOG00000068725",0
"ENSRNOG00000032420",56
"ENSRNOG00000058647",1
"ENSRNOG00000043197",0
"ENSRNOG00000023122",0
"ENSRNOG00000029028",2914
"ENSRNOG00000067243",0
"ENSRNOG00000067417",0
"ENSRNOG00000005362",268
"ENSRNOG00000026976",0
"ENSRNOG00000010359",0
"ENSRNOG00000005129",2002
"ENSRNOG00000067407",1
"ENSRNOG00000033579",1075
"ENSRNOG00000042771",6
"ENSRNOG00000007654",1086
"ENSRNOG00000014637",6072
"ENSRNOG00000022932",123
"ENSRNOG00000007468",0
"ENSRNOG00000012457",1062
"ENSRNOG00000004476",124
"ENSRNOG00000027124",774
"ENSRNOG00000010309",586
"ENSRNOG00000020416",128
"ENSRNOG00000007821",1264
"ENSRNOG00000022896",235
"ENSRNOG00000004996",510
"ENSRNOG00000067654",2
"ENSRNOG00000047782",7
"ENSRNOG00000018895",0
"ENSRNOG00000004229",0
"ENSRNOG00000004312",1439
"ENSRNOG00000008885",613
"ENSRNOG00000004306",18
"ENSRNOG00000049407",3
"ENSRNOG00000004316",39
"ENSRNOG00000008713",2936
"ENSRNOG00000004517",13
"ENSRNOG00000004311",0
"ENSRNOG00000007365",0
"ENSRNOG00000012812",1665
"ENSRNOG00000009585",1468
"ENSRNOG00000019377",2
"ENSRNOG00000007230",26
"ENSRNOG00000022778",1977
"ENSRNOG00000007834",6019
"ENSRNOG00000029651",105
"ENSRNOG00000070111",11
"ENSRNOG00000022877",1362
"ENSRNOG00000019349",1380
"ENSRNOG00000026793",1451
"ENSRNOG00000013514",2079
"ENSRNOG00000022296",0
"ENSRNOG00000046214",119
"ENSRNOG00000056446",6
"ENSRNOG00000053510",957
"ENSRNOG00000006304",3141
"ENSRNOG00000010539",145
"ENSRNOG00000016156",13555
"ENSRNOG00000032546",1282
"ENSRNOG00000024967",250
"ENSRNOG00000025046",1063
"ENSRNOG00000013593",0
"ENSRNOG00000004492",902
"ENSRNOG00000054624",2
"ENSRNOG00000046955",3518
"ENSRNOG00000004302",0
"ENSRNOG00000010141",366
"ENSRNOG00000052289",4142
"ENSRNOG00000055408",143
"ENSRNOG00000025742",120
"ENSRNOG00000007601",6
"ENSRNOG00000006541",420
"ENSRNOG00000005614",2385
"ENSRNOG00000004682",196
"ENSRNOG00000006946",3
"ENSRNOG00000032429",10
"ENSRNOG00000009756",1951
"ENSRNOG00000037025",0
"ENSRNOG00000025120",37
"ENSRNOG00000066777",0
"ENSRNOG00000012295",734
"ENSRNOG00000068896",11
"ENSRNOG00000019924",390
"ENSRNOG00000062542",40
"ENSRNOG00000022975",0
"ENSRNOG00000042460",121
"ENSRNOG00000004727",584
"ENSRNOG00000004839",67
"ENSRNOG00000050884",0
"ENSRNOG00000008064",2473
"ENSRNOG00000016896",50544
"ENSRNOG00000020005",1971
"ENSRNOG00000004226",902
"ENSRNOG00000054420",192
"ENSRNOG00000029465",44
"ENSRNOG00000005102",3772
"ENSRNOG00000019822",287
"ENSRNOG00000017108",17
"ENSRNOG00000011094",1
"ENSRNOG00000053269",523
"ENSRNOG00000018788",542
"ENSRNOG00000004177",5
"ENSRNOG00000022570",227
"ENSRNOG00000026963",10310
"ENSRNOG00000005965",979
"ENSRNOG00000057881",968
"ENSRNOG00000005931",1744
"ENSRNOG00000007286",141
"ENSRNOG00000026982",202
"ENSRNOG00000071195",55
"ENSRNOG00000004688",6159
"ENSRNOG00000022507",1256
"ENSRNOG00000017434",50
"ENSRNOG00000005437",602
"ENSRNOG00000066134",0
"ENSRNOG00000026807",24
"ENSRNOG00000005243",72
"ENSRNOG00000025898",0
"ENSRNOG00000019552",357
"ENSRNOG00000017285",4
"ENSRNOG00000004294",0
"ENSRNOG00000062462",0
"ENSRNOG00000066111",0
"ENSRNOG00000064198",0
"ENSRNOG00000070632",0
"ENSRNOG00000028956",665
"ENSRNOG00000017553",1957
"ENSRNOG00000005190",1795
"ENSRNOG00000067109",0
"ENSRNOG00000005388",304
"ENSRNOG00000008174",853
"ENSRNOG00000067422",2
"ENSRNOG00000068220",14510
"ENSRNOG00000007686",4
"ENSRNOG00000017801",10028
"ENSRNOG00000033787",745
"ENSRNOG00000005528",864
"ENSRNOG00000050419",93
"ENSRNOG00000017847",659
"ENSRNOG00000017916",990
"ENSRNOG00000008331",2777
"ENSRNOG00000048843",190
"ENSRNOG00000005689",699
"ENSRNOG00000042522",69
"ENSRNOG00000007679",41
"ENSRNOG00000047631",28
"ENSRNOG00000070907",276
"ENSRNOG00000005763",1985
"ENSRNOG00000008569",2588
"ENSRNOG00000047895",183
"ENSRNOG00000019891",3040
"ENSRNOG00000010834",0
"ENSRNOG00000005572",0
"ENSRNOG00000025059",109
"ENSRNOG00000018330",1
"ENSRNOG00000007197",0
"ENSRNOG00000025023",4
"ENSRNOG00000010209",292
"ENSRNOG00000068987",0
"ENSRNOG00000018529",2703
"ENSRNOG00000063755",187
"ENSRNOG00000055305",1643
"ENSRNOG00000038943",0
"ENSRNOG00000068626",17
"ENSRNOG00000005720",0
"ENSRNOG00000004013",153
"ENSRNOG00000019383",2114
"ENSRNOG00000059015",330
"ENSRNOG00000046492",190
"ENSRNOG00000015916",473
"ENSRNOG00000008586",1610
"ENSRNOG00000013764",166
"ENSRNOG00000013423",1117
"ENSRNOG00000025053",48593
"ENSRNOG00000005823",1243
"ENSRNOG00000005790",0
"ENSRNOG00000018316",0
"ENSRNOG00000011952",422
"ENSRNOG00000034139",0
"ENSRNOG00000066910",0
"ENSRNOG00000006367",0
"ENSRNOG00000005825",5
"ENSRNOG00000010549",2650
"ENSRNOG00000008415",1133
"ENSRNOG00000008016",3548
"ENSRNOG00000004400",345
"ENSRNOG00000008050",3
"ENSRNOG00000052981",428
"ENSRNOG00000031851",144
"ENSRNOG00000004189",313
"ENSRNOG00000008022",649
"ENSRNOG00000064573",0
"ENSRNOG00000023410",92
"ENSRNOG00000008106",2247
"ENSRNOG00000064852",20
"ENSRNOG00000005228",5413
"ENSRNOG00000009736",1
"ENSRNOG00000023824",1
"ENSRNOG00000014844",71
"ENSRNOG00000069507",10
"ENSRNOG00000058271",785
"ENSRNOG00000004936",19790
"ENSRNOG00000023951",0
"ENSRNOG00000033570",1
"ENSRNOG00000028782",383
"ENSRNOG00000005956",3
"ENSRNOG00000013067",3
"ENSRNOG00000005270",30
"ENSRNOG00000054994",0
"ENSRNOG00000055497",0
"ENSRNOG00000057424",0
"ENSRNOG00000005138",1340
"ENSRNOG00000052986",0
"ENSRNOG00000023202",1489
"ENSRNOG00000060183",0
"ENSRNOG00000056776",0
"ENSRNOG00000056217",2
"ENSRNOG00000059833",1
"ENSRNOG00000059498",0
"ENSRNOG00000058093",0
"ENSRNOG00000025551",86
"ENSRNOG00000031789",320
"ENSRNOG00000057249",0
"ENSRNOG00000053801",0
"ENSRNOG00000057420",0
"ENSRNOG00000060548",0
"ENSRNOG00000063441",0
"ENSRNOG00000046159",9502
"ENSRNOG00000070649",0
"ENSRNOG00000059305",0
"ENSRNOG00000011278",764
"ENSRNOG00000051692",0
"ENSRNOG00000063694",0
"ENSRNOG00000069745",0
"ENSRNOG00000011136",1884
"ENSRNOG00000016852",111
"ENSRNOG00000032335",0
"ENSRNOG00000031383",1
"ENSRNOG00000031425",0
"ENSRNOG00000007700",1
"ENSRNOG00000011507",89
"ENSRNOG00000045629",482
"ENSRNOG00000004459",4
"ENSRNOG00000053692",0
"ENSRNOG00000067950",0
"ENSRNOG00000032871",0
"ENSRNOG00000058099",0
"ENSRNOG00000065009",0
"ENSRNOG00000060257",4
"ENSRNOG00000059077",0
"ENSRNOG00000052214",0
"ENSRNOG00000068129",0
"ENSRNOG00000004603",209
"ENSRNOG00000059423",0
"ENSRNOG00000006870",1642
"ENSRNOG00000065099",0
"ENSRNOG00000004659",433
"ENSRNOG00000052580",0
"ENSRNOG00000058804",0
"ENSRNOG00000061681",4
"ENSRNOG00000065930",0
"ENSRNOG00000059977",0
"ENSRNOG00000004421",788
"ENSRNOG00000007003",4
"ENSRNOG00000055749",0
"ENSRNOG00000058828",0
"ENSRNOG00000054968",0
"ENSRNOG00000071082",0
"ENSRNOG00000007262",202
"ENSRNOG00000036516",0
"ENSRNOG00000010078",83
"ENSRNOG00000035457",1
"ENSRNOG00000041758",0
"ENSRNOG00000048399",0
"ENSRNOG00000052725",0
"ENSRNOG00000035529",0
"ENSRNOG00000004391",0
"ENSRNOG00000047216",0
"ENSRNOG00000056727",0
"ENSRNOG00000056493",0
"ENSRNOG00000041492",0
"ENSRNOG00000060956",3031
"ENSRNOG00000035461",11
"ENSRNOG00000035525",0
"ENSRNOG00000041450",0
"ENSRNOG00000035611",1
"ENSRNOG00000015177",2440
"ENSRNOG00000006766",10111
"ENSRNOG00000035543",9
"ENSRNOG00000064006",0
"ENSRNOG00000041348",0
"ENSRNOG00000053467",0
"ENSRNOG00000036514",0
"ENSRNOG00000009658",1287
"ENSRNOG00000035614",0
"ENSRNOG00000035636",0
"ENSRNOG00000017022",6002
"ENSRNOG00000045781",0
"ENSRNOG00000066306",0
"ENSRNOG00000035642",1
"ENSRNOG00000035547",0
"ENSRNOG00000006578",5
"ENSRNOG00000014137",42
"ENSRNOG00000006060",820
"ENSRNOG00000025504",2012
"ENSRNOG00000017057",904
"ENSRNOG00000066252",3484
"ENSRNOG00000057264",1
"ENSRNOG00000051838",148
"ENSRNOG00000054019",3
"ENSRNOG00000055844",0
"ENSRNOG00000010807",774
"ENSRNOG00000060779",0
"ENSRNOG00000052434",1
"ENSRNOG00000060170",0
"ENSRNOG00000061717",7
"ENSRNOG00000010588",20123
"ENSRNOG00000058707",1
"ENSRNOG00000007000",0
"ENSRNOG00000062476",0
"ENSRNOG00000055394",0
"ENSRNOG00000056800",0
"ENSRNOG00000055397",0
"ENSRNOG00000056599",3
"ENSRNOG00000057767",0
"ENSRNOG00000055237",0
"ENSRNOG00000057747",0
"ENSRNOG00000070036",0
"ENSRNOG00000063910",0
"ENSRNOG00000071132",1
"ENSRNOG00000068807",1
"ENSRNOG00000010793",414
"ENSRNOG00000056857",3
"ENSRNOG00000065332",1
"ENSRNOG00000008639",65594
"ENSRNOG00000007581",0
"ENSRNOG00000067202",1
"ENSRNOG00000058682",2
"ENSRNOG00000052381",0
"ENSRNOG00000063116",3
"ENSRNOG00000070636",17
"ENSRNOG00000052505",0
"ENSRNOG00000060456",1
"ENSRNOG00000057766",0
"ENSRNOG00000066702",0
"ENSRNOG00000061082",0
"ENSRNOG00000058376",0
"ENSRNOG00000055418",4
"ENSRNOG00000054193",2
"ENSRNOG00000030814",0
"ENSRNOG00000064830",0
"ENSRNOG00000006118",1270
"ENSRNOG00000066363",0
"ENSRNOG00000067345",0
"ENSRNOG00000062426",0
"ENSRNOG00000054025",0
"ENSRNOG00000056927",0
"ENSRNOG00000060330",0
"ENSRNOG00000025501",0
"ENSRNOG00000070142",0
"ENSRNOG00000068761",0
"ENSRNOG00000066308",0
"ENSRNOG00000063604",2
"ENSRNOG00000066043",0
"ENSRNOG00000061818",0
"ENSRNOG00000070821",0
"ENSRNOG00000069470",0
"ENSRNOG00000004578",1
"ENSRNOG00000066147",0
"ENSRNOG00000063468",0
"ENSRNOG00000058916",312
"ENSRNOG00000055183",0
"ENSRNOG00000051459",0
"ENSRNOG00000038948",1
"ENSRNOG00000054055",0
"ENSRNOG00000069608",0
"ENSRNOG00000004403",562
"ENSRNOG00000069747",0
"ENSRNOG00000070637",610
"ENSRNOG00000056340",0
"ENSRNOG00000052862",3
"ENSRNOG00000068939",0
"ENSRNOG00000042978",590
"ENSRNOG00000059857",45
"ENSRNOG00000054775",4093
"ENSRNOG00000034316",0
"ENSRNOG00000056530",0
"ENSRNOG00000015447",1998
"ENSRNOG00000056726",0
"ENSRNOG00000004301",1316
"ENSRNOG00000007032",0
"ENSRNOG00000052611",0
"ENSRNOG00000053843",0
"ENSRNOG00000057961",0
"ENSRNOG00000006653",6
"ENSRNOG00000010459",5
"ENSRNOG00000005263",2049
"ENSRNOG00000052218",0
"ENSRNOG00000038916",607
"ENSRNOG00000060638",0
"ENSRNOG00000058269",11
"ENSRNOG00000065976",42
"ENSRNOG00000061351",2
"ENSRNOG00000004502",3
"ENSRNOG00000058201",2
"ENSRNOG00000063448",0
"ENSRNOG00000055100",0
"ENSRNOG00000066564",0
"ENSRNOG00000057777",0
"ENSRNOG00000055395",0
"ENSRNOG00000007875",826
"ENSRNOG00000055833",0
"ENSRNOG00000032828",0
"ENSRNOG00000022807",229
"ENSRNOG00000058379",0
"ENSRNOG00000057004",0
"ENSRNOG00000008367",0
"ENSRNOG00000055582",4
"ENSRNOG00000060815",0
"ENSRNOG00000006816",10933
"ENSRNOG00000055214",0
"ENSRNOG00000059158",0
"ENSRNOG00000063628",0
"ENSRNOG00000053405",450
"ENSRNOG00000066150",0
"ENSRNOG00000067057",0
"ENSRNOG00000064494",0
"ENSRNOG00000052077",0
"ENSRNOG00000055273",0
"ENSRNOG00000053002",0
"ENSRNOG00000005291",220
"ENSRNOG00000064518",0
"ENSRNOG00000057900",0
"ENSRNOG00000065227",0
"ENSRNOG00000067964",0
"ENSRNOG00000070612",0
"ENSRNOG00000055884",7
"ENSRNOG00000053482",0
"ENSRNOG00000032447",20
"ENSRNOG00000058282",0
"ENSRNOG00000051798",0
"ENSRNOG00000063381",0
"ENSRNOG00000053921",0
"ENSRNOG00000066915",0
"ENSRNOG00000058303",0
"ENSRNOG00000064763",0
"ENSRNOG00000049733",0
"ENSRNOG00000067164",0
"ENSRNOG00000054300",0
"ENSRNOG00000052281",0
"ENSRNOG00000024494",11
"ENSRNOG00000016141",3
"ENSRNOG00000005299",10
"ENSRNOG00000028619",0
"ENSRNOG00000036865",0
"ENSRNOG00000022260",1763
"ENSRNOG00000014850",6
"ENSRNOG00000004109",2240
"ENSRNOG00000004298",4
"ENSRNOG00000036831",1
"ENSRNOG00000057988",928
"ENSRNOG00000070941",0
"ENSRNOG00000025994",25
"ENSRNOG00000025454",129
"ENSRNOG00000006305",21315
"ENSRNOG00000024955",1381
"ENSRNOG00000009779",374
"ENSRNOG00000069110",0
"ENSRNOG00000054757",2399
"ENSRNOG00000004148",623
"ENSRNOG00000011573",595
"ENSRNOG00000009088",3036
"ENSRNOG00000068023",6137
"ENSRNOG00000007859",87
"ENSRNOG00000056487",1145
"ENSRNOG00000052880",5
"ENSRNOG00000012192",486
"ENSRNOG00000007970",18
"ENSRNOG00000045554",0
"ENSRNOG00000010811",0
"ENSRNOG00000014082",1
"ENSRNOG00000005637",2
"ENSRNOG00000012208",6
"ENSRNOG00000012499",2559
"ENSRNOG00000010408",88
"ENSRNOG00000058560",1
"ENSRNOG00000021881",553
"ENSRNOG00000008247",2828
"ENSRNOG00000007801",4234
"ENSRNOG00000021945",3
"ENSRNOG00000064461",0
"ENSRNOG00000008797",20583
"ENSRNOG00000060703",266
"ENSRNOG00000025481",6389
"ENSRNOG00000052307",2464
"ENSRNOG00000064897",0
"ENSRNOG00000006841",122
"ENSRNOG00000059961",47
"ENSRNOG00000007713",61
"ENSRNOG00000004494",2023
"ENSRNOG00000065012",0
"ENSRNOG00000031099",0
"ENSRNOG00000004367",3800
"ENSRNOG00000053196",4113
"ENSRNOG00000004011",434
"ENSRNOG00000054515",1344
"ENSRNOG00000055597",2395
"ENSRNOG00000068255",0
"ENSRNOG00000005266",0
"ENSRNOG00000021892",0
"ENSRNOG00000005556",387
"ENSRNOG00000052990",4961
"ENSRNOG00000006514",1002
"ENSRNOG00000007407",563
"ENSRNOG00000059801",5024
"ENSRNOG00000006983",1290
"ENSRNOG00000060020",8
"ENSRNOG00000058053",1421
"ENSRNOG00000056457",15
"ENSRNOG00000009094",7669
"ENSRNOG00000049033",406
"ENSRNOG00000005573",31
"ENSRNOG00000063295",0
"ENSRNOG00000065833",11
"ENSRNOG00000065049",0
"ENSRNOG00000032395",395
"ENSRNOG00000050317",3845
"ENSRNOG00000065389",58
"ENSRNOG00000060154",1185
"ENSRNOG00000008507",98
"ENSRNOG00000054274",1169
"ENSRNOG00000024450",978
"ENSRNOG00000002632",23606
"ENSRNOG00000010099",2552
"ENSRNOG00000068918",1
"ENSRNOG00000059765",21
"ENSRNOG00000005987",377
"ENSRNOG00000063627",0
"ENSRNOG00000016149",3
"ENSRNOG00000070604",0
"ENSRNOG00000031930",0
"ENSRNOG00000009160",0
"ENSRNOG00000059050",0
"ENSRNOG00000067545",0
"ENSRNOG00000024870",86
"ENSRNOG00000002642",4698
"ENSRNOG00000033059",0
"ENSRNOG00000008057",13
"ENSRNOG00000008819",0
"ENSRNOG00000002840",17805
"ENSRNOG00000067257",0
"ENSRNOG00000004628",4717
"ENSRNOG00000032859",0
"ENSRNOG00000062981",160
"ENSRNOG00000008965",1022
"ENSRNOG00000053881",2371
"ENSRNOG00000004875",1
"ENSRNOG00000028713",2
"ENSRNOG00000032332",0
"ENSRNOG00000004554",893
"ENSRNOG00000036830",0
"ENSRNOG00000008242",0
"ENSRNOG00000004610",16892
"ENSRNOG00000031785",0
"ENSRNOG00000003076",12749
"ENSRNOG00000004635",0
"ENSRNOG00000015320",13254
"ENSRNOG00000004284",9519
"ENSRNOG00000068905",14
"ENSRNOG00000040281",15509
"ENSRNOG00000005386",2436
"ENSRNOG00000036829",5
"ENSRNOG00000004904",1813
"ENSRNOG00000036828",8
"ENSRNOG00000069509",0
"ENSRNOG00000036871",0
"ENSRNOG00000021681",468
"ENSRNOG00000036827",0
"ENSRNOG00000036826",0
"ENSRNOG00000042740",204
"ENSRNOG00000067092",2
"ENSRNOG00000019550",1061
"ENSRNOG00000038574",336
"ENSRNOG00000023896",1199
"ENSRNOG00000031612",173
"ENSRNOG00000004717",1979
"ENSRNOG00000027468",29
"ENSRNOG00000053498",1038
"ENSRNOG00000004179",0
"ENSRNOG00000053802",1
"ENSRNOG00000047393",7
"ENSRNOG00000029855",1744
"ENSRNOG00000004026",1769
"ENSRNOG00000019653",389
"ENSRNOG00000028679",0
"ENSRNOG00000007999",1
"ENSRNOG00000028879",0
"ENSRNOG00000016116",0
"ENSRNOG00000064464",0
"ENSRNOG00000004117",0
"ENSRNOG00000004390",306
"ENSRNOG00000012985",2211
"ENSRNOG00000003127",299
"ENSRNOG00000005048",0
"ENSRNOG00000032529",0
"ENSRNOG00000004878",0
"ENSRNOG00000046245",226
"ENSRNOG00000070470",0
"ENSRNOG00000013343",850
"ENSRNOG00000070314",0
"ENSRNOG00000004585",155
"ENSRNOG00000069543",0
"ENSRNOG00000068902",0
"ENSRNOG00000013445",579
"ENSRNOG00000053468",24072
"ENSRNOG00000067326",298
"ENSRNOG00000031135",2797
"ENSRNOG00000025602",9634
"ENSRNOG00000069814",22
"ENSRNOG00000070066",0
"ENSRNOG00000063136",0
"ENSRNOG00000066049",0
"ENSRNOG00000069400",0
"ENSRNOG00000007756",297
"ENSRNOG00000059605",7
"ENSRNOG00000069872",0
"ENSRNOG00000025592",2840
"ENSRNOG00000064054",7
"ENSRNOG00000068019",0
"ENSRNOG00000070332",0
"ENSRNOG00000070691",0
"ENSRNOG00000036841",1337
"ENSRNOG00000066421",0
"ENSRNOG00000068569",0
"ENSRNOG00000066872",56
"ENSRNOG00000025584",2
"ENSRNOG00000065129",421
"ENSRNOG00000064401",6
"ENSRNOG00000061499",5253
"ENSRNOG00000069308",31
"ENSRNOG00000036839",2103
"ENSRNOG00000068408",1
"ENSRNOG00000066841",9
"ENSRNOG00000063061",0
"ENSRNOG00000064491",0
"ENSRNOG00000068195",6
"ENSRNOG00000060017",0
"ENSRNOG00000036837",3
"ENSRNOG00000064195",52
"ENSRNOG00000070425",0
"ENSRNOG00000002597",0
"ENSRNOG00000025570",2322
"ENSRNOG00000066185",1
"ENSRNOG00000036836",0
"ENSRNOG00000064872",1
"ENSRNOG00000066132",0
"ENSRNOG00000063589",0
"ENSRNOG00000070666",33
"ENSRNOG00000066498",671
"ENSRNOG00000031993",512
"ENSRNOG00000070180",0
"ENSRNOG00000036835",6752
"ENSRNOG00000065284",0
"ENSRNOG00000043382",0
"ENSRNOG00000069689",0
"ENSRNOG00000004846",868
"ENSRNOG00000064864",0
"ENSRNOG00000016199",0
"ENSRNOG00000056878",542
"ENSRNOG00000067207",23
"ENSRNOG00000064226",0
"ENSRNOG00000064246",0
"ENSRNOG00000006209",916
"ENSRNOG00000042094",3101
"ENSRNOG00000064691",0
"ENSRNOG00000061088",1144
"ENSRNOG00000065531",0
"ENSRNOG00000069127",0
"ENSRNOG00000069679",6
"ENSRNOG00000068119",0
"ENSRNOG00000063228",5
"ENSRNOG00000068601",117
"ENSRNOG00000066635",39
"ENSRNOG00000070115",0
"ENSRNOG00000068009",10
"ENSRNOG00000063058",329
"ENSRNOG00000067620",150
"ENSRNOG00000069968",0
"ENSRNOG00000064133",0
"ENSRNOG00000067773",0
"ENSRNOG00000063760",7
"ENSRNOG00000056106",1380
"ENSRNOG00000036852",10573
"ENSRNOG00000054935",0
"ENSRNOG00000065975",0
"ENSRNOG00000065359",0
"ENSRNOG00000064169",0
"ENSRNOG00000000958",285
"ENSRNOG00000063922",30
"ENSRNOG00000062619",0
"ENSRNOG00000054385",66
"ENSRNOG00000043299",0
"ENSRNOG00000015134",602
"ENSRNOG00000053675",6
"ENSRNOG00000043334",0
"ENSRNOG00000064889",0
"ENSRNOG00000061607",230
"ENSRNOG00000043125",0
"ENSRNOG00000004398",10
"ENSRNOG00000065664",0
"ENSRNOG00000059545",70
"ENSRNOG00000042355",336
"ENSRNOG00000062651",107
"ENSRNOG00000063839",0
"ENSRNOG00000059790",0
"ENSRNOG00000066391",0
"ENSRNOG00000070619",0
"ENSRNOG00000007607",2420
"ENSRNOG00000064438",0
"ENSRNOG00000070603",0
"ENSRNOG00000066225",0
"ENSRNOG00000015269",4363
"ENSRNOG00000021438",4974
"ENSRNOG00000070683",0
"ENSRNOG00000070022",0
"ENSRNOG00000065595",0
"ENSRNOG00000064209",281
"ENSRNOG00000060185",1967
"ENSRNOG00000067854",0
"ENSRNOG00000070615",0
"ENSRNOG00000005333",2914
"ENSRNOG00000003254",26
"ENSRNOG00000066587",0
"ENSRNOG00000057451",9584
"ENSRNOG00000067222",2
"ENSRNOG00000065752",0
"ENSRNOG00000067667",14
"ENSRNOG00000070152",12
"ENSRNOG00000032441",354
"ENSRNOG00000071048",0
"ENSRNOG00000069488",5
"ENSRNOG00000005309",0
"ENSRNOG00000057315",0
"ENSRNOG00000066441",51
"ENSRNOG00000070536",1
"ENSRNOG00000054838",1067
"ENSRNOG00000063363",1
"ENSRNOG00000039997",960
"ENSRNOG00000066873",12
"ENSRNOG00000043203",0
"ENSRNOG00000065094",0
"ENSRNOG00000001376",1173
"ENSRNOG00000063812",0
"ENSRNOG00000063576",3
"ENSRNOG00000064471",0
"ENSRNOG00000063449",0
"ENSRNOG00000058125",0
"ENSRNOG00000062295",1
"ENSRNOG00000054250",1
"ENSRNOG00000060866",0
"ENSRNOG00000067703",0
"ENSRNOG00000012832",1958
"ENSRNOG00000065854",0
"ENSRNOG00000046069",0
"ENSRNOG00000025340",0
"ENSRNOG00000068846",3
"ENSRNOG00000053181",0
"ENSRNOG00000069328",0
"ENSRNOG00000066066",0
"ENSRNOG00000066478",14
"ENSRNOG00000054378",0
"ENSRNOG00000004201",220
"ENSRNOG00000052539",560
"ENSRNOG00000071151",1
"ENSRNOG00000051970",2
"ENSRNOG00000006130",8143
"ENSRNOG00000065252",0
"ENSRNOG00000065308",8
"ENSRNOG00000006934",255
"ENSRNOG00000070006",0
"ENSRNOG00000060993",0
"ENSRNOG00000058134",0
"ENSRNOG00000007346",158
"ENSRNOG00000057971",0
"ENSRNOG00000068482",0
"ENSRNOG00000056297",3580
"ENSRNOG00000056885",0
"ENSRNOG00000051638",0
"ENSRNOG00000051790",0
"ENSRNOG00000070769",548
"ENSRNOG00000060818",1
"ENSRNOG00000061721",0
"ENSRNOG00000065117",1
"ENSRNOG00000070176",0
"ENSRNOG00000004595",10
"ENSRNOG00000058435",0
"ENSRNOG00000063976",0
"ENSRNOG00000070294",0
"ENSRNOG00000067922",0
"ENSRNOG00000067324",0
"ENSRNOG00000006469",928
"ENSRNOG00000068409",0
"ENSRNOG00000056678",909
"ENSRNOG00000069080",0
"ENSRNOG00000067888",0
"ENSRNOG00000053419",0
"ENSRNOG00000055579",16426
"ENSRNOG00000061079",0
"ENSRNOG00000023085",107
"ENSRNOG00000053870",0
"ENSRNOG00000061572",849
"ENSRNOG00000063352",0
"ENSRNOG00000059070",1
"ENSRNOG00000057624",0
"ENSRNOG00000066337",0
"ENSRNOG00000058430",87
"ENSRNOG00000022943",982
"ENSRNOG00000058340",0
"ENSRNOG00000061238",0
"ENSRNOG00000050420",0
"ENSRNOG00000066475",161
"ENSRNOG00000049495",0
"ENSRNOG00000053769",1
"ENSRNOG00000024929",503
"ENSRNOG00000030876",0
"ENSRNOG00000058130",408
"ENSRNOG00000036833",703
"ENSRNOG00000004681",817
"ENSRNOG00000006778",6630
"ENSRNOG00000008436",0
"ENSRNOG00000006827",341
"ENSRNOG00000006844",809
"ENSRNOG00000004220",501
"ENSRNOG00000036834",0
"ENSRNOG00000030120",564
"ENSRNOG00000062320",1
"ENSRNOG00000031081",1927
"ENSRNOG00000025087",0
"ENSRNOG00000030520",263
"ENSRNOG00000004200",22
"ENSRNOG00000007610",504
"ENSRNOG00000005535",911
"ENSRNOG00000006789",1519
"ENSRNOG00000009563",0
"ENSRNOG00000024507",0
"ENSRNOG00000007650",15320
"ENSRNOG00000067469",1
"ENSRNOG00000010977",911
"ENSRNOG00000025459",2463
"ENSRNOG00000028996",0
"ENSRNOG00000004964",16
"ENSRNOG00000007784",1146
"ENSRNOG00000014084",3549
"ENSRNOG00000004708",0
"ENSRNOG00000024886",2964
"ENSRNOG00000007905",2303
"ENSRNOG00000007927",2
"ENSRNOG00000068079",660
"ENSRNOG00000008195",23806
"ENSRNOG00000070116",0
"ENSRNOG00000048637",0
"ENSRNOG00000032428",0
"ENSRNOG00000067519",0
"ENSRNOG00000065300",0
"ENSRNOG00000023456",2579
"ENSRNOG00000030191",0
"ENSRNOG00000063559",0
"ENSRNOG00000037687",1
"ENSRNOG00000033466",0
"ENSRNOG00000066504",0
"ENSRNOG00000065281",0
"ENSRNOG00000068784",0
"ENSRNOG00000003549",3085
"ENSRNOG00000063653",0
"ENSRNOG00000068489",0
"ENSRNOG00000068586",0
"ENSRNOG00000027690",321
"ENSRNOG00000033263",0
"ENSRNOG00000053040",3633
"ENSRNOG00000023520",8680
"ENSRNOG00000039449",0
"ENSRNOG00000004697",17
"ENSRNOG00000060598",0
"ENSRNOG00000012835",149
"ENSRNOG00000004662",1789
"ENSRNOG00000029571",900
"ENSRNOG00000009072",145
"ENSRNOG00000049571",0
"ENSRNOG00000003132",1
"ENSRNOG00000063608",0
"ENSRNOG00000063956",6
"ENSRNOG00000011955",15
"ENSRNOG00000048787",0
"ENSRNOG00000042090",0
"ENSRNOG00000004937",9
"ENSRNOG00000031916",171
"ENSRNOG00000033403",0
"ENSRNOG00000031493",0
"ENSRNOG00000031205",3
"ENSRNOG00000061320",1165
"ENSRNOG00000043412",8
"ENSRNOG00000064174",1
"ENSRNOG00000032424",2
"ENSRNOG00000063008",0
"ENSRNOG00000055726",0
"ENSRNOG00000016598",1
"ENSRNOG00000021688",488
"ENSRNOG00000016613",4
"ENSRNOG00000050393",577
"ENSRNOG00000069033",68
"ENSRNOG00000009105",0
"ENSRNOG00000005854",17
"ENSRNOG00000054140",5481
"ENSRNOG00000036842",396
"ENSRNOG00000004152",934
"ENSRNOG00000008697",3134
"ENSRNOG00000053054",607
"ENSRNOG00000008336",4613
"ENSRNOG00000028837",75
"ENSRNOG00000004660",429
"ENSRNOG00000030597",1132
"ENSRNOG00000034022",1701
"ENSRNOG00000060753",1665
"ENSRNOG00000033361",105
"ENSRNOG00000026502",86
"ENSRNOG00000004704",0
"ENSRNOG00000063314",152
"ENSRNOG00000023480",1858
"ENSRNOG00000065551",0
"ENSRNOG00000062664",0
"ENSRNOG00000004089",58
"ENSRNOG00000004420",4432
"ENSRNOG00000008615",97
"ENSRNOG00000005123",417
"ENSRNOG00000004821",655
"ENSRNOG00000005417",312
"ENSRNOG00000005551",2452
"ENSRNOG00000006103",233
"ENSRNOG00000071113",3
"ENSRNOG00000004854",7
"ENSRNOG00000069184",0
"ENSRNOG00000043390",1
"ENSRNOG00000069733",3
"ENSRNOG00000004328",918
"ENSRNOG00000004252",9720
"ENSRNOG00000024998",2362
"ENSRNOG00000007980",1
"ENSRNOG00000009550",2694
"ENSRNOG00000009739",4613
"ENSRNOG00000003964",271
"ENSRNOG00000004844",594
"ENSRNOG00000025300",19
"ENSRNOG00000007896",114
"ENSRNOG00000004958",0
"ENSRNOG00000008934",900
"ENSRNOG00000008987",4127
"ENSRNOG00000047198",95
"ENSRNOG00000009001",1322
"ENSRNOG00000063076",212
"ENSRNOG00000004747",0
"ENSRNOG00000004692",8
"ENSRNOG00000062233",1
"ENSRNOG00000069501",0
"ENSRNOG00000054576",2
"ENSRNOG00000019459",8727
"ENSRNOG00000008209",779
"ENSRNOG00000004100",1737
"ENSRNOG00000062947",418
"ENSRNOG00000032951",0
"ENSRNOG00000006738",262
"ENSRNOG00000037549",0
"ENSRNOG00000029292",0
"ENSRNOG00000063591",210
"ENSRNOG00000004744",47
"ENSRNOG00000018271",0
"ENSRNOG00000033584",0
"ENSRNOG00000018212",904
"ENSRNOG00000008591",4
"ENSRNOG00000006370",79
"ENSRNOG00000018977",6775
"ENSRNOG00000006412",1095
"ENSRNOG00000058733",3157
"ENSRNOG00000065001",0
"ENSRNOG00000031950",28
"ENSRNOG00000025604",782
"ENSRNOG00000018971",764
"ENSRNOG00000051499",1178
"ENSRNOG00000006700",282
"ENSRNOG00000070626",0
"ENSRNOG00000025460",101
"ENSRNOG00000006251",0
"ENSRNOG00000032202",0
"ENSRNOG00000004906",0
"ENSRNOG00000026435",51
"ENSRNOG00000005206",0
"ENSRNOG00000024975",37
"ENSRNOG00000005233",0
"ENSRNOG00000034102",6
"ENSRNOG00000033791",186
"ENSRNOG00000033694",223
"ENSRNOG00000011954",3
"ENSRNOG00000004500",641
"ENSRNOG00000025140",159
"ENSRNOG00000014625",1866
"ENSRNOG00000024349",543
"ENSRNOG00000025528",4055
"ENSRNOG00000005486",1589
"ENSRNOG00000014287",528
"ENSRNOG00000015434",3042
"ENSRNOG00000004401",1196
"ENSRNOG00000068848",0
"ENSRNOG00000004412",148
"ENSRNOG00000011489",3207
"ENSRNOG00000065596",0
"ENSRNOG00000033262",45
"ENSRNOG00000016405",141
"ENSRNOG00000006104",16
"ENSRNOG00000025293",0
"ENSRNOG00000031387",953
"ENSRNOG00000024577",299
"ENSRNOG00000024568",1315
"ENSRNOG00000024549",200
"ENSRNOG00000016203",26
"ENSRNOG00000056714",1
"ENSRNOG00000008199",0
"ENSRNOG00000030830",403
"ENSRNOG00000013987",1665
"ENSRNOG00000064283",151
"ENSRNOG00000067606",159
"ENSRNOG00000007393",2737
"ENSRNOG00000013604",7159
"ENSRNOG00000024603",14843
"ENSRNOG00000010423",2
"ENSRNOG00000026415",1443
"ENSRNOG00000009760",1407
"ENSRNOG00000009311",413
"ENSRNOG00000009265",0
"ENSRNOG00000009028",523
"ENSRNOG00000008960",123
"ENSRNOG00000000175",111
"ENSRNOG00000008533",2146
"ENSRNOG00000070264",1
"ENSRNOG00000000177",975
"ENSRNOG00000025516",1
"ENSRNOG00000054588",0
"ENSRNOG00000011315",875
"ENSRNOG00000065138",0
"ENSRNOG00000007730",0
"ENSRNOG00000004890",96
"ENSRNOG00000013545",2195
"ENSRNOG00000007078",4483
"ENSRNOG00000013220",4
"ENSRNOG00000008271",2376
"ENSRNOG00000007818",599
"ENSRNOG00000007795",0
"ENSRNOG00000009103",460
"ENSRNOG00000012939",276
"ENSRNOG00000027569",791
"ENSRNOG00000059240",4
"ENSRNOG00000061246",1157
"ENSRNOG00000043044",3501
"ENSRNOG00000031474",103
"ENSRNOG00000012808",1408
"ENSRNOG00000010794",179
"ENSRNOG00000032827",0
"ENSRNOG00000012562",170
"ENSRNOG00000043465",62
"ENSRNOG00000047072",0
"ENSRNOG00000026133",0
"ENSRNOG00000012379",251
"ENSRNOG00000068978",0
"ENSRNOG00000062508",0
"ENSRNOG00000051563",129
"ENSRNOG00000069262",0
"ENSRNOG00000064163",0
"ENSRNOG00000008030",1088
"ENSRNOG00000033564",2
"ENSRNOG00000033685",0
"ENSRNOG00000008296",317
"ENSRNOG00000008217",17
"ENSRNOG00000068909",0
"ENSRNOG00000007960",0
"ENSRNOG00000022871",581
"ENSRNOG00000031688",0
"ENSRNOG00000032895",0
"ENSRNOG00000065533",0
"ENSRNOG00000068204",1
"ENSRNOG00000032552",528
"ENSRNOG00000007091",338
"ENSRNOG00000067424",0
"ENSRNOG00000007307",1239
"ENSRNOG00000005382",0
"ENSRNOG00000028512",175
"ENSRNOG00000006086",0
"ENSRNOG00000024879",210
"ENSRNOG00000031437",0
"ENSRNOG00000008831",108
"ENSRNOG00000005159",0
"ENSRNOG00000051059",0
"ENSRNOG00000008414",13829
"ENSRNOG00000061813",0
"ENSRNOG00000007628",133
"ENSRNOG00000030530",2
"ENSRNOG00000060530",356
"ENSRNOG00000029450",0
"ENSRNOG00000004346",2343
"ENSRNOG00000027238",124
"ENSRNOG00000043344",0
"ENSRNOG00000061376",8
"ENSRNOG00000005929",4
"ENSRNOG00000005944",0
"ENSRNOG00000006217",2135
"ENSRNOG00000006058",0
"ENSRNOG00000007684",908
"ENSRNOG00000062903",0
"ENSRNOG00000008026",13
"ENSRNOG00000028146",0
"ENSRNOG00000024824",0
"ENSRNOG00000046224",0
"ENSRNOG00000048577",33
"ENSRNOG00000070877",0
"ENSRNOG00000037374",0
"ENSRNOG00000006770",8625
"ENSRNOG00000030111",0
"ENSRNOG00000025725",0
"ENSRNOG00000025641",1
"ENSRNOG00000014314",3
"ENSRNOG00000006559",599
"ENSRNOG00000006355",512
"ENSRNOG00000021638",5449
"ENSRNOG00000065304",0
"ENSRNOG00000004501",0
"ENSRNOG00000069530",128
"ENSRNOG00000066139",32
"ENSRNOG00000014811",1377
"ENSRNOG00000007076",51
"ENSRNOG00000029814",0
"ENSRNOG00000027940",45
"ENSRNOG00000007500",173
"ENSRNOG00000069136",1
"ENSRNOG00000037375",0
"ENSRNOG00000010448",10486
"ENSRNOG00000060123",37
"ENSRNOG00000027319",10
"ENSRNOG00000048850",0
"ENSRNOG00000007137",0
"ENSRNOG00000015371",2
"ENSRNOG00000029941",13416
"ENSRNOG00000048148",0
"ENSRNOG00000032231",5
"ENSRNOG00000034107",315
"ENSRNOG00000032574",756
"ENSRNOG00000009960",1299
"ENSRNOG00000014703",49
"ENSRNOG00000064680",0
"ENSRNOG00000033520",5
"ENSRNOG00000070029",0
"ENSRNOG00000006440",565
"ENSRNOG00000025497",716
"ENSRNOG00000007939",267
"ENSRNOG00000032561",140
"ENSRNOG00000007916",3162
"ENSRNOG00000030308",506
"ENSRNOG00000004484",52
"ENSRNOG00000050695",325
"ENSRNOG00000008401",3
"ENSRNOG00000068956",3115
"ENSRNOG00000068661",52
"ENSRNOG00000069134",0
"ENSRNOG00000063626",170
"ENSRNOG00000006471",0
"ENSRNOG00000007489",576
"ENSRNOG00000005749",55
"ENSRNOG00000021765",383
"ENSRNOG00000007077",700
"ENSRNOG00000048924",8005
"ENSRNOG00000050714",7
"ENSRNOG00000043068",27
"ENSRNOG00000015994",0
"ENSRNOG00000008680",3972
"ENSRNOG00000069897",460
"ENSRNOG00000032364",738
"ENSRNOG00000008737",60
"ENSRNOG00000014340",155
"ENSRNOG00000016069",1
"ENSRNOG00000033496",538
"ENSRNOG00000026679",96
"ENSRNOG00000030800",0
"ENSRNOG00000018481",1002
"ENSRNOG00000008620",556
"ENSRNOG00000063066",1
"ENSRNOG00000008340",70
"ENSRNOG00000012962",129
"ENSRNOG00000016397",0
"ENSRNOG00000018665",240
"ENSRNOG00000016412",0
"ENSRNOG00000043324",0
"ENSRNOG00000008353",1
"ENSRNOG00000045679",12
"ENSRNOG00000047503",11
"ENSRNOG00000055909",0
"ENSRNOG00000059084",0
"ENSRNOG00000018436",4
"ENSRNOG00000007164",874
"ENSRNOG00000015389",1452
"ENSRNOG00000038202",98
"ENSRNOG00000027730",3
"ENSRNOG00000013919",2308
"ENSRNOG00000008424",360
"ENSRNOG00000020659",1065
"ENSRNOG00000048394",127
"ENSRNOG00000009193",5
"ENSRNOG00000025937",693
"ENSRNOG00000006663",115
"ENSRNOG00000009303",330
"ENSRNOG00000005930",269
"ENSRNOG00000033624",281
"ENSRNOG00000016085",0
"ENSRNOG00000009378",12532
"ENSRNOG00000068913",117
"ENSRNOG00000042601",8
"ENSRNOG00000034037",3293
"ENSRNOG00000012650",1174
"ENSRNOG00000039859",1187
"ENSRNOG00000012420",1640
"ENSRNOG00000012015",612
"ENSRNOG00000042649",1
"ENSRNOG00000047625",142
"ENSRNOG00000012430",13
"ENSRNOG00000057447",301
"ENSRNOG00000014832",690
"ENSRNOG00000038867",0
"ENSRNOG00000064248",141
"ENSRNOG00000020901",27
"ENSRNOG00000053932",449
"ENSRNOG00000009253",104
"ENSRNOG00000007158",69
"ENSRNOG00000055680",1
"ENSRNOG00000015458",73
"ENSRNOG00000057102",1444
"ENSRNOG00000020653",2348
"ENSRNOG00000012868",769
"ENSRNOG00000067804",9
"ENSRNOG00000011789",2493
"ENSRNOG00000046243",0
"ENSRNOG00000022741",1602
"ENSRNOG00000011567",250
"ENSRNOG00000045931",2225
"ENSRNOG00000049489",522
"ENSRNOG00000042925",0
"ENSRNOG00000064478",0
"ENSRNOG00000052224",0
"ENSRNOG00000029980",5
"ENSRNOG00000005903",31
"ENSRNOG00000043093",0
"ENSRNOG00000008595",290
"ENSRNOG00000013959",0
"ENSRNOG00000025037",0
"ENSRNOG00000013201",1395
"ENSRNOG00000009772",3
"ENSRNOG00000020525",331
"ENSRNOG00000015718",6
"ENSRNOG00000070107",0
"ENSRNOG00000067684",0
"ENSRNOG00000029826",499
"ENSRNOG00000033981",0
"ENSRNOG00000030225",383
"ENSRNOG00000070602",0
"ENSRNOG00000048441",2408
"ENSRNOG00000010643",1402
"ENSRNOG00000005578",661
"ENSRNOG00000042065",0
"ENSRNOG00000015133",4525
"ENSRNOG00000014065",161
"ENSRNOG00000049600",0
"ENSRNOG00000009198",154
"ENSRNOG00000025372",1065
"ENSRNOG00000014128",770
"ENSRNOG00000024026",0
"ENSRNOG00000010537",313
"ENSRNOG00000011582",2293
"ENSRNOG00000030625",1094
"ENSRNOG00000016502",3
"ENSRNOG00000014719",1659
"ENSRNOG00000025979",17
"ENSRNOG00000031824",2693
"ENSRNOG00000021899",773
"ENSRNOG00000049218",0
"ENSRNOG00000063302",562
"ENSRNOG00000070114",0
"ENSRNOG00000021887",220
"ENSRNOG00000039445",0
"ENSRNOG00000029862",27
"ENSRNOG00000067077",532
"ENSRNOG00000018939",665
"ENSRNOG00000021660",1119
"ENSRNOG00000009271",2492
"ENSRNOG00000017766",7
"ENSRNOG00000008709",790
"ENSRNOG00000016847",1928
"ENSRNOG00000009946",2735
"ENSRNOG00000069348",0
"ENSRNOG00000066040",0
"ENSRNOG00000017151",1197
"ENSRNOG00000049588",0
"ENSRNOG00000019105",4891
"ENSRNOG00000045799",0
"ENSRNOG00000009434",10
"ENSRNOG00000017478",332
"ENSRNOG00000031129",2420
"ENSRNOG00000065852",0
"ENSRNOG00000063923",0
"ENSRNOG00000017628",3851
"ENSRNOG00000027295",41
"ENSRNOG00000032180",116
"ENSRNOG00000021420",361
"ENSRNOG00000015953",2498
"ENSRNOG00000022043",258
"ENSRNOG00000017871",4225
"ENSRNOG00000033426",908
"ENSRNOG00000015019",4093
"ENSRNOG00000060379",280
"ENSRNOG00000015977",1875
"ENSRNOG00000046535",155
"ENSRNOG00000054479",463
"ENSRNOG00000010543",4162
"ENSRNOG00000011543",412
"ENSRNOG00000019400",8388
"ENSRNOG00000027847",4
"ENSRNOG00000011739",1941
"ENSRNOG00000020828",213
"ENSRNOG00000064617",0
"ENSRNOG00000008757",229
"ENSRNOG00000037289",0
"ENSRNOG00000070472",124
"ENSRNOG00000030391",1315
"ENSRNOG00000070382",330
"ENSRNOG00000029242",1199
"ENSRNOG00000013164",0
"ENSRNOG00000012604",255
"ENSRNOG00000008058",1
"ENSRNOG00000030101",52
"ENSRNOG00000014331",453
"ENSRNOG00000039390",120
"ENSRNOG00000011747",126
"ENSRNOG00000010634",12
"ENSRNOG00000015858",0
"ENSRNOG00000050155",0
"ENSRNOG00000011799",137
"ENSRNOG00000008508",0
"ENSRNOG00000010899",1
"ENSRNOG00000025359",0
"ENSRNOG00000029911",139
"ENSRNOG00000018778",2
"ENSRNOG00000012164",402
"ENSRNOG00000022445",0
"ENSRNOG00000014846",1723
"ENSRNOG00000055496",0
"ENSRNOG00000031896",5890
"ENSRNOG00000012619",13
"ENSRNOG00000029127",1093
"ENSRNOG00000054063",0
"ENSRNOG00000052010",0
"ENSRNOG00000014602",435
"ENSRNOG00000063092",120
"ENSRNOG00000070564",0
"ENSRNOG00000016150",347
"ENSRNOG00000046261",28
"ENSRNOG00000065325",0
"ENSRNOG00000052051",8
"ENSRNOG00000059163",30
"ENSRNOG00000000195",7654
"ENSRNOG00000059005",0
"ENSRNOG00000069976",53
"ENSRNOG00000046307",22
"ENSRNOG00000062683",90
"ENSRNOG00000047861",0
"ENSRNOG00000067838",0
"ENSRNOG00000023020",403
"ENSRNOG00000012469",979
"ENSRNOG00000058938",2
"ENSRNOG00000049187",0
"ENSRNOG00000020710",2244
"ENSRNOG00000062317",0
"ENSRNOG00000030232",1429
"ENSRNOG00000068126",2
"ENSRNOG00000068077",0
"ENSRNOG00000008904",76
"ENSRNOG00000064055",0
"ENSRNOG00000027736",423
"ENSRNOG00000065624",0
"ENSRNOG00000066698",0
"ENSRNOG00000066519",0
"ENSRNOG00000009950",423
"ENSRNOG00000065616",0
"ENSRNOG00000007926",637
"ENSRNOG00000014284",1640
"ENSRNOG00000069156",0
"ENSRNOG00000006075",0
"ENSRNOG00000065963",0
"ENSRNOG00000066207",16
"ENSRNOG00000010688",7
"ENSRNOG00000070638",0
"ENSRNOG00000026985",1150
"ENSRNOG00000033217",1
"ENSRNOG00000067794",0
"ENSRNOG00000014521",716
"ENSRNOG00000068935",0
"ENSRNOG00000064114",0
"ENSRNOG00000015554",284
"ENSRNOG00000043131",0
"ENSRNOG00000070485",0
"ENSRNOG00000063953",0
"ENSRNOG00000071070",0
"ENSRNOG00000010652",295
"ENSRNOG00000009219",1
"ENSRNOG00000012260",58
"ENSRNOG00000012994",200
"ENSRNOG00000012980",89
"ENSRNOG00000066595",0
"ENSRNOG00000011199",1080
"ENSRNOG00000063739",0
"ENSRNOG00000011490",2
"ENSRNOG00000016827",49
"ENSRNOG00000065779",0
"ENSRNOG00000069680",0
"ENSRNOG00000028856",39
"ENSRNOG00000008138",44
"ENSRNOG00000032948",423
"ENSRNOG00000017589",45
"ENSRNOG00000069826",0
"ENSRNOG00000053239",52
"ENSRNOG00000011329",8520
"ENSRNOG00000065790",0
"ENSRNOG00000062452",0
"ENSRNOG00000067250",0
"ENSRNOG00000007649",1640
"ENSRNOG00000015896",218
"ENSRNOG00000005960",39
"ENSRNOG00000009850",2787
"ENSRNOG00000067474",0
"ENSRNOG00000032339",77
"ENSRNOG00000065608",0
"ENSRNOG00000068388",1
"ENSRNOG00000031890",3856
"ENSRNOG00000028889",1
"ENSRNOG00000008187",317
"ENSRNOG00000056024",1182
"ENSRNOG00000069955",31
"ENSRNOG00000015863",0
"ENSRNOG00000069075",2
"ENSRNOG00000034066",2011
"ENSRNOG00000015835",227
"ENSRNOG00000008037",176
"ENSRNOG00000066313",0
"ENSRNOG00000059540",7
"ENSRNOG00000058207",0
"ENSRNOG00000033256",16
"ENSRNOG00000049289",0
"ENSRNOG00000008428",0
"ENSRNOG00000063762",0
"ENSRNOG00000022245",909
"ENSRNOG00000021771",8
"ENSRNOG00000011228",750
"ENSRNOG00000066855",14
"ENSRNOG00000065944",948
"ENSRNOG00000045585",0
"ENSRNOG00000030910",0
"ENSRNOG00000024346",0
"ENSRNOG00000029876",1
"ENSRNOG00000062096",1
"ENSRNOG00000056662",0
"ENSRNOG00000011277",0
"ENSRNOG00000016181",0
"ENSRNOG00000063215",0
"ENSRNOG00000030016",0
"ENSRNOG00000007372",136
"ENSRNOG00000064634",171
"ENSRNOG00000061579",4166
"ENSRNOG00000030213",2686
"ENSRNOG00000055222",618
"ENSRNOG00000051416",2025
"ENSRNOG00000067468",4
"ENSRNOG00000005795",546
"ENSRNOG00000034128",29
"ENSRNOG00000069206",55
"ENSRNOG00000029843",1532
"ENSRNOG00000029148",77
"ENSRNOG00000064876",0
"ENSRNOG00000009149",1320
"ENSRNOG00000030296",169
"ENSRNOG00000045885",8919
"ENSRNOG00000010934",55
"ENSRNOG00000065876",5
"ENSRNOG00000065507",0
"ENSRNOG00000067755",0
"ENSRNOG00000011500",5
"ENSRNOG00000031266",234
"ENSRNOG00000031703",24
"ENSRNOG00000065152",0
"ENSRNOG00000070252",0
"ENSRNOG00000056701",77
"ENSRNOG00000029995",1901
"ENSRNOG00000022084",0
"ENSRNOG00000006957",0
"ENSRNOG00000008924",1982
"ENSRNOG00000023850",560
"ENSRNOG00000017190",0
"ENSRNOG00000005710",565
"ENSRNOG00000065862",1
"ENSRNOG00000032642",2
"ENSRNOG00000066352",0
"ENSRNOG00000020655",0
"ENSRNOG00000063216",80
"ENSRNOG00000068475",0
"ENSRNOG00000065079",0
"ENSRNOG00000025463",0
"ENSRNOG00000034052",23
"ENSRNOG00000032626",0
"ENSRNOG00000068773",1
"ENSRNOG00000031483",0
"ENSRNOG00000066381",0
"ENSRNOG00000032353",0
"ENSRNOG00000023086",880
"ENSRNOG00000016781",10014
"ENSRNOG00000071117",0
"ENSRNOG00000006920",0
"ENSRNOG00000037172",73
"ENSRNOG00000068485",0
"ENSRNOG00000008478",1
"ENSRNOG00000022567",0
"ENSRNOG00000022852",0
"ENSRNOG00000069423",3
"ENSRNOG00000043006",3579
"ENSRNOG00000066836",856
"ENSRNOG00000015189",492
"ENSRNOG00000043480",3
"ENSRNOG00000030962",0
"ENSRNOG00000033490",2
"ENSRNOG00000040208",0
"ENSRNOG00000010315",0
"ENSRNOG00000026759",0
"ENSRNOG00000033697",1021
"ENSRNOG00000010743",107
"ENSRNOG00000031127",715
"ENSRNOG00000063084",0
"ENSRNOG00000016121",331
"ENSRNOG00000004757",1033
"ENSRNOG00000031675",0
"ENSRNOG00000031912",8
"ENSRNOG00000070374",0
"ENSRNOG00000048164",177
"ENSRNOG00000016469",0
"ENSRNOG00000030187",0
"ENSRNOG00000052499",379
"ENSRNOG00000065044",310
"ENSRNOG00000065906",0
"ENSRNOG00000067690",0
"ENSRNOG00000018009",960
"ENSRNOG00000012022",0
"ENSRNOG00000062665",15
"ENSRNOG00000070764",0
"ENSRNOG00000064921",0
"ENSRNOG00000006403",40
"ENSRNOG00000064730",0
"ENSRNOG00000068136",2
"ENSRNOG00000031469",0
"ENSRNOG00000017029",457
"ENSRNOG00000008881",0
"ENSRNOG00000039627",30
"ENSRNOG00000054460",3
"ENSRNOG00000070070",0
"ENSRNOG00000068217",0
"ENSRNOG00000012758",6
"ENSRNOG00000000896",3
"ENSRNOG00000058932",255
"ENSRNOG00000065090",33
"ENSRNOG00000010877",822
"ENSRNOG00000063464",246
"ENSRNOG00000060750",1057
"ENSRNOG00000067695",1
"ENSRNOG00000017119",440
"ENSRNOG00000048915",116
"ENSRNOG00000021793",11
"ENSRNOG00000065178",556
"ENSRNOG00000069716",0
"ENSRNOG00000065114",1286
"ENSRNOG00000009308",1
"ENSRNOG00000020580",95
"ENSRNOG00000062347",0
"ENSRNOG00000054355",1118
"ENSRNOG00000064440",0
"ENSRNOG00000065618",0
"ENSRNOG00000067723",21
"ENSRNOG00000050630",5880
"ENSRNOG00000068486",3
"ENSRNOG00000005933",3011
"ENSRNOG00000071145",0
"ENSRNOG00000065870",276
"ENSRNOG00000055049",0
"ENSRNOG00000048161",0
"ENSRNOG00000064689",0
"ENSRNOG00000031126",0
"ENSRNOG00000069438",0
"ENSRNOG00000064936",6
"ENSRNOG00000013027",224
"ENSRNOG00000059497",0
"ENSRNOG00000048237",585
"ENSRNOG00000068439",0
"ENSRNOG00000064399",3255
"ENSRNOG00000067375",2
"ENSRNOG00000061928",3070
"ENSRNOG00000062775",0
"ENSRNOG00000067969",15
"ENSRNOG00000013263",15
"ENSRNOG00000070993",6
"ENSRNOG00000057221",13
"ENSRNOG00000056596",1094
"ENSRNOG00000030000",0
"ENSRNOG00000067000",13
"ENSRNOG00000070140",13
"ENSRNOG00000069058",0
"ENSRNOG00000054446",919
"ENSRNOG00000066384",0
"ENSRNOG00000065274",0
"ENSRNOG00000068511",164
"ENSRNOG00000066848",0
"ENSRNOG00000064312",143
"ENSRNOG00000026589",2714
"ENSRNOG00000067959",563
"ENSRNOG00000065435",97
"ENSRNOG00000030188",0
"ENSRNOG00000051462",0
"ENSRNOG00000069457",0
"ENSRNOG00000064756",0
"ENSRNOG00000037295",90
"ENSRNOG00000010584",1887
"ENSRNOG00000020603",8
"ENSRNOG00000065520",0
"ENSRNOG00000068247",0
"ENSRNOG00000057660",1
"ENSRNOG00000065991",0
"ENSRNOG00000063118",1178
"ENSRNOG00000010507",0
"ENSRNOG00000053577",321
"ENSRNOG00000031054",0
"ENSRNOG00000016620",243
"ENSRNOG00000064896",0
"ENSRNOG00000063458",0
"ENSRNOG00000055631",1221
"ENSRNOG00000069817",0
"ENSRNOG00000010922",931
"ENSRNOG00000013360",9018
"ENSRNOG00000030714",3
"ENSRNOG00000066345",0
"ENSRNOG00000065318",0
"ENSRNOG00000066031",3
"ENSRNOG00000069820",0
"ENSRNOG00000069025",0
"ENSRNOG00000070943",0
"ENSRNOG00000063951",0
"ENSRNOG00000063350",0
"ENSRNOG00000069053",0
"ENSRNOG00000068753",0
"ENSRNOG00000033434",1230
"ENSRNOG00000066983",3
"ENSRNOG00000071086",23
"ENSRNOG00000063105",0
"ENSRNOG00000067847",0
"ENSRNOG00000070488",0
"ENSRNOG00000062331",0
"ENSRNOG00000065689",2
"ENSRNOG00000061337",125
"ENSRNOG00000026178",1030
"ENSRNOG00000070740",83
"ENSRNOG00000052134",0
"ENSRNOG00000071030",99
"ENSRNOG00000013752",0
"ENSRNOG00000064818",9
"ENSRNOG00000067268",9
"ENSRNOG00000007726",712
"ENSRNOG00000051630",0
"ENSRNOG00000055251",15
"ENSRNOG00000066852",7
"ENSRNOG00000009907",0
"ENSRNOG00000026171",306
"ENSRNOG00000064526",9
"ENSRNOG00000067408",0
"ENSRNOG00000064892",1
"ENSRNOG00000020688",54
"ENSRNOG00000008862",100
"ENSRNOG00000062708",0
"ENSRNOG00000069154",0
"ENSRNOG00000007613",270
"ENSRNOG00000023809",0
"ENSRNOG00000071036",0
"ENSRNOG00000067656",0
"ENSRNOG00000066244",1
"ENSRNOG00000008526",1
"ENSRNOG00000010362",11331
"ENSRNOG00000031971",1
"ENSRNOG00000065505",1
"ENSRNOG00000007142",0
"ENSRNOG00000062369",99
"ENSRNOG00000052386",548
"ENSRNOG00000065036",0
"ENSRNOG00000032070",1223
"ENSRNOG00000068636",14
"ENSRNOG00000043498",2549
"ENSRNOG00000047225",203
"ENSRNOG00000060221",0
"ENSRNOG00000063183",0
"ENSRNOG00000067304",0
"ENSRNOG00000060040",0
"ENSRNOG00000058898",65467
"ENSRNOG00000033234",26
"ENSRNOG00000059229",0
"ENSRNOG00000054080",188
"ENSRNOG00000009243",1285
"ENSRNOG00000043383",1
"ENSRNOG00000054439",0
"ENSRNOG00000065544",2
"ENSRNOG00000021602",30
"ENSRNOG00000050979",17
"ENSRNOG00000008390",981
"ENSRNOG00000000196",400
"ENSRNOG00000008153",0
"ENSRNOG00000007561",127
"ENSRNOG00000010789",1060
"ENSRNOG00000063146",23
"ENSRNOG00000005731",45
"ENSRNOG00000039107",5
"ENSRNOG00000063818",0
"ENSRNOG00000023870",0
"ENSRNOG00000020720",0
"ENSRNOG00000069074",0
"ENSRNOG00000043410",446
"ENSRNOG00000009799",1978
"ENSRNOG00000069631",0
"ENSRNOG00000029089",0
"ENSRNOG00000023633",2
"ENSRNOG00000021839",98
"ENSRNOG00000010390",574
"ENSRNOG00000006283",0
"ENSRNOG00000021548",372
"ENSRNOG00000015357",1000
"ENSRNOG00000021896",0
"ENSRNOG00000062568",5
"ENSRNOG00000006595",0
"ENSRNOG00000010733",1449
"ENSRNOG00000006931",187
"ENSRNOG00000010602",478
"ENSRNOG00000066300",3
"ENSRNOG00000066437",0
"ENSRNOG00000010944",2714
"ENSRNOG00000032832",0
"ENSRNOG00000042165",211
"ENSRNOG00000013841",754
"ENSRNOG00000006831",1622
"ENSRNOG00000018373",2073
"ENSRNOG00000013419",37
"ENSRNOG00000007177",4290
"ENSRNOG00000008444",1273
"ENSRNOG00000009047",1
"ENSRNOG00000066977",4
"ENSRNOG00000006545",833
"ENSRNOG00000021528",457
"ENSRNOG00000025624",3
"ENSRNOG00000006604",593
"ENSRNOG00000031420",648
"ENSRNOG00000026702",69
"ENSRNOG00000032134",1989
"ENSRNOG00000024438",0
"ENSRNOG00000009250",325
"ENSRNOG00000014218",40
"ENSRNOG00000029510",313
"ENSRNOG00000039086",0
"ENSRNOG00000009719",848
"ENSRNOG00000009499",305
"ENSRNOG00000007325",800
"ENSRNOG00000061108",7803
"ENSRNOG00000049531",1575
"ENSRNOG00000047053",798
"ENSRNOG00000009118",14
"ENSRNOG00000047235",1700
"ENSRNOG00000011361",269
"ENSRNOG00000009892",304
"ENSRNOG00000020833",9
"ENSRNOG00000024082",4
"ENSRNOG00000011904",394
"ENSRNOG00000008932",429
"ENSRNOG00000024230",490
"ENSRNOG00000027503",694
"ENSRNOG00000014161",476
"ENSRNOG00000008592",1
"ENSRNOG00000025115",157
"ENSRNOG00000010160",342
"ENSRNOG00000063771",0
"ENSRNOG00000012137",95
"ENSRNOG00000068150",0
"ENSRNOG00000026650",0
"ENSRNOG00000061883",0
"ENSRNOG00000016308",0
"ENSRNOG00000032461",0
"ENSRNOG00000009170",580
"ENSRNOG00000065921",149
"ENSRNOG00000063505",3
"ENSRNOG00000070052",14
"ENSRNOG00000028884",1235
"ENSRNOG00000064519",0
"ENSRNOG00000031438",0
"ENSRNOG00000015780",2280
"ENSRNOG00000026833",4375
"ENSRNOG00000012500",322
"ENSRNOG00000069794",297
"ENSRNOG00000010663",0
"ENSRNOG00000015945",0
"ENSRNOG00000014427",24
"ENSRNOG00000008515",0
"ENSRNOG00000018184",3771
"ENSRNOG00000033796",0
"ENSRNOG00000014201",1
"ENSRNOG00000008039",354
"ENSRNOG00000014343",526
"ENSRNOG00000026979",43
"ENSRNOG00000070532",0
"ENSRNOG00000015201",0
"ENSRNOG00000060367",1631
"ENSRNOG00000029456",112
"ENSRNOG00000034236",2
"ENSRNOG00000018081",136
"ENSRNOG00000012803",591
"ENSRNOG00000007853",370
"ENSRNOG00000014576",23
"ENSRNOG00000056612",9
"ENSRNOG00000008095",2
"ENSRNOG00000008941",622
"ENSRNOG00000038746",79
"ENSRNOG00000034226",0
"ENSRNOG00000057754",2345
"ENSRNOG00000005574",143
"ENSRNOG00000057501",22
"ENSRNOG00000009848",5
"ENSRNOG00000008278",1241
"ENSRNOG00000056409",0
"ENSRNOG00000049470",0
"ENSRNOG00000065914",0
"ENSRNOG00000015878",24
"ENSRNOG00000022980",819
"ENSRNOG00000017332",45
"ENSRNOG00000009888",389
"ENSRNOG00000047179",17129
"ENSRNOG00000054257",992
"ENSRNOG00000057867",6
"ENSRNOG00000031782",0
"ENSRNOG00000016474",3120
"ENSRNOG00000008356",11
"ENSRNOG00000059702",167
"ENSRNOG00000009958",757
"ENSRNOG00000018502",195
"ENSRNOG00000009965",103
"ENSRNOG00000009994",516
"ENSRNOG00000054889",0
"ENSRNOG00000057676",4300
"ENSRNOG00000018333",691
"ENSRNOG00000056654",56
"ENSRNOG00000060338",0
"ENSRNOG00000055361",2
"ENSRNOG00000052869",121
"ENSRNOG00000071199",1
"ENSRNOG00000052983",4
"ENSRNOG00000032436",1166
"ENSRNOG00000069223",3
"ENSRNOG00000055594",1
"ENSRNOG00000059435",3
"ENSRNOG00000059039",0
"ENSRNOG00000038181",0
"ENSRNOG00000064292",0
"ENSRNOG00000064631",0
"ENSRNOG00000068974",0
"ENSRNOG00000066210",0
"ENSRNOG00000013669",936
"ENSRNOG00000055503",0
"ENSRNOG00000058522",1233
"ENSRNOG00000053428",1284
"ENSRNOG00000060576",0
"ENSRNOG00000053784",0
"ENSRNOG00000069892",0
"ENSRNOG00000069748",0
"ENSRNOG00000067497",0
"ENSRNOG00000006224",737
"ENSRNOG00000063162",0
"ENSRNOG00000052370",0
"ENSRNOG00000052158",0
"ENSRNOG00000066086",238
"ENSRNOG00000057260",1
"ENSRNOG00000051946",0
"ENSRNOG00000056719",0
"ENSRNOG00000054641",18
"ENSRNOG00000063103",3033
"ENSRNOG00000057248",0
"ENSRNOG00000066071",0
"ENSRNOG00000058231",0
"ENSRNOG00000059622",102
"ENSRNOG00000023007",16
"ENSRNOG00000066593",2
"ENSRNOG00000057712",0
"ENSRNOG00000052616",2
"ENSRNOG00000062396",1
"ENSRNOG00000067122",136
"ENSRNOG00000051411",1
"ENSRNOG00000067829",0
"ENSRNOG00000060922",0
"ENSRNOG00000066552",0
"ENSRNOG00000057457",0
"ENSRNOG00000037285",0
"ENSRNOG00000053289",0
"ENSRNOG00000064439",0
"ENSRNOG00000068232",0
"ENSRNOG00000051647",0
"ENSRNOG00000062332",0
"ENSRNOG00000052439",1
"ENSRNOG00000058866",3564
"ENSRNOG00000055465",0
"ENSRNOG00000058283",0
"ENSRNOG00000058614",0
"ENSRNOG00000056888",1
"ENSRNOG00000055263",0
"ENSRNOG00000033809",265
"ENSRNOG00000069442",3
"ENSRNOG00000062422",0
"ENSRNOG00000059888",0
"ENSRNOG00000060814",0
"ENSRNOG00000058443",0
"ENSRNOG00000055199",0
"ENSRNOG00000034938",0
"ENSRNOG00000063270",0
"ENSRNOG00000068219",0
"ENSRNOG00000066680",0
"ENSRNOG00000057236",3
"ENSRNOG00000057172",5
"ENSRNOG00000067770",0
"ENSRNOG00000067193",0
"ENSRNOG00000067210",0
"ENSRNOG00000062705",0
"ENSRNOG00000060204",2
"ENSRNOG00000053742",0
"ENSRNOG00000058998",0
"ENSRNOG00000055520",0
"ENSRNOG00000059346",0
"ENSRNOG00000057805",1
"ENSRNOG00000051997",9
"ENSRNOG00000058887",0
"ENSRNOG00000020847",128
"ENSRNOG00000055522",0
"ENSRNOG00000055808",0
"ENSRNOG00000059871",0
"ENSRNOG00000050473",1089
"ENSRNOG00000060943",0
"ENSRNOG00000056523",0
"ENSRNOG00000056506",0
"ENSRNOG00000055172",0
"ENSRNOG00000020721",393
"ENSRNOG00000054821",0
"ENSRNOG00000068517",0
"ENSRNOG00000058120",0
"ENSRNOG00000065508",0
"ENSRNOG00000064419",0
"ENSRNOG00000064954",0
"ENSRNOG00000030073",0
"ENSRNOG00000067180",0
"ENSRNOG00000065588",0
"ENSRNOG00000057055",0
"ENSRNOG00000060841",0
"ENSRNOG00000055565",0
"ENSRNOG00000067492",0
"ENSRNOG00000024330",0
"ENSRNOG00000059993",0
"ENSRNOG00000066368",0
"ENSRNOG00000068372",0
"ENSRNOG00000011193",0
"ENSRNOG00000054357",0
"ENSRNOG00000066631",1
"ENSRNOG00000051738",0
"ENSRNOG00000060720",0
"ENSRNOG00000059989",0
"ENSRNOG00000068344",0
"ENSRNOG00000059831",0
"ENSRNOG00000066537",0
"ENSRNOG00000053889",12
"ENSRNOG00000054323",0
"ENSRNOG00000055949",0
"ENSRNOG00000047799",452
"ENSRNOG00000031816",158
"ENSRNOG00000006331",3714
"ENSRNOG00000069372",38
"ENSRNOG00000020450",236
"ENSRNOG00000008214",450
"ENSRNOG00000025957",0
"ENSRNOG00000031141",1
"ENSRNOG00000008691",666
"ENSRNOG00000011138",9721
"ENSRNOG00000064605",2
"ENSRNOG00000009381",1474
"ENSRNOG00000050868",1
"ENSRNOG00000029861",0
"ENSRNOG00000011189",431
"ENSRNOG00000010447",38
"ENSRNOG00000030449",25
"ENSRNOG00000027145",158
"ENSRNOG00000011936",98
"ENSRNOG00000010917",0
"ENSRNOG00000010116",204
"ENSRNOG00000012073",1076
"ENSRNOG00000056051",0
"ENSRNOG00000009439",2
"ENSRNOG00000012406",776
"ENSRNOG00000000201",0
"ENSRNOG00000052787",390
"ENSRNOG00000012865",1478
"ENSRNOG00000010642",597
"ENSRNOG00000012927",84
"ENSRNOG00000010784",0
"ENSRNOG00000011521",85
"ENSRNOG00000060912",2892
"ENSRNOG00000032063",0
"ENSRNOG00000069906",1
"ENSRNOG00000007932",0
"ENSRNOG00000058470",4581
"ENSRNOG00000025071",2291
"ENSRNOG00000031965",0
"ENSRNOG00000046191",24
"ENSRNOG00000068670",0
"ENSRNOG00000020068",608
"ENSRNOG00000010657",8
"ENSRNOG00000037199",41
"ENSRNOG00000042903",41
"ENSRNOG00000020159",580
"ENSRNOG00000010895",2393
"ENSRNOG00000020185",703
"ENSRNOG00000008984",431
"ENSRNOG00000020249",140
"ENSRNOG00000066197",4
"ENSRNOG00000009580",61
"ENSRNOG00000021047",506
"ENSRNOG00000000199",0
"ENSRNOG00000069879",1132
"ENSRNOG00000065247",384
"ENSRNOG00000066863",0
"ENSRNOG00000023794",0
"ENSRNOG00000020948",308
"ENSRNOG00000067842",1015
"ENSRNOG00000007720",879
"ENSRNOG00000065279",246
"ENSRNOG00000013042",22
"ENSRNOG00000057691",7
"ENSRNOG00000063493",22
"ENSRNOG00000025332",2306
"ENSRNOG00000067811",657
"ENSRNOG00000068675",1020
"ENSRNOG00000065943",0
"ENSRNOG00000070669",3
"ENSRNOG00000065586",0
"ENSRNOG00000020955",0
"ENSRNOG00000066974",90
"ENSRNOG00000068755",0
"ENSRNOG00000070980",1
"ENSRNOG00000063823",1
"ENSRNOG00000065033",130
"ENSRNOG00000031827",1060
"ENSRNOG00000065901",22
"ENSRNOG00000065405",0
"ENSRNOG00000051671",1140
"ENSRNOG00000063535",674
"ENSRNOG00000064822",1
"ENSRNOG00000029543",441
"ENSRNOG00000010156",442
"ENSRNOG00000067175",1
"ENSRNOG00000064300",6
"ENSRNOG00000061650",1
"ENSRNOG00000064671",1
"ENSRNOG00000065802",18
"ENSRNOG00000067743",0
"ENSRNOG00000070021",2
"ENSRNOG00000067586",10
"ENSRNOG00000069347",6
"ENSRNOG00000065465",23
"ENSRNOG00000020288",789
"ENSRNOG00000067893",0
"ENSRNOG00000071079",21
"ENSRNOG00000069432",47
"ENSRNOG00000058012",0
"ENSRNOG00000031401",0
"ENSRNOG00000065759",0
"ENSRNOG00000042432",49
"ENSRNOG00000064745",67
"ENSRNOG00000017684",157
"ENSRNOG00000070705",0
"ENSRNOG00000070354",0
"ENSRNOG00000063500",0
"ENSRNOG00000037229",6
"ENSRNOG00000020284",463
"ENSRNOG00000070686",1
"ENSRNOG00000070739",1
"ENSRNOG00000017714",819
"ENSRNOG00000065882",0
"ENSRNOG00000013059",79
"ENSRNOG00000064430",0
"ENSRNOG00000027799",37
"ENSRNOG00000059167",0
"ENSRNOG00000067785",345
"ENSRNOG00000033921",392
"ENSRNOG00000011852",1501
"ENSRNOG00000053916",1
"ENSRNOG00000061154",0
"ENSRNOG00000064183",184
"ENSRNOG00000067595",67
"ENSRNOG00000069880",28
"ENSRNOG00000033378",1179
"ENSRNOG00000063882",4
"ENSRNOG00000062448",1
"ENSRNOG00000020804",1873
"ENSRNOG00000054131",2
"ENSRNOG00000068187",0
"ENSRNOG00000065458",8
"ENSRNOG00000070433",140
"ENSRNOG00000013399",0
"ENSRNOG00000059525",0
"ENSRNOG00000056472",0
"ENSRNOG00000055457",0
"ENSRNOG00000051955",0
"ENSRNOG00000005934",0
"ENSRNOG00000058213",0
"ENSRNOG00000037659",356
"ENSRNOG00000055883",0
"ENSRNOG00000057627",0
"ENSRNOG00000010004",0
"ENSRNOG00000013305",1055
"ENSRNOG00000014644",0
"ENSRNOG00000034503",0
"ENSRNOG00000052416",0
"ENSRNOG00000010024",769
"ENSRNOG00000012479",0
"ENSRNOG00000070463",0
"ENSRNOG00000054911",0
"ENSRNOG00000059726",0
"ENSRNOG00000055825",0
"ENSRNOG00000066222",0
"ENSRNOG00000059194",0
"ENSRNOG00000053403",0
"ENSRNOG00000066485",0
"ENSRNOG00000005970",255
"ENSRNOG00000008519",6367
"ENSRNOG00000052126",0
"ENSRNOG00000061858",0
"ENSRNOG00000058872",0
"ENSRNOG00000061762",0
"ENSRNOG00000010685",1293
"ENSRNOG00000066329",4
"ENSRNOG00000065611",0
"ENSRNOG00000058445",1
"ENSRNOG00000063132",0
"ENSRNOG00000031032",633
"ENSRNOG00000059581",0
"ENSRNOG00000053157",0
"ENSRNOG00000059364",0
"ENSRNOG00000019680",4
"ENSRNOG00000009773",229
"ENSRNOG00000064465",0
"ENSRNOG00000058412",1059
"ENSRNOG00000056584",0
"ENSRNOG00000059045",0
"ENSRNOG00000070515",0
"ENSRNOG00000057922",0
"ENSRNOG00000029572",701
"ENSRNOG00000052284",0
"ENSRNOG00000065714",0
"ENSRNOG00000008554",509
"ENSRNOG00000066730",8
"ENSRNOG00000059324",0
"ENSRNOG00000052988",0
"ENSRNOG00000064837",0
"ENSRNOG00000016592",9303
"ENSRNOG00000066326",0
"ENSRNOG00000067349",1
"ENSRNOG00000061033",0
"ENSRNOG00000016561",0
"ENSRNOG00000065323",0
"ENSRNOG00000014025",11
"ENSRNOG00000029055",213
"ENSRNOG00000047867",185
"ENSRNOG00000026821",762
"ENSRNOG00000008151",1677
"ENSRNOG00000048718",879
"ENSRNOG00000009928",418
"ENSRNOG00000014064",2033
"ENSRNOG00000032618",47
"ENSRNOG00000011251",2
"ENSRNOG00000014917",274
"ENSRNOG00000006302",1630
"ENSRNOG00000008173",8919
"ENSRNOG00000031132",1
"ENSRNOG00000042726",0
"ENSRNOG00000047768",2029
"ENSRNOG00000008652",654
"ENSRNOG00000063507",1
"ENSRNOG00000065246",0
"ENSRNOG00000030318",3
"ENSRNOG00000047606",0
"ENSRNOG00000009715",3058
"ENSRNOG00000046155",9
"ENSRNOG00000013229",243
"ENSRNOG00000024757",1892
"ENSRNOG00000009233",353
"ENSRNOG00000065366",2754
"ENSRNOG00000046848",146
"ENSRNOG00000027728",845
"ENSRNOG00000030551",1
"ENSRNOG00000009506",519
"ENSRNOG00000008363",5
"ENSRNOG00000043223",123
"ENSRNOG00000010240",329
"ENSRNOG00000025184",290
"ENSRNOG00000054863",0
"ENSRNOG00000045905",8
"ENSRNOG00000010545",5
"ENSRNOG00000010060",350
"ENSRNOG00000048919",26
"ENSRNOG00000010608",288
"ENSRNOG00000028036",143
"ENSRNOG00000047468",0
"ENSRNOG00000056092",0
"ENSRNOG00000010694",835
"ENSRNOG00000010802",167
"ENSRNOG00000062992",167
"ENSRNOG00000011491",2380
"ENSRNOG00000008990",2221
"ENSRNOG00000024336",956
"ENSRNOG00000022456",1
"ENSRNOG00000014871",0
"ENSRNOG00000010942",250
"ENSRNOG00000007038",0
"ENSRNOG00000069443",35
"ENSRNOG00000010699",4
"ENSRNOG00000026951",2905
"ENSRNOG00000013889",4001
"ENSRNOG00000030098",3
"ENSRNOG00000011241",265
"ENSRNOG00000011071",2404
"ENSRNOG00000009043",0
"ENSRNOG00000009599",20
"ENSRNOG00000064384",0
"ENSRNOG00000008919",18
"ENSRNOG00000009203",0
"ENSRNOG00000009613",3
"ENSRNOG00000011348",1329
"ENSRNOG00000005923",2896
"ENSRNOG00000014543",2765
"ENSRNOG00000011501",18790
"ENSRNOG00000008865",976
"ENSRNOG00000006792",426
"ENSRNOG00000022847",720
"ENSRNOG00000018153",2860
"ENSRNOG00000009515",287
"ENSRNOG00000020733",0
"ENSRNOG00000024863",394
"ENSRNOG00000037171",2
"ENSRNOG00000023330",5
"ENSRNOG00000029649",0
"ENSRNOG00000019894",0
"ENSRNOG00000023214",32
"ENSRNOG00000011162",56
"ENSRNOG00000067317",1469
"ENSRNOG00000061247",5
"ENSRNOG00000037175",2
"ENSRNOG00000023861",13
"ENSRNOG00000021091",9
"ENSRNOG00000031660",0
"ENSRNOG00000006324",549
"ENSRNOG00000008490",347
"ENSRNOG00000010480",6
"ENSRNOG00000010496",349
"ENSRNOG00000013937",0
"ENSRNOG00000020748",6879
"ENSRNOG00000011585",70
"ENSRNOG00000008607",348
"ENSRNOG00000010887",365
"ENSRNOG00000053034",3
"ENSRNOG00000010921",278
"ENSRNOG00000043085",0
"ENSRNOG00000031522",0
"ENSRNOG00000009729",834
"ENSRNOG00000013794",0
"ENSRNOG00000013932",2
"ENSRNOG00000052334",0
"ENSRNOG00000061716",0
"ENSRNOG00000060532",0
"ENSRNOG00000064258",190
"ENSRNOG00000069577",2525
"ENSRNOG00000069622",0
"ENSRNOG00000068297",0
"ENSRNOG00000009878",6175
"ENSRNOG00000065106",0
"ENSRNOG00000061167",0
"ENSRNOG00000030856",0
"ENSRNOG00000052850",0
"ENSRNOG00000016413",4
"ENSRNOG00000054859",0
"ENSRNOG00000059339",2
"ENSRNOG00000034283",0
"ENSRNOG00000064805",4
"ENSRNOG00000010999",241
"ENSRNOG00000061688",0
"ENSRNOG00000011922",2321
"ENSRNOG00000026489",0
"ENSRNOG00000067629",0
"ENSRNOG00000020579",0
"ENSRNOG00000014060",1905
"ENSRNOG00000058606",3
"ENSRNOG00000009054",1
"ENSRNOG00000065153",0
"ENSRNOG00000060736",0
"ENSRNOG00000055845",2
"ENSRNOG00000011455",764
"ENSRNOG00000031523",0
"ENSRNOG00000051847",0
"ENSRNOG00000057204",1
"ENSRNOG00000060932",0
"ENSRNOG00000054457",0
"ENSRNOG00000030845",0
"ENSRNOG00000033654",0
"ENSRNOG00000014477",21
"ENSRNOG00000015233",1215
"ENSRNOG00000067864",7
"ENSRNOG00000026643",584
"ENSRNOG00000027099",199
"ENSRNOG00000052161",0
"ENSRNOG00000068004",0
"ENSRNOG00000057682",1
"ENSRNOG00000070154",81
"ENSRNOG00000070900",0
"ENSRNOG00000054837",0
"ENSRNOG00000039922",0
"ENSRNOG00000010277",2173
"ENSRNOG00000037167",0
"ENSRNOG00000030069",69
"ENSRNOG00000054664",0
"ENSRNOG00000065634",0
"ENSRNOG00000039919",0
"ENSRNOG00000052797",0
"ENSRNOG00000052063",0
"ENSRNOG00000052082",0
"ENSRNOG00000067805",0
"ENSRNOG00000055151",1
"ENSRNOG00000035561",0
"ENSRNOG00000006577",0
"ENSRNOG00000069451",0
"ENSRNOG00000005713",390
"ENSRNOG00000035484",0
"ENSRNOG00000070961",0
"ENSRNOG00000029029",2
"ENSRNOG00000035478",0
"ENSRNOG00000013265",5528
"ENSRNOG00000035502",0
"ENSRNOG00000069944",0
"ENSRNOG00000005879",2139
"ENSRNOG00000056387",0
"ENSRNOG00000011381",1
"ENSRNOG00000063093",0
"ENSRNOG00000035522",0
"ENSRNOG00000029054",0
"ENSRNOG00000036531",0
"ENSRNOG00000064567",0
"ENSRNOG00000035548",1
"ENSRNOG00000069547",0
"ENSRNOG00000050242",2
"ENSRNOG00000067642",0
"ENSRNOG00000035550",0
"ENSRNOG00000066551",0
"ENSRNOG00000050956",0
"ENSRNOG00000069259",0
"ENSRNOG00000035456",0
"ENSRNOG00000052305",691
"ENSRNOG00000035582",0
"ENSRNOG00000033025",0
"ENSRNOG00000065818",0
"ENSRNOG00000035607",0
"ENSRNOG00000033839",0
"ENSRNOG00000047361",0
"ENSRNOG00000066231",1
"ENSRNOG00000035641",0
"ENSRNOG00000010434",958
"ENSRNOG00000028864",0
"ENSRNOG00000069060",0
"ENSRNOG00000030569",0
"ENSRNOG00000065222",0
"ENSRNOG00000000204",1687
"ENSRNOG00000006428",0
"ENSRNOG00000013271",1753
"ENSRNOG00000030965",0
"ENSRNOG00000063435",0
"ENSRNOG00000006439",0
"ENSRNOG00000066216",0
"ENSRNOG00000064460",0
"ENSRNOG00000067509",0
"ENSRNOG00000037305",0
"ENSRNOG00000068702",3
"ENSRNOG00000028869",2
"ENSRNOG00000027052",6
"ENSRNOG00000012123",268
"ENSRNOG00000008487",1036
"ENSRNOG00000019390",714
"ENSRNOG00000062569",0
"ENSRNOG00000051142",0
"ENSRNOG00000005955",7
"ENSRNOG00000064642",0
"ENSRNOG00000071182",0
"ENSRNOG00000019404",44
"ENSRNOG00000066152",0
"ENSRNOG00000011563",0
"ENSRNOG00000013585",120
"ENSRNOG00000051115",0
"ENSRNOG00000063981",0
"ENSRNOG00000032884",0
"ENSRNOG00000020737",319
"ENSRNOG00000067160",0
"ENSRNOG00000064411",0
"ENSRNOG00000066589",0
"ENSRNOG00000063401",0
"ENSRNOG00000018645",14305
"ENSRNOG00000070596",0
"ENSRNOG00000024200",0
"ENSRNOG00000063172",0
"ENSRNOG00000012237",1533
"ENSRNOG00000026629",0
"ENSRNOG00000064467",0
"ENSRNOG00000008972",0
"ENSRNOG00000068253",0
"ENSRNOG00000067404",0
"ENSRNOG00000006713",23
"ENSRNOG00000018700",0
"ENSRNOG00000062318",0
"ENSRNOG00000012386",3737
"ENSRNOG00000006584",0
"ENSRNOG00000065961",0
"ENSRNOG00000020853",1532
"ENSRNOG00000063219",0
"ENSRNOG00000068805",0
"ENSRNOG00000063030",0
"ENSRNOG00000068293",0
"ENSRNOG00000042061",0
"ENSRNOG00000070365",0
"ENSRNOG00000068168",0
"ENSRNOG00000062711",0
"ENSRNOG00000020862",1477
"ENSRNOG00000019382",433
"ENSRNOG00000070533",0
"ENSRNOG00000012480",1055
"ENSRNOG00000063967",0
"ENSRNOG00000031423",0
"ENSRNOG00000045713",0
"ENSRNOG00000067825",0
"ENSRNOG00000011446",5
"ENSRNOG00000017704",2681
"ENSRNOG00000064393",0
"ENSRNOG00000011663",419
"ENSRNOG00000006684",747
"ENSRNOG00000066528",0
"ENSRNOG00000067064",0
"ENSRNOG00000014588",353
"ENSRNOG00000067386",0
"ENSRNOG00000064893",0
"ENSRNOG00000047917",3
"ENSRNOG00000062368",0
"ENSRNOG00000033026",0
"ENSRNOG00000026232",0
"ENSRNOG00000067908",2
"ENSRNOG00000068076",0
"ENSRNOG00000039239",0
"ENSRNOG00000067226",0
"ENSRNOG00000065186",192
"ENSRNOG00000064473",0
"ENSRNOG00000010149",1264
"ENSRNOG00000067711",0
"ENSRNOG00000032473",2
"ENSRNOG00000039238",0
"ENSRNOG00000063358",0
"ENSRNOG00000039236",0
"ENSRNOG00000025767",0
"ENSRNOG00000055420",0
"ENSRNOG00000068706",0
"ENSRNOG00000014746",414
"ENSRNOG00000070773",0
"ENSRNOG00000020981",9
"ENSRNOG00000038477",1
"ENSRNOG00000069258",0
"ENSRNOG00000071168",0
"ENSRNOG00000031942",0
"ENSRNOG00000066234",0
"ENSRNOG00000032238",1446
"ENSRNOG00000067373",0
"ENSRNOG00000066601",0
"ENSRNOG00000015370",3
"ENSRNOG00000070792",0
"ENSRNOG00000069888",0
"ENSRNOG00000056873",0
"ENSRNOG00000012470",371
"ENSRNOG00000066959",0
"ENSRNOG00000011909",944
"ENSRNOG00000067945",124
"ENSRNOG00000056476",1
"ENSRNOG00000066696",0
"ENSRNOG00000047853",639
"ENSRNOG00000067592",0
"ENSRNOG00000052349",0
"ENSRNOG00000058082",0
"ENSRNOG00000013493",912
"ENSRNOG00000048802",0
"ENSRNOG00000064020",0
"ENSRNOG00000020356",416
"ENSRNOG00000018797",38
"ENSRNOG00000058978",0
"ENSRNOG00000069214",7
"ENSRNOG00000047382",0
"ENSRNOG00000070209",0
"ENSRNOG00000059611",0
"ENSRNOG00000053820",20
"ENSRNOG00000012106",114
"ENSRNOG00000069484",0
"ENSRNOG00000053238",0
"ENSRNOG00000069965",0
"ENSRNOG00000008048",241
"ENSRNOG00000010386",1212
"ENSRNOG00000010096",944
"ENSRNOG00000038864",270
"ENSRNOG00000059654",2
"ENSRNOG00000006363",0
"ENSRNOG00000057454",0
"ENSRNOG00000065164",1
"ENSRNOG00000007266",1
"ENSRNOG00000005918",100
"ENSRNOG00000068947",0
"ENSRNOG00000042259",0
"ENSRNOG00000022376",0
"ENSRNOG00000062517",211
"ENSRNOG00000020608",160
"ENSRNOG00000042940",2
"ENSRNOG00000018812",194
"ENSRNOG00000015333",56
"ENSRNOG00000014383",0
"ENSRNOG00000020519",292
"ENSRNOG00000054780",0
"ENSRNOG00000070028",61
"ENSRNOG00000061240",0
"ENSRNOG00000031779",0
"ENSRNOG00000051988",1
"ENSRNOG00000050216",0
"ENSRNOG00000053404",1
"ENSRNOG00000070285",2810
"ENSRNOG00000062056",0
"ENSRNOG00000020679",2415
"ENSRNOG00000020880",342
"ENSRNOG00000007865",0
"ENSRNOG00000049128",2369
"ENSRNOG00000042078",1
"ENSRNOG00000017600",2156
"ENSRNOG00000020694",42
"ENSRNOG00000012862",125
"ENSRNOG00000065686",9
"ENSRNOG00000064920",0
"ENSRNOG00000020891",24
"ENSRNOG00000018711",0
"ENSRNOG00000015869",798
"ENSRNOG00000013829",0
"ENSRNOG00000064355",418
"ENSRNOG00000014801",129
"ENSRNOG00000017382",2106
"ENSRNOG00000069661",855
"ENSRNOG00000016173",0
"ENSRNOG00000029195",64
"ENSRNOG00000042140",6
"ENSRNOG00000016384",65
"ENSRNOG00000020474",226
"ENSRNOG00000029773",802
"ENSRNOG00000022704",9
"ENSRNOG00000019363",74
"ENSRNOG00000020619",4253
"ENSRNOG00000064941",50
"ENSRNOG00000054008",60
"ENSRNOG00000060723",2278
"ENSRNOG00000020361",398
"ENSRNOG00000020915",2912
"ENSRNOG00000042519",4334
"ENSRNOG00000020878",377
"ENSRNOG00000014168",920
"ENSRNOG00000016905",1400
"ENSRNOG00000030386",12
"ENSRNOG00000018577",223
"ENSRNOG00000015049",3
"ENSRNOG00000047984",496
"ENSRNOG00000029194",810
"ENSRNOG00000068932",1
"ENSRNOG00000064984",6
"ENSRNOG00000018786",70
"ENSRNOG00000054902",292
"ENSRNOG00000024934",1153
"ENSRNOG00000019492",141
"ENSRNOG00000018848",514
"ENSRNOG00000009945",14
"ENSRNOG00000049083",1
"ENSRNOG00000066029",0
"ENSRNOG00000013634",2298
"ENSRNOG00000010027",394
"ENSRNOG00000050214",201
"ENSRNOG00000009161",1000
"ENSRNOG00000027109",377
"ENSRNOG00000066967",0
"ENSRNOG00000017208",45
"ENSRNOG00000032908",144
"ENSRNOG00000042951",679
"ENSRNOG00000019355",0
"ENSRNOG00000065187",12
"ENSRNOG00000015336",2
"ENSRNOG00000013802",1322
"ENSRNOG00000006864",237
"ENSRNOG00000008210",1
"ENSRNOG00000064714",10
"ENSRNOG00000030183",9723
"ENSRNOG00000027880",54
"ENSRNOG00000007862",758
"ENSRNOG00000048978",532
"ENSRNOG00000008981",4195
"ENSRNOG00000014529",747
"ENSRNOG00000022702",884
"ENSRNOG00000032085",3
"ENSRNOG00000015149",2
"ENSRNOG00000069604",1
"ENSRNOG00000009014",34
"ENSRNOG00000008410",175
"ENSRNOG00000067803",21
"ENSRNOG00000008530",96
"ENSRNOG00000019374",1091
"ENSRNOG00000019321",0
"ENSRNOG00000048975",0
"ENSRNOG00000018509",0
"ENSRNOG00000010186",1495
"ENSRNOG00000032919",250
"ENSRNOG00000050519",16159
"ENSRNOG00000008219",0
"ENSRNOG00000054172",6675
"ENSRNOG00000048812",4770
"ENSRNOG00000008459",238
"ENSRNOG00000047734",672
"ENSRNOG00000020656",53
"ENSRNOG00000019271",83
"ENSRNOG00000011027",880
"ENSRNOG00000017460",894
"ENSRNOG00000009005",258
"ENSRNOG00000008312",12
"ENSRNOG00000020667",4853
"ENSRNOG00000000219",1397
"ENSRNOG00000008593",1516
"ENSRNOG00000020936",0
"ENSRNOG00000008074",6
"ENSRNOG00000020946",128
"ENSRNOG00000010940",1034
"ENSRNOG00000022540",379
"ENSRNOG00000007442",1964
"ENSRNOG00000020670",194
"ENSRNOG00000050690",0
"ENSRNOG00000033433",153
"ENSRNOG00000010951",980
"ENSRNOG00000022845",29
"ENSRNOG00000042660",3
"ENSRNOG00000043167",16
"ENSRNOG00000010260",1156
"ENSRNOG00000025881",742
"ENSRNOG00000011478",37
"ENSRNOG00000054635",0
"ENSRNOG00000052634",73
"ENSRNOG00000026577",2
"ENSRNOG00000016512",7
"ENSRNOG00000026455",599
"ENSRNOG00000023021",1082
"ENSRNOG00000066638",200
"ENSRNOG00000022999",589
"ENSRNOG00000008400",969
"ENSRNOG00000030688",29
"ENSRNOG00000010196",5955
"ENSRNOG00000009789",575
"ENSRNOG00000051792",676
"ENSRNOG00000019317",0
"ENSRNOG00000011435",183
"ENSRNOG00000011820",4643
"ENSRNOG00000010524",2565
"ENSRNOG00000018689",1202
"ENSRNOG00000018552",256
"ENSRNOG00000010911",923
"ENSRNOG00000018982",0
"ENSRNOG00000047873",283
"ENSRNOG00000004135",248
"ENSRNOG00000009887",2705
"ENSRNOG00000013171",0
"ENSRNOG00000060356",86
"ENSRNOG00000068525",2
"ENSRNOG00000013136",1031
"ENSRNOG00000068374",69
"ENSRNOG00000005426",355
"ENSRNOG00000011201",20
"ENSRNOG00000054468",262
"ENSRNOG00000062699",0
"ENSRNOG00000025643",1
"ENSRNOG00000006490",4797
"ENSRNOG00000004050",538
"ENSRNOG00000004320",192
"ENSRNOG00000026112",20
"ENSRNOG00000011595",268
"ENSRNOG00000004344",2555
"ENSRNOG00000017193",144
"ENSRNOG00000060337",51
"ENSRNOG00000012438",76
"ENSRNOG00000019136",2700
"ENSRNOG00000037085",373
"ENSRNOG00000032027",218
"ENSRNOG00000038459",119
"ENSRNOG00000019262",1378
"ENSRNOG00000018671",828
"ENSRNOG00000053687",2
"ENSRNOG00000019500",4
"ENSRNOG00000062710",98
"ENSRNOG00000063877",1
"ENSRNOG00000009450",6
"ENSRNOG00000019007",8365
"ENSRNOG00000033608",5286
"ENSRNOG00000018816",4382
"ENSRNOG00000019481",0
"ENSRNOG00000010252",2509
"ENSRNOG00000019472",1
"ENSRNOG00000019428",218
"ENSRNOG00000006311",0
"ENSRNOG00000009029",8032
"ENSRNOG00000006336",689
"ENSRNOG00000009332",3
"ENSRNOG00000019579",631
"ENSRNOG00000006319",27
"ENSRNOG00000070150",0
"ENSRNOG00000070499",450
"ENSRNOG00000006620",2
"ENSRNOG00000030126",627
"ENSRNOG00000019677",133
"ENSRNOG00000016942",1108
"ENSRNOG00000018898",561
"ENSRNOG00000062987",23
"ENSRNOG00000070915",0
"ENSRNOG00000022382",3573
"ENSRNOG00000068642",0
"ENSRNOG00000032254",1302
"ENSRNOG00000006244",203
"ENSRNOG00000006730",0
"ENSRNOG00000053753",50
"ENSRNOG00000006736",0
"ENSRNOG00000018047",288
"ENSRNOG00000030654",524
"ENSRNOG00000063127",0
"ENSRNOG00000049115",0
"ENSRNOG00000034089",9
"ENSRNOG00000063332",0
"ENSRNOG00000013013",1511
"ENSRNOG00000004760",638
"ENSRNOG00000004837",893
"ENSRNOG00000015257",450
"ENSRNOG00000013874",10386
"ENSRNOG00000009173",104
"ENSRNOG00000063389",0
"ENSRNOG00000013610",1
"ENSRNOG00000005149",899
"ENSRNOG00000014080",493
"ENSRNOG00000006010",0
"ENSRNOG00000047457",1
"ENSRNOG00000025676",5
"ENSRNOG00000068512",0
"ENSRNOG00000034272",1044
"ENSRNOG00000004104",60
"ENSRNOG00000025554",699
"ENSRNOG00000004540",6
"ENSRNOG00000046257",740
"ENSRNOG00000010176",1517
"ENSRNOG00000000221",617
"ENSRNOG00000019350",0
"ENSRNOG00000004085",571
"ENSRNOG00000011619",2011
"ENSRNOG00000004743",0
"ENSRNOG00000025601",0
"ENSRNOG00000022081",1
"ENSRNOG00000032531",1
"ENSRNOG00000009157",219
"ENSRNOG00000071140",1
"ENSRNOG00000047133",63
"ENSRNOG00000069781",0
"ENSRNOG00000014164",0
"ENSRNOG00000012119",25
"ENSRNOG00000011302",1987
"ENSRNOG00000007687",669
"ENSRNOG00000006723",755
"ENSRNOG00000071217",82
"ENSRNOG00000023129",165
"ENSRNOG00000003825",1148
"ENSRNOG00000018931",375
"ENSRNOG00000028330",2794
"ENSRNOG00000021294",8
"ENSRNOG00000017256",34
"ENSRNOG00000016623",6
"ENSRNOG00000042889",3
"ENSRNOG00000011740",1304
"ENSRNOG00000022894",1479
"ENSRNOG00000064735",11
"ENSRNOG00000019476",2519
"ENSRNOG00000022812",620
"ENSRNOG00000012959",2904
"ENSRNOG00000019592",2
"ENSRNOG00000012502",836
"ENSRNOG00000016866",206
"ENSRNOG00000019648",23711
"ENSRNOG00000024562",1117
"ENSRNOG00000013508",8178
"ENSRNOG00000019622",873
"ENSRNOG00000013583",111
"ENSRNOG00000019495",3
"ENSRNOG00000003357",70267
"ENSRNOG00000019557",0
"ENSRNOG00000024688",25
"ENSRNOG00000052979",0
"ENSRNOG00000003736",11290
"ENSRNOG00000018185",3
"ENSRNOG00000023238",1860
"ENSRNOG00000056246",2886
"ENSRNOG00000019635",717
"ENSRNOG00000038738",1
"ENSRNOG00000018998",2046
"ENSRNOG00000028557",221
"ENSRNOG00000019079",541
"ENSRNOG00000018395",1430
"ENSRNOG00000019085",2468
"ENSRNOG00000019195",297
"ENSRNOG00000048320",2035
"ENSRNOG00000014079",5964
"ENSRNOG00000019332",1103
"ENSRNOG00000016269",3231
"ENSRNOG00000012375",266
"ENSRNOG00000018863",151
"ENSRNOG00000015416",63
"ENSRNOG00000013388",902
"ENSRNOG00000018949",9
"ENSRNOG00000018740",1861
"ENSRNOG00000062384",18
"ENSRNOG00000068276",1
"ENSRNOG00000062838",0
"ENSRNOG00000066510",1
"ENSRNOG00000061867",0
"ENSRNOG00000019598",2293
"ENSRNOG00000060287",0
"ENSRNOG00000053138",0
"ENSRNOG00000068545",0
"ENSRNOG00000047247",6881
"ENSRNOG00000054342",2
"ENSRNOG00000056745",2
"ENSRNOG00000053344",0
"ENSRNOG00000065549",2
"ENSRNOG00000068629",0
"ENSRNOG00000057405",0
"ENSRNOG00000053170",0
"ENSRNOG00000061208",0
"ENSRNOG00000012663",108
"ENSRNOG00000068091",0
"ENSRNOG00000053211",0
"ENSRNOG00000059737",0
"ENSRNOG00000059892",0
"ENSRNOG00000058013",0
"ENSRNOG00000053280",0
"ENSRNOG00000061820",0
"ENSRNOG00000012924",348
"ENSRNOG00000052012",0
"ENSRNOG00000052890",0
"ENSRNOG00000025808",129
"ENSRNOG00000055876",0
"ENSRNOG00000063147",0
"ENSRNOG00000066032",9
"ENSRNOG00000065169",0
"ENSRNOG00000011677",1275
"ENSRNOG00000060877",0
"ENSRNOG00000051613",0
"ENSRNOG00000057549",1
"ENSRNOG00000061387",0
"ENSRNOG00000019734",314
"ENSRNOG00000052748",0
"ENSRNOG00000053524",0
"ENSRNOG00000070942",0
"ENSRNOG00000060216",0
"ENSRNOG00000055464",0
"ENSRNOG00000053322",0
"ENSRNOG00000057259",0
"ENSRNOG00000062628",1
"ENSRNOG00000061323",0
"ENSRNOG00000019743",1268
"ENSRNOG00000019871",0
"ENSRNOG00000052808",0
"ENSRNOG00000056414",0
"ENSRNOG00000065829",0
"ENSRNOG00000054221",0
"ENSRNOG00000059692",0
"ENSRNOG00000033672",0
"ENSRNOG00000057508",0
"ENSRNOG00000070445",3
"ENSRNOG00000067836",0
"ENSRNOG00000063837",0
"ENSRNOG00000054100",0
"ENSRNOG00000061136",0
"ENSRNOG00000071007",0
"ENSRNOG00000026025",0
"ENSRNOG00000051422",0
"ENSRNOG00000069585",0
"ENSRNOG00000056965",0
"ENSRNOG00000051703",3
"ENSRNOG00000056839",3
"ENSRNOG00000064550",0
"ENSRNOG00000042497",0
"ENSRNOG00000061680",63
"ENSRNOG00000070147",0
"ENSRNOG00000064914",0
"ENSRNOG00000019963",2
"ENSRNOG00000051910",1
"ENSRNOG00000066347",0
"ENSRNOG00000055077",0
"ENSRNOG00000064080",1316
"ENSRNOG00000057648",0
"ENSRNOG00000018273",3137
"ENSRNOG00000068501",0
"ENSRNOG00000051658",0
"ENSRNOG00000053713",0
"ENSRNOG00000054554",0
"ENSRNOG00000060984",4
"ENSRNOG00000054500",0
"ENSRNOG00000019975",2951
"ENSRNOG00000051493",0
"ENSRNOG00000052997",0
"ENSRNOG00000057694",0
"ENSRNOG00000064448",0
"ENSRNOG00000051685",0
"ENSRNOG00000053947",0
"ENSRNOG00000053750",0
"ENSRNOG00000019474",8
"ENSRNOG00000055019",1
"ENSRNOG00000058076",0
"ENSRNOG00000063445",0
"ENSRNOG00000052045",0
"ENSRNOG00000019511",2069
"ENSRNOG00000067176",0
"ENSRNOG00000056080",0
"ENSRNOG00000070466",0
"ENSRNOG00000056367",0
"ENSRNOG00000057725",0
"ENSRNOG00000058339",0
"ENSRNOG00000054529",11
"ENSRNOG00000053606",28
"ENSRNOG00000051897",0
"ENSRNOG00000055628",0
"ENSRNOG00000055016",0
"ENSRNOG00000059249",0
"ENSRNOG00000051992",0
"ENSRNOG00000019752",2071
"ENSRNOG00000068294",0
"ENSRNOG00000019953",1356
"ENSRNOG00000060945",0
"ENSRNOG00000061591",0
"ENSRNOG00000057331",0
"ENSRNOG00000061666",4
"ENSRNOG00000020083",518
"ENSRNOG00000010174",65
"ENSRNOG00000064727",281
"ENSRNOG00000066866",1792
"ENSRNOG00000019834",32466
"ENSRNOG00000071096",0
"ENSRNOG00000060095",0
"ENSRNOG00000020254",702
"ENSRNOG00000066414",26
"ENSRNOG00000070018",367
"ENSRNOG00000064659",0
"ENSRNOG00000069232",212
"ENSRNOG00000068250",126
"ENSRNOG00000070710",0
"ENSRNOG00000019907",770
"ENSRNOG00000013257",57
"ENSRNOG00000065032",0
"ENSRNOG00000063606",1
"ENSRNOG00000063759",8
"ENSRNOG00000019900",75
"ENSRNOG00000064760",5
"ENSRNOG00000068790",1
"ENSRNOG00000064857",151
"ENSRNOG00000067557",1
"ENSRNOG00000049785",750
"ENSRNOG00000064017",102
"ENSRNOG00000047218",2116
"ENSRNOG00000052844",1
"ENSRNOG00000064420",0
"ENSRNOG00000069207",7
"ENSRNOG00000062764",184
"ENSRNOG00000068669",0
"ENSRNOG00000003242",526
"ENSRNOG00000062818",3
"ENSRNOG00000068089",1
"ENSRNOG00000069708",4
"ENSRNOG00000019961",0
"ENSRNOG00000064695",256
"ENSRNOG00000071018",14
"ENSRNOG00000065569",2
"ENSRNOG00000069650",3
"ENSRNOG00000069108",138
"ENSRNOG00000010232",6
"ENSRNOG00000019892",2904
"ENSRNOG00000065393",5
"ENSRNOG00000065180",0
"ENSRNOG00000048651",1
"ENSRNOG00000066291",0
"ENSRNOG00000064678",0
"ENSRNOG00000063246",0
"ENSRNOG00000010592",45
"ENSRNOG00000067466",0
"ENSRNOG00000064625",6
"ENSRNOG00000064843",2829
"ENSRNOG00000068597",0
"ENSRNOG00000047223",1
"ENSRNOG00000066918",311
"ENSRNOG00000063871",14
"ENSRNOG00000068218",229
"ENSRNOG00000046479",143
"ENSRNOG00000067937",3
"ENSRNOG00000025693",0
"ENSRNOG00000063619",2638
"ENSRNOG00000067085",1
"ENSRNOG00000066608",64
"ENSRNOG00000064267",1
"ENSRNOG00000048509",1762
"ENSRNOG00000063382",4
"ENSRNOG00000067476",16
"ENSRNOG00000025691",0
"ENSRNOG00000067231",87
"ENSRNOG00000021384",136
"ENSRNOG00000019926",373
"ENSRNOG00000065512",12
"ENSRNOG00000065261",316
"ENSRNOG00000064212",0
"ENSRNOG00000069534",0
"ENSRNOG00000067510",43
"ENSRNOG00000062778",0
"ENSRNOG00000067543",0
"ENSRNOG00000012689",0
"ENSRNOG00000048411",193
"ENSRNOG00000066315",0
"ENSRNOG00000020355",281
"ENSRNOG00000070970",7
"ENSRNOG00000065623",1
"ENSRNOG00000064815",314
"ENSRNOG00000066163",1
"ENSRNOG00000065056",0
"ENSRNOG00000066640",3
"ENSRNOG00000057291",9
"ENSRNOG00000020115",690
"ENSRNOG00000063266",51
"ENSRNOG00000012331",235
"ENSRNOG00000020153",397
"ENSRNOG00000064128",1133
"ENSRNOG00000068999",97
"ENSRNOG00000070271",188
"ENSRNOG00000068041",0
"ENSRNOG00000069857",325
"ENSRNOG00000066727",0
"ENSRNOG00000070944",524
"ENSRNOG00000045605",1768
"ENSRNOG00000064410",12
"ENSRNOG00000025079",364
"ENSRNOG00000066791",1
"ENSRNOG00000062524",0
"ENSRNOG00000058458",50
"ENSRNOG00000065709",1
"ENSRNOG00000063935",31
"ENSRNOG00000065023",6
"ENSRNOG00000020193",769
"ENSRNOG00000037402",509
"ENSRNOG00000063186",4
"ENSRNOG00000065880",0
"ENSRNOG00000064453",0
"ENSRNOG00000069449",50
"ENSRNOG00000065469",0
"ENSRNOG00000013516",8553
"ENSRNOG00000070837",0
"ENSRNOG00000065306",3
"ENSRNOG00000050509",14
"ENSRNOG00000065392",0
"ENSRNOG00000065407",0
"ENSRNOG00000047456",159
"ENSRNOG00000070735",68
"ENSRNOG00000063123",11
"ENSRNOG00000066026",28
"ENSRNOG00000057332",0
"ENSRNOG00000012708",0
"ENSRNOG00000024717",2
"ENSRNOG00000049983",14
"ENSRNOG00000065695",4
"ENSRNOG00000067328",4
"ENSRNOG00000010350",1035
"ENSRNOG00000011825",102
"ENSRNOG00000065697",2
"ENSRNOG00000067920",13
"ENSRNOG00000069302",1
"ENSRNOG00000027091",900
"ENSRNOG00000066507",0
"ENSRNOG00000024878",4
"ENSRNOG00000027035",61
"ENSRNOG00000011022",0
"ENSRNOG00000049221",1211
"ENSRNOG00000063386",0
"ENSRNOG00000010185",244
"ENSRNOG00000019316",1113
"ENSRNOG00000068801",104
"ENSRNOG00000067653",0
"ENSRNOG00000020105",125
"ENSRNOG00000063002",0
"ENSRNOG00000010188",348
"ENSRNOG00000066764",0
"ENSRNOG00000058900",0
"ENSRNOG00000017273",135
"ENSRNOG00000011154",0
"ENSRNOG00000066144",6
"ENSRNOG00000049142",861
"ENSRNOG00000070407",0
"ENSRNOG00000057874",0
"ENSRNOG00000047046",776
"ENSRNOG00000068766",0
"ENSRNOG00000062544",0
"ENSRNOG00000057873",0
"ENSRNOG00000067131",0
"ENSRNOG00000047860",0
"ENSRNOG00000052806",0
"ENSRNOG00000053594",0
"ENSRNOG00000013225",1
"ENSRNOG00000016470",1014
"ENSRNOG00000054654",0
"ENSRNOG00000063556",5
"ENSRNOG00000049918",2
"ENSRNOG00000058449",0
"ENSRNOG00000052156",0
"ENSRNOG00000016012",3981
"ENSRNOG00000068211",0
"ENSRNOG00000010519",24
"ENSRNOG00000065625",0
"ENSRNOG00000065436",0
"ENSRNOG00000057872",0
"ENSRNOG00000066605",0
"ENSRNOG00000057673",0
"ENSRNOG00000045998",2
"ENSRNOG00000059410",0
"ENSRNOG00000063860",0
"ENSRNOG00000057084",0
"ENSRNOG00000063133",0
"ENSRNOG00000054491",0
"ENSRNOG00000011517",25
"ENSRNOG00000052875",0
"ENSRNOG00000058881",0
"ENSRNOG00000062887",0
"ENSRNOG00000056779",1
"ENSRNOG00000050990",6
"ENSRNOG00000053003",0
"ENSRNOG00000069635",68
"ENSRNOG00000051367",0
"ENSRNOG00000068915",0
"ENSRNOG00000014456",888
"ENSRNOG00000060578",6
"ENSRNOG00000051900",0
"ENSRNOG00000068858",0
"ENSRNOG00000061501",0
"ENSRNOG00000056167",0
"ENSRNOG00000014525",625
"ENSRNOG00000048967",202
"ENSRNOG00000054740",0
"ENSRNOG00000046883",2191
"ENSRNOG00000057108",0
"ENSRNOG00000019763",0
"ENSRNOG00000054171",0
"ENSRNOG00000069851",0
"ENSRNOG00000050121",0
"ENSRNOG00000051624",2542
"ENSRNOG00000064360",0
"ENSRNOG00000065289",2
"ENSRNOG00000065718",0
"ENSRNOG00000057288",0
"ENSRNOG00000004452",0
"ENSRNOG00000061512",0
"ENSRNOG00000012535",0
"ENSRNOG00000061161",0
"ENSRNOG00000070999",0
"ENSRNOG00000050748",2604
"ENSRNOG00000060171",0
"ENSRNOG00000012509",3
"ENSRNOG00000061150",0
"ENSRNOG00000014980",862
"ENSRNOG00000056470",0
"ENSRNOG00000046194",0
"ENSRNOG00000012543",244
"ENSRNOG00000035498",0
"ENSRNOG00000066151",1837
"ENSRNOG00000035455",0
"ENSRNOG00000035571",0
"ENSRNOG00000012467",0
"ENSRNOG00000050999",0
"ENSRNOG00000015594",587
"ENSRNOG00000035562",2
"ENSRNOG00000048462",2391
"ENSRNOG00000049078",0
"ENSRNOG00000035608",4
"ENSRNOG00000023577",864
"ENSRNOG00000055383",14
"ENSRNOG00000035646",0
"ENSRNOG00000013496",0
"ENSRNOG00000024917",0
"ENSRNOG00000013600",0
"ENSRNOG00000016057",3
"ENSRNOG00000066672",0
"ENSRNOG00000069389",135
"ENSRNOG00000049511",727
"ENSRNOG00000013046",1276
"ENSRNOG00000019012",357
"ENSRNOG00000054379",1
"ENSRNOG00000070509",2
"ENSRNOG00000050843",991
"ENSRNOG00000019031",1
"ENSRNOG00000010881",1157
"ENSRNOG00000023557",1
"ENSRNOG00000056226",72
"ENSRNOG00000070844",0
"ENSRNOG00000045623",210
"ENSRNOG00000050543",668
"ENSRNOG00000066154",0
"ENSRNOG00000010728",598
"ENSRNOG00000011987",1778
"ENSRNOG00000046002",1160
"ENSRNOG00000020372",1242
"ENSRNOG00000046502",2176
"ENSRNOG00000012637",1
"ENSRNOG00000067120",2012
"ENSRNOG00000048818",219
"ENSRNOG00000042729",290
"ENSRNOG00000048061",298
"ENSRNOG00000065639",2539
"ENSRNOG00000030345",2698
"ENSRNOG00000013612",0
"ENSRNOG00000067303",0
"ENSRNOG00000000124",0
"ENSRNOG00000048291",488
"ENSRNOG00000046871",773
"ENSRNOG00000049311",0
"ENSRNOG00000064999",265
"ENSRNOG00000020166",0
"ENSRNOG00000069864",0
"ENSRNOG00000014123",0
"ENSRNOG00000063674",1608
"ENSRNOG00000045945",0
"ENSRNOG00000003872",565
"ENSRNOG00000070817",1
"ENSRNOG00000039663",0
"ENSRNOG00000045975",4
"ENSRNOG00000066520",0
"ENSRNOG00000003942",2436
"ENSRNOG00000011642",0
"ENSRNOG00000025603",1
"ENSRNOG00000003991",12
"ENSRNOG00000058742",76
"ENSRNOG00000004001",253
"ENSRNOG00000004076",314
"ENSRNOG00000011823",0
"ENSRNOG00000010100",121
"ENSRNOG00000066935",21
"ENSRNOG00000048329",23
"ENSRNOG00000015983",1384
"ENSRNOG00000024755",0
"ENSRNOG00000046593",0
"ENSRNOG00000013238",234
"ENSRNOG00000052878",0
"ENSRNOG00000048152",755
"ENSRNOG00000013781",1125
"ENSRNOG00000052328",1
"ENSRNOG00000068665",0
"ENSRNOG00000033402",77
"ENSRNOG00000012473",774
"ENSRNOG00000025895",521
"ENSRNOG00000012920",0
"ENSRNOG00000032108",0
"ENSRNOG00000022196",3429
"ENSRNOG00000039650",0
"ENSRNOG00000028595",1
"ENSRNOG00000026195",0
"ENSRNOG00000016446",0
"ENSRNOG00000013318",64
"ENSRNOG00000039651",0
"ENSRNOG00000067388",860
"ENSRNOG00000032740",283
"ENSRNOG00000012045",0
"ENSRNOG00000016119",2995
"ENSRNOG00000051528",84
"ENSRNOG00000015408",4
"ENSRNOG00000002091",1241
"ENSRNOG00000012759",52
"ENSRNOG00000031795",0
"ENSRNOG00000065339",219
"ENSRNOG00000015080",582
"ENSRNOG00000064433",1
"ENSRNOG00000063752",8
"ENSRNOG00000055728",368
"ENSRNOG00000066953",895
"ENSRNOG00000068729",3
"ENSRNOG00000013484",1696
"ENSRNOG00000022720",352
"ENSRNOG00000017258",6
"ENSRNOG00000032947",678
"ENSRNOG00000023856",0
"ENSRNOG00000068995",0
"ENSRNOG00000046852",0
"ENSRNOG00000012733",1893
"ENSRNOG00000032289",55
"ENSRNOG00000032822",12451
"ENSRNOG00000016034",2001
"ENSRNOG00000032860",1
"ENSRNOG00000042503",3137
"ENSRNOG00000056847",7
"ENSRNOG00000033803",776
"ENSRNOG00000018904",613
"ENSRNOG00000016486",1042
"ENSRNOG00000057499",10
"ENSRNOG00000045532",2
"ENSRNOG00000063618",0
"ENSRNOG00000064370",0
"ENSRNOG00000032306",0
"ENSRNOG00000016361",64
"ENSRNOG00000034177",140
"ENSRNOG00000049127",2853
"ENSRNOG00000037793",0
"ENSRNOG00000064010",0
"ENSRNOG00000032518",48
"ENSRNOG00000067128",0
"ENSRNOG00000013695",313
"ENSRNOG00000014142",1007
"ENSRNOG00000022414",2906
"ENSRNOG00000067739",0
"ENSRNOG00000031146",0
"ENSRNOG00000066070",0
"ENSRNOG00000064063",31
"ENSRNOG00000048819",536
"ENSRNOG00000067340",0
"ENSRNOG00000018988",343
"ENSRNOG00000065168",0
"ENSRNOG00000069027",0
"ENSRNOG00000018559",0
"ENSRNOG00000016754",304
"ENSRNOG00000019295",2648
"ENSRNOG00000062529",0
"ENSRNOG00000013587",1234
"ENSRNOG00000022614",87
"ENSRNOG00000023172",0
"ENSRNOG00000016886",1297
"ENSRNOG00000023427",5
"ENSRNOG00000021435",165
"ENSRNOG00000051180",1028
"ENSRNOG00000016567",0
"ENSRNOG00000056259",0
"ENSRNOG00000065763",1
"ENSRNOG00000032765",343
"ENSRNOG00000064608",50
"ENSRNOG00000030045",0
"ENSRNOG00000020194",272
"ENSRNOG00000016913",371
"ENSRNOG00000012178",1640
"ENSRNOG00000030389",0
"ENSRNOG00000014555",25
"ENSRNOG00000056280",0
"ENSRNOG00000062997",0
"ENSRNOG00000037230",123
"ENSRNOG00000069381",3
"ENSRNOG00000019087",676
"ENSRNOG00000002110",374
"ENSRNOG00000031479",21761
"ENSRNOG00000048875",1
"ENSRNOG00000019810",241
"ENSRNOG00000030679",10
"ENSRNOG00000022711",0
"ENSRNOG00000042034",0
"ENSRNOG00000060633",12
"ENSRNOG00000069634",1
"ENSRNOG00000070100",0
"ENSRNOG00000064156",0
"ENSRNOG00000069047",162
"ENSRNOG00000016957",112
"ENSRNOG00000069191",0
"ENSRNOG00000032398",441
"ENSRNOG00000062796",107
"ENSRNOG00000065093",0
"ENSRNOG00000018351",1802
"ENSRNOG00000068035",35
"ENSRNOG00000011042",10
"ENSRNOG00000065967",0
"ENSRNOG00000070524",0
"ENSRNOG00000015055",69
"ENSRNOG00000052510",0
"ENSRNOG00000017952",12534
"ENSRNOG00000066376",9
"ENSRNOG00000064675",0
"ENSRNOG00000018403",925
"ENSRNOG00000013670",2
"ENSRNOG00000025797",0
"ENSRNOG00000013733",2782
"ENSRNOG00000019128",1
"ENSRNOG00000018639",350
"ENSRNOG00000013792",0
"ENSRNOG00000030738",5
"ENSRNOG00000018697",339
"ENSRNOG00000019043",0
"ENSRNOG00000018051",2228
"ENSRNOG00000022899",1
"ENSRNOG00000018975",3909
"ENSRNOG00000020322",51
"ENSRNOG00000019252",0
"ENSRNOG00000019107",50
"ENSRNOG00000019052",3298
"ENSRNOG00000013461",2313
"ENSRNOG00000033923",70
"ENSRNOG00000016888",181
"ENSRNOG00000020138",156
"ENSRNOG00000025527",695
"ENSRNOG00000066227",82
"ENSRNOG00000032659",175
"ENSRNOG00000019243",3722
"ENSRNOG00000038569",0
"ENSRNOG00000018181",1832
"ENSRNOG00000019294",1300
"ENSRNOG00000024085",980
"ENSRNOG00000016974",1173
"ENSRNOG00000003597",813
"ENSRNOG00000014765",8760
"ENSRNOG00000066987",0
"ENSRNOG00000070697",0
"ENSRNOG00000067248",7
"ENSRNOG00000068571",0
"ENSRNOG00000002789",1311
"ENSRNOG00000027916",4
"ENSRNOG00000014597",930
"ENSRNOG00000067978",0
"ENSRNOG00000011962",269
"ENSRNOG00000010486",1
"ENSRNOG00000042189",16531
"ENSRNOG00000054416",3
"ENSRNOG00000017856",0
"ENSRNOG00000051198",2
"ENSRNOG00000062550",3
"ENSRNOG00000015528",2380
"ENSRNOG00000014119",1755
"ENSRNOG00000025273",1
"ENSRNOG00000012115",0
"ENSRNOG00000068893",8
"ENSRNOG00000014692",61
"ENSRNOG00000064088",1
"ENSRNOG00000023280",363
"ENSRNOG00000071060",2
"ENSRNOG00000011613",1068
"ENSRNOG00000049880",0
"ENSRNOG00000066246",0
"ENSRNOG00000022576",275
"ENSRNOG00000015633",1394
"ENSRNOG00000063808",0
"ENSRNOG00000068134",3
"ENSRNOG00000049882",0
"ENSRNOG00000017065",102
"ENSRNOG00000015354",5142
"ENSRNOG00000016719",375
"ENSRNOG00000059237",0
"ENSRNOG00000013727",225
"ENSRNOG00000069721",0
"ENSRNOG00000022723",62
"ENSRNOG00000024468",121
"ENSRNOG00000026280",192
"ENSRNOG00000013977",6558
"ENSRNOG00000011700",1929
"ENSRNOG00000015428",6119
"ENSRNOG00000046714",0
"ENSRNOG00000062352",2
"ENSRNOG00000025768",2627
"ENSRNOG00000011871",1124
"ENSRNOG00000031348",1
"ENSRNOG00000070592",20
"ENSRNOG00000033280",47633
"ENSRNOG00000037227",845
"ENSRNOG00000050325",0
"ENSRNOG00000016133",2431
"ENSRNOG00000037225",1297
"ENSRNOG00000023474",0
"ENSRNOG00000053306",1441
"ENSRNOG00000056996",0
"ENSRNOG00000015231",855
"ENSRNOG00000017707",3953
"ENSRNOG00000065530",25
"ENSRNOG00000018214",322
"ENSRNOG00000023993",2
"ENSRNOG00000067413",1
"ENSRNOG00000042111",0
"ENSRNOG00000046515",0
"ENSRNOG00000053200",3430
"ENSRNOG00000069656",1
"ENSRNOG00000017020",103
"ENSRNOG00000068175",0
"ENSRNOG00000011321",6
"ENSRNOG00000049437",3387
"ENSRNOG00000047439",120
"ENSRNOG00000016724",164
"ENSRNOG00000014722",1179
"ENSRNOG00000015460",8
"ENSRNOG00000045587",0
"ENSRNOG00000068934",4
"ENSRNOG00000063425",0
"ENSRNOG00000048567",86
"ENSRNOG00000010283",7
"ENSRNOG00000067240",6
"ENSRNOG00000069615",211
"ENSRNOG00000068779",0
"ENSRNOG00000019850",213
"ENSRNOG00000054129",0
"ENSRNOG00000011803",0
"ENSRNOG00000054699",0
"ENSRNOG00000045775",1288
"ENSRNOG00000062590",0
"ENSRNOG00000013636",165
"ENSRNOG00000013340",11965
"ENSRNOG00000061279",0
"ENSRNOG00000048686",0
"ENSRNOG00000013446",494
"ENSRNOG00000015439",5276
"ENSRNOG00000011453",18
"ENSRNOG00000014851",22
"ENSRNOG00000053945",1446
"ENSRNOG00000017237",0
"ENSRNOG00000019946",1158
"ENSRNOG00000011784",693
"ENSRNOG00000012558",638
"ENSRNOG00000015898",709
"ENSRNOG00000049443",0
"ENSRNOG00000050521",0
"ENSRNOG00000015365",23
"ENSRNOG00000022859",0
"ENSRNOG00000032086",0
"ENSRNOG00000024114",0
"ENSRNOG00000040109",0
"ENSRNOG00000066428",1
"ENSRNOG00000019985",12
"ENSRNOG00000014876",547
"ENSRNOG00000012303",18
"ENSRNOG00000013875",1738
"ENSRNOG00000012679",191
"ENSRNOG00000014837",237
"ENSRNOG00000023548",150
"ENSRNOG00000054963",913
"ENSRNOG00000018059",3
"ENSRNOG00000037376",225
"ENSRNOG00000015278",13417
"ENSRNOG00000012702",721
"ENSRNOG00000023765",0
"ENSRNOG00000031232",7516
"ENSRNOG00000042054",0
"ENSRNOG00000057701",93
"ENSRNOG00000016247",2
"ENSRNOG00000046242",666
"ENSRNOG00000057056",1681
"ENSRNOG00000004719",42
"ENSRNOG00000015992",1
"ENSRNOG00000013554",0
"ENSRNOG00000042360",0
"ENSRNOG00000023923",388
"ENSRNOG00000016196",119
"ENSRNOG00000042181",0
"ENSRNOG00000016388",0
"ENSRNOG00000013578",0
"ENSRNOG00000022066",1475
"ENSRNOG00000068281",0
"ENSRNOG00000027719",161
"ENSRNOG00000013748",0
"ENSRNOG00000017072",442
"ENSRNOG00000012891",9
"ENSRNOG00000069111",0
"ENSRNOG00000046601",0
"ENSRNOG00000063009",8
"ENSRNOG00000015619",1898
"ENSRNOG00000015906",2945
"ENSRNOG00000024272",644
"ENSRNOG00000014987",58
"ENSRNOG00000011849",1433
"ENSRNOG00000067364",0
"ENSRNOG00000069638",0
"ENSRNOG00000014319",1444
"ENSRNOG00000024186",4579
"ENSRNOG00000066209",0
"ENSRNOG00000014950",0
"ENSRNOG00000042230",0
"ENSRNOG00000029735",351
"ENSRNOG00000032926",0
"ENSRNOG00000015297",8
"ENSRNOG00000015386",5
"ENSRNOG00000012424",0
"ENSRNOG00000042581",0
"ENSRNOG00000018521",0
"ENSRNOG00000064739",6
"ENSRNOG00000015402",0
"ENSRNOG00000066469",269
"ENSRNOG00000068377",1
"ENSRNOG00000063607",0
"ENSRNOG00000018584",9061
"ENSRNOG00000014790",0
"ENSRNOG00000016229",2539
"ENSRNOG00000067344",259
"ENSRNOG00000015461",19574
"ENSRNOG00000040095",0
"ENSRNOG00000022804",1206
"ENSRNOG00000018854",1
"ENSRNOG00000018420",0
"ENSRNOG00000067790",6
"ENSRNOG00000049873",788
"ENSRNOG00000018397",24
"ENSRNOG00000070300",39
"ENSRNOG00000024345",737
"ENSRNOG00000069907",33
"ENSRNOG00000018610",1156
"ENSRNOG00000017857",1390
"ENSRNOG00000018723",641
"ENSRNOG00000067845",67
"ENSRNOG00000067276",58
"ENSRNOG00000018057",266
"ENSRNOG00000068876",0
"ENSRNOG00000066827",0
"ENSRNOG00000018168",249
"ENSRNOG00000037221",29
"ENSRNOG00000067205",0
"ENSRNOG00000069319",2
"ENSRNOG00000063904",10
"ENSRNOG00000012966",2586
"ENSRNOG00000066982",8
"ENSRNOG00000016963",6804
"ENSRNOG00000062817",26
"ENSRNOG00000070049",16
"ENSRNOG00000069312",36
"ENSRNOG00000046196",11
"ENSRNOG00000068563",2
"ENSRNOG00000015813",5036
"ENSRNOG00000063563",72
"ENSRNOG00000068845",1
"ENSRNOG00000023760",1092
"ENSRNOG00000063040",185
"ENSRNOG00000032869",0
"ENSRNOG00000017053",17
"ENSRNOG00000048282",378
"ENSRNOG00000017340",391
"ENSRNOG00000018267",122
"ENSRNOG00000017491",549
"ENSRNOG00000039976",2910
"ENSRNOG00000017297",2109
"ENSRNOG00000049683",2255
"ENSRNOG00000017359",8632
"ENSRNOG00000016349",0
"ENSRNOG00000058652",0
"ENSRNOG00000050318",41
"ENSRNOG00000018613",1
"ENSRNOG00000017521",0
"ENSRNOG00000047306",9
"ENSRNOG00000057256",0
"ENSRNOG00000021525",819
"ENSRNOG00000016655",203
"ENSRNOG00000065863",803
"ENSRNOG00000021159",2380
"ENSRNOG00000019447",0
"ENSRNOG00000016849",2865
"ENSRNOG00000015596",1
"ENSRNOG00000017144",2334
"ENSRNOG00000030020",0
"ENSRNOG00000017495",1446
"ENSRNOG00000016640",2
"ENSRNOG00000017836",463
"ENSRNOG00000033747",819
"ENSRNOG00000018416",0
"ENSRNOG00000016315",1070
"ENSRNOG00000017631",2596
"ENSRNOG00000042468",0
"ENSRNOG00000022800",900
"ENSRNOG00000018232",533
"ENSRNOG00000014212",97
"ENSRNOG00000014666",267
"ENSRNOG00000023807",1296
"ENSRNOG00000014678",492
"ENSRNOG00000046343",0
"ENSRNOG00000022598",1346
"ENSRNOG00000013704",0
"ENSRNOG00000014492",2
"ENSRNOG00000032219",0
"ENSRNOG00000014328",130
"ENSRNOG00000014180",2099
"ENSRNOG00000019634",1632
"ENSRNOG00000013866",98
"ENSRNOG00000013557",1284
"ENSRNOG00000066397",10
"ENSRNOG00000015249",389
"ENSRNOG00000055670",2
"ENSRNOG00000013852",589
"ENSRNOG00000019527",0
"ENSRNOG00000014248",84
"ENSRNOG00000049121",438
"ENSRNOG00000050258",2358
"ENSRNOG00000015623",1
"ENSRNOG00000022934",3353
"ENSRNOG00000019463",723
"ENSRNOG00000018372",185
"ENSRNOG00000022769",3522
"ENSRNOG00000067280",0
"ENSRNOG00000027400",0
"ENSRNOG00000018980",1445
"ENSRNOG00000015259",0
"ENSRNOG00000017913",1036
"ENSRNOG00000039856",199
"ENSRNOG00000013412",661
"ENSRNOG00000017540",0
"ENSRNOG00000019035",4
"ENSRNOG00000022609",160
"ENSRNOG00000013262",3
"ENSRNOG00000042182",16
"ENSRNOG00000018741",1110
"ENSRNOG00000015511",3058
"ENSRNOG00000022911",233
"ENSRNOG00000054475",0
"ENSRNOG00000016653",5
"ENSRNOG00000026175",0
"ENSRNOG00000069358",0
"ENSRNOG00000012205",0
"ENSRNOG00000053030",0
"ENSRNOG00000011124",0
"ENSRNOG00000016962",2
"ENSRNOG00000017557",0
"ENSRNOG00000011841",647
"ENSRNOG00000025418",1855
"ENSRNOG00000011000",280
"ENSRNOG00000048736",1410
"ENSRNOG00000017730",3060
"ENSRNOG00000045947",0
"ENSRNOG00000017611",0
"ENSRNOG00000017206",10701
"ENSRNOG00000029865",0
"ENSRNOG00000045846",80
"ENSRNOG00000017625",29
"ENSRNOG00000053244",0
"ENSRNOG00000047549",11
"ENSRNOG00000027430",96
"ENSRNOG00000069663",388
"ENSRNOG00000016606",8
"ENSRNOG00000047781",41
"ENSRNOG00000070099",1
"ENSRNOG00000066303",3
"ENSRNOG00000050381",201
"ENSRNOG00000011756",2270
"ENSRNOG00000047295",22
"ENSRNOG00000045595",26
"ENSRNOG00000023603",0
"ENSRNOG00000065536",2
"ENSRNOG00000011771",1553
"ENSRNOG00000046050",0
"ENSRNOG00000014960",132
"ENSRNOG00000014001",0
"ENSRNOG00000047368",1
"ENSRNOG00000012629",2509
"ENSRNOG00000047052",696
"ENSRNOG00000012709",3643
"ENSRNOG00000063848",2
"ENSRNOG00000023858",0
"ENSRNOG00000065109",38
"ENSRNOG00000013234",1145
"ENSRNOG00000055295",372
"ENSRNOG00000046834",19
"ENSRNOG00000013285",1241
"ENSRNOG00000016503",473
"ENSRNOG00000013415",4
"ENSRNOG00000047089",351
"ENSRNOG00000016472",1
"ENSRNOG00000063418",1953
"ENSRNOG00000071190",51
"ENSRNOG00000016091",12
"ENSRNOG00000016105",1204
"ENSRNOG00000042646",0
"ENSRNOG00000047134",1
"ENSRNOG00000015774",11
"ENSRNOG00000012284",0
"ENSRNOG00000015020",1465
"ENSRNOG00000064877",32
"ENSRNOG00000047628",639
"ENSRNOG00000014162",11127
"ENSRNOG00000015158",3580
"ENSRNOG00000047505",7
"ENSRNOG00000016032",1234
"ENSRNOG00000048853",0
"ENSRNOG00000014035",39
"ENSRNOG00000046128",2139
"ENSRNOG00000023467",2445
"ENSRNOG00000062645",2891
"ENSRNOG00000062772",0
"ENSRNOG00000012486",235
"ENSRNOG00000047337",0
"ENSRNOG00000015295",4001
"ENSRNOG00000051015",0
"ENSRNOG00000069918",8
"ENSRNOG00000047730",0
"ENSRNOG00000064862",0
"ENSRNOG00000070059",23
"ENSRNOG00000033341",0
"ENSRNOG00000066502",19
"ENSRNOG00000066561",1
"ENSRNOG00000067046",1
"ENSRNOG00000017265",5541
"ENSRNOG00000064783",0
"ENSRNOG00000014288",883333
"ENSRNOG00000047581",0
"ENSRNOG00000062425",0
"ENSRNOG00000066837",0
"ENSRNOG00000068213",0
"ENSRNOG00000070131",10
"ENSRNOG00000049503",0
"ENSRNOG00000070668",202
"ENSRNOG00000046104",15
"ENSRNOG00000063528",1
"ENSRNOG00000064269",0
"ENSRNOG00000037894",10
"ENSRNOG00000055524",2100
"ENSRNOG00000016995",0
"ENSRNOG00000017129",548
"ENSRNOG00000016660",1346
"ENSRNOG00000017757",183
"ENSRNOG00000015366",38
"ENSRNOG00000017188",252
"ENSRNOG00000016151",25
"ENSRNOG00000037835",40
"ENSRNOG00000064008",163
"ENSRNOG00000052376",1752
"ENSRNOG00000050430",14
"ENSRNOG00000014956",7
"ENSRNOG00000018162",297
"ENSRNOG00000017996",0
"ENSRNOG00000017248",7
"ENSRNOG00000046254",0
"ENSRNOG00000012207",19365
"ENSRNOG00000014182",5948
"ENSRNOG00000013368",6
"ENSRNOG00000010637",2796
"ENSRNOG00000012942",53
"ENSRNOG00000032991",2
"ENSRNOG00000017409",4
"ENSRNOG00000058626",0
"ENSRNOG00000058260",7
"ENSRNOG00000014399",665
"ENSRNOG00000012618",0
"ENSRNOG00000014806",2207
"ENSRNOG00000046576",1
"ENSRNOG00000022499",128
"ENSRNOG00000011269",1
"ENSRNOG00000010597",18
"ENSRNOG00000018266",20
"ENSRNOG00000015886",210
"ENSRNOG00000018325",1122
"ENSRNOG00000063081",0
"ENSRNOG00000019506",500
"ENSRNOG00000012718",1308
"ENSRNOG00000050591",0
"ENSRNOG00000023312",180
"ENSRNOG00000018586",1181
"ENSRNOG00000023566",48
"ENSRNOG00000062745",1
"ENSRNOG00000014797",3533
"ENSRNOG00000019704",12
"ENSRNOG00000014901",5133
"ENSRNOG00000015248",1
"ENSRNOG00000013213",345
"ENSRNOG00000019587",1758
"ENSRNOG00000052570",0
"ENSRNOG00000048239",0
"ENSRNOG00000018464",43
"ENSRNOG00000028362",2
"ENSRNOG00000018467",116
"ENSRNOG00000049330",476
"ENSRNOG00000038085",1189
"ENSRNOG00000015382",269
"ENSRNOG00000020038",4519
"ENSRNOG00000020061",6
"ENSRNOG00000018366",35
"ENSRNOG00000028149",1401
"ENSRNOG00000015346",1152
"ENSRNOG00000020097",163
"ENSRNOG00000020107",476
"ENSRNOG00000017660",857
"ENSRNOG00000019772",2059
"ENSRNOG00000069992",1
"ENSRNOG00000071002",430
"ENSRNOG00000063437",564
"ENSRNOG00000014718",1102
"ENSRNOG00000014289",10591
"ENSRNOG00000014516",1063
"ENSRNOG00000031651",210
"ENSRNOG00000064457",171
"ENSRNOG00000018128",1340
"ENSRNOG00000018830",505
"ENSRNOG00000018276",62
"ENSRNOG00000016789",1392
"ENSRNOG00000016254",292
"ENSRNOG00000023941",20
"ENSRNOG00000058681",32
"ENSRNOG00000018593",245
"ENSRNOG00000068018",0
"ENSRNOG00000023220",879
"ENSRNOG00000013946",1047
"ENSRNOG00000023356",171
"ENSRNOG00000018623",1097
"ENSRNOG00000013991",1
"ENSRNOG00000058243",178
"ENSRNOG00000051950",0
"ENSRNOG00000054218",32
"ENSRNOG00000014835",112
"ENSRNOG00000015027",4
"ENSRNOG00000038979",1
"ENSRNOG00000015417",818
"ENSRNOG00000014504",3916
"ENSRNOG00000014013",3483
"ENSRNOG00000028945",1
"ENSRNOG00000024201",30
"ENSRNOG00000015699",732
"ENSRNOG00000014683",118
"ENSRNOG00000012815",293
"ENSRNOG00000061227",0
"ENSRNOG00000013286",929
"ENSRNOG00000016201",709
"ENSRNOG00000013408",793
"ENSRNOG00000047233",0
"ENSRNOG00000023576",130
"ENSRNOG00000011591",23
"ENSRNOG00000038909",1
"ENSRNOG00000015306",1
"ENSRNOG00000067665",3390
"ENSRNOG00000015567",0
"ENSRNOG00000063478",3
"ENSRNOG00000011658",163
"ENSRNOG00000017155",382
"ENSRNOG00000022762",1
"ENSRNOG00000011194",2426
"ENSRNOG00000014378",0
"ENSRNOG00000016447",603
"ENSRNOG00000010370",932
"ENSRNOG00000010668",4489
"ENSRNOG00000059348",3551
"ENSRNOG00000064427",5411
"ENSRNOG00000059485",105
"ENSRNOG00000064621",44
"ENSRNOG00000008111",0
"ENSRNOG00000012840",151740
"ENSRNOG00000026745",4
"ENSRNOG00000009104",1346
"ENSRNOG00000009995",655
"ENSRNOG00000042449",461
"ENSRNOG00000002423",661
"ENSRNOG00000002575",235
"ENSRNOG00000002443",946
"ENSRNOG00000012356",398
"ENSRNOG00000021370",0
"ENSRNOG00000002845",0
"ENSRNOG00000026844",2
"ENSRNOG00000066088",41536
"ENSRNOG00000027008",507
"ENSRNOG00000023143",1085
"ENSRNOG00000038474",0
"ENSRNOG00000011892",0
"ENSRNOG00000064321",0
"ENSRNOG00000069020",5
"ENSRNOG00000069599",0
"ENSRNOG00000067008",0
"ENSRNOG00000026805",1
"ENSRNOG00000068229",0
"ENSRNOG00000002820",0
"ENSRNOG00000024553",44
"ENSRNOG00000013118",1611
"ENSRNOG00000024535",1678
"ENSRNOG00000068864",0
"ENSRNOG00000002827",0
"ENSRNOG00000013186",3018
"ENSRNOG00000010041",1890
"ENSRNOG00000067204",0
"ENSRNOG00000003815",1673
"ENSRNOG00000065351",0
"ENSRNOG00000068547",0
"ENSRNOG00000054400",273
"ENSRNOG00000071204",0
"ENSRNOG00000014081",0
"ENSRNOG00000070347",2
"ENSRNOG00000043116",0
"ENSRNOG00000038413",0
"ENSRNOG00000002488",1375
"ENSRNOG00000067499",0
"ENSRNOG00000067195",0
"ENSRNOG00000069306",0
"ENSRNOG00000067952",0
"ENSRNOG00000002630",513
"ENSRNOG00000002645",507
"ENSRNOG00000003879",575
"ENSRNOG00000019458",82
"ENSRNOG00000027039",324
"ENSRNOG00000045816",2
"ENSRNOG00000069086",0
"ENSRNOG00000062627",0
"ENSRNOG00000069462",0
"ENSRNOG00000047955",0
"ENSRNOG00000038422",0
"ENSRNOG00000002582",0
"ENSRNOG00000031544",1639
"ENSRNOG00000027259",2149
"ENSRNOG00000051868",438
"ENSRNOG00000014712",109
"ENSRNOG00000003975",7288
"ENSRNOG00000033663",936
"ENSRNOG00000065470",0
"ENSRNOG00000062854",0
"ENSRNOG00000069068",0
"ENSRNOG00000002682",122
"ENSRNOG00000002713",637
"ENSRNOG00000070864",29
"ENSRNOG00000064507",0
"ENSRNOG00000064350",1
"ENSRNOG00000067217",52
"ENSRNOG00000070178",3
"ENSRNOG00000068756",23
"ENSRNOG00000069764",19
"ENSRNOG00000003847",445
"ENSRNOG00000062640",24
"ENSRNOG00000067459",20
"ENSRNOG00000063438",0
"ENSRNOG00000066378",57
"ENSRNOG00000055459",1
"ENSRNOG00000052088",1
"ENSRNOG00000065010",0
"ENSRNOG00000064285",1
"ENSRNOG00000026430",0
"ENSRNOG00000070207",0
"ENSRNOG00000070920",0
"ENSRNOG00000023431",156
"ENSRNOG00000066015",0
"ENSRNOG00000067151",119
"ENSRNOG00000069550",0
"ENSRNOG00000060247",0
"ENSRNOG00000022431",69
"ENSRNOG00000055640",0
"ENSRNOG00000065061",0
"ENSRNOG00000071012",258
"ENSRNOG00000057240",7
"ENSRNOG00000069370",0
"ENSRNOG00000062611",0
"ENSRNOG00000062948",0
"ENSRNOG00000069674",1
"ENSRNOG00000061633",0
"ENSRNOG00000065225",5
"ENSRNOG00000058899",0
"ENSRNOG00000002858",0
"ENSRNOG00000054015",0
"ENSRNOG00000065824",0
"ENSRNOG00000053082",1
"ENSRNOG00000068961",0
"ENSRNOG00000054755",0
"ENSRNOG00000068527",19
"ENSRNOG00000061482",0
"ENSRNOG00000064121",2
"ENSRNOG00000022472",147
"ENSRNOG00000052741",2
"ENSRNOG00000051656",1
"ENSRNOG00000064143",115
"ENSRNOG00000063978",187
"ENSRNOG00000055792",0
"ENSRNOG00000004078",213
"ENSRNOG00000065243",1394
"ENSRNOG00000070859",0
"ENSRNOG00000022438",27
"ENSRNOG00000071081",0
"ENSRNOG00000057885",0
"ENSRNOG00000068781",0
"ENSRNOG00000027891",254
"ENSRNOG00000052561",0
"ENSRNOG00000068928",503
"ENSRNOG00000043019",15
"ENSRNOG00000055961",0
"ENSRNOG00000062350",62
"ENSRNOG00000064716",108
"ENSRNOG00000052520",1
"ENSRNOG00000066541",0
"ENSRNOG00000070561",12
"ENSRNOG00000057669",0
"ENSRNOG00000066333",0
"ENSRNOG00000019486",19
"ENSRNOG00000057605",0
"ENSRNOG00000066693",0
"ENSRNOG00000049219",917
"ENSRNOG00000066339",0
"ENSRNOG00000063383",0
"ENSRNOG00000063269",0
"ENSRNOG00000065502",1
"ENSRNOG00000067337",10
"ENSRNOG00000055550",0
"ENSRNOG00000053179",0
"ENSRNOG00000055743",0
"ENSRNOG00000063722",615
"ENSRNOG00000060659",0
"ENSRNOG00000062516",0
"ENSRNOG00000062916",0
"ENSRNOG00000068240",0
"ENSRNOG00000058532",0
"ENSRNOG00000067006",0
"ENSRNOG00000065892",622
"ENSRNOG00000057512",0
"ENSRNOG00000056543",0
"ENSRNOG00000052147",0
"ENSRNOG00000070989",1
"ENSRNOG00000003129",2029
"ENSRNOG00000061671",0
"ENSRNOG00000069686",0
"ENSRNOG00000063817",0
"ENSRNOG00000061622",4
"ENSRNOG00000043419",6
"ENSRNOG00000066434",0
"ENSRNOG00000054660",0
"ENSRNOG00000057083",0
"ENSRNOG00000067673",0
"ENSRNOG00000066138",0
"ENSRNOG00000056479",0
"ENSRNOG00000067463",0
"ENSRNOG00000002895",102
"ENSRNOG00000067537",1
"ENSRNOG00000069371",0
"ENSRNOG00000052554",3
"ENSRNOG00000062965",26
"ENSRNOG00000065881",0
"ENSRNOG00000060567",0
"ENSRNOG00000053830",6
"ENSRNOG00000069978",15
"ENSRNOG00000053545",0
"ENSRNOG00000059819",0
"ENSRNOG00000052344",0
"ENSRNOG00000055516",0
"ENSRNOG00000070850",422
"ENSRNOG00000056422",6
"ENSRNOG00000070353",0
"ENSRNOG00000052684",1
"ENSRNOG00000051234",0
"ENSRNOG00000003170",22
"ENSRNOG00000059048",0
"ENSRNOG00000056866",0
"ENSRNOG00000066341",1
"ENSRNOG00000054387",0
"ENSRNOG00000053961",223
"ENSRNOG00000059449",0
"ENSRNOG00000068321",0
"ENSRNOG00000055502",2
"ENSRNOG00000054649",0
"ENSRNOG00000020843",1185
"ENSRNOG00000004246",232
"ENSRNOG00000070019",0
"ENSRNOG00000070557",3
"ENSRNOG00000063452",0
"ENSRNOG00000061173",0
"ENSRNOG00000054307",0
"ENSRNOG00000052059",0
"ENSRNOG00000062630",0
"ENSRNOG00000065726",0
"ENSRNOG00000063603",0
"ENSRNOG00000059300",0
"ENSRNOG00000019384",213
"ENSRNOG00000054952",0
"ENSRNOG00000054629",0
"ENSRNOG00000066078",0
"ENSRNOG00000070350",0
"ENSRNOG00000045676",0
"ENSRNOG00000053018",1
"ENSRNOG00000058504",0
"ENSRNOG00000058244",1
"ENSRNOG00000055800",0
"ENSRNOG00000053796",0
"ENSRNOG00000068206",0
"ENSRNOG00000058369",0
"ENSRNOG00000062549",0
"ENSRNOG00000057969",0
"ENSRNOG00000052816",0
"ENSRNOG00000002873",0
"ENSRNOG00000059399",0
"ENSRNOG00000070743",0
"ENSRNOG00000063400",0
"ENSRNOG00000003039",0
"ENSRNOG00000021988",0
"ENSRNOG00000022548",3
"ENSRNOG00000002757",283
"ENSRNOG00000002876",115
"ENSRNOG00000070137",0
"ENSRNOG00000067635",0
"ENSRNOG00000058556",0
"ENSRNOG00000002883",125
"ENSRNOG00000059610",0
"ENSRNOG00000067616",2
"ENSRNOG00000003326",2144
"ENSRNOG00000062744",0
"ENSRNOG00000026647",668
"ENSRNOG00000060046",0
"ENSRNOG00000056736",0
"ENSRNOG00000021796",2
"ENSRNOG00000060616",1
"ENSRNOG00000053569",0
"ENSRNOG00000060220",0
"ENSRNOG00000054213",1
"ENSRNOG00000051730",0
"ENSRNOG00000027368",615
"ENSRNOG00000057012",0
"ENSRNOG00000061736",0
"ENSRNOG00000002928",610
"ENSRNOG00000060502",2
"ENSRNOG00000017907",1547
"ENSRNOG00000063532",0
"ENSRNOG00000057893",0
"ENSRNOG00000054619",0
"ENSRNOG00000056183",0
"ENSRNOG00000042579",10
"ENSRNOG00000052660",2
"ENSRNOG00000057898",0
"ENSRNOG00000062443",0
"ENSRNOG00000055444",0
"ENSRNOG00000058380",1
"ENSRNOG00000066694",2197
"ENSRNOG00000053313",0
"ENSRNOG00000055592",0
"ENSRNOG00000069404",1
"ENSRNOG00000057232",0
"ENSRNOG00000065576",1
"ENSRNOG00000056377",0
"ENSRNOG00000060493",0
"ENSRNOG00000055722",0
"ENSRNOG00000002943",391
"ENSRNOG00000003794",134
"ENSRNOG00000068007",0
"ENSRNOG00000060059",0
"ENSRNOG00000057978",19
"ENSRNOG00000004283",1067
"ENSRNOG00000055210",0
"ENSRNOG00000055429",16
"ENSRNOG00000070988",0
"ENSRNOG00000053386",0
"ENSRNOG00000070720",0
"ENSRNOG00000056913",2
"ENSRNOG00000068504",0
"ENSRNOG00000040121",0
"ENSRNOG00000002303",1
"ENSRNOG00000068432",0
"ENSRNOG00000064295",0
"ENSRNOG00000057925",9
"ENSRNOG00000066495",1
"ENSRNOG00000054510",0
"ENSRNOG00000064126",2
"ENSRNOG00000002930",39
"ENSRNOG00000065662",0
"ENSRNOG00000068389",4
"ENSRNOG00000015118",579
"ENSRNOG00000061574",0
"ENSRNOG00000064162",0
"ENSRNOG00000068674",0
"ENSRNOG00000054243",0
"ENSRNOG00000056054",0
"ENSRNOG00000053534",1
"ENSRNOG00000055332",0
"ENSRNOG00000057905",2
"ENSRNOG00000012681",306
"ENSRNOG00000066008",3
"ENSRNOG00000060816",4
"ENSRNOG00000059404",1
"ENSRNOG00000003019",1323
"ENSRNOG00000056979",0
"ENSRNOG00000053152",0
"ENSRNOG00000019477",29
"ENSRNOG00000069639",0
"ENSRNOG00000054431",1
"ENSRNOG00000002912",750
"ENSRNOG00000052485",0
"ENSRNOG00000070400",0
"ENSRNOG00000071058",0
"ENSRNOG00000062553",0
"ENSRNOG00000059688",0
"ENSRNOG00000069935",0
"ENSRNOG00000003065",1628
"ENSRNOG00000066575",0
"ENSRNOG00000002612",382
"ENSRNOG00000003728",319
"ENSRNOG00000037418",5
"ENSRNOG00000029245",0
"ENSRNOG00000068333",0
"ENSRNOG00000003125",907
"ENSRNOG00000031364",1381
"ENSRNOG00000020937",2431
"ENSRNOG00000005009",32
"ENSRNOG00000049768",377
"ENSRNOG00000022771",943
"ENSRNOG00000037409",1
"ENSRNOG00000020803",14
"ENSRNOG00000004146",518
"ENSRNOG00000055533",2
"ENSRNOG00000065698",0
"ENSRNOG00000024557",61
"ENSRNOG00000021953",0
"ENSRNOG00000004141",1819
"ENSRNOG00000068288",0
"ENSRNOG00000003273",4
"ENSRNOG00000053814",1609
"ENSRNOG00000004608",639
"ENSRNOG00000015210",0
"ENSRNOG00000033653",1
"ENSRNOG00000004766",1717
"ENSRNOG00000063096",0
"ENSRNOG00000068635",0
"ENSRNOG00000002768",0
"ENSRNOG00000021713",222
"ENSRNOG00000067764",0
"ENSRNOG00000015236",0
"ENSRNOG00000003328",1194
"ENSRNOG00000055010",12
"ENSRNOG00000010257",367
"ENSRNOG00000004072",10485
"ENSRNOG00000020970",82
"ENSRNOG00000057040",61
"ENSRNOG00000003773",981
"ENSRNOG00000010363",459
"ENSRNOG00000015873",1
"ENSRNOG00000066620",0
"ENSRNOG00000002407",1996
"ENSRNOG00000020994",2073
"ENSRNOG00000005227",168
"ENSRNOG00000058372",10
"ENSRNOG00000002944",263
"ENSRNOG00000028075",11
"ENSRNOG00000060229",4976
"ENSRNOG00000017912",2
"ENSRNOG00000003495",12067
"ENSRNOG00000012864",929
"ENSRNOG00000004900",0
"ENSRNOG00000003302",1504
"ENSRNOG00000003186",198
"ENSRNOG00000062575",0
"ENSRNOG00000070390",2
"ENSRNOG00000042044",607
"ENSRNOG00000003137",0
"ENSRNOG00000002894",753
"ENSRNOG00000053943",2202
"ENSRNOG00000068106",2
"ENSRNOG00000060528",54
"ENSRNOG00000046057",0
"ENSRNOG00000003224",403
"ENSRNOG00000003233",9
"ENSRNOG00000066893",1140
"ENSRNOG00000016212",1913
"ENSRNOG00000003332",161
"ENSRNOG00000009006",1564
"ENSRNOG00000046143",79
"ENSRNOG00000003348",1516
"ENSRNOG00000003873",2671
"ENSRNOG00000017325",0
"ENSRNOG00000006450",423
"ENSRNOG00000027628",923
"ENSRNOG00000009474",1028
"ENSRNOG00000054423",143
"ENSRNOG00000009224",131
"ENSRNOG00000003234",5
"ENSRNOG00000017352",2590
"ENSRNOG00000009536",396
"ENSRNOG00000003066",53
"ENSRNOG00000009718",319
"ENSRNOG00000002669",2320
"ENSRNOG00000009611",0
"ENSRNOG00000003506",2632
"ENSRNOG00000009857",315
"ENSRNOG00000017417",16149
"ENSRNOG00000003517",460
"ENSRNOG00000060615",960
"ENSRNOG00000009667",273
"ENSRNOG00000066553",0
"ENSRNOG00000003544",12
"ENSRNOG00000028341",891
"ENSRNOG00000007227",355
"ENSRNOG00000017657",902
"ENSRNOG00000022022",46
"ENSRNOG00000010038",699
"ENSRNOG00000002755",2425
"ENSRNOG00000028427",294
"ENSRNOG00000005269",0
"ENSRNOG00000017915",488
"ENSRNOG00000068462",0
"ENSRNOG00000003463",3016
"ENSRNOG00000042524",1
"ENSRNOG00000006990",4
"ENSRNOG00000063840",35
"ENSRNOG00000069823",0
"ENSRNOG00000018114",397
"ENSRNOG00000050057",585
"ENSRNOG00000005104",0
"ENSRNOG00000063987",0
"ENSRNOG00000067870",0
"ENSRNOG00000063600",0
"ENSRNOG00000007655",58
"ENSRNOG00000007200",1
"ENSRNOG00000063645",0
"ENSRNOG00000010557",1028
"ENSRNOG00000069725",0
"ENSRNOG00000039773",1
"ENSRNOG00000007084",2
"ENSRNOG00000062803",0
"ENSRNOG00000007678",236
"ENSRNOG00000003384",51
"ENSRNOG00000010929",0
"ENSRNOG00000026783",79
"ENSRNOG00000006548",3886
"ENSRNOG00000003590",2174
"ENSRNOG00000008134",6
"ENSRNOG00000045565",0
"ENSRNOG00000004566",1
"ENSRNOG00000061543",3727
"ENSRNOG00000006136",728
"ENSRNOG00000006674",39
"ENSRNOG00000023628",302
"ENSRNOG00000049876",6033
"ENSRNOG00000005330",2087
"ENSRNOG00000004668",94
"ENSRNOG00000007054",1138
"ENSRNOG00000018526",1365
"ENSRNOG00000046799",300
"ENSRNOG00000005904",1981
"ENSRNOG00000004980",270
"ENSRNOG00000053437",0
"ENSRNOG00000071015",294
"ENSRNOG00000021303",77
"ENSRNOG00000063807",853
"ENSRNOG00000003566",4
"ENSRNOG00000050675",20
"ENSRNOG00000005193",847
"ENSRNOG00000023344",5453
"ENSRNOG00000013611",1
"ENSRNOG00000022664",1825
"ENSRNOG00000002997",559
"ENSRNOG00000024964",1071
"ENSRNOG00000003719",639
"ENSRNOG00000005418",1258
"ENSRNOG00000005357",1847
"ENSRNOG00000004147",117
"ENSRNOG00000020916",1288
"ENSRNOG00000014672",0
"ENSRNOG00000008700",6
"ENSRNOG00000069630",642
"ENSRNOG00000012390",142
"ENSRNOG00000006873",5
"ENSRNOG00000015157",96
"ENSRNOG00000069998",578
"ENSRNOG00000069737",0
"ENSRNOG00000024661",1243
"ENSRNOG00000010492",633
"ENSRNOG00000020930",694
"ENSRNOG00000064298",0
"ENSRNOG00000046271",3582
"ENSRNOG00000062400",145
"ENSRNOG00000019352",268
"ENSRNOG00000021657",4
"ENSRNOG00000065165",0
"ENSRNOG00000026801",0
"ENSRNOG00000012434",1005
"ENSRNOG00000065890",0
"ENSRNOG00000022964",0
"ENSRNOG00000066422",0
"ENSRNOG00000019357",1286
"ENSRNOG00000004092",23
"ENSRNOG00000004939",3
"ENSRNOG00000003948",1267
"ENSRNOG00000032439",0
"ENSRNOG00000012620",3
"ENSRNOG00000003855",649
"ENSRNOG00000042252",0
"ENSRNOG00000013370",464
"ENSRNOG00000028688",539
"ENSRNOG00000052840",743
"ENSRNOG00000070542",297
"ENSRNOG00000004417",822
"ENSRNOG00000070956",0
"ENSRNOG00000058393",182
"ENSRNOG00000063135",838
"ENSRNOG00000025117",1
"ENSRNOG00000067184",0
"ENSRNOG00000070925",0
"ENSRNOG00000063522",0
"ENSRNOG00000065977",0
"ENSRNOG00000002420",800
"ENSRNOG00000004159",1606
"ENSRNOG00000068367",0
"ENSRNOG00000004399",18
"ENSRNOG00000064369",0
"ENSRNOG00000013429",205
"ENSRNOG00000038328",9
"ENSRNOG00000019606",4
"ENSRNOG00000068012",8
"ENSRNOG00000021987",1
"ENSRNOG00000053680",3178
"ENSRNOG00000067378",0
"ENSRNOG00000005015",507
"ENSRNOG00000024445",884
"ENSRNOG00000062613",0
"ENSRNOG00000059008",284
"ENSRNOG00000004040",17
"ENSRNOG00000060934",6
"ENSRNOG00000003845",0
"ENSRNOG00000028208",159
"ENSRNOG00000000249",92
"ENSRNOG00000002520",11768
"ENSRNOG00000000248",2205
"ENSRNOG00000011207",0
"ENSRNOG00000014641",9
"ENSRNOG00000019659",84
"ENSRNOG00000065770",110
"ENSRNOG00000055314",1439
"ENSRNOG00000033617",0
"ENSRNOG00000064075",0
"ENSRNOG00000024210",1
"ENSRNOG00000015061",1
"ENSRNOG00000002539",0
"ENSRNOG00000021682",3498
"ENSRNOG00000024954",0
"ENSRNOG00000014743",220
"ENSRNOG00000037307",0
"ENSRNOG00000003213",1612
"ENSRNOG00000003226",6011
"ENSRNOG00000002989",3212
"ENSRNOG00000002452",1104
"ENSRNOG00000000247",1439
"ENSRNOG00000015090",565
"ENSRNOG00000020877",0
"ENSRNOG00000002749",3313
"ENSRNOG00000006532",5640
"ENSRNOG00000003846",3675
"ENSRNOG00000003116",566
"ENSRNOG00000058739",338
"ENSRNOG00000007280",2411
"ENSRNOG00000003278",433
"ENSRNOG00000004807",578
"ENSRNOG00000010083",2119
"ENSRNOG00000070139",0
"ENSRNOG00000034013",2060
"ENSRNOG00000002566",0
"ENSRNOG00000004437",32
"ENSRNOG00000002568",33
"ENSRNOG00000013169",348
"ENSRNOG00000066036",346
"ENSRNOG00000006600",571
"ENSRNOG00000007117",27
"ENSRNOG00000059326",234
"ENSRNOG00000008040",174
"ENSRNOG00000016976",1143
"ENSRNOG00000010320",1
"ENSRNOG00000003172",12895
"ENSRNOG00000003262",0
"ENSRNOG00000058939",2
"ENSRNOG00000008256",373
"ENSRNOG00000007268",25
"ENSRNOG00000006126",1452
"ENSRNOG00000008323",179
"ENSRNOG00000042245",1544
"ENSRNOG00000004091",145
"ENSRNOG00000057378",1158
"ENSRNOG00000020441",2300
"ENSRNOG00000007576",118
"ENSRNOG00000007778",0
"ENSRNOG00000065251",0
"ENSRNOG00000003195",46
"ENSRNOG00000068785",0
"ENSRNOG00000008577",139
"ENSRNOG00000070737",1
"ENSRNOG00000067255",0
"ENSRNOG00000036880",0
"ENSRNOG00000002764",108
"ENSRNOG00000042258",27
"ENSRNOG00000011227",91
"ENSRNOG00000006913",147
"ENSRNOG00000004713",0
"ENSRNOG00000059219",25
"ENSRNOG00000004032",778
"ENSRNOG00000037718",5
"ENSRNOG00000003657",75
"ENSRNOG00000004686",716
"ENSRNOG00000014027",618
"ENSRNOG00000003105",5
"ENSRNOG00000069091",219
"ENSRNOG00000007439",19
"ENSRNOG00000006949",3936
"ENSRNOG00000003849",455
"ENSRNOG00000064191",0
"ENSRNOG00000003131",2301
"ENSRNOG00000064933",0
"ENSRNOG00000065343",6
"ENSRNOG00000039761",0
"ENSRNOG00000004310",355
"ENSRNOG00000005185",9
"ENSRNOG00000067475",1238
"ENSRNOG00000003109",0
"ENSRNOG00000049151",0
"ENSRNOG00000003121",152
"ENSRNOG00000014618",0
"ENSRNOG00000010214",85
"ENSRNOG00000028116",3
"ENSRNOG00000020902",1351
"ENSRNOG00000006989",1693
"ENSRNOG00000021872",98
"ENSRNOG00000028255",457
"ENSRNOG00000007889",0
"ENSRNOG00000028417",0
"ENSRNOG00000005769",358
"ENSRNOG00000025792",802
"ENSRNOG00000061424",1207
"ENSRNOG00000003455",1
"ENSRNOG00000007454",6
"ENSRNOG00000042086",47
"ENSRNOG00000004107",1310
"ENSRNOG00000006131",328
"ENSRNOG00000011357",35
"ENSRNOG00000002294",292
"ENSRNOG00000008921",378
"ENSRNOG00000067865",297
"ENSRNOG00000007823",31
"ENSRNOG00000009343",1
"ENSRNOG00000003546",1136
"ENSRNOG00000014882",38
"ENSRNOG00000008010",15
"ENSRNOG00000010673",462
"ENSRNOG00000050323",1704
"ENSRNOG00000025448",344
"ENSRNOG00000008830",2561
"ENSRNOG00000003457",2
"ENSRNOG00000008755",3481
"ENSRNOG00000008703",2553
"ENSRNOG00000009819",2602
"ENSRNOG00000046890",0
"ENSRNOG00000046639",103
"ENSRNOG00000005290",12234
"ENSRNOG00000060307",74
"ENSRNOG00000004171",21
"ENSRNOG00000020905",1506
"ENSRNOG00000042251",0
"ENSRNOG00000002812",0
"ENSRNOG00000002659",15
"ENSRNOG00000007585",15
"ENSRNOG00000010626",180
"ENSRNOG00000046121",0
"ENSRNOG00000003497",238
"ENSRNOG00000009225",1481
"ENSRNOG00000008422",0
"ENSRNOG00000007611",22
"ENSRNOG00000008843",1466
"ENSRNOG00000060054",1
"ENSRNOG00000028946",479
"ENSRNOG00000011007",651
"ENSRNOG00000007387",653
"ENSRNOG00000052113",945
"ENSRNOG00000025545",346
"ENSRNOG00000007523",5
"ENSRNOG00000066106",649
"ENSRNOG00000061429",0
"ENSRNOG00000029415",222
"ENSRNOG00000011714",167
"ENSRNOG00000042915",314
"ENSRNOG00000003542",5104
"ENSRNOG00000033942",0
"ENSRNOG00000065020",129
"ENSRNOG00000030291",108
"ENSRNOG00000004155",14
"ENSRNOG00000030541",2
"ENSRNOG00000003654",5
"ENSRNOG00000042825",0
"ENSRNOG00000022210",0
"ENSRNOG00000014127",30
"ENSRNOG00000020908",43
"ENSRNOG00000037371",217
"ENSRNOG00000003563",654
"ENSRNOG00000057404",12
"ENSRNOG00000002664",1253
"ENSRNOG00000014179",5521
"ENSRNOG00000004172",1359
"ENSRNOG00000048449",394
"ENSRNOG00000066902",613
"ENSRNOG00000065545",1
"ENSRNOG00000014568",1367
"ENSRNOG00000011876",527
"ENSRNOG00000002571",0
"ENSRNOG00000020275",10
"ENSRNOG00000003784",73
"ENSRNOG00000029012",0
"ENSRNOG00000027711",1266
"ENSRNOG00000003673",275
"ENSRNOG00000014953",6
"ENSRNOG00000020277",218
"ENSRNOG00000038055",2
"ENSRNOG00000007391",4
"ENSRNOG00000002545",1332
"ENSRNOG00000066611",0
"ENSRNOG00000059618",25
"ENSRNOG00000003947",7
"ENSRNOG00000052730",1669
"ENSRNOG00000050649",379
"ENSRNOG00000055413",0
"ENSRNOG00000010771",3843
"ENSRNOG00000069891",0
"ENSRNOG00000012162",1926
"ENSRNOG00000025287",0
"ENSRNOG00000020336",653
"ENSRNOG00000021782",0
"ENSRNOG00000003401",10799
"ENSRNOG00000004378",0
"ENSRNOG00000036888",0
"ENSRNOG00000003294",1
"ENSRNOG00000058663",597
"ENSRNOG00000027057",270
"ENSRNOG00000069756",79
"ENSRNOG00000015674",5
"ENSRNOG00000020487",0
"ENSRNOG00000024181",0
"ENSRNOG00000003215",250
"ENSRNOG00000013030",511
"ENSRNOG00000017606",1
"ENSRNOG00000005336",1
"ENSRNOG00000003218",5
"ENSRNOG00000069314",1
"ENSRNOG00000069734",4
"ENSRNOG00000020513",674
"ENSRNOG00000027194",486
"ENSRNOG00000029597",81
"ENSRNOG00000069739",4
"ENSRNOG00000058058",0
"ENSRNOG00000025496",2614
"ENSRNOG00000065691",0
"ENSRNOG00000066734",0
"ENSRNOG00000011375",1682
"ENSRNOG00000002358",4972
"ENSRNOG00000012155",6
"ENSRNOG00000002342",1252
"ENSRNOG00000028121",0
"ENSRNOG00000046276",1
"ENSRNOG00000063725",0
"ENSRNOG00000066047",27
"ENSRNOG00000006248",386
"ENSRNOG00000002980",386
"ENSRNOG00000003797",358
"ENSRNOG00000007491",5
"ENSRNOG00000058561",16937
"ENSRNOG00000037563",20
"ENSRNOG00000012213",158
"ENSRNOG00000002714",156
"ENSRNOG00000003918",404
"ENSRNOG00000006122",40
"ENSRNOG00000008637",502
"ENSRNOG00000039405",0
"ENSRNOG00000063289",7
"ENSRNOG00000024730",81
"ENSRNOG00000025522",0
"ENSRNOG00000003259",127
"ENSRNOG00000002991",431
"ENSRNOG00000004814",683
"ENSRNOG00000048113",57
"ENSRNOG00000002341",491
"ENSRNOG00000028926",0
"ENSRNOG00000029279",0
"ENSRNOG00000063043",301
"ENSRNOG00000008270",60
"ENSRNOG00000042255",0
"ENSRNOG00000032300",0
"ENSRNOG00000033690",0
"ENSRNOG00000010870",9
"ENSRNOG00000011541",10
"ENSRNOG00000003287",416
"ENSRNOG00000002373",848
"ENSRNOG00000018242",63
"ENSRNOG00000012134",356
"ENSRNOG00000029223",0
"ENSRNOG00000062933",0
"ENSRNOG00000002610",1714
"ENSRNOG00000047969",0
"ENSRNOG00000003041",222
"ENSRNOG00000037627",887
"ENSRNOG00000013659",726
"ENSRNOG00000011475",3
"ENSRNOG00000018611",0
"ENSRNOG00000004333",351
"ENSRNOG00000049862",814
"ENSRNOG00000067355",0
"ENSRNOG00000003104",829
"ENSRNOG00000004461",7
"ENSRNOG00000011917",0
"ENSRNOG00000016545",760
"ENSRNOG00000006970",92
"ENSRNOG00000008480",2
"ENSRNOG00000046001",0
"ENSRNOG00000028456",3
"ENSRNOG00000002899",558
"ENSRNOG00000016494",390
"ENSRNOG00000007433",4
"ENSRNOG00000004122",0
"ENSRNOG00000019510",0
"ENSRNOG00000007957",55
"ENSRNOG00000068966",0
"ENSRNOG00000003807",0
"ENSRNOG00000016774",177
"ENSRNOG00000025254",22
"ENSRNOG00000006895",604
"ENSRNOG00000006542",9596
"ENSRNOG00000057058",8
"ENSRNOG00000002615",583
"ENSRNOG00000027914",1043
"ENSRNOG00000065011",5
"ENSRNOG00000024972",295
"ENSRNOG00000024635",889
"ENSRNOG00000009427",0
"ENSRNOG00000007483",132
"ENSRNOG00000012083",58
"ENSRNOG00000027087",141
"ENSRNOG00000002364",0
"ENSRNOG00000048231",1
"ENSRNOG00000042736",0
"ENSRNOG00000006661",97
"ENSRNOG00000030628",6548
"ENSRNOG00000015300",459
"ENSRNOG00000036838",0
"ENSRNOG00000048771",0
"ENSRNOG00000049215",96
"ENSRNOG00000015578",20
"ENSRNOG00000057619",33
"ENSRNOG00000067188",0
"ENSRNOG00000002636",3
"ENSRNOG00000055309",889
"ENSRNOG00000052204",617
"ENSRNOG00000050974",0
"ENSRNOG00000070593",0
"ENSRNOG00000027498",68
"ENSRNOG00000029570",571
"ENSRNOG00000018550",407
"ENSRNOG00000023881",0
"ENSRNOG00000036819",4
"ENSRNOG00000024867",235
"ENSRNOG00000020749",373
"ENSRNOG00000021540",34
"ENSRNOG00000002436",1907
"ENSRNOG00000039698",1
"ENSRNOG00000019208",100
"ENSRNOG00000005377",579
"ENSRNOG00000020771",1660
"ENSRNOG00000015479",517
"ENSRNOG00000005133",7
"ENSRNOG00000058497",45
"ENSRNOG00000045791",1120
"ENSRNOG00000049929",151
"ENSRNOG00000071032",66
"ENSRNOG00000064673",0
"ENSRNOG00000012866",66
"ENSRNOG00000015749",0
"ENSRNOG00000007573",0
"ENSRNOG00000021962",3400
"ENSRNOG00000013746",918
"ENSRNOG00000007436",73
"ENSRNOG00000036695",648
"ENSRNOG00000028436",8
"ENSRNOG00000053055",0
"ENSRNOG00000005360",233
"ENSRNOG00000002828",2138
"ENSRNOG00000067471",179
"ENSRNOG00000002917",0
"ENSRNOG00000065925",0
"ENSRNOG00000011459",477
"ENSRNOG00000003203",365
"ENSRNOG00000002434",0
"ENSRNOG00000039656",3
"ENSRNOG00000052124",0
"ENSRNOG00000024446",1
"ENSRNOG00000066110",18
"ENSRNOG00000005606",1829
"ENSRNOG00000014171",48
"ENSRNOG00000030224",8
"ENSRNOG00000047367",86
"ENSRNOG00000033613",45
"ENSRNOG00000024523",14
"ENSRNOG00000005099",291
"ENSRNOG00000009722",1478
"ENSRNOG00000063632",115
"ENSRNOG00000033152",14172
"ENSRNOG00000005165",1076
"ENSRNOG00000057186",449
"ENSRNOG00000064880",732
"ENSRNOG00000036726",0
"ENSRNOG00000032442",218
"ENSRNOG00000033568",920
"ENSRNOG00000036669",0
"ENSRNOG00000045670",551
"ENSRNOG00000069138",0
"ENSRNOG00000060561",136
"ENSRNOG00000005275",342
"ENSRNOG00000036681",1
"ENSRNOG00000008642",184
"ENSRNOG00000068337",88
"ENSRNOG00000003386",0
"ENSRNOG00000006460",130
"ENSRNOG00000059793",1
"ENSRNOG00000066995",0
"ENSRNOG00000062359",0
"ENSRNOG00000042335",0
"ENSRNOG00000070342",2
"ENSRNOG00000069522",21
"ENSRNOG00000064558",28
"ENSRNOG00000066900",4
"ENSRNOG00000002304",0
"ENSRNOG00000057127",0
"ENSRNOG00000069870",0
"ENSRNOG00000003741",63
"ENSRNOG00000008689",267
"ENSRNOG00000038735",544
"ENSRNOG00000036665",311
"ENSRNOG00000021424",0
"ENSRNOG00000006285",461
"ENSRNOG00000003981",252
"ENSRNOG00000002671",1710
"ENSRNOG00000069962",0
"ENSRNOG00000033266",0
"ENSRNOG00000050819",68
"ENSRNOG00000066160",0
"ENSRNOG00000051945",8
"ENSRNOG00000003998",294
"ENSRNOG00000068461",4
"ENSRNOG00000065992",2472
"ENSRNOG00000042352",16
"ENSRNOG00000069592",37
"ENSRNOG00000033101",621
"ENSRNOG00000002693",521
"ENSRNOG00000069121",18
"ENSRNOG00000006306",0
"ENSRNOG00000007235",11
"ENSRNOG00000064520",0
"ENSRNOG00000070316",14
"ENSRNOG00000030726",0
"ENSRNOG00000005580",50
"ENSRNOG00000054605",386
"ENSRNOG00000053285",295
"ENSRNOG00000000246",1009
"ENSRNOG00000068789",0
"ENSRNOG00000052934",730
"ENSRNOG00000022983",9
"ENSRNOG00000063787",6
"ENSRNOG00000003123",622
"ENSRNOG00000071138",39
"ENSRNOG00000064047",2
"ENSRNOG00000071112",32
"ENSRNOG00000002915",166
"ENSRNOG00000070671",0
"ENSRNOG00000010665",2
"ENSRNOG00000015419",8
"ENSRNOG00000069887",0
"ENSRNOG00000024455",604
"ENSRNOG00000070404",15
"ENSRNOG00000069160",491
"ENSRNOG00000062812",0
"ENSRNOG00000000245",34
"ENSRNOG00000063680",47
"ENSRNOG00000015430",377
"ENSRNOG00000069213",0
"ENSRNOG00000017858",169
"ENSRNOG00000059401",16
"ENSRNOG00000062837",0
"ENSRNOG00000003835",226
"ENSRNOG00000067362",310
"ENSRNOG00000027271",19149
"ENSRNOG00000069533",338
"ENSRNOG00000002763",1163
"ENSRNOG00000067823",648
"ENSRNOG00000064496",4
"ENSRNOG00000051284",0
"ENSRNOG00000053047",636
"ENSRNOG00000065197",0
"ENSRNOG00000067377",0
"ENSRNOG00000071187",0
"ENSRNOG00000037540",115
"ENSRNOG00000067573",2
"ENSRNOG00000019814",0
"ENSRNOG00000003931",195
"ENSRNOG00000063207",181
"ENSRNOG00000017893",3
"ENSRNOG00000070401",0
"ENSRNOG00000067449",36
"ENSRNOG00000070446",1
"ENSRNOG00000048838",224
"ENSRNOG00000003397",374
"ENSRNOG00000065692",0
"ENSRNOG00000067529",1
"ENSRNOG00000067659",24
"ENSRNOG00000064407",0
"ENSRNOG00000065499",3
"ENSRNOG00000006359",439
"ENSRNOG00000067700",552
"ENSRNOG00000067327",0
"ENSRNOG00000008798",10
"ENSRNOG00000002599",1
"ENSRNOG00000028404",26
"ENSRNOG00000021041",141
"ENSRNOG00000070674",1
"ENSRNOG00000052688",13
"ENSRNOG00000062556",0
"ENSRNOG00000065985",1
"ENSRNOG00000018792",0
"ENSRNOG00000066916",0
"ENSRNOG00000065762",0
"ENSRNOG00000003827",2934
"ENSRNOG00000002949",587
"ENSRNOG00000002748",215
"ENSRNOG00000007367",207
"ENSRNOG00000068375",0
"ENSRNOG00000007053",253
"ENSRNOG00000070067",0
"ENSRNOG00000002616",0
"ENSRNOG00000010337",0
"ENSRNOG00000002635",0
"ENSRNOG00000010676",1746
"ENSRNOG00000064022",11
"ENSRNOG00000069490",13
"ENSRNOG00000066579",1769
"ENSRNOG00000028161",586
"ENSRNOG00000066275",297
"ENSRNOG00000021031",14242
"ENSRNOG00000068899",17
"ENSRNOG00000054891",793
"ENSRNOG00000067983",0
"ENSRNOG00000045888",0
"ENSRNOG00000065805",0
"ENSRNOG00000009823",829
"ENSRNOG00000039350",0
"ENSRNOG00000027924",0
"ENSRNOG00000066738",0
"ENSRNOG00000010839",2
"ENSRNOG00000009870",17
"ENSRNOG00000067002",0
"ENSRNOG00000070572",0
"ENSRNOG00000002724",661
"ENSRNOG00000003280",20
"ENSRNOG00000052620",55414
"ENSRNOG00000067886",5
"ENSRNOG00000068212",0
"ENSRNOG00000019174",22
"ENSRNOG00000003028",5
"ENSRNOG00000056582",0
"ENSRNOG00000009902",14
"ENSRNOG00000002388",336
"ENSRNOG00000062101",7
"ENSRNOG00000002652",36
"ENSRNOG00000023639",195
"ENSRNOG00000063443",0
"ENSRNOG00000037204",113
"ENSRNOG00000024578",166
"ENSRNOG00000002718",1
"ENSRNOG00000014711",0
"ENSRNOG00000068639",12
"ENSRNOG00000014135",0
"ENSRNOG00000004604",1280
"ENSRNOG00000068436",1
"ENSRNOG00000070927",0
"ENSRNOG00000070910",0
"ENSRNOG00000003232",908
"ENSRNOG00000005081",595
"ENSRNOG00000053789",1
"ENSRNOG00000070177",0
"ENSRNOG00000070117",0
"ENSRNOG00000003424",337
"ENSRNOG00000006255",7
"ENSRNOG00000009979",1
"ENSRNOG00000007467",0
"ENSRNOG00000068523",18
"ENSRNOG00000063337",4
"ENSRNOG00000003264",287
"ENSRNOG00000065581",33
"ENSRNOG00000043102",1040
"ENSRNOG00000066219",2
"ENSRNOG00000018701",0
"ENSRNOG00000002963",0
"ENSRNOG00000063730",0
"ENSRNOG00000061484",828
"ENSRNOG00000065826",0
"ENSRNOG00000064660",12
"ENSRNOG00000009252",1370
"ENSRNOG00000002886",6075
"ENSRNOG00000066323",28
"ENSRNOG00000025669",283
"ENSRNOG00000045615",10
"ENSRNOG00000067479",0
"ENSRNOG00000064200",1711
"ENSRNOG00000007243",0
"ENSRNOG00000008078",0
"ENSRNOG00000008525",0
"ENSRNOG00000052564",21
"ENSRNOG00000070190",0
"ENSRNOG00000067610",0
"ENSRNOG00000009069",1590
"ENSRNOG00000070896",0
"ENSRNOG00000065424",409
"ENSRNOG00000068140",1768
"ENSRNOG00000003603",769
"ENSRNOG00000007606",22
"ENSRNOG00000062540",38
"ENSRNOG00000002722",2294
"ENSRNOG00000011628",0
"ENSRNOG00000042980",1852
"ENSRNOG00000025815",1609
"ENSRNOG00000022239",0
"ENSRNOG00000009370",10
"ENSRNOG00000033893",0
"ENSRNOG00000037275",34
"ENSRNOG00000003464",1544
"ENSRNOG00000009350",0
"ENSRNOG00000046216",0
"ENSRNOG00000002462",239
"ENSRNOG00000003207",1
"ENSRNOG00000067169",0
"ENSRNOG00000023095",3168
"ENSRNOG00000007722",403
"ENSRNOG00000018834",0
"ENSRNOG00000002607",2462
"ENSRNOG00000002823",2275
"ENSRNOG00000007496",1086
"ENSRNOG00000063511",7
"ENSRNOG00000020029",53
"ENSRNOG00000003821",1225
"ENSRNOG00000003266",0
"ENSRNOG00000007788",172
"ENSRNOG00000060550",601
"ENSRNOG00000058976",0
"ENSRNOG00000009567",974
"ENSRNOG00000007971",3433
"ENSRNOG00000003275",0
"ENSRNOG00000055236",0
"ENSRNOG00000039339",22
"ENSRNOG00000030537",250
"ENSRNOG00000037238",49
"ENSRNOG00000056793",1
"ENSRNOG00000003288",0
"ENSRNOG00000020874",0
"ENSRNOG00000033169",1908
"ENSRNOG00000003626",2164
"ENSRNOG00000065740",1
"ENSRNOG00000008215",599
"ENSRNOG00000009275",3883
"ENSRNOG00000019445",60
"ENSRNOG00000023764",627
"ENSRNOG00000008178",861
"ENSRNOG00000052940",0
"ENSRNOG00000002511",13
"ENSRNOG00000058068",13
"ENSRNOG00000027350",1
"ENSRNOG00000011155",2761
"ENSRNOG00000018841",6
"ENSRNOG00000011182",0
"ENSRNOG00000020212",0
"ENSRNOG00000003967",2318
"ENSRNOG00000014623",2554
"ENSRNOG00000003990",1558
"ENSRNOG00000036673",20
"ENSRNOG00000000230",774
"ENSRNOG00000006860",0
"ENSRNOG00000069007",2
"ENSRNOG00000004063",3174
"ENSRNOG00000009643",979
"ENSRNOG00000014285",370
"ENSRNOG00000036682",647
"ENSRNOG00000018466",0
"ENSRNOG00000043293",0
"ENSRNOG00000024145",236
"ENSRNOG00000045683",1773
"ENSRNOG00000003284",1
"ENSRNOG00000059563",0
"ENSRNOG00000020239",178
"ENSRNOG00000011366",1909
"ENSRNOG00000047907",643
"ENSRNOG00000033143",35154
"ENSRNOG00000021380",1
"ENSRNOG00000046330",34
"ENSRNOG00000049695",20
"ENSRNOG00000028521",1563
"ENSRNOG00000066310",15
"ENSRNOG00000004288",143
"ENSRNOG00000027606",21
"ENSRNOG00000000251",4
"ENSRNOG00000010540",839
"ENSRNOG00000032492",3554
"ENSRNOG00000069361",5
"ENSRNOG00000067554",950
"ENSRNOG00000014496",83
"ENSRNOG00000004602",1779
"ENSRNOG00000069024",463
"ENSRNOG00000003367",46
"ENSRNOG00000032780",392
"ENSRNOG00000003668",0
"ENSRNOG00000020626",229
"ENSRNOG00000062912",0
"ENSRNOG00000036698",2587
"ENSRNOG00000002810",5
"ENSRNOG00000020753",339
"ENSRNOG00000022071",6
"ENSRNOG00000014742",433
"ENSRNOG00000021615",241
"ENSRNOG00000027196",0
"ENSRNOG00000031213",461
"ENSRNOG00000003244",15
"ENSRNOG00000003669",437
"ENSRNOG00000009473",232
"ENSRNOG00000004139",1140
"ENSRNOG00000021578",53
"ENSRNOG00000048389",217
"ENSRNOG00000004291",17807
"ENSRNOG00000061270",1775
"ENSRNOG00000003268",1978
"ENSRNOG00000020067",198
"ENSRNOG00000002793",3
"ENSRNOG00000010635",2534
"ENSRNOG00000003239",609
"ENSRNOG00000003343",11172
"ENSRNOG00000005659",417
"ENSRNOG00000020488",308
"ENSRNOG00000046076",0
"ENSRNOG00000020630",2
"ENSRNOG00000022244",0
"ENSRNOG00000065974",227
"ENSRNOG00000003068",125
"ENSRNOG00000003217",3297
"ENSRNOG00000023428",6
"ENSRNOG00000002795",962
"ENSRNOG00000036680",0
"ENSRNOG00000009681",1255
"ENSRNOG00000003785",5
"ENSRNOG00000003147",6883
"ENSRNOG00000020140",1501
"ENSRNOG00000003905",1034
"ENSRNOG00000029886",0
"ENSRNOG00000004598",74
"ENSRNOG00000068010",0
"ENSRNOG00000036894",713
"ENSRNOG00000002851",722
"ENSRNOG00000067144",0
"ENSRNOG00000049062",369
"ENSRNOG00000067173",6
"ENSRNOG00000029205",196
"ENSRNOG00000020747",0
"ENSRNOG00000019930",226
"ENSRNOG00000030517",29
"ENSRNOG00000070249",2
"ENSRNOG00000002903",2377
"ENSRNOG00000002644",318
"ENSRNOG00000000233",1
"ENSRNOG00000047321",1
"ENSRNOG00000014070",1
"ENSRNOG00000004834",119
"ENSRNOG00000028114",0
"ENSRNOG00000022615",262
"ENSRNOG00000024780",138
"ENSRNOG00000020006",84
"ENSRNOG00000020717",214
"ENSRNOG00000012705",752
"ENSRNOG00000068780",0
"ENSRNOG00000003235",1181
"ENSRNOG00000018693",5
"ENSRNOG00000015002",21
"ENSRNOG00000003033",436
"ENSRNOG00000004137",466
"ENSRNOG00000004225",6
"ENSRNOG00000015692",1150
"ENSRNOG00000003834",755
"ENSRNOG00000020374",1048
"ENSRNOG00000004142",3
"ENSRNOG00000003108",159
"ENSRNOG00000029678",50
"ENSRNOG00000006000",1513
"ENSRNOG00000021287",73
"ENSRNOG00000003144",814
"ENSRNOG00000042720",642
"ENSRNOG00000049758",218
"ENSRNOG00000015975",254
"ENSRNOG00000004217",774
"ENSRNOG00000003671",0
"ENSRNOG00000056954",1871
"ENSRNOG00000060193",0
"ENSRNOG00000049988",497
"ENSRNOG00000054498",2
"ENSRNOG00000002922",21
"ENSRNOG00000030750",59
"ENSRNOG00000020541",459
"ENSRNOG00000025143",7
"ENSRNOG00000043381",114
"ENSRNOG00000028430",0
"ENSRNOG00000002970",96
"ENSRNOG00000015669",162
"ENSRNOG00000029930",0
"ENSRNOG00000068382",0
"ENSRNOG00000030344",0
"ENSRNOG00000043507",0
"ENSRNOG00000020571",185
"ENSRNOG00000024711",1190
"ENSRNOG00000015057",0
"ENSRNOG00000002977",265
"ENSRNOG00000020536",0
"ENSRNOG00000042445",3
"ENSRNOG00000019268",489
"ENSRNOG00000005365",21
"ENSRNOG00000003050",1955
"ENSRNOG00000032768",361
"ENSRNOG00000020644",12
"ENSRNOG00000012818",806
"ENSRNOG00000011907",0
"ENSRNOG00000019551",147
"ENSRNOG00000028699",139
"ENSRNOG00000028812",6
"ENSRNOG00000027852",0
"ENSRNOG00000031422",1
"ENSRNOG00000005107",212
"ENSRNOG00000064091",0
"ENSRNOG00000003491",1194
"ENSRNOG00000002486",0
"ENSRNOG00000034087",0
"ENSRNOG00000028834",7992
"ENSRNOG00000009896",493
"ENSRNOG00000052096",127
"ENSRNOG00000063155",0
"ENSRNOG00000049642",4
"ENSRNOG00000003661",6851
"ENSRNOG00000013896",0
"ENSRNOG00000007988",445
"ENSRNOG00000026508",4
"ENSRNOG00000069386",0
"ENSRNOG00000020594",1073
"ENSRNOG00000065101",0
"ENSRNOG00000014519",39
"ENSRNOG00000005482",598
"ENSRNOG00000031525",307
"ENSRNOG00000012657",0
"ENSRNOG00000002474",113
"ENSRNOG00000023476",2
"ENSRNOG00000068861",0
"ENSRNOG00000068424",0
"ENSRNOG00000014689",1093
"ENSRNOG00000005465",70
"ENSRNOG00000042691",494
"ENSRNOG00000066540",0
"ENSRNOG00000065244",0
"ENSRNOG00000012973",0
"ENSRNOG00000045669",3
"ENSRNOG00000003650",371
"ENSRNOG00000065399",0
"ENSRNOG00000005042",174
"ENSRNOG00000065268",0
"ENSRNOG00000014698",57
"ENSRNOG00000036688",8759
"ENSRNOG00000068465",0
"ENSRNOG00000032152",1209
"ENSRNOG00000026803",0
"ENSRNOG00000004049",1397
"ENSRNOG00000004510",2235
"ENSRNOG00000008065",139
"ENSRNOG00000067675",0
"ENSRNOG00000066975",0
"ENSRNOG00000056837",2513
"ENSRNOG00000055246",6777
"ENSRNOG00000009351",906
"ENSRNOG00000032417",54
"ENSRNOG00000067840",0
"ENSRNOG00000003536",388
"ENSRNOG00000066770",4
"ENSRNOG00000068575",0
"ENSRNOG00000004392",10
"ENSRNOG00000019604",380
"ENSRNOG00000063756",0
"ENSRNOG00000063867",0
"ENSRNOG00000061733",233
"ENSRNOG00000067153",0
"ENSRNOG00000002818",1331
"ENSRNOG00000036660",396
"ENSRNOG00000067043",0
"ENSRNOG00000003508",2219
"ENSRNOG00000045889",0
"ENSRNOG00000036678",402
"ENSRNOG00000062768",0
"ENSRNOG00000006557",19
"ENSRNOG00000071118",0
"ENSRNOG00000002918",0
"ENSRNOG00000070201",837
"ENSRNOG00000063936",114
"ENSRNOG00000050547",1500
"ENSRNOG00000002905",0
"ENSRNOG00000019522",198
"ENSRNOG00000005620",9
"ENSRNOG00000000237",306
"ENSRNOG00000013728",123
"ENSRNOG00000003070",272
"ENSRNOG00000003330",739
"ENSRNOG00000036687",207
"ENSRNOG00000019612",59
"ENSRNOG00000019074",0
"ENSRNOG00000047314",355
"ENSRNOG00000007943",1
"ENSRNOG00000057490",0
"ENSRNOG00000009716",604
"ENSRNOG00000036686",849
"ENSRNOG00000059827",2
"ENSRNOG00000000250",259
"ENSRNOG00000009566",1468
"ENSRNOG00000065571",0
"ENSRNOG00000052115",2
"ENSRNOG00000068310",1
"ENSRNOG00000022331",2
"ENSRNOG00000002331",49
"ENSRNOG00000000239",680
"ENSRNOG00000057120",0
"ENSRNOG00000033559",2
"ENSRNOG00000066039",0
"ENSRNOG00000050205",163
"ENSRNOG00000055390",3
"ENSRNOG00000066549",214
"ENSRNOG00000007335",22
"ENSRNOG00000028103",2047
"ENSRNOG00000057077",0
"ENSRNOG00000019308",42
"ENSRNOG00000003005",0
"ENSRNOG00000070608",0
"ENSRNOG00000019684",92
"ENSRNOG00000004214",742
"ENSRNOG00000027871",165
"ENSRNOG00000057538",0
"ENSRNOG00000062399",0
"ENSRNOG00000063001",0
"ENSRNOG00000066417",0
"ENSRNOG00000007931",1
"ENSRNOG00000069492",353
"ENSRNOG00000053353",4
"ENSRNOG00000011196",0
"ENSRNOG00000019692",134
"ENSRNOG00000066319",0
"ENSRNOG00000067236",0
"ENSRNOG00000003971",0
"ENSRNOG00000045636",6990
"ENSRNOG00000007869",0
"ENSRNOG00000069081",2
"ENSRNOG00000027849",285
"ENSRNOG00000029768",0
"ENSRNOG00000062670",0
"ENSRNOG00000030680",7628
"ENSRNOG00000066058",0
"ENSRNOG00000060666",0
"ENSRNOG00000022248",76
"ENSRNOG00000067059",0
"ENSRNOG00000006549",0
"ENSRNOG00000012929",1630
"ENSRNOG00000069600",1
"ENSRNOG00000055125",0
"ENSRNOG00000058960",0
"ENSRNOG00000003992",0
"ENSRNOG00000060944",0
"ENSRNOG00000065856",3
"ENSRNOG00000011846",0
"ENSRNOG00000006148",4956
"ENSRNOG00000036683",183
"ENSRNOG00000069565",0
"ENSRNOG00000021316",3113
"ENSRNOG00000062714",647
"ENSRNOG00000060061",0
"ENSRNOG00000010291",469
"ENSRNOG00000003897",392338
"ENSRNOG00000061486",0
"ENSRNOG00000045926",0
"ENSRNOG00000018247",46
"ENSRNOG00000035503",0
"ENSRNOG00000007255",40
"ENSRNOG00000004956",272
"ENSRNOG00000032825",26427
"ENSRNOG00000063769",0
"ENSRNOG00000043295",663
"ENSRNOG00000051159",1
"ENSRNOG00000035459",0
"ENSRNOG00000063310",1
"ENSRNOG00000036697",1525
"ENSRNOG00000035466",0
"ENSRNOG00000005821",1
"ENSRNOG00000010244",104
"ENSRNOG00000035476",0
"ENSRNOG00000004395",2153
"ENSRNOG00000014209",698
"ENSRNOG00000035633",0
"ENSRNOG00000068707",0
"ENSRNOG00000027787",30
"ENSRNOG00000032902",11322
"ENSRNOG00000036693",686
"ENSRNOG00000068960",0
"ENSRNOG00000056356",0
"ENSRNOG00000064065",0
"ENSRNOG00000005389",1041
"ENSRNOG00000035535",0
"ENSRNOG00000014354",431
"ENSRNOG00000038478",29
"ENSRNOG00000020729",364
"ENSRNOG00000046587",0
"ENSRNOG00000011060",444
"ENSRNOG00000049361",70
"ENSRNOG00000035481",0
"ENSRNOG00000055773",0
"ENSRNOG00000004518",57
"ENSRNOG00000047135",0
"ENSRNOG00000036701",14336
"ENSRNOG00000035658",0
"ENSRNOG00000069128",0
"ENSRNOG00000064064",0
"ENSRNOG00000005024",832
"ENSRNOG00000008711",1015
"ENSRNOG00000035516",3
"ENSRNOG00000042869",1039
"ENSRNOG00000035519",1
"ENSRNOG00000067979",4226
"ENSRNOG00000003243",719
"ENSRNOG00000003304",0
"ENSRNOG00000035480",31
"ENSRNOG00000070990",0
"ENSRNOG00000049542",0
"ENSRNOG00000036700",9
"ENSRNOG00000007301",1
"ENSRNOG00000003633",0
"ENSRNOG00000047814",0
"ENSRNOG00000003476",11
"ENSRNOG00000036672",3
"ENSRNOG00000064663",0
"ENSRNOG00000035537",0
"ENSRNOG00000003683",0
"ENSRNOG00000069468",0
"ENSRNOG00000011452",895
"ENSRNOG00000035539",0
"ENSRNOG00000017473",33
"ENSRNOG00000070746",0
"ENSRNOG00000004741",20572
"ENSRNOG00000043969",0
"ENSRNOG00000000244",111
"ENSRNOG00000069932",23
"ENSRNOG00000024591",11
"ENSRNOG00000065444",0
"ENSRNOG00000001512",0
"ENSRNOG00000049077",0
"ENSRNOG00000020769",779
"ENSRNOG00000050512",0
"ENSRNOG00000065345",2522
"ENSRNOG00000036692",22
"ENSRNOG00000033508",804
"ENSRNOG00000033492",0
"ENSRNOG00000035655",0
"ENSRNOG00000006375",1082
"ENSRNOG00000071127",0
"ENSRNOG00000035586",2
"ENSRNOG00000050657",290
"ENSRNOG00000036258",0
"ENSRNOG00000036699",160
"ENSRNOG00000026714",0
"ENSRNOG00000004805",25
"ENSRNOG00000047763",0
"ENSRNOG00000009972",2146
"ENSRNOG00000002935",2885
"ENSRNOG00000026695",0
"ENSRNOG00000050490",31
"ENSRNOG00000035620",120
"ENSRNOG00000070328",140
"ENSRNOG00000067605",0
"ENSRNOG00000069117",443
"ENSRNOG00000002831",49
"ENSRNOG00000004616",5121
"ENSRNOG00000066919",42
"ENSRNOG00000047296",2188
"ENSRNOG00000008635",172
"ENSRNOG00000046598",23
"ENSRNOG00000027212",0
"ENSRNOG00000006500",165
"ENSRNOG00000003634",204
"ENSRNOG00000065739",778
"ENSRNOG00000023375",2277
"ENSRNOG00000003210",0
"ENSRNOG00000035638",0
"ENSRNOG00000068691",4
"ENSRNOG00000008707",1
"ENSRNOG00000050007",0
"ENSRNOG00000003338",3439
"ENSRNOG00000070061",0
"ENSRNOG00000035510",0
"ENSRNOG00000036661",77
"ENSRNOG00000035647",0
"ENSRNOG00000037712",0
"ENSRNOG00000035465",0
"ENSRNOG00000003269",1454
"ENSRNOG00000020792",336
"ENSRNOG00000046282",12
"ENSRNOG00000064074",9
"ENSRNOG00000036260",0
"ENSRNOG00000026548",1
"ENSRNOG00000047717",0
"ENSRNOG00000061193",0
"ENSRNOG00000002338",97
"ENSRNOG00000016596",4820
"ENSRNOG00000010031",0
"ENSRNOG00000005975",19
"ENSRNOG00000004093",1777
"ENSRNOG00000006519",1004
"ENSRNOG00000064962",0
"ENSRNOG00000064206",0
"ENSRNOG00000006513",131
"ENSRNOG00000068272",0
"ENSRNOG00000007292",26
"ENSRNOG00000002807",5599
"ENSRNOG00000031315",2239
"ENSRNOG00000007159",381
"ENSRNOG00000006868",1513
"ENSRNOG00000002626",0
"ENSRNOG00000004075",0
"ENSRNOG00000006943",97
"ENSRNOG00000067946",0
"ENSRNOG00000019713",490
"ENSRNOG00000027006",591
"ENSRNOG00000066270",0
"ENSRNOG00000005828",3542
"ENSRNOG00000066312",0
"ENSRNOG00000068958",0
"ENSRNOG00000066700",0
"ENSRNOG00000019729",1421
"ENSRNOG00000036668",172
"ENSRNOG00000017781",1281
"ENSRNOG00000065934",0
"ENSRNOG00000003117",659
"ENSRNOG00000019798",598
"ENSRNOG00000005569",75
"ENSRNOG00000019898",0
"ENSRNOG00000062967",0
"ENSRNOG00000036667",127
"ENSRNOG00000005872",349
"ENSRNOG00000070741",0
"ENSRNOG00000019921",5
"ENSRNOG00000010302",28
"ENSRNOG00000024233",0
"ENSRNOG00000048660",184
"ENSRNOG00000005575",0
"ENSRNOG00000068508",0
"ENSRNOG00000008891",496
"ENSRNOG00000064827",0
"ENSRNOG00000015329",319
"ENSRNOG00000051302",0
"ENSRNOG00000022232",0
"ENSRNOG00000036666",669
"ENSRNOG00000070911",0
"ENSRNOG00000037613",1248
"ENSRNOG00000061008",1
"ENSRNOG00000008704",935
"ENSRNOG00000067583",0
"ENSRNOG00000002835",557
"ENSRNOG00000003245",0
"ENSRNOG00000003399",2187
"ENSRNOG00000067961",0
"ENSRNOG00000018095",640
"ENSRNOG00000061979",7
"ENSRNOG00000022582",233
"ENSRNOG00000008405",90
"ENSRNOG00000036658",868
"ENSRNOG00000034180",4060
"ENSRNOG00000006932",1
"ENSRNOG00000025370",7
"ENSRNOG00000068278",0
"ENSRNOG00000003969",5
"ENSRNOG00000050113",4
"ENSRNOG00000029115",8
"ENSRNOG00000005515",83
"ENSRNOG00000070367",0
"ENSRNOG00000019778",368
"ENSRNOG00000068243",232
"ENSRNOG00000016109",349
"ENSRNOG00000023182",226
"ENSRNOG00000030170",115
"ENSRNOG00000017001",272
"ENSRNOG00000030217",0
"ENSRNOG00000004563",3671
"ENSRNOG00000046482",4
"ENSRNOG00000037114",0
"ENSRNOG00000023381",69
"ENSRNOG00000062983",8
"ENSRNOG00000018364",1085
"ENSRNOG00000062464",0
"ENSRNOG00000067083",297
"ENSRNOG00000003800",4
"ENSRNOG00000031560",911
"ENSRNOG00000068230",0
"ENSRNOG00000020837",0
"ENSRNOG00000049724",181
"ENSRNOG00000006796",54
"ENSRNOG00000004820",1487
"ENSRNOG00000029479",0
"ENSRNOG00000027511",104
"ENSRNOG00000021731",30
"ENSRNOG00000069860",0
"ENSRNOG00000016360",555
"ENSRNOG00000007578",184
"ENSRNOG00000020701",182
"ENSRNOG00000042912",73
"ENSRNOG00000023683",0
"ENSRNOG00000009066",659
"ENSRNOG00000034060",0
"ENSRNOG00000007462",6944
"ENSRNOG00000036921",215
"ENSRNOG00000016478",1443
"ENSRNOG00000031579",5493
"ENSRNOG00000012240",3310
"ENSRNOG00000030491",1
"ENSRNOG00000056057",0
"ENSRNOG00000022375",45
"ENSRNOG00000036659",3
"ENSRNOG00000048187",78
"ENSRNOG00000017117",15
"ENSRNOG00000051691",0
"ENSRNOG00000067101",0
"ENSRNOG00000024041",26
"ENSRNOG00000020730",4793
"ENSRNOG00000042473",1
"ENSRNOG00000009329",1466
"ENSRNOG00000045678",0
"ENSRNOG00000006565",0
"ENSRNOG00000049383",0
"ENSRNOG00000004430",87
"ENSRNOG00000060205",0
"ENSRNOG00000012544",1
"ENSRNOG00000017226",93
"ENSRNOG00000054186",1
"ENSRNOG00000012955",0
"ENSRNOG00000063373",628
"ENSRNOG00000052388",0
"ENSRNOG00000004132",4488
"ENSRNOG00000053283",0
"ENSRNOG00000007431",541
"ENSRNOG00000063772",0
"ENSRNOG00000006293",0
"ENSRNOG00000065269",0
"ENSRNOG00000036882",3
"ENSRNOG00000060847",0
"ENSRNOG00000022395",1418
"ENSRNOG00000003777",9
"ENSRNOG00000005392",0
"ENSRNOG00000061130",0
"ENSRNOG00000058172",0
"ENSRNOG00000027341",1
"ENSRNOG00000042847",2
"ENSRNOG00000034110",0
"ENSRNOG00000027139",0
"ENSRNOG00000064993",0
"ENSRNOG00000033065",663
"ENSRNOG00000042701",0
"ENSRNOG00000025959",1
"ENSRNOG00000002425",8
"ENSRNOG00000036662",1438
"ENSRNOG00000021536",60
"ENSRNOG00000014870",17
"ENSRNOG00000032329",0
"ENSRNOG00000036691",969
"ENSRNOG00000066223",30
"ENSRNOG00000003256",9097
"ENSRNOG00000036690",2
"ENSRNOG00000020894",3423
"ENSRNOG00000047026",0
"ENSRNOG00000004976",0
"ENSRNOG00000007624",0
"ENSRNOG00000062373",82
"ENSRNOG00000025338",1026
"ENSRNOG00000007652",0
"ENSRNOG00000007739",984
"ENSRNOG00000003349",0
"ENSRNOG00000066543",21
"ENSRNOG00000019183",1
"ENSRNOG00000007419",5203
"ENSRNOG00000071073",1
"ENSRNOG00000022555",23
"ENSRNOG00000036689",32312
"ENSRNOG00000012121",678
"ENSRNOG00000023551",10
"ENSRNOG00000070553",2
"ENSRNOG00000003714",301
"ENSRNOG00000036798",942
"ENSRNOG00000059894",170
"ENSRNOG00000046493",428
"ENSRNOG00000048125",3
"ENSRNOG00000011887",5471
"ENSRNOG00000053469",231
"ENSRNOG00000068705",0
"ENSRNOG00000014973",67
"ENSRNOG00000049162",14
"ENSRNOG00000011986",1
"ENSRNOG00000004278",0
"ENSRNOG00000052219",4345
"ENSRNOG00000046086",6
"ENSRNOG00000036796",0
"ENSRNOG00000066153",0
"ENSRNOG00000026786",0
"ENSRNOG00000013754",0
"ENSRNOG00000018829",5398
"ENSRNOG00000031805",0
"ENSRNOG00000003241",0
"ENSRNOG00000047656",8620
"ENSRNOG00000011777",111
"ENSRNOG00000047517",55
"ENSRNOG00000047933",178
"ENSRNOG00000020751",112
"ENSRNOG00000003781",0
"ENSRNOG00000010520",403
"ENSRNOG00000048712",208
"ENSRNOG00000049235",443
"ENSRNOG00000027037",11
"ENSRNOG00000021851",0
"ENSRNOG00000006494",68
"ENSRNOG00000007377",190
"ENSRNOG00000007455",0
"ENSRNOG00000036696",2186
"ENSRNOG00000003645",1473
"ENSRNOG00000002948",405
"ENSRNOG00000003865",0
"ENSRNOG00000010756",3715
"ENSRNOG00000003802",168
"ENSRNOG00000063470",863
"ENSRNOG00000053448",4793
"ENSRNOG00000057443",0
"ENSRNOG00000047396",185
"ENSRNOG00000003822",547
"ENSRNOG00000036670",0
"ENSRNOG00000046946",0
"ENSRNOG00000050794",125
"ENSRNOG00000026596",0
"ENSRNOG00000003177",867
"ENSRNOG00000021310",1
"ENSRNOG00000018715",0
"ENSRNOG00000047531",406
"ENSRNOG00000008432",209
"ENSRNOG00000003870",325
"ENSRNOG00000018785",37
"ENSRNOG00000060087",92
"ENSRNOG00000069239",80
"ENSRNOG00000066879",0
"ENSRNOG00000036677",30
"ENSRNOG00000067425",62
"ENSRNOG00000070056",0
"ENSRNOG00000003893",11
"ENSRNOG00000046195",5
"ENSRNOG00000018748",37
"ENSRNOG00000036676",1847
"ENSRNOG00000003902",0
"ENSRNOG00000020238",182
"ENSRNOG00000003569",0
"ENSRNOG00000008144",379
"ENSRNOG00000037097",0
"ENSRNOG00000059956",2
"ENSRNOG00000003512",3
"ENSRNOG00000037100",3
"ENSRNOG00000046202",118
"ENSRNOG00000010970",0
"ENSRNOG00000003980",891
"ENSRNOG00000055466",1924
"ENSRNOG00000013588",2
"ENSRNOG00000021903",131
"ENSRNOG00000062661",28
"ENSRNOG00000020951",0
"ENSRNOG00000003086",355
"ENSRNOG00000003680",0
"ENSRNOG00000036674",0
"ENSRNOG00000006994",0
"ENSRNOG00000036664",657
"ENSRNOG00000004000",96
"ENSRNOG00000004380",0
"ENSRNOG00000004477",1173
"ENSRNOG00000012557",1
"ENSRNOG00000060914",823
"ENSRNOG00000036684",466
"ENSRNOG00000005539",317
"ENSRNOG00000004404",0
"ENSRNOG00000005538",3933
"ENSRNOG00000005450",228
"ENSRNOG00000043422",0
"ENSRNOG00000003899",5
"ENSRNOG00000006098",0
"ENSRNOG00000021345",0
"ENSRNOG00000067141",79
"ENSRNOG00000007515",324
"ENSRNOG00000003276",13768
"ENSRNOG00000064511",3
"ENSRNOG00000028845",353
"ENSRNOG00000029658",2300
"ENSRNOG00000042265",0
"ENSRNOG00000059683",386
"ENSRNOG00000002372",4
"ENSRNOG00000014370",0
"ENSRNOG00000013780",1515
"ENSRNOG00000020770",56
"ENSRNOG00000003524",3522
"ENSRNOG00000067540",0
"ENSRNOG00000003936",410
"ENSRNOG00000026371",0
"ENSRNOG00000070607",0
"ENSRNOG00000012575",11
"ENSRNOG00000038894",0
"ENSRNOG00000062939",0
"ENSRNOG00000048747",232
"ENSRNOG00000031443",0
"ENSRNOG00000027803",0
"ENSRNOG00000019496",697
"ENSRNOG00000006965",5454
"ENSRNOG00000005406",1244
"ENSRNOG00000024420",7
"ENSRNOG00000002470",213
"ENSRNOG00000007218",3
"ENSRNOG00000068579",0
"ENSRNOG00000045961",128
"ENSRNOG00000031138",580
"ENSRNOG00000020772",667
"ENSRNOG00000014107",2
"ENSRNOG00000032396",0
"ENSRNOG00000021425",0
"ENSRNOG00000004276",1584
"ENSRNOG00000014125",4
"ENSRNOG00000065527",0
"ENSRNOG00000003699",130
"ENSRNOG00000022764",176
"ENSRNOG00000051084",0
"ENSRNOG00000070227",0
"ENSRNOG00000066744",0
"ENSRNOG00000002469",73
"ENSRNOG00000067505",0
"ENSRNOG00000065844",41
"ENSRNOG00000019742",9401
"ENSRNOG00000046186",86
"ENSRNOG00000004014",172
"ENSRNOG00000065754",0
"ENSRNOG00000010906",1
"ENSRNOG00000064581",0
"ENSRNOG00000058308",3
"ENSRNOG00000048210",0
"ENSRNOG00000036663",2545
"ENSRNOG00000068423",0
"ENSRNOG00000067203",3
"ENSRNOG00000046377",0
"ENSRNOG00000068274",3578
"ENSRNOG00000069777",0
"ENSRNOG00000069499",0
"ENSRNOG00000000236",4930
"ENSRNOG00000003724",221
"ENSRNOG00000020658",231
"ENSRNOG00000036671",0
"ENSRNOG00000028548",0
"ENSRNOG00000051756",488
"ENSRNOG00000050298",553
"ENSRNOG00000050347",316
"ENSRNOG00000064665",0
"ENSRNOG00000002778",199
"ENSRNOG00000023768",420
"ENSRNOG00000069495",0
"ENSRNOG00000020674",3908
"ENSRNOG00000063667",2
"ENSRNOG00000030021",0
"ENSRNOG00000046698",1602
"ENSRNOG00000068826",1670
"ENSRNOG00000022536",2
"ENSRNOG00000020678",208
"ENSRNOG00000011205",0
"ENSRNOG00000065390",4
"ENSRNOG00000047905",220
"ENSRNOG00000020684",4122
"ENSRNOG00000011406",0
"ENSRNOG00000020698",165
"ENSRNOG00000009709",0
"ENSRNOG00000036814",2382
"ENSRNOG00000065745",179
"ENSRNOG00000070851",15
"ENSRNOG00000037148",2
"ENSRNOG00000021044",1475
"ENSRNOG00000021412",1274
"ENSRNOG00000033765",5194
"ENSRNOG00000014740",0
"ENSRNOG00000063847",438
"ENSRNOG00000014819",12
"ENSRNOG00000037113",965
"ENSRNOG00000003198",0
"ENSRNOG00000015380",5464
"ENSRNOG00000002916",0
"ENSRNOG00000065385",0
"ENSRNOG00000015787",1334
"ENSRNOG00000048053",35
"ENSRNOG00000057092",21
"ENSRNOG00000063541",0
"ENSRNOG00000015941",7813
"ENSRNOG00000030091",496
"ENSRNOG00000018568",3888
"ENSRNOG00000008191",63
"ENSRNOG00000032135",8
"ENSRNOG00000008313",80
"ENSRNOG00000021357",50
"ENSRNOG00000018790",2
"ENSRNOG00000021815",1638
"ENSRNOG00000016475",616
"ENSRNOG00000008365",201
"ENSRNOG00000008506",0
"ENSRNOG00000027901",259
"ENSRNOG00000016749",9
"ENSRNOG00000018892",0
"ENSRNOG00000018906",55
"ENSRNOG00000016921",659
"ENSRNOG00000007596",457
"ENSRNOG00000019075",758
"ENSRNOG00000056248",5863
"ENSRNOG00000029668",0
"ENSRNOG00000002497",0
"ENSRNOG00000066869",0
"ENSRNOG00000003285",19
"ENSRNOG00000027860",387
"ENSRNOG00000016924",2182
"ENSRNOG00000002598",6
"ENSRNOG00000027857",119
"ENSRNOG00000020879",0
"ENSRNOG00000002852",215
"ENSRNOG00000054581",319
"ENSRNOG00000063476",49
"ENSRNOG00000002753",1
"ENSRNOG00000021719",942
"ENSRNOG00000049757",0
"ENSRNOG00000042025",4
"ENSRNOG00000047940",95
"ENSRNOG00000057390",0
"ENSRNOG00000053230",768
"ENSRNOG00000070672",0
"ENSRNOG00000002919",12
"ENSRNOG00000004549",1381
"ENSRNOG00000036794",0
"ENSRNOG00000005447",1265
"ENSRNOG00000042833",309
"ENSRNOG00000066876",156
"ENSRNOG00000030445",593
"ENSRNOG00000003679",3317
"ENSRNOG00000057880",84
"ENSRNOG00000017496",1180
"ENSRNOG00000047546",2
"ENSRNOG00000003501",0
"ENSRNOG00000059997",38
"ENSRNOG00000068963",208
"ENSRNOG00000032381",1054
"ENSRNOG00000008264",7
"ENSRNOG00000019830",31
"ENSRNOG00000008287",149
"ENSRNOG00000058007",998
"ENSRNOG00000019918",328
"ENSRNOG00000003576",573
"ENSRNOG00000027654",1524
"ENSRNOG00000003164",1
"ENSRNOG00000019983",1244
"ENSRNOG00000006198",105
"ENSRNOG00000067470",163
"ENSRNOG00000003151",978
"ENSRNOG00000025981",46
"ENSRNOG00000053309",206
"ENSRNOG00000028569",4
"ENSRNOG00000023698",19
"ENSRNOG00000020022",99
"ENSRNOG00000002542",730
"ENSRNOG00000020056",1284
"ENSRNOG00000020213",425
"ENSRNOG00000030521",0
"ENSRNOG00000022305",886
"ENSRNOG00000007845",1098
"ENSRNOG00000003805",946
"ENSRNOG00000003919",697
"ENSRNOG00000008310",0
"ENSRNOG00000003143",0
"ENSRNOG00000003329",243
"ENSRNOG00000009466",0
"ENSRNOG00000064754",3866
"ENSRNOG00000032482",13
"ENSRNOG00000061035",2
"ENSRNOG00000033655",0
"ENSRNOG00000002564",0
"ENSRNOG00000069050",0
"ENSRNOG00000064553",1076
"ENSRNOG00000028883",149
"ENSRNOG00000067846",0
"ENSRNOG00000070173",0
"ENSRNOG00000049118",0
"ENSRNOG00000065501",0
"ENSRNOG00000068615",0
"ENSRNOG00000069687",0
"ENSRNOG00000047259",0
"ENSRNOG00000014727",186
"ENSRNOG00000065484",0
"ENSRNOG00000017586",1133
"ENSRNOG00000064619",412
"ENSRNOG00000029706",6
"ENSRNOG00000015303",0
"ENSRNOG00000071157",0
"ENSRNOG00000051163",0
"ENSRNOG00000063521",0
"ENSRNOG00000064611",11
"ENSRNOG00000069394",78
"ENSRNOG00000031313",1527
"ENSRNOG00000058024",0
"ENSRNOG00000003635",892
"ENSRNOG00000003515",2271
"ENSRNOG00000050163",28
"ENSRNOG00000003601",0
"ENSRNOG00000003468",0
"ENSRNOG00000008492",284
"ENSRNOG00000008425",4349
"ENSRNOG00000003629",611
"ENSRNOG00000064146",0
"ENSRNOG00000026400",1
"ENSRNOG00000003480",0
"ENSRNOG00000039568",0
"ENSRNOG00000060544",3198
"ENSRNOG00000003625",3183
"ENSRNOG00000056400",0
"ENSRNOG00000008937",3443
"ENSRNOG00000000053",0
"ENSRNOG00000028624",171
"ENSRNOG00000005807",51
"ENSRNOG00000003717",1295
"ENSRNOG00000003884",1
"ENSRNOG00000005988",2728
"ENSRNOG00000064255",0
"ENSRNOG00000003723",5111
"ENSRNOG00000051548",725
"ENSRNOG00000007369",3252
"ENSRNOG00000021586",2
"ENSRNOG00000003453",6
"ENSRNOG00000070301",0
"ENSRNOG00000070079",3
"ENSRNOG00000009144",0
"ENSRNOG00000025069",0
"ENSRNOG00000032490",0
"ENSRNOG00000006330",0
"ENSRNOG00000002414",22
"ENSRNOG00000069109",0
"ENSRNOG00000002595",0
"ENSRNOG00000009086",0
"ENSRNOG00000023209",1930
"ENSRNOG00000002319",1287
"ENSRNOG00000033734",69
"ENSRNOG00000062700",0
"ENSRNOG00000025701",989
"ENSRNOG00000002841",7023
"ENSRNOG00000008054",16
"ENSRNOG00000006720",1576
"ENSRNOG00000007261",328
"ENSRNOG00000004678",0
"ENSRNOG00000059073",0
"ENSRNOG00000007040",697
"ENSRNOG00000003681",2
"ENSRNOG00000006237",1
"ENSRNOG00000022884",0
"ENSRNOG00000009068",1724
"ENSRNOG00000004099",7174
"ENSRNOG00000063881",0
"ENSRNOG00000042451",328
"ENSRNOG00000038286",0
"ENSRNOG00000003952",68
"ENSRNOG00000000055",0
"ENSRNOG00000002309",191
"ENSRNOG00000003403",1407
"ENSRNOG00000003223",7127
"ENSRNOG00000002376",2599
"ENSRNOG00000010204",899
"ENSRNOG00000061764",0
"ENSRNOG00000003743",1503
"ENSRNOG00000034015",2517
"ENSRNOG00000062538",0
"ENSRNOG00000003211",564
"ENSRNOG00000067763",0
"ENSRNOG00000003614",249
"ENSRNOG00000068754",0
"ENSRNOG00000009073",0
"ENSRNOG00000009177",0
"ENSRNOG00000003979",159
"ENSRNOG00000049477",0
"ENSRNOG00000031934",1687
"ENSRNOG00000009141",0
"ENSRNOG00000004125",6
"ENSRNOG00000032352",0
"ENSRNOG00000003653",1057
"ENSRNOG00000008736",60
"ENSRNOG00000004405",0
"ENSRNOG00000008741",2259
"ENSRNOG00000002440",618
"ENSRNOG00000023130",458
"ENSRNOG00000004441",1
"ENSRNOG00000003709",0
"ENSRNOG00000025948",9
"ENSRNOG00000004066",6
"ENSRNOG00000004003",159
"ENSRNOG00000058643",842
"ENSRNOG00000004470",0
"ENSRNOG00000002538",314
"ENSRNOG00000003237",827
"ENSRNOG00000025571",15
"ENSRNOG00000064024",669
"ENSRNOG00000008668",3
"ENSRNOG00000046231",4
"ENSRNOG00000056781",0
"ENSRNOG00000003703",572
"ENSRNOG00000004737",2182
"ENSRNOG00000022387",0
"ENSRNOG00000002322",10
"ENSRNOG00000003866",0
"ENSRNOG00000025731",6507
"ENSRNOG00000004341",31
"ENSRNOG00000030059",0
"ENSRNOG00000002625",950
"ENSRNOG00000004062",5
"ENSRNOG00000066161",0
"ENSRNOG00000069658",0
"ENSRNOG00000026087",0
"ENSRNOG00000067369",172
"ENSRNOG00000025484",107
"ENSRNOG00000003878",0
"ENSRNOG00000003778",0
"ENSRNOG00000070618",0
"ENSRNOG00000060237",20
"ENSRNOG00000048522",1
"ENSRNOG00000056580",0
"ENSRNOG00000002393",9516
"ENSRNOG00000057116",2151
"ENSRNOG00000004633",2
"ENSRNOG00000046889",3752
"ENSRNOG00000056209",68
"ENSRNOG00000039754",204
"ENSRNOG00000025987",0
"ENSRNOG00000066050",3
"ENSRNOG00000045570",28
"ENSRNOG00000069163",0
"ENSRNOG00000006785",1649
"ENSRNOG00000046863",0
"ENSRNOG00000027702",2
"ENSRNOG00000003953",2030
"ENSRNOG00000003973",1628
"ENSRNOG00000010076",1062
"ENSRNOG00000049766",1
"ENSRNOG00000037850",1232
"ENSRNOG00000037211",145
"ENSRNOG00000046996",5410
"ENSRNOG00000002450",76
"ENSRNOG00000002418",1729
"ENSRNOG00000047714",0
"ENSRNOG00000006930",173
"ENSRNOG00000046240",0
"ENSRNOG00000004393",0
"ENSRNOG00000025430",1
"ENSRNOG00000032378",9
"ENSRNOG00000002478",159
"ENSRNOG00000039745",6
"ENSRNOG00000002339",429
"ENSRNOG00000069330",0
"ENSRNOG00000004726",3384
"ENSRNOG00000046165",0
"ENSRNOG00000002514",664
"ENSRNOG00000060325",0
"ENSRNOG00000002397",0
"ENSRNOG00000008471",4898
"ENSRNOG00000003365",0
"ENSRNOG00000002627",778
"ENSRNOG00000002549",138
"ENSRNOG00000002504",18
"ENSRNOG00000049303",0
"ENSRNOG00000065208",4
"ENSRNOG00000030481",0
"ENSRNOG00000065043",3
"ENSRNOG00000002512",1228
"ENSRNOG00000004162",463
"ENSRNOG00000069878",0
"ENSRNOG00000003206",10971
"ENSRNOG00000064497",0
"ENSRNOG00000003486",1
"ENSRNOG00000052963",1542
"ENSRNOG00000003518",0
"ENSRNOG00000003521",0
"ENSRNOG00000058805",2540
"ENSRNOG00000021553",709
"ENSRNOG00000066569",0
"ENSRNOG00000057400",0
"ENSRNOG00000066401",0
"ENSRNOG00000029425",157
"ENSRNOG00000049471",3333
"ENSRNOG00000000653",0
"ENSRNOG00000059202",4216
"ENSRNOG00000003537",0
"ENSRNOG00000004756",0
"ENSRNOG00000017113",1661
"ENSRNOG00000068466",0
"ENSRNOG00000061139",81
"ENSRNOG00000064177",721
"ENSRNOG00000068839",0
"ENSRNOG00000003769",0
"ENSRNOG00000025704",223
"ENSRNOG00000003583",693
"ENSRNOG00000030374",166
"ENSRNOG00000022480",0
"ENSRNOG00000064078",0
"ENSRNOG00000042320",2140
"ENSRNOG00000021960",12
"ENSRNOG00000029514",3
"ENSRNOG00000010903",3
"ENSRNOG00000002353",2587
"ENSRNOG00000049641",412
"ENSRNOG00000000036",9
"ENSRNOG00000021984",20
"ENSRNOG00000006963",5
"ENSRNOG00000000657",4076
"ENSRNOG00000002368",1886
"ENSRNOG00000004870",69
"ENSRNOG00000059603",0
"ENSRNOG00000064502",0
"ENSRNOG00000056288",0
"ENSRNOG00000002378",284
"ENSRNOG00000051902",0
"ENSRNOG00000038083",8
"ENSRNOG00000063263",0
"ENSRNOG00000059556",2
"ENSRNOG00000068080",0
"ENSRNOG00000052318",0
"ENSRNOG00000004910",1671
"ENSRNOG00000061872",0
"ENSRNOG00000071135",0
"ENSRNOG00000011063",901
"ENSRNOG00000059085",0
"ENSRNOG00000052517",0
"ENSRNOG00000043201",144
"ENSRNOG00000067939",0
"ENSRNOG00000052399",1
"ENSRNOG00000057511",0
"ENSRNOG00000063797",0
"ENSRNOG00000002653",530
"ENSRNOG00000058901",0
"ENSRNOG00000052029",0
"ENSRNOG00000005342",394
"ENSRNOG00000053218",0
"ENSRNOG00000021411",5
"ENSRNOG00000054237",0
"ENSRNOG00000055999",6
"ENSRNOG00000043374",390
"ENSRNOG00000066200",4
"ENSRNOG00000032812",0
"ENSRNOG00000025100",451
"ENSRNOG00000052146",0
"ENSRNOG00000003185",674
"ENSRNOG00000060279",0
"ENSRNOG00000058188",0
"ENSRNOG00000012318",387
"ENSRNOG00000063090",0
"ENSRNOG00000053445",0
"ENSRNOG00000003738",0
"ENSRNOG00000053385",0
"ENSRNOG00000066304",256
"ENSRNOG00000060764",0
"ENSRNOG00000066591",802
"ENSRNOG00000061817",0
"ENSRNOG00000053634",0
"ENSRNOG00000052155",0
"ENSRNOG00000003388",323
"ENSRNOG00000051737",2
"ENSRNOG00000057562",0
"ENSRNOG00000071166",1
"ENSRNOG00000052065",0
"ENSRNOG00000003716",7
"ENSRNOG00000013312",3
"ENSRNOG00000054095",0
"ENSRNOG00000006733",2839
"ENSRNOG00000051971",0
"ENSRNOG00000046460",199
"ENSRNOG00000059607",0
"ENSRNOG00000033790",4316
"ENSRNOG00000042747",16
"ENSRNOG00000042286",70
"ENSRNOG00000002969",359
"ENSRNOG00000062712",0
"ENSRNOG00000002352",523
"ENSRNOG00000056533",0
"ENSRNOG00000003745",162
"ENSRNOG00000055163",0
"ENSRNOG00000007887",2133
"ENSRNOG00000058390",0
"ENSRNOG00000059242",0
"ENSRNOG00000064320",0
"ENSRNOG00000049633",799
"ENSRNOG00000052815",0
"ENSRNOG00000070331",0
"ENSRNOG00000060068",0
"ENSRNOG00000053413",0
"ENSRNOG00000003895",0
"ENSRNOG00000002369",78
"ENSRNOG00000058078",0
"ENSRNOG00000062770",0
"ENSRNOG00000002593",0
"ENSRNOG00000064784",0
"ENSRNOG00000003722",52
"ENSRNOG00000062926",0
"ENSRNOG00000052543",0
"ENSRNOG00000057985",0
"ENSRNOG00000024657",16
"ENSRNOG00000058929",1
"ENSRNOG00000004524",1188
"ENSRNOG00000055652",0
"ENSRNOG00000002680",34759
"ENSRNOG00000004263",1068
"ENSRNOG00000003698",5
"ENSRNOG00000054347",0
"ENSRNOG00000021575",0
"ENSRNOG00000027017",16
"ENSRNOG00000060649",0
"ENSRNOG00000043014",0
"ENSRNOG00000055990",0
"ENSRNOG00000052013",0
"ENSRNOG00000051244",0
"ENSRNOG00000059509",0
"ENSRNOG00000000040",375
"ENSRNOG00000055952",0
"ENSRNOG00000057278",0
"ENSRNOG00000040595",0
"ENSRNOG00000068884",0
"ENSRNOG00000066077",0
"ENSRNOG00000052604",0
"ENSRNOG00000000034",149
"ENSRNOG00000003407",1298
"ENSRNOG00000066057",0
"ENSRNOG00000057270",0
"ENSRNOG00000003283",226
"ENSRNOG00000060253",0
"ENSRNOG00000066867",0
"ENSRNOG00000066388",0
"ENSRNOG00000058970",0
"ENSRNOG00000067954",0
"ENSRNOG00000064773",0
"ENSRNOG00000000033",176
"ENSRNOG00000067097",0
"ENSRNOG00000004481",1704
"ENSRNOG00000061131",10
"ENSRNOG00000066327",1
"ENSRNOG00000062601",0
"ENSRNOG00000002979",13
"ENSRNOG00000054606",0
"ENSRNOG00000063411",0
"ENSRNOG00000067680",0
"ENSRNOG00000042901",0
"ENSRNOG00000056067",0
"ENSRNOG00000057029",0
"ENSRNOG00000000655",1
"ENSRNOG00000021298",945
"ENSRNOG00000052250",0
"ENSRNOG00000060734",0
"ENSRNOG00000062491",0
"ENSRNOG00000052133",0
"ENSRNOG00000047957",255
"ENSRNOG00000069199",0
"ENSRNOG00000036364",0
"ENSRNOG00000035534",2
"ENSRNOG00000003038",2623
"ENSRNOG00000035482",0
"ENSRNOG00000056537",13
"ENSRNOG00000035513",164
"ENSRNOG00000068231",0
"ENSRNOG00000009033",69
"ENSRNOG00000036265",0
"ENSRNOG00000042369",0
"ENSRNOG00000068017",10
"ENSRNOG00000035520",0
"ENSRNOG00000035509",9
"ENSRNOG00000046719",0
"ENSRNOG00000003767",647
"ENSRNOG00000049021",1
"ENSRNOG00000050256",0
"ENSRNOG00000035637",2
"ENSRNOG00000035590",2
"ENSRNOG00000035494",1
"ENSRNOG00000035621",0
"ENSRNOG00000050602",1
"ENSRNOG00000064688",0
"ENSRNOG00000003402",716
"ENSRNOG00000071038",0
"ENSRNOG00000048659",1
"ENSRNOG00000066245",0
"ENSRNOG00000050766",3
"ENSRNOG00000059406",377
"ENSRNOG00000060773",1853
"ENSRNOG00000029556",0
"ENSRNOG00000002936",0
"ENSRNOG00000002544",2132
"ENSRNOG00000003694",0
"ENSRNOG00000030715",1
"ENSRNOG00000003927",147
"ENSRNOG00000003841",0
"ENSRNOG00000066712",1036
"ENSRNOG00000027962",2139
"ENSRNOG00000046139",6
"ENSRNOG00000062084",826
"ENSRNOG00000025862",0
"ENSRNOG00000003925",238
"ENSRNOG00000004423",564
"ENSRNOG00000004402",1312
"ENSRNOG00000009691",0
"ENSRNOG00000070926",1
"ENSRNOG00000003833",797
"ENSRNOG00000003048",859
"ENSRNOG00000003545",124
"ENSRNOG00000002937",2
"ENSRNOG00000003915",211
"ENSRNOG00000002723",1
"ENSRNOG00000070614",0
"ENSRNOG00000023541",2141
"ENSRNOG00000003120",18
"ENSRNOG00000003385",734
"ENSRNOG00000028368",4
"ENSRNOG00000000068",1148
"ENSRNOG00000002776",0
"ENSRNOG00000028353",177
"ENSRNOG00000003434",1236
"ENSRNOG00000004789",649
"ENSRNOG00000003959",0
"ENSRNOG00000070119",16634
"ENSRNOG00000005558",146
"ENSRNOG00000003687",757
"ENSRNOG00000008137",148
"ENSRNOG00000003997",3
"ENSRNOG00000046445",1597
"ENSRNOG00000070924",0
"ENSRNOG00000065694",195
"ENSRNOG00000003084",781
"ENSRNOG00000028493",2099
"ENSRNOG00000010357",15
"ENSRNOG00000002794",0
"ENSRNOG00000007591",2
"ENSRNOG00000005861",20363
"ENSRNOG00000003267",248
"ENSRNOG00000003031",1501
"ENSRNOG00000002811",0
"ENSRNOG00000023304",38
"ENSRNOG00000003258",549
"ENSRNOG00000005565",0
"ENSRNOG00000042201",24
"ENSRNOG00000003251",17
"ENSRNOG00000056369",0
"ENSRNOG00000002775",536
"ENSRNOG00000006019",545
"ENSRNOG00000003888",0
"ENSRNOG00000003263",25
"ENSRNOG00000009696",691
"ENSRNOG00000005082",4
"ENSRNOG00000002517",0
"ENSRNOG00000003176",0
"ENSRNOG00000059863",0
"ENSRNOG00000003616",70
"ENSRNOG00000004749",483
"ENSRNOG00000012613",0
"ENSRNOG00000003550",563
"ENSRNOG00000003078",1488
"ENSRNOG00000004195",200
"ENSRNOG00000003247",1137
"ENSRNOG00000029938",858
"ENSRNOG00000069939",1
"ENSRNOG00000002525",325
"ENSRNOG00000024825",6
"ENSRNOG00000022724",2
"ENSRNOG00000007324",37
"ENSRNOG00000047481",0
"ENSRNOG00000003522",435
"ENSRNOG00000002454",2278
"ENSRNOG00000029418",14
"ENSRNOG00000066965",225
"ENSRNOG00000027254",2
"ENSRNOG00000034164",1
"ENSRNOG00000070092",2
"ENSRNOG00000014556",0
"ENSRNOG00000057855",1
"ENSRNOG00000067587",48
"ENSRNOG00000045558",0
"ENSRNOG00000064103",0
"ENSRNOG00000026952",1
"ENSRNOG00000002657",846
"ENSRNOG00000006470",226
"ENSRNOG00000004647",2
"ENSRNOG00000066325",0
"ENSRNOG00000003059",5
"ENSRNOG00000002879",449
"ENSRNOG00000067791",3
"ENSRNOG00000030743",1
"ENSRNOG00000066803",0
"ENSRNOG00000068617",24
"ENSRNOG00000052574",921
"ENSRNOG00000069070",0
"ENSRNOG00000065816",771
"ENSRNOG00000053423",0
"ENSRNOG00000063579",0
"ENSRNOG00000008193",1986
"ENSRNOG00000028072",4
"ENSRNOG00000002705",1138
"ENSRNOG00000066606",17
"ENSRNOG00000063514",9
"ENSRNOG00000066646",0
"ENSRNOG00000004127",9670
"ENSRNOG00000011100",646
"ENSRNOG00000063519",9
"ENSRNOG00000071025",7
"ENSRNOG00000026940",0
"ENSRNOG00000003150",1678
"ENSRNOG00000069730",1
"ENSRNOG00000069894",0
"ENSRNOG00000049560",5086
"ENSRNOG00000062600",0
"ENSRNOG00000070913",0
"ENSRNOG00000071154",0
"ENSRNOG00000062937",0
"ENSRNOG00000053410",4
"ENSRNOG00000021289",874
"ENSRNOG00000066582",53
"ENSRNOG00000003649",1360
"ENSRNOG00000068173",7
"ENSRNOG00000063731",308
"ENSRNOG00000069041",0
"ENSRNOG00000069455",52
"ENSRNOG00000068898",0
"ENSRNOG00000028627",837
"ENSRNOG00000068708",0
"ENSRNOG00000028752",24
"ENSRNOG00000014866",759
"ENSRNOG00000004487",45
"ENSRNOG00000065580",163
"ENSRNOG00000067609",0
"ENSRNOG00000004111",5792
"ENSRNOG00000064188",3
"ENSRNOG00000051261",0
"ENSRNOG00000004193",377
"ENSRNOG00000067038",632
"ENSRNOG00000003248",1376
"ENSRNOG00000070643",781
"ENSRNOG00000003795",1125
"ENSRNOG00000070187",0
"ENSRNOG00000063348",5
"ENSRNOG00000063307",0
"ENSRNOG00000003832",515
"ENSRNOG00000064946",0
"ENSRNOG00000004424",1080
"ENSRNOG00000028250",3
"ENSRNOG00000006025",142
"ENSRNOG00000056222",0
"ENSRNOG00000002947",480
"ENSRNOG00000004181",422
"ENSRNOG00000003300",1094
"ENSRNOG00000064045",8
"ENSRNOG00000032307",744
"ENSRNOG00000064281",90
"ENSRNOG00000064211",0
"ENSRNOG00000062956",0
"ENSRNOG00000066881",208
"ENSRNOG00000070450",98
"ENSRNOG00000070805",0
"ENSRNOG00000004537",5
"ENSRNOG00000070711",31
"ENSRNOG00000065529",0
"ENSRNOG00000003494",52
"ENSRNOG00000066834",0
"ENSRNOG00000064682",74
"ENSRNOG00000067316",14
"ENSRNOG00000066173",63
"ENSRNOG00000068951",2
"ENSRNOG00000002964",3
"ENSRNOG00000066046",126
"ENSRNOG00000015508",1087
"ENSRNOG00000062505",57
"ENSRNOG00000065995",10
"ENSRNOG00000004642",3
"ENSRNOG00000068336",0
"ENSRNOG00000062561",0
"ENSRNOG00000071040",761
"ENSRNOG00000066307",107
"ENSRNOG00000003790",0
"ENSRNOG00000068572",2
"ENSRNOG00000002863",4
"ENSRNOG00000067571",1
"ENSRNOG00000056279",1
"ENSRNOG00000069844",1
"ENSRNOG00000068762",0
"ENSRNOG00000068613",117
"ENSRNOG00000003220",565
"ENSRNOG00000025119",0
"ENSRNOG00000064023",0
"ENSRNOG00000069845",0
"ENSRNOG00000064342",0
"ENSRNOG00000064809",3
"ENSRNOG00000002730",1
"ENSRNOG00000069637",2
"ENSRNOG00000051440",698
"ENSRNOG00000021497",1458
"ENSRNOG00000064615",0
"ENSRNOG00000004356",0
"ENSRNOG00000071027",0
"ENSRNOG00000066845",0
"ENSRNOG00000069472",0
"ENSRNOG00000056214",0
"ENSRNOG00000003310",1682
"ENSRNOG00000002602",0
"ENSRNOG00000003917",979
"ENSRNOG00000071122",19
"ENSRNOG00000002640",3
"ENSRNOG00000068257",6
"ENSRNOG00000002695",334
"ENSRNOG00000059225",17
"ENSRNOG00000003183",1247
"ENSRNOG00000015615",0
"ENSRNOG00000068751",90
"ENSRNOG00000066769",0
"ENSRNOG00000063055",1
"ENSRNOG00000002710",614
"ENSRNOG00000071159",0
"ENSRNOG00000070387",0
"ENSRNOG00000053272",2
"ENSRNOG00000003816",450
"ENSRNOG00000055995",0
"ENSRNOG00000003562",1
"ENSRNOG00000065753",49
"ENSRNOG00000051166",48
"ENSRNOG00000003336",0
"ENSRNOG00000002583",0
"ENSRNOG00000066143",0
"ENSRNOG00000032058",1758
"ENSRNOG00000067955",0
"ENSRNOG00000065784",8
"ENSRNOG00000003442",3
"ENSRNOG00000022067",194
"ENSRNOG00000003018",3412
"ENSRNOG00000028016",22
"ENSRNOG00000070620",0
"ENSRNOG00000002882",453
"ENSRNOG00000005093",3
"ENSRNOG00000071066",2
"ENSRNOG00000070089",0
"ENSRNOG00000002881",10448
"ENSRNOG00000066098",18
"ENSRNOG00000000066",824
"ENSRNOG00000028194",0
"ENSRNOG00000002403",13519
"ENSRNOG00000067674",1
"ENSRNOG00000054449",0
"ENSRNOG00000067693",427
"ENSRNOG00000067442",0
"ENSRNOG00000002907",1546
"ENSRNOG00000051373",0
"ENSRNOG00000066175",207
"ENSRNOG00000053016",0
"ENSRNOG00000067488",1
"ENSRNOG00000059684",0
"ENSRNOG00000060375",0
"ENSRNOG00000052863",0
"ENSRNOG00000053352",0
"ENSRNOG00000063883",0
"ENSRNOG00000022174",5
"ENSRNOG00000002781",1727
"ENSRNOG00000063003",0
"ENSRNOG00000002773",13
"ENSRNOG00000056434",1
"ENSRNOG00000052403",0
"ENSRNOG00000064602",54
"ENSRNOG00000057771",0
"ENSRNOG00000061551",0
"ENSRNOG00000052252",0
"ENSRNOG00000059630",0
"ENSRNOG00000047287",1574
"ENSRNOG00000032258",320
"ENSRNOG00000070195",0
"ENSRNOG00000059797",0
"ENSRNOG00000064093",0
"ENSRNOG00000054895",0
"ENSRNOG00000002926",458
"ENSRNOG00000005038",142
"ENSRNOG00000002580",1237
"ENSRNOG00000002941",369
"ENSRNOG00000066913",0
"ENSRNOG00000003594",1983
"ENSRNOG00000002417",0
"ENSRNOG00000002618",1062
"ENSRNOG00000007418",5755
"ENSRNOG00000069420",20
"ENSRNOG00000002821",838
"ENSRNOG00000067862",0
"ENSRNOG00000024632",3919
"ENSRNOG00000004143",4151
"ENSRNOG00000014859",5
"ENSRNOG00000002347",556
"ENSRNOG00000034221",48
"ENSRNOG00000003163",6034
"ENSRNOG00000064462",0
"ENSRNOG00000002667",202
"ENSRNOG00000003740",0
"ENSRNOG00000028089",0
"ENSRNOG00000030515",0
"ENSRNOG00000038921",0
"ENSRNOG00000028062",3673
"ENSRNOG00000065155",5
"ENSRNOG00000028358",2154
"ENSRNOG00000025151",4
"ENSRNOG00000002691",4
"ENSRNOG00000002735",1461
"ENSRNOG00000004018",7
"ENSRNOG00000002396",108
"ENSRNOG00000002460",14
"ENSRNOG00000003595",9
"ENSRNOG00000064561",0
"ENSRNOG00000028236",2143
"ENSRNOG00000063241",0
"ENSRNOG00000005277",36
"ENSRNOG00000064510",38
"ENSRNOG00000029841",0
"ENSRNOG00000002473",869
"ENSRNOG00000003882",1709
"ENSRNOG00000002555",10
"ENSRNOG00000070646",0
"ENSRNOG00000067956",1242
"ENSRNOG00000069572",16
"ENSRNOG00000029868",4
"ENSRNOG00000027593",115
"ENSRNOG00000033391",0
"ENSRNOG00000068309",0
"ENSRNOG00000028207",34
"ENSRNOG00000030278",348
"ENSRNOG00000025964",12
"ENSRNOG00000008603",0
"ENSRNOG00000053210",7530
"ENSRNOG00000003171",1
"ENSRNOG00000068606",0
"ENSRNOG00000066166",6
"ENSRNOG00000038205",1
"ENSRNOG00000031569",0
"ENSRNOG00000002394",3333
"ENSRNOG00000033515",99
"ENSRNOG00000063714",2
"ENSRNOG00000046786",0
"ENSRNOG00000004305",375
"ENSRNOG00000048614",0
"ENSRNOG00000042995",0
"ENSRNOG00000002826",946
"ENSRNOG00000029859",2544
"ENSRNOG00000029459",87
"ENSRNOG00000059957",51
"ENSRNOG00000063975",137
"ENSRNOG00000027697",751
"ENSRNOG00000007735",894
"ENSRNOG00000050941",0
"ENSRNOG00000004029",0
"ENSRNOG00000022063",0
"ENSRNOG00000022329",0
"ENSRNOG00000031864",5265
"ENSRNOG00000028939",3971
"ENSRNOG00000002385",3
"ENSRNOG00000038076",0
"ENSRNOG00000038347",920
"ENSRNOG00000027024",41
"ENSRNOG00000022717",2
"ENSRNOG00000003706",1866
"ENSRNOG00000005177",176
"ENSRNOG00000042929",142
"ENSRNOG00000004307",509
"ENSRNOG00000004337",2031
"ENSRNOG00000002972",5
"ENSRNOG00000064104",1
"ENSRNOG00000034300",3
"ENSRNOG00000003500",0
"ENSRNOG00000005229",753
"ENSRNOG00000058500",0
"ENSRNOG00000003135",0
"ENSRNOG00000003928",3254
"ENSRNOG00000005667",0
"ENSRNOG00000004027",4951
"ENSRNOG00000002750",1643
"ENSRNOG00000002548",99
"ENSRNOG00000004245",499
"ENSRNOG00000068856",434
"ENSRNOG00000004414",207
"ENSRNOG00000057677",63
"ENSRNOG00000002711",85
"ENSRNOG00000004917",2923
"ENSRNOG00000066932",365
"ENSRNOG00000003779",11
"ENSRNOG00000003881",106
"ENSRNOG00000000042",2643
"ENSRNOG00000004022",149
"ENSRNOG00000042860",19
"ENSRNOG00000003260",465
"ENSRNOG00000026797",1
"ENSRNOG00000002468",2
"ENSRNOG00000022104",0
"ENSRNOG00000025005",1
"ENSRNOG00000003209",1804
"ENSRNOG00000002736",912
"ENSRNOG00000003398",189
"ENSRNOG00000023547",14
"ENSRNOG00000003100",350
"ENSRNOG00000053229",1
"ENSRNOG00000003298",9
"ENSRNOG00000055673",43
"ENSRNOG00000002890",4
"ENSRNOG00000002501",3
"ENSRNOG00000022144",748
"ENSRNOG00000029371",0
"ENSRNOG00000038786",0
"ENSRNOG00000003581",174
"ENSRNOG00000031098",4
"ENSRNOG00000069659",46
"ENSRNOG00000050463",43
"ENSRNOG00000069305",0
"ENSRNOG00000029410",674
"ENSRNOG00000028513",248
"ENSRNOG00000003946",3261
"ENSRNOG00000025794",0
"ENSRNOG00000063790",1
"ENSRNOG00000064271",48
"ENSRNOG00000063128",34
"ENSRNOG00000068226",0
"ENSRNOG00000062858",73
"ENSRNOG00000062982",45
"ENSRNOG00000024159",26
"ENSRNOG00000064014",1
"ENSRNOG00000064648",0
"ENSRNOG00000062361",36
"ENSRNOG00000048267",2983
"ENSRNOG00000070804",13
"ENSRNOG00000071020",4
"ENSRNOG00000065024",2
"ENSRNOG00000066782",1
"ENSRNOG00000024849",1749
"ENSRNOG00000038372",6
"ENSRNOG00000002875",955
"ENSRNOG00000026917",2102
"ENSRNOG00000003567",536
"ENSRNOG00000004030",0
"ENSRNOG00000003538",438
"ENSRNOG00000003551",1297
"ENSRNOG00000051405",6
"ENSRNOG00000007604",142
"ENSRNOG00000002968",0
"ENSRNOG00000007645",28
"ENSRNOG00000068444",12
"ENSRNOG00000004736",181
"ENSRNOG00000005166",0
"ENSRNOG00000004712",119
"ENSRNOG00000002569",704
"ENSRNOG00000002572",1317
"ENSRNOG00000046663",173
"ENSRNOG00000002978",2
"ENSRNOG00000003071",580
"ENSRNOG00000003221",4
"ENSRNOG00000003136",0
"ENSRNOG00000038789",164
"ENSRNOG00000066215",0
"ENSRNOG00000046452",0
"ENSRNOG00000026497",1505
"ENSRNOG00000026523",2
"ENSRNOG00000024382",0
"ENSRNOG00000058710",478
"ENSRNOG00000049422",85
"ENSRNOG00000008045",0
"ENSRNOG00000031540",6014
"ENSRNOG00000026490",1423
"ENSRNOG00000004255",3
"ENSRNOG00000004192",6
"ENSRNOG00000065645",97
"ENSRNOG00000066585",8348
"ENSRNOG00000003042",179
"ENSRNOG00000025415",0
"ENSRNOG00000026607",18
"ENSRNOG00000007290",240
"ENSRNOG00000070334",0
"ENSRNOG00000025189",130
"ENSRNOG00000003720",10146
"ENSRNOG00000002783",141
"ENSRNOG00000026907",973
"ENSRNOG00000002813",0
"ENSRNOG00000049537",1154
"ENSRNOG00000004889",59
"ENSRNOG00000042492",1488
"ENSRNOG00000005592",0
"ENSRNOG00000005355",4724
"ENSRNOG00000069839",0
"ENSRNOG00000003861",529
"ENSRNOG00000034191",0
"ENSRNOG00000003510",0
"ENSRNOG00000049851",0
"ENSRNOG00000068743",2724
"ENSRNOG00000006247",9978
"ENSRNOG00000022143",56
"ENSRNOG00000003400",113
"ENSRNOG00000008301",20738
"ENSRNOG00000003291",26
"ENSRNOG00000026542",997
"ENSRNOG00000002860",119
"ENSRNOG00000003620",0
"ENSRNOG00000003073",45
"ENSRNOG00000002839",790
"ENSRNOG00000038499",0
"ENSRNOG00000025318",607
"ENSRNOG00000002884",456
"ENSRNOG00000059276",173
"ENSRNOG00000002898",1145
"ENSRNOG00000002934",3689
"ENSRNOG00000004140",73
"ENSRNOG00000003592",839
"ENSRNOG00000001967",0
"ENSRNOG00000003666",17
"ENSRNOG00000001957",0
"ENSRNOG00000003672",0
"ENSRNOG00000039331",0
"ENSRNOG00000003840",4986
"ENSRNOG00000003718",0
"ENSRNOG00000003776",0
"ENSRNOG00000055596",0
"ENSRNOG00000054677",0
"ENSRNOG00000001960",0
"ENSRNOG00000051190",966
"ENSRNOG00000001980",0
"ENSRNOG00000003205",389
"ENSRNOG00000070682",0
"ENSRNOG00000065137",0
"ENSRNOG00000001996",879
"ENSRNOG00000004473",10
"ENSRNOG00000069670",0
"ENSRNOG00000042588",0
"ENSRNOG00000067137",15
"ENSRNOG00000005094",4
"ENSRNOG00000002002",0
"ENSRNOG00000046540",0
"ENSRNOG00000064466",0
"ENSRNOG00000002005",0
"ENSRNOG00000005043",213
"ENSRNOG00000029964",0
"ENSRNOG00000055991",0
"ENSRNOG00000064759",0
"ENSRNOG00000001973",0
"ENSRNOG00000001990",0
"ENSRNOG00000062781",0
"ENSRNOG00000042714",0
"ENSRNOG00000022255",2
"ENSRNOG00000050437",646
"ENSRNOG00000033910",0
"ENSRNOG00000002011",0
"ENSRNOG00000021931",1034
"ENSRNOG00000029064",248
"ENSRNOG00000003174",796
"ENSRNOG00000002014",0
"ENSRNOG00000068319",0
"ENSRNOG00000033207",10
"ENSRNOG00000003064",99
"ENSRNOG00000021776",246
"ENSRNOG00000046764",1
"ENSRNOG00000005261",1044
"ENSRNOG00000004279",1076
"ENSRNOG00000002024",0
"ENSRNOG00000017074",2227
"ENSRNOG00000069695",0
"ENSRNOG00000069801",0
"ENSRNOG00000001912",0
"ENSRNOG00000003098",0
"ENSRNOG00000030149",11
"ENSRNOG00000003069",748
"ENSRNOG00000051169",0
"ENSRNOG00000028534",149
"ENSRNOG00000003095",1
"ENSRNOG00000027195",0
"ENSRNOG00000028423",0
"ENSRNOG00000060782",13
"ENSRNOG00000005700",4
"ENSRNOG00000024689",76
"ENSRNOG00000002216",1111
"ENSRNOG00000006139",478
"ENSRNOG00000002139",33
"ENSRNOG00000002050",14597
"ENSRNOG00000024779",1999
"ENSRNOG00000005302",67
"ENSRNOG00000002055",344
"ENSRNOG00000028108",0
"ENSRNOG00000002137",218
"ENSRNOG00000002085",45
"ENSRNOG00000068566",115
"ENSRNOG00000029628",2
"ENSRNOG00000005108",1454
"ENSRNOG00000066503",0
"ENSRNOG00000068895",2
"ENSRNOG00000061477",2
"ENSRNOG00000066390",0
"ENSRNOG00000061119",0
"ENSRNOG00000056048",0
"ENSRNOG00000057383",0
"ENSRNOG00000068537",54
"ENSRNOG00000064279",0
"ENSRNOG00000065016",0
"ENSRNOG00000059848",0
"ENSRNOG00000058481",0
"ENSRNOG00000053821",0
"ENSRNOG00000068477",0
"ENSRNOG00000069435",0
"ENSRNOG00000002100",2331
"ENSRNOG00000056287",12
"ENSRNOG00000070240",0
"ENSRNOG00000057388",0
"ENSRNOG00000067871",0
"ENSRNOG00000067348",3
"ENSRNOG00000062656",0
"ENSRNOG00000055205",0
"ENSRNOG00000052544",0
"ENSRNOG00000054232",0
"ENSRNOG00000059715",1020
"ENSRNOG00000066435",0
"ENSRNOG00000068598",0
"ENSRNOG00000067623",0
"ENSRNOG00000070782",0
"ENSRNOG00000070282",0
"ENSRNOG00000068746",0
"ENSRNOG00000059932",0
"ENSRNOG00000005346",380
"ENSRNOG00000061566",0
"ENSRNOG00000055347",0
"ENSRNOG00000002101",864
"ENSRNOG00000055338",0
"ENSRNOG00000028498",3024
"ENSRNOG00000057361",0
"ENSRNOG00000067418",0
"ENSRNOG00000064187",0
"ENSRNOG00000069994",0
"ENSRNOG00000064908",0
"ENSRNOG00000068182",0
"ENSRNOG00000066690",0
"ENSRNOG00000058302",0
"ENSRNOG00000060890",0
"ENSRNOG00000059646",0
"ENSRNOG00000061258",0
"ENSRNOG00000066081",0
"ENSRNOG00000067453",0
"ENSRNOG00000005374",92
"ENSRNOG00000061332",0
"ENSRNOG00000057027",2
"ENSRNOG00000002128",682
"ENSRNOG00000051736",0
"ENSRNOG00000061029",0
"ENSRNOG00000065331",0
"ENSRNOG00000051998",0
"ENSRNOG00000052335",2
"ENSRNOG00000053119",0
"ENSRNOG00000060673",2
"ENSRNOG00000052658",0
"ENSRNOG00000056124",0
"ENSRNOG00000064599",0
"ENSRNOG00000062593",0
"ENSRNOG00000050100",0
"ENSRNOG00000068214",0
"ENSRNOG00000005633",81
"ENSRNOG00000070730",0
"ENSRNOG00000058679",0
"ENSRNOG00000002266",0
"ENSRNOG00000054969",0
"ENSRNOG00000068435",0
"ENSRNOG00000063428",0
"ENSRNOG00000055511",0
"ENSRNOG00000064802",0
"ENSRNOG00000048183",0
"ENSRNOG00000051435",0
"ENSRNOG00000036371",0
"ENSRNOG00000062913",0
"ENSRNOG00000035514",0
"ENSRNOG00000058492",0
"ENSRNOG00000035518",0
"ENSRNOG00000002153",125
"ENSRNOG00000059094",0
"ENSRNOG00000049999",0
"ENSRNOG00000068284",0
"ENSRNOG00000066772",0
"ENSRNOG00000059490",0
"ENSRNOG00000035486",2
"ENSRNOG00000056158",0
"ENSRNOG00000049481",1
"ENSRNOG00000058202",62
"ENSRNOG00000059213",0
"ENSRNOG00000061069",0
"ENSRNOG00000055559",0
"ENSRNOG00000065374",0
"ENSRNOG00000057962",0
"ENSRNOG00000059816",0
"ENSRNOG00000056966",0
"ENSRNOG00000060186",0
"ENSRNOG00000064005",0
"ENSRNOG00000068557",0
"ENSRNOG00000051642",0
"ENSRNOG00000061848",0
"ENSRNOG00000058945",0
"ENSRNOG00000064029",0
"ENSRNOG00000055752",0
"ENSRNOG00000070648",1
"ENSRNOG00000065069",0
"ENSRNOG00000054518",0
"ENSRNOG00000002144",1017
"ENSRNOG00000031397",0
"ENSRNOG00000051641",0
"ENSRNOG00000054885",0
"ENSRNOG00000055902",1
"ENSRNOG00000060757",0
"ENSRNOG00000006575",5
"ENSRNOG00000055341",0
"ENSRNOG00000054570",1
"ENSRNOG00000068488",0
"ENSRNOG00000027326",583
"ENSRNOG00000068972",0
"ENSRNOG00000060039",0
"ENSRNOG00000067087",0
"ENSRNOG00000066135",0
"ENSRNOG00000066820",0
"ENSRNOG00000056117",0
"ENSRNOG00000006593",730
"ENSRNOG00000071000",0
"ENSRNOG00000002267",398
"ENSRNOG00000066661",0
"ENSRNOG00000060891",0
"ENSRNOG00000068463",1
"ENSRNOG00000068267",0
"ENSRNOG00000062625",0
"ENSRNOG00000002164",1
"ENSRNOG00000066752",0
"ENSRNOG00000007993",42
"ENSRNOG00000065384",0
"ENSRNOG00000058212",0
"ENSRNOG00000055664",0
"ENSRNOG00000065887",0
"ENSRNOG00000058706",0
"ENSRNOG00000060346",0
"ENSRNOG00000002169",2
"ENSRNOG00000052432",0
"ENSRNOG00000068144",0
"ENSRNOG00000055710",0
"ENSRNOG00000070791",0
"ENSRNOG00000055442",7
"ENSRNOG00000058433",0
"ENSRNOG00000070023",0
"ENSRNOG00000002175",1092
"ENSRNOG00000069714",0
"ENSRNOG00000060665",3049
"ENSRNOG00000067980",0
"ENSRNOG00000061314",0
"ENSRNOG00000068811",0
"ENSRNOG00000059747",0
"ENSRNOG00000051515",0
"ENSRNOG00000052548",0
"ENSRNOG00000056459",0
"ENSRNOG00000057537",2
"ENSRNOG00000064750",4
"ENSRNOG00000057816",0
"ENSRNOG00000058788",0
"ENSRNOG00000057444",0
"ENSRNOG00000056382",0
"ENSRNOG00000060691",0
"ENSRNOG00000052288",0
"ENSRNOG00000002199",791
"ENSRNOG00000008947",6
"ENSRNOG00000046829",0
"ENSRNOG00000002097",464
"ENSRNOG00000026585",78
"ENSRNOG00000002120",99
"ENSRNOG00000026828",174
"ENSRNOG00000007882",2
"ENSRNOG00000063288",0
"ENSRNOG00000002106",1128
"ENSRNOG00000002074",933
"ENSRNOG00000002135",2975
"ENSRNOG00000002152",656
"ENSRNOG00000002227",0
"ENSRNOG00000038891",0
"ENSRNOG00000003134",71
"ENSRNOG00000002272",1270
"ENSRNOG00000009154",0
"ENSRNOG00000002174",1
"ENSRNOG00000002275",746
"ENSRNOG00000002224",2
"ENSRNOG00000006400",1600
"ENSRNOG00000029734",0
"ENSRNOG00000025670",0
"ENSRNOG00000042041",0
"ENSRNOG00000004112",7
"ENSRNOG00000002278",712
"ENSRNOG00000023372",0
"ENSRNOG00000023342",0
"ENSRNOG00000024945",3764
"ENSRNOG00000022419",0
"ENSRNOG00000004168",157
"ENSRNOG00000002248",2356
"ENSRNOG00000005122",246
"ENSRNOG00000003392",1958
"ENSRNOG00000009572",1
"ENSRNOG00000005428",2324
"ENSRNOG00000023578",0
"ENSRNOG00000001951",0
"ENSRNOG00000070341",1
"ENSRNOG00000001949",0
"ENSRNOG00000067037",4
"ENSRNOG00000055684",0
"ENSRNOG00000004778",6
"ENSRNOG00000030568",258
"ENSRNOG00000027801",1
"ENSRNOG00000002911",2
"ENSRNOG00000037621",0
"ENSRNOG00000006033",316
"ENSRNOG00000067409",17
"ENSRNOG00000002254",2351
"ENSRNOG00000062451",0
"ENSRNOG00000002866",5
"ENSRNOG00000012534",908
"ENSRNOG00000046611",0
"ENSRNOG00000007349",726
"ENSRNOG00000067632",3007
"ENSRNOG00000009642",2810
"ENSRNOG00000064340",36
"ENSRNOG00000070153",1
"ENSRNOG00000070621",0
"ENSRNOG00000063159",5
"ENSRNOG00000066629",0
"ENSRNOG00000058588",1201
"ENSRNOG00000066030",11
"ENSRNOG00000070858",0
"ENSRNOG00000068765",3
"ENSRNOG00000070779",14
"ENSRNOG00000067494",0
"ENSRNOG00000025695",2519
"ENSRNOG00000007564",420
"ENSRNOG00000009881",3
"ENSRNOG00000066912",0
"ENSRNOG00000002196",586
"ENSRNOG00000007002",77
"ENSRNOG00000063895",0
"ENSRNOG00000070894",36
"ENSRNOG00000071035",237
"ENSRNOG00000070700",0
"ENSRNOG00000068701",244
"ENSRNOG00000065150",0
"ENSRNOG00000018709",629
"ENSRNOG00000057919",0
"ENSRNOG00000051571",0
"ENSRNOG00000002345",0
"ENSRNOG00000063814",0
"ENSRNOG00000003428",174
"ENSRNOG00000003553",1
"ENSRNOG00000065078",0
"ENSRNOG00000064361",46
"ENSRNOG00000070345",0
"ENSRNOG00000066289",0
"ENSRNOG00000065188",56
"ENSRNOG00000018859",559
"ENSRNOG00000067415",0
"ENSRNOG00000068335",3
"ENSRNOG00000002205",3164
"ENSRNOG00000065610",2
"ENSRNOG00000069616",0
"ENSRNOG00000066490",0
"ENSRNOG00000063894",0
"ENSRNOG00000065451",0
"ENSRNOG00000066221",0
"ENSRNOG00000062972",1
"ENSRNOG00000059479",5
"ENSRNOG00000019000",449
"ENSRNOG00000067014",0
"ENSRNOG00000069045",0
"ENSRNOG00000066877",149
"ENSRNOG00000068052",0
"ENSRNOG00000063179",1
"ENSRNOG00000034200",0
"ENSRNOG00000065960",317
"ENSRNOG00000069188",4
"ENSRNOG00000068536",5
"ENSRNOG00000066736",0
"ENSRNOG00000011073",1946
"ENSRNOG00000054706",0
"ENSRNOG00000068730",0
"ENSRNOG00000002057",22
"ENSRNOG00000067807",5
"ENSRNOG00000005141",646
"ENSRNOG00000064290",0
"ENSRNOG00000067991",3
"ENSRNOG00000068868",9
"ENSRNOG00000063529",2875
"ENSRNOG00000064981",0
"ENSRNOG00000068969",25
"ENSRNOG00000062706",232
"ENSRNOG00000008374",480
"ENSRNOG00000065386",0
"ENSRNOG00000002178",234
"ENSRNOG00000004290",8473
"ENSRNOG00000054053",0
"ENSRNOG00000067297",1
"ENSRNOG00000064050",0
"ENSRNOG00000000065",0
"ENSRNOG00000063198",13
"ENSRNOG00000062990",13
"ENSRNOG00000070093",9
"ENSRNOG00000004972",968
"ENSRNOG00000025925",22
"ENSRNOG00000068460",241
"ENSRNOG00000002165",152
"ENSRNOG00000069582",0
"ENSRNOG00000065832",30
"ENSRNOG00000018319",774
"ENSRNOG00000000035",0
"ENSRNOG00000064766",3
"ENSRNOG00000071196",0
"ENSRNOG00000054857",0
"ENSRNOG00000063710",0
"ENSRNOG00000070797",2
"ENSRNOG00000002181",233
"ENSRNOG00000004444",0
"ENSRNOG00000069051",0
"ENSRNOG00000065282",36
"ENSRNOG00000067460",0
"ENSRNOG00000000070",1601
"ENSRNOG00000070125",0
"ENSRNOG00000043210",1520
"ENSRNOG00000066365",22
"ENSRNOG00000062603",5
"ENSRNOG00000063408",0
"ENSRNOG00000000043",3284
"ENSRNOG00000063433",0
"ENSRNOG00000002129",1839
"ENSRNOG00000068177",0
"ENSRNOG00000004090",3427
"ENSRNOG00000070162",2
"ENSRNOG00000027088",949
"ENSRNOG00000064219",5
"ENSRNOG00000068528",75
"ENSRNOG00000067267",28
"ENSRNOG00000005203",735
"ENSRNOG00000070904",71
"ENSRNOG00000002244",2877
"ENSRNOG00000065907",0
"ENSRNOG00000059010",4
"ENSRNOG00000023026",6
"ENSRNOG00000000041",60
"ENSRNOG00000063994",0
"ENSRNOG00000002754",17
"ENSRNOG00000063209",0
"ENSRNOG00000049527",391
"ENSRNOG00000067899",0
"ENSRNOG00000056561",0
"ENSRNOG00000024112",470
"ENSRNOG00000002154",87
"ENSRNOG00000018412",109
"ENSRNOG00000066377",8032
"ENSRNOG00000064574",3
"ENSRNOG00000005214",0
"ENSRNOG00000004781",3
"ENSRNOG00000063094",2
"ENSRNOG00000068298",18
"ENSRNOG00000056621",0
"ENSRNOG00000062871",161
"ENSRNOG00000002541",2829
"ENSRNOG00000002217",0
"ENSRNOG00000000044",870
"ENSRNOG00000066233",0
"ENSRNOG00000025882",81
"ENSRNOG00000022229",497
"ENSRNOG00000050047",1
"ENSRNOG00000063110",9
"ENSRNOG00000005326",27
"ENSRNOG00000002540",19
"ENSRNOG00000069738",0
"ENSRNOG00000026091",13
"ENSRNOG00000066418",0
"ENSRNOG00000002262",445
"ENSRNOG00000067919",0
"ENSRNOG00000065665",0
"ENSRNOG00000069726",0
"ENSRNOG00000057953",0
"ENSRNOG00000002271",2721
"ENSRNOG00000049351",0
"ENSRNOG00000062676",0
"ENSRNOG00000065688",0
"ENSRNOG00000040210",0
"ENSRNOG00000002270",1445
"ENSRNOG00000064666",0
"ENSRNOG00000026150",0
"ENSRNOG00000004332",935
"ENSRNOG00000064628",1
"ENSRNOG00000043130",0
"ENSRNOG00000002320",379
"ENSRNOG00000065647",0
"ENSRNOG00000063974",85
"ENSRNOG00000063375",0
"ENSRNOG00000013039",4338
"ENSRNOG00000022857",92
"ENSRNOG00000002360",0
"ENSRNOG00000026504",1522
"ENSRNOG00000068878",0
"ENSRNOG00000066747",29
"ENSRNOG00000067111",0
"ENSRNOG00000002292",672
"ENSRNOG00000067042",0
"ENSRNOG00000066624",15
"ENSRNOG00000013805",152
"ENSRNOG00000002039",981
"ENSRNOG00000069393",0
"ENSRNOG00000030258",0
"ENSRNOG00000004865",18
"ENSRNOG00000062754",0
"ENSRNOG00000018475",940
"ENSRNOG00000067406",0
"ENSRNOG00000063444",0
"ENSRNOG00000002302",8
"ENSRNOG00000013832",1705
"ENSRNOG00000063702",0
"ENSRNOG00000059285",0
"ENSRNOG00000065321",0
"ENSRNOG00000046931",0
"ENSRNOG00000063004",2
"ENSRNOG00000002251",5919
"ENSRNOG00000056604",4
"ENSRNOG00000068590",0
"ENSRNOG00000071149",0
"ENSRNOG00000060641",0
"ENSRNOG00000065680",0
"ENSRNOG00000068623",9
"ENSRNOG00000063388",8
"ENSRNOG00000067003",0
"ENSRNOG00000002318",60
"ENSRNOG00000067972",1
"ENSRNOG00000013930",4923
"ENSRNOG00000018590",860
"ENSRNOG00000006185",69
"ENSRNOG00000063585",0
"ENSRNOG00000024207",767
"ENSRNOG00000069538",2
"ENSRNOG00000058434",12
"ENSRNOG00000055083",0
"ENSRNOG00000002312",552
"ENSRNOG00000037162",1768
"ENSRNOG00000023533",145
"ENSRNOG00000004281",453
"ENSRNOG00000037421",36
"ENSRNOG00000055471",3511
"ENSRNOG00000002349",0
"ENSRNOG00000056162",6200
"ENSRNOG00000023529",9125
"ENSRNOG00000002121",633
"ENSRNOG00000002843",0
"ENSRNOG00000009313",1993
"ENSRNOG00000001950",0
"ENSRNOG00000005105",0
"ENSRNOG00000002035",207
"ENSRNOG00000023430",0
"ENSRNOG00000037632",0
"ENSRNOG00000029397",0
"ENSRNOG00000002889",0
"ENSRNOG00000017259",233
"ENSRNOG00000002031",1
"ENSRNOG00000024545",45
"ENSRNOG00000010996",1552
"ENSRNOG00000002040",1089
"ENSRNOG00000005393",2397
"ENSRNOG00000002117",0
"ENSRNOG00000017548",317
"ENSRNOG00000063749",0
"ENSRNOG00000018144",399
"ENSRNOG00000000073",287
"ENSRNOG00000017329",1102
"ENSRNOG00000002301",3205
"ENSRNOG00000002381",28
"ENSRNOG00000002246",815
"ENSRNOG00000007025",435
"ENSRNOG00000002093",3013
"ENSRNOG00000004327",3
"ENSRNOG00000001942",0
"ENSRNOG00000000075",143
"ENSRNOG00000066731",0
"ENSRNOG00000063633",0
"ENSRNOG00000016818",173
"ENSRNOG00000002327",0
"ENSRNOG00000001945",0
"ENSRNOG00000065981",0
"ENSRNOG00000002336",1
"ENSRNOG00000003606",140
"ENSRNOG00000066636",0
"ENSRNOG00000030665",0
"ENSRNOG00000068764",0
"ENSRNOG00000002070",99
"ENSRNOG00000042340",1665
"ENSRNOG00000002163",3793
"ENSRNOG00000063582",1
"ENSRNOG00000062941",0
"ENSRNOG00000005464",2548
"ENSRNOG00000024829",1048
"ENSRNOG00000068757",21
"ENSRNOG00000063124",0
"ENSRNOG00000004888",1194
"ENSRNOG00000002932",968
"ENSRNOG00000065993",0
"ENSRNOG00000013747",388
"ENSRNOG00000002105",72
"ENSRNOG00000056900",0
"ENSRNOG00000029461",40
"ENSRNOG00000033214",0
"ENSRNOG00000031052",4270
"ENSRNOG00000032160",1138
"ENSRNOG00000065000",626
"ENSRNOG00000043048",0
"ENSRNOG00000002161",78
"ENSRNOG00000004606",1211
"ENSRNOG00000027791",1262
"ENSRNOG00000016427",1859
"ENSRNOG00000000081",6984
"ENSRNOG00000067114",4
"ENSRNOG00000002167",2
"ENSRNOG00000067336",0
"ENSRNOG00000063351",29
"ENSRNOG00000038722",8
"ENSRNOG00000064182",0
"ENSRNOG00000053017",0
"ENSRNOG00000055911",673
"ENSRNOG00000002158",4
"ENSRNOG00000025121",1
"ENSRNOG00000067138",0
"ENSRNOG00000048944",0
"ENSRNOG00000004959",4706
"ENSRNOG00000026046",0
"ENSRNOG00000005077",126
"ENSRNOG00000019361",4
"ENSRNOG00000029107",60
"ENSRNOG00000062595",599
"ENSRNOG00000002855",580
"ENSRNOG00000051648",0
"ENSRNOG00000064268",0
"ENSRNOG00000023299",0
"ENSRNOG00000038427",0
"ENSRNOG00000033640",0
"ENSRNOG00000070133",314
"ENSRNOG00000005338",0
"ENSRNOG00000069654",0
"ENSRNOG00000009299",0
"ENSRNOG00000062938",0
"ENSRNOG00000008182",376
"ENSRNOG00000002177",73
"ENSRNOG00000030162",4
"ENSRNOG00000054224",220
"ENSRNOG00000004998",0
"ENSRNOG00000063344",1
"ENSRNOG00000006845",0
"ENSRNOG00000045749",57
"ENSRNOG00000064262",0
"ENSRNOG00000004992",2942
"ENSRNOG00000008474",719
"ENSRNOG00000069265",123
"ENSRNOG00000007033",60
"ENSRNOG00000002207",494
"ENSRNOG00000061438",0
"ENSRNOG00000058513",2
"ENSRNOG00000047761",620
"ENSRNOG00000061615",0
"ENSRNOG00000065022",1
"ENSRNOG00000008898",143
"ENSRNOG00000029052",1200
"ENSRNOG00000042277",0
"ENSRNOG00000033686",74
"ENSRNOG00000004640",13
"ENSRNOG00000033346",234
"ENSRNOG00000027623",489
"ENSRNOG00000071093",351
"ENSRNOG00000052764",60
"ENSRNOG00000028222",0
"ENSRNOG00000004672",164
"ENSRNOG00000002191",4
"ENSRNOG00000015033",1721
"ENSRNOG00000004940",265
"ENSRNOG00000027282",534
"ENSRNOG00000015474",1754
"ENSRNOG00000005147",40
"ENSRNOG00000069481",191
"ENSRNOG00000006329",181
"ENSRNOG00000059061",1926
"ENSRNOG00000005218",1446
"ENSRNOG00000026518",0
"ENSRNOG00000038140",459
"ENSRNOG00000008103",2479
"ENSRNOG00000002146",6689
"ENSRNOG00000007849",137
"ENSRNOG00000002142",277
"ENSRNOG00000034289",0
"ENSRNOG00000050982",0
"ENSRNOG00000070225",0
"ENSRNOG00000064135",71
"ENSRNOG00000033575",0
"ENSRNOG00000031928",0
"ENSRNOG00000067394",0
"ENSRNOG00000066410",0
"ENSRNOG00000054331",71
"ENSRNOG00000069005",92
"ENSRNOG00000053303",9
"ENSRNOG00000057703",8
"ENSRNOG00000062367",8
"ENSRNOG00000002225",3460
"ENSRNOG00000071057",0
"ENSRNOG00000065081",96
"ENSRNOG00000006394",217
"ENSRNOG00000002200",309
"ENSRNOG00000058316",174
"ENSRNOG00000006740",734
"ENSRNOG00000064883",0
"ENSRNOG00000002061",1563
"ENSRNOG00000005248",4138
"ENSRNOG00000002202",0
"ENSRNOG00000002247",243
"ENSRNOG00000019325",1354
"ENSRNOG00000059624",220
"ENSRNOG00000003599",143
"ENSRNOG00000063484",463
"ENSRNOG00000051135",0
"ENSRNOG00000048891",1146
"ENSRNOG00000002180",1285
"ENSRNOG00000008917",569
"ENSRNOG00000019624",1624
"ENSRNOG00000024390",0
"ENSRNOG00000011847",99
"ENSRNOG00000002042",0
"ENSRNOG00000002075",1277
"ENSRNOG00000010706",117
"ENSRNOG00000039989",295
"ENSRNOG00000009040",995
"ENSRNOG00000064381",394
"ENSRNOG00000002408",3
"ENSRNOG00000008951",0
"ENSRNOG00000005411",1100
"ENSRNOG00000033251",12
"ENSRNOG00000065003",331
"ENSRNOG00000050580",0
"ENSRNOG00000019645",1
"ENSRNOG00000012147",601
"ENSRNOG00000015093",16
"ENSRNOG00000054437",98
"ENSRNOG00000061121",4560
"ENSRNOG00000027152",1390
"ENSRNOG00000065408",0
"ENSRNOG00000002134",0
"ENSRNOG00000005524",669
"ENSRNOG00000068954",0
"ENSRNOG00000002484",0
"ENSRNOG00000005982",167
"ENSRNOG00000070747",169
"ENSRNOG00000061231",1428
"ENSRNOG00000009437",2746
"ENSRNOG00000066766",6
"ENSRNOG00000002073",22
"ENSRNOG00000054669",350
"ENSRNOG00000067007",1391
"ENSRNOG00000070530",0
"ENSRNOG00000027032",233
"ENSRNOG00000008421",466
"ENSRNOG00000062465",1
"ENSRNOG00000069246",302
"ENSRNOG00000009281",541
"ENSRNOG00000002212",34
"ENSRNOG00000049446",9
"ENSRNOG00000019451",2578
"ENSRNOG00000009267",567
"ENSRNOG00000022631",0
"ENSRNOG00000000064",727
"ENSRNOG00000051929",0
"ENSRNOG00000064533",0
"ENSRNOG00000026134",162
"ENSRNOG00000007120",1443
"ENSRNOG00000002214",67
"ENSRNOG00000002089",1063
"ENSRNOG00000024899",5
"ENSRNOG00000002343",198
"ENSRNOG00000002004",211
"ENSRNOG00000070774",0
"ENSRNOG00000009639",521
"ENSRNOG00000002771",10
"ENSRNOG00000002643",1299
"ENSRNOG00000066604",0
"ENSRNOG00000022242",0
"ENSRNOG00000007125",323
"ENSRNOG00000002759",178
"ENSRNOG00000062477",0
"ENSRNOG00000059582",2
"ENSRNOG00000005113",0
"ENSRNOG00000026716",135
"ENSRNOG00000058724",262
"ENSRNOG00000008079",1776
"ENSRNOG00000002834",1
"ENSRNOG00000068418",18
"ENSRNOG00000002546",894
"ENSRNOG00000067728",0
"ENSRNOG00000017775",2
"ENSRNOG00000002192",340
"ENSRNOG00000062888",0
"ENSRNOG00000010298",3395
"ENSRNOG00000062749",0
"ENSRNOG00000051837",0
"ENSRNOG00000069779",0
"ENSRNOG00000065159",5
"ENSRNOG00000009935",2673
"ENSRNOG00000064890",143
"ENSRNOG00000008456",1501
"ENSRNOG00000002433",1733
"ENSRNOG00000002232",3112
"ENSRNOG00000056826",10
"ENSRNOG00000004515",870
"ENSRNOG00000002506",268
"ENSRNOG00000004555",6
"ENSRNOG00000064777",17
"ENSRNOG00000002194",383
"ENSRNOG00000063717",2695
"ENSRNOG00000002829",0
"ENSRNOG00000005397",2385
"ENSRNOG00000063361",0
"ENSRNOG00000049782",351
"ENSRNOG00000060245",0
"ENSRNOG00000014874",24
"ENSRNOG00000051889",4676
"ENSRNOG00000002579",8469
"ENSRNOG00000049270",2
"ENSRNOG00000002956",583
"ENSRNOG00000012184",284
"ENSRNOG00000002782",0
"ENSRNOG00000049828",148
"ENSRNOG00000067305",156
"ENSRNOG00000069417",11
"ENSRNOG00000067702",0
"ENSRNOG00000002159",201
"ENSRNOG00000003003",548
"ENSRNOG00000008716",2
"ENSRNOG00000002188",157
"ENSRNOG00000021347",91
"ENSRNOG00000070232",0
"ENSRNOG00000002168",0
"ENSRNOG00000056767",0
"ENSRNOG00000002792",0
"ENSRNOG00000025494",15
"ENSRNOG00000071170",323
"ENSRNOG00000002802",124
"ENSRNOG00000065472",5
"ENSRNOG00000030988",460
"ENSRNOG00000002185",475
"ENSRNOG00000002273",29
"ENSRNOG00000000062",822
"ENSRNOG00000043124",2
"ENSRNOG00000069799",467
"ENSRNOG00000028043",4
"ENSRNOG00000070238",3
"ENSRNOG00000023937",71
"ENSRNOG00000054896",456
"ENSRNOG00000004280",3477
"ENSRNOG00000002149",2
"ENSRNOG00000028015",0
"ENSRNOG00000054151",298
"ENSRNOG00000004626",0
"ENSRNOG00000002112",577
"ENSRNOG00000009220",241
"ENSRNOG00000049955",0
"ENSRNOG00000052142",215
"ENSRNOG00000051590",1
"ENSRNOG00000002053",795
"ENSRNOG00000066359",0
"ENSRNOG00000013647",242
"ENSRNOG00000046327",3259
"ENSRNOG00000055372",21
"ENSRNOG00000007049",0
"ENSRNOG00000002079",1
"ENSRNOG00000004932",3
"ENSRNOG00000005130",3089
"ENSRNOG00000023650",1840
"ENSRNOG00000064097",18
"ENSRNOG00000006261",287
"ENSRNOG00000013720",1473
"ENSRNOG00000063828",407
"ENSRNOG00000027249",187
"ENSRNOG00000058991",0
"ENSRNOG00000002182",7933
"ENSRNOG00000014098",183
"ENSRNOG00000012367",2
"ENSRNOG00000007864",165
"ENSRNOG00000066201",0
"ENSRNOG00000037865",0
"ENSRNOG00000024634",0
"ENSRNOG00000068459",21
"ENSRNOG00000011979",1051
"ENSRNOG00000004057",1159
"ENSRNOG00000055015",0
"ENSRNOG00000056944",236
"ENSRNOG00000004145",26
"ENSRNOG00000024454",91
"ENSRNOG00000002186",185
"ENSRNOG00000004161",132
"ENSRNOG00000002210",2892
"ENSRNOG00000002203",401
"ENSRNOG00000051487",387
"ENSRNOG00000009240",898
"ENSRNOG00000004426",327
"ENSRNOG00000064588",2
"ENSRNOG00000014409",0
"ENSRNOG00000004456",10
"ENSRNOG00000004130",534
"ENSRNOG00000002878",4
"ENSRNOG00000061527",0
"ENSRNOG00000003374",0
"ENSRNOG00000023484",442
"ENSRNOG00000029004",0
"ENSRNOG00000068270",0
"ENSRNOG00000002125",5620
"ENSRNOG00000049244",193
"ENSRNOG00000042419",178
"ENSRNOG00000005016",674
"ENSRNOG00000002204",7
"ENSRNOG00000003844",4223
"ENSRNOG00000006356",0
"ENSRNOG00000002054",228
"ENSRNOG00000003600",422
"ENSRNOG00000003289",828
"ENSRNOG00000008786",1653
"ENSRNOG00000047876",3
"ENSRNOG00000003712",762
"ENSRNOG00000023446",36
"ENSRNOG00000002218",79
"ENSRNOG00000003901",479
"ENSRNOG00000003787",327
"ENSRNOG00000055849",1
"ENSRNOG00000002208",117
"ENSRNOG00000060825",569
"ENSRNOG00000005434",6785
"ENSRNOG00000023389",0
"ENSRNOG00000038572",147
"ENSRNOG00000002361",0
"ENSRNOG00000066757",7324
"ENSRNOG00000069412",228
"ENSRNOG00000053875",29
"ENSRNOG00000003704",16
"ENSRNOG00000064595",0
"ENSRNOG00000032471",381
"ENSRNOG00000064100",8
"ENSRNOG00000002045",313
"ENSRNOG00000014785",2670
"ENSRNOG00000022176",26
"ENSRNOG00000043451",148818
"ENSRNOG00000007283",1233
"ENSRNOG00000053766",216
"ENSRNOG00000070799",251
"ENSRNOG00000058474",683
"ENSRNOG00000032350",0
"ENSRNOG00000064123",0
"ENSRNOG00000062922",0
"ENSRNOG00000012378",529
"ENSRNOG00000068086",15
"ENSRNOG00000063032",0
"ENSRNOG00000013532",65
"ENSRNOG00000004621",6214
"ENSRNOG00000002258",14
"ENSRNOG00000003924",214
"ENSRNOG00000059140",1
"ENSRNOG00000002256",1
"ENSRNOG00000003253",254
"ENSRNOG00000052477",417
"ENSRNOG00000067585",4
"ENSRNOG00000003869",12362
"ENSRNOG00000063380",0
"ENSRNOG00000037462",58
"ENSRNOG00000022298",0
"ENSRNOG00000025923",623
"ENSRNOG00000022256",20
"ENSRNOG00000003052",469
"ENSRNOG00000027864",1251
"ENSRNOG00000052275",70
"ENSRNOG00000060340",5210
"ENSRNOG00000068472",0
"ENSRNOG00000000048",1839
"ENSRNOG00000007948",1719
"ENSRNOG00000065699",599
"ENSRNOG00000056148",1731
"ENSRNOG00000062321",0
"ENSRNOG00000049076",0
"ENSRNOG00000025645",1
"ENSRNOG00000002940",2875
"ENSRNOG00000058780",0
"ENSRNOG00000061910",0
"ENSRNOG00000067374",15
"ENSRNOG00000065388",0
"ENSRNOG00000062895",0
"ENSRNOG00000070590",0
"ENSRNOG00000069782",84
"ENSRNOG00000052061",0
"ENSRNOG00000004670",509
"ENSRNOG00000034011",0
"ENSRNOG00000003067",0
"ENSRNOG00000004440",7
"ENSRNOG00000002728",10
"ENSRNOG00000039548",0
"ENSRNOG00000039504",70
"ENSRNOG00000003296",394
"ENSRNOG00000063211",0
"ENSRNOG00000052080",14
"ENSRNOG00000039326",0
"ENSRNOG00000027463",44
"ENSRNOG00000065084",5
"ENSRNOG00000003119",0
"ENSRNOG00000005180",0
"ENSRNOG00000062649",0
"ENSRNOG00000064480",914
"ENSRNOG00000031307",0
"ENSRNOG00000065866",1
"ENSRNOG00000070218",0
"ENSRNOG00000050229",0
"ENSRNOG00000011704",338
"ENSRNOG00000009291",2
"ENSRNOG00000013353",859
"ENSRNOG00000018023",1051
"ENSRNOG00000018295",719
"ENSRNOG00000008351",51
"ENSRNOG00000062766",0
"ENSRNOG00000070556",0
"ENSRNOG00000008543",435
"ENSRNOG00000062372",0
"ENSRNOG00000045711",0
"ENSRNOG00000065063",0
"ENSRNOG00000008829",1640
"ENSRNOG00000013804",1067
"ENSRNOG00000011039",5
"ENSRNOG00000014148",865
"ENSRNOG00000009745",430
"ENSRNOG00000010178",648
"ENSRNOG00000015495",312
"ENSRNOG00000011167",125
"ENSRNOG00000010935",1
"ENSRNOG00000011237",723
"ENSRNOG00000031849",3
"ENSRNOG00000017170",63
"ENSRNOG00000011873",189
"ENSRNOG00000010645",4368
"ENSRNOG00000047413",8
"ENSRNOG00000064161",0
"ENSRNOG00000010063",223
"ENSRNOG00000067178",0
"ENSRNOG00000070834",1
"ENSRNOG00000070976",13
"ENSRNOG00000012491",0
"ENSRNOG00000014982",0
"ENSRNOG00000067796",0
"ENSRNOG00000064001",0
"ENSRNOG00000000155",650
"ENSRNOG00000066061",0
"ENSRNOG00000012255",816
"ENSRNOG00000012515",0
"ENSRNOG00000067438",0
"ENSRNOG00000033642",0
"ENSRNOG00000001052",457
"ENSRNOG00000014192",323
"ENSRNOG00000066232",0
"ENSRNOG00000065899",0
"ENSRNOG00000016271",15409
"ENSRNOG00000069012",0
"ENSRNOG00000047419",0
"ENSRNOG00000015054",464
"ENSRNOG00000032368",0
"ENSRNOG00000012545",0
"ENSRNOG00000012526",0
"ENSRNOG00000008739",0
"ENSRNOG00000016029",804
"ENSRNOG00000030687",0
"ENSRNOG00000029613",0
"ENSRNOG00000008804",0
"ENSRNOG00000065218",0
"ENSRNOG00000039487",2
"ENSRNOG00000063079",0
"ENSRNOG00000025615",0
"ENSRNOG00000015577",330
"ENSRNOG00000054022",3
"ENSRNOG00000062920",0
"ENSRNOG00000030110",1
"ENSRNOG00000025562",1
"ENSRNOG00000066425",0
"ENSRNOG00000039500",0
"ENSRNOG00000062984",0
"ENSRNOG00000069587",0
"ENSRNOG00000064358",0
"ENSRNOG00000008800",0
"ENSRNOG00000063204",0
"ENSRNOG00000067511",0
"ENSRNOG00000069251",0
"ENSRNOG00000042103",0
"ENSRNOG00000014478",16142
"ENSRNOG00000039060",1
"ENSRNOG00000070633",5
"ENSRNOG00000020382",0
"ENSRNOG00000068095",0
"ENSRNOG00000063996",1
"ENSRNOG00000008850",270
"ENSRNOG00000057750",86
"ENSRNOG00000021843",2
"ENSRNOG00000067714",25
"ENSRNOG00000048585",80
"ENSRNOG00000058011",3876
"ENSRNOG00000025239",9
"ENSRNOG00000031532",617
"ENSRNOG00000013433",0
"ENSRNOG00000022760",53
"ENSRNOG00000008892",447
"ENSRNOG00000029077",87
"ENSRNOG00000021823",5
"ENSRNOG00000050996",0
"ENSRNOG00000011657",12
"ENSRNOG00000070802",2
"ENSRNOG00000026056",0
"ENSRNOG00000064764",146
"ENSRNOG00000038291",0
"ENSRNOG00000049650",0
"ENSRNOG00000029516",2
"ENSRNOG00000038122",1
"ENSRNOG00000030871",254
"ENSRNOG00000009333",241
"ENSRNOG00000045597",0
"ENSRNOG00000029520",19
"ENSRNOG00000038074",11487
"ENSRNOG00000062952",0
"ENSRNOG00000009663",1136
"ENSRNOG00000038041",3
"ENSRNOG00000022492",11
"ENSRNOG00000001030",10548
"ENSRNOG00000009521",1
"ENSRNOG00000009948",944
"ENSRNOG00000065791",1
"ENSRNOG00000031960",292
"ENSRNOG00000063983",0
"ENSRNOG00000064722",0
"ENSRNOG00000064971",0
"ENSRNOG00000055266",0
"ENSRNOG00000067582",0
"ENSRNOG00000029824",1
"ENSRNOG00000068404",0
"ENSRNOG00000063454",0
"ENSRNOG00000010261",5
"ENSRNOG00000070732",9
"ENSRNOG00000042612",0
"ENSRNOG00000068233",3
"ENSRNOG00000068357",0
"ENSRNOG00000070440",6
"ENSRNOG00000025868",5
"ENSRNOG00000033030",1121
"ENSRNOG00000031251",0
"ENSRNOG00000009982",1442
"ENSRNOG00000029267",641
"ENSRNOG00000051066",0
"ENSRNOG00000009063",493
"ENSRNOG00000063800",979
"ENSRNOG00000065956",0
"ENSRNOG00000066653",2
"ENSRNOG00000070072",1347
"ENSRNOG00000062868",2
"ENSRNOG00000065038",1
"ENSRNOG00000062313",14
"ENSRNOG00000043061",108
"ENSRNOG00000062503",3941
"ENSRNOG00000068647",464
"ENSRNOG00000059922",4
"ENSRNOG00000009471",0
"ENSRNOG00000051706",2329
"ENSRNOG00000068903",0
"ENSRNOG00000063033",35
"ENSRNOG00000067118",0
"ENSRNOG00000068308",0
"ENSRNOG00000062863",0
"ENSRNOG00000013236",359
"ENSRNOG00000009512",2068
"ENSRNOG00000010375",0
"ENSRNOG00000013287",634
"ENSRNOG00000025625",0
"ENSRNOG00000064609",63
"ENSRNOG00000025597",2
"ENSRNOG00000063584",3
"ENSRNOG00000065141",0
"ENSRNOG00000009412",644
"ENSRNOG00000069584",0
"ENSRNOG00000032133",0
"ENSRNOG00000070444",0
"ENSRNOG00000063957",0
"ENSRNOG00000064658",0
"ENSRNOG00000042960",255
"ENSRNOG00000071047",0
"ENSRNOG00000021943",0
"ENSRNOG00000001049",28969
"ENSRNOG00000029316",87
"ENSRNOG00000047106",128
"ENSRNOG00000009987",2067
"ENSRNOG00000022094",146
"ENSRNOG00000042404",13
"ENSRNOG00000047817",240
"ENSRNOG00000067430",5
"ENSRNOG00000010065",295
"ENSRNOG00000042253",485
"ENSRNOG00000013280",0
"ENSRNOG00000008970",0
"ENSRNOG00000024061",5
"ENSRNOG00000038228",56
"ENSRNOG00000068464",0
"ENSRNOG00000006751",1688
"ENSRNOG00000069429",0
"ENSRNOG00000062969",0
"ENSRNOG00000048927",576
"ENSRNOG00000007246",583
"ENSRNOG00000033366",0
"ENSRNOG00000045632",0
"ENSRNOG00000001037",318
"ENSRNOG00000064703",0
"ENSRNOG00000059044",0
"ENSRNOG00000001033",488
"ENSRNOG00000048795",2116
"ENSRNOG00000010389",866
"ENSRNOG00000064095",0
"ENSRNOG00000071004",0
"ENSRNOG00000031061",2271
"ENSRNOG00000064846",0
"ENSRNOG00000013306",43
"ENSRNOG00000062797",0
"ENSRNOG00000049976",0
"ENSRNOG00000062484",0
"ENSRNOG00000066180",0
"ENSRNOG00000045863",541
"ENSRNOG00000007701",631
"ENSRNOG00000062724",0
"ENSRNOG00000025473",1
"ENSRNOG00000039432",0
"ENSRNOG00000051907",0
"ENSRNOG00000069768",0
"ENSRNOG00000025512",187
"ENSRNOG00000064134",0
"ENSRNOG00000067574",0
"ENSRNOG00000053145",1447
"ENSRNOG00000061293",0
"ENSRNOG00000025640",0
"ENSRNOG00000066274",0
"ENSRNOG00000009075",99
"ENSRNOG00000056892",0
"ENSRNOG00000064043",0
"ENSRNOG00000027633",0
"ENSRNOG00000031304",0
"ENSRNOG00000021831",10
"ENSRNOG00000009074",6
"ENSRNOG00000064147",29
"ENSRNOG00000010696",0
"ENSRNOG00000020625",0
"ENSRNOG00000041381",0
"ENSRNOG00000068959",0
"ENSRNOG00000057109",0
"ENSRNOG00000067234",0
"ENSRNOG00000069849",0
"ENSRNOG00000046753",0
"ENSRNOG00000065233",0
"ENSRNOG00000052202",0
"ENSRNOG00000008024",3479
"ENSRNOG00000035462",0
"ENSRNOG00000012012",196
"ENSRNOG00000062626",0
"ENSRNOG00000060405",1
"ENSRNOG00000054276",0
"ENSRNOG00000035583",0
"ENSRNOG00000064640",0
"ENSRNOG00000057576",0
"ENSRNOG00000051849",0
"ENSRNOG00000063503",0
"ENSRNOG00000061287",0
"ENSRNOG00000035578",0
"ENSRNOG00000011678",234
"ENSRNOG00000069993",0
"ENSRNOG00000056893",0
"ENSRNOG00000035471",0
"ENSRNOG00000065455",0
"ENSRNOG00000060150",0
"ENSRNOG00000065085",0
"ENSRNOG00000035629",0
"ENSRNOG00000011560",807
"ENSRNOG00000066053",0
"ENSRNOG00000068227",0
"ENSRNOG00000068559",0
"ENSRNOG00000066538",0
"ENSRNOG00000060682",0
"ENSRNOG00000069181",7
"ENSRNOG00000052354",2138
"ENSRNOG00000057216",0
"ENSRNOG00000035649",0
"ENSRNOG00000064094",3
"ENSRNOG00000057812",0
"ENSRNOG00000065769",0
"ENSRNOG00000070936",6
"ENSRNOG00000038760",0
"ENSRNOG00000035657",0
"ENSRNOG00000065612",0
"ENSRNOG00000066005",13
"ENSRNOG00000065401",0
"ENSRNOG00000068082",0
"ENSRNOG00000068133",0
"ENSRNOG00000062371",5
"ENSRNOG00000064804",0
"ENSRNOG00000068621",0
"ENSRNOG00000068383",0
"ENSRNOG00000058865",0
"ENSRNOG00000063595",0
"ENSRNOG00000053976",0
"ENSRNOG00000065420",0
"ENSRNOG00000011316",121
"ENSRNOG00000070014",0
"ENSRNOG00000065060",0
"ENSRNOG00000066946",0
"ENSRNOG00000068304",0
"ENSRNOG00000069355",0
"ENSRNOG00000046326",0
"ENSRNOG00000053941",0
"ENSRNOG00000066682",0
"ENSRNOG00000070977",0
"ENSRNOG00000011762",1440
"ENSRNOG00000065679",0
"ENSRNOG00000057970",0
"ENSRNOG00000071137",0
"ENSRNOG00000061759",0
"ENSRNOG00000033109",0
"ENSRNOG00000063561",0
"ENSRNOG00000014231",8
"ENSRNOG00000056328",0
"ENSRNOG00000062774",0
"ENSRNOG00000014282",0
"ENSRNOG00000063652",0
"ENSRNOG00000067698",0
"ENSRNOG00000066578",0
"ENSRNOG00000070214",0
"ENSRNOG00000013317",183
"ENSRNOG00000069194",0
"ENSRNOG00000065797",288
"ENSRNOG00000010708",765
"ENSRNOG00000039871",330
"ENSRNOG00000051403",0
"ENSRNOG00000065194",0
"ENSRNOG00000071126",0
"ENSRNOG00000031618",0
"ENSRNOG00000061145",0
"ENSRNOG00000065144",10
"ENSRNOG00000065498",0
"ENSRNOG00000070830",0
"ENSRNOG00000063639",65
"ENSRNOG00000054735",0
"ENSRNOG00000024785",0
"ENSRNOG00000063200",0
"ENSRNOG00000069641",0
"ENSRNOG00000018238",1
"ENSRNOG00000065189",0
"ENSRNOG00000052938",0
"ENSRNOG00000066240",0
"ENSRNOG00000012046",974
"ENSRNOG00000056766",0
"ENSRNOG00000063430",0
"ENSRNOG00000056759",0
"ENSRNOG00000065395",0
"ENSRNOG00000055553",0
"ENSRNOG00000061833",0
"ENSRNOG00000064305",0
"ENSRNOG00000059530",0
"ENSRNOG00000065126",4
"ENSRNOG00000016414",183
"ENSRNOG00000070464",0
"ENSRNOG00000012594",670
"ENSRNOG00000068863",0
"ENSRNOG00000059767",0
"ENSRNOG00000055682",0
"ENSRNOG00000039297",2141
"ENSRNOG00000061838",0
"ENSRNOG00000059034",0
"ENSRNOG00000016177",1513
"ENSRNOG00000068027",0
"ENSRNOG00000060960",0
"ENSRNOG00000058061",0
"ENSRNOG00000065230",0
"ENSRNOG00000054135",0
"ENSRNOG00000062363",0
"ENSRNOG00000058452",0
"ENSRNOG00000069957",1
"ENSRNOG00000071028",0
"ENSRNOG00000063250",242
"ENSRNOG00000011544",358
"ENSRNOG00000070015",0
"ENSRNOG00000061641",26
"ENSRNOG00000014311",103
"ENSRNOG00000058525",0
"ENSRNOG00000069144",9
"ENSRNOG00000029808",1
"ENSRNOG00000024504",1
"ENSRNOG00000062348",0
"ENSRNOG00000054577",0
"ENSRNOG00000070675",0
"ENSRNOG00000033141",3
"ENSRNOG00000057363",0
"ENSRNOG00000068645",0
"ENSRNOG00000016460",4405
"ENSRNOG00000063915",0
"ENSRNOG00000066360",3
"ENSRNOG00000039284",125
"ENSRNOG00000062007",0
"ENSRNOG00000039489",15
"ENSRNOG00000012821",0
"ENSRNOG00000070715",0
"ENSRNOG00000057277",0
"ENSRNOG00000070972",0
"ENSRNOG00000063028",0
"ENSRNOG00000057251",0
"ENSRNOG00000029860",0
"ENSRNOG00000018177",0
"ENSRNOG00000058584",0
"ENSRNOG00000065303",5
"ENSRNOG00000063385",0
"ENSRNOG00000011548",27
"ENSRNOG00000057837",21
"ENSRNOG00000054493",2
"ENSRNOG00000066516",2
"ENSRNOG00000065534",17
"ENSRNOG00000057709",4
"ENSRNOG00000069433",15
"ENSRNOG00000013386",905
"ENSRNOG00000019895",400
"ENSRNOG00000055787",0
"ENSRNOG00000068890",0
"ENSRNOG00000010479",3134
"ENSRNOG00000016648",0
"ENSRNOG00000058479",0
"ENSRNOG00000013503",102
"ENSRNOG00000067974",12
"ENSRNOG00000066692",12
"ENSRNOG00000060935",0
"ENSRNOG00000070476",14
"ENSRNOG00000008203",0
"ENSRNOG00000054159",0
"ENSRNOG00000012488",1133
"ENSRNOG00000062755",0
"ENSRNOG00000065567",55
"ENSRNOG00000034535",0
"ENSRNOG00000061269",0
"ENSRNOG00000064445",0
"ENSRNOG00000020216",339
"ENSRNOG00000010319",54
"ENSRNOG00000061398",0
"ENSRNOG00000063536",0
"ENSRNOG00000061120",0
"ENSRNOG00000058181",0
"ENSRNOG00000070060",3
"ENSRNOG00000009449",2878
"ENSRNOG00000063234",0
"ENSRNOG00000052992",0
"ENSRNOG00000042029",0
"ENSRNOG00000059298",0
"ENSRNOG00000059939",0
"ENSRNOG00000067706",9
"ENSRNOG00000068103",2
"ENSRNOG00000059627",0
"ENSRNOG00000067726",1
"ENSRNOG00000057990",0
"ENSRNOG00000067953",3
"ENSRNOG00000054707",0
"ENSRNOG00000020189",565
"ENSRNOG00000066324",5
"ENSRNOG00000065267",0
"ENSRNOG00000012844",1378
"ENSRNOG00000056319",1
"ENSRNOG00000068534",0
"ENSRNOG00000011634",55
"ENSRNOG00000053495",1
"ENSRNOG00000070078",0
"ENSRNOG00000063907",4
"ENSRNOG00000071095",0
"ENSRNOG00000068458",1
"ENSRNOG00000053993",0
"ENSRNOG00000068783",441
"ENSRNOG00000013111",567
"ENSRNOG00000060347",0
"ENSRNOG00000029659",0
"ENSRNOG00000065894",0
"ENSRNOG00000064422",6
"ENSRNOG00000062832",0
"ENSRNOG00000063941",0
"ENSRNOG00000053120",0
"ENSRNOG00000066594",5
"ENSRNOG00000039543",0
"ENSRNOG00000063777",0
"ENSRNOG00000008059",0
"ENSRNOG00000060452",0
"ENSRNOG00000027839",45
"ENSRNOG00000070692",0
"ENSRNOG00000054386",0
"ENSRNOG00000054874",0
"ENSRNOG00000048980",41
"ENSRNOG00000052738",0
"ENSRNOG00000009034",555
"ENSRNOG00000053579",0
"ENSRNOG00000064280",0
"ENSRNOG00000067130",0
"ENSRNOG00000061336",0
"ENSRNOG00000013533",2260
"ENSRNOG00000065715",0
"ENSRNOG00000062908",0
"ENSRNOG00000027383",0
"ENSRNOG00000056821",0
"ENSRNOG00000069197",0
"ENSRNOG00000057947",0
"ENSRNOG00000069162",11
"ENSRNOG00000028810",0
"ENSRNOG00000015308",39
"ENSRNOG00000055587",0
"ENSRNOG00000035605",0
"ENSRNOG00000035645",0
"ENSRNOG00000063635",0
"ENSRNOG00000040381",0
"ENSRNOG00000064428",0
"ENSRNOG00000010798",0
"ENSRNOG00000011809",3
"ENSRNOG00000045973",0
"ENSRNOG00000062795",55
"ENSRNOG00000063486",0
"ENSRNOG00000009814",25
"ENSRNOG00000059279",0
"ENSRNOG00000063390",0
"ENSRNOG00000029146",471
"ENSRNOG00000020563",0
"ENSRNOG00000012402",0
"ENSRNOG00000066208",0
"ENSRNOG00000045641",1
"ENSRNOG00000057827",1
"ENSRNOG00000029220",772
"ENSRNOG00000064152",47
"ENSRNOG00000061157",6
"ENSRNOG00000008986",230
"ENSRNOG00000014904",5
"ENSRNOG00000069819",0
"ENSRNOG00000009873",1043
"ENSRNOG00000018825",1003
"ENSRNOG00000031100",0
"ENSRNOG00000008570",0
"ENSRNOG00000067125",3
"ENSRNOG00000025757",0
"ENSRNOG00000069044",0
"ENSRNOG00000065640",1
"ENSRNOG00000068573",0
"ENSRNOG00000064476",0
"ENSRNOG00000059188",0
"ENSRNOG00000022597",215
"ENSRNOG00000055101",0
"ENSRNOG00000065429",82
"ENSRNOG00000060835",0
"ENSRNOG00000056306",0
"ENSRNOG00000069953",0
"ENSRNOG00000069532",0
"ENSRNOG00000054766",0
"ENSRNOG00000010042",1014
"ENSRNOG00000067762",477
"ENSRNOG00000015732",194
"ENSRNOG00000055932",0
"ENSRNOG00000051622",0
"ENSRNOG00000008814",16
"ENSRNOG00000054041",0
"ENSRNOG00000052692",1
"ENSRNOG00000063774",0
"ENSRNOG00000031449",0
"ENSRNOG00000042195",1312
"ENSRNOG00000017424",1
"ENSRNOG00000053065",0
"ENSRNOG00000052683",0
"ENSRNOG00000064523",0
"ENSRNOG00000067145",0
"ENSRNOG00000011953",1074
"ENSRNOG00000008834",23
"ENSRNOG00000059046",0
"ENSRNOG00000057168",0
"ENSRNOG00000016983",0
"ENSRNOG00000014291",1164
"ENSRNOG00000069783",0
"ENSRNOG00000061555",0
"ENSRNOG00000067671",0
"ENSRNOG00000068549",0
"ENSRNOG00000051646",0
"ENSRNOG00000061152",3338
"ENSRNOG00000061494",0
"ENSRNOG00000068487",399
"ENSRNOG00000069315",0
"ENSRNOG00000070994",0
"ENSRNOG00000056111",0
"ENSRNOG00000065418",0
"ENSRNOG00000059855",0
"ENSRNOG00000063420",0
"ENSRNOG00000024798",209
"ENSRNOG00000047005",0
"ENSRNOG00000025011",2524
"ENSRNOG00000017286",259
"ENSRNOG00000009125",690
"ENSRNOG00000018069",368
"ENSRNOG00000009208",118
"ENSRNOG00000016828",0
"ENSRNOG00000053494",5
"ENSRNOG00000016804",0
"ENSRNOG00000011592",7505
"ENSRNOG00000020782",542
"ENSRNOG00000053334",1
"ENSRNOG00000018399",0
"ENSRNOG00000011621",3112
"ENSRNOG00000020321",199
"ENSRNOG00000025634",226
"ENSRNOG00000020377",3
"ENSRNOG00000066806",2
"ENSRNOG00000018105",902
"ENSRNOG00000065822",0
"ENSRNOG00000020685",0
"ENSRNOG00000060775",1686
"ENSRNOG00000067852",0
"ENSRNOG00000069821",0
"ENSRNOG00000025619",0
"ENSRNOG00000017027",0
"ENSRNOG00000062532",0
"ENSRNOG00000025589",0
"ENSRNOG00000066413",0
"ENSRNOG00000008989",224
"ENSRNOG00000020136",8
"ENSRNOG00000013968",242
"ENSRNOG00000063163",1
"ENSRNOG00000008785",68
"ENSRNOG00000039435",0
"ENSRNOG00000066673",0
"ENSRNOG00000062840",0
"ENSRNOG00000013089",449
"ENSRNOG00000060662",0
"ENSRNOG00000069519",0
"ENSRNOG00000022116",0
"ENSRNOG00000010947",11983
"ENSRNOG00000014887",201
"ENSRNOG00000020503",8
"ENSRNOG00000009431",47
"ENSRNOG00000032148",19
"ENSRNOG00000020506",187
"ENSRNOG00000019019",0
"ENSRNOG00000054269",0
"ENSRNOG00000018528",0
"ENSRNOG00000009090",1958
"ENSRNOG00000020544",436
"ENSRNOG00000038012",211
"ENSRNOG00000030483",647
"ENSRNOG00000009244",4719
"ENSRNOG00000013101",0
"ENSRNOG00000064786",0
"ENSRNOG00000013326",1186
"ENSRNOG00000068252",0
"ENSRNOG00000066973",0
"ENSRNOG00000070770",0
"ENSRNOG00000019840",144
"ENSRNOG00000011168",488
"ENSRNOG00000009713",4562
"ENSRNOG00000053522",0
"ENSRNOG00000013505",4839
"ENSRNOG00000008847",7
"ENSRNOG00000010296",368
"ENSRNOG00000018536",1380
"ENSRNOG00000065600",0
"ENSRNOG00000066599",0
"ENSRNOG00000049099",4527
"ENSRNOG00000008855",3
"ENSRNOG00000012791",339
"ENSRNOG00000018239",159
"ENSRNOG00000009145",720
"ENSRNOG00000050968",1
"ENSRNOG00000024509",0
"ENSRNOG00000069364",0
"ENSRNOG00000064504",0
"ENSRNOG00000066125",0
"ENSRNOG00000064194",0
"ENSRNOG00000063334",0
"ENSRNOG00000013459",1453
"ENSRNOG00000005857",0
"ENSRNOG00000066711",0
"ENSRNOG00000025518",38
"ENSRNOG00000008734",2325
"ENSRNOG00000067381",0
"ENSRNOG00000070074",0
"ENSRNOG00000063931",0
"ENSRNOG00000067301",0
"ENSRNOG00000010137",854
"ENSRNOG00000009836",1656
"ENSRNOG00000067669",0
"ENSRNOG00000007895",534
"ENSRNOG00000011158",2592
"ENSRNOG00000021712",520
"ENSRNOG00000069095",6
"ENSRNOG00000020401",0
"ENSRNOG00000067709",0
"ENSRNOG00000061275",0
"ENSRNOG00000065912",0
"ENSRNOG00000068543",0
"ENSRNOG00000055238",0
"ENSRNOG00000009690",232
"ENSRNOG00000070979",0
"ENSRNOG00000024022",1256
"ENSRNOG00000067681",3
"ENSRNOG00000068831",0
"ENSRNOG00000010997",55
"ENSRNOG00000065703",0
"ENSRNOG00000064184",11
"ENSRNOG00000020264",526
"ENSRNOG00000013581",2853
"ENSRNOG00000009649",0
"ENSRNOG00000065367",0
"ENSRNOG00000022337",0
"ENSRNOG00000009470",2294
"ENSRNOG00000064677",0
"ENSRNOG00000009209",0
"ENSRNOG00000047211",439
"ENSRNOG00000053891",4
"ENSRNOG00000065860",0
"ENSRNOG00000054569",0
"ENSRNOG00000009530",22
"ENSRNOG00000068772",0
"ENSRNOG00000071105",6
"ENSRNOG00000020465",313
"ENSRNOG00000065100",3
"ENSRNOG00000066775",0
"ENSRNOG00000009625",4902
"ENSRNOG00000068941",0
"ENSRNOG00000063247",0
"ENSRNOG00000010058",4425
"ENSRNOG00000030018",0
"ENSRNOG00000049583",0
"ENSRNOG00000063938",0
"ENSRNOG00000062910",0
"ENSRNOG00000020482",641
"ENSRNOG00000067050",0
"ENSRNOG00000010085",1
"ENSRNOG00000011471",4
"ENSRNOG00000009919",0
"ENSRNOG00000069606",0
"ENSRNOG00000065955",0
"ENSRNOG00000042267",0
"ENSRNOG00000013623",0
"ENSRNOG00000070380",1
"ENSRNOG00000009694",779
"ENSRNOG00000014003",11
"ENSRNOG00000066524",0
"ENSRNOG00000064315",1
"ENSRNOG00000009766",1059
"ENSRNOG00000066720",0
"ENSRNOG00000038068",0
"ENSRNOG00000014191",604
"ENSRNOG00000019246",35
"ENSRNOG00000063695",0
"ENSRNOG00000038917",0
"ENSRNOG00000070366",0
"ENSRNOG00000012521",1
"ENSRNOG00000009815",37
"ENSRNOG00000063949",0
"ENSRNOG00000064694",147
"ENSRNOG00000063134",0
"ENSRNOG00000007206",26
"ENSRNOG00000065815",0
"ENSRNOG00000064531",0
"ENSRNOG00000019438",662
"ENSRNOG00000042156",0
"ENSRNOG00000012644",914
"ENSRNOG00000064939",0
"ENSRNOG00000011646",94
"ENSRNOG00000024237",53
"ENSRNOG00000025302",105
"ENSRNOG00000005883",6
"ENSRNOG00000063168",0
"ENSRNOG00000067749",0
"ENSRNOG00000005869",1061
"ENSRNOG00000021847",159
"ENSRNOG00000067066",0
"ENSRNOG00000019478",1
"ENSRNOG00000067546",0
"ENSRNOG00000068832",0
"ENSRNOG00000062588",399
"ENSRNOG00000070952",5
"ENSRNOG00000064323",0
"ENSRNOG00000010064",1177
"ENSRNOG00000065453",0
"ENSRNOG00000066847",76
"ENSRNOG00000048431",942
"ENSRNOG00000011024",594
"ENSRNOG00000062279",382
"ENSRNOG00000019041",4253
"ENSRNOG00000059334",895
"ENSRNOG00000027012",792
"ENSRNOG00000012951",9
"ENSRNOG00000019162",13
"ENSRNOG00000012049",2
"ENSRNOG00000013793",0
"ENSRNOG00000049919",0
"ENSRNOG00000007320",0
"ENSRNOG00000068540",0
"ENSRNOG00000046301",0
"ENSRNOG00000064668",88
"ENSRNOG00000009820",2889
"ENSRNOG00000019503",3
"ENSRNOG00000047258",1
"ENSRNOG00000047637",0
"ENSRNOG00000019553",1679
"ENSRNOG00000047632",5
"ENSRNOG00000005957",336
"ENSRNOG00000019710",1211
"ENSRNOG00000012440",154
"ENSRNOG00000019789",9
"ENSRNOG00000008053",45
"ENSRNOG00000020647",0
"ENSRNOG00000021910",0
"ENSRNOG00000031792",0
"ENSRNOG00000009522",1
"ENSRNOG00000014054",0
"ENSRNOG00000070413",0
"ENSRNOG00000069510",0
"ENSRNOG00000063482",3
"ENSRNOG00000008664",4211
"ENSRNOG00000046660",2279
"ENSRNOG00000033261",11
"ENSRNOG00000009661",436
"ENSRNOG00000008671",0
"ENSRNOG00000024703",1361
"ENSRNOG00000058057",1454
"ENSRNOG00000054782",1654
"ENSRNOG00000056343",1139
"ENSRNOG00000063112",0
"ENSRNOG00000012918",1082
"ENSRNOG00000010352",1395
"ENSRNOG00000024125",0
"ENSRNOG00000014398",36
"ENSRNOG00000013707",52
"ENSRNOG00000007378",6
"ENSRNOG00000015921",23
"ENSRNOG00000015939",182
"ENSRNOG00000014659",232
"ENSRNOG00000010737",6161
"ENSRNOG00000028821",0
"ENSRNOG00000067366",0
"ENSRNOG00000007632",61
"ENSRNOG00000062980",0
"ENSRNOG00000014509",1337
"ENSRNOG00000017828",272
"ENSRNOG00000068885",0
"ENSRNOG00000066964",0
"ENSRNOG00000064732",0
"ENSRNOG00000067241",13
"ENSRNOG00000040007",0
"ENSRNOG00000031535",0
"ENSRNOG00000042281",1
"ENSRNOG00000066375",12
"ENSRNOG00000051564",970
"ENSRNOG00000070038",1
"ENSRNOG00000014518",0
"ENSRNOG00000037884",0
"ENSRNOG00000037886",1
"ENSRNOG00000009278",10
"ENSRNOG00000009481",543
"ENSRNOG00000066148",353
"ENSRNOG00000063586",0
"ENSRNOG00000010555",10
"ENSRNOG00000014603",989
"ENSRNOG00000031720",0
"ENSRNOG00000063939",3
"ENSRNOG00000000340",3512
"ENSRNOG00000009849",477
"ENSRNOG00000050211",28
"ENSRNOG00000010311",1624
"ENSRNOG00000017373",180
"ENSRNOG00000014653",69
"ENSRNOG00000015095",266
"ENSRNOG00000000341",6729
"ENSRNOG00000012912",0
"ENSRNOG00000013876",491
"ENSRNOG00000066389",1
"ENSRNOG00000026247",0
"ENSRNOG00000069977",0
"ENSRNOG00000009871",7
"ENSRNOG00000014265",2
"ENSRNOG00000063660",90
"ENSRNOG00000039829",0
"ENSRNOG00000011611",2202
"ENSRNOG00000011598",32
"ENSRNOG00000011427",10
"ENSRNOG00000008794",1174
"ENSRNOG00000064141",2
"ENSRNOG00000021680",213
"ENSRNOG00000009102",7759
"ENSRNOG00000014358",0
"ENSRNOG00000004516",472
"ENSRNOG00000008565",337
"ENSRNOG00000009288",12
"ENSRNOG00000008140",5548
"ENSRNOG00000012751",6191
"ENSRNOG00000069746",1
"ENSRNOG00000013835",1
"ENSRNOG00000011831",117
"ENSRNOG00000014075",96
"ENSRNOG00000011603",775
"ENSRNOG00000012014",384
"ENSRNOG00000009419",2796
"ENSRNOG00000038762",0
"ENSRNOG00000066497",424
"ENSRNOG00000030724",0
"ENSRNOG00000011203",2634
"ENSRNOG00000010028",224
"ENSRNOG00000012209",520
"ENSRNOG00000011511",1748
"ENSRNOG00000011177",11
"ENSRNOG00000011323",1
"ENSRNOG00000014945",2363
"ENSRNOG00000010890",2127
"ENSRNOG00000065026",0
"ENSRNOG00000068183",692
"ENSRNOG00000015075",229
"ENSRNOG00000032690",1590
"ENSRNOG00000015477",0
"ENSRNOG00000011373",351
"ENSRNOG00000009181",0
"ENSRNOG00000007203",1419
"ENSRNOG00000009192",181
"ENSRNOG00000038483",12
"ENSRNOG00000007956",102
"ENSRNOG00000009440",0
"ENSRNOG00000057042",396
"ENSRNOG00000009832",3919
"ENSRNOG00000009802",8
"ENSRNOG00000008641",328
"ENSRNOG00000038759",0
"ENSRNOG00000038758",0
"ENSRNOG00000006334",884
"ENSRNOG00000038757",0
"ENSRNOG00000013288",1674
"ENSRNOG00000010331",39705
"ENSRNOG00000026328",1
"ENSRNOG00000009785",173
"ENSRNOG00000021314",1948
"ENSRNOG00000013922",35
"ENSRNOG00000011342",1
"ENSRNOG00000006462",1424
"ENSRNOG00000070558",0
"ENSRNOG00000026616",0
"ENSRNOG00000065077",23
"ENSRNOG00000013658",0
"ENSRNOG00000009811",6497
"ENSRNOG00000013916",0
"ENSRNOG00000027040",124
"ENSRNOG00000010721",194
"ENSRNOG00000067464",3
"ENSRNOG00000067330",312
"ENSRNOG00000012363",5
"ENSRNOG00000025638",0
"ENSRNOG00000014310",397
"ENSRNOG00000010489",360
"ENSRNOG00000052414",0
"ENSRNOG00000064068",0
"ENSRNOG00000054879",0
"ENSRNOG00000070489",1
"ENSRNOG00000012710",1410
"ENSRNOG00000012628",0
"ENSRNOG00000025094",1
"ENSRNOG00000012273",1
"ENSRNOG00000014010",1
"ENSRNOG00000017481",880
"ENSRNOG00000016321",708
"ENSRNOG00000011969",788
"ENSRNOG00000016758",3796
"ENSRNOG00000016777",176
"ENSRNOG00000016939",553
"ENSRNOG00000004752",39
"ENSRNOG00000010989",5143
"ENSRNOG00000012850",1238
"ENSRNOG00000064565",459
"ENSRNOG00000060401",21
"ENSRNOG00000070657",107
"ENSRNOG00000013034",1
"ENSRNOG00000005783",1264
"ENSRNOG00000069198",4
"ENSRNOG00000065677",1
"ENSRNOG00000014237",387
"ENSRNOG00000048195",66
"ENSRNOG00000006422",0
"ENSRNOG00000010516",12
"ENSRNOG00000071188",0
"ENSRNOG00000040122",3
"ENSRNOG00000014661",98
"ENSRNOG00000046912",1304
"ENSRNOG00000064483",0
"ENSRNOG00000009274",636
"ENSRNOG00000009783",2894
"ENSRNOG00000009042",2297
"ENSRNOG00000062911",0
"ENSRNOG00000068637",0
"ENSRNOG00000011461",848
"ENSRNOG00000010765",6699
"ENSRNOG00000012325",730
"ENSRNOG00000057755",1676
"ENSRNOG00000056617",1499
"ENSRNOG00000007136",6005
"ENSRNOG00000009297",561
"ENSRNOG00000009206",0
"ENSRNOG00000006143",616
"ENSRNOG00000005985",115
"ENSRNOG00000005993",187
"ENSRNOG00000008949",111
"ENSRNOG00000008167",2053
"ENSRNOG00000007817",235
"ENSRNOG00000006649",512
"ENSRNOG00000007046",121
"ENSRNOG00000064871",1
"ENSRNOG00000006898",466
"ENSRNOG00000006619",207
"ENSRNOG00000069647",3
"ENSRNOG00000006554",869
"ENSRNOG00000019232",700
"ENSRNOG00000018938",37
"ENSRNOG00000017820",1
"ENSRNOG00000018853",0
"ENSRNOG00000042120",0
"ENSRNOG00000069385",786
"ENSRNOG00000029549",1587
"ENSRNOG00000068518",0
"ENSRNOG00000064755",5
"ENSRNOG00000019519",43
"ENSRNOG00000070010",2
"ENSRNOG00000030925",92
"ENSRNOG00000027506",0
"ENSRNOG00000063738",5
"ENSRNOG00000033763",4
"ENSRNOG00000061359",298
"ENSRNOG00000039876",213
"ENSRNOG00000021752",0
"ENSRNOG00000038520",3
"ENSRNOG00000067437",69
"ENSRNOG00000018685",0
"ENSRNOG00000069521",381
"ENSRNOG00000017558",161
"ENSRNOG00000066822",21
"ENSRNOG00000019533",62
"ENSRNOG00000018698",1399
"ENSRNOG00000068870",0
"ENSRNOG00000063235",6
"ENSRNOG00000052320",0
"ENSRNOG00000017445",0
"ENSRNOG00000058811",0
"ENSRNOG00000051428",0
"ENSRNOG00000038047",2440
"ENSRNOG00000060985",0
"ENSRNOG00000017577",202
"ENSRNOG00000058895",0
"ENSRNOG00000064216",122
"ENSRNOG00000051566",0
"ENSRNOG00000038045",2448
"ENSRNOG00000063796",171
"ENSRNOG00000062940",0
"ENSRNOG00000068127",0
"ENSRNOG00000064431",0
"ENSRNOG00000054187",0
"ENSRNOG00000063460",0
"ENSRNOG00000064328",2
"ENSRNOG00000062394",0
"ENSRNOG00000017093",407
"ENSRNOG00000059499",0
"ENSRNOG00000070037",0
"ENSRNOG00000065074",0
"ENSRNOG00000069116",286
"ENSRNOG00000060417",0
"ENSRNOG00000062867",0
"ENSRNOG00000066580",0
"ENSRNOG00000063648",0
"ENSRNOG00000014834",666
"ENSRNOG00000067597",0
"ENSRNOG00000069741",0
"ENSRNOG00000016710",1
"ENSRNOG00000066957",0
"ENSRNOG00000065382",0
"ENSRNOG00000052457",0
"ENSRNOG00000062924",42
"ENSRNOG00000016950",132
"ENSRNOG00000012747",0
"ENSRNOG00000062851",3
"ENSRNOG00000064317",3
"ENSRNOG00000066463",51
"ENSRNOG00000067963",281
"ENSRNOG00000005017",381
"ENSRNOG00000062936",0
"ENSRNOG00000067121",35
"ENSRNOG00000064580",0
"ENSRNOG00000063944",1
"ENSRNOG00000059156",0
"ENSRNOG00000009861",30
"ENSRNOG00000058199",0
"ENSRNOG00000062456",0
"ENSRNOG00000055896",0
"ENSRNOG00000064004",1
"ENSRNOG00000066756",0
"ENSRNOG00000040101",247
"ENSRNOG00000018113",894
"ENSRNOG00000051584",0
"ENSRNOG00000066301",64
"ENSRNOG00000051833",0
"ENSRNOG00000018489",0
"ENSRNOG00000018407",0
"ENSRNOG00000063546",4
"ENSRNOG00000068264",0
"ENSRNOG00000057631",0
"ENSRNOG00000064579",0
"ENSRNOG00000056514",0
"ENSRNOG00000042026",4
"ENSRNOG00000069244",0
"ENSRNOG00000019282",2726
"ENSRNOG00000064109",3
"ENSRNOG00000067485",13
"ENSRNOG00000063067",5
"ENSRNOG00000051410",0
"ENSRNOG00000070395",0
"ENSRNOG00000069114",1
"ENSRNOG00000056058",1
"ENSRNOG00000062734",0
"ENSRNOG00000068774",13
"ENSRNOG00000059319",22
"ENSRNOG00000054822",0
"ENSRNOG00000062647",18
"ENSRNOG00000067621",0
"ENSRNOG00000070359",5
"ENSRNOG00000065443",4
"ENSRNOG00000053558",0
"ENSRNOG00000067401",0
"ENSRNOG00000053330",0
"ENSRNOG00000056440",0
"ENSRNOG00000049410",11
"ENSRNOG00000069703",0
"ENSRNOG00000019272",159
"ENSRNOG00000068339",0
"ENSRNOG00000070722",0
"ENSRNOG00000069161",0
"ENSRNOG00000014165",4060
"ENSRNOG00000059165",0
"ENSRNOG00000066735",0
"ENSRNOG00000067481",0
"ENSRNOG00000061286",0
"ENSRNOG00000064357",14
"ENSRNOG00000051896",0
"ENSRNOG00000066037",1
"ENSRNOG00000064337",0
"ENSRNOG00000055595",0
"ENSRNOG00000016480",0
"ENSRNOG00000062432",0
"ENSRNOG00000018046",1850
"ENSRNOG00000064793",5
"ENSRNOG00000055463",0
"ENSRNOG00000070418",6
"ENSRNOG00000070714",0
"ENSRNOG00000067975",0
"ENSRNOG00000069575",0
"ENSRNOG00000067998",0
"ENSRNOG00000056205",1
"ENSRNOG00000063990",1
"ENSRNOG00000067009",0
"ENSRNOG00000055730",0
"ENSRNOG00000057581",0
"ENSRNOG00000012727",12
"ENSRNOG00000067275",0
"ENSRNOG00000017040",24
"ENSRNOG00000051874",0
"ENSRNOG00000057046",1
"ENSRNOG00000063699",0
"ENSRNOG00000067925",0
"ENSRNOG00000061790",0
"ENSRNOG00000068410",10
"ENSRNOG00000070020",0
"ENSRNOG00000064150",4
"ENSRNOG00000065466",0
"ENSRNOG00000067157",2
"ENSRNOG00000047594",481
"ENSRNOG00000064218",0
"ENSRNOG00000058085",0
"ENSRNOG00000035594",12
"ENSRNOG00000061070",0
"ENSRNOG00000051469",0
"ENSRNOG00000041319",0
"ENSRNOG00000067016",2
"ENSRNOG00000035467",10
"ENSRNOG00000035613",16
"ENSRNOG00000012040",0
"ENSRNOG00000070654",0
"ENSRNOG00000068467",0
"ENSRNOG00000061748",0
"ENSRNOG00000067410",9
"ENSRNOG00000069447",0
"ENSRNOG00000035568",0
"ENSRNOG00000070371",2
"ENSRNOG00000053995",0
"ENSRNOG00000064424",2
"ENSRNOG00000070587",0
"ENSRNOG00000067736",0
"ENSRNOG00000035538",0
"ENSRNOG00000067458",20
"ENSRNOG00000068005",3
"ENSRNOG00000046071",0
"ENSRNOG00000065080",31
"ENSRNOG00000068269",0
"ENSRNOG00000069869",3
"ENSRNOG00000063038",0
"ENSRNOG00000065398",73
"ENSRNOG00000041300",1
"ENSRNOG00000056515",0
"ENSRNOG00000063824",0
"ENSRNOG00000066868",0
"ENSRNOG00000041870",0
"ENSRNOG00000022870",2179
"ENSRNOG00000035632",3
"ENSRNOG00000069861",7
"ENSRNOG00000016135",334
"ENSRNOG00000035576",3
"ENSRNOG00000070126",2
"ENSRNOG00000067495",270
"ENSRNOG00000068888",11
"ENSRNOG00000066095",15
"ENSRNOG00000070726",1
"ENSRNOG00000065846",0
"ENSRNOG00000015888",1299
"ENSRNOG00000068481",8
"ENSRNOG00000064475",99
"ENSRNOG00000016410",4264
"ENSRNOG00000047970",322
"ENSRNOG00000066229",556
"ENSRNOG00000063744",0
"ENSRNOG00000068587",39
"ENSRNOG00000068596",0
"ENSRNOG00000016420",1
"ENSRNOG00000012216",3017
"ENSRNOG00000062636",3
"ENSRNOG00000069931",0
"ENSRNOG00000068968",69
"ENSRNOG00000022139",0
"ENSRNOG00000068907",0
"ENSRNOG00000066586",0
"ENSRNOG00000063573",0
"ENSRNOG00000066568",7
"ENSRNOG00000067244",0
"ENSRNOG00000066129",0
"ENSRNOG00000071160",0
"ENSRNOG00000070855",1
"ENSRNOG00000067617",0
"ENSRNOG00000070577",0
"ENSRNOG00000068616",0
"ENSRNOG00000070510",0
"ENSRNOG00000068971",0
"ENSRNOG00000060680",2
"ENSRNOG00000070370",0
"ENSRNOG00000012189",1
"ENSRNOG00000029273",649
"ENSRNOG00000071193",0
"ENSRNOG00000065125",0
"ENSRNOG00000063920",17
"ENSRNOG00000014670",2255
"ENSRNOG00000063526",0
"ENSRNOG00000064869",0
"ENSRNOG00000065814",0
"ENSRNOG00000062512",135
"ENSRNOG00000012168",103
"ENSRNOG00000064546",2
"ENSRNOG00000069946",5
"ENSRNOG00000065771",84
"ENSRNOG00000067254",301
"ENSRNOG00000066675",2
"ENSRNOG00000069772",0
"ENSRNOG00000056376",106
"ENSRNOG00000064541",5
"ENSRNOG00000066454",1
"ENSRNOG00000067078",0
"ENSRNOG00000012131",0
"ENSRNOG00000064653",0
"ENSRNOG00000018346",108
"ENSRNOG00000071123",15
"ENSRNOG00000042749",0
"ENSRNOG00000065601",3
"ENSRNOG00000069115",1
"ENSRNOG00000063980",0
"ENSRNOG00000011984",1
"ENSRNOG00000062829",0
"ENSRNOG00000063506",0
"ENSRNOG00000068189",4
"ENSRNOG00000063015",16
"ENSRNOG00000063415",0
"ENSRNOG00000069500",1
"ENSRNOG00000070899",0
"ENSRNOG00000063934",1
"ENSRNOG00000069096",0
"ENSRNOG00000011947",0
"ENSRNOG00000064900",0
"ENSRNOG00000069395",0
"ENSRNOG00000068718",0
"ENSRNOG00000063665",3
"ENSRNOG00000058596",0
"ENSRNOG00000065837",0
"ENSRNOG00000065358",5
"ENSRNOG00000018381",297
"ENSRNOG00000070628",0
"ENSRNOG00000059042",0
"ENSRNOG00000066100",0
"ENSRNOG00000066583",0
"ENSRNOG00000066536",0
"ENSRNOG00000053214",0
"ENSRNOG00000068332",132
"ENSRNOG00000066256",0
"ENSRNOG00000068821",0
"ENSRNOG00000017833",49
"ENSRNOG00000000133",776
"ENSRNOG00000061758",0
"ENSRNOG00000069054",0
"ENSRNOG00000070253",0
"ENSRNOG00000063078",0
"ENSRNOG00000067325",0
"ENSRNOG00000071061",0
"ENSRNOG00000017770",276
"ENSRNOG00000059108",0
"ENSRNOG00000070693",0
"ENSRNOG00000055771",1
"ENSRNOG00000065541",0
"ENSRNOG00000051877",0
"ENSRNOG00000056220",0
"ENSRNOG00000051427",0
"ENSRNOG00000063300",2408
"ENSRNOG00000053933",0
"ENSRNOG00000066923",0
"ENSRNOG00000070973",0
"ENSRNOG00000062570",0
"ENSRNOG00000011423",0
"ENSRNOG00000053333",2
"ENSRNOG00000061452",0
"ENSRNOG00000057915",0
"ENSRNOG00000059477",0
"ENSRNOG00000069785",0
"ENSRNOG00000064651",0
"ENSRNOG00000021886",221
"ENSRNOG00000069902",0
"ENSRNOG00000052112",0
"ENSRNOG00000054406",0
"ENSRNOG00000061305",0
"ENSRNOG00000058961",0
"ENSRNOG00000051803",0
"ENSRNOG00000059985",0
"ENSRNOG00000017941",1135
"ENSRNOG00000016581",10
"ENSRNOG00000054642",0
"ENSRNOG00000021911",592
"ENSRNOG00000068053",0
"ENSRNOG00000057268",0
"ENSRNOG00000016436",0
"ENSRNOG00000055073",0
"ENSRNOG00000067779",0
"ENSRNOG00000030775",0
"ENSRNOG00000016510",0
"ENSRNOG00000058270",0
"ENSRNOG00000053627",0
"ENSRNOG00000070235",1
"ENSRNOG00000069360",0
"ENSRNOG00000021637",1126
"ENSRNOG00000017593",336
"ENSRNOG00000060266",2521
"ENSRNOG00000021584",514
"ENSRNOG00000048114",114
"ENSRNOG00000042036",0
"ENSRNOG00000016295",0
"ENSRNOG00000016534",248
"ENSRNOG00000021882",1841
"ENSRNOG00000017165",64
"ENSRNOG00000015139",0
"ENSRNOG00000026493",2
"ENSRNOG00000065772",50
"ENSRNOG00000016616",0
"ENSRNOG00000015262",0
"ENSRNOG00000015212",131
"ENSRNOG00000029844",0
"ENSRNOG00000015585",22
"ENSRNOG00000015980",72
"ENSRNOG00000063788",0
"ENSRNOG00000024843",0
"ENSRNOG00000011523",972
"ENSRNOG00000016885",896
"ENSRNOG00000017967",175
"ENSRNOG00000027125",272
"ENSRNOG00000033993",0
"ENSRNOG00000065643",632
"ENSRNOG00000062441",0
"ENSRNOG00000018011",773
"ENSRNOG00000018122",35
"ENSRNOG00000017210",36
"ENSRNOG00000067402",0
"ENSRNOG00000062679",2
"ENSRNOG00000039265",216
"ENSRNOG00000018091",4738
"ENSRNOG00000049801",0
"ENSRNOG00000016307",0
"ENSRNOG00000013653",2911
"ENSRNOG00000033010",5
"ENSRNOG00000018087",51465
"ENSRNOG00000047649",0
"ENSRNOG00000064205",3
"ENSRNOG00000038319",6
"ENSRNOG00000033330",26
"ENSRNOG00000014170",452
"ENSRNOG00000063889",26
"ENSRNOG00000039075",0
"ENSRNOG00000039058",0
"ENSRNOG00000016538",1106
"ENSRNOG00000018123",1844
"ENSRNOG00000021447",218
"ENSRNOG00000017203",0
"ENSRNOG00000017103",0
"ENSRNOG00000066411",22
"ENSRNOG00000014615",347
"ENSRNOG00000017089",0
"ENSRNOG00000017163",452
"ENSRNOG00000045553",54
"ENSRNOG00000021735",265
"ENSRNOG00000064812",0
"ENSRNOG00000017374",0
"ENSRNOG00000060817",808
"ENSRNOG00000016463",0
"ENSRNOG00000012771",738
"ENSRNOG00000016955",667
"ENSRNOG00000016871",0
"ENSRNOG00000016403",2
"ENSRNOG00000013564",3
"ENSRNOG00000043192",286
"ENSRNOG00000016161",1266
"ENSRNOG00000016803",0
"ENSRNOG00000063181",113
"ENSRNOG00000016217",110
"ENSRNOG00000017185",0
"ENSRNOG00000015616",0
"ENSRNOG00000026248",382
"ENSRNOG00000016933",0
"ENSRNOG00000067434",7
"ENSRNOG00000031902",0
"ENSRNOG00000017933",0
"ENSRNOG00000064537",49
"ENSRNOG00000039807",253
"ENSRNOG00000037982",0
"ENSRNOG00000065671",2
"ENSRNOG00000043237",0
"ENSRNOG00000060749",0
"ENSRNOG00000052916",0
"ENSRNOG00000057180",0
"ENSRNOG00000011374",2
"ENSRNOG00000000150",268
"ENSRNOG00000025480",0
"ENSRNOG00000003094",0
"ENSRNOG00000017007",0
"ENSRNOG00000000142",699
"ENSRNOG00000060141",1989
"ENSRNOG00000016383",1439
"ENSRNOG00000064489",0
"ENSRNOG00000069625",7
"ENSRNOG00000026235",0
"ENSRNOG00000050687",0
"ENSRNOG00000017048",0
"ENSRNOG00000069210",1
"ENSRNOG00000054964",0
"ENSRNOG00000062418",0
"ENSRNOG00000066336",4
"ENSRNOG00000066901",8
"ENSRNOG00000029047",35
"ENSRNOG00000054017",110
"ENSRNOG00000017605",618
"ENSRNOG00000055197",0
"ENSRNOG00000070527",31
"ENSRNOG00000018281",1901
"ENSRNOG00000059840",0
"ENSRNOG00000053635",539
"ENSRNOG00000016792",0
"ENSRNOG00000065338",64
"ENSRNOG00000051823",90
"ENSRNOG00000016763",1
"ENSRNOG00000053518",1357
"ENSRNOG00000017511",33
"ENSRNOG00000018396",432
"ENSRNOG00000055000",519
"ENSRNOG00000017545",255
"ENSRNOG00000016670",628
"ENSRNOG00000017607",1469
"ENSRNOG00000052959",266
"ENSRNOG00000014900",674
"ENSRNOG00000000021",0
"ENSRNOG00000066484",0
"ENSRNOG00000017328",115
"ENSRNOG00000066799",0
"ENSRNOG00000065839",0
"ENSRNOG00000017974",1
"ENSRNOG00000017459",41
"ENSRNOG00000029126",0
"ENSRNOG00000066002",0
"ENSRNOG00000017917",27
"ENSRNOG00000052378",0
"ENSRNOG00000069612",0
"ENSRNOG00000061510",0
"ENSRNOG00000018039",3
"ENSRNOG00000061612",137
"ENSRNOG00000016742",0
"ENSRNOG00000018500",492
"ENSRNOG00000016867",620
"ENSRNOG00000017702",71
"ENSRNOG00000070356",0
"ENSRNOG00000052429",942
"ENSRNOG00000016891",292
"ENSRNOG00000014538",7
"ENSRNOG00000023538",98
"ENSRNOG00000063508",0
"ENSRNOG00000066063",0
"ENSRNOG00000057759",64
"ENSRNOG00000013806",316
"ENSRNOG00000027309",0
"ENSRNOG00000068380",20
"ENSRNOG00000016225",8
"ENSRNOG00000056519",0
"ENSRNOG00000017133",2215
"ENSRNOG00000059705",681
"ENSRNOG00000019354",312
"ENSRNOG00000018804",7614
"ENSRNOG00000067594",0
"ENSRNOG00000014524",1787
"ENSRNOG00000030638",0
"ENSRNOG00000017597",25
"ENSRNOG00000070051",0
"ENSRNOG00000016932",601
"ENSRNOG00000025639",0
"ENSRNOG00000013454",660
"ENSRNOG00000016889",64
"ENSRNOG00000065553",0
"ENSRNOG00000060132",0
"ENSRNOG00000066247",47
"ENSRNOG00000067140",0
"ENSRNOG00000066332",0
"ENSRNOG00000017637",0
"ENSRNOG00000017505",536
"ENSRNOG00000017765",2423
"ENSRNOG00000017641",779
"ENSRNOG00000065205",182
"ENSRNOG00000016684",1
"ENSRNOG00000017672",371
"ENSRNOG00000017506",346
"ENSRNOG00000032845",0
"ENSRNOG00000059510",435
"ENSRNOG00000068835",131
"ENSRNOG00000045948",88
"ENSRNOG00000016690",235
"ENSRNOG00000018378",175
"ENSRNOG00000018260",1
"ENSRNOG00000065594",2
"ENSRNOG00000070523",17
"ENSRNOG00000070106",73
"ENSRNOG00000017180",6
"ENSRNOG00000063737",2
"ENSRNOG00000016539",153
"ENSRNOG00000063205",238
"ENSRNOG00000065506",78
"ENSRNOG00000042692",0
"ENSRNOG00000055917",771
"ENSRNOG00000016834",153
"ENSRNOG00000068622",187
"ENSRNOG00000063621",137
"ENSRNOG00000038877",89
"ENSRNOG00000050474",0
"ENSRNOG00000016680",2863
"ENSRNOG00000013620",1522
"ENSRNOG00000018227",1261
"ENSRNOG00000017514",6
"ENSRNOG00000018520",49
"ENSRNOG00000060029",0
"ENSRNOG00000065730",0
"ENSRNOG00000018028",0
"ENSRNOG00000064112",106
"ENSRNOG00000018706",13
"ENSRNOG00000016628",2
"ENSRNOG00000069145",0
"ENSRNOG00000016716",0
"ENSRNOG00000070916",8
"ENSRNOG00000069373",3
"ENSRNOG00000046476",0
"ENSRNOG00000069233",1
"ENSRNOG00000040024",2
"ENSRNOG00000065352",0
"ENSRNOG00000014616",2252
"ENSRNOG00000068602",5
"ENSRNOG00000060355",16
"ENSRNOG00000069905",0
"ENSRNOG00000000104",484
"ENSRNOG00000064540",33
"ENSRNOG00000017372",782
"ENSRNOG00000066473",3
"ENSRNOG00000022505",0
"ENSRNOG00000016629",913
"ENSRNOG00000017284",607
"ENSRNOG00000068034",3
"ENSRNOG00000022249",613
"ENSRNOG00000070346",2
"ENSRNOG00000023688",1
"ENSRNOG00000066521",12
"ENSRNOG00000017531",1
"ENSRNOG00000018782",140
"ENSRNOG00000069877",0
"ENSRNOG00000018279",3999
"ENSRNOG00000054957",353
"ENSRNOG00000042206",0
"ENSRNOG00000028997",139
"ENSRNOG00000018355",0
"ENSRNOG00000011668",1066
"ENSRNOG00000056413",0
"ENSRNOG00000000105",262
"ENSRNOG00000016576",521
"ENSRNOG00000027014",3
"ENSRNOG00000039975",0
"ENSRNOG00000018911",749
"ENSRNOG00000062731",1020
"ENSRNOG00000053232",352
"ENSRNOG00000058285",1
"ENSRNOG00000046968",305
"ENSRNOG00000039971",0
"ENSRNOG00000021898",0
"ENSRNOG00000046334",1
"ENSRNOG00000017585",184
"ENSRNOG00000018343",1084
"ENSRNOG00000016779",5938
"ENSRNOG00000011684",418
"ENSRNOG00000052387",0
"ENSRNOG00000018400",215
"ENSRNOG00000018141",0
"ENSRNOG00000031461",0
"ENSRNOG00000029235",241
"ENSRNOG00000012160",0
"ENSRNOG00000018246",147
"ENSRNOG00000032745",0
"ENSRNOG00000018415",124
"ENSRNOG00000064708",0
"ENSRNOG00000018456",3170
"ENSRNOG00000018417",933
"ENSRNOG00000065161",0
"ENSRNOG00000008666",584
"ENSRNOG00000069771",0
"ENSRNOG00000067245",63
"ENSRNOG00000064118",124
"ENSRNOG00000018549",687
"ENSRNOG00000017444",0
"ENSRNOG00000010882",1151
"ENSRNOG00000069712",0
"ENSRNOG00000028168",36
"ENSRNOG00000017318",399
"ENSRNOG00000013090",39
"ENSRNOG00000065006",0
"ENSRNOG00000017759",0
"ENSRNOG00000062525",0
"ENSRNOG00000019257",10
"ENSRNOG00000054976",0
"ENSRNOG00000047647",1
"ENSRNOG00000053439",361
"ENSRNOG00000027311",0
"ENSRNOG00000059328",0
"ENSRNOG00000068311",0
"ENSRNOG00000014395",1619
"ENSRNOG00000028750",0
"ENSRNOG00000039990",0
"ENSRNOG00000063490",0
"ENSRNOG00000068265",144
"ENSRNOG00000031955",0
"ENSRNOG00000062898",0
"ENSRNOG00000048693",0
"ENSRNOG00000028329",80
"ENSRNOG00000063185",147
"ENSRNOG00000065263",6
"ENSRNOG00000014366",73
"ENSRNOG00000062387",201
"ENSRNOG00000066835",27
"ENSRNOG00000040000",0
"ENSRNOG00000049920",1490
"ENSRNOG00000046746",2
"ENSRNOG00000069288",0
"ENSRNOG00000061064",0
"ENSRNOG00000066214",2
"ENSRNOG00000016967",72
"ENSRNOG00000019175",806
"ENSRNOG00000015989",720
"ENSRNOG00000016511",1509
"ENSRNOG00000069318",0
"ENSRNOG00000014320",1312
"ENSRNOG00000069578",17
"ENSRNOG00000067613",24
"ENSRNOG00000064986",1155
"ENSRNOG00000013438",1037
"ENSRNOG00000053025",0
"ENSRNOG00000067853",0
"ENSRNOG00000033540",0
"ENSRNOG00000053140",0
"ENSRNOG00000067310",1
"ENSRNOG00000068535",0
"ENSRNOG00000048264",45
"ENSRNOG00000039574",0
"ENSRNOG00000048372",0
"ENSRNOG00000018651",728
"ENSRNOG00000061738",0
"ENSRNOG00000029667",887
"ENSRNOG00000067284",2370
"ENSRNOG00000052567",0
"ENSRNOG00000016587",8488
"ENSRNOG00000019057",0
"ENSRNOG00000030027",246
"ENSRNOG00000065065",0
"ENSRNOG00000018198",0
"ENSRNOG00000017888",0
"ENSRNOG00000001066",1
"ENSRNOG00000049452",104
"ENSRNOG00000065532",0
"ENSRNOG00000026690",32
"ENSRNOG00000013679",0
"ENSRNOG00000062220",41
"ENSRNOG00000016046",1
"ENSRNOG00000017946",0
"ENSRNOG00000029792",1455
"ENSRNOG00000039954",0
"ENSRNOG00000019223",1689
"ENSRNOG00000039560",26
"ENSRNOG00000018839",367
"ENSRNOG00000016855",655
"ENSRNOG00000016560",570
"ENSRNOG00000016873",32
"ENSRNOG00000016902",0
"ENSRNOG00000021292",3493
"ENSRNOG00000013773",386
"ENSRNOG00000016816",1668
"ENSRNOG00000064563",4
"ENSRNOG00000018251",0
"ENSRNOG00000016578",653
"ENSRNOG00000019108",911
"ENSRNOG00000019113",1368
"ENSRNOG00000027938",398
"ENSRNOG00000015523",227
"ENSRNOG00000048849",59
"ENSRNOG00000022405",0
"ENSRNOG00000016031",549
"ENSRNOG00000033625",9
"ENSRNOG00000057865",0
"ENSRNOG00000063656",0
"ENSRNOG00000068509",0
"ENSRNOG00000062272",51921
"ENSRNOG00000013237",0
"ENSRNOG00000055942",4175
"ENSRNOG00000015410",541
"ENSRNOG00000026286",61
"ENSRNOG00000051034",3
"ENSRNOG00000031325",1341
"ENSRNOG00000016066",284
"ENSRNOG00000031716",240
"ENSRNOG00000047910",0
"ENSRNOG00000031706",928
"ENSRNOG00000015631",100
"ENSRNOG00000016378",177
"ENSRNOG00000062314",33
"ENSRNOG00000070919",83
"ENSRNOG00000016915",0
"ENSRNOG00000016222",0
"ENSRNOG00000064794",116
"ENSRNOG00000062739",7
"ENSRNOG00000063362",29
"ENSRNOG00000068516",20
"ENSRNOG00000067427",0
"ENSRNOG00000070712",0
"ENSRNOG00000047459",15
"ENSRNOG00000012940",2314
"ENSRNOG00000068923",0
"ENSRNOG00000064025",4
"ENSRNOG00000017175",2
"ENSRNOG00000016525",0
"ENSRNOG00000068614",4
"ENSRNOG00000024874",756
"ENSRNOG00000065054",33
"ENSRNOG00000022146",9
"ENSRNOG00000067441",2709
"ENSRNOG00000070706",4
"ENSRNOG00000016468",175
"ENSRNOG00000061863",2
"ENSRNOG00000070513",1
"ENSRNOG00000017060",42
"ENSRNOG00000069245",4
"ENSRNOG00000017092",349
"ENSRNOG00000070362",1
"ENSRNOG00000070462",2
"ENSRNOG00000066706",2
"ENSRNOG00000066420",1
"ENSRNOG00000056708",0
"ENSRNOG00000008659",1572
"ENSRNOG00000060002",1
"ENSRNOG00000017863",1313
"ENSRNOG00000064521",16
"ENSRNOG00000043350",97
"ENSRNOG00000064011",4
"ENSRNOG00000067560",24
"ENSRNOG00000070055",1
"ENSRNOG00000063552",3
"ENSRNOG00000065377",0
"ENSRNOG00000063167",2
"ENSRNOG00000016123",137
"ENSRNOG00000016152",227
"ENSRNOG00000016391",674
"ENSRNOG00000017579",883
"ENSRNOG00000016519",226
"ENSRNOG00000001455",978
"ENSRNOG00000017642",135
"ENSRNOG00000016099",409
"ENSRNOG00000046547",0
"ENSRNOG00000017250",291
"ENSRNOG00000068607",0
"ENSRNOG00000018092",0
"ENSRNOG00000054474",78
"ENSRNOG00000024832",0
"ENSRNOG00000031595",5
"ENSRNOG00000018631",5
"ENSRNOG00000033076",10
"ENSRNOG00000016767",408
"ENSRNOG00000016585",726
"ENSRNOG00000048719",244
"ENSRNOG00000022021",31
"ENSRNOG00000045918",451
"ENSRNOG00000016992",0
"ENSRNOG00000001456",1438
"ENSRNOG00000026120",2157
"ENSRNOG00000068619",0
"ENSRNOG00000002624",0
"ENSRNOG00000018070",0
"ENSRNOG00000028913",0
"ENSRNOG00000068936",0
"ENSRNOG00000068312",0
"ENSRNOG00000016998",1026
"ENSRNOG00000002609",127
"ENSRNOG00000014264",68
"ENSRNOG00000002480",240
"ENSRNOG00000062602",0
"ENSRNOG00000018200",0
"ENSRNOG00000014019",466
"ENSRNOG00000002461",5548
"ENSRNOG00000017803",264
"ENSRNOG00000014460",1297
"ENSRNOG00000018110",1474
"ENSRNOG00000049614",136
"ENSRNOG00000018478",0
"ENSRNOG00000017866",806
"ENSRNOG00000014007",20
"ENSRNOG00000014361",74
"ENSRNOG00000055012",1068
"ENSRNOG00000015288",1242
"ENSRNOG00000014702",0
"ENSRNOG00000017988",138
"ENSRNOG00000058094",3305
"ENSRNOG00000023831",0
"ENSRNOG00000038331",0
"ENSRNOG00000050209",0
"ENSRNOG00000066344",767
"ENSRNOG00000018202",0
"ENSRNOG00000016497",209
"ENSRNOG00000067756",0
"ENSRNOG00000030442",7486
"ENSRNOG00000038361",0
"ENSRNOG00000040116",0
"ENSRNOG00000067517",171
"ENSRNOG00000017987",2
"ENSRNOG00000027229",395
"ENSRNOG00000019336",71
"ENSRNOG00000015522",769
"ENSRNOG00000017644",699
"ENSRNOG00000019096",4
"ENSRNOG00000014548",1528
"ENSRNOG00000018886",1375
"ENSRNOG00000069985",44
"ENSRNOG00000018999",463
"ENSRNOG00000063174",0
"ENSRNOG00000015101",0
"ENSRNOG00000019027",209
"ENSRNOG00000050332",0
"ENSRNOG00000023661",599
"ENSRNOG00000017991",327
"ENSRNOG00000018554",1418
"ENSRNOG00000018566",7702
"ENSRNOG00000015292",781
"ENSRNOG00000014481",1
"ENSRNOG00000027234",130
"ENSRNOG00000059415",0
"ENSRNOG00000064278",0
"ENSRNOG00000017466",2257
"ENSRNOG00000067224",0
"ENSRNOG00000018044",1440
"ENSRNOG00000013469",6612
"ENSRNOG00000017981",45
"ENSRNOG00000016283",0
"ENSRNOG00000017791",300
"ENSRNOG00000013717",118
"ENSRNOG00000018125",432
"ENSRNOG00000017951",1503
"ENSRNOG00000014886",465
"ENSRNOG00000062407",4
"ENSRNOG00000017904",1232
"ENSRNOG00000067341",62
"ENSRNOG00000018905",0
"ENSRNOG00000016174",472
"ENSRNOG00000069645",0
"ENSRNOG00000059019",0
"ENSRNOG00000018767",237
"ENSRNOG00000026376",0
"ENSRNOG00000063512",0
"ENSRNOG00000022712",2
"ENSRNOG00000024499",1
"ENSRNOG00000065875",8
"ENSRNOG00000015701",1449
"ENSRNOG00000023593",291
"ENSRNOG00000018760",14
"ENSRNOG00000050767",630
"ENSRNOG00000017595",961
"ENSRNOG00000015437",632
"ENSRNOG00000023799",28
"ENSRNOG00000018972",1034
"ENSRNOG00000039379",36
"ENSRNOG00000026132",103
"ENSRNOG00000023778",1175
"ENSRNOG00000057362",0
"ENSRNOG00000017882",223
"ENSRNOG00000014049",255
"ENSRNOG00000023587",544
"ENSRNOG00000066940",0
"ENSRNOG00000024111",16
"ENSRNOG00000013928",487
"ENSRNOG00000023278",588
"ENSRNOG00000013756",298
"ENSRNOG00000031495",167
"ENSRNOG00000016672",7
"ENSRNOG00000017741",440
"ENSRNOG00000032215",512
"ENSRNOG00000017083",0
"ENSRNOG00000016705",1060
"ENSRNOG00000034229",0
"ENSRNOG00000015008",0
"ENSRNOG00000000137",0
"ENSRNOG00000070083",1
"ENSRNOG00000016226",220
"ENSRNOG00000048576",8
"ENSRNOG00000017787",766
"ENSRNOG00000070025",0
"ENSRNOG00000033772",938
"ENSRNOG00000015957",0
"ENSRNOG00000017962",1398
"ENSRNOG00000066714",663
"ENSRNOG00000063669",0
"ENSRNOG00000038761",616
"ENSRNOG00000068561",0
"ENSRNOG00000068554",0
"ENSRNOG00000023334",1083
"ENSRNOG00000039183",73
"ENSRNOG00000001792",3
"ENSRNOG00000001956",703
"ENSRNOG00000002241",238
"ENSRNOG00000003088",652
"ENSRNOG00000028005",0
"ENSRNOG00000032187",0
"ENSRNOG00000031653",185
"ENSRNOG00000001634",5
"ENSRNOG00000001633",3767
"ENSRNOG00000002255",1707
"ENSRNOG00000001806",3
"ENSRNOG00000038370",0
"ENSRNOG00000051711",590
"ENSRNOG00000030387",3
"ENSRNOG00000021469",267
"ENSRNOG00000001809",0
"ENSRNOG00000001821",0
"ENSRNOG00000066346",97
"ENSRNOG00000023463",670
"ENSRNOG00000001816",184
"ENSRNOG00000001627",1621
"ENSRNOG00000021992",0
"ENSRNOG00000001789",1092
"ENSRNOG00000001815",3587
"ENSRNOG00000002701",2
"ENSRNOG00000001785",4134
"ENSRNOG00000001837",0
"ENSRNOG00000038355",0
"ENSRNOG00000023400",928
"ENSRNOG00000069473",0
"ENSRNOG00000026085",371
"ENSRNOG00000031669",8054
"ENSRNOG00000026008",324
"ENSRNOG00000066242",52
"ENSRNOG00000002238",11
"ENSRNOG00000033929",0
"ENSRNOG00000001827",2293
"ENSRNOG00000064199",0
"ENSRNOG00000002176",907
"ENSRNOG00000001770",80
"ENSRNOG00000001797",444
"ENSRNOG00000031801",1026
"ENSRNOG00000061038",0
"ENSRNOG00000002240",787
"ENSRNOG00000043069",357
"ENSRNOG00000047894",4
"ENSRNOG00000002229",335
"ENSRNOG00000001955",0
"ENSRNOG00000063811",1134
"ENSRNOG00000001943",0
"ENSRNOG00000029564",0
"ENSRNOG00000042598",0
"ENSRNOG00000022110",0
"ENSRNOG00000002145",0
"ENSRNOG00000065935",19
"ENSRNOG00000022136",0
"ENSRNOG00000002215",805
"ENSRNOG00000046283",212
"ENSRNOG00000025423",35
"ENSRNOG00000001773",784
"ENSRNOG00000002171",1032
"ENSRNOG00000025055",0
"ENSRNOG00000032327",248
"ENSRNOG00000001708",2473
"ENSRNOG00000034233",1869
"ENSRNOG00000038160",862
"ENSRNOG00000023030",0
"ENSRNOG00000029178",888
"ENSRNOG00000059880",747
"ENSRNOG00000025404",0
"ENSRNOG00000023107",1448
"ENSRNOG00000066784",0
"ENSRNOG00000064614",0
"ENSRNOG00000066258",0
"ENSRNOG00000054334",178
"ENSRNOG00000055586",0
"ENSRNOG00000064186",2
"ENSRNOG00000001776",0
"ENSRNOG00000001764",724
"ENSRNOG00000001765",3
"ENSRNOG00000042289",0
"ENSRNOG00000001762",2183
"ENSRNOG00000054404",0
"ENSRNOG00000048434",0
"ENSRNOG00000001766",183
"ENSRNOG00000002094",976
"ENSRNOG00000001796",112
"ENSRNOG00000001758",217
"ENSRNOG00000002069",1156
"ENSRNOG00000049950",0
"ENSRNOG00000001712",771
"ENSRNOG00000022007",0
"ENSRNOG00000001803",1065
"ENSRNOG00000001707",15
"ENSRNOG00000053301",0
"ENSRNOG00000026458",534
"ENSRNOG00000056574",0
"ENSRNOG00000002141",4146
"ENSRNOG00000001709",5969
"ENSRNOG00000001783",1015
"ENSRNOG00000002013",1
"ENSRNOG00000001706",2019
"ENSRNOG00000001710",381
"ENSRNOG00000002044",124
"ENSRNOG00000001911",0
"ENSRNOG00000001750",38
"ENSRNOG00000013721",302
"ENSRNOG00000060806",0
"ENSRNOG00000058590",0
"ENSRNOG00000042367",0
"ENSRNOG00000039048",140
"ENSRNOG00000002052",26070
"ENSRNOG00000059447",0
"ENSRNOG00000070163",0
"ENSRNOG00000064181",0
"ENSRNOG00000069249",0
"ENSRNOG00000064589",0
"ENSRNOG00000001748",211
"ENSRNOG00000053406",42
"ENSRNOG00000001658",0
"ENSRNOG00000001742",338
"ENSRNOG00000069912",0
"ENSRNOG00000001632",840
"ENSRNOG00000060348",5
"ENSRNOG00000001747",1928
"ENSRNOG00000067977",1
"ENSRNOG00000001757",66
"ENSRNOG00000030983",0
"ENSRNOG00000057815",37
"ENSRNOG00000039850",301
"ENSRNOG00000046969",731
"ENSRNOG00000001647",954
"ENSRNOG00000002046",1
"ENSRNOG00000064973",510
"ENSRNOG00000045770",793
"ENSRNOG00000002041",985
"ENSRNOG00000001746",705
"ENSRNOG00000049686",210
"ENSRNOG00000048861",113
"ENSRNOG00000028077",0
"ENSRNOG00000063031",194
"ENSRNOG00000001786",1173
"ENSRNOG00000001525",2
"ENSRNOG00000001682",4057
"ENSRNOG00000001795",6605
"ENSRNOG00000001738",1735
"ENSRNOG00000046836",5
"ENSRNOG00000039024",78
"ENSRNOG00000001736",409
"ENSRNOG00000046850",4
"ENSRNOG00000068165",0
"ENSRNOG00000003114",139
"ENSRNOG00000062641",0
"ENSRNOG00000001782",488
"ENSRNOG00000063137",0
"ENSRNOG00000067288",1
"ENSRNOG00000066479",0
"ENSRNOG00000028238",0
"ENSRNOG00000001781",62
"ENSRNOG00000042193",0
"ENSRNOG00000064222",36
"ENSRNOG00000039017",260
"ENSRNOG00000046258",0
"ENSRNOG00000028216",0
"ENSRNOG00000026420",1
"ENSRNOG00000022792",0
"ENSRNOG00000001992",3094
"ENSRNOG00000033372",2027
"ENSRNOG00000049693",2
"ENSRNOG00000001953",64
"ENSRNOG00000001719",2410
"ENSRNOG00000057153",240
"ENSRNOG00000058752",284
"ENSRNOG00000001629",470
"ENSRNOG00000002976",3
"ENSRNOG00000001715",178
"ENSRNOG00000063024",0
"ENSRNOG00000027260",673
"ENSRNOG00000027380",3
"ENSRNOG00000001774",2468
"ENSRNOG00000060729",87
"ENSRNOG00000003014",2975
"ENSRNOG00000062944",7
"ENSRNOG00000029529",173
"ENSRNOG00000002999",306
"ENSRNOG00000029912",944
"ENSRNOG00000001527",520
"ENSRNOG00000038868",109
"ENSRNOG00000046981",0
"ENSRNOG00000001652",190
"ENSRNOG00000025946",2822
"ENSRNOG00000002350",0
"ENSRNOG00000001908",0
"ENSRNOG00000038119",0
"ENSRNOG00000001892",0
"ENSRNOG00000031852",2
"ENSRNOG00000000282",0
"ENSRNOG00000000283",281
"ENSRNOG00000048226",1566
"ENSRNOG00000042555",0
"ENSRNOG00000061814",1911
"ENSRNOG00000001793",798
"ENSRNOG00000038987",0
"ENSRNOG00000001623",464
"ENSRNOG00000056716",1031
"ENSRNOG00000001839",0
"ENSRNOG00000053435",0
"ENSRNOG00000001891",28
"ENSRNOG00000068521",0
"ENSRNOG00000062945",48
"ENSRNOG00000002721",1320
"ENSRNOG00000001890",164
"ENSRNOG00000002265",0
"ENSRNOG00000027992",0
"ENSRNOG00000001889",2595
"ENSRNOG00000002906",0
"ENSRNOG00000001794",0
"ENSRNOG00000002833",1289
"ENSRNOG00000001888",211
"ENSRNOG00000001733",1793
"ENSRNOG00000003075",1171
"ENSRNOG00000001752",4
"ENSRNOG00000001962",0
"ENSRNOG00000030246",4
"ENSRNOG00000024924",875
"ENSRNOG00000038881",1
"ENSRNOG00000001963",12
"ENSRNOG00000033623",782
"ENSRNOG00000002797",5
"ENSRNOG00000001875",877
"ENSRNOG00000001976",0
"ENSRNOG00000043345",240
"ENSRNOG00000001618",1
"ENSRNOG00000001754",95
"ENSRNOG00000002746",36308
"ENSRNOG00000067589",136
"ENSRNOG00000001628",0
"ENSRNOG00000001886",414
"ENSRNOG00000001739",1
"ENSRNOG00000070121",62
"ENSRNOG00000001885",295
"ENSRNOG00000001620",287
"ENSRNOG00000002289",0
"ENSRNOG00000001730",5543
"ENSRNOG00000027151",6346
"ENSRNOG00000000281",39
"ENSRNOG00000058687",0
"ENSRNOG00000001880",427
"ENSRNOG00000067813",0
"ENSRNOG00000054045",1
"ENSRNOG00000024960",2
"ENSRNOG00000068260",0
"ENSRNOG00000001621",456
"ENSRNOG00000060852",0
"ENSRNOG00000066140",0
"ENSRNOG00000001884",1120
"ENSRNOG00000002305",0
"ENSRNOG00000041535",0
"ENSRNOG00000040402",0
"ENSRNOG00000055598",63
"ENSRNOG00000001726",22
"ENSRNOG00000046478",0
"ENSRNOG00000050840",1
"ENSRNOG00000035524",1
"ENSRNOG00000049963",0
"ENSRNOG00000035536",0
"ENSRNOG00000037967",337
"ENSRNOG00000068993",0
"ENSRNOG00000035541",0
"ENSRNOG00000046846",0
"ENSRNOG00000035500",0
"ENSRNOG00000048889",0
"ENSRNOG00000001959",9
"ENSRNOG00000035585",0
"ENSRNOG00000040376",0
"ENSRNOG00000066681",1532
"ENSRNOG00000035526",1
"ENSRNOG00000049439",0
"ENSRNOG00000042711",1
"ENSRNOG00000041554",0
"ENSRNOG00000048273",0
"ENSRNOG00000064234",0
"ENSRNOG00000067575",0
"ENSRNOG00000064503",0
"ENSRNOG00000001870",1566
"ENSRNOG00000037983",0
"ENSRNOG00000030314",2085
"ENSRNOG00000061393",0
"ENSRNOG00000068242",1
"ENSRNOG00000040054",0
"ENSRNOG00000001867",763
"ENSRNOG00000051751",0
"ENSRNOG00000001592",1695
"ENSRNOG00000040039",0
"ENSRNOG00000054190",0
"ENSRNOG00000038001",1831
"ENSRNOG00000038835",0
"ENSRNOG00000067668",0
"ENSRNOG00000063259",0
"ENSRNOG00000058167",0
"ENSRNOG00000045728",212
"ENSRNOG00000070582",0
"ENSRNOG00000070808",0
"ENSRNOG00000070861",0
"ENSRNOG00000064806",0
"ENSRNOG00000028648",0
"ENSRNOG00000063723",72
"ENSRNOG00000061283",0
"ENSRNOG00000064720",0
"ENSRNOG00000030984",0
"ENSRNOG00000052338",1
"ENSRNOG00000069948",0
"ENSRNOG00000052562",0
"ENSRNOG00000043471",0
"ENSRNOG00000068634",0
"ENSRNOG00000056025",0
"ENSRNOG00000069664",0
"ENSRNOG00000037957",5
"ENSRNOG00000000288",1620
"ENSRNOG00000066648",0
"ENSRNOG00000068323",0
"ENSRNOG00000066199",3
"ENSRNOG00000056381",0
"ENSRNOG00000068197",0
"ENSRNOG00000054727",0
"ENSRNOG00000063779",0
"ENSRNOG00000001566",0
"ENSRNOG00000051729",0
"ENSRNOG00000059060",0
"ENSRNOG00000002471",34
"ENSRNOG00000001680",92
"ENSRNOG00000053621",0
"ENSRNOG00000050693",0
"ENSRNOG00000056026",0
"ENSRNOG00000001769",332
"ENSRNOG00000056834",0
"ENSRNOG00000069467",0
"ENSRNOG00000042848",30
"ENSRNOG00000052714",0
"ENSRNOG00000060539",0
"ENSRNOG00000023271",651
"ENSRNOG00000001528",1
"ENSRNOG00000056109",0
"ENSRNOG00000037851",501
"ENSRNOG00000054670",0
"ENSRNOG00000056085",0
"ENSRNOG00000064498",6
"ENSRNOG00000070595",0
"ENSRNOG00000065774",0
"ENSRNOG00000068143",0
"ENSRNOG00000063813",8
"ENSRNOG00000058090",0
"ENSRNOG00000071059",0
"ENSRNOG00000002459",17
"ENSRNOG00000065592",38
"ENSRNOG00000070665",0
"ENSRNOG00000001551",330
"ENSRNOG00000063735",0
"ENSRNOG00000068210",0
"ENSRNOG00000065035",9
"ENSRNOG00000040058",0
"ENSRNOG00000053125",0
"ENSRNOG00000062339",42
"ENSRNOG00000064477",0
"ENSRNOG00000030674",0
"ENSRNOG00000002496",2
"ENSRNOG00000056035",0
"ENSRNOG00000056964",553
"ENSRNOG00000064142",543
"ENSRNOG00000001849",4529
"ENSRNOG00000057066",6
"ENSRNOG00000053205",780
"ENSRNOG00000068775",0
"ENSRNOG00000001689",370
"ENSRNOG00000062950",1
"ENSRNOG00000068457",6
"ENSRNOG00000047394",1172
"ENSRNOG00000069704",0
"ENSRNOG00000053629",0
"ENSRNOG00000058660",0
"ENSRNOG00000051434",0
"ENSRNOG00000066320",0
"ENSRNOG00000057568",0
"ENSRNOG00000060082",0
"ENSRNOG00000030920",74
"ENSRNOG00000063446",102
"ENSRNOG00000066003",369
"ENSRNOG00000063810",0
"ENSRNOG00000064256",0
"ENSRNOG00000062757",0
"ENSRNOG00000021891",1599
"ENSRNOG00000069220",1
"ENSRNOG00000027756",1190
"ENSRNOG00000052872",0
"ENSRNOG00000001679",2
"ENSRNOG00000070226",0
"ENSRNOG00000001727",405
"ENSRNOG00000070522",5
"ENSRNOG00000053246",0
"ENSRNOG00000070145",0
"ENSRNOG00000067986",125
"ENSRNOG00000056286",0
"ENSRNOG00000002187",7
"ENSRNOG00000068803",0
"ENSRNOG00000021569",202
"ENSRNOG00000063961",0
"ENSRNOG00000061734",0
"ENSRNOG00000066813",2376
"ENSRNOG00000066195",0
"ENSRNOG00000071064",20
"ENSRNOG00000052928",0
"ENSRNOG00000001829",241
"ENSRNOG00000033933",0
"ENSRNOG00000065454",0
"ENSRNOG00000063620",0
"ENSRNOG00000063692",0
"ENSRNOG00000061658",12
"ENSRNOG00000054745",1
"ENSRNOG00000063379",0
"ENSRNOG00000063237",0
"ENSRNOG00000062557",0
"ENSRNOG00000064530",313
"ENSRNOG00000064725",0
"ENSRNOG00000069380",0
"ENSRNOG00000058468",0
"ENSRNOG00000039689",0
"ENSRNOG00000063170",3053
"ENSRNOG00000057033",0
"ENSRNOG00000068345",6178
"ENSRNOG00000062535",4
"ENSRNOG00000065670",0
"ENSRNOG00000069898",0
"ENSRNOG00000058702",0
"ENSRNOG00000065174",0
"ENSRNOG00000066829",1
"ENSRNOG00000051453",0
"ENSRNOG00000053527",0
"ENSRNOG00000056037",0
"ENSRNOG00000068891",0
"ENSRNOG00000001714",2
"ENSRNOG00000069526",0
"ENSRNOG00000053625",0
"ENSRNOG00000057165",0
"ENSRNOG00000002032",944
"ENSRNOG00000062642",0
"ENSRNOG00000065291",0
"ENSRNOG00000068433",3
"ENSRNOG00000029184",0
"ENSRNOG00000068814",0
"ENSRNOG00000069760",1
"ENSRNOG00000002092",119
"ENSRNOG00000058396",0
"ENSRNOG00000045668",1275
"ENSRNOG00000069502",87
"ENSRNOG00000055491",0
"ENSRNOG00000067652",0
"ENSRNOG00000066937",0
"ENSRNOG00000050898",1
"ENSRNOG00000070389",6
"ENSRNOG00000056031",0
"ENSRNOG00000062985",0
"ENSRNOG00000051898",0
"ENSRNOG00000069619",7
"ENSRNOG00000060476",0
"ENSRNOG00000069129",1
"ENSRNOG00000028638",0
"ENSRNOG00000056119",1
"ENSRNOG00000063192",0
"ENSRNOG00000063822",0
"ENSRNOG00000070188",0
"ENSRNOG00000040063",0
"ENSRNOG00000052768",0
"ENSRNOG00000069048",2
"ENSRNOG00000026870",51
"ENSRNOG00000054228",0
"ENSRNOG00000067473",7
"ENSRNOG00000055311",0
"ENSRNOG00000063214",0
"ENSRNOG00000060986",0
"ENSRNOG00000070128",0
"ENSRNOG00000060264",0
"ENSRNOG00000066127",0
"ENSRNOG00000052026",1
"ENSRNOG00000068094",0
"ENSRNOG00000070046",43
"ENSRNOG00000058838",0
"ENSRNOG00000028670",0
"ENSRNOG00000067170",23
"ENSRNOG00000054912",2
"ENSRNOG00000067715",0
"ENSRNOG00000060035",1
"ENSRNOG00000070580",0
"ENSRNOG00000001704",1381
"ENSRNOG00000063650",0
"ENSRNOG00000069387",0
"ENSRNOG00000068612",0
"ENSRNOG00000060275",0
"ENSRNOG00000068092",0
"ENSRNOG00000062566",0
"ENSRNOG00000001584",395
"ENSRNOG00000062978",1
"ENSRNOG00000070870",0
"ENSRNOG00000069234",0
"ENSRNOG00000060397",0
"ENSRNOG00000028658",0
"ENSRNOG00000052098",0
"ENSRNOG00000001979",403
"ENSRNOG00000070255",0
"ENSRNOG00000063020",0
"ENSRNOG00000056995",0
"ENSRNOG00000062680",0
"ENSRNOG00000038597",1155
"ENSRNOG00000067013",6
"ENSRNOG00000054940",0
"ENSRNOG00000065034",3
"ENSRNOG00000069118",0
"ENSRNOG00000061629",0
"ENSRNOG00000058294",0
"ENSRNOG00000002115",2585
"ENSRNOG00000070495",0
"ENSRNOG00000060895",0
"ENSRNOG00000066783",0
"ENSRNOG00000067550",0
"ENSRNOG00000068673",16
"ENSRNOG00000058239",0
"ENSRNOG00000028594",1433
"ENSRNOG00000063377",0
"ENSRNOG00000001825",153
"ENSRNOG00000056812",0
"ENSRNOG00000062427",0
"ENSRNOG00000063571",6
"ENSRNOG00000060372",0
"ENSRNOG00000055121",0
"ENSRNOG00000070084",0
"ENSRNOG00000063074",0
"ENSRNOG00000054363",0
"ENSRNOG00000066588",0
"ENSRNOG00000052779",0
"ENSRNOG00000001657",1433
"ENSRNOG00000060850",0
"ENSRNOG00000002104",1010
"ENSRNOG00000067029",1
"ENSRNOG00000068576",0
"ENSRNOG00000070903",0
"ENSRNOG00000070458",0
"ENSRNOG00000067988",98
"ENSRNOG00000063218",3
"ENSRNOG00000066621",0
"ENSRNOG00000068065",1
"ENSRNOG00000065231",0
"ENSRNOG00000070902",0
"ENSRNOG00000065737",0
"ENSRNOG00000052206",0
"ENSRNOG00000029811",40
"ENSRNOG00000060551",0
"ENSRNOG00000001877",2397
"ENSRNOG00000064835",2
"ENSRNOG00000066663",1
"ENSRNOG00000067860",0
"ENSRNOG00000068560",877
"ENSRNOG00000059381",435
"ENSRNOG00000065755",0
"ENSRNOG00000021399",178
"ENSRNOG00000001720",611
"ENSRNOG00000066115",8
"ENSRNOG00000052102",0
"ENSRNOG00000001729",938
"ENSRNOG00000067747",0
"ENSRNOG00000068158",23
"ENSRNOG00000021555",46
"ENSRNOG00000001984",0
"ENSRNOG00000042975",129
"ENSRNOG00000063553",0
"ENSRNOG00000021524",1
"ENSRNOG00000038505",0
"ENSRNOG00000001876",47
"ENSRNOG00000039877",398
"ENSRNOG00000042474",0
"ENSRNOG00000050091",106
"ENSRNOG00000070616",6
"ENSRNOG00000039680",0
"ENSRNOG00000002028",1392
"ENSRNOG00000066465",26
"ENSRNOG00000067941",752
"ENSRNOG00000047699",2218
"ENSRNOG00000002080",519
"ENSRNOG00000069351",0
"ENSRNOG00000001986",0
"ENSRNOG00000001654",214
"ENSRNOG00000001868",2006
"ENSRNOG00000052428",0
"ENSRNOG00000002026",83
"ENSRNOG00000024127",1
"ENSRNOG00000067809",0
"ENSRNOG00000028292",538
"ENSRNOG00000025787",0
"ENSRNOG00000063126",8
"ENSRNOG00000068502",29
"ENSRNOG00000001642",1016
"ENSRNOG00000002036",552
"ENSRNOG00000001878",1005
"ENSRNOG00000064931",0
"ENSRNOG00000062397",0
"ENSRNOG00000068346",0
"ENSRNOG00000001872",1
"ENSRNOG00000052008",0
"ENSRNOG00000068497",0
"ENSRNOG00000057748",0
"ENSRNOG00000002021",6720
"ENSRNOG00000056680",0
"ENSRNOG00000062424",0
"ENSRNOG00000057324",0
"ENSRNOG00000066842",700
"ENSRNOG00000056215",0
"ENSRNOG00000058009",0
"ENSRNOG00000062537",0
"ENSRNOG00000060760",0
"ENSRNOG00000001575",0
"ENSRNOG00000001717",1073
"ENSRNOG00000027797",3001
"ENSRNOG00000001640",432
"ENSRNOG00000040050",0
"ENSRNOG00000002012",155
"ENSRNOG00000001644",0
"ENSRNOG00000025028",801
"ENSRNOG00000002072",422
"ENSRNOG00000001622",13
"ENSRNOG00000028014",75
"ENSRNOG00000001616",698
"ENSRNOG00000038540",0
"ENSRNOG00000024040",403
"ENSRNOG00000002051",1824
"ENSRNOG00000001928",278
"ENSRNOG00000039567",300
"ENSRNOG00000039517",4
"ENSRNOG00000001930",2870
"ENSRNOG00000027888",205
"ENSRNOG00000002001",1143
"ENSRNOG00000030462",0
"ENSRNOG00000063842",0
"ENSRNOG00000065104",0
"ENSRNOG00000046991",196
"ENSRNOG00000063970",7
"ENSRNOG00000065628",0
"ENSRNOG00000065413",0
"ENSRNOG00000022160",0
"ENSRNOG00000070451",0
"ENSRNOG00000068415",30
"ENSRNOG00000039649",0
"ENSRNOG00000064197",0
"ENSRNOG00000038512",0
"ENSRNOG00000069304",0
"ENSRNOG00000069990",0
"ENSRNOG00000001645",491
"ENSRNOG00000024384",0
"ENSRNOG00000046780",0
"ENSRNOG00000052348",0
"ENSRNOG00000001711",966
"ENSRNOG00000039562",25
"ENSRNOG00000068996",0
"ENSRNOG00000033321",135
"ENSRNOG00000025990",0
"ENSRNOG00000065215",876
"ENSRNOG00000065853",3602
"ENSRNOG00000028411",2076
"ENSRNOG00000055751",4
"ENSRNOG00000001833",732
"ENSRNOG00000062881",113
"ENSRNOG00000033603",616
"ENSRNOG00000064655",314
"ENSRNOG00000023917",209
"ENSRNOG00000070865",165
"ENSRNOG00000002253",98
"ENSRNOG00000037909",951
"ENSRNOG00000001613",467
"ENSRNOG00000001931",5
"ENSRNOG00000038610",5519
"ENSRNOG00000026991",20
"ENSRNOG00000001845",772
"ENSRNOG00000055138",0
"ENSRNOG00000067943",185
"ENSRNOG00000001611",884
"ENSRNOG00000001728",400
"ENSRNOG00000052877",0
"ENSRNOG00000001874",6
"ENSRNOG00000001713",2339
"ENSRNOG00000069996",0
"ENSRNOG00000067098",0
"ENSRNOG00000039668",2079
"ENSRNOG00000069169",15
"ENSRNOG00000048109",10124
"ENSRNOG00000001924",0
"ENSRNOG00000001873",0
"ENSRNOG00000031273",8981
"ENSRNOG00000001653",24
"ENSRNOG00000039674",61
"ENSRNOG00000032877",672
"ENSRNOG00000025014",209
"ENSRNOG00000055281",716
"ENSRNOG00000070540",0
"ENSRNOG00000033115",24
"ENSRNOG00000001893",1139
"ENSRNOG00000050000",0
"ENSRNOG00000059491",18
"ENSRNOG00000025031",0
"ENSRNOG00000050071",0
"ENSRNOG00000001609",145
"ENSRNOG00000068894",2
"ENSRNOG00000001843",2371
"ENSRNOG00000066515",0
"ENSRNOG00000001991",4799
"ENSRNOG00000070676",0
"ENSRNOG00000001926",0
"ENSRNOG00000051418",0
"ENSRNOG00000030452",6
"ENSRNOG00000068299",2633
"ENSRNOG00000042967",0
"ENSRNOG00000050869",746
"ENSRNOG00000000716",1
"ENSRNOG00000063121",0
"ENSRNOG00000001823",640
"ENSRNOG00000001699",244
"ENSRNOG00000031163",672
"ENSRNOG00000001567",0
"ENSRNOG00000063483",0
"ENSRNOG00000040068",0
"ENSRNOG00000071041",0
"ENSRNOG00000070559",0
"ENSRNOG00000001608",98
"ENSRNOG00000040064",0
"ENSRNOG00000027997",1
"ENSRNOG00000055713",0
"ENSRNOG00000001813",1315
"ENSRNOG00000043017",0
"ENSRNOG00000039678",0
"ENSRNOG00000042680",0
"ENSRNOG00000049911",699
"ENSRNOG00000057156",0
"ENSRNOG00000027691",0
"ENSRNOG00000001982",1123
"ENSRNOG00000061897",0
"ENSRNOG00000027478",0
"ENSRNOG00000055793",0
"ENSRNOG00000001571",0
"ENSRNOG00000048374",0
"ENSRNOG00000067486",5
"ENSRNOG00000066669",0
"ENSRNOG00000050096",0
"ENSRNOG00000067558",0
"ENSRNOG00000048212",0
"ENSRNOG00000047848",34
"ENSRNOG00000001570",0
"ENSRNOG00000042531",0
"ENSRNOG00000001971",1201
"ENSRNOG00000065419",0
"ENSRNOG00000063617",1
"ENSRNOG00000001862",5460
"ENSRNOG00000001691",0
"ENSRNOG00000060045",1730
"ENSRNOG00000026236",657
"ENSRNOG00000001692",80
"ENSRNOG00000001861",49
"ENSRNOG00000001701",90
"ENSRNOG00000054203",257
"ENSRNOG00000001964",2826
"ENSRNOG00000001865",1
"ENSRNOG00000001860",0
"ENSRNOG00000001686",370
"ENSRNOG00000001864",81
"ENSRNOG00000025252",97
"ENSRNOG00000001684",0
"ENSRNOG00000051458",35
"ENSRNOG00000001958",583
"ENSRNOG00000001681",1109
"ENSRNOG00000030245",464
"ENSRNOG00000001989",473
"ENSRNOG00000055545",0
"ENSRNOG00000070534",0
"ENSRNOG00000001662",1236
"ENSRNOG00000032101",3
"ENSRNOG00000001859",285
"ENSRNOG00000026918",0
"ENSRNOG00000026900",800
"ENSRNOG00000051204",719
"ENSRNOG00000021674",542
"ENSRNOG00000000720",161
"ENSRNOG00000001643",799
"ENSRNOG00000068003",0
"ENSRNOG00000050286",54
"ENSRNOG00000028248",0
"ENSRNOG00000047194",500
"ENSRNOG00000070368",212
"ENSRNOG00000068638",27
"ENSRNOG00000030285",22
"ENSRNOG00000028774",598
"ENSRNOG00000069240",2
"ENSRNOG00000029956",253
"ENSRNOG00000000718",2190
"ENSRNOG00000001585",316
"ENSRNOG00000009920",168
"ENSRNOG00000029147",1
"ENSRNOG00000069094",0
"ENSRNOG00000001554",368
"ENSRNOG00000000715",1
"ENSRNOG00000033441",0
"ENSRNOG00000029763",2
"ENSRNOG00000061099",128
"ENSRNOG00000001573",775
"ENSRNOG00000040257",1408
"ENSRNOG00000051232",374
"ENSRNOG00000030840",0
"ENSRNOG00000029598",875
"ENSRNOG00000047563",319
"ENSRNOG00000060979",1163
"ENSRNOG00000030930",1
"ENSRNOG00000001916",0
"ENSRNOG00000001915",0
"ENSRNOG00000029614",3140
"ENSRNOG00000070402",0
"ENSRNOG00000070302",0
"ENSRNOG00000062450",2
"ENSRNOG00000048723",2625
"ENSRNOG00000064853",0
"ENSRNOG00000000713",27
"ENSRNOG00000001582",1138
"ENSRNOG00000006997",13377
"ENSRNOG00000001607",2301
"ENSRNOG00000002126",0
"ENSRNOG00000057794",77
"ENSRNOG00000001603",327
"ENSRNOG00000001602",1189
"ENSRNOG00000001557",423
"ENSRNOG00000001555",474
"ENSRNOG00000063701",0
"ENSRNOG00000001544",0
"ENSRNOG00000001599",114
"ENSRNOG00000001598",407
"ENSRNOG00000040057",0
"ENSRNOG00000038819",9
"ENSRNOG00000045697",19
"ENSRNOG00000042623",4
"ENSRNOG00000052858",5
"ENSRNOG00000011424",1
"ENSRNOG00000067705",85
"ENSRNOG00000055604",0
"ENSRNOG00000028744",0
"ENSRNOG00000011706",0
"ENSRNOG00000031879",1
"ENSRNOG00000046342",58
"ENSRNOG00000056001",0
"ENSRNOG00000061711",0
"ENSRNOG00000038458",4
"ENSRNOG00000013684",0
"ENSRNOG00000038375",1014
"ENSRNOG00000012270",103
"ENSRNOG00000070631",0
"ENSRNOG00000012287",835
"ENSRNOG00000064976",0
"ENSRNOG00000064130",0
"ENSRNOG00000014118",0
"ENSRNOG00000069339",0
"ENSRNOG00000056629",33
"ENSRNOG00000053893",56
"ENSRNOG00000046517",3
"ENSRNOG00000066386",0
"ENSRNOG00000012658",331
"ENSRNOG00000061026",0
"ENSRNOG00000069329",0
"ENSRNOG00000030299",1054
"ENSRNOG00000062457",1
"ENSRNOG00000049047",614
"ENSRNOG00000022432",12
"ENSRNOG00000055042",0
"ENSRNOG00000028623",428
"ENSRNOG00000028958",8
"ENSRNOG00000052513",1062
"ENSRNOG00000062357",35
"ENSRNOG00000011178",6
"ENSRNOG00000012174",2
"ENSRNOG00000063129",0
"ENSRNOG00000065913",0
"ENSRNOG00000019568",481
"ENSRNOG00000066408",0
"ENSRNOG00000019657",673
"ENSRNOG00000019277",1501
"ENSRNOG00000068580",0
"ENSRNOG00000029606",91
"ENSRNOG00000070460",398
"ENSRNOG00000052647",0
"ENSRNOG00000069508",110
"ENSRNOG00000065365",0
"ENSRNOG00000066563",0
"ENSRNOG00000066481",0
"ENSRNOG00000070007",0
"ENSRNOG00000063316",0
"ENSRNOG00000063304",1
"ENSRNOG00000067165",4
"ENSRNOG00000056897",0
"ENSRNOG00000069841",0
"ENSRNOG00000031335",52
"ENSRNOG00000062412",418
"ENSRNOG00000013740",0
"ENSRNOG00000056463",0
"ENSRNOG00000063166",1
"ENSRNOG00000053759",0
"ENSRNOG00000064995",22
"ENSRNOG00000064072",0
"ENSRNOG00000069986",0
"ENSRNOG00000055781",0
"ENSRNOG00000022798",0
"ENSRNOG00000062866",0
"ENSRNOG00000012087",1077
"ENSRNOG00000059357",0
"ENSRNOG00000068397",1
"ENSRNOG00000070563",24
"ENSRNOG00000051532",4
"ENSRNOG00000070600",0
"ENSRNOG00000068710",0
"ENSRNOG00000039624",0
"ENSRNOG00000033057",13
"ENSRNOG00000052164",0
"ENSRNOG00000068115",0
"ENSRNOG00000070698",5
"ENSRNOG00000065379",0
"ENSRNOG00000067559",0
"ENSRNOG00000058620",0
"ENSRNOG00000051457",0
"ENSRNOG00000065614",28
"ENSRNOG00000057479",0
"ENSRNOG00000065045",7
"ENSRNOG00000067448",0
"ENSRNOG00000056455",0
"ENSRNOG00000021726",673
"ENSRNOG00000067856",48
"ENSRNOG00000065919",0
"ENSRNOG00000070105",3
"ENSRNOG00000064791",0
"ENSRNOG00000070194",0
"ENSRNOG00000053083",0
"ENSRNOG00000066947",0
"ENSRNOG00000038157",0
"ENSRNOG00000047977",1313
"ENSRNOG00000013502",1678
"ENSRNOG00000070573",0
"ENSRNOG00000016619",857
"ENSRNOG00000059595",0
"ENSRNOG00000021693",1466
"ENSRNOG00000038155",0
"ENSRNOG00000067760",0
"ENSRNOG00000053887",2
"ENSRNOG00000066656",0
"ENSRNOG00000065276",0
"ENSRNOG00000063958",0
"ENSRNOG00000066600",1
"ENSRNOG00000010785",0
"ENSRNOG00000061907",0
"ENSRNOG00000069310",0
"ENSRNOG00000064031",0
"ENSRNOG00000068498",0
"ENSRNOG00000069693",0
"ENSRNOG00000064084",216
"ENSRNOG00000057503",0
"ENSRNOG00000066183",1
"ENSRNOG00000069277",0
"ENSRNOG00000038151",0
"ENSRNOG00000051587",0
"ENSRNOG00000067751",0
"ENSRNOG00000068977",0
"ENSRNOG00000052900",0
"ENSRNOG00000038135",0
"ENSRNOG00000066652",6
"ENSRNOG00000070344",0
"ENSRNOG00000065768",0
"ENSRNOG00000061751",0
"ENSRNOG00000067533",0
"ENSRNOG00000032575",343
"ENSRNOG00000070250",3
"ENSRNOG00000061766",0
"ENSRNOG00000022482",1320
"ENSRNOG00000038133",0
"ENSRNOG00000054711",0
"ENSRNOG00000016892",97
"ENSRNOG00000059895",0
"ENSRNOG00000054717",0
"ENSRNOG00000067439",0
"ENSRNOG00000063794",0
"ENSRNOG00000027245",512
"ENSRNOG00000067734",1
"ENSRNOG00000068819",1
"ENSRNOG00000068728",0
"ENSRNOG00000069702",3
"ENSRNOG00000051688",5
"ENSRNOG00000051984",0
"ENSRNOG00000056277",0
"ENSRNOG00000019727",669
"ENSRNOG00000060942",0
"ENSRNOG00000068105",0
"ENSRNOG00000066899",18
"ENSRNOG00000038743",0
"ENSRNOG00000063240",0
"ENSRNOG00000019394",667
"ENSRNOG00000068830",52
"ENSRNOG00000000111",177
"ENSRNOG00000011438",0
"ENSRNOG00000052584",0
"ENSRNOG00000067775",0
"ENSRNOG00000060263",1
"ENSRNOG00000010830",4084
"ENSRNOG00000051395",0
"ENSRNOG00000068570",0
"ENSRNOG00000058732",0
"ENSRNOG00000019433",366
"ENSRNOG00000064380",28
"ENSRNOG00000014624",221
"ENSRNOG00000066596",55
"ENSRNOG00000067215",0
"ENSRNOG00000066084",3
"ENSRNOG00000033351",457
"ENSRNOG00000068713",0
"ENSRNOG00000060710",0
"ENSRNOG00000015280",655
"ENSRNOG00000058362",0
"ENSRNOG00000067949",0
"ENSRNOG00000069662",0
"ENSRNOG00000055692",0
"ENSRNOG00000068505",9
"ENSRNOG00000063780",1
"ENSRNOG00000057559",0
"ENSRNOG00000017671",1833
"ENSRNOG00000059650",1
"ENSRNOG00000051475",0
"ENSRNOG00000015498",16
"ENSRNOG00000067021",0
"ENSRNOG00000010633",419
"ENSRNOG00000061634",0
"ENSRNOG00000057492",0
"ENSRNOG00000065964",0
"ENSRNOG00000052855",0
"ENSRNOG00000013751",1044
"ENSRNOG00000064560",0
"ENSRNOG00000063342",0
"ENSRNOG00000062336",0
"ENSRNOG00000054526",0
"ENSRNOG00000070948",2
"ENSRNOG00000066851",0
"ENSRNOG00000056004",0
"ENSRNOG00000063073",1
"ENSRNOG00000018543",0
"ENSRNOG00000034790",0
"ENSRNOG00000012674",3
"ENSRNOG00000066997",0
"ENSRNOG00000067194",6
"ENSRNOG00000063450",0
"ENSRNOG00000070525",0
"ENSRNOG00000063564",4
"ENSRNOG00000060940",0
"ENSRNOG00000022181",0
"ENSRNOG00000067772",2
"ENSRNOG00000057398",0
"ENSRNOG00000055658",4
"ENSRNOG00000070751",31
"ENSRNOG00000014199",2128
"ENSRNOG00000053586",1
"ENSRNOG00000026740",7
"ENSRNOG00000057346",0
"ENSRNOG00000063993",7
"ENSRNOG00000061440",2
"ENSRNOG00000054043",0
"ENSRNOG00000012582",2332
"ENSRNOG00000060692",0
"ENSRNOG00000063268",0
"ENSRNOG00000056664",0
"ENSRNOG00000056682",0
"ENSRNOG00000069705",2
"ENSRNOG00000052262",0
"ENSRNOG00000061709",6
"ENSRNOG00000058395",0
"ENSRNOG00000067837",7
"ENSRNOG00000058810",0
"ENSRNOG00000016256",3483
"ENSRNOG00000015859",4
"ENSRNOG00000018430",0
"ENSRNOG00000059879",0
"ENSRNOG00000069796",2092
"ENSRNOG00000061765",0
"ENSRNOG00000056874",18
"ENSRNOG00000059902",0
"ENSRNOG00000063984",0
"ENSRNOG00000012565",414
"ENSRNOG00000060560",0
"ENSRNOG00000055540",1
"ENSRNOG00000054601",0
"ENSRNOG00000066729",0
"ENSRNOG00000060283",0
"ENSRNOG00000064740",0
"ENSRNOG00000012108",40
"ENSRNOG00000063742",0
"ENSRNOG00000060595",0
"ENSRNOG00000058759",0
"ENSRNOG00000030954",27335
"ENSRNOG00000067252",7
"ENSRNOG00000014741",0
"ENSRNOG00000063369",1
"ENSRNOG00000068203",0
"ENSRNOG00000060537",0
"ENSRNOG00000059707",0
"ENSRNOG00000070763",7
"ENSRNOG00000057474",0
"ENSRNOG00000061090",0
"ENSRNOG00000070454",0
"ENSRNOG00000065107",0
"ENSRNOG00000031189",0
"ENSRNOG00000070981",0
"ENSRNOG00000052526",0
"ENSRNOG00000051550",0
"ENSRNOG00000019222",2006
"ENSRNOG00000066073",0
"ENSRNOG00000070818",50
"ENSRNOG00000058394",0
"ENSRNOG00000046554",0
"ENSRNOG00000062490",0
"ENSRNOG00000060161",0
"ENSRNOG00000066888",0
"ENSRNOG00000035589",0
"ENSRNOG00000052819",0
"ENSRNOG00000050405",0
"ENSRNOG00000059970",0
"ENSRNOG00000064049",2
"ENSRNOG00000016423",2944
"ENSRNOG00000018669",0
"ENSRNOG00000069561",9
"ENSRNOG00000042464",437
"ENSRNOG00000066250",0
"ENSRNOG00000066981",0
"ENSRNOG00000066732",0
"ENSRNOG00000057348",0
"ENSRNOG00000035975",0
"ENSRNOG00000012561",603
"ENSRNOG00000053224",0
"ENSRNOG00000017518",0
"ENSRNOG00000013147",13
"ENSRNOG00000067895",9
"ENSRNOG00000014454",1765
"ENSRNOG00000033444",0
"ENSRNOG00000000112",1024
"ENSRNOG00000012333",20
"ENSRNOG00000017397",172
"ENSRNOG00000025365",26
"ENSRNOG00000066109",733
"ENSRNOG00000017536",2019
"ENSRNOG00000061160",25
"ENSRNOG00000020178",1568
"ENSRNOG00000016559",933
"ENSRNOG00000013391",1923
"ENSRNOG00000056956",395
"ENSRNOG00000069749",431
"ENSRNOG00000022368",178
"ENSRNOG00000028380",164
"ENSRNOG00000033585",1
"ENSRNOG00000068331",5
"ENSRNOG00000039749",0
"ENSRNOG00000049942",270
"ENSRNOG00000019700",3
"ENSRNOG00000014275",760
"ENSRNOG00000032737",0
"ENSRNOG00000020229",608
"ENSRNOG00000025222",693
"ENSRNOG00000020088",486
"ENSRNOG00000011826",27
"ENSRNOG00000014462",1267
"ENSRNOG00000017689",1
"ENSRNOG00000042114",205
"ENSRNOG00000052038",42
"ENSRNOG00000014628",1534
"ENSRNOG00000018233",13172
"ENSRNOG00000012283",0
"ENSRNOG00000023317",2971
"ENSRNOG00000012448",0
"ENSRNOG00000058359",2040
"ENSRNOG00000017554",0
"ENSRNOG00000042867",0
"ENSRNOG00000009824",1165
"ENSRNOG00000066883",0
"ENSRNOG00000012739",239
"ENSRNOG00000054006",0
"ENSRNOG00000028299",0
"ENSRNOG00000022686",31
"ENSRNOG00000012991",2788
"ENSRNOG00000017085",554
"ENSRNOG00000055677",0
"ENSRNOG00000011016",8822
"ENSRNOG00000018452",587
"ENSRNOG00000053136",8
"ENSRNOG00000042690",0
"ENSRNOG00000049442",5854
"ENSRNOG00000016645",548
"ENSRNOG00000017683",0
"ENSRNOG00000032192",530
"ENSRNOG00000016050",441
"ENSRNOG00000033386",0
"ENSRNOG00000017154",2407
"ENSRNOG00000011116",222
"ENSRNOG00000018167",0
"ENSRNOG00000042658",11
"ENSRNOG00000013763",770
"ENSRNOG00000057751",0
"ENSRNOG00000018170",2093
"ENSRNOG00000020203",0
"ENSRNOG00000011276",1296
"ENSRNOG00000026180",424
"ENSRNOG00000010748",1785
"ENSRNOG00000025433",0
"ENSRNOG00000014621",934
"ENSRNOG00000070644",0
"ENSRNOG00000020045",0
"ENSRNOG00000062821",251
"ENSRNOG00000025728",0
"ENSRNOG00000066340",0
"ENSRNOG00000051993",1561
"ENSRNOG00000009738",260
"ENSRNOG00000016015",1394
"ENSRNOG00000019073",673
"ENSRNOG00000023485",2
"ENSRNOG00000064616",703
"ENSRNOG00000020155",497
"ENSRNOG00000045729",0
"ENSRNOG00000010832",1117
"ENSRNOG00000033703",1
"ENSRNOG00000059900",89
"ENSRNOG00000011397",0
"ENSRNOG00000018326",2168
"ENSRNOG00000014875",824
"ENSRNOG00000038671",0
"ENSRNOG00000019504",205
"ENSRNOG00000052469",1879
"ENSRNOG00000010714",0
"ENSRNOG00000019971",22481
"ENSRNOG00000065936",0
"ENSRNOG00000048769",0
"ENSRNOG00000068093",1
"ENSRNOG00000068852",0
"ENSRNOG00000019629",11928
"ENSRNOG00000014502",0
"ENSRNOG00000000054",468
"ENSRNOG00000015052",46
"ENSRNOG00000032376",223
"ENSRNOG00000015375",498
"ENSRNOG00000017552",649
"ENSRNOG00000019990",306
"ENSRNOG00000042560",476
"ENSRNOG00000039417",862
"ENSRNOG00000020030",622
"ENSRNOG00000015501",872
"ENSRNOG00000015148",1
"ENSRNOG00000010780",2447
"ENSRNOG00000019572",200
"ENSRNOG00000019649",1424
"ENSRNOG00000069017",2511
"ENSRNOG00000010758",4
"ENSRNOG00000058662",162
"ENSRNOG00000017071",984
"ENSRNOG00000019009",75
"ENSRNOG00000068301",3
"ENSRNOG00000020134",592
"ENSRNOG00000070518",193
"ENSRNOG00000009846",29
"ENSRNOG00000059091",0
"ENSRNOG00000015496",11167
"ENSRNOG00000012573",0
"ENSRNOG00000067124",0
"ENSRNOG00000067549",163
"ENSRNOG00000018241",4
"ENSRNOG00000064919",0
"ENSRNOG00000019824",889
"ENSRNOG00000011420",31
"ENSRNOG00000015751",11
"ENSRNOG00000014185",0
"ENSRNOG00000027257",154
"ENSRNOG00000067670",0
"ENSRNOG00000010189",1554
"ENSRNOG00000019216",5
"ENSRNOG00000010034",6231
"ENSRNOG00000049498",412
"ENSRNOG00000064081",2
"ENSRNOG00000067161",0
"ENSRNOG00000018823",10035
"ENSRNOG00000010776",2097
"ENSRNOG00000064603",0
"ENSRNOG00000064057",0
"ENSRNOG00000023509",1801
"ENSRNOG00000011492",174
"ENSRNOG00000010984",3653
"ENSRNOG00000057966",0
"ENSRNOG00000064888",30
"ENSRNOG00000019955",42
"ENSRNOG00000067022",17
"ENSRNOG00000042580",51
"ENSRNOG00000049856",89
"ENSRNOG00000054322",0
"ENSRNOG00000010155",1271
"ENSRNOG00000015621",201
"ENSRNOG00000012181",579
"ENSRNOG00000014149",0
"ENSRNOG00000023403",129
"ENSRNOG00000015618",493
"ENSRNOG00000032297",4666
"ENSRNOG00000014188",31
"ENSRNOG00000011263",713
"ENSRNOG00000060701",155
"ENSRNOG00000026310",0
"ENSRNOG00000068058",100
"ENSRNOG00000043387",24171
"ENSRNOG00000016186",468
"ENSRNOG00000018943",88
"ENSRNOG00000029441",445
"ENSRNOG00000025012",0
"ENSRNOG00000061945",5
"ENSRNOG00000011992",3
"ENSRNOG00000033528",79
"ENSRNOG00000018147",0
"ENSRNOG00000043249",0
"ENSRNOG00000012001",439
"ENSRNOG00000032550",0
"ENSRNOG00000039786",0
"ENSRNOG00000019639",84
"ENSRNOG00000042628",1
"ENSRNOG00000051048",12498
"ENSRNOG00000012263",727
"ENSRNOG00000039357",0
"ENSRNOG00000028426",15
"ENSRNOG00000019768",0
"ENSRNOG00000017231",3775
"ENSRNOG00000067356",1
"ENSRNOG00000048622",2084
"ENSRNOG00000010558",343
"ENSRNOG00000030199",653
"ENSRNOG00000042426",1211
"ENSRNOG00000011891",3190
"ENSRNOG00000025174",2687
"ENSRNOG00000040205",2900
"ENSRNOG00000018764",1
"ENSRNOG00000057716",0
"ENSRNOG00000052129",40
"ENSRNOG00000018650",213
"ENSRNOG00000068874",13
"ENSRNOG00000020078",0
"ENSRNOG00000029903",0
"ENSRNOG00000019018",5796
"ENSRNOG00000054809",3
"ENSRNOG00000018781",802
"ENSRNOG00000017156",55
"ENSRNOG00000030017",230
"ENSRNOG00000065627",180
"ENSRNOG00000017676",23
"ENSRNOG00000014172",0
"ENSRNOG00000062469",0
"ENSRNOG00000068146",0
"ENSRNOG00000012396",0
"ENSRNOG00000017956",3523
"ENSRNOG00000066954",0
"ENSRNOG00000018795",20196
"ENSRNOG00000051911",0
"ENSRNOG00000011407",436
"ENSRNOG00000014339",0
"ENSRNOG00000033912",8
"ENSRNOG00000018040",85
"ENSRNOG00000053706",221
"ENSRNOG00000059057",275
"ENSRNOG00000069283",33
"ENSRNOG00000032995",147
"ENSRNOG00000012841",359
"ENSRNOG00000019630",309
"ENSRNOG00000018822",1
"ENSRNOG00000069755",0
"ENSRNOG00000012779",0
"ENSRNOG00000018952",0
"ENSRNOG00000029522",0
"ENSRNOG00000066938",580
"ENSRNOG00000066630",537
"ENSRNOG00000028707",0
"ENSRNOG00000020427",348
"ENSRNOG00000064390",0
"ENSRNOG00000056947",2
"ENSRNOG00000067523",0
"ENSRNOG00000062395",0
"ENSRNOG00000033318",170
"ENSRNOG00000018996",429
"ENSRNOG00000030093",0
"ENSRNOG00000012767",82
"ENSRNOG00000019656",1324
"ENSRNOG00000068468",0
"ENSRNOG00000030524",0
"ENSRNOG00000012790",3
"ENSRNOG00000022247",338
"ENSRNOG00000019273",817
"ENSRNOG00000017949",1394
"ENSRNOG00000000109",0
"ENSRNOG00000012878",37
"ENSRNOG00000048036",0
"ENSRNOG00000011474",97
"ENSRNOG00000019097",1356
"ENSRNOG00000049949",103
"ENSRNOG00000011431",924
"ENSRNOG00000042237",5
"ENSRNOG00000042504",50
"ENSRNOG00000011839",206
"ENSRNOG00000010107",1802
"ENSRNOG00000013061",2375
"ENSRNOG00000052111",480
"ENSRNOG00000019697",2162
"ENSRNOG00000011881",200
"ENSRNOG00000011448",419
"ENSRNOG00000031959",1
"ENSRNOG00000019698",176
"ENSRNOG00000013768",0
"ENSRNOG00000011625",2448
"ENSRNOG00000014520",721
"ENSRNOG00000018077",904
"ENSRNOG00000020526",520
"ENSRNOG00000011253",2
"ENSRNOG00000014526",211
"ENSRNOG00000050067",2233
"ENSRNOG00000038130",0
"ENSRNOG00000069920",1
"ENSRNOG00000019741",29
"ENSRNOG00000012329",1912
"ENSRNOG00000019490",2362
"ENSRNOG00000026914",197
"ENSRNOG00000022173",1042
"ENSRNOG00000015021",214
"ENSRNOG00000024930",1016
"ENSRNOG00000015109",480
"ENSRNOG00000020599",51
"ENSRNOG00000015182",1090
"ENSRNOG00000014600",0
"ENSRNOG00000011754",0
"ENSRNOG00000012757",114
"ENSRNOG00000070947",2
"ENSRNOG00000020602",167
"ENSRNOG00000039191",1
"ENSRNOG00000022421",761
"ENSRNOG00000010783",400
"ENSRNOG00000020622",4
"ENSRNOG00000026336",0
"ENSRNOG00000019387",759
"ENSRNOG00000063036",0
"ENSRNOG00000064362",264
"ENSRNOG00000023494",237
"ENSRNOG00000031681",0
"ENSRNOG00000048472",62
"ENSRNOG00000011518",0
"ENSRNOG00000024142",158
"ENSRNOG00000022753",370
"ENSRNOG00000018932",286
"ENSRNOG00000050857",299
"ENSRNOG00000019150",699
"ENSRNOG00000029264",75
"ENSRNOG00000019267",10
"ENSRNOG00000013024",923
"ENSRNOG00000062701",0
"ENSRNOG00000015440",779
"ENSRNOG00000012934",1530
"ENSRNOG00000033972",0
"ENSRNOG00000017783",0
"ENSRNOG00000013939",0
"ENSRNOG00000047276",15562
"ENSRNOG00000012601",1731
"ENSRNOG00000033538",0
"ENSRNOG00000038149",0
"ENSRNOG00000030102",2
"ENSRNOG00000011351",32
"ENSRNOG00000038148",0
"ENSRNOG00000038147",0
"ENSRNOG00000046973",456
"ENSRNOG00000013254",1235
"ENSRNOG00000012654",848
"ENSRNOG00000013957",0
"ENSRNOG00000019473",173
"ENSRNOG00000034275",0
"ENSRNOG00000013884",1838
"ENSRNOG00000014915",1061
"ENSRNOG00000019518",39
"ENSRNOG00000070256",0
"ENSRNOG00000023991",524
"ENSRNOG00000024650",388
"ENSRNOG00000065258",0
"ENSRNOG00000019661",19
"ENSRNOG00000028586",296
"ENSRNOG00000022565",2
"ENSRNOG00000010736",48
"ENSRNOG00000016696",24
"ENSRNOG00000032089",0
"ENSRNOG00000023972",3895
"ENSRNOG00000029462",0
"ENSRNOG00000038115",0
"ENSRNOG00000030719",4
"ENSRNOG00000010392",423
"ENSRNOG00000028636",28
"ENSRNOG00000016281",4446
"ENSRNOG00000021805",925
"ENSRNOG00000032304",0
"ENSRNOG00000024837",0
"ENSRNOG00000055499",0
"ENSRNOG00000013541",92
"ENSRNOG00000038129",0
"ENSRNOG00000066120",0
"ENSRNOG00000065076",0
"ENSRNOG00000038128",0
"ENSRNOG00000067812",108
"ENSRNOG00000038126",0
"ENSRNOG00000052152",0
"ENSRNOG00000065710",0
"ENSRNOG00000019228",680
"ENSRNOG00000038106",2568
"ENSRNOG00000028919",1
"ENSRNOG00000016483",3
"ENSRNOG00000066096",0
"ENSRNOG00000022781",2781
"ENSRNOG00000026403",108
"ENSRNOG00000055331",781
"ENSRNOG00000014745",1390
"ENSRNOG00000020269",131
"ENSRNOG00000007748",0
"ENSRNOG00000014464",3
"ENSRNOG00000020280",104
"ENSRNOG00000015426",67
"ENSRNOG00000055140",0
"ENSRNOG00000059166",203
"ENSRNOG00000020345",129
"ENSRNOG00000014598",555
"ENSRNOG00000020390",323
"ENSRNOG00000053026",65
"ENSRNOG00000011921",84
"ENSRNOG00000037753",0
"ENSRNOG00000020400",6
"ENSRNOG00000063117",0
"ENSRNOG00000011858",0
"ENSRNOG00000029977",0
"ENSRNOG00000062799",10
"ENSRNOG00000058908",667
"ENSRNOG00000062801",0
"ENSRNOG00000030889",4
"ENSRNOG00000031521",2
"ENSRNOG00000030778",0
"ENSRNOG00000057653",0
"ENSRNOG00000065368",0
"ENSRNOG00000038744",272
"ENSRNOG00000052883",0
"ENSRNOG00000014605",608
"ENSRNOG00000023473",590
"ENSRNOG00000029662",87
"ENSRNOG00000058940",705
"ENSRNOG00000011636",915
"ENSRNOG00000012623",8937
"ENSRNOG00000018358",1071
"ENSRNOG00000013328",2802
"ENSRNOG00000058006",1
"ENSRNOG00000025408",97
"ENSRNOG00000059442",175
"ENSRNOG00000065146",209
"ENSRNOG00000018434",4
"ENSRNOG00000059097",0
"ENSRNOG00000038473",13
"ENSRNOG00000059865",3
"ENSRNOG00000019718",24
"ENSRNOG00000014422",426
"ENSRNOG00000063991",0
"ENSRNOG00000020080",0
"ENSRNOG00000049689",1
"ENSRNOG00000021966",42
"ENSRNOG00000022726",0
"ENSRNOG00000070491",0
"ENSRNOG00000067462",0
"ENSRNOG00000017051",202
"ENSRNOG00000065891",0
"ENSRNOG00000020077",0
"ENSRNOG00000012218",0
"ENSRNOG00000017369",17
"ENSRNOG00000017997",162
"ENSRNOG00000060767",0
"ENSRNOG00000029131",0
"ENSRNOG00000018075",3319
"ENSRNOG00000011307",1617
"ENSRNOG00000010488",6053
"ENSRNOG00000014133",0
"ENSRNOG00000018179",951
"ENSRNOG00000019760",740
"ENSRNOG00000067867",0
"ENSRNOG00000028461",824
"ENSRNOG00000016064",5549
"ENSRNOG00000010008",513
"ENSRNOG00000013346",5
"ENSRNOG00000028227",2272
"ENSRNOG00000013574",627
"ENSRNOG00000019615",52
"ENSRNOG00000067370",0
"ENSRNOG00000052391",688
"ENSRNOG00000013961",5559
"ENSRNOG00000014363",300
"ENSRNOG00000019559",692
"ENSRNOG00000016346",1207
"ENSRNOG00000068020",569
"ENSRNOG00000014750",1199
"ENSRNOG00000060949",20
"ENSRNOG00000031287",0
"ENSRNOG00000066342",0
"ENSRNOG00000067759",0
"ENSRNOG00000024728",1085
"ENSRNOG00000051977",11
"ENSRNOG00000011140",130
"ENSRNOG00000055025",10
"ENSRNOG00000063161",0
"ENSRNOG00000010813",967
"ENSRNOG00000017381",2
"ENSRNOG00000005112",6
"ENSRNOG00000023614",2
"ENSRNOG00000063221",29
"ENSRNOG00000019811",221
"ENSRNOG00000019978",762
"ENSRNOG00000013330",3395
"ENSRNOG00000043342",54
"ENSRNOG00000012323",2184
"ENSRNOG00000067535",0
"ENSRNOG00000011912",194
"ENSRNOG00000042037",1295
"ENSRNOG00000057367",10378
"ENSRNOG00000023700",267
"ENSRNOG00000013260",109
"ENSRNOG00000039591",0
"ENSRNOG00000011165",0
"ENSRNOG00000057542",0
"ENSRNOG00000039601",0
"ENSRNOG00000065091",6
"ENSRNOG00000010358",934
"ENSRNOG00000024411",273
"ENSRNOG00000011861",0
"ENSRNOG00000010418",145
"ENSRNOG00000011775",37
"ENSRNOG00000010682",560
"ENSRNOG00000011293",90
"ENSRNOG00000060395",17
"ENSRNOG00000013167",17
"ENSRNOG00000067282",0
"ENSRNOG00000063109",3
"ENSRNOG00000069425",33
"ENSRNOG00000012037",352
"ENSRNOG00000066721",2271
"ENSRNOG00000067321",1
"ENSRNOG00000010610",1
"ENSRNOG00000069516",78
"ENSRNOG00000060448",257
"ENSRNOG00000063491",189
"ENSRNOG00000013218",79
"ENSRNOG00000010502",489
"ENSRNOG00000062690",0
"ENSRNOG00000010566",156
"ENSRNOG00000046132",0
"ENSRNOG00000046720",3
"ENSRNOG00000007402",1974
"ENSRNOG00000048035",0
"ENSRNOG00000042630",53
"ENSRNOG00000038933",2192
"ENSRNOG00000049792",0
"ENSRNOG00000070639",0
"ENSRNOG00000064359",0
"ENSRNOG00000000108",1915
"ENSRNOG00000011416",685
"ENSRNOG00000070483",1620
"ENSRNOG00000048847",2
"ENSRNOG00000059297",0
"ENSRNOG00000010731",26
"ENSRNOG00000070297",2
"ENSRNOG00000022736",340
"ENSRNOG00000011688",18
"ENSRNOG00000013215",183
"ENSRNOG00000012802",3476
"ENSRNOG00000065184",29
"ENSRNOG00000066202",0
"ENSRNOG00000013480",108
"ENSRNOG00000064469",1
"ENSRNOG00000009660",92
"ENSRNOG00000069013",1
"ENSRNOG00000013248",588
"ENSRNOG00000010475",676
"ENSRNOG00000022320",68
"ENSRNOG00000022261",72
"ENSRNOG00000022500",1637
"ENSRNOG00000033638",35
"ENSRNOG00000009590",20
"ENSRNOG00000053529",0
"ENSRNOG00000023034",3
"ENSRNOG00000015225",861
"ENSRNOG00000014645",833
"ENSRNOG00000065037",0
"ENSRNOG00000022957",12
"ENSRNOG00000015971",747
"ENSRNOG00000023013",222
"ENSRNOG00000013738",203
"ENSRNOG00000013774",132
"ENSRNOG00000070204",0
"ENSRNOG00000059142",88
"ENSRNOG00000069576",0
"ENSRNOG00000027066",0
"ENSRNOG00000024671",1288
"ENSRNOG00000070823",0
"ENSRNOG00000043219",143
"ENSRNOG00000067639",171
"ENSRNOG00000015834",0
"ENSRNOG00000025422",0
"ENSRNOG00000016087",545
"ENSRNOG00000015840",1116
"ENSRNOG00000026136",545
"ENSRNOG00000020084",5
"ENSRNOG00000054953",4
"ENSRNOG00000046264",9
"ENSRNOG00000067520",0
"ENSRNOG00000019744",0
"ENSRNOG00000014426",3325
"ENSRNOG00000063843",4160
"ENSRNOG00000029244",20
"ENSRNOG00000018525",2
"ENSRNOG00000018724",1
"ENSRNOG00000066477",83
"ENSRNOG00000013674",21
"ENSRNOG00000067527",0
"ENSRNOG00000017091",692
"ENSRNOG00000066512",2
"ENSRNOG00000014808",438
"ENSRNOG00000058193",0
"ENSRNOG00000065460",0
"ENSRNOG00000016773",1863
"ENSRNOG00000015161",288
"ENSRNOG00000066074",0
"ENSRNOG00000026060",127
"ENSRNOG00000022429",0
"ENSRNOG00000039471",342
"ENSRNOG00000039470",289
"ENSRNOG00000019014",1291
"ENSRNOG00000018254",0
"ENSRNOG00000016250",1608
"ENSRNOG00000018774",257
"ENSRNOG00000016433",2053
"ENSRNOG00000030247",1821
"ENSRNOG00000019577",0
"ENSRNOG00000017832",1342
"ENSRNOG00000033015",0
"ENSRNOG00000060334",2
"ENSRNOG00000067774",0
"ENSRNOG00000038211",11
"ENSRNOG00000064792",1
"ENSRNOG00000015591",708
"ENSRNOG00000016677",1136
"ENSRNOG00000068672",94
"ENSRNOG00000016231",665
"ENSRNOG00000018461",31866
"ENSRNOG00000069464",31
"ENSRNOG00000011382",417
"ENSRNOG00000012795",138
"ENSRNOG00000018089",980
"ENSRNOG00000060410",360
"ENSRNOG00000023412",151
"ENSRNOG00000017488",677
"ENSRNOG00000023433",1254
"ENSRNOG00000017849",200
"ENSRNOG00000017416",6330
"ENSRNOG00000016887",0
"ENSRNOG00000030486",1446
"ENSRNOG00000029370",18
"ENSRNOG00000017035",849
"ENSRNOG00000019276",907
"ENSRNOG00000050152",24
"ENSRNOG00000019711",978
"ENSRNOG00000013281",632
"ENSRNOG00000002908",2129
"ENSRNOG00000023197",1476
"ENSRNOG00000019235",1306
"ENSRNOG00000015772",15
"ENSRNOG00000071008",13
"ENSRNOG00000016021",314
"ENSRNOG00000014459",280
"ENSRNOG00000016275",0
"ENSRNOG00000019181",2568
"ENSRNOG00000065480",1
"ENSRNOG00000050949",245
"ENSRNOG00000018304",1511
"ENSRNOG00000049345",0
"ENSRNOG00000019536",1057
"ENSRNOG00000013714",203
"ENSRNOG00000064275",385
"ENSRNOG00000015383",6
"ENSRNOG00000019298",2509
"ENSRNOG00000016366",229
"ENSRNOG00000066369",7
"ENSRNOG00000019403",6
"ENSRNOG00000015035",6
"ENSRNOG00000030363",0
"ENSRNOG00000015418",2
"ENSRNOG00000062552",811
"ENSRNOG00000018082",296
"ENSRNOG00000031092",602
"ENSRNOG00000022156",0
"ENSRNOG00000057832",4
"ENSRNOG00000063070",8429
"ENSRNOG00000056258",0
"ENSRNOG00000015602",504
"ENSRNOG00000018414",9
"ENSRNOG00000016874",1172
"ENSRNOG00000017159",0
"ENSRNOG00000064251",1
"ENSRNOG00000022202",1590
"ENSRNOG00000039260",0
"ENSRNOG00000018992",1772
"ENSRNOG00000066013",14918
"ENSRNOG00000011300",171
"ENSRNOG00000003541",238
"ENSRNOG00000052723",0
"ENSRNOG00000052312",0
"ENSRNOG00000068558",4
"ENSRNOG00000055349",0
"ENSRNOG00000019159",0
"ENSRNOG00000052888",0
"ENSRNOG00000015546",473
"ENSRNOG00000056958",3
"ENSRNOG00000057533",0
"ENSRNOG00000063255",0
"ENSRNOG00000054451",0
"ENSRNOG00000057432",0
"ENSRNOG00000054092",0
"ENSRNOG00000015645",398
"ENSRNOG00000065966",0
"ENSRNOG00000066739",0
"ENSRNOG00000068446",0
"ENSRNOG00000018371",2941
"ENSRNOG00000067228",0
"ENSRNOG00000069179",0
"ENSRNOG00000035474",0
"ENSRNOG00000035602",0
"ENSRNOG00000018780",2
"ENSRNOG00000043820",0
"ENSRNOG00000035521",0
"ENSRNOG00000017965",865
"ENSRNOG00000044615",3
"ENSRNOG00000035523",1
"ENSRNOG00000039969",0
"ENSRNOG00000035651",0
"ENSRNOG00000035603",0
"ENSRNOG00000003559",62
"ENSRNOG00000035517",0
"ENSRNOG00000017954",358
"ENSRNOG00000018820",3
"ENSRNOG00000016685",2
"ENSRNOG00000016675",0
"ENSRNOG00000016853",0
"ENSRNOG00000042070",28
"ENSRNOG00000003691",5936
"ENSRNOG00000016800",2175
"ENSRNOG00000016417",53
"ENSRNOG00000031421",1069
"ENSRNOG00000049629",6
"ENSRNOG00000014775",0
"ENSRNOG00000018132",1047
"ENSRNOG00000052952",2
"ENSRNOG00000027103",4
"ENSRNOG00000027355",539
"ENSRNOG00000020103",0
"ENSRNOG00000042879",2626
"ENSRNOG00000039476",9
"ENSRNOG00000017568",0
"ENSRNOG00000020095",7
"ENSRNOG00000064596",0
"ENSRNOG00000068550",0
"ENSRNOG00000020073",6
"ENSRNOG00000031060",0
"ENSRNOG00000020072",9
"ENSRNOG00000013867",1634
"ENSRNOG00000015205",0
"ENSRNOG00000018676",1016
"ENSRNOG00000020066",16
"ENSRNOG00000018644",46
"ENSRNOG00000033719",46
"ENSRNOG00000020062",28
"ENSRNOG00000000158",1
"ENSRNOG00000069290",0
"ENSRNOG00000020054",30
"ENSRNOG00000012899",319
"ENSRNOG00000039472",238
"ENSRNOG00000064758",0
"ENSRNOG00000058823",0
"ENSRNOG00000033123",60
"ENSRNOG00000065236",0
"ENSRNOG00000059289",0
"ENSRNOG00000033479",63
"ENSRNOG00000012597",971
"ENSRNOG00000063965",0
"ENSRNOG00000071175",1
"ENSRNOG00000051796",0
"ENSRNOG00000020028",361
"ENSRNOG00000070610",0
"ENSRNOG00000064492",0
"ENSRNOG00000038412",8
"ENSRNOG00000057382",2
"ENSRNOG00000016216",127
"ENSRNOG00000059918",0
"ENSRNOG00000069512",0
"ENSRNOG00000054066",0
"ENSRNOG00000050666",23
"ENSRNOG00000016612",90
"ENSRNOG00000051492",0
"ENSRNOG00000052686",1
"ENSRNOG00000003575",0
"ENSRNOG00000069260",0
"ENSRNOG00000052373",0
"ENSRNOG00000030301",0
"ENSRNOG00000064396",0
"ENSRNOG00000070001",0
"ENSRNOG00000063267",0
"ENSRNOG00000048101",151
"ENSRNOG00000070357",5
"ENSRNOG00000067352",0
"ENSRNOG00000066412",1
"ENSRNOG00000061296",0
"ENSRNOG00000060083",0
"ENSRNOG00000066272",0
"ENSRNOG00000064926",0
"ENSRNOG00000030131",239
"ENSRNOG00000065626",0
"ENSRNOG00000053664",0
"ENSRNOG00000068520",0
"ENSRNOG00000056053",0
"ENSRNOG00000058459",0
"ENSRNOG00000023492",85
"ENSRNOG00000064736",0
"ENSRNOG00000065378",64
"ENSRNOG00000056994",0
"ENSRNOG00000053926",0
"ENSRNOG00000057621",0
"ENSRNOG00000019542",931
"ENSRNOG00000027250",911
"ENSRNOG00000060362",9
"ENSRNOG00000070435",0
"ENSRNOG00000049137",177
"ENSRNOG00000069602",0
"ENSRNOG00000063364",0
"ENSRNOG00000067738",0
"ENSRNOG00000066354",0
"ENSRNOG00000016562",410
"ENSRNOG00000060360",5
"ENSRNOG00000068438",0
"ENSRNOG00000056317",0
"ENSRNOG00000038955",146
"ENSRNOG00000065120",1147
"ENSRNOG00000063115",822
"ENSRNOG00000066709",0
"ENSRNOG00000063272",0
"ENSRNOG00000062623",0
"ENSRNOG00000070893",0
"ENSRNOG00000061115",0
"ENSRNOG00000012016",2401
"ENSRNOG00000068584",0
"ENSRNOG00000058981",0
"ENSRNOG00000055852",0
"ENSRNOG00000060761",0
"ENSRNOG00000046787",0
"ENSRNOG00000060774",0
"ENSRNOG00000017503",46
"ENSRNOG00000067928",0
"ENSRNOG00000065803",0
"ENSRNOG00000014031",227
"ENSRNOG00000053670",1
"ENSRNOG00000018842",0
"ENSRNOG00000069327",0
"ENSRNOG00000034597",0
"ENSRNOG00000003578",792
"ENSRNOG00000065250",0
"ENSRNOG00000063554",0
"ENSRNOG00000065859",0
"ENSRNOG00000063765",1
"ENSRNOG00000061627",0
"ENSRNOG00000066649",35
"ENSRNOG00000066897",0
"ENSRNOG00000052137",0
"ENSRNOG00000025324",1542
"ENSRNOG00000058986",0
"ENSRNOG00000066774",7
"ENSRNOG00000020423",2075
"ENSRNOG00000063799",37
"ENSRNOG00000057114",0
"ENSRNOG00000045895",277
"ENSRNOG00000069919",110
"ENSRNOG00000066317",0
"ENSRNOG00000066466",85
"ENSRNOG00000063313",6562
"ENSRNOG00000054381",0
"ENSRNOG00000063195",0
"ENSRNOG00000066439",5
"ENSRNOG00000052496",0
"ENSRNOG00000065652",0
"ENSRNOG00000056684",0
"ENSRNOG00000064669",11
"ENSRNOG00000065471",1
"ENSRNOG00000061030",0
"ENSRNOG00000064474",3
"ENSRNOG00000068178",0
"ENSRNOG00000071191",0
"ENSRNOG00000067429",10
"ENSRNOG00000070005",0
"ENSRNOG00000069653",416
"ENSRNOG00000056510",0
"ENSRNOG00000066321",26
"ENSRNOG00000056808",0
"ENSRNOG00000070403",0
"ENSRNOG00000069021",0
"ENSRNOG00000013180",596
"ENSRNOG00000070237",0
"ENSRNOG00000067322",0
"ENSRNOG00000028381",4
"ENSRNOG00000013116",0
"ENSRNOG00000061564",15
"ENSRNOG00000058384",0
"ENSRNOG00000019995",610
"ENSRNOG00000057317",0
"ENSRNOG00000031591",11
"ENSRNOG00000068747",517
"ENSRNOG00000051715",0
"ENSRNOG00000062559",19
"ENSRNOG00000011853",1969
"ENSRNOG00000061580",0
"ENSRNOG00000047436",13
"ENSRNOG00000019695",68
"ENSRNOG00000064788",7
"ENSRNOG00000053549",0
"ENSRNOG00000068478",24
"ENSRNOG00000061074",0
"ENSRNOG00000063634",48
"ENSRNOG00000063513",81
"ENSRNOG00000059171",0
"ENSRNOG00000039463",203
"ENSRNOG00000061205",0
"ENSRNOG00000019643",159
"ENSRNOG00000070478",5
"ENSRNOG00000058148",2
"ENSRNOG00000066492",0
"ENSRNOG00000055561",1
"ENSRNOG00000068149",10
"ENSRNOG00000054799",0
"ENSRNOG00000016879",576
"ENSRNOG00000066558",0
"ENSRNOG00000039593",12
"ENSRNOG00000051481",2
"ENSRNOG00000064107",11
"ENSRNOG00000011271",462
"ENSRNOG00000067754",4
"ENSRNOG00000060097",0
"ENSRNOG00000060797",0
"ENSRNOG00000062545",18
"ENSRNOG00000054058",596
"ENSRNOG00000048704",570
"ENSRNOG00000058091",0
"ENSRNOG00000069131",1
"ENSRNOG00000066114",0
"ENSRNOG00000059035",0
"ENSRNOG00000068859",388
"ENSRNOG00000053295",0
"ENSRNOG00000063977",0
"ENSRNOG00000056815",1
"ENSRNOG00000056920",0
"ENSRNOG00000032873",0
"ENSRNOG00000066933",78
"ENSRNOG00000056405",0
"ENSRNOG00000063673",30
"ENSRNOG00000052234",0
"ENSRNOG00000061285",0
"ENSRNOG00000035926",0
"ENSRNOG00000064751",0
"ENSRNOG00000064928",0
"ENSRNOG00000065577",0
"ENSRNOG00000018735",108
"ENSRNOG00000071215",0
"ENSRNOG00000060679",0
"ENSRNOG00000016698",515
"ENSRNOG00000019450",1153
"ENSRNOG00000067206",0
"ENSRNOG00000068060",59
"ENSRNOG00000068154",0
"ENSRNOG00000064030",0
"ENSRNOG00000057068",0
"ENSRNOG00000062598",801
"ENSRNOG00000058936",0
"ENSRNOG00000068618",1
"ENSRNOG00000055927",0
"ENSRNOG00000042137",329
"ENSRNOG00000047186",1
"ENSRNOG00000053417",0
"ENSRNOG00000071083",5
"ENSRNOG00000066944",0
"ENSRNOG00000057598",0
"ENSRNOG00000054858",0
"ENSRNOG00000067857",1
"ENSRNOG00000070786",9
"ENSRNOG00000064768",0
"ENSRNOG00000045844",1115
"ENSRNOG00000065428",0
"ENSRNOG00000053481",0
"ENSRNOG00000055276",0
"ENSRNOG00000039241",260
"ENSRNOG00000054926",0
"ENSRNOG00000061017",0
"ENSRNOG00000068742",0
"ENSRNOG00000026108",1067
"ENSRNOG00000069613",10
"ENSRNOG00000019525",6954
"ENSRNOG00000062470",227
"ENSRNOG00000039251",0
"ENSRNOG00000065879",0
"ENSRNOG00000066797",1
"ENSRNOG00000067687",126
"ENSRNOG00000066557",24
"ENSRNOG00000003950",27
"ENSRNOG00000019305",144
"ENSRNOG00000062995",0
"ENSRNOG00000064307",0
"ENSRNOG00000062721",911
"ENSRNOG00000060302",0
"ENSRNOG00000005796",5061
"ENSRNOG00000062510",0
"ENSRNOG00000069336",1
"ENSRNOG00000066854",504
"ENSRNOG00000000157",395
"ENSRNOG00000070938",90
"ENSRNOG00000020204",303
"ENSRNOG00000065669",1
"ENSRNOG00000019134",0
"ENSRNOG00000068121",40
"ENSRNOG00000062486",196
"ENSRNOG00000003829",1165
"ENSRNOG00000047085",14
"ENSRNOG00000070699",2
"ENSRNOG00000020167",9562
"ENSRNOG00000064699",1
"ENSRNOG00000068881",0
"ENSRNOG00000022009",0
"ENSRNOG00000004033",411
"ENSRNOG00000020118",35
"ENSRNOG00000070011",364
"ENSRNOG00000014376",0
"ENSRNOG00000018646",438
"ENSRNOG00000062435",0
"ENSRNOG00000069808",9
"ENSRNOG00000070090",120
"ENSRNOG00000019826",179
"ENSRNOG00000019422",2831
"ENSRNOG00000018849",1512
"ENSRNOG00000042716",0
"ENSRNOG00000020024",109
"ENSRNOG00000052665",0
"ENSRNOG00000068493",0
"ENSRNOG00000038793",0
"ENSRNOG00000019177",1
"ENSRNOG00000043250",0
"ENSRNOG00000065920",0
"ENSRNOG00000017840",798
"ENSRNOG00000042727",0
"ENSRNOG00000018712",41
"ENSRNOG00000016467",641
"ENSRNOG00000010440",17
"ENSRNOG00000019217",14
"ENSRNOG00000002697",608
"ENSRNOG00000018851",33
"ENSRNOG00000068793",2
"ENSRNOG00000018648",275
"ENSRNOG00000055527",1
"ENSRNOG00000015777",1201
"ENSRNOG00000019875",740
"ENSRNOG00000033099",0
"ENSRNOG00000038784",110
"ENSRNOG00000012852",1052
"ENSRNOG00000069286",3771
"ENSRNOG00000015806",0
"ENSRNOG00000017816",0
"ENSRNOG00000020340",476
"ENSRNOG00000051965",2490
"ENSRNOG00000056435",166
"ENSRNOG00000063574",1
"ENSRNOG00000038592",29
"ENSRNOG00000024066",201
"ENSRNOG00000013073",0
"ENSRNOG00000018053",1070
"ENSRNOG00000024426",6
"ENSRNOG00000058856",32
"ENSRNOG00000051817",0
"ENSRNOG00000030156",0
"ENSRNOG00000067712",0
"ENSRNOG00000014585",24
"ENSRNOG00000025590",0
"ENSRNOG00000022955",0
"ENSRNOG00000019934",516
"ENSRNOG00000015895",551
"ENSRNOG00000061695",11
"ENSRNOG00000024104",174
"ENSRNOG00000014503",2
"ENSRNOG00000017852",3171
"ENSRNOG00000003958",681
"ENSRNOG00000016043",0
"ENSRNOG00000023376",2161
"ENSRNOG00000028712",0
"ENSRNOG00000016532",593
"ENSRNOG00000018425",1600
"ENSRNOG00000020468",214
"ENSRNOG00000039325",0
"ENSRNOG00000016207",1425
"ENSRNOG00000014988",0
"ENSRNOG00000029096",0
"ENSRNOG00000067741",31019
"ENSRNOG00000015332",709
"ENSRNOG00000038957",1
"ENSRNOG00000046744",139
"ENSRNOG00000028677",520
"ENSRNOG00000061507",4
"ENSRNOG00000018692",0
"ENSRNOG00000065095",846
"ENSRNOG00000063041",0
"ENSRNOG00000042387",298
"ENSRNOG00000015113",121
"ENSRNOG00000063575",7
"ENSRNOG00000050226",11
"ENSRNOG00000026324",102
"ENSRNOG00000033808",2
"ENSRNOG00000030321",101
"ENSRNOG00000013622",338
"ENSRNOG00000024428",439
"ENSRNOG00000034073",0
"ENSRNOG00000025502",1
"ENSRNOG00000004661",1
"ENSRNOG00000016671",249
"ENSRNOG00000012111",135
"ENSRNOG00000014089",460
"ENSRNOG00000068190",134
"ENSRNOG00000017421",0
"ENSRNOG00000031244",4991
"ENSRNOG00000029958",5028
"ENSRNOG00000017036",504
"ENSRNOG00000016409",1
"ENSRNOG00000063474",0
"ENSRNOG00000030649",0
"ENSRNOG00000014614",895
"ENSRNOG00000030439",92
"ENSRNOG00000014981",1570
"ENSRNOG00000000113",85
"ENSRNOG00000030364",3428
"ENSRNOG00000039596",39
"ENSRNOG00000017116",1148
"ENSRNOG00000034237",7380
"ENSRNOG00000018359",491
"ENSRNOG00000049681",2558
"ENSRNOG00000018680",328
"ENSRNOG00000018914",1173
"ENSRNOG00000024241",1157
"ENSRNOG00000015401",1
"ENSRNOG00000046154",343
"ENSRNOG00000069511",0
"ENSRNOG00000026023",418
"ENSRNOG00000015867",0
"ENSRNOG00000016036",859
"ENSRNOG00000018305",0
"ENSRNOG00000066011",0
"ENSRNOG00000025687",1
"ENSRNOG00000017333",0
"ENSRNOG00000018653",444
"ENSRNOG00000022364",0
"ENSRNOG00000018775",2147
"ENSRNOG00000019365",32
"ENSRNOG00000020309",6
"ENSRNOG00000020478",0
"ENSRNOG00000012405",911
"ENSRNOG00000028703",1788
"ENSRNOG00000025489",14
"ENSRNOG00000015301",698
"ENSRNOG00000060281",6
"ENSRNOG00000061675",0
"ENSRNOG00000020492",20
"ENSRNOG00000024008",88
"ENSRNOG00000020384",2023
"ENSRNOG00000052628",1
"ENSRNOG00000020261",802
"ENSRNOG00000062351",0
"ENSRNOG00000068914",3481
"ENSRNOG00000017181",103
"ENSRNOG00000029939",3530
"ENSRNOG00000016632",0
"ENSRNOG00000043304",81
"ENSRNOG00000066505",5299
"ENSRNOG00000016928",0
"ENSRNOG00000050200",1561
"ENSRNOG00000024470",3725
"ENSRNOG00000062986",9
"ENSRNOG00000019093",1
"ENSRNOG00000024952",254
"ENSRNOG00000016526",1
"ENSRNOG00000019063",778
"ENSRNOG00000016944",0
"ENSRNOG00000067851",9
"ENSRNOG00000020157",0
"ENSRNOG00000018818",1493
"ENSRNOG00000047924",55
"ENSRNOG00000026050",61
"ENSRNOG00000018694",7
"ENSRNOG00000014630",347
"ENSRNOG00000018006",0
"ENSRNOG00000015582",473
"ENSRNOG00000069557",0
"ENSRNOG00000064875",27
"ENSRNOG00000017819",671
"ENSRNOG00000018387",1063
"ENSRNOG00000014096",3655
"ENSRNOG00000016999",0
"ENSRNOG00000065110",9
"ENSRNOG00000024640",2
"ENSRNOG00000017410",0
"ENSRNOG00000069089",0
"ENSRNOG00000070983",3486
"ENSRNOG00000019618",1786
"ENSRNOG00000018505",253
"ENSRNOG00000017718",165
"ENSRNOG00000017571",480
"ENSRNOG00000019575",78
"ENSRNOG00000017788",2
"ENSRNOG00000017251",1362
"ENSRNOG00000017493",2117
"ENSRNOG00000039415",90
"ENSRNOG00000067168",18
"ENSRNOG00000016894",2
"ENSRNOG00000028105",606
"ENSRNOG00000019976",50
"ENSRNOG00000066807",1
"ENSRNOG00000017610",918
"ENSRNOG00000045637",2585
"ENSRNOG00000047213",3635
"ENSRNOG00000014104",14
"ENSRNOG00000013562",3731
"ENSRNOG00000032878",2681
"ENSRNOG00000031197",461
"ENSRNOG00000068869",0
"ENSRNOG00000014564",1405
"ENSRNOG00000069221",0
"ENSRNOG00000013920",70
"ENSRNOG00000053112",0
"ENSRNOG00000014527",0
"ENSRNOG00000022691",2
"ENSRNOG00000019688",972
"ENSRNOG00000018140",712
"ENSRNOG00000050414",128
"ENSRNOG00000013851",1911
"ENSRNOG00000021918",316
"ENSRNOG00000039250",0
"ENSRNOG00000013766",801
"ENSRNOG00000019265",2
"ENSRNOG00000028902",0
"ENSRNOG00000068205",0
"ENSRNOG00000017729",731
"ENSRNOG00000018342",279
"ENSRNOG00000018770",349
"ENSRNOG00000017453",833
"ENSRNOG00000043171",406
"ENSRNOG00000027230",1
"ENSRNOG00000018516",366
"ENSRNOG00000063768",9
"ENSRNOG00000067472",936
"ENSRNOG00000016681",0
"ENSRNOG00000017215",396
"ENSRNOG00000062247",3048
"ENSRNOG00000021381",106
"ENSRNOG00000033588",13
"ENSRNOG00000054118",922
"ENSRNOG00000012176",140
"ENSRNOG00000017067",157
"ENSRNOG00000048824",0
"ENSRNOG00000020119",10
"ENSRNOG00000017032",10797
"ENSRNOG00000016987",12
"ENSRNOG00000066960",2
"ENSRNOG00000011225",195
"ENSRNOG00000052894",1084
"ENSRNOG00000029466",72
"ENSRNOG00000015275",64
"ENSRNOG00000017146",369
"ENSRNOG00000026912",0
"ENSRNOG00000065450",0
"ENSRNOG00000063467",0
"ENSRNOG00000016753",7
"ENSRNOG00000061474",659
"ENSRNOG00000061714",1
"ENSRNOG00000053370",1102
"ENSRNOG00000016654",0
"ENSRNOG00000055157",486
"ENSRNOG00000016208",1773
"ENSRNOG00000055647",179
"ENSRNOG00000057774",817
"ENSRNOG00000059055",1
"ENSRNOG00000016246",877
"ENSRNOG00000016239",343
"ENSRNOG00000016258",907
"ENSRNOG00000013654",0
"ENSRNOG00000027739",5
"ENSRNOG00000014006",0
"ENSRNOG00000015448",4
"ENSRNOG00000070068",1299
"ENSRNOG00000015142",81
"ENSRNOG00000038225",30
"ENSRNOG00000067088",14
"ENSRNOG00000043357",265
"ENSRNOG00000063816",0
"ENSRNOG00000016516",11
"ENSRNOG00000038241",0
"ENSRNOG00000059215",317
"ENSRNOG00000053640",0
"ENSRNOG00000032039",1202
"ENSRNOG00000038190",0
"ENSRNOG00000026116",0
"ENSRNOG00000045740",2734
"ENSRNOG00000038212",492
"ENSRNOG00000038197",0
"ENSRNOG00000016303",724
"ENSRNOG00000038200",140
"ENSRNOG00000039152",1
"ENSRNOG00000016695",957
"ENSRNOG00000063111",0
"ENSRNOG00000071201",0
"ENSRNOG00000025420",2
"ENSRNOG00000038766",1551
"ENSRNOG00000019931",0
"ENSRNOG00000035501",91
"ENSRNOG00000005911",2
"ENSRNOG00000035569",0
"ENSRNOG00000045722",0
"ENSRNOG00000036417",0
"ENSRNOG00000062839",55
"ENSRNOG00000012428",175
"ENSRNOG00000014097",1058
"ENSRNOG00000049334",0
"ENSRNOG00000035597",5
"ENSRNOG00000041787",0
"ENSRNOG00000042983",2096
"ENSRNOG00000035609",1
"ENSRNOG00000045556",0
"ENSRNOG00000036416",1
"ENSRNOG00000070420",0
"ENSRNOG00000035643",0
"ENSRNOG00000016971",273
"ENSRNOG00000055568",201
"ENSRNOG00000035644",0
"ENSRNOG00000064690",16
"ENSRNOG00000062604",0
"ENSRNOG00000022593",1616
"ENSRNOG00000013216",282
"ENSRNOG00000070043",33
"ENSRNOG00000038741",0
"ENSRNOG00000005747",16
"ENSRNOG00000015690",0
"ENSRNOG00000062825",988
"ENSRNOG00000066493",0
"ENSRNOG00000005729",0
"ENSRNOG00000050034",6
"ENSRNOG00000055446",4138
"ENSRNOG00000003853",881
"ENSRNOG00000005619",1
"ENSRNOG00000005533",20
"ENSRNOG00000018884",1607
"ENSRNOG00000033226",47
"ENSRNOG00000003755",3
"ENSRNOG00000013465",40
"ENSRNOG00000064376",5
"ENSRNOG00000039001",7
"ENSRNOG00000014371",7060
"ENSRNOG00000019482",415
"ENSRNOG00000039079",0
"ENSRNOG00000017546",8
"ENSRNOG00000014124",0
"ENSRNOG00000016245",52
"ENSRNOG00000015253",137
"ENSRNOG00000016224",119
"ENSRNOG00000063609",348
"ENSRNOG00000018668",6070
"ENSRNOG00000014626",540
"ENSRNOG00000053623",5
"ENSRNOG00000065861",485
"ENSRNOG00000021521",3
"ENSRNOG00000003479",1332
"ENSRNOG00000020129",1640
"ENSRNOG00000062467",2
"ENSRNOG00000028501",777
"ENSRNOG00000034007",593
"ENSRNOG00000005257",1503
"ENSRNOG00000011728",2269
"ENSRNOG00000015063",112
"ENSRNOG00000011991",652
"ENSRNOG00000018296",320
"ENSRNOG00000069574",0
"ENSRNOG00000018345",2582
"ENSRNOG00000049784",965
"ENSRNOG00000015588",1439
"ENSRNOG00000014668",526
"ENSRNOG00000014658",0
"ENSRNOG00000068690",106
"ENSRNOG00000020344",223
"ENSRNOG00000014415",5339
"ENSRNOG00000005115",114
"ENSRNOG00000003439",47
"ENSRNOG00000016190",540
"ENSRNOG00000017953",53
"ENSRNOG00000028176",269
"ENSRNOG00000011296",188
"ENSRNOG00000015746",0
"ENSRNOG00000011829",377
"ENSRNOG00000052310",4
"ENSRNOG00000025796",125
"ENSRNOG00000019140",358
"ENSRNOG00000011422",615
"ENSRNOG00000000010",0
"ENSRNOG00000045541",15
"ENSRNOG00000066994",0
"ENSRNOG00000011535",958
"ENSRNOG00000006747",779
"ENSRNOG00000026964",45
"ENSRNOG00000024182",0
"ENSRNOG00000003461",465
"ENSRNOG00000053895",77
"ENSRNOG00000017209",18
"ENSRNOG00000015179",278
"ENSRNOG00000015242",309
"ENSRNOG00000011697",1160
"ENSRNOG00000013178",1350
"ENSRNOG00000000262",331
"ENSRNOG00000006741",11
"ENSRNOG00000026791",0
"ENSRNOG00000016509",825
"ENSRNOG00000024101",1319
"ENSRNOG00000019859",349
"ENSRNOG00000049456",0
"ENSRNOG00000013152",562
"ENSRNOG00000031439",17115
"ENSRNOG00000051986",119
"ENSRNOG00000015077",189
"ENSRNOG00000019068",15
"ENSRNOG00000018228",484
"ENSRNOG00000003864",419
"ENSRNOG00000070954",0
"ENSRNOG00000018445",13
"ENSRNOG00000019098",0
"ENSRNOG00000015625",93
"ENSRNOG00000018480",3
"ENSRNOG00000019024",0
"ENSRNOG00000011618",55
"ENSRNOG00000017932",2144
"ENSRNOG00000027022",324
"ENSRNOG00000011671",7
"ENSRNOG00000042888",200
"ENSRNOG00000015666",0
"ENSRNOG00000016278",0
"ENSRNOG00000011879",13683
"ENSRNOG00000054284",887
"ENSRNOG00000013014",201
"ENSRNOG00000015121",1453
"ENSRNOG00000015641",29
"ENSRNOG00000012342",0
"ENSRNOG00000015708",1261
"ENSRNOG00000013376",289
"ENSRNOG00000015459",590
"ENSRNOG00000018033",1117
"ENSRNOG00000015974",353
"ENSRNOG00000068583",0
"ENSRNOG00000062375",926
"ENSRNOG00000028904",451
"ENSRNOG00000019757",1
"ENSRNOG00000015335",1711
"ENSRNOG00000011180",111
"ENSRNOG00000051461",321
"ENSRNOG00000033133",233
"ENSRNOG00000015800",40
"ENSRNOG00000018836",7875
"ENSRNOG00000016631",142
"ENSRNOG00000017879",904
"ENSRNOG00000064019",455
"ENSRNOG00000016706",119
"ENSRNOG00000045626",9
"ENSRNOG00000018404",4267
"ENSRNOG00000018784",0
"ENSRNOG00000015534",780
"ENSRNOG00000003496",178
"ENSRNOG00000042274",289
"ENSRNOG00000016920",2
"ENSRNOG00000055097",7
"ENSRNOG00000050028",0
"ENSRNOG00000055046",0
"ENSRNOG00000013007",0
"ENSRNOG00000033819",4
"ENSRNOG00000028320",0
"ENSRNOG00000015843",2385
"ENSRNOG00000033487",0
"ENSRNOG00000019817",163
"ENSRNOG00000020351",745
"ENSRNOG00000067274",515
"ENSRNOG00000023920",1
"ENSRNOG00000033224",264
"ENSRNOG00000013970",113
"ENSRNOG00000069342",0
"ENSRNOG00000017467",541
"ENSRNOG00000019109",562
"ENSRNOG00000015144",1698
"ENSRNOG00000015880",215
"ENSRNOG00000067354",0
"ENSRNOG00000029317",1
"ENSRNOG00000018582",30
"ENSRNOG00000038057",0
"ENSRNOG00000016422",12
"ENSRNOG00000059579",1399
"ENSRNOG00000017431",373
"ENSRNOG00000054625",1666
"ENSRNOG00000032602",0
"ENSRNOG00000038193",0
"ENSRNOG00000033345",0
"ENSRNOG00000017690",22
"ENSRNOG00000028578",0
"ENSRNOG00000070694",78
"ENSRNOG00000028652",4
"ENSRNOG00000043077",334
"ENSRNOG00000016001",1313
"ENSRNOG00000062740",0
"ENSRNOG00000029134",264
"ENSRNOG00000047446",1252
"ENSRNOG00000025231",18
"ENSRNOG00000019766",310
"ENSRNOG00000047125",11
"ENSRNOG00000062793",1403
"ENSRNOG00000019456",3051
"ENSRNOG00000051278",138
"ENSRNOG00000051482",58
"ENSRNOG00000065196",2
"ENSRNOG00000069493",0
"ENSRNOG00000027954",1
"ENSRNOG00000057392",0
"ENSRNOG00000067657",72
"ENSRNOG00000021714",2
"ENSRNOG00000069871",8
"ENSRNOG00000047294",0
"ENSRNOG00000068994",0
"ENSRNOG00000066450",0
"ENSRNOG00000071092",0
"ENSRNOG00000062849",427
"ENSRNOG00000068120",1
"ENSRNOG00000024043",36
"ENSRNOG00000062578",159
"ENSRNOG00000069883",3
"ENSRNOG00000062827",22
"ENSRNOG00000069609",2
"ENSRNOG00000012721",5308
"ENSRNOG00000069566",2
"ENSRNOG00000064451",322
"ENSRNOG00000017612",2648
"ENSRNOG00000066750",62
"ENSRNOG00000066423",0
"ENSRNOG00000010712",204
"ENSRNOG00000068744",0
"ENSRNOG00000024452",13
"ENSRNOG00000068191",4
"ENSRNOG00000071212",0
"ENSRNOG00000038239",46
"ENSRNOG00000055320",1
"ENSRNOG00000022303",251
"ENSRNOG00000066292",1
"ENSRNOG00000025860",2
"ENSRNOG00000065722",0
"ENSRNOG00000020379",673
"ENSRNOG00000067929",0
"ENSRNOG00000064167",2
"ENSRNOG00000065200",0
"ENSRNOG00000069101",12
"ENSRNOG00000065895",0
"ENSRNOG00000020391",152
"ENSRNOG00000064495",6
"ENSRNOG00000016088",486
"ENSRNOG00000014761",3
"ENSRNOG00000066992",9
"ENSRNOG00000069551",1
"ENSRNOG00000055482",0
"ENSRNOG00000016854",12
"ENSRNOG00000026211",850
"ENSRNOG00000062413",0
"ENSRNOG00000060758",0
"ENSRNOG00000016257",90
"ENSRNOG00000060296",0
"ENSRNOG00000070939",0
"ENSRNOG00000018382",77
"ENSRNOG00000065113",0
"ENSRNOG00000018909",255
"ENSRNOG00000069786",3
"ENSRNOG00000049906",391
"ENSRNOG00000016890",3
"ENSRNOG00000016535",2
"ENSRNOG00000038973",683
"ENSRNOG00000056643",0
"ENSRNOG00000066914",0
"ENSRNOG00000046443",83
"ENSRNOG00000065621",0
"ENSRNOG00000060858",0
"ENSRNOG00000017746",7
"ENSRNOG00000018483",634
"ENSRNOG00000016167",94
"ENSRNOG00000066293",8
"ENSRNOG00000052109",0
"ENSRNOG00000062472",0
"ENSRNOG00000049931",528
"ENSRNOG00000068727",0
"ENSRNOG00000019169",705
"ENSRNOG00000066795",0
"ENSRNOG00000033368",0
"ENSRNOG00000069560",9
"ENSRNOG00000062389",8
"ENSRNOG00000007582",83
"ENSRNOG00000017045",471
"ENSRNOG00000063177",0
"ENSRNOG00000070959",4
"ENSRNOG00000033611",2211
"ENSRNOG00000039252",0
"ENSRNOG00000024364",77
"ENSRNOG00000065682",12
"ENSRNOG00000008450",0
"ENSRNOG00000020406",0
"ENSRNOG00000019205",394
"ENSRNOG00000014202",1
"ENSRNOG00000011065",8
"ENSRNOG00000062428",0
"ENSRNOG00000069941",0
"ENSRNOG00000017867",1
"ENSRNOG00000066989",22
"ENSRNOG00000014419",677
"ENSRNOG00000019425",716
"ENSRNOG00000066804",9
"ENSRNOG00000068473",0
"ENSRNOG00000018027",213
"ENSRNOG00000065293",0
"ENSRNOG00000021330",415
"ENSRNOG00000014776",216
"ENSRNOG00000002983",3895
"ENSRNOG00000026853",283
"ENSRNOG00000064062",1
"ENSRNOG00000062316",4
"ENSRNOG00000022524",236
"ENSRNOG00000067822",1
"ENSRNOG00000051819",31
"ENSRNOG00000019253",1205
"ENSRNOG00000011933",1653
"ENSRNOG00000066480",100
"ENSRNOG00000018945",2532
"ENSRNOG00000070378",23
"ENSRNOG00000019434",66
"ENSRNOG00000014647",1231
"ENSRNOG00000062673",347
"ENSRNOG00000070517",0
"ENSRNOG00000059362",19
"ENSRNOG00000024025",1164
"ENSRNOG00000055053",3
"ENSRNOG00000067306",1
"ENSRNOG00000050191",0
"ENSRNOG00000068181",3
"ENSRNOG00000002950",1
"ENSRNOG00000067393",0
"ENSRNOG00000047246",1093
"ENSRNOG00000066908",0
"ENSRNOG00000063122",2
"ENSRNOG00000062717",0
"ENSRNOG00000062836",0
"ENSRNOG00000066012",1
"ENSRNOG00000011575",1
"ENSRNOG00000062349",39
"ENSRNOG00000068096",531
"ENSRNOG00000012772",3962
"ENSRNOG00000002914",1168
"ENSRNOG00000013907",122
"ENSRNOG00000015397",17
"ENSRNOG00000014405",3126
"ENSRNOG00000049312",0
"ENSRNOG00000019290",914
"ENSRNOG00000015695",39
"ENSRNOG00000070794",0
"ENSRNOG00000021890",564
"ENSRNOG00000020333",876
"ENSRNOG00000027906",3363
"ENSRNOG00000019353",257
"ENSRNOG00000066574",10
"ENSRNOG00000065746",30
"ENSRNOG00000004094",344
"ENSRNOG00000017993",153
"ENSRNOG00000014257",0
"ENSRNOG00000064578",37
"ENSRNOG00000012937",1552
"ENSRNOG00000064909",0
"ENSRNOG00000028844",69
"ENSRNOG00000065848",1221
"ENSRNOG00000046751",0
"ENSRNOG00000023910",3276
"ENSRNOG00000060931",342
"ENSRNOG00000015084",1
"ENSRNOG00000019937",0
"ENSRNOG00000017841",589
"ENSRNOG00000019573",103
"ENSRNOG00000013742",1814
"ENSRNOG00000020151",0
"ENSRNOG00000025503",4
"ENSRNOG00000019651",1154
"ENSRNOG00000019791",1345
"ENSRNOG00000002864",2015
"ENSRNOG00000031593",2
"ENSRNOG00000017084",15
"ENSRNOG00000012167",0
"ENSRNOG00000014522",155
"ENSRNOG00000017235",6496
"ENSRNOG00000018477",578
"ENSRNOG00000014048",300
"ENSRNOG00000017868",1
"ENSRNOG00000031097",0
"ENSRNOG00000004287",114
"ENSRNOG00000017342",405
"ENSRNOG00000052151",0
"ENSRNOG00000004219",658
"ENSRNOG00000011552",29
"ENSRNOG00000023899",0
"ENSRNOG00000029744",0
"ENSRNOG00000004212",103
"ENSRNOG00000019059",197
"ENSRNOG00000014293",15
"ENSRNOG00000018000",1298
"ENSRNOG00000066314",1
"ENSRNOG00000003970",2523
"ENSRNOG00000012343",362
"ENSRNOG00000019943",662
"ENSRNOG00000018954",2
"ENSRNOG00000020049",548
"ENSRNOG00000012752",44
"ENSRNOG00000012271",5525
"ENSRNOG00000024178",84
"ENSRNOG00000032437",1100
"ENSRNOG00000017178",0
"ENSRNOG00000012853",184
"ENSRNOG00000014619",296
"ENSRNOG00000000258",464
"ENSRNOG00000011865",736
"ENSRNOG00000021379",264
"ENSRNOG00000063716",0
"ENSRNOG00000050087",159
"ENSRNOG00000013808",1
"ENSRNOG00000003695",0
"ENSRNOG00000048823",0
"ENSRNOG00000016752",30
"ENSRNOG00000068159",0
"ENSRNOG00000011635",0
"ENSRNOG00000012789",0
"ENSRNOG00000020087",90
"ENSRNOG00000070376",0
"ENSRNOG00000017786",69
"ENSRNOG00000012027",2
"ENSRNOG00000070383",0
"ENSRNOG00000013324",0
"ENSRNOG00000003029",17628
"ENSRNOG00000051557",0
"ENSRNOG00000000257",379
"ENSRNOG00000057394",0
"ENSRNOG00000052853",0
"ENSRNOG00000069119",0
"ENSRNOG00000051983",0
"ENSRNOG00000058366",3
"ENSRNOG00000069069",5
"ENSRNOG00000054933",0
"ENSRNOG00000060024",0
"ENSRNOG00000052072",0
"ENSRNOG00000017919",485
"ENSRNOG00000062322",0
"ENSRNOG00000003026",621
"ENSRNOG00000063138",0
"ENSRNOG00000011330",0
"ENSRNOG00000068827",0
"ENSRNOG00000058190",0
"ENSRNOG00000012447",75
"ENSRNOG00000014964",77
"ENSRNOG00000053426",0
"ENSRNOG00000026974",0
"ENSRNOG00000056909",0
"ENSRNOG00000056003",7
"ENSRNOG00000070477",0
"ENSRNOG00000058155",0
"ENSRNOG00000014723",4
"ENSRNOG00000003011",968
"ENSRNOG00000066118",0
"ENSRNOG00000065309",1
"ENSRNOG00000004489",458
"ENSRNOG00000055195",0
"ENSRNOG00000061297",1
"ENSRNOG00000028439",0
"ENSRNOG00000051781",2
"ENSRNOG00000017219",1174
"ENSRNOG00000061250",0
"ENSRNOG00000057652",0
"ENSRNOG00000064770",0
"ENSRNOG00000016251",1054
"ENSRNOG00000069621",0
"ENSRNOG00000054434",0
"ENSRNOG00000016953",0
"ENSRNOG00000052172",0
"ENSRNOG00000026994",571
"ENSRNOG00000013586",9
"ENSRNOG00000058104",0
"ENSRNOG00000054310",2
"ENSRNOG00000021824",983
"ENSRNOG00000054676",0
"ENSRNOG00000054981",0
"ENSRNOG00000062355",0
"ENSRNOG00000062382",0
"ENSRNOG00000049019",305
"ENSRNOG00000067133",0
"ENSRNOG00000060531",0
"ENSRNOG00000017604",2758
"ENSRNOG00000059462",0
"ENSRNOG00000070143",0
"ENSRNOG00000057075",1
"ENSRNOG00000069545",1
"ENSRNOG00000055087",0
"ENSRNOG00000056152",0
"ENSRNOG00000015173",4529
"ENSRNOG00000071063",0
"ENSRNOG00000068202",0
"ENSRNOG00000055551",0
"ENSRNOG00000014505",11
"ENSRNOG00000054720",1
"ENSRNOG00000053645",4
"ENSRNOG00000062850",0
"ENSRNOG00000068693",0
"ENSRNOG00000056475",0
"ENSRNOG00000068873",0
"ENSRNOG00000060906",0
"ENSRNOG00000012482",700
"ENSRNOG00000052933",0
"ENSRNOG00000059926",0
"ENSRNOG00000017023",3644
"ENSRNOG00000061325",0
"ENSRNOG00000011142",1645
"ENSRNOG00000060911",1
"ENSRNOG00000060637",0
"ENSRNOG00000061333",0
"ENSRNOG00000011231",0
"ENSRNOG00000057770",0
"ENSRNOG00000019922",294
"ENSRNOG00000063202",0
"ENSRNOG00000060593",0
"ENSRNOG00000022721",0
"ENSRNOG00000051652",0
"ENSRNOG00000053462",3
"ENSRNOG00000054233",0
"ENSRNOG00000058844",0
"ENSRNOG00000067808",0
"ENSRNOG00000054701",0
"ENSRNOG00000065929",0
"ENSRNOG00000057937",0
"ENSRNOG00000065173",0
"ENSRNOG00000028580",1
"ENSRNOG00000063424",0
"ENSRNOG00000004373",552
"ENSRNOG00000068944",0
"ENSRNOG00000067783",2
"ENSRNOG00000070206",1597
"ENSRNOG00000065950",0
"ENSRNOG00000069928",0
"ENSRNOG00000019022",3
"ENSRNOG00000063515",0
"ENSRNOG00000070248",4
"ENSRNOG00000070337",0
"ENSRNOG00000069430",0
"ENSRNOG00000018950",0
"ENSRNOG00000065593",0
"ENSRNOG00000066443",0
"ENSRNOG00000065132",0
"ENSRNOG00000067264",0
"ENSRNOG00000025710",1
"ENSRNOG00000070678",0
"ENSRNOG00000021808",3074
"ENSRNOG00000064514",0
"ENSRNOG00000017674",1190
"ENSRNOG00000071121",0
"ENSRNOG00000070259",0
"ENSRNOG00000065423",0
"ENSRNOG00000010744",3449
"ENSRNOG00000062813",0
"ENSRNOG00000056311",0
"ENSRNOG00000062794",0
"ENSRNOG00000063948",0
"ENSRNOG00000004131",203
"ENSRNOG00000066581",0
"ENSRNOG00000000264",563
"ENSRNOG00000069085",0
"ENSRNOG00000055727",0
"ENSRNOG00000012622",55
"ENSRNOG00000049508",0
"ENSRNOG00000036413",0
"ENSRNOG00000046739",3
"ENSRNOG00000041470",0
"ENSRNOG00000014117",5378
"ENSRNOG00000062808",98
"ENSRNOG00000058218",400
"ENSRNOG00000039725",1
"ENSRNOG00000053574",385
"ENSRNOG00000014948",89
"ENSRNOG00000066514",0
"ENSRNOG00000017102",328
"ENSRNOG00000028717",832
"ENSRNOG00000017090",272
"ENSRNOG00000019980",1093
"ENSRNOG00000017724",1606
"ENSRNOG00000015143",575
"ENSRNOG00000017745",974
"ENSRNOG00000019143",4841
"ENSRNOG00000070220",5
"ENSRNOG00000059453",81
"ENSRNOG00000020093",6983
"ENSRNOG00000025843",378
"ENSRNOG00000026880",776
"ENSRNOG00000019779",1
"ENSRNOG00000020004",191
"ENSRNOG00000014452",3439
"ENSRNOG00000015162",1119
"ENSRNOG00000023303",80
"ENSRNOG00000015150",359
"ENSRNOG00000066666",0
"ENSRNOG00000038254",0
"ENSRNOG00000012671",80
"ENSRNOG00000029558",0
"ENSRNOG00000049890",1
"ENSRNOG00000028649",18
"ENSRNOG00000015576",295
"ENSRNOG00000012222",67
"ENSRNOG00000019028",420
"ENSRNOG00000012860",1723
"ENSRNOG00000019326",513
"ENSRNOG00000016558",5
"ENSRNOG00000015590",10
"ENSRNOG00000012928",280
"ENSRNOG00000016348",0
"ENSRNOG00000016991",2510
"ENSRNOG00000015632",144
"ENSRNOG00000069458",2255
"ENSRNOG00000016479",63
"ENSRNOG00000068632",26
"ENSRNOG00000019036",186
"ENSRNOG00000018824",2403
"ENSRNOG00000016326",1009
"ENSRNOG00000013777",765
"ENSRNOG00000013826",37
"ENSRNOG00000051531",59
"ENSRNOG00000011863",35
"ENSRNOG00000069555",18
"ENSRNOG00000015904",2
"ENSRNOG00000016760",52
"ENSRNOG00000071216",41
"ENSRNOG00000023092",0
"ENSRNOG00000011989",0
"ENSRNOG00000056786",2145
"ENSRNOG00000016977",5
"ENSRNOG00000051510",1
"ENSRNOG00000016108",445
"ENSRNOG00000039891",0
"ENSRNOG00000042353",674
"ENSRNOG00000018801",94
"ENSRNOG00000070323",1
"ENSRNOG00000010966",17167
"ENSRNOG00000014963",597
"ENSRNOG00000052707",330
"ENSRNOG00000016291",0
"ENSRNOG00000018967",560
"ENSRNOG00000003863",977
"ENSRNOG00000065872",0
"ENSRNOG00000012007",976
"ENSRNOG00000003747",1844
"ENSRNOG00000012450",42
"ENSRNOG00000011009",561
"ENSRNOG00000003737",1
"ENSRNOG00000020435",299
"ENSRNOG00000003682",100
"ENSRNOG00000010691",2027
"ENSRNOG00000067725",0
"ENSRNOG00000013982",0
"ENSRNOG00000054264",3269
"ENSRNOG00000003520",8486
"ENSRNOG00000011976",271
"ENSRNOG00000003504",0
"ENSRNOG00000069478",0
"ENSRNOG00000068063",2
"ENSRNOG00000043215",0
"ENSRNOG00000017500",708
"ENSRNOG00000031773",5
"ENSRNOG00000017869",47
"ENSRNOG00000023177",18
"ENSRNOG00000017602",0
"ENSRNOG00000003469",3
"ENSRNOG00000051265",2
"ENSRNOG00000017489",207
"ENSRNOG00000012030",160
"ENSRNOG00000057072",0
"ENSRNOG00000011037",0
"ENSRNOG00000023830",341
"ENSRNOG00000021517",826
"ENSRNOG00000014461",621
"ENSRNOG00000013878",747
"ENSRNOG00000003443",12
"ENSRNOG00000017905",1352
"ENSRNOG00000011533",14
"ENSRNOG00000014581",167
"ENSRNOG00000065750",0
"ENSRNOG00000069589",3386
"ENSRNOG00000003307",228
"ENSRNOG00000018226",4286
"ENSRNOG00000012371",1
"ENSRNOG00000017654",350
"ENSRNOG00000017575",57
"ENSRNOG00000039808",0
"ENSRNOG00000017646",30
"ENSRNOG00000003149",708
"ENSRNOG00000014093",1641
"ENSRNOG00000017817",5087
"ENSRNOG00000011901",372
"ENSRNOG00000065182",0
"ENSRNOG00000042179",1132
"ENSRNOG00000031076",48
"ENSRNOG00000060310",239
"ENSRNOG00000023805",74
"ENSRNOG00000033451",45
"ENSRNOG00000014336",103
"ENSRNOG00000067640",4
"ENSRNOG00000032666",178
"ENSRNOG00000013839",3
"ENSRNOG00000070405",0
"ENSRNOG00000018796",3490
"ENSRNOG00000070064",92
"ENSRNOG00000003580",0
"ENSRNOG00000018564",376
"ENSRNOG00000018268",0
"ENSRNOG00000048222",84
"ENSRNOG00000008319",289
"ENSRNOG00000025791",1611
"ENSRNOG00000069004",0
"ENSRNOG00000048039",0
"ENSRNOG00000018149",164
"ENSRNOG00000013481",8705
"ENSRNOG00000016234",455
"ENSRNOG00000016311",2
"ENSRNOG00000069573",81
"ENSRNOG00000066092",7
"ENSRNOG00000015519",0
"ENSRNOG00000019819",161
"ENSRNOG00000015679",117
"ENSRNOG00000068016",30
"ENSRNOG00000006551",143
"ENSRNOG00000049302",1525
"ENSRNOG00000057998",0
"ENSRNOG00000057711",0
"ENSRNOG00000015720",696
"ENSRNOG00000030174",8731
"ENSRNOG00000006049",490
"ENSRNOG00000011782",4495
"ENSRNOG00000067129",0
"ENSRNOG00000043286",504
"ENSRNOG00000025764",1143
"ENSRNOG00000043098",2527
"ENSRNOG00000018958",0
"ENSRNOG00000019004",0
"ENSRNOG00000011956",558
"ENSRNOG00000012153",1247
"ENSRNOG00000014087",420
"ENSRNOG00000069933",0
"ENSRNOG00000014896",2
"ENSRNOG00000015438",0
"ENSRNOG00000024212",456
"ENSRNOG00000019020",531
"ENSRNOG00000016643",1087
"ENSRNOG00000019288",285
"ENSRNOG00000031607",8
"ENSRNOG00000054004",0
"ENSRNOG00000067649",0
"ENSRNOG00000026051",16
"ENSRNOG00000061849",0
"ENSRNOG00000055467",0
"ENSRNOG00000055815",0
"ENSRNOG00000029386",668
"ENSRNOG00000054248",0
"ENSRNOG00000052382",2
"ENSRNOG00000063327",0
"ENSRNOG00000032664",6
"ENSRNOG00000069465",0
"ENSRNOG00000025938",8
"ENSRNOG00000053555",0
"ENSRNOG00000029001",11
"ENSRNOG00000061642",0
"ENSRNOG00000062845",1
"ENSRNOG00000064607",0
"ENSRNOG00000031171",423
"ENSRNOG00000063612",0
"ENSRNOG00000058713",2
"ENSRNOG00000069910",13
"ENSRNOG00000053255",0
"ENSRNOG00000000473",143
"ENSRNOG00000071179",0
"ENSRNOG00000061396",1
"ENSRNOG00000053858",0
"ENSRNOG00000000795",270
"ENSRNOG00000057209",0
"ENSRNOG00000056074",0
"ENSRNOG00000026519",2
"ENSRNOG00000053958",0
"ENSRNOG00000052698",0
"ENSRNOG00000062411",0
"ENSRNOG00000000397",2318
"ENSRNOG00000059119",1
"ENSRNOG00000052793",0
"ENSRNOG00000062460",0
"ENSRNOG00000037604",1811
"ENSRNOG00000059933",0
"ENSRNOG00000053612",0
"ENSRNOG00000052415",315
"ENSRNOG00000051864",0
"ENSRNOG00000067841",1
"ENSRNOG00000054444",2
"ENSRNOG00000049580",1
"ENSRNOG00000054443",0
"ENSRNOG00000068882",0
"ENSRNOG00000053988",31
"ENSRNOG00000055027",0
"ENSRNOG00000058745",0
"ENSRNOG00000054091",0
"ENSRNOG00000061471",4
"ENSRNOG00000000588",2
"ENSRNOG00000042962",205
"ENSRNOG00000061767",23
"ENSRNOG00000001203",537
"ENSRNOG00000057680",0
"ENSRNOG00000058535",0
"ENSRNOG00000068798",0
"ENSRNOG00000052404",0
"ENSRNOG00000000777",178
"ENSRNOG00000000763",165
"ENSRNOG00000052780",0
"ENSRNOG00000056426",0
"ENSRNOG00000061360",0
"ENSRNOG00000054099",1
"ENSRNOG00000067147",0
"ENSRNOG00000064718",0
"ENSRNOG00000000867",1622
"ENSRNOG00000058368",2
"ENSRNOG00000059658",0
"ENSRNOG00000037765",2613
"ENSRNOG00000069970",0
"ENSRNOG00000059368",2
"ENSRNOG00000065111",0
"ENSRNOG00000041223",0
"ENSRNOG00000036441",0
"ENSRNOG00000000767",0
"ENSRNOG00000046573",0
"ENSRNOG00000035653",0
"ENSRNOG00000042905",177
"ENSRNOG00000000768",0
"ENSRNOG00000001228",3884
"ENSRNOG00000062729",0
"ENSRNOG00000000323",66
"ENSRNOG00000065421",0
"ENSRNOG00000049063",1056
"ENSRNOG00000070009",0
"ENSRNOG00000065219",706
"ENSRNOG00000000585",818
"ENSRNOG00000045658",0
"ENSRNOG00000001315",2
"ENSRNOG00000000583",4216
"ENSRNOG00000000765",0
"ENSRNOG00000067843",0
"ENSRNOG00000065073",0
"ENSRNOG00000065633",2
"ENSRNOG00000050550",2
"ENSRNOG00000032596",264
"ENSRNOG00000066928",0
"ENSRNOG00000063048",0
"ENSRNOG00000024543",253
"ENSRNOG00000069105",0
"ENSRNOG00000001313",3
"ENSRNOG00000068471",1
"ENSRNOG00000000726",0
"ENSRNOG00000070471",0
"ENSRNOG00000037647",1904
"ENSRNOG00000001237",3090
"ENSRNOG00000028035",0
"ENSRNOG00000000299",1746
"ENSRNOG00000000579",2348
"ENSRNOG00000065272",0
"ENSRNOG00000058288",449
"ENSRNOG00000000605",0
"ENSRNOG00000046487",0
"ENSRNOG00000065072",0
"ENSRNOG00000000798",713
"ENSRNOG00000000811",30
"ENSRNOG00000063793",0
"ENSRNOG00000050389",0
"ENSRNOG00000053288",1513
"ENSRNOG00000027859",590
"ENSRNOG00000068494",0
"ENSRNOG00000063264",0
"ENSRNOG00000066952",0
"ENSRNOG00000047118",94
"ENSRNOG00000025806",1772
"ENSRNOG00000067903",0
"ENSRNOG00000066890",0
"ENSRNOG00000065474",1420
"ENSRNOG00000000321",96
"ENSRNOG00000000746",0
"ENSRNOG00000000814",0
"ENSRNOG00000000799",1068
"ENSRNOG00000000589",3
"ENSRNOG00000046355",0
"ENSRNOG00000043199",502
"ENSRNOG00000000599",3613
"ENSRNOG00000046708",0
"ENSRNOG00000059268",2214
"ENSRNOG00000050316",0
"ENSRNOG00000065757",0
"ENSRNOG00000070745",1
"ENSRNOG00000051592",568
"ENSRNOG00000067694",2
"ENSRNOG00000070514",0
"ENSRNOG00000001212",0
"ENSRNOG00000069884",0
"ENSRNOG00000061040",1248
"ENSRNOG00000070634",0
"ENSRNOG00000049590",0
"ENSRNOG00000065687",1
"ENSRNOG00000000572",110
"ENSRNOG00000048579",0
"ENSRNOG00000062763",0
"ENSRNOG00000000855",0
"ENSRNOG00000000383",7
"ENSRNOG00000000632",673
"ENSRNOG00000042370",0
"ENSRNOG00000000316",4
"ENSRNOG00000000854",0
"ENSRNOG00000069773",0
"ENSRNOG00000054603",0
"ENSRNOG00000000587",276
"ENSRNOG00000001242",1
"ENSRNOG00000000774",1364
"ENSRNOG00000000586",170
"ENSRNOG00000000536",1
"ENSRNOG00000026049",125
"ENSRNOG00000000279",166
"ENSRNOG00000000804",1574
"ENSRNOG00000000405",3
"ENSRNOG00000000568",516
"ENSRNOG00000068887",3738
"ENSRNOG00000062554",14
"ENSRNOG00000026217",113
"ENSRNOG00000000809",1348
"ENSRNOG00000000785",218
"ENSRNOG00000000567",13526
"ENSRNOG00000062809",0
"ENSRNOG00000000488",5796
"ENSRNOG00000000786",0
"ENSRNOG00000070997",0
"ENSRNOG00000065028",0
"ENSRNOG00000070408",0
"ENSRNOG00000047171",248
"ENSRNOG00000000846",0
"ENSRNOG00000000547",217
"ENSRNOG00000032844",49
"ENSRNOG00000000853",2
"ENSRNOG00000032964",3
"ENSRNOG00000025883",2
"ENSRNOG00000067001",0
"ENSRNOG00000000320",21
"ENSRNOG00000050215",483
"ENSRNOG00000026080",0
"ENSRNOG00000045908",0
"ENSRNOG00000037628",0
"ENSRNOG00000069043",0
"ENSRNOG00000025179",6552
"ENSRNOG00000033389",177
"ENSRNOG00000069418",1
"ENSRNOG00000071013",0
"ENSRNOG00000066416",0
"ENSRNOG00000071158",0
"ENSRNOG00000046891",2550
"ENSRNOG00000069834",0
"ENSRNOG00000069079",26
"ENSRNOG00000000407",411
"ENSRNOG00000066573",149
"ENSRNOG00000040183",0
"ENSRNOG00000070836",4
"ENSRNOG00000070605",1
"ENSRNOG00000030431",14
"ENSRNOG00000032548",0
"ENSRNOG00000064227",1
"ENSRNOG00000069426",3
"ENSRNOG00000070935",3142
"ENSRNOG00000071033",2
"ENSRNOG00000067553",0
"ENSRNOG00000064918",0
"ENSRNOG00000000432",203
"ENSRNOG00000000408",659
"ENSRNOG00000063819",2
"ENSRNOG00000064860",0
"ENSRNOG00000068689",0
"ENSRNOG00000030157",447
"ENSRNOG00000049045",2
"ENSRNOG00000066945",0
"ENSRNOG00000000431",2255
"ENSRNOG00000000549",544
"ENSRNOG00000063919",0
"ENSRNOG00000026936",24
"ENSRNOG00000052532",0
"ENSRNOG00000070789",3
"ENSRNOG00000063152",0
"ENSRNOG00000042918",4
"ENSRNOG00000046675",266
"ENSRNOG00000054538",0
"ENSRNOG00000065648",2
"ENSRNOG00000069059",1169
"ENSRNOG00000025998",8
"ENSRNOG00000064944",53
"ENSRNOG00000033136",1
"ENSRNOG00000065439",2
"ENSRNOG00000067150",0
"ENSRNOG00000033215",25
"ENSRNOG00000067482",0
"ENSRNOG00000050998",3
"ENSRNOG00000069219",1
"ENSRNOG00000064309",445
"ENSRNOG00000027873",0
"ENSRNOG00000063520",2
"ENSRNOG00000043436",3394
"ENSRNOG00000071161",0
"ENSRNOG00000000546",744
"ENSRNOG00000000478",119
"ENSRNOG00000067733",0
"ENSRNOG00000070050",0
"ENSRNOG00000030676",0
"ENSRNOG00000063655",0
"ENSRNOG00000000818",2332
"ENSRNOG00000050233",132
"ENSRNOG00000065179",0
"ENSRNOG00000032942",2525
"ENSRNOG00000065364",1
"ENSRNOG00000058987",17
"ENSRNOG00000054374",772
"ENSRNOG00000066691",16
"ENSRNOG00000000576",521
"ENSRNOG00000067697",2
"ENSRNOG00000000840",14
"ENSRNOG00000067213",193
"ENSRNOG00000000520",3251
"ENSRNOG00000050425",3
"ENSRNOG00000051399",53
"ENSRNOG00000029682",8897
"ENSRNOG00000000839",73
"ENSRNOG00000046365",1
"ENSRNOG00000025864",306
"ENSRNOG00000056647",1023
"ENSRNOG00000000729",750
"ENSRNOG00000032813",557
"ENSRNOG00000062206",0
"ENSRNOG00000000574",483
"ENSRNOG00000000614",2788
"ENSRNOG00000069485",1
"ENSRNOG00000000838",0
"ENSRNOG00000000556",1
"ENSRNOG00000069463",80
"ENSRNOG00000000728",441
"ENSRNOG00000062843",0
"ENSRNOG00000061216",15363
"ENSRNOG00000071156",0
"ENSRNOG00000068137",16
"ENSRNOG00000043481",0
"ENSRNOG00000051612",0
"ENSRNOG00000056637",386
"ENSRNOG00000062631",0
"ENSRNOG00000029420",0
"ENSRNOG00000059445",134
"ENSRNOG00000000775",9
"ENSRNOG00000064656",425
"ENSRNOG00000065286",0
"ENSRNOG00000000826",1169
"ENSRNOG00000064564",0
"ENSRNOG00000000842",0
"ENSRNOG00000038489",1
"ENSRNOG00000061930",0
"ENSRNOG00000062702",2
"ENSRNOG00000066268",0
"ENSRNOG00000062860",3
"ENSRNOG00000063421",73
"ENSRNOG00000029883",0
"ENSRNOG00000024751",70
"ENSRNOG00000065434",0
"ENSRNOG00000052839",0
"ENSRNOG00000069886",1
"ENSRNOG00000027225",0
"ENSRNOG00000066311",0
"ENSRNOG00000022730",774
"ENSRNOG00000070701",0
"ENSRNOG00000070571",0
"ENSRNOG00000000827",1261
"ENSRNOG00000030683",1973
"ENSRNOG00000064704",0
"ENSRNOG00000065653",10
"ENSRNOG00000067507",0
"ENSRNOG00000066383",0
"ENSRNOG00000069340",0
"ENSRNOG00000068943",0
"ENSRNOG00000000759",0
"ENSRNOG00000000451",43
"ENSRNOG00000069903",0
"ENSRNOG00000070750",23
"ENSRNOG00000065058",0
"ENSRNOG00000063245",0
"ENSRNOG00000064301",0
"ENSRNOG00000062730",0
"ENSRNOG00000027157",0
"ENSRNOG00000054048",0
"ENSRNOG00000063374",0
"ENSRNOG00000001229",5989
"ENSRNOG00000030426",2123
"ENSRNOG00000067861",1
"ENSRNOG00000070267",2
"ENSRNOG00000056976",0
"ENSRNOG00000063854",1152
"ENSRNOG00000001226",49
"ENSRNOG00000068088",0
"ENSRNOG00000068739",0
"ENSRNOG00000065684",0
"ENSRNOG00000000428",0
"ENSRNOG00000069553",0
"ENSRNOG00000067389",33
"ENSRNOG00000043302",0
"ENSRNOG00000068097",2
"ENSRNOG00000070968",68
"ENSRNOG00000000607",7
"ENSRNOG00000064738",0
"ENSRNOG00000070630",212
"ENSRNOG00000067041",2
"ENSRNOG00000033581",112
"ENSRNOG00000064499",5
"ENSRNOG00000048073",776
"ENSRNOG00000001249",16920
"ENSRNOG00000070733",563
"ENSRNOG00000065948",3
"ENSRNOG00000048535",0
"ENSRNOG00000063651",1
"ENSRNOG00000051063",218
"ENSRNOG00000048758",192
"ENSRNOG00000062666",1
"ENSRNOG00000000446",0
"ENSRNOG00000000384",0
"ENSRNOG00000066710",0
"ENSRNOG00000024413",0
"ENSRNOG00000063343",0
"ENSRNOG00000052891",0
"ENSRNOG00000030242",61
"ENSRNOG00000051473",0
"ENSRNOG00000068671",0
"ENSRNOG00000033891",2902
"ENSRNOG00000060789",0
"ENSRNOG00000000557",5657
"ENSRNOG00000067902",1
"ENSRNOG00000058631",0
"ENSRNOG00000054239",0
"ENSRNOG00000070377",0
"ENSRNOG00000054580",0
"ENSRNOG00000061550",0
"ENSRNOG00000052710",0
"ENSRNOG00000032408",0
"ENSRNOG00000052210",0
"ENSRNOG00000056626",0
"ENSRNOG00000000630",0
"ENSRNOG00000055951",0
"ENSRNOG00000057911",0
"ENSRNOG00000047304",0
"ENSRNOG00000057485",0
"ENSRNOG00000022283",1
"ENSRNOG00000056879",0
"ENSRNOG00000000581",599
"ENSRNOG00000062340",0
"ENSRNOG00000060741",7
"ENSRNOG00000067781",4
"ENSRNOG00000052760",3
"ENSRNOG00000068592",0
"ENSRNOG00000051927",1
"ENSRNOG00000068589",0
"ENSRNOG00000057125",948
"ENSRNOG00000026207",0
"ENSRNOG00000000376",901
"ENSRNOG00000000517",711
"ENSRNOG00000033652",47
"ENSRNOG00000000564",0
"ENSRNOG00000046494",0
"ENSRNOG00000049150",0
"ENSRNOG00000026813",57
"ENSRNOG00000048725",670
"ENSRNOG00000039398",0
"ENSRNOG00000065514",88
"ENSRNOG00000023210",1555
"ENSRNOG00000047966",47
"ENSRNOG00000024221",28
"ENSRNOG00000050647",222
"ENSRNOG00000043099",814
"ENSRNOG00000045654",48
"ENSRNOG00000039396",0
"ENSRNOG00000067018",12
"ENSRNOG00000001232",348
"ENSRNOG00000028581",75
"ENSRNOG00000000503",2349
"ENSRNOG00000028541",0
"ENSRNOG00000070397",109
"ENSRNOG00000042287",0
"ENSRNOG00000001272",1968
"ENSRNOG00000000831",329
"ENSRNOG00000000596",1048
"ENSRNOG00000028441",358
"ENSRNOG00000021365",153
"ENSRNOG00000000582",15
"ENSRNOG00000012714",42
"ENSRNOG00000000566",0
"ENSRNOG00000000442",56
"ENSRNOG00000000303",285
"ENSRNOG00000000495",437
"ENSRNOG00000000590",5
"ENSRNOG00000000606",0
"ENSRNOG00000040052",154
"ENSRNOG00000000327",775
"ENSRNOG00000000833",210
"ENSRNOG00000000502",171
"ENSRNOG00000000610",1086
"ENSRNOG00000024839",225
"ENSRNOG00000046505",114
"ENSRNOG00000000302",488
"ENSRNOG00000000373",81
"ENSRNOG00000049990",0
"ENSRNOG00000053936",0
"ENSRNOG00000026466",390
"ENSRNOG00000069858",0
"ENSRNOG00000066776",67
"ENSRNOG00000001245",470
"ENSRNOG00000000314",1826
"ENSRNOG00000000778",66
"ENSRNOG00000001174",0
"ENSRNOG00000000563",188
"ENSRNOG00000064048",13
"ENSRNOG00000000779",566
"ENSRNOG00000000454",0
"ENSRNOG00000070102",2
"ENSRNOG00000000780",1450
"ENSRNOG00000000781",11
"ENSRNOG00000000571",35397
"ENSRNOG00000000519",3310
"ENSRNOG00000069836",0
"ENSRNOG00000067285",1
"ENSRNOG00000021518",0
"ENSRNOG00000000783",0
"ENSRNOG00000000638",432
"ENSRNOG00000000634",2
"ENSRNOG00000052795",2178
"ENSRNOG00000068407",419
"ENSRNOG00000049937",106
"ENSRNOG00000000782",0
"ENSRNOG00000024601",360
"ENSRNOG00000067891",1
"ENSRNOG00000031689",708
"ENSRNOG00000025909",347
"ENSRNOG00000000455",764
"ENSRNOG00000000562",0
"ENSRNOG00000032930",1331
"ENSRNOG00000000498",481
"ENSRNOG00000066279",0
"ENSRNOG00000063767",0
"ENSRNOG00000000510",1
"ENSRNOG00000000543",562
"ENSRNOG00000000516",0
"ENSRNOG00000051398",1
"ENSRNOG00000000479",79
"ENSRNOG00000028622",6
"ENSRNOG00000000456",133
"ENSRNOG00000000796",5728
"ENSRNOG00000000507",5
"ENSRNOG00000033087",12
"ENSRNOG00000001223",8156
"ENSRNOG00000043212",984
"ENSRNOG00000000457",861
"ENSRNOG00000064170",0
"ENSRNOG00000000500",256
"ENSRNOG00000050658",1
"ENSRNOG00000000459",395
"ENSRNOG00000067614",0
"ENSRNOG00000000504",114
"ENSRNOG00000049491",41
"ENSRNOG00000030109",379
"ENSRNOG00000001295",21
"ENSRNOG00000000505",2337
"ENSRNOG00000059659",3646
"ENSRNOG00000001297",580
"ENSRNOG00000029979",12
"ENSRNOG00000000501",444
"ENSRNOG00000066773",229
"ENSRNOG00000000569",167
"ENSRNOG00000029528",0
"ENSRNOG00000047102",25
"ENSRNOG00000000540",138
"ENSRNOG00000000541",2705
"ENSRNOG00000000506",1354
"ENSRNOG00000001201",3491
"ENSRNOG00000000604",1627
"ENSRNOG00000065441",7
"ENSRNOG00000000433",89
"ENSRNOG00000001217",12
"ENSRNOG00000001224",0
"ENSRNOG00000000480",333
"ENSRNOG00000001184",398
"ENSRNOG00000000648",5838
"ENSRNOG00000000435",629
"ENSRNOG00000000851",4000
"ENSRNOG00000000491",7
"ENSRNOG00000001210",417
"ENSRNOG00000026762",0
"ENSRNOG00000000481",2675
"ENSRNOG00000000487",6
"ENSRNOG00000000277",643
"ENSRNOG00000000441",51
"ENSRNOG00000000552",0
"ENSRNOG00000063880",3003
"ENSRNOG00000000857",22
"ENSRNOG00000000611",1184
"ENSRNOG00000028598",6
"ENSRNOG00000000436",12
"ENSRNOG00000000850",33
"ENSRNOG00000048929",76
"ENSRNOG00000039658",181
"ENSRNOG00000000437",3333
"ENSRNOG00000000641",334
"ENSRNOG00000061176",1479
"ENSRNOG00000000386",4
"ENSRNOG00000000438",475
"ENSRNOG00000000396",1514
"ENSRNOG00000051960",175
"ENSRNOG00000056298",0
"ENSRNOG00000001181",87
"ENSRNOG00000069854",62
"ENSRNOG00000001227",1455
"ENSRNOG00000000490",1680
"ENSRNOG00000000439",20
"ENSRNOG00000000645",12783
"ENSRNOG00000023712",0
"ENSRNOG00000000499",0
"ENSRNOG00000046791",329
"ENSRNOG00000068135",3
"ENSRNOG00000049507",895
"ENSRNOG00000028302",4609
"ENSRNOG00000000486",31
"ENSRNOG00000048193",190
"ENSRNOG00000000523",257
"ENSRNOG00000048987",0
"ENSRNOG00000000485",1849
"ENSRNOG00000028243",29
"ENSRNOG00000031065",0
"ENSRNOG00000063826",0
"ENSRNOG00000006589",8227
"ENSRNOG00000000461",5950
"ENSRNOG00000068033",0
"ENSRNOG00000069988",0
"ENSRNOG00000064749",45
"ENSRNOG00000000274",16
"ENSRNOG00000016997",57
"ENSRNOG00000065563",511
"ENSRNOG00000062695",0
"ENSRNOG00000001205",854
"ENSRNOG00000000636",0
"ENSRNOG00000045860",658
"ENSRNOG00000050410",292
"ENSRNOG00000070306",0
"ENSRNOG00000000275",965
"ENSRNOG00000047697",48
"ENSRNOG00000000524",2793
"ENSRNOG00000057862",8
"ENSRNOG00000049952",879
"ENSRNOG00000000808",1460
"ENSRNOG00000046428",110
"ENSRNOG00000070531",0
"ENSRNOG00000000858",0
"ENSRNOG00000043033",176
"ENSRNOG00000000561",167
"ENSRNOG00000000860",3
"ENSRNOG00000000511",2264
"ENSRNOG00000029360",7149
"ENSRNOG00000001189",414
"ENSRNOG00000001169",51
"ENSRNOG00000000440",835
"ENSRNOG00000038300",1
"ENSRNOG00000042916",968
"ENSRNOG00000063338",0
"ENSRNOG00000001215",772
"ENSRNOG00000000565",4763
"ENSRNOG00000000542",0
"ENSRNOG00000000387",1449
"ENSRNOG00000000410",0
"ENSRNOG00000049696",0
"ENSRNOG00000001254",18142
"ENSRNOG00000001152",0
"ENSRNOG00000000852",10508
"ENSRNOG00000001261",5
"ENSRNOG00000000512",229
"ENSRNOG00000000398",301
"ENSRNOG00000001302",9
"ENSRNOG00000063538",0
"ENSRNOG00000000640",156
"ENSRNOG00000000394",264
"ENSRNOG00000000508",0
"ENSRNOG00000001225",176
"ENSRNOG00000022523",558
"ENSRNOG00000055391",4328
"ENSRNOG00000000493",469
"ENSRNOG00000066789",150
"ENSRNOG00000067849",65
"ENSRNOG00000001182",1262
"ENSRNOG00000000528",0
"ENSRNOG00000000560",195
"ENSRNOG00000000513",3634
"ENSRNOG00000000521",3888
"ENSRNOG00000069172",2
"ENSRNOG00000047175",0
"ENSRNOG00000001157",0
"ENSRNOG00000065254",1397
"ENSRNOG00000001167",0
"ENSRNOG00000000412",4
"ENSRNOG00000028641",1144
"ENSRNOG00000070329",95
"ENSRNOG00000065780",31
"ENSRNOG00000046619",3
"ENSRNOG00000046705",8573
"ENSRNOG00000000515",1
"ENSRNOG00000066051",0
"ENSRNOG00000065311",4
"ENSRNOG00000000635",5561
"ENSRNOG00000046204",163
"ENSRNOG00000001193",9
"ENSRNOG00000001219",0
"ENSRNOG00000058912",77
"ENSRNOG00000045920",2197
"ENSRNOG00000000800",4183
"ENSRNOG00000001218",0
"ENSRNOG00000067436",0
"ENSRNOG00000000483",2021
"ENSRNOG00000042329",0
"ENSRNOG00000047532",0
"ENSRNOG00000048951",0
"ENSRNOG00000068042",0
"ENSRNOG00000000312",1667
"ENSRNOG00000000823",745
"ENSRNOG00000001303",1582
"ENSRNOG00000038883",3431
"ENSRNOG00000001214",431
"ENSRNOG00000049771",344
"ENSRNOG00000030408",1992
"ENSRNOG00000032530",0
"ENSRNOG00000000609",374
"ENSRNOG00000066181",452
"ENSRNOG00000046538",0
"ENSRNOG00000000878",0
"ENSRNOG00000067601",0
"ENSRNOG00000069480",362
"ENSRNOG00000065874",1
"ENSRNOG00000070409",0
"ENSRNOG00000000368",173
"ENSRNOG00000000529",25
"ENSRNOG00000026799",300
"ENSRNOG00000001216",0
"ENSRNOG00000042186",0
"ENSRNOG00000046758",3
"ENSRNOG00000064334",9
"ENSRNOG00000001311",170
"ENSRNOG00000066018",2
"ENSRNOG00000038999",890
"ENSRNOG00000059458",1014
"ENSRNOG00000001158",68
"ENSRNOG00000000411",830
"ENSRNOG00000059770",879
"ENSRNOG00000037600",1
"ENSRNOG00000001194",772
"ENSRNOG00000000633",956
"ENSRNOG00000032708",6
"ENSRNOG00000051061",1427
"ENSRNOG00000001213",1
"ENSRNOG00000000308",322
"ENSRNOG00000026407",274
"ENSRNOG00000000307",627
"ENSRNOG00000023109",267
"ENSRNOG00000000401",0
"ENSRNOG00000031290",11
"ENSRNOG00000047476",545
"ENSRNOG00000000580",0
"ENSRNOG00000063872",0
"ENSRNOG00000000825",11
"ENSRNOG00000037757",0
"ENSRNOG00000000306",443
"ENSRNOG00000070199",1
"ENSRNOG00000070167",77
"ENSRNOG00000000532",1059
"ENSRNOG00000047706",230
"ENSRNOG00000024918",142
"ENSRNOG00000037688",27
"ENSRNOG00000050655",9603
"ENSRNOG00000043186",81
"ENSRNOG00000000598",122
"ENSRNOG00000000597",3
"ENSRNOG00000030712",81
"ENSRNOG00000000815",60
"ENSRNOG00000000474",550
"ENSRNOG00000000304",18184
"ENSRNOG00000029500",0
"ENSRNOG00000058648",0
"ENSRNOG00000061936",0
"ENSRNOG00000000848",41
"ENSRNOG00000038807",0
"ENSRNOG00000000476",7
"ENSRNOG00000037668",26
"ENSRNOG00000000847",6172
"ENSRNOG00000000841",6209
"ENSRNOG00000001222",346
"ENSRNOG00000000824",1434
"ENSRNOG00000069363",4
"ENSRNOG00000069923",12
"ENSRNOG00000000477",589
"ENSRNOG00000057078",1023
"ENSRNOG00000000551",65
"ENSRNOG00000026110",0
"ENSRNOG00000068717",77
"ENSRNOG00000027516",0
"ENSRNOG00000000414",463
"ENSRNOG00000067335",0
"ENSRNOG00000000805",33452
"ENSRNOG00000054549",1763
"ENSRNOG00000027949",0
"ENSRNOG00000000595",901
"ENSRNOG00000001298",4
"ENSRNOG00000049734",0
"ENSRNOG00000000593",2651
"ENSRNOG00000062276",274
"ENSRNOG00000001869",0
"ENSRNOG00000000395",1203
"ENSRNOG00000001165",0
"ENSRNOG00000001211",1077
"ENSRNOG00000000322",1514
"ENSRNOG00000030630",1872
"ENSRNOG00000000392",1441
"ENSRNOG00000048682",1782
"ENSRNOG00000000463",5
"ENSRNOG00000000613",695
"ENSRNOG00000051235",79
"ENSRNOG00000061544",103
"ENSRNOG00000000464",261
"ENSRNOG00000000465",0
"ENSRNOG00000001304",901
"ENSRNOG00000000466",38
"ENSRNOG00000068163",1
"ENSRNOG00000000467",498
"ENSRNOG00000003281",393
"ENSRNOG00000000559",4
"ENSRNOG00000038258",1
"ENSRNOG00000000406",1
"ENSRNOG00000000527",5246
"ENSRNOG00000064723",0
"ENSRNOG00000046314",0
"ENSRNOG00000000415",795
"ENSRNOG00000000525",246
"ENSRNOG00000065029",0
"ENSRNOG00000000802",278
"ENSRNOG00000000522",42
"ENSRNOG00000000470",1498
"ENSRNOG00000000420",988
"ENSRNOG00000069916",2
"ENSRNOG00000000421",671
"ENSRNOG00000068565",0
"ENSRNOG00000024019",2756
"ENSRNOG00000000422",274
"ENSRNOG00000000801",308
"ENSRNOG00000062487",266
"ENSRNOG00000069209",512
"ENSRNOG00000000471",1531
"ENSRNOG00000028386",7
"ENSRNOG00000028356",16
"ENSRNOG00000028344",573
"ENSRNOG00000001159",1
"ENSRNOG00000001162",0
"ENSRNOG00000001164",0
"ENSRNOG00000062067",1
"ENSRNOG00000001276",448
"ENSRNOG00000064836",48
"ENSRNOG00000001055",392
"ENSRNOG00000001060",175
"ENSRNOG00000000981",811
"ENSRNOG00000045574",29
"ENSRNOG00000001336",511
"ENSRNOG00000001337",1619
"ENSRNOG00000008673",6994
"ENSRNOG00000025702",842
"ENSRNOG00000001331",787
"ENSRNOG00000001238",495
"ENSRNOG00000028523",1441
"ENSRNOG00000001270",57
"ENSRNOG00000001316",3838
"ENSRNOG00000063517",5
"ENSRNOG00000001338",4
"ENSRNOG00000025936",6991
"ENSRNOG00000042607",52
"ENSRNOG00000001368",0
"ENSRNOG00000001278",230
"ENSRNOG00000048050",56
"ENSRNOG00000031731",1518
"ENSRNOG00000001274",2052
"ENSRNOG00000021480",115
"ENSRNOG00000021440",1279
"ENSRNOG00000001269",4037
"ENSRNOG00000001259",13
"ENSRNOG00000070135",0
"ENSRNOG00000034266",0
"ENSRNOG00000030848",0
"ENSRNOG00000001345",856
"ENSRNOG00000001391",1
"ENSRNOG00000001285",6982
"ENSRNOG00000067283",0
"ENSRNOG00000063614",0
"ENSRNOG00000055283",0
"ENSRNOG00000053770",2
"ENSRNOG00000063012",0
"ENSRNOG00000027480",13
"ENSRNOG00000051585",0
"ENSRNOG00000056264",1
"ENSRNOG00000063776",0
"ENSRNOG00000027028",560
"ENSRNOG00000062433",0
"ENSRNOG00000064748",0
"ENSRNOG00000037801",15
"ENSRNOG00000067454",0
"ENSRNOG00000067227",0
"ENSRNOG00000001348",680
"ENSRNOG00000067552",0
"ENSRNOG00000070719",0
"ENSRNOG00000065615",0
"ENSRNOG00000039214",176
"ENSRNOG00000065400",0
"ENSRNOG00000064405",0
"ENSRNOG00000064696",0
"ENSRNOG00000001350",648
"ENSRNOG00000063764",0
"ENSRNOG00000063697",0
"ENSRNOG00000069325",0
"ENSRNOG00000067994",0
"ENSRNOG00000067666",0
"ENSRNOG00000001375",179
"ENSRNOG00000071042",0
"ENSRNOG00000066865",0
"ENSRNOG00000067720",0
"ENSRNOG00000039282",0
"ENSRNOG00000064336",0
"ENSRNOG00000062902",0
"ENSRNOG00000067686",0
"ENSRNOG00000063472",0
"ENSRNOG00000067123",0
"ENSRNOG00000065467",0
"ENSRNOG00000069537",0
"ENSRNOG00000063492",0
"ENSRNOG00000063911",0
"ENSRNOG00000068030",0
"ENSRNOG00000063378",0
"ENSRNOG00000069873",0
"ENSRNOG00000065983",0
"ENSRNOG00000062974",0
"ENSRNOG00000064155",0
"ENSRNOG00000001329",10
"ENSRNOG00000065316",0
"ENSRNOG00000068354",0
"ENSRNOG00000067197",0
"ENSRNOG00000066211",0
"ENSRNOG00000065678",0
"ENSRNOG00000062634",0
"ENSRNOG00000066370",0
"ENSRNOG00000001333",1
"ENSRNOG00000068125",0
"ENSRNOG00000069307",0
"ENSRNOG00000068794",0
"ENSRNOG00000068925",0
"ENSRNOG00000064767",0
"ENSRNOG00000069603",0
"ENSRNOG00000067020",0
"ENSRNOG00000070262",0
"ENSRNOG00000066000",0
"ENSRNOG00000066264",0
"ENSRNOG00000064352",0
"ENSRNOG00000069008",0
"ENSRNOG00000001247",2556
"ENSRNOG00000065766",0
"ENSRNOG00000070995",0
"ENSRNOG00000063557",0
"ENSRNOG00000066614",11
"ENSRNOG00000064757",0
"ENSRNOG00000054522",5
"ENSRNOG00000060282",1
"ENSRNOG00000035479",2
"ENSRNOG00000035485",2
"ENSRNOG00000035540",0
"ENSRNOG00000063623",131
"ENSRNOG00000035531",4
"ENSRNOG00000036338",0
"ENSRNOG00000028965",0
"ENSRNOG00000047842",0
"ENSRNOG00000062779",1
"ENSRNOG00000051906",0
"ENSRNOG00000064916",0
"ENSRNOG00000001387",497
"ENSRNOG00000070325",0
"ENSRNOG00000050805",2006
"ENSRNOG00000030124",3050
"ENSRNOG00000050848",1
"ENSRNOG00000001374",2
"ENSRNOG00000001404",829
"ENSRNOG00000064009",1355
"ENSRNOG00000021691",174
"ENSRNOG00000063284",0
"ENSRNOG00000063533",0
"ENSRNOG00000052704",1456
"ENSRNOG00000070677",0
"ENSRNOG00000063820",0
"ENSRNOG00000066432",51
"ENSRNOG00000069357",0
"ENSRNOG00000048487",216
"ENSRNOG00000028198",5671
"ENSRNOG00000048580",525
"ENSRNOG00000001389",46
"ENSRNOG00000001256",2801
"ENSRNOG00000066351",5
"ENSRNOG00000001309",226
"ENSRNOG00000001402",1
"ENSRNOG00000001300",1074
"ENSRNOG00000024922",1
"ENSRNOG00000025001",30741
"ENSRNOG00000056889",857
"ENSRNOG00000001396",1629
"ENSRNOG00000001407",6
"ENSRNOG00000001035",307
"ENSRNOG00000001283",859
"ENSRNOG00000001408",0
"ENSRNOG00000001039",1209
"ENSRNOG00000045952",1980
"ENSRNOG00000001296",9
"ENSRNOG00000050059",4
"ENSRNOG00000001043",312
"ENSRNOG00000052199",44
"ENSRNOG00000069835",4
"ENSRNOG00000024462",0
"ENSRNOG00000025310",384
"ENSRNOG00000001369",1
"ENSRNOG00000068186",0
"ENSRNOG00000064228",0
"ENSRNOG00000057769",0
"ENSRNOG00000062810",0
"ENSRNOG00000068922",1
"ENSRNOG00000070312",0
"ENSRNOG00000001414",1005
"ENSRNOG00000033220",24
"ENSRNOG00000001412",2
"ENSRNOG00000031726",0
"ENSRNOG00000048277",857
"ENSRNOG00000050841",66
"ENSRNOG00000062846",0
"ENSRNOG00000024641",56
"ENSRNOG00000059207",0
"ENSRNOG00000070500",0
"ENSRNOG00000049282",1
"ENSRNOG00000038896",20
"ENSRNOG00000028206",65
"ENSRNOG00000001392",0
"ENSRNOG00000001399",0
"ENSRNOG00000001385",6955
"ENSRNOG00000067638",8
"ENSRNOG00000001388",82
"ENSRNOG00000046497",1087
"ENSRNOG00000063866",0
"ENSRNOG00000037815",4148
"ENSRNOG00000001409",4382
"ENSRNOG00000001070",5779
"ENSRNOG00000001073",246
"ENSRNOG00000001410",235
"ENSRNOG00000001074",626
"ENSRNOG00000001425",235
"ENSRNOG00000001251",0
"ENSRNOG00000070432",2
"ENSRNOG00000056407",0
"ENSRNOG00000001435",110
"ENSRNOG00000023686",1272
"ENSRNOG00000024277",0
"ENSRNOG00000071001",391
"ENSRNOG00000048699",44
"ENSRNOG00000001351",722
"ENSRNOG00000071009",20
"ENSRNOG00000063308",161
"ENSRNOG00000018910",309
"ENSRNOG00000025626",2
"ENSRNOG00000022767",0
"ENSRNOG00000020112",5
"ENSRNOG00000028981",0
"ENSRNOG00000001294",767
"ENSRNOG00000032705",516
"ENSRNOG00000066204",2
"ENSRNOG00000037500",125
"ENSRNOG00000037481",46
"ENSRNOG00000000909",423
"ENSRNOG00000055583",2248
"ENSRNOG00000068853",0
"ENSRNOG00000029165",44
"ENSRNOG00000001427",802
"ENSRNOG00000001141",3
"ENSRNOG00000001377",899
"ENSRNOG00000034215",0
"ENSRNOG00000070313",0
"ENSRNOG00000055795",0
"ENSRNOG00000062582",0
"ENSRNOG00000064613",271
"ENSRNOG00000069275",98
"ENSRNOG00000071077",1
"ENSRNOG00000001443",420
"ENSRNOG00000071056",0
"ENSRNOG00000064325",23
"ENSRNOG00000032684",0
"ENSRNOG00000069155",0
"ENSRNOG00000001428",154
"ENSRNOG00000069263",109
"ENSRNOG00000001250",208
"ENSRNOG00000047745",0
"ENSRNOG00000046252",434
"ENSRNOG00000071178",39
"ENSRNOG00000064620",0
"ENSRNOG00000069126",0
"ENSRNOG00000069788",0
"ENSRNOG00000001178",2647
"ENSRNOG00000001429",444
"ENSRNOG00000037720",269
"ENSRNOG00000001071",195
"ENSRNOG00000053768",0
"ENSRNOG00000066404",4
"ENSRNOG00000001103",2
"ENSRNOG00000064538",0
"ENSRNOG00000046171",1
"ENSRNOG00000070934",0
"ENSRNOG00000062589",0
"ENSRNOG00000037483",5945
"ENSRNOG00000069546",0
"ENSRNOG00000063908",0
"ENSRNOG00000062504",0
"ENSRNOG00000001430",829
"ENSRNOG00000032560",0
"ENSRNOG00000066843",0
"ENSRNOG00000068581",0
"ENSRNOG00000065057",0
"ENSRNOG00000070778",0
"ENSRNOG00000064850",0
"ENSRNOG00000065370",0
"ENSRNOG00000065050",0
"ENSRNOG00000068657",0
"ENSRNOG00000062638",0
"ENSRNOG00000069792",64
"ENSRNOG00000001130",0
"ENSRNOG00000063208",0
"ENSRNOG00000028544",0
"ENSRNOG00000064391",0
"ENSRNOG00000068237",0
"ENSRNOG00000050264",3
"ENSRNOG00000067017",0
"ENSRNOG00000001415",1430
"ENSRNOG00000001439",10
"ENSRNOG00000065486",0
"ENSRNOG00000029560",16
"ENSRNOG00000069236",4
"ENSRNOG00000065030",0
"ENSRNOG00000064898",0
"ENSRNOG00000062654",0
"ENSRNOG00000059768",64
"ENSRNOG00000001273",483
"ENSRNOG00000069035",0
"ENSRNOG00000066373",0
"ENSRNOG00000001352",2888
"ENSRNOG00000068400",0
"ENSRNOG00000063095",17
"ENSRNOG00000062639",0
"ENSRNOG00000065789",2
"ENSRNOG00000068338",0
"ENSRNOG00000001416",4
"ENSRNOG00000067515",4
"ENSRNOG00000001253",2763
"ENSRNOG00000066427",0
"ENSRNOG00000064554",2
"ENSRNOG00000068924",0
"ENSRNOG00000064929",64
"ENSRNOG00000067049",0
"ENSRNOG00000029211",2
"ENSRNOG00000067727",0
"ENSRNOG00000068453",1
"ENSRNOG00000064343",0
"ENSRNOG00000066903",61
"ENSRNOG00000064863",0
"ENSRNOG00000063555",15
"ENSRNOG00000067099",0
"ENSRNOG00000056955",20
"ENSRNOG00000062894",0
"ENSRNOG00000067367",0
"ENSRNOG00000065496",0
"ENSRNOG00000069083",81
"ENSRNOG00000001417",2547
"ENSRNOG00000066725",3
"ENSRNOG00000064190",0
"ENSRNOG00000001258",124
"ENSRNOG00000067835",58
"ENSRNOG00000054311",0
"ENSRNOG00000071017",0
"ENSRNOG00000069064",0
"ENSRNOG00000066823",2
"ENSRNOG00000064618",0
"ENSRNOG00000064366",8
"ENSRNOG00000062342",0
"ENSRNOG00000070583",0
"ENSRNOG00000063893",0
"ENSRNOG00000047653",6
"ENSRNOG00000067532",0
"ENSRNOG00000065145",0
"ENSRNOG00000064185",0
"ENSRNOG00000001448",6956
"ENSRNOG00000067199",0
"ENSRNOG00000069003",11
"ENSRNOG00000043267",35
"ENSRNOG00000001418",306
"ENSRNOG00000063972",0
"ENSRNOG00000068379",0
"ENSRNOG00000066560",1
"ENSRNOG00000062914",0
"ENSRNOG00000049770",4
"ENSRNOG00000066518",0
"ENSRNOG00000070555",0
"ENSRNOG00000022014",1637
"ENSRNOG00000068031",0
"ENSRNOG00000066779",4
"ENSRNOG00000001260",63
"ENSRNOG00000001419",198
"ENSRNOG00000064906",0
"ENSRNOG00000071134",0
"ENSRNOG00000060790",0
"ENSRNOG00000067880",0
"ENSRNOG00000037509",160
"ENSRNOG00000063447",0
"ENSRNOG00000064125",13
"ENSRNOG00000001275",4
"ENSRNOG00000063862",0
"ENSRNOG00000062865",3
"ENSRNOG00000065096",468
"ENSRNOG00000069825",0
"ENSRNOG00000001420",1574
"ENSRNOG00000071110",17
"ENSRNOG00000069881",24
"ENSRNOG00000069057",0
"ENSRNOG00000001449",1911
"ENSRNOG00000069863",0
"ENSRNOG00000064577",0
"ENSRNOG00000001151",137
"ENSRNOG00000064576",0
"ENSRNOG00000001265",98
"ENSRNOG00000065712",0
"ENSRNOG00000066705",0
"ENSRNOG00000064624",0
"ENSRNOG00000001450",297
"ENSRNOG00000066022",0
"ENSRNOG00000001171",401
"ENSRNOG00000066249",0
"ENSRNOG00000064272",0
"ENSRNOG00000031346",415
"ENSRNOG00000056017",35
"ENSRNOG00000070992",0
"ENSRNOG00000063921",0
"ENSRNOG00000063728",0
"ENSRNOG00000023546",6897
"ENSRNOG00000054608",0
"ENSRNOG00000001342",101
"ENSRNOG00000066626",0
"ENSRNOG00000056379",0
"ENSRNOG00000022533",1112
"ENSRNOG00000064841",2
"ENSRNOG00000001444",0
"ENSRNOG00000054746",1
"ENSRNOG00000069531",0
"ENSRNOG00000066921",0
"ENSRNOG00000037456",0
"ENSRNOG00000065089",0
"ENSRNOG00000051807",2
"ENSRNOG00000056456",0
"ENSRNOG00000031162",0
"ENSRNOG00000001397",261
"ENSRNOG00000066400",1
"ENSRNOG00000068850",3
"ENSRNOG00000068822",0
"ENSRNOG00000065749",1
"ENSRNOG00000066996",250
"ENSRNOG00000001469",8158
"ENSRNOG00000062773",3
"ENSRNOG00000065248",9
"ENSRNOG00000040652",0
"ENSRNOG00000070543",83
"ENSRNOG00000066839",0
"ENSRNOG00000065898",7
"ENSRNOG00000032917",1296
"ENSRNOG00000001436",17282
"ENSRNOG00000065479",0
"ENSRNOG00000069469",3
"ENSRNOG00000056978",10
"ENSRNOG00000035103",0
"ENSRNOG00000069015",7
"ENSRNOG00000069182",0
"ENSRNOG00000071022",0
"ENSRNOG00000069011",0
"ENSRNOG00000056104",0
"ENSRNOG00000067247",84
"ENSRNOG00000056072",0
"ENSRNOG00000000921",1437
"ENSRNOG00000066251",0
"ENSRNOG00000001006",0
"ENSRNOG00000001123",519
"ENSRNOG00000060796",0
"ENSRNOG00000001432",568
"ENSRNOG00000001252",1217
"ENSRNOG00000053637",0
"ENSRNOG00000067035",0
"ENSRNOG00000066145",0
"ENSRNOG00000069152",112
"ENSRNOG00000070742",5
"ENSRNOG00000053421",0
"ENSRNOG00000000968",537
"ENSRNOG00000064604",8
"ENSRNOG00000008706",30
"ENSRNOG00000001284",0
"ENSRNOG00000056133",0
"ENSRNOG00000068394",28
"ENSRNOG00000001120",3948
"ENSRNOG00000067802",18
"ENSRNOG00000058033",6
"ENSRNOG00000069694",31
"ENSRNOG00000059804",0
"ENSRNOG00000001457",349
"ENSRNOG00000060427",1
"ENSRNOG00000001434",0
"ENSRNOG00000065556",5
"ENSRNOG00000063770",0
"ENSRNOG00000064713",0
"ENSRNOG00000065794",33
"ENSRNOG00000001139",1520
"ENSRNOG00000057377",0
"ENSRNOG00000063046",0
"ENSRNOG00000064303",0
"ENSRNOG00000055445",0
"ENSRNOG00000047880",809
"ENSRNOG00000001277",0
"ENSRNOG00000053902",2
"ENSRNOG00000070246",428
"ENSRNOG00000035114",0
"ENSRNOG00000062742",5
"ENSRNOG00000067225",9
"ENSRNOG00000061095",0
"ENSRNOG00000001454",1459
"ENSRNOG00000062963",0
"ENSRNOG00000051549",0
"ENSRNOG00000055865",1
"ENSRNOG00000062376",580
"ENSRNOG00000061002",0
"ENSRNOG00000059344",3661
"ENSRNOG00000058537",0
"ENSRNOG00000037480",133
"ENSRNOG00000054687",0
"ENSRNOG00000067181",0
"ENSRNOG00000051870",0
"ENSRNOG00000068745",0
"ENSRNOG00000052482",0
"ENSRNOG00000069461",2
"ENSRNOG00000062719",0
"ENSRNOG00000068603",100
"ENSRNOG00000001453",3516
"ENSRNOG00000051006",99
"ENSRNOG00000065041",1
"ENSRNOG00000064330",3
"ENSRNOG00000037478",353
"ENSRNOG00000064839",0
"ENSRNOG00000065696",87
"ENSRNOG00000001312",1311
"ENSRNOG00000071198",2
"ENSRNOG00000059673",446
"ENSRNOG00000000999",843
"ENSRNOG00000001440",8575
"ENSRNOG00000067286",365
"ENSRNOG00000051294",0
"ENSRNOG00000001383",718
"ENSRNOG00000030354",0
"ENSRNOG00000062811",0
"ENSRNOG00000001422",0
"ENSRNOG00000028259",1
"ENSRNOG00000028733",37
"ENSRNOG00000021611",563
"ENSRNOG00000039819",497
"ENSRNOG00000001003",751
"ENSRNOG00000001424",10189
"ENSRNOG00000000973",1
"ENSRNOG00000050672",0
"ENSRNOG00000021312",490
"ENSRNOG00000022698",352
"ENSRNOG00000000969",0
"ENSRNOG00000054013",0
"ENSRNOG00000001470",274
"ENSRNOG00000054033",6
"ENSRNOG00000001136",5654
"ENSRNOG00000040128",0
"ENSRNOG00000023366",131
"ENSRNOG00000022483",1
"ENSRNOG00000000978",0
"ENSRNOG00000001293",545
"ENSRNOG00000001138",771
"ENSRNOG00000028803",0
"ENSRNOG00000001451",0
"ENSRNOG00000001441",1370
"ENSRNOG00000001017",0
"ENSRNOG00000001289",273
"ENSRNOG00000031721",970
"ENSRNOG00000028630",2
"ENSRNOG00000001287",1
"ENSRNOG00000022426",2
"ENSRNOG00000033700",397
"ENSRNOG00000001442",1093
"ENSRNOG00000001288",316
"ENSRNOG00000029881",1
"ENSRNOG00000030813",0
"ENSRNOG00000001124",386
"ENSRNOG00000001474",1
"ENSRNOG00000028651",119
"ENSRNOG00000001129",930
"ENSRNOG00000063916",3
"ENSRNOG00000066613",0
"ENSRNOG00000032693",0
"ENSRNOG00000001126",582
"ENSRNOG00000001198",3
"ENSRNOG00000001431",62
"ENSRNOG00000051770",1
"ENSRNOG00000028814",206
"ENSRNOG00000000957",881
"ENSRNOG00000049220",0
"ENSRNOG00000001128",38
"ENSRNOG00000001148",168918
"ENSRNOG00000039296",0
"ENSRNOG00000000952",0
"ENSRNOG00000050052",605
"ENSRNOG00000028090",673
"ENSRNOG00000001153",2
"ENSRNOG00000001317",1262
"ENSRNOG00000001058",543
"ENSRNOG00000053974",0
"ENSRNOG00000022392",3254
"ENSRNOG00000001314",738
"ENSRNOG00000001149",4135
"ENSRNOG00000028100",26
"ENSRNOG00000054170",0
"ENSRNOG00000025155",1018
"ENSRNOG00000028323",251
"ENSRNOG00000001069",641
"ENSRNOG00000001479",8763
"ENSRNOG00000054096",252
"ENSRNOG00000066133",0
"ENSRNOG00000001324",5
"ENSRNOG00000028592",2498
"ENSRNOG00000000986",0
"ENSRNOG00000030927",3
"ENSRNOG00000001299",4151
"ENSRNOG00000021871",2403
"ENSRNOG00000028414",0
"ENSRNOG00000028211",110
"ENSRNOG00000028531",1
"ENSRNOG00000028166",132
"ENSRNOG00000001480",1
"ENSRNOG00000001001",0
"ENSRNOG00000001325",166
"ENSRNOG00000028892",595
"ENSRNOG00000027175",3
"ENSRNOG00000028460",317
"ENSRNOG00000071078",22
"ENSRNOG00000001482",334
"ENSRNOG00000068266",0
"ENSRNOG00000067426",14
"ENSRNOG00000001031",0
"ENSRNOG00000001483",199
"ENSRNOG00000029986",1070
"ENSRNOG00000001323",466
"ENSRNOG00000038495",0
"ENSRNOG00000063766",0
"ENSRNOG00000000917",83
"ENSRNOG00000001032",1795
"ENSRNOG00000066802",0
"ENSRNOG00000042807",0
"ENSRNOG00000023536",13
"ENSRNOG00000008372",1983
"ENSRNOG00000069254",0
"ENSRNOG00000000954",4698
"ENSRNOG00000001379",18
"ENSRNOG00000000974",948
"ENSRNOG00000001143",100
"ENSRNOG00000025212",1363
"ENSRNOG00000000885",122
"ENSRNOG00000062027",0
"ENSRNOG00000063231",1
"ENSRNOG00000000897",80
"ENSRNOG00000024605",286
"ENSRNOG00000069278",0
"ENSRNOG00000048898",0
"ENSRNOG00000065731",0
"ENSRNOG00000030579",33
"ENSRNOG00000025217",188
"ENSRNOG00000046643",3
"ENSRNOG00000000886",0
"ENSRNOG00000051699",1419
"ENSRNOG00000001083",8186
"ENSRNOG00000024567",662
"ENSRNOG00000000955",554
"ENSRNOG00000001088",153
"ENSRNOG00000001007",777
"ENSRNOG00000001478",961
"ENSRNOG00000001346",1626
"ENSRNOG00000001111",254
"ENSRNOG00000001009",3234
"ENSRNOG00000001156",2
"ENSRNOG00000001040",494
"ENSRNOG00000001349",433
"ENSRNOG00000021364",0
"ENSRNOG00000001170",9838
"ENSRNOG00000001044",1277
"ENSRNOG00000001034",416
"ENSRNOG00000001160",195
"ENSRNOG00000045621",206
"ENSRNOG00000001050",1554
"ENSRNOG00000001163",547
"ENSRNOG00000063039",19
"ENSRNOG00000070660",1
"ENSRNOG00000060153",131
"ENSRNOG00000001048",22
"ENSRNOG00000001192",984
"ENSRNOG00000001353",389
"ENSRNOG00000059322",129
"ENSRNOG00000001183",0
"ENSRNOG00000001068",11987
"ENSRNOG00000001355",661
"ENSRNOG00000000895",860
"ENSRNOG00000001079",463
"ENSRNOG00000001185",924
"ENSRNOG00000001367",9
"ENSRNOG00000042384",248
"ENSRNOG00000001187",16
"ENSRNOG00000039832",2
"ENSRNOG00000049331",0
"ENSRNOG00000001108",1237
"ENSRNOG00000067900",0
"ENSRNOG00000001099",226
"ENSRNOG00000065713",635
"ENSRNOG00000001094",76
"ENSRNOG00000001335",1900
"ENSRNOG00000000918",163
"ENSRNOG00000049604",496
"ENSRNOG00000006958",366
"ENSRNOG00000024435",657
"ENSRNOG00000039234",653
"ENSRNOG00000001072",691
"ENSRNOG00000024527",2
"ENSRNOG00000001360",0
"ENSRNOG00000051442",257
"ENSRNOG00000023643",10
"ENSRNOG00000058563",0
"ENSRNOG00000066069",0
"ENSRNOG00000063927",308
"ENSRNOG00000049426",361
"ENSRNOG00000000931",979
"ENSRNOG00000001059",788
"ENSRNOG00000069743",0
"ENSRNOG00000000994",429
"ENSRNOG00000001134",254
"ENSRNOG00000065220",0
"ENSRNOG00000068770",0
"ENSRNOG00000001065",1558
"ENSRNOG00000048881",1
"ENSRNOG00000021856",0
"ENSRNOG00000001056",2294
"ENSRNOG00000052516",0
"ENSRNOG00000034254",92595
"ENSRNOG00000001135",3508
"ENSRNOG00000024352",323
"ENSRNOG00000070024",0
"ENSRNOG00000001027",0
"ENSRNOG00000001117",112
"ENSRNOG00000071084",0
"ENSRNOG00000000888",681
"ENSRNOG00000000700",1282
"ENSRNOG00000001113",0
"ENSRNOG00000000893",2354
"ENSRNOG00000000692",337
"ENSRNOG00000001047",925
"ENSRNOG00000000956",768
"ENSRNOG00000028584",51
"ENSRNOG00000000901",583
"ENSRNOG00000024482",2090
"ENSRNOG00000000904",7
"ENSRNOG00000001190",3282
"ENSRNOG00000046700",206
"ENSRNOG00000001010",255
"ENSRNOG00000001104",2081
"ENSRNOG00000000903",518
"ENSRNOG00000025164",0
"ENSRNOG00000050573",0
"ENSRNOG00000001115",32
"ENSRNOG00000068541",537
"ENSRNOG00000001101",2265
"ENSRNOG00000070545",128
"ENSRNOG00000065430",456
"ENSRNOG00000042213",346
"ENSRNOG00000069757",0
"ENSRNOG00000042296",0
"ENSRNOG00000000913",1952
"ENSRNOG00000000695",2833
"ENSRNOG00000000988",820
"ENSRNOG00000060129",3045
"ENSRNOG00000000701",2046
"ENSRNOG00000000702",583
"ENSRNOG00000000905",8
"ENSRNOG00000059552",461
"ENSRNOG00000000983",450
"ENSRNOG00000000697",1876
"ENSRNOG00000050169",110
"ENSRNOG00000027049",720
"ENSRNOG00000022893",5
"ENSRNOG00000000985",125
"ENSRNOG00000028556",504
"ENSRNOG00000000993",0
"ENSRNOG00000000987",159
"ENSRNOG00000000989",1807
"ENSRNOG00000000891",330
"ENSRNOG00000000693",10
"ENSRNOG00000000906",2383
"ENSRNOG00000000990",897
"ENSRNOG00000054962",5
"ENSRNOG00000000991",12710
"ENSRNOG00000000934",0
"ENSRNOG00000008447",0
"ENSRNOG00000001195",19
"ENSRNOG00000000996",2505
"ENSRNOG00000000699",35
"ENSRNOG00000000936",2323
"ENSRNOG00000000894",1636
"ENSRNOG00000011222",3393
"ENSRNOG00000068496",2
"ENSRNOG00000000704",954
"ENSRNOG00000000920",62
"ENSRNOG00000025244",5315
"ENSRNOG00000000937",218
"ENSRNOG00000000922",600
"ENSRNOG00000068363",0
"ENSRNOG00000047219",3147
"ENSRNOG00000000961",0
"ENSRNOG00000047896",1230
"ENSRNOG00000000962",386
"ENSRNOG00000000975",8
"ENSRNOG00000059799",645
"ENSRNOG00000000900",2497
"ENSRNOG00000038406",0
"ENSRNOG00000024456",35
"ENSRNOG00000047191",37
"ENSRNOG00000066445",903
"ENSRNOG00000000977",407
"ENSRNOG00000000963",0
"ENSRNOG00000000938",9182
"ENSRNOG00000058142",0
"ENSRNOG00000001236",542
"ENSRNOG00000000664",417
"ENSRNOG00000000923",1485
"ENSRNOG00000046458",0
"ENSRNOG00000069441",1
"ENSRNOG00000047618",314
"ENSRNOG00000001191",170
"ENSRNOG00000025235",0
"ENSRNOG00000000925",527
"ENSRNOG00000047673",0
"ENSRNOG00000001172",12846
"ENSRNOG00000023919",1383
"ENSRNOG00000001241",699
"ENSRNOG00000001199",265
"ENSRNOG00000066020",7
"ENSRNOG00000000926",3
"ENSRNOG00000001235",1927
"ENSRNOG00000001173",68
"ENSRNOG00000001036",18
"ENSRNOG00000001098",2136
"ENSRNOG00000056768",658
"ENSRNOG00000064318",2228
"ENSRNOG00000064601",2576
"ENSRNOG00000021725",1101
"ENSRNOG00000001114",842
"ENSRNOG00000001061",551
"ENSRNOG00000056585",272
"ENSRNOG00000025612",4
"ENSRNOG00000024264",44
"ENSRNOG00000000967",666
"ENSRNOG00000063487",0
"ENSRNOG00000068025",1787
"ENSRNOG00000061371",7
"ENSRNOG00000001177",497
"ENSRNOG00000039249",14880
"ENSRNOG00000022171",742
"ENSRNOG00000063102",0
"ENSRNOG00000046007",0
"ENSRNOG00000001452",59
"ENSRNOG00000001476",0
"ENSRNOG00000053045",7
"ENSRNOG00000022784",0
"ENSRNOG00000057823",73313
"ENSRNOG00000001142",1564
"ENSRNOG00000008521",1016
"ENSRNOG00000060198",3
"ENSRNOG00000000964",219
"ENSRNOG00000051192",0
"ENSRNOG00000026661",0
"ENSRNOG00000063640",543
"ENSRNOG00000037978",11
"ENSRNOG00000026653",0
"ENSRNOG00000001347",44
"ENSRNOG00000029341",17
"ENSRNOG00000000665",3827
"ENSRNOG00000030948",0
"ENSRNOG00000029260",406
"ENSRNOG00000001005",0
"ENSRNOG00000066080",2
"ENSRNOG00000069648",86
"ENSRNOG00000001204",3135
"ENSRNOG00000001080",765
"ENSRNOG00000001081",143
"ENSRNOG00000048430",0
"ENSRNOG00000061346",2789
"ENSRNOG00000000708",0
"ENSRNOG00000001004",12826
"ENSRNOG00000054764",1
"ENSRNOG00000070811",421
"ENSRNOG00000050016",500
"ENSRNOG00000000691",0
"ENSRNOG00000059456",0
"ENSRNOG00000000940",1783
"ENSRNOG00000052424",1382
"ENSRNOG00000001090",992
"ENSRNOG00000069956",176
"ENSRNOG00000033658",382
"ENSRNOG00000000907",2
"ENSRNOG00000042317",0
"ENSRNOG00000029197",57
"ENSRNOG00000029813",582
"ENSRNOG00000071128",90
"ENSRNOG00000000658",63
"ENSRNOG00000069961",31
"ENSRNOG00000008470",0
"ENSRNOG00000000902",1758
"ENSRNOG00000050360",0
"ENSRNOG00000000889",13
"ENSRNOG00000026192",0
"ENSRNOG00000000942",2266
"ENSRNOG00000000924",959
"ENSRNOG00000062935",0
"ENSRNOG00000032759",0
"ENSRNOG00000000661",244
"ENSRNOG00000001243",1379
"ENSRNOG00000000662",205
"ENSRNOG00000033411",316
"ENSRNOG00000000663",368
"ENSRNOG00000050023",0
"ENSRNOG00000038002",293
"ENSRNOG00000037505",2267
"ENSRNOG00000037508",920
"ENSRNOG00000065641",0
"ENSRNOG00000001064",2036
"ENSRNOG00000037446",19
"ENSRNOG00000068194",0
"ENSRNOG00000049229",809
"ENSRNOG00000049866",1
"ENSRNOG00000061004",0
"ENSRNOG00000001092",0
"ENSRNOG00000037476",0
"ENSRNOG00000030410",0
"ENSRNOG00000001082",14
"ENSRNOG00000032410",331
"ENSRNOG00000030721",844
"ENSRNOG00000001086",816
"ENSRNOG00000037466",1
"ENSRNOG00000001091",237
"ENSRNOG00000001106",282
"ENSRNOG00000001255",1618
"ENSRNOG00000001053",7905
"ENSRNOG00000032590",1351
"ENSRNOG00000027489",68
"ENSRNOG00000037443",663
"ENSRNOG00000060144",2445
"ENSRNOG00000037437",18
"ENSRNOG00000037430",740
"ENSRNOG00000037428",132
"ENSRNOG00000062521",69
"ENSRNOG00000037449",307
"ENSRNOG00000062169",71
"ENSRNOG00000069052",21
"ENSRNOG00000057231",550
"ENSRNOG00000063560",21
"ENSRNOG00000070228",0
"ENSRNOG00000069552",0
"ENSRNOG00000063279",0
"ENSRNOG00000060496",1044
"ENSRNOG00000060963",0
"ENSRNOG00000067676",0
"ENSRNOG00000062567",0
"ENSRNOG00000060048",758
"ENSRNOG00000060617",321
"ENSRNOG00000065605",0
"ENSRNOG00000058664",0
"ENSRNOG00000066858",0
"ENSRNOG00000069947",5
"ENSRNOG00000068692",0
"ENSRNOG00000066009",0
"ENSRNOG00000062115",40
"ENSRNOG00000069112",0
"ENSRNOG00000054002",0
"ENSRNOG00000067420",0
"ENSRNOG00000069298",1
"ENSRNOG00000066131",1
"ENSRNOG00000068239",4
"ENSRNOG00000052235",0
"ENSRNOG00000055282",0
"ENSRNOG00000063906",0
"ENSRNOG00000066266",0
"ENSRNOG00000031780",0
"ENSRNOG00000030478",19942
"ENSRNOG00000029171",0
"ENSRNOG00000043866",23268
"ENSRNOG00000032112",27
"ENSRNOG00000030644",65538
"ENSRNOG00000029301",0
"ENSRNOG00000033545",0
"ENSRNOG00000032274",14
"ENSRNOG00000031033",54618
"ENSRNOG00000029677",0
"ENSRNOG00000033932",9
"ENSRNOG00000032609",1
"ENSRNOG00000031333",66
"ENSRNOG00000029954",2
"ENSRNOG00000034234",1104719
"ENSRNOG00000032882",92
"ENSRNOG00000031685",7
"ENSRNOG00000030371",85003
"ENSRNOG00000029070",2
"ENSRNOG00000033299",8669
"ENSRNOG00000031979",112693
"ENSRNOG00000030700",213265
"ENSRNOG00000029389",0
"ENSRNOG00000033615",2838
"ENSRNOG00000032320",2
"ENSRNOG00000031053",14305
"ENSRNOG00000029707",132887
"ENSRNOG00000033957",5
"ENSRNOG00000032578",1
"ENSRNOG00000031667",0
"ENSRNOG00000029971",54822
"ENSRNOG00000029042",5832
"ENSRNOG00000032997",18
"ENSRNOG00000031766",112697
"ENSRNOG00000030339",0
"ENSRNOG00000029145",115
"ENSRNOG00000069293",5
"ENSRNOG00000068786",5
"ENSRNOG00000063531",1
"ENSRNOG00000069890",5
"ENSRNOG00000062861",0
"ENSRNOG00000068930",0
"ENSRNOG00000070731",29
"ENSRNOG00000069942",0
"ENSRNOG00000054648",1
"ENSRNOG00000055562",403
"ENSRNOG00000064266",2
"ENSRNOG00000065685",39
"ENSRNOG00000060437",745
"ENSRNOG00000053042",0
"ENSRNOG00000064645",0
"ENSRNOG00000070071",0
"ENSRNOG00000064532",0
"ENSRNOG00000069646",0
"ENSRNOG00000062265",0
"ENSRNOG00000069391",8
"ENSRNOG00000070284",0
"ENSRNOG00000068039",2
"ENSRNOG00000062333",0
"ENSRNOG00000051956",0
"ENSRNOG00000067717",1
"ENSRNOG00000068405",0
"ENSRNOG00000065674",82841
"ENSRNOG00000063914",17
"ENSRNOG00000065904",3
"ENSRNOG00000066723",0
"ENSRNOG00000063315",0
"ENSRNOG00000065142",13
"ENSRNOG00000064260",1
"ENSRNOG00000046163",0
"ENSRNOG00000065987",174
"ENSRNOG00000068414",0
"ENSRNOG00000069780",0
"ENSRNOG00000065820",0
"ENSRNOG00000062494",0
"ENSRNOG00000068759",0
"ENSRNOG00000070707",0
"ENSRNOG00000063068",225
"ENSRNOG00000070158",378
"ENSRNOG00000068193",0
"ENSRNOG00000067957",0
"ENSRNOG00000065734",0
"ENSRNOG00000070738",0
"ENSRNOG00000070819",0
"ENSRNOG00000065867",2
"ENSRNOG00000063733",2
"ENSRNOG00000047746",246
"ENSRNOG00000065988",2432
"ENSRNOG00000068307",212075
"ENSRNOG00000070263",3
"ENSRNOG00000045737",0
"ENSRNOG00000065538",0
"ENSRNOG00000064571",0
"ENSRNOG00000070352",0
"ENSRNOG00000070549",0
"ENSRNOG00000064854",0
"ENSRNOG00000062720",0
"ENSRNOG00000064441",0
"ENSRNOG00000066531",0
"ENSRNOG00000067631",0
"ENSRNOG00000067878",0
"ENSRNOG00000070160",0
"ENSRNOG00000062463",0
"ENSRNOG00000069099",0
"ENSRNOG00000066740",0
"ENSRNOG00000066707",0
"ENSRNOG00000070130",0
"ENSRNOG00000069175",0
"ENSRNOG00000062970",0
"ENSRNOG00000070645",0
"ENSRNOG00000065804",0
"ENSRNOG00000068152",0
"ENSRNOG00000069019",0
"ENSRNOG00000065926",0
"ENSRNOG00000066592",0
"ENSRNOG00000065193",0
"ENSRNOG00000069132",0
"ENSRNOG00000070299",0
"ENSRNOG00000068736",0
"ENSRNOG00000065175",0
"ENSRNOG00000062672",0
"ENSRNOG00000062596",0
"ENSRNOG00000066684",0
"ENSRNOG00000067500",0
"ENSRNOG00000067927",0
"ENSRNOG00000062558",1977
"ENSRNOG00000069483",3
"ENSRNOG00000062942",5
"ENSRNOG00000070031",0
"ENSRNOG00000069827",1
"ENSRNOG00000069226",5
"ENSRNOG00000068289",0
"ENSRNOG00000062439",4
"ENSRNOG00000066356",0
"ENSRNOG00000068919",5
"ENSRNOG00000068656",0
"ENSRNOG00000064259",0
"ENSRNOG00000065062",3
"ENSRNOG00000062442",22
"ENSRNOG00000070895",2
"ENSRNOG00000066963",0
"ENSRNOG00000065223",0
"ENSRNOG00000069230",0
"ENSRNOG00000071103",17
